nep4_zbl 2 O Ga 
zbl 1 2
cutoff 6 4 418 127
n_max 8 6
basis_size 12 10
l_max 4 2 1
ANN 100 0
 -1.6033545e-01
 -3.7928294e-02
 -8.5977323e-02
  2.4617814e-01
  6.5862581e-02
 -1.9686414e-02
  4.3368387e-01
 -2.3137843e-02
 -7.1216978e-02
 -1.6859779e-02
  2.5717281e-02
 -4.1006982e-02
  9.0293628e-01
 -1.6127393e-02
  3.0932052e-02
 -6.8182662e-02
  1.7140297e-03
  5.2862223e-02
 -4.2196229e-01
 -1.0072232e-01
 -5.7859784e-01
 -1.2915391e-01
  8.0608707e-03
 -1.7413521e-02
  6.4467706e-02
 -1.3952839e-01
  4.8744673e-01
  1.8443698e-02
  1.6957603e-02
  6.9481428e-03
 -5.2135615e-03
 -2.4538364e-02
  4.0396173e-02
 -1.5933342e-01
 -8.2946457e-02
  1.4146914e-02
 -1.1185265e+00
 -1.8215742e-02
 -6.8972977e-03
  5.0415598e-02
 -1.0821059e-01
  1.6317406e-01
  2.4184639e+00
 -7.6879682e-03
  1.8903179e-02
 -2.0345350e-01
 -1.0221382e-04
  9.0806164e-02
  6.5083362e-02
 -8.8422269e-02
  3.0695164e+00
 -1.6052194e-01
 -2.7951264e+00
 -1.8254416e-01
  2.6025094e-02
  4.8045758e-02
 -3.7921764e-02
  2.4521456e+00
 -1.0912366e-02
 -1.3063537e-01
 -5.7232088e-01
 -5.3373121e-02
  1.1509186e-02
 -1.1503485e-01
 -9.1194439e-01
  7.6119184e-02
  2.3362227e-01
 -2.3039100e+00
  6.6711389e-02
  1.6013941e-02
  4.0943852e-01
 -2.9164374e+00
 -2.0502102e-01
  3.7837148e-01
 -2.5518936e-01
  6.8406755e-01
  1.6263793e-01
  1.3013412e+00
  6.2561011e-01
  1.9624917e-01
 -1.0868398e+00
  1.8317776e-02
  1.5378819e-01
  7.1471226e-01
  2.3126441e-01
 -7.0638895e-01
  2.5742209e-01
 -3.9696760e-02
 -3.4965978e+00
 -2.7245091e-02
  1.2338102e-01
 -1.3895171e+00
  4.2170066e-02
 -8.5099660e-02
  6.1158508e-01
  1.5100595e+00
  2.4198049e-03
 -4.2355873e-02
 -9.8321840e-02
  2.1615380e-01
  1.7786073e-02
  5.6132704e-01
 -4.9181767e+00
 -2.1686389e+00
  2.4882442e-01
 -6.3921019e-02
 -6.1752254e-01
 -2.2782819e+00
  1.8289413e-02
  2.0995500e+00
  4.9938592e-01
  7.1326649e-01
  4.5243420e-02
 -2.1355717e-02
  1.9243374e-01
  5.3119832e-03
 -2.0026652e-02
  5.7105594e+00
  1.7549770e+00
  1.4677075e-02
 -9.9416292e-01
 -2.0873961e+00
  1.2502135e+00
 -8.9449596e-01
 -1.2711664e-01
 -2.1634605e+00
 -1.8869696e-02
  3.3022759e+00
  1.1866461e+00
 -1.4154128e+00
 -1.7467071e+00
 -1.2949891e+00
 -1.1732391e+00
 -3.2845188e-02
  1.9267598e+00
 -4.2662630e+00
  1.2403836e+00
 -1.2739265e-01
 -1.6558986e+00
 -6.7110129e-02
 -1.6770082e-02
 -1.0845179e-02
 -2.7907364e+00
 -3.5770021e-02
  1.3286043e-02
  3.1801192e-03
  1.2263044e-02
 -2.8166606e+00
  8.6003229e-02
  1.4329396e-02
 -1.5374835e-01
 -6.3850507e-02
  1.6994575e-01
  1.7653059e+00
  9.4649029e-01
  6.6215885e-01
  7.8865528e-01
  3.4304562e-01
 -3.7587953e-01
 -1.2019926e-01
 -9.2878789e-02
  8.3182734e-01
 -5.4385774e-02
 -4.9943724e-03
  3.1353921e-02
  2.2366010e-02
  3.2704167e-02
  1.2722370e-01
 -2.0034729e-01
 -7.6931983e-02
 -8.5991584e-02
 -2.6181692e-02
 -4.7143996e-01
 -1.0796486e-01
 -5.2773947e-01
 -2.3243113e-01
 -2.3646472e-01
  9.2434531e-01
  1.6752658e+00
  4.9336042e-02
  3.0906090e-01
  1.4083861e-01
  2.5406125e-01
  1.0083340e-01
  8.0799595e-02
 -1.0715627e-01
 -3.4757480e-01
 -3.5371244e+00
  3.6624651e-02
 -3.0854115e-01
 -2.7728770e+00
 -1.7376763e-01
  4.7210064e-02
  7.6853998e-02
 -2.2358449e-01
  5.7085298e-02
 -1.4632283e-01
 -2.1309141e-02
  3.9800785e-02
 -1.7428565e-01
 -8.5731521e-03
 -1.8228461e-01
  1.3385242e-01
  1.0876790e-01
 -1.3700677e+00
 -4.1370811e+00
  1.3934782e+00
 -7.2607023e-01
  8.5961187e-01
  7.0856899e-01
 -3.7176871e+00
 -4.6221285e+00
  2.6375490e-01
 -2.5828731e+00
 -5.4331803e+00
  5.6766210e+00
  5.5600753e+00
  3.9767083e-02
 -1.7121474e+00
 -1.8180542e-01
 -1.3166646e+00
 -4.4404349e+00
 -4.4349670e-01
  6.0699791e-01
  5.5192128e-02
 -1.8257424e+00
 -1.4580622e+00
  6.0616142e-01
 -9.9320358e-01
 -3.9081266e+00
 -7.5717503e-01
  1.1149018e+00
 -1.2249657e+00
 -1.5868100e+00
 -3.7026620e+00
 -3.3390007e+00
 -8.2696623e-01
 -4.0112004e-01
  2.2097552e+00
 -1.4495965e+00
 -1.0213956e+00
 -2.2161258e-02
 -4.5634676e-02
 -2.9919720e-01
  1.7059844e-02
  9.0696293e-01
 -7.1771555e-03
  1.7407764e-01
 -2.2285697e+00
  1.0157241e-02
  1.8142146e-01
 -6.9378763e-02
 -7.5437114e-02
  8.1429079e-02
  5.2741790e-01
  2.5095731e-01
  2.6793053e-02
  1.6904464e-01
 -3.3456254e-01
  1.3865690e+00
 -1.9548228e-01
 -1.6709748e-01
 -4.3147185e-01
  1.5331665e-01
  2.8915736e-01
 -5.5406004e-04
 -3.2735697e-03
  2.4084685e+00
 -7.3152207e-02
  9.5733352e-02
 -1.3612516e+00
  4.8818521e-02
 -2.9642878e+00
 -2.7791457e-02
  3.3531554e-02
  1.2340470e-01
  1.7257565e-01
 -6.1276589e-02
 -5.7620376e-01
  9.0861149e-02
 -1.5254507e+00
 -2.6837832e-01
  2.3080001e-02
 -2.5406711e+00
 -7.8765415e-02
  8.0184251e-02
  3.6018915e-02
  5.5469368e-03
 -3.5655763e-02
  5.0144303e-01
 -6.8024361e-01
 -1.7214267e-02
 -1.0818020e-01
 -5.7706639e-02
 -9.9342920e-02
 -4.1650436e-03
  2.1540184e-02
 -1.5347628e-02
 -1.5779988e-01
 -7.1327910e-03
  3.8047976e+00
 -1.1214563e-01
  1.0020796e-01
 -2.4114135e-01
  1.5169476e-01
  5.2563552e-02
  3.5529020e+00
  1.3262488e-01
 -4.0790510e+00
 -1.8247641e+00
  8.4513587e-01
  6.2259853e-01
  1.6775325e-01
 -3.3893557e+00
 -5.9338814e-01
  1.4145422e+00
 -3.0799154e-02
  7.3202145e-01
 -1.1225916e-01
  2.7519113e-01
  1.1456782e-01
  6.9969639e-02
  3.8304415e-01
  3.4556615e+00
 -3.0475283e+00
 -5.8929471e-04
  6.6544048e-02
 -1.5143178e-01
 -3.4670085e-02
  2.9233322e+00
 -1.2020408e-01
 -1.3376555e+00
  8.7363869e-03
  7.5074038e-03
  7.5310385e-01
 -2.0625317e-02
 -2.0059009e+00
 -5.5871695e-01
 -2.6760632e-01
 -2.9277720e+00
  7.3529102e-02
  7.3653203e-01
 -2.9810041e-01
 -9.2252976e-01
  2.9805970e-01
  1.7648487e-01
  3.6078915e-02
  2.0431021e-01
 -5.3587455e-02
  1.1250226e-02
  1.4369150e+00
 -2.0313101e-01
 -4.9100135e-02
  7.7856466e-02
  1.7563364e-02
 -7.2832733e-02
  8.0043664e-03
 -8.3761829e-01
  3.5474041e-01
 -1.6152367e-02
  1.9554955e-01
 -2.8216759e-02
 -5.9995268e-02
  5.4718178e-02
 -6.9795273e-02
  1.0413009e-02
  3.1184618e+00
  5.9400696e-02
 -8.2890347e-02
 -2.0454967e-02
 -2.3255637e-01
 -4.9735224e-03
 -4.3022905e-02
  8.2164332e-02
 -3.0912863e-02
  1.4438601e-01
  1.7508421e+00
  3.9734546e-02
 -9.0527117e-02
 -6.1476365e-02
  7.9335159e-01
 -3.7605211e-02
 -7.1437947e-02
  3.2988556e-03
 -1.7744574e-01
  2.9146453e-02
 -3.3187725e-02
  1.5407252e-01
 -1.3528307e-01
 -6.4115082e-03
  6.9761850e-02
 -2.9348385e-02
 -3.7329294e-02
  1.8376061e-03
  6.0975164e-02
  6.1643578e-02
 -2.7591955e-02
  4.7976423e-02
  1.0164167e-01
 -4.6738377e-03
 -4.1093662e-02
 -3.2740232e-02
  4.5566857e-02
 -1.4682562e-02
 -1.2869045e-01
  2.1528807e-01
 -5.1962297e-02
  6.8904618e-03
 -3.3343069e-02
  5.2062921e-02
  8.7037019e-02
 -5.4014516e-01
  1.2620048e-02
 -3.8778204e-01
 -1.9453704e-01
 -4.1462999e-02
  4.7882023e-01
  2.3380745e-02
 -1.0903112e+00
 -1.6297960e-01
 -1.0950481e-02
 -9.8194822e-04
  1.0298926e-01
 -1.7666104e-01
 -8.4917815e-03
 -2.4097886e-02
  5.8887329e-02
  2.2823709e-01
  3.8942334e-04
 -2.3468202e-02
  7.4946918e-02
 -6.7858249e-01
  7.0713148e-02
 -1.6190368e-01
 -6.7366652e-02
  6.3247681e-01
 -4.7983859e-02
 -3.2787390e-02
  4.5680918e-02
  8.0950866e-03
  1.7807683e-01
 -8.8829137e-02
  8.9995163e-03
  1.2588525e-01
 -1.2182391e-01
 -7.5344391e-02
 -4.3172147e-02
 -2.4557775e-02
  2.4454057e+00
 -4.2277721e-01
  1.6063368e-02
 -3.1767115e-01
 -4.6688423e-02
  8.6397706e-03
  6.3226651e-03
  7.8759804e-02
 -2.0948837e+00
 -5.5287560e-03
 -4.3051783e-02
 -5.2132958e-01
 -5.1742902e+00
 -5.7001038e+00
 -1.1896649e+01
 -2.9289780e+00
  1.1123827e+01
  4.5726628e+00
 -6.3823618e-02
 -1.1250145e+00
 -2.2598495e+00
  7.5878829e-01
 -4.4055843e+00
  1.9697450e+00
 -5.2931108e+00
 -2.5034328e+00
  1.8514801e+00
  2.2913895e+00
 -3.3888418e-02
 -3.3719606e+00
  1.1586436e+00
 -1.3037049e+00
 -3.2416046e+00
 -1.7002063e+00
 -3.1948721e-01
  2.1167427e-02
  1.4733460e+00
  3.4567952e+00
 -5.9267133e-01
  8.6940199e-01
  1.8435836e-01
 -1.3378061e+00
  2.4679489e+00
  5.3181219e+00
 -5.9120849e-02
  1.7039208e+00
  2.0295857e-01
  3.1180408e+00
  1.5651716e+00
 -7.4494481e-02
  1.0553156e-01
 -1.1717541e-01
  5.7729763e-01
 -1.4932810e-01
  1.5879446e-01
 -1.5315648e+00
  1.4659006e-02
 -2.5200190e-02
  8.3615041e-01
 -1.2890156e-02
 -1.2039263e-01
  2.8992536e+00
 -1.9754149e-01
 -1.3914773e+00
  1.9714497e-01
 -2.1565087e+00
 -1.8452018e+00
 -3.0716816e-01
 -7.2115012e-02
 -9.4576590e-02
 -1.7239885e+00
  5.7241759e+00
  1.7884561e+00
 -3.6930612e-01
  1.0715390e+00
 -6.9780684e-01
  8.5575813e-01
 -9.3109268e-01
 -1.1470683e+00
 -1.4807999e+00
  3.6269873e-01
  3.9573368e-01
 -5.5965132e-01
 -1.6144391e+00
  3.5718790e-01
 -1.2540522e+00
 -1.6830055e+00
 -1.6481332e-01
  3.1280107e+00
  6.3464141e-01
 -1.7020844e-01
 -8.6856931e-03
 -1.7724146e-01
 -1.2906238e+00
 -2.7194381e+00
  2.3051877e+00
  7.1283233e-01
  1.7578489e+00
  2.1419638e-01
 -1.7655129e+00
 -4.7782354e-02
 -3.3168101e-01
  5.5034059e-01
 -3.4356818e-02
  2.7313355e-01
  3.5622928e-01
 -7.5231224e-01
  4.1932851e-02
 -3.3239973e+00
 -5.0560166e-03
 -1.7790973e+00
 -3.5806057e-01
 -1.0377772e+00
  2.7955687e+00
 -3.1576702e-01
 -4.9969673e+00
 -2.8606527e+00
  1.5856246e+00
 -1.5661544e-01
  1.6555133e+00
 -2.0238926e+00
 -3.8867111e+00
  9.5536131e-01
  2.1589781e-01
 -2.8411412e+00
 -8.5076101e-02
  7.8390497e-01
  5.9614134e-01
  3.7742081e+00
  1.3123493e-01
  1.3247348e-02
  2.6401875e+00
  1.1218411e+00
  6.5011688e-02
  2.5097766e+00
 -8.5528249e-01
 -1.2920346e+00
 -4.2062044e+00
 -2.7405546e+00
  3.6538932e-01
 -7.5463891e-01
  8.6872202e-01
  2.9600754e-01
 -1.2009622e+00
  8.0574894e-01
 -2.6050239e+00
  8.7474465e-02
 -2.6263313e-03
 -1.1216141e-01
  4.5961401e-01
 -3.5768507e+00
  1.0957503e-01
  5.1027530e-01
 -8.6110935e-02
  9.2301947e-01
 -3.0323411e-03
  1.0692540e+00
  2.8145614e+00
 -1.5364712e-01
 -1.8025925e-02
  8.5293221e-01
  4.3437090e-02
 -1.2217179e-01
 -2.8195581e+00
  5.9926379e-02
 -8.1930958e-02
 -1.7386310e-01
 -5.7505272e-02
  2.0576966e+00
  9.9870406e-02
 -1.8165390e-01
 -4.8973128e-02
  2.2237118e-02
  5.5175778e-02
  7.1586341e-02
 -5.0982703e-02
  5.8414295e-02
  3.6376289e-01
  1.1768837e-01
 -8.0134138e-02
  5.1672030e-02
  1.2843512e-01
 -1.8124133e-02
  7.8099146e-02
 -1.0240594e-01
 -7.4057266e-02
  1.4398706e-01
  8.8750318e-02
 -1.3107197e-01
 -1.2226139e-02
  1.2191013e+00
 -1.0068399e-01
  8.6728118e-02
 -3.0081917e-02
  1.0300238e-01
  1.7420268e-02
  6.8207666e-02
  4.1379217e-02
 -7.8722380e-02
 -2.4154192e-02
 -2.9624629e-01
  9.7556874e-02
  1.2083083e-01
  1.3016112e-03
  5.6257714e-02
 -9.6158281e-02
  5.5532753e-02
  1.4465211e-01
  4.2924547e-01
  5.4253571e-02
  2.1491972e-01
 -3.9580479e+00
  3.5883722e-01
 -6.2748739e-03
  6.3785419e-02
  8.3632869e-01
 -4.8068690e-01
  4.3988511e-02
  4.0265703e-01
 -7.4883223e-01
  3.8066428e+00
 -2.2725065e-01
  4.6209888e+00
  4.7886011e-01
 -1.5085508e+00
 -6.1251249e-02
  1.0920627e+00
 -2.0227942e+00
  3.9633639e-02
  9.9116653e-01
  4.0286207e-01
 -5.0732619e-01
 -2.2062710e-02
 -4.0942841e+00
 -1.7552364e+00
  9.5272315e-01
  1.9651005e+00
  2.3006282e+00
  6.5759885e-01
  3.4250433e+00
 -8.0073059e-01
 -1.4843221e-01
  1.8519819e+00
  1.6797261e+00
  1.5737402e+00
  2.4993171e-01
  2.2806363e+00
  9.2842776e-01
  1.0795834e-01
  1.2013166e+00
 -1.4960606e+00
  2.7950783e+00
  6.4790183e-01
  1.3096906e+00
  8.4607065e-01
 -5.3966266e-01
  2.8356009e+00
 -1.3885641e-02
  3.0279836e-01
  2.2891228e+00
  1.1097659e-01
  2.0563230e-01
 -4.9720850e-02
  1.7454648e-01
 -6.2678114e-02
 -3.4964297e-02
 -1.3243084e-01
 -2.0232977e-01
  2.0304537e-01
  2.0515087e-01
  5.5559345e-02
 -1.9160394e-02
  1.1524846e-01
 -3.0561392e+00
  2.0090310e-01
  4.7094785e-03
  1.7180655e-02
 -3.1958586e-01
 -2.0086330e-01
 -3.2244030e-01
  8.0219042e-01
 -2.3304382e-01
 -2.5569788e-01
 -1.1323551e-02
 -1.7953066e-02
  2.2037551e-01
  2.0994988e-01
  3.9693303e-02
 -2.4901199e+00
 -7.4874170e-02
  8.7222561e-02
 -4.9072441e-01
 -9.5417527e-03
 -1.0593142e-01
  2.4314666e-02
 -1.4118395e+00
 -2.2493838e-01
 -1.6712753e-02
  8.7270819e-02
  1.6080622e-02
 -1.9163063e-01
 -1.1581800e-01
  2.5421863e-02
 -1.5130230e+00
 -4.9306553e-02
  1.5369628e-01
  1.7885096e-01
  1.8681796e-01
 -1.8967231e-01
 -1.4677152e-01
 -2.7749907e-02
  8.2186803e-02
 -1.0327676e-02
  1.5102361e-01
  1.1721546e-01
 -2.1138651e+00
  8.4010877e-02
  1.1290038e-01
 -2.9235096e+00
  2.6206629e+00
  2.0953625e-02
  2.6281168e+00
  1.7485949e-01
  2.3285799e+00
 -3.7162852e-02
 -4.7812092e-01
 -1.1145902e+00
 -4.1697562e-02
 -1.0543455e-01
  2.2011718e-02
 -2.5249130e-01
 -7.6746196e-02
 -4.4370475e-01
  2.9434744e-01
  1.6374203e+00
  4.3544111e+00
  1.1677095e-01
  1.4091419e-02
  1.2081689e-01
  1.5229106e+00
 -1.7698555e+00
  7.9923689e-01
 -2.4763358e+00
 -1.2180024e+00
  3.7051897e-02
 -8.4008956e-01
  5.1559269e-01
 -2.5606127e+00
 -1.0888469e+00
  1.7974906e-02
 -1.7227545e+00
  1.4009502e+00
 -3.6652341e-01
  5.5215884e-02
 -5.2568973e-03
  1.3918506e+00
 -4.1247539e-02
  6.0380255e-03
  1.8348643e-01
  1.5868114e-02
 -3.9042678e-02
  1.9041492e+00
 -5.8184706e-02
 -2.4278032e-02
  8.0699816e-02
  3.8822498e-02
 -1.7892770e-01
 -4.1480887e-01
  1.5293499e+00
  2.0868782e-02
  2.6120435e-02
  3.4169737e-01
 -1.2083520e+00
 -2.2702074e+00
  7.8390372e-01
  3.8989704e+00
 -1.0549717e+00
 -2.2985618e+00
 -4.5209691e-02
 -1.2377509e+00
 -2.9112798e-01
 -4.9981108e-01
 -1.6151038e-01
  2.7695292e-01
 -2.4047022e+00
 -2.1894526e-01
 -1.3144010e+00
  5.8555719e-02
 -1.5742394e+00
 -1.1485995e-01
 -1.5167034e+00
 -2.4964131e-01
 -2.6019120e-01
 -1.8724345e+00
  2.5014299e-01
 -2.4955933e+00
 -4.2374659e-01
 -1.0231783e-01
 -1.4102780e+00
 -1.0071083e+00
 -6.5749264e-01
 -1.3840264e-01
  1.0074978e+00
 -2.9647179e-02
  2.2219352e-02
  5.9984851e-01
  1.0389722e-02
 -1.1116096e+00
  2.5662431e-01
  4.9862329e-02
  2.6715532e-02
 -5.0440863e-02
 -1.9293721e-01
  2.2265356e-02
 -3.3580132e-02
 -1.8738989e-02
  6.6312090e-02
 -2.3951361e-02
  7.1070760e-02
  1.2465379e-01
 -2.6181533e+00
 -6.9806805e+00
 -5.4151673e+00
  2.8242593e+00
 -2.0471547e+00
  2.5500455e+00
 -1.4883839e+00
 -1.3863827e-01
  4.3069339e+00
  4.2777249e-01
 -1.9915653e+00
  5.7466561e-01
 -2.5043061e+00
  2.3842996e-01
  3.4661222e+00
  8.9580226e-01
 -8.3997762e-01
  6.8401152e-01
  7.0096076e-01
 -2.8696642e+00
 -7.7588153e-01
  4.2008433e-01
 -1.5191486e-02
 -3.0851264e+00
  3.0324942e-01
  2.1265175e+00
 -6.0820909e+00
  3.5932514e-01
  5.5840464e+00
  4.5929158e-01
 -3.8600619e+00
  7.6648623e-02
 -4.7924690e+00
 -1.0221163e+00
  2.6507051e+00
  3.7853729e-02
 -9.7259605e-01
  6.2120878e-03
  1.2387496e+00
  1.3032477e-01
  5.0332838e-01
  1.3923346e-01
  6.1207312e-01
  1.1330110e+00
 -2.6341608e-01
  1.3753474e-01
 -5.9209950e-02
  2.2710543e-02
 -1.8993056e-01
  3.2116450e-02
  3.9117546e+00
  8.2922907e+00
  2.8029382e+00
 -9.8022485e-01
 -2.1081357e+00
  4.9476674e-01
 -2.5422540e-01
 -2.1801323e-01
 -6.7731774e-01
  2.5990708e+00
  1.5322752e+00
 -1.2555754e-02
 -6.6186927e-02
  1.9860196e+00
  1.9605136e+00
  1.2777839e+00
 -2.3403304e+00
  9.3355560e-01
  1.5160667e+00
 -5.1283514e-01
  2.1551495e+00
  4.9112868e+00
  1.2426691e+00
  9.1654986e-02
 -2.2571477e-01
 -8.9823049e-01
 -4.6858335e+00
 -5.3115430e+00
  1.4735959e+00
  5.3581519e+00
 -1.9510360e+00
  4.1566542e-01
  4.5122463e-01
 -7.9611659e-01
 -1.0695393e+00
  2.8049532e-01
 -1.9939272e-01
  2.3274369e+00
 -2.7238798e+00
 -2.8982446e-01
  2.5015080e-01
 -2.0865558e-03
 -3.9259770e+00
 -1.1440536e+00
 -2.2114978e+00
 -6.9260232e-02
  1.5376945e-01
 -2.1832291e-02
 -7.2673082e-02
 -1.0052084e+00
 -5.2636594e-01
  1.8966261e+00
  9.4405353e-01
  6.6230303e-01
 -2.3107088e+00
  1.3927773e-01
  3.4984789e+00
 -5.4526694e-02
 -4.8620362e+00
  1.9342272e+00
 -8.1033342e-02
  4.1986662e-01
 -1.9820403e-01
  2.6618679e+00
 -2.1876995e-01
 -3.5280302e-02
 -1.9539446e+00
 -3.1568527e-01
 -7.6976418e-02
  1.7631719e-01
 -3.4128897e-02
 -8.3228340e+00
 -1.0144430e-01
  1.3099352e-01
 -1.2663068e+00
  1.0077674e+00
  1.1908185e+00
  1.2757603e+00
 -2.4336503e+00
 -3.4175894e+00
 -9.2383921e-01
  4.8946357e-01
 -2.8521624e+00
 -3.4581718e+00
  3.5442221e+00
  4.4359899e+00
 -2.6718798e+00
 -2.2241602e+00
  3.5882325e+00
 -2.4504116e-01
  6.4668494e-01
  1.3821012e-01
  1.0163146e-01
 -4.7369171e-02
 -1.0656148e+00
  2.1336827e+00
 -8.5420936e-02
 -6.8106265e-03
 -5.3244546e-02
  3.4173366e-01
  2.9983820e-02
 -2.8300908e+00
 -3.0970513e-03
 -4.1856593e-01
  2.7631864e-01
 -2.0440772e-02
 -4.9857476e-01
  3.4920520e-01
  3.5460794e-01
  7.0428193e-02
 -1.6676410e+00
 -1.3839278e-01
  6.2594436e-02
  5.0235745e-02
  3.4002817e-01
 -2.9097110e-01
  2.0628540e-02
 -1.0627472e-01
  6.5665758e-01
  3.1432875e-02
 -5.1409204e-02
 -2.4486287e-02
 -3.4148876e-02
  1.0635776e-01
  2.9523956e-02
 -3.1601897e-01
 -1.8475707e+00
 -2.6349539e-01
 -7.4126613e-01
 -1.2539969e-01
 -2.2104889e-01
 -8.9584477e-03
 -2.8498957e+00
  4.5692887e-02
  1.7084884e-02
  4.3139571e-01
 -2.1895168e-02
 -1.3733767e-01
 -2.7321112e-01
  2.8492552e-01
  6.0598822e-03
 -1.0457963e-01
 -4.8191216e-02
 -4.5733165e-02
  7.9339331e-01
  2.0254123e+00
 -1.4427142e-01
 -7.5808890e-02
  1.2229401e+00
 -5.7663389e-02
  2.7292786e-02
 -3.5979956e-02
 -4.6103843e-02
 -9.7850901e-01
 -1.7264556e-02
 -6.7951894e-01
 -2.7758023e-01
 -5.2694666e-01
  9.4710594e-01
  3.7788178e-03
 -1.5551517e+00
  4.0834761e-01
  4.5364652e-02
  1.5494992e-02
  1.8170694e-01
  1.3717631e-01
  3.0730920e-02
 -1.5392016e-01
  7.3289521e-02
 -6.7681807e-01
  6.7003608e-02
 -9.5159458e-03
 -8.6203320e-03
 -8.7913992e-03
  4.3865804e-02
  2.3142016e-01
 -3.1118320e-02
  7.3479019e-02
  2.7322337e-01
  6.0988039e-02
 -1.7965294e-02
 -7.0909284e-02
  1.3026047e-01
 -9.5106274e-01
 -1.0860524e-01
 -4.7447152e-02
  9.3624249e-02
  1.7590225e+00
 -1.1094405e-02
  2.7704757e-02
 -9.7682029e-02
  1.6559161e-01
 -3.6306463e-02
  6.9169682e-03
  9.8169304e-02
 -2.5481943e-02
  1.3432530e-01
  1.3486683e+00
 -2.7917936e-02
 -8.8626623e-02
 -1.6634476e-01
  2.7255056e+00
 -1.5654666e-02
 -3.5647146e-02
  4.9966397e-03
  3.7730418e-02
 -3.2689493e-02
  2.0995009e-01
 -7.6717794e-02
  4.7737265e-01
  2.2453676e-01
 -2.1766679e-01
 -8.1564307e-02
 -2.6096842e+00
 -9.8121476e-01
  4.2565081e-02
  2.3305669e-01
  1.9988802e-01
 -2.0759366e-01
 -1.3344816e+00
 -1.1526909e+00
  2.4794781e-01
 -4.1164808e-02
 -1.8593752e-01
  5.9561968e-01
  1.2612261e-01
 -1.3418159e+00
  2.0582356e+00
 -1.5654376e-01
 -3.3296090e-01
 -3.9340425e-01
  1.2483382e-01
  2.2657768e-01
 -7.1912467e-02
  2.9070656e+00
 -1.0222517e+00
 -4.4186762e-01
  1.1760056e+00
 -9.2276299e-01
  1.2196632e-01
  7.7117544e-01
 -3.2003495e-01
  1.0671205e-02
 -8.4728789e-01
 -1.8132192e-01
  2.6552808e-01
  3.4024308e+00
 -1.7826632e-01
  1.3777562e+00
 -2.7477653e+00
  1.8068979e-02
 -4.6854660e-02
  7.8390151e-02
 -1.1746294e-02
  3.7903666e-01
  9.8915714e-01
  2.0776592e-02
  6.8956488e-01
  6.0949676e-02
  1.1084469e-01
 -6.6860311e-02
 -1.1932888e+00
 -8.9520758e-01
 -1.1835717e+00
 -7.6589811e-01
  9.9083290e-02
  1.4536721e-01
 -1.2568595e-02
 -8.8516742e-02
  9.4362438e-02
 -8.2972938e-01
 -4.8742238e-01
 -7.7740058e-02
 -1.8067709e+00
 -1.2852569e-02
  1.0898133e-01
  3.4955069e-02
 -1.4822443e-01
  3.3572844e-01
 -2.2978658e-02
 -3.4853358e-02
 -4.5025400e-03
 -3.0291099e-02
 -1.6889711e-01
 -2.7261762e-02
 -7.0218541e-02
  2.0537598e-01
 -3.1174392e-01
  1.5929940e-01
  4.8560232e-02
  5.5084448e-02
  5.6749186e-03
 -2.2540519e-02
 -5.3272892e-02
 -4.7577541e-02
  8.8628151e-02
  2.3205280e-01
  4.5842957e-02
 -1.4207053e-01
  1.1139661e-02
  8.1367055e-03
  2.0411663e-02
  3.5620578e-02
  1.2831123e-01
  3.6979632e-03
 -3.2103341e-02
  8.4436816e-01
  1.8936302e-01
 -6.4879239e-02
  2.0470018e+00
  3.9736906e-01
 -2.7570663e-02
  3.7609022e-02
 -3.2093278e-01
  9.6425518e-02
 -7.1641721e-02
  7.8260459e-02
 -2.7550358e-02
 -1.9509066e-02
 -4.5507822e-02
  2.9087776e-02
  4.7581971e-02
  7.9491474e-02
  2.8962111e-02
 -1.0082532e-01
  2.1321174e-02
  3.7289672e-02
 -5.5504465e-01
 -2.3894452e-01
 -3.6835095e-01
 -1.4237173e-01
 -1.5517116e-01
 -4.2722493e-02
  8.7564684e-02
 -4.1118655e-03
  8.6274135e-01
  1.6986569e-02
 -1.2249125e-01
 -1.0768031e-01
 -2.3001445e-02
 -1.5441358e+00
  1.1122719e+00
 -6.2839292e-02
 -6.1271107e-01
  1.5097843e-01
 -4.1352130e-02
  2.8187634e-02
 -3.8806264e+00
  2.8343137e-02
  4.3022841e-02
 -3.9018471e-02
 -3.7720630e-01
 -1.1412644e-01
  1.0695403e-02
 -3.0951566e-01
 -1.6782219e-02
 -4.0796809e-02
  6.4155507e+00
 -1.0150334e+00
 -2.8505721e+00
  5.7770991e-01
  7.3557514e-01
  1.3617818e+00
  3.6311066e+00
 -6.4866203e-01
 -1.2681432e+00
 -1.1341578e+00
  4.3066511e+00
  7.1663213e-01
  2.0741899e+00
  2.8409238e+00
 -3.5414453e+00
 -6.1312431e-01
 -2.1143912e-01
  2.7809067e+00
  1.9148104e+00
  9.9689111e-02
  3.5836491e-01
  2.6588213e+00
 -5.4090488e-01
  1.9215405e+00
 -1.9002520e+00
  2.5717781e+00
  7.8207737e-01
  8.9295399e-01
 -2.4724519e+00
 -2.3839974e-01
  2.0296175e+00
 -7.9162210e-01
  9.8853612e-01
  2.4853165e+00
 -1.7299789e+00
  4.6967244e-01
  1.8689722e-01
  1.6266092e+00
  1.5922028e-01
  8.3653349e-01
 -2.8212917e+00
  3.7515685e-01
  3.3683125e-02
 -1.3941483e-01
 -2.0066137e+00
 -3.2843387e+00
 -1.8541431e+00
 -4.2163450e-02
  6.9123834e-01
  9.4011262e-02
 -5.1791124e+00
  1.2745535e+00
 -3.2407544e+00
 -3.3049562e+00
  2.1840074e+00
 -1.6844199e+00
  1.8895243e+00
 -1.9096498e+00
  9.9955037e-02
  2.0615353e-01
 -6.3319068e+00
  3.2833750e+00
 -4.2473951e-01
 -2.6539435e+00
  3.0428982e-01
  7.2738931e-02
  1.4960377e-02
 -4.6858765e-02
 -9.3517673e-01
 -1.2869204e+00
 -2.1012528e+00
 -1.8977343e+00
  1.9105875e+00
 -1.2997972e+00
 -1.2939836e+00
  1.9509955e-01
  1.8432842e+00
 -1.4525378e+00
  4.2907017e-01
  2.4522550e+00
  3.3842883e+00
  6.2259835e-01
  4.6783677e-01
 -1.0506767e+00
 -8.8449061e-02
  1.1219343e+00
  3.2290859e+00
 -1.7607266e+00
  8.2017487e-01
  6.5498859e-01
  1.4589660e+00
 -1.4308095e+00
 -3.1932390e-01
 -1.5599665e-01
  1.2997357e+00
  2.0847869e+00
 -2.4854114e-02
  7.6177961e-01
 -2.2750626e+00
  8.7579906e-02
  4.6459291e-02
  1.4078795e+00
 -1.8252469e+00
  1.9145837e+00
 -1.3070530e+00
  4.9718198e-01
  1.6266384e+00
 -5.5427626e-03
 -3.3426527e-02
  1.6243948e-01
 -1.0523643e-01
 -1.7163879e+00
 -7.8608673e-03
 -3.2806400e-02
 -1.0415012e+00
  1.4567487e+00
 -5.0444715e-02
 -2.0759428e+00
  1.6648762e+00
  1.6086833e-01
 -2.4452621e-02
  6.1153865e-01
 -1.6873815e+00
 -3.4402618e-01
  2.4299634e+00
  1.2213434e+00
  9.3572058e-02
 -1.8422465e+00
  5.7728167e+00
 -1.0094452e+00
  1.3650945e-01
 -6.1621584e-02
 -2.0615587e+00
  2.6692185e-01
  2.4414916e+00
 -1.3497415e+00
  3.5517025e-01
  4.6119869e-02
  5.7260954e-01
 -9.7029275e-01
  1.1379901e-01
  2.3482123e-01
  3.8079574e+00
  2.8491816e-01
 -3.3686926e+00
  7.5799072e-01
  4.7593763e-01
 -7.0530608e-02
  1.1675978e-01
  2.1119412e-02
 -5.7613221e-04
  2.7537441e-02
 -3.5394627e-01
 -7.7093229e-02
 -1.4900177e+00
 -1.8869017e-01
  3.3371446e-01
  1.2170900e-02
  1.4317112e-01
  1.3059172e-01
  7.9775199e-02
  1.1247299e-01
 -1.4193588e-01
 -2.5010967e-01
 -1.8625414e-02
 -4.1805124e-01
 -3.1310958e-01
 -1.5722960e-02
 -7.3397025e-02
 -1.0164538e-02
  3.9606296e-02
  1.3198571e-01
 -9.7831473e-02
 -1.0815490e-01
  8.0018878e-01
  4.0805977e-02
 -1.0589335e-01
 -3.4554982e-01
 -1.5321345e-02
 -1.8657591e-02
  6.9308616e-02
  7.1988404e-02
  6.5510876e-02
  8.5995533e-02
 -3.6525402e+00
  3.0134311e-01
  2.5875935e-01
 -1.4561096e-01
 -3.5304493e-01
  6.3595936e-02
 -1.2162746e-01
 -1.6246711e+00
  1.0938652e-01
  4.9577013e-02
  4.0804541e-01
 -1.3994437e-01
  7.4370459e-02
  4.5681965e-02
  8.0018453e-03
 -1.8096426e-01
  1.3971509e-01
 -1.3336051e-01
  3.0357295e-01
 -4.0401623e-02
  2.4572184e-02
  1.6146624e-02
  6.5886779e-03
  6.6561913e-01
 -4.0177855e-04
  1.3432890e+00
 -2.6182057e-02
  5.4998465e-02
  2.9803602e-02
  2.2826959e-01
 -3.8691354e-01
  9.6966469e-01
  9.0496158e-03
  1.3824180e-01
 -3.4194112e-02
  2.4934804e-02
 -8.8381544e-02
  2.3651984e-02
 -3.1216800e-02
 -3.6244860e-01
 -3.0588012e+00
  2.3989604e-01
 -1.5258760e-02
 -7.7031389e-02
  1.8366364e-01
 -8.0998108e-02
  9.9227699e-03
  4.8950872e-01
 -1.2397120e-03
  5.5848610e-02
  1.3420299e+00
  8.0711385e-03
  1.6473551e-01
  3.9711647e-02
  1.1429506e-01
  1.1732478e-01
  9.3108818e-02
  3.7846170e-02
  4.9651542e-01
  1.2286481e-01
 -6.1661077e-01
 -1.1374279e-01
  1.1094806e-02
  5.4581247e-02
 -1.9306027e+00
 -3.9152721e-01
  1.1195767e+00
 -1.1173902e-01
 -8.1319146e-02
  1.3476223e-02
 -1.1582118e-02
 -4.1174404e-02
 -2.9741025e-01
  6.0370088e-01
 -4.3457502e-01
  4.5088619e-01
 -6.3390803e-01
  1.0291721e-01
 -2.8168691e-02
  4.1187158e-01
 -5.6573176e-03
 -7.6204605e-02
  1.6350366e-01
  1.4255669e+00
  3.5082061e-02
 -6.8936057e-02
 -5.5160351e+00
 -1.6195836e-02
  5.2355140e-01
 -5.0388921e-02
  5.1297164e-01
  7.4779552e-01
  2.5009865e-01
  5.4615825e-01
 -1.8501878e-03
  1.0545113e+00
 -8.9570260e-01
  2.7058058e+00
  2.3909850e-01
  1.2353928e+00
  1.3085108e-01
  3.2776499e-01
  6.3385743e-01
 -8.4938928e-03
 -1.2369880e-02
 -1.6574351e+00
  2.1338916e-05
 -3.9580199e-01
 -5.8336830e-01
  1.0972782e+00
  5.5906634e+00
  1.9198002e+00
  2.0112345e-01
  2.2927490e-01
 -7.2575480e-02
 -6.0753137e-01
  1.9046366e-02
  4.2869123e-03
 -1.9393755e+00
 -2.2293168e-01
  3.1990591e-02
 -4.1440189e-01
 -5.2949727e-02
 -3.7866211e+00
  6.0355108e-02
 -1.9589509e-01
 -1.9683215e-01
  6.8746746e-02
  8.7353826e-02
  9.7065113e-02
 -8.9300245e-02
  1.9546950e-01
  6.3651301e-02
  1.1206482e-01
 -9.3612764e-03
 -8.7360844e-02
 -1.5490495e-02
  2.3956084e-01
  4.2193165e-01
  4.2376600e-02
  2.3542227e-01
  4.5110524e-02
 -3.6303606e+00
  1.8028942e-01
 -3.9250679e-02
 -8.6160414e-02
  1.9182940e-01
 -1.0183233e-02
  1.0051891e-01
  3.0647478e-01
  1.9031215e-02
  6.3500106e-02
  3.1695428e-01
  2.3180258e-02
  1.2710582e-02
 -3.7678584e-01
  2.5029960e-01
 -4.4015657e-02
 -1.6424847e-01
  1.3129285e-01
  1.1016776e-01
 -1.3259502e-01
 -1.7888546e-02
  4.6591738e-01
  2.7461851e-01
  5.9763160e-02
  1.8734667e-01
 -1.9870616e-01
  1.0848935e-02
  1.3338478e-01
  1.5958963e-02
 -1.5420842e-01
 -5.0611779e-02
 -1.6616122e-01
 -3.5096672e+00
  3.8385379e+00
 -2.1006811e+00
 -3.3581815e+00
  7.4674553e-01
  1.0609548e+00
  3.3994446e+00
 -1.9537910e+00
 -3.1345060e-01
  1.4206018e-01
  4.1325414e-01
  1.3552204e-01
 -5.2031362e-01
  5.6739587e-02
 -1.7252361e-02
 -9.3136705e-02
 -8.6418396e-01
 -3.0687957e+00
  1.4412053e+00
 -9.6595557e-03
  2.4285994e+00
  8.4262393e-02
 -3.2585871e-01
  1.2706138e+00
 -1.3176795e+00
  1.2117052e+00
  2.8241618e+00
  3.1383147e+00
  9.8115945e-01
  1.4229087e+00
  1.1601075e+00
  1.9529791e+00
 -1.2233851e-01
  1.2285309e-02
  1.2806242e+00
  5.3042173e-01
 -3.1081505e-02
  6.4021461e-02
 -3.3571322e-02
  1.8527180e-01
 -1.6233187e-02
 -3.2112032e-02
  1.6740772e-01
  7.9575628e-02
 -3.1054167e-02
 -3.8515668e-02
  2.2897566e-02
 -4.2849138e-02
  9.3775198e-02
  1.3483945e-01
 -5.9807710e-02
 -2.9128104e-01
 -2.6989648e+00
  2.5161381e-03
  8.2109049e-02
 -3.9397378e+00
  6.7080826e-02
 -1.1564884e-01
  3.4469518e-01
 -1.0644381e+00
 -1.2376395e-01
  2.8131300e-04
  1.7404850e-01
  1.5691238e-02
 -5.7365503e-02
 -1.9314728e+00
  1.1870973e+00
  3.6031313e-02
  9.3641244e-02
 -1.1720573e+00
  2.0247117e-01
  4.2871170e-02
  7.6871954e-02
  1.5737618e+00
  6.5179884e-01
  3.3728310e-01
 -1.4752128e+00
 -2.7035959e+00
 -1.0134222e-02
  9.5933467e-01
  5.2848190e-01
 -6.7566767e-02
 -9.1474873e-01
 -3.4401107e+00
 -2.7876502e-01
 -1.0067532e-02
 -1.3982387e-02
 -1.6064975e-01
  1.6792262e-02
  7.2958909e-02
  2.8471465e+00
 -9.5923804e-02
 -4.0215141e-01
 -1.4679553e-01
  1.7541858e+00
 -5.7915907e-02
 -1.7589997e-01
 -8.5486895e-01
 -2.1237817e+00
 -1.3508121e-02
  1.3005245e-01
 -5.7452317e-02
 -2.3715689e+00
  1.9247383e-01
 -6.0522836e-01
  1.1650553e-01
 -2.0688957e-01
  2.2922937e-02
  2.4593513e-01
 -1.6089773e-02
  3.6338333e-02
 -1.5679872e-01
 -6.5158382e-02
 -3.5207480e-02
  1.3335787e-01
  3.3426652e+00
  3.5903595e-02
  4.7843214e-02
 -1.0454593e-01
 -5.2504535e-03
  1.3260704e-01
 -3.3522534e-01
  3.9872505e-02
  3.2322025e-03
 -6.5780349e-02
 -1.3216010e-01
 -9.5501326e-02
  7.0117889e-03
 -5.3737259e-01
 -2.2766027e-01
  9.5873475e-02
 -2.4348028e-01
 -1.5125531e-01
  7.9264915e-01
 -3.8513992e-02
 -4.5687646e-01
 -3.9992011e-01
  3.9599854e-02
 -1.8016325e-02
 -1.0319854e-01
  6.7063963e-01
  3.3697524e+00
  2.5175985e-02
 -2.6134083e-01
 -2.7434548e-02
  7.0180334e-02
  2.2098770e+00
  2.1401531e-01
  1.5369212e-03
 -4.6358027e-02
  1.2718458e-01
 -1.2478440e-01
 -9.4656169e-01
  2.5908601e+00
  3.6994064e-01
 -2.3489170e+00
 -3.4739776e-03
  3.0089531e+00
 -3.5925332e-01
 -2.0371423e+00
  4.2179408e+00
  7.5993687e-02
 -1.2541722e-01
 -1.4788108e+00
 -7.3645943e-01
  1.5065652e+00
 -9.8957114e-02
  3.4114778e-01
  4.4612112e+00
  2.9166534e+00
 -8.1324208e-01
 -1.9380666e+00
 -3.5740764e+00
  2.2428200e-02
 -5.2222395e-01
 -8.5301805e-01
  1.1901885e-01
  2.5856519e+00
 -1.1335858e+00
 -7.7498474e+00
 -2.7976471e-01
 -3.8383133e+00
 -2.0957024e+00
 -1.4459437e+00
 -9.6684772e-01
  8.5310107e-01
  5.9374267e-01
  6.0466647e-01
 -7.5778437e-01
  1.4930475e+00
  6.3819863e-02
  1.9605885e-01
  1.1042489e-01
  4.4701206e-03
  1.3812377e-01
  3.4556252e-01
  9.2333537e-01
  2.7103131e+00
 -1.1159773e-01
  1.1288890e+00
 -1.2722815e+00
 -3.2827015e+00
 -1.0423384e-01
 -6.6760859e+00
 -1.8756473e+00
  1.0220264e+01
  3.4380291e+00
 -3.9410691e+00
 -2.8186953e+00
  7.0721783e-02
  2.0240729e+00
  5.7915540e+00
  3.0956914e+00
 -7.3302932e+00
  6.4921045e+00
 -1.6003011e+00
  2.3171954e+00
  7.4001660e+00
 -1.8349987e-01
 -2.7269795e+00
 -1.0853266e+00
  2.1689539e+00
 -1.3832595e+00
  1.2516792e+00
  7.4188294e+00
  1.8170551e+00
 -3.7920556e+00
 -9.7011685e-01
  1.9787077e+00
  3.0410283e+00
  2.6505823e+00
 -8.8084888e-01
  2.8473940e-01
 -1.9613841e+00
 -1.2734824e+00
 -1.3911910e+00
 -1.4712787e+00
 -8.8443989e-01
  2.5619264e+00
  3.2637322e+00
  6.2359422e-03
 -2.1095172e-01
 -1.9954581e+00
  2.9477987e-02
  7.3078316e-01
 -1.5151408e-01
  9.8625755e-01
  1.4586198e-01
 -1.1322173e-01
  7.9271458e-02
  1.1432310e-01
 -7.8341141e-02
 -5.7036322e-02
  2.3092050e-02
 -4.2283554e+00
 -1.0158159e+00
  1.6967548e+00
  3.6487362e-01
 -2.2403560e+00
 -3.7869034e+00
  1.2717746e-01
 -3.6931551e+00
  7.0131207e-01
  3.6742773e+00
  9.4333351e-01
 -7.7408910e-01
 -1.4832115e+00
  2.0038292e-01
  1.4670379e-01
  3.3588030e+00
  1.1582147e+00
 -7.2054988e-01
 -5.2859435e+00
 -1.3391756e+00
  4.3691339e+00
  2.4172249e+00
  2.5645552e+00
 -1.9901203e+00
  1.9806262e+00
  2.8475842e+00
 -7.4314079e+00
  1.0628631e+00
  1.1826332e+00
  5.7937670e-01
 -2.0584080e+00
 -7.0260358e-01
  1.1010380e+00
 -5.3188415e+00
  2.6528585e+00
  2.1412737e+00
  1.3860400e+00
  5.3853531e+00
 -4.9652506e-02
  2.5945671e-02
 -3.2291599e-02
  4.3001884e-01
  1.1071980e-01
 -8.8341433e-01
 -1.5096393e+00
  1.2040037e-01
 -1.1739089e-01
 -3.2696486e-02
 -2.0697759e-02
 -1.2814744e-01
 -2.6666372e+00
 -4.4351962e-01
 -2.6005862e+00
  3.7929267e-02
 -1.1116474e-01
 -4.7179615e-01
 -1.2691132e+00
 -4.2655388e-01
  4.5061660e-01
  1.0544543e+00
  3.5851549e-02
  7.4314499e-01
  8.5768521e-01
  1.8089956e+00
  9.0610899e-02
 -5.1605608e-02
 -1.2267172e-01
  1.3775523e-01
  7.7441150e-01
  4.1905086e-02
 -5.7589018e-01
  4.6658430e-02
 -3.0848285e-02
 -5.9518527e-02
 -1.0059037e+00
  1.0061575e+00
  2.7302558e+00
 -2.0611133e-01
 -3.7804002e-01
 -6.2610142e-02
  3.0014517e+00
  1.9855864e-01
 -8.8379562e-01
 -3.9238158e-01
  1.1134126e+00
  7.8203195e-01
  1.0789497e-01
 -1.3334615e+00
 -6.2429070e-01
  1.0797807e-01
  2.6506147e-01
 -3.1597459e+00
  2.0173766e-02
 -4.4625752e-02
  5.2813808e-03
 -9.0740621e-03
  8.4078334e-02
 -4.9426667e-03
 -2.8840562e-02
  3.2758680e-03
  6.0287935e-01
 -1.9730147e-02
  2.4591652e-01
 -1.5653740e-01
  1.2227775e-03
  4.2224922e+00
  1.4766486e-01
 -1.5710155e-02
 -3.6845866e-01
 -6.2092304e-01
 -5.6377303e-02
 -2.2185028e-01
  1.2368348e-02
  5.9542633e-03
  7.6088753e+00
 -1.9127783e-01
 -5.2815691e-02
 -1.2622869e+00
 -2.6272172e-02
  4.1618895e-02
 -6.5218204e-01
 -1.8427341e+00
  5.5176538e-01
  1.7712310e-01
  2.4516404e-02
 -1.8204448e-01
  3.0489245e-02
  2.9959643e-01
 -3.0500701e-01
 -2.2760577e-01
 -4.2670231e-02
  2.8494063e-01
  6.9417089e-01
  2.6231790e-01
 -9.7828163e-03
  4.9218968e-01
  6.4584874e-02
 -4.5238612e-03
  4.8403926e-02
 -8.4390579e-04
  1.4354970e-01
 -1.4217670e-01
  5.5503938e-02
  2.7697900e-02
  1.6982447e-02
 -8.1903629e-02
  1.9758588e-02
 -1.5030738e-02
  4.2746538e-01
  2.2629464e-01
  1.9250896e-02
 -3.1688216e-01
  3.2314570e+00
 -2.9127524e+00
  4.2487702e+00
 -1.0775118e+00
 -6.8882614e-01
 -1.6327438e+00
  1.1499684e+00
  1.5563446e+00
  1.3926914e-01
  4.2281311e-02
 -8.9497095e-01
  7.9454593e-02
  5.3507662e-01
  1.4860669e+00
  7.9741108e-01
 -5.6472000e-02
  5.1361746e-01
 -3.0600691e-01
  7.8039408e-01
  1.6147056e-01
 -1.8010308e+00
  1.0627011e+00
  2.7170697e-02
 -2.0607107e+00
 -1.4914283e+00
  3.7396185e+00
  1.1877885e+00
 -3.6665025e+00
  1.6078725e+00
 -5.1085208e-02
  9.6712375e-01
  3.1132698e-01
  2.0114584e-01
 -1.6512667e-01
 -6.3691258e-01
 -6.1276382e-01
 -3.5083076e-01
  2.6095887e-03
  4.5738760e-01
  1.6420709e-01
  9.0615851e-01
 -2.4181280e+00
 -2.7072599e-02
  2.4534304e-02
 -2.9425297e+00
  8.3596015e-01
 -1.9156333e-02
  1.1327033e-01
  2.5449148e-01
  8.2060438e-01
  1.0664562e-01
  1.8601018e-01
  7.0984560e-01
  1.9581927e+00
  1.4931519e+00
  1.8312188e+00
 -3.9662287e-02
  1.1888731e+00
  3.2845986e+00
  1.3769189e-01
 -1.2363173e+00
 -1.8358567e-01
  6.1282474e-01
 -2.1157737e-03
 -3.3409956e+00
 -3.6181757e+00
 -9.7092181e-02
 -6.9832754e-01
 -3.3446472e+00
 -1.1832421e-01
  4.4890124e-01
 -1.0043312e-01
  7.3458678e-01
  1.7549742e+00
  1.0836205e+00
 -4.5182118e-01
  2.6993022e+00
  9.6573049e-01
  8.1817150e-01
 -2.2329502e+00
  9.3998545e-01
 -3.3440061e+00
  1.1610080e+00
  5.1841229e-01
  4.8278939e-02
 -8.9908427e-01
 -5.9017806e+00
  2.6288253e-01
 -8.7959802e-01
 -1.2404099e+00
 -1.0325986e-01
  1.2006185e+00
  6.7146921e-01
  1.2040672e-01
  4.6651483e-02
  2.0407016e+00
  1.8213199e-01
  1.7548531e-01
  3.9641625e-01
 -8.9794360e-02
  6.8701245e-02
  1.3586378e-01
  2.1028166e+00
  1.4302398e+00
 -3.8502589e-01
 -8.2564764e+00
 -1.2126479e+00
  1.1913966e-01
  2.9587057e+00
 -2.5019815e+00
 -2.8658855e+00
 -2.7022169e+00
  3.7731223e+00
  1.3287146e+00
 -1.5258998e+00
 -4.9137878e-01
 -1.9866581e-01
  1.1356334e-01
  2.1281660e-01
 -1.6574752e+00
  1.9315885e+00
 -6.7496333e+00
  1.6071168e+00
 -4.3241811e+00
 -7.8769255e-01
 -1.4983100e+00
  3.0383544e+00
 -2.2051141e-02
 -3.4713402e-01
 -1.1007216e+00
  1.8662380e+00
  5.7068074e-01
  9.1658521e-01
  1.7599758e+00
 -1.2289704e+00
 -3.3984983e-01
  8.1254303e-01
 -1.8330135e+00
 -5.2818985e+00
 -3.6631152e-01
  2.1357146e-01
 -3.8955715e-01
  2.5845277e-01
  1.6211973e+00
 -1.8753202e-01
 -1.0619546e+00
 -4.4079244e-02
  2.4321167e-01
  3.5750263e-03
  5.4546606e-02
 -1.9571966e-01
 -4.3138366e-02
  5.4469328e-02
  2.4650946e+00
 -1.8050219e-01
 -9.5851642e-01
 -4.0377405e-01
  1.9104367e-01
 -2.9657069e-03
  8.3670825e-02
  3.3932453e-01
 -9.5582664e-02
 -3.7673783e-01
 -1.0734879e-01
  4.1584089e-02
  1.6039582e-01
  2.1266654e+00
  5.0897460e-02
  1.7699679e-02
  1.2204386e-01
 -3.5502624e-02
  2.7226305e-03
  1.5019448e-01
 -3.1333253e-02
 -1.6293062e-01
 -3.7009090e-03
  2.1709716e-01
 -1.2005384e-01
 -3.4729578e-02
 -1.4572696e-01
  2.3225525e-02
  2.3073481e-02
 -2.8464170e-02
  3.1391478e-01
 -4.8992345e-03
 -2.0438546e-02
 -2.1881564e-01
  5.9829488e-02
  3.3377600e-01
  2.8894218e-02
  2.7154645e-01
  1.1950188e+00
 -8.3855428e-02
 -5.5805642e-02
  7.3156819e-02
  7.6432049e-02
 -7.1597971e-02
  1.1810236e-01
  1.1996560e-01
  6.4899161e-02
  2.3028664e-02
  2.0420389e-01
 -1.9722411e-02
 -4.6311639e-02
  9.6504249e-02
 -4.0569144e-01
  1.9658800e+00
 -4.1295835e-01
  5.9105005e+00
  5.1343393e+00
 -1.7844218e+00
  1.1727842e-01
  2.4641907e-01
 -4.0769377e+00
  3.3412993e-02
 -3.6415362e-01
 -1.8680913e+00
  2.4808154e+00
 -2.7351141e+00
 -1.0897367e-01
 -3.3146489e-01
  2.5079107e+00
 -1.7433020e+00
  4.0924922e-01
 -1.9468185e+00
 -1.5540364e+00
 -7.0441045e-02
 -4.7274294e-01
  4.2198414e-01
 -1.6690615e+00
 -4.3066382e+00
 -2.3510520e+00
 -5.6645823e-01
  1.5029252e-01
 -1.6341792e+00
 -3.0667238e+00
 -3.5346429e+00
  4.3634087e-01
 -2.2695237e-01
 -5.3796315e-01
  4.8907768e-02
 -2.3612222e-01
  1.0128948e-02
 -9.0088069e-01
 -8.4609173e-02
 -1.2154527e-02
 -4.6299830e-02
 -2.7678968e-02
 -1.9302447e-01
  7.7382132e-02
  1.0128842e-02
 -5.2852746e-02
 -3.4143306e-02
 -5.3719291e-03
 -1.2160213e-01
  5.2966185e-02
 -1.2240044e-01
 -3.8340621e-02
 -7.6129094e-02
 -1.1246102e-01
 -1.4421971e+00
 -1.9487669e-01
 -1.2663575e-01
 -2.2644149e-02
 -2.3318708e-02
 -4.1650806e-02
 -2.2467177e-02
  6.8260748e-03
 -3.6521149e-01
 -1.1860242e+00
 -8.0116741e-02
 -3.0935861e-02
  4.3488074e-02
 -2.3839158e-01
  2.9232008e+00
  5.5636130e-03
 -5.7818294e-02
  1.6539412e-02
 -2.3598289e-02
 -7.9665743e-02
 -3.2639071e-02
 -7.1946733e-02
  2.6669214e-02
 -9.4390430e-02
 -1.0986926e-01
  1.4156643e-01
 -1.9736721e-01
  9.9435067e-01
 -3.2393250e-01
 -5.0389279e-02
  3.5457388e-01
  9.2378028e-02
  5.1299848e-02
  2.7046467e-03
  2.2319086e-02
  3.7223600e-02
 -3.0722836e-02
  3.3379126e-02
 -6.0175702e-02
  2.8360758e-02
 -7.6585817e-01
  1.4360316e+00
 -4.3419603e-02
  1.0627986e-01
 -5.5143196e-04
 -8.9207357e-03
 -2.3322642e-01
 -2.4121919e+00
 -2.0740795e+00
  6.0170441e+00
 -1.4870434e+00
 -4.4555216e+00
  7.2750318e-01
 -3.9876738e+00
 -1.9555676e+00
  1.6124845e+00
 -5.2928524e+00
  2.5143051e-01
  1.0782194e+00
 -2.3696020e-01
  4.1391850e-01
 -1.1907042e+00
  1.4602935e+00
 -4.9494472e+00
 -2.0039235e-01
 -2.4181810e-01
  9.2271382e-01
  1.9355938e+00
  1.3430323e-02
 -1.4450641e+00
 -1.9187217e+00
  4.7928791e-02
  1.1453674e+00
  1.1964651e+00
  3.4836435e+00
 -2.4125559e+00
 -3.8077276e+00
  1.0704024e+00
  2.4789078e+00
  2.0016913e+00
  1.0545923e+00
  3.9169368e-01
  8.5163093e-01
 -1.2101935e+00
  1.6482658e+00
  4.5493044e-02
 -1.8030852e-02
  2.1728244e+00
  5.6872123e-01
  7.2320431e-02
  6.7187421e-02
  4.7134352e+00
 -1.0257754e-01
  2.4690482e-01
 -8.2764693e-02
 -2.3374629e-01
 -1.7336416e-01
 -1.9623546e-02
  7.7034339e-02
  1.7396981e-01
 -4.5002043e-02
  2.7155820e-03
  6.6025150e-01
  2.3418255e-01
  1.2159614e-01
  3.2556465e+00
  8.5489757e-02
  2.0543425e+00
 -2.0939147e-02
  5.7309583e-02
 -1.7109782e-01
 -1.4862277e-01
 -2.1027157e-02
  8.7342119e-01
  4.8558135e-03
  2.4898244e-01
 -6.4905643e-02
  7.3635951e-02
  1.6936360e-01
  6.2245410e-02
  9.4692018e-03
  3.2212979e-01
 -7.3011316e-02
 -6.2766828e-02
  1.1104851e-01
  2.0136422e-01
 -4.4636134e-02
 -7.5322554e-02
  1.1033674e-01
 -3.8036907e-01
 -1.4335749e-01
 -3.2898307e-02
 -1.1958427e-01
  4.5857031e-02
 -1.9979703e-01
 -2.3287229e-02
  3.6801219e-02
  7.5098324e-01
  4.4931404e-02
 -1.7732109e-01
  9.8470926e-02
  1.4153485e+00
 -3.9408026e+00
  1.4173342e-01
 -1.1654928e-02
  6.6134505e-02
 -4.5880109e-02
  6.9467209e-02
  8.6311705e-02
 -1.3056961e-01
 -7.4366964e-02
  1.6872074e-01
 -1.3061619e-01
  1.0787232e+00
 -5.3746808e-01
  2.1749082e+00
 -2.0163167e-01
  5.4262009e-02
 -5.7524204e+00
 -1.8800876e+00
  1.6248987e+00
 -3.8680318e-01
  3.7730286e-01
 -6.1859626e-01
  8.3551514e-01
  1.3493685e+00
 -2.0862741e-02
  2.7298051e-01
 -1.6252129e+00
  3.0376751e+00
 -7.6158933e-02
  2.4823399e+00
  4.2082133e+00
  6.0290313e-01
  7.7775371e-01
 -3.0957499e-01
  4.5924094e-02
  2.7223365e-02
 -1.1019585e+00
 -4.0673411e-01
 -2.0296652e+00
 -4.7854194e-01
 -1.2154710e+00
  1.2048943e-01
 -7.3987186e-01
  1.3808149e+00
  1.5124519e+00
  7.2432756e-02
  1.8796576e-02
 -1.1016987e-01
  2.4561043e-01
  1.5729520e-01
 -1.1429851e+00
 -3.8408587e+00
 -1.5865070e-01
 -2.6848203e-01
  1.8262233e-01
  5.7008710e-02
 -4.8824281e-02
  1.1018139e+00
 -3.3897445e-02
  1.0507396e-01
  1.8084309e-01
 -1.0368568e-01
 -1.5127234e-01
 -4.3736154e-01
 -1.9490710e-01
 -7.2595894e-02
  6.7812890e-01
 -6.2175184e-02
  3.7418196e+00
 -3.4597192e+00
 -1.3777172e-02
  1.5586051e-01
 -4.3202624e+00
  6.4392366e-02
 -1.0391623e-02
 -1.1186478e-01
 -8.3623687e-03
 -1.9619852e-01
  3.6841765e-01
 -2.3012275e-02
  1.0396466e-01
 -6.4957358e-02
  6.3742943e-02
  2.9889908e-02
 -3.3445898e-02
  1.9478889e-01
  6.4986371e-02
  2.4229439e-02
 -1.6304255e-01
  3.5241222e-01
  3.7322681e-02
 -5.5789920e-03
 -6.2715425e-03
 -1.0458893e-01
  1.3263508e-02
  3.1410001e-02
 -2.3239381e-03
 -2.8755607e-02
  1.5291826e-02
 -7.8718640e-02
 -1.0530823e-01
  2.0496987e-03
  1.8979305e-01
 -3.1167055e-02
  1.1070723e-01
 -2.9946285e-01
 -4.1900747e-02
 -1.2670140e-02
  1.0448077e-01
 -2.7657034e+00
 -1.6052438e+00
 -3.2485983e-01
  9.1536164e-01
  1.4115051e+00
  1.1007508e+00
  4.7769704e+00
  2.0177765e+00
 -2.4281833e+00
 -2.7466970e-02
  5.4089502e-03
 -3.1091800e-01
  1.5849844e-01
  5.5090632e+00
 -1.4139212e-02
 -1.1058497e-01
 -1.7740426e+00
 -2.4509712e-03
 -1.9813938e-01
  1.1831686e-01
  5.6568924e-02
 -5.4863143e-01
 -1.0716525e+00
  6.4270015e+00
  3.0143242e+00
 -5.3036161e-02
 -1.6997863e-01
 -1.8853117e+00
  8.4294033e-01
 -3.5758390e+00
  1.6566767e+00
 -6.4499296e-02
 -3.3443138e-01
 -1.0565709e-01
  1.6944325e+00
  4.7809401e-01
 -1.8166709e+00
 -6.0015798e-02
 -4.3855831e-03
  1.2202895e-01
 -5.2374296e-02
  1.2277695e-01
  1.1724534e-01
  4.6867304e-02
  4.4102792e-02
 -3.3820301e-02
  5.8599359e-01
  6.5158144e-02
 -2.0667325e-01
  6.7756183e-02
  2.9183209e-01
 -1.0267410e-02
  1.0605512e-01
 -6.0942832e-02
 -1.0709769e+00
  1.1498601e-01
  8.9706257e-02
 -9.1565237e-04
  1.8358332e+00
 -2.3385717e-02
 -2.7576295e-01
  4.4107143e-02
 -3.3538470e-01
  7.7385861e-01
 -1.9459414e-01
 -1.7550282e+00
  9.4176888e-02
 -4.7826763e-02
 -6.3558812e-03
 -1.8941823e-01
 -3.4806745e+00
  7.1275103e-01
  5.6040161e-03
  5.7417639e-02
 -2.6582873e-01
 -1.3921542e-02
 -4.8729619e-03
  8.9069009e-02
 -7.4107125e-02
 -7.0714280e-02
  2.4631338e-01
 -2.2970704e-02
  9.4694138e-02
  8.0767814e-03
  1.7414176e-01
  3.2936803e-03
 -5.4856022e-03
  7.3512509e-03
  2.3765884e-02
 -4.4233426e-02
  7.4283876e-02
  2.0454217e-01
  1.0905848e-02
 -2.5944200e-01
 -3.4297422e-02
  2.3927122e-01
  6.3919887e-02
  4.4520214e-02
 -2.2894908e-01
 -1.6429450e-01
 -1.6149591e-01
 -1.1002765e+00
 -4.6028593e-01
 -6.2764935e-02
 -1.0052844e+00
  1.0039075e-01
 -3.9375684e-01
 -1.1081028e-02
 -5.4432820e-03
  8.8368403e-03
  2.1092173e-01
  1.6812248e-02
  7.7276587e-02
  4.1836604e-02
  2.4506633e-01
 -9.2162384e-04
  5.4038715e-01
 -2.1655391e-01
  1.5605171e-01
  2.9093256e-02
 -1.2226219e-03
  1.9228823e-02
  6.2474221e-02
  1.7269788e-02
  1.8704723e+00
  5.3248924e-01
 -1.3414888e+00
  2.9328787e-01
 -1.4054032e-01
  8.3720756e-01
  1.0753281e+00
 -2.7990870e-02
  6.3461259e-02
  2.8400704e-02
 -3.4275651e-02
 -3.8924132e-02
 -1.1065518e+00
  3.6349252e-01
 -7.3838048e-02
 -4.7566239e-02
  1.0740332e-02
 -5.3960819e-02
 -4.4186171e-02
  4.1791070e-01
  1.7448951e-01
 -2.1822406e-01
  2.5715262e-02
 -1.4172041e-01
 -3.9477882e-01
  5.2475732e-02
  9.5089406e-02
 -1.6191326e-02
 -7.2655112e-02
  1.2482413e-02
  2.7610910e-01
  9.0767018e-02
  1.3281937e-01
  1.9746223e-02
 -1.9731870e-02
  5.6943633e-02
  1.8359063e-02
 -5.5462945e-01
 -4.8150741e-02
  1.6830337e-01
 -8.2368180e-02
  4.4050112e-02
 -5.2497238e-02
  6.1303061e-02
  1.0410406e-01
 -1.0067856e+00
 -2.3314686e-01
 -7.4728667e-03
  1.3687480e-03
 -8.3218984e-02
 -3.8915697e-02
  7.9062361e-01
  1.4164628e-02
  1.4361364e-01
  1.5826799e-01
 -7.0142649e-02
 -2.6195386e-02
 -4.2471200e-02
 -3.4533516e-02
  1.4815854e+00
  9.2214364e-01
  7.1407035e-02
  8.0733758e-04
 -5.3691007e-02
  2.7515715e-02
 -1.9068335e+00
 -2.3605973e-01
  4.6142060e-01
  3.8687751e-02
 -1.6758876e-02
  1.4661714e+00
 -2.5925344e-02
  5.0458539e-02
 -1.3680941e+00
 -1.3095282e-01
 -1.1595695e-01
 -4.8838750e-02
 -1.6989708e-02
  1.7274603e-02
  5.4478580e-03
 -3.2294621e+00
  2.4475501e+00
  3.0191147e+00
  5.2711625e+00
  3.5204396e-01
 -5.2618642e+00
  2.2812006e+00
 -4.9212500e-02
  2.4128864e+00
 -2.5860872e+00
  7.7330761e+00
 -2.7289893e-02
 -2.5882831e-01
 -1.5192327e-01
 -7.0069063e-01
  5.6676550e+00
  1.3234117e+00
 -5.7218628e+00
  9.2350142e-03
  3.9989952e-02
 -1.2746267e-01
 -9.5131803e-01
 -3.8102809e-02
  1.2278088e-01
  2.1228330e+00
 -1.1102961e+00
 -1.8561354e-01
  2.2141474e-01
  1.9942172e+00
  7.0497572e-01
 -6.3699275e-01
 -1.5764298e+00
 -3.9719421e-02
  1.6620235e+00
  7.0014596e-03
 -5.6492364e-01
 -7.9286957e-01
 -7.8555876e-01
 -5.7306062e-02
  5.6697583e-01
  8.4022939e-02
 -6.4968032e-01
  2.8150698e-02
  6.3654900e-02
 -7.5022243e-02
 -1.1071417e-02
  6.5242290e-01
  3.0766537e-02
  1.3459593e-01
  5.3243969e-02
 -9.8531507e-03
  2.7247030e-01
  1.0611071e-01
 -1.2108536e-01
 -3.8462345e-02
 -2.4394054e+00
 -1.7691514e-02
 -6.9041676e-03
 -1.5392870e-01
  2.8747465e-02
 -2.7054868e+00
 -1.0941199e-01
 -1.7594439e-01
 -1.0989548e-01
  1.3632995e-01
  8.9200893e-03
 -1.7518221e-01
 -1.0837666e-01
 -7.8537062e-02
 -3.3950794e-02
 -1.2615760e-01
  1.7524122e-01
 -4.7985194e-03
  3.6391369e-01
 -6.0990757e-01
  8.9710318e-02
 -5.4770958e-01
  2.7432466e+00
  4.3085068e-02
 -6.0499586e-02
  1.1522117e-01
  1.8425230e-02
  6.7047834e-02
  2.4150600e+00
 -1.2652063e-02
  1.6809374e-02
 -5.8666952e-02
 -5.1729850e-02
 -1.6127047e-01
 -1.6186029e-01
 -2.6455484e-02
 -4.1860595e-02
 -7.0006722e-03
  3.3139725e+00
  2.2763413e-01
  7.0283604e-03
  4.5579601e-02
  1.9987609e+00
 -1.0486751e-01
  2.9355696e-01
  9.7293504e-02
  4.9776334e-02
 -1.1938262e+00
 -2.2210245e-01
 -3.7797268e-02
 -2.3925258e-01
 -1.7806210e-01
 -7.2545432e-02
  8.7538278e-01
 -3.4050918e-01
 -2.1459796e-03
  4.0045772e+00
 -4.6967294e-02
 -2.9609419e-02
  4.2235687e-01
  8.9257038e-01
 -3.4936860e-02
 -9.1864169e-01
  3.7596334e-02
  5.9877855e-01
 -5.2700472e-01
 -7.9362661e-01
 -8.7851554e-02
 -1.4967336e-02
  5.4038297e-02
 -3.8871717e-02
 -2.3038348e-02
  7.8153364e-02
 -1.3925098e-01
 -2.5641191e-01
  1.3952121e-01
  1.3535683e-02
 -2.6926044e-01
  2.6097400e-02
  1.0714616e-01
 -1.6032338e-02
 -7.7055447e-02
 -1.3701053e-01
 -5.4335281e-02
 -3.9862540e-02
 -6.2433787e-02
 -2.8716099e-02
  2.4481590e-03
 -8.2505032e-02
 -8.2213599e-03
 -3.2175366e-02
  1.3815740e-02
  3.4852527e-02
  5.3545177e-02
  5.0048616e-02
  7.0497453e-02
  4.1725880e-01
 -9.6175507e-02
  6.6256809e+00
  5.2587446e-02
 -3.9459069e+00
 -1.3606772e+00
  3.6921468e+00
  3.0738177e+00
  4.9339828e+00
 -3.4784639e+00
 -9.3897289e-01
 -2.2562127e+00
  1.0783007e+01
 -9.9012079e+00
 -3.1197090e+00
 -1.1195627e-01
  2.6064906e+00
 -1.8734227e-01
  9.6900314e-01
  5.3546972e+00
 -1.8981802e+00
 -1.1591700e-01
  2.3710701e+00
  2.1114480e-01
  3.8312376e-01
  4.5074592e+00
  2.2586393e+00
 -2.8177998e+00
  4.5435696e+00
 -1.3782425e+00
  3.4829504e+00
  4.2725282e+00
  1.9659703e+00
 -6.9513124e-01
  3.0524762e+00
  1.0507125e+00
 -1.6031992e+00
 -2.4072903e-01
  3.8543644e+00
  2.0561075e+00
  3.1533342e-02
  2.0696676e+00
  1.5065298e+00
 -1.6861676e-01
 -5.5861175e-02
  2.7399153e-02
  1.4501674e+00
  2.6659673e-01
 -4.0041423e-01
  4.9111884e-02
  1.2041133e-01
 -4.2943161e-02
 -3.2392603e-01
 -5.3401850e-03
 -1.2168022e-01
 -7.3853500e-02
  3.2298648e-01
  1.8730128e-01
  4.8369057e-02
  5.8648807e-01
  9.0893265e-03
  9.8496705e-02
  1.7436607e-01
  6.6388905e-02
  4.3696663e-03
  1.0653620e-02
  4.5019045e-02
  3.6886897e-02
 -2.3490684e-01
 -2.4248054e-03
  1.6014415e-03
 -1.4608902e+00
  9.1358982e-02
  1.5956204e-01
 -1.1100494e-01
  6.5459747e+00
  2.9158530e-01
  2.8327494e+00
  2.3488766e-02
 -5.4295063e-02
 -5.2353889e-01
  4.0381145e-02
  6.3147962e-02
 -5.9389021e-02
  5.6712084e-02
 -1.0798357e-01
 -5.3756461e-02
  6.5284841e-02
  1.6474237e-01
  3.2080919e-02
 -2.2239116e-01
 -4.6855249e-02
 -1.4241359e-01
  3.0076252e-02
 -1.4554270e-02
 -3.9736095e-01
  1.4506695e-01
  2.5512589e-02
 -9.6362442e-02
  1.0465004e-01
  2.1484254e-02
  7.7981055e-02
  4.8607528e-02
 -1.4223784e-01
  3.0518537e+00
 -2.0872585e-01
 -6.1117254e-02
  5.0282156e-01
 -1.8069498e-01
  2.3807424e-01
 -3.2491691e-02
 -2.4012735e-01
  9.2686641e-01
 -4.1703064e-02
 -2.4193265e-02
 -9.7933318e-03
  6.0014926e-02
  8.8011050e-01
 -1.2918891e+00
 -1.7678146e-01
 -6.1791625e-02
 -4.3268453e-02
 -4.1739739e-02
  1.1919789e-02
  2.7846109e-02
  4.4746632e-03
 -4.8131142e-02
 -3.2360277e-01
  6.7313321e-02
 -1.6560646e-02
 -5.3090267e-02
 -2.1158986e-02
  6.9756755e-03
  8.3734877e-02
 -3.6577556e-01
  1.2083051e-01
 -5.9151854e-02
 -1.5372305e-01
 -3.7147135e-03
 -8.6452670e-02
  1.0950245e-01
  3.7908636e-02
 -1.6438893e+00
 -1.3585016e-01
 -2.6445040e-03
 -8.0258802e-02
  8.2017966e-02
  6.8565279e-02
  8.5790384e-01
  7.2761315e-01
 -4.7696829e-02
 -2.3375973e-02
 -4.6713697e-03
  3.1615943e-02
  5.3115886e-01
 -9.1517198e-01
 -8.0097938e-01
 -3.0074966e+00
  7.3822284e-01
 -1.4457030e+00
  2.2285078e-01
 -1.8216433e-01
 -3.8470668e-01
 -1.0429276e+00
 -1.1847504e+00
 -2.7418023e-01
  3.7847733e-01
 -1.3625174e+00
 -5.7521719e-02
  3.9388295e-02
 -1.5803556e-03
 -1.9368325e+00
 -5.4840970e-01
 -9.9639344e-01
  5.4275888e-01
  9.2889315e-01
  7.9153843e-02
  2.9316950e+00
  2.8116342e-01
  8.6744851e-01
  1.6111304e+00
  1.8140231e+00
  1.0922932e-01
 -1.6233877e-03
  2.5847683e+00
  9.7377479e-01
 -2.4116698e-01
  4.0420728e+00
  2.2818575e+00
  6.1610359e-01
  2.1783624e+00
 -4.6466562e-01
 -7.3910928e-01
  1.8220840e+00
 -2.0565608e-01
  8.8910528e-02
  8.3690417e-01
 -9.5716082e-02
  6.6220897e-01
  9.0828377e-01
 -3.8223293e-01
  3.7271354e-02
  6.0098086e-02
  6.8596657e-03
 -8.1945807e-03
  1.3638226e-02
  2.9567380e+00
 -1.2411045e+00
  4.6629286e-01
 -5.1656146e+00
  7.2672105e-01
 -3.4749728e-01
  1.9556507e+00
  1.2747253e+00
  9.0524696e-02
  2.4054005e+00
  2.8290172e+00
 -3.6320326e-01
 -1.4373443e+00
 -8.2236683e-01
 -2.1048865e+00
 -3.5573740e+00
  2.2493758e+00
 -5.1668972e-01
 -2.4957745e+00
  1.3546110e+00
 -4.3565417e-03
  1.6832033e+00
 -1.6817772e+00
  2.6785617e+00
  3.6851189e-01
  3.5413489e-01
 -2.3025209e-01
 -2.2991385e+00
  1.2359154e+00
 -2.6374564e-01
  1.0049385e+00
  2.7933002e+00
 -9.2435104e-01
  1.4298300e+00
  7.6914907e-01
  1.1202083e+00
  4.3713119e-02
 -1.0806403e-01
 -8.3300841e-01
  2.1147993e+00
  6.7065257e-01
 -9.3947455e-02
 -2.3174165e-02
  1.0247475e+00
 -2.7012944e-01
 -4.1179676e-02
 -1.1412729e-01
  1.0083579e-02
 -1.1348756e-02
 -1.7134205e+00
 -5.7172418e-01
 -4.6362816e-03
 -1.1629970e-01
 -5.1067699e-02
 -1.6235054e-02
 -8.1951514e-02
  1.3133592e-02
  4.0160477e-01
  6.7234313e-01
 -5.3568650e-02
  8.1129968e-02
  1.1866270e-01
 -1.2921840e+00
  9.7397164e-02
  4.3070383e-02
  1.6439147e-01
  2.2738421e-02
 -4.5794636e-02
  2.9067404e+00
  1.4731112e+00
 -2.9318038e-02
 -5.2110755e-01
 -3.2640968e-02
 -5.3516265e-02
  1.4049625e-01
  8.6870916e-02
 -2.2260268e-01
 -1.2420119e-01
 -2.2484072e-01
 -2.8178781e-02
 -3.3156425e-01
  8.1905030e-02
 -8.5480458e-01
  1.1669875e-01
  3.7860173e-01
  2.0234454e-02
 -1.5223768e-01
  9.5776796e-02
 -1.7005761e-01
  2.4385944e-01
 -7.9774432e-02
  5.8483336e-02
  6.8682678e-02
  2.5190592e-01
  8.3572924e-02
  1.1167659e-01
  2.1157736e-02
  6.2177111e-03
  7.4698590e-02
  3.3845004e-01
  2.2487043e-01
  2.2486459e-01
 -8.1742287e-02
 -7.4052945e-02
  7.3937394e-02
  4.9312808e-02
 -1.3065290e-01
  3.4573961e-02
  2.7322704e-01
 -2.1072911e-02
  7.2740048e-01
  2.6000062e-01
 -9.7250193e-03
  8.0652505e-02
 -7.1295135e-02
 -9.7202063e-03
  5.9490114e-02
 -2.9331988e-02
  9.7043321e-02
 -3.1084612e-01
 -5.1693134e-03
 -2.1637635e+00
  3.5743505e-02
 -1.3339007e-03
 -5.2515441e-03
  1.4452997e-01
 -1.1987968e-02
  6.4668095e-01
  1.2321498e-01
  4.0009908e-02
 -5.4604780e-02
  1.1273619e-02
  1.6464762e-01
 -6.3944675e-02
 -3.1979386e-02
  4.1935661e-01
  2.5996400e-02
  3.5945418e+00
 -2.0812196e-01
  1.8323027e-02
 -1.4456050e-01
 -2.3207010e-01
 -2.6140010e-01
  1.6505938e-02
  4.0046640e-02
 -1.3671008e-02
  1.1490633e-01
  9.8107666e-02
  8.6549126e-02
 -8.0766954e-02
  1.0096700e-01
  2.2884019e-01
  5.2010453e-01
  1.7000279e+00
 -4.9323401e+00
 -5.6893916e+00
 -1.3341646e+00
 -8.8566601e-01
  2.3737985e-01
 -2.6893273e-01
 -4.0761108e+00
 -5.9093851e-01
 -2.2750697e+00
  8.2109118e+00
 -3.8622363e+00
  3.4753203e+00
 -4.3813400e+00
  2.5748882e+00
  1.5375730e+00
  1.9325992e+00
  3.0796409e+00
 -2.0571749e+00
  4.0282133e-01
  3.7300155e+00
  1.9000928e+00
 -1.5662978e+00
  3.9073167e+00
  1.2002803e-01
  2.0616589e+00
  1.5418655e+00
  4.0784969e+00
  1.9001346e+00
  7.7527237e-01
  3.6849723e+00
  3.8182577e-03
  5.1178056e-01
 -8.2192242e-02
  6.5665188e+00
  4.2355862e+00
  7.3680401e-01
  4.9339542e-01
 -8.9202888e-02
  1.8739042e+00
  1.5642940e+00
 -1.5584911e-01
  3.4362674e-01
 -7.0470743e-02
 -6.1471715e+00
  1.7143224e-01
  1.8145435e-01
 -5.3570885e-02
 -2.3394108e+00
 -1.5114130e-02
 -4.9028583e+00
 -6.5764785e-02
 -1.6124656e+00
 -3.2909738e-04
  3.0885246e-02
 -1.0373254e-01
 -5.1090725e-02
  2.9590482e-02
  5.8534518e-02
 -6.2899862e-04
 -5.4847457e-02
  6.3406634e-03
  9.0268105e-02
 -6.1062537e-02
  1.1027325e-01
 -2.6545282e-03
 -5.5021144e-02
  1.1100880e-02
 -6.0778178e-02
  4.8575930e-02
 -1.8162427e-02
  7.0821770e-02
  2.5476933e-02
  2.8069606e-02
 -1.6019244e-01
  2.3602273e+00
 -5.4662820e-02
 -5.8295142e-02
 -3.6561444e-02
  1.8824967e-02
  7.2381899e-02
 -2.2024611e-02
 -9.8958033e-01
  1.4056018e-01
 -3.2769561e-02
 -1.6947037e-01
  1.9119894e-02
  2.4715345e+00
  2.8774332e-02
 -1.4879123e-03
  2.0581279e+00
  1.4049813e-01
  2.3858249e-01
  7.7159747e-02
  1.6012366e+00
  1.1360949e-01
  4.5575343e-02
 -5.5059612e-02
  2.0665912e-02
 -5.9304744e-05
 -2.1776917e+00
  2.6613672e-03
 -5.6292486e+00
 -1.6260763e+01
 -5.5911245e+00
 -2.1359885e+00
 -2.0642130e+00
  2.1375191e+00
  6.7764101e+00
  1.4799523e+00
 -4.3419274e-03
 -2.6736717e+00
  8.9790016e-01
  1.1543419e+00
  5.8040237e-01
 -9.3578160e-02
 -3.3322784e-01
  8.8912807e-02
 -1.6370727e+00
  1.1872418e+00
  2.7296100e+00
 -1.2955597e-01
 -2.7276247e+00
 -1.3116868e-01
 -4.1004577e+00
  9.2999697e+00
  2.3947694e+00
  5.2785444e+00
  9.6700010e+00
  5.1865616e+00
  5.3459930e+00
  1.1976554e+01
  3.7434237e+00
 -4.8434056e-02
  2.9263055e+00
  1.3136765e+00
  5.5154181e+00
 -4.5589630e-02
  2.8640525e+00
  8.9416486e-01
  7.8619152e-02
  3.1287903e-01
 -3.8777175e+00
 -5.0963525e-02
  5.7434984e-02
 -1.5928825e+00
 -3.1665170e-01
  1.1694571e-01
  1.3052813e-02
  1.4604554e-01
  2.1549319e-01
  1.1590093e-01
 -1.0596566e-01
 -1.5452218e-01
  7.7171087e-02
  1.0130788e-01
  1.8502667e-04
  3.3898782e-02
  5.8667570e-01
  2.2277351e-02
  8.3510429e-02
 -2.1689024e-03
  1.1630693e-02
 -5.8222253e-02
 -4.7249589e-02
 -1.2410954e-01
 -7.0762672e-02
  3.6858264e-02
  5.2933123e-02
 -3.6561438e-01
 -8.7044194e-02
  1.3130989e-02
  7.8730091e-02
 -2.5471675e+00
  8.1490897e-02
  1.1101311e-01
  1.2767149e+00
 -1.2419153e-01
  5.7355585e-03
 -9.7204193e-02
  2.1503013e-01
  4.8193254e-02
 -5.7390404e+00
  1.7094333e-01
  5.2058060e-02
  2.4689229e-01
 -2.0068347e-02
  8.3019555e-01
 -5.7465178e-01
  1.0803161e-02
  4.6350364e-02
 -2.2395079e+00
  7.7945832e-04
  6.8262354e-03
  9.0220861e-02
 -1.1181626e-02
  8.2388446e-02
 -4.0456992e-02
  2.1292616e-01
 -1.2397481e-01
 -1.0844540e-01
 -8.0986284e-02
  1.5968651e-02
 -4.4158142e-02
  8.9873302e-01
  3.4359922e+00
 -3.2410968e-02
  1.0227618e+00
  7.6157564e-01
 -1.1518425e+00
  2.6050129e+00
 -4.3320522e+00
  2.8553972e-02
  2.6948195e+00
 -3.1166906e-02
  2.0336540e+00
  1.7451957e-01
  6.2811389e+00
  2.2488190e-01
 -2.8485663e+00
  1.8875308e-01
 -4.4090495e-02
 -1.1701757e-01
 -2.0182410e-01
 -9.1833645e-01
 -1.4870132e+00
 -4.0932274e+00
  1.1469787e+00
 -4.9039152e-02
  1.4116206e+00
  4.2268509e-01
  3.0305290e-01
 -3.4705007e-01
 -2.3260517e+00
  3.5559480e+00
  3.9375246e-02
  3.8881528e-01
  8.7114878e-02
  3.8882704e+00
 -3.8188686e+00
 -1.7099702e-01
  1.2132889e+00
  3.0657316e-03
  9.5127977e-02
 -8.9510918e-01
  1.8984612e-02
  1.6506723e-01
 -1.9787536e+00
 -2.1785328e+00
 -2.1004725e-01
 -1.2955706e-01
 -4.3408137e-02
 -1.6899563e-01
  5.8064498e-02
 -1.0389014e+00
  2.0139945e+00
 -2.8674087e-01
 -3.4926718e-01
 -7.0183408e-01
  1.5741355e+00
  2.8843136e+00
 -1.5774060e+00
  9.5336013e-02
 -1.7263199e-01
  4.2274378e-02
 -9.7762269e-04
 -3.6208999e-01
 -3.0912492e-01
 -1.5504640e-02
  3.3916771e-01
 -2.0075727e+00
 -4.7940264e+00
  1.5241787e-01
 -1.3934212e+00
 -1.2963351e-02
 -1.5893148e+00
 -1.6653624e-01
 -4.9837895e-02
  1.8325827e+00
  2.4633239e-01
 -1.1181440e-01
  4.6538587e+00
 -1.3329617e+00
 -2.5160154e-02
  2.4540730e-01
  3.1044024e-01
 -6.4946622e-02
 -2.2511828e+00
  1.4078202e+00
  9.2903093e-02
  6.7482717e-02
  8.2174011e-02
 -1.3274715e+00
  2.8421226e-01
  1.1105848e-02
  7.4769624e-02
 -1.8844791e-02
  1.5610120e-02
 -1.0902874e-02
  4.4378063e-01
  5.3103361e-02
 -3.1492133e-02
  2.0593463e-01
  1.1867074e-02
  3.6370376e-01
  2.0040295e+00
 -5.5685180e-01
  2.1997273e+00
 -1.4477859e+00
  1.5849772e-01
  1.7552378e+00
  2.7269554e+00
 -4.7498041e-01
  1.2816849e+00
 -2.7729990e+00
 -2.7328792e-01
  2.6591322e-01
 -3.2603198e-01
 -6.5904088e-02
  1.9259557e+00
 -1.1387732e-01
 -1.0722055e-01
 -1.1865268e+00
 -3.8318228e-02
  3.8637757e-02
 -1.5798882e+00
  7.9024494e-01
 -1.9195497e-02
 -1.1963570e+00
 -1.7100853e+00
  3.9862821e+00
  8.2005239e-01
 -3.9988030e-02
  4.5058373e-01
 -4.6553736e+00
 -2.0283282e-02
  9.1780150e-01
  1.4976536e+00
 -5.6749001e-02
 -1.8749418e+00
  1.3585887e+00
  1.5210600e-01
 -1.6181862e-01
  4.4624649e-02
 -5.6724135e-02
 -3.9033461e-02
  2.1395002e-02
  8.4522804e-03
  6.7714602e-03
 -8.8246852e-02
 -4.0354395e-01
  2.0532992e-02
  8.4911324e-02
  4.1720882e-01
 -8.9108634e-01
 -5.4771259e-02
 -4.4526443e-02
  1.8623519e-01
  4.3038549e+00
 -5.6562662e+00
 -1.5170060e+00
 -2.5502138e+00
 -2.3024542e+00
  1.9037982e+00
 -1.4735618e+00
  2.9431832e+00
 -1.7199402e+00
 -1.2089151e+00
  2.4964540e+00
  7.2042072e-01
  1.9473175e+00
  1.5098540e-01
  5.5349641e+00
 -2.7706220e+00
  2.8639741e+00
 -1.1885931e+00
  7.2426575e-01
  2.5507529e+00
 -1.3490840e+00
 -2.0714650e+00
 -2.7975214e-01
  1.8827712e-02
 -5.0179422e-02
 -9.4584656e-01
 -1.0769873e+00
 -2.7517862e+00
 -3.0163744e-01
 -6.9631636e-01
  4.1895018e+00
  1.4720879e+00
  1.7737809e+00
 -6.5671974e-01
 -2.6763098e+00
  1.4616838e-01
  2.9376605e+00
 -4.6879053e-02
  6.4964563e-02
 -2.6254141e-01
  1.8921545e-01
 -6.2069498e-02
 -3.2647744e-02
  4.8828678e+00
 -7.8898676e-02
 -1.3034106e-02
  7.6877981e-02
 -6.6646905e+00
 -3.0332264e-01
  3.8162139e-03
 -1.6637020e+00
 -8.6676337e-02
 -6.7768976e-02
 -6.6587943e-01
  3.2327853e-02
  1.9209540e-03
  5.4407492e-02
  1.1369748e-01
 -1.0962715e-01
 -1.9439609e+00
  4.4837054e-02
  3.9445143e-02
  4.4888502e-01
 -4.7824919e-02
  1.2842730e-01
 -5.5981169e+00
  1.7573689e+00
  6.2481679e-02
  4.7800779e-02
  8.2534575e-01
 -1.5981020e-01
 -2.4493886e-02
 -2.2609320e+00
  2.9263541e-02
 -5.7929128e-02
  3.5996358e+00
 -1.8469164e+00
  1.5973232e+00
 -1.3726036e-01
  1.9187214e+00
 -1.4728900e+00
 -2.3377564e-02
  1.0297197e+00
 -2.0414569e+00
 -2.3146583e-01
 -1.3636459e-02
  2.4400844e-01
 -5.0732535e-01
 -1.9214643e-02
  2.0212231e-02
 -1.3440560e+00
  4.8631355e-03
 -7.7111952e-02
  3.0118620e-01
  2.3957860e+00
 -1.2914597e-02
  4.1196141e-02
  1.2403123e-02
  2.0058863e-01
 -6.3369283e-03
 -6.7134750e-01
 -2.4865404e-01
 -8.2093015e-02
  2.0163865e-01
  1.2552723e-01
 -3.0978060e+00
 -4.2561903e+00
  3.7794349e-01
  1.9390531e-01
  3.5702342e-01
  1.8856643e-02
  9.0601839e-02
  7.5364918e-01
  3.9521256e-01
 -3.0958273e-02
 -8.5080944e-02
  5.3657439e-02
 -1.9308065e-01
  1.2056533e-01
 -1.6710104e-02
  1.9840169e-01
 -2.3909573e-02
 -8.9851670e-02
  2.1253909e-01
  6.4269507e-01
 -1.1703543e-01
 -9.4953012e-03
  4.3154415e-02
  5.9199624e-02
  2.5341168e-01
 -1.3283794e-01
  3.4563225e-02
 -4.5844877e-01
 -7.7310406e-02
  2.0331264e-01
 -1.5716238e-01
  7.7281050e-02
  3.7059363e-02
  1.2469830e-01
  4.1062303e+00
  2.4569245e-01
  1.4400985e-02
 -8.9231513e-02
  7.0441455e-02
  1.2012518e-01
 -5.9290737e-02
 -5.6520436e-02
 -2.3016472e-01
 -3.5620168e-02
 -9.5864020e-02
 -2.1245204e-01
  2.6343539e-01
 -9.8636135e-02
  4.6199281e-03
  4.7051435e+00
  8.5968864e-01
  1.0356761e-01
  7.9074430e-01
 -2.5884106e+00
 -2.9922028e+00
 -2.3456190e+00
 -2.9569440e+00
 -6.7277282e-01
 -5.4895926e-02
 -5.8446556e-01
 -1.6549174e-01
 -1.6211379e-02
 -4.8634776e-01
 -9.7515845e-01
  1.7112186e-02
 -8.2669681e-01
  2.7878365e-01
 -7.5657290e-01
  2.2020628e+00
 -5.0698173e-01
 -1.9237565e+00
 -1.0795177e+00
  2.5153961e+00
  1.0659186e+00
 -8.3923966e-01
 -1.5060145e+00
 -1.2975777e+00
 -5.0409454e-01
 -4.3240633e+00
 -7.8830701e-01
 -1.2595506e+00
  4.8486233e+00
 -5.2748847e-01
  7.0160395e-01
 -2.7199900e+00
  2.3957130e-01
  3.2511964e-02
 -1.1213471e+00
  8.4599185e-01
  4.1072905e-02
  5.9163328e-02
  3.8830853e+00
 -4.9637314e-02
  3.8388211e-02
  8.1344672e-02
  3.0408828e-02
  1.7501439e+00
  1.1702549e+00
  2.8655749e-02
 -1.3620421e-01
 -7.0946336e-02
 -1.4227667e-01
  1.2707009e-02
  2.0043568e-01
 -2.6464057e-01
 -9.7104363e-02
 -2.8249992e-02
 -3.3609587e-01
 -1.6109807e-02
 -1.7503296e+00
  4.6745677e-02
  1.2074976e-01
  6.8032824e-02
  2.0035414e-03
  8.9755252e-02
  1.3100065e-02
  1.8073704e-02
 -1.2218236e-01
 -2.1837886e-02
  9.3057317e-01
  3.1281012e-01
  5.8474941e-03
 -3.1460010e-02
 -5.0296234e-03
 -1.3136874e-02
 -1.3720964e-02
  8.5427523e-02
 -2.9784046e-02
  3.3543251e-02
 -1.1999261e-01
  6.5563694e-02
 -5.0317578e-02
 -1.5610610e-01
 -7.2364613e-02
  8.9479005e-04
 -4.9173702e-02
  4.8635462e-03
 -1.7523899e+00
 -1.4582980e-01
 -6.1597429e-02
 -9.0952761e-02
  3.7034348e-02
 -1.0974022e-01
 -1.5616848e-01
 -4.3237260e-01
  2.5434458e-01
 -6.3630946e-02
  3.0312266e-02
  8.7303445e-02
  1.8712096e-02
 -1.8437527e-02
 -5.7427783e-02
 -1.2388126e-01
  3.0230099e-01
 -1.2346632e-03
  5.0027687e-02
  5.4224133e-02
 -5.5342197e-02
 -1.9101726e+00
 -1.8730955e-02
 -1.8042179e+00
 -7.6119006e-02
  1.5607398e+00
  1.8219636e-01
 -4.5738187e-02
 -1.4553179e-01
 -1.7256532e+00
  4.9671985e-04
  2.8521177e-01
  8.2003720e-02
  8.8775098e-02
 -1.4262931e-01
 -2.4432690e-01
  4.4236451e-02
 -4.6743080e-02
  6.5351449e-02
 -1.1823899e-01
 -2.0614354e-01
  2.6136211e-01
  8.8758063e-01
  1.3591728e-01
 -9.8902592e-03
  1.0994481e-01
  8.1248302e-03
  8.2947001e-02
 -8.2767546e-02
  1.6176607e-02
  3.0977607e-02
 -1.4673555e-01
 -4.1580950e-03
  2.0795235e-01
  1.1249830e-01
 -4.6912353e-02
  1.3183175e-01
 -1.9896291e-01
 -4.9589930e+00
  6.4368956e-02
  1.3709214e-01
 -4.3749046e-02
  1.1995494e-02
 -2.4404447e+00
 -1.4917561e+00
 -2.2295206e+00
  1.0330081e+00
  7.1850732e-02
 -2.9930377e+00
  2.6142359e+00
  3.2053108e+00
 -4.0752773e+00
 -1.0877644e+00
  2.6005290e+00
  1.6772671e+00
  2.5255380e-02
 -7.3544726e-02
  3.0886810e-02
 -1.1414352e-01
 -4.3826771e+00
  3.4247997e+00
 -4.1259527e-01
 -2.1083093e+00
  1.4632059e+00
 -1.5997276e+00
 -3.9924972e-02
 -4.1289887e+00
 -6.1800289e-01
 -3.5233849e-01
 -4.0691981e+00
 -1.0781698e+00
 -6.5239185e-01
 -6.0490203e-01
 -9.0211493e-01
 -1.6437743e+00
 -5.3497992e+00
 -2.3720422e+00
 -8.0584198e-01
  2.0928504e+00
 -1.2153391e+00
  2.1126246e-02
 -3.3849083e-02
  8.4079921e-02
  7.6393351e-02
  2.2094447e-02
  1.9585954e-02
  2.4249437e-01
 -3.0408344e-01
 -2.1372678e-02
 -9.7968549e-02
  1.2182858e-02
 -1.8206684e-01
 -1.9994833e-02
  3.1116062e-01
 -1.1528874e-01
 -1.4613309e-02
  1.2021371e+00
  1.5275621e-01
 -7.2322041e-02
  1.5612914e-01
  1.6395195e-01
  7.0381492e-02
  7.4429467e-02
  1.2042029e+00
 -4.6929147e-02
  8.0406427e-02
  6.8698488e-02
 -1.3488764e-03
  2.3026764e-01
 -1.0031511e+00
  2.1772794e-02
 -1.4154432e-02
  1.7758803e-01
 -4.3049704e-02
  1.3555735e-02
 -1.8862563e-01
  9.6264809e-02
  2.2033410e-01
 -2.4477512e-02
  1.4605926e-01
  2.2648150e-02
  7.2357488e-01
  1.9101840e-02
 -8.3387103e-03
  1.0404544e-01
  6.0795762e-02
  2.2429137e-02
  1.2763048e-02
  5.0562683e-02
 -1.7853564e-01
  4.7346312e-01
  4.9093716e-02
  9.7007602e-02
  5.6764893e-02
  6.5121887e-04
 -5.5813920e-03
 -1.5168711e+00
  6.2961071e-03
 -3.2055182e+00
  2.9186803e-01
  3.5372984e-01
  3.9146881e-04
 -1.2632646e-01
  2.1714827e-02
 -6.3148327e-02
  2.2773691e-01
  2.9503822e-03
  1.0161079e-01
 -1.1436114e-01
  2.9872399e-02
  1.9563846e-03
 -2.9253960e-01
 -7.9344071e-02
  1.6649212e-01
  1.3583133e-01
 -1.4279167e-01
  3.7311118e-02
 -4.6393763e-02
 -6.0416453e-02
  5.5574398e-03
 -1.8222249e-01
  5.4424137e-02
 -3.6885804e-01
  1.0638410e-01
  1.0155555e-01
  1.6437495e-02
 -6.6738397e-02
 -6.1974235e-02
 -4.3243191e-01
 -2.4397345e-01
 -7.1449764e-04
 -1.0025853e+00
 -2.7572972e-01
  1.6314556e-01
  2.0942000e-01
  1.4783449e-02
 -5.1770645e-01
  2.4425566e-01
  1.7634985e-01
 -2.0922083e-01
  8.1418008e-03
 -6.4612895e-02
 -1.3365145e-01
  1.9901164e-01
  6.5566695e-01
 -7.8771338e-02
 -2.2670342e-02
 -1.0485088e+00
  5.2655423e-01
 -4.4270724e-02
  3.2710097e+00
 -8.0537908e-02
  5.4700281e-02
  4.1672990e-02
 -1.5808968e-01
  1.7546274e-02
 -4.1552415e+00
 -1.7088443e+00
  4.5629907e+00
  1.4608526e+00
 -4.6346616e-02
  3.5485618e-02
  6.5754509e-01
  2.5375659e+00
  3.1215115e+00
 -4.4140974e-01
 -1.1681236e+00
  2.8902030e+00
 -3.4795482e-02
  1.1275994e+00
 -1.0734595e+00
  9.7243875e-02
  4.9201635e-01
 -5.5075531e+00
 -1.5048456e+00
 -1.2528449e+00
 -7.3177856e-01
 -3.0614784e+00
 -2.8728721e+00
 -1.9468849e+00
  4.5459202e-01
  1.2620445e+00
  3.6391335e+00
  1.0241899e+00
  2.8684642e+00
  1.7539521e+00
 -5.7535416e-01
  5.8673429e-01
  1.6923565e+00
 -3.6829281e-01
 -1.6823919e+00
  2.0185437e+00
 -2.2495432e+00
 -2.0954703e-01
 -6.0003728e-01
 -9.4577998e-01
 -2.3392074e-01
  1.4417160e-01
 -1.7106342e-01
 -5.0850564e-01
 -3.2926669e+00
  1.9527555e-01
 -4.7358781e-01
 -4.5255584e-01
  6.6016123e-02
  2.1761236e-01
 -6.1367191e-02
  2.5382340e-02
  5.3678936e-01
 -5.6962721e-02
  4.3168327e-01
 -3.6956165e-02
  2.0185965e-01
  4.2826578e-02
  3.0738267e-01
  3.2364935e-02
  2.1033698e-01
 -4.7681198e-01
  1.0861437e-02
  9.6008316e-02
 -1.8497055e-03
  1.4797089e-01
  2.4644199e-01
 -2.8680032e-02
 -2.2542302e-01
 -5.7463056e-01
 -7.0772491e-02
 -4.1232724e-02
 -4.5632400e-02
 -4.4454917e-02
  1.3711636e-01
  3.6527225e-01
  1.1724698e-01
 -5.5741228e-02
 -1.3457796e-02
  1.1907519e-01
  4.4760358e-02
  1.3604495e-01
 -2.4815184e-01
  2.8331323e-02
 -4.2048928e-01
  3.4207904e-01
  2.7321532e-01
 -3.1585675e-02
  3.7603330e-02
 -2.5267345e-01
 -9.8209362e-04
 -7.9122812e-02
  4.5539930e-02
  4.1384246e-02
  1.8608299e-01
 -1.2430499e-01
 -8.8001251e-02
 -5.3683914e-02
 -1.1610600e-01
  4.6231721e-02
 -8.4850430e-02
  7.1405493e-02
 -3.0202475e-01
 -1.2721110e-02
 -8.9890860e-02
 -1.4439552e-02
 -3.4686797e+00
 -3.1399127e-02
  4.2769298e-01
  4.4123411e-01
  7.8640347e-03
  1.4214849e-01
  3.9137010e-03
 -3.1498701e-03
 -3.0403468e-01
  1.3835686e-01
  9.7904432e-01
 -1.8393353e-01
  3.3241324e+00
  2.4662139e-01
  3.2872498e-02
  4.9229670e-02
 -2.4690033e-01
 -5.5615537e-02
 -4.3398429e-02
 -1.9388944e-01
 -9.1680062e-01
 -2.8623775e-01
  1.4773263e-01
 -1.7573710e-01
  1.5225590e+00
 -6.0670283e-03
  7.7630306e-04
 -2.9691777e+00
  2.5517091e-01
 -2.6718158e-02
 -1.8641217e-01
 -2.4217200e-01
 -3.6232735e-03
 -5.8392673e-03
  8.1893448e-03
  5.1893052e-02
  1.6644348e-01
  2.7208598e-02
  5.3801024e-03
  1.0077083e-01
 -3.6222328e-02
  2.7969316e-02
 -2.3136833e-01
 -1.1066345e-01
 -1.0657218e-02
 -5.3067606e-02
  1.0848901e-01
 -1.5831394e-01
 -1.6230278e-01
 -5.0379396e-03
 -8.3021902e-02
  3.3959869e-02
  4.8800036e-02
  2.0081379e-01
 -1.0050979e+00
 -3.0556250e-02
  2.5979358e-01
  2.7207211e-02
 -4.7853433e-02
 -1.8158525e-02
 -1.9912245e-02
  5.4203141e-02
 -4.6319537e-02
  3.3877379e-01
 -2.0108272e-01
 -2.0070395e-02
 -3.3871289e-02
 -3.4266096e-02
 -1.7709060e-01
  6.3064687e-02
 -1.2104456e-01
  5.9220236e-02
  1.2503138e-01
  3.7011485e+00
  2.2626530e-02
 -4.9004275e-02
 -1.2300898e-01
  4.9697012e-01
 -1.7335113e-02
  1.7418452e-02
  4.4514235e-02
  5.8871796e-03
  2.6769336e-02
  8.7582298e-02
 -1.9218034e-01
 -2.9049750e-02
  5.9991896e-02
 -4.2679619e-02
 -2.0885253e-02
  5.0166693e-02
 -1.1649368e+00
  1.7445041e-01
  7.0339546e-04
 -1.7218027e-02
 -5.4011433e-03
  6.6517992e-03
 -5.4769840e-02
  6.9502175e-02
  2.2481767e-02
 -1.3766835e-02
 -3.1661723e-02
  2.0625387e-01
  7.0110607e-01
  1.0688664e+00
 -1.7328627e-01
  2.2187160e-02
  1.9131437e-01
  2.4704199e-02
 -9.0456083e-02
  5.0932530e-02
 -1.4791816e-02
 -1.4705893e-01
 -3.7784293e-02
  1.5608735e-01
 -8.3544433e-01
 -2.0659562e-02
  4.9404219e-02
  3.8332827e-02
 -6.2788302e-01
  2.5751792e-02
  3.3814600e-01
 -8.5509948e-02
  3.9776191e-02
 -2.8092524e-01
  2.8619826e-02
  3.3124378e+00
 -5.6877431e-02
  4.0842917e-02
  8.5025737e-03
 -2.6818627e-02
  3.6219887e-02
 -1.0741784e-01
  1.2214359e-01
  2.9995531e-01
  6.3454792e-02
 -9.0441912e-01
 -5.4437455e-02
  1.5551835e-01
  7.8426376e-02
  2.5897172e-01
 -9.0382203e-02
  1.7613299e-01
 -1.3056256e-01
  1.5361671e+00
 -6.1240114e-02
 -2.3136073e-01
  3.3887781e-02
  1.2075021e-01
  3.9564201e-04
  2.6346767e+00
 -3.7682583e+00
 -1.4814435e+00
  1.9005105e+00
  3.0990368e-01
 -1.5955284e+00
 -1.9760717e+00
 -7.2297430e-01
 -1.3327501e+00
  1.9362243e+00
 -1.3597738e+00
 -4.4601017e-01
  4.7305268e-01
 -8.9142841e-01
 -2.7652612e-01
  5.0605035e-01
 -3.6741061e+00
  1.6253410e-01
 -5.4282193e+00
 -9.4500953e-01
  4.8808712e-01
 -1.4557629e+00
  1.7947006e+00
 -3.7611814e+00
  1.8350196e+00
 -1.3628231e-01
 -2.3443453e+00
 -2.2505238e+00
 -2.0957747e+00
  6.2926383e+00
  2.0004267e-01
  8.8941930e-03
 -2.2654214e+00
  4.7567554e+00
 -2.3097034e+00
  1.3098723e+00
 -6.0045809e-01
 -3.7568595e+00
  1.1120065e-01
 -3.0872351e-01
  3.4747802e-02
  2.1985044e+00
 -9.0504296e-02
  4.1725197e-01
  4.3370643e+00
  1.9208984e-01
 -2.3906669e-02
 -3.5056010e-02
  7.7363439e-02
 -1.8129593e+00
  1.8574235e+00
 -6.2150440e+00
  3.0224589e-01
  2.6004355e+00
 -3.3237663e-01
  6.0638577e-01
 -1.3071206e+00
 -2.6503108e+00
  1.2128159e+00
 -1.9043386e+00
  1.7907637e+00
  1.9584050e+00
  8.2419676e-01
  3.7030345e-01
 -4.0198002e+00
  1.2562956e-01
  1.5383209e-02
 -5.1105773e-01
  8.6898065e-01
 -1.2031926e+00
  1.6573123e+00
 -6.3257605e-01
 -2.2310357e+00
 -7.6853916e-02
  2.9367929e-02
 -2.4646041e+00
 -4.2052045e+00
 -1.0294383e+00
  5.4071021e-01
 -8.3095163e-02
  5.8519831e+00
  1.1595145e+00
  1.9376621e-02
  1.1062720e+00
 -1.4935346e+00
 -7.6263118e-01
  4.3275133e-01
 -4.1499114e+00
 -2.9379127e+00
 -2.0624006e-02
 -1.0411214e+00
  9.7023718e-02
  2.3930459e+00
 -2.0942529e-01
 -3.4239680e-01
 -4.5302005e+00
 -9.0404391e-01
 -2.8541140e-02
 -9.9307671e-02
  2.5761131e-02
  1.4289759e-02
 -1.8212664e+00
  5.0147995e-02
 -1.9961113e-01
 -2.2374785e-02
  6.9662027e-02
  4.5326971e-03
 -1.0356616e-02
  6.2642716e-02
 -2.5198206e-02
 -4.8513997e-02
  5.5916691e-01
  2.4922054e-01
  2.3749173e-01
  8.6267537e-01
  2.5236892e-02
  1.7819658e-02
 -1.9566060e+00
  1.9313194e-02
 -1.8730754e-01
  2.2772734e-01
  8.6720504e-02
  8.0376409e-02
  8.0721319e-02
  3.4368221e-02
  3.4186608e-01
  6.9512948e-02
 -1.0775077e-01
  1.4743431e-01
  3.2578936e-01
  6.2278580e-02
  1.5263912e-01
  4.9040131e-03
  3.5095279e+00
 -6.7527309e-02
 -1.5234128e-02
 -1.2724416e-01
 -1.6686358e-02
 -4.3492818e-01
  2.9165206e-02
 -1.8307265e-02
 -2.2697276e-02
 -4.8401851e-02
 -1.8852394e-02
 -1.0966079e-02
  5.5668198e-02
  4.1131353e-01
  9.6868323e-03
 -8.4793729e-01
 -1.2448131e-01
 -4.1535579e-02
 -7.7001226e-01
 -9.2985731e-01
 -3.2660309e-02
 -2.8296285e+00
 -4.7104192e-01
 -8.7043799e-02
 -1.3379265e-02
 -2.1685356e-01
 -7.9433239e-01
  1.2447735e-02
  6.7348146e-01
 -5.1873517e-01
 -1.2924812e-02
  6.0368571e-02
  5.2902918e-02
  6.1581884e-02
  3.4758259e-02
  2.5183618e-02
  2.4366866e-01
  7.7103609e-01
  6.0876504e-02
 -5.1597347e+00
  1.0676827e+00
 -1.5078451e-01
 -3.9577761e-01
 -1.0328119e-01
  8.7898619e-02
 -2.1828885e-01
 -2.8539772e+00
 -5.6052703e-01
 -4.2969823e-02
  4.3098904e-02
 -3.3592990e-01
 -1.3008539e-01
 -1.0093156e-01
  3.3774909e-01
 -5.2211607e-01
  5.1445223e-02
  3.8598056e+00
  2.7440226e-02
  2.3886564e-01
  2.2969529e-02
  1.7731745e-02
 -1.0186240e-01
 -7.9828173e-02
 -2.8353499e-03
  1.2037580e-02
 -8.7301256e-03
 -7.0897043e-02
  2.7437704e+00
 -1.5268989e-01
  1.3976355e-01
 -1.8848944e+00
 -1.6858066e+00
 -5.0698829e-01
 -7.8489888e-01
  1.6709369e-01
  3.1446004e-01
 -5.4855160e-02
  1.7267027e-01
  1.9960670e-01
 -4.0303729e-02
  5.6298189e-02
 -4.8490450e-02
  8.3591845e-03
 -1.7694363e-02
 -9.0238273e-02
 -2.9298978e-02
 -3.0341310e-02
 -5.0510353e-01
  1.9479812e-03
  9.8586027e-03
 -5.4933701e-02
 -2.8758453e-02
 -1.8147747e-01
  5.7823021e-02
  9.0636676e-03
  6.7540623e-02
 -1.8168461e-02
  3.6816239e-01
 -8.0998741e-02
  1.1975124e-02
 -5.4058909e-02
  3.7130489e-04
 -1.6027633e-02
  1.4587426e-01
 -1.9872701e-02
  3.6783498e-02
 -2.0443015e-01
 -1.1851660e-02
 -5.7055631e+00
  1.9295048e-02
  1.4069691e-01
 -1.0723330e-03
  1.3385473e-01
 -5.4188978e-02
 -3.5572037e-02
  2.0337954e-01
 -2.9727614e-01
  1.3747433e-01
  2.8790386e-02
 -1.9975277e-02
  4.2530096e-01
  1.9238174e-03
  7.9351999e-02
  8.9052744e-02
  7.4014060e-02
  3.5438165e-03
 -7.3430769e-02
 -1.2482804e-01
  7.3022664e-02
 -5.4999715e-01
 -6.0133517e-01
 -1.3291286e-01
  2.9736024e-01
 -4.0917844e-02
  8.4269933e-02
  2.0481614e-02
 -9.5598057e-02
  1.3201535e-01
 -4.2602167e-01
  1.4512306e-01
 -6.7918792e-02
  3.6947915e-01
 -1.2532815e-03
 -1.5330702e-01
  5.9584472e-02
 -2.4494702e-01
  7.4831159e-03
 -5.2061643e-02
  9.6141472e-03
 -4.8796988e-01
 -4.4829015e-02
 -1.9446759e-01
 -1.8371199e-01
 -7.7060360e-01
  1.5071277e-02
 -2.7966386e-02
  3.5864368e-02
 -2.0606004e-01
 -7.8217916e-02
 -2.4148035e+00
  1.5795654e+00
 -3.5047325e-01
  1.4092522e-02
  2.3145722e-02
 -2.4136553e-02
  1.2251675e-01
 -3.2752339e-02
 -4.0408649e-02
  6.7574996e-01
 -1.3578766e-02
  5.6189112e-02
 -1.0244983e-02
 -1.9536000e-02
 -3.3901522e-01
  4.1200135e-02
 -1.0769876e-01
  4.2780030e-01
 -8.6512256e-01
 -9.9061154e-02
  1.1409471e+00
  3.9638501e-02
 -4.7160171e-02
 -4.9903691e-03
 -3.2451469e-02
 -2.3126550e-02
  1.8124332e-01
 -2.2691648e-01
 -1.0921837e-01
  4.8462309e-02
  2.3113165e+00
  2.9044327e-01
  5.1203299e-02
 -6.6335104e-02
 -1.1085588e-01
  1.9650403e-02
 -1.0543618e-01
  4.1943008e-01
  2.3863520e-02
 -5.6431820e-03
  1.2956515e-01
 -5.4302730e-02
  2.0087960e-01
  4.0301573e-01
  1.3038112e-01
  2.0119774e-01
  1.8243417e-02
 -1.2236378e+00
 -1.6071463e-01
 -7.8117885e-02
 -1.0441979e-01
  2.5226444e-01
 -8.5508069e-03
 -3.9735932e-02
 -1.3590284e-01
  2.0821165e-01
 -1.9944850e-02
  2.7325746e-01
 -3.3817109e-02
  8.9065835e-02
  1.4954069e+00
 -1.2185127e-01
  3.4014353e-01
  1.6355053e-02
  1.0784286e-01
  1.8293972e+00
  1.2013854e+00
  1.2218426e+00
  2.8621068e+00
 -6.3547638e-04
  4.5089135e+00
  4.5724025e-01
 -1.7979506e-02
  3.4188263e+00
  1.7027435e+00
 -1.2762243e-01
 -1.1795345e-01
  1.1913753e-01
  6.9932841e-02
  1.6370305e-01
 -4.7157647e-04
  2.2805743e+00
 -2.3395126e+00
 -1.9181093e+00
 -3.8179567e-03
 -8.4958142e-01
  3.3891687e-01
  7.1911089e-02
  8.8842356e-01
  7.0835537e-01
  2.8960195e+00
  5.4283583e-01
  1.0490521e-01
 -3.3419859e+00
  2.3155928e+00
  7.6112556e-01
  1.8207505e-01
  3.2991023e+00
  5.2319825e-01
 -1.2060642e+00
  3.9893205e+00
 -8.6769325e-01
  6.6112369e-02
  1.5942980e-01
 -8.2419485e-02
  1.2300595e-02
 -4.2011883e-02
 -6.6391483e-02
  6.1241025e-03
  3.5673738e-02
  3.7429444e-02
  5.4453339e-02
  2.0761332e-01
  1.5276602e-01
 -4.2705539e-01
  3.3805463e-01
 -1.3773125e-01
 -1.4638309e-01
  2.1756914e-02
 -1.3474721e-02
 -1.3433374e-01
  4.8663330e-01
  4.8097429e-01
 -7.1889959e-02
 -1.6785527e-02
 -3.4534264e-02
 -1.7898226e-01
 -5.9317686e-02
 -7.9927541e-02
  6.1876006e-02
  7.3591691e-01
  2.8268101e-02
  9.7709084e-01
  1.0597029e-01
 -9.6882015e-02
 -4.9457677e-02
  1.8688476e-02
 -2.4270026e-02
  1.7419726e-01
  1.2418736e-01
 -6.1056942e-02
 -1.4876677e-01
 -1.2366418e-01
  1.4586153e-02
 -5.9889995e-02
  1.4037281e-01
  9.2577346e-02
 -9.7956918e-02
 -1.6216585e-01
 -5.9360191e-03
  6.2630765e-02
  8.3330469e-03
  1.2699150e-02
 -9.0434469e-02
  3.0704701e-01
 -1.5003330e-01
  1.7311528e-01
 -8.6445048e-02
 -1.5912948e-02
  6.8016969e-02
  3.1527126e-01
 -1.4717388e-02
  1.6774052e-01
  7.5941356e-03
  2.3237819e-02
 -7.9502344e-02
  1.6087998e-02
  3.3576078e+00
  1.7036887e+00
 -2.8859371e-01
  1.2300653e-01
  7.2572818e-03
 -1.7896213e-01
  1.3791722e-01
 -1.1116650e+00
  2.1454842e+00
  1.4156591e+00
 -1.9791448e+00
 -2.8664067e+00
  4.3602961e-01
  1.0680279e-01
  1.0818034e-01
  4.2498672e-01
  4.8799033e+00
  1.7410319e+00
  1.0018374e-01
 -2.0810668e+00
  4.9054995e-02
  3.4528697e-01
  2.0514908e+00
  6.0519254e-01
 -3.0389841e+00
 -5.9444962e+00
  2.5623035e-01
 -2.9183407e+00
 -2.1180553e+00
  8.5092872e-01
  1.7374988e+00
 -1.7354914e+00
  1.6938674e-01
 -2.2540031e-02
  1.9651599e-01
  2.5311475e+00
 -9.1168290e-01
  5.7924379e-02
  6.6214852e-02
  2.5943440e-01
  1.6892773e-01
 -3.8571302e-02
  9.9698287e-03
  4.7977403e-01
  8.3752900e-01
 -2.4655328e+00
 -8.1661688e-05
 -1.2578209e-01
  1.2612289e-01
  1.4601910e-01
 -6.8219662e-02
 -1.4638742e+00
 -6.0480959e-03
  1.4254914e-01
 -3.2617012e-01
 -9.7499251e-02
  2.5551057e-01
  8.6159289e-02
  4.1757263e-03
 -6.9912332e-01
  7.6210141e-02
  2.0210806e-01
  1.5306345e-01
  1.2663475e-02
  1.0099453e-01
  7.6336212e-02
  1.5056591e+00
  1.3493425e+00
 -3.9007168e-02
 -6.0123768e-02
  8.0507624e-01
  2.4947625e-02
 -1.4994640e+00
 -3.0838442e+00
  3.0735757e+00
 -8.6408272e-02
  3.1354472e-01
  2.7405980e-01
 -2.0979168e+00
 -9.0296668e-01
 -3.0940268e-02
  1.2016472e-02
  2.9984739e-01
 -5.6479491e-02
  3.4339398e-03
 -5.7445746e-02
  3.6894497e-02
  3.0107982e-02
  1.8363880e-02
 -1.4127779e-02
  4.3003172e-01
 -2.5805522e-02
 -6.8130076e-01
  1.3224127e+00
  1.5073688e-02
 -3.1567209e+00
  4.4862837e-02
  7.2455090e-03
 -3.3556297e-01
 -8.2313754e-02
 -8.6926885e-02
  7.2086356e-03
  2.6101770e+00
  1.5222965e-01
  1.4461459e-01
 -9.8101437e-01
 -9.8182893e-01
 -1.7646664e-01
 -3.9814919e-02
 -3.4283352e-01
  8.7394752e-04
  6.5746032e-02
 -1.3645959e-01
 -1.4611286e-01
 -3.3829915e-03
 -4.6264328e-02
 -3.1159965e-03
 -5.3909350e-02
 -3.8576698e-01
 -3.0364020e+00
  4.1212887e-01
 -5.5314684e-01
  1.5932526e-01
  1.7839620e-01
  3.0157233e-02
 -2.8034193e-02
  5.6342088e-02
 -4.9083892e-01
 -3.1060839e-02
 -1.0382659e-01
  3.0764005e-01
 -8.6857456e-01
  2.9893892e-03
 -3.1978156e-02
  6.7530245e-02
 -1.5132536e-01
 -4.2154219e-02
 -8.3118595e-02
 -2.8891888e-02
 -2.8141599e+00
  3.1092685e-01
 -6.2114537e-02
 -2.5827953e-01
 -1.1418188e+00
 -6.9178171e-03
 -1.0183024e-01
 -2.5378501e-01
  3.1639665e-02
  1.2465668e-01
  1.6914213e-01
 -5.0263152e-02
  8.8806197e-02
 -1.5093698e-01
 -2.0033844e-02
 -1.0272271e-02
 -5.2139692e-02
 -1.6088414e-01
  1.7315637e-02
 -3.2410836e-01
 -1.8801923e+00
 -1.0707514e-02
  2.1540108e+00
 -2.5522811e-02
 -1.0395110e-02
 -6.0477115e-02
 -2.8517243e-01
  5.4485861e-02
  3.5415748e-01
  2.7245015e-02
  5.1934631e-03
 -1.4709204e+00
 -1.5069635e-01
  1.3264588e-01
  2.7337921e+00
  2.4892083e-01
 -2.3268597e-01
 -7.9443708e-02
 -1.2267723e-02
  6.9814146e-01
  7.9024490e-03
  2.9290702e-02
 -1.0663974e-01
  1.8429527e-01
 -2.2138870e+00
 -5.5713296e-02
  9.4252795e-02
 -1.4575765e-01
 -8.1554598e-01
 -4.2375464e-02
  9.5977180e-02
 -8.9549176e-02
 -4.9547879e-03
  7.8461222e-02
  1.0144717e-01
 -4.2821396e-02
  2.3083005e+00
 -1.2932396e-01
 -1.9139315e-01
  1.2971191e-02
  3.5996336e-02
  1.9041819e-02
 -3.6199328e-02
 -6.8487734e-01
 -1.2531532e-01
 -2.2564806e-01
  6.9701910e+00
 -1.4420998e+00
 -1.0370598e+00
  3.1062650e-02
  6.1866689e-01
 -1.7277590e+00
  2.8680781e-01
 -1.8341339e-01
  8.3562337e-02
  6.6755204e-03
 -9.4688445e-02
 -4.0127376e-01
  1.0449299e-01
 -5.8323823e-02
 -4.1256510e-02
  5.0144094e-01
  7.4988997e-01
 -1.3225310e-01
 -2.6343849e-01
  7.6137915e-02
 -1.0934039e-02
  3.9786003e+00
  7.0038694e-01
  1.5151204e+00
  2.0092869e+00
  1.0880100e-02
  1.6308409e+00
  1.0488588e-01
  1.8576828e-01
  1.7130176e+00
  2.3688656e-01
  9.9378175e-01
  1.1488782e+00
 -6.8400401e-01
  9.5541918e-01
  3.4092942e-01
 -1.4554684e-01
 -1.1895771e-01
 -4.3566849e-02
  2.1220890e-01
 -1.2243680e-02
 -1.9177264e-02
 -5.4274697e-02
  1.0796045e-01
  9.9499151e-02
  1.6145559e-01
  4.4674392e+00
  3.8945103e+00
 -1.4316007e-01
  1.1317421e-01
 -1.4241976e-01
 -1.7761970e+00
 -1.0591213e+00
  5.3410679e-01
 -1.8054589e+00
  3.2212082e-01
 -3.9992998e+00
  2.6873977e+00
  6.9889164e-01
 -3.6218402e+00
 -9.7546253e+00
  3.3959442e-01
 -3.9376035e-02
  1.8609306e-01
  1.4816355e+00
 -1.5168776e-01
 -6.5732378e-01
 -6.2134528e-01
  7.2052491e-01
 -3.4776564e+00
  2.1107605e+00
  1.8603847e+00
 -1.3246107e+00
 -4.4054227e+00
 -3.7375298e+00
  1.8992142e-01
 -1.7751739e+00
  8.0109036e-01
 -3.3536890e-01
 -1.9101789e+00
 -7.9410872e+00
  2.4517679e+00
  6.2803471e-01
  5.7504147e-01
  3.2095816e+00
 -3.5467330e-01
 -8.0592442e+00
  1.2182438e+00
 -1.4333734e-02
  1.5319315e-01
 -1.0862677e+00
  3.1676546e-02
 -7.6551385e-02
  5.2492049e-02
  2.3568687e-03
 -9.8343000e-02
  1.6809168e-01
  1.4288232e-02
  2.9521160e-02
  1.1763673e-02
 -4.0022314e-02
  4.4570203e+00
 -2.4697568e+00
 -2.5883999e+00
  2.7200234e+00
 -1.7937057e+00
  3.3231733e+00
  5.9092879e-01
 -3.0104234e+00
  2.4067819e+00
  2.6203239e-01
  1.8469106e+00
  3.9340037e-01
  3.9331899e+00
 -6.5464050e-01
  2.9412465e+00
  3.0188627e+00
 -5.6258869e-01
  1.0912851e+00
  1.7238524e+00
 -5.3239942e-01
  2.5172009e+00
 -3.3699372e+00
 -2.4726956e+00
  1.8709772e+00
  3.3598213e+00
  6.6124552e-01
 -6.8138272e-01
 -3.2517478e+00
 -3.0586174e+00
 -4.0728741e+00
  2.3724635e+00
 -3.2597039e+00
 -1.2004268e+00
 -4.5204716e+00
  3.2336810e+00
  1.7783798e+00
 -7.3250359e-01
  4.5680633e-01
  3.0173421e+00
  4.1417718e+00
 -3.2788048e+00
 -1.0897366e+00
  6.2314844e-01
 -2.2057998e+00
  2.6981241e-01
  3.5146067e+00
 -6.7744744e-01
 -3.4594455e+00
 -3.6370296e+00
  2.8765795e+00
  2.0354543e+00
  3.5426617e+00
 -2.9794905e+00
  4.0750942e+00
 -1.5636183e+00
  2.9883387e+00
 -2.4962690e+00
  1.9638186e+00
 -3.2699258e+00
  3.0982952e+00
 -4.2878193e-01
 -2.3075458e-01
 -2.7989764e+00
 -3.3668258e+00
 -1.3716543e-01
 -3.5282404e+00
 -8.4349267e-02
 -4.8081045e+00
 -1.3074531e-01
 -1.5925658e+00
  2.1032906e+00
 -2.1076421e-01
 -5.2786231e+00
 -3.0610840e+00
 -4.5712730e-01
  3.5238097e+00
  3.9360399e+00
  2.6586788e+00
 -4.4803205e+00
  2.7612414e+00
 -9.6242940e-03
 -2.8412671e+00
 -2.8244503e+00
 -3.2454643e+00
 -1.7025915e+00
  1.0490382e-02
  5.1622617e-01
 -3.3842740e+00
  3.5648212e+00
 -2.4915669e+00
  3.4426157e+00
 -2.1631413e+00
 -1.3145744e+00
 -2.8160362e+00
  1.0403204e-01
 -3.4100749e+00
  2.7898970e+00
  2.0214458e+00
  1.0975527e+00
  2.3528816e-01
 -1.2523775e+01
  5.5105324e+00
  7.2439580e+00
 -6.8589659e+00
 -7.6388752e-01
 -1.9716555e+01
  2.1325134e-01
  1.1683578e+01
 -7.1815963e+00
 -1.3558589e+00
 -6.8244381e+00
  1.1408976e+00
 -2.7311370e+00
  2.4421079e+00
 -1.2942633e+01
 -1.4274381e+01
  2.3286515e-01
  7.9401445e-01
 -1.1750662e+01
  9.0306550e-01
 -3.0807383e+00
  1.7670654e+01
  8.4748220e+00
 -2.3535578e+00
 -1.6107050e+01
 -3.1670363e+00
  3.0617576e+00
  1.3057386e+01
  1.1969330e+01
  1.0564732e+01
 -7.4546652e+00
  7.8526797e+00
  1.9246305e+00
  1.0893860e+01
 -1.9387550e+00
 -9.6519442e+00
  1.7407632e+00
 -1.0360680e+00
 -3.7597957e+00
 -1.6621571e+01
  2.1828299e+01
  1.5712757e+00
  4.8357201e-01
  3.2146783e+00
 -5.2369362e-01
 -8.2297430e+00
  1.0731618e+00
  7.6254153e+00
  9.0445738e+00
 -4.5148506e+00
  1.4830738e-01
 -1.0632727e+01
  9.8032789e+00
 -1.2859352e+01
  1.0058726e+00
 -5.1104879e-01
  4.2835655e+00
  9.1406709e-01
  2.0020811e+01
 -1.2106419e+01
  1.6897136e+00
 -2.2037518e+00
  1.2694124e+01
  1.1135501e+01
 -2.5947635e+00
  9.3539553e+00
 -3.7862024e+00
  1.5918073e+01
 -1.1028574e+00
  5.5449712e-01
 -2.3209567e+00
  1.5470403e+00
  1.3918172e+01
  5.5179615e+00
  6.1954004e-01
 -1.1444001e+01
 -1.5273749e+01
 -7.5230203e+00
  1.1956895e+01
 -7.5743604e+00
 -1.2516142e+00
  5.2788215e+00
  5.6755767e+00
  1.4903219e+01
  3.9720732e-01
  9.3893921e-01
 -1.3781288e+00
  1.1470497e+01
 -9.8809805e+00
  5.6486516e+00
 -1.6072086e+01
  4.7221894e+00
  3.3930151e+00
  8.3933020e+00
  4.4883063e-01
  2.0861521e+00
 -5.9124150e+00
 -1.3253976e+00
  3.3665279e-01
  1.9109979e+00
  1.0169237e-01
  2.5659084e-01
  5.2581257e-01
  2.7654738e+00
  1.1641375e+00
  1.1029370e+00
 -8.6295146e-01
  1.2999247e+00
  1.2865146e+00
 -7.6039833e-01
 -1.6757910e-01
  6.5282291e-01
 -2.3288324e-02
  1.1898309e+00
 -2.9247954e+00
 -2.1559322e-01
  7.6765978e-01
 -4.0796318e+00
  3.0017620e-01
  3.6120519e-02
  1.1543039e+00
 -4.4805881e-01
  6.1836604e-02
  2.4720690e-01
  9.4503826e-01
  1.1099646e+00
 -5.4083300e-01
  2.3584595e+00
 -3.9318803e-01
 -3.7270337e-01
  1.3665386e-01
  6.5594471e-01
  2.5286860e+00
  1.0112613e-01
 -1.4995636e-02
 -5.0813091e-01
 -1.2100980e+00
 -2.2046232e-01
 -1.1088882e-01
  6.8654217e-02
  7.3092408e-02
  4.4146818e-01
 -5.8428433e-02
  9.2472456e-02
 -1.7335634e-01
  2.1447571e-01
 -9.0628588e-01
 -7.0036404e-02
  1.3100891e-01
 -6.0207546e-02
  2.1926637e-01
 -8.0395207e-02
  5.8006211e-03
 -5.3694838e-01
 -5.9081968e-02
  2.7686769e-02
 -2.4634369e-01
 -1.3006711e-01
 -5.1064756e-02
  4.5528039e-02
 -2.2491131e+00
 -1.8407522e-02
 -1.6672295e-03
 -4.7131065e-02
  5.9053641e-02
  1.0324901e+00
 -1.1750466e+00
  1.0403270e-01
 -3.8735661e-01
 -7.2198577e-02
  4.3290503e-02
 -5.3195395e-03
  5.4666083e-02
 -2.0239305e-01
 -3.2358419e-02
 -1.2936401e+00
 -2.0530337e-01
  1.3741979e-01
 -4.0090546e-01
 -5.6259703e-02
  4.4146595e+00
  8.4716022e-02
 -2.6616323e-01
 -3.6582351e-01
 -8.1058398e-02
 -1.7984168e-01
 -3.8950533e-01
  2.6960710e-02
  4.4087488e-02
  1.3667765e-01
  9.1442853e-02
  5.9342630e-02
 -1.1220510e+00
  7.6558387e-01
  5.5846728e-02
 -6.1252719e-01
  3.1421053e-01
 -3.9898828e-02
  1.8412247e-01
 -3.5485428e-02
  3.9462414e+00
  1.3715691e-02
  2.5274917e-01
  1.5720929e-03
  9.6875183e-02
 -1.4512659e-02
  1.4248748e-01
  4.9646642e-02
 -1.5201616e-01
  2.5386814e-02
 -9.1991294e-03
  1.8242776e-02
 -1.5322974e-01
 -2.9212356e-01
  3.4165986e-02
  1.0969888e-01
  5.6055007e-03
  6.6751666e-02
  5.9522383e-02
  4.0234368e-02
  1.0017668e-01
  9.8240292e-03
  1.3949463e-01
 -8.1799984e-02
 -4.5449775e-02
  4.0979967e-02
  9.8439701e-02
  3.0853309e-02
  4.3888681e-02
  6.7003474e-02
 -8.7850103e-03
 -3.2483730e-02
  7.3184222e-02
  2.7181214e-01
  8.5638255e-02
  6.5188117e-02
 -7.0953281e-03
  7.5963110e-02
 -2.2869124e+00
  4.1465729e-02
  6.2704511e-02
 -4.2760864e-02
 -1.2574976e-02
 -5.9378911e-02
 -1.1410335e-02
  3.3013888e-02
 -2.4933746e+00
 -3.8204625e-02
  4.8015885e-02
 -4.0955329e-01
 -1.2236819e+00
 -2.2635503e-02
 -9.5142731e-03
  7.1304619e-02
 -2.7790289e+00
  2.1661073e-03
  1.6963065e+00
  8.7257273e-02
  1.0242391e-01
  3.8590905e-01
  2.4420433e-01
  1.3062362e-02
 -1.1926075e-03
 -7.4731633e-02
 -2.1809426e-03
  4.1497584e-02
  1.2464884e-02
  2.6309153e-01
 -7.1332425e-02
  1.9710830e+00
  4.0373694e-02
 -2.0790851e-02
  2.4768183e-02
  1.6749188e-01
  2.9589236e-01
 -2.4386026e-02
 -1.0749044e-02
  1.1626564e-01
 -1.1328584e-02
  2.4536096e-01
 -4.7391793e-01
  2.5652715e-03
 -8.9572541e-02
 -1.1535517e-02
 -1.1148291e-01
 -2.7371638e-03
 -1.5276574e-02
 -7.2168541e-01
 -3.2127216e-02
 -3.1542417e-01
 -7.7751175e-02
 -3.9501708e-02
 -4.5262843e-02
  1.7897092e-02
  1.3885377e-01
  6.4407289e-01
  2.5101846e-02
  5.7524513e-02
  8.0070332e-02
  1.3621262e-01
  1.0770419e-02
  2.8264325e+00
 -9.4334632e-03
 -2.7269533e-01
  5.4341834e-02
  3.2617725e-03
 -6.6424072e-02
 -5.6174749e-01
  1.3791640e+00
  4.8465650e-03
 -2.4506165e-02
 -4.7598328e-02
  2.6788903e-02
 -1.3070920e-01
 -4.8598833e-02
 -1.2190621e-01
 -6.1427373e-02
  1.9672072e-04
  6.3643414e-03
 -1.7989583e-02
 -5.6734920e-02
 -7.0602983e-02
  2.0945376e-01
  2.3110636e-01
  7.4304365e-02
  4.4313293e-02
 -5.5595342e-02
 -1.6398756e-02
  8.4098592e-02
  1.3698056e-01
 -3.8622815e-02
 -1.8897259e-01
 -1.3366879e-02
  6.4399309e-02
  5.9630799e-01
  2.4395976e-02
  1.3496120e-02
 -3.9344653e-02
  7.9411507e-02
 -8.6650122e-03
  4.6992742e-02
 -2.9320303e-01
 -5.6382094e-02
 -1.7488653e-02
 -4.2554250e-01
 -1.1010782e-02
 -5.0551277e-02
  1.3990355e-01
  1.0769080e-01
  3.3611134e-02
  2.0237553e-01
  4.8941627e-01
  1.1932267e-01
  1.1943403e-01
  2.9230524e-02
  1.3177074e+00
  1.6740251e+00
  8.7673849e-01
  1.7936988e+00
  5.5557925e-01
 -1.9130868e+00
 -4.0854511e+00
 -1.0412819e+00
  2.6154578e+00
  8.6987692e-01
  3.4817490e-01
 -1.7415646e-01
  1.0154531e+00
  1.5054326e+00
  1.8600662e+00
  7.4151003e-01
 -2.0662714e-02
  1.6307749e-01
 -6.0238339e-02
  4.1488749e-01
  1.7946137e-01
  3.9999224e-02
  1.9357692e+00
 -3.5270860e+00
  2.6693723e+00
 -8.4244925e-01
  5.0152695e-01
 -1.2725258e+00
 -1.8823998e+00
  2.4494357e-01
  1.5535429e+00
 -5.8357120e-01
  1.1590950e+00
  2.3175998e+00
 -3.4976015e+00
  3.0550545e-01
 -2.3466344e+00
  3.7019163e-01
 -2.2352707e-01
 -4.0180091e-02
  1.8462388e-02
 -2.8353509e-01
  1.6127926e-01
 -7.0204139e-02
  5.1030297e+00
  2.1544777e-02
 -9.9629410e-02
 -2.9717940e-03
 -6.5545082e-02
 -4.5103252e-02
 -1.6330133e-01
  1.7505161e-01
  1.8292415e-01
 -6.0200021e-03
  3.6147080e-02
  7.5377405e-02
 -2.5726905e-01
 -7.0843226e-01
  2.1793866e+00
 -1.4012791e-01
  1.6975625e-01
 -4.4748183e-02
  5.1090889e-02
  1.1966506e+00
 -3.2544270e-02
 -6.1147168e-02
  5.9690036e-02
  3.8775794e-02
  3.8789964e+00
 -4.4310838e-02
 -1.0878117e-02
  1.0687710e-01
 -1.0370724e-01
  1.7470218e-01
  2.1895110e-03
 -6.8326339e-02
  1.7047149e-01
 -3.3436830e+00
 -1.4850569e-02
 -1.0402240e+00
  1.5579641e+00
 -1.2793918e+00
  1.0051360e-02
 -8.2634561e-02
 -2.8067800e-01
 -1.6203655e-01
 -6.7292565e-01
  4.6408597e-01
 -8.4830420e-03
  7.9262786e-02
 -2.0977741e-01
 -1.1955214e-01
  2.3995031e-02
  2.7296808e-02
  5.1865395e-02
  9.6309055e-03
  4.2332006e-01
  4.7963731e-02
 -3.3232935e-02
 -3.1975940e-02
  1.2230055e-01
 -7.5005114e-01
  5.0664341e-01
  1.5535367e+00
 -9.3761265e-02
  1.1941515e+00
 -6.9772452e-02
 -9.6069597e-02
  6.7496940e-02
 -2.5602939e-02
 -3.8923599e-02
 -2.3284709e-02
 -2.5354236e-01
 -6.9964772e-01
 -6.3151829e-02
  2.9290268e-02
  2.1510440e-01
 -6.4010359e-02
  3.9711854e-01
  1.4117436e-02
  6.9221966e-02
  1.4965634e-01
  5.6261790e-01
  7.7624314e-02
 -5.0238483e-02
 -6.0917214e-02
  2.9007569e-02
 -1.7217934e-02
  2.0218240e-02
  4.6411678e-02
 -2.6182801e-01
 -7.9959810e-02
 -7.9101719e-02
 -1.3425444e-01
  1.5094073e-01
  2.5110556e-02
 -2.4965140e-01
 -4.9961891e+00
 -4.3063488e-02
 -1.0453736e-02
 -3.5485762e-01
 -3.5166476e-02
  1.3358952e-01
 -1.5289330e-02
 -6.4917676e-02
  1.5793988e-02
 -1.7966934e-01
 -2.6131026e-02
 -6.2610671e-02
  2.0921487e-02
  4.6578154e-02
 -1.1650839e-01
 -4.6578612e-02
  5.2314883e-01
  5.9265595e-02
 -2.3229202e-02
 -1.3838042e-01
 -2.4228187e+00
  5.2472879e-03
  7.6161188e-01
  6.0320026e-01
  2.4705479e-01
 -1.6217187e-02
  3.8325450e+00
 -1.3085315e-01
 -2.6302626e-03
 -1.1680789e-01
  2.0860299e-02
  5.4977193e-02
 -2.6016787e-01
 -3.9590713e-02
  7.6712221e-02
  6.9472231e-02
 -1.1137079e-02
 -8.4645577e-02
  1.0710858e-01
 -6.0914904e-02
 -1.6111210e-01
 -2.1625693e-01
  6.3043483e-02
 -2.5583386e-02
 -1.4430650e-01
 -2.7297297e-01
 -3.3652878e-01
 -3.4076665e-02
  2.4878207e-01
 -5.0562590e-02
 -7.4552763e-01
  1.2064859e-01
  1.0665156e-02
  5.0394237e-01
  3.3968508e-02
 -6.3656834e-03
 -6.6834450e-01
 -3.6826923e-03
 -2.3830716e-01
 -1.2197169e-02
 -7.0136979e-02
  6.2683940e-02
  3.6510289e-02
  3.3905931e-02
  1.6821373e-02
 -2.9424362e-02
 -6.1949715e-02
 -1.7946187e-02
  8.4851012e-02
 -3.7364718e-01
  3.1589083e-02
 -5.0412524e-02
 -4.0859766e-03
 -1.4254290e-02
  6.8540610e-02
  1.4334397e-01
  6.2709297e-03
  4.1429348e+00
  1.3298213e-01
  1.3452283e-02
 -2.8071809e-01
  7.3584560e-03
  4.5652598e-02
  3.9934330e-02
  7.9539545e-02
 -7.6723203e-02
  8.8739045e-02
  7.9059184e-02
 -1.9599813e-01
  5.6744203e-02
 -5.3079263e-03
 -1.2712494e-01
  2.1099076e-02
  2.0364673e-01
 -2.7567428e-02
 -2.0605167e-02
 -3.1636339e-02
 -1.3488190e-01
  2.8427336e-02
  7.9129177e-01
  6.9998182e-02
  1.8283506e-01
  4.6030724e-01
 -2.5883570e-02
  2.6241419e-01
 -2.7920123e-02
 -1.4197733e-02
  3.6263400e-01
  5.5465776e-02
 -5.6098396e-01
 -4.3376297e-02
 -5.2539375e-02
 -2.7238831e-02
 -1.5446980e-01
 -6.8147339e-02
 -2.3827652e-02
 -8.5491315e-02
 -9.2932120e-02
  3.1347290e-02
  1.7501779e-01
  6.4860843e-02
 -2.0971689e+00
  6.2871754e-02
  1.0883685e-01
  9.3983868e-03
 -1.7926215e-01
  2.0063555e-01
 -1.2848340e-01
 -2.5864258e-02
  9.0485644e-03
  7.7940658e-02
 -2.5889221e-01
  1.2864950e-03
  3.0968126e-02
  3.3034287e-02
 -1.0288740e-02
 -4.8363045e-02
 -1.7519144e-02
  1.1375691e-02
 -8.8214077e-02
  4.4258124e-01
 -9.9379204e-02
  2.7032313e-01
  4.3778554e-02
 -6.9720969e-02
  2.1613258e-01
  1.6379807e-02
 -9.2445403e-02
 -5.8022425e-02
  3.9571427e-02
  5.2205805e-02
 -3.3175707e-02
  1.1505786e-01
 -2.1477222e-01
  2.9339386e-02
 -7.1789823e-03
 -4.3992214e-02
 -2.5415704e-01
 -1.0402450e-02
  4.4321172e-02
  2.2179965e-02
  1.8796097e-01
  6.0222100e-02
 -1.3629062e+00
 -4.6713613e-02
  5.2222960e-02
 -6.5848432e-03
 -2.3771308e-02
  1.1835746e-01
 -1.7484862e-02
  2.3331425e-01
 -1.0981915e-01
 -5.3897694e-02
  3.8267425e-01
 -6.4974114e-02
 -5.3178366e-02
 -1.6744825e+00
  4.9711853e-02
  1.0209911e-01
 -5.0722966e-03
  1.2787203e-02
 -2.9506991e-02
  1.4506309e-01
  1.0133803e+00
  3.5063833e-02
 -1.2443510e-01
  5.8428519e-03
  1.8337509e-02
 -2.9805563e-02
  4.7464371e-02
  8.1529498e-02
  9.2992073e-01
 -2.6103437e-02
  8.1815988e-01
 -1.9201164e-01
 -1.0715258e-01
 -4.6358636e-04
 -2.7787200e-01
 -1.6834517e+00
  1.3487516e-02
 -5.7163435e-01
 -8.5512233e-01
  2.6380211e-01
  3.5327267e-02
 -3.7069779e-03
 -5.7248175e-02
  4.2294186e-02
  1.2876631e-02
  2.1116004e+00
 -4.9231969e-02
  4.7726400e-02
  1.9356081e-01
 -2.4902480e-02
 -1.6616812e-01
 -5.3306069e-02
  5.2552940e-03
  8.4558077e-02
  4.7640234e-02
  2.5331669e-02
  1.6398557e-02
  1.7930832e-02
 -9.7369149e-02
  1.3136083e-01
  5.5552591e-02
  6.5972291e-02
 -5.9350271e-02
 -2.5282413e-02
  4.2542974e-03
 -2.1188346e-01
 -2.8695992e-01
  1.6416863e-01
  1.9543564e-02
 -1.4775819e-01
  2.2267485e-01
 -1.0063271e-01
 -3.5655159e-01
  2.6386095e-02
  1.4350246e-01
  1.1454564e-01
 -4.8140824e-02
 -5.0821472e-02
  2.1488325e-01
 -1.9900532e-02
 -5.8229856e-02
  7.5750150e-02
  2.7681985e-01
 -1.3874948e-01
 -4.6339460e-02
  7.5215563e-02
  5.2122205e-02
  6.7552030e-02
 -2.9489145e-01
  2.4472718e+00
 -7.5634100e-02
  3.0503869e-02
  2.0612486e-02
 -4.8335910e-01
 -2.0497790e-01
 -1.4198929e-01
  1.5717575e-01
  1.3104522e+00
 -9.4537482e-02
  6.6430651e-02
  5.1436625e-02
 -2.6405284e-01
 -1.9884959e-01
 -6.7167141e-02
 -3.6124960e-02
  2.7078495e+00
 -1.9840391e-01
 -3.1497847e-02
  1.5831982e+00
  1.8231999e-02
 -2.5154859e-01
  9.4957270e-02
  1.1419237e-01
  3.1879282e+00
 -2.9827087e+00
 -3.9011456e-02
  8.8557816e-01
  6.4963184e-02
  2.0030882e-02
 -1.2653989e-01
  6.8202637e-02
 -8.2133565e-04
  8.7557815e-02
  5.3723212e-02
  4.3811597e-02
  3.4855723e+00
  2.5021965e-02
 -3.5761707e-02
 -1.5314317e-01
  1.9026263e-02
 -1.8254890e-01
  1.8610768e-02
 -6.0691816e-01
  4.5951959e-02
  3.1224890e+00
  2.1184763e-02
  1.5087375e-02
 -2.0401801e-01
 -1.1388269e-01
  4.7482005e-03
 -6.5401249e-02
  1.8509557e+00
 -4.9977154e-02
 -2.6462364e-01
 -1.0377762e-01
 -3.8198781e-01
 -8.3548516e-02
 -8.8847458e-02
  5.7931498e-02
 -8.5858665e-02
  9.8233506e-02
 -3.7722796e-02
 -3.2312494e-02
 -8.2667321e-03
 -6.7237929e-02
 -6.6745438e-02
 -9.1315452e-03
  8.3468799e-03
 -3.5540438e+00
  2.0206246e-01
  3.4511273e-03
  3.8132850e-02
  2.4699157e-01
  2.8772068e+00
  1.2311995e-01
 -1.1899915e-01
 -3.4203798e-02
  1.1208491e+00
  6.3112140e-01
 -2.6887767e-02
 -3.0048020e-02
 -9.7285360e-02
 -9.9254030e-01
 -1.9038785e-02
 -4.6381436e-02
 -5.9594973e-03
 -2.9788330e-02
  5.1521000e-02
 -2.1296039e-02
 -2.1802598e-01
  2.3078002e-02
  4.3646693e-02
  1.5351813e-01
 -1.8450156e-02
 -4.3625094e-02
  3.9395981e-02
 -2.0566518e+00
  3.5228878e-02
  2.2045696e-01
  2.1928021e-01
  2.2932904e-02
  1.2654500e-01
  3.0921103e-02
 -1.4524647e+00
  2.3409904e-03
  4.8161402e-02
  2.8976021e-02
 -4.3794832e+00
 -1.9889083e-02
 -1.0856936e+00
 -2.3430120e-02
  1.1430331e-01
  4.6839479e-02
 -4.3112203e-02
 -1.1256693e-01
  6.7593381e-02
 -5.2146692e-02
 -2.5242901e-01
 -4.4892088e-02
  4.0366154e-02
 -5.0910282e+00
 -1.0104132e+00
  1.2914088e-01
 -1.4563899e+00
 -4.6169192e-01
  6.3048936e-02
  3.0872174e-02
 -4.5545682e-01
  8.4203237e-01
 -5.3936165e-02
 -4.4060968e-02
 -2.6784267e-02
 -1.4755019e-02
 -2.6533276e-01
  1.3618645e-01
 -1.3487644e-01
 -2.3179883e-02
 -1.5427858e-01
  2.0035079e+00
  2.1225820e-01
 -2.4632600e-01
 -3.6238039e-01
 -6.7916995e-01
  1.1925057e+00
  2.1159083e-01
  1.0158311e-02
  6.4172231e-02
 -1.8126684e-01
 -1.5077859e+00
 -7.2067636e-01
 -6.6339392e-03
 -9.5496684e-01
 -1.6483771e+00
 -7.6183714e-02
  5.4803413e-01
 -1.0301541e-01
  1.1027848e-01
 -6.8825018e-01
  6.9509290e-02
 -2.5869330e-02
 -1.0581847e-01
 -1.4184755e-01
  1.1321279e-01
  1.3896505e-03
  4.7393967e-03
 -1.5045947e-02
  7.2472036e-02
  9.0412080e-02
  1.3744979e+00
  1.2668291e-02
 -1.0645487e-01
 -1.4182863e-01
  1.4786284e-01
  5.1288255e-02
 -2.4976574e-02
  4.0787938e-03
 -8.6076176e-03
  2.5840122e-02
  1.6642375e-01
 -1.5873629e-01
 -5.4645788e-02
 -3.1831183e-02
 -3.7661284e-02
 -1.4597994e-01
  3.7872482e-03
 -1.4007983e-01
 -4.0566940e-02
  2.2876526e-03
  4.3588962e-02
  4.8236344e-02
 -2.5417294e-02
 -7.4426249e-02
 -3.5734841e-01
  8.5231803e-02
  2.3778042e-02
 -5.6078145e-03
  2.8490421e-01
 -1.8893087e-02
  1.9376600e-01
  5.7331339e-02
  7.5080402e-02
  9.7878598e-02
 -2.5561461e+00
 -1.6085660e-02
  8.4397607e-03
  6.9969833e-01
 -1.2533771e-01
  1.6283000e+00
 -2.0820948e-01
  1.5867050e-01
  5.2460626e-02
 -1.0784780e-02
  2.5879810e+00
 -2.1106217e-03
  1.9132344e-01
  8.1137389e-02
  1.1534158e-01
  6.0547162e-03
  1.3289657e-02
 -1.7335610e-02
 -8.2471812e-01
  3.1107211e-02
 -4.7583565e-02
  2.9895365e-01
  9.4233148e-02
  2.9617872e+00
 -1.1236965e-01
  2.8346382e-02
  3.9744534e-02
  5.8120672e-02
 -6.2362079e-02
 -4.3546114e-02
 -2.6833752e-02
 -3.5402294e-02
  4.7700424e-03
 -1.7373159e+00
 -4.0436848e-03
  2.8039012e-02
  1.2296804e-01
 -4.7522965e-03
  1.0434403e-01
 -1.4741711e-02
  1.1641493e-01
  1.7737865e-02
  6.0838610e-02
  1.5520637e-01
 -1.1595516e-02
 -1.4309031e-02
 -6.6327147e-02
 -4.2809960e-02
 -1.8130424e-02
 -1.4960206e-02
  9.0528674e-02
 -4.8211470e-02
  1.4052210e-02
  1.6978234e-01
  1.6072969e-01
  6.9798805e-02
 -2.2927359e-01
 -2.7795483e-03
  7.3454157e-02
  3.5317000e-02
  2.3708401e-02
  1.2737505e-01
 -3.1924609e-02
  9.0310402e-02
 -4.3082058e-01
  4.7527313e-01
 -4.0657567e-03
 -8.9515015e-02
 -1.2940650e-02
 -5.5533713e-03
 -3.7283920e-02
  1.6501145e+00
 -3.7308136e-01
 -3.6014706e-01
  3.6540869e-01
  8.7560557e-02
 -1.5786133e+00
  5.2621448e-01
 -2.5305562e-02
  2.3803072e-02
 -3.7368383e-02
  1.0891086e-02
 -2.3464652e-02
  6.6889629e-02
 -3.3901263e-02
  1.5913703e+00
  9.8388568e-02
 -1.0557008e-01
  8.1001490e-02
 -8.4407344e-02
  3.4622017e-01
  1.0496382e-01
 -2.1176558e-02
  2.0136664e+00
 -2.4991667e+00
 -5.6712185e-03
 -2.6252556e+00
  4.1743793e-02
 -3.6007542e-02
  9.0797558e-02
 -7.4942186e-02
 -1.3476029e-01
 -1.3552444e-03
  2.0047046e-02
 -4.2257495e-02
  8.3449310e-01
 -7.5432256e-02
 -1.5812546e-01
 -2.4658175e-01
 -3.1410191e-02
  1.9242120e-03
  1.1938369e-01
  2.9127964e-01
  1.5688738e-03
 -1.2921546e-01
 -1.5790932e-01
  1.1822332e-02
  1.4293870e-01
  5.3240627e-02
 -1.1544555e-02
  2.8399804e-01
  1.2609921e-01
 -1.2896486e-01
  9.3075320e-02
  5.4077912e-02
 -1.5312595e-02
  4.6852580e-01
  2.8702576e-02
 -2.3163798e-01
  6.6216983e-02
 -6.5535225e-02
 -6.2204666e-02
  9.0876877e-02
  7.9811089e-02
  1.5101519e-02
 -1.1400434e-01
 -2.2609141e-01
 -6.9554649e-02
 -2.4821323e-01
  9.1504201e-02
 -6.9306269e-02
 -2.8561163e-01
 -1.6698606e-01
  1.2768351e-01
  1.5667417e+00
 -1.0755584e-01
  3.1325227e-01
  2.0604004e-01
 -8.5449502e-02
 -2.5855980e-04
 -2.0259309e-01
  1.5618026e-01
  3.4175742e-01
 -3.5224795e+00
 -3.2397546e-02
  1.5406839e-03
  2.6984474e-01
 -8.0178902e-02
  1.2106081e+00
  2.8940955e-01
 -7.6559462e-02
 -2.5420984e-02
 -5.8233175e-02
  1.4612117e-01
  1.8613141e-02
  4.6050061e-02
  1.3824068e-01
 -3.5622962e-02
 -2.6023540e-01
  4.4879217e-02
  5.0042208e-02
  1.0035018e-02
  3.6901023e-02
  5.1009828e-01
 -2.8221323e+00
  3.6276679e+00
  1.7479649e+00
  1.1137906e+00
 -1.5531890e+00
 -1.1832746e-01
 -5.8172285e-03
 -1.9776394e+00
  1.1268814e+00
  2.3004947e-02
 -1.9807341e+00
 -1.7581910e-01
 -8.4400499e-01
  2.8122971e+00
 -3.9737886e-01
 -6.1318464e+00
 -9.1267198e-01
  1.0281813e+00
  9.0029091e-01
 -2.7468345e+00
  7.5151569e-01
  6.9906943e-02
  3.9906868e-01
 -9.9976844e-01
 -2.2678974e+00
  9.5108694e-01
 -8.1641233e-01
 -2.0750445e-01
 -8.0454016e-01
  9.4053876e-01
 -1.0673193e+00
 -2.2840633e+00
  2.2402709e+00
  1.2465917e-01
  1.4643152e+00
 -7.5181854e-01
  1.2503326e-01
  1.4209749e-01
  2.1752398e-01
  1.9011410e-02
 -5.4447995e-03
  2.6169279e-01
  6.2256891e-02
  1.8772419e-01
 -8.2715983e-03
 -7.2965492e-03
  3.4228478e-02
  5.3944391e-01
  3.4841146e-02
  1.3545690e-01
  1.7235782e+00
  2.1439879e+00
  6.2648826e+00
 -4.6565557e+00
  3.6157982e+00
  2.0046349e-01
  5.3164560e-01
  5.4031534e+00
 -9.3960203e-02
  1.3024578e+00
 -1.3919170e-01
 -8.5759647e-02
  5.7918614e-01
 -1.0177982e+00
  1.1804882e+00
  2.6255127e-02
 -3.4283969e-01
  4.4120121e+00
  3.8852292e-01
  7.4355245e-01
  2.0078568e+00
  1.8201619e+00
  2.7889896e-02
 -4.7903726e-01
  2.6820912e+00
 -1.8403891e+00
  2.4070773e+00
  3.2672310e+00
 -9.3943769e-01
 -1.2262480e-01
  8.3293401e-02
  8.3654928e-01
  3.1670071e-02
  2.2919621e+00
  3.6264014e+00
  4.4782835e-01
  1.6628031e-02
  1.0041620e-02
  4.7404584e-02
 -1.8517697e-01
 -3.9502797e-01
  3.2454407e-01
  5.4579270e-01
  1.0430782e-02
  1.3584684e-02
 -1.6506709e-02
 -1.3464040e-02
 -1.5906213e-01
  3.4094173e-02
  1.0071906e-01
  2.6135325e-02
  3.6384523e+00
  1.1812571e+00
 -1.0918646e+00
 -2.9061985e-01
  2.5415049e+00
  1.7247635e+00
  1.8925949e+00
  1.4419889e+00
 -1.2916365e+00
  9.2796934e-01
  2.2944789e-01
 -1.2546594e+00
  3.1440158e+00
 -1.8250575e+00
  8.3447975e-01
 -2.7444294e-02
  1.8565293e-01
 -8.6481696e-01
 -7.6191728e-03
  1.4292097e-01
  1.5897879e-01
  4.4007808e-01
 -9.2159726e-02
 -1.4682420e+00
 -3.5598699e-02
 -2.8984835e+00
  5.3403247e-03
 -3.3857837e+00
  5.4146652e+00
  2.1630087e+00
 -2.1857911e-01
 -2.9626417e-01
 -2.4225540e+00
  1.2922937e-01
 -9.7065531e-02
  4.0384912e+00
 -1.4750360e-01
  4.6889305e-02
  3.9558315e-01
  2.5336513e-02
 -4.2409182e-02
 -2.0870231e-01
  2.0255424e-01
 -2.1517664e-01
  6.6182822e-02
 -7.4202442e-01
  1.3336192e-01
  8.9104198e-02
  1.5340898e-02
 -6.3994251e-02
  1.2945922e-01
  8.2706735e-02
 -9.8908171e-02
  8.2771532e-02
 -4.6264667e-02
 -1.4282776e-01
 -1.4551182e-01
  2.7592640e-02
 -2.2958897e-01
 -8.1466444e-02
  8.2759438e-03
 -4.0722270e-02
 -1.8687606e-01
 -1.0618214e-03
 -2.6123418e-04
 -8.8040814e-02
 -1.6536638e-01
  2.1118872e-02
  1.2889193e-01
 -2.8086129e-01
  5.2688781e-02
  5.8164969e-02
 -1.4818454e-01
  1.0070797e-01
 -1.5344296e-01
  1.9230038e-01
 -4.0816780e-02
 -6.7523576e-02
  1.2808912e-03
  2.7328039e-02
  1.5131131e+00
  3.3584347e-01
 -4.8984163e-02
  3.2315094e-02
  4.1412123e-02
  1.6133556e-01
 -5.3726286e-03
 -3.5339430e-01
  8.3602972e-02
 -1.5085422e+00
  8.9580379e-02
 -2.3778594e+00
  1.3162547e-01
  6.0066774e-02
  5.3390060e-02
  1.4983321e+00
  1.0280421e-02
  1.3221411e-01
 -4.9492992e-02
 -1.7389838e-02
 -1.3437125e-01
  3.8147192e-02
  3.8142830e-02
 -3.1258903e-02
  5.7675172e-02
 -1.3990619e-02
 -1.8778375e-01
 -5.6735692e-03
  8.8161372e-02
 -3.0573130e-02
  9.1803789e-02
 -1.1748604e-02
 -8.5358284e-02
  5.9069160e-02
 -2.9787803e-02
 -6.1341319e-03
 -8.2288329e-03
 -1.1252762e-01
  1.5669167e-01
 -2.5942041e-02
 -3.4239996e-02
  5.2741192e-02
 -2.9569888e-01
  7.0194408e-02
 -9.0646252e-02
  2.7069231e-02
 -2.4302730e-02
  4.2727551e-01
  6.1948135e-02
  9.6652228e-03
  6.6244416e-02
  1.9915834e-01
 -1.5428543e-01
  6.7193731e-04
 -8.3621345e-02
 -4.2253681e-02
 -1.0558519e-01
  3.9180618e-02
  3.7541967e-02
 -1.1183795e-01
  8.0814492e-03
  7.1055636e-02
  3.1109989e-02
 -1.9845979e-01
  1.7148947e+00
  1.5611019e-02
 -8.6502597e-02
 -9.7800903e-02
  4.2077851e-02
  2.3718375e-01
 -4.3319810e-02
 -5.0248373e-01
 -2.0577738e-02
  1.5752204e-01
 -5.7912534e-01
 -1.3916026e+00
 -1.2093267e-02
 -2.4726326e+00
 -3.0647546e-01
  1.7805159e+00
  5.4826498e-01
  4.5638216e-01
  1.1804516e+00
  3.7232183e-03
 -1.6543694e-01
  6.5897867e-02
 -1.4015345e-01
  6.1337572e-02
 -2.6458687e-01
  2.0255309e-02
  3.5452675e-02
  3.3173579e-01
  7.1997376e-05
  4.8447389e-02
  4.6111830e-02
  8.8186927e-02
 -5.8070295e-02
 -2.5300762e-01
 -8.5759863e-02
  1.5114973e-01
 -2.0782279e-02
  1.3108775e-01
 -8.1588052e-02
 -6.2635076e-01
 -1.7373368e-01
  2.0851995e-01
 -2.5192285e-01
 -7.6297984e-02
  6.4709857e-02
 -1.8649934e-01
  7.0221655e-02
 -6.0852714e-02
 -4.5908522e-02
 -1.1424422e-01
  3.1181231e-02
  3.8585570e-01
 -1.2799032e-01
  4.1126397e-02
 -6.7059591e-02
 -8.7641804e-03
 -4.8602603e-02
  1.4820571e+00
  9.1257818e-02
 -2.4768820e-02
 -1.5536530e-02
  8.3947731e-03
  3.6159988e-02
 -6.7918538e-04
 -4.9071390e-02
 -1.7434582e-02
  7.9793766e-02
  1.8309003e-01
  3.8819328e-02
  1.8065466e-01
 -1.2906957e-01
 -2.7475176e-02
  2.5523869e-02
 -1.5568262e-02
  5.3285882e-02
  8.5723378e-02
  5.6697405e-03
  8.2750404e-03
  3.1418577e-02
 -1.3499530e-01
  2.2859663e-02
 -1.1693696e-01
  7.8764573e-02
 -5.0267607e-02
  1.2555131e-01
 -8.9943483e-02
 -7.8135364e-02
 -1.0628064e-02
 -2.7975659e-03
 -6.5302052e-02
 -2.1692900e-02
 -7.1021475e-02
 -1.4117217e-01
 -1.8464247e-02
 -1.2644707e-01
  1.6406836e-04
 -7.5845093e-02
  4.3961167e-02
  5.6846035e-03
  1.6621816e-01
 -2.9607072e-02
 -5.8208192e-03
  2.8758612e-01
  6.4441733e-02
 -1.2787772e-02
 -1.3679941e-01
  1.2193463e-02
 -4.3576331e+00
  2.3613571e-01
  2.0630242e-01
 -2.4907162e-02
 -4.2151257e-01
 -7.1427278e-02
  6.8946883e-02
 -2.7306838e+00
 -5.3380103e+00
  4.1728511e-02
  1.5046985e-01
 -2.0703089e+00
 -7.7814244e-02
 -9.6603826e-02
  1.1520219e+00
  1.4907686e-01
 -1.1255248e-02
 -3.0708462e-01
  6.8757629e-01
 -1.7266773e-02
  1.9894602e-02
  4.4467244e-01
  1.2385624e-02
 -2.7977804e-02
  4.7431424e-02
 -3.4582380e-02
  1.2310088e+00
  6.6091805e-03
 -1.2199491e-01
 -6.5836765e-02
  2.6764517e+00
 -6.1666310e-02
  4.8978293e-01
  2.8570509e-02
 -1.1732596e-01
 -1.5238893e-01
  5.2354258e-02
  1.6679305e-01
  3.2077157e-01
 -8.7780498e-02
  1.3966441e-01
 -9.7537234e-02
 -4.2870726e-02
  1.0180697e-02
 -1.8991870e-01
  8.8142097e-01
 -4.6817027e-02
 -9.7865790e-01
 -1.6138801e-01
 -8.8432491e-02
  1.5853253e-01
 -9.5422976e-02
  1.5290141e-01
  4.4974734e-04
  1.4785646e-01
 -7.8943744e-02
  2.9388356e-03
 -4.9852170e-02
  2.8249936e-02
 -2.9593414e-02
 -5.4032870e-02
  7.3463619e-02
  1.4559184e-01
 -1.2330165e-01
 -9.3132190e-02
 -1.7201380e-01
 -6.8722427e-02
 -7.4089998e-03
 -1.7216628e-02
  5.8762465e-02
  6.6114940e-02
 -1.0039227e-01
  3.2341912e-01
  1.1752880e-01
 -7.6527283e-02
 -4.8699562e-02
 -7.8349784e-02
  2.0323034e-02
  5.1797632e-02
  1.8581307e-01
  1.5520729e-01
  9.6392021e-02
  1.9314149e-02
  1.7412302e-01
  2.2451453e-01
  8.9115083e-02
  3.1096835e-02
 -1.6620835e+00
  2.4854630e-01
  1.0865757e-01
 -5.9820678e-02
 -5.6044225e-02
  7.4268311e-02
  6.6567004e-02
 -7.1643986e-02
 -5.0216321e-02
 -1.1100294e-01
 -5.6114040e-02
 -7.2724715e-02
  4.0749583e-02
 -4.0044095e-02
 -1.4680320e-01
 -2.2329282e-02
 -7.5965583e-02
  9.9638477e-02
 -4.0032454e-03
  5.8688801e-02
 -4.6523701e-02
 -2.5729813e-02
 -1.2548900e-01
 -4.4564515e-02
 -2.4956074e-02
  7.3749493e-03
  2.4539274e-03
  1.4051604e-01
 -1.1929515e-01
 -1.8943038e-02
 -1.1228063e-01
 -1.6058639e-01
 -1.5998708e-01
 -3.3731330e-02
  2.7206795e+00
  9.8541096e-02
 -7.1344644e-02
  7.4570760e-02
 -1.3921505e-01
 -5.9646286e-02
  2.2161094e-02
  7.4796930e-02
 -6.2316049e-02
  9.7574942e-02
 -7.5865322e-01
 -6.5708943e-02
  3.7017673e-02
  1.2537565e-02
 -1.7766188e-01
  4.7870879e-03
 -1.8817404e-02
  1.9961614e-02
  2.3396324e-02
 -3.9672163e-01
 -9.4901770e-03
  3.3350706e+00
 -9.5620513e-02
  5.7179192e-03
 -7.2991982e-02
  2.7547333e-01
 -1.7818352e-02
  5.2925862e-02
 -1.5441692e-02
 -1.3561429e-01
 -3.6303557e-02
 -8.2023434e-02
 -5.1346395e-02
  1.8084660e-01
 -7.7662355e-04
  7.2903194e-02
 -2.5905626e-02
  2.7785191e-01
 -1.7415816e+00
  5.1024258e-02
 -6.1630007e-02
  3.9357059e-02
 -6.1905231e+00
  1.0466356e-01
 -7.1528559e-03
  1.1587331e-01
  6.4068311e-01
 -9.7478382e-02
  1.5649551e-01
  4.3107260e-02
 -2.7634829e-01
 -3.5386791e+00
 -1.4786890e-01
  1.7053135e-02
  4.7546685e-02
 -5.0128371e-02
  7.9717338e-02
 -3.9232098e-02
 -6.4470172e-02
 -4.7758806e-02
 -6.1048459e-02
 -4.2844929e-02
 -2.9032659e-02
 -9.5343925e-02
  1.2393823e-01
  1.1588024e-01
  2.0892076e-01
  2.7219856e+00
 -1.3878629e-01
 -4.0042866e-03
  1.4579001e-01
 -3.5085361e-02
 -1.0023431e-01
  6.0773659e-01
 -5.3888768e-02
 -2.7389606e-02
  2.6745776e-02
 -1.9465484e-01
  4.9892634e-02
 -1.8734436e-01
 -5.8050507e-01
 -1.3332762e-01
  1.6312243e-02
  1.8229693e+00
  7.5704649e-02
 -8.7272394e-03
  1.9108083e-02
  6.7541011e-02
  1.0470400e-01
  6.8059146e-02
 -1.6862234e-01
 -1.3312484e-01
  9.0599276e-02
  7.9711355e-02
 -5.9034966e-02
 -6.3932516e-02
 -6.1050858e-02
 -7.3309205e-02
  3.0741539e-02
 -3.1329599e-01
  2.7955848e-01
  2.9833287e-02
  2.7044636e-01
  1.8716010e-01
  7.5818978e-02
 -1.3969088e-01
 -2.8311612e-02
  4.7161928e-01
 -1.7770687e-01
 -1.9495847e-02
  6.6119297e-03
  2.9136342e-01
  2.0000958e-01
  1.2384011e-01
 -5.4561251e-01
  4.1694589e-02
 -4.3673473e-03
  2.2981225e-01
  3.5773292e-01
  2.2825411e-02
  1.0387855e-02
 -5.1697958e-02
  6.7058164e-01
 -4.5451121e-03
  1.7536363e-01
 -5.1346153e-02
 -8.6627202e-04
  3.4883875e-02
  5.5406742e-02
 -5.4963365e-02
  4.4913707e+00
 -3.2358605e-02
  5.8539163e-02
  1.1500613e-01
 -8.4880881e-02
 -4.0019769e-02
 -2.0462140e-01
  5.0656550e-02
 -9.3402162e-02
 -4.3094523e-02
  3.1977421e-01
 -1.5719436e-01
  8.2111903e-02
 -1.5138696e-01
 -3.6792442e-01
  3.7758071e-02
 -6.0750637e-02
 -1.0266057e-01
 -1.2556718e-01
  5.9358053e-02
 -6.8614572e-02
 -4.2796412e+00
 -1.6309671e-01
 -8.6543985e-02
 -3.1391043e-02
  1.5519974e-01
  1.1253387e-01
  2.2646137e-01
  1.5962030e-01
 -1.4683518e-02
 -1.9652156e-02
 -3.4348287e-03
  5.3482845e-02
  1.8382227e-01
  3.3154696e-02
  3.1359676e-01
 -1.5807866e-01
  1.5682036e-01
  1.3898565e-01
  2.9816940e-02
 -1.0685006e-01
 -1.1640232e-01
  2.1525737e-02
 -2.0470181e-01
  4.0589181e-01
  1.8590137e-02
  4.1910939e-02
  1.3407627e-02
 -1.7582030e+00
  4.5179448e-01
 -1.4821690e-01
 -3.8309444e-02
 -6.4918384e-02
 -1.2109884e-01
  3.1263161e-01
 -3.2982475e-01
 -2.5004046e+00
  3.1821746e-02
  1.6909060e-01
 -3.4170911e-01
 -1.2814964e-01
 -1.8512205e-03
 -3.0100539e-02
 -5.5860024e-02
  3.3929244e-02
  1.2353270e-01
  3.3765733e+00
  1.7833803e-02
  1.0821108e-03
 -1.0407730e-01
  1.7657443e-03
  1.3010046e-01
  7.1728535e-02
  9.2905797e-02
  9.2692353e-02
 -1.6762115e-01
 -5.5113705e-03
  6.8077870e-02
 -7.3922626e-03
  2.2700122e-01
  1.9319912e-02
  9.0032749e-02
 -9.4872853e-04
  7.1310140e-02
  7.3844087e-01
  3.4706762e-01
 -2.5578979e-01
  1.4695443e-01
  6.2594280e-02
 -1.4168930e-02
 -2.0622222e-02
 -2.7596605e+00
  5.6259181e-02
  2.6229342e-02
  4.9105436e-03
 -2.5613558e-02
  2.5644561e-02
  1.9794195e-03
  1.3373603e-01
  2.1395487e-01
  1.9973563e-02
 -2.9389864e-02
 -3.3142224e-02
  4.5607085e-03
  9.7660013e-03
 -4.9789380e-02
 -9.0751853e-03
  5.7406928e-02
  1.5109669e-02
  2.3088148e-02
  8.3941832e-02
 -1.2845983e-01
  2.5347625e-03
  2.4927566e-02
 -2.6113042e-01
 -7.8141376e-02
  1.2792972e-01
  1.9625602e+00
  5.6684848e-02
 -9.6158952e-02
 -5.2009765e-02
 -6.6175158e-03
  1.5003097e-02
  4.3891914e-02
  1.5727302e-02
  1.3139661e-01
 -3.8083330e-02
  2.3998445e-01
  7.3672915e-03
  2.7389939e+00
 -3.9690610e-02
 -1.8957216e+00
  1.1623276e-01
 -9.7630411e-02
 -8.1568331e-02
 -1.5418266e-01
  1.8898437e-02
  5.2558169e-02
 -5.8501166e-01
 -1.7862380e-01
  1.4723068e-02
 -9.8288827e-02
  2.4554999e-01
 -1.2467315e-01
 -3.1276660e+00
 -5.5133891e-01
 -1.1257494e-02
 -2.1797111e+00
  5.5349916e-03
 -7.7309214e-02
  9.4524629e-02
 -2.4439307e-02
 -1.4205848e-02
 -1.1901703e-02
 -1.8449364e-03
 -3.5250548e-02
 -7.9381563e-02
  7.8402355e-02
 -7.3907077e-02
 -1.7185312e-02
  1.7895657e+00
 -4.9377084e-02
  6.4493641e-02
  8.7471724e-02
 -6.3567650e-01
  1.3073283e-01
 -6.7561320e-03
  1.8864331e-01
 -1.8949635e-02
  4.5307606e-02
  1.2432153e-02
  3.0810941e-02
 -5.7665184e-02
  2.0239888e-02
 -2.0220663e-01
 -5.2767135e-02
 -1.6154045e-02
 -5.8227129e-02
  4.4276595e-02
  3.6519043e-02
 -2.7501756e-01
 -1.7114129e-02
  7.2877593e-02
  3.8422655e-02
 -6.9956370e-02
 -1.6640630e-02
 -2.9895626e-02
  2.2160646e-02
 -6.5652929e-02
  3.5659861e-02
  4.5643533e-03
  7.5315341e-02
 -8.4889345e-02
 -1.3895082e-02
 -1.8488297e-01
 -1.7804404e-01
  4.0902489e-01
 -5.9994925e-02
 -1.8177401e-01
 -4.4075575e-02
  1.1585844e-01
  8.5501308e-03
  2.0312195e-01
  2.7834868e-02
  1.4716651e-02
 -1.0831477e-01
 -8.1382683e-03
 -3.2627784e-02
 -9.7933912e-01
  7.7024296e-02
 -4.4134751e-02
  3.6180835e-02
 -7.4312232e-02
  6.7588657e-02
  5.8338326e-01
 -3.5936285e-02
 -4.4234338e-01
  5.6184046e-02
  6.0927484e-02
 -3.6956957e-01
  1.0175484e-01
 -4.6314576e-01
  5.9539236e-02
 -4.3154955e-02
  1.3521682e-01
  9.5602192e-02
 -4.0420778e-02
 -4.6343973e-01
 -1.0108598e-01
 -1.2476511e-01
  6.9107413e-02
 -9.6400797e-02
  1.2689175e-01
  4.3163639e-03
  9.1861218e-02
  1.2556790e-01
  2.7555469e-01
 -8.1821367e-02
 -4.2463027e-02
  7.5887300e-02
  4.5696754e-02
 -6.4862818e-01
 -5.1352214e-03
  2.5077012e-01
  1.6255870e-02
  1.3278450e-01
  4.1503113e-02
  1.7778286e-01
  5.5042826e-02
 -1.4778379e-02
  1.0661939e-01
 -8.1150129e-02
  6.8538241e-02
  2.8405180e+00
  4.5794578e+00
  7.3884703e-02
  6.6273227e-02
  3.9343666e-02
 -2.9733703e-01
 -5.1487263e-02
 -5.2227724e-02
  5.0794724e-02
  2.7603192e-02
 -2.3289945e+00
 -1.3763813e+00
  1.4575822e+00
  1.5994097e+00
  1.3698267e+00
  4.4072146e+00
 -2.1162548e+00
 -2.5823751e-01
 -3.4176943e-01
 -1.0765208e+00
  1.4159152e-02
 -1.6108102e-01
 -4.8887182e-04
  2.1317149e-02
 -2.2209774e-01
  8.7174565e-02
  9.0223230e-02
  5.7816476e-01
 -6.2874156e-01
 -5.0432259e-01
  7.1640998e-01
  3.2305539e-02
 -1.4433248e+00
 -3.5627227e-02
 -1.3702241e+00
 -4.1963789e-01
 -1.9192840e-01
  2.1177635e-01
  1.9091723e+00
  1.3112894e+00
  4.8751929e-01
  9.4340533e-02
 -1.2802999e+00
  8.7172210e-01
 -1.6566703e-01
 -3.3259892e-01
 -7.0607704e-01
 -1.6706721e-01
 -3.0109897e-02
  9.7709350e-02
 -2.3583764e-02
  8.3579910e-01
 -5.6272250e-02
 -2.6582036e-02
 -5.5457454e-02
  4.6943299e-02
 -5.8999099e-02
  1.2104628e-01
  8.2305096e-02
  4.1917942e-02
 -8.1864655e-01
  2.4605711e+00
  8.3787158e-02
  2.8058244e-02
  2.4209480e+00
 -3.2691911e-03
 -2.1521106e-01
  3.4119081e-01
  9.3493916e-02
  3.4802297e-01
 -5.2248400e-02
 -1.2716733e-01
  1.8894978e-01
 -2.1791041e-02
 -7.9051107e-03
  1.2246381e-01
 -1.5513132e-02
  4.8908927e-02
  2.4674535e-03
  2.0699464e-01
 -1.1010142e-01
  4.6150167e-02
  5.7934530e-02
  7.3619299e-02
 -2.0795146e-02
 -7.4431196e-02
  1.9579319e-02
 -3.0639989e-02
  1.4463943e-02
 -2.1038588e-02
 -6.2629694e-01
 -2.0267082e-02
  3.8135745e-02
  1.5964653e-01
  3.8811695e-03
 -1.2153494e-01
 -2.0818284e-02
 -6.6243000e-02
 -5.0241300e-03
  1.8371463e-01
  2.7957240e-01
 -3.7968416e-02
  4.0449597e-02
  2.4835363e-02
 -1.0989378e-01
  2.2528747e-02
 -1.2573645e-01
  1.4456342e-01
 -3.1172519e-03
 -1.8046345e-01
  2.3243800e-01
 -7.0287861e-02
  3.6272696e-01
  2.1822729e+00
 -1.4734884e-02
  2.0987120e-01
  1.3650724e+00
  5.2138180e-01
  9.6502042e-01
  3.3949677e-02
 -6.3947809e-01
 -5.6014246e-01
  2.6900109e-02
  3.3348460e-02
 -7.3022532e-01
  4.0595122e-02
 -6.8063962e-01
 -6.3813388e-02
  2.5385037e-01
  1.2231322e-01
 -1.4939135e-01
 -1.6930800e-02
  3.5793360e-02
 -1.6797478e+00
 -5.3029280e-02
 -1.4475091e-01
  4.8709184e-01
  4.1238329e-01
  6.2063842e+00
  1.7819924e-02
 -3.6726777e-02
 -8.3809042e-01
  7.3425964e-02
  6.1674017e-01
  1.2045137e+00
 -2.8019914e-02
  1.6491598e-01
 -1.1625390e-01
 -5.3437424e-01
 -4.3341346e-02
 -1.0729466e-02
  1.2556485e+00
  3.1402104e-02
  5.7007588e-02
 -7.3459290e-02
  7.0429198e-02
  6.3633785e-02
  1.1292944e-01
 -9.2133999e-02
 -4.2487450e+00
  6.5910578e-02
  3.0448674e-03
  8.0645330e-02
  5.7618510e-02
 -2.2666393e-01
  4.1326624e-01
  1.6524897e+00
 -3.8863763e-02
  1.1218497e-01
  5.6766517e-02
 -2.0129612e-01
  7.8283846e-02
 -6.2274863e-03
  6.1028928e-01
  4.8967227e-02
 -4.1648410e-03
  3.3494952e-04
 -1.0207872e-01
  2.8794173e-02
 -7.7095948e-02
  9.7312003e-02
  2.1919195e-02
  2.0336865e-02
  1.0371149e-01
 -6.6037230e-02
  2.2554903e+00
  2.1420240e-01
 -4.0595207e-02
  1.2539628e+00
 -3.0002227e-01
  4.5893233e-02
 -2.4761321e-01
  4.2055879e-02
 -1.2257782e-01
 -5.5165164e-02
  1.3545683e-01
 -4.4571821e-02
  2.6506966e-01
  7.9551592e-02
  5.4917051e-03
 -1.4662996e-01
 -2.9476868e-02
  1.5646045e-01
 -6.5910690e-02
  1.8784869e-02
 -1.1468161e+00
  2.1698838e-02
 -7.0842505e-02
  9.5202709e-03
 -5.6601517e-02
  3.1937573e-02
 -1.4069347e-01
  7.0898165e-03
  1.8713975e-02
  1.1991097e-01
 -3.9943495e-01
 -2.4386559e-02
  1.0224337e-01
 -5.3498179e-02
 -5.8278047e-02
  7.0279688e-01
 -2.3452087e-01
  2.0625689e+00
  1.8101628e-01
 -1.0782582e-01
 -1.0897146e-02
  1.5487581e-01
 -1.8452363e-02
 -1.0483494e+00
 -1.3286035e-01
 -6.8097904e-02
  4.8621872e-01
 -2.0277085e-02
 -1.7995211e-01
 -3.4754505e+00
 -6.4539053e-02
  3.7738152e-02
  2.3395493e+00
  8.9195746e-01
  2.4084220e-02
 -1.1228160e-03
  5.0316930e-01
 -1.6641116e-01
 -2.2251631e-01
 -9.3997555e-04
  1.6287699e-02
 -1.0521061e-01
 -2.2724006e-01
 -5.0526553e-01
  1.2314781e-02
 -1.5708297e-01
 -6.3338086e-02
  7.8693539e-02
 -1.4042160e-02
 -1.1012069e-01
  7.2240569e-02
  8.8663056e-02
  3.7746511e-02
  5.7938613e-02
 -7.3963657e-02
 -2.7217310e-02
 -5.5284938e-03
 -2.0424634e-01
 -1.3223113e-02
  2.4154486e-02
  1.1764092e-01
  3.8469367e-02
 -2.0529568e-01
 -1.0037085e-01
  2.3641525e-01
 -1.3560092e+00
 -1.1517249e+00
 -7.0595141e-03
  6.3098250e-03
 -2.9713249e-02
  2.5647918e-02
 -1.9839664e-01
 -2.5727782e-02
 -4.4737343e-02
 -3.1896938e-02
  2.5899613e-01
  6.1086617e-02
 -3.1429302e-02
 -8.8406694e-01
  8.4985368e-02
  1.5464941e+00
 -2.1955976e-02
  1.3177852e-02
  1.6196805e-01
 -5.8436878e-02
 -1.1485302e-01
 -5.0773397e-02
 -2.1378051e-01
 -5.7104696e-02
  8.7445311e-04
 -4.0691514e-02
 -9.7212888e-02
  2.5929591e-01
 -9.9798940e-02
  4.4917423e-02
 -2.4466142e-01
 -1.0379793e-03
 -6.8196259e-02
  1.8158207e-02
 -1.5025006e-01
 -1.1327026e-01
  1.7722853e-02
 -3.7697032e-02
 -1.1960304e-01
 -2.1700209e-02
  1.8164888e-01
  1.7347811e-03
  2.5203732e-01
 -4.2307999e-02
 -7.6295901e-03
 -4.4667464e-02
 -1.8783482e+00
 -1.3669283e+00
  2.7931993e+00
  4.1901752e-01
  9.8665506e-01
  4.1195898e+00
 -1.1616458e+00
 -2.2716217e+00
 -2.3180132e+00
 -5.8777399e-02
 -6.3412440e-01
 -1.5434088e+00
 -1.9113780e+00
  8.5950977e-01
 -2.6670082e+00
 -1.9045933e+00
 -4.9498314e-01
  1.1550941e+00
 -1.9117322e+00
 -3.4992977e-03
  1.3542542e+00
 -3.1704640e+00
 -2.0877347e+00
 -3.1107476e+00
  2.4278986e+00
 -2.9523268e+00
 -4.3494278e-01
 -4.7571570e-01
  1.0610746e+00
  2.0081161e-02
 -7.6541996e-01
  5.8324789e-03
 -2.0834153e+00
  7.9674765e-02
 -3.8783598e-01
  3.1684816e-01
  1.5346735e-02
 -6.4163351e-01
 -6.0032505e-01
 -1.2339804e-01
 -1.0908056e+00
  1.3662065e+00
 -1.0098512e+00
 -2.1760768e-01
  4.8404589e-02
 -1.3703384e-01
  1.2427019e-01
  1.9232898e+00
  1.1857315e-01
 -1.4664222e-01
 -1.4638321e-02
 -3.3441603e-03
  3.9305706e+00
  2.9727334e-02
 -4.8845273e-01
 -1.3285935e-02
  4.0699653e-02
 -1.4100559e-01
 -1.2815346e-01
  7.8472979e-02
  1.1643777e-01
  5.6434728e-02
  2.8840363e-01
 -9.5180452e-01
 -5.4679893e-02
 -5.2203465e-02
  7.0315772e-03
 -2.3736458e-02
  4.7683023e-04
 -4.7868792e-02
  5.4091882e-02
 -1.5918871e-02
  4.2118493e-01
 -1.3248967e-02
  8.7753218e-03
  3.1523925e-04
  1.0456268e-01
 -7.5794891e-02
  6.5743223e-02
 -3.2658026e-01
 -1.2840468e-01
  2.7636134e-03
 -3.5112432e-01
 -3.5147410e-02
 -3.0802268e-01
 -1.9910458e-01
  2.2586513e-01
  1.6229572e-02
  1.8373154e-01
 -2.3382368e-02
 -9.9151753e-02
  1.5173196e+00
  1.0785948e-01
 -2.4184488e-02
  5.5427849e-01
 -1.4163524e-01
 -2.5247085e-01
  8.2701847e-02
  1.7243947e-01
  4.7843689e-03
  6.5759271e-02
  1.6425859e-02
 -7.0323065e-02
  1.9540508e-01
 -6.4546458e-02
  7.1117721e-02
 -6.4420730e-02
 -1.0262722e-01
  5.6466646e-03
  1.8879379e-01
 -5.5750925e-03
  4.4387165e-01
  3.5293669e-02
 -1.0458007e-01
  8.9102462e-02
 -2.0796022e-01
  2.7971921e-02
  1.8141517e-02
  1.4055965e-03
 -1.5200467e-01
 -1.5596269e-02
  3.7069714e-01
  7.7799335e-02
  7.0600301e-02
 -4.7728539e-02
  2.5712619e-02
 -1.4562690e-01
 -4.1058872e-04
 -1.5212007e-02
  1.3872018e-02
  1.9537786e-01
 -5.4387458e-02
 -4.7255673e-02
 -4.6080742e-02
  1.6558219e+00
 -1.6192446e-02
  3.6366206e-02
 -3.6517020e-02
 -2.8969610e-02
  2.4020566e-02
 -6.1397314e-01
  3.8698867e-01
 -1.0107163e-01
 -1.0893684e-01
 -1.7554703e+00
 -7.7466737e-03
 -1.1461604e-01
  1.1336479e-03
 -2.1195829e-01
 -2.3942943e-01
  1.6657999e-01
 -7.0883982e-02
  1.2982389e+00
 -7.0785545e-02
  2.0309407e-01
  3.0621067e-02
 -1.5048973e-01
  1.6822360e-01
 -2.7543519e-02
 -4.1854346e-01
  1.8798174e-01
  3.1461927e-01
 -1.3035984e-01
 -6.7849733e-02
 -3.5151027e-02
 -2.7119718e-02
 -6.4868532e-02
  8.7283510e-01
  7.9910785e-02
 -5.7505006e-03
  3.2210499e-03
 -9.1100216e-01
  4.1078892e-02
  2.7926486e-02
 -2.0072535e-01
  6.1634011e-03
  2.0683285e-02
  1.5744290e-01
 -5.5928782e-02
  8.2766987e-02
 -2.0212956e-02
 -2.3061641e-01
 -2.5154511e-02
 -3.8070355e-02
  7.3477767e-02
 -1.2289244e-01
  3.5163276e-02
 -9.6669920e-02
  1.3087274e-01
  1.0314372e-01
 -5.2639484e-02
  2.4244307e-01
 -4.7248725e-02
  5.0191507e-03
  1.4038076e-02
  5.3483747e-02
  9.8766929e-01
  9.2863835e-02
 -5.0447188e-02
 -7.6730043e-02
  4.0091539e-04
  6.5526761e-02
 -2.8920922e-02
  1.2594554e-01
  1.2729424e-01
 -5.2687183e-02
 -5.8779746e-02
 -2.0181099e-01
 -1.3311307e-01
 -2.4927025e-01
  2.2391079e-02
 -9.7838871e-02
  2.7135648e-02
 -1.5206588e-02
  3.6712963e-02
  1.0591528e-01
  7.5604603e-02
 -2.0807477e-02
  1.4639561e-01
  4.6686184e-02
 -1.5067457e-01
  1.1974697e-01
 -3.2860938e-02
  2.2084873e-02
 -5.3945728e-02
  4.8146512e-02
  6.2008005e-02
 -7.0550419e-02
 -2.1430799e-01
 -2.6946867e-01
 -3.8503308e-02
 -3.7831087e-02
 -7.7952147e-02
  4.4273451e-02
  1.2748179e-01
 -2.6003328e-01
  8.0095470e-02
 -4.9652942e-02
 -9.9418603e-02
  1.4288255e-02
 -3.4851134e-01
 -1.3466255e-01
 -6.8943292e-02
 -1.0023449e-01
  1.6242141e-01
  1.0553891e-01
  1.6243860e-02
  3.7290391e-02
 -6.8928623e-01
 -9.0452626e-02
 -6.8526782e-02
  4.5989048e-02
  4.2681530e-01
  3.5546958e-02
  7.8946762e-02
 -1.9950951e+00
  3.5793936e-01
  2.0107989e+00
 -2.4279487e+00
 -1.0158254e+00
  3.8558412e+00
 -3.2533295e+00
  2.1008930e-01
  5.7693392e-01
  2.3931744e+00
  3.1738403e-01
  7.7007627e-01
  2.9509838e+00
 -4.2053032e+00
  1.6698880e-01
  2.8746763e-02
  1.6501343e-01
  1.6662692e-01
 -5.5100214e-01
  1.9244914e+00
 -1.6001358e+00
 -7.1098462e-02
 -1.9757839e+00
 -6.1146468e-01
 -1.2459152e+00
  2.4037875e-01
  5.6975543e-01
 -8.5243475e-01
  3.4841141e-01
  2.8847208e+00
 -1.7759726e+00
  2.0304432e-03
 -4.4968423e-01
  1.3685853e+00
  1.0429676e-01
  1.4788327e+00
  7.3768336e-01
  2.7513134e-01
  8.0320990e-01
 -1.5838456e-01
  1.7878807e-01
 -3.6291748e-02
  6.6069615e-01
  3.6895253e-02
 -2.0662887e-02
  1.0400974e-01
  1.0656700e-01
  5.0474674e-02
 -1.9388787e-02
  1.7032757e-01
 -1.2623881e-01
 -3.6262486e-02
  3.7840855e-01
  9.1207594e-02
 -8.7396182e-02
 -1.0320650e-02
 -2.6253763e-01
  4.1748299e-03
  4.5526209e-03
 -2.0372607e-02
 -2.1882285e-01
  1.2228377e+00
 -5.3191692e-02
 -1.6360812e-01
 -4.4273470e-02
 -9.4079487e-02
 -6.4973027e-02
 -2.8964591e+00
  2.2835968e-02
 -5.4213544e-03
 -7.4813701e-02
  1.0710177e-01
 -2.6102981e-03
 -9.1259358e-03
  4.7540194e-01
  7.6243326e-02
  2.6971763e-03
  3.4638639e-03
  3.5848778e-02
 -9.9950366e-02
  3.1933080e-02
  1.2426676e+00
  2.1635212e-02
 -3.4307096e-02
  3.5528991e-02
 -1.1891035e-02
 -1.7142250e-01
  1.0641664e-01
  1.8403631e-02
 -2.2748323e-02
 -1.0548898e-02
 -6.8450044e-04
 -5.2424945e-02
  1.6989755e-02
  1.1873423e-01
  3.1667063e-01
  1.9548295e-02
 -1.5109799e-02
  2.3395037e-02
 -2.2217366e-01
  8.6343125e-02
 -1.3152078e-01
 -1.1877786e-01
  3.9556999e-02
  1.2467019e-01
  5.6846142e-02
 -6.5350550e-01
 -3.7051272e-01
 -6.7366076e-01
 -1.8497833e+00
  1.0694364e-03
  1.4263052e-02
  9.6213043e-02
 -1.8892847e-01
  3.5956956e-02
  3.2379027e-02
  1.4838590e-02
  8.7401345e-02
 -3.9905149e-02
  7.6755673e-02
  8.6959474e-02
  7.7146776e-02
  9.2579916e-02
  3.7631953e-01
 -2.1603646e+00
 -1.1561575e-01
  2.2994451e-02
 -2.7955087e-02
 -2.0224299e-01
 -1.6211028e+00
  1.3182187e+00
  5.5166185e-02
  1.1047447e-01
  1.3173473e-01
  1.4733559e-02
 -8.9685410e-02
  3.0253921e-02
 -4.1359942e-02
 -4.9764585e-02
  6.3547112e-02
 -4.1152686e-02
 -5.0584298e-01
 -7.5095445e-02
 -1.4077950e-01
  1.3428313e+00
  8.1856811e-01
 -3.6056838e-03
  4.4903407e-01
  2.3934913e+00
 -1.3521561e-01
 -1.4119570e-01
  3.1170329e-01
 -2.3823917e-02
 -9.0301223e-02
 -1.1009462e-01
 -1.4996478e-02
 -4.2084266e-02
 -2.3152967e-01
  9.0269484e-02
 -4.6626079e-01
 -2.1203290e-01
 -2.3970764e-02
 -1.3260011e-01
  9.4950151e-01
 -1.0293614e-01
  2.9902709e-01
 -1.0459617e-02
  2.4834506e-02
 -1.4542827e-01
 -5.1136315e-02
 -7.9531588e-02
 -1.8180555e-01
  4.2412471e-02
 -7.7105323e-03
  2.4954023e+00
  1.1954812e-01
  6.7604025e-04
  1.3586697e-02
 -2.3567436e-02
 -5.6267835e-02
 -2.5941262e-01
 -6.0988367e-02
  1.4018258e-02
 -1.3690114e-01
 -1.8087643e-01
  7.1293764e-02
  2.9549167e-02
  1.9454280e+00
  5.3808629e-03
 -1.9152918e-01
 -8.5372902e-02
 -2.5337508e-02
  2.5515618e-02
 -5.8449131e-02
  2.7911693e-02
 -7.3960565e-02
 -2.6592496e-03
  1.7724980e-02
  9.8722823e-02
 -8.7485504e-01
 -1.3695253e-01
  1.0126038e-02
 -3.9596777e-02
  4.0620968e-02
 -2.0535693e-01
  4.6359539e-01
 -1.3690213e+00
 -2.1108727e+00
 -8.1101328e-01
 -2.9768782e+00
  5.1562171e-02
 -2.9570692e+00
 -1.8261349e+00
  8.0577886e-01
  9.5165706e-01
 -1.0393373e-02
  1.6296480e+00
 -2.9501730e-01
  9.5340186e-01
 -2.3066614e-02
  7.1565944e-01
 -1.0258390e-01
 -4.2178637e-01
  2.7547455e+00
 -4.7315992e-02
  2.0575733e+00
  1.7899247e-01
 -1.4598856e+00
  1.0180831e-02
 -1.8691611e-01
  2.1903487e-01
  3.7480769e-01
  2.2734239e+00
 -3.0163484e+00
 -3.1117015e-02
  2.0605187e+00
 -1.7709091e+00
  5.0693512e-01
  1.3534729e-01
 -2.2531617e+00
 -1.2466507e+00
 -5.0669357e-02
  2.8722993e-01
 -5.4421380e-02
  6.5559587e-03
 -1.8127713e-01
  3.5808611e-01
  2.1591747e-01
 -8.6189501e-02
  3.3127718e-02
 -1.2593840e-02
  3.0678978e-02
  2.4987331e-03
  1.9667205e-01
  7.1328968e-02
 -3.6855787e-02
  9.1972291e-02
 -9.0190761e-02
  5.1340193e-02
  3.4950808e-02
 -1.4775691e+00
  5.6529250e-02
  1.2759927e-01
  8.0807105e-02
  1.2989689e-01
 -4.5957085e-02
  2.1520337e-02
 -4.7268949e-02
 -2.2497898e-02
 -9.0178698e-02
 -7.0633948e-02
  2.5516929e-02
 -4.5220375e-02
 -4.4481937e-02
  3.4234270e-02
 -3.0926403e-02
  2.5022391e-02
  2.4178014e+00
  7.0079952e-02
  2.3413990e-01
  8.8691965e-02
  6.0125504e-02
 -7.8426249e-02
 -2.2470362e-02
  1.5370101e-02
 -1.8604744e-02
 -1.1703349e-02
  1.5269081e-01
 -8.6618867e-03
 -1.6268759e+00
  4.8605684e-02
  5.0174475e-02
  2.3116338e+00
  2.0743978e+00
 -7.8482933e-02
  8.9397095e-02
 -1.0554648e-01
 -1.2140983e-01
 -1.6298796e+00
  6.5019363e-01
  2.1300924e+00
 -7.0398465e-02
 -1.0115360e-01
 -4.4339545e-02
  1.5727911e-02
  7.8885175e-02
 -2.3341079e-01
 -2.4544537e-01
 -5.5553593e-02
  6.5664250e-01
 -1.3953231e-01
  5.6472879e-02
 -4.5510832e-02
 -2.2287521e+00
  2.3043248e-01
  5.0402358e-02
  2.0181241e-03
 -1.0159548e-02
  1.0655725e-01
  9.1914296e-02
  1.7063217e-01
  6.5899938e-02
  2.4398755e-02
  2.0554824e-02
  1.0035151e-03
 -1.9782317e-01
 -6.5888539e-02
 -3.1091170e-02
 -5.2886240e-02
 -8.7878920e-02
  7.5857863e-02
 -4.9717020e-02
 -4.2332567e-02
  1.2327989e-02
  3.1151069e-02
 -6.2223572e-02
 -6.2652037e-02
  4.9636994e-02
 -3.3184275e-01
 -3.4939426e-03
  1.2773971e-01
  1.3161327e-01
  1.5654450e-02
 -5.3816694e-01
 -1.5123500e-03
 -6.3247778e-02
  2.7596269e-02
 -4.8108809e-02
 -2.3913631e-02
  9.8602707e-03
  2.0747198e-02
 -1.4571622e-01
 -2.5563860e-02
  9.9217981e-02
  5.3950921e-02
  4.0722664e-02
 -2.5423694e+00
  3.8048753e-01
  1.6775917e-01
  3.6138341e-01
 -1.0580411e+00
 -1.0463892e+00
  1.8852825e+00
 -6.9317991e-01
  2.3306638e-02
 -3.4540329e+00
  9.1375433e-02
  4.2674759e-01
  2.1218643e-01
 -2.0096423e-01
  1.0643988e+00
 -8.3376670e-01
  7.0855759e-02
  2.8593570e-01
  9.3057141e-02
  2.4816106e-01
 -1.4033989e+00
  5.3246576e-01
 -3.3412614e-01
  1.8783681e-01
 -2.7343914e-01
  2.0058794e+00
  1.7533056e-01
  6.5779254e-02
 -3.3460343e+00
  2.4915750e+00
  1.1267861e+00
 -4.6868593e-01
  1.0161161e+00
 -5.0075348e-03
  2.5479797e-01
  1.9531662e+00
 -8.7660068e-01
 -5.5734605e-01
 -5.0924361e-01
 -9.4373047e-02
 -2.2117442e-01
 -1.0288706e-01
 -2.6840053e+00
 -2.6245430e-01
  8.0804169e-02
  1.5648337e-03
  9.0311515e-01
 -9.2062943e-02
  1.6498299e-01
 -8.0513395e-03
  9.4026066e-02
  1.0868900e-01
 -9.4062012e-01
 -2.7047046e-02
 -7.7601179e-02
 -2.7376564e-02
  6.7319316e-03
  9.6738435e-02
 -1.1687036e-01
 -9.2212903e-01
 -4.9310437e-01
 -3.1328884e-01
 -1.6061708e-02
 -1.8595313e+00
  2.7630745e-02
 -2.2764232e-02
 -1.9317938e-02
 -7.2886415e-02
 -3.1894593e+00
  1.4780118e-01
  1.9244954e-02
  2.4158590e-02
 -3.5877571e-01
 -6.9857597e-02
  6.5334961e-02
  1.3141915e-01
  2.3413983e-01
 -2.5036743e+00
  1.6758773e-02
  1.7010589e-01
 -9.4365753e-02
 -3.0830394e-02
 -2.5934957e-02
  4.1299123e-01
 -1.5107183e-01
  1.1594688e-01
 -5.0814435e-02
  5.9969970e-03
  2.1946890e-02
  1.1935383e-01
  3.3993341e-02
  2.4299307e-02
 -4.3044887e-02
 -1.7246851e-01
 -1.3616674e-01
  1.1876602e-01
  2.6541168e-02
 -4.2963646e-02
 -5.0524366e-01
  5.2749455e-02
  6.0358965e-01
  5.8707547e-01
 -3.4787692e-02
  1.3117235e+00
  3.4098456e+00
 -2.7747086e-01
 -5.6380767e-01
 -7.7490574e-01
 -5.6760573e-01
 -5.5919539e-02
  3.2998234e-02
  3.4664705e-02
  9.3207777e-02
  1.1710665e-01
  3.4795180e-03
 -1.4851645e-01
 -4.4096026e-01
  7.5588262e-01
  1.2033346e-01
  6.9817469e-02
  2.9195780e-02
 -3.1656876e-01
  2.8123185e-01
  9.0566389e-03
  5.3033989e-02
 -2.4883322e-02
 -1.7831074e+00
 -4.6200484e-01
  1.5671160e-02
 -6.3666739e-02
 -7.8090835e-01
  3.7461174e-01
 -3.3496186e-02
  7.1392961e-02
 -7.1820664e-01
  8.5903436e-02
  1.5466039e-01
  1.1651398e+00
 -1.0789089e-02
 -3.0741740e-02
 -1.2779541e+00
 -3.8273819e-02
 -1.3754554e+00
 -3.8987307e-03
  1.3782883e-02
  4.4501938e-02
  3.1126759e+00
  2.4442929e-01
 -8.5485691e-01
 -1.8896273e-01
  2.6650394e-03
 -4.0533808e-01
  2.1230298e-01
 -1.4456344e-02
  8.1644833e-01
  3.7707527e+00
  2.6535850e+00
  5.2251949e+00
 -2.8861299e+00
 -3.6464832e+00
  3.0452850e+00
  5.2366796e+00
 -1.5747173e+00
 -1.1380960e+00
  3.6383625e-02
 -4.1062605e-02
 -8.6916089e-01
 -3.6647539e+00
 -1.4209543e-01
 -8.2489409e-02
  2.8816583e-02
  4.2778549e-01
 -9.2793775e-01
 -3.1872276e-02
  5.1694119e-01
  5.7848912e-01
 -1.3263698e+00
  7.3214062e-02
  5.9752312e-02
 -1.3910724e+00
 -4.3650955e-02
  1.8960834e+00
  3.2291368e-01
 -5.6058021e+00
 -2.7841052e-02
 -4.2988500e-01
  8.0648392e-01
  6.3596912e-02
  1.0969441e+00
  1.2468240e-01
 -7.3782796e-01
 -5.7506813e-03
  2.6231641e-01
  1.0634106e-01
 -1.1340544e-02
  1.1374942e-01
  4.7830591e-01
  2.1994356e-02
  8.5392371e-02
  3.4366332e-03
 -2.1739556e-03
 -6.5191396e-02
  1.9741540e-01
  4.1343719e-02
 -5.0833905e-01
 -5.5434936e-01
 -6.9379181e-01
 -1.6569082e+00
  3.9091918e+00
 -1.0581474e+00
  3.5661125e+00
  9.5074737e-01
  5.3267860e-01
  2.4102774e+00
  1.0527495e+00
  2.3442373e-01
 -5.9355646e-01
  6.7290179e-02
 -2.4744254e-01
  4.6056695e+00
 -1.4013301e-01
  7.1419016e-03
 -1.7578454e-03
 -1.0419594e+00
  3.7073419e+00
 -2.6193312e-01
  3.6809582e-01
 -2.7119839e+00
  1.2865213e+00
  5.1923027e+00
  2.5507579e+00
  2.2125103e+00
  1.1932435e+00
  3.0208799e-01
 -3.6038637e-01
 -1.5522803e+00
 -1.8675865e-01
 -1.0843643e+00
  3.0913880e+00
 -1.5306826e+00
 -7.4898319e+00
 -2.5019701e+00
  1.5112831e-01
  1.5153174e-02
 -1.9649865e-01
 -3.0650716e-02
 -7.4565738e-02
  1.2736283e-01
  1.2917626e+00
 -2.2548842e-01
  1.0286771e-01
 -4.9107712e-02
 -2.4656685e-02
 -3.9995804e-02
 -2.5391901e-02
 -2.9271493e+00
  6.7612432e-02
  1.1205978e-01
  1.6675502e-01
  4.5183904e-02
 -3.5378478e-02
 -2.4639159e-02
 -5.9770256e-02
 -7.5902678e-02
 -5.4767843e-02
 -4.0289491e-02
  1.6424653e-01
  8.2351230e-02
 -1.9800926e+00
 -4.9602881e-02
  7.8706201e-03
  8.6541869e-02
 -1.8667107e+00
  2.9553634e-01
 -1.0311837e-01
  7.6701276e-02
 -1.8671903e-01
 -5.1901482e-02
 -4.2753194e-02
  6.1058450e-02
 -7.1139348e-01
 -2.6152566e-01
 -8.0697909e-02
  2.4978812e-01
 -3.4937315e-02
  1.0809573e-01
  2.4138473e-02
  5.3625058e-02
  2.0036387e-01
 -4.3226663e-02
 -9.0927407e-02
  8.1666254e-02
 -4.4790860e-02
  7.4824411e-01
  1.0273061e+00
  1.0294583e-01
  4.9989790e-02
 -1.6040122e-03
  5.6489863e-02
  1.1662370e+00
 -1.8125869e-02
 -3.0273190e-04
  4.1447580e-02
  6.7381047e-02
  7.6256290e-02
 -6.6750117e-02
 -8.9753799e-02
  1.2120088e-01
  1.8616464e-02
  9.9374302e-02
 -6.0776919e-02
  6.3503093e-01
  1.0972716e-02
  1.0418205e-01
 -1.8889333e-01
 -2.3005502e-02
  4.3525405e-02
 -9.5156077e-03
  2.8794160e-02
 -1.6657342e-03
 -5.6403756e-01
 -2.0231971e-01
  5.2923825e-02
  1.5145117e-02
 -1.0444924e-02
 -5.8005769e-02
  5.3063504e-02
  1.0212757e-01
  1.1003035e-01
  7.3338151e-02
 -6.6380911e-03
 -9.3494497e-02
 -1.8471645e-01
  5.3122569e-02
  2.8523544e-02
 -1.2278905e-01
  1.8648089e-04
 -4.9213275e-02
  1.0401154e-01
 -1.0084553e+00
  6.6047206e+00
  1.1628281e-01
  4.3617949e-02
 -1.1180381e-02
  2.9616883e-02
  1.0817803e-01
 -4.9704183e-02
  2.5509387e-02
 -2.0857824e-02
 -7.3000759e-02
 -4.5024574e-02
  7.1354890e-03
  6.4525023e-02
  5.1241582e-03
 -7.3892139e-03
 -2.6956821e-02
 -9.5733956e-02
 -2.0862717e-02
  5.7487711e-02
 -3.0671041e+00
  8.7657264e-03
 -1.9233916e-02
  1.7139355e-02
 -7.5677894e-02
 -3.9659198e-02
  1.8057339e-01
  2.6549140e-02
 -9.8340821e-01
 -1.8461114e-02
 -1.0095034e-01
 -2.3929660e+00
 -1.1395901e-02
 -8.4672328e-03
 -1.0432272e-01
 -6.9413097e-03
 -8.9494288e-02
 -4.1752797e-02
  4.3909684e-02
 -5.5861644e-02
  5.5876452e-02
  8.8283569e-02
  1.7796230e-01
 -1.3411421e-01
 -7.1337126e-02
 -3.1484004e-02
 -1.0689005e-01
  3.0527126e-02
  3.3890545e-02
  1.0377589e-01
  8.1998095e-02
 -1.1377946e+00
 -1.5439941e-01
  5.9222199e-02
 -1.7627950e-01
 -2.0578519e-02
  2.6517418e-01
 -2.2598654e-01
 -2.1755358e-02
 -4.3465411e-03
 -4.8247743e-02
  2.0533217e-01
  5.9563380e-02
  1.4895637e-01
  1.7931038e+00
  1.0508773e-01
  1.6661090e-01
  1.8556851e+00
 -1.2999865e-01
 -3.1228585e-02
  1.4057681e-01
 -7.8703210e-02
 -6.1528619e-02
 -2.1162803e+00
 -1.7652949e-02
  4.0770168e-03
 -1.1276510e+00
  3.7738927e-02
 -1.1612339e+00
  1.0302692e-02
  1.0787816e-01
 -1.0722423e-01
  3.7896704e-02
 -1.1926865e-01
 -1.3820384e-01
  1.7966045e-02
 -1.0149384e-01
  4.0948782e-02
 -9.1904327e-03
 -1.6753491e-02
  3.3681720e-02
  5.0759200e-02
  3.7452728e-02
  4.0335478e-03
 -1.1982359e-01
  1.1243258e+00
  2.8631943e-03
  7.9313464e-02
 -2.4970168e-02
 -5.7141638e-01
 -2.7471781e+00
  1.6141888e-01
  8.4075250e-02
 -5.7449257e-01
 -1.4136694e-02
 -2.4999110e-02
  1.6291898e+00
  7.0793360e-01
  1.1060103e-02
  1.7360071e-02
  8.8660587e-03
  5.2799350e-01
  5.4777718e-01
 -4.8633400e-02
  1.0313266e-01
  1.2507243e+00
 -3.2514052e+00
 -1.0893706e-01
  9.1105901e-02
 -1.1761583e-01
  5.4384536e-01
  1.9516574e-02
 -3.9293855e-02
  8.6645566e-02
 -1.2909961e-01
 -2.2012873e-02
  5.7874294e-04
  5.4300100e-02
 -1.2466376e-01
  2.0307358e-01
 -2.3816507e-01
 -1.9763751e-01
 -1.6102476e-02
 -4.6884701e-02
 -2.3069353e-01
  7.4179314e-02
  1.9730855e-02
 -1.2994168e+00
  4.0992595e-02
 -1.6958776e-01
 -2.8638613e-01
 -2.0860588e-02
  9.5769674e-02
  4.7462706e-02
  1.7259261e-01
 -9.3780430e-03
  1.7254887e-02
 -2.9438736e-03
  2.2588490e-01
 -5.9936419e+00
  5.4112829e-02
 -2.2083122e-01
 -8.9851208e-02
  3.6534034e-02
  5.9901482e-01
 -5.6395158e-02
  4.1286498e-02
 -1.0178251e-01
  1.5929852e-02
  1.7871191e-01
 -2.8429472e-01
 -1.0676723e-03
  1.0390560e-01
 -1.2820087e-02
 -5.5756205e-01
  1.4512667e-01
  3.4127265e-02
 -1.6162612e+00
  1.1544796e-02
 -7.0530879e-03
 -1.4401884e-01
  3.2869529e-02
  4.3738441e+00
 -2.3616216e+00
  6.4989585e-01
  4.5728707e+00
 -1.6942763e+00
 -1.9171571e+00
 -4.0882063e+00
  1.9942229e+00
  2.2403319e+00
  3.4014385e-02
  6.3189849e-02
 -1.8837285e-01
  6.2597722e-01
 -3.8192120e-01
  2.1827798e+00
 -1.0918894e-02
  6.7173346e-04
  1.1154603e+00
  1.0475363e+00
 -1.7143229e+00
  4.2650443e-02
  6.6635675e+00
 -3.1768021e-01
 -7.3473662e-01
  2.3496282e+00
 -1.9960947e-01
  6.8777359e-01
 -1.1540549e+00
  5.8545179e+00
 -1.8958006e+00
 -3.2363381e+00
  2.2138737e-01
  1.7960583e-01
  3.5999873e+00
  3.3334991e-01
  8.1069193e+00
  1.6328566e-01
  1.2667771e-02
  6.8532985e-01
 -8.3316015e-03
  1.7349524e+00
  1.8214978e+00
  3.4624609e-01
  3.9360505e-02
  1.0491953e-01
  3.2947266e-01
 -1.8056989e-02
 -1.3959602e-01
  6.3762985e-02
  4.0783845e-02
 -2.8740378e-02
 -5.7589436e-01
  1.1171076e-01
  6.2249262e-02
 -7.5478554e-01
 -1.9313684e-02
 -3.5154041e-02
  2.1088665e-02
 -6.2319684e-01
 -1.0842605e+00
 -1.5719385e-03
 -4.5872806e-03
  3.2771427e-02
 -1.6294926e-01
 -2.0256644e-01
 -1.0901096e-01
 -7.6096095e-02
 -6.5334164e-02
 -9.4036497e-02
 -8.5488998e-04
  4.2702141e-03
 -1.8829212e-01
  4.9115367e-02
  4.5197278e-02
  5.0123632e-01
 -1.2674522e-01
  1.8588623e-01
 -1.2296112e-02
 -3.0660933e-01
  7.4814516e-03
  4.4515900e-02
  6.9389262e+00
 -1.0541955e-01
 -1.8054757e-02
 -6.6538706e-02
  1.0271401e-01
 -4.2691708e-01
 -5.3797849e-02
  2.7099608e-02
 -1.4473977e-02
 -8.0045182e-03
 -7.8348279e-01
 -3.0693280e-02
  2.7700418e-01
 -6.6095017e-02
  1.8633127e-01
 -1.7134388e-01
 -3.1361692e-02
  1.0264719e-01
  4.7596034e-01
  1.2365113e-01
 -3.7488326e-02
 -1.1749563e-01
  2.0027572e-01
  2.7116874e-01
  2.3228157e-01
  8.6540747e-03
  3.8111687e-03
 -6.9588393e-02
 -6.3413513e-01
  3.7824910e-02
 -1.0527787e-01
  6.3216530e-02
  8.0872923e-01
  6.4448483e-02
 -5.4026056e-02
  4.6075583e-02
 -4.7499742e-02
 -2.9991284e-01
 -3.2078554e-03
  2.5507185e-01
 -3.8252600e-02
  1.5197708e-01
 -9.5445827e-02
 -1.2676558e-02
  2.1149538e-01
  5.3774044e-02
 -1.9529928e-01
 -1.0377008e-01
  5.5267388e-01
 -7.2634920e-02
  6.8882252e-03
 -1.1797604e-01
 -1.2240615e-02
 -5.9735395e-02
 -3.4035657e-02
  2.3338769e-03
 -3.4674111e-01
 -4.9346998e-02
  6.2699001e-03
 -2.1458305e-02
 -1.6079889e-01
 -7.6614641e-02
  7.9413533e-01
  1.1846443e-02
  1.9575071e-01
 -1.4714901e-01
  1.2021836e-01
  1.7915439e-02
 -4.8179276e-02
 -2.0516675e-02
 -1.2106127e-01
 -3.2210279e-02
  1.9282941e+00
  5.9455346e-02
  2.8173593e-01
  1.0712042e-01
  4.2121474e-02
  3.3277929e-02
 -9.5613681e-02
 -2.0323527e-01
 -1.8104268e-03
  3.2945927e-02
 -1.8127257e-01
  5.4965414e-02
 -1.7132099e-01
 -1.3065094e-01
  7.6780622e-03
 -1.9582856e-02
 -2.4729583e-02
  2.4677951e+00
  3.8353596e-02
 -9.5854357e-02
 -7.3434189e-02
 -7.9358555e-02
 -1.0713877e-02
 -1.0872278e-01
  8.3717450e-02
  5.9644267e-02
 -1.8793727e-01
  3.6962658e-01
 -5.8328662e+00
  1.4148622e-02
 -4.7494743e-02
  1.4910032e-01
  1.2702014e-01
 -2.5463499e-02
 -9.8988235e-02
  6.6329628e-02
 -3.4322191e-02
 -1.5452274e-02
  1.0984145e-01
 -8.1394613e-01
 -2.5419893e-02
  1.5512617e-01
 -1.0339362e-02
  1.2124933e+00
 -1.7946064e-01
  7.5944468e-02
  4.8013158e-02
  1.3764694e-01
  1.5607274e-02
  1.4108916e-02
 -1.8278783e-02
 -4.6426851e-02
  1.1473050e-02
 -3.3386552e-03
  3.6170278e-02
  5.0902165e-02
  1.0736988e-01
  5.0867110e-02
 -6.5503381e-02
 -1.9800781e-01
 -1.4159958e-01
 -3.0652802e-02
 -9.5678568e-02
  2.3213008e-01
 -2.8054558e-02
  1.2687302e-02
 -1.3128032e-01
  3.6291230e-01
 -1.2515791e-01
 -1.8320104e-02
 -2.2613572e-02
  2.1912952e-01
  4.0721800e-02
 -4.7752131e-02
 -1.1974260e-02
 -7.5905405e-02
  1.3749456e-01
  1.4973442e-01
  1.7903542e-02
 -1.3846487e-02
  9.6886054e-02
 -7.8352563e-02
 -1.5044199e-01
  3.2647330e-01
  7.7090405e-02
  4.5108970e-02
  1.3116711e-02
 -3.5557956e-02
  1.6372612e+00
  4.1845761e-02
  4.3532127e-01
 -8.9695826e-02
 -2.1629865e-01
 -1.3065562e-01
 -2.0411432e-01
  1.3376220e-01
 -6.2098581e-02
 -2.4075615e-01
  5.9725293e-03
 -9.3569411e-03
  8.9898989e-02
  2.8931996e-01
  4.2675938e-02
  1.0530353e-02
  2.0181291e-01
  1.5544089e+00
  1.6946228e-02
  8.2913861e-02
  6.4809555e-03
  2.4144962e-01
  4.5713533e-02
  1.9704368e-02
 -2.2211744e-02
 -5.6101371e-02
  4.7377490e-02
 -1.5828611e+00
  1.0357630e-01
  3.3811554e-02
 -6.1353300e-02
  5.7424132e-02
  9.5591716e-02
  1.5122253e-02
 -6.4847142e-02
 -1.7822357e-02
  6.5647535e-02
 -8.0408327e-02
  1.9343708e-02
  9.1039687e-03
 -3.2800663e-01
  7.7199079e-02
  9.3353800e-03
 -2.0076580e-01
  6.1496794e-02
  2.1643353e-01
 -5.9329732e-03
 -4.8016626e-02
  1.3329756e-01
 -2.0430705e-01
 -4.3018363e-02
  1.4311292e-02
  1.3885287e-02
 -1.5026794e-03
  4.4423666e-02
  7.2015919e-02
  2.9541662e-01
  1.3277173e-02
  1.1515347e-01
  4.8744932e-02
  1.1936301e-02
 -1.1295833e-01
  1.8184145e-01
 -4.4575846e-03
  6.2836200e-01
  3.2034878e-02
  9.0189718e-02
  1.2836824e-01
  5.8544272e-01
  1.1700227e-01
  6.6182368e-02
 -2.4702305e-02
  1.6811191e+00
  5.6625940e-03
  9.7337820e-02
 -6.2734783e-02
 -3.0133175e-02
 -9.7155504e-02
  9.4749458e-02
  3.9480272e-01
  3.1695779e-02
  6.1559808e-02
 -2.8302220e-03
 -1.3724600e-01
  2.3651363e-02
 -7.2030234e-01
  1.4025233e-03
  5.6793414e-02
  2.6287451e-02
  8.7862704e-03
 -1.6932300e+00
 -1.0789025e-01
 -9.0217128e-02
  2.1760983e-02
  4.5874048e-02
 -2.0989850e-04
  6.2126279e-02
 -8.1397004e-02
 -1.7003910e-01
 -7.1623214e-02
 -1.9708697e-03
  3.0568447e-02
  8.2533874e-02
 -9.1246106e-02
  4.7339268e-02
 -6.0458723e-02
  5.9297577e-02
 -6.0885146e-02
 -2.1536963e-02
 -2.6769423e-01
 -1.2877011e-01
  1.9732092e-01
  3.2527778e-01
  4.9224198e-02
 -2.2587326e-01
 -7.0204996e-02
  1.9220660e+00
 -8.3716285e-01
  5.7984281e+00
  3.6874464e+00
 -4.5048442e-02
 -5.6106645e-01
  8.2805529e+00
 -9.2239231e-03
  4.6600385e+00
  9.0250695e-01
  2.5071207e-02
  1.0210602e-01
 -1.3553865e-01
 -6.7489550e-02
  4.6946578e-02
 -9.9848084e-02
  3.1484891e-02
  3.4413087e+00
  3.3993375e-01
  2.8264272e-01
  3.5369799e-01
  1.3160814e-01
 -3.8876276e-02
  1.1087778e-01
  1.8540318e+00
  3.3636701e+00
  1.3902317e-01
 -3.8172691e+00
 -8.4375662e-01
 -1.1337372e-02
  3.7705336e+00
  3.9963648e+00
  1.6978437e-01
  3.4707576e-01
 -2.9556332e+00
  5.3302413e-01
  1.8259209e+00
 -3.5673801e-02
  8.4246707e-01
  7.1827739e-02
  8.9037520e-01
  2.2562043e-01
  6.4635850e-02
  4.6613142e-02
 -1.2724835e-01
 -4.1974659e+00
  3.8046986e-02
  3.7352152e-02
 -1.0295888e-01
  7.9661481e-02
  2.7014819e-01
  3.0686934e+00
 -5.1541238e+00
  2.4673150e+00
  2.2412188e+00
  1.8680753e+00
  7.1106982e-01
  6.3671093e+00
  9.4968772e-01
 -1.2207019e+00
 -1.7547368e+00
 -8.2596920e-02
 -8.0675155e-01
 -5.0699604e-01
  3.5895792e-01
 -8.2469147e-01
 -4.6277544e-01
 -2.5221329e+00
 -1.2499163e+00
  1.4734821e-01
 -5.3637636e-01
 -5.2035242e-02
  4.0557154e-02
  4.6052061e-02
 -2.5263661e-01
  7.6058432e-02
 -8.1687969e-01
 -1.1095295e+00
  6.9461185e-01
 -7.3056837e-04
 -1.7574900e-01
 -6.7156561e-02
 -1.2275798e+00
 -2.9252543e+00
  2.4207313e-01
  3.0316228e-01
  1.1876781e+00
  1.8950763e+00
 -1.2495938e-01
  8.8167065e-01
  3.6816794e-02
 -2.9890668e-01
  7.0671685e-02
 -2.2182530e-01
 -1.9106306e-02
  1.8906774e-01
 -2.5318700e-01
  2.1796703e-01
 -1.1613221e-01
  3.0486623e-03
  7.6542258e-01
 -1.2086583e-02
  9.1643602e-02
  3.5461523e-02
 -6.7692019e-02
  4.1249365e-02
  4.5672236e-03
  2.1261523e-02
 -5.2131653e-02
  2.9118203e-02
 -1.0246518e-01
  1.1625013e-01
 -1.8647097e-01
 -1.7488791e-01
 -4.6265656e-03
  2.4521194e-01
  2.1060091e-02
  1.4157628e-02
 -6.7270570e-02
  2.0810874e+00
 -1.8487839e-02
  5.7888445e-03
 -5.7606902e-02
 -1.5816027e-01
  8.3873808e-02
  3.3376120e-02
  1.0055277e-02
  1.7413408e-02
  1.5151432e-02
 -2.1949306e-01
 -1.4949857e-01
 -7.0308521e-02
  9.7930897e-03
 -4.3805959e-03
  1.1290470e-02
 -1.0159519e-01
  1.8918664e+00
 -6.4337604e-02
  8.6697184e-02
  1.0893060e-01
 -2.9931733e-02
  7.4792631e-02
 -3.0766645e-01
 -1.4949490e-01
 -1.5559430e-02
  2.2229411e-01
  7.3960923e-02
  2.3878632e-02
  1.6533010e-01
 -4.6299282e-02
  7.7301107e-02
 -4.6377401e-03
  8.5703962e-02
 -1.7990857e+00
 -9.8953944e-01
 -1.1616681e+00
 -1.0544231e+00
  8.7199467e-01
 -1.7266737e-01
 -5.4252563e+00
 -1.3748194e+00
  1.2926168e+00
  2.6481559e+00
  1.6240770e-02
  5.0059147e-02
 -3.2440162e+00
 -1.3423194e-02
 -6.5900970e-01
  2.8280559e+00
  3.4115324e+00
  5.2838165e-01
 -9.0784147e-02
  2.8888073e+00
 -2.5571066e-01
 -8.9124665e-02
 -1.3631614e-01
  3.0007832e+00
 -2.0064682e-01
  1.0523574e-01
  1.0138184e+00
  1.0447329e+00
 -5.5745006e-01
 -3.6766854e-01
  5.9715664e-01
  1.5511718e+00
 -8.4426105e-01
 -6.0192901e-01
  4.9839032e-01
 -9.4704497e-01
 -1.7078278e+00
 -6.6504650e-02
  1.7677078e-01
  1.2647909e-01
 -1.2775137e-01
 -4.1429386e-01
 -1.9263821e-02
 -5.0547656e-02
 -2.1152144e-02
  2.3879018e-02
 -1.6377440e-01
 -2.2250412e-01
 -1.3176095e-01
 -9.5132357e-03
 -7.8049690e-02
 -3.5559795e+00
  8.2694948e-02
 -8.8545841e-01
 -2.4942102e+00
 -5.6659567e-01
  1.8091261e-01
 -1.7923446e-01
  3.8314009e-01
  6.5000468e-01
 -4.6280286e-01
  6.1107755e-02
  3.3196080e-02
 -1.3875411e-01
  9.1011143e-01
 -1.3637229e+00
  2.1026529e-01
 -3.7792170e-01
 -2.3935899e-02
 -1.9738694e-01
 -1.1577492e+00
 -5.4431725e-01
 -1.7934846e+00
  3.0454071e-02
  1.1047096e+00
  1.5212320e+00
  2.4511401e-02
 -2.0696526e+00
  6.5918797e-01
 -3.4840596e+00
  2.3608952e+00
  1.0874262e-01
  1.2285813e+00
 -8.2905762e-02
 -2.2661366e+00
  8.6933732e-01
 -7.8925006e-03
 -1.1131474e+00
 -2.2304999e-02
 -1.7037949e-01
  1.1757727e-03
  4.8569620e-02
  4.1675954e+00
 -8.7611087e-02
  3.8566083e-02
  6.2573805e-02
  9.1099247e-02
  7.3874205e-02
 -2.3665388e+00
  7.6757818e-02
 -6.7744905e-04
 -1.7840079e-03
 -3.0276948e-01
  1.9314641e-01
  6.1737336e-02
  5.9160236e-03
 -9.0520680e-02
 -3.0579429e-02
  1.5950024e-01
  5.5568233e-02
  1.8249023e+00
 -1.6718891e-01
  5.4274899e-01
 -5.9064388e-02
  1.2131762e-01
  1.9736599e+00
  5.4502759e-02
 -4.0065455e-01
 -2.0680901e-02
  2.0125520e-01
 -3.9205920e-02
 -3.1165844e-02
 -9.9431545e-02
  1.3739242e-01
  2.6101372e-03
 -1.3267939e-01
  6.1397526e-02
 -1.3228652e+00
 -6.7699872e-02
 -6.8075106e-02
  8.2985200e-03
 -1.8892989e-02
 -9.4267297e-01
  3.1511474e-02
  8.2038984e-02
  4.4580769e-02
  9.6555673e-02
 -4.6240194e-03
  2.9371347e-02
 -2.5993373e-02
 -3.8133979e-01
  1.8646089e-02
  4.1077104e+00
 -1.9015249e-02
  9.9838212e-02
  2.6069811e-02
 -3.7490718e-02
  4.1630957e-02
 -2.2937880e-01
 -1.2976286e-01
 -9.7857758e-02
 -6.6215955e-02
 -2.1499859e-01
  7.5841904e-01
  6.4726841e-01
 -7.0863676e-01
  3.0526853e+00
 -2.8318018e-01
  6.2457323e-01
  1.4778201e-01
  4.8823733e+00
 -1.9928220e-01
 -2.2520217e-01
 -5.6768614e-01
  1.0594501e-01
  4.4328894e-02
  3.9268291e-01
 -2.3082232e+00
  2.5318280e-01
  7.9362053e-01
  1.4621879e-01
  1.8255847e-02
 -1.1323461e-01
  9.9268174e-01
 -1.5575969e+00
  2.4873655e-01
 -1.6766353e-01
  9.9794537e-02
 -4.9248304e-02
  8.6746979e-01
 -4.5811632e-01
  1.0898719e+00
  3.0993059e-01
  2.1512520e+00
  8.6858785e-01
  2.2480800e+00
 -2.7921876e-01
 -1.4262934e+00
 -4.2820740e-01
  1.5807365e-01
 -1.7357102e-02
 -2.2856916e-01
  4.7114273e-03
  5.2978098e-02
  8.3893321e-02
 -8.1614129e-02
 -5.2298781e-02
  5.9258580e-02
 -3.7216792e+00
  3.9673213e-02
  7.5057372e-02
  1.3734181e-01
  2.3921208e-02
  3.2461379e-02
 -1.5232865e+00
  7.5844504e-02
 -3.8780169e+00
 -1.0189418e-02
  5.7157451e-01
 -1.6831094e+00
  1.0868564e+00
 -5.7438624e-01
  7.5534326e-01
  2.9291515e+00
  2.3238335e+00
 -1.4142567e+00
  3.1155899e+00
 -4.9903488e+00
  3.7303598e+00
  1.1414480e+00
 -1.9758039e+00
  1.9704622e+00
 -2.0972075e-01
  3.3606896e+00
 -3.6054158e+00
  3.0630839e-01
  1.8212410e+00
 -3.0233893e+00
  1.2474289e+00
 -2.2220440e+00
  4.0026431e+00
 -5.6535435e-01
  1.3939312e+00
  9.9090540e-01
 -1.1471903e+00
  8.1328708e-01
 -5.1022398e-01
  1.7918614e+00
 -5.1042944e-01
  3.2544436e+00
  8.8407320e-01
  1.2690234e+00
  1.3042793e+00
  3.3045584e-01
  1.6818230e-01
 -1.9534986e-01
 -1.6390368e+00
  6.1916504e-03
  4.5666829e-02
  1.4979646e-02
  1.9106360e-02
  3.8720626e-02
 -1.3049413e-01
 -1.8062723e-01
 -8.9714110e-02
 -4.7355244e-01
 -1.9757369e-01
  4.2978458e-02
 -1.4980321e-02
 -4.0627159e-02
 -2.7413413e-01
 -2.5521405e-03
 -2.5462407e-01
 -2.0221485e-01
  1.4155681e-02
 -1.3911351e-02
 -4.2488489e-02
  1.5292223e-01
 -8.1320077e-02
  1.3823974e-01
  1.3312617e-01
  1.3003256e+00
  1.3335343e-01
  2.0401195e-02
 -4.0469263e-02
 -1.5769759e-01
  1.1457596e-01
  2.7039635e-01
 -9.3473621e-02
  1.9958645e-01
  4.8323996e-02
 -1.9864371e-02
 -1.7276695e-01
  8.4060848e-02
 -8.6709419e-03
  9.6916193e-01
 -5.0341327e-02
 -2.8531162e-02
  7.8172155e-02
 -4.7109984e-02
 -1.6329983e-01
 -2.8284118e-02
  1.7106894e-02
 -7.7414066e-03
  3.7029169e-02
 -1.5366364e-02
 -1.2686744e-01
 -7.9912372e-02
 -2.0543864e+00
  7.9761527e-02
 -3.4692720e-02
 -4.0073235e-02
 -4.2833383e-03
  8.8890515e-02
 -1.5640251e-02
  2.8721338e-02
 -2.1238692e+00
  4.7306484e-01
 -3.2080350e+00
 -1.0743335e+00
 -5.6054156e-02
 -4.5540552e+00
 -8.6456813e-02
 -2.0222061e+00
  2.6728252e-01
 -7.3977537e-02
  8.3682306e-02
 -1.3710341e-01
 -3.9612357e-02
 -1.0760372e-03
 -2.2403423e-01
  2.1435614e-01
 -1.1504158e-01
  3.1371593e-01
  2.5730787e-02
 -9.6867196e-02
  6.3182056e-02
  1.7592400e-01
  1.3296235e-02
 -8.2568802e-02
  4.1560840e-02
  1.0340180e+00
 -2.7262983e-01
  6.3203037e-01
  1.1323928e-01
  7.8327261e-02
  1.7505038e-01
  2.5659144e-01
  1.9873010e-02
  1.0300288e-01
  9.6042281e-01
  1.8332338e-02
  4.9025960e-02
  7.0104942e-02
  1.1381223e-01
 -8.2012869e-02
  3.8521744e-02
  6.1711054e-02
 -1.6796586e-01
  8.0602691e-02
 -9.4871718e-01
 -1.0873993e-01
  2.8285933e-01
  6.5729581e-03
 -1.2821009e-02
 -7.8904504e-01
  3.2615860e+00
  2.0457739e-01
  1.3605008e-01
  4.8683982e-02
  5.7468340e-02
 -3.4567121e-01
  2.7928510e+00
 -2.9631348e-02
 -2.4853524e-02
  1.8108162e-01
 -1.2888372e-01
 -5.1635843e-02
  8.3112782e-03
 -1.9264360e-01
 -6.1693490e-03
 -1.0061657e-01
 -5.6894269e-02
  3.0070497e-02
  1.2907317e-01
 -2.6526330e-02
  2.9529414e-01
 -1.1269884e-01
  1.3844228e-02
  3.7800070e-02
 -6.3933343e-02
  2.1419561e-01
 -3.3252537e-02
  5.1228397e-02
  8.5775211e-02
  3.5301592e+00
 -1.5604867e-01
 -6.3432515e-02
  8.5554957e-02
  1.3153783e-02
  8.7559119e-02
 -1.0909132e-01
  6.7761272e-02
 -2.4166556e-02
 -1.0033713e-01
 -2.2300459e-02
  7.6739943e-01
  1.4454831e-01
  1.5711657e+00
  4.6024728e-03
 -2.1234686e+00
  5.2318797e-02
 -2.7552655e-01
 -1.1739062e-02
  3.7037316e-01
  7.4928990e-03
 -1.6602220e-01
 -3.3225592e-02
  2.6360151e-01
  1.5019879e+00
  7.2891027e-01
 -3.4632616e-02
 -1.8392556e+00
  1.3741864e-01
 -5.5969912e-01
  1.5844495e+00
 -9.5946157e-01
  2.5746189e-02
  3.1397250e-03
  6.6940941e-02
 -4.4567946e-02
  1.1896020e+00
 -7.1657129e-02
  1.6971792e-01
  7.4732804e-01
  1.9335963e-01
 -1.1982480e-01
 -1.0086076e-01
  1.1541488e+00
 -3.7937891e-01
  2.0676911e-01
 -1.8148735e+00
  4.7240052e-01
  1.6788028e-01
 -7.5581153e-03
 -2.8306201e+00
 -1.7371407e-02
  1.0723552e+00
 -2.4607415e-01
  6.2103473e-02
  2.4043825e-01
  2.2879440e-01
  8.4677905e-02
 -1.9213969e-01
  5.1724237e-01
 -9.0229912e-03
  1.0948222e-03
 -1.2033764e-02
  1.4186054e-01
 -2.5176454e-01
 -3.2724135e-02
 -4.0228577e+00
  7.4208550e-02
 -4.6339165e-02
 -4.3401322e+00
  1.2624665e-01
 -7.1079397e-01
  5.6430298e-01
  2.5803270e-02
  1.3756391e-02
  4.7775950e-02
 -5.9574279e-03
  8.0720611e-02
 -7.2129913e-02
  5.6990707e-01
  1.5811637e-02
  1.9186890e-02
 -6.1366539e-02
  2.8249326e-01
 -8.0843821e-02
 -1.8756903e+00
  5.8212418e-02
  2.5041588e-02
  6.4940393e-02
 -1.8675949e-02
  9.0221709e-01
 -3.7135072e-03
 -1.1905327e+00
 -2.4440708e-02
 -5.4789275e-02
  4.3753004e-03
  1.5566498e-02
  1.7018706e-02
 -1.0604230e+00
  3.2566428e-02
 -2.7822667e-01
  2.6832173e+00
 -6.4729326e-03
  1.0689522e-01
  3.1694461e-02
 -5.2362405e-02
  5.3102210e-02
  1.1911949e-01
 -1.4027292e-01
 -3.1547219e-01
 -1.7130487e-02
 -4.3283358e-02
  7.6580986e-02
  4.0698763e-02
 -1.7188425e-01
  6.2465403e-02
 -9.5382974e-02
  2.1137353e-02
 -4.0388335e-02
  7.1865164e-02
  1.2853283e-01
  1.1478157e-01
  3.7021115e-02
  8.1278510e-02
 -1.5980263e-01
  1.5490964e-01
 -4.6318281e-03
 -2.1783607e-02
  1.4849311e-01
 -9.3091866e-03
 -2.6557956e-02
 -2.1009888e-02
  2.3999427e-01
 -2.6207179e-02
  2.4624249e-02
  1.0074896e-01
  1.1262470e-01
  8.7782927e-02
 -3.9799167e-03
 -2.3115417e-02
 -4.9897544e-02
  5.9338640e-03
  2.6371952e-02
 -1.0006400e-01
  2.5848456e-02
 -2.5792801e-01
  2.4551213e-02
 -1.2686589e-01
  1.1107317e-01
 -6.0030140e-02
  1.0935937e-02
  9.6083783e-02
  3.2339954e-01
 -4.7380920e-02
 -5.3821756e-03
 -3.4318741e-02
 -2.1985522e-02
  1.1484946e-02
  2.3241077e-02
  9.5098637e-02
  5.7579368e-02
  1.1566905e-01
  4.4338401e-02
 -6.3220173e-02
  4.5886643e-02
 -3.7452543e-01
  1.5513630e-01
  6.8102324e-01
 -2.5377326e-02
  1.0293751e-02
 -8.6036466e-02
  7.3861126e-03
  5.9692606e-02
  7.3162350e-03
  4.8634702e-01
  2.2321929e-01
 -3.0076924e-01
  6.1963286e-02
 -3.0399168e+00
  2.7467797e-02
  1.8726027e-01
 -3.5310057e-01
  2.4621818e+00
  7.8811973e-02
  6.0484344e-01
 -2.3543818e-01
 -5.6705594e-02
  9.5366888e-02
  1.8326409e-02
 -2.6249089e+00
 -3.3090025e-02
  2.6252022e-02
 -1.3569267e-01
  6.1325431e-02
  1.2214258e-01
  1.9151096e-01
  9.4677132e-01
  5.8773965e-01
 -4.2366188e-02
  1.5138787e-01
 -1.6716415e-01
  6.6851281e-02
  2.9090175e-02
  2.6225375e-02
 -4.6124924e-02
 -4.0659198e-01
  1.3044395e-01
 -8.7884516e-02
  3.7377693e-02
 -4.8675203e-01
 -4.3402264e-01
  9.8995194e-03
  1.2489758e-02
 -1.3022891e-01
 -1.9183513e-02
  4.5914948e-02
  1.5192156e-02
  1.6038182e-01
  2.3268606e-01
 -2.5214817e-02
 -3.9515164e-02
  4.8079146e-03
  2.9188752e-02
 -1.7624076e-01
  6.0311917e-02
  6.5741524e-02
 -1.1650017e-02
  1.1541573e-01
 -6.3874382e-01
 -3.4596935e-02
 -1.2780565e-01
 -7.2869964e-02
  1.3122870e-01
  2.5106919e+00
 -4.9983761e-01
 -2.5022779e-02
 -6.5701067e-02
  7.4429095e-02
  9.1913007e-02
 -1.3267934e-01
 -7.7358343e-02
 -2.8285026e-03
  3.5235956e-02
 -1.1388307e-02
 -9.6264994e-03
  4.3757297e-02
  1.4998572e-01
 -1.3422048e+00
  1.2787199e-01
  6.4476125e-02
 -1.4397998e-01
 -1.9454941e-02
  8.1655882e-02
  6.1553442e-03
  1.9204501e-02
  1.8689649e-01
 -1.1700753e-01
 -1.7319050e-01
 -2.3077214e-02
  3.3175536e-02
 -3.8939986e-01
  2.7043757e-03
 -3.3724945e-02
 -4.0965475e-02
  7.6296590e-02
  2.9419282e-02
  1.1291851e-02
 -6.1399117e-02
 -1.2427926e-01
  1.2372325e-01
  3.9755592e+00
  6.4442046e-02
  5.4899283e-02
  2.1130469e-02
 -1.3838197e-01
 -9.7460911e-02
  8.9377221e-03
  3.2230515e-02
  2.1569973e-02
  3.8528496e-03
  3.7257846e-02
 -1.5726364e-01
 -1.8464559e-03
 -7.9894699e-02
  2.6415455e-01
  4.4209819e-02
  3.8621049e-02
  4.4598833e-01
  1.6534145e-01
 -9.0750545e-02
  1.4775855e-02
  9.7454682e-02
 -2.4894841e-02
  7.9839133e-02
 -9.2877842e-02
 -8.7229483e-02
  1.1680881e-02
  1.0232107e-01
  7.0506120e-01
  4.5448259e-02
 -2.4883817e-03
  7.6689267e-01
 -2.0419799e-01
 -1.1620421e-02
 -2.3275631e-02
 -1.3160530e-02
 -1.7048693e-01
  2.7806612e-02
 -9.1000959e-02
 -1.0050425e-02
 -1.3154818e-01
 -1.1449510e-02
 -1.5892346e-01
 -2.9225857e+00
 -9.2726136e-03
  2.6982814e-01
  1.7630152e+00
 -2.6994519e+00
 -7.4259159e-03
 -1.3895920e-02
 -8.2487196e-02
 -2.7611291e-02
 -3.8025141e-02
 -1.7003179e-02
 -1.0827997e-02
  1.3084137e-01
  1.2135909e-01
  1.6156940e-01
  2.0970768e-01
 -1.7132065e-01
 -5.4627467e-02
  5.4784477e-02
 -8.3001681e-02
  3.0973336e-02
  1.6839076e-02
 -7.0499413e-02
  4.4392996e-02
 -8.6604133e-03
  2.1806209e-01
  2.4612702e-01
  1.7072703e-04
 -4.4623930e-02
  1.4002867e-01
 -1.3534348e-02
  1.1669821e-01
  8.3597898e-02
  2.1972883e-01
 -2.6275572e-01
 -9.4777094e-03
  1.3552185e-02
 -5.1793110e-02
  3.6403817e-01
  2.9401460e-01
 -1.1459132e-01
  1.8781339e-01
  4.2819619e-02
  6.4507343e-02
  7.9760097e-02
  1.5984161e-01
  6.5382101e-02
  1.0468587e-01
 -1.4076300e-01
  1.3761006e-03
  3.3569511e-02
  1.4185923e-01
 -3.4336254e-01
 -4.9923357e-02
 -7.5879671e-02
 -8.0145851e-02
 -6.7944084e-03
  3.3608075e-02
  5.0290193e-02
  2.1431969e-02
  3.8191158e-01
  6.8022631e-02
  5.9250994e-03
  1.7653526e-01
 -9.6992599e-03
  1.7620599e-01
  4.3255028e-01
 -4.4424038e-02
  6.7289345e-02
  3.4493223e-02
  7.3984720e-02
  3.0194649e-02
 -2.8899811e-02
 -5.2009463e-02
  7.0570465e-03
 -1.7441214e+00
  5.8368441e-02
  8.5231185e-02
  6.3187845e-02
  1.1791056e+00
 -1.3873631e-01
  5.3755406e-02
  1.8846016e-02
  5.4253604e-02
  1.2207148e-02
 -1.6490256e-02
  7.0834090e-03
 -1.5239562e-01
 -2.4014582e-01
 -4.4056367e-02
  1.1507227e-02
 -7.8920327e-02
  2.6107568e-02
  1.5467103e-02
  2.8921437e-01
 -4.2434454e-02
  2.0722182e-02
 -3.8205195e-02
 -3.0094143e-02
  8.7177128e-02
 -2.2876104e-02
 -6.1933342e-03
  7.1908027e-02
  2.0907596e-02
 -1.1044583e-02
  5.3307587e-01
 -5.4603267e-02
 -4.3559346e-01
  2.3913546e-02
 -1.8099463e-02
  6.6554971e-02
  1.8637183e-01
  7.2615969e-01
 -1.9036600e-02
  7.9313666e-03
 -4.0171500e-02
 -6.8383195e-02
  1.1981350e-02
 -8.7003529e-02
  2.9533029e-02
  6.2630899e-02
 -2.4484882e-02
 -2.8696893e-02
 -5.7120856e-02
 -2.3636846e-02
 -3.0530172e-03
 -5.2814279e-02
  6.9746524e-02
  3.9170701e-02
 -2.3443684e-02
 -2.3662710e-01
  5.0717238e-02
 -8.7270640e-02
  1.0780138e-01
  3.7549984e-02
  2.2107638e-02
  1.9876830e-02
  1.6759633e-01
  4.5818392e-02
  2.3494247e-02
  2.8370833e-01
 -1.8632716e+00
  8.5950091e-02
 -1.0030369e-02
  6.3249342e-02
  1.5593694e-01
 -4.6505384e-02
  7.3538907e-02
  2.5421539e-02
 -3.4986034e-01
 -1.3818938e-01
  1.4242750e-01
  1.7507519e-01
 -9.8547697e-02
 -4.7334236e-01
 -7.9134397e-02
  8.2202524e-02
  1.0337622e+00
  1.0138134e-01
 -3.1530496e-02
  9.5299575e-03
  2.9472899e-02
  9.9201642e-02
  2.0752920e-02
 -1.1001057e-02
  6.4787328e-02
  3.5106269e-01
  1.1616046e-02
  8.7423670e-01
 -3.0738559e-01
 -2.1055903e-02
  1.6861189e-02
 -1.4264798e-01
  1.6479297e-03
  1.2391564e-03
  5.6240223e-02
  8.9172520e-02
  3.9445893e-03
 -1.0911722e-01
  2.4991106e-02
 -5.7644404e-02
 -4.9586385e-01
 -1.7043453e-02
 -1.7608218e-01
  5.9424257e-03
  3.2447314e-01
  8.6966492e-02
  3.9273739e-02
  4.9924698e-01
 -2.3107043e-02
  1.1292982e-02
  1.8865529e-02
  8.0771348e-04
  3.4070790e-03
 -1.7376082e-02
 -4.0752582e-02
 -1.0935188e-01
  6.0624830e-02
  8.8214345e-02
 -4.2760195e-03
  3.4671172e-02
 -4.2794865e-02
  9.8594993e-02
  3.5295472e-02
  1.7138864e-01
 -6.9302373e-02
 -5.9344131e-02
 -1.1369746e+00
  4.8808098e-02
 -3.2650785e+00
 -4.4160638e-02
 -9.5681453e-01
 -1.3661173e-01
  1.7811302e-02
  1.2355684e-02
  1.6098866e-01
 -1.6823430e-01
 -4.3782145e-02
 -5.1784827e-03
 -8.5813709e-02
 -2.2536256e+00
  4.9490014e-01
  4.6860528e-01
  1.4025334e+00
  4.1486406e+00
  3.4206190e+00
  1.7998524e+00
 -1.3890283e+00
 -4.2419601e-02
 -8.5078037e-01
  1.3072541e-01
 -3.2479172e+00
 -2.0991852e+00
  4.0615797e+00
  3.3618610e+00
 -8.0853611e-01
  8.0275431e-02
 -4.5975909e+00
 -1.4956602e-02
 -2.2170503e+00
 -2.6451719e-01
  3.7364572e-01
  4.7889571e+00
 -1.5933851e+00
 -1.2252156e+00
 -2.6059663e+00
 -6.9618654e-01
  5.8605778e-01
 -3.9993763e-02
  2.2712102e+00
 -1.4371883e+00
  4.4631016e-01
 -1.0295031e+00
  7.9380262e-01
 -7.9631674e-01
  2.3526649e+00
 -1.1610451e+00
 -9.7882897e-01
 -1.8620545e-01
  3.0916765e+00
  3.8135573e-01
  2.1928963e-01
 -2.9707551e-01
  2.2548144e+00
  1.3279350e-01
  2.1498015e+00
  2.5613043e-01
 -2.0112129e-01
  2.4580351e-01
  8.9919195e-02
 -8.6408868e-02
 -3.7703398e-01
  5.8393717e-02
  1.6563256e-01
  9.1351457e-03
 -8.9832135e-02
 -1.3786022e-01
 -4.1441750e-02
  4.3939080e-02
 -6.3479893e-02
  5.7907861e-02
  2.9280105e-01
  3.6735889e-02
  3.0373099e+00
  2.1889421e-01
  3.8700590e+00
 -2.9418176e-01
  7.9731248e-02
  2.0931056e+00
  6.6291086e-02
 -2.5626838e+00
 -5.6187328e-02
  1.6705494e-01
 -5.6755735e-04
 -6.9880523e-02
  9.8312140e-02
 -1.5310387e-01
  1.9483161e-01
  1.2659752e-02
  2.4562074e-01
  3.9520983e-02
 -2.1691373e-02
 -2.8331555e-02
 -8.0436730e-01
 -1.3654442e-01
 -4.8117298e-03
  3.3259866e-01
  1.1816828e-02
 -5.9838016e-02
 -9.9436179e-02
  1.1073589e-01
  3.4548426e-01
 -9.5050834e-02
 -4.5525712e-01
  5.7326868e-02
  1.0187471e-02
  4.1460235e-02
 -2.7328160e-02
  2.5505327e-02
 -7.9740137e-02
  4.0109582e-02
 -1.0710490e-01
 -1.1380511e-01
  6.6515231e-01
 -2.4105411e-02
 -2.6193140e-02
  5.1904134e-02
 -1.0782834e-01
  1.4726380e-01
  7.1912360e-01
  8.8500679e-02
  1.4876786e-02
  9.4263665e-02
  8.6297013e-02
  5.8676503e-03
  1.4771941e-01
  2.3642574e-02
  9.1160789e-02
 -1.7182084e-02
  3.7200745e-02
  3.8786402e-03
  1.6807863e-01
 -3.6823984e-02
 -5.9831683e-03
  1.1139038e-01
 -5.3053465e-02
  1.8321536e-01
  3.3936344e-02
  5.5859663e-02
 -1.6648050e-02
 -5.2298147e-02
  4.3882611e-03
  1.2530667e-01
  1.4990683e-01
  5.3568188e-02
  3.1289209e-02
  2.8630836e-02
  2.3484875e-01
  3.4662035e-01
  6.8435900e-02
 -4.0245414e-02
  8.6033624e-03
  1.2822235e-01
 -5.8524512e-02
  4.6808448e+00
  2.0960130e-02
  2.3797461e-01
 -2.3395100e+00
  6.4715363e-02
 -3.8036540e-02
  2.7689147e-01
  8.3038725e-02
 -1.5729649e-02
 -1.8280221e-02
 -1.7966752e-01
 -1.0630584e-01
  9.7198226e-02
 -5.8258183e-02
 -6.4749978e-02
  6.4319000e-02
  2.3028608e-02
  8.3897952e-03
 -4.1153349e-02
 -1.7256706e+00
 -3.6266693e-01
  3.0604864e-03
  1.8728258e-02
  2.4760126e-01
 -5.8361717e-02
 -3.8972635e-02
  5.9294816e-02
 -1.9874284e+00
 -1.8856570e-01
  8.6195372e-02
  1.7462663e-01
  4.0214565e-02
  4.6046209e-02
  6.7675061e-04
  2.6330733e-01
 -5.6593072e-02
  1.2299689e+00
  3.4170076e-02
 -9.1967016e-02
  4.1322492e-02
  3.2012828e-02
 -4.5840587e-02
 -4.4019502e-02
  8.5442521e-02
  1.8467259e-02
 -1.5040000e-02
 -4.7289226e-03
 -4.7899522e-02
  7.0718415e-03
  4.9258299e-02
 -1.7182671e-02
  1.1284742e-01
 -1.9228616e-01
 -7.6632582e-02
 -3.4130609e+00
 -7.3103644e-02
  5.0973270e-02
 -1.0775600e-01
  1.5359692e-01
  2.3757782e-02
 -5.8044028e-01
  4.9720451e-02
  1.1145213e-01
 -4.5763444e-02
 -4.0343475e-02
 -6.6091050e-03
  2.2378765e-01
 -3.9045662e-02
 -8.0318972e-02
  1.1711668e+00
 -1.5555295e-01
  6.8446383e-02
  6.5009020e-02
  8.2115876e-03
 -4.4271961e-02
 -4.7928233e-02
  1.2254655e-01
  1.3711765e-01
  1.4631905e-02
 -8.5302842e-01
 -3.6808688e-02
  1.9522024e-02
 -3.9670024e-02
 -7.7651642e-02
 -1.1302066e-01
 -9.5395595e-02
 -2.8791184e-02
  2.7899417e-01
  3.2156151e-02
  8.8733047e-01
 -5.3510878e-02
 -9.9028271e-01
 -3.8375312e-01
 -9.3276545e-02
  2.3483310e-03
  7.8811953e-03
 -9.0328911e-03
 -9.1321044e-02
  1.7438622e-01
 -1.2432464e+00
 -8.8554674e-01
 -3.2630179e-02
 -1.0951012e-02
 -4.4054933e+00
 -1.6760202e-01
 -2.5945470e-01
  4.6096291e-02
 -2.4083784e+00
  3.4882206e-02
 -4.1921917e-02
  8.1435241e-02
  3.5976801e-02
  3.0751085e-02
 -8.0260687e-02
  1.5931947e-02
 -6.6799238e-02
 -4.4768948e-02
  8.8543639e-02
 -7.9716042e-02
 -4.2326633e-02
  7.4932240e-02
  1.3490988e+00
  2.9900005e-01
 -1.5247671e-03
  7.5354591e-02
  3.6264066e-02
  1.3592052e-01
 -7.6790728e-02
 -1.8944517e+00
 -2.1697998e-02
 -3.8842775e-03
 -2.5731281e-03
  2.6138538e-01
 -5.2289031e-02
  5.2404400e-02
 -1.6543041e-01
  1.0090223e-01
  4.7263158e-03
  9.9524587e-02
  1.7426473e+00
 -8.7894782e-02
 -6.2516063e-02
  2.8758530e-02
  1.8759951e-01
  5.6190845e-02
  6.3852905e-03
 -2.0943841e-02
  1.7772692e-01
  8.3798520e-02
 -1.9693904e-01
  2.2351230e-02
  3.1260438e-02
  4.4347070e-02
  1.2527436e-01
  8.3046518e-03
  2.7194464e-01
  2.1246318e-02
 -1.7032914e-01
 -5.7267235e-04
 -2.2417526e-01
  4.2356633e-02
  1.5952382e-02
  2.2936590e+00
 -1.1646507e+00
 -1.2777247e-01
 -2.9230940e-01
  2.8600734e-02
  2.0724533e-01
 -2.5657326e-01
  1.5053043e-01
  2.7230887e-02
 -1.3255385e-02
 -2.1332212e-02
  1.6136855e-01
 -9.1032021e-02
  1.1194976e-01
 -4.9757686e-01
  1.3380734e+00
  3.9105535e-02
 -3.8707349e-02
 -6.9793575e-02
  1.9716533e-02
  6.4633809e-02
  3.6106117e-02
 -2.6639384e-01
 -1.3782975e-01
 -4.0981945e-01
  1.5126777e-02
 -3.3344643e+00
  2.5755811e-01
 -1.1800045e+00
 -8.9200631e-02
 -6.9775641e-01
 -7.4781455e-02
  3.9893605e-02
  4.0941837e-01
 -6.9117767e-01
  1.8787974e-01
 -6.0907509e-02
 -5.1261749e+00
 -8.6922562e-03
  1.0234398e-01
 -1.3249639e+00
  2.6986301e-01
  4.3215640e-02
  5.2287668e-04
 -2.6264663e-03
  3.5492048e-02
 -1.0496142e-01
  9.2538059e-02
 -2.4931062e-02
 -1.4151698e-02
  1.2123370e-01
 -1.6798140e+00
  1.3853196e+00
  2.7267253e+00
  1.9475758e+00
  2.9706297e+00
  8.9124763e-01
 -3.2056777e+00
 -3.6563208e+00
  1.4476941e+00
  2.6471186e+00
  2.7087038e+00
  3.6936979e+00
 -2.7031357e+00
  2.8486559e+00
  3.1508207e+00
  2.3930357e+00
 -2.1099451e+00
  3.1250098e+00
  1.4074565e+00
 -2.4360268e+00
  1.0149686e+00
  3.0765774e-02
  7.3677415e-01
  3.0520093e+00
 -2.4036920e+00
  1.6351159e+00
  3.2127059e+00
  2.9729536e+00
 -2.4098275e+00
 -2.6173940e+00
 -3.6119814e+00
 -2.7848260e+00
 -3.0732827e+00
 -3.0638828e+00
  3.0202463e+00
  3.7802641e+00
 -2.9374056e+00
 -1.3833776e+00
  1.8893324e+00
 -4.1126823e-01
 -2.6921265e+00
  2.8861325e+00
  2.0448036e+00
 -1.6771383e+00
  3.2290430e+00
  2.8147225e+00
  2.5345078e+00
  2.5711391e+00
  7.3819691e-01
 -2.6439879e+00
 -3.0350337e+00
  3.1822255e+00
  1.1936400e+00
 -3.1845822e+00
  2.9353125e+00
 -2.0074742e+00
 -2.8940949e+00
  1.5579948e+00
 -1.9907111e+00
 -5.0374657e-01
 -3.0083981e+00
 -3.1249828e+00
  2.7215843e+00
  2.7233369e+00
 -3.0142090e+00
  7.7201083e-02
 -1.6767085e+00
 -3.3200026e+00
 -3.5081308e+00
 -2.9700496e+00
  2.8661969e+00
  2.8843141e+00
  3.8917147e-02
 -1.0126680e+00
 -3.1079636e+00
 -2.1929164e+00
 -7.9862279e-01
 -3.1183178e+00
 -1.5194178e+00
  5.8672923e-01
 -2.4413924e+00
 -2.0689011e+00
 -3.9836714e+00
 -1.9021181e+00
  3.0244994e+00
 -3.6195092e+00
  2.4258780e+00
  2.8894906e+00
  3.1876037e+00
 -2.5388389e+00
  2.5980725e+00
 -2.6824257e+00
 -2.5983799e+00
 -7.7928305e-01
 -2.1646268e+00
 -2.0380952e+00
  5.5741296e+00
 -2.0968916e+00
  2.7829409e+00
 -2.5681067e+00
  1.0515190e+01
 -9.7071648e-01
 -7.6564226e+00
 -4.7622023e+00
 -4.5736718e+00
 -2.6995740e+00
  5.3047590e+00
  1.1736138e+01
 -2.3120298e+00
 -1.0678653e+01
 -6.4867883e+00
 -6.8413053e+00
  7.2075262e+00
 -1.1040211e+01
 -7.0731411e+00
 -7.7686024e+00
  2.1600130e+00
 -7.3651381e+00
 -1.4649670e+00
  3.1292689e+00
 -1.8482108e+00
 -2.1862772e+00
 -2.3045759e+00
 -7.6362629e+00
  2.0970485e+00
 -3.6015103e+00
 -8.8223925e+00
 -7.2074709e+00
  3.7850804e+00
  4.3941755e+00
  6.2334819e+00
  1.2315377e+01
  1.0804153e+01
  9.6225557e+00
 -8.8133602e+00
 -6.2939706e+00
  9.1998892e+00
  2.8779416e+00
 -2.0750334e+00
  5.6303549e-01
  7.2797475e+00
 -5.2468009e+00
 -1.3614641e+00
  1.1140633e+01
 -7.3349943e+00
 -6.4772820e+00
 -5.7992067e+00
 -9.4517508e+00
 -5.1109447e+00
  9.9709501e+00
  6.9477477e+00
 -8.5292568e+00
 -4.3516493e+00
  9.6067123e+00
 -4.9402213e+00
  7.5287914e+00
  1.2144123e+01
 -3.0330813e+00
  1.4811544e+01
 -1.6055018e+00
  9.1661444e+00
  7.6625495e+00
 -8.6850939e+00
 -7.6125078e+00
  9.0462179e+00
 -1.0377104e+00
  1.9721179e+00
  1.0711597e+01
  1.1790435e+01
  9.3938112e+00
 -5.7756948e+00
 -4.6870894e+00
 -9.0321314e-01
  4.1659689e+00
  9.1620350e+00
  4.8257079e+00
  1.8091990e+00
  9.4146967e+00
  5.7382603e+00
 -4.5070648e+00
  6.5230050e+00
  6.8711948e+00
  9.1483364e+00
  6.8967338e+00
 -6.8285780e+00
  6.5057516e+00
 -8.9856968e+00
 -7.6197858e+00
 -1.0308002e+01
  8.6552467e+00
 -4.2223268e+00
  1.0008575e+01
  6.3290591e+00
  6.7160797e+00
  2.6675315e+00
  4.3599601e+00
 -4.7296014e+00
  1.4443374e+00
 -9.4725399e+00
  3.6172817e+00
  6.1286139e+02
 -4.0452871e+00
  7.4045599e-01
 -2.1348453e+00
 -2.0290523e+00
 -7.4435897e+00
  3.0025473e-01
  5.5680979e-02
  1.2789645e+00
 -9.9736005e-02
 -3.8955762e+00
  1.6135256e+00
  2.6889808e+00
  2.7012730e-01
 -8.0590469e-01
 -1.0029839e+00
 -8.9514005e-01
 -6.8288541e-01
  6.6965542e+00
  3.7751749e-01
  1.0439334e+00
  5.1255255e+00
  3.0289702e+00
 -3.7669914e+00
 -4.6541448e+00
 -1.7004703e+00
 -1.2488517e+00
  1.6916238e+00
 -1.4796953e-01
 -5.8685021e+00
  4.1355622e-01
 -1.6562840e-01
 -1.1314635e+00
  3.4767425e-01
  2.9605250e+00
 -1.2400043e+00
 -4.0010276e-01
  9.8443907e-01
  3.1224167e+00
  6.0697651e-01
  5.8262753e+00
 -1.5828364e+00
  4.5048022e-01
  1.7875408e+00
  3.0037649e+00
 -1.2348368e+00
  4.6966136e-01
  4.9613884e-01
  5.7749128e-01
 -2.2905650e+00
  3.8900084e+00
 -4.5040795e-01
 -5.5234307e-01
 -2.4607961e+00
 -3.4470005e+00
 -2.2474892e+00
 -2.2158696e-01
  4.4593692e-01
 -3.9905412e+00
  2.7065831e-01
  3.9116278e-01
 -2.6280012e+00
  7.9345851e+00
 -8.1805581e-01
 -3.9404865e-02
 -1.2113829e+00
 -2.5005672e+00
  5.7838216e+00
 -6.7770678e-01
 -4.5392156e+00
 -3.9830813e+00
 -2.1238973e+00
  5.6467730e-01
 -1.7402658e+00
  7.4254003e+00
  2.1468084e+00
  9.5410579e-01
  3.0623584e+00
 -5.5659328e+00
 -5.6662577e-01
  3.8932821e-01
 -6.0104561e+00
  4.7159433e-01
  2.0613909e+00
  5.2092689e-01
 -2.8755293e+00
 -1.0076392e+00
 -7.9088682e-01
 -3.8258460e-01
  4.9024262e+00
 -4.9041387e-02
  5.0021135e-03
 -1.9228215e+00
  2.2726710e+00
 -1.4887692e+00
 -9.0845156e-01
  4.0627203e+00
  3.8767478e+00
 -1.0723404e+00
  1.2526848e+00
  6.5290403e-01
  1.5597970e+00
 -3.5591643e+00
  7.7460730e-01
 -3.9411779e-03
  1.3734146e+00
 -3.7839348e+00
  1.1799734e+00
  2.1669035e+00
 -2.1651271e-01
 -7.6397901e+00
  2.2093816e+00
  9.1637397e-01
 -5.9369864e+00
  8.8164425e+00
  5.8641121e-02
 -2.0052023e+00
  1.1079947e+00
 -2.9957914e+00
  3.1154702e+00
 -2.2855814e+00
 -2.1578550e+00
 -8.4769735e+00
  1.0115669e-01
  2.2564285e+00
 -3.1115353e+00
 -6.8752193e-01
 -1.5676275e+00
 -3.5152049e+00
  3.7167990e+00
  1.3235189e+00
 -3.0159700e+00
  5.5458379e-01
  4.1814070e+00
 -2.9991856e-01
  1.6263202e+00
  4.1672091e+00
  4.5381936e-01
 -3.4809403e+00
  1.0652032e-01
  1.7643151e+00
  2.3369226e+00
 -8.0356455e-01
 -3.3684208e+00
  8.2997507e-01
  1.2778028e+00
  4.9755383e-02
 -1.0903621e-01
  1.0988252e+00
  8.5327399e-01
 -5.2942055e-01
  1.0036367e+00
  6.3813490e-01
 -9.8870707e-01
 -2.3602071e+00
  1.7321795e+00
 -9.8017794e-01
 -4.9513352e-01
 -1.0356241e+00
 -1.6592774e-01
 -3.9761317e+00
 -4.3157339e-01
 -1.2041655e+01
 -1.2660865e-01
  2.2051699e+00
  2.7773070e+00
  3.1006920e+00
 -1.9361819e+00
 -3.1565590e+00
  3.1098625e-01
 -9.7550321e-01
  1.4886740e+00
  1.8977350e-01
  1.1048424e+00
 -3.7416732e+00
  5.0607486e+00
 -1.1359750e+00
  2.2083354e+00
  5.0280315e-01
  1.3046988e+00
 -1.7959100e+00
  1.9215045e+00
 -3.0225558e+00
  2.0850532e+00
  8.5916328e-01
  7.1608737e-02
  1.9819421e-01
  6.6258706e-02
  2.8014801e+00
  4.6277194e+00
 -3.7612304e-01
 -1.7682506e+00
  1.2234510e+00
  1.9264668e+00
 -2.9442915e-01
  2.3495953e+00
  8.3451158e-01
  2.3317864e+00
  4.7969174e-01
  2.8831863e+00
  1.6009569e+00
 -4.4019995e+00
 -3.2133577e+00
  9.2797792e-01
 -1.0391102e+00
  2.1988316e+00
  2.4071310e+00
  1.6396828e-01
 -2.6395438e+00
 -3.2415825e-01
  3.0666187e+00
  1.5499487e+00
 -4.0914026e-01
 -3.9062388e+00
  2.4210529e+00
 -2.8058369e+00
  7.5901914e+00
  1.9333848e+00
 -1.3886577e+00
  9.0627092e-01
  4.4897178e-01
 -2.1742699e+00
 -1.7997357e+00
  3.8059592e-01
 -1.3483279e+00
 -8.8307381e+00
  5.3762727e+00
 -1.4157209e+00
  2.2849016e+00
 -1.3727956e+00
 -2.2147346e-01
  6.2279987e-01
  1.5364478e+00
  3.9288497e+00
 -1.8064719e+00
  4.8040617e-02
 -2.5461314e+00
  2.0633159e+00
  9.0018624e-01
 -2.8640292e+00
 -1.1898909e-01
  2.2119904e+00
  8.6199576e-01
  1.6083051e-01
  1.3248138e+00
 -1.2124541e+00
 -3.5801797e+00
 -2.6355541e+00
  1.1059760e+00
  3.1686857e-01
 -2.0247259e+00
  7.0975655e-01
 -1.0622808e+00
 -2.3723743e+00
  9.2070901e-01
  4.2816833e-01
  1.6196131e+00
  1.3392968e+00
  2.2313323e+00
  6.2099957e-01
  3.5312717e+00
  8.9169484e-01
  1.6806954e+00
 -1.7758838e+00
 -2.3981140e+00
  2.2378406e-01
  3.6973047e+00
 -8.5463977e-01
 -1.6586061e+00
 -5.3899968e-01
  9.4676751e-01
 -1.1560744e+00
 -3.9792616e+00
 -2.0420938e+00
 -5.8167756e-01
  1.6998037e+00
 -1.0588126e+00
  3.5556391e-01
  5.5071616e+00
  4.3594432e+00
  2.7181282e+00
 -2.7199290e+00
 -6.7693901e-01
 -5.1589698e-01
  2.2839825e+00
 -2.0431006e+00
  6.7632308e+00
 -4.5906213e-01
  5.7248318e-01
  1.1046169e+00
 -1.8475556e+00
  8.5609424e-01
  9.1669512e-01
 -1.2253834e+00
  7.4709272e-01
 -2.3899851e+00
  1.6676184e+00
  3.6484940e+00
  1.3377918e+00
 -1.1645466e+00
  1.7668684e+00
  1.2081581e+00
  6.3223386e+00
 -4.3097110e+00
 -7.9021323e-01
 -4.4353023e+00
  8.9356065e-01
  8.3291149e-01
 -3.6327574e-01
 -2.5915647e+00
  3.3518544e-01
  6.9586611e-01
 -1.4020126e+00
 -3.8991800e-01
  2.4850676e+00
  1.1135877e+00
 -1.5148842e+00
 -2.0749495e+00
  7.4110360e+00
  6.1168110e-01
 -1.6051881e+00
  3.8224638e+00
 -6.1825476e+00
 -4.1637249e+00
 -1.9121180e+00
  1.6788576e+00
  1.5481621e+00
 -2.2197280e+00
  1.9229630e+00
  2.4290164e+00
  8.7584648e+00
  1.6573015e+00
  1.2418015e+00
  2.7794819e+00
 -3.7519944e+00
 -9.7901875e-01
 -2.1104796e+00
  6.1824024e-01
 -3.6981375e+00
 -1.9075897e+00
  9.9801052e-01
 -2.2269402e+00
  2.7094760e+00
  2.7719643e+00
  2.4464164e+00
 -4.6455723e-01
 -1.2499866e+00
  1.7230452e+00
 -2.6470995e+00
  1.4950001e+00
 -1.4970872e+00
  2.0280783e+00
 -2.0058981e-01
  2.2777319e-01
  1.0730814e+00
  1.5385628e-01
  1.0171263e+00
 -7.9322439e-01
  3.2515652e+00
  2.0096281e+00
  1.5674944e+00
  1.1047266e+00
  1.4416320e+00
  1.3032403e+00
 -8.4355116e-01
 -4.0472131e+00
 -2.0293751e+00
  1.2229632e+00
 -1.4743612e+00
  6.8859434e-01
 -3.9940417e+00
 -1.2460136e-01
  3.8829901e+00
 -1.4063208e+00
  6.5263376e+00
 -4.8743600e-01
  2.2130208e-01
  3.0678108e+00
  2.9427383e+00
 -4.0590253e+00
  2.8710501e+00
  3.8565650e+00
 -2.1292040e+00
 -1.5177245e-01
  6.3766521e-01
 -1.5892384e+00
  3.9931428e+00
  3.5112152e+00
  1.5372064e+00
  2.0748358e+00
  2.0724397e+00
  8.6981428e-01
 -3.1259543e-01
  7.4044645e-02
 -1.6289363e+00
 -1.4801087e+00
 -2.5005910e-01
  9.3167371e-01
 -1.7387823e+00
 -2.6416855e+00
  2.1401098e+00
  3.2848010e+00
  1.4975247e+00
  1.2238159e+00
  2.7010933e-01
  3.4261137e-01
 -3.2672510e+00
  3.9543504e-01
  1.0860827e+00
  2.8064656e+00
  1.6576459e+00
 -1.1466676e+00
  3.1046671e-01
 -2.2447319e+00
 -6.0253274e-01
  3.6684912e-01
  8.1019753e-01
 -1.0168781e+00
 -1.0104662e+00
  1.5141572e+00
  2.0514736e+00
  4.3485045e+00
 -4.6186776e+00
 -5.0987583e-01
  2.2646134e+00
 -4.3476900e-01
  1.6779052e+00
 -8.2279515e-01
  6.1800165e+00
  1.7357819e+00
 -2.0611513e+00
 -3.9963529e+00
  7.8863561e-01
  2.7594283e-01
  1.9326711e+00
 -5.7722211e-01
 -3.8155837e+00
 -2.2678876e-01
  6.6708142e-01
 -9.3423617e-01
 -3.5566035e-01
 -8.6604792e-01
  1.1422783e+00
  3.3616900e-01
  1.2016217e+00
  5.3052896e-01
 -4.1505370e+00
 -3.9019225e+00
 -3.9683928e+00
  3.4309747e+00
 -1.8080448e+00
  6.1311096e-01
 -4.9676375e+00
 -2.2483349e+00
 -8.5658178e-02
  2.8480394e+00
  6.4869088e-01
  1.9637282e-01
 -1.3223939e+00
 -1.1300483e-01
 -1.2327261e+00
  9.7159058e-01
 -2.4248672e+00
  3.9702293e-01
  1.8443922e+00
  2.1512063e+00
  2.9162698e+00
  2.0525358e+00
 -8.8645709e-01
  2.7262673e+00
  1.5527818e+00
  7.6207593e-02
 -2.4046369e+00
  4.1811886e+00
  3.8714659e+00
  2.3737034e-01
 -3.5561574e+00
 -6.1767960e+00
 -4.5238986e+00
  7.9918301e-01
 -6.7858511e-01
 -2.4603620e+00
  1.8536631e+00
  6.4445853e-01
 -1.2237554e+00
  3.7104785e+00
  3.0381811e+00
 -1.0986824e+00
  9.4594955e-01
  1.2584615e+00
  4.0708861e-01
  7.4771658e-02
  1.7721888e+00
  4.9506703e-01
 -6.0311967e-01
  1.6220487e+00
 -6.7011118e-01
 -3.8264591e-01
 -7.8907531e-01
 -3.1012911e-01
  2.1650653e+00
  2.8766209e-01
  1.0778176e+00
 -6.1326731e-02
  1.0745708e+00
  7.1938950e-01
  8.3991326e-02
 -1.1597406e-01
  9.6506411e-01
  4.0721878e-01
  3.1934938e-01
  7.1568769e-01
  6.2030011e-01
  1.7824328e+00
 -2.2906947e+00
  7.3489845e-01
  9.7824425e-01
  5.7375718e-02
 -1.6907043e+00
  1.9365431e+00
  2.9321306e+00
  3.1470847e+00
  1.0862703e+00
  1.5083182e+00
 -2.4994025e-01
  1.0172274e+00
 -7.0145208e-01
  2.1118491e+00
  6.6814011e-01
 -3.6674380e+00
  2.0975249e+00
  1.2847811e+00
  2.3461642e+00
 -8.0257827e-01
  3.1640916e+00
 -1.7945871e+00
  1.5769588e+00
 -2.7507620e+00
 -1.9282584e-01
 -1.6825989e+00
  6.2512869e-01
 -2.5657892e+00
  3.1541181e-01
 -3.1688145e-01
 -1.2538162e+00
  7.7801007e-01
 -1.1097491e+00
 -7.8239674e-03
  4.0555492e-01
  2.1763437e+00
 -7.4042726e-01
 -7.9621255e-01
  1.8146391e+00
  8.8371927e-01
 -1.3032563e+00
 -5.9003091e-01
  1.2588153e+00
 -1.0135705e+00
 -7.1418487e-02
  2.6889505e+00
 -8.5959506e-01
 -1.4311048e+00
 -4.6683283e+00
  1.5674268e+00
  3.6127422e+00
 -1.3086381e+00
  1.9333720e-01
  4.2723677e-01
  8.4178841e-01
 -2.5354922e+00
 -4.9345565e+00
 -1.2801168e+00
  2.4648302e+00
  2.2034142e+00
 -4.2058506e+00
 -7.4491733e-01
 -5.8416288e-02
 -4.4450035e+00
 -2.5067472e+00
 -1.6572438e+00
 -3.5909715e+00
 -1.0883951e+00
  2.3938360e+00
 -1.3886573e+00
 -3.8880222e+00
  1.0354630e+00
  2.4150691e+00
 -1.4010451e+00
 -9.1972339e-01
  3.2821479e+00
  2.0088222e+00
 -2.9485567e+00
 -9.8599762e-01
  2.7627406e-01
  2.9667419e-01
  1.0403606e+00
  6.9430339e-01
  6.5528977e-01
  1.1060879e+00
  1.0332160e+00
 -4.3305632e-02
 -4.2049913e+00
 -4.3165731e-01
  7.2286606e-01
  6.2105048e-01
 -2.4169283e+00
 -2.7889304e+00
  2.9856741e+00
  5.0801125e+00
 -1.4996197e+00
 -8.7611943e-01
 -3.2670476e+00
  7.9559642e-01
  8.7025166e+00
  3.4663141e+00
 -2.3929791e+00
  7.9171860e-01
  1.1067848e+00
  1.0880638e+00
  2.0275631e+00
  5.5359364e-01
 -1.6072724e+00
  3.3942549e+00
 -8.8303167e-01
 -1.2085577e+00
  1.0785029e+00
 -2.6439116e+00
 -1.7032863e+00
 -2.3058751e+00
  1.9919673e+00
 -1.7045660e-01
 -3.5505968e-01
 -1.5245180e+00
 -5.5004430e-01
 -9.2712426e-01
  1.9741371e+00
 -8.3254427e-01
 -5.4735523e-01
 -1.1551975e-02
  2.7847207e+00
 -1.2776544e+00
 -9.6519297e-01
 -1.1193032e+00
  1.9174536e-01
 -1.2385952e+00
 -2.2932949e+00
  7.2417659e-01
  1.1860384e+00
 -5.7664704e-01
 -2.5691397e+00
 -9.8138368e-01
 -4.9436245e+00
  2.1653943e+00
  6.2014109e-01
 -2.6864848e+00
 -3.1845846e+00
  1.5271475e+00
  7.3055971e-01
 -9.4050193e-01
 -4.2020389e-01
  2.3365397e+00
 -5.3707008e+00
 -1.1814414e+00
 -1.7767488e+00
 -6.2216860e-01
  5.0934792e-01
  9.2576337e-01
  9.7294217e-01
 -3.0517452e+00
  4.4631438e+00
  7.3696055e-02
 -4.8907283e-01
  1.4575222e+00
  4.3512034e+00
 -6.7350614e-01
 -2.9433511e-02
  5.3519773e-01
  5.4738086e-01
 -2.1610267e+00
 -1.5192185e-01
  4.7719449e-01
  4.3494906e-02
 -6.7028916e-01
  1.2960184e-01
  2.3642485e+00
 -1.6991223e+00
  3.5307400e+00
  7.7383466e-02
  2.3806183e+00
 -2.1696639e+00
  1.1837765e+00
  9.6461791e-01
 -1.3663015e+00
  3.5546021e+00
 -1.4374120e+00
 -7.0988047e-01
 -6.5440893e-01
 -3.0660861e+00
  2.1272883e+00
 -3.4272144e+00
  6.5931982e-01
  4.0916510e+00
 -1.6164060e+00
 -2.5794258e+00
  1.6020883e+00
  3.5699894e+00
  2.2613041e-01
  1.3944468e+00
 -4.9104056e+00
  4.0097451e-01
  2.1748984e+00
 -2.0639838e-01
 -7.0496911e-01
 -2.0566674e-01
  1.3976221e+00
  6.5693808e-01
  5.3806682e+00
 -5.3654182e-01
  5.7120889e-01
  1.3072187e+00
  3.2315769e+00
 -1.8328844e+00
  3.0716041e-01
  1.1443485e+00
 -3.4520168e+00
 -1.4049762e+00
  2.1718076e-01
 -4.3168175e-01
 -2.8937013e+00
 -1.1273311e+00
 -2.2244322e-01
  8.4511095e-01
 -1.2020513e+00
 -1.2802434e+00
 -6.8256289e-01
 -1.5306249e+00
 -1.1754547e+00
  1.6831125e+00
  1.3163495e+00
 -2.1807793e-01
 -2.9592597e+00
  2.3250523e+00
 -3.6386248e-01
 -6.6090584e-01
 -1.1216948e+00
 -2.7302983e+00
 -2.9864101e+00
  2.6744852e+00
  3.5471528e+00
 -1.6065477e+00
 -1.6504123e+00
 -2.6757486e+00
  3.7537644e+00
  1.0380745e-02
 -1.4487238e-02
 -1.5074202e+00
  2.9539902e+00
  1.7311747e-01
  2.0264966e+00
 -1.5911460e+00
  9.1978943e-01
 -7.8973156e-01
  2.4817243e+00
  3.4154105e+00
  1.2752525e+00
 -2.2551061e-01
  1.2072004e+00
  2.3891342e+00
 -6.6578172e-02
 -1.4873735e+00
  5.1517721e-02
  3.3875608e-01
  1.1900812e-01
 -1.7345536e-01
 -1.4817739e-01
 -1.0336484e+00
  1.4227512e+00
  1.8338743e-03
  1.8338743e-03
  1.8338743e-03
  1.8338743e-03
  1.8338743e-03
  1.8338743e-03
  1.8338743e-03
  1.8338743e-03
  1.8338743e-03
  3.5708311e-03
  3.5708311e-03
  3.5708311e-03
  3.5708311e-03
  3.5708311e-03
  3.5708311e-03
  3.5708311e-03
  6.2058666e-03
  6.2058666e-03
  6.2058666e-03
  6.2058666e-03
  6.2058666e-03
  6.2058666e-03
  6.2058666e-03
  5.5716210e-03
  5.5716210e-03
  5.5716210e-03
  5.5716210e-03
  5.5716210e-03
  5.5716210e-03
  5.5716210e-03
  3.7785852e-03
  3.7785852e-03
  3.7785852e-03
  3.7785852e-03
  3.7785852e-03
  3.7785852e-03
  3.7785852e-03
  1.2551631e-03
  1.2551631e-03
  1.2551631e-03
  1.2551631e-03
  1.2551631e-03
  1.2551631e-03
  1.2551631e-03
  2.7323222e-05
  2.7323222e-05
  2.7323222e-05
  2.7323222e-05
  2.7323222e-05
  2.7323222e-05
  2.7323222e-05
