nep4_zbl 2 O Ga 
zbl 1 2
cutoff 6 4 418 127
n_max 8 6
basis_size 12 10
l_max 4 2 1
ANN 100 0
  4.4184723e+00
  1.1944414e+00
 -4.1883624e-01
 -8.0534828e-01
  1.6609602e-02
 -2.6458856e-01
  3.1385581e+00
 -1.7042326e+00
 -1.7072669e-01
 -5.8324796e-01
  1.9094515e-01
 -6.1644894e-01
 -4.0756289e-02
 -7.1536839e-01
 -2.0212360e-01
  2.3224294e+00
 -2.9999924e+00
 -4.9691638e-01
 -7.3789930e-01
  2.3535971e-01
 -1.1195004e+00
  3.8579908e-01
  1.5066556e+00
 -4.6423525e-01
 -1.8748869e-01
 -4.8261878e-01
 -4.4033771e+00
 -8.5906434e-01
 -2.9770510e+00
 -1.7507923e+00
 -2.8984799e+00
 -7.2078657e-01
 -4.0322456e-01
  3.2581868e+00
  2.0254698e+00
  9.3172801e-01
 -2.6261110e+00
  6.2302580e+00
 -4.0562328e-02
 -5.4274189e-01
 -3.8801198e+00
  5.1558417e-01
  9.0471238e-02
  1.6358844e+00
 -4.5304367e-01
  1.6471338e-01
  9.0515357e-01
  3.1221839e-02
  1.0795370e-01
 -1.9595686e-01
  4.4811341e-01
 -5.4207501e+00
 -1.1670731e+00
 -6.0030185e-02
 -3.9880860e-01
  4.5756369e+00
 -8.8702685e-01
  2.5738180e+00
  8.0459070e-01
 -1.2105227e+00
  1.7194337e-01
  1.7371140e+00
 -1.2572122e+00
  2.9548001e-01
 -2.9354916e+00
  2.1863435e-01
  2.5300879e+00
  5.4772105e-02
  5.3119957e-01
 -1.3687390e+00
 -5.1313084e-01
 -3.8398097e+00
  5.1907128e-01
  6.3109195e-01
  1.1349921e-01
  1.1870528e+00
  8.1759048e-01
  4.7237194e-01
  1.0933359e+00
  1.1266354e+00
 -4.6347803e-03
  2.2230929e-01
 -2.3192114e-01
  2.2908661e-01
  3.1212723e-01
  8.6522800e-01
  1.2122416e-01
  1.3392283e+00
 -9.2479885e-01
  3.2306153e-02
  6.3737339e-01
 -4.0661827e-01
  1.5132055e+00
  4.0133384e-01
 -2.8800553e-02
 -3.7526274e-01
  6.3831258e-01
 -1.6256838e-01
  1.5544266e-01
 -2.6391089e+00
 -4.2427161e-01
 -3.5872960e-01
 -5.3134614e-01
  1.9034301e-01
  2.4833398e-01
  2.1327105e-01
 -4.2366430e-01
 -2.1016097e-01
 -3.7756003e-02
 -3.3551779e+00
 -1.3822824e+00
 -4.1322407e-01
  3.5923269e-01
  2.6438427e+00
 -4.1402861e-01
  1.5300667e-01
  1.2559108e-01
  1.7189761e+00
 -1.0056691e-01
 -2.5367388e-01
  1.5051264e-01
  3.8217327e-01
 -4.0183768e-01
  1.3831514e+00
 -8.4286141e-01
  7.0837878e-02
  3.3722740e-02
  1.9345236e+00
 -1.6072018e+00
  1.0757923e+00
 -9.2106414e-01
 -1.5022196e+00
 -1.2385127e-01
  1.9489269e+00
 -5.2896523e-01
 -3.4350359e+00
  6.0054569e+00
 -6.8361956e-01
 -9.6376759e-01
  9.8991388e-01
  2.9989060e-03
  6.3192528e-01
  1.6619008e+00
  4.3241952e-02
  2.9990476e-02
 -7.4725306e-01
 -2.1911070e+00
 -1.0748610e+00
  4.3122774e-01
 -3.0361325e-01
 -4.9053037e-01
  2.0253487e-01
  1.2045548e+00
  3.4369940e-01
  3.4109478e+00
 -1.9795079e+00
  1.1234286e+00
 -2.1154275e+00
 -5.5332828e+00
  1.2455642e+00
  1.3993869e+00
 -9.9858465e+00
 -5.1459330e-01
 -1.2760819e+00
  1.1417460e+00
  8.4556162e-02
  4.3171616e+00
  3.6586053e+00
  7.5536766e+00
 -1.3106209e-01
  1.2751870e+00
 -6.6533625e-01
  4.2180386e+00
  2.9723744e+00
  2.9328249e+00
 -1.3569602e+00
  3.2182577e+00
 -2.8175206e+00
  2.9196823e-01
 -1.6576552e+00
  9.4570333e-01
 -3.6805387e+00
  4.5435178e-01
  5.4659138e+00
 -3.0713098e+00
 -1.4881607e+00
  1.6539259e+00
  2.8013940e+00
  1.7176168e+00
  2.1890240e+00
  5.3446099e-02
  2.7764171e-01
  1.1386173e+00
  2.7949812e+00
 -1.1335521e-01
  3.7877336e-01
 -9.0382957e-01
  7.9134285e-02
 -1.9562803e-01
 -3.4319752e-01
  2.7595618e-01
 -3.2746050e-01
  9.1549464e-02
  2.7646253e-01
  5.7355054e-02
 -1.2193006e-01
 -4.5827932e+00
  5.0955791e-02
 -2.8194847e+00
  2.3713647e-01
 -3.2217903e+00
 -1.2485731e+00
 -8.1749313e-02
 -8.1307167e-01
 -2.9450503e-01
  3.3801160e+00
  1.0645530e-01
 -1.6113351e-01
  3.3535361e-02
 -9.1578051e-02
 -1.0066872e+00
 -1.3819600e+00
  2.5052452e-01
 -3.9630413e+00
 -6.8994541e+00
  4.2251649e-01
 -2.2399329e-01
  1.4211080e+00
  8.8667214e-02
 -2.2196279e-01
 -7.4519980e-01
  3.7040931e-01
  1.2455289e+00
  5.9551692e-01
 -5.2082431e-01
  2.4588833e+00
 -2.3889449e+00
 -3.1729419e+00
  6.9305524e-02
 -6.8837482e-01
  3.5242505e+00
  2.0403454e+00
  4.4237811e-02
 -5.0822496e-02
  8.1728905e-01
  1.0513124e-02
  8.1392628e-01
  2.4496414e-01
 -8.4469265e-01
 -3.0050075e+00
 -1.3016922e+00
 -2.8532508e-01
  2.7187808e+00
 -2.8634439e+00
 -4.0982997e-01
 -1.8186756e+00
  2.0082898e-01
  2.1457553e+00
 -1.0184292e+00
 -2.9036798e+00
 -5.3635550e+00
 -9.6855378e-01
  2.8075380e+00
 -4.3875589e+00
 -1.6235425e+00
  1.1859686e+00
  6.3765114e-03
  2.3794973e+00
  5.9153658e-01
 -8.7857065e+00
  3.5093248e+00
  3.4080708e-01
 -3.9339393e-02
  2.9556351e+00
 -3.6157149e-01
  5.6097298e+00
 -6.1614174e-01
  3.7009418e+00
 -4.3592513e-01
 -5.7574302e-01
  1.4006528e+00
  3.1901865e+00
  2.2606621e+00
  3.8304665e+00
  8.1204973e-02
  7.8144670e+00
 -2.7461326e-01
  2.0977148e-01
  6.2207526e-01
  1.9522945e+00
 -1.5641822e+00
  2.4216881e+00
  1.2029588e+00
 -2.1246094e-01
 -1.5490118e+00
  4.8871965e+00
  1.3808894e+00
 -2.1375601e+00
 -4.4942999e-01
 -1.9502001e+00
 -4.8718303e-01
 -1.2729420e-01
  2.7859208e-01
 -2.2125015e+00
 -2.3772627e-01
  3.3747903e-01
 -2.2310240e+00
  9.5066682e-02
  4.5141140e-01
  1.1444675e+00
 -6.0276461e-01
 -1.0771793e-01
  6.4226836e-02
 -1.9287971e+00
 -5.5205493e+00
 -1.8635083e-02
 -3.8999317e+00
  5.3164899e-01
  1.3076141e-02
 -4.5029199e-01
 -7.9376191e-02
  3.5385613e+00
 -5.0366992e-01
  1.0173651e+00
  1.7473701e-02
  1.2150074e+00
  2.7374236e-02
  3.3357629e-01
  9.1990709e-02
 -3.2127123e-02
 -1.4004093e-01
 -3.7480912e-01
  8.6685400e-03
  3.6565378e-01
 -5.7680780e-01
 -1.4208955e-01
 -2.9549934e-02
  2.0804301e-01
  1.8031317e-01
  4.6017843e-01
  2.2342448e+00
 -8.7428927e-01
 -9.4615541e-02
  6.2181026e-01
  2.1101354e-01
  2.5724003e-01
 -1.8861125e-01
 -5.9321439e-01
 -1.7753345e-01
 -2.8038843e+00
  3.4685218e-01
 -4.4886813e-01
 -4.0717769e-02
 -2.9404849e-01
 -2.9102564e-02
 -1.8660522e-01
  7.0586169e-01
  7.1006918e+00
 -2.9421678e+00
  3.7856793e+00
  1.5457174e+00
 -7.2522318e-01
 -3.1630957e-01
  3.2801542e+00
 -8.2302600e-01
  5.7200980e+00
 -3.9782529e+00
 -3.4392402e+00
  2.2575431e+00
 -8.9824361e-01
  4.3144861e-01
 -5.1110590e-01
  2.8655977e+00
 -9.6546316e-01
  4.5813632e-01
 -8.6532271e-01
  4.2680054e+00
 -1.5062160e+00
 -4.7300878e+00
 -2.6317167e-01
 -3.1903473e-01
 -3.2860801e+00
 -2.1124275e+00
  2.2653418e+00
  2.8386948e+00
 -5.5898361e+00
 -9.3335104e-01
  2.0033228e+00
  4.5197648e-01
 -1.9636858e+00
 -9.1728576e-02
 -8.0507344e-01
  4.3047449e-01
  7.2395617e-01
  1.3524529e+00
  1.4262250e-01
 -7.4868422e+00
 -2.1357597e-01
 -6.1908638e-01
  2.8616065e-01
  3.4336634e+00
 -7.2251425e+00
 -6.8210173e-01
  6.2764490e-01
 -1.1845793e+00
  1.5606940e-01
  2.9762620e-01
 -5.9846826e+00
 -2.7318451e+00
  4.6480193e+00
  2.9825044e+00
 -4.1723619e+00
 -1.3678572e+00
  3.8460410e+00
 -1.0782455e+00
  2.0811591e+00
  1.1859797e+00
 -8.5270293e-02
  7.3690675e-02
  7.6420921e-01
  2.9702137e+00
  2.9372460e-01
 -3.3682176e-01
  4.4764662e-01
 -9.0574545e-01
  4.0183145e-01
  1.9401784e-01
  2.1575598e-01
 -5.4619151e-01
 -5.9122854e-01
  1.5608606e+00
  1.7078878e+00
  4.9911031e-01
  4.2490635e+00
  4.7235072e-01
  3.2636471e+00
  1.4615167e+00
 -6.1399072e-01
  1.4103600e+00
 -2.7814358e-01
  3.5096760e+00
 -1.5477188e+00
 -8.2240486e-01
  2.3626320e+00
  8.2161599e-01
  5.4092866e-01
 -1.3106362e+00
 -1.3420330e+00
  7.3150864e+00
 -8.2528025e-01
  4.9639624e-02
  9.3376860e-03
  5.3756628e-02
  7.7959158e-02
  1.0165618e-01
 -1.1222969e-01
 -2.8538081e-01
 -3.4549996e-02
 -8.8533774e-02
  8.1361866e+00
 -2.1193173e+00
 -1.3343574e-01
  1.1861879e-01
 -4.1956189e-01
  8.0328619e-01
 -9.6417123e-01
  6.0107730e-02
 -6.8392462e-01
  1.0041034e+00
  6.6506929e+00
  1.0044023e-03
  2.6204919e-02
  7.6112282e-01
  7.7380431e-01
 -3.0194418e+00
 -1.6105580e+00
  1.6787975e+00
 -2.7993762e+00
 -1.0289750e-01
 -3.9201170e-02
 -2.4544518e+00
 -1.2276205e+00
 -2.0420616e+00
 -3.7199466e+00
  4.1269007e+00
 -1.8246319e+00
  1.4459232e+00
  1.0229688e+00
 -4.7433305e+00
 -9.7123307e-01
  1.7946687e+00
  2.0471995e+00
  4.9564964e-01
 -1.3248743e-01
 -4.7934089e-02
  8.4031224e-01
 -4.0469348e-01
  1.1349814e+00
 -2.5340458e-02
  6.0486790e-02
  7.3812056e-01
 -4.2261271e+00
 -1.9037226e+00
 -1.2775612e+00
 -2.1869855e-01
 -3.6202633e-01
 -1.0339789e+00
 -4.3463033e-02
 -2.0992102e-01
  8.5878275e-02
 -1.8605461e+00
  1.0377070e+00
 -2.0892968e+00
  5.6059289e-01
 -3.7991372e-01
 -6.8560314e-01
  7.3570624e-02
 -3.1283855e+00
 -1.2957212e+00
  5.2150602e+00
  8.3900124e-02
 -2.5502780e-01
 -1.5488866e-02
 -2.9431593e+00
 -2.2158372e-01
 -1.9621071e+00
  1.2517734e+00
  1.8378175e+00
  2.5340066e+00
  8.9420134e-01
 -3.0035794e+00
  1.5266455e+00
  2.1616871e+00
 -4.5261221e+00
  1.2211426e+00
  9.3238914e-01
 -1.1211318e+00
 -1.2193627e+00
 -1.2355749e-01
  9.8986608e-01
  1.0177404e+00
  1.2955025e-03
  2.5535455e+00
  2.1135621e+00
 -2.7039135e+00
  1.4921101e+00
 -8.9189935e-01
 -3.5291159e-01
  5.8503963e-02
  7.0590510e+00
 -1.7108387e+00
  8.2274032e-01
  5.5905133e-01
 -1.1690183e+00
 -2.4881028e-01
  5.7295823e-01
 -3.8525183e+00
 -7.4322116e-01
 -1.6475784e+00
  4.7269189e-01
 -1.3759649e+00
  2.3003495e+00
 -6.3745532e+00
 -1.3529898e-01
 -2.5890484e-01
 -6.8581887e-02
 -1.0837111e+00
 -1.3996631e+00
  1.6299807e+00
  2.5119538e+00
 -3.0916694e-01
 -1.1294296e-01
 -1.4552917e-01
  9.6720763e-02
 -2.3166785e-02
 -4.3266263e+00
  1.8576896e-01
  3.2912102e+00
 -6.9914806e-01
  3.4878848e+00
  2.2336134e-01
 -5.9988342e-02
 -8.8610485e-02
  9.3318510e-01
 -2.9070818e-01
 -1.0441979e+00
  2.0140781e+00
 -3.6878949e-01
  1.6063127e-01
 -1.6364825e+00
 -1.6189137e+00
 -8.4974730e-01
  6.2081945e-01
  1.6329351e-01
 -2.1165257e+00
  4.5306575e-02
  4.3304101e-01
  4.0421777e+00
 -4.3121126e-01
  6.7463034e-01
 -1.9314543e+00
  1.8905921e-01
 -4.0520184e-02
  2.0246756e+00
 -3.4461251e-01
 -2.4194584e+00
  1.8174230e+00
 -1.8364559e-01
  1.1350018e+00
  4.6884099e-01
 -5.8068073e-01
  7.1502286e-01
  4.0849513e-01
  1.7195340e+00
 -5.3586698e-01
  5.8969092e-01
  2.4808443e+00
 -7.3364741e-01
 -6.6214848e-01
 -6.8260610e-01
 -5.1053691e-01
  5.6830622e-02
 -4.3302873e-01
 -4.7199419e-01
  1.3066003e-01
  1.9960892e-01
  8.7839806e-01
  3.0118352e-01
  9.7050601e-01
 -3.3530048e-01
  1.3208512e+00
 -6.0379243e-01
 -1.1645533e+00
  1.5310912e+00
  3.1637186e-01
  1.2039989e+00
  8.4373026e+00
  4.3392190e-01
  3.4986115e-01
  8.3012015e-01
  7.1870404e-01
 -8.1181520e-01
 -5.7740722e+00
 -9.2461027e-02
  3.0628436e+00
 -1.3780051e+00
 -1.7688068e-02
 -1.3828094e+00
 -4.2140379e+00
 -1.1497529e+00
  7.9360950e-01
 -8.6230731e-01
  9.3710881e-01
  8.4277147e-01
  2.0200753e+00
 -2.8356835e-01
 -2.3197092e-01
  5.3877515e-01
 -1.6873102e+00
 -1.4893319e-03
  1.0930867e-01
 -2.0421972e+00
  1.2425120e+00
  2.0395513e+00
 -3.1729834e+00
  2.7573059e+00
  1.1492264e+00
 -4.7718305e-02
  5.5242682e-01
 -1.5564883e+00
 -9.3922406e-02
 -1.2498612e+00
 -3.9397329e-01
  2.2596352e+00
  1.6819816e+00
  2.8407404e-02
  6.3294657e-02
  1.2185267e-01
 -1.5913116e+00
  1.1718762e-01
 -2.2752159e+00
  1.9958720e-02
 -2.0662266e-01
 -1.0059806e+00
 -5.7501644e-02
  1.1738296e-01
 -1.4474264e-01
 -1.7234368e+00
 -3.2251242e-01
 -1.4015311e+00
  4.4051600e+00
  1.2122872e+00
 -5.6929368e-01
  1.8542974e-01
 -2.8558114e-01
  1.0127373e+00
 -1.2511750e-01
  2.3356569e+00
  2.6127157e-01
 -2.3217294e+00
  1.3745880e+00
 -7.2377574e-01
 -2.3817365e-01
  1.1739830e+00
  6.1825484e-01
  4.6774507e-01
  8.2367527e-01
  2.4040206e-01
  7.8610098e-01
 -2.8433454e-01
 -2.7132973e-02
 -1.6677643e+00
  2.5774848e-02
 -2.2079624e-01
  1.4109447e-02
 -7.5268531e-01
  3.9681581e-01
  4.1486070e-01
  1.6295403e-01
  3.1617624e-01
  1.2701014e-01
  1.2742187e+00
  3.9773294e-01
  2.1634517e+00
 -1.1717612e+00
 -2.0306174e-01
 -1.0913990e+00
 -1.1776252e+00
  7.9340720e-01
 -6.4467710e-01
 -2.7659896e-01
  1.2815220e+00
 -1.2663765e-01
 -3.0769293e+00
  1.2933109e+00
 -1.0115625e+00
 -1.8692713e+00
  1.1150905e+00
 -2.9742017e-01
 -7.5669682e-01
  3.8818291e-01
 -1.2106907e-01
  5.8928126e-01
 -5.2010328e-01
  6.1216801e-01
  2.1379879e-01
 -1.1258068e-01
  3.4276834e-01
 -8.7967473e-01
 -1.1003157e+00
  3.0416632e-01
  5.1353920e-01
  2.5562462e-01
  7.8489071e-01
 -5.6253797e-01
  7.2836563e-02
 -3.7098518e-01
  2.1319351e-01
 -9.6419089e-02
  8.5815504e-02
 -6.9498646e-01
 -2.2415790e-01
 -3.0056405e-01
 -2.5860574e+00
 -9.4548500e-01
  1.1159065e+00
 -1.5905665e-01
 -1.9623783e+00
  1.7327065e+00
  3.0208521e-03
 -4.1154000e-01
  3.1199872e-02
 -1.4274250e+00
  9.3015663e-02
  9.9742556e-01
  8.1049573e-01
 -3.4378469e-02
  1.4457719e+00
  2.1924840e-02
  7.6815701e+00
  6.3811219e-03
 -4.3351066e-01
  1.0765082e+00
 -1.8998376e+00
 -1.1050972e+00
  5.1031119e-01
 -1.8292599e+00
 -2.5661460e-01
 -1.2055758e+00
 -1.0854101e+00
  5.5490100e-01
 -2.2090966e-01
  1.6713473e+00
  1.3423916e+00
 -3.5741992e+00
  2.1261864e+00
 -3.1011982e+00
  3.3040425e-01
  4.4018993e+00
  1.0026692e-01
 -6.5671974e-01
  5.0513968e-02
  4.6794850e-01
 -3.7636898e+00
 -1.8935694e-01
 -1.9865134e-01
 -7.7643305e-02
  8.7350559e-01
 -1.1783739e+00
  2.0253825e-01
 -1.2045804e+00
  1.1674389e-01
  1.1480484e+00
 -1.0784709e+00
 -1.1394995e+00
 -3.4531644e-01
 -6.6509122e-01
  6.2569809e-01
  3.6985463e-01
  4.8472719e+00
 -6.9679314e-01
  8.5297722e-01
  1.0194739e+00
 -1.0763586e-01
 -1.2607126e-01
  2.1688397e-01
 -8.5537636e-01
 -1.4220752e-01
 -4.7420341e-01
  3.0794853e-01
  2.1742812e-01
 -2.5927883e-01
  2.6772478e-01
  7.1966290e-02
  1.1187328e-01
 -3.8713136e+00
 -2.8130984e-01
  5.5697419e-02
 -5.2146959e-01
  5.8999170e-02
  1.5597436e+00
 -5.1603085e-01
  6.3660210e-01
 -2.7113247e+00
  2.8224192e+00
  1.0138959e-01
 -3.9851224e+00
 -9.2509933e-02
 -3.1397966e-01
  1.6097819e+00
  8.9317493e-02
  2.4015225e-01
  2.1216533e-01
  1.9201878e-01
  2.2144698e-01
 -9.4582516e-01
 -7.5204426e-01
  2.2345906e-01
  1.8966816e-01
 -1.0400134e+00
  9.1147876e-01
  7.9715466e-01
 -1.2880005e-01
 -1.0951845e-01
  6.0325032e-01
  1.6013999e-01
 -2.3602836e-02
 -2.9456182e+00
 -3.2793450e+00
  7.9541051e-01
  2.3358114e-01
 -6.0763079e-01
  2.1303467e-01
 -2.6897128e+00
 -2.3352227e-01
 -3.8592243e+00
 -2.1236257e-01
  3.8025731e-01
  9.0400293e-02
 -2.6338968e+00
 -3.7699664e-01
  5.6163239e-01
 -2.0358036e-01
  9.3074340e-01
 -6.3215554e-01
 -8.5752946e-01
  2.3226711e-01
 -9.2306161e-01
  5.3110909e-01
 -6.1342949e-01
  1.7769846e+00
  4.0693012e-01
  3.6718410e-01
  7.1832728e-01
 -2.0299060e+00
  1.0156082e+00
 -5.9074032e-01
 -9.4263458e-01
  7.3203683e-01
 -4.6478376e+00
 -1.4568730e-01
  8.0173314e-01
 -8.1601286e-01
  6.0847530e+00
 -1.2170323e+00
 -2.6372156e-01
  4.1144118e-01
  4.3319378e+00
 -4.6573665e-02
 -2.2126940e-01
  5.8140224e-01
 -2.7369845e-01
  5.8871913e-01
  6.1722565e-01
  2.1501048e+00
 -3.7703773e-01
 -2.5833601e-01
 -8.0556460e-03
  1.1822203e-01
 -3.6341562e+00
  2.7748809e+00
 -2.3902845e-01
 -5.7930374e-01
 -5.7662582e-01
 -1.8683007e-01
 -3.2449257e-01
  6.2078673e-01
  1.3823941e+00
 -8.8676870e-01
 -1.1908264e+00
 -1.6475523e+00
 -1.5787512e-01
  1.3464361e+00
  1.6096188e+00
 -2.5994194e-01
  1.5418611e-01
  5.4390419e-01
  3.2651848e-01
 -2.5011179e-01
  1.0994412e-01
 -2.3629114e-01
 -4.9140863e+00
  4.0757995e-02
 -1.3777514e+00
  1.3922743e-01
 -7.0259351e-01
  2.8321316e+00
  1.9649273e-01
  6.2485743e-01
  7.6399222e-02
 -2.3378968e+00
  2.1011077e-01
 -1.6667520e-01
 -2.8820652e-01
  2.4482265e-01
  8.9946777e-02
  5.1637307e-02
  8.3540216e-02
 -1.1957085e+00
  2.4174238e-02
  1.8638022e-01
 -1.3511900e+00
  1.7699926e-01
 -1.2356904e+00
 -3.1416128e+00
  2.9230688e+00
  5.2030984e-02
 -5.3179856e-02
  1.4239034e-01
  5.4853845e+00
  1.1756293e+00
 -1.6953125e+00
 -1.9569565e+00
  9.7248279e-02
 -2.0479021e+00
 -4.8459892e+00
 -1.6486886e-01
  2.6179361e+00
  3.5930648e+00
 -1.3449521e+00
 -2.7005690e-01
  2.0038559e+00
  1.1025259e-01
 -5.7005002e-03
  1.9963243e+00
 -6.5417829e+00
 -4.6586934e-01
 -3.8542399e-01
  6.2922611e+00
 -9.0116262e-01
  3.6404305e+00
 -4.3894563e-02
 -3.3920586e+00
  4.4344214e-01
  1.5351126e+00
  2.5891178e+00
 -2.7038052e+00
  3.2934389e-01
 -2.6662364e+00
 -5.7508183e-01
 -8.4452413e-02
 -4.1725922e+00
  9.6597594e-01
 -3.5623305e+00
 -4.6739075e-01
  1.0571249e+00
 -1.0833759e+00
 -4.0493579e+00
 -6.3964397e-02
  7.3504055e-01
  4.7490531e-01
 -1.0219057e+00
  3.9416096e-01
  8.3945978e-01
  1.5415513e-02
 -7.5404060e-01
  1.9871825e-01
 -4.2829618e+00
  2.2738157e-01
  8.7974107e-01
  1.1874485e+00
 -2.0422459e-01
  1.5660894e-01
 -1.1594767e-02
 -2.9960059e-02
 -2.4775712e-01
  3.0732429e-01
 -1.1504738e-01
 -3.0480154e+00
  5.8596625e+00
 -1.2117548e+00
 -1.5095352e-01
  3.5880104e-01
  7.2721526e-02
  3.5118356e-02
  3.9569223e-01
  6.5191436e-01
  3.4087285e-02
 -4.6054735e+00
 -3.4262323e-01
 -7.9261303e+00
 -6.6863191e-01
 -1.6908551e+00
  4.6523388e-02
 -6.2209719e-01
 -1.3040600e+00
  1.2155028e-01
 -3.4544623e-01
 -4.4241631e-03
 -2.5280464e-01
 -5.5475775e-02
 -2.6388800e+00
 -5.2599400e-01
  2.0452921e+00
 -3.6187150e-02
 -1.1265188e-02
 -5.7345647e-01
  8.1444435e-02
  3.8364377e+00
 -2.4267194e-01
 -5.2615368e-01
 -1.2177677e+00
  2.3963971e-01
 -6.3580945e-02
 -8.8146299e-02
  1.6178805e-01
  2.8533250e-01
  2.3254001e-01
  1.1816360e+00
 -6.5165484e-01
  4.0349207e+00
 -1.0418916e+01
  4.4993734e+00
  5.6381786e-01
  6.0237688e-01
  4.1216903e+00
  3.1424518e+00
  2.6819148e+00
 -2.2718599e+00
 -4.3249807e+00
  1.3768378e-01
 -7.9266268e-01
 -7.7193940e-01
  1.3575423e+00
  2.1583554e-01
  3.6578763e-01
  3.4106237e-01
  5.4699707e-01
 -3.1480891e-01
 -5.7154007e+00
 -2.9430640e+00
 -5.1803384e+00
  3.0995324e+00
  5.1969686e+00
 -9.9837057e-02
 -2.6709428e-01
 -6.5333338e+00
  1.1987430e+00
 -2.0902972e+00
  1.9689481e+00
  7.6707685e-01
  4.0776998e-01
 -7.7649779e-03
 -2.8955643e+00
 -5.1040280e-01
  9.5640773e-01
  8.9372575e-01
 -5.2490270e-01
  4.8921835e-01
 -1.4605236e-01
 -8.0161905e-01
 -8.9050925e-01
 -1.6363578e-01
 -4.4787022e-01
 -8.6304659e-01
 -1.7055647e-01
  6.1348546e-01
 -7.6517254e-02
 -3.1594446e-01
 -1.1459787e+00
  1.7749602e-01
  1.9927248e-01
 -2.1842644e-01
  3.1037874e+00
  1.0734763e+00
  4.1580901e+00
 -1.2630804e+00
 -4.7467794e+00
  1.1637003e+00
 -1.0248015e+00
 -2.0317228e+00
 -1.3590880e-01
  1.8651968e-01
 -3.6167005e-01
  6.7755395e-01
  4.0519161e+00
 -2.2088358e-02
 -1.6962652e+00
  2.6714542e+00
  4.5679635e-01
  2.0105879e+00
  2.8258016e+00
 -2.5536400e-01
 -7.2750670e-01
  1.0960966e+00
  1.5343630e+00
 -2.2977826e-01
 -1.8325884e+00
  2.1874232e+00
 -8.0480427e-01
  1.0229033e+00
  2.8920123e-01
 -1.0786387e+00
 -2.2206539e-01
 -1.1290085e+00
 -1.8953501e-01
  2.8721752e+00
  8.5282272e-01
  4.1423340e+00
  2.6687312e-01
 -2.9773712e-01
 -3.8274941e-01
  1.6264738e-01
  1.2651368e+00
  3.2504538e-01
 -3.8308328e-01
  1.6884845e-01
 -6.1941308e-01
  4.0710902e-01
  2.8811634e+00
 -3.4144325e+00
  3.5888141e-01
  8.2241558e-02
  6.6304379e-03
 -1.7488246e-01
  1.4150679e+00
 -5.1771599e-01
  2.3087703e-01
  4.9881153e-03
  5.9684974e-01
 -3.9241459e-02
 -4.0649173e-01
 -1.1139221e-01
  6.0616094e-01
  1.2228080e+00
  4.4736344e-01
 -1.6297263e+00
 -1.3239603e-01
  7.7208534e-02
  1.4558516e+00
  9.1734636e-01
  1.5898170e+00
  3.3119142e-01
 -2.2693685e-01
 -6.9685495e-03
  6.5313540e-02
 -8.7189332e-02
  7.7311659e-01
 -3.0738381e-01
 -6.5735203e-01
 -6.3403702e-01
  1.0984550e-01
  3.8413203e-01
  5.5184031e-01
 -1.7558633e+00
 -4.6538477e+00
  3.5863158e-01
 -1.7532638e+00
  2.6935124e-01
 -3.5444015e-01
 -3.3511397e-01
  3.0907571e-01
  2.3830323e+00
  1.6560821e-01
 -1.4040162e-03
  3.2871604e-01
  7.8895736e-01
 -7.1292233e-01
 -4.5561135e-01
 -1.2275532e-01
 -4.2818915e-03
  1.1061663e-02
 -1.6483416e-01
 -2.3163024e-01
 -1.7837147e+00
  6.4108081e+00
  2.5641348e+00
 -5.8064647e+00
 -2.5686159e+00
 -6.3712802e+00
  4.4038029e+00
  5.0308418e+00
 -1.6676644e+00
 -9.0340543e-01
 -1.2104681e+00
  1.5268829e+00
 -5.9316856e-01
 -3.4540324e+00
  4.9479368e-01
  2.0219901e+00
  6.6857934e+00
 -1.1864477e+00
  1.8926514e+00
  4.5353608e+00
 -2.3328290e+00
  1.4654090e+00
 -3.6502162e-01
  4.7243147e+00
  4.0057011e+00
  5.5672250e+00
  3.0738473e+00
  2.4282105e+00
  4.5103173e+00
 -6.8612850e-01
  4.4159989e+00
  7.6851195e-01
  3.0259790e+00
  2.1517553e+00
  2.2456434e+00
  5.1740593e-01
  9.2542887e-01
 -1.1380013e-02
  1.1646614e+00
 -2.3779306e-01
 -1.2812433e-01
 -2.7784033e+00
 -1.5861862e+00
 -1.5761119e+00
 -5.3020191e-01
  5.4443026e-01
  4.3390942e+00
 -5.0707573e-01
  3.1799540e-02
 -6.0735829e-02
  1.1947210e+00
  1.8006158e+00
 -7.7517786e+00
 -1.7540306e+00
 -9.4707958e-02
 -4.9976783e+00
 -3.4435499e-01
  5.0774393e+00
  6.9707561e-01
 -1.6525332e+00
  6.2495065e+00
  1.8931242e+00
 -3.9559705e+00
 -5.6550393e+00
 -4.9214902e+00
  3.6313577e+00
 -1.0448942e+01
  1.7456813e+00
 -2.0168658e-01
 -1.5404228e+00
 -1.9780635e+00
 -8.3785743e-01
  8.8907683e-01
  2.3963822e-02
  4.9575391e-01
 -2.2578857e+00
  2.4394009e+00
  1.8028824e+00
 -3.9677360e+00
 -2.2333450e+00
 -4.1890750e+00
 -1.3731643e+00
 -2.8536525e+00
  4.9122342e-01
 -6.1540358e-02
  1.7241164e-01
 -2.5418627e+00
 -2.2392316e+00
 -1.9120300e+00
  3.2205379e-01
  5.3479552e-01
 -9.2713811e-02
 -1.0160829e+00
 -1.3492142e-01
  6.7615527e-01
  3.8235385e-03
  7.2363901e-01
  2.1413054e-01
 -8.5245955e-01
  3.9098606e-01
  5.7561338e-01
 -1.4776227e+00
 -1.8735175e+00
  1.8760680e+00
  5.5887543e-02
  3.9978713e-01
  1.5856493e-01
  1.1353773e+00
  1.5086944e+00
  2.4709962e-01
 -3.3784692e+00
 -4.4941908e-01
 -1.2827301e-01
 -1.4230959e+00
  8.4881163e+00
 -3.9023638e-01
 -1.0488591e+00
 -2.9762123e+00
  5.6506246e-01
  1.1074218e+00
 -1.5699156e-01
  2.3052070e+00
  1.8706480e+00
  3.3577363e+00
 -4.3710332e+00
 -2.3116279e+00
  4.9082537e+00
 -3.2206044e-01
 -3.1666628e-01
  3.1132311e-01
  8.1772542e-01
 -1.5545732e+00
 -2.2281303e+00
  1.7804395e+00
 -2.1316674e-01
  3.6567411e+00
 -1.7099118e+00
 -3.6032474e-01
  1.9042566e+00
  1.4398150e-01
  6.2788554e-02
  4.6676078e+00
 -9.9469900e-02
  9.9240907e-02
  4.8909362e-02
  3.8118086e+00
 -1.1587246e-01
 -4.6763960e-03
 -1.4733437e+00
 -4.3576923e-01
 -8.4499633e-01
 -7.5400077e-02
  2.5669809e-03
 -1.5929434e-01
  2.5115705e-01
  8.6347461e-01
 -5.7262844e-01
  1.9051047e-01
  1.6814174e-01
  2.6797548e-01
 -7.7492666e-01
  2.2890425e+00
  8.8659391e-02
  1.2147987e+00
 -9.4458199e-01
  8.9847587e-02
 -1.7549358e-01
  8.4158915e-01
 -2.4102339e-01
 -1.0258522e-01
  3.9875501e-01
  5.5266124e-01
 -3.8694939e-01
 -1.8117923e+00
 -9.4527763e-01
  8.5163359e-03
  1.4267041e-02
  8.6863279e-02
 -1.1257265e+00
  2.1944745e-01
  2.5910845e+00
 -1.7251505e-01
 -3.7381548e-01
  3.0817717e-01
 -9.2825943e-01
  1.4240530e-01
 -1.4856036e-01
 -5.8484042e-01
 -2.5482409e+00
  2.8696740e-01
  1.2627623e+00
 -3.0754563e-01
 -5.8754247e-01
 -3.6949819e-01
  6.2179375e-01
 -7.3062368e-02
 -6.4601862e-01
 -1.2693313e+00
 -3.4289923e-01
  6.8542939e-01
 -8.9093971e-01
 -3.3734817e-02
 -6.0568053e-01
 -2.0819366e-01
  7.4781674e-01
 -1.1674899e+00
  1.3747621e+00
  8.1921053e-01
  2.3660252e+00
  2.2011735e+00
  2.9714305e+00
 -3.5177752e-01
  2.5519452e+00
 -5.1765996e-01
 -2.8477225e-02
 -9.5891380e-01
 -5.1830119e-01
  5.4966025e+00
 -2.7813503e-01
 -4.4697194e+00
  2.7456474e+00
  1.9824130e-02
  2.1155076e+00
 -6.3846064e-01
  2.4463940e-01
 -9.0524364e-01
 -1.1607311e+00
  2.3947091e+00
 -8.2566816e-01
  2.0287020e+00
  3.0771029e+00
  1.1999323e+00
  1.2898237e+00
  8.1077021e-01
  3.2711151e+00
 -2.2050333e+00
 -6.2634367e-01
  7.1172637e-01
 -1.4858483e+00
  1.2065854e+00
 -1.9528077e+00
  5.2242923e-01
  1.3671485e-01
  3.8993897e+00
 -1.0388687e-01
  1.2007622e+00
  3.8416538e-02
  1.2424340e+00
 -3.6467720e-02
  1.9652314e-01
 -1.9878347e+00
 -3.6499393e-01
 -5.2916902e-01
 -4.8220907e-03
 -2.6729178e-01
 -1.7461133e+00
 -3.0205562e+00
  1.3597004e+00
  1.1425999e+00
 -3.0532062e+00
 -2.2021650e-01
  1.2766799e+00
 -6.8212786e+00
  1.3838674e+00
  6.1734700e+00
  2.9699922e-01
  2.3311000e+00
 -2.4197505e-01
 -1.0552636e+00
  3.8611357e+00
 -3.4219379e+00
 -3.8947818e-01
 -8.2095933e-01
 -1.6689216e+00
 -1.3209262e-01
 -1.0466843e+00
  6.2830460e-01
 -4.0775790e+00
  1.1260014e+00
 -7.3137164e-01
 -2.7333704e-01
  5.0902591e+00
 -2.7641276e-01
 -5.8461914e+00
 -1.9256110e+00
 -2.9229338e+00
 -2.4791417e+00
 -3.9821935e-01
  1.9426754e+00
 -3.4478676e-01
  3.5354629e+00
 -3.9292662e+00
  1.5795084e+00
 -5.7205249e-02
  1.5968955e+00
 -1.2995772e-01
  9.0777773e-01
 -3.1005625e-02
 -1.5738693e-01
 -9.4588421e-02
 -2.5553229e-01
 -1.2564681e-01
 -2.1593843e-01
 -1.4537919e-01
  5.7453859e-01
 -2.8215411e+00
  2.3462903e+00
  6.2092151e-02
 -2.4226215e-01
 -1.1250006e+00
  2.8525488e+00
 -1.0333015e+00
 -1.1677850e+00
  3.4224543e-01
  3.7234244e-01
 -9.4280399e-02
  1.7070704e+00
 -7.4644499e-02
  7.1141446e-01
 -4.0698430e-01
 -3.3544591e-01
 -9.2151600e-01
 -3.1589997e-01
  1.0595008e+00
  5.6169748e-01
 -4.7008613e-01
  1.5538124e+00
  6.1535341e-01
  1.2869483e-01
  9.3424535e-01
 -2.7766916e-01
  1.1209956e-01
 -4.1274145e-01
 -5.1740903e-02
  9.2167489e-02
  1.4368478e+00
 -9.0918563e-02
 -2.0549700e-01
  2.9020604e-01
  2.7113523e+00
  1.4660709e+00
  4.5370075e-01
  7.0550807e-02
  1.5116047e+00
 -7.5635350e-01
  1.8174288e-01
 -6.6128707e-01
  3.6345273e-01
 -5.1295538e-02
 -3.5407561e-01
 -4.9437729e-01
  5.6292291e+00
 -1.0662860e+00
  2.3940225e-01
 -9.0234375e-01
 -2.1069625e-01
  4.3692812e-02
 -3.8747528e+00
  3.5180788e-02
  1.5091114e-01
 -3.6795144e+00
  3.7529771e+00
 -3.6548409e-01
 -6.2019792e+00
 -5.0522852e-01
 -4.3029976e-01
  5.0780684e-01
 -2.0694356e+00
  2.9492453e-01
 -1.4869515e+00
 -8.9294150e-02
 -9.4447154e-01
  1.5919439e+00
 -1.9766836e+00
  1.2632222e-01
 -2.9110367e+00
  2.2248807e+00
  1.1409134e+00
 -3.5308270e+00
  3.7441269e-01
  4.8620144e-01
 -1.0461104e+00
  7.9828113e-01
 -1.3013811e+00
  3.9625087e-01
  1.0145377e+00
  3.2624328e+00
 -1.6032256e+00
  4.7965724e-02
 -2.6557961e-02
 -4.7589242e-01
 -1.7937276e+00
 -8.8167560e-01
  3.1806190e+00
  4.9887526e-01
  2.0075256e-01
 -9.2356032e-01
 -6.6609985e-01
 -2.3312065e-01
 -2.4909050e+00
  3.9571378e+00
  8.0376834e-01
 -3.0361608e-01
 -4.1786253e-01
  1.9422470e+00
 -1.4489383e+00
  5.0320029e-01
  6.6961718e-01
 -2.4464381e+00
  4.0478964e+00
 -3.5472512e-01
  2.1096709e+00
  4.8045926e+00
  5.0064783e+00
 -7.0731384e-01
  8.8269657e-01
 -3.3883131e-01
 -1.5694027e-01
 -1.5580654e-01
  4.7361946e-01
 -4.1793585e-02
  8.1646824e-01
  1.0393656e-01
  4.9326533e-01
 -2.4649684e+00
  2.3231575e-01
  3.6758760e-01
 -1.8335821e-01
  4.5841684e+00
 -1.6678694e+00
  4.0199308e+00
 -1.3167673e+00
  1.2174598e-01
 -7.1027470e-01
  1.3759280e+00
 -1.4286317e+00
 -1.1921687e+00
  5.5581176e-01
 -6.1574735e-02
 -2.0600636e-03
  9.3360895e-01
  1.2586426e+00
  3.6832607e+00
 -2.0193455e+00
  5.1012735e+00
  4.1933319e-01
  2.0833237e+00
 -6.8479098e-02
 -2.5184032e-01
  2.0650733e-01
  4.6089667e-01
 -4.1299935e-02
 -3.8398418e-01
  5.5912834e-01
 -2.2819822e+00
 -1.0803643e+00
 -1.2765480e+00
 -2.4520218e-01
 -2.1169217e-01
 -6.8465078e-01
  3.1624001e-01
 -2.7931435e+00
  7.0263994e-01
  9.2918587e-01
  1.0327376e+00
 -4.8930064e-01
  6.5891939e-01
 -9.3618965e+00
  1.9520538e+00
 -2.9270585e+00
  1.1230879e+00
 -3.6819444e+00
  1.5187402e+00
  2.4434682e-02
 -2.5825796e+00
  1.2105048e+00
 -1.3151064e+00
 -5.1458240e+00
 -6.0620469e-01
 -1.3811722e+00
  7.4046272e-01
 -5.5115616e-01
  2.3195446e+00
 -8.7951022e-01
 -9.4820666e-01
 -3.1768527e+00
 -1.5181042e+00
  5.3669853e+00
  4.9599555e-01
  1.1635197e+00
  4.7099137e-01
 -2.4705184e+00
 -7.8138745e-01
  2.1603878e+00
  1.9818342e+00
 -2.8261515e-01
  7.9296567e-02
  5.4359943e-01
  2.0603009e-03
  2.9836440e+00
 -3.4024978e+00
 -4.7560519e-01
 -2.7127740e+00
 -1.1162034e-02
 -2.4029763e-02
 -3.5991773e-02
  1.2380049e+00
  4.9976677e-01
  2.7875167e-01
 -3.3130071e-01
 -1.0198133e+00
  2.0476751e+00
 -6.7878217e-01
  4.2887292e+00
  2.6045454e-01
 -2.1498837e+00
  2.5270533e-02
  1.8771101e+00
  5.1466554e-01
 -4.0422311e-01
 -3.7090421e-01
 -3.1054488e-01
 -9.6001038e-03
 -1.1343137e+00
 -5.0854344e+00
 -1.9354589e+00
  1.5686598e+00
 -3.9031595e-01
  6.1343831e-01
  6.4876211e-01
 -2.4917890e-01
  1.0139345e+00
  4.9686012e+00
  9.2772171e-02
  2.5952501e+00
  7.6613693e+00
  3.3620536e+00
 -3.2333195e+00
 -2.9515681e+00
  7.3376143e-01
  2.3595718e-01
 -2.0479974e-01
  4.3078458e-01
 -2.2565873e+00
 -4.7782454e+00
 -2.2787262e-01
  1.1505258e+00
  7.8632843e-01
  4.2951479e+00
 -1.2919954e+00
  1.0914896e-01
  2.4283245e-01
 -1.3957866e-01
 -3.4242821e-01
 -1.2710103e-02
 -2.0156582e-01
 -5.2898741e-01
  6.7484021e-02
 -4.2913102e-02
  2.8885213e-01
  8.1037432e-01
 -1.7228469e+00
 -4.4584489e-01
  1.0846273e+00
  2.7721767e+00
  3.3064923e-01
 -1.4765519e+00
  1.5376034e+00
 -5.1794910e+00
  7.1810780e+00
 -1.2367842e+00
 -4.9119112e-01
 -2.1940114e+00
  2.0781961e-01
  4.4551620e+00
 -3.3776114e+00
 -5.3186131e-01
  1.3338533e-01
 -9.8248863e-01
  2.0266224e-01
 -3.4185138e+00
  4.9067467e-01
  1.5462058e+00
 -6.6064113e-01
  1.0215533e+00
  3.9936665e-01
 -4.4949514e-01
 -4.7323906e-01
 -1.3729779e+00
  2.0469859e+00
  3.5032842e-01
 -1.9447104e+00
  1.5522633e+00
 -7.2198504e-01
 -1.3145743e-01
  7.7701129e-02
  1.4324330e+00
  2.2998433e+00
  7.2475731e-01
 -3.6783495e+00
  3.6372361e+00
  3.1506211e-02
  3.1404331e-01
  1.4798805e-03
 -7.5200052e+00
  8.1173497e-01
 -9.7220343e-01
 -6.3833129e-01
  1.2516479e-01
 -9.4608402e-01
  6.8275347e-02
  3.7411533e-02
 -9.8074055e-01
  1.3624613e-01
 -4.2607269e-01
 -1.4373854e+00
  5.8214462e-01
 -2.8108266e-01
  2.6555017e-01
 -1.3360505e+00
  2.3791641e-01
  5.2317411e-01
 -4.4379064e-01
  2.3782733e-01
 -1.7829468e+00
  1.6500649e-01
  5.5587459e-01
  1.6448733e-01
 -2.3346000e+00
 -2.1846017e-01
  2.6095903e-01
 -9.5088464e-01
 -2.3709111e+00
 -2.2561359e+00
  9.5151091e-01
  3.1548801e-01
 -7.2891717e+00
 -7.2265315e-01
 -3.8279077e-01
  2.1741273e-01
 -1.7000048e-01
 -5.2943486e-01
 -8.1557369e-01
 -7.1050459e-01
 -2.3936543e-01
  6.2537771e-01
 -6.6897236e-02
  9.5758575e-01
 -8.5683465e-02
 -2.7006797e-02
  1.6071107e+00
  1.7876531e+00
 -6.5972078e-01
 -2.1162942e-01
  1.5170145e-01
 -3.1929519e-03
 -1.2490787e-01
 -1.0533031e-02
 -1.0439444e+00
  2.2841549e+00
 -5.0928742e-01
  1.4007928e+00
 -2.6602906e-01
  6.6953808e-01
 -8.7151921e-01
 -1.5633363e-01
  2.7186820e-01
 -7.4018353e-01
 -6.8742621e-01
  1.3294196e+00
 -2.9475784e+00
  1.7420524e-01
 -1.4771345e-02
 -6.8044767e-02
 -3.4868351e-01
 -1.6877350e-03
  6.2111896e-02
 -3.5345611e-01
 -3.7354639e-01
 -2.6966408e-01
  2.2906929e-01
  1.7796127e-01
  6.3720864e-01
 -7.2329551e-01
 -1.7654330e-01
  1.8210076e-01
 -1.7014071e-01
  1.7372081e-01
 -6.0909539e-01
  3.7738976e-01
 -5.3444791e+00
 -7.6860130e-02
  1.9714986e+00
 -3.9007506e-01
 -5.7365783e-02
 -8.5345227e-01
  1.7562120e+00
  2.3687868e-01
  1.0408369e-01
 -1.5823503e+00
  7.8895974e+00
  2.0964226e-01
 -2.5349829e-01
 -1.2106683e+00
 -6.6477083e-02
  5.1991719e-01
 -4.9594539e-01
 -2.4295773e-02
  1.1808132e-01
  2.2573230e-01
 -2.0662811e+00
 -3.9833936e-01
  1.8100603e-01
  2.5089290e-02
  4.6406436e-01
  1.7244925e-01
  4.4772558e-02
 -2.6997346e-01
 -2.4838613e-01
 -8.5114062e-02
  4.9145809e-01
  1.7439520e-01
  1.7928643e+00
  3.2524258e-01
 -2.7472171e-01
  1.4358317e+00
  3.6292478e-01
  5.1061815e-01
 -1.0494993e+00
 -1.8773600e-01
  2.1342391e-01
 -4.0736458e-01
  5.8326316e-01
 -2.8345788e+00
 -4.0429550e-01
  1.1220946e+00
  4.1730173e-02
 -3.7241440e+00
 -3.5859659e-01
 -4.6372634e-01
 -1.2360637e+00
  4.0457162e-01
 -1.4898056e-02
  6.5277529e-01
 -1.3235644e-01
 -4.7004622e-01
 -1.5184460e+00
 -9.4249010e-01
  4.3586585e-01
  8.5803580e-01
  1.6365484e+00
  6.0009219e-02
 -1.9524350e+00
 -7.8416538e-01
 -1.3617646e+00
  6.6438258e-01
  3.8084921e-01
  1.4865191e+00
 -6.1756384e-01
  6.1220890e-01
 -8.7055385e-02
  2.3376602e-01
 -8.4330976e-02
  1.6436102e-03
  5.6199636e-02
  3.5451424e+00
 -4.2397988e-01
  3.0723526e+00
 -1.6015600e+00
  2.7381833e+00
  4.0405545e-01
  2.7592440e+00
  4.8177737e-01
 -4.1130881e+00
  2.0252700e+00
 -3.6564920e+00
  5.8000886e-01
 -3.0736607e-01
 -6.4970171e-01
  4.9089551e-01
 -5.6457603e-01
  1.7899070e+00
  3.2020152e-01
 -2.1647642e+00
 -6.8777847e-01
 -2.9144073e+00
 -3.4109451e-02
  1.6889621e+00
  1.0935687e+00
 -4.3018106e-02
  1.8459163e+00
  1.1687351e+00
 -4.3685870e+00
  4.1381321e+00
  2.9778190e+00
  1.5950191e+00
 -1.5295194e+00
  4.9349397e-01
 -2.2919474e+00
 -2.8824995e+00
  2.1018720e+00
  5.9215665e-01
  3.2525468e-03
 -8.6827427e-02
  1.9505674e+00
 -3.0628937e-01
  3.7329552e-01
  1.7999965e-01
 -3.0933976e+00
  4.6918726e-01
 -2.2314991e-01
 -7.8082681e-02
  5.3872246e-02
 -9.9447757e-01
 -1.0229548e-01
 -5.2248626e+00
  7.4366307e+00
 -1.0364703e+00
  2.2642090e+00
 -6.5802991e-01
  2.0888174e+00
  2.3922788e-01
 -5.4758102e-01
  3.1601757e-01
  2.9692211e+00
 -1.2656267e+00
 -4.1531563e-01
  4.7136010e-03
 -3.3656389e-01
 -3.3968267e-01
  3.7999108e-01
  4.1642269e-01
 -1.6429593e-01
 -9.3863368e-02
  3.7281054e-01
 -4.3389354e+00
 -2.7158744e+00
  3.2925253e+00
  3.0543430e-02
 -1.6870419e+00
  3.8869584e-01
  1.8758211e+00
 -3.5659626e+00
 -5.4863048e-01
  8.5044658e-01
 -7.3652029e-01
  1.0152153e+00
  3.8662809e-01
  3.6292698e+00
  2.6257050e+00
  2.6611667e+00
 -4.5690931e-02
 -3.1248937e+00
 -7.8308471e-02
  4.6824679e+00
  2.8390830e+00
  1.1875907e+00
 -8.1817478e-02
  1.5981929e-02
 -5.4241055e-01
 -1.0429770e-01
 -1.0006198e-01
  7.1386032e-02
 -1.2027993e-01
  8.4385651e-01
 -3.4977469e+00
  4.6922389e-02
  3.1969309e+00
  1.4063762e+00
 -4.0006881e+00
 -2.9093244e+00
  5.7961237e-01
 -1.1775055e+00
  8.6973870e-01
  4.4824524e+00
  2.4010301e+00
  1.1040364e-01
 -8.3014822e-01
 -2.7181000e-01
  4.3837352e+00
  1.0887139e+00
 -5.4071203e-02
  4.8002071e+00
 -1.5484320e-01
 -2.5834697e-01
  3.2540538e+00
  3.2934682e+00
  1.6855694e+00
 -1.4361808e+00
 -1.6128147e+00
 -1.0873652e+00
  3.0655235e-01
 -4.7288918e-01
  8.8481665e-01
  3.1500080e+00
 -3.5975537e+00
 -3.7646012e+00
 -8.8263774e-01
 -5.0272626e-01
  5.2435260e+00
 -2.4991891e+00
 -2.5456388e+00
  1.2295284e-02
 -1.2816055e+00
  4.3622425e-01
 -1.7736390e-01
  4.4785395e-01
  3.8438901e-01
  1.6540736e-01
 -7.8451939e-02
 -9.2955208e-01
 -1.4470977e+00
 -1.9891211e-01
 -3.7102059e-01
  7.9501230e-01
 -1.2615626e-01
 -5.8499062e-01
  4.1566402e-01
 -1.7961931e+00
 -6.0918126e-02
  2.4758261e-01
 -1.2662777e+00
 -1.2658630e-01
 -1.0596939e-01
  6.9239932e-01
  1.1632359e+00
 -3.4891912e-01
  1.2514013e-01
 -4.2061302e-01
 -1.7571540e+00
  2.8934827e-01
 -2.2671373e-01
 -6.9367404e+00
  2.4072641e-01
 -4.7925572e+00
  1.6125302e-01
  1.6752777e+00
 -2.4251521e+00
  1.5577318e-01
  3.2041079e-01
  1.0534543e+00
 -6.6909814e-01
  2.3352964e-01
 -6.6835958e-01
  1.0082004e+00
 -5.9287590e-01
 -2.2827847e+00
  2.3322866e+00
  1.0026789e-01
 -4.6115317e+00
 -1.2767324e-01
  3.3445367e-01
  2.4415123e+00
  1.1993721e+00
  1.1540908e+00
  2.7013985e-03
  7.2413640e+00
 -3.5912337e+00
 -5.6630999e-01
 -6.9223744e-01
 -1.3681529e+00
 -1.2359608e+00
  1.0120423e+00
  1.4110515e-01
  4.3143070e-01
  8.9493465e-01
  1.5791197e-01
  9.1056171e-04
  1.3286501e-01
 -3.6672097e-01
  1.7105883e-01
 -3.4591588e-01
 -8.0540264e-01
 -1.7249581e+00
 -2.6140902e+00
  4.9547821e-01
 -5.6549315e+00
 -1.8301175e+00
 -3.3027637e-01
 -8.0856532e-01
 -1.4002335e+00
 -3.1841356e-01
  7.0655078e-02
  6.5288013e-01
  9.5398583e-02
 -1.4378110e+00
 -5.7549214e-01
 -7.6300704e-01
 -6.4429097e-02
 -9.0034232e-02
  7.3362625e-01
 -8.9415002e-01
 -2.2107716e+00
  3.7190080e-01
 -1.2806779e-01
  1.7330387e-01
 -4.2529244e+00
 -1.9703491e+00
  2.5535820e+00
  1.5080392e-01
 -2.2752552e-01
  2.1542702e-02
 -3.7943480e+00
 -1.9542859e-01
  1.9264337e+00
 -4.6254104e-01
 -1.5805012e-01
 -1.4318232e-01
 -5.3705561e-01
  2.3829275e-01
  3.0962894e+00
  2.4410813e-01
  1.4758143e+00
  1.5611572e+00
 -1.0494121e+00
 -2.8025940e-01
  5.5866271e-01
  2.0048521e-01
  7.4527061e-01
  2.3024874e-02
  2.3934148e-01
  2.7239576e-01
  7.5895056e-02
  4.5071635e-01
  7.6855236e-01
  2.2388077e+00
 -1.7170891e+00
 -1.4375200e+00
 -3.1147109e-02
  4.6929688e+00
 -4.2659564e+00
  2.1375279e+00
 -4.2608842e-01
 -6.3819581e-01
  1.0476668e-01
  3.3190403e+00
  4.3136761e-01
  1.4049383e+00
  4.9592471e-03
 -9.5133036e-02
 -9.3700528e-01
  4.1923043e-01
 -3.7390372e-01
 -1.2130130e-01
 -1.7903516e-01
 -1.4081691e-01
  5.7011682e-01
  1.0467706e+00
 -4.8986018e-01
 -1.0085324e-01
 -1.7487515e+00
  3.2248810e-01
 -4.8171297e-01
 -3.8859618e+00
  3.1283104e+00
 -3.4654894e-01
  1.1837733e+00
 -8.8378176e-02
  1.0528221e-01
 -2.1012777e-01
  2.5102031e-01
  3.9578278e+00
 -1.8233784e-01
  3.9070725e+00
  8.9699686e-01
  8.5976130e-01
  3.1502289e-01
 -5.8343768e-01
 -3.4533358e+00
  2.4592280e+00
  2.3146336e+00
  1.8847666e+00
  2.5576396e+00
  2.5098505e+00
 -1.3222133e-01
 -1.9195695e+00
 -6.1394863e+00
 -1.5810585e+00
 -6.2071505e+00
  3.9195850e+00
  3.0433786e-01
 -4.3629006e-02
  5.6174248e-01
  1.1591595e+00
 -1.2018152e+00
 -1.4581291e-01
  3.1588696e-02
 -1.1480780e+01
 -8.2714450e-01
  1.4852092e+00
  1.1343924e+00
 -1.1583087e+00
  2.2089569e-02
  1.4125520e+00
 -3.1080596e+00
 -8.8567340e-01
  1.2566191e+00
  2.2717009e-01
  2.9816258e+00
 -8.5012841e-01
 -3.3400884e+00
  6.2442559e-01
 -1.0260119e+00
  2.3538194e+00
 -2.0322773e+00
  3.0129766e-01
  3.3162150e+00
  4.9712987e+00
  2.9134625e-01
  4.7211400e-01
  1.4240828e+00
 -1.0648576e+00
 -3.9451522e-01
  2.6961272e+00
 -2.0849946e-01
 -3.5704896e-01
 -4.7293715e-02
 -3.2289362e-01
  7.6149189e-01
  1.7868237e+00
 -4.3256781e-01
 -7.0001197e-01
 -9.2527103e-01
  4.7856167e-01
  5.5574840e-01
  1.5079473e+00
  6.5117610e-01
 -1.3044583e+00
 -1.0511305e+00
 -4.9669323e+00
  8.2232791e-01
 -4.3012199e-01
  7.7440245e-03
  5.7328568e-04
 -1.1267107e+00
 -3.0525782e+00
 -3.6316136e-01
 -3.6839163e-01
 -7.2121710e-02
  4.4965947e-01
 -1.9627401e+00
 -3.2374198e+00
  1.8055042e+00
 -2.5708885e+00
 -1.0423930e+00
  1.0989137e-01
 -6.9810022e-03
 -1.2108482e-01
  5.9694535e-01
 -7.6986194e-01
 -3.0565673e-01
  2.9571116e+00
  5.8017540e-01
 -2.0616201e-01
  1.9853929e-01
 -2.5164378e-01
  3.0543664e-01
  2.8931850e-01
  2.5607963e+00
  9.6406132e-02
  1.6589272e-01
  1.6077692e-02
 -3.6622182e-01
 -1.0024010e+00
 -3.8905776e-01
 -2.1572876e+00
 -6.4997625e-01
 -2.5866279e-01
  1.3163359e-01
  1.0612621e+00
 -2.7820724e-01
 -4.0300554e-01
 -2.3577311e+00
 -1.8190240e+00
  9.6414283e-02
 -8.3377771e-02
 -1.9355217e+00
 -3.8170784e+00
 -4.3213916e+00
 -6.1278691e+00
  1.6476859e+00
  3.4428582e-01
 -3.1135800e+00
  2.3318762e-01
 -1.3551242e+00
 -6.1910601e+00
 -2.0135734e+00
  6.6418611e-02
 -1.6232291e-01
 -4.3428354e-03
 -2.1857613e-01
  1.2016494e+00
  2.2774284e+00
  1.0027847e+00
 -1.4062040e+00
  1.2285869e+00
 -1.2773529e+00
 -9.6625566e-02
 -4.0343690e-01
 -8.3598351e-01
 -2.6450436e+00
 -1.2161058e+00
 -1.2140591e-01
 -4.0620226e-01
  3.5927551e+00
  2.6337296e-01
 -2.8501682e+00
 -6.9074422e-01
 -1.1171678e+00
 -1.4001378e+00
  4.1023475e-01
  3.0901766e-01
  7.8863877e-01
  4.4010863e-02
  2.4051307e-01
 -8.2278472e-01
  6.0619569e-01
 -6.5758576e+00
  2.0399108e+00
 -2.0035096e-01
 -4.7647431e-01
 -1.0281180e+00
  1.9564685e-01
  3.1299862e-01
 -1.6445692e+00
  1.4571712e+00
  5.7170983e-02
  1.7097881e+00
  1.6511873e+00
  1.6957253e+00
  2.7646546e+00
 -5.5463252e+00
 -6.8388380e-02
  1.9288797e+00
  2.4038199e-01
 -1.2299609e+00
 -5.1886767e-01
  4.3498311e+00
  1.7496751e-01
  3.8871539e+00
  2.8229091e-01
  1.7113748e+00
  3.0906716e-01
 -3.5927439e-01
  6.4655274e-01
  2.0334446e+00
  3.9228621e+00
 -2.1891059e-01
  6.4407289e-02
  1.4135996e-01
  4.6920037e+00
  1.1939065e+00
  2.2032355e-01
 -1.6627941e+00
 -2.7048326e+00
  5.1512045e-01
  1.5348731e-01
  1.4554299e+00
  3.8008306e+00
  5.1787543e-01
  1.9007730e+00
 -7.1701634e-01
 -4.8201486e-02
 -1.9842246e+00
 -2.9278941e+00
  4.1807499e+00
  2.1694455e+00
  2.2030254e-01
  3.1815481e-01
  1.9466540e-01
 -5.9145278e-01
  1.9597516e+00
  7.1185617e+00
 -3.1418283e+00
  8.4250197e-02
  3.8083513e+00
 -8.6044203e-03
  6.5502733e-01
 -6.7851338e+00
  5.5995893e-01
 -1.1839770e+00
 -1.7352456e+00
 -9.9532890e-01
  4.2670002e+00
  2.0117339e-01
 -9.0043545e-01
  3.9544842e+00
 -1.8776149e+00
 -4.8352739e-01
 -2.8061292e-01
 -3.5820305e-01
  4.5615020e+00
 -3.4991186e+00
  2.2133604e-01
  2.6151744e-01
  1.0118434e+00
  1.6855356e+00
  2.1053569e+00
 -2.1966492e-01
 -3.6651514e+00
 -3.0797732e+00
 -2.7253761e+00
 -1.8515501e+00
  3.5812781e+00
 -2.9226003e+00
  1.3173695e+00
 -4.6861987e+00
  3.2856017e-01
 -2.0806003e+00
  2.0303540e+00
 -1.0121585e-01
 -4.2611923e+00
  1.0066345e+01
  1.6746550e+00
  4.7332028e-01
  5.7470298e-01
  2.3297844e+00
  3.1081970e+00
  2.7142242e-01
  6.8300939e-01
  4.5702500e+00
  9.5639855e-02
 -2.2593825e+00
 -6.7101818e-01
 -8.6247689e-01
  8.7149806e-02
  3.6169887e+00
  6.5231085e-01
 -6.2143855e+00
  1.5798874e+00
  2.6992657e+00
 -1.6622722e+00
 -1.0077505e+00
  3.6360061e+00
  9.8280185e-01
  3.2185906e-01
  1.7443023e+00
  4.2711535e-01
 -5.0816345e+00
 -2.5196934e-01
  1.7804184e+00
  1.6961373e+00
 -1.9455981e+00
 -2.2082541e+00
  7.3635811e-01
 -1.7796928e+00
  8.2034588e-02
  3.0816075e-01
  4.1837096e-01
 -2.4138846e+00
  3.0881855e+00
 -1.2434205e+00
  5.6503779e-01
 -5.8981719e+00
  2.8941545e+00
 -9.2862689e-01
 -2.4382325e-01
 -6.7390418e-01
 -3.3272831e+00
  1.0751106e+00
 -6.3992602e-01
 -1.8072808e+00
 -1.7663636e+00
  2.5361878e-01
 -2.8994553e+00
  6.4324552e-01
 -3.3168161e-01
  5.8456659e-01
 -2.0930026e+00
 -2.2321634e+00
  3.1998303e+00
 -4.0401807e+00
  1.9395930e+00
  5.3649336e-01
 -3.4755161e-01
  6.2770975e-01
  3.4043022e-02
  8.6605358e-01
 -8.2478899e-01
  8.8589096e-01
 -6.7084581e-01
 -5.7175660e-01
 -2.6657891e+00
 -2.9458208e+00
 -1.0026509e+00
  1.1331594e+00
  1.5791281e+00
  2.3536093e+00
 -3.5029489e-01
  6.0417891e+00
 -5.0896806e-01
  3.6185329e+00
  2.8068352e+00
  1.5767366e+00
  1.2073029e-01
  4.3222089e+00
 -5.4650038e-01
 -1.4233183e+00
  4.7727692e-01
 -5.1043022e-01
 -1.9129690e+00
 -3.3252239e-01
  2.3148847e+00
  2.7759192e+00
 -2.8172050e+00
 -1.9445562e+00
  7.6521760e-01
  2.6272464e+00
  5.5871344e+00
  3.3460023e+00
  3.0217814e+00
 -2.8332393e+00
  3.2506028e-01
 -1.1342189e+00
 -1.5421152e-01
  9.5734411e-01
 -2.6310000e+00
 -2.5658212e+00
 -1.0628552e+00
 -4.3962830e-01
 -2.0031011e+00
  3.9601421e-01
  3.2916933e-01
 -2.3213739e+00
  7.7653073e-02
  1.5869573e-01
  1.6058078e-01
  1.4812340e-02
 -2.7323563e+00
 -2.3336806e+00
  2.9026017e+00
  3.4893935e+00
  1.8202500e+00
 -5.9650642e-01
  2.1631999e+00
 -4.5206552e+00
 -3.2522836e+00
 -3.9612374e+00
  4.0419948e-01
 -1.3587288e+00
 -8.5821790e-01
  1.4945018e-01
 -3.2082279e+00
  7.5346500e-02
  9.0320505e-02
 -4.9525970e-01
 -2.5130239e-01
  2.1672885e+00
 -3.8583288e+00
  1.2761433e+00
  6.6544855e-01
  6.6820822e+00
 -3.8209922e+00
  3.8068578e-02
 -1.2727576e+00
  1.4555430e+00
 -3.5137315e+00
 -1.0194901e+01
  1.3205600e+00
  5.2996272e-01
 -3.9375564e-01
  2.0122190e-01
  4.2940431e+00
  1.4442709e-01
 -5.2667129e-01
  5.5469286e-01
 -2.3469462e-01
  3.0357904e+00
  2.6823707e+00
 -4.7851715e+00
  2.8111121e-01
  3.7200403e-01
 -2.7387270e-01
  6.9849509e-01
 -7.9923677e-01
 -2.0985046e-01
 -2.9485723e-01
  4.8202815e+00
 -4.3924752e-01
 -2.4592549e-02
 -2.1985569e+00
 -9.0913904e-01
 -4.3628094e-01
 -1.9469966e-01
  4.3825293e-01
  7.0798200e-01
 -4.1694304e-01
 -4.4578135e-01
 -1.3043549e+00
 -1.1558238e-01
  1.2679298e-01
  7.9717159e-02
 -3.3854252e-01
 -2.3647207e-01
  4.7426281e+00
 -4.7509950e-01
  5.3711826e-01
 -8.6444598e-01
  7.3036420e-01
 -9.9015675e-02
 -5.0091350e-01
 -7.3185307e-01
 -1.9642420e+00
  1.5374953e-01
 -1.6805795e+00
 -5.3116381e-02
 -3.5605943e-01
 -4.8696420e-01
 -1.9946566e-01
  2.6369703e-01
 -2.6354220e-02
  4.0012783e-01
  6.6633040e-01
  7.4878794e-01
 -5.7546020e-01
 -2.0962730e-01
 -1.0860409e+00
  1.9159172e-02
 -4.9042431e-01
  3.5044947e+00
  1.4169829e+00
  1.4736290e+00
 -1.5538222e-01
 -7.4038148e-01
  7.5329286e-01
  1.6764198e-01
 -6.6530454e-01
  4.8505685e-01
 -6.9844168e-01
 -3.9869466e-01
  4.6080356e+00
  2.5261068e+00
  3.8997622e+00
  3.8491080e+00
 -1.3068926e+00
  4.0228195e+00
  1.8815891e+00
  9.5417035e-01
 -1.4101588e+00
 -1.1880111e+00
 -4.6394935e-01
 -1.1007284e+00
 -2.8776664e-01
 -3.9223924e-01
  5.0179040e-01
 -2.2398040e+00
 -3.3071932e-01
 -1.8100005e-01
 -1.3347666e+00
 -1.9123042e-01
  4.2572892e-01
 -1.8259671e+00
  4.1025553e+00
  1.0713118e-01
  1.3020020e+00
 -7.2916347e-01
 -2.3331184e+00
  4.7549658e+00
  1.0804130e+00
  1.8380120e+00
 -3.7438536e+00
 -8.8729478e-02
  3.5003669e+00
 -2.4428465e+00
  1.0461315e+00
  4.5523897e-01
  1.3996433e+00
 -5.0701130e-02
  2.1246342e-01
 -1.6313463e+00
  4.0593833e-01
  5.9376478e-01
 -4.6949753e-01
  2.7872190e-01
  2.1023987e-01
 -1.5478507e+00
 -4.3354425e+00
 -4.7404766e-01
  5.4517794e-01
 -2.8262395e-01
 -7.0707554e-01
  1.5127034e+00
  1.1335185e+00
 -2.7986255e+00
 -1.4388734e+00
  4.3509574e+00
 -1.4459145e+00
  8.0368251e-01
 -2.3708315e+00
  7.6619178e-01
  8.6348069e-01
 -2.3303689e-01
  2.1948802e-01
 -2.1221206e+00
  3.7123430e-01
  5.0576478e-02
 -9.1267669e-01
 -3.7653928e+00
 -1.6217321e-01
  2.3092749e+00
 -1.0625035e+00
 -2.4439468e+00
  2.0374024e+00
  3.0001476e-01
  1.8979872e+00
 -8.9102048e-01
 -2.0917177e+00
  8.9315677e-01
  9.3370289e-01
 -4.5915804e+00
  4.4209492e-01
  2.4094653e+00
 -2.7357171e+00
 -7.8135170e-02
  4.4225955e+00
  6.4892635e+00
 -5.4550603e-02
 -2.8032680e+00
  1.7739128e-02
  8.6552709e-01
 -3.7318578e-01
 -1.1893907e-01
 -6.5951085e-01
  1.9638082e+00
  2.6642576e-01
  3.8559211e-03
  6.7821437e-01
 -2.8569775e-02
 -3.3075055e-01
  5.9374094e-01
 -1.0358442e+00
 -1.1230521e+00
 -2.1534677e+00
  9.9367452e-01
  5.6512469e-01
  5.6944394e-01
  7.9443759e-01
  8.1334883e-01
  1.1923767e-01
 -1.0117358e+00
 -5.2768612e-01
  5.2055424e-01
  2.5856721e+00
 -7.7527076e-01
 -6.9852990e-01
  7.8747645e-02
  8.3121069e-02
  4.6591038e-01
  5.7967073e-01
 -4.2012584e-01
 -1.6641618e+00
  1.4527892e+00
 -4.1453129e-01
  4.6920729e-01
  1.0893739e+00
  2.8501952e+00
  3.1844473e+00
 -6.7737192e-02
  3.4437649e+00
  2.1942186e-01
  2.3652568e+00
  2.7875316e+00
  2.9231579e+00
  2.0607956e-01
 -3.1941955e+00
  3.7612614e-01
  9.5984977e-01
  1.6266553e+00
  3.8846259e+00
 -9.6716553e-02
  1.1124293e-01
 -2.9431822e+00
 -2.5827149e-01
  8.1682988e-02
 -1.6788723e-01
 -3.4037453e-01
  3.8046300e-01
  6.3531071e-01
 -9.3429454e-02
 -4.2415328e+00
 -1.6649196e-01
 -7.2358000e-01
 -3.7738746e-03
 -3.6338726e-01
  4.4797996e-01
  8.2795537e-01
 -4.8085380e-01
  1.4466055e-01
 -1.5328170e-01
 -1.5323412e+00
 -7.0544777e+00
 -2.5847267e-02
  3.0740663e-02
 -2.2916069e+00
  7.4758905e-01
  9.8182946e-01
 -1.2489862e+00
  7.4938703e-01
 -1.4314394e+00
  2.1298639e-02
  7.0439273e-01
  2.9100945e+00
  9.7842231e-02
  2.3225930e-02
 -4.6287411e-01
  1.4145111e-01
  6.8752449e-03
 -8.2957819e-02
 -2.7061769e-01
  3.3920456e-02
  5.2573377e-01
  3.2233400e+00
 -9.9417430e-01
 -3.5514021e-01
  4.0270500e+00
  1.2916718e-01
 -3.8453117e-01
  7.9014925e-03
  2.6027891e-01
 -5.0757992e-01
  6.6223925e-01
 -6.2520480e-01
 -1.5007119e+00
  4.2292557e+00
  7.6616162e-01
 -2.3159835e-01
  2.3723169e-01
 -1.1786870e+00
 -2.2866066e+00
  2.4301417e+00
 -4.8523307e-01
  2.1289213e-02
  2.4988000e-01
  1.9866090e+00
  1.4595456e+00
 -2.9690492e-01
  7.2047436e-01
  9.3849741e-02
  4.5668182e-01
  2.0027950e+00
 -1.1121826e+00
 -2.5519398e-01
  1.1561369e+00
  2.8088444e-01
  8.9960593e-01
 -1.6269147e-01
 -1.3794115e-01
 -1.0554658e-01
 -3.1673166e-01
 -5.5400819e-02
 -2.4909489e+00
  2.9341090e-01
  1.8908051e-01
  2.3997685e-01
  5.0829428e-01
  1.2117311e+00
  3.8294092e-02
  9.0860752e-03
  3.0697140e-01
 -6.1436540e-01
  6.3715512e-01
 -1.9110522e-01
 -1.5435178e+00
  1.4622703e-01
  1.2675296e-01
 -1.8733953e-01
  5.0744945e-01
 -8.8284910e-02
 -2.3261455e-01
  1.3181402e-01
  9.1631792e-02
 -6.2664503e-01
 -4.1270141e-02
  3.0486789e+00
  9.6969581e-01
  3.1200892e-01
 -2.3948285e-01
 -1.9796820e+00
 -1.5253842e+00
  5.8318657e-01
 -9.8347807e-01
  1.4122986e+00
  7.0652753e-01
 -1.1508660e+00
 -5.6860113e-01
 -3.9634452e+00
 -8.0629563e-01
  2.8261526e+00
 -1.0432884e+00
 -1.2069418e-01
  6.7901719e-01
 -5.7761461e-01
 -3.6330066e+00
 -3.2902224e+00
  2.3020854e+00
  1.3566041e+00
 -1.8349683e+00
  1.7428634e+00
 -1.4618891e+00
 -1.4866015e+00
 -3.6379391e-01
 -1.9520539e-01
  3.3626944e-02
  2.6901108e-01
 -2.2522566e+00
  4.4570801e-01
  4.7621900e-01
  5.5426717e+00
  3.2008703e+00
  6.2458307e-01
  3.1911614e+00
 -1.5941950e+00
 -3.2957025e+00
 -1.1841456e+00
 -1.6414391e-01
 -1.0295975e+00
  2.4228823e+00
  1.1790143e-01
 -6.0629904e-01
 -2.9585340e+00
 -1.1293055e+00
  8.4114164e-01
  7.4434215e-01
 -9.7782212e-01
 -7.4685210e-01
 -1.7961435e+00
 -3.6774850e-01
  1.0805844e+00
 -2.2456090e-01
  1.4365067e+00
 -1.2986600e-01
 -2.1168268e-01
 -7.4866131e-02
  9.5035309e-01
 -1.9806267e-01
 -1.9130709e+00
  6.5493288e+00
  1.1181322e+00
 -3.2725892e+00
 -4.0350862e+00
 -9.8674649e-01
  4.3255347e-01
 -5.8790054e+00
 -2.1369257e+00
  9.5098476e+00
  1.0143558e+00
  4.1511509e-01
 -3.9297216e+00
  2.0190239e+00
 -2.2371047e+00
 -3.6169438e+00
 -3.9085717e+00
  5.6424171e-02
  1.6375345e-01
  6.2133403e+00
  6.2495141e+00
  1.4210218e-01
  1.0519673e-01
 -3.1088333e+00
  6.0488451e-01
 -8.6122948e-01
  3.4750144e+00
 -9.2557982e-02
  4.1145897e+00
 -1.5653067e+00
  5.8577925e-01
  1.5163453e-01
 -1.0763717e-01
  5.7043438e+00
  1.8473402e+00
  4.8638028e-01
  1.7928106e+00
 -1.8695273e+00
  3.5967913e-01
 -4.5999268e-01
  7.3857182e-01
 -5.1403517e-01
  7.7811383e-02
 -6.8752855e-02
 -1.5827579e+00
  1.7822167e-01
  2.5976181e-01
 -1.5932956e+00
 -9.0744174e-01
  7.3633939e-02
 -3.1912453e-02
 -1.1742385e-01
 -1.6303346e-01
  1.2510321e+00
  1.4603449e+00
 -5.9960685e+00
 -2.4736586e+00
  9.3210250e-01
 -6.4208519e-01
  4.0701013e+00
 -1.9262590e+00
  2.9971501e-01
 -1.8972681e+00
  2.3958409e+00
  2.9013941e+00
  4.7049558e-01
  8.5611385e-01
 -2.9736567e+00
  1.4294524e+00
 -1.4522061e+00
 -7.4155623e-01
  1.9583812e+00
 -1.3985924e+00
  5.4819930e-02
 -5.1051803e+00
  3.7915261e+00
  1.0076936e-01
  3.0560705e-01
 -3.8401148e-01
 -4.9746919e-01
  2.4061990e+00
 -6.4740200e+00
  3.8284199e+00
  1.2562600e+00
 -3.7870809e-01
 -6.1949325e-01
  2.4289612e-01
 -4.9022949e-01
 -2.2642624e+00
  3.9914504e-02
 -1.9668876e+00
 -3.0317762e-01
  1.6937677e-02
 -4.8718145e-01
 -6.8423402e-01
 -3.8440382e-01
 -2.5664932e-01
 -3.6495677e-01
 -3.1910915e+00
 -3.3596224e-01
  1.0787938e+00
 -1.6153488e-01
 -7.9198688e-01
 -1.1096724e+00
  1.5194625e+00
  2.4229059e-01
 -1.3830733e+00
 -6.3688256e-02
 -8.4445363e-01
  1.0984610e+00
  4.1699741e-02
 -2.1732996e+00
  3.4108612e-01
 -1.6972138e-01
 -9.3708044e-01
  1.2241066e-01
 -2.1528021e-01
  2.3454994e-01
 -2.9751495e-01
 -2.8333953e-01
 -2.5950791e-02
 -7.6760358e-01
  3.2643107e-01
  2.0829479e-01
 -1.5761679e-03
  1.0458467e-01
 -1.7048699e+00
 -1.6648192e+00
  2.2760835e-01
  1.0348272e+00
  1.7761251e-01
 -3.4965441e+00
  9.0294427e-01
  1.0045604e+00
  1.9688839e+00
  1.6938655e-01
  1.9151548e+00
  5.3718948e-01
 -1.3542363e-01
 -9.1183022e-02
  5.3018099e-01
  4.1920853e-01
 -6.1620748e-01
  2.9831216e-01
 -2.2050664e-02
 -1.3919771e-01
  4.0591845e-01
  3.2182005e-01
 -4.7200233e-01
 -8.5516590e-01
  2.0825831e-02
  8.6368853e-01
  1.9877873e-01
  3.0428917e+00
  2.0534074e+00
 -2.4575241e-01
 -4.9767857e+00
 -2.2763758e+00
 -7.7456826e-01
 -2.1740324e+00
 -4.8530856e-01
  1.3066950e-01
  5.5226207e-01
  2.4897795e+00
 -2.2296223e-01
 -2.4302095e-01
 -4.0871233e-01
  9.4726920e-02
  1.8572394e+00
 -4.7509545e-01
 -1.3250236e-01
  5.2639329e-01
 -8.3344415e-02
  2.8947788e-01
  2.7637318e-02
 -8.4586895e-01
 -9.6647215e-01
 -3.5817832e-01
  1.5256490e+00
  2.1640960e-02
  6.7671031e-01
 -4.4810396e-02
 -4.2092258e-01
  1.4826269e-01
 -1.1142858e+00
  7.2607142e-01
 -5.6528068e-01
  4.6696159e-01
 -3.7182083e+00
 -9.5199384e-02
 -2.5967106e-03
  9.5405942e-01
  3.6339322e-01
 -4.8040932e-01
 -3.1963620e+00
 -5.6307702e+00
 -1.1111511e+00
  1.6905984e-01
  2.1858580e+00
  5.2944428e-01
 -5.8470458e-01
 -2.4437585e-01
  1.4297098e+00
 -6.6621947e-01
  1.6987635e+00
 -4.0830657e-02
  1.6479262e+00
  4.6873575e-01
  2.2120857e+00
  1.2536269e-01
  2.7296895e-01
 -1.3601810e+00
  2.8583217e+00
 -2.0791757e-01
 -1.7080989e+00
 -9.6104008e-01
  3.0058339e+00
 -4.5327256e-03
  4.4149482e-01
 -4.8857766e-01
 -4.5879310e-01
  9.2243999e-02
 -9.3235932e-02
  1.3139045e-01
  1.6201073e-01
  1.0793883e+00
 -4.1104537e-01
 -9.0630209e-01
  4.5016279e+00
  2.2324428e-02
 -7.8987151e-01
 -1.4099387e+00
  4.4954629e+00
  6.1294258e-01
 -1.7598332e+00
  2.9182169e-01
  3.5326192e-01
 -1.6064707e+00
 -4.9276307e-01
 -3.4372487e+00
 -3.8745156e-01
  1.8449558e+00
 -2.1408899e+00
  1.0982976e-01
  1.0955368e+00
  1.3871548e+00
  1.1432944e-01
  3.9273015e-01
 -8.5926664e-01
 -1.1584414e+00
 -8.7896228e-01
 -5.2087617e-01
 -2.1765952e+00
  3.9917779e-01
  3.3046979e-02
 -4.7734607e-02
  6.3060135e-01
 -1.7935543e+00
  5.1689684e-01
  3.9696458e-01
  3.3369951e+00
  2.3275306e+00
  2.5573807e+00
  1.5933408e+00
 -5.7430377e+00
 -2.2316298e-01
  4.8825526e-01
 -1.9530948e+00
  2.1614581e-02
  4.3147370e-01
 -1.9756662e+00
  3.0312471e+00
 -3.0831046e+00
 -1.2131144e-02
 -4.1209987e-01
  3.2236888e+00
 -2.4357283e+00
 -2.9564490e+00
  5.8135395e+00
 -2.0662127e+00
 -1.5416507e+00
 -2.4405353e+00
 -6.1673336e+00
  6.6201001e-01
 -1.1547730e+00
  2.1473906e+00
  1.0083516e+00
 -4.8537314e-01
  1.7663478e+00
 -1.2629371e+00
 -5.1300830e-01
 -2.8421819e-01
 -2.5557804e+00
  8.4353632e-01
 -1.8475188e+00
 -2.0604486e+00
  1.7618849e+00
 -1.2662685e+00
  9.8072983e-02
  8.7471187e-01
 -1.8770213e-01
 -5.4901189e-01
 -4.6844524e-01
 -7.6156646e-01
 -3.4907347e-01
 -8.8340089e-02
 -1.3723148e-01
 -7.2734162e-02
 -9.2250800e-01
  1.0589849e+00
  2.9735541e+00
  1.0820244e-01
 -2.7832964e-01
  1.7567937e-01
  2.5506458e-01
 -2.6680183e-01
  8.5208249e-01
  2.4230220e+00
 -5.1174772e-01
 -1.6430234e+00
 -2.0936304e-01
 -1.4392688e+00
  3.9452749e-01
  4.4176459e-01
 -2.0129154e+00
  6.0886955e-01
  3.3871868e-01
  3.9445885e-02
  8.2920051e-01
 -2.9716326e-02
 -3.4770670e+00
 -1.2593948e+00
  2.4463973e+00
 -7.4632436e-01
  2.5038459e+00
 -3.1006634e+00
  2.4814801e-01
  3.6738288e-01
  9.7496711e-02
 -1.4220601e+00
  1.1027397e-01
 -8.8332444e-01
 -1.1960464e+00
 -1.1383017e+00
 -2.4310815e+00
 -4.6934566e-01
 -1.2096841e-01
 -7.6964277e-01
 -1.4349331e-01
  2.7267149e-01
  1.1285631e-01
  4.3883044e-02
  6.2477303e-01
  8.8221550e-01
  2.2035116e-01
 -4.9580184e-01
 -3.9409152e-01
  2.8046980e+00
 -9.2508298e-01
  1.9109305e+00
 -6.3675934e-01
 -3.0950620e+00
 -2.6301186e+00
  2.7803149e+00
 -1.7977045e+00
  2.6101880e+00
 -6.5788798e+00
  7.4071491e-01
 -7.7242965e-01
  6.8650894e-02
  2.3792036e+00
 -1.2677003e+00
  6.0848945e-01
  5.5841333e-01
 -2.6870975e+00
 -1.2669026e+00
  2.9163303e+00
 -2.7020102e+00
  6.1412425e+00
  4.9832484e-01
  9.0948872e-02
  4.9497518e-01
 -3.5303834e-01
  2.7468266e+00
  1.0500636e+00
  8.7387227e-03
  3.1375034e+00
  5.4861170e-01
 -9.4699627e-01
 -2.7266538e-01
  4.0640619e-01
 -2.4179766e+00
  2.4547985e+00
  9.4022447e-01
 -4.0017939e+00
 -8.5159138e-02
  1.1124524e-01
  6.4322982e+00
  5.1980865e-01
  4.6604830e-01
  7.6604187e-01
  1.8690329e+00
 -9.3148142e-01
  2.0273750e+00
  1.8661976e-01
  3.4558520e-01
  3.3101022e-01
  2.1671448e+00
  6.3602674e-01
  4.1357252e-01
  6.0528511e-01
 -2.7376512e-01
  3.0421579e+00
 -6.5144706e-01
 -1.3949015e+00
 -1.2928600e+00
  4.4514012e+00
 -2.1849968e+00
  1.2523619e+00
  8.2913888e-01
 -4.3528385e+00
  1.2869710e+00
 -2.5691886e+00
 -2.1975119e+00
  2.6686838e+00
  2.8993087e+00
  5.2892214e-01
  8.4607258e-02
  5.7311589e-01
  2.2339752e+00
  8.3386345e+00
 -1.2382437e+00
 -9.9553216e-01
  4.2709708e+00
 -1.4552220e+00
  7.5260037e-01
  9.6290559e-02
  4.3706312e+00
  5.0556102e+00
  2.5160930e+00
  4.2284831e-01
 -4.3529162e+00
  4.6240327e-01
  1.6735057e+00
  3.0827882e+00
 -1.4191494e+00
  6.3020908e-03
 -2.6267219e+00
  1.0931362e+00
  4.0607646e-01
  4.1475583e-02
  8.3940893e-01
  2.3524559e+00
  8.5942334e-01
  7.3530596e-01
  3.5846364e-01
 -6.2666938e-02
  9.3658018e-01
  3.3376363e-01
 -6.4181632e-01
  4.4190308e-01
 -3.9624636e+00
 -4.6769938e+00
 -1.0690870e+00
  6.1907130e-01
 -9.9256027e-01
  3.2638779e+00
 -1.6622410e+00
 -1.3429441e+00
 -4.0941781e-01
 -2.8505204e+00
 -1.1305143e+00
 -6.3805217e-01
  9.2077005e-01
  3.9043639e+00
 -4.9719071e+00
  5.2333794e+00
 -5.4964381e-01
  6.4018786e-02
  6.2693119e-01
  9.7880103e-02
 -1.2231356e+00
  1.4909757e+00
  7.1430975e-01
 -8.5419960e-02
  2.0329847e+00
 -2.0882063e+00
  2.0780470e+00
  6.4509873e+00
 -9.1827530e-01
  9.5589471e-01
 -2.8762457e+00
  1.4894098e+00
 -2.2064052e+00
 -1.6653149e+00
  2.3619437e+00
 -1.8534334e+00
 -1.9788018e-01
 -3.9505196e-01
 -8.7451583e-01
 -4.7095337e+00
 -4.8675755e-01
 -5.3435059e+00
  2.9415178e-01
  4.7441411e-01
  2.3737682e-01
  1.6732027e-01
  8.9073187e-01
 -7.0019257e-01
  7.0533824e-01
 -1.2197684e-01
 -3.1011093e+00
 -1.1151811e+00
  6.5515518e+00
  3.2006738e+00
  6.5470159e-01
  4.3754002e-01
 -1.5668708e+00
 -1.2564981e+00
 -6.0242885e-01
  1.8678120e+00
 -4.0669160e+00
  1.4520632e+00
  9.7697186e-01
  3.4721670e-01
  2.6976988e-01
  3.6467364e-01
 -6.7510080e-01
 -1.8072543e+00
  3.0486042e+00
  2.4253286e-01
  1.4615550e+00
  2.8203804e+00
 -1.0127689e+00
  2.1182654e+00
  5.4767525e-01
  4.9073992e+00
 -8.0663878e-01
 -4.9333200e+00
  2.3404968e-01
 -3.9630002e-01
 -4.0168138e+00
 -1.8072000e+00
  1.7146038e+00
  2.7633221e+00
  4.0094957e+00
 -2.0437326e+00
 -2.8223881e-01
 -1.4658079e+00
  1.2344456e+00
 -2.5241864e-01
  3.6753491e-01
  9.9118903e-02
  8.9960665e-01
 -6.2831026e-01
 -3.2597440e-01
  1.5553690e-01
  8.0108869e-01
  2.3967619e-03
  4.6961850e-01
 -4.5750746e-01
  1.5492766e+00
 -2.8452012e-01
 -1.2346894e+00
  8.5667682e-01
 -3.3136803e-01
 -1.1417094e+00
  5.0045799e-02
 -1.4486735e-01
  1.8800781e+00
 -9.8424041e-01
  6.3666147e-01
  1.0105633e+00
  1.5135580e+00
  1.9730780e-01
 -4.0791623e-02
  9.6301591e-01
 -9.4147742e-02
 -1.2096795e+00
 -3.9369889e-02
 -3.9115763e-01
 -5.6853169e-01
 -2.1724195e+00
 -4.7629899e-01
 -1.9776054e-01
 -2.6687390e-01
 -2.5366998e-01
 -1.2439562e+00
  1.2902087e+00
  5.7070184e-01
 -1.5166955e-01
 -7.1191704e-01
 -1.5335836e-01
  2.2574650e-01
  1.1701690e-01
 -3.2517385e-02
 -9.1523215e-02
  2.6940979e-02
  2.6373668e+00
  4.1076267e-01
 -3.3766214e-02
  7.5665385e-02
 -6.7113727e-01
 -4.8904443e-01
 -2.3209302e+00
  3.2815499e+00
 -3.6510990e+00
  6.4174092e-01
  1.0067722e+00
  1.8852450e+00
 -3.3314225e-01
  8.2362807e-01
 -4.6929002e-01
  3.2846181e+00
 -3.8939579e+00
 -1.2650551e+00
 -1.7297735e+00
 -2.2398279e+00
  8.6122078e-01
  2.0059340e-01
 -4.4214306e+00
  6.6194816e+00
  3.2614157e+00
 -9.8269230e-01
  6.8392005e+00
 -6.4032011e+00
 -7.2046242e+00
  5.0579753e+00
 -5.5441213e-01
 -1.5853457e-02
  2.5930667e+00
 -1.1726375e+00
 -2.5495045e+00
 -8.7044549e-01
  5.4317027e-01
 -1.6961689e+00
 -8.3167827e-01
  1.4384395e+00
  1.3289838e+00
  2.6371868e+00
 -4.7603530e-01
 -1.5099385e+00
 -1.2381619e+00
 -2.6005535e+00
  1.0033073e+00
  5.0097698e-01
  7.0642039e-02
 -2.1022975e+00
 -3.4355947e-01
  3.2112479e-01
 -5.2100025e-02
 -6.1586028e-01
  6.2966561e-01
  3.1763306e+00
 -6.0825801e-01
  4.9461931e-01
  4.8642879e+00
 -5.4837221e-01
 -9.9011302e-01
  5.3877103e-01
  1.5371237e+00
 -1.3605030e-01
  2.7351865e-01
 -3.6330652e-01
  3.6904616e+00
 -8.8428128e-01
 -3.4146609e+00
  2.0249968e+00
  5.0594348e-01
 -9.8816466e-01
  1.2775333e+00
  6.8437028e+00
  2.7192874e+00
 -2.8832357e+00
  7.1071380e-01
  2.2768373e+00
  4.3030872e+00
  8.4055370e-01
 -1.1129823e+00
  3.2354310e+00
 -1.7530864e+00
  1.7712752e+00
  1.0077448e+00
  2.8617127e+00
 -2.4093616e+00
  2.4857595e+00
 -1.0601810e+01
 -6.4012849e-01
  2.3088790e-01
  1.5930171e+00
  2.0684092e-01
 -1.5830827e+00
 -1.6003965e-01
  4.4711411e-01
  1.7594724e+00
  8.4537297e-01
  1.6081979e+00
 -2.4423070e+00
  2.3059514e+00
  3.0313292e+00
 -3.9256164e-01
 -1.4841795e-01
 -1.1076239e-01
  1.6237336e+00
  1.1308924e-01
 -1.2322950e+00
  5.5104166e-01
 -5.0445092e-03
 -5.6782305e-01
 -4.1803882e-01
 -2.4399295e+00
 -3.5120733e-02
  8.6571681e-01
 -2.4753793e-01
  4.3156955e-01
  1.5360317e+00
  7.8364915e-01
 -1.7051290e+00
 -2.9154840e+00
 -5.4459840e-01
 -4.1375116e-01
  3.2693107e+00
  3.8286021e+00
 -1.8940769e-02
 -2.4247580e+00
  5.2664804e+00
  4.8465738e+00
  2.5504115e+00
  4.5891905e+00
  3.6079993e+00
  5.4574409e+00
 -2.7023193e-01
  4.4463701e+00
  6.1987656e-01
  5.4241097e-01
  1.2153370e+00
  1.8664134e+00
 -9.8057783e-01
 -2.2847195e+00
  6.3650489e-01
  2.3058193e+00
 -1.1224411e+00
 -1.5665512e-01
  3.2384355e+00
  4.9961526e-02
  2.5538979e+00
 -2.8671575e+00
 -3.7265444e+00
  3.1517484e+00
 -1.4612222e+00
 -1.5026517e+00
 -2.2573645e+00
  1.3436671e-01
  9.3712129e-02
  1.5582298e+00
  4.3503308e-01
  4.8258755e-01
 -6.7847216e-01
  4.1333394e+00
  3.8745311e-01
  2.2428026e-02
 -5.3988081e-01
  9.6291834e-03
  3.5061032e-01
 -1.4611428e+00
  3.3792663e-01
 -8.8456744e-01
  9.9206828e-02
 -1.0715690e+00
 -3.6111259e+00
  4.9425238e-03
  8.3789402e-01
 -1.0589284e-01
 -7.8291357e-02
 -1.9789179e-01
  3.1350693e-01
 -1.3462065e+00
 -9.0531164e-01
 -1.2700487e+00
  1.0569495e+00
  1.1751181e-01
 -1.7192690e+00
  4.4172668e-01
  3.2426395e-02
 -2.6127651e-01
 -1.9618301e-01
 -1.5308592e+00
  2.3438953e-01
  5.2032243e-02
 -1.8027319e+00
 -5.9442125e-02
  1.1241418e+00
 -5.2948946e-01
  5.1153404e-01
  4.6583018e-01
 -1.8866472e+00
 -1.5518337e-01
 -2.9343051e-01
 -1.6328328e+00
 -6.0006523e-01
  2.1804518e-01
 -4.3856484e-01
 -4.4445295e+00
 -2.9561833e-01
  6.4701664e-01
 -1.5003097e+00
  2.9653394e-01
  1.6661784e-01
  3.2699730e-02
 -1.6267039e-01
  5.3908877e-02
 -3.2696947e-01
  4.3012574e-01
 -1.3728023e+00
  7.2119735e-02
 -7.7888504e-02
  5.8246857e-01
 -8.1054878e-01
  3.0613997e+00
 -1.8643208e+00
 -5.8469296e-01
 -3.3402550e-01
 -1.4897730e+00
 -1.2676947e+00
 -2.3738682e+00
 -4.3377881e+00
 -2.5831151e+00
  1.1746336e+00
 -4.6578628e-01
  2.9373744e+00
  3.5097420e-01
  3.5880046e+00
  1.2811708e+00
 -1.3760636e+00
 -1.7852290e-01
 -1.7128607e+00
  1.1515744e+00
  2.9567409e+00
 -1.3104396e+00
  4.1931887e+00
  4.2716970e+00
  4.3897134e-01
  3.2234821e+00
  3.7416437e-01
  3.8502708e-01
 -1.8518305e-01
  3.4514043e+00
 -5.1901078e-01
  3.0411038e+00
 -2.5231531e+00
 -4.3138367e-01
  3.6936671e-01
  1.2856519e+00
  9.2296618e-01
 -1.1783456e+00
 -1.7431531e+00
 -4.2228125e-02
 -1.3294418e-01
  1.0782251e+00
  1.8657468e-01
 -2.3380160e+00
 -4.4949758e-01
 -1.4318978e-02
  3.7309277e+00
  5.8501607e-01
 -2.3324376e-01
 -4.1961398e-02
 -2.3092276e-01
 -1.5514313e+00
 -1.0095283e+00
  1.4977722e+00
 -8.4439683e-01
  6.3360149e-01
 -8.9223570e-01
 -4.0580702e+00
  1.3343661e-01
  1.4423125e+00
 -7.3211722e-02
 -8.9219862e-01
 -2.3251836e+00
 -1.5129968e+00
 -4.5164403e-01
  5.1358156e+00
 -4.2786446e+00
  1.9019780e+00
 -1.8904965e+00
  5.2196045e+00
  1.5076076e+00
  5.6833155e-02
  1.0660887e+00
 -3.4127996e+00
 -3.6278129e-01
 -5.0841337e-01
  1.2758766e+00
 -2.5687790e+00
 -1.6557857e+00
  2.7305319e+00
 -2.0025375e+00
  1.3055229e+00
 -9.8328158e-02
  5.5035967e-01
 -6.5464395e-01
 -1.8168044e+00
 -1.8578988e+00
  2.2477679e+00
 -6.4616132e-01
 -3.1158260e-01
 -2.7985466e+00
 -1.1919565e-01
  2.4798751e+00
  3.4797251e+00
  2.3649475e-02
  7.8173572e-01
 -2.9656661e-01
  2.8348926e-01
 -2.6547703e-01
  1.2148068e+00
  1.2375982e+00
 -1.7973248e+00
  4.5517120e+00
 -3.4481659e+00
 -3.3676341e-01
 -6.4274448e-01
 -3.6997220e-01
  5.3653520e-01
 -3.3394578e+00
 -3.4387112e+00
  3.6373243e-01
  4.9783244e+00
 -2.2651348e+00
  1.4330648e+00
 -1.4851584e+00
  8.8439681e-02
  4.1416007e-01
  6.3563287e-02
 -1.1294839e+00
  3.3138227e-01
 -3.0323582e+00
 -1.6957628e+00
  5.5861264e-01
 -7.3788815e+00
 -7.7101541e+00
 -3.8100913e-01
 -1.2374175e-01
  3.5607719e+00
  7.0917495e-02
  3.3863134e+00
 -2.6235154e+00
 -3.2142811e+00
 -2.4701488e-01
 -3.8864139e-02
  1.3669158e+00
 -6.2938399e+00
  2.4243507e+00
 -7.2738683e-01
 -8.8537163e-01
 -9.0452030e-02
 -1.4654729e-01
  1.2026830e+00
 -3.6588883e-01
  9.3234487e-02
  1.3547535e+00
  2.0431297e-01
  3.0993655e-01
 -4.1898508e-02
 -2.8088046e-02
  2.5043461e-01
  8.7892115e-01
 -3.0840862e-01
  1.6220956e+00
  3.1597701e-01
 -3.6468287e+00
  4.7904357e-01
 -3.1295159e+00
  4.1543407e+00
 -5.9155798e+00
  1.4070143e+00
 -3.0857916e+00
  4.7053418e+00
 -5.0398016e-01
  2.1418538e+00
  3.6679760e-01
  1.9365085e-02
 -4.6845347e-01
 -3.0001813e-01
  1.1241577e+00
 -1.9685273e+00
 -3.1847136e+00
 -5.5914330e+00
  1.2934421e+00
 -5.3758588e+00
  1.1446786e-01
  3.4148123e+00
  2.6025622e+00
 -4.1168579e-01
  1.3463768e+00
 -2.1569889e+00
 -1.9213189e+00
 -3.3307970e+00
 -1.2196414e+00
 -4.2598760e-01
 -9.1678184e-01
 -4.4501586e+00
  2.5954037e+00
  3.6779847e+00
  2.5747905e+00
  1.7825732e+00
  3.8532740e-01
  3.1953065e+00
  4.4455120e-01
 -2.4621837e-02
  2.6949697e+00
  2.9819775e-02
 -2.6644280e+00
  2.6270652e+00
  1.6868249e+00
 -3.2479188e-01
  1.5281428e-01
 -1.2556307e+00
  1.4629841e-01
 -3.0018276e-01
 -2.9388876e+00
  1.3290200e+00
  1.3735257e-01
 -9.1944672e-02
 -3.8617164e-01
  1.3097115e-01
  1.3324095e+00
 -4.7964797e+00
  5.6401024e+00
  5.0843394e-01
  1.5111146e+00
 -1.0471912e-01
  8.6098146e-01
 -2.3664255e+00
  1.7883798e-01
  9.6014571e-01
 -8.3261810e-02
 -8.2124943e-01
  3.6339003e-01
 -5.2704412e-01
 -2.3073167e-01
 -3.8168946e-01
 -2.0510526e-01
 -6.2626041e-02
  2.6752615e-01
 -3.3154042e+00
  3.5123479e-01
  2.0413095e-01
 -3.1859076e+00
 -2.8803158e-01
  5.2411884e-01
  2.1440780e-01
 -2.3922246e+00
  5.4415935e-01
 -2.7864830e+00
  3.2413814e+00
 -2.7931015e+00
  8.6343009e-03
  2.4642058e-01
 -2.5539801e-01
  2.2894980e-01
  4.6768489e-01
 -3.2158390e-01
 -2.7808013e+00
 -1.5663610e+00
 -6.0169518e-01
  9.1340825e-02
 -4.6366996e-01
  1.3266443e-01
 -1.3717873e-01
 -2.9339337e-01
 -2.9833782e+00
  4.1792732e-01
  2.4575005e+00
 -3.6685855e+00
  2.8430665e+00
  2.1526594e-01
  5.2183371e+00
 -2.9110819e-01
  3.6234522e+00
  3.6338019e-01
 -1.0536406e+00
  5.2324777e+00
  1.7487673e+00
  9.0605271e-01
  2.5069818e+00
 -1.6421109e+00
 -1.6731441e+00
 -7.8475378e-02
 -2.5992315e+00
 -1.9073393e+00
  1.0215773e-01
  1.1382290e+00
 -7.3777372e-01
  1.6169914e+00
 -3.3879721e-01
  5.7150376e-01
 -1.6235934e+00
 -1.0378747e+00
 -5.3769219e-01
  2.0366619e+00
 -1.5714159e+00
  5.4898691e+00
 -1.2898995e+00
 -6.3033909e-01
 -1.8551533e+00
 -2.2798395e+00
 -2.8268945e+00
 -3.4574914e-01
 -1.6078192e+00
  3.6698893e-01
 -7.0732589e+00
 -1.4963719e+00
  2.9792172e-01
  4.9112906e+00
 -3.4908134e-01
 -1.7042369e+00
  1.6781635e+00
 -3.7181422e-01
  7.3252988e-01
 -3.6340613e+00
 -1.4622625e+00
  1.6754262e-01
 -4.3501562e-01
  2.3292051e-01
  5.7614513e-02
  2.5591052e+00
 -4.9887103e-01
  1.0872446e-01
  2.3775955e-01
  6.5527380e-01
  4.0948576e-01
  9.1808927e-01
  1.2894871e+00
  3.6865292e+00
 -3.5169342e-01
  5.7293415e+00
  5.8899951e-01
  3.6825353e-01
  1.3221037e+00
  3.1035781e-01
 -9.8119986e-01
  2.9245955e-01
  1.6191871e-01
 -2.1117464e-01
  2.7665848e-01
  1.0121293e-02
 -4.0833335e+00
 -5.3914851e-01
 -5.5128717e-01
 -3.5471675e+00
 -3.9493501e+00
 -1.6809704e-02
  2.6779100e-01
 -3.3265576e-02
  2.8747329e-01
  1.0205381e+00
  8.6863011e-02
  6.1442226e-02
 -7.2768676e-01
  1.9057543e+00
 -1.1934611e-01
  2.1903828e-02
  3.5296756e-01
  3.5484901e-01
  1.4839840e-01
 -6.6831064e-01
 -3.4319383e-01
 -1.2593073e-01
  1.6770962e-01
 -1.7257470e-01
  9.0661444e-02
  1.4715359e-01
 -1.7251371e+00
  7.8768820e-01
  5.8699477e-01
 -9.7721863e-01
 -9.7370583e-01
  8.8929641e-01
  2.6269493e-01
 -3.9064300e+00
  3.6144366e+00
  2.8767178e+00
 -7.8784412e-01
 -1.0287267e+00
  4.0044388e-01
  5.4080015e-01
 -1.6559203e+00
 -1.2464262e+00
 -2.5646996e+00
  7.2591954e-01
  6.6172189e-01
  9.6353537e-01
  4.2962670e+00
 -1.6975645e+00
 -1.4670924e+00
  8.2541513e-01
  3.9674796e-02
 -4.8932347e+00
  3.1090612e+00
  3.8464189e-01
 -2.9797325e+00
  1.2283790e+00
  3.6603191e-01
 -1.3595309e+00
 -2.1199532e+00
  4.0730050e-01
  2.3937169e-01
 -1.8811235e+00
 -1.2935804e+00
  8.4587388e-02
 -1.1581653e+00
 -1.7580835e+00
  1.5525556e-01
 -4.9831066e-01
 -8.4516805e-01
 -1.3520427e+00
 -8.9043140e-01
 -9.8693565e-02
  2.8185228e-02
  1.1546155e-01
 -2.6589707e-01
  1.1905846e-01
 -7.5313672e-02
  1.2700099e+00
  6.4606419e+00
 -2.4061968e+00
  2.0791295e+00
 -6.3712943e-01
 -9.6603197e-01
 -1.5417126e+00
 -8.3061624e-01
 -5.2956825e-01
  2.8265560e-01
  2.9728634e+00
  2.1734759e-02
  4.6242604e+00
 -1.0685197e-01
  1.1409241e+00
  9.2172153e-02
 -1.8345783e+00
  9.5538482e-02
 -4.0793576e+00
  2.4326524e-01
  9.6765494e-01
  2.2460766e+00
  8.9417793e-02
  1.4280913e+00
  4.4115242e-01
  1.3968040e+00
 -5.3721623e+00
 -4.2661972e+00
  2.4410862e-01
 -2.0567834e+00
  1.5945713e-01
  2.9375029e+00
  2.6636097e+00
 -5.5321854e-01
 -2.4345872e+00
  5.3781734e+00
 -3.3934734e+00
 -4.1105947e-01
 -1.0057045e-02
 -1.0369452e+00
 -9.7109413e-01
 -1.0687038e+00
 -7.3945455e-02
  6.7829710e-01
  2.8279838e-01
 -9.3745261e-01
  3.7998766e-01
  9.8049599e-01
  1.8188878e+00
 -4.0111315e-01
 -1.1327139e+00
 -1.0375728e-02
 -2.4108848e-01
 -2.8080529e-01
  2.0004158e+00
 -4.2445208e-03
  1.1729648e+00
 -6.3018776e-02
  2.0806557e-01
 -1.7858806e-01
 -1.2288278e-01
  5.9657801e-02
  3.4284754e+00
 -5.6715274e-01
 -8.9224637e-02
 -4.9745727e-01
  1.2319542e-01
  3.0977869e+00
 -5.2318990e-01
 -3.8502428e-01
  4.9155244e-01
 -8.9127809e-01
 -7.0268631e-02
 -1.5341632e-01
  3.8159268e+00
 -1.8991436e+00
  1.5834320e-01
 -2.5404388e-01
 -1.7333790e+00
 -4.9255365e-01
 -6.4159107e-01
  1.6005114e-01
  1.5865511e-01
  1.4804894e-01
 -1.6877712e+00
  6.5535755e+00
  3.1845224e+00
 -1.9634956e-02
 -4.9595231e-01
 -3.7608745e+00
  3.2385588e-01
  2.0904097e-01
  5.9892215e-02
 -2.3997033e-02
  2.6243371e-01
  7.0054036e-01
 -1.1617048e-01
 -5.7145220e-01
  1.4504261e-01
 -1.0911719e-02
 -3.4324154e-01
  2.5820160e-02
 -3.5755341e+00
  4.0791364e+00
  6.6999447e-01
 -3.4710970e+00
 -2.5301042e+00
 -1.2074651e+00
  3.8808450e-02
  4.5796981e+00
 -1.0794839e-01
 -4.5182917e-02
  7.2308612e-01
 -8.6016917e-01
  2.1219270e+00
 -1.5597967e+00
 -6.7771250e-01
  5.1965505e-01
  3.0849652e+00
 -2.3040380e-01
 -1.3294574e+00
  5.7655859e-01
 -1.1334438e+00
 -2.3787493e-01
 -1.1967696e+00
 -2.2567091e+00
 -4.6407439e-02
  5.3923857e-01
 -1.3805224e+00
 -2.2294055e-01
  1.5666870e+00
  1.5936652e+00
 -1.2183293e-01
  3.2195866e-01
 -9.5673211e-02
  1.4039894e+00
 -3.7327805e-01
  2.4293094e+00
  9.3891561e-01
 -5.6641791e-02
 -3.2591149e-02
 -2.4417369e+00
  1.9301423e-01
 -1.7004049e-01
  6.3554931e-01
 -1.6305175e-01
 -1.7838468e-01
 -4.5380118e-01
  4.9780360e-01
  4.2268977e-01
 -3.1753808e-02
  9.2001464e-03
 -2.2573328e-01
  4.7023787e+00
 -1.0889471e-01
  8.0490702e-01
 -3.6224864e+00
 -3.8010046e-02
  5.4837699e+00
 -8.2378256e-01
  2.8172785e-01
  1.1348938e-01
  3.7875876e-01
  2.5842026e-01
  9.9729466e-01
  7.7311844e-03
  2.0958215e-01
  1.5265822e+00
 -3.6234519e-01
  1.1122724e-01
 -1.1322476e+00
  3.6710300e-02
 -1.5337809e+00
 -1.9169687e-01
  1.8471013e-01
 -1.0592033e+00
  8.1135100e-01
 -3.0247312e+00
 -2.5145528e+00
 -7.2414488e-01
 -1.6507654e+00
 -2.2015989e-01
  5.2110487e-01
  5.8642924e-02
 -2.4930637e+00
 -1.2258472e-01
  6.3665646e-01
  3.6210749e-01
 -6.8679295e-02
  2.8540615e-03
 -4.8725477e-01
 -1.6802275e-01
 -5.4900455e-01
 -9.8546572e-02
 -5.6949252e-01
 -1.3713108e-01
 -1.5990477e-02
  1.0020604e+00
 -1.4729704e+00
 -5.4451048e-01
  3.9243276e+00
  2.2988725e-02
  1.0093045e-01
  3.0033690e-01
 -1.6030606e+00
 -3.9943101e+00
 -5.4922265e-01
 -1.0417784e+01
  4.6513534e-01
 -6.6839504e+00
  1.3765016e+00
 -4.3737259e+00
  3.3150909e+00
  1.4954163e+00
  1.8926387e-01
  2.7482176e+00
  1.1994551e+00
  2.7803406e-01
  6.7092502e-01
 -9.5062804e-01
  5.8365010e-02
 -2.2930566e-03
  6.4070714e-01
  2.6068366e-01
 -2.9525537e+00
  6.6572696e-01
  3.2507095e+00
 -4.2451687e+00
  3.2024291e-01
 -1.5052081e+00
  2.4298780e+00
 -5.0210345e-01
 -4.9492326e+00
  3.3433515e-01
 -9.1730684e-01
 -4.6778935e-01
 -1.2111924e+00
 -9.5001884e-02
  8.2669628e-01
  2.3393409e+00
 -5.0539598e+00
  2.7833002e+00
 -1.1216360e+00
 -7.2063601e-01
  3.4381318e-01
  3.8238907e-01
  7.9629384e-02
  2.7994089e+00
  1.1563598e+00
 -1.2688072e-01
  6.7588711e-01
  1.6361937e-01
  2.1918633e+00
  7.1226075e-02
 -2.5611517e+00
 -5.8286972e+00
 -3.9115310e+00
 -2.7010257e+00
  7.2446461e+00
  3.6183443e+00
  2.0255719e-01
  1.2006242e+00
  8.8118339e-01
 -9.1493502e+00
 -4.1709032e+00
  1.8663300e+00
  8.4644097e-01
  1.0420507e+00
 -8.6646634e-01
  8.4162152e-01
 -2.5058405e+00
 -2.4861305e+00
  5.9988105e-01
  2.8725555e+00
 -2.6882353e+00
  2.2144964e+00
  9.8026913e-01
  7.3640957e+00
  7.5932443e-01
 -2.7788150e+00
 -1.4328910e+00
  1.8370767e+00
  3.3260024e+00
  4.3592381e+00
  1.6563406e+00
  1.1505647e+00
  1.1182283e+00
 -2.8142264e+00
 -1.7875742e+00
  1.4241214e+00
 -1.0006901e+00
  5.4962478e+00
  5.3349847e-01
 -3.4155336e-01
  3.7418765e-01
  9.7244304e-01
  1.0061172e+00
  1.0255157e-01
 -4.3816786e-02
 -9.8423034e-02
  3.5880741e-01
 -1.1307231e+00
 -9.0533233e-01
 -9.5235415e-02
 -1.8487006e-01
 -8.8453895e-01
  1.6695806e+00
 -2.4278529e+00
  1.2085208e+00
  1.2014850e+00
  4.9637315e-01
  3.2608926e-01
 -2.0014131e+00
 -1.3398672e+00
  1.0271297e+00
  1.1239827e+00
 -3.2124487e-01
  3.4612186e+00
  9.9514794e-01
 -8.1676614e-01
 -3.9130214e-01
  1.6850914e+00
  2.1491934e-02
 -7.1697682e-01
  1.9054940e-01
  2.8834569e+00
  2.4749748e-01
 -1.5304454e-01
 -1.6129200e+00
  1.4880522e+00
 -3.1809751e-02
 -1.9114375e-01
  2.8322585e+00
 -2.8496578e-01
  1.9446631e-01
 -1.3359758e+00
  3.7829497e+00
 -1.0115433e+00
 -4.6888490e+00
  3.1391747e+00
 -1.3458782e+00
  9.3417031e-01
 -5.5399352e-01
 -1.0267259e+00
  1.1516435e-01
  6.3762003e-01
 -4.2519611e-01
  2.8968835e+00
  2.6187962e-01
 -1.7461586e+00
  1.3611846e-01
 -5.0971556e-01
 -1.4778723e-01
 -3.1098920e-01
 -2.4221244e-01
 -9.6805966e-01
 -2.5601810e-01
  1.8470945e+00
 -8.1846148e-01
 -4.2164917e+00
  9.8914462e-01
  2.9840875e+00
 -2.3990505e+00
 -3.1402819e+00
  3.0710104e+00
  4.7351313e+00
  2.4054534e+00
  6.8274069e-01
  5.2315605e-01
 -5.8266383e-01
 -9.5174170e-01
  4.8367515e+00
 -4.7406790e-01
  7.4522531e-01
 -8.5044414e-01
  5.4167253e-01
 -3.3038886e+00
  1.1585692e+00
  3.3532245e+00
  1.3176482e+00
 -1.8956283e+00
  8.9328885e-01
  3.0098360e+00
  2.9808004e+00
 -4.0842052e+00
  1.4725647e+00
 -5.6317031e-01
  2.5616593e+00
  2.5293401e-01
  2.4181526e+00
 -3.1733239e-01
 -5.7326847e-01
 -1.6883709e+00
 -1.4168580e+00
  6.6023618e-01
 -7.2718370e-01
 -1.5229125e-02
 -1.0841178e+00
 -4.4860554e-01
  3.8925323e-01
 -1.0100993e+00
  1.0508256e-01
 -2.8973269e-01
  1.3099536e+00
  2.4889189e-01
 -4.4276634e-01
  2.9725068e+00
  2.6294785e+00
  1.2071294e+00
  6.6715366e-01
  4.1421255e-01
 -3.5832986e-01
 -2.1063857e-01
  2.1915101e-02
  2.7395600e-01
  6.5989578e-01
 -9.4768035e-01
  2.0695546e-01
  6.2158268e-02
  7.2792089e-01
 -1.0664300e-01
  4.9124002e-01
  6.2073809e-01
  1.2745289e+00
 -1.2160592e+00
 -8.6803734e-01
  2.8362627e+00
  9.1207063e-01
  4.1339213e-01
 -2.3407342e+00
 -2.0989624e-01
 -6.0838814e+00
  1.3619879e+00
 -2.8716570e-01
 -5.5524242e-01
  2.7897916e+00
  4.3120766e-01
 -1.8352805e+00
 -1.9752790e-01
  2.4188931e-01
  6.1982602e-01
 -3.3228211e+00
 -2.0749187e+00
  7.3343647e-01
  2.8895220e-01
  4.2507559e-01
  1.7538691e-01
 -1.3701110e-01
 -2.6707439e+00
 -1.6299549e+00
  5.9636521e-01
  6.1326683e-01
 -1.0144024e+00
  4.0563931e+00
 -1.7009413e+00
  3.2911363e-01
 -9.8134851e-01
 -2.2135391e+00
  3.6427966e-01
  3.4843845e+00
 -1.5708555e+00
  7.1594989e-01
  1.0252553e+00
 -4.3134594e+00
  3.6759253e+00
  3.2956026e+00
  6.2569747e+00
 -3.8383064e+00
 -3.1181365e-01
 -1.3873012e+00
 -2.6425397e-01
  6.3099504e-01
  2.9991245e-01
 -1.6725658e+00
  1.6533513e+00
 -2.3204734e+00
  2.9396205e+00
  2.1530292e+00
 -2.1678281e+00
 -7.6126164e-01
 -4.4513426e+00
 -1.9073379e+00
 -3.8512919e+00
  1.0834895e+00
 -1.3459380e-01
 -2.1167929e+00
  1.1169578e-01
  8.0512905e-01
 -4.5226583e+00
  3.3828177e+00
 -1.0747721e+00
  1.2235732e-01
 -5.5904257e-01
  1.6673465e+00
 -3.0673540e+00
 -1.0757365e+00
 -9.8680276e-01
  1.5857127e-01
  1.7437178e-01
  3.1361732e-01
 -5.9523916e+00
  2.3963816e+00
  1.5670450e+00
 -1.2968088e+00
 -8.8946469e-02
 -1.9857860e+00
 -5.7546418e-02
 -8.4126830e-01
  1.2375546e-01
  4.1329556e+00
 -1.2188622e+00
 -1.0116982e-01
  1.0441551e+00
 -8.6367244e-01
  1.8811159e-01
  3.7295384e+00
  1.3268052e+00
  2.3070045e-01
 -3.0510160e-01
 -7.6884919e-01
  4.1870743e-01
 -1.9854786e+00
  3.1999189e-01
  2.5136580e+00
  5.3221188e+00
  1.9828814e+00
 -4.5757592e-02
  9.1910678e-01
 -7.1778841e-02
  3.3132806e+00
 -1.1765857e-01
  1.6608634e+00
  2.3177695e+00
 -6.8710163e-02
  5.9161181e+00
 -2.3988793e+00
 -1.3335196e+00
  1.0713174e+00
  3.8992578e-01
  3.7357817e+00
 -1.7529675e+00
  1.0054058e+00
  3.3930612e+00
 -2.5021243e+00
  6.6767532e-01
 -2.0509501e+00
 -2.7579601e+00
 -6.6998297e-01
 -5.6197011e-01
  1.5882112e-02
 -1.5611199e+00
 -4.6362400e-01
  2.2417183e-01
 -1.1548176e-01
 -1.6574338e-01
  1.7605176e-02
  4.8550062e-02
  4.3364838e-01
 -1.4814612e-01
  8.1340134e-01
 -4.8789895e-01
  1.9471650e+00
  5.1561916e-01
  2.9887283e-01
 -2.6019702e+00
  1.8326136e+00
  9.9951155e-02
  1.6818756e+00
  4.9152812e-01
 -5.7510859e-01
  1.3028431e+00
  5.6593257e-01
 -2.1926618e-01
 -1.2819965e+00
  3.6298081e-01
  2.3007968e-01
  3.5728621e+00
 -2.6281650e+00
 -1.4937021e+00
 -4.1128144e+00
  2.6260138e-02
 -6.2148261e-01
 -5.3422070e-01
  2.4530573e+00
  6.7146935e-02
  3.2661605e-01
  1.1553560e+00
 -6.0285225e+00
  3.3065468e-01
  4.5542306e-01
 -8.3696371e-01
  1.6818592e-01
  8.8533834e-02
 -2.2278899e-02
  1.8042871e+00
  5.4138690e-01
 -7.4819344e-01
  3.3657682e+00
  2.3839845e-01
 -1.1797022e+00
  1.8011121e-01
  8.5622716e-01
  7.1036297e-01
 -7.2933346e-01
 -1.6527508e-01
 -1.1795617e+00
  5.2768689e-01
 -2.5814080e+00
  1.4185088e+00
 -6.8559760e-01
 -9.8650105e-02
 -4.7566888e-01
  3.2928567e-02
 -4.1298915e-02
  5.8317971e-01
 -2.5461498e-01
 -3.9965612e-01
  1.3320430e-01
  2.0941739e+00
 -7.2091049e-01
  2.5923085e-01
  1.9345183e-02
 -8.5077630e-03
 -6.2666231e-01
 -1.0183623e+00
 -3.0783930e-01
 -1.6657414e-01
  5.6792568e-02
 -5.2026365e-02
 -6.8524599e-01
 -2.3939235e+00
 -7.3486075e-02
 -2.5674098e+00
  9.7758228e-01
  5.1572055e-01
  2.0510653e-01
 -4.1306552e-01
 -1.5224732e+00
 -2.3682592e+00
  4.3330187e-01
 -9.4357270e-01
 -9.3081743e-01
 -2.6115718e+00
 -6.9377370e-02
 -1.1096765e+00
  3.3552113e-01
  5.2321471e-02
  2.3806920e+00
 -1.3940814e+00
 -9.4446808e-02
  3.2241765e-02
 -2.5901851e-01
  1.6471112e-01
  3.1104559e-02
 -3.1717479e-01
 -3.2964846e-01
 -9.3706511e-02
  6.8213099e-01
 -2.5918478e-01
  5.4684138e+00
 -1.9674036e-01
  5.1730084e-01
  6.6584870e-02
 -4.5447264e+00
  1.4342432e+00
 -2.8607386e-01
  1.0827271e+00
  2.8423595e+00
 -5.2187223e+00
  6.8065381e+00
 -2.5772507e+00
 -1.3143750e-01
  1.7935908e+00
 -4.3177438e-01
  9.5227146e-01
 -1.6156842e+00
 -5.3024216e+00
  9.4727528e-01
  5.3167701e-01
 -7.5321633e-01
  7.5370592e-01
  1.3326873e+00
 -2.7998725e-02
  7.6774251e-01
 -9.8704320e-01
 -3.3725154e+00
 -3.2859993e-01
  1.6387053e+00
  1.2460947e+00
 -1.1884923e+00
  1.1503900e+00
 -1.1421278e+00
  1.3818630e+00
  3.1402498e-01
 -3.5685918e-01
 -2.0884337e-01
  1.3090367e+00
  1.9900334e+00
 -1.0358942e+00
  3.9256337e+00
  8.1043547e-01
  4.2204788e-01
  2.1692972e+00
 -1.5055102e-01
 -6.7430335e-01
 -7.3985356e-01
 -1.1362240e+00
  2.9787040e-01
  9.0003818e-01
  8.4757441e-01
 -2.5590476e-01
  4.6480307e-01
  6.9834836e-02
 -1.9526603e+00
  2.0018413e+00
 -2.9470861e-01
 -2.9765766e+00
 -2.5489900e+00
  4.8926415e+00
  5.3040040e-01
 -3.3038507e+00
  4.4278088e+00
  7.7852584e-02
 -3.0683832e+00
  2.0755726e-01
 -2.1261163e+00
 -2.2514786e-01
 -1.6227937e-01
 -8.4488398e-01
 -4.9992986e+00
  3.2841830e+00
  5.2822582e-02
 -4.3737564e+00
  2.0873639e-01
  7.9492047e-02
 -9.3686646e-01
  5.2752811e-01
 -9.0836301e-02
  2.5125778e-01
  2.2901805e-01
 -1.6214905e+00
  4.5559606e-01
 -1.9644506e-01
 -5.3755908e+00
  2.3453636e-02
 -2.4791870e-02
  2.4655923e-01
 -1.9491208e+00
 -2.2589782e-01
 -6.2139857e-01
 -3.2873201e-01
  6.7718500e-01
 -1.1159929e+00
  6.8558919e-01
  2.6983929e-01
  4.6129468e-01
  1.0600601e-01
  2.5495142e-01
 -9.8155785e-01
  5.4161727e-01
  3.2250109e-01
 -1.2568482e+00
  1.6660048e-01
  7.7435412e-02
 -3.3712838e-02
  5.5526614e-01
 -3.6494997e+00
 -1.9013637e+00
 -2.1317115e+00
  3.0654886e-01
  4.7412100e-01
  1.2138604e-01
 -5.5720539e+00
  2.4341547e+00
  2.7442696e+00
 -4.0222516e+00
 -1.3733940e+00
 -9.2409313e-02
 -1.0653197e+00
  3.6756747e+00
 -6.8147197e+00
  4.3040690e+00
  2.2316176e-02
 -1.4231710e+00
  1.1267143e+00
 -9.1030300e-01
 -2.3563769e+00
 -2.2664630e+00
 -4.5516734e+00
 -1.6388324e+00
 -2.8410702e+00
 -7.5149190e-01
  3.7829068e-01
  2.6163640e+00
 -1.1619220e+00
  1.2940303e+00
 -8.0581295e-01
 -2.5211282e+00
  4.2041941e+00
 -1.6513973e+00
 -2.9533188e+00
 -8.6900610e-01
 -1.1250295e-01
 -1.4534601e+00
  6.3424772e-01
  1.3657267e-01
 -3.4488276e-02
  1.8726969e+00
 -3.9538556e-01
 -4.7691101e-01
  2.5629061e-01
  2.5760332e-01
  5.3165585e-01
  1.6374043e+00
 -1.2836698e-01
  5.1448631e-01
 -2.1329892e+00
  2.7052164e+00
 -9.9004859e-01
  1.0952382e+00
  2.5282186e-01
 -5.4356551e-01
 -1.0299052e+00
 -7.7852660e-01
 -8.6188668e-01
 -2.3227372e+00
  1.6777368e+00
 -4.6270399e+00
 -2.7130203e+00
 -1.6348797e-01
  3.8327694e-02
  1.9689825e+00
  2.4854603e+00
 -1.1975566e+00
 -1.8486062e+00
 -1.1665990e+00
 -1.3924603e-01
  1.6820819e+00
 -1.1910535e+00
 -2.6960501e-01
 -3.8354659e-01
  5.0400788e-01
 -1.5642926e+00
  3.7957437e+00
 -1.0860968e+00
  1.5243722e-01
 -9.2668295e-01
  1.5356928e+00
 -3.2636228e-01
 -5.1835513e-01
 -7.9768860e-01
 -9.1032130e-01
  1.7372005e+00
  8.9081073e-01
  1.3284717e+00
  5.5160671e-01
 -2.0058770e+00
 -1.4353242e+00
 -1.3065103e+00
  8.7013918e-01
 -2.4028096e+00
 -1.5873801e+00
  1.0515523e+00
 -1.2564422e+00
  1.4370673e+00
 -1.8476232e+00
 -9.8427826e-01
  2.0194209e+00
  1.6303676e-01
 -2.3572309e+00
 -1.8786734e+00
 -5.7875657e-01
  1.7204568e+00
 -2.2911937e+00
  3.6305742e+00
 -1.4356742e+00
  3.9679950e-01
  1.7371051e+00
  3.2278936e+00
  1.1164467e+00
 -1.6873883e+00
  4.1193822e-01
 -1.7195324e+00
  6.4174992e-01
  5.6271959e-02
  6.3291699e-01
 -3.4701458e-01
 -3.4280703e+00
 -1.5025864e+00
 -2.1196848e-01
  4.0971825e-01
 -7.2883129e-01
 -3.8071081e-01
  4.5839143e-01
 -1.5558640e+00
 -4.3315899e-01
 -5.0804865e-01
  6.3446653e-01
  2.1792803e+00
 -5.8247882e-01
  1.4749885e-01
 -2.1728258e+00
 -8.9596224e-01
  1.4063616e+00
 -1.0340126e+00
  7.5459331e-01
 -1.8881677e+00
  1.2981690e-01
 -2.3149981e+00
 -1.7589302e+00
  1.5580333e-02
 -1.9095594e+00
  2.2778065e+00
  3.7043110e-02
  3.2473329e-01
  4.8755819e-01
  1.4157597e+00
  6.4038008e-01
 -5.9284878e-01
  1.2559768e+00
  8.9323872e-01
 -3.7125068e+00
  4.3848050e-03
  9.0519714e-01
 -2.4079432e+00
 -9.0952229e-01
 -2.0640280e+00
 -8.6824638e-01
  1.5813736e+00
 -5.4124419e-02
  2.3317454e-02
  1.8551387e-03
 -1.1219766e+00
 -4.7702420e-01
 -5.7201570e-01
  8.6652571e-01
  3.1806778e-02
 -5.9005916e-01
 -1.8938221e+00
  7.9904512e-02
 -3.0032320e+00
  3.5911558e+00
  4.9819708e+00
 -1.2060723e-01
  3.4565172e+00
  7.4337429e-01
  5.6576771e-01
 -5.5216110e-01
 -7.6453596e-01
  1.3050520e+00
  7.3106909e-01
 -1.2288913e+00
  2.9650807e-01
 -1.3825008e-01
  1.1856400e-02
 -7.8671104e-01
 -5.9757030e-01
  1.2297993e+00
 -1.5579075e+00
  3.8367444e-01
  4.0928335e+00
  1.8043717e+00
  3.5474062e-01
 -4.1781834e-01
  3.2843006e-01
  8.5169095e-01
 -1.4558806e+00
 -1.5490643e+00
 -6.4606249e-01
  6.2239957e-01
  2.0154490e+00
  1.2119354e+00
 -4.8676389e-01
  1.3142824e+00
 -4.5529425e-01
 -4.9120212e+00
 -8.7533247e-01
  2.2474959e+00
  1.1613582e+00
 -7.0559017e-02
  6.0419840e-01
 -1.4407091e+00
 -1.6816512e-01
  8.0093360e-01
 -1.0218560e+00
  1.5018157e+00
  1.2969618e+00
  1.0960829e+00
 -5.5264397e+00
 -9.2690694e-01
 -1.8106712e+00
  3.4305438e-01
 -2.8842921e+00
  1.8260090e+00
  2.7248612e-01
 -8.0186963e-01
  2.6150498e-01
  9.6813548e-01
 -4.2287803e-01
  1.2967626e+00
  4.0239784e-01
  1.1679462e-01
 -1.6842419e+00
 -9.3581021e-01
 -1.3918343e+00
 -1.0036753e+00
  1.5034869e+00
  1.4118987e+00
 -2.0492201e+00
  1.1573392e+00
 -9.2308158e-01
 -2.7792883e+00
 -1.3538995e+00
  1.1234469e+00
  4.4842976e-01
  2.6861851e+00
  3.7579232e-01
 -1.4694327e-01
  1.2395346e+00
  2.5002382e+00
 -9.7507372e+00
  5.0048079e-02
  1.2172558e+00
 -8.7735045e-01
 -1.9920658e+00
  4.9063988e+00
 -3.5141385e-01
  1.6105841e-01
  1.7199896e-03
  1.4802601e+00
  2.1644702e+00
  1.5408438e+00
  2.7474293e-01
  4.6358056e-02
 -8.6026931e-01
 -1.1607878e+00
 -2.1806026e-01
  4.2360210e-01
  8.7710306e-02
  3.2551172e+00
  3.2371932e-01
 -6.3465640e-02
 -1.4825045e+00
  2.5051573e-02
  1.1810710e+00
 -2.0810227e-01
 -1.1320113e+00
 -2.3659649e+00
  5.7891589e-01
 -1.4180247e-01
 -3.8983378e-01
 -3.2445459e+00
 -3.3469981e-01
 -4.9242774e-01
 -1.6369173e-01
 -1.2954091e-01
  5.3340174e-02
 -2.3675654e-02
  2.0072346e+00
 -8.7983751e-01
  5.8395520e-02
  7.1720946e-01
 -3.6872253e-01
 -8.1782967e-01
  1.2899883e+00
  3.6709222e-01
 -5.1802287e+00
  4.1784960e-01
  1.0919425e+00
 -2.0283677e-01
 -2.1960916e-02
 -3.1543374e-01
 -4.1014538e+00
 -8.8183576e-01
  1.5751496e-03
  7.5766690e-02
 -1.7488745e+00
 -6.0708394e+00
 -5.6624017e+00
 -4.4500299e+00
  9.5799017e-01
 -4.8555848e-01
 -5.1025925e+00
 -3.7816831e-01
 -5.3132445e-01
  1.9411655e-02
  3.7484562e-01
 -2.1524446e-01
  3.9108117e+00
  7.7878423e-02
  5.0483632e-01
  7.9693818e-01
  4.0334350e-01
  3.0437806e-01
 -3.3820245e-02
 -9.1833884e-01
 -5.2091461e-01
 -4.4309130e-01
  3.3474855e-02
  3.7991932e-01
 -2.6938057e-01
 -1.1318377e+00
 -1.2926963e-01
 -7.9526120e-01
 -3.8195096e-02
 -2.5758460e-01
 -3.2619220e-01
 -5.5726725e-01
  1.1814849e+00
 -1.9847777e-01
 -1.0901729e+00
 -1.0669653e+00
  4.2386186e-01
  7.1955198e-01
 -1.3768708e+00
  4.9063195e-02
  3.1062049e-01
 -5.0204148e+00
  1.4929675e-01
 -5.9091929e-02
  1.0142551e-01
  1.4793669e+00
  4.0826601e-01
  6.8506271e-01
  3.5737492e-02
 -4.3184370e-02
  1.5766464e-02
  1.0362427e+00
 -1.2467446e+00
  3.2680637e-01
  2.1962431e-01
 -4.8431352e-02
  5.0630450e-02
  2.2199102e-02
  2.4762492e-01
 -7.6323712e-01
 -7.4735177e-03
  6.8670255e-01
 -2.0016883e-01
  3.4479538e-01
 -6.6279852e-01
  1.4265756e-01
  2.5026578e-01
 -4.6253285e-01
  8.4075496e-02
  2.0264736e-01
  8.6352587e-01
  1.4085351e+00
  2.8546503e+00
  2.2615592e+00
 -8.1507546e-01
  2.4391513e+00
 -1.0849446e+00
  2.7233281e+00
 -3.7459636e+00
  3.6011484e-01
  3.8507182e-02
  4.0585032e+00
  5.4953325e-01
  6.9254778e-02
 -2.4800672e-01
  1.7901707e-01
 -1.2602077e-01
 -1.0550469e-01
  2.1669080e+00
 -5.1263058e-01
 -3.3725808e+00
 -6.0215849e-01
  2.0910513e-01
  4.0690165e-02
  2.0630810e-01
 -2.5196692e-01
 -4.4739332e+00
  5.5122814e+00
 -3.7718233e-02
  2.3474863e-01
 -4.1693360e-02
  8.7358497e-02
 -2.5216663e-01
 -2.9241493e+00
 -4.6998663e+00
  1.0669345e+00
  1.1079763e+00
  1.0898833e+00
 -9.3669169e-02
  1.4300027e+00
  1.2645838e-01
  5.5788387e-02
  4.7474772e-01
  5.9359443e-01
  3.0535344e-02
 -1.6420941e+00
 -2.5130385e-01
 -3.7390694e-01
 -2.9610770e-02
  2.2048295e-01
  4.3852496e-01
  6.3133430e-01
 -2.0044792e+00
  3.9657921e-02
 -1.9547683e-01
  9.6073687e-02
 -3.2135770e+00
  6.8666413e-02
 -6.6592574e-01
 -7.6061261e-01
  1.4287232e+00
 -4.9071703e-02
  8.3170295e-01
 -4.3193002e+00
 -1.7790721e-01
  5.1923871e-01
 -2.8615311e-01
  3.5281722e-03
 -5.1732641e-01
  6.8054593e-01
 -2.0678988e-01
  1.1748041e-01
  8.6102182e-01
 -2.9503509e-01
  6.3114601e-01
 -1.7864995e-01
  4.3628958e-01
 -1.1666093e+00
 -1.7736953e-01
  4.1475394e-01
 -4.6043286e-01
  3.3548006e-01
  5.0990957e-01
  2.3354609e-01
  1.4476820e+00
 -2.2197257e-01
 -1.6792011e+00
  4.9652696e-01
  1.5293211e+00
  2.2463943e-01
  1.6075872e-01
  7.8731877e-01
 -9.2387593e-01
 -1.7485979e+00
 -2.8806310e+00
  2.6808798e-01
  5.9605849e-01
  5.3259015e-01
 -2.7820020e+00
 -1.0360661e+00
 -6.0562760e-01
 -2.7392850e+00
 -1.8231478e-01
  9.8113441e-01
 -1.2587838e-01
  3.3201116e-01
  3.1688929e+00
  8.6618930e-01
  1.0147828e+00
  4.1684389e+00
  2.3237315e-01
  1.6370872e+00
 -2.4195121e-01
  3.1491265e+00
 -1.8625653e-01
 -7.9277255e-02
 -3.9687288e-01
 -3.7638885e-01
 -6.2842160e-01
 -1.0229158e+00
 -2.4019361e+00
 -1.0937032e-01
  3.6613932e-01
 -8.0555862e-01
 -1.8404326e-01
 -4.0809694e-01
  3.8860992e-02
 -3.3356398e-01
 -6.1855483e-01
 -2.4929640e-01
 -7.6740384e-01
  1.5229531e-01
 -2.0817888e+00
 -3.8165784e-01
 -2.9134646e-03
  3.9845955e-01
  2.0294423e+00
  6.6349274e-01
 -2.3807082e-02
 -3.6073713e+00
 -8.7086014e-02
 -1.7470932e-01
  5.4509735e-01
 -2.2241948e+00
 -1.2169979e-01
  6.7216140e-01
  4.9661234e-02
 -3.4595058e+00
 -6.7307234e+00
  5.6598502e-01
 -4.3279722e-01
  3.4485769e-01
 -7.7295236e-02
  4.2842335e-01
  5.0770187e-01
 -8.5218358e-01
  1.4159603e-01
  2.3820603e-01
  2.2253650e-01
 -3.2622489e-01
  2.1011707e-01
 -3.1453761e-01
 -2.5462162e-01
  2.2228414e-01
 -2.1849813e-01
 -1.3994908e-01
 -2.2320880e-01
  4.6403833e-02
  5.0160962e-01
 -2.9995081e-01
  2.4106947e-01
 -5.8461285e-01
 -4.5294795e+00
  6.1362940e-01
  1.0765356e+00
 -5.4641481e-02
  1.4984012e+00
 -4.1816401e-01
 -1.9907911e+00
 -1.2627783e-01
 -3.4625232e-01
 -1.3045315e+00
 -2.1037612e+00
  5.1064834e-02
 -3.0977650e+00
 -1.9730949e-01
  1.5066128e+00
 -2.4420607e-01
 -4.4859000e-02
  8.2286872e-02
  2.0313615e-01
  1.2425109e+00
 -6.5583073e-02
  4.3400399e-02
  2.4576318e-02
 -2.0949492e-01
 -2.3457631e-01
  1.3951412e+00
 -2.5254810e+00
  7.9684712e-02
  9.5187187e-01
  9.3094863e-02
  1.0901464e+00
  6.9161773e-01
  4.8534769e-01
  2.8545761e+00
  4.6096592e+00
 -1.7446182e+00
 -2.2390392e+00
  3.7188455e-01
 -5.6116760e-02
 -3.8049068e+00
 -3.6315060e-01
 -2.0155478e+00
  6.0510725e-01
  5.3155309e-01
  4.4498523e-03
  3.8115954e+00
  1.1088675e-01
 -1.5457047e+00
  2.6858288e-01
 -1.0507248e-01
  7.4650377e-02
 -4.4303536e-01
  9.7316450e-01
 -3.5552424e-01
 -6.3684285e-01
  1.3326008e-02
 -2.8977662e-01
  1.4678694e+00
  1.7555046e-01
 -4.6632317e-01
  9.4513398e-01
  3.1137986e-02
  6.7440808e-02
  2.4423181e-01
  1.4546774e-01
  1.1627132e-02
 -7.3369306e-01
  9.1135252e-01
 -6.2539898e-02
  1.0856298e+00
  2.9962799e-01
 -3.6309049e-03
 -4.6810591e-01
 -2.5789529e-01
 -2.4409088e-01
 -1.7072542e-01
  4.4555314e-02
  1.6498508e-01
  6.1661249e-01
 -1.8648234e-01
 -5.5092251e-01
  3.0694358e-02
 -2.0117971e-01
 -2.0609091e-01
 -1.7535093e-01
  2.4137161e+00
 -1.2378410e-01
 -1.5468217e+00
 -1.6482390e-01
  4.5499968e-04
 -3.4369245e-02
 -1.6519781e+00
  5.2915357e-02
  9.4490141e-01
  1.3360770e-01
  2.7625191e-01
 -6.9993081e+00
  3.9098197e-01
  1.2955169e-02
 -7.3272429e-02
 -2.5989039e+00
  1.1167980e+00
  1.0643610e-01
  2.4099477e-01
  1.3153605e-01
  8.2586259e-02
 -6.9135025e-02
 -6.1761763e-02
  1.4708795e-01
  4.8006773e-01
  1.1624421e+00
 -2.4058890e-01
 -5.8752257e-01
 -8.6402935e-01
  8.3433264e-01
 -4.7709338e-02
  9.5497608e-02
  1.7926993e+00
  1.0484535e+00
 -1.3321120e+00
  9.3593948e-02
 -7.0216119e-02
 -3.8521451e-01
 -8.5161671e-02
 -4.2765498e-02
 -1.0280886e+00
  1.2415178e-02
 -4.6341723e-01
  8.7008828e-01
  9.1204220e-01
  7.4685198e-01
  1.2523802e-02
  8.6574084e-01
 -3.7949326e+00
  1.0118073e+00
  3.2212031e-01
 -2.8672159e+00
  6.1566764e-01
 -2.3299351e-02
  2.1766982e+00
  1.2613822e+00
 -2.9894788e+00
  2.9314992e+00
 -1.2178876e+00
 -1.9530225e+00
 -3.1747106e-01
  1.0210423e+00
  3.6696970e-01
  7.9067516e-01
 -9.7782350e-01
 -1.2189832e-01
 -4.2024434e-01
 -7.1803838e-01
  1.3252404e+00
  2.0970622e-01
  1.8051369e+00
 -2.8978646e-01
  1.6095196e+00
 -2.9936787e-01
 -4.6872916e+00
  1.0883164e+00
 -2.1234515e+00
 -3.2158647e-02
  3.1853706e-01
  4.6862170e-01
 -7.1709102e-01
  4.3387365e-01
  6.6771418e-02
  1.2561358e+00
 -2.5554800e-01
  5.7870018e-01
  2.7519375e-01
  1.8929622e+00
  1.4834118e-02
 -2.1691709e+00
 -3.3472564e-02
 -8.1452280e-03
  2.4375194e-01
 -1.2485874e-01
 -5.9821854e+00
 -1.0626767e+00
  9.1333175e-01
 -2.2570379e-02
  9.4931662e-01
 -1.7713305e+00
  7.0840114e-01
  1.5920969e+00
 -1.5681546e+00
 -1.3543710e+00
  2.7017960e-01
  2.7235746e-01
 -1.9855411e-01
 -1.0852410e-01
 -4.3562441e+00
 -2.7244186e-01
 -1.0668488e+00
 -4.0158862e-01
 -8.6588943e-01
 -1.2644244e+00
  1.6682619e-01
 -1.3151925e+00
 -1.6474004e-01
 -5.5144656e-01
  9.7173071e-01
  3.9011981e-02
 -2.7671856e-01
  1.4915784e-01
  1.7037809e-01
 -2.7677457e+00
  5.2681357e-01
 -2.5434914e+00
  1.4217615e+00
 -4.3225574e-01
  9.4093448e-01
 -1.0459293e+00
 -9.0233004e-01
  1.5247699e+00
 -1.1422495e+00
  1.7911626e-01
  1.9993680e+00
 -1.4503253e+00
 -8.7884378e-01
 -7.1803868e-02
 -2.6800933e+00
  2.0157516e+00
  5.1594995e-02
 -1.1085173e+00
 -4.1161249e-03
  3.8452066e-02
 -4.8753804e-01
 -2.8072011e-01
  1.3925817e+00
  2.4842854e+00
  1.4271353e+00
  2.7702453e+00
  1.7054003e+00
 -6.6809580e-02
  1.1496097e+00
 -3.9012699e+00
 -4.0185022e-01
 -2.3572075e-01
  1.2501823e+00
 -3.0418167e-01
 -3.5005276e+00
  7.1321571e-01
  1.4818922e+00
  1.6218591e-01
 -5.1204664e-01
 -4.9830105e-02
  1.0264869e-01
 -5.6796294e-01
  3.6324897e-01
  3.1463715e-01
  1.3634312e+00
 -6.0197510e-02
  6.7302400e-01
 -8.1517506e-01
 -8.1020959e-02
  2.5240734e-01
  5.3525674e-01
  2.6319718e+00
  1.9351530e+00
 -3.3857982e+00
 -2.2103729e+00
  1.7314657e+00
  2.7288246e+00
  1.8992203e+00
 -4.7050446e-01
  2.3608277e+00
  1.5714781e+00
  2.4599204e+00
 -4.3438086e-01
  7.5591135e-01
  2.3897620e-01
  7.2001314e-01
  1.1847597e-01
  1.1769872e+00
 -1.4001167e+00
 -2.1395006e+00
  1.6542499e+00
 -2.9857326e+00
 -6.0256472e+00
 -6.8718940e-01
  8.0467880e-01
 -1.4627077e-01
  2.3383574e+00
 -7.5609738e-01
 -7.2154813e-02
 -9.8169214e-01
 -2.2212590e-01
 -8.6477041e-01
 -1.5375070e-01
 -4.5739436e+00
 -3.0671737e+00
 -3.9988918e+00
  2.0450265e+00
  3.8075343e-01
 -2.5109765e-01
  9.9441707e-02
  4.2330450e-01
 -5.5231202e-01
  1.7429136e+00
  1.7554219e+00
 -2.8334200e+00
 -4.8830080e-01
  1.3302785e+00
 -2.8489023e-01
 -1.1371967e-01
 -1.9435677e-01
  4.3915161e-01
  9.4802982e-01
  1.6931005e+00
 -2.3687532e+00
  5.1224226e-01
  1.7231464e+00
  8.8224369e-01
 -9.0604275e-01
 -2.9911560e-01
 -2.7800778e-01
 -3.6955717e+00
  1.0950553e-01
  5.6740808e-01
 -9.7891909e-01
  1.1877687e+00
  5.3165717e+00
 -1.2964956e-01
 -1.2417707e+00
  2.0472865e-01
 -1.3495656e+00
  2.8181076e-01
  8.8700941e-03
 -2.4688669e-01
  1.0553340e+00
  2.8730690e+00
  6.0489122e-02
  2.9197046e-01
  7.8414631e-01
  1.0109222e+00
  3.4811780e-01
  1.9958473e+00
 -2.4774957e+00
  4.3712452e-01
  5.4558975e-01
  1.8606021e+00
  2.8809788e+00
 -3.6953974e+00
 -5.5512242e+00
 -2.6117418e-02
 -4.1653495e+00
 -1.3635632e-01
 -2.9371727e-01
 -2.5859031e-01
  8.5703850e-02
  2.9643276e+00
 -2.6655772e-01
  6.4311069e-01
  9.6661672e-02
 -8.9011699e-01
 -3.3402622e-02
 -9.4608593e-01
 -5.3350860e-01
  1.8347198e-01
  3.1251043e-01
 -1.2104108e+00
 -2.4792056e-01
  2.1438506e+00
  4.4491208e-01
 -8.4836715e-01
  1.2380165e+00
 -8.1250864e-01
  1.0122284e+00
  2.4640076e+00
 -1.9107168e+00
 -5.0424993e-01
  4.2345867e-02
 -8.2732135e-01
 -1.6201960e-02
 -8.9713000e-02
  3.6230574e+00
  2.5288847e-01
 -1.2248847e-01
  9.9296439e-03
  4.8126429e-01
  5.6323957e-01
 -3.0049894e-02
  1.0307669e-01
 -3.7503585e-01
 -4.7590545e-01
 -4.0858078e-01
 -4.3536367e+00
 -3.3148813e-01
  9.3736714e-01
 -3.4782904e-01
 -5.1964544e-02
  2.4649654e-01
  2.9478994e-01
  1.0404878e+00
  1.6271490e+00
 -1.8561971e-01
  2.5121350e+00
 -1.6382711e-01
  6.0926795e-01
 -8.2974181e-02
  1.4030607e+00
  7.3078394e-01
  2.8459415e+00
  7.2442013e-01
 -1.0007048e-01
 -1.5802296e-01
 -1.1658882e-01
  6.9939569e-02
  5.4121327e-01
  2.1657109e+00
  8.8512808e-01
  5.2920943e-01
  3.9400968e-01
  1.3923897e+00
  4.2715123e-01
  1.2336774e-03
 -2.3431420e-01
  3.5755453e+00
 -2.0460777e-01
 -4.3229419e-01
 -3.0671611e-02
 -3.0929196e-01
 -3.5292782e-02
 -2.7206248e-01
 -1.6106453e+00
 -7.0282853e-01
  7.7923781e-01
  1.5745980e+00
 -3.8588125e-02
 -1.1621035e-01
 -2.6195341e-01
  5.7324797e-01
  5.7181513e-01
  7.3672324e-01
  8.2294309e-01
 -6.8714476e-01
 -4.6566747e-02
  7.2737992e-02
 -1.4743525e+00
  2.0447275e-01
 -4.5452669e-02
  5.1367092e-01
 -2.0276941e-01
  1.6834553e-01
  1.0535002e+00
 -2.8970292e-01
 -1.2983956e+00
 -3.7656942e-01
  8.2088494e-01
 -3.4144063e+00
  5.2151471e-01
  2.1930101e+00
 -4.6282977e-01
 -1.9872694e-01
 -3.7372365e+00
 -1.6702348e+00
 -1.8739944e+00
  4.8963799e+00
 -2.5114575e-01
 -1.2655365e-01
  2.3500526e-01
  4.4735953e-02
 -5.4643947e-01
 -8.3874309e-01
  2.6265283e+00
  1.9920698e+00
  2.8430300e+00
  8.9923543e-01
 -1.6976600e+00
  5.7688016e-02
 -7.8661710e-02
  2.3633987e-01
 -4.4280559e-01
 -2.2585604e+00
  4.2149216e-01
 -5.5951059e-01
 -3.6642939e-01
 -1.2790133e+00
 -7.3447680e-01
 -5.1868427e-01
 -1.9255380e-01
  7.0521854e-02
  2.0316675e+00
 -1.6297357e-01
  3.8169649e-01
  1.6079274e-01
  9.2223778e+00
  3.0354324e-01
 -6.1322713e-01
  2.0826044e-02
 -4.8911486e+00
 -1.5380102e-01
 -1.1732919e-01
  8.9026552e-01
  7.6160288e-01
  2.3893808e-01
 -2.3677478e+00
 -1.3169562e+00
  1.5030630e-01
 -3.1842878e-01
  5.4255933e-01
 -1.5706587e+00
 -2.7483889e-01
 -2.0465238e-02
  4.6961555e-01
  1.0291338e+00
 -4.5653450e-01
  1.3726562e-01
 -5.0914460e-01
  2.3368039e+00
 -3.7573423e-02
  3.2933283e+00
 -9.4174153e-01
 -6.8966031e+00
 -5.4594612e-01
  1.7584411e+00
 -2.7566007e-01
 -5.3342879e-01
  5.0539542e-02
  3.3909380e+00
 -3.2701948e-01
 -6.8210298e-01
  5.7555057e-02
  7.4238233e-02
  9.8260887e-02
  2.9343307e+00
 -7.0841819e-01
  1.9808635e-01
  7.5780493e-01
  6.3109154e-01
 -2.8239888e-01
 -3.5932187e-03
  3.5063311e-02
 -1.7254611e+00
  9.0854429e-02
 -1.5929966e+00
  8.7865633e-01
 -2.1762913e-01
  5.4625261e-01
  1.4680216e+00
  4.5604868e+00
 -1.2929060e-01
 -8.2045794e-01
 -3.9028168e-02
 -3.9931017e-01
 -1.0617725e+00
 -1.6994126e+00
  5.9050453e-01
 -4.7662416e-01
  1.1606479e+00
  9.9547046e-01
  4.8396835e-01
  1.1219716e+00
  3.1853357e-01
 -1.7841125e+00
 -1.2936784e+00
  3.6955348e-01
  1.9791092e+00
 -1.4931260e-01
  3.6940101e-01
  3.5674495e-01
  2.7437561e+00
 -1.7759218e+00
  1.7495645e+00
 -1.8344766e+00
  1.0688314e+00
  5.1502401e-01
  1.6211245e+00
 -1.9360670e+00
 -6.5173113e-01
  1.5540706e+00
 -1.2136952e+00
 -4.6835896e-01
 -6.3653857e-02
 -1.3818544e+00
  1.0308353e+00
 -2.0615101e+00
  4.3306872e-01
 -9.5788158e-02
 -7.8855485e-02
  8.3454454e-01
 -2.6592648e+00
 -1.6499180e+00
 -8.3896846e-01
 -5.1021023e+00
  2.8313997e+00
 -1.1370353e+00
 -1.7095891e+00
 -2.9415913e+00
 -1.4902376e+00
 -1.4947654e+00
 -9.8254567e-01
  1.2974749e+00
 -2.2250316e+00
 -4.2086949e+00
 -3.8599053e-01
 -5.7646456e+00
  5.7433361e-01
 -2.2211244e+00
  1.2360103e+00
  3.9484913e+00
 -6.5877497e-02
 -1.3164158e+00
  1.0278052e-01
  2.7351865e-01
 -1.9417745e+00
 -1.7258918e-01
  9.3551016e-01
  1.7038006e-01
  1.7650300e-01
  3.8912573e-01
 -8.3352494e-01
 -5.7339495e-01
 -2.3644011e+00
  3.2519037e-01
  1.1357037e-01
 -1.0242502e-02
 -3.0925047e-01
 -6.4691383e-01
 -1.8893114e-01
 -7.8686410e-01
 -9.7751981e-01
 -1.3165578e+00
 -1.2180154e-01
 -1.7290631e-01
 -1.7643116e-01
 -5.3058024e-02
 -1.2834339e+00
 -2.2376406e+00
  6.0004646e-01
 -4.3934262e-01
  4.3719819e-01
 -4.1439292e-01
  1.0630851e+00
 -1.6904222e+00
  2.0153570e-01
 -7.3602623e-01
 -6.5524131e-01
 -1.6317265e+00
 -2.1991005e+00
 -1.3525063e-01
  6.3729250e-01
  3.1256625e-01
  1.3990704e+00
  5.8102256e-01
  6.8206117e-02
 -3.3656698e-01
  1.0779935e+00
 -3.8379049e-01
 -1.9718927e-01
 -3.9807314e-01
  9.3950190e-02
  7.3344851e-01
  3.4304459e+00
 -1.7769810e+00
  2.2356758e-01
  1.3235688e-01
 -1.8951454e+00
  1.0708247e+00
  8.3831412e-01
 -6.1043096e-01
 -6.6761512e-01
  1.1458926e-01
  2.0745985e-01
  1.3554580e+00
  1.9287378e+00
 -1.0430278e+00
 -1.6270211e+00
 -1.1952131e+00
  2.5810347e+00
 -3.7739236e+00
  7.8814173e-01
  1.9746494e+00
 -2.6602200e-01
 -4.9647450e-01
 -8.6781412e-02
 -7.9969959e-03
  1.1849592e+00
  1.4510489e+00
 -9.1472939e-02
 -1.5677390e+00
  8.3852243e-01
  1.0536528e+00
 -4.9353248e-01
  2.8214050e-02
 -3.5080485e+00
 -1.3479292e+00
  9.7479379e-01
 -8.9262229e-01
  7.9108536e-01
  1.9147491e-01
 -7.2592847e-02
  2.0416462e+00
 -1.3830287e+00
 -8.9984328e-01
  6.0685206e-02
  4.3764368e-01
 -3.4482148e+00
 -8.5552859e-01
 -2.1559507e-01
 -1.5059963e+00
 -2.0160715e-01
 -3.9732757e-01
  1.3995245e-01
 -9.1878265e-02
  6.4572567e-01
 -1.4133798e+00
  1.2858236e+00
 -1.5129623e-01
  9.4526529e-02
 -5.9145987e-02
  3.1329900e-01
  1.4900222e+00
  1.8045563e+00
  1.2673408e-01
 -2.8277072e-01
 -6.6237026e-01
 -6.3380760e-01
  2.6635852e-01
 -4.4977035e-02
 -7.3553950e-01
 -5.3606153e-01
 -1.5993215e+00
 -8.4028518e-01
 -1.8733151e+00
 -1.5456799e-01
  3.6979547e-01
  1.9749562e-01
 -7.3567694e-01
  1.6147371e-02
  7.4444878e-01
  3.5208607e-01
 -6.5580177e-01
  8.9478135e-01
  8.7556177e-01
  2.0431744e-01
  6.0691606e-02
 -2.0045349e-01
  1.3088292e-01
  2.9280429e+00
 -7.4287885e-01
 -1.5114875e-01
  3.0053437e+00
 -2.6100069e-02
  3.9733824e-01
  1.3081343e-01
 -4.4062579e-01
  1.1835144e+00
 -3.5120040e-01
  3.3634961e-01
  6.6729903e-01
  2.5515017e-01
 -3.4102595e-01
 -2.5806849e+00
 -2.7074942e-01
 -4.3838584e-01
 -1.7228316e-01
  4.8502505e-01
  2.8968535e-02
  3.6580961e-02
 -5.0267839e-01
  1.1752897e-02
 -7.4670464e-01
  3.1726348e-01
  2.4098666e+00
  1.4653284e-02
 -1.6395518e+00
 -1.2745662e+00
 -1.0921001e+00
 -7.0138001e-01
 -3.7264698e+00
 -1.6768010e+00
  3.4327064e+00
  7.3716635e-01
  1.6410025e+00
  5.5298376e-01
 -2.2267731e-01
 -2.9304663e-02
  5.4323304e-01
 -5.1176906e-02
 -9.3118228e-02
  3.2532860e-02
 -3.4027674e+00
  4.9111951e-02
  4.9437866e+00
  1.1974235e+00
 -4.7795022e-01
 -4.8710113e+00
 -6.0089517e-01
  1.0171775e+00
 -2.6377537e+00
 -1.8727458e-01
 -6.0226178e-01
 -1.9264156e+00
 -1.7328618e+00
 -7.8471011e-01
  7.3467515e-02
 -2.6972532e-01
 -1.4521141e-01
  5.2293554e-02
  3.5581759e-01
 -5.4597729e-01
 -7.3940930e+00
  5.9025776e-01
  2.5671914e-01
  8.2340968e-01
 -3.4881595e-01
  3.3107023e+00
 -1.6387129e+00
  1.4647959e-02
 -1.0265172e-01
  1.3113953e+00
 -1.2677832e+00
  1.2816158e-01
  3.8492537e-01
 -1.1531236e+00
  4.9682842e-03
 -7.6194662e-01
  2.3243103e+00
 -4.7835288e+00
  2.9797971e+00
  1.3587898e+01
  5.6814942e+00
  2.2917235e-01
  1.8607662e+00
 -6.0404554e-02
  5.0103664e-02
 -3.8784230e-01
 -7.3514199e-01
 -1.1344080e-01
  9.9582207e-01
  8.0425072e-01
  7.0229292e-01
 -3.6602479e-01
  1.6965743e-02
  3.9778042e-01
 -1.0251852e+00
  1.6517052e-01
 -1.1380427e+00
  5.5638212e-01
 -3.7513581e-01
  2.9286668e-01
  8.8360065e-01
  1.7764734e-01
  6.7443155e-02
 -2.1232691e-02
  8.8620913e-01
 -5.6258142e-01
  1.3329216e+00
  5.6203809e+00
  4.0612170e-01
  3.7258187e-01
 -4.3937424e-01
  5.3042495e-01
  5.3801858e-01
 -1.2290658e+00
  2.2597015e+00
 -6.9240071e-02
 -1.1251597e+00
 -6.7773676e-01
 -1.4141242e-01
  2.6115990e+00
  2.1491094e-02
  9.4323218e-01
 -4.4925015e-02
 -1.5888313e+00
  8.0659997e-01
  2.3130741e+00
  2.7320120e+00
  1.7232512e+00
 -2.0193672e+00
  9.4723028e-01
 -1.1825670e-01
 -4.8465424e+00
  1.4105172e+00
 -2.9087224e+00
  3.4702344e+00
 -2.2065792e+00
 -1.9713895e-01
 -4.4093966e-01
  1.4078220e+00
  1.5069796e-01
 -1.2237079e+00
 -2.1159185e-01
  6.6922536e+00
 -2.3277669e+00
  8.9696676e-01
  2.4061053e+00
 -1.0278903e+00
 -1.9967157e+00
  1.1356581e+00
 -2.4808273e-01
 -3.3385577e+00
 -2.7601974e+00
 -3.0006497e+00
  9.1409796e-01
 -2.8468742e+00
 -8.5885406e-01
 -1.4570281e-02
  8.0694199e-02
  9.3466204e-01
 -8.8724375e-01
 -4.9724394e-01
 -1.0123457e+00
  3.4534705e+00
  2.7926458e-02
 -3.5060515e+00
  2.0821424e-02
  1.8378139e-01
 -1.0074232e+00
 -1.3733177e+00
  9.6724880e-01
 -4.5868941e-02
 -3.1392422e-02
 -8.2929677e-01
 -2.7651432e-01
  2.1469192e-01
  2.9211131e-01
 -8.8034379e-01
 -1.1341125e+00
  1.6997547e+00
 -6.5127087e-01
 -6.7697328e-01
 -5.2894974e-01
 -3.5018549e+00
  5.3619295e-01
  3.4515004e+00
 -1.4370853e+00
  7.3447365e-01
 -1.0479558e+00
  2.3312604e+00
  1.0331538e+00
 -5.1500344e-01
  9.5456876e-02
 -3.7250870e-01
  9.5729828e-01
 -5.5110508e-01
  2.5023332e-01
 -3.4448192e+00
 -2.1728137e+00
  3.5713608e+00
 -9.5261669e-01
  6.9895482e+00
 -2.9598201e-02
  1.7461202e+00
  9.9953449e-01
 -1.3067489e+00
 -5.2776208e+00
 -2.6865683e+00
  1.7434247e-01
 -3.0026364e-01
  4.4756107e+00
 -5.1124012e-01
 -5.7642221e-01
 -1.6892592e+00
  1.4761389e-02
 -5.1996303e-01
  1.5883468e-01
  1.0141370e-01
 -1.1798692e-01
 -6.8259060e-01
 -1.0343558e-02
  5.5622005e-01
  1.0238945e+00
 -1.2095786e-01
  5.2934524e-02
  3.4241393e-01
  1.1053171e+00
 -2.0722013e+00
 -1.0825447e-01
  2.2510605e+00
 -2.5624710e-01
  1.9262853e+00
  2.7665490e-01
  2.2804310e+00
 -3.3597302e+00
 -3.0402446e-01
  4.7358489e+00
  7.5445420e-01
 -1.0298407e-01
  1.1188868e+00
 -8.6936986e-01
  4.3314904e-01
 -1.8161411e+00
 -5.3167683e-01
  1.7390451e+00
 -1.9633578e-01
  1.0997878e-02
 -9.9684346e-01
 -1.0933462e+00
 -4.8264170e-01
  1.0432332e-01
  3.0636001e+00
 -3.7548509e-01
  1.5440112e-01
  2.8246880e+00
  4.4110017e+00
  1.1034694e-01
  5.0714540e-01
 -2.6862545e+00
  1.6934850e+00
 -1.4295530e-01
  2.5264108e-01
  1.0900055e+00
  1.5029387e+00
  3.2770973e-01
 -7.5424713e-01
  1.3883372e-01
 -4.9722116e-02
 -1.2388475e+00
 -8.7246668e-01
 -9.7041887e-01
  2.6607850e+00
  2.7513236e-01
  1.6165125e-01
 -1.3842728e+00
 -2.4594457e+00
  9.8557794e-01
 -1.5816940e+00
  6.5567923e-01
 -1.2117774e+00
 -3.3322707e-01
  3.7917039e-01
  4.1561389e+00
  3.0151081e-01
 -1.0830092e+00
  9.7751675e+00
 -9.1683376e-01
  1.9617773e+00
  5.0406492e-01
  9.8806813e-02
  3.9156955e-01
 -3.4053082e+00
  9.1329110e-01
 -6.4823821e-02
  3.4525177e+00
 -2.7728715e+00
  1.2926543e+00
  2.7555537e+00
 -1.2266864e+00
  1.8732686e+00
 -1.5910014e+00
 -2.8119199e+00
 -3.4275739e+00
 -2.7622752e+00
 -2.0535260e-01
  2.9432800e+00
 -7.4496114e-01
  4.3018384e+00
  1.6464406e+00
 -8.2680006e+00
  2.7520924e+00
 -5.9243221e+00
 -3.8647404e+00
 -4.7296214e+00
  5.3613073e-01
 -1.0566959e+00
  1.7654234e+00
 -1.7341357e-01
 -1.0744596e-01
 -4.2248103e-01
  2.1010853e-02
 -6.3555613e-02
  1.1876454e+00
  7.9927683e-01
  2.5194922e-02
 -1.1436235e-01
  4.6460709e-01
 -5.6857414e+00
  4.9904102e-01
 -3.3795655e-02
 -2.2203690e-01
  4.4021789e-02
  1.4669480e-02
 -6.1164580e-02
  4.4084930e+00
  1.9600686e+00
 -3.3134177e+00
 -1.7636379e+00
 -2.6491544e+00
 -4.8033175e-01
 -7.9172349e-01
 -8.1443161e-02
  5.5817753e-01
  1.9544027e+00
 -1.0987939e+00
  1.0838624e-01
 -1.1593745e+00
  2.6678109e-01
 -8.0672204e-02
 -5.2801722e-01
  8.1518668e-01
 -2.1749034e+00
 -1.6933601e+00
 -4.7544044e-01
 -4.7742194e-01
 -2.4258004e-01
 -5.5714619e-01
 -4.8812389e-01
 -9.5148665e-01
  7.4361255e-03
 -7.4223125e-01
  2.8472414e+00
  1.4247472e+00
 -1.2119069e-01
  9.3019158e-02
 -5.8458591e-01
 -6.8828426e-02
  2.1195152e+00
 -9.7048050e-01
 -1.6023129e-01
  3.7051719e-01
 -4.3081793e-01
 -2.6275704e+00
 -1.3660935e+00
 -1.5998179e-01
  8.9619428e-02
  2.0548914e-01
 -1.3591254e-01
 -1.1758871e+00
 -4.5026651e-01
 -2.7736953e-01
 -5.4228522e-02
  1.1987328e-02
 -2.2765923e+00
  3.8914282e+00
 -1.7419961e-01
 -1.1835063e+00
  1.2959628e+00
  3.5684366e+00
  3.6762686e+00
  2.0353398e+00
 -1.3070456e+00
  2.7712893e-01
 -9.5865077e-01
  7.4001187e-01
  5.7826775e-01
  4.1221496e-01
 -4.7051859e-01
  4.0280688e-01
 -2.0461242e+00
 -1.6048458e+00
  1.5652640e+00
  2.2143500e-01
 -4.2782454e+00
  3.8533145e-01
 -1.7118733e+00
 -5.8388126e-01
 -9.7208756e-01
 -3.2377240e-01
  2.5101075e-01
  1.1983861e+00
 -3.6087858e-03
 -7.4513024e-01
  7.5001800e-01
  1.0069871e+00
 -5.7708545e+00
  3.1846995e+00
 -1.5922627e+00
  1.7433771e+00
  1.8497114e-01
 -2.5385821e-01
  3.6040285e-01
 -1.7720151e+00
  1.9745906e-01
  9.0235704e-01
  4.6748626e-03
  2.4562482e-02
 -5.6175566e-01
  4.4312201e-02
 -9.6246213e-02
  7.5932540e-02
  2.3661640e-01
 -1.3249122e+00
  3.4057112e+00
 -1.7375677e+00
 -2.5786036e-01
 -2.8682406e+00
 -2.1027753e-01
  5.5088639e-01
  1.7633374e+00
 -2.0457420e-01
  3.9582078e+00
 -1.4047946e+00
 -2.2061089e-01
 -1.1859266e-01
 -2.3993969e+00
 -4.5780499e-02
  2.0779254e+00
 -2.3366473e+00
  7.2976411e-04
  9.8628592e-01
 -5.2118844e-01
 -3.9664859e-01
  1.1776474e+00
 -4.8723954e-01
 -1.5055791e-01
  9.3051076e-02
 -8.5474610e-02
  1.0693176e+00
 -1.0936152e+00
  4.9047020e-01
 -3.8966537e+00
  2.1239910e-02
 -4.0537205e-01
 -2.1134593e-01
  3.2944566e-01
  7.1038407e-01
  6.2593704e-01
  5.5273514e+00
  4.0682173e-01
 -1.9915080e-01
 -2.7102903e-01
 -1.0050754e-01
 -1.2122886e-01
  2.6571352e+00
  2.0553715e+00
 -1.1406993e-01
  3.0528814e-01
 -9.5898581e-01
  1.1783571e+00
  2.6308736e-01
  3.6681351e-01
  2.0173259e+00
  1.4798947e-01
  3.4474369e-02
 -1.5941503e-02
  3.2352332e-03
 -9.7247869e-01
  3.5012677e-01
 -1.7621812e-01
 -3.5975003e+00
 -6.0298115e-01
  9.9470478e-01
 -1.8514851e-01
  1.0361032e+00
  2.0186779e+00
  1.4326288e-01
 -1.8147893e-01
 -5.9052773e+00
  2.8126118e-01
 -1.7537841e-01
 -1.7746322e-01
 -1.9133249e-01
 -1.0977752e+00
  2.4191102e-01
  2.2849686e+00
 -4.7957331e-02
 -3.1559196e+00
 -1.0075252e-01
 -1.0240135e-01
 -2.6700139e-01
  1.7574923e+00
 -2.0563647e-01
 -2.9870257e-01
  1.5565525e+00
 -9.3742110e-02
  7.2124660e-01
  2.0337908e+00
  2.4478528e+00
 -4.8407528e-01
 -5.5178052e-01
 -6.4211763e-03
  1.0740123e+00
 -9.0633214e-01
 -2.9751980e-01
 -3.6949569e-01
  1.6057577e+00
  1.3003705e-01
  3.2462530e-02
  6.4188975e-01
 -1.8846707e+00
 -2.1551815e-01
 -7.9555446e-01
 -4.4475654e-01
 -6.7594938e-02
  1.9135781e-02
 -5.9971291e-01
 -4.5896879e-01
  5.0561845e-02
 -6.7967427e-01
  1.0516945e-01
 -1.3635126e+00
  1.2033730e-01
 -2.2847078e+00
 -4.8376873e-01
  3.4351376e-01
 -8.8683552e-01
 -1.5338998e+00
 -4.3546455e-03
 -4.4132572e-01
 -6.9841795e+00
  1.2264450e+00
  6.1134213e-01
  2.3950966e-01
  1.4649288e-01
 -1.0741544e+00
 -6.8613732e-01
 -1.5414963e+00
 -3.7560442e-01
 -5.9680855e-01
 -4.5467216e-01
  2.9826105e-01
  1.9408573e-01
 -8.9510745e-01
 -1.4176437e-01
  3.7616545e-01
  1.1330891e-01
  5.3053021e-01
 -1.0953751e+00
 -8.4992939e-01
 -2.0886160e-01
 -4.0686256e-01
 -9.6389577e-03
 -5.2276558e-01
  5.9663098e-02
 -9.4794765e-02
  2.2287118e+00
 -1.7758882e+00
 -1.8644302e-01
  5.9022540e-01
  1.6761777e-01
 -7.2344229e-02
 -1.0452529e+00
 -2.9303735e-01
  8.0631822e-01
  9.0511404e-03
 -1.7201734e+00
  1.3062625e-01
 -1.9098930e-01
 -5.0150126e-01
  3.0482733e+00
  3.7240374e-01
  6.7765695e-01
  3.7339231e-01
  2.1934524e+00
 -3.0498156e-01
 -2.0020694e-01
  1.0729928e+00
  3.3213343e-02
  5.5802274e+00
  1.5200946e-02
 -6.8783224e-01
 -8.1217796e-02
 -1.6730052e-01
 -1.6532245e+00
  1.1678193e+00
 -9.0198979e-02
  1.9537188e-02
 -7.4401870e-02
 -5.0364466e+00
  8.6196464e-01
 -3.3596213e+00
  5.8015174e-01
 -7.5832501e-02
 -2.1656387e+00
 -8.4400475e-01
  1.0393058e-01
 -5.6920779e-01
  1.6800347e-01
  2.0259383e+00
  3.3323079e-01
 -9.3376465e-02
 -1.1294537e-01
  2.2050717e-01
  1.3165004e+00
 -8.8065994e-01
  1.5747416e-01
  1.8821253e-02
  2.5462456e+00
 -2.3008919e-01
  2.9111996e-01
  2.0303831e-02
  9.3245131e-01
  1.4427958e-01
  1.3952250e+00
  1.7043878e-01
  9.7249246e-01
  7.6484010e-02
 -7.0790005e-01
  1.4811954e+00
  2.5952542e+00
 -1.3599964e+00
  3.0816617e+00
 -1.1555029e-01
  3.5915345e-01
 -1.9093949e+00
  6.7981893e-01
 -1.1561400e-01
 -6.0915339e-01
 -5.2012795e-01
 -2.0922653e-01
 -8.9791435e-01
 -1.6712148e-01
 -3.1086528e-01
 -1.4779338e-01
  8.9755690e-01
  3.2441400e-02
  2.4341794e-02
 -1.8505949e-01
 -1.1019163e+00
 -4.6870437e-01
 -1.5023823e+00
  1.3475446e-01
  2.3560588e+00
 -1.0435958e+00
 -2.1835907e+00
 -1.7742380e+00
  1.9242819e-01
  1.8002442e+00
 -2.4498920e+00
  2.6343706e+00
  7.1632355e-03
  1.0128595e-01
  1.5286373e+00
  2.6111293e+00
  8.7477553e-01
  1.0498385e-01
  2.2898586e-01
 -5.5207175e-01
  5.0799854e-02
 -1.9163623e-01
 -1.4253180e+00
  5.4583091e-01
 -2.8988433e+00
 -5.6519553e-02
  5.0057006e-01
 -3.1431529e-03
  5.5124685e-02
 -2.0843655e-01
 -4.5621336e-02
  1.7719840e-01
 -4.0438411e-01
  1.1279685e+00
  5.1995903e-01
 -5.6928909e-01
  1.7471887e-02
 -2.6617327e+00
  1.5127918e-01
  2.1540682e+00
  4.2877862e-01
  7.0116675e-01
  5.9160884e-02
 -1.2342352e+00
  2.0562119e+00
  7.9401994e-01
  1.7878692e+00
 -6.2698448e-01
  7.5850677e-01
  1.5535197e+00
 -7.5433314e-01
 -9.0772527e-01
 -3.7835631e-01
  1.5664192e+00
 -6.6296227e-02
 -1.9676889e+00
  3.5075313e-01
 -6.7248648e-01
 -1.1815183e+00
  8.5830785e-02
 -2.6912394e-01
 -5.8531731e-01
 -3.0575013e-01
 -6.4498466e-01
  1.3202819e-01
 -4.0965933e-01
  3.7776875e-01
  2.8244589e-02
  3.2792060e+00
 -2.4114174e-01
  2.6926044e-01
 -7.9564773e-02
 -6.1856520e-01
  2.3522470e+00
 -2.5712407e-01
  3.0966230e-02
 -5.7659793e-01
 -7.1695246e-02
  3.6205578e-01
 -2.3271297e-01
 -1.9709542e+00
 -3.6307375e+00
  2.5662844e+00
 -2.4674993e+00
 -3.4419012e-01
 -5.4956955e-01
 -2.3172331e+00
 -1.5487674e+00
 -3.8389561e-01
  2.3962098e-01
  2.8346232e-01
 -1.4732283e+00
 -1.6262475e-01
  7.6046130e-03
 -1.2025461e-01
  1.0379916e+00
 -4.2448115e+00
  9.5269126e-01
  8.8256693e-01
 -4.6957615e-01
 -2.3161700e+00
  5.7789767e-01
 -5.4421490e-01
  1.4756474e-01
  1.0325848e+00
 -7.9417598e-01
 -2.0270324e+00
 -1.3513826e+00
 -1.8753750e+00
  2.6042810e-01
  3.2142630e+00
 -7.5140250e-01
  2.1315373e-01
 -1.8777363e+00
 -5.6254234e+00
  2.4797294e+00
 -1.7862804e+00
 -4.2065096e-01
  1.2823522e-02
  9.9720163e-03
 -1.1799090e+00
 -2.1367425e-01
  4.6121347e-01
  8.3659209e-02
  1.4446935e-01
 -6.2782793e+00
  3.6388299e-01
 -3.0526873e-01
 -9.7843581e-01
 -6.2238105e-02
 -5.7420659e-01
 -4.4972652e-01
 -4.0332064e-01
 -7.7451152e-01
 -2.1165224e-02
 -8.4853196e-01
  1.7222313e+00
  9.0126199e-01
  6.9024891e-02
 -5.1284563e-02
 -2.9573610e-01
 -6.4570242e-01
 -7.5078183e-01
 -9.0944193e-02
  1.5513661e+00
 -1.7097681e+00
 -3.0792018e-02
 -3.1099552e-01
 -6.2171286e-01
 -8.4384358e-01
  9.5050067e-02
 -1.8167480e+00
 -4.6757565e+00
  4.8906079e-01
  1.4822507e-02
  6.4868355e-01
  3.3156600e-02
 -4.7209591e-02
  2.5676242e-01
 -2.9292494e-01
 -1.0292324e-01
  8.6802697e-01
 -2.7843586e-01
  3.4472886e-03
 -7.0134068e-01
  4.4781333e-01
 -3.5448584e-01
  5.0220042e-01
  1.9329696e+00
 -1.5512806e-01
 -7.5527090e-01
 -2.5452551e-01
  2.0437361e-01
 -4.5396429e-01
  3.5868125e+00
  2.5914009e-03
 -5.8579111e-01
  1.0887178e+00
 -9.1384463e-02
 -1.9425575e+00
 -1.8188022e+00
 -1.2882143e+00
  1.0182681e-02
  2.2141845e+00
 -1.7489953e+00
 -1.9765176e-01
  3.4700644e+00
  1.1741893e+00
  7.2023489e-02
  1.0623938e+00
 -2.8187137e+00
 -1.8094939e-01
 -5.0913399e-01
 -3.7361342e-01
  5.2752000e-01
 -7.1449351e-01
 -1.4423819e-01
 -3.3645757e-02
  1.2882558e+00
  7.5178635e-01
  3.3213365e-01
  2.9745761e-02
  8.6022884e-01
  5.1108208e+00
 -3.5672921e-01
  1.7007264e-01
 -1.3728820e-01
 -2.9643493e+00
  8.2523543e-01
  2.2116709e-01
  2.3223855e+00
  2.3559158e+00
  4.0680022e+00
  1.0600970e-01
 -7.5905985e-01
  7.2288418e-01
 -2.3196113e+00
  9.8673147e-01
  4.5109682e+00
 -5.1330745e-01
 -7.0370179e-01
 -4.3211913e-01
  2.7064797e-01
 -8.2280439e-01
  6.7706835e-01
  1.4752506e+00
  2.0482132e-02
 -1.4500718e-01
  7.4683303e-01
 -2.5065618e+00
 -5.1593790e-03
 -9.6580553e-01
 -2.5914872e-01
  2.0093195e+00
 -2.3703430e+00
  2.5139396e+00
  2.8350291e-01
 -1.3702315e+00
 -1.7277188e+00
  6.0399336e-01
  2.2616897e+00
  1.2049543e+00
 -4.3900618e-01
  4.2474553e-02
 -1.0739399e+00
 -2.1464720e-01
 -6.8835013e-02
  1.7114533e-01
  8.5210252e-01
 -3.7840506e-01
 -3.4248462e-01
  2.5611863e-01
  1.4446907e-01
 -1.9673507e+00
 -3.0407411e-01
 -1.4548500e+00
 -6.2725955e-01
 -3.4599429e-01
 -9.7393388e-01
 -2.7531259e+00
  1.3394319e-01
 -1.4892951e+00
  6.0335789e+00
 -1.7637935e+00
  8.4433699e-01
 -5.5911571e-01
 -5.3072703e-01
 -3.2513675e-01
 -4.9884027e-01
  5.3787212e+00
  1.1750978e+00
  3.0123448e-01
 -9.7389400e-01
  4.0710744e-01
 -1.1562225e+00
  6.8123132e-02
 -1.2438469e-01
 -1.9129193e+00
  4.8623424e-02
 -2.9084975e-01
 -7.9540139e-01
 -3.6357055e+00
  1.2324131e-01
 -5.5677999e-02
  2.5932662e-02
  3.0484170e-01
 -2.3076554e-01
 -1.0351346e+00
  1.1468477e-01
 -3.9128378e-01
  5.0283974e-01
 -3.0222133e-01
  1.6161074e-01
 -1.4789286e-01
  3.7222153e-01
  7.2000927e-01
  1.2668443e+00
 -5.9068065e-02
  6.6413844e-01
  1.4369271e+00
 -1.8888475e+00
 -6.3180178e-01
 -3.7155597e+00
 -1.1739234e-03
 -9.7161746e-01
 -6.2416594e-02
  8.4688412e-03
 -2.5634282e+00
  2.1607785e+00
 -3.1292015e-01
 -1.2836498e+00
  8.4266268e-02
  2.0768669e-02
 -3.5051799e-01
 -1.4042939e-01
  2.6766437e-01
 -7.7448480e-02
  3.1043193e-01
  6.0358363e-01
  1.3061522e+00
  6.3469660e-01
 -6.7930222e-02
  1.3909958e-01
  3.8268752e+00
 -1.3220884e-01
 -2.2442224e+00
 -1.4736655e-01
  1.1340792e-01
  2.2101290e+00
 -1.7069376e-01
 -2.1272192e-02
  3.8146958e-01
 -4.9444295e-02
  3.9681342e+00
  1.6294477e+00
  1.3014991e+00
  9.0643597e-01
  7.9906777e-02
  1.8037312e-01
  1.3520794e-04
 -1.5566739e+00
 -3.7855262e-01
  1.9030523e-01
  2.7479345e-01
  7.1856794e+00
  4.1513661e-01
 -6.9202236e-03
 -1.1836057e+00
 -1.3266519e-01
 -5.6259948e-01
 -9.2459142e-01
 -1.6594373e-01
 -2.5937635e-01
 -1.3539660e-01
  2.3164909e+00
 -3.2107219e-02
 -2.2278183e+00
 -2.2616768e+00
 -9.2976704e-02
 -3.7303258e-02
 -5.6455934e-01
 -8.8147325e-03
  2.2885890e-03
  2.9123859e+00
  1.9186860e-01
  8.6814553e-01
  8.3229464e-01
  5.7602480e-02
 -2.4326104e-01
  3.0582547e+00
  4.6688989e-01
 -6.1253595e-01
  1.2503238e-01
 -6.1269248e-01
  3.5412651e-01
  4.0510833e-02
 -8.3454764e-01
  6.1411586e-02
  2.9729884e-02
 -8.4258758e-02
  3.5397243e-01
  2.4724555e+00
 -2.8294250e-01
  2.7582495e+00
  5.5614680e-01
  1.6659626e+00
  1.4228497e-01
  8.3886749e-01
  8.9750248e-01
 -8.3118476e-02
 -3.4119532e-01
 -4.0430903e+00
  1.0521537e+00
  5.7479471e-01
  1.4017215e+00
  1.5566505e-01
  6.5776139e-01
 -6.4894810e-02
  1.3575121e+00
  5.7984424e-01
 -6.5459409e+00
 -2.0333217e-01
  9.1113782e-01
 -1.7733620e+00
 -2.1198890e-01
  8.7160587e-01
  2.4929729e-01
  5.0586349e-01
  2.1585238e-01
 -1.7600467e-02
 -1.4442399e+00
  4.1707727e-01
  3.0924215e+00
 -4.9357831e-01
  2.2430408e-01
 -1.1149196e-01
  1.0062631e+00
  3.3538026e-01
  6.5853548e-01
  1.4122382e+00
  3.4153214e-01
 -1.2189721e+00
  2.5584743e+00
  5.1164486e-02
 -4.4763442e-02
 -2.1713679e-01
 -9.8729581e-01
 -7.8451943e-01
 -1.3687997e-01
 -7.5431031e-01
  6.0131099e-02
  1.5628369e+00
  2.2738149e+00
  5.8215624e-01
 -6.2915146e-01
 -4.2687407e-01
 -1.9607945e-01
  3.9878500e-01
  2.2858922e+00
 -5.7138067e-01
 -3.5824260e-01
 -3.3573115e-01
 -2.6128349e+00
  9.0981632e-01
  1.1545968e+00
 -1.8529078e-01
  5.5214316e-01
 -3.3319587e-01
 -2.6087025e-01
 -1.3537090e+00
 -5.1971797e-02
  7.5802094e-01
 -9.6307546e-01
  5.4003733e-01
  3.0564159e-01
  1.9624768e+00
  1.8102953e-01
  2.1315791e-01
 -2.6927254e-01
 -1.1561280e+00
  2.5940898e-01
  4.0719679e-01
 -5.6378710e-01
 -9.2062138e-02
 -5.3920254e-02
  1.1404683e-02
  6.7554161e-02
  5.6885000e-02
  1.2048440e-01
  5.3634781e-01
 -1.2144699e-01
  5.6159969e-02
  2.0339507e-01
  2.3468499e-01
 -2.2249481e-01
 -4.3648991e-01
  1.2257065e+00
  5.6014484e-01
  6.8028867e-01
  2.6103332e+00
  1.3017210e+00
  2.8278396e-01
 -8.9848191e-01
  3.5582080e-01
  5.3091908e-01
  2.5223448e+00
 -2.6843613e-02
  1.3296066e-01
 -2.7491381e+00
  8.6155486e-01
  1.5369184e+00
  4.6593075e+00
  1.2969108e+00
 -9.5598906e-02
 -1.0129831e-01
  3.2445045e+00
 -4.8932126e-01
  7.8524488e-01
 -1.0544297e-01
  5.7126393e+00
  9.0670091e-01
  5.8740646e-01
 -1.3500945e-02
  1.0239645e+00
  2.5865659e-02
 -1.3305733e-01
 -7.1101397e-01
 -2.2996781e+00
  9.7930139e-01
  1.9747616e+00
  6.4734721e-01
  2.3710577e+00
 -5.3034413e-01
  1.3501471e+00
  8.5309200e-02
  3.5887569e-01
 -2.9254178e-02
 -2.2341051e+00
  2.7121933e+00
 -2.2198911e+00
 -1.2316755e+00
 -5.2539694e-01
 -2.5615191e-01
  3.4723431e-01
 -3.9243379e+00
 -2.4516743e-01
 -1.3895116e+00
  6.0471505e-01
  7.0169526e-01
  2.9184831e-02
 -2.3802326e+00
  3.7644005e-01
 -3.8750353e-01
 -1.1795458e+00
  2.6533163e+00
 -3.8763255e-02
  6.9344944e-01
 -5.2974856e-01
 -2.0491676e-02
  3.2970483e+00
  1.9695075e+00
 -6.0523224e-01
  2.3045065e+00
 -3.1849680e+00
 -5.3041372e+00
  5.5232388e-01
 -2.7432253e+00
  1.1483382e+00
  8.5552197e+00
  3.4821650e-01
  2.5104299e-01
  1.1383157e+00
 -5.8539254e-03
 -1.2487473e+00
 -2.5876374e+00
 -1.1268801e-01
  1.9943244e+00
 -1.0139802e+00
  1.1567142e+00
 -2.8508663e-01
 -9.1064107e-01
 -8.3904409e-01
  1.6462542e-01
 -2.8673628e-01
  3.0482259e-01
 -2.2104631e-01
  1.3615097e+00
 -3.6599989e+00
  7.9098110e+00
  3.8159559e+00
  4.4512472e-01
 -3.5778799e+00
 -8.8592118e-01
  5.6311327e-01
  4.4868892e-01
  1.3341419e+00
 -9.3148366e-02
 -7.5255163e-02
  3.0432532e+00
 -2.3227505e-01
 -1.2073942e-01
  4.5438204e+00
  3.5462958e-01
 -2.7097197e+00
  6.8408561e-01
  2.9393353e+00
  2.8200653e-01
  5.3784299e-01
  8.5116751e-02
 -5.9983283e-01
  1.3830692e+00
  7.7795051e-02
 -9.7025466e-01
  4.9391505e-01
 -2.2969377e+00
  1.9108565e-01
  5.1420717e+00
  4.0122977e-01
 -3.4823000e+00
 -8.1533074e-01
 -2.1526175e+00
 -2.9101628e-01
 -2.4656354e-01
  2.9191875e-01
 -6.2347728e-01
  3.7564209e-01
  2.7670833e-01
 -1.5784979e-01
 -2.3157530e+00
 -1.6372478e-01
  2.0154683e-01
 -7.5898892e-01
 -6.0689473e-01
 -1.2870997e+00
 -2.7837014e-01
  1.4168897e-01
 -2.7675554e-01
  6.7321463e+00
 -6.2553293e-01
 -9.1449404e-01
 -3.3144720e-02
 -1.5264268e-01
 -4.4247898e-01
 -1.7104508e+00
  4.3164107e-01
  1.6748220e+00
 -6.0375202e-02
  2.9264295e-01
 -7.8850639e-01
 -4.4743505e-01
 -3.1140110e-01
 -8.8643903e-01
  2.2658306e-01
 -6.2662512e-01
  5.2653742e+00
  8.1045873e-02
  6.2198658e-02
 -3.5695463e-02
  9.3217009e-01
 -6.7983729e-01
  2.7661495e-02
  4.1988239e+00
  2.4882285e-01
 -7.1942987e+00
  2.4466424e+00
 -7.6508002e+00
 -1.2579621e+00
 -1.4891262e+00
  2.5791283e+00
  6.2898606e-01
 -3.4505840e-02
  2.1853137e-01
  9.1902053e-01
 -1.3858730e-01
  3.6795327e-01
  3.7511721e+00
 -3.4641537e-01
  2.3996346e+00
 -1.9982763e-01
 -6.4829999e-01
 -7.7849787e-01
  1.3152440e+00
 -2.0112481e+00
  3.3120186e+00
  1.1765945e+00
 -4.9050564e-01
 -8.2344674e-02
  1.7318794e+00
 -6.9823968e-01
  1.9345126e+00
 -2.0261724e+00
  1.8832301e+00
  1.4661027e-01
 -2.6393511e+00
 -1.9381680e+00
 -8.3672637e-01
  2.4251745e+00
 -5.1292386e+00
 -2.9348142e+00
  6.6140413e+00
 -5.6492054e-01
 -4.6897843e-02
  5.5236286e-01
 -1.4581573e-01
 -6.1810017e-02
  3.3586025e+00
 -2.1744014e-01
  2.1431935e+00
 -2.5531965e-01
 -4.2486593e-02
  1.9955218e-01
 -2.2894727e-01
 -1.0309041e+00
  8.1003422e-01
  1.5199838e+00
 -3.8396764e+00
 -3.2265277e+00
 -4.4311997e-01
  2.3530261e-01
 -1.4272879e+00
  6.3791126e-01
  6.0327792e-01
  3.2645527e-01
  5.9953365e-02
  2.2852497e-01
 -5.8627892e-01
  1.4542869e+00
 -5.8854222e-01
 -1.9969843e-01
  2.9052022e-01
 -2.4300632e-01
  3.9695080e-02
 -4.7984269e-01
  1.5009580e+00
  2.3953030e-01
 -5.4551233e-02
 -7.1209168e-01
 -2.3699293e+00
  5.2725470e-01
 -1.1792685e+00
 -7.3677170e-01
 -2.4853277e-01
 -4.1522542e-01
 -8.0434666e+00
 -8.7930721e-01
  7.7660036e-01
  1.1722664e+00
  3.9520437e-01
 -2.6507387e+00
 -2.3648920e+00
  3.0544252e+00
  3.8247451e-01
  3.0422602e-02
  3.0427369e-01
 -7.8028542e-01
 -4.9722638e+00
  1.2314678e+00
  2.9776940e-01
  5.7809526e-01
 -1.8232928e-01
  2.3293242e+00
 -1.7782278e-01
  2.6943352e-02
  1.1517860e+00
  2.2297649e+00
 -9.5300782e-01
  4.4208179e+00
  1.2849027e+00
  7.9280577e+00
  3.9277322e+00
  3.8071582e-01
  7.4524456e-01
 -3.2311589e-01
  1.2599307e-01
  1.5206540e+00
 -8.9576282e-02
 -8.3279036e-02
  1.0189590e+00
  6.7721760e-01
 -5.4864941e+00
  1.1180630e+00
 -1.1494460e+00
  2.6295090e-01
 -6.6079944e-01
 -1.0343615e+00
 -8.9427477e-01
  5.8329153e-01
  4.8140211e+00
 -2.5024408e-01
 -2.1997235e+00
 -6.9728500e-01
 -3.8545462e-01
  2.8195446e+00
 -3.5564539e+00
  5.3397503e-02
 -1.9910975e+00
  9.2473775e-01
 -1.1069088e+00
 -2.9526811e+00
 -1.2284684e+00
 -1.2426130e+00
 -6.8786353e-01
 -1.3280885e-01
 -1.1038841e+00
 -3.6077234e-01
 -6.5757675e+00
  1.7448409e+00
  2.1569510e-01
 -7.7658966e-02
  2.1747227e+00
 -1.9084015e-01
  4.6154842e+00
  1.5857059e-01
 -2.3889235e-01
  1.9447610e+00
  1.8106055e+00
 -2.3057368e+00
 -2.7951908e+00
  4.4671157e-01
  7.6865360e-02
 -2.2031429e-01
  3.3587780e+00
 -2.4295601e-01
  3.0069125e-01
  3.4834311e+00
  1.1889960e-01
  9.4652474e-01
  3.0917662e-01
 -1.3583764e-02
  2.7771618e+00
  2.2276845e+00
 -2.2171834e-01
  1.3090825e+00
  2.8440764e+00
  1.5019904e+00
 -2.3295414e+00
  1.2502352e+00
 -4.2076588e-01
  8.6149633e-02
 -6.4905286e-02
  6.0269051e+00
  1.4838157e+00
 -4.1346278e+00
  8.3784884e-01
 -3.4889574e+00
 -2.0676935e+00
  2.3876315e-01
  6.8968868e-01
 -2.9154420e+00
 -4.7750574e-01
  9.2340845e-01
  1.8554229e-01
 -3.6861777e-01
 -9.1615266e-01
  2.1274811e-01
  5.4773027e-01
  1.9596961e-01
  8.9065865e-02
  1.6939521e+00
 -2.4145195e-01
 -6.4886892e-01
  2.8724489e-01
  3.6852813e+00
  3.2149604e-01
 -6.8413578e-02
  1.6978563e-01
 -2.7394466e+00
 -1.2377844e+00
 -1.7542874e+00
  3.5264820e-02
  2.0391957e-01
  1.8297808e+00
 -2.1190984e+00
 -2.2885187e+00
 -4.2763600e-01
  3.9857516e-01
  8.9687675e-02
  7.5058229e-02
 -3.1550258e-01
 -6.4306408e-01
  2.9206878e-01
  1.5443659e-01
  2.0391853e+00
 -8.6171895e-02
  5.3437591e-01
 -4.4773173e-01
  1.4778072e-01
 -3.9046806e-01
  5.6447882e-02
 -2.1833260e+00
  1.6420572e+00
  5.1487703e+00
 -4.2154059e-01
  2.0225711e+00
  1.6625198e-02
 -1.5288213e+00
  6.8724945e-02
  2.4030569e+00
  1.9116699e+00
  4.5151472e-01
 -2.1369241e-02
 -1.3751001e+00
 -1.0886359e+00
 -6.4405841e-01
 -2.6742733e-01
  1.7810078e-01
  2.3607935e-01
 -3.0242807e-01
  2.4761179e-01
  1.9713770e-01
  6.7175615e-01
  3.6214444e-01
  2.2854960e-01
  3.2577436e-02
 -8.6894226e-01
 -1.6177132e+00
  3.6942153e+00
  5.0993299e+00
 -1.4058962e+00
 -1.3341736e+00
  1.5174123e+00
  3.8988945e-01
  7.7300042e-01
  1.6199453e-01
  1.3972466e+00
 -1.2337794e+00
  2.2326413e-01
 -1.6694207e+00
 -1.7574786e-01
  1.6378684e-01
 -3.5289745e-03
  6.2240034e-01
  1.0046094e-02
 -5.5704141e+00
  2.4876127e+00
  2.8334817e-01
  6.0970125e+00
 -1.1854482e-01
  3.5779589e-01
 -1.1786641e+00
  1.4239646e+00
  1.2209161e-01
 -5.8785129e-01
  5.4519552e-01
 -7.6440543e-02
  1.4082141e+00
  2.4207681e-02
 -1.9592677e-01
 -1.9685727e-01
 -8.0529243e-01
 -2.7293919e-02
 -1.9182200e+00
  6.5262610e-01
  1.2528530e-01
 -3.7271428e-01
 -8.4239727e-01
  3.6001977e-01
  2.4839622e-01
 -3.0047408e-01
 -7.7056122e-01
 -4.8908141e-01
 -1.2036844e-01
 -2.1135065e-01
  1.8614191e+00
  2.2303343e-01
  2.1639173e+00
 -3.6213467e-01
  5.2921414e-01
  9.7422570e-02
  1.4030287e+00
 -1.8127546e+00
  5.1976210e-01
 -3.4254298e+00
  1.7492703e+00
 -1.3371400e+00
 -1.1661785e+00
  3.5249853e-01
  3.5838807e+00
  7.1522009e-01
  9.0402536e-02
  2.4423775e-01
 -7.7642077e-03
 -9.1988826e-04
 -2.1605721e-01
  7.2677940e-01
  4.5321950e-01
  2.3879057e-01
 -1.3750643e+00
  8.6980295e-01
  1.9532719e+00
  5.3582230e+00
 -1.9739631e+00
 -1.2212857e+00
 -1.2781296e+00
  9.9954844e-01
  8.4882098e-01
  1.2957191e-01
 -6.4243937e-01
  6.1401224e-01
  4.7714815e-01
  2.7783401e+00
  1.3701776e+00
  3.0393558e+00
  1.5953881e+00
  3.7766233e-01
 -5.7596302e-01
  4.8018664e-01
  5.7145739e-01
  2.5542384e-01
  5.0446802e-01
 -3.6133554e+00
  5.7528030e-02
  1.9746430e-01
  7.1831502e-02
  2.4979368e-01
 -3.9214560e-01
 -2.5062537e+00
 -4.1756928e-01
  1.3828082e+00
 -5.7874203e-01
  1.8807142e+00
 -3.4042743e-01
  1.0765805e+00
 -1.1886401e-01
  9.0080237e-01
 -4.1231155e-01
  1.4135897e+00
  1.0581265e-01
 -4.9269967e+00
  2.2219090e+00
  1.8766533e+00
 -3.7295067e+00
  3.1890083e-02
 -8.8558994e-02
 -1.1253127e-01
  4.0905014e-01
 -1.2707313e+00
  1.3076206e+00
  5.9619749e-01
 -4.4331841e+00
  5.0422121e-02
  3.3888736e-01
 -6.3416213e-01
 -3.4824965e+00
  7.7623755e-01
  1.8432589e+00
 -5.0755799e-01
 -8.3435386e-01
  1.9471016e+00
 -4.3289717e-02
 -1.0134135e+00
  6.9407678e-01
  2.7252212e+00
  6.2660831e-01
  1.8558097e-01
  1.2014984e-01
  5.6887758e-01
  9.3075538e-01
 -3.9011955e-01
 -1.4889278e-01
  4.1889064e-02
  4.7875535e-02
  4.4541268e+00
  6.2966877e-01
 -2.9159615e+00
 -2.3156212e-01
  4.3374521e-01
  3.4068504e-01
  7.4571574e-01
  1.7630364e+00
  3.5911441e+00
 -7.7029238e+00
  5.6201249e-01
 -5.7003942e+00
  8.4722060e-01
  3.0326620e-01
 -1.5976281e+00
 -2.2572087e-02
 -4.6545047e-02
 -1.4134717e-01
 -4.2465499e-01
 -1.8713813e-01
 -1.4753782e+00
  9.0450209e-01
  6.0498828e-01
  2.1735241e+00
  2.1515024e+00
 -4.2443606e-01
  1.3099864e+00
  2.1613362e-01
 -5.3350931e-01
 -7.6842844e-02
  2.5989592e-02
  9.5256239e-01
  2.8106239e+00
  2.4562175e+00
 -7.4181122e-01
 -4.4222515e-02
  2.1834299e-01
 -1.1237966e+00
 -9.6997255e-01
 -1.5851450e-01
  2.6320979e-01
  2.4182060e-01
 -6.2614995e-01
 -6.4066690e-01
  1.2472055e-01
 -1.1951801e-01
 -2.9063840e+00
  1.0982249e+00
  9.4818419e-01
  1.0915654e+00
 -1.1445904e+00
  6.4555621e-01
  2.2949855e+00
  2.8384755e+00
 -2.9009850e+00
  6.4584053e-01
  1.1621233e+00
  3.6262631e-01
  1.3800812e+00
 -2.5960913e-01
 -5.5519209e+00
 -4.0662143e-01
  4.6885851e-01
  8.4605879e-01
 -1.2739426e-01
 -2.0067487e+00
 -7.5661349e-01
 -1.2108071e-01
  1.5266503e-01
 -4.0579423e-01
 -8.1819588e-01
 -3.3796403e+00
 -5.4953523e-02
  8.3176482e-01
  1.3768654e+00
 -3.9669052e-01
 -5.8543724e-01
 -3.2451278e-01
 -1.2593977e+00
 -1.0955983e-01
 -1.8890832e-02
 -5.3326452e-01
  5.7397708e-02
  1.1087643e+00
  1.7732944e-01
 -3.1071329e+00
 -2.1938471e-01
 -7.5499631e-02
  8.0617368e-01
  4.4514275e-01
 -1.6602817e-01
  4.2806768e-01
 -2.7627349e-01
  6.8519473e-01
 -4.3133597e+00
 -7.1573269e-01
  2.7889973e-01
  5.8686703e-01
 -4.6032372e-01
 -6.4288944e-02
 -8.4611547e-01
 -5.7623894e-03
 -2.6003169e-02
 -8.9163035e-01
 -5.0517994e-01
 -1.1578035e-01
  2.0372559e-01
  1.0719587e-01
  2.1700261e+00
  1.0832739e-02
 -1.5828369e-02
  4.8646700e-01
 -1.8685130e+00
 -3.5577347e+00
 -2.3355900e-01
 -2.6264155e-01
  3.6484465e-01
  1.3913041e-01
 -2.4512799e-01
 -6.3981801e-01
  6.7659146e-01
  1.6390187e-01
 -1.9525872e-01
  2.1097390e-01
 -1.7720513e-01
 -4.4884685e-02
 -2.4389666e-02
 -2.9456064e-02
  1.3248525e+00
 -7.8389756e-02
 -3.3830646e-01
  3.8895967e+00
 -6.2706286e-01
  3.1090803e+00
 -1.2387346e+00
  4.9585681e+00
  3.7481475e-01
 -1.9252043e+00
 -1.3613786e-01
 -9.2276886e-02
 -7.9632187e-01
  2.4319570e-01
 -1.4647477e-02
 -2.5015409e+00
  1.3010623e+00
  1.6282315e+00
 -1.3185099e-01
 -2.0654517e-01
 -6.3894564e-01
  2.6263833e-01
  4.9437758e-01
  4.8069441e-01
  1.3865039e+00
  6.4780347e-02
  3.0808034e+00
 -3.2410043e-01
 -4.6553341e-01
  8.7672895e-01
  4.2659646e-01
  2.5099103e+00
 -2.4314537e+00
 -6.4814121e-01
 -1.5351047e-01
 -8.9888014e-02
 -1.2005711e+00
  2.8465810e+00
 -2.4763701e+00
  1.3032448e+00
 -4.1841626e+00
  1.0761429e+00
  7.9287237e-01
 -8.9781278e-01
  3.4949803e-01
  1.0406787e+00
  9.1574389e-01
  1.9893725e+00
  6.3468540e-01
 -1.7356451e-01
  1.3812087e+00
  1.8804197e+00
 -2.1734452e+00
 -2.8479414e+00
  1.5418632e+00
 -1.1494406e-01
 -1.3554937e+00
 -4.4370684e-01
  6.3461816e-01
 -3.4377941e-01
 -5.0963297e+00
 -1.1678903e-01
 -1.3456446e-01
  1.1492912e+00
 -5.2002794e-01
 -4.6379464e-03
  1.6510606e+00
  2.6765265e+00
 -1.1864635e+00
 -6.3715808e-02
  4.5180357e-01
  2.4685159e+00
  1.8845890e-01
 -1.2586039e-02
  9.7294486e-01
  3.2703304e-01
  6.3567817e-01
 -1.1457412e-01
 -1.0876371e+00
  1.4129994e-02
 -2.5254734e+00
  3.2201509e+00
  2.9214311e+00
  2.3093896e+00
 -2.7785916e+00
 -1.6733164e+00
  3.0868188e-01
 -2.5017309e-01
  1.7080649e+00
  5.2466017e-01
  1.4115871e+00
 -1.1295817e+00
  3.8721171e-01
 -5.0411403e-01
  2.3718568e-02
 -6.7555070e-01
 -1.6630423e+00
 -7.3660320e-01
  4.9594679e-01
  7.2804203e+00
  9.9854253e-02
 -1.3226523e+00
 -3.3326691e-01
 -3.8656347e+00
  1.4815645e+00
  9.3936723e-01
 -1.2974684e+00
 -2.1471104e-01
 -3.2170343e-01
  1.5141836e-01
  1.3798957e+00
 -4.6816540e+00
 -4.5527846e-01
  2.4255961e-01
  8.0545086e-01
 -1.0405889e+00
  8.7992662e-01
 -6.4814329e-02
  4.0235724e+00
  2.4102540e+00
  5.5923605e-01
  4.1519135e-01
  1.3957951e+00
 -3.3899561e-02
 -1.2342443e-01
  6.0548544e-02
  1.8745212e-01
 -4.6986527e+00
  3.7815061e-01
  1.2402857e-01
  9.5367718e-01
  5.3314507e-02
  1.9523523e+00
  2.7675164e-01
  3.9747262e-01
  3.8976496e-01
 -1.5218637e+00
 -2.3515201e+00
 -2.7169206e+00
 -1.6475083e-01
  1.7108375e+00
  2.0774646e+00
  4.4874346e-01
  3.8503698e-01
  1.6350052e-01
  4.6756604e-01
  2.8183358e+00
  6.1728355e-02
 -2.3595629e+00
  2.7850466e+00
 -1.5201606e-01
  4.1278648e-01
  9.4426519e-01
 -1.4623860e+00
  2.2215903e+00
  1.7350583e+00
  2.2115719e+00
  3.6940382e+00
  5.0306950e+00
  1.5745227e-01
 -4.4632506e+00
  1.2274389e+00
  5.5783021e-01
  9.8388886e-01
 -1.5075915e+00
  2.5554173e+00
  1.6173140e+00
  2.3631475e+00
 -1.4194201e+00
  1.2904056e+00
  3.9081061e+00
  9.8100595e-02
  1.8814565e+00
  4.8073331e-01
  5.8592308e-01
  9.3700606e-01
 -9.2597681e-01
 -2.1069055e+00
 -5.4019713e-01
 -9.2560869e-01
 -4.6899188e-02
  5.9045953e-01
 -1.5401585e-01
  8.9176789e-02
 -9.7833700e-02
  1.3508621e+00
  9.5558655e-01
  4.9151418e-01
 -2.9418322e-01
  1.0212036e+00
  1.4077511e-01
  1.4200243e+00
  4.4664955e-01
  1.3623232e-01
 -1.2276903e+00
  6.9467314e-02
 -4.2498656e-02
 -2.1195889e+00
  1.8806139e+00
 -2.7863589e-01
 -3.7308991e-01
 -7.6347494e-01
  1.7551881e-01
 -2.0117636e+00
  1.4309087e-01
 -1.4188454e-01
 -6.4875883e-01
  9.8355442e-02
  1.4494565e+00
  4.6363416e+00
  1.7571249e+00
  5.5145437e-01
  5.9621029e-02
  3.6573414e-02
 -3.9031398e-01
  3.4415081e-01
  4.8258394e-01
 -2.4816124e+00
  1.0844425e-01
  1.4936260e+00
  1.6828871e+00
 -3.0721049e+00
 -7.2579974e-01
 -4.5716448e+00
  8.3889170e-03
  7.1248543e-01
 -3.9086988e+00
  4.2210576e-01
  3.5469660e-01
 -2.2338860e+00
  6.4798452e-02
  5.8203614e-01
  2.9387864e-01
 -5.7574612e-01
 -4.1062742e-01
 -8.5387629e-01
  1.8033525e+00
  7.9472893e-01
  5.5312934e+00
 -9.8848864e-02
 -2.0889590e+00
 -3.9873369e+00
 -5.5886704e-02
 -3.8545862e-01
 -5.5432849e+00
  3.2637095e-01
 -5.0433016e+00
 -1.0442273e-01
 -2.8428090e+00
 -5.4577909e+00
  2.1029887e-01
 -6.2904322e-01
  1.0709207e+00
  8.7410565e-03
  1.5288566e-01
  3.2730776e-01
 -4.3416950e-01
  4.8827252e-01
 -4.8807544e-01
  1.8447083e+00
 -5.2717962e+00
 -4.9298854e+00
  8.1660174e-02
 -2.4115229e-01
 -5.6752592e-01
  2.1836879e-02
  3.9808017e-01
 -4.9677685e-01
  3.3255899e-01
 -3.3542973e-01
 -2.4549572e-01
 -1.0815531e+00
  1.3719827e-01
  2.3047011e-01
 -2.8284207e-01
 -3.8530087e-01
  5.4001250e+00
  3.2091746e-01
  1.4349031e+00
  3.5670064e-02
 -3.8636643e-01
 -1.8037403e-02
 -5.7293212e-01
 -4.9921039e-01
 -6.4529032e-01
 -2.7531335e-01
 -5.9617448e-01
 -1.0732806e+00
 -1.0114042e+00
  1.5484072e-01
  8.9961296e-01
 -3.4074262e-01
 -4.7032431e-02
  2.9789965e+00
 -3.0187133e-01
 -4.4330273e+00
 -1.5250510e-01
  4.5489345e-02
 -2.7413198e-01
  3.8353983e-01
  1.5365110e-01
 -3.1542022e-02
  5.9412181e-02
 -2.4041060e-01
 -2.2462616e+00
  4.6095392e-01
 -4.1045141e-01
 -6.7559475e-01
 -1.0180656e-01
 -1.1569164e+00
 -2.3602738e+00
 -1.3696471e+00
 -1.2675104e-01
  2.8147918e-01
 -5.0293893e-01
 -2.2283170e+00
 -1.0341347e+00
 -1.4708714e+00
 -5.7177556e-01
  2.5332844e-01
 -7.9114419e-01
  1.0400561e-01
 -9.6147019e-01
  3.6179397e+00
 -5.2780676e-01
 -2.2358909e+00
  4.6961439e-01
 -4.5325446e-01
 -7.5158715e-02
 -1.9696945e+00
 -6.2852454e-01
  2.8584665e-02
 -2.0437818e-03
 -8.8289715e-02
 -4.0305272e-01
  3.1200427e-01
 -9.7352490e-02
  1.9323613e-03
  3.9522749e-01
 -5.2955705e-01
 -1.4935982e-01
 -4.2170729e-02
  2.9112649e+00
  3.7461991e+00
 -3.8278964e-01
  4.2062798e-01
 -2.2645879e+00
  3.4500945e-01
 -1.9581391e-02
  2.1108960e-01
 -2.3360827e+00
  4.5850863e+00
  4.4218045e-01
 -8.6197197e-01
 -2.2891829e+00
  1.1185938e-01
  1.1191869e+00
 -5.4204565e-02
  7.5188498e+00
  1.9564638e+00
  4.2643074e-02
  1.5867096e-01
 -1.7483059e-03
 -4.1459363e-02
  3.9245734e-01
  1.7763691e-01
 -3.5450126e-03
  3.9520046e-01
 -1.9639817e-03
 -1.3502011e-01
 -2.7592570e-01
 -1.2586221e-01
 -4.8769769e-01
  1.7434388e+00
 -6.7359728e-01
  3.4462255e-01
  1.6815487e-01
 -9.3397903e-01
  1.6574804e-01
 -2.1369720e+00
  3.2972115e-01
  1.3232057e-01
 -4.4953108e-01
  6.5949523e-01
  4.6183401e-01
  1.0463993e-01
 -1.4783368e+00
 -1.2600884e-01
  4.7280160e-01
  5.8443251e+00
  6.6472894e-01
 -4.0109868e+00
 -2.3680282e+00
 -2.9550678e-01
  2.7541593e-01
  1.4129571e-02
  6.6785887e-02
 -7.8069174e-01
  1.2833175e-01
  1.6885033e-01
  7.1547806e-02
 -4.1947380e-01
  8.8542116e-01
  1.7367336e-01
  3.7552455e-01
 -2.3074386e+00
 -2.6815194e-01
  1.8198229e+00
  1.5477358e-03
  2.6669380e-01
  9.1534460e-01
 -7.2973412e-01
  2.2792668e+00
 -2.5944438e+00
 -1.7310907e+00
  4.5025992e+00
  2.7173769e+00
 -5.2399236e-01
  4.0795508e-01
 -7.1446699e-01
 -3.2442963e-01
 -4.6234414e-01
  3.2594168e-01
  8.7602586e-01
 -7.0542264e-01
 -1.5255181e-02
  4.1719446e-01
  3.0548206e-01
  3.7811664e-01
  3.1933916e-01
  1.0486425e-01
  5.2091515e-01
  1.1908322e-03
 -1.3539185e-02
  1.3636045e-01
  2.4192665e+00
 -3.6341932e-01
  9.0639603e-01
 -3.9394151e-02
 -1.0617417e+00
 -2.0600428e-01
 -3.8610604e-01
 -2.3567276e+00
 -3.9733309e-01
 -1.6339307e+00
  1.3360044e-01
  5.9694195e+00
 -3.4183642e-01
  4.4229680e-01
  4.4198686e-01
  2.0597766e-01
  2.2892387e-01
 -2.8436223e-01
 -2.4732804e+00
 -3.1462812e+00
  1.5913403e-01
  1.3022189e+00
 -1.5048958e-01
 -1.2625980e-01
  5.3382304e-02
 -5.3083807e-01
 -2.2460380e-01
 -1.1126684e-01
 -3.6664512e+00
 -2.5528499e-01
  6.6176605e-01
 -4.7951961e+00
 -4.2165062e-01
 -8.5867651e-02
  3.3123775e+00
  4.7385854e-01
  7.0658259e-02
 -7.2123788e-02
  1.8301500e-01
 -2.5344858e-02
  1.3813578e-01
  9.9233314e-02
  9.5599842e-01
  7.9248518e-02
 -6.1801314e-01
 -8.1749633e-03
 -1.0459772e+00
  3.0519244e-01
 -9.3772703e-01
  1.2899558e-01
 -2.7064154e+00
  2.1770475e+00
 -4.4127712e-01
 -2.4383444e-01
 -1.3317446e-01
 -2.1409392e-01
 -1.6215284e+00
 -5.3927894e+00
 -2.4755988e+00
 -4.4588995e-01
  4.4133577e+00
  2.2725739e+00
  3.2905239e-01
  5.1629686e+00
 -1.6614954e+00
  4.2459309e-01
 -1.7331891e-01
  2.5990603e+00
  7.3548114e-01
  3.8120237e-01
 -5.1461369e-01
 -9.9604912e-02
  5.1107216e-01
  1.5991093e+00
 -1.0806037e-01
  5.2781588e-01
  2.4078030e-02
 -9.4668446e+00
  5.7702547e-01
  3.0734158e-01
  7.8495570e-02
  6.8421209e-01
  2.8166145e-01
 -6.5962440e-01
 -1.0468632e+00
 -1.3214656e+00
 -1.1095567e+00
 -2.8591663e-01
  8.5607153e-01
 -1.1505135e+00
 -6.4300460e-01
  7.2789587e-02
  1.1388322e+00
 -3.1920305e-01
 -3.7256960e-02
  1.2877885e+00
  3.6708233e-01
  7.9942107e-02
 -5.4647666e-01
 -9.1295063e-01
 -1.5115374e-01
 -1.2216332e-01
 -3.4295031e-01
 -1.7146420e-01
 -4.0774055e+00
  1.2007090e-01
 -6.4125741e-01
 -4.2527524e-01
  4.9956569e-01
  3.7379834e-01
 -9.7019237e-01
 -1.7189941e+00
  6.5430951e+00
 -3.5984063e-01
  5.2142506e+00
 -3.2660832e+00
 -4.4171915e+00
 -4.6935800e-01
  2.4207993e-01
  1.4575483e+00
  5.0792915e-01
 -8.1409477e-02
 -2.7804821e+00
  1.0324606e-01
  8.5706848e-01
 -2.0634117e+00
 -3.6002669e+00
  6.8448389e-01
 -3.7247620e+00
 -2.5178013e+00
  7.5620508e-01
 -6.2486434e-01
 -3.9266005e+00
 -5.7964349e-01
  1.6601812e+00
 -2.0523140e+00
  3.0941755e-01
 -1.4174558e+00
 -1.9293638e+00
  2.2045061e-01
 -2.5296584e-01
 -2.9844956e+00
 -4.8269372e-02
  5.8048720e+00
  4.6944919e-01
  2.9609782e-01
  5.4241043e-02
  5.4623313e-02
  5.8122998e-01
  1.7189004e-01
 -2.3402178e-01
  5.9665984e-01
 -3.0870759e+00
  2.9899842e-01
  8.7118649e-01
 -5.9633797e-01
 -2.2776847e-01
  1.9818155e+00
  7.9759991e-01
 -1.3880879e+00
  1.3554615e-01
 -1.1690242e-01
  1.6496056e-01
 -1.1846427e+00
  1.7175623e+00
  7.8853053e-01
 -2.2547634e-01
  2.6531014e-01
 -3.0901656e-01
 -3.2481506e-01
 -1.2655426e+00
  6.5380816e+00
 -1.0576082e+00
  1.8822683e-01
  5.7309365e+00
  1.5983042e+00
 -9.6243042e-03
 -1.3356392e-01
 -3.4998705e+00
 -1.2714981e+00
 -2.6333826e+00
 -5.3542733e-02
 -4.0345162e-01
  8.9743793e-01
  1.9342743e-01
 -8.9716995e-01
 -1.3452080e-01
  1.3015541e-01
 -2.3569156e-01
  2.7250627e-01
  5.5515405e-02
 -1.4676693e-01
  7.4433458e-01
 -4.8673075e-01
 -6.8936206e-02
  5.2921355e-01
  5.5312172e-02
 -1.0423613e+00
  2.5582812e+00
  8.6347610e-01
 -3.9418423e+00
  1.7367670e-01
  4.6481290e-01
  1.7795494e+00
  7.0344049e-01
 -8.9030498e-01
  9.4030015e-02
  2.9094038e+00
  3.8213000e-01
  1.9898210e+00
 -1.8368849e+00
 -1.5545290e+00
 -3.3054852e-01
 -4.8948279e-01
 -5.8629352e-01
  2.6622498e+00
  2.4007261e+00
  2.3379444e-01
  2.4191101e+00
 -7.7072835e-01
 -2.3957229e+00
  1.1408762e+00
  1.4353659e+00
  3.3579836e+00
 -1.0553350e-01
 -1.8107790e+00
  3.4918383e-01
  1.7300235e+00
 -6.5882387e+00
 -2.7928534e-01
 -3.7259078e-01
 -1.8743911e+00
 -2.3601930e+00
  9.9610247e-02
  2.6149790e+00
  3.8721374e-01
  7.0234716e-01
  1.5694615e-01
 -9.0873933e-01
 -3.9513719e+00
  2.7926795e+00
 -2.1840425e-01
  2.7866361e+00
  6.4962083e-01
  5.5529219e-01
  1.0251261e+00
  1.0241921e+00
  7.1749215e+00
 -1.3110927e-01
  2.1770523e+00
  3.8732979e-01
  7.1278656e-01
  1.9799253e-02
 -2.0232214e-01
  7.8449613e-01
  8.4280640e-01
 -5.7899541e-01
  6.9714254e-01
  4.9696848e-01
 -9.7349906e-01
 -2.5630590e-01
 -1.0097040e+00
 -4.1551061e+00
 -1.1131330e+00
 -2.6323793e+00
  3.9392011e+00
  1.1259751e+00
 -1.0570568e+00
 -9.2937493e-01
  1.8402965e+00
 -6.0206097e-01
 -2.6165481e+00
  3.8531013e+00
  9.2982244e-01
  8.6574815e-02
  2.6247334e-01
  3.0538348e-02
  1.0064876e-01
  6.6591907e-01
 -6.0635358e-01
 -3.7758008e-01
  4.8005864e-02
 -3.6982454e-02
 -7.2793818e-01
  6.8392366e-01
  5.1561522e-01
  1.6850054e+00
 -1.3050997e+00
 -2.7952232e+00
 -3.1740286e+00
  3.2922938e-01
 -4.6782069e+00
 -6.6346884e-01
 -1.0308760e+00
 -2.7793269e+00
 -2.6235440e+00
 -2.6580002e+00
  3.9767794e-02
 -2.7027711e-01
 -4.9841137e+00
  2.2369716e-02
 -3.3186820e-01
  3.7669122e-01
  5.8716261e-01
  8.7245731e+00
  1.1104740e+00
  9.1770001e-02
 -6.4926910e-01
  3.6759368e-01
  6.2762910e-01
  3.7617114e-01
  6.8351865e-02
 -1.4601408e-01
 -3.3461194e+00
 -5.6525546e-01
 -1.5429354e+00
 -5.4267783e-02
  5.3358310e-01
 -2.2601709e-01
  4.8717877e-01
  1.4696206e-01
  6.3841766e-01
 -3.9612538e-01
  2.4639045e-01
  4.3831494e-02
 -4.0308099e-02
  5.6868763e+00
 -2.7474445e-01
 -9.8869711e-01
  1.9754502e-01
 -1.9226617e-01
  3.6403534e-01
 -2.7820581e-01
  2.1692121e+00
  3.3951041e-01
  1.1926156e-02
 -2.5597769e-01
 -2.7306798e+00
 -2.3712298e-01
  3.7490654e-01
 -3.7322881e+00
 -2.2177561e-01
 -9.4514214e-02
  1.9962335e+00
 -2.4743369e-01
 -7.3651850e-01
 -1.8613254e+00
 -1.3790967e-01
  8.3546954e-01
  6.0446531e-01
 -6.1323579e-02
 -1.8325151e+00
 -4.4403535e-01
  1.6693774e+00
  1.7419589e+00
 -2.3308766e-01
  3.7446624e-01
  1.8387416e-01
  3.9678136e-01
  8.0612475e-01
  1.3879624e-01
 -1.2691163e-02
 -1.5043315e-01
 -2.3116643e+00
 -1.9245212e+00
  1.9764897e-01
  2.9087880e+00
 -6.2254727e-01
  8.6602443e-01
  1.1220557e-02
 -1.1296153e+00
 -2.9965946e-01
 -7.0669907e-01
 -1.4316301e+00
 -2.6054311e-01
 -2.0796026e-01
 -5.9121430e-01
 -8.3079195e-01
 -6.9871509e-01
 -1.4731960e+00
 -2.0866885e+00
  2.1795337e-01
  2.7914959e-01
 -7.4372997e+00
  6.1097121e+00
  4.1339573e-02
  3.0982547e+00
 -2.2938828e-01
  1.6828354e-01
  2.2443949e-01
 -1.4766545e+00
  6.6783831e-02
 -1.9599466e-01
  2.5766110e+00
  2.2040873e+00
 -3.5300043e-01
 -6.5462852e-01
  3.5706483e-02
  5.3836656e-01
  7.1021956e-01
  2.2874582e-01
  4.2716700e-01
  4.8000891e-02
 -1.6105686e+00
  1.1722451e+00
 -1.1007434e+00
  1.0386579e+00
  2.2261061e-01
 -2.1213388e-01
 -4.9368307e-01
 -6.5765709e-01
 -9.6396232e-01
  1.3610935e+00
 -4.6972570e+00
 -2.2101513e-01
  1.3306019e-01
 -3.1099421e-01
  6.5512115e-01
 -2.2842115e-02
  1.9398056e-01
  9.7390793e-02
 -2.1867123e-01
  6.5873128e-01
  2.6279609e+00
  3.4063077e-01
  1.6595156e-01
 -4.9530181e-01
 -8.7276953e-01
 -1.5249173e-01
  2.9780844e-01
  6.9285411e-01
 -7.2974735e-01
 -1.8261042e-01
 -3.4402809e-01
 -2.8420057e+00
  2.4556413e-01
 -3.3031365e-01
  1.9717370e-01
 -2.4911514e-02
 -4.0332470e-02
  1.6649293e+00
  8.0580032e-01
 -2.3637768e-02
  6.6463935e-01
  1.1362002e+00
  6.4495492e-01
 -1.9574912e-01
  2.7493617e-01
 -1.0614183e-01
  4.6421853e-01
 -5.8237489e-02
 -7.2580141e-01
 -9.6926808e-01
  7.4923491e-01
  7.4657816e-01
 -3.4876859e-01
 -7.8883499e-01
 -4.5232453e+00
 -1.5933427e-01
 -2.4412300e-01
  3.5869345e-01
  3.2368666e-01
 -2.1635740e+00
 -1.6098361e-02
  1.3698200e+00
  3.3478934e-02
 -6.0343839e-02
  2.1795571e+00
 -3.5399839e-01
 -6.6329259e-01
  4.1229691e-02
  2.2986569e-01
  2.9489067e-01
 -1.4371258e+00
  3.1170118e-01
 -9.7198933e-01
 -3.9573184e-01
  5.3769165e-01
 -6.8710160e-01
 -7.8444499e-01
 -4.9733099e-01
 -1.2923468e-02
  4.8299772e-01
  7.0883125e-01
  5.3821021e-01
  5.8050543e-01
  3.9643288e-01
 -1.1441110e+00
  7.1454078e-01
  4.4942692e-01
 -2.5064716e-01
 -1.4053584e+00
 -1.4186569e-01
  5.2278601e-03
  1.2147918e-01
  7.3408678e-02
 -3.4429428e-01
  5.1813513e-01
  7.3469800e-01
  2.0346900e-02
  1.3269093e+00
  3.8679272e-01
  1.5935944e-01
 -1.0161687e-01
  1.4838597e-01
 -2.2529529e-01
  2.2195967e-01
  6.9403023e-01
 -5.2092364e-03
 -2.9259449e-01
 -5.0371838e-01
 -2.7309000e-01
  3.0379281e+00
 -1.1201231e+00
  4.2916736e-01
 -3.3571550e-01
 -6.6101745e-02
 -1.7894224e+00
 -1.1393270e-01
  6.4791763e-01
  8.0455965e-01
 -2.7921703e+00
 -3.0821255e-01
 -2.3374274e-01
  3.3257243e-01
 -1.4712495e+00
  5.1922399e-01
 -8.7249632e+00
  6.1313015e-01
  8.1512548e-02
 -4.0941704e-03
 -8.2979608e-01
 -2.8981338e+00
 -6.2970746e-01
  6.1556536e-01
  2.2068906e+00
  5.9894197e-02
  1.0476609e-01
  2.0641285e-01
 -8.6403501e-01
  1.8525943e-01
 -1.0185561e+00
 -9.6114063e-01
  9.0692371e-02
  4.1141758e+00
 -5.6222779e-01
 -4.0839840e-02
  1.6542403e-01
 -1.5269351e+00
 -7.3778713e-01
  5.2642369e-01
  3.6919501e+00
  8.3144647e-01
  4.2031288e-01
  8.2725547e-02
 -3.8475063e+00
  4.7166190e-01
 -8.9597814e-02
  2.2645041e-01
 -4.5648384e+00
  1.4143379e+00
  4.2963955e-01
  9.9287325e-01
  2.2796334e-01
  1.6494717e-01
  9.7652391e-02
 -2.8790882e+00
  4.9727121e-01
  1.5910823e+00
  3.7639150e-01
  1.7484690e+00
  9.4549447e-01
  1.0484021e+00
  2.3104520e+00
 -1.9867148e-01
  4.2019224e-01
 -3.0340111e-01
  2.7384827e-01
  7.1035069e-01
 -3.2652378e-01
 -1.2849796e+00
  4.4314537e-02
 -6.0325277e-01
  9.8004214e-02
 -4.6593562e-01
  4.3807101e+00
  8.8055843e-01
 -3.0763495e-01
  8.7790012e-01
 -1.6088593e-01
 -2.6462424e+00
  1.3957473e+00
  6.8978965e-01
 -1.1585144e+00
 -2.5006440e+00
 -6.6904128e-01
  2.8441315e+00
  5.6282830e-01
  2.0645592e-01
 -5.9531045e-01
  2.5286543e-01
 -4.8182201e+00
 -1.3224971e+00
 -9.4012946e-01
  1.5177493e-01
 -2.7195654e+00
 -2.7289307e-02
  1.4570701e-02
 -2.1381618e-02
  2.5227624e-01
 -3.3859044e-01
 -6.8629971e-03
  4.5092806e-01
 -9.4757348e-02
  8.9761847e-01
 -4.3049790e-02
  1.7706081e+00
  2.6544350e-01
  8.4676933e-01
  9.8423376e+00
 -3.1321537e-01
  4.4629234e-01
  9.3300170e-01
  8.0156469e-01
  2.5956786e+00
 -4.0148373e+00
 -5.7078000e-02
 -2.9952851e-01
 -1.6857775e-01
 -1.5886661e-01
  4.8393151e-01
  6.8610781e-03
  3.3800676e-01
 -8.0889396e-02
 -4.1569850e-01
  1.5523186e-01
  1.8564589e+00
  7.5168632e-02
 -1.9538499e-01
 -1.3169875e+00
  5.8178115e-01
 -2.1033794e-02
  1.5471512e+00
  1.0468189e-01
  1.8987183e-01
  1.7361798e+00
  1.3625879e+00
  5.3337175e-01
 -2.8215678e+00
  3.3458287e-01
 -9.4201751e-02
  1.7855102e-01
 -3.4358319e-02
 -5.3677779e-01
 -9.4411656e-02
  3.7755233e-01
  4.5202091e-01
 -5.2266981e-02
 -4.9387994e+00
  3.9598012e+00
  1.8595853e+00
  1.2983015e-01
 -6.8457648e-02
  1.5178719e+00
  1.2134974e+00
 -2.1712174e+00
 -6.1687440e-01
  8.2900703e-02
  2.6537662e+00
  2.7857821e+00
 -9.8005563e-01
  1.6694385e+00
  1.6423508e+00
  3.1840913e+00
 -2.2193112e+00
  1.1409352e+00
  1.1619960e+00
 -4.5894200e-01
 -4.8274276e-01
  2.9912853e-01
 -4.3990946e+00
 -2.3139086e-02
  7.4544139e-02
  1.4135568e-01
  6.5688950e-01
 -6.4971201e-02
 -7.9534978e-01
  2.9422653e+00
  2.2230836e-02
  1.7181685e+00
  2.8758657e-01
 -3.4518376e-01
  1.9130117e+00
  6.5530145e-01
 -1.6157794e+00
  1.6112677e+00
  3.8211207e+00
 -1.8453767e+00
  1.3945658e+00
  2.9675293e+00
  2.9795322e-01
  1.2733829e+00
  4.2083883e+00
  2.0837803e+00
  2.2028849e+00
 -3.4005568e+00
 -2.3799001e-01
  2.1341031e-02
  3.4198985e-01
 -9.3370698e-02
 -5.0752795e-01
  3.0461130e-01
  7.0931482e+00
 -3.3723614e+00
  5.1444703e-01
  5.3554230e+00
 -7.6176733e-01
 -9.2280418e-02
  2.5435022e-01
  1.5777655e-01
 -1.6871587e+00
  8.4490359e-02
  1.5692584e-01
  9.5311981e-01
 -3.1415796e+00
  1.3105941e+00
  4.2709452e-01
 -7.4918431e-01
  2.0992923e+00
 -2.6173361e-02
  6.0391837e-01
  4.5479915e-01
 -3.3509982e-01
  3.7132816e+00
 -9.6344417e-01
  1.1196904e+00
  7.7387697e-01
 -6.4414531e-02
  1.7006327e+00
  1.8922585e-01
 -4.1460261e-01
  1.8711510e-01
  2.2629519e+00
  7.5023003e-02
  2.0973790e-01
  2.1951625e+00
 -1.5614970e-01
 -1.1730716e+00
  1.4530648e+00
 -1.7788713e-01
  2.7679601e-01
  5.1182464e-02
 -5.2963257e-01
  7.9431385e-01
 -1.5129053e-02
  3.0212256e-01
  2.8640276e-01
 -1.3744745e-01
  7.5061756e-01
 -1.1309471e-01
  3.7508047e-01
  5.2229770e-02
  3.7958201e-02
 -2.0567048e-01
 -1.2760478e+00
 -7.1000683e-01
  2.1296760e-01
 -8.5679479e-02
 -6.6453916e-01
 -3.6072597e-01
 -3.9161134e-01
 -1.2788413e-01
  6.8214917e-01
  2.6927552e-01
 -3.8582440e-02
 -2.0574126e+00
  5.5222452e-01
 -3.0799035e-02
 -2.2004715e-01
  1.9220977e-01
 -5.4989066e-02
 -2.9539543e-01
 -7.4385148e-01
  6.9558430e-01
 -2.9283938e-01
 -7.0874774e-01
  6.4860559e-01
  1.4352577e+00
  1.9093770e-01
 -3.0969340e-01
  2.7790806e-01
  4.7123259e-01
  6.9922559e-02
  4.0119357e-02
  9.6940234e-02
  2.0566149e-01
 -2.1513049e-01
 -4.8171455e-01
  2.0774668e-02
  1.7135249e+00
 -2.2489998e-02
  2.3332646e-01
  4.6487153e-01
 -4.9572680e-02
  1.1396966e-01
  5.2609956e-01
  2.4295524e-01
 -5.1308241e-02
 -1.3184628e+00
  2.2794120e-02
 -1.3852949e-01
 -5.6700726e+00
 -3.3077550e-01
 -1.5311793e+00
 -9.3106818e-01
 -4.7196645e-01
 -1.7920555e-01
 -1.1650655e+00
 -1.5924947e+00
 -8.0289078e-01
 -3.2744496e+00
 -6.4719193e-02
  1.2867475e-01
  4.5220360e-01
  1.8882389e-01
 -1.9635704e-01
  2.3540238e-01
  3.4078148e-01
  7.6933098e-01
 -7.7189589e-01
 -4.3258611e-03
 -2.3427517e+00
  4.5505232e-01
 -7.0111759e-02
  3.7659078e+00
 -2.1104190e+00
 -5.9785994e-05
 -8.3164731e-03
 -2.0153654e+00
 -5.8709006e+00
  2.5643592e+00
  3.5003915e-01
  2.7245924e+00
  3.3935788e-01
 -8.6410737e-01
 -5.9500176e-01
 -2.2675718e-01
  3.0119458e-01
 -1.0378611e+00
 -7.8036499e-01
  5.5008662e-01
  1.9560736e+00
  5.2852845e-03
  6.3489336e-01
  1.6477113e+00
 -9.6965156e-02
 -6.7377329e-01
 -1.0493252e-01
  2.8490152e-02
 -3.6571833e-01
 -7.7418172e-01
 -2.3958128e-02
  5.0107457e-02
  5.6343609e-01
  3.3714294e-01
  5.7992327e-01
  1.6208859e-01
  1.9853707e-02
 -6.2995460e-03
 -1.1308694e-01
 -1.0213696e+00
 -4.1215613e-02
  1.1577142e+00
 -2.0098352e+00
 -1.4141533e+00
 -9.6524131e-01
 -3.2568908e-01
 -1.3266934e+00
  1.4845924e+00
  1.9120783e+00
 -1.3940311e-02
  5.6467617e-01
 -3.6977193e-01
 -1.2037567e+00
 -1.2800473e-01
 -3.4659103e-01
  1.2616768e+00
  5.6901461e-01
 -1.0522045e-01
 -4.4213891e-01
  3.9134440e-01
 -1.3107729e-01
  6.9568530e-02
 -2.2643916e-01
 -1.4703755e-01
 -1.7591326e+00
  1.4369903e+00
  2.1355374e+00
  1.8398155e-01
  4.6019903e-01
  2.2238421e+00
 -6.6013449e-01
 -1.6233850e-01
 -8.9229608e-01
 -1.8042054e+00
  2.3265200e+00
 -1.0555822e+00
 -1.0392002e+00
 -1.8631518e-01
  4.3714724e-02
 -1.5493572e-01
  5.7172048e-01
  1.3443281e-01
  1.1258713e+00
  6.9412082e-01
  6.6422284e-02
  4.4846946e-01
 -4.0240645e+00
 -6.4555657e-01
 -8.3699596e-01
 -7.9438192e-01
  2.9599443e-01
  1.0093894e-01
  1.0560101e-01
 -2.2253612e-02
  2.6177227e-01
  1.1098707e-01
  1.9894392e+00
  1.8809146e-01
 -3.0606875e-01
  8.5978583e-02
 -1.3455700e+00
 -4.0936866e+00
 -3.1065238e-01
 -2.0904878e-01
  1.2209741e+00
  4.6582252e-02
  9.7712970e-01
  3.5966926e+00
 -7.4892956e-01
  2.2317991e-01
  3.6713816e-02
 -1.0252752e+00
  4.1964841e-01
  2.4824965e-01
  1.5332633e-01
 -3.0466434e-01
  5.0481170e-01
 -5.0286236e+00
  4.9212696e-03
  6.4228296e-01
 -4.4260412e-02
 -5.4031568e+00
 -1.3104025e-01
  1.3412397e-01
 -2.6141698e+00
  8.0705531e-02
  9.5425420e-02
  2.1169645e-01
 -3.0240241e-01
 -1.6996264e+00
 -3.9325821e-01
  7.2041951e-02
 -1.1664595e-01
 -3.0254257e+00
 -3.7394006e+00
 -2.0086676e-01
 -1.0534016e-01
 -3.3123964e-01
 -4.8722392e-01
  1.8048084e-01
  3.3409350e+00
  1.0553313e+00
  7.6080048e-01
  1.0633819e+00
  8.8606201e-02
 -1.8382940e-01
 -3.3211869e-01
 -2.0706255e+00
 -1.7726643e+00
  9.7984481e-01
  1.9941099e-01
  2.8941782e+00
  2.2612174e-01
 -2.1480718e+00
 -1.3812293e-01
 -7.6256692e-01
 -3.2376056e+00
 -3.5825872e-01
 -1.5100240e+00
 -1.0602714e-01
  5.0214058e-01
  3.2158369e-01
  1.2267877e+00
 -1.7862777e+00
  3.2929716e+00
 -7.3542696e-01
 -3.0752999e-01
 -9.7404525e-02
 -5.3931493e-02
  2.5011721e+00
  2.6880481e+00
 -2.5825908e+00
  5.9145540e-01
 -1.0272893e+00
 -4.9894161e+00
  8.4200531e-01
  1.5438242e-01
  2.6567954e-01
  2.2126009e+00
  2.0815895e+00
 -1.8392056e-01
 -5.9286704e+00
  2.9281044e-01
  2.0975764e-01
 -4.4540554e-01
 -4.4951521e-02
 -5.0387368e-02
  1.6478607e-01
  2.3905599e+00
 -9.8841876e-01
  9.7024059e-01
  1.9931393e+00
 -5.7148939e-01
  7.6212800e-01
  2.1190326e+00
 -6.0357338e-01
  1.5915761e+00
 -5.4028854e+00
  1.3556696e+00
  5.4688015e+00
 -2.4209714e+00
 -1.8410697e+00
  2.5169106e+00
  1.1860797e-01
 -1.3981749e+00
 -9.7374058e-01
  1.3578703e+00
 -2.2221915e-01
 -2.0424564e+00
 -3.6296853e-01
  3.8030446e+00
  2.8683728e-01
 -4.1158897e-01
  3.9324920e+00
  7.7466160e-01
  4.0683800e-01
 -4.5106086e-01
  1.1651058e-01
 -4.7447926e-01
  2.7890322e+00
  2.1836095e+00
  2.5076232e+00
  2.7255496e-01
  3.0831552e+00
 -1.7384171e+00
  8.0004446e-02
 -2.8765016e+00
 -4.1482177e-01
  5.7393503e+00
 -7.9835790e-01
 -1.1543581e+00
  2.1756899e-01
  3.8898042e-01
  2.0553866e-01
  1.6598478e-01
  9.8229945e-01
  1.2363401e-01
  1.7193538e-01
  3.3838279e+00
 -2.6786929e-01
 -5.0789440e-01
 -1.1179032e-01
  2.7641919e-01
  1.0911305e+00
 -5.1400459e-01
 -1.0485096e-01
  3.6942261e-01
  1.2327851e+00
 -2.4912269e-01
 -3.2002683e+00
  5.5304974e-01
  1.0506098e+00
 -1.4142509e+00
  5.7477921e-01
  9.0297773e-02
 -1.2977000e+00
  2.2301741e-01
  1.8085037e-01
 -2.9207543e-01
 -1.5299790e-01
 -1.1374327e-01
  8.2721722e-01
 -1.1319640e-01
 -1.1759481e-01
 -3.0768616e+00
 -3.7392220e-01
  8.8901603e-01
  2.5764421e-01
  4.2896976e+00
  7.5121529e-02
 -5.8382567e-02
  5.7195127e-01
  1.1678437e+00
 -1.1844077e+00
 -2.8840163e-01
  6.3677949e-01
  1.0119297e-02
  2.5050716e+00
 -2.3068196e-01
 -5.9612945e-02
 -2.6359463e-02
  5.4392570e-01
 -7.2988230e-01
  4.5476969e-02
  2.3853162e-02
  7.9314601e-01
  3.7873459e+00
  2.4973361e-01
 -3.6674941e-01
  3.4918949e-02
 -1.1332097e+00
 -4.4243082e-01
  3.7490526e-01
 -5.7140976e-01
  4.2575072e-02
 -7.5737876e-01
  8.2036299e-01
  1.8191440e+00
  6.0435162e+00
 -1.0562676e+00
 -2.0608170e+00
 -6.0910153e-01
 -2.9018056e+00
  1.3568830e+00
 -2.0483413e+00
  1.9643168e-01
 -4.8966619e-01
  5.6503850e-01
 -1.2223699e+00
 -1.2685382e+00
  3.3896819e-01
 -3.6133498e-02
  9.8599792e-02
  2.0716974e-01
  7.3920071e-02
 -1.0086179e+00
 -7.6555157e-01
  2.9849297e-01
 -8.5557407e-01
  1.1952595e-01
  7.7363241e-01
  8.7248826e-01
 -1.9783832e+00
  1.6669680e-01
  4.1249686e-01
 -1.5297641e+00
 -1.4969158e-01
  3.6529541e-01
 -1.8097098e+00
 -5.6253272e-01
  2.5834063e-01
  9.8843612e-02
 -1.0657443e+00
 -1.3834588e-01
  5.3834691e+00
  1.3581687e-01
 -5.4699671e-01
 -5.9240222e-01
 -6.3481159e+00
 -7.4476194e-01
 -4.9516007e-02
 -1.0625136e+00
 -2.2070356e-01
 -8.2063258e-02
 -9.5839953e-01
 -3.7094519e-01
  3.9657912e+00
  2.8791175e+00
  1.1407138e-01
 -5.1934924e+00
 -3.2325089e-01
 -1.5581592e+00
 -2.8841474e+00
 -3.0479736e+00
  6.3273174e-01
 -4.6064138e+00
 -8.5884577e-01
  8.5692436e-02
  5.3658807e-01
  8.8530606e-01
  1.7048699e-01
 -4.2296618e-01
  4.5365226e-01
  2.0838137e+00
 -2.2209312e-01
  6.1679520e-02
  1.2928636e+00
 -4.4309860e-01
 -6.4701259e-01
  4.7836432e-01
  6.6700763e-01
  1.1218060e+00
  8.7432468e-01
  4.4110990e-01
 -2.5032830e+00
 -3.6304304e-01
  2.1422900e-01
  9.2210245e-01
 -2.4568534e-01
 -8.7767631e-02
  3.3427918e+00
 -1.5370812e+00
  1.4877383e-01
 -5.8251244e-01
 -4.3674865e-01
 -2.6919067e-01
  2.9681396e+00
  3.0964200e+00
 -3.5562520e+00
  1.6805358e+00
  1.3085780e-01
 -6.8475747e-01
  3.9678514e-01
 -3.8721812e+00
 -2.7677858e-01
  1.5783890e-01
 -2.2385506e-01
  1.9559470e-01
 -7.5712043e-01
 -4.1445881e-01
 -1.0136138e+00
 -1.0193634e+00
  3.6766508e-01
 -2.8178070e+00
  5.3816485e-01
 -2.2643545e+00
  1.8876804e+00
 -6.0386650e-02
 -4.2804477e-01
 -5.8622491e-01
  1.0997166e-01
  3.6311388e-01
  9.5176876e-01
  2.1550874e-01
  2.8659528e-01
 -1.8422858e+00
 -4.7374204e-01
 -1.3942359e-01
 -2.0572841e-01
  3.8336349e-01
  3.6392908e+00
 -5.7618217e+00
 -1.1552963e-01
  2.3291245e+00
  2.2211537e+00
  1.0128527e+00
 -9.6180767e-01
 -2.7013552e+00
  2.0626049e+00
 -3.2665825e+00
 -1.1299936e-01
 -1.5710582e-01
  6.0761666e-01
 -2.4734373e+00
 -3.3433444e+00
 -3.4820569e-01
  2.2488412e-01
  2.9336348e-01
  2.1901121e+00
 -4.2001995e-01
  2.5822632e-03
 -1.8818012e-01
 -9.2790955e-01
  4.8689979e-01
  5.9107631e-01
 -1.9525299e-02
 -9.7453302e-01
  6.7051256e-01
 -1.7972635e-01
 -1.4433039e+00
 -5.5940375e+00
  6.6417766e-01
 -4.6936460e+00
  1.3401480e+00
 -6.3630134e-02
 -4.5954251e-01
 -4.7644792e+00
  5.0178409e-01
  1.6141145e+00
  4.0403123e+00
  3.6691539e+00
  3.9382672e-01
  1.1176631e+00
 -3.3631849e+00
  6.2843370e-01
 -1.2200749e+00
  1.0134766e+00
  3.7251103e+00
 -4.3446386e-01
 -3.1959858e+00
 -3.1148064e+00
 -7.4105203e-01
 -6.0013833e+00
  8.7818754e-01
  3.3836403e+00
 -2.9562693e+00
  6.9319105e+00
  8.7258846e-01
  1.2739457e+00
 -1.8756318e+00
  8.1579083e-01
  3.1414852e+00
 -2.6701853e+00
  4.3593431e+00
  8.2763456e-02
  2.9364836e+00
 -8.3335960e-01
 -3.5707672e+00
  1.6929470e-01
 -7.0509124e-01
  4.8295304e-01
 -3.0138254e+00
 -9.3559974e-01
  9.0710446e-02
 -8.4597814e-01
  9.6508235e-02
  1.0881758e+00
  2.0230548e-01
 -2.7661058e-01
  7.7882564e-01
  6.0300050e+00
 -3.4147060e+00
 -1.1441034e+00
 -2.0433557e+00
 -5.8469067e+00
  5.0708175e+00
 -1.2567490e+00
 -3.2707721e-01
  4.1713694e-01
  1.8169697e-01
 -1.4836223e-01
  6.7152523e-02
  1.7304091e+00
  1.2517674e+00
 -7.3182893e-01
  5.3619987e-01
  1.2154257e-01
  2.7135935e-01
 -1.4821247e+00
 -1.7096516e+00
 -4.0576872e-01
 -3.2075998e-01
 -5.9733965e-02
 -1.7170430e+00
 -5.2705514e-01
  3.7119207e-01
  2.1433234e-01
  3.9905334e-01
 -1.2689861e-02
  1.1760790e+00
 -8.3465934e-02
 -1.0150075e+00
  5.5701405e-01
  1.7280124e+00
  1.6981901e+00
 -3.1442943e+00
 -6.3820416e-01
  1.6759001e+00
 -5.0766850e-01
 -4.1676961e-02
 -2.5374284e-01
  4.8536654e-03
  8.0333447e-01
 -7.6411968e-01
  9.3006879e-01
  2.8422577e-02
 -1.8439811e-01
 -1.1934930e-01
 -5.1012015e-01
 -2.4712379e+00
  2.5396472e-01
 -2.6626642e+00
  5.7360239e-02
 -1.4519845e+00
  4.3659538e-01
 -4.5058471e-01
  1.9770226e+00
 -3.1194279e-03
  3.9717712e-02
 -2.6751077e-01
  1.9050519e+00
  5.5786258e-01
 -1.5387391e+00
 -2.2084394e+00
 -2.8606343e-01
 -5.3027660e-02
  8.6009391e-02
  1.3197861e+00
  2.1678150e-01
  4.0462109e-01
 -1.3777310e-01
  3.4041336e-01
  2.3713024e-01
 -1.9595091e-01
 -1.9680219e+00
  1.9897243e+00
 -3.0357400e-01
  9.6167266e-01
 -2.6566851e-01
 -2.3276393e+00
  2.4861462e+00
  5.3717613e+00
 -2.0284501e-01
 -2.9761815e-01
  3.0527607e-01
 -3.4518535e+00
  5.2386010e-01
  3.8416809e-01
 -2.2284932e+00
  2.6245135e-01
  2.7938640e-01
 -6.5880585e-01
  2.5850457e-01
 -8.2600415e-01
  5.3732011e-02
 -3.9088422e-01
 -1.5578233e-01
 -1.7581773e-01
  2.7229801e-02
  3.7933242e-02
 -3.6878872e-01
 -1.7142557e+00
  7.0782900e-01
  2.3378740e-01
  4.6308306e-01
  1.6872032e-01
  3.3188114e+00
 -3.2450876e-01
 -1.0835643e-02
  2.0373304e-01
  1.2488430e+00
 -1.2119596e+00
  3.2980675e-01
 -3.1666877e+00
 -3.9969361e+00
  3.4298141e-02
 -6.8770838e-01
 -7.4913010e-02
  3.9601758e-01
 -2.4352696e+00
 -6.5904707e-01
 -1.0966960e+00
 -4.0006244e-01
  2.1454074e+00
 -1.8607832e-01
 -3.1910679e-01
 -1.7083675e-01
  1.6574346e-01
 -8.0444776e-02
  1.0887469e-01
  8.2927901e-01
  2.2736600e-01
  8.5698688e-01
  3.4340718e-01
  4.2218697e-01
  3.3439224e+00
  4.3147385e-01
  1.0047341e-01
  3.4379426e-01
 -1.2501241e-01
  1.3286720e-01
 -3.1479144e-01
 -3.1778393e+00
  1.2592664e-01
  6.1648097e+00
  5.7372738e-02
 -2.3960067e-02
 -1.1995177e-02
  5.9980214e-02
 -2.5049683e-01
  2.6557320e-01
 -2.1960409e+00
  1.0018589e+00
 -1.0644081e+00
  5.3278828e+00
  7.4833554e-01
 -3.2970219e+00
 -1.4814951e+00
  3.5693021e+00
 -1.4047906e+00
  8.0332786e-01
  1.5115476e+00
  8.8534661e-02
 -3.6084491e-01
 -1.8446784e+00
  7.4806526e-02
 -1.0491759e-01
 -2.5936468e+00
 -2.2213938e+00
  5.0089633e-01
 -8.4100515e-01
 -3.0782211e-01
 -2.6260599e-01
 -7.1964812e-01
 -1.2311828e+00
 -2.2823416e-02
  3.0337045e-01
  2.2275999e+00
 -2.0521166e+00
 -1.1737357e-01
  4.9635202e-01
  2.9350121e+00
 -2.1168611e+00
  2.2461643e+00
 -1.3256250e-01
  2.3183475e+00
 -3.2466531e+00
  3.9547390e-01
 -2.3042500e-01
 -3.1445823e+00
  1.9566038e-01
 -4.4362208e-01
  6.2669098e-02
  1.9350951e+00
 -6.1731857e-01
 -1.0993074e-02
  6.1333865e-01
 -2.9566994e-01
  8.1922251e-01
  1.6301361e-01
  3.0684787e-01
 -8.9886409e-01
 -1.9856670e+00
  4.1371021e-01
  5.1285300e+00
  3.8029010e+00
 -1.0684874e+00
  1.5540562e+00
  3.2317264e+00
 -2.6871400e+00
 -4.7625265e+00
  3.2087884e+00
 -1.4414005e+00
  5.7904643e-01
  1.7003171e-01
  6.6301394e-01
 -3.3122829e-01
 -1.7070186e+00
 -1.9593835e+00
 -3.1580335e-01
 -2.3410461e+00
 -1.4703764e-01
  1.9588094e+00
 -1.1124355e+00
  1.4305232e-01
  2.8906789e+00
 -1.6246492e-02
 -1.7289100e+00
  2.3202065e-01
 -4.4565427e-01
  1.5839167e+00
  2.3172357e+00
 -2.5184086e-01
  3.6954257e+00
  1.3530885e-02
 -9.3326473e-01
  4.0072837e-01
  2.1170555e-01
 -6.1291313e+00
  3.6942403e+00
 -1.9970434e+00
  1.4813377e-01
  9.7704011e-01
 -3.5171193e-01
  1.3036817e+00
  8.5273963e-01
 -3.3587146e-01
 -2.3917943e-01
 -1.3113648e+00
  7.3962688e-02
  5.0096518e-01
  1.4087979e-01
 -2.5096592e-01
  5.0916705e+00
  2.9966804e-01
 -3.7043265e-01
 -1.1197724e+00
 -2.5961760e-01
 -1.1484733e+00
  2.8618874e-03
 -5.0915539e-01
  5.4219365e-01
  3.5065181e+00
  1.5983692e+00
  1.1759640e-01
 -2.5412938e-01
 -1.5868780e-01
 -1.0883272e+00
 -1.0381901e-01
  6.2711917e-02
  5.9162408e-01
  2.0269793e-02
 -3.6855853e-01
  8.2308578e-01
 -2.8086717e+00
 -3.6387226e-01
 -2.9160452e-01
 -7.8034937e-01
  1.2732670e+00
 -1.6922214e+00
 -2.1479398e-01
 -3.5884586e-01
  1.4530419e+00
 -2.2109954e-01
  1.4229201e+00
 -1.4396673e-01
  5.3799677e-01
 -2.5344463e-02
 -3.2793310e-01
  4.0976787e-01
  9.3866646e-02
 -2.5263739e-01
 -1.3099928e+00
 -3.7305272e-01
  6.7774910e-01
 -3.2104602e-01
 -6.0798812e-01
 -1.0477306e-01
  9.2986584e-02
 -4.8837617e-01
  3.0666620e-01
  9.4862189e-03
  1.7994590e-01
 -5.7171172e-01
 -2.7385202e-01
 -7.4166767e-02
 -2.4117644e+00
  2.7818421e-01
  8.1682861e-02
  2.2571084e-01
 -4.5672326e+00
  3.2423887e-01
  1.2876046e-01
 -1.8308179e+00
 -6.7461737e-02
 -5.9743637e-01
 -1.4809582e+00
  4.0886045e-01
 -3.6233854e-01
 -1.5753092e-01
 -1.0239402e-02
  2.0517984e-01
  8.1256026e-01
 -1.8396333e+00
 -5.3945928e+00
  1.4004517e+00
  6.2945724e-01
  3.0042061e-01
  4.0851980e-02
  1.4182391e-02
 -3.0508947e-01
  4.0083760e-01
  6.1141014e-02
 -1.3951769e-01
 -2.0915687e+00
 -5.5301446e-01
 -2.5181112e-01
 -5.0673193e-01
  2.0283346e-01
  2.8608894e-01
  3.2278439e-01
 -1.4380814e+00
 -1.2797381e-01
  1.6226345e-01
  8.2030779e-01
  2.4569978e-01
  5.0845977e-02
 -1.4313351e-01
 -4.9340542e-02
  1.7111784e+00
 -1.9344851e+00
  4.8792085e-01
  8.4039800e-02
  5.7879066e-01
  9.2451759e-02
 -3.2801917e-01
 -1.2143853e+00
  2.5840449e-01
  8.0346394e-01
  1.0347883e+00
  1.2607523e+00
  2.2675409e+00
 -3.8079991e+00
 -1.2198999e+00
  1.7107122e+00
  3.2765436e+00
  3.2343167e-01
  2.3898056e-02
 -1.1526722e+00
 -8.9159882e-01
 -1.4193126e+00
  3.3292272e+00
  3.0526443e+00
 -2.5123332e+00
 -8.7093122e-02
 -4.2455115e+00
 -5.5763942e-01
 -6.3881743e-01
  3.6113431e+00
 -6.4286166e-01
 -5.4196220e-02
  2.0299587e+00
 -1.7531633e+00
 -4.9607434e+00
  1.3968993e+00
 -3.4332883e-01
  8.6023301e-01
 -5.0742495e-01
  5.8734995e-01
 -8.2613105e-01
  6.4620107e-02
 -9.9234277e-01
  4.4143602e-01
 -2.8838880e+00
  1.7724223e-01
  3.3494878e-01
  1.2965284e-02
 -5.6630439e-01
  2.1730608e-01
  1.7171725e+00
  2.1143164e-01
  1.9155219e-01
 -2.8133829e+00
  5.9094281e+00
  3.1059411e-01
  4.3162668e-01
  8.5836422e-01
  5.6493706e-01
 -1.4121851e-01
 -4.5542610e-01
  1.4544491e+00
 -2.0030146e+00
 -3.2431087e-01
  8.3306722e-02
  4.5519333e+00
 -3.9106951e+00
  5.1755490e+00
  1.4225316e+00
 -4.5101789e-01
  1.2432356e+00
  5.6200564e-01
  1.4634624e+00
 -3.3105868e-01
 -2.1964817e+00
  8.7242544e-01
 -1.9161885e+00
 -1.3351998e+00
 -9.5391618e-03
  2.5319031e-01
  1.0560253e+00
  1.6829690e+00
 -1.3170918e+00
  8.5827917e-01
  2.4405158e+00
 -9.9456704e-01
  1.7710489e+00
  5.6335366e-01
  9.7425938e-01
 -1.8775669e-01
  1.4621052e-01
 -4.2778960e-01
 -2.0803618e+00
  7.8067905e-01
  2.5601524e-01
 -3.6760504e+00
  4.5782428e+00
 -9.3464263e-02
  2.7474949e-01
  5.0078285e-01
  1.1652814e+00
 -1.9917044e-01
  6.0104635e-02
  8.2421660e-01
  3.9706099e+00
  5.8083016e-01
 -1.1597581e+00
 -6.6977161e-01
 -1.8086176e-01
  8.3239090e-01
 -3.1634781e+00
  1.8955972e+00
  3.2162914e+00
 -1.9339665e+00
  2.0945435e+00
  2.4633567e+00
  3.5793355e-01
  2.0127702e+00
  8.6389995e-01
 -9.0353459e-01
 -7.2957695e-01
 -1.8403566e+00
  1.9727952e+00
 -9.8491406e-01
 -1.7511524e+00
  2.3800616e+00
  2.1095469e+00
 -7.2058362e-01
  5.2092063e-01
 -1.6571372e+00
 -1.1576551e+00
 -9.8741049e-01
 -3.2393727e-01
 -7.6753271e-01
  4.5006701e-01
 -5.0777954e-01
 -7.4764067e-01
 -1.0132465e+00
 -1.8132583e+00
  1.5185461e+00
  3.4151143e-01
  4.6203798e-01
  2.5502300e-01
 -1.9271866e+00
  1.7016517e+00
  4.3220979e-01
 -1.8949249e+00
  2.4797223e+00
 -1.9059618e+00
 -6.4830446e-01
 -8.9527148e-01
 -1.5828158e+00
  1.2470533e+00
  4.3267730e-01
  1.1916536e+00
 -1.6765176e+00
  2.0888552e-01
  2.1559201e-01
 -6.2161946e-01
  1.7625027e+00
 -1.6632506e+00
 -7.1627581e-01
  6.5214711e-01
 -7.0631236e-01
 -6.8300706e-01
  8.8986635e-01
  2.8264260e-01
  1.1653339e+00
  1.4278225e+00
  1.0623664e-01
  2.9781446e+00
  4.0690470e-02
  5.4978585e-01
  1.9770364e+00
 -2.1213324e+00
  1.7753384e+00
  1.6647140e+00
 -8.5567641e-01
 -5.0408154e+00
 -1.4366220e+00
  5.4433215e-01
 -2.2252526e+00
  2.3185229e+00
  1.9112771e+00
 -4.6699125e-01
 -6.0730243e-01
 -9.7786880e-01
 -6.1897534e-01
 -1.2227453e-01
  2.3695483e+00
  5.9844005e-01
 -2.4986815e+00
  5.3665495e-01
  1.4916401e+00
 -6.9025703e-02
  2.1231408e+00
  1.0339071e+00
  3.6193052e-01
 -2.2436850e+00
 -1.2069421e+00
  6.3882101e-01
 -2.7713060e+00
  2.0650952e+00
  1.5493797e+00
  1.1033051e+00
  6.6253597e-01
 -6.0723013e-01
  1.5060624e+00
  3.5695249e-01
 -5.8181888e-01
 -1.2483434e-01
 -9.0493947e-01
 -1.4337139e+00
  3.3968730e+00
 -1.0015919e+00
 -4.0701103e-01
 -6.6609448e-01
 -1.6645240e+00
 -2.0252670e-01
  3.8330761e-01
 -3.2457592e+00
 -2.3968573e+00
  1.7499253e+00
 -1.6484371e+00
 -3.2716246e+00
  1.0165675e+00
  6.7052323e-01
 -2.4117169e+00
 -4.2664420e-04
  2.5136938e+00
 -3.0499510e-02
 -1.0032358e+00
 -3.9804740e+00
 -3.4842668e+00
 -1.6098162e+00
 -7.8810656e-01
  1.2649249e+00
  6.9277871e-01
  2.7392955e+00
 -8.4345186e-01
  1.2886247e-01
  4.4140294e-01
 -1.6556434e-01
 -1.2727474e+00
  4.3353125e-01
  2.2620168e+00
 -1.9681849e+00
  1.9991145e+00
  2.2437124e+00
  3.4319955e-01
  2.1800722e-01
  4.6618077e-01
 -3.8123012e-01
 -1.7904598e+00
  4.5096169e+00
  7.6079023e-01
 -8.8867134e-01
  9.0453583e-01
  3.5085917e+00
  3.7877793e+00
 -2.1479485e+00
 -8.6918640e-01
  1.9472607e+00
 -2.1926580e-01
  3.5165206e-01
 -1.1806601e-01
  2.4527954e-01
  6.3261971e+00
 -1.7944020e+00
 -2.9680657e+00
 -3.5674195e+00
 -1.7110008e+00
  6.3787609e-01
  4.6354634e-01
  3.3178839e-01
  1.4366490e-01
 -1.0557349e+00
  1.3049364e+00
 -2.9582608e+00
  5.6127572e+00
  9.3339890e-01
  3.3126893e+00
 -9.5453542e-01
 -3.1256151e-01
  9.1984823e-02
 -1.0186327e+00
 -1.3468690e+00
 -6.8192738e-01
 -1.4058280e+00
 -2.2325885e+00
 -7.9902135e-02
 -2.6419563e+00
  6.7541111e-01
 -3.0337375e-01
  5.4244131e-01
 -4.8535457e+00
  2.8528481e+00
 -1.8483913e+00
 -1.2718754e+00
  1.3074765e+00
 -3.4988663e+00
 -6.1999375e-01
 -2.3127499e+00
  6.2025063e-02
 -1.8567747e+00
 -1.3910412e+00
  1.6553861e-01
 -1.0193587e-01
  2.4385643e+00
 -1.1817355e+00
  2.5819738e+00
  2.2290649e+00
 -3.3077793e+00
  5.6668562e-01
 -2.7591765e+00
  1.2820026e+00
 -1.0018366e+01
 -8.8628329e-02
  2.3552158e+00
 -2.9397020e-01
  4.5324421e+00
  7.1626234e-01
 -1.3897076e+00
  2.6861215e+00
 -1.8872727e+00
  1.1462349e+00
  1.9404286e+00
  3.3778818e+00
 -9.1100397e+00
  3.1081269e+00
  1.7818290e+00
 -3.4112289e+00
 -2.6880996e+00
  2.3147290e+00
 -2.2134774e+00
 -2.6068056e+00
 -6.5303856e-01
 -1.0060764e+01
  1.2286838e+00
  1.0778923e+00
 -7.8565854e-01
 -1.8591397e+00
  1.2688210e+00
  3.4704348e-01
  2.3917267e+00
 -3.4614897e+00
 -1.2978863e+00
 -3.2991598e+00
  4.7499828e+00
  8.9715451e-01
 -3.8544619e-01
  2.4297836e+00
 -2.8702798e+00
 -4.0854862e-01
  2.3231117e-02
  1.9845330e+00
 -3.1384966e+00
  1.5739423e+00
  3.1622854e-01
  2.1617024e-01
 -3.4864213e+00
 -3.1338686e-01
  1.6755109e-01
  4.7248670e-01
  8.5550904e-01
 -1.9837071e-01
  1.8504238e-01
  2.7128489e+00
  4.5528355e+00
  4.6547832e+00
 -5.5851765e+00
  3.6564658e+00
 -4.7896891e+00
  3.1965259e-01
 -1.3580142e+00
 -9.6102685e-01
  2.7102271e-01
 -4.2400627e+00
  1.5923557e+00
 -1.1931621e+00
  4.8284640e+00
  4.5918150e+00
 -9.5036775e-01
  8.1896770e-01
  2.4086063e+00
 -3.5796514e+00
 -1.6480880e+00
 -1.3445609e+00
 -2.6318417e+00
  4.0378413e+00
 -1.3575170e+00
  1.0630487e+00
  5.8821386e-01
 -4.1219878e-01
 -1.9191189e-01
  1.7288849e+00
  2.7592611e+00
  1.2437543e-01
 -3.5018630e+00
  1.7857854e-01
  9.0462351e-01
  1.4609010e+00
  4.7749443e+00
 -2.0315079e-01
 -1.3343116e+00
  1.3508519e+00
 -1.0916023e-01
  2.6716666e+00
 -1.9064301e+00
  1.3389703e+00
  2.0138884e+00
 -1.9372883e+00
 -6.1187530e-01
 -7.4065167e-01
 -1.7342284e+00
 -2.3732071e+00
 -9.5728606e-01
 -7.3816472e-01
 -1.6313547e+00
 -2.4472456e+00
  2.7167811e+00
 -1.8838885e+00
 -2.8994787e+00
 -1.1606820e+00
 -3.2317823e-01
 -1.9269003e-01
 -7.3363996e-01
 -1.2670501e+00
 -1.7640549e+00
  8.6705267e-01
  3.4905508e+00
  2.8180468e+00
  2.8094158e+00
  3.4022909e-01
 -2.1734200e+00
 -2.2934799e+00
  5.7538867e-01
 -2.5884148e-01
 -4.6444459e+00
 -3.3463159e+00
  1.9322665e+00
 -1.2547405e+00
  2.8271184e+00
  1.2252270e+00
  8.6451417e-01
 -6.0312881e+00
  3.0154910e+00
  2.9387708e+00
  2.0168924e+00
 -9.6248209e-01
  1.6662121e-01
  9.8521769e-02
  1.2556400e+00
 -4.8044002e-01
 -5.4062498e-01
  1.9444529e+00
 -1.9460598e+00
 -3.7804987e+00
  2.5019351e-01
  1.8878721e+00
 -2.8456714e+00
 -2.6889596e+00
 -5.1838243e-01
  2.7533274e+00
 -1.1865020e+00
  5.3850043e-01
 -1.8795907e+00
 -2.7142589e+00
 -1.5238105e+00
  2.8127315e+00
 -2.9159093e+00
 -3.4808395e+00
  3.5033896e+00
 -4.5992293e+00
  1.4764140e+00
  9.6739852e-01
  3.2696733e+00
 -2.0651851e+00
 -7.1517348e+00
 -2.7106013e+00
  8.8685238e-01
 -1.1670799e+00
  1.4841051e-01
 -4.0324554e+00
  2.3327718e+00
  1.2710050e+00
 -1.8673445e+00
 -7.4615008e-01
  2.1110172e+00
 -8.7135911e-01
 -1.2332413e+00
 -3.0989456e+00
 -2.0979657e+00
 -1.3878471e+00
 -2.9544666e-01
 -4.5389065e-01
 -8.2975638e-01
  9.0268916e-01
  2.7839375e+00
 -6.7902246e+00
  5.0619135e+00
  3.8541303e+00
  5.4333901e+00
 -1.7176996e+00
  1.4115311e+00
 -1.8093335e-02
 -1.6765010e+00
  3.4516853e-01
  2.5671160e+00
 -7.8382099e-01
  2.5685375e+00
  2.4953787e+00
  1.4179561e+00
 -1.4225333e+00
  6.4207894e-01
 -7.4537277e-01
  5.0392216e-01
  3.4349053e+00
  1.8790046e+00
 -2.6560438e+00
 -3.2844099e-01
  1.5652719e+00
  1.6929785e+00
 -1.3448045e+00
  9.0580362e-01
  4.7481947e+00
  3.1638207e+00
  4.2751565e+00
 -1.5814263e+00
 -1.3134183e+00
  4.0947741e-01
  2.8729031e+00
 -4.6080586e-01
  4.7547922e-01
  4.2457037e+00
 -4.8734903e+00
  5.2824509e-01
  5.9303637e+00
 -3.5527952e+00
  6.7695737e+00
  9.9350251e-02
  3.1116635e-01
  4.5147310e-03
 -2.0715213e+00
  1.0124981e+00
 -4.2575574e+00
  2.8230946e+00
 -1.3268992e+00
  1.5413791e+00
  1.4365487e+00
  3.7164360e-01
 -8.1778914e-01
  9.6449274e-01
  2.5280781e+00
  1.3553556e+00
  7.4687833e-01
  1.8670713e+00
  3.2868216e+00
  3.0086699e-01
 -1.2634161e+00
 -2.4504776e+00
 -7.6418722e-01
  1.3423285e-01
 -8.6292565e-01
  5.6624728e-01
  7.1034062e-01
  3.9587483e+00
  1.7881672e+00
  2.2066839e+00
  2.7898374e-01
 -1.8150868e+00
 -3.3203956e-01
 -2.0577142e-01
 -1.5330783e-01
 -6.0798454e-01
  1.0643542e-01
 -1.0786375e+00
 -2.7182002e+00
  4.0548739e+00
  8.9725211e-02
  3.2160201e+00
  2.5524669e+00
  3.1320589e+00
 -8.6143178e-01
 -5.7576680e-01
  3.0379066e+00
  6.4201517e+00
 -3.1092017e+00
  2.6778002e+00
 -4.8591714e+00
  1.0376098e+00
  1.6770159e+00
  2.9726048e+00
 -9.3124330e-01
 -5.3406346e-01
  1.3424884e+00
 -5.2211003e+00
  8.6203408e-01
 -3.4771852e+00
 -1.1472546e+00
 -6.3865595e-02
  8.3423955e-03
 -1.6031818e-01
  1.0095918e+00
  1.2989353e+00
 -2.5586135e+00
 -3.5530839e+00
 -1.9730182e+00
  2.7705637e-01
  2.4621029e+00
  1.4460680e+00
  6.8015313e-01
 -2.5827942e+00
  2.7073736e+00
 -1.3472586e+00
 -1.9578197e+00
 -3.1385047e+00
 -1.7534927e-02
  2.6242397e+00
 -3.4770530e-01
  2.0818655e+00
 -1.2040042e-01
  1.0329144e-01
  1.0159771e+00
  1.8777733e+00
 -8.4707880e-01
 -1.7039067e+00
  3.3609817e+00
  5.7950048e+00
 -1.9525144e+00
 -4.8894837e-01
  2.7375507e+00
 -1.7250817e+00
  3.1027210e+00
 -1.0440645e-01
  2.4894555e-01
  1.2925001e+00
 -1.3338780e+00
 -2.2201818e-01
 -1.0064789e+00
 -5.1863122e-01
  3.7732973e+00
  9.3426365e-01
 -9.9475247e-01
  2.3361187e+00
  1.5564363e+00
 -1.8967290e+00
 -1.5134054e+00
 -3.2257417e-01
  7.2273129e-01
  2.6545978e+00
 -8.2124847e-01
  5.6323404e+00
 -1.9191875e+00
  1.0864016e-01
 -8.8604748e-01
  4.2508268e+00
  2.5894195e-01
  3.0156093e+00
  1.6718781e+00
  1.2105401e+00
  2.6631527e+00
  1.3487356e+00
 -2.7598917e+00
 -1.0916885e+00
 -1.8896964e+00
  8.6104289e-02
  3.9820352e+00
 -3.3081618e-01
 -5.2596319e-01
 -2.3747530e+00
 -3.2168486e+00
 -7.1634597e-01
  1.7097698e+00
 -1.9210790e+00
 -2.4171543e+00
 -1.7476650e-02
 -8.6092567e-01
  2.1725266e+00
 -1.8674133e+00
  4.8979883e+00
 -1.2937292e+00
  3.9417822e+00
  1.6333306e+00
 -2.8140315e-01
  2.7458098e+00
 -7.8298263e-02
 -7.8566152e-01
  2.4375541e+00
  1.2394493e+00
  1.7341491e+00
  1.6932868e+00
  8.8373156e+00
  2.0448716e+00
  2.9275423e-01
 -3.2972090e+00
 -2.7905095e+00
 -3.3593364e+00
 -1.7432659e+00
  3.5864713e+00
  2.5303227e-01
 -4.4042792e+00
  2.1353502e+00
 -2.9403560e+00
  4.5303863e-01
 -3.9327115e-01
  1.8892728e+00
 -4.1377845e+00
 -1.9300228e+00
 -1.6501125e+00
  1.8130164e+00
 -1.8889722e+00
 -5.6365328e+00
  8.4179229e-01
 -8.2573980e-01
  1.3620594e+00
 -1.3224109e+00
  1.7214875e+00
  2.2817590e+00
  3.8424635e-01
  4.8617917e-01
  1.2026895e+00
 -6.9367784e-01
 -4.2097968e-01
  1.1336534e+00
 -1.7615144e+00
 -4.0949553e-01
 -1.2967695e+00
 -4.1168103e+00
  1.7926904e+00
  1.1333556e+00
  6.9303284e+00
 -5.1939392e+00
  2.6099783e-01
  4.6939425e+00
  1.4832320e+00
  5.0707655e+00
  5.1302695e+00
  2.9673064e+00
  2.9171515e+00
  1.0417333e+00
  1.5511061e+00
  3.6562824e+00
  2.6888435e+00
 -7.9174786e+00
 -2.1798098e+00
  3.6273711e+00
 -3.3926492e+00
  2.5616834e-01
  5.2280002e+00
 -8.9461088e-01
  2.9646494e+00
 -4.3415332e+00
  4.0723343e+00
 -6.2412694e-02
  1.6443933e+00
 -1.0507134e+00
  4.5455846e-01
 -1.4476736e+00
 -1.2208397e+00
 -3.4636447e+00
  2.9508600e-02
  2.1142828e+00
  1.9918451e+00
 -1.0900581e+00
 -1.6214871e+00
 -1.2344553e+00
  4.1942441e-01
  1.8950462e+00
 -2.7461069e+00
 -2.1271000e+00
  1.3519400e+00
 -1.4862609e+00
 -1.6096858e+00
 -3.0611465e+00
 -1.3012060e+00
 -2.2811475e+00
 -1.6550727e-02
 -8.2013434e-01
 -1.1482309e+00
 -3.7397763e-01
  1.1681218e+00
 -1.2583302e+00
  9.5796716e-01
  2.3665016e+00
 -1.4824319e+00
 -2.1382861e+00
  1.9802969e+00
 -3.8737640e-01
 -9.7664642e-01
  3.5569234e+00
  1.7265347e+00
 -3.6068419e-01
 -2.2100586e-01
  9.2395961e-01
 -3.6623251e-01
  6.3766384e-01
 -1.1224743e+00
 -1.8759646e+00
 -3.4686828e-01
  1.7852642e-01
  2.7276120e+00
 -4.3086519e+00
 -4.0777879e+00
 -7.8745091e-01
 -1.8232907e-01
 -7.5272793e-01
 -2.2492435e+00
 -1.7557238e+00
 -6.2086082e-01
  2.5027037e-02
 -1.1376786e+00
 -1.9457135e+00
 -2.6050193e+00
  1.0736474e+00
  2.2869606e-01
 -9.0064412e-01
  4.6080187e-01
  6.8772805e-01
 -2.7042606e-01
 -8.4259301e-01
 -8.9750624e-01
  1.9264240e+00
  9.1009343e-01
  6.2751584e-02
  2.1016309e+00
  2.5351081e+00
 -1.7293738e+00
  2.5973525e+00
  1.8503861e+00
  3.2264963e-01
 -7.1721262e-01
 -4.9510880e+00
  7.2721019e+00
  1.2870706e+00
  8.0963337e-01
 -2.4045655e-01
 -3.0827972e-01
  1.2337648e+00
 -5.4991829e-01
  9.4901913e-01
 -5.7115864e-02
  1.6846588e-01
  1.8929884e-01
  2.6468446e+00
 -2.5870545e+00
 -1.2127451e+00
  1.8384223e-01
 -9.7940338e-01
 -4.3238252e-01
 -3.1043332e+00
  4.3644661e-01
  7.8708607e-01
 -2.8714702e+00
 -3.4766893e+00
 -1.3180035e+00
  1.4532840e-01
 -9.9909472e-01
  4.8587552e-01
 -1.0347497e+00
  1.7198589e+00
 -1.3600897e+00
  7.6033819e-01
 -7.2178859e-01
 -1.9041609e+00
  2.5249594e-01
 -1.3419472e+00
 -6.3122916e-01
 -1.0973639e+00
 -1.8834183e+00
 -2.1475720e+00
  1.0334728e+00
  2.3821578e+00
 -1.4298444e+00
  5.1187778e+00
  4.1036091e+00
  1.9586124e+00
  1.6508945e+00
 -1.4619898e+00
 -3.7241118e+00
 -7.3923343e-01
  1.2495382e+00
 -3.0102453e+00
 -7.6804525e-01
 -1.3054600e+00
 -3.4048579e+00
  3.5444834e+00
  1.3157183e+00
 -1.6390977e+00
  2.3005880e-01
  4.2574739e+00
 -4.9848676e-01
  1.9382077e+00
  2.4362724e+00
 -1.6952370e+00
 -1.2085882e+00
  1.3945230e+00
  2.5361829e+00
  1.0455654e+00
 -1.4268978e+00
  5.5418068e-01
 -4.2789508e-02
  3.2944422e+00
 -1.5579896e+00
 -2.5725412e-01
 -1.0066181e+00
  1.3755345e+00
 -8.0450094e-01
 -6.9059956e-01
 -6.0281545e-01
 -1.1330209e+00
 -3.1188841e+00
  1.2179104e+00
  1.4037662e+00
 -1.5895706e-01
  3.8738585e+00
  7.8556263e-01
 -5.3690452e-02
 -2.4138234e+00
 -8.2952029e-01
  1.0871351e+00
 -4.9622822e-01
 -2.0297270e+00
  7.2813463e-01
 -1.4443824e+00
 -3.4628928e-01
 -5.6235185e+00
 -1.4636518e+00
 -4.1287088e-01
  3.3453572e-01
 -3.8474996e-02
  1.0531108e+00
  1.1127770e+00
  5.5659592e-01
  1.3165787e+00
  4.7205608e-02
  1.2411481e+00
  2.3062396e+00
 -1.7297966e+00
  1.1975327e+00
  1.4072006e+00
  8.7040484e-01
  4.1826191e+00
 -2.3662460e+00
  6.3986093e-01
  8.5431987e-01
  2.4174297e+00
 -1.7534328e+00
  9.4780850e-01
 -1.8955967e+00
  2.2608237e+00
 -9.3367255e-01
 -3.2426599e-01
 -1.0758119e+00
 -3.7464699e-01
 -6.6239458e-01
  1.5005981e+00
 -1.6035086e+00
 -3.0314901e+00
  2.8086567e+00
  1.0683393e+00
  2.9288847e+00
 -4.1027734e-01
 -4.0254040e+00
  1.8852029e+00
  6.4665704e+00
  5.1699972e+00
  9.6020406e-01
 -2.8448537e-01
  5.0367290e-01
  1.0202392e+00
  2.2803657e+00
 -5.2413249e-01
  1.1458164e+00
 -1.1522954e+00
 -2.6188192e+00
  4.5912251e-01
 -3.9429996e+00
 -2.9436249e-01
  6.9144344e-01
  1.2034405e+00
  3.9197940e-01
  2.5375664e+00
  8.4371400e-01
 -6.4338422e-01
  5.5151131e-02
  3.4173179e+00
  1.3729293e+00
  5.8325596e-02
  2.7897971e+00
  2.0104122e+00
  7.4908048e-01
 -4.7813591e-01
 -6.8660505e-02
  1.5803216e-01
  2.6833016e-01
  1.3122931e+00
 -7.5537473e-01
 -7.4487007e-01
 -1.5889865e+00
  9.5231837e-01
  1.4862232e+00
 -5.0282419e-01
 -2.0936115e+00
  3.4773989e+00
 -4.1722994e+00
  1.7914923e-01
 -7.6179194e-01
 -5.8677220e-01
 -1.8595808e+00
  1.2486271e+00
  3.7891877e+00
  2.9928815e+00
 -1.3699536e+00
 -1.0524796e+00
  1.1473247e+00
  2.2190740e+00
 -7.9868264e-02
 -3.4070978e+00
  8.3405918e-01
  4.0589750e-02
  1.7208220e+00
  1.0760674e+00
  4.3668362e-01
 -1.5817906e+00
  8.2451779e-01
 -4.2334685e+00
  1.5226077e+00
 -1.5472389e+00
  2.0081475e+00
  1.0609293e+00
  5.7387489e-01
 -1.7668797e+00
 -4.9611297e-01
  9.4063437e-01
  3.5345018e-02
 -8.3966005e-01
 -2.0851321e+00
 -1.1000322e+00
 -1.0179341e+00
  6.3012488e-02
 -1.6867920e+00
 -1.9304266e+00
 -6.9444168e-01
 -1.4983361e+00
 -3.1183323e-01
  1.9133457e+00
 -5.3419113e+00
 -2.2791274e+00
  7.2247726e-01
 -2.4452245e+00
  3.4643564e+00
  3.7129436e+00
  4.4316417e-01
 -4.9211364e+00
  2.1245184e+00
 -3.0792332e-01
 -9.9034882e-01
  1.9158564e+00
 -3.3939834e+00
 -1.9900534e+00
 -2.7987924e+00
 -1.0447290e+00
 -1.4427546e+00
  6.5361094e-01
  7.3148355e-02
 -5.1061802e+00
 -3.3606675e-01
  7.2445875e-01
  4.2812443e-01
 -1.3156102e+00
  4.0560719e-01
 -8.0749053e-01
  1.6454813e+00
  5.9196787e+00
 -1.3625262e-02
 -2.6526320e+00
  2.1514802e+00
  7.8339241e-02
 -2.1146753e-01
 -8.6781418e-01
 -8.0835891e-01
 -2.1846550e+00
 -4.5266739e-01
 -1.4063716e-01
 -1.3527369e+00
 -1.3476588e+00
  1.8338743e-03
  1.8338743e-03
  1.8338743e-03
  1.8338743e-03
  1.8338743e-03
  1.8338743e-03
  1.8338743e-03
  1.8338743e-03
  1.8338743e-03
  3.5708311e-03
  3.5708311e-03
  3.5708311e-03
  3.5708311e-03
  3.5708311e-03
  3.5708311e-03
  3.5708311e-03
  6.2058666e-03
  6.2058666e-03
  6.2058666e-03
  6.2058666e-03
  6.2058666e-03
  6.2058666e-03
  6.2058666e-03
  5.5716210e-03
  5.5716210e-03
  5.5716210e-03
  5.5716210e-03
  5.5716210e-03
  5.5716210e-03
  5.5716210e-03
  3.7785852e-03
  3.7785852e-03
  3.7785852e-03
  3.7785852e-03
  3.7785852e-03
  3.7785852e-03
  3.7785852e-03
  1.2551631e-03
  1.2551631e-03
  1.2551631e-03
  1.2551631e-03
  1.2551631e-03
  1.2551631e-03
  1.2551631e-03
  2.7323222e-05
  2.7323222e-05
  2.7323222e-05
  2.7323222e-05
  2.7323222e-05
  2.7323222e-05
  2.7323222e-05
