nep4_zbl 2 O Ga 
zbl 1 2
cutoff 6 4 418 127
n_max 8 6
basis_size 12 10
l_max 4 2 1
ANN 100 0
 -8.3496547e-01
 -1.0743127e+00
 -1.1752572e+00
  4.8536584e-01
 -2.6924736e+00
  1.0645477e+00
 -3.7638500e-02
 -2.0869155e-01
 -2.0085604e-01
  9.1510996e-02
  1.9723065e-01
 -3.9946756e-01
  9.2201406e-01
 -3.4178793e-01
  3.6972821e-01
 -4.9827863e-02
  8.8123947e-02
 -2.7353087e-01
  2.0874135e-01
  2.5349075e-01
 -1.3118187e-01
  2.6580983e-01
  2.3989813e-02
  8.4103130e-02
  6.7435616e-01
  2.4222833e-01
  1.5146126e-02
  6.2689763e-01
  1.9196531e-01
  4.3391439e-01
 -4.0203720e-01
  1.5469297e-02
  2.1246234e-01
  1.2664852e-01
  1.6809516e-01
 -3.5129402e-02
 -5.4360718e-01
 -1.2004131e-02
  1.1213537e-02
  1.8415555e-01
 -2.0050226e-01
 -4.3750625e-02
 -1.9460776e-01
  1.8209228e-01
 -1.5383385e-01
 -1.5462455e-01
 -3.7743419e-01
  9.7757354e-02
 -8.6809701e-01
 -3.1661004e-01
 -2.4040048e-01
  8.3887905e-02
 -1.6337061e-01
  1.7984719e+00
 -1.9956933e-02
 -3.7306216e-01
  1.4671762e-01
 -1.0384933e-01
  3.4991462e-02
 -8.9363582e-02
 -4.0698390e-02
  4.7397786e-01
  8.1647778e-01
  1.3797490e-01
  2.6497906e-01
 -1.3096918e+00
 -1.5906815e-01
  6.0810500e-01
  2.3793747e-01
 -1.0181485e-01
 -1.0550410e-01
 -9.9259876e-02
 -2.3087466e-02
  3.8770118e-01
  8.7983829e-01
 -1.1622344e+00
  2.1313187e-01
  6.2813476e-02
  1.2333740e-01
  2.9975647e-01
 -1.2367616e+00
 -1.5963507e-01
 -4.6974125e+00
  8.9472347e-01
  8.9819118e-02
  2.5401041e-01
 -2.9668512e+00
 -2.1767144e+00
  2.5796454e-02
 -8.5844821e-01
 -2.1648461e-01
  9.5083970e-01
 -1.2232810e-01
 -3.6150625e-01
  4.7711343e-01
 -3.1771562e-01
 -3.7582189e-01
 -2.8158271e-01
  1.4395787e-01
  6.3258946e-01
 -8.2028872e-01
 -5.5015527e-02
  1.0702877e+00
 -4.3039174e+00
 -1.8487461e+00
 -1.0524107e+00
  1.5401297e-04
  4.8525953e-01
 -7.7042383e-01
  1.5732477e+00
 -1.4455220e+00
  5.6991893e-01
  1.3350184e+00
  4.3932307e-01
  2.7525430e+00
 -3.7682722e+00
  3.6835812e-02
 -4.7139373e+00
  1.6240423e+00
  1.0724993e+00
  3.1212206e+00
  2.1756356e+00
 -2.3729719e-01
 -2.5628672e+00
 -5.2193624e-01
  2.5686257e+00
 -2.3443787e+00
 -1.7289722e+00
 -1.9104587e+00
 -8.8767236e-01
  1.5734099e+00
 -1.5476118e+00
  9.4173568e-01
 -1.8833468e+00
 -2.1283667e+00
 -1.2450655e+00
 -3.6198664e+00
 -8.2354015e-01
 -2.4272306e+00
 -1.0778980e-01
  5.7438940e-01
 -1.0764944e-01
  3.2962101e+00
  2.3966743e-02
 -2.2124257e+00
  4.3804911e-01
  2.1803727e+00
  2.7864842e+00
  1.9464352e+00
 -2.0404910e-01
  4.8004347e-03
  9.8145641e-02
 -8.2397741e-01
  4.8059464e+00
  7.3068452e-01
 -1.2902369e+00
  5.7241988e-01
  3.2481103e+00
 -1.0177456e+00
  1.1639051e+00
  2.7684503e+00
 -2.9499349e-01
 -5.5284047e-01
  2.6055104e-01
 -6.2940484e-01
  3.2288079e+00
 -3.6112959e+00
  1.1611688e+00
 -2.1576777e+00
 -3.1736577e+00
 -3.1238432e+00
 -3.6657360e+00
 -2.9963803e+00
 -6.2064707e-01
  3.0650330e+00
  2.7174719e-02
 -2.2667761e+00
 -3.2676671e+00
  6.5804906e-02
 -1.5046140e+00
  2.3185189e+00
  1.9632504e+00
  1.6027466e+00
 -3.5045514e+00
  2.2978322e-01
  6.2891424e-01
  7.5305730e-01
 -6.6584247e-01
 -4.9736171e+00
  9.0706062e-01
 -1.0280558e-01
  9.3029666e-01
  8.9794582e-01
  1.7510454e-01
 -3.4542918e+00
  3.7687361e-01
 -1.6666874e+00
  1.0327182e+00
  4.4216794e-01
  1.1721364e-01
 -1.5578195e+00
 -3.3107059e+00
  5.4911494e-02
 -1.0842427e+00
  3.8855906e+00
  9.3190514e-02
 -4.1665721e-01
 -3.4090858e+00
  2.0470390e+00
 -2.7903941e+00
  1.6182071e+00
 -8.2416105e+00
 -3.8291490e+00
 -5.8547716e+00
 -2.1252029e+00
 -1.9352110e-01
 -1.6211089e+00
 -6.1476669e+00
 -1.8628494e+00
 -2.3361070e-01
 -1.9309711e+00
 -2.3872307e-01
 -9.0306532e-01
 -4.5610271e+00
 -1.4277940e+00
  2.7776268e-01
 -4.9898997e-01
 -5.4495555e-01
  4.1215219e+00
  1.3660604e-02
 -3.1101254e-01
 -4.3924646e+00
  4.3275709e+00
  2.4731469e+00
 -1.2465400e+00
  2.6222217e-01
  2.7117637e-01
  1.7421936e+00
  1.5707830e+00
 -4.5125622e-02
  1.9520702e+00
 -1.6440481e-02
  1.2854974e-01
 -1.2835721e+00
 -1.1544053e-01
  9.5668119e-01
  3.9533338e-01
 -2.4881494e+00
  9.0786241e-02
 -2.3874765e-02
  3.3426433e+00
  1.3472150e-01
 -8.1570640e-02
  8.2805999e-02
  2.3479150e-01
  5.4700541e-01
  1.0399066e+00
 -4.8328519e+00
  1.4328842e-02
 -8.1074387e-01
 -2.6876533e+00
  2.9456527e+00
  1.9617329e+00
 -2.3822801e+00
  1.4064767e+00
 -2.1597278e+00
 -3.0918724e-03
 -1.7826805e+00
 -9.9511671e-01
  6.1855555e+00
  4.2740071e-01
  7.0521116e-01
 -1.0050113e-01
  7.0226711e-01
  1.0836796e+00
 -1.0621997e+00
  3.1882116e-01
  3.2562470e+00
 -2.5963626e+00
 -1.5531260e+00
  2.9038067e+00
  2.2741954e+00
  2.0409153e+00
 -1.9041176e-01
  9.9892253e-01
  2.0805068e+00
  3.6085112e+00
 -2.8563899e-01
 -1.9023640e-01
  1.9453886e+00
  1.4856014e+00
 -5.2187128e+00
 -5.0700266e-02
 -1.4081781e-01
 -1.9453068e-03
 -1.2237811e-01
  1.9967397e+00
 -1.0375959e-01
  4.0727820e+00
  1.2320851e+00
 -3.5209483e-01
  1.6118787e-01
 -1.7116909e-01
  2.5743049e-01
 -8.6141884e-01
 -1.1511100e-01
 -2.3260581e+00
  3.6608655e+00
 -2.9119098e-01
 -4.8280721e+00
  6.4232600e-01
  2.8217666e+00
 -6.7741203e+00
 -4.3561812e-02
 -3.4229128e+00
 -1.5955287e+00
  2.3310649e+00
 -7.2057515e-01
 -3.1036758e+00
 -4.5427523e+00
  5.7002831e+00
 -6.9985638e+00
  2.0121665e+00
 -1.0795970e-01
  1.3169100e+00
 -1.1301249e+00
 -2.7489941e+00
  1.4447787e+00
 -3.1155648e+00
 -5.6190124e+00
 -2.4283249e+00
  1.2669061e+00
 -5.8478346e+00
 -4.3727911e-01
 -1.7084171e+00
 -7.3439986e-01
  7.9362229e-02
 -2.4501791e+00
 -2.4105511e+00
 -4.6436100e+00
 -1.7434900e+00
 -3.9874563e+00
 -5.1273924e-01
 -2.9045887e-02
 -2.0347171e-01
  3.4173291e-02
  2.2422912e+00
 -1.2492150e+00
 -1.5530357e-01
 -6.7426008e-01
  1.4594719e-01
 -9.4081692e-02
  1.1278088e+00
 -8.1461209e-01
  2.6608172e-01
 -1.1774322e-01
  1.0640930e-01
 -3.4766287e-01
  1.1477075e+00
 -1.4922310e-01
 -8.3186811e-01
  2.3335114e-03
 -1.2280560e+00
 -2.9177878e-03
 -2.1369486e+00
 -9.1266446e-02
 -1.7219787e-02
 -4.6084109e-01
 -2.7429241e-01
 -2.3016269e+00
 -9.2238837e-01
 -3.6571899e-01
  3.3456182e-01
 -7.4434668e-01
  7.1199870e-01
 -3.2759824e-01
 -2.1281223e+00
  2.7895829e-01
  2.0261447e+00
  1.8945833e-01
 -6.1008972e-01
 -2.5175467e-01
 -2.0304551e+00
  6.5046835e-01
 -1.8952683e-01
 -1.8129071e+00
  2.6020393e-01
 -1.0415789e+00
  1.3889396e+00
  2.4703448e-01
 -1.0119368e+00
 -2.4535868e+00
 -6.1179167e-01
  2.6252391e+00
  1.3128941e-01
  1.1498629e+00
 -1.4113145e-01
 -1.0209383e+00
 -5.5218774e-01
  3.2937393e-02
  1.3332866e-01
 -2.0043433e+00
 -4.1928223e-01
 -6.1013985e-01
  4.8868023e-02
  1.3202068e+00
  1.9516749e-02
  2.0650218e+00
  9.1052693e-01
  1.2619061e+00
 -3.4755102e-01
 -2.9066856e+00
  9.8632264e-01
 -8.7772781e-01
  1.0747172e+00
  1.6450806e+00
  3.8955507e+00
 -1.5649914e+00
  6.8925226e-01
 -1.4133836e-01
 -3.2478333e-01
 -1.4408876e+00
  1.2801234e+00
 -1.0523197e-01
  2.4004883e-01
 -1.1230376e-01
  9.1703361e-01
 -5.3280431e-01
  2.3284311e+00
 -1.0584337e+00
  1.3397870e+00
 -3.9674401e-02
  2.0409852e-02
 -3.2819268e-01
 -3.6601856e+00
 -3.8133307e+00
  1.2040963e-01
  1.9320157e+00
 -8.6382292e-02
 -1.5762464e+00
  4.3964090e+00
 -7.8549868e-01
 -2.5217810e+00
 -2.3846464e+00
  2.6539758e-01
 -2.1644121e-01
 -3.3290961e-01
 -4.1440859e-01
 -3.9247066e-01
 -5.5423701e-01
 -7.0585060e-01
  5.1459155e+00
  1.7261388e-02
  1.6779402e-01
 -3.6990467e-01
  4.9649466e-02
 -6.8152279e-02
 -2.1139307e+00
 -2.0358564e-01
 -2.9027748e+00
 -2.8408287e+00
 -3.7964282e+00
 -6.2215403e-02
  1.5334438e+00
  6.6339642e-01
 -2.0161891e+00
 -1.1815907e+00
 -4.6854648e-01
  4.1443422e-02
 -1.0229251e+00
  2.8579301e-01
 -3.6625261e+00
 -2.8103349e-01
 -1.1136149e+00
  9.3835002e-01
  1.1367627e+00
 -5.2209276e-01
  1.9086013e+00
 -2.0247269e+00
  9.4622481e-01
 -6.6525531e+00
  4.1198282e+00
  1.4151555e+00
 -2.4249151e+00
 -1.1402198e+00
  1.6555655e+00
  2.6591563e+00
 -1.8926102e+00
  4.9079723e+00
  2.8870949e-01
 -1.4418461e+00
  1.1871402e+00
 -1.1729230e+00
 -3.5813230e-01
  2.5808020e+00
  2.1661773e+00
  6.6125154e-02
 -1.1018008e-02
  6.4064819e-01
 -1.1831692e+00
  1.6822205e-01
  1.3183604e-01
  1.4294906e-01
 -5.5434817e-01
 -1.1547370e-01
  1.9058883e-01
  9.3603738e-02
 -2.1808860e+00
 -1.1972849e+00
  4.8993617e-01
  2.7171171e+00
  2.3574516e-01
  3.1011922e+00
 -2.2351189e+00
 -1.3098638e+00
 -1.4695413e-02
  6.2586129e-01
  2.5750107e-01
 -2.1140568e+00
  7.4872896e-02
 -8.9630991e-01
  4.5611463e-02
 -8.2406688e-01
 -7.0892110e+00
 -3.0072773e+00
  5.1374849e-02
 -9.4646227e-01
  5.4931056e-01
  1.1608261e-01
  1.8738408e-01
  4.7246485e+00
 -2.2564595e+00
  2.9161456e-01
 -8.4303804e-02
 -3.3814397e-01
  1.1609326e-01
  4.2677829e-01
  1.3820505e-01
 -3.0451732e+00
  1.0839695e-01
 -1.0302369e-02
  6.7024752e-02
 -1.9862326e-02
 -2.1217506e+00
  5.1965445e-01
 -1.6539128e-01
 -1.0034524e-01
  1.0687646e-02
  1.6528280e+00
  2.2448430e+00
 -6.4987469e-01
  1.1001181e-01
  3.1594092e-01
 -3.8769953e-02
  2.4914061e-01
  1.8710752e-01
  1.2172742e+00
 -8.0023068e-01
 -2.6987851e-01
  1.1054866e+00
 -1.1301110e+00
 -1.1243656e+00
 -2.6949510e-01
  2.4023211e+00
 -4.1137602e-02
 -6.7784691e-01
 -9.2938280e-01
  4.0167235e-02
 -1.6544002e+00
  3.4796540e-02
 -4.5863028e+00
  4.6743624e-02
  7.2639149e-01
  2.2960396e+00
  4.6662390e-01
 -9.8001480e-01
  1.4673513e-02
 -8.7093771e-02
 -9.5445019e-01
 -4.6304131e-01
 -2.4646378e-01
 -2.0247824e-01
  1.1197629e+00
 -1.2656485e+00
  1.7453101e+00
  3.8613968e-02
 -2.6861224e-01
 -1.5991651e+00
  2.4386641e-01
  4.0230355e+00
  5.5815667e-01
  1.3033873e-03
 -3.1666908e-02
  5.5474651e-01
  1.6446826e-01
  1.3399163e+00
  1.4384506e+00
  3.2575867e+00
  4.4122815e-02
 -1.6508389e-01
 -1.0562375e+00
 -2.5160995e-01
  6.4726867e-02
 -2.3944889e-01
 -1.5671501e-03
 -4.0600830e-01
 -2.5611413e-01
 -2.8874141e-01
  6.1666447e-01
  4.8403002e-02
  7.0498288e-02
 -4.5863703e-01
  9.7840828e-01
 -2.2310212e+00
  8.1894137e-02
 -2.0650976e+00
  1.7553970e+00
 -6.9266304e-02
 -1.7337248e+00
  1.8690255e+00
  2.4237068e+00
  1.7562733e+00
  9.2545611e-01
  3.6948773e-01
  3.2767694e+00
 -9.4534457e-01
 -7.4830490e-01
 -1.0307795e+00
  4.5243004e-01
  1.7414641e+00
  4.9190307e+00
 -3.6219895e-02
 -9.1492522e-01
 -3.3181694e+00
  5.3950868e+00
  1.4731573e-01
  7.6017135e-01
 -4.2911193e-01
  5.2206163e+00
 -2.7128279e+00
  4.7992463e+00
 -9.0894496e-01
  2.5344906e+00
  6.0030646e+00
  1.9167350e-01
  3.9683968e-01
  1.5580748e-01
  2.6673689e+00
  1.9717504e-01
  3.2121903e-01
  1.3358600e-01
  8.7478089e-01
  3.4484798e-01
 -1.1422382e-01
  1.9233513e-01
  8.7322164e-01
  1.3859086e-01
  1.9253168e-01
  7.0297086e-01
  2.7627512e-03
 -1.2424365e+00
 -5.3343767e-01
  1.2134480e+00
 -6.4360940e-01
 -1.5152483e-01
 -1.9251568e+00
  1.6886109e-01
 -2.6834764e-02
 -4.2593077e-01
 -5.5683982e-01
  8.8119835e-02
  1.9800907e+00
 -4.1076258e-02
 -5.1488692e-01
  5.7621241e-02
  1.9059081e-01
 -1.5602455e-01
  4.7534239e-02
  1.3991667e-01
 -3.8574025e-02
  3.4669194e-01
 -6.3205086e-02
  3.6494681e-01
  9.8599839e-01
  5.0772882e+00
  5.9296835e-02
 -1.0286676e-01
 -4.5718413e-02
  9.9212795e-02
 -4.9590218e-01
  2.8051338e-01
 -5.5970488e+00
 -3.5471946e-01
  3.3976181e+00
 -1.0840104e-01
  2.7345449e-02
  6.3001961e-01
  1.7970430e+00
 -5.7727762e-02
  1.0801697e-01
  7.6847412e-02
  1.9817199e+00
  9.5098980e-02
 -1.7971200e-01
  8.7214571e-01
  1.6913567e-01
 -3.4054297e-01
  2.4002650e-01
 -3.9253149e-02
  2.0250418e+00
  1.9497820e+00
 -3.0360343e-02
  5.9964746e-01
  7.0971900e-01
 -3.1985581e+00
 -4.0666696e-01
  4.9713492e-01
  7.8145800e+00
 -5.3091993e+00
 -7.3926604e-01
  5.2728319e+00
  3.8146994e+00
  5.9246526e+00
  8.6446160e-01
 -1.2720246e+00
 -3.8047111e-01
  1.7746203e-01
  1.4185425e+00
  5.0455385e-01
  1.0563551e+00
 -1.4063458e-01
  5.4170273e-02
 -7.7200836e-01
  1.2586774e+00
  7.8859091e-01
 -1.1434300e+00
  2.1101236e+00
  2.4743195e+00
 -4.7591976e-03
 -1.2919292e+00
  3.0840144e+00
  7.5045866e-01
  2.4635789e+00
 -7.8393228e-02
  1.4636438e+00
  1.3029305e+00
  1.1233151e+00
 -1.9779419e+00
  4.6614623e+00
  4.5711684e+00
 -8.3790737e-01
  9.4953972e-01
  1.9064991e-01
  1.0479895e+00
 -6.2634444e-01
 -2.7693918e-01
  1.1762361e-01
 -1.7199288e-01
 -7.2856736e-01
  8.2337213e-01
  3.2698393e-02
  1.8563244e+00
 -1.8033405e-01
 -2.3010507e-01
  9.6034867e-01
  7.9283454e-02
 -2.7780130e+00
  2.6092622e-01
 -3.1970456e-01
  1.0528163e-01
 -2.9132330e-01
  6.1974864e-02
 -6.0865450e-01
  9.8698549e-03
 -1.5933973e-01
  3.3223592e-02
 -2.0770082e-01
 -1.9835803e-01
  7.0886211e-03
 -2.2281032e-02
  3.3153915e-01
 -2.5745687e-01
  2.0568624e+00
 -3.3769584e-01
 -1.2122546e-01
 -2.8013283e-01
  4.5365688e-01
  1.8358319e+00
 -8.3319539e-01
 -1.2614160e+00
 -2.1031643e-01
 -1.0170992e-01
 -5.7389677e-02
 -1.3245025e+00
  1.8904246e-01
 -8.0978274e-01
  1.7673896e-01
 -1.6200536e-01
  8.9138001e-02
  2.2482772e-01
 -2.7117670e-01
  5.9347498e-01
 -1.9649646e+00
 -6.4145226e+00
 -1.3857508e-01
 -8.5247554e-02
 -2.2054768e+00
 -5.5721808e-02
 -7.2443411e-02
  7.8590995e-01
  2.8381053e-01
  2.4384154e-01
 -7.2793543e-02
  4.2047057e-02
 -7.8357302e-02
  1.4915597e-01
  6.6939330e-01
 -2.4184353e+00
 -1.7962477e-01
 -1.0538921e+00
  1.0902932e-01
  3.3941360e+00
  1.1968043e+00
 -5.4490441e-01
  3.2061541e+00
  2.9026461e-01
  7.5154012e-01
 -1.0499038e-01
 -1.3854377e+00
 -2.0642714e-01
  8.1739205e-01
  2.2299515e-02
 -9.8903525e-01
  3.3548823e-01
 -1.5037781e-01
 -3.1032152e+00
 -1.2981849e+00
 -1.5593350e+00
 -8.0108392e-01
 -5.2851653e-01
  4.0953913e-01
  7.3335551e-02
  1.5363721e+00
  1.4895234e+00
  1.2634456e-01
 -1.7203542e+00
 -1.2370824e+00
 -2.6431007e+00
 -1.3983207e+00
  1.4723130e+00
 -1.0286141e-01
  5.9631596e+00
  4.6551671e+00
  9.2936575e-02
  2.6658404e-01
 -1.5431974e+00
  4.4541895e-01
  5.8813360e-02
  5.2400630e-02
 -2.8528786e-01
  3.4047189e-01
  3.0942984e-02
  4.1294560e-01
 -2.0415606e+00
 -5.3575498e-01
 -4.1345051e-01
 -1.1061523e+00
 -6.0223985e-01
  2.9596894e+00
  1.8077813e+00
  8.7357527e-01
 -1.8600610e+00
  5.8111370e-01
  1.2134326e-01
  8.6895472e-01
 -4.3328121e-01
 -1.7456868e-01
  1.8682373e-01
 -6.1528766e-01
 -1.3835396e-01
 -6.8627670e-02
 -4.7246030e-01
  3.8973865e-01
  3.5304254e-01
  4.2941855e-04
 -6.0983770e-02
 -1.6926297e+00
 -1.5350909e+00
 -2.0104095e-01
  3.9415371e-01
 -4.4108245e-01
  7.4617290e-01
 -2.7028134e-01
 -1.8869115e+00
  1.5338223e+00
  5.5022579e-01
 -3.1142564e+00
 -5.4274166e-01
  1.4173280e+00
 -8.5638292e-02
 -5.4740649e-01
 -1.6457930e+00
  9.3113589e-01
  4.6622589e-01
  1.3888251e+00
  6.0608202e-01
  7.6802880e-02
 -9.3334799e+00
 -1.1229910e-01
  7.8378003e-03
  1.8746285e-01
 -3.0508909e+00
  2.7307330e-02
  1.8196063e-01
 -1.4580959e-01
  3.7918612e-01
 -7.7273175e-02
 -1.4111930e+00
  1.8840089e+00
 -9.6837109e-01
  2.7172134e+00
  1.3816265e+00
 -2.1473029e+00
  7.0478666e-01
  2.5147793e+00
 -2.9876242e+00
  1.3368063e+00
  7.1971364e-02
 -8.7939598e-02
 -2.7539420e+00
  1.2240661e+00
 -4.0806264e-01
  3.6595020e-01
  4.0809166e-01
  2.8683895e-01
 -4.9184123e-01
  2.5745994e-01
 -3.0630596e+00
 -5.7745880e-01
  9.5031238e-01
 -4.9993673e-01
  4.0219951e+00
 -1.5620482e-01
  4.7474470e-02
 -2.6898916e+00
  1.2598394e+00
  2.9266423e-01
  7.4097013e-01
  5.5144086e-02
 -1.0667937e-01
 -2.4863283e-01
  6.7625141e-01
  6.8172073e-01
  2.9756930e-01
  2.4117293e+00
 -2.8226072e-01
  2.1179709e+00
  1.4182564e+00
  3.2808936e-01
  2.7999914e-01
 -7.5699091e-02
 -3.5297091e+00
  2.3306908e-01
  7.8679383e-02
  1.3598533e+00
 -3.2712873e-02
 -4.5673981e-01
  5.7648849e-01
  1.1046093e-01
 -2.3967849e-01
  2.8735342e+00
  9.0576833e-01
  5.5061316e+00
 -4.8350272e+00
  1.6156907e+00
  1.0197262e+00
  5.3460938e-01
 -9.4634432e-01
 -3.5024309e-01
  4.4471685e-02
  4.4098314e-02
 -9.7143762e-02
 -3.4535842e+00
  1.5073130e-01
  1.2026031e-01
  1.4671506e-01
  2.4725022e+00
 -1.1293050e+00
 -1.3611060e-01
 -1.3617420e+00
  4.3583870e-01
 -5.7422185e+00
 -1.8448276e-02
  6.1859298e-01
  4.1162881e-01
  3.7796721e+00
 -4.2984128e-02
 -1.0672083e+00
 -1.6896399e+00
 -2.7341345e-01
  1.7090477e-01
  5.3429455e-01
  1.3645403e+00
 -8.3379918e-01
  1.9723937e-02
  2.6335976e-01
 -6.1582375e-01
 -3.5776386e-01
  5.7605799e-02
  2.0384998e+00
  3.8960898e-01
 -5.9517756e-02
  4.3202993e-01
  1.8688992e-01
  2.4989483e+00
  2.4838287e-03
 -2.9323167e-01
  2.0862675e-01
  2.3174782e-01
  1.0656214e+00
  5.8822832e+00
 -1.5638031e+00
  3.7137866e+00
  3.1805742e+00
  1.2573196e+00
 -2.2717180e+00
 -4.6491609e+00
  1.2022433e+00
  2.6269743e+00
  2.7443701e-01
 -2.2143722e-01
  8.5178807e-02
  3.5732877e-01
  2.0052497e+00
  8.6432284e-01
  3.0096438e+00
  1.4454584e-01
 -4.2522508e-01
  1.7119022e-01
  2.6275475e+00
 -2.8488752e-01
 -2.4424446e+00
  4.3602614e+00
 -3.5645372e-01
  1.0406401e+00
 -3.5915086e+00
  4.4912013e-01
  1.4286803e+00
  1.3326700e+00
 -1.3781912e+00
  2.0881918e-01
 -2.9801359e+00
  2.0935306e-01
  2.5094669e+00
 -7.0552385e-01
 -2.0312996e+00
 -5.9506536e-01
 -1.8171133e-02
  1.5130681e-01
 -5.0705333e+00
  1.6059268e-01
 -1.4187449e-01
 -5.0896919e-01
  6.7354664e-02
  3.4628838e-02
 -4.1031986e-01
 -1.0049848e-01
  2.8338945e-01
 -7.4787664e-01
  9.4499773e-01
 -5.5783617e-01
 -8.0148941e-01
 -1.8012496e+00
  5.5999614e-02
 -1.2360894e-01
 -6.0242200e-01
 -1.4465553e-01
  7.6049739e-01
  4.0157413e+00
  9.2567909e-01
 -3.1018887e+00
 -6.7526257e-01
 -6.8439895e-01
  7.4230111e-01
  5.6907052e-01
  1.7376360e-01
  1.9431316e+00
  1.4877561e+00
  3.6827767e+00
  9.6801972e-01
 -2.1449773e+00
  2.7919137e+00
 -3.9450057e+00
 -8.0083424e-01
  1.0491720e+00
 -1.3920221e-01
  1.3594021e+00
  6.7898029e-01
  1.9557294e+00
  1.9943454e+00
  9.3476337e-01
  1.2442321e+00
  6.7158484e+00
 -4.8837236e-01
 -3.3052072e-01
  3.4798844e+00
  1.0396757e+00
 -1.8472122e+00
 -1.5329841e-01
  4.8144770e-01
 -4.3549232e-02
 -6.9392198e-01
  1.4838998e-01
 -4.0271136e-01
  7.0189923e-02
 -1.0825061e-01
  7.4798870e-01
 -1.4420785e-01
  2.3154495e+00
 -4.1736193e-02
  4.3937367e-01
  6.0424119e-02
  5.2778833e-02
  2.1080303e-01
  1.4315428e-01
  4.7274163e-01
 -1.5851308e+00
  5.7320338e-01
  1.2907575e-01
 -4.9692786e-01
  2.4299395e-01
 -3.8531721e-02
  7.4139573e-02
  1.6170181e+00
  5.2387112e-01
  7.1791217e-02
  1.3394621e-01
  1.5148321e-01
 -7.5667024e-01
  1.7949927e-01
  2.6432323e-01
  7.8264785e-01
 -6.9832005e-02
  1.4497547e-01
 -3.2892973e+00
 -7.4394393e-01
  5.1797569e-01
 -2.5126430e-01
 -1.3650397e+00
 -1.0379020e+00
  7.0937634e-02
 -3.7421715e-01
  1.8756932e+00
 -5.0199856e-03
  1.1513369e-02
  6.9418900e-02
  1.4636190e-01
 -1.2540424e-01
  5.7902157e-01
 -2.8813310e+00
 -2.9932687e-01
 -7.4011348e-02
 -3.8862783e-01
 -9.5378155e-01
 -1.4416908e-01
 -1.2804940e+00
 -1.5436810e+00
 -2.0600250e-01
 -2.8127599e-01
  1.1097586e-02
  3.3879422e-02
 -1.6779615e-01
 -5.6186920e-01
 -1.5510870e+00
  2.8258278e+00
  4.3717871e+00
  1.0687638e+01
 -1.3948078e+00
 -4.0367918e+00
 -5.5127817e-01
  3.2645946e+00
  1.2312231e+00
  2.1450088e+00
  1.2566510e+00
  3.7657993e+00
 -1.8088810e-01
  1.0028561e+00
 -3.8807492e+00
  3.7318468e+00
 -9.9553949e-01
 -4.4961983e-01
 -1.5564758e+00
  5.4318266e+00
 -5.7387184e-02
 -3.1584857e+00
  6.1729991e-01
  7.4989753e+00
  3.7238529e+00
  1.3431096e+00
  3.1457820e+00
  9.1408956e-01
  1.0050172e+00
  1.0837719e+00
  1.2538184e+00
 -1.5695689e+00
 -7.0969421e-01
  3.0175883e-01
  2.4745786e+00
  1.4450843e+00
  4.7987301e-02
 -3.2303360e-01
 -1.0047386e+00
 -1.8573984e+00
  2.8822598e+00
 -9.1324717e-02
  4.3468618e+00
  8.5892135e-01
  2.3414631e+00
  5.3752398e-01
  3.6910956e+00
  1.6865619e+00
 -2.4602892e+00
 -2.7542696e+00
 -2.2866356e+00
  2.5090289e+00
  1.0908904e-01
 -7.6979816e-01
  8.0444038e-01
 -1.5357299e+00
  2.7380144e-02
 -1.0360821e+00
 -9.3965232e-01
  1.4016340e+00
 -3.9964001e+00
  9.1565847e-01
  4.0519456e-03
 -5.3583875e+00
  6.0628778e-01
  4.3758745e+00
 -1.2788476e+00
 -5.5030479e+00
 -3.3319116e+00
 -2.5083899e+00
 -2.0216041e+00
  9.0030885e-01
 -8.9998394e-01
  2.1613646e+00
 -1.0193325e-02
 -5.9084928e-01
 -2.4796392e-01
 -1.4655695e+00
  1.0281492e+00
 -5.3452009e-01
  1.3681756e+00
  1.3120137e+00
  6.7293143e-01
  5.6961358e-02
 -8.7746568e-02
 -1.5862752e-01
  2.0438371e+00
 -9.2631412e-01
  5.1894468e-01
 -3.5288471e-01
  8.8040358e-01
  9.1251314e-01
 -3.0001495e+00
  7.3989189e-01
 -4.7113302e-01
  8.4228563e-01
 -3.7649718e-01
  1.3363597e+00
 -4.4889081e-02
 -1.2074688e-02
 -5.4418647e-01
  1.0744863e-01
 -1.6185826e+00
 -2.3638546e+00
  9.8469716e-01
 -5.0598347e-01
  2.3905127e+00
 -3.9125750e+00
 -5.9643941e+00
  1.8403556e+00
 -7.3968723e-02
  5.4862399e+00
 -1.5806782e+00
  2.3867962e-01
 -1.4605165e+00
  8.2419330e-01
 -5.7925344e-01
  8.8467103e-01
  5.1864142e+00
 -1.7772266e+00
 -1.0265486e+00
 -4.5171199e+00
  1.8660944e+00
 -2.5360630e+00
 -2.1733098e+00
  1.9648800e+00
 -2.9991889e+00
  2.6128873e-01
 -1.5941782e+00
 -2.9327363e-01
 -1.5614655e-02
 -5.1741643e+00
  4.2749929e+00
 -2.7990999e+00
  2.4565506e+00
 -3.2636006e+00
 -3.1956203e+00
 -7.0703435e+00
 -4.2476341e-01
 -2.3973106e-01
 -7.9402231e-02
 -1.3466719e-01
  2.7914172e-02
  6.7850500e-01
  7.4616032e+00
 -3.7622118e-01
 -7.7132624e-01
  4.2129439e-01
 -4.6278588e-02
 -1.6154529e+00
 -1.0021956e-01
  9.3892115e-01
 -6.5183222e-01
 -2.9620427e-01
  1.9432336e+00
 -2.4089801e+00
  5.5422986e-01
 -4.3851357e+00
  3.3302820e+00
  9.3413281e-01
 -1.1844038e+00
  1.1543392e+00
 -4.3769863e-01
 -7.2062224e-02
  1.0201786e+00
  1.4210316e+00
  1.9874334e+00
  4.9327064e-01
 -4.1396882e-02
  1.0691162e-01
  7.8117675e-01
  2.5023615e+00
 -2.2501392e+00
  9.8848593e-01
 -5.4938012e-01
 -2.0704775e+00
 -8.6792976e-01
  1.3451879e+00
 -4.3906954e-01
 -2.7707796e+00
  8.3823693e-01
  1.0482652e+00
  1.2532115e+00
 -1.4635493e-01
 -2.3349173e-01
 -5.3832597e-01
  1.8865000e+00
  6.7572683e-01
  9.7028488e-01
  1.8259528e+00
  5.4040146e-01
 -4.5023143e-01
 -2.3796461e+00
 -6.0577744e-01
 -9.1737315e-02
 -6.4692014e-01
  3.3866397e-01
  5.5382746e-01
  1.4608093e-01
  1.4251877e+00
 -9.2605129e-02
  3.5864732e-01
  4.4743098e-02
  4.8099596e-02
 -8.3256882e-01
  6.5849376e-01
  3.9239675e-01
 -1.0524743e+00
 -4.1946530e+00
  7.8368723e-01
  3.4159246e-01
 -1.3566164e+00
  4.9537416e+00
  1.1068234e+00
 -1.7277835e-01
  2.6828668e-01
  3.6231849e-01
 -1.6643072e+00
 -3.7304249e+00
  3.3783920e-02
 -1.0092345e-03
  1.7001030e-01
  5.0565287e-02
 -1.7487552e+00
 -1.4509517e+00
  5.8386321e+00
  3.1695822e-01
 -1.0072634e-01
 -4.7023583e-02
 -2.8389278e-01
 -7.7888772e-02
 -1.7153949e+00
  1.2881079e+00
 -1.1425243e-01
  5.8418381e-01
 -1.1010083e+00
  2.0257984e-01
  2.7854133e+00
 -1.0415366e+00
  1.8984171e+00
  1.9448534e+00
 -4.8278588e-01
 -1.3783909e-01
  1.0912985e-01
 -1.8085431e+00
  9.5959762e-03
 -7.6286149e-01
  1.7659461e-01
 -6.5069985e-01
 -1.1000401e+00
 -8.9368507e-02
  4.6600163e-02
 -5.5343634e-01
 -2.0976588e-01
  5.2372974e-01
  2.5634363e+00
  1.6949954e-02
  1.3880843e+00
  1.5825465e+00
 -4.4612857e-03
  5.2764034e-01
 -8.7587090e+00
 -3.0964718e+00
 -1.2721646e-02
 -2.9496092e-01
  1.3774511e-01
  6.2109221e-02
 -8.3999527e-01
  5.6173837e-01
  4.8113593e-01
 -8.2603997e-01
 -3.9632283e-03
  1.0149250e-01
 -2.2645185e-02
  1.7661381e+00
 -4.6537984e-02
  2.8741765e+00
 -1.3139263e+00
 -1.2438939e+00
 -6.4922363e-01
 -6.0483617e-01
  1.8996185e+00
  1.3660207e+00
 -4.6773143e+00
 -7.1514881e-01
 -5.2937761e-02
 -1.4530160e+00
 -1.1533403e+00
 -5.4884686e+00
  4.6096864e-01
 -7.5846708e-01
 -2.4324949e+00
 -8.8301539e-01
 -2.0257039e-01
 -8.1452250e-01
  1.5895301e+00
  2.7690825e+00
  5.4771399e+00
 -8.9687616e-01
 -8.2533568e-01
  2.3635732e-01
 -1.7420921e-01
 -4.9287382e-01
 -1.7492038e-01
 -1.1908791e-01
  2.0569547e-01
  8.0659742e+00
 -1.4709216e+00
  2.5307453e-01
  1.2471375e+00
 -2.8588524e+00
 -3.3945205e+00
 -5.9208071e-01
  1.1364653e+00
 -3.2168651e-01
 -4.7594430e-03
 -7.0521855e-01
 -2.6937602e+00
  7.5774115e-01
 -4.5489785e-01
 -3.9587159e-02
  2.8297994e-01
 -3.2844115e-02
 -4.4944625e-02
 -4.5862353e-01
 -1.5726675e-01
 -1.6255064e-01
 -1.1569126e-01
  1.8291157e-01
 -2.0002171e-01
 -4.3633172e-01
  1.5411343e-02
  2.6489399e-02
 -4.1230166e-01
  2.6061574e-01
  1.8569386e-01
 -7.8093022e-01
 -4.4518448e-03
  2.0623391e+00
  5.3215805e-02
 -6.2144220e-01
  8.2666159e-01
 -2.6582468e-01
  3.6509627e-01
 -1.6939923e-01
  1.2736999e+00
  8.3318961e-01
  1.4621870e-01
 -3.7060204e-01
 -7.6538748e-01
  3.3005488e-01
 -6.4339727e-01
  4.2737504e-03
  4.6605101e-01
 -7.6775275e-02
  4.6413544e-01
  1.1895764e+00
 -1.3819642e+00
  1.9907647e+00
  4.0375376e+00
  7.2773480e+00
  5.5944753e+00
  1.3225946e+00
  3.0113351e-01
  4.7835364e+00
  1.4614396e+00
  1.6758239e+00
  1.4895517e-01
  1.8356408e+00
  2.1145937e+00
  1.9710888e-01
 -2.1213735e-02
 -1.8191667e+00
 -3.8070726e+00
  5.7311263e-02
  6.4133859e-01
  9.1464955e-01
  5.1685280e-01
 -3.0017704e-01
  6.7583299e-01
 -2.7452788e-04
 -2.1038647e-01
  2.3384910e+00
  1.3096268e+00
  1.8355605e-01
 -1.9250225e-02
 -1.7755520e+00
  1.6418679e-02
  5.7843840e-01
 -2.9310036e+00
  1.0352094e+00
  7.0824134e-01
  1.6857065e+00
 -1.9061836e+00
  4.8992401e-01
 -7.0877749e-01
 -2.4504788e-01
  1.4541222e-01
  4.6594715e-01
  9.5475906e-01
 -2.7701979e+00
 -1.4225419e-02
 -8.6743638e-02
 -6.2955368e-01
 -4.1316981e+00
  6.1968201e-01
  6.6569936e-01
  2.9712937e+00
 -4.3193994e+00
 -2.2913270e+00
 -2.2802384e-01
  8.7501651e-01
 -3.4765828e+00
  2.1973538e+00
 -4.1978523e-01
  6.5124780e-01
  1.4091825e+00
 -1.0617665e+00
  3.9147469e-01
  4.6235582e-01
 -5.5463605e+00
 -1.5264423e+00
  2.3377812e+00
 -1.4311903e+00
 -9.4080800e-01
  4.8057798e-02
 -1.1357025e+00
 -1.5409476e+00
  4.4141178e+00
 -3.6132935e-01
 -2.6231292e-01
  1.0313523e+00
 -7.1041179e-01
 -2.5808716e-01
 -1.9099269e+00
 -1.5186733e+00
  1.5664004e+00
 -5.3906304e-01
  2.5783712e-01
  1.7973648e+00
  3.4357765e+00
 -9.2973351e-01
 -5.3828597e+00
  1.8802881e+00
  5.4790101e+00
 -4.2909148e-01
  4.5402821e-02
 -2.0315057e-01
 -1.1705345e+00
 -1.0608925e+00
 -6.7148082e-02
 -3.1186993e+00
  3.7037319e-01
  1.3459507e+00
  4.2204157e-02
 -5.7909727e-01
 -3.6277769e+00
 -3.8074782e-01
  1.0262728e+00
  1.4912900e-01
  1.0585424e-02
  2.4344466e+00
 -5.0725454e-01
  1.3330798e-01
  4.5257792e-02
 -1.9163264e-01
  2.4513772e-02
  6.0014814e-01
 -1.5437150e-01
 -4.2370800e-02
 -4.1070011e-01
 -1.9908358e-01
  4.4339959e-02
 -9.3353683e-01
  5.6843734e-01
  1.0725478e+00
 -6.1923063e-01
 -2.2823861e-01
  2.1935889e-02
 -2.3765898e-01
  4.4352835e-01
 -6.4420044e-02
  2.7060142e-02
  1.9442031e-01
 -3.0481446e+00
  4.5272274e+00
 -5.7492793e-02
 -3.2120008e+00
  1.7851456e-01
 -4.1414136e-01
 -9.3999691e-02
  1.7244836e-02
  3.2507148e-02
 -3.2450548e-01
 -7.6439267e-01
  2.0173760e-01
 -3.5353344e-02
 -6.5118343e-02
  3.4062853e-01
 -2.1557543e-01
  2.8106791e-01
 -1.1317736e+00
  4.9077802e+00
 -2.4315740e-01
  6.9930112e-01
 -6.7404801e-01
 -2.5611421e-01
  2.9893529e-01
 -8.3250087e-01
 -3.6051735e-01
 -1.6235614e+00
 -8.3503120e-02
  8.8157326e-01
 -1.7023611e-01
 -5.9671510e-02
  6.3483879e-02
  5.8205605e-02
 -1.4756063e-01
 -5.3974097e-03
  8.4640324e-02
  4.2642424e-01
 -7.8665644e-02
 -2.9309583e-03
 -2.8721449e-01
  4.7041410e-01
 -6.3609533e+00
  1.1896224e-01
 -3.2252375e-02
  7.3703504e-01
 -1.8695097e-01
  6.4138734e-01
 -2.4918607e-02
 -3.0867043e+00
  8.9790180e-02
  1.9139752e-01
 -2.3735542e+00
 -9.0474539e-02
  6.3946471e-02
  7.2800994e-01
  6.2384135e-01
 -6.0924185e-03
 -1.3676651e-01
  4.5136228e-01
 -3.8719353e-01
 -7.2513595e-02
  1.0596858e+00
  2.1618555e-01
 -2.4883179e-01
 -4.0397048e-01
  2.0174069e+00
 -3.9035222e-01
 -5.6604815e-01
 -3.2248609e+00
  1.5759988e+00
 -1.9454592e+00
  1.4894304e-01
 -5.1067900e-02
 -3.1696835e+00
 -3.0430910e-01
  4.0233842e-01
  2.0607425e-01
 -1.4734718e+00
  1.1474773e+00
  4.2936018e-01
  7.2011614e-01
  1.4238802e-01
 -2.2926736e-01
 -1.5864375e-01
  2.2787231e-01
  3.4164223e-01
 -7.2268713e-03
 -8.2930297e-01
 -9.1505751e-02
  2.6005571e+00
 -1.8373555e+00
 -6.1183929e-01
 -2.7164462e-01
 -5.5819187e-02
  3.1650871e-01
 -2.9112348e-01
  5.4904837e-02
  1.0169983e+00
  4.4856837e-01
 -3.7117202e-02
 -4.8046701e-02
 -8.8459395e-02
  5.0691754e-01
  1.7587388e-01
 -1.9690845e+00
 -2.4720725e-01
  1.1615390e+00
 -4.3657217e-03
  1.7686616e+00
  4.3401815e-02
  2.0691018e-01
  7.6234800e-01
  4.0951851e-01
 -2.8875113e-01
 -2.4057851e+00
 -1.3763586e+00
  4.5034990e-01
 -2.4557330e-01
  1.3188368e-01
 -5.4753888e-01
 -5.9582394e-01
  1.2232743e-01
  2.7180033e+00
  1.3616672e-01
 -6.6060811e-01
  1.8130527e-01
 -9.7671974e-01
  8.1798276e-03
 -4.5742813e-02
  1.9867836e+00
  2.1298578e+00
 -3.8124018e+00
 -9.1287738e-01
 -4.3621702e+00
  1.9623436e-01
 -4.3310251e+00
 -1.8036151e+00
  2.3283543e-01
 -1.2836564e-01
 -4.4111186e-01
  9.7977287e-01
  4.0245714e+00
 -6.4982700e-01
 -5.5485505e-01
  2.4892594e-01
 -1.5708375e-01
 -1.5744491e-01
  4.7884092e-01
 -2.2568765e+00
  2.0163739e+00
 -3.6680464e-02
 -1.9056852e+00
 -6.9685805e-01
 -1.0349864e+00
 -3.0521581e-01
 -1.4192212e-02
  1.3235865e+00
  4.5994255e-01
  3.3279865e+00
  1.4609711e+00
  4.2659059e-02
 -4.6256599e-01
 -3.2555885e+00
  9.9799536e-02
  3.8110399e+00
 -9.4509266e-02
 -1.4359511e+00
  3.1930074e-01
 -9.5497936e-02
 -3.9155215e-01
  1.7587179e+00
  2.6040396e-01
  4.3072681e+00
 -5.9581571e-03
 -1.2684685e+00
 -8.3116010e-02
 -4.3991444e-01
 -3.0786829e+00
 -3.4225100e-01
  4.2454764e-01
  5.3888544e-02
 -8.6097538e-01
 -1.2618420e-01
 -5.4070866e-01
 -2.1176705e+00
  1.2395846e+00
  3.1662323e+00
 -2.2725658e+00
 -7.6545584e-01
 -2.0057726e+00
  3.4491807e-01
  2.8950270e-02
  6.3714164e-01
  2.0968150e-01
 -4.8284277e-01
 -3.3143827e-01
  1.9350377e-01
  1.7025886e-01
  1.4175417e-01
 -7.6971695e-02
 -5.5765893e-02
 -1.8289155e-01
 -2.7426025e-02
 -1.5060368e-01
  1.1730286e-01
  4.3559852e+00
  1.6765647e-01
 -2.2194070e-01
  1.7421710e+00
 -1.8749055e+00
  4.4391703e-02
 -3.0512173e+00
 -6.2121892e-01
 -9.1040775e-02
 -3.0013129e-01
 -2.0595547e-02
  1.0266577e-01
 -3.1860228e+00
 -1.8612796e-01
  2.5765479e-01
 -6.8678610e-02
 -3.7127608e-01
  1.0259906e-01
  2.1232650e+00
  6.7285532e-01
 -6.2794678e-02
 -2.8816095e-01
 -1.6646980e+00
  5.7208818e-01
 -2.0730458e-01
 -4.0183845e+00
 -8.0511045e-01
 -1.3751191e+00
 -3.2990487e+00
  2.6318150e+00
  4.1860452e+00
  1.4395236e+00
 -4.0430713e+00
  1.0898241e+00
 -5.8004832e-01
 -1.1836220e-01
 -1.2161231e-01
  5.8607525e-01
  1.1438636e+00
 -5.5674577e-01
  1.7355850e+00
  2.3755612e+00
  4.9126872e-01
 -2.5871594e+00
  1.8245769e-01
  1.5374423e+00
  2.6808174e+00
  1.0637126e+00
  8.8085216e-01
 -4.5672563e-01
 -2.5855665e+00
  8.7929058e-01
 -2.6323581e+00
 -2.5608168e+00
  1.3849653e+00
 -3.5350335e-01
 -3.7436217e-01
 -1.5824613e-01
  3.2395390e-01
 -1.1024652e+00
 -3.2315390e+00
  1.0967560e+00
 -6.7350462e-02
  2.9658410e-01
  1.0533412e+00
 -1.8545799e-01
 -4.5246989e-01
  2.0662603e+00
 -3.0507550e-01
  8.9811519e-02
 -1.7621125e+00
  4.5239620e-02
  2.8984100e-01
  1.6974108e-02
  7.1738636e-01
  2.6020941e-01
 -1.4630766e-01
  2.8012398e-01
  9.0412069e-03
  3.0198613e-01
 -5.4070711e-01
 -6.4188188e-01
 -3.4334275e-01
 -4.2908585e-01
 -1.0946457e-01
  2.0168629e-02
  3.9434239e-01
  1.8544072e-01
  5.0553358e-01
  2.9709715e-01
 -2.2061165e-01
 -6.5911219e-02
 -1.0227242e-01
  2.5586855e+00
 -3.6891177e-01
  2.0205432e-01
  2.7989432e-01
 -6.9633490e-01
 -1.3630252e-02
 -1.8899445e-01
  1.5323354e-01
 -4.4496864e-02
  2.4037340e-01
  8.2645155e-02
 -2.1980952e-01
  8.5761860e-02
 -3.6365402e-01
 -4.6177328e-02
 -9.1426633e-02
 -2.4210906e-01
  1.3037530e-01
  2.9860762e-01
 -1.6943526e-02
  4.2447153e-02
 -2.6967266e-01
 -1.9902071e-02
 -8.7414831e-02
  7.1334195e-01
  5.0292778e-01
  3.4099270e-02
 -4.5089081e-01
  6.6912627e-01
  1.2888469e+00
  2.7467286e-02
  3.1277502e-01
 -1.1939104e+00
 -2.2568521e-01
  5.9042200e-02
  5.9995145e-01
 -3.3200470e-01
  8.8903844e-02
  1.1534286e-01
  3.5286080e-02
  4.4763613e-01
  5.7855509e-02
  3.9677206e-02
 -2.8450289e-01
 -5.4242307e-01
  1.9773724e+00
  1.9879648e-02
  5.6146759e-01
  1.7457664e-01
 -9.9535596e-01
  2.8506720e-01
 -5.4941121e-02
 -1.1223772e-01
 -2.1554272e-01
  4.3874964e-01
  2.0244852e-01
 -3.4262252e-01
 -5.9296591e-03
 -3.4686089e-01
  1.0642456e-02
 -7.1767859e-02
  1.1432933e-01
  1.3091297e+00
  4.6878543e-01
  1.3106604e-02
 -5.5573839e-01
 -1.9285225e-03
 -2.2521938e-01
  4.7740275e-01
  1.7724763e-01
 -7.0026472e-02
 -1.9262698e-01
 -1.6164000e-01
 -3.3067510e-01
  2.3479679e-01
  3.2817721e-01
 -1.4336186e-02
 -8.6606741e-03
 -3.3774862e-01
  1.8209562e-02
 -1.2412820e+00
 -4.3923393e-01
  2.9292417e-01
  3.2261419e-01
 -3.4184949e+00
  3.8566327e-01
  2.3956390e-01
  1.1694223e+00
  7.8010666e-01
 -3.1351280e-01
 -1.7977659e+00
 -2.1481564e+00
  1.0624807e-01
  4.0990508e-01
 -6.3721798e-02
  5.0214618e-01
 -2.0663700e-01
 -3.2598001e-01
 -7.2261190e-01
 -7.3772781e-02
  4.1860238e-01
 -2.1885796e-01
 -6.6666049e-01
  3.1406712e-02
 -1.3284858e-01
 -9.7187334e-01
 -1.2480068e-01
 -5.0989217e-01
 -3.3022633e-01
  2.9782820e-01
  9.3423724e-01
  6.3076988e-02
  2.6851177e+00
 -5.0783539e-01
  1.6539649e+00
 -1.1444674e-01
 -3.3636045e-02
 -1.4271994e-01
  3.1779724e-01
  1.1626633e+00
 -3.0243269e-01
  9.4087847e-02
 -4.3258375e-01
 -3.8593402e+00
  9.2827290e-02
  2.9381633e+00
 -1.6210005e-01
  2.3346543e-01
 -5.5784220e-01
  2.5630373e-01
 -2.6656252e-01
  1.0721314e-01
  2.0381066e-01
  2.4632296e-01
 -9.6896864e-02
  3.7777487e-02
  2.2684968e-01
 -1.5937130e+00
 -1.2497324e+00
 -1.0277953e+00
  1.0533672e-02
 -4.1101050e-01
 -8.0466777e-01
  1.9272228e-01
 -4.6345305e+00
 -1.2610635e+00
 -3.5963442e-02
  1.9169709e-01
 -7.2087979e-01
  1.5222633e-01
 -1.3285638e-01
 -6.0113162e-02
  1.6616568e-01
 -8.0612309e-02
 -7.6469578e-02
 -3.0595160e-01
  2.0531873e-01
  4.3341995e-04
  1.0907076e-01
  2.1873988e-01
  3.7065089e-01
 -2.4267173e-01
 -2.5128105e-01
 -1.9563836e+00
  1.6073832e-02
 -7.5292297e-02
  8.6276613e-02
  8.9393660e-02
  1.0453706e-01
 -6.9569893e-02
 -1.1018974e-01
 -2.5952704e+00
 -6.0242712e-01
  1.0693334e+00
  1.8468689e-02
 -2.9045638e-01
  1.9614643e-01
 -4.5583767e-01
  4.7435260e+00
  5.0852567e-01
  5.1062271e-02
  8.3636686e-02
  1.1703752e-02
  1.5345466e-01
 -8.1591070e-02
 -3.6142532e-02
  2.7887371e-01
 -2.8988881e+00
  6.2297285e-01
  4.7449756e+00
 -2.6722145e+00
 -2.0889376e-01
  4.9645648e+00
  1.7021373e-01
  3.7958539e+00
  3.8038981e+00
  3.8091201e-01
  5.9727091e-01
  5.4662955e-01
  3.8965008e-01
 -1.4466730e+00
 -3.6929896e-01
 -2.1750456e-01
  7.6227061e-02
  7.1345198e-01
  5.0882298e-01
 -1.0605441e+00
 -3.1485498e+00
 -4.3523946e+00
 -4.3797998e+00
  7.2603084e-02
 -1.3067179e+00
  2.4480739e+00
  1.1457320e+00
  1.0220884e+00
 -3.2341354e+00
  1.7533238e+00
 -2.9080065e-03
  1.3568184e+00
  8.8277751e-01
  2.1755733e+00
 -3.5542376e+00
 -4.1337833e-01
 -1.6602803e+00
  8.5799925e-02
 -1.6830912e-01
  1.1689341e+00
  1.5120986e-01
  5.8137219e-02
 -8.9990869e-02
  1.2171867e-01
 -7.3561984e-01
 -2.9154855e-01
 -3.2235500e-01
  9.4945408e-02
  1.0185529e-01
  2.9203243e+00
  4.5372456e-01
 -2.4687884e+00
 -1.8572865e+00
  9.7172177e-01
  2.9777133e+00
  3.9380639e+00
  4.9634361e-01
 -5.4158831e+00
 -3.2488048e+00
 -3.5896907e+00
 -5.8282423e-01
  9.5309347e-02
 -5.4546136e-01
 -1.6547219e+00
 -1.2013764e+00
 -3.4613991e+00
  3.5703281e-01
 -2.5163169e+00
  1.4240836e+00
  2.4221714e+00
  2.3910127e+00
 -3.9551227e+00
 -2.7396894e+00
 -2.6141016e+00
  1.2495760e+00
  8.2741238e-02
  2.8580588e-01
  4.0875745e+00
 -2.1512351e+00
 -1.2679079e+00
  9.8976326e-01
 -1.6615156e-02
 -7.1343035e-01
  1.5618700e+00
 -3.7015922e+00
 -1.7456056e+00
  1.6107523e+00
 -1.5352913e-02
  3.2256532e-01
  1.2214768e-01
  3.7262753e-01
  8.8180423e-01
 -6.6187817e-01
 -7.5368799e-02
  3.8323998e+00
 -4.3226197e-01
  4.3675467e-01
  2.8544477e-01
  3.4190840e-01
 -1.2067698e+00
 -8.2687913e-03
 -9.3509173e-01
 -6.4063656e-01
  3.9117253e+00
 -1.7107573e-01
 -2.7320588e-01
  4.4888630e+00
  2.8874984e+00
 -7.3279038e-02
  2.6533985e+00
  4.9926753e+00
 -2.5091004e+00
 -2.1504183e+00
  3.0053279e-01
  2.4562955e+00
  4.1968889e+00
 -7.1870685e-01
  1.5056509e+00
 -2.1924970e+00
  1.2918661e+00
  1.1556144e+00
 -2.0095720e+00
  4.6210316e-01
 -4.0196533e+00
  3.2374258e+00
 -7.7381784e-01
 -3.6082046e+00
  5.3216201e-01
  3.3820248e+00
 -2.5723331e-02
 -9.7152799e-01
 -2.0923038e+00
 -1.3899473e+00
 -1.0727454e+00
 -1.7702956e+00
 -2.2543004e+00
 -5.4587793e-01
 -1.1200246e+00
  4.4648722e-01
  3.2944232e-01
 -1.0628195e+00
 -1.1800777e-01
 -3.4523192e-01
  3.9018424e+00
  8.0220991e-01
  2.9489350e+00
 -4.1309655e-01
 -9.7196817e-01
 -7.8543335e-02
  5.0334930e-01
 -1.9365215e-01
 -8.7610823e-01
  6.4214772e-01
 -1.6599720e+00
  5.7898527e-01
 -1.4256560e+00
  3.3305401e-01
 -2.7164704e-01
 -7.5319308e-01
 -2.2260039e-01
  3.2679532e+00
 -5.5422664e-01
  3.0258060e-01
  6.3775474e-01
  3.4388414e-01
  1.0266997e+00
  7.8149873e-01
  1.7192543e+00
 -7.1162254e-02
 -3.8971140e+00
  4.5724815e-01
 -2.6841524e-01
  1.2233508e+00
 -2.2826517e+00
 -5.2926612e-01
 -1.4095012e+00
 -4.4066043e+00
  7.5710326e-02
 -1.2015114e+00
  1.1325450e+00
 -2.6535676e+00
 -1.5912031e+00
  1.6556427e+00
 -2.5388691e+00
 -7.7389300e-01
 -1.5008593e+00
  7.2405100e-01
  4.8395510e+00
 -7.1342754e-01
 -2.8832111e+00
  3.0206504e-01
 -3.0671415e+00
 -7.5913087e-02
  7.3829778e-02
 -6.2208819e-01
 -3.5307992e-02
  7.3939955e-01
  4.0745473e-01
 -1.2056808e-01
  1.6305659e+00
 -2.3990600e-01
  2.4364279e-01
 -6.5909630e-01
  4.5894057e-01
  2.1670251e+00
  4.5731124e-01
 -4.9224010e-01
  2.8145773e+00
  8.4930527e-01
 -4.2283341e-01
  1.7001537e+00
 -5.7710814e-01
  2.7788625e+00
 -2.4448337e-01
  2.1760299e+00
 -2.6744968e-01
  1.0822899e+00
  2.3134892e+00
  2.4227188e+00
  8.0218172e+00
 -8.0638784e-01
 -3.6125839e-01
 -4.9684206e-01
  3.1068382e+00
 -8.1741005e-01
  1.5939330e+00
  4.9056902e+00
  1.5829383e-01
  1.5103317e+00
 -4.1676531e+00
  6.4062560e-01
  4.5081687e+00
  1.6769805e+00
  4.1372786e+00
 -3.9201942e-01
  8.0737233e-02
  3.0908409e-01
 -1.0317817e+00
  2.5489160e-01
  2.2271225e+00
 -7.9360706e-01
 -7.5002730e-02
 -6.9795363e-02
  8.8416463e-01
  1.6059164e+00
  6.8207376e-02
 -4.2988815e+00
 -6.3112811e-03
  1.0899694e-01
  8.0195338e-01
 -2.2814836e-01
  1.8460487e-01
 -7.7474527e-02
 -3.9673838e-01
 -2.3497406e-01
 -4.2634606e-01
 -1.1388331e-01
  5.6642962e-01
  4.4425085e-01
 -1.5188283e+00
 -3.9033660e-01
 -2.6243660e-01
 -7.8823932e-02
 -1.0111564e+00
  4.9279669e-01
  1.3188281e-03
 -8.4648363e-02
  1.0876192e+00
  4.8326334e-01
  3.0933610e-01
 -4.0131226e-01
 -5.5231005e-01
 -4.3538041e+00
  1.0055335e-01
 -1.4221974e-01
 -1.5244198e+00
 -1.3171691e-01
 -8.8248454e-02
 -4.3929586e-01
 -8.3894068e-01
 -9.6554565e-01
 -9.8506724e-03
 -1.8524657e+00
 -2.3415767e-01
 -1.5318966e+00
  3.2917887e-01
 -1.6762820e-01
  3.0093205e-01
 -3.9150722e+00
  1.7854111e-01
 -1.4270138e+00
 -9.3898937e-02
  1.3348652e-01
  2.1265125e-01
  8.2535081e-02
 -5.8844641e-02
 -1.1446609e-01
 -2.2060527e-01
  2.8187543e-01
  2.5812659e-01
  9.9707358e-03
 -1.0225972e-01
 -2.9679829e-02
  6.8706490e-02
 -4.2358395e-01
  2.0709431e-01
 -2.0721481e+00
  3.1290228e+00
 -5.7379842e+00
 -7.0703536e-01
 -2.0774767e+00
  1.0345851e+00
 -1.2553767e+00
 -4.6163878e+00
  2.7010686e+00
 -2.0325539e-01
 -1.4691597e-01
 -1.1156730e-01
 -2.1518400e-01
  2.3857160e+00
 -5.5215263e-01
 -8.8099353e-02
  1.1519316e+00
 -6.0986274e-01
 -4.4401330e-01
  5.8058256e-01
  2.3708905e-01
 -2.7835398e+00
 -6.0210603e-01
  6.4084959e-01
 -1.8109607e+00
  1.0879453e-01
  1.1206775e+00
 -2.7481323e-01
  2.5396366e+00
  4.5411807e-01
  8.6986935e-01
 -1.4566075e+00
  7.7470988e-01
  2.6187916e+00
  6.0485272e+00
  8.0865020e-01
 -3.4156711e+00
 -1.0143202e-02
  3.9158493e-02
  2.2186723e-01
 -1.8752684e-01
  3.2325649e-01
  1.5647440e-01
 -5.3402925e-01
  4.0169481e-02
 -7.2957344e-02
 -1.7848383e-01
 -8.5606903e-02
  6.8422419e-01
 -7.0135415e-01
 -1.1221600e-01
  4.5618594e-01
 -4.7748708e-03
  6.9293821e-01
  9.1884866e-02
  1.0692122e-01
 -7.5216788e-01
 -1.8382408e-01
  2.0234646e-01
  5.9806477e-02
  6.0523361e-01
  8.9166075e-02
 -5.5241126e-01
  4.0894738e-01
  7.1128315e-01
 -4.5426112e-01
 -3.5335866e-01
 -2.7578282e-01
 -4.9337497e-01
  3.2897294e-03
 -5.0378466e+00
  1.3607215e+00
 -4.0687602e-02
  5.2505010e-03
 -2.4959778e-02
  6.9098249e-02
  7.0218003e-01
  4.0650922e-03
  1.5112241e-01
  8.7035483e-01
 -2.0605024e-02
  1.0778906e+00
 -2.4038833e-02
 -3.3671492e-01
 -7.9230857e-01
 -3.5672619e+00
  5.9217720e+00
 -2.6815867e-01
  2.8492117e+00
  1.9838344e-01
  2.2304341e-01
  1.1346651e-01
 -1.3902278e-01
  1.4403582e+00
  1.0257264e-02
  3.8013709e-01
  4.6906424e-01
 -2.6603080e-02
 -2.6467574e-01
  2.0442104e-01
  2.3513550e-02
  3.6519808e-01
  7.0896119e-01
  1.4733674e-01
  2.6710173e-01
 -2.9719356e-01
  2.1053632e-01
  8.0895722e-01
 -1.0975660e-01
 -3.0812097e+00
  2.0133096e-01
  3.4370744e-01
  2.8838122e+00
  2.7240393e-01
  6.8313348e-01
 -2.0118518e-01
 -4.1432592e-01
 -4.1499120e-01
  4.8759945e-02
 -1.6756393e+00
  7.6077729e-02
  2.8791562e-02
  1.4992049e-01
  3.8947244e+00
 -5.0183487e-01
 -4.0961046e-02
  2.8955961e-02
  5.0005592e-02
  1.2324470e-02
 -1.4096648e-01
  8.4259772e-01
  1.7177007e-01
  8.8285881e-01
  1.1217668e-01
  7.5693691e-01
  5.0365710e-01
 -5.5403262e-01
 -3.7496221e-01
  7.1802437e-01
 -2.0901587e-02
 -4.6166417e-01
  2.0436963e-01
  5.1664370e-01
 -6.1626875e-01
 -4.4334989e-02
 -1.6534722e+00
 -3.4899857e-02
 -4.0223584e-01
  3.8850054e-01
  5.6266880e-01
  1.2524678e+00
  6.3345730e-02
 -3.2985955e-01
 -1.8094039e+00
  2.9391098e-01
  1.2614554e-01
 -1.9099604e-01
  2.9311080e-02
 -1.7330213e-02
 -5.7220644e-01
  4.2846033e-01
 -6.6846365e-01
 -2.0647028e-01
 -2.8504291e-01
  1.5241083e+00
 -5.5293273e-03
 -3.0256741e+00
  7.0524859e-01
 -4.9070224e-01
 -1.3757183e-01
 -2.4055654e-01
  1.6446120e-01
  5.0679338e-01
  4.4660215e+00
  1.1021091e+00
  1.5853686e+00
  7.6804173e-01
 -9.5150769e-02
  5.7931232e+00
  1.2252309e-01
 -2.3489255e-01
  3.7470430e-02
 -1.1257581e+00
  3.9349186e-01
 -7.2134715e-01
 -8.1291132e-02
  5.0807202e-01
  4.7417387e-02
  8.9840418e-01
  1.8415973e+00
 -8.7456584e-01
  4.3252036e-01
 -1.0208048e-01
 -5.8987629e-01
  2.7658707e-02
 -3.4274796e-01
  3.4396946e-01
  4.4831827e-01
  7.2003913e-01
 -5.8768988e-01
  3.6925294e-02
  1.1914454e+00
 -8.7759790e+00
  2.0592420e-01
 -4.0736920e-01
 -2.7143350e+00
  1.5979522e+00
 -5.0638638e+00
 -1.6995206e+00
 -1.8612313e+00
  3.7377884e+00
 -7.2107635e+00
 -3.9879572e-01
  8.9238536e-01
 -3.6965689e-01
  4.8583969e-01
  2.7801733e+00
  3.8517267e-01
  9.3325609e-01
  1.1497251e-01
  2.2622974e+00
  3.2152578e-01
  8.4265329e-02
  1.3180964e-01
  2.2557802e+00
 -5.4210081e+00
 -8.1809419e-01
  2.4260597e+00
 -2.0552807e+00
  1.9415371e-01
  1.0177131e+00
  6.2116151e+00
 -1.9917861e+00
 -7.0661598e-01
  1.0039226e+00
  4.8183017e+00
  5.0678506e-02
 -4.7029777e+00
 -1.7183616e+00
 -4.2398193e-01
  1.0996543e+00
 -6.2984832e-02
  2.3160668e-02
 -1.1260172e-01
 -1.7725370e+00
  9.7969317e-01
 -1.5039090e+00
 -3.3339870e-01
  4.7557348e-01
 -2.9301580e-02
  2.9958111e-01
  3.4160221e+00
 -1.9219711e-01
 -1.8329509e+00
  2.9220256e-01
  2.7340052e-01
  3.6388642e-01
 -1.7077739e+00
  1.6033472e+00
  2.3915112e+00
 -1.4066784e+00
 -2.0350225e+00
 -2.1009451e-01
  2.4008450e-01
  3.7456560e-01
  1.7822921e-01
  3.1928885e-01
  1.6699965e-01
 -4.9154968e+00
  1.4196699e+00
 -5.1606991e-03
  2.6587105e+00
 -9.2988640e-02
 -6.8992406e-02
 -1.5075850e+00
  3.2828093e-01
  1.0844491e+00
 -3.2493260e-02
 -4.9844378e-01
  2.9515293e+00
  1.5622090e+00
 -1.9448463e+00
 -4.3411866e-01
  8.3433408e-01
 -4.5847127e-01
 -4.7983605e-01
 -1.1496990e+00
  2.3370209e+00
  8.4486753e-01
 -2.7019620e+00
  1.6226974e+00
 -2.5247042e+00
  9.8605007e-01
 -1.9841936e-01
 -1.2106022e-02
 -1.0299383e-01
 -7.9902458e-01
  2.0514910e-01
  1.3139719e-01
  1.3068266e-01
 -4.2071581e-01
 -1.9018499e-02
  3.0633810e-01
  1.6774577e-01
  1.2338536e-02
 -1.2769322e-02
 -5.1914811e-01
  3.9574337e-01
  2.9291968e+00
  9.5180422e-01
 -2.4114812e-02
  2.8436289e+00
 -1.9485955e+00
  2.1426716e+00
  6.2839694e-02
  1.6922339e+00
 -1.1411610e+00
 -2.1159789e-01
  1.5712856e+00
 -1.6695971e+00
 -4.8435555e+00
 -1.2108083e+00
 -3.6632469e-01
  8.8564152e-01
 -2.3796115e+00
 -4.8681074e-01
  1.0679398e+00
  1.6048454e-02
 -2.4876826e+00
 -1.0206473e+00
  1.0120174e+00
 -4.3119764e+00
 -1.7192161e+00
  2.5363517e+00
  2.4456352e-01
  2.6234019e+00
  5.3687984e-01
 -1.8342032e+00
 -9.6091688e-01
  1.7413118e+00
 -1.3433968e+00
 -3.1142023e+00
  1.5282904e+00
 -2.3581441e-01
  5.0099272e-01
 -1.6710550e-02
  3.6054608e-01
 -6.8920636e-01
 -6.5603113e-01
  5.4597197e+00
  6.5204430e-01
 -4.1752288e-01
  2.1280930e+00
  3.6055276e-01
  5.4975677e-02
 -6.1148012e-01
  1.2652211e-01
 -1.6777079e+00
 -3.3511412e+00
  3.2698762e+00
  4.0145450e+00
  3.7714288e+00
 -2.4912963e+00
  9.2837214e-02
  6.5544254e-01
  5.1238060e+00
 -1.9634621e-01
 -9.5470405e-01
  3.9840710e-01
  6.5074625e+00
  5.6903040e-01
 -3.2072794e+00
 -4.1179696e-01
  6.5911472e-01
  2.8213713e-01
  2.9541622e-03
  2.6937611e+00
  1.9916682e+00
 -3.7517412e+00
  1.8647609e+00
 -4.6138819e-02
  4.0375641e-01
 -1.2152220e-01
  4.3719935e+00
  1.9453224e+00
 -2.1671598e-01
  5.5450187e+00
  2.7583897e-01
 -2.4346228e+00
 -2.4608366e-01
 -6.1730828e-02
  1.9304281e+00
 -4.4144270e-01
 -2.7121460e+00
  7.1466930e-02
 -1.4400801e-01
  3.0761155e-01
  5.5312300e-01
 -2.5295341e+00
  1.3987079e-01
  5.7050699e-01
 -9.5853299e-02
 -5.1276445e-01
  1.1885971e-01
 -5.2839482e-01
  1.3574067e-01
  9.3795031e-02
  2.6828950e-02
  1.3621205e-04
  3.2765672e-02
  7.8739327e-01
  2.9119699e+00
 -7.4301027e-02
 -6.2056057e-02
 -1.2510041e-02
  4.9791923e-01
 -8.3164304e-01
 -5.7477860e+00
 -1.2447475e-01
  3.1305513e+00
  1.0729308e-01
  9.3234545e-01
 -3.5411683e-01
  1.5848291e-01
  2.6568452e-02
 -5.1772594e-01
 -1.1590586e+00
 -3.5259781e+00
 -1.8046597e-01
 -3.5924864e-01
 -9.2786781e-02
  1.8636135e-02
  8.5477985e-02
  8.4399007e-02
  2.0638139e+00
 -2.3368337e+00
  7.5250000e-01
  5.8777291e-01
  6.3058072e-01
  1.3119721e-01
 -1.0856336e-02
  7.3507315e-01
  2.6311066e+00
  8.7601447e-01
  3.0255511e-01
  3.2445037e-01
 -2.4304344e-01
  3.9532912e-01
 -2.7713250e-02
 -8.6161897e-02
 -6.9853520e-01
  1.5695332e+00
 -1.6839021e-01
  9.2661905e-01
 -6.7177218e-01
  3.7394473e-01
 -1.0836053e-01
 -2.1498795e+00
 -2.3132398e+00
 -7.8909051e-01
  5.2661099e+00
  2.1362197e+00
  1.2016582e-01
 -3.7033451e-01
  4.4109493e-01
 -4.0390387e-01
 -1.5160738e-01
  5.8790166e-02
 -2.5480799e-02
 -3.2874620e+00
  2.6993647e+00
 -1.2860404e-01
 -6.7973956e-02
  3.5091159e+00
  3.6017030e-02
 -1.5107317e-01
 -3.5746233e+00
  1.1843079e-02
  3.0587047e-01
  1.1503489e+00
  9.7004205e-02
 -7.9053450e-01
  6.7769871e-03
  1.2226573e-02
 -4.0369013e-01
 -8.9492172e-02
 -6.1752334e-02
 -1.0615493e-01
 -2.2826909e-01
 -3.7590563e-02
 -2.4646205e-01
 -1.3840625e+00
 -5.2844423e-01
 -7.0306621e-02
 -2.3848589e-01
 -1.9218881e-01
  1.8017355e-01
 -3.9117244e-01
  4.0421491e+00
 -1.7924909e-01
 -4.3931952e-01
 -1.3282475e-01
 -1.7951539e+00
  3.4088144e-01
 -9.5106781e-02
 -1.9394979e-01
  7.5172715e-02
 -1.3185093e-01
  3.4395482e-02
  2.1821363e-02
  2.0023344e+00
 -3.5665176e+00
 -2.7757318e+00
 -2.5297880e+00
 -5.1337700e+00
 -3.8430250e+00
  8.6501169e-01
 -2.6982209e-01
  3.0621821e-01
  1.6081564e+00
 -3.0508366e-01
 -2.7485201e+00
 -1.3539235e-01
 -8.9467162e-01
 -2.5925069e+00
 -9.9891102e-01
 -1.9362265e-01
 -2.1488282e-01
  3.7271562e-01
 -1.9561152e+00
  9.0149187e-02
  1.0314225e-01
 -2.2521677e+00
  1.9853023e+00
 -1.7633948e+00
  2.9234225e-01
 -2.9700458e-01
 -2.8104687e+00
  9.5642436e-01
 -3.5649064e+00
  1.0118684e+00
 -2.0350206e+00
  2.0928897e-01
  1.7312300e+00
  1.7965190e+00
 -3.2100863e+00
 -3.3434513e+00
 -4.3254369e-01
 -8.1508672e-01
 -2.1161096e-01
  1.7686272e-01
 -4.1672492e-01
  2.3496027e-01
 -3.6147675e-01
  1.8510975e-01
  3.6164308e-01
  5.5893922e-01
  4.2741334e-01
 -2.4929947e-01
 -7.7195573e-01
 -3.5979530e-01
 -8.6973101e-02
 -8.7700850e-01
 -6.3965893e-01
 -3.4217924e-01
  4.1228753e-02
  3.1259865e-02
 -1.3305083e-01
 -1.3923684e-01
 -3.9381656e-01
  1.6720632e-01
  2.1498369e-01
  7.9040104e-01
  1.8447490e-01
  1.1751167e-01
  8.2555272e-02
 -1.9966313e-01
  3.5436548e-02
 -3.0155444e-01
  3.5055491e-01
  7.9214543e-01
  6.6930389e-01
  6.3622499e-01
 -9.8419094e-01
  3.2435775e-01
  4.5679133e-02
  6.2045302e-02
  2.2605069e-01
 -1.1487063e+00
 -1.0003696e-01
 -2.4529810e-01
 -2.9383230e-01
  1.6900661e+00
 -1.6037700e+00
 -5.0599046e-02
  3.4565839e-01
  3.5484907e-01
  3.3923030e-01
  2.8359964e-01
  1.0288896e-02
 -8.8031135e-02
 -9.1570240e-01
 -7.2438143e-02
 -4.8424938e-01
  2.1049291e-01
 -8.7370194e-04
 -4.7468308e-01
 -2.3042471e+00
 -2.6721546e-01
 -8.2053602e-01
  1.0000930e+00
 -5.3120238e-01
 -2.5373631e+00
 -2.8242271e+00
 -2.9014652e+00
 -7.0595288e+00
  3.8792878e-01
  1.0465852e+00
 -2.8993320e+00
 -3.3199587e+00
 -1.0078746e+00
  4.4272327e+00
 -2.0335910e+00
 -6.1785871e-01
 -1.4177632e-01
 -2.1350017e+00
  3.6107605e+00
 -2.0306733e+00
  1.0920603e+00
 -1.8559310e+00
 -8.9797598e-01
 -1.8926938e+00
 -1.8433030e+00
  1.6565786e-01
 -8.8653237e-01
  7.4675357e-01
 -3.9203794e+00
  2.5480542e+00
  1.6526489e-01
 -8.7253642e-01
 -1.5449673e+00
 -1.3715945e-01
 -2.6291876e+00
  5.3473490e-01
  4.5196295e+00
 -1.3246641e+00
 -4.3656163e+00
  8.0020165e-01
  2.1128404e+00
  2.9498877e-03
 -9.7542748e-02
  2.3327017e-01
  1.0046430e+00
  2.7603645e+00
 -6.7266983e-01
 -1.1163702e-02
  2.1344228e-01
 -5.1692362e+00
  6.2719649e-01
 -1.1938810e-01
  1.2351559e-01
  2.4457999e-01
  3.2259828e-01
 -2.6102724e+00
  3.6474500e+00
 -3.2729325e+00
 -4.6496463e-01
  1.9806993e-01
  6.3431017e-02
  2.2090907e+00
 -1.0506622e+00
  3.8435122e-01
 -5.9419054e-01
  1.1984205e-01
  1.1839460e-01
  1.8043560e+00
  8.2549322e-01
 -2.2429077e-01
  4.9437106e-01
 -1.6711091e-01
 -1.5192366e-01
  8.2850665e-02
  2.5382116e-01
 -8.3360203e-02
  2.5645781e+00
  1.3099952e+00
 -1.0129420e-01
 -2.0999963e+00
  2.1164663e+00
  5.2104425e-01
  9.2049503e-01
  1.0837616e+00
  9.1748893e-01
 -2.4357952e-01
  2.7337036e+00
  1.3407230e-01
  3.0719554e+00
  3.3025587e+00
  2.2651296e+00
 -4.2075109e-01
  9.1639750e-02
 -7.8753762e-02
  9.5111586e-02
 -3.6327198e-01
  1.7765978e-01
 -1.7326695e+00
 -7.2905076e-01
  2.8954699e+00
  1.6517733e-01
  7.4876405e-02
  8.0535956e-02
  3.0544063e-01
 -2.2891365e-01
  2.8647774e-01
  2.8764982e+00
 -7.2105694e-01
  2.2983325e+00
 -1.5033594e+00
  1.9427410e-01
  3.7913249e+00
  1.0155405e+00
 -1.3938662e+00
 -1.4255162e+00
 -1.5238303e+00
  1.5581474e+00
  8.7575954e-01
  2.5460098e-02
  1.5311979e+00
 -8.4881318e-01
 -5.8157694e-01
 -9.0788555e-01
 -1.2187550e-01
 -3.7136436e-01
  7.9576699e-03
  8.6086965e-01
  1.9938686e-01
 -2.6587739e-03
  1.5995380e-02
 -2.6267669e+00
  9.4568855e-01
  4.0717950e+00
  6.1130905e-01
 -1.5613870e-01
 -5.4651506e-02
 -1.5130213e-01
  3.4897940e+00
 -4.2117232e-01
  1.2154310e+00
  4.2133216e-02
 -3.5996172e+00
  1.0352958e+00
 -4.3558236e-02
  1.3547307e+00
 -2.3350455e-02
 -5.1623577e-01
 -8.3620466e-02
  5.7374559e-02
 -1.8280156e+00
 -3.5037890e-01
 -5.1261806e-01
  6.2956786e-01
 -1.6384219e+00
 -1.2167135e-01
  1.2454396e+00
  8.7685305e-01
  5.5120367e-01
 -1.2852803e-02
 -1.2513186e+00
 -8.6017258e-02
 -8.3031438e-02
 -1.8752432e-01
 -3.4762150e-01
 -1.7816909e-01
  4.8748323e-01
 -5.8755070e-01
  1.0304095e+00
  3.9939460e-01
  1.0243997e-02
 -1.9474909e-01
  2.3838238e-01
  3.1558170e+00
  8.8296920e-02
  2.0263508e-01
  7.9824567e-02
 -1.9393127e-01
 -9.1909361e-01
 -6.2090665e-01
  1.3951043e-03
 -3.8849294e-01
 -1.0435205e+00
 -3.4792182e+00
  7.9539633e-01
  4.1171530e-01
  2.8517929e-01
  8.1234914e-01
 -1.2007724e-02
  1.1250131e-02
 -9.8395652e-01
  2.6039022e-01
 -1.2667493e+00
  7.5246805e-01
 -2.8452022e+00
  1.1898495e-01
  2.3620915e-01
 -1.5158364e-01
  1.3366158e-01
 -7.4989788e-02
 -3.6101890e-01
  1.3640875e-01
 -4.4927755e-01
  3.0528075e-01
 -1.3056526e-01
  2.0948715e+00
  3.5062176e-01
 -3.2182804e-01
 -1.4843137e+00
 -2.8460367e+00
  7.8095856e+00
  2.6913229e-01
 -2.0336983e+00
 -4.8622613e+00
 -3.1110170e+00
  6.9108868e-01
  1.3802354e+00
 -6.6991248e+00
 -1.0272317e-01
 -1.0846438e+00
 -1.0129460e-01
 -2.4547274e-01
 -1.7898111e+00
 -2.2496169e+00
  1.0274762e-01
  6.0907382e-01
 -1.9360700e-01
 -8.8516581e-01
  4.2579865e+00
 -5.1522660e+00
 -1.5465971e+00
 -7.5654542e-01
  3.7486620e+00
  1.3156418e+00
 -3.4522626e+00
 -1.6216412e+00
 -4.2557272e-01
  3.5167732e+00
  2.3954842e+00
  1.3005401e+00
  6.1462574e-02
 -3.7827051e+00
  7.2301224e-02
 -1.3690226e+00
 -7.4511689e-01
 -2.6994872e-01
  1.8876098e-02
 -1.7561454e-01
  6.5579429e-02
 -5.9613772e-02
 -4.2008381e-02
  2.5897305e+00
 -7.5120282e-01
  3.9233196e-01
  1.0058640e+00
  6.8765663e-02
 -4.7017667e-01
  9.7003385e-02
 -3.3633274e-01
 -2.9574126e-01
 -1.9475503e-02
  1.6235216e+00
  2.3404837e-01
  5.9433615e-01
 -2.8568525e-02
  3.3470871e+00
 -4.1571268e-01
  2.5655597e-01
 -2.8365740e-01
 -3.9417256e-02
 -8.8776881e-03
  6.9633007e-01
 -1.9454132e-01
 -5.5064908e-03
  3.3839638e+00
  2.3582619e-01
 -2.3747094e+00
  4.2617005e-01
 -6.6309169e-02
 -2.1703000e+00
 -5.2038625e-02
  7.3675501e-01
 -4.2706996e-01
 -1.8399485e+00
  2.6058778e-01
  1.2093495e+00
  7.0606458e-01
 -1.0115878e-01
  2.8753161e-01
 -8.2344435e-02
  1.5231121e+00
  2.5495262e+00
 -2.4764802e-01
 -1.8847079e+00
  6.1336517e-01
 -1.2463037e-01
  4.1241148e-01
  1.8426763e-01
 -3.2334864e-02
 -1.3741536e-01
 -1.6861217e+00
 -2.2223490e-01
 -1.5100296e-01
 -1.3071460e-01
 -4.2602908e-02
 -9.5974259e-02
  3.2574254e-01
 -2.0931803e-01
 -3.3802938e-01
  3.2160375e-01
 -2.1566179e+00
 -6.5878592e-02
 -1.5712113e+00
  1.6960456e+00
  4.1925287e+00
 -1.4958192e-01
  1.2119194e+00
 -6.4839447e-01
  4.4703126e+00
  5.8315098e-01
  5.1378638e-01
  9.7690672e-02
 -3.1097364e-01
  2.5629866e+00
 -1.4155474e-01
  1.5444058e+00
  3.5878399e-01
 -6.4867616e-01
 -7.2198826e-01
 -9.0354174e-01
 -2.6576297e+00
 -1.0153444e+00
  6.9821990e-01
 -1.0554188e-02
 -1.6264627e+00
 -1.6768825e+00
  2.6185858e+00
 -2.0874399e-01
  1.4996409e-01
 -3.7924430e+00
 -5.1318173e+00
  4.5364001e-01
  6.3528991e-01
  3.3742230e+00
  3.0458412e-01
  1.7764851e+00
  7.4884659e-01
  1.9877000e+00
 -1.2087664e-01
  3.9287317e-01
 -9.0155788e-03
  3.5396084e-01
 -1.2447682e-01
 -5.8309799e-01
 -6.5955043e-02
  5.1910275e-01
 -3.6348880e-04
 -7.4847274e-02
  2.3395183e+00
  1.3529503e-01
 -1.6668878e-01
 -4.9825214e-02
 -4.0035663e+00
  8.0232337e-02
 -2.3378359e-01
 -3.0690989e-02
  4.8547310e-01
 -2.6739347e-01
 -7.7253228e-01
 -1.8752193e-01
 -6.0027100e-02
 -1.0647782e+00
 -1.0142480e-02
  6.0612088e-01
 -2.4087515e-01
 -1.1905524e-02
 -3.3407009e-01
  2.2953689e-01
  3.3967906e-01
 -3.9330697e-01
  5.2426350e-01
  8.6628067e-01
 -3.4032002e-01
 -1.9374090e+00
  3.4291163e-02
  1.5171950e-01
 -3.0903843e-01
 -1.7338185e-01
 -2.4041152e-01
 -7.2394472e-01
  2.8284159e-01
 -6.5164030e-02
 -1.0978478e-01
 -1.0041688e-01
 -4.0536437e-02
  5.8774203e-03
 -5.1326287e-01
  1.3897090e+00
 -1.3948822e+00
  3.9176500e-01
  1.8359001e+00
  3.6868420e-01
  1.5869689e-01
 -2.9573196e-01
 -2.8778362e-01
 -1.0800184e+00
  1.9234066e-01
  2.9580984e-01
 -1.5582448e+00
 -4.5377606e-01
 -6.5891051e-01
 -3.9754889e+00
  4.1935783e-02
  1.9658113e-01
  3.6505944e-01
 -1.5666148e-01
  5.5992231e-02
  1.4987715e+00
 -9.5513538e-02
  6.3813582e-02
  9.4818674e-02
 -3.1996213e-02
  4.2960927e-02
  7.8131449e-01
  2.3412912e-01
 -1.9960241e-01
  1.5366423e+00
 -3.3158606e-01
  6.5228480e-01
  8.2669044e-01
 -8.7796277e-01
  1.6284204e+00
  1.2495940e-01
 -5.4551005e-02
  3.2213289e-01
  4.7136998e-01
 -2.0284492e-01
 -1.7242491e-01
 -2.1465553e-02
 -1.3495596e-01
 -6.7033172e-03
 -2.9879553e+00
 -1.1919419e-01
 -3.7979159e-01
 -3.8442314e-01
 -2.8130323e-02
  7.6167382e-02
  2.3111860e-01
  1.3614793e-01
  1.5748969e-01
  1.9568603e-01
 -2.4778128e-01
  3.9601147e-01
  1.2231745e-01
 -2.1699584e+00
  6.5723397e-02
  9.5167255e-01
 -2.2955352e-01
  2.4754560e-01
 -1.6234049e+00
  2.4423125e-01
 -2.7561662e-01
 -3.8822892e-01
  1.0467996e-01
 -4.5858463e-03
 -1.3138407e+00
 -3.2318432e+00
 -2.0106797e+00
 -1.9494640e+00
  2.4533219e+00
 -3.0174604e-01
 -2.1796582e+00
 -1.9102563e-01
 -2.7137759e-01
 -3.0384886e-01
  5.1072335e-01
 -1.9106369e+00
  2.7488016e-02
 -1.2903221e+00
 -5.3141433e-01
  1.0961611e+00
 -5.5291003e-01
  3.0660107e+00
  1.7943253e-01
 -1.3186148e+00
 -1.0858021e+00
  5.2934184e+00
 -2.1544586e-01
 -7.4502960e-02
 -1.0624089e+00
  1.0728730e+00
 -1.3754303e+00
 -1.0485865e+00
 -4.5199421e-01
  1.6399877e-01
 -1.3094248e+00
 -9.3215138e-01
 -2.1568804e+00
  3.2998312e+00
 -5.9946668e-03
 -4.1005993e-01
 -4.1569436e-01
 -4.0204296e-01
 -2.8845197e-02
  3.4848195e-01
 -4.5496900e-02
  1.3801253e+00
 -3.0432832e-01
 -3.3079180e-01
  5.0453717e-01
  1.4711857e-01
 -4.1171018e-02
 -1.3214519e+00
 -9.0903473e-01
  4.3758965e-01
 -4.9330401e+00
 -3.2507875e+00
 -9.5875937e-01
  5.2695522e+00
  8.6349308e-01
 -8.3315814e-01
  1.4756141e+00
  1.4563255e+00
  5.5509895e-01
 -6.0501371e-02
 -1.4044491e+00
 -1.3493963e+00
  1.2434597e+00
 -9.4900894e-01
 -1.0998020e+00
 -3.4251437e-01
 -1.1358576e-01
 -4.5861702e+00
 -2.2691156e-01
 -3.7539685e-01
  2.7311766e+00
  7.2337341e-01
  5.0638765e-01
  2.6285608e+00
 -4.4608269e+00
 -3.9562842e-01
  4.0890884e+00
 -6.0406952e+00
  1.8907429e+00
  1.3322518e+00
 -4.6249285e-01
 -1.5129240e-01
 -2.2274591e-02
  2.8569753e+00
 -2.6047997e+00
  3.5890520e+00
 -2.2538445e+00
 -6.9616646e-02
 -5.6672406e-01
  9.2218024e-01
 -9.8125303e-01
 -1.0110535e-01
 -7.1441793e-01
  1.2109231e-01
 -7.1974880e-01
 -5.4614276e-01
  7.0026903e-03
  3.8245353e-01
 -3.2676136e-01
  4.9051717e-01
 -8.2772082e-01
  3.2889023e-01
  6.5444463e-01
  1.5538487e-01
  4.4097167e-02
 -1.6522294e-01
 -1.8753690e+00
  2.6825917e-01
  2.1224821e+00
  3.7542392e-02
 -1.1465415e+00
  1.7926596e-01
  1.7428501e-02
 -3.6030528e-01
 -1.8186282e-01
  1.2522934e-02
 -5.6375599e-01
  3.0687407e-01
 -1.5251258e-01
  3.4264666e-01
  3.5352689e-01
  2.5510435e+00
 -1.0957830e-02
  6.7527688e-01
  2.2955422e-01
 -4.4732839e-01
  2.3634085e-02
 -3.1422105e+00
 -1.6704123e-01
  3.1910226e+00
  1.9154969e+00
 -4.8461404e-01
 -5.0724459e-01
 -1.0537817e-01
  5.5532873e-01
  1.9174857e+00
  1.0500433e+00
 -6.5541500e-01
 -6.8002427e-01
  5.0269419e-01
 -5.9047896e-01
  1.1915348e+00
  9.0577239e-01
 -4.8547205e-02
  2.2526458e-01
  1.6633298e-01
  7.7089137e-01
 -5.3583235e-01
 -5.7377119e+00
  4.3884349e-01
 -2.2586575e+00
 -1.9011007e-01
  5.5206623e+00
 -5.2282780e-01
  2.9614558e+00
 -7.6630914e-01
  1.6557319e+00
 -4.5474081e+00
  2.1870555e-01
 -2.7400646e+00
  2.8201282e+00
 -2.6678419e-01
  1.0452681e-01
  5.3888980e-02
  1.2853824e-01
  5.4066741e-01
 -8.4641719e-01
  2.1472118e+00
  5.8692068e-02
 -4.2960167e-01
 -1.4623395e-01
 -2.1945417e-01
 -1.1430010e-02
 -1.0317314e-01
 -4.1421959e-01
 -1.6990534e+00
  2.0880686e-02
 -9.1292721e-01
  1.0327203e+00
 -9.5295858e-01
  2.0948245e-01
 -1.3137296e+00
  1.2229149e+00
 -6.8132687e-01
 -1.1700747e+00
 -1.2516260e-02
 -1.4433149e-02
  6.6988893e-02
 -2.1181402e+00
  1.3625079e-02
  2.7514941e-01
 -6.3963816e-02
  1.1625142e+00
 -2.6619121e-01
  6.8317018e-02
  3.5842562e-01
  5.3232238e-02
  9.3297832e-02
  2.5510353e-01
 -1.2932488e+00
 -5.0583508e-02
 -6.0234074e-02
  4.6518371e-01
  3.5376754e+00
  1.6431079e+00
  2.3595262e+00
  1.1321217e+00
 -5.6287637e+00
  1.9554359e-01
  3.2940057e-01
 -1.4077829e-01
 -4.5531425e-01
 -5.1278520e-02
 -1.2334107e+00
 -2.0630799e-01
  1.2349769e+00
  1.6682645e+00
  3.0057271e+00
 -5.6362897e-01
 -1.5983284e-01
  4.2512810e-01
  4.8801318e-02
  3.3038347e+00
  1.7003012e+00
 -7.0993942e-01
  1.6210563e-01
 -3.3100774e+00
 -2.0221174e+00
 -2.5635309e+00
  1.0770736e+00
 -2.6705375e-01
 -2.4535618e+00
 -3.8820608e+00
  4.2611587e-01
  1.3529351e+00
 -2.4974132e-01
  5.3892243e-01
 -3.1267214e+00
 -3.4828103e-01
  2.2790740e+00
 -9.1887778e-03
 -5.8737063e-01
 -1.0699452e-01
  1.9075474e+00
 -6.4211982e-01
 -2.6001298e+00
  3.5582528e+00
 -6.7261428e-01
 -1.0870663e+00
  7.5750661e-01
  3.0757951e-02
 -4.2517456e-01
  2.4134645e-01
  9.4666308e-01
  3.2342634e-01
  3.4568843e-01
  4.5931834e-01
 -1.2000713e-01
  6.0256604e-02
  1.3078356e-01
  1.5247700e-01
  5.5279875e-01
  4.4583005e-01
  1.9320324e-01
 -2.0509627e+00
  1.2455890e-02
 -3.2467499e-02
  1.4012958e+00
 -4.4783661e-01
 -3.0286992e+00
  1.4554800e-01
  3.2821873e-01
 -2.0044699e+00
 -5.8412981e-01
 -5.8159739e-02
  8.0773018e-02
 -9.1533870e-02
  4.3902585e-01
 -1.3868011e+00
 -2.0379677e-01
 -6.8547690e-01
 -9.4016418e-03
 -2.4064705e-01
  1.5394504e-01
  1.5439681e+00
  1.3242635e-01
  1.8478180e-01
 -3.2319078e-01
  2.0645988e-01
 -1.1659928e-01
  6.4318621e-01
  2.9802095e-02
  7.8306563e-02
 -5.1981062e-01
 -2.0300670e-01
  4.8935631e-01
  2.4763666e-02
 -2.7478275e-01
  2.4589305e-01
 -2.7517417e-01
 -2.7595302e-01
  2.3477457e+00
 -4.8430824e-01
 -5.5833679e-01
 -6.0606308e-02
 -2.2918692e+00
  1.0501669e-01
 -1.7234538e+00
  3.9457994e+00
  2.3006909e+00
 -7.3670232e-01
  3.7137684e-01
  1.9440380e+00
  2.1854265e-01
 -1.0593023e+00
 -3.8209293e-02
  1.7689797e-01
  4.5742238e-01
  2.3329219e-01
 -1.5720009e+00
  3.3863615e-02
  1.2426443e-01
  1.3283868e+00
 -1.0363177e-01
  4.3524647e-01
 -7.7077532e-01
  3.8904309e+00
 -2.7727613e-01
  4.1779299e+00
 -3.5112500e-01
  2.3010924e+00
 -3.1799371e+00
 -5.7669764e+00
  8.2910389e-01
 -7.6324321e-02
  3.4048796e-01
  1.6386707e+00
 -2.5453078e-02
  4.9977148e-01
 -2.6077348e-01
  1.0488741e+00
  2.4868052e+00
  2.0774640e-01
 -9.3653649e-02
 -4.0103441e-01
  1.6957909e-01
  1.4533476e-02
 -6.5305459e-01
  4.3476078e-01
  4.8157148e-02
  3.8479841e-01
 -2.4538630e-01
 -6.5030211e-01
  5.4385856e-02
  2.6156229e-01
  4.8700386e-01
 -3.0800838e+00
 -3.7028992e+00
  1.2371265e+00
  1.5376244e-01
 -3.4815669e-01
 -1.0110755e+00
 -1.9350224e+00
  1.9654782e+00
 -2.6233177e+00
 -3.0255952e-01
 -2.8710899e-01
 -3.7889010e-01
 -5.0145340e-01
 -2.2408275e-01
  5.0851923e-01
 -8.5819876e-01
 -1.5308894e-01
 -1.2223506e+00
  1.0435731e-01
 -4.1433735e+00
 -3.8144181e+00
  1.8400286e+00
  1.4246222e+00
  3.1622491e+00
 -9.2806536e-01
  3.2158956e-01
 -3.9803698e+00
 -2.7002797e+00
  1.3244644e+00
  5.9128213e-01
 -2.2783134e+00
  2.4144289e-01
 -4.5626634e-01
  2.6135923e-02
 -1.5880839e+00
 -1.2122958e+00
 -4.2036462e+00
  1.6297688e+00
  1.0779022e-01
 -9.5750600e-01
  3.4688517e-01
 -5.0599587e-01
  6.7136616e-02
  6.9231439e-01
  2.6924142e-01
  4.9482901e-02
 -2.0216559e-01
 -1.5991895e-01
  8.9982629e-02
 -1.0542542e-01
  4.6667911e-02
 -6.8535185e-01
 -6.6753256e-01
  2.1088834e+00
 -6.9697881e-01
 -2.2435625e+00
 -8.7251401e-01
  7.2952211e-02
  3.6994836e-01
  7.2792101e-01
 -4.2448619e-01
  1.4253774e-01
  1.5393521e-01
  2.0122480e-01
  5.1809482e-02
 -1.1442276e+00
  3.0012798e-01
 -3.5434024e+00
  6.1250234e-01
 -1.1631907e-01
  7.6995671e-01
 -8.9036077e-02
 -4.2794351e-02
  6.5898693e-01
  1.0339645e+00
  4.5246556e-02
  7.2820902e-01
  9.6563238e-01
 -2.7404034e-01
  3.3263638e+00
 -3.8047922e-03
  8.7045781e-02
 -1.1797895e-02
 -4.8137403e-01
 -1.7115653e-02
  5.5464506e-01
  3.0798185e-01
 -3.7975308e-02
  1.0220600e+00
  4.5270536e-02
  1.8274148e-01
  1.4256963e-01
  7.8647935e-01
  8.7749533e-02
  3.9052814e-01
  3.8102758e-01
 -4.2806268e-02
  6.5483254e-01
  5.2910686e-02
  8.3859064e-02
 -1.1972024e-01
 -2.8927511e-01
 -1.8737328e+00
  1.1470461e+00
 -2.7611296e+00
 -5.0887513e+00
  2.7556198e+00
  1.3966359e-01
 -1.2930437e+00
 -6.6089773e-01
  7.4188983e-01
  3.8030237e-01
  3.8779283e+00
  1.2212491e+00
  8.3124775e-01
  9.6985823e-01
 -8.6479068e-01
 -1.6037968e+00
 -4.6091840e-01
  8.4406447e-01
  1.8929682e+00
  1.2853035e+00
 -1.6710727e-01
  3.0753713e+00
 -1.8169762e+00
  4.4502573e+00
 -9.6799231e-01
 -2.8846409e+00
  2.6780028e+00
  5.9244198e-01
 -3.4594506e-01
 -2.8416286e+00
 -4.8233042e+00
 -1.9379240e+00
 -2.1441190e+00
  3.0217522e-01
  1.2765856e+00
  1.5289036e+00
  5.6933780e+00
 -6.2322158e-01
 -1.7814863e-01
 -4.6439685e-02
 -1.7827725e+00
 -1.1382385e+00
 -4.2957935e-01
 -5.1754542e-02
  2.5026975e-02
  2.5707120e-01
  2.2771193e-01
  4.2249583e-02
  6.4039230e-01
 -3.5020523e+00
 -5.0026500e-01
  4.0769616e-01
  1.7184908e+00
  3.4203649e-01
  2.1092549e-01
 -8.7911075e-01
 -3.4455818e-01
  1.3426073e+00
 -4.6794420e-01
  2.1673362e-01
  5.2729440e-03
 -2.7106908e-01
  4.9970478e-02
 -1.2610444e-02
 -2.5842530e-03
  3.4844548e-01
  1.8733115e-01
 -4.1465297e-01
 -1.2140886e+00
  8.7034315e-01
 -1.9185737e+00
 -8.5546412e-02
  2.3929369e+00
  5.6613964e-01
  5.4904377e-01
 -1.1541232e-02
  8.1159419e-01
 -1.4287739e+00
  9.5454115e-01
 -7.4471124e-02
 -2.4350271e+00
  2.8474063e-03
 -3.4348100e-01
  1.4933191e-01
 -1.5831086e-01
 -1.0296086e+00
  1.2306079e-01
  6.5611428e-01
  2.2013305e-01
 -3.1080770e-01
  1.6721770e-02
 -9.1131739e-02
 -7.0692676e-01
  1.1279896e+00
 -1.9080627e-01
 -7.2340763e-01
  3.5951471e-01
  1.3142751e-03
 -2.5317624e-01
  9.8836608e-02
 -2.3916975e-01
 -2.5365021e+00
  9.5303398e-01
 -1.7412619e-01
  1.3360499e+00
  1.6551081e+00
  1.8812907e+00
  1.2301125e-01
 -1.3893350e+00
  3.2287577e-01
 -1.8328810e-01
 -3.4039336e-01
  4.7310905e+00
 -1.4449987e+00
  2.7505895e-01
  1.4890784e-01
  3.0930859e-01
 -1.8262430e+00
  8.4206778e-01
  2.9041135e-01
  8.3576155e-01
  1.2017190e+00
  6.0969043e-01
 -4.0125775e-01
  2.5529546e-01
 -2.8031738e-02
  1.8705142e-01
 -1.7954893e+00
  1.6574703e-01
 -2.5809710e+00
  6.7985398e-01
  1.1072545e+00
  4.4468410e-02
 -2.4444449e-01
  1.0271802e+00
  2.4398327e-01
 -6.0173076e-01
 -1.3551459e+00
 -5.3385657e-01
  2.7615842e-01
 -3.2919124e-02
 -1.5829343e-02
 -1.1660735e-01
 -2.7882445e-03
 -2.2773336e-01
  3.4529901e-01
  3.9679717e-02
 -3.2295617e-01
  4.5468539e-01
  6.9741975e-03
 -2.9879966e-01
  1.8658878e-01
 -3.4809065e+00
  2.4594393e+00
  4.6766710e+00
 -3.8063052e+00
 -1.7547710e+00
  6.5610391e-01
  2.2754755e+00
  4.2357426e+00
 -3.9430565e-01
  2.5002465e-02
 -3.3180025e+00
 -2.7429333e-01
 -5.4677583e-02
  3.1777203e+00
 -1.0899779e+00
 -1.1726360e-01
  5.8575127e-02
  6.5889269e-01
  9.7404414e-01
  3.5655478e-01
 -1.3309945e-01
  3.2474246e+00
 -9.8279935e-01
  4.8554215e+00
  3.4176531e+00
  1.0678347e+00
  4.7499676e+00
  2.7343161e+00
  6.2342894e-01
  1.7384220e+00
  3.5666481e-01
  5.2699798e-01
 -1.6571127e-01
  1.4933512e+00
 -1.4755186e+00
  3.0808051e+00
  2.1255865e+00
  4.6299891e+00
  1.4475802e-01
  1.9291803e-02
  1.8713796e-01
 -1.2693498e-01
 -3.0827418e-01
 -3.6339501e-01
  1.1977679e-01
  2.6344812e-01
  5.6133980e-01
 -4.7355287e-02
 -1.3420518e-01
  2.7457747e-01
 -3.9303441e-02
  2.4420449e-01
 -2.9076701e-01
 -2.1377029e+00
  1.9105340e+00
 -1.4706184e+00
  1.2814661e+00
 -3.4537017e-01
  1.9556868e+00
 -4.2496055e-01
 -1.0196962e+00
  5.1365618e-02
 -3.1494123e-01
  3.2043562e+00
 -1.9228631e+00
 -4.3448624e-01
 -6.6897102e-02
  2.3551075e+00
  8.5561231e-02
 -2.0524690e-02
  3.0617878e-01
  1.8827426e-01
 -2.3111384e-02
  1.0929656e+00
  1.7928810e-01
 -3.4694743e-01
 -2.5006953e-01
  6.2706572e-01
  7.7948439e-01
  8.2320833e-01
  3.0712327e-01
 -1.0523207e-03
 -2.4236225e-02
 -2.6986381e-01
 -9.0816689e-01
 -1.9251384e-02
  1.7671050e-01
 -5.7247311e-01
  5.3651899e-01
 -3.1009946e+00
  2.9419482e+00
 -5.8712546e-02
 -1.3670485e-01
  2.4987349e-01
  4.0859725e-02
 -2.3415424e-01
 -4.5673487e-01
 -1.8061243e-01
  9.3619153e-02
 -5.6248242e-01
 -2.5366789e-01
  3.6937517e-01
  2.3149921e-01
 -2.6294546e+00
  7.2155132e+00
  1.5358206e+00
  2.1925597e-01
 -4.1980238e+00
 -1.9419035e+00
 -4.6238956e+00
  3.9861858e+00
  2.7461441e+00
 -2.4910874e+00
 -1.6809442e+00
 -6.0183167e-01
  1.5712929e+00
 -5.5557758e-01
  2.1105081e-01
 -9.5158480e-02
  1.2152236e-01
 -1.5050909e-01
 -6.0953891e-01
  9.7188964e-02
 -1.3914059e+00
 -2.5429049e-01
 -2.6615283e-01
  2.2907979e+00
 -1.7869271e-01
 -1.0695757e+00
  2.9544699e+00
  1.7711613e-01
  3.4106332e-01
 -7.0185798e-01
  7.6247740e-01
 -4.4030843e+00
 -8.1870211e-03
  2.1765242e+00
  1.8075165e+00
 -1.8403887e+00
 -1.5820651e+00
  1.1065450e+00
 -2.3671639e-01
  3.2882130e-01
  5.9675294e-01
 -1.7458560e-01
  9.9291795e-01
  8.7227213e-01
  1.4679942e-01
 -1.8612726e-02
  7.7032998e-02
  9.8682521e-03
 -1.4324826e-02
 -1.4445627e-01
 -8.1189871e-02
 -5.7456458e-01
 -6.3518137e-01
 -8.5673481e-01
 -2.2171776e-01
  1.3821596e-01
 -1.7920136e+00
 -3.9436141e-01
 -3.6233723e-01
 -7.7711500e-02
  3.4145408e+00
 -1.8075088e-01
 -6.7620242e-01
 -2.8796127e-02
 -3.4846455e-01
  2.2872666e-01
  8.1270707e-01
  8.2891732e-02
 -6.0559875e-01
 -2.9920974e-01
 -3.4391242e-01
  2.6761878e-01
 -1.5847005e-01
 -1.3000403e-01
  1.0765877e-01
  3.2012233e-01
  1.3975473e-01
 -2.9236332e-03
  5.0349771e-03
  1.2628942e+00
  9.2563301e-02
 -3.2961164e-02
  8.9501441e-03
  5.1259959e-01
 -6.5814793e-02
 -4.6646476e-02
 -2.4724531e-01
 -2.0011491e-01
  2.4620897e-01
  1.2634127e-01
  2.4053329e-01
 -4.4653166e-02
 -5.3854458e-02
  7.2999060e-01
 -1.4589284e-01
 -1.5758654e-02
  3.1751999e-01
 -4.9730215e-02
 -8.0064431e-02
  9.3109742e-02
  1.6002312e-01
  5.3392746e-02
  8.9063078e-01
 -9.0284151e-01
 -1.7845097e+00
 -8.0402368e-01
 -2.9102743e-01
  1.5132437e+00
  3.0747322e-02
  7.5281036e-01
 -1.9900153e+00
 -1.0172392e+00
  2.5467949e-02
 -1.6089723e+00
 -9.2234695e-01
 -9.8093426e-01
  5.6290120e-01
 -2.1835284e+00
 -1.6161783e-01
 -9.6426088e-01
 -1.2381747e+00
 -1.2303450e+00
 -3.4296587e-01
 -6.8871254e-01
  7.9468805e-01
  8.1132203e-02
 -4.6949762e-01
  2.1732814e+00
 -3.5478659e+00
 -1.0260608e-01
 -3.6008661e+00
  2.5957924e-01
 -1.9917182e+00
  2.4039882e-01
  4.6299614e-02
 -5.2985650e-01
  1.9982890e+00
 -3.0885329e+00
  6.4240849e-01
  1.3134665e+00
  1.5805869e+00
 -5.6496924e-01
 -3.4649599e-01
  1.0237288e-01
 -3.2534212e-01
  2.1877186e-02
  9.5276542e-02
 -2.6758641e-01
 -3.2913449e-01
  6.9632739e-01
  3.3590654e-01
  6.0316634e-01
 -6.0206336e-01
 -5.6545860e-01
  1.3404188e+00
  1.2928711e+00
 -1.8209785e+00
 -3.5662124e+00
  5.2103605e+00
  1.1585729e+00
 -4.7280848e-01
 -1.4567893e+00
  2.7328424e+00
  4.1859636e-01
  6.9176335e+00
 -1.7904524e+00
 -1.7682548e-01
  5.7450624e+00
  4.1966078e-01
  2.0970066e-01
 -4.6885061e-01
  1.6579084e+00
  4.8645873e-02
 -1.9199636e+00
 -7.9743707e-01
 -2.0267253e-01
 -1.3846889e+00
 -2.1362436e+00
  2.6337633e+00
 -1.2039433e+00
 -7.8538662e-01
  9.2244792e-01
  4.1277307e-01
  2.1373179e+00
  2.8143486e-01
 -1.4393849e+00
 -2.1033769e+00
  3.4261835e+00
 -5.9288353e-01
 -2.6878154e+00
 -2.9348087e-02
 -3.2896897e-01
 -3.7410736e-01
 -2.1496768e+00
  8.4470713e-01
  9.3426561e-01
  1.6269847e+00
 -8.7179989e-02
  7.3769414e-01
  1.1249091e-01
  5.3876054e-02
  3.3102911e-02
  1.5290238e+00
  4.2466468e-01
 -3.6006672e+00
  6.4697897e-01
  4.0280170e+00
  1.8149263e+00
 -1.8271036e+00
  9.4942558e-01
 -1.3982289e+00
  3.7601900e+00
  1.3456705e+00
  7.0041674e-01
 -3.0245709e-01
 -1.3995734e-02
  1.5966520e-01
 -4.0780153e-02
 -1.0606045e-01
  1.5255506e-01
  1.9224268e+00
  1.6275220e-01
  1.2364431e-01
  1.3839451e+00
 -3.2427125e+00
  3.2322438e+00
 -2.5468054e+00
 -1.2499336e+00
  6.4466834e-01
  4.5116132e-01
  6.8989754e+00
 -3.0866725e+00
  3.7066839e+00
  7.4680057e+00
  3.9685798e-01
  1.4414204e-02
  1.8124972e-01
  2.0369630e+00
 -5.0074279e-01
  3.6806955e+00
 -1.7334716e+00
  2.4741526e-01
  1.6024831e-01
 -3.2333605e-02
 -1.8528086e-01
  2.1423273e+00
  2.8100546e-02
 -4.7894624e-01
 -1.5037297e-01
 -3.9467220e-03
  3.8937548e-01
  1.3734454e+00
  7.7199016e+00
 -2.7524180e+00
 -7.5018187e-03
  2.3752155e+00
 -1.9591454e-01
  2.0093384e+00
 -3.1041739e+00
 -6.1836034e-01
 -2.5009758e+00
 -1.2045593e-01
 -3.8691435e-02
  6.8208092e-01
 -5.6021208e-01
 -2.6016021e-01
  3.0594698e-01
 -2.1651912e+00
  2.6622421e-01
 -3.5581510e-03
 -2.8418115e-01
 -2.7743113e-01
  1.4180274e-01
  3.9267700e-02
  1.7707528e-01
  3.1328458e-02
 -6.6178620e-01
 -7.7381372e-01
 -3.2225829e-01
 -1.6329630e-01
  7.2201520e-01
 -1.2415051e+00
  4.5414384e-02
  9.9176043e-01
  1.6255426e-01
 -4.7510132e-01
 -3.2646072e+00
  1.8346667e-01
 -2.6644073e+00
  2.0806015e+00
  1.3967435e+00
 -1.2547123e+00
 -4.8866171e-02
 -2.2271083e-01
  2.0308554e-01
  6.2342830e-02
 -3.1924087e-01
 -6.1777478e-01
 -1.1253490e-01
  2.5909260e-01
 -6.5341061e-01
 -4.9150743e-02
  1.1158401e-01
  3.2083970e-01
  1.6634289e-02
  2.3547624e-01
 -2.8768129e+00
 -3.7328937e+00
  5.9190553e-01
  2.4608173e+00
  1.5620192e+00
  2.2799494e+00
  1.1840281e+00
 -4.5809284e-02
 -4.4773016e+00
  1.0287936e-01
 -1.2193389e-01
 -8.1058627e-01
 -1.0689034e+00
  2.8051491e+00
  2.4798882e-01
  2.3903346e-01
 -1.8737775e-01
  4.8511139e-01
  9.9270590e-02
 -2.2500305e+00
  3.6576003e-02
  1.0147765e+00
  7.3531306e-01
  3.0859344e+00
  2.8898132e+00
 -1.2124780e+00
 -1.4961327e+00
  1.2858738e+00
  5.8566551e+00
  1.6962276e+00
 -4.8546082e-01
 -5.9654701e-01
 -9.5514610e-02
 -2.6403917e-03
 -2.6707676e-01
 -2.0268364e+00
  5.9792888e-01
 -4.2189077e-02
 -8.9076215e-01
 -1.4640774e-01
  2.2754286e-01
 -3.6065230e-01
  1.6514150e+00
  3.6358523e-01
 -2.0592195e-01
  4.6258359e+00
 -2.3509806e-01
 -3.5343891e-01
 -4.2040044e-01
  2.1269336e-01
 -5.9510279e-02
  2.1269004e+00
 -4.9952933e-01
 -8.1245012e+00
  8.8534040e+00
  7.6207819e+00
  6.4228516e+00
  2.7488585e+00
  2.0426033e+00
  1.5316036e-02
 -4.6816966e-01
  1.8889287e+00
  6.2605280e-01
  2.5398312e+00
  2.0246401e+00
  7.2254415e+00
  3.5914563e-02
  7.9171441e-02
 -4.8173704e+00
  3.3806983e-01
 -5.1339287e-01
 -4.3698325e+00
 -1.3800064e-01
 -4.1726604e-01
 -1.6307735e-01
 -3.0356321e+00
 -3.7422770e-01
  1.9799329e+00
  9.3409479e-01
  3.2251196e+00
  2.7227960e+00
  4.4821066e-01
  1.7431106e-01
  1.2012797e-01
  3.6462686e+00
  6.2206001e+00
  2.7549443e-01
  2.4613731e+00
  2.7009875e-02
  1.8473659e-01
  6.4273015e-02
 -1.3498591e-01
 -3.2231763e-01
 -1.3373966e+00
 -1.9201419e-01
 -5.2097243e-01
 -7.0177621e-01
  1.3047717e+00
  6.6945165e-01
  2.6489372e+00
 -1.1164650e-01
 -8.0034345e-01
  5.2460438e-01
  1.8834910e-01
 -1.9322515e+00
  2.9465991e-01
 -2.1683829e+00
 -6.8252653e-01
  6.6566616e-01
  3.2284316e-01
 -1.2758397e+00
  9.2892190e-03
  3.6973161e-01
 -7.2238910e-01
  8.9967757e-01
 -6.1258692e-02
 -1.7725189e-01
 -1.9434180e+00
 -3.8646561e-01
  6.7857139e-02
  1.1716715e-01
 -7.0393783e-01
 -6.6492718e-01
 -1.1028699e+00
 -1.5944912e-01
 -4.7475967e-01
 -2.3663931e-02
  5.1789063e-01
 -1.1543252e-01
 -2.9110545e-02
 -2.8586978e-01
  5.5938727e-01
  1.8910193e-01
  1.3778275e-01
  5.4140586e-01
  1.5107340e+00
 -2.0032203e+00
 -6.2388057e-01
 -6.5788649e-02
 -1.3174052e+00
 -2.6310446e-02
 -7.9480524e-04
  1.3687010e-01
 -6.7169130e-02
 -2.7412665e-01
 -1.6602951e-01
  4.4537607e-01
  1.1282513e-01
 -9.3572390e-01
  3.7266310e-02
  1.6127774e-02
  1.6357869e-02
 -1.2696771e-02
  8.2022756e-01
 -8.3553419e-02
  1.6165993e+00
  1.1538612e+00
  3.8632959e-01
 -2.0034339e+00
  5.0831251e+00
  8.2133859e-01
 -2.4572572e-01
 -4.7719181e-01
  5.7869297e-01
 -1.0798459e-01
 -7.5174190e-05
  2.5421808e-02
 -5.1067142e+00
  6.5979123e-01
 -2.3307216e+00
  2.0633399e-02
  1.2891191e-01
 -1.0231467e+00
 -3.6314309e-01
 -2.8020909e+00
  1.9537778e+00
  4.5237085e-01
 -6.1250132e-01
 -2.9870672e+00
 -1.0556717e+00
 -1.0365406e+00
 -1.3983507e+00
 -2.0651678e-02
 -1.3177480e+00
 -1.8730690e+00
  3.3309846e+00
 -1.0651276e+00
 -2.6844387e+00
  3.2848504e+00
 -1.1434522e+00
  2.3586822e-01
 -5.9083587e-01
  9.2513442e-02
  7.2037822e-01
  5.1465378e+00
 -6.5820712e-01
  6.0975865e-02
 -5.9176457e-01
  7.8752983e-01
 -4.6718708e-01
  5.3582478e-02
 -3.0768340e-02
 -2.1385874e-01
  3.6256455e-02
  7.9123563e-01
  2.7648067e+00
 -8.4151375e-01
 -2.2765238e+00
  9.2483145e-01
  2.0316143e+00
 -1.4237105e+00
 -3.2272892e+00
  4.8024092e+00
  1.1065352e-02
  2.7194507e-02
 -1.9665229e+00
 -2.0355822e-01
  1.1503369e-01
  5.5869162e-01
  6.0311395e-01
 -1.8563695e+00
  2.5316641e-01
 -1.1927640e+00
 -6.7481941e-01
 -1.6612394e+00
  5.0794274e-01
 -1.1835011e+00
  6.4452606e-01
 -4.7629962e+00
 -3.2234576e+00
 -1.0378428e+00
 -2.9191825e+00
  2.3681235e+00
  1.0702957e+00
  1.5968028e+00
  1.3788891e-01
  1.5898094e+00
  3.0215070e-01
  2.7277799e+00
 -3.4343216e-01
 -3.4307176e-01
 -1.2047750e-01
  2.5348216e-01
  5.1069420e-02
 -2.3056322e-01
  5.3613186e-01
  1.7342523e-01
 -6.6604335e-03
  9.4531053e-01
  7.8744195e-02
 -1.7233895e+00
 -8.2606152e-02
 -3.4618460e-02
 -2.3062815e-01
 -6.7748487e-02
 -3.5384727e-01
 -4.7128458e+00
 -3.4912148e-01
 -2.8955302e-01
 -1.7010413e-01
  5.6030649e-01
  9.2335147e-01
 -1.1907429e-02
  2.6358074e-01
 -3.6541874e+00
 -3.2166365e-01
 -3.6305357e-02
 -1.2954473e+00
  1.6468492e+00
  9.6953535e-01
 -3.3738816e-01
  1.7240235e-01
 -1.0836101e-01
 -2.0436116e-02
  2.2097747e+00
  9.5937289e-02
  1.0635521e+00
 -3.8087827e-01
 -2.1714491e-01
 -2.4919488e-01
 -4.5058050e+00
  3.2121377e+00
  1.2703487e+00
 -1.5503358e+00
  3.1124573e-02
 -2.1668117e-01
 -1.1187749e+00
 -6.2489688e-01
 -1.4440544e+00
  2.4900436e-01
 -2.7011466e+00
 -8.9778799e-01
  1.1644252e-01
 -7.6268256e-02
  4.1697998e+00
 -5.4098748e-02
 -1.4607152e-01
  6.0325474e-03
 -1.4089599e-01
 -1.8403586e-02
 -2.6532722e-01
  6.9115706e-02
 -2.3915997e-01
  1.2692685e+00
  1.6185670e-01
  4.6108750e-01
 -4.1020977e-01
  1.0790062e+00
  2.2600884e+00
 -1.8627724e-02
 -1.2184609e-02
  3.6306134e-01
 -4.9394470e-02
 -3.5582170e-01
  3.8868709e+00
  2.1551588e-01
 -7.1354233e-02
 -3.4184778e-01
 -9.0537792e-01
 -3.0225728e+00
 -2.0772651e-01
  3.4112203e-01
  2.1272007e-01
  1.5524700e-01
  2.5744800e-02
  1.7809749e-01
 -1.4083275e+00
  1.6303845e-01
  4.1941765e-01
 -2.9146332e-01
  3.8420398e+00
 -1.5614084e+00
  2.8218812e-01
 -2.9846910e-02
  5.0741291e-01
  5.9924942e-01
 -1.5942724e-01
  3.7254775e-01
  1.1368697e-01
 -4.8881355e-01
 -6.2775427e-01
  8.0711818e-01
  1.4115193e-01
  3.5749462e-02
  1.8851873e-01
  2.6497075e-01
  5.3838760e-01
  5.2207382e-03
  5.3908087e-02
 -3.3412281e-01
  1.1397723e+00
 -2.0619695e-01
 -5.1472223e-01
 -3.4541288e-01
 -3.3923781e-01
  1.2390689e-02
 -9.3826978e-03
 -1.6735996e-01
  2.2635661e-01
  1.5248727e+00
 -3.3514974e+00
  5.9580975e-03
 -4.0202174e-01
 -1.5860747e+00
 -2.5988007e+00
  2.2537820e-01
 -1.8805625e-01
 -1.3876578e+00
  2.3767266e-01
  9.2438036e-01
 -9.7792380e-02
  1.8701673e-01
 -3.9637656e+00
  3.2902002e-01
 -9.0065368e-02
 -7.9672253e-01
  1.6836587e-01
 -4.8039805e-02
  1.6852129e-01
 -2.5266244e+00
  4.1711476e-02
  3.5740218e+00
 -1.1554446e+00
 -2.4559212e-01
  4.4039790e-02
 -4.1118717e-01
 -1.4568713e-01
 -2.9458562e-01
 -3.6758181e-02
 -9.8809433e-01
 -6.8263733e-01
 -5.8765002e-02
  3.7509683e-01
 -1.4388055e+00
  5.9691614e-01
  3.2002681e-01
 -4.6218511e-01
 -5.6665802e+00
 -1.3891864e-01
  2.9540902e-01
  1.8409251e+00
  1.9459408e-02
  5.0739801e-01
  2.8394544e-01
  1.0451287e+00
  1.2217987e-01
  1.2135775e+00
 -1.7427170e+00
  7.9405844e-02
 -1.5243217e-01
 -1.0750113e-01
 -8.4776747e-01
  2.5921842e-02
 -4.5623735e-02
  1.6708708e+00
 -1.9934389e-01
  3.4331080e-01
  1.7190784e-01
  2.8994262e-02
  3.1041646e-01
 -6.0051733e-01
  3.3973134e-01
 -7.0889950e-01
 -3.8979866e-02
  1.9076170e-02
  1.2071133e+00
 -4.3178704e-03
 -1.3971250e-01
  2.7739184e+00
  5.1895905e-02
  3.2683700e-02
  2.8263094e+00
 -7.4862063e-02
 -7.0911223e-01
 -6.1570630e+00
 -6.1700594e-01
 -9.6444923e-01
 -4.0025223e-02
 -5.6256962e-01
  5.7582945e-01
  1.2940003e-01
  1.1757927e-01
  2.8835108e+00
  3.0349576e+00
  3.5772642e-01
  5.7639657e-03
  7.7638018e-01
  3.0021040e+00
 -3.4317368e-01
 -1.5125932e+00
  1.4657193e-01
 -3.8996381e-01
  3.5061905e-01
  3.9486685e-01
  2.3610981e-01
 -7.1690798e-02
  2.1775945e-03
 -1.4908443e-01
 -2.3619968e-01
  2.4124181e+00
 -1.0154109e+00
  3.7830096e-01
 -2.1397524e+00
 -1.2511624e+00
 -2.5926118e+00
  3.2604840e-01
  1.3275628e+00
  1.5227824e-01
  3.7985504e-01
 -1.3438135e-01
  9.5960206e-01
 -1.6002487e+00
 -2.8688362e+00
 -7.4822974e-01
 -1.1946023e+00
  1.3603412e-01
 -3.6531919e-01
  1.3813926e-01
  5.2778646e-02
  9.2708266e-01
 -2.7783010e+00
 -8.7841831e-02
 -2.3533230e-01
  1.4806448e-01
 -2.2826843e-01
 -5.9635639e-01
  1.1653819e+00
  1.3164428e+00
 -1.6094348e-01
  6.0239907e-02
 -6.7316842e-01
 -1.1326224e-01
  1.4820551e+00
  9.9377781e-02
 -9.7226691e-01
  3.8106591e-01
  2.8451338e-02
  3.5822394e-01
 -2.3400757e-01
 -1.1401679e-01
 -8.1352007e-01
 -1.1544399e+00
  2.9844837e-02
  5.9408009e-02
  7.7489535e-03
  1.7261961e-01
 -4.7153911e-01
 -6.0304129e-01
 -3.7886950e-01
  5.0842601e-01
  6.5872684e-02
  1.9918276e-02
 -1.7208675e+00
 -2.1184124e-01
 -1.1133912e+00
 -1.3700013e+00
 -5.8061235e-02
  1.2953973e-01
 -1.0049021e-02
 -1.2094465e-01
  1.5187177e-01
  1.0331117e+00
  7.0135936e-02
  3.6080483e-01
  2.3296113e+00
 -7.2684056e-01
  8.3812185e-02
 -6.8048930e-01
  2.7217984e+00
  2.7757585e+00
 -1.3533093e+00
 -6.1538568e+00
 -1.2105241e+00
 -1.8892229e-01
 -1.0489688e-01
  2.2840706e-01
 -8.2449406e-01
 -3.7064023e-02
 -8.1753537e-02
  2.9167369e-02
  2.3727702e-01
 -7.4055535e-01
 -6.1897326e-01
  3.0967678e-04
 -2.4256259e-02
 -3.9232790e-01
 -4.8530111e+00
  7.7544004e-01
  1.7666512e+00
  2.1177088e-01
  1.1921949e-01
  3.7720188e-01
 -4.0559902e+00
 -1.0695055e+00
  7.1043288e-03
 -1.7934784e-02
 -8.5979056e-01
 -3.5543773e+00
  1.3178644e-01
  1.5517300e-01
 -1.3205396e-01
  1.8650045e+00
  1.8119961e-01
 -1.8694480e-01
 -1.8668923e-01
 -1.2507198e+00
  1.1644429e+00
  3.6506727e-01
  8.3839196e-01
  9.0563661e-01
 -9.1117352e-01
  6.2551814e-01
 -1.2755876e+00
  1.2646050e+00
 -1.8616996e+00
  1.3545712e+00
 -1.7180405e+00
 -7.4322772e-01
  6.4953858e-01
 -1.6674290e+00
  1.1920267e+00
  1.0601859e+00
 -1.3706829e-01
  1.0985496e+00
  3.6551216e-01
  5.2352214e-01
 -4.2563841e-01
  1.4604346e+00
  1.7480806e+00
  9.7870243e-01
  2.1498039e+00
  2.4218643e+00
 -1.8844884e-02
  1.1664443e+00
 -1.7482349e+00
  9.2412996e-01
  1.1180859e+00
  2.5493672e+00
 -1.3507473e+00
  5.4767478e-01
 -7.3405534e-01
 -1.8788666e+00
  7.7165049e-01
 -6.6558993e-01
 -1.2540741e+00
  1.5091851e+00
 -1.0950449e+00
 -5.4025120e-01
 -2.4056494e+00
  1.5491803e+00
 -2.9252107e+00
  1.1075094e+00
 -1.2934629e+00
  2.5369275e-01
  9.0589207e-01
 -3.1616297e+00
 -1.1497241e+00
 -1.0449545e+00
  1.1437886e+00
  1.4447906e+00
 -7.8577930e-01
 -1.7362313e+00
 -7.1083087e-01
  1.2399484e+00
 -1.9687690e+00
 -9.2330229e-01
 -1.2544717e+00
  1.0574629e+00
 -8.0888283e-01
  1.2982693e+00
  1.5834298e+00
 -8.0933607e-01
  1.5635208e+00
 -2.9531660e+00
 -1.8319215e+00
  1.6029670e+00
  1.9395375e+00
  7.0747960e-01
 -1.9823940e+00
  7.7823371e-01
  1.0071343e+00
 -2.5058892e+00
  3.2377908e-01
 -2.6873963e+00
 -1.8139520e+00
 -1.6895484e+00
 -2.4445496e+00
 -1.2278551e+00
  5.0763822e-01
 -4.3883368e-01
  6.6099918e-01
 -1.6643308e-01
 -2.9842708e+00
  1.0989301e+00
 -1.9011571e+00
  1.9592240e+00
  2.5303831e+00
 -3.3205962e+00
  2.3281651e+00
 -1.2395289e+00
 -1.2504421e+00
  4.7670582e-01
  1.2364143e-02
 -2.3018389e+00
  1.3269200e+00
 -9.1825658e-01
 -1.9027395e+00
  6.0516224e+00
  1.8612518e+00
  1.9833409e+00
  1.9273170e+00
  2.2246649e+00
  6.2829739e-01
 -1.1813020e+00
 -9.1988188e-01
  9.6974158e-01
 -1.3091184e-01
  1.3008713e+00
 -8.9355046e-01
  6.7351186e-01
 -1.0089295e+00
  1.9894460e+00
  2.8608732e+00
 -8.0936444e-01
 -3.3340750e+00
  3.9748027e+00
 -1.3172202e+00
 -1.0867563e+00
  2.7644892e+00
  1.6329352e+00
  6.8570095e-01
  1.7514278e+00
  1.2584529e+00
 -1.5541200e-01
 -1.5123455e-01
  8.8722849e-01
 -2.9614549e+00
  1.1489377e+00
  1.8720632e+00
 -5.3500734e-02
 -1.0509840e-01
  3.9663315e-01
  2.2425817e-01
 -5.1213849e-01
  2.5123498e+00
  2.7453179e+00
  1.4959208e+00
 -4.4807549e+00
  6.1749941e-01
  5.0127906e-01
 -2.9465868e+00
 -4.1159368e-01
 -6.5149635e-01
 -1.5246865e+00
 -3.7908754e-01
  2.8202758e+00
 -2.0233581e+00
 -5.7208520e-01
 -2.6604483e-01
  5.7603416e+00
  1.3548061e-01
 -4.1855922e+00
 -3.4027357e+00
 -2.2725899e+00
 -2.5744131e+00
  8.1802946e-01
  4.2872101e-01
 -1.2648154e+00
  1.8366636e-01
 -5.2769203e-02
 -1.4198754e+00
 -1.3783498e+00
 -5.4602695e-01
 -1.1411128e+00
 -1.0241748e+00
  5.9152371e-01
  3.8986015e-01
  2.8856196e+00
  8.3995408e-01
 -1.4270124e+00
 -2.8813708e-01
  7.4860311e-01
  1.2618607e+00
 -3.8419516e+00
 -6.4541364e-01
 -6.2048864e-01
 -3.5022504e+00
 -1.9554328e+00
 -3.7032804e-01
  2.3547210e-01
  8.5007465e-01
 -2.2567999e+00
 -3.6035540e+00
  2.4953089e+00
 -6.3918548e+00
  1.0979791e+00
  7.1736412e+00
 -1.2008903e+00
  2.1871469e+00
 -5.1900554e-01
 -3.4478652e-01
  1.9001073e-01
  1.5392743e-01
  3.6441788e-01
 -3.1097719e-01
 -1.9540749e-01
  4.2107895e-01
  1.7473380e-01
  2.0247293e-01
 -1.6553846e-01
 -9.1653019e-02
 -5.5253810e-01
 -3.6305013e-01
  3.8294789e-01
 -4.2597523e-01
 -6.2318009e-01
 -1.1256456e+00
 -1.2329318e-02
 -3.1058821e-01
 -2.2572610e-01
 -3.4347051e-01
 -2.0479999e-01
  4.2720699e+00
  1.3293588e+00
 -1.5587588e-01
  4.5591891e-02
  3.0664241e-01
 -2.8468257e-01
  2.8415540e-01
  7.5528370e-03
  4.6652329e-01
 -9.4905293e-01
  1.6124109e+00
 -1.6649157e-01
 -2.9017332e-01
  3.0323462e+00
  1.8453790e-02
  2.1102934e+00
  2.6025337e-03
 -2.1471035e-01
 -4.5814984e-02
  1.3227609e+00
 -6.2913038e-02
 -1.0122591e-01
  2.7461207e-01
 -3.4866098e-01
  3.7329617e-01
  4.1358676e-02
 -3.0739674e-01
  1.0105296e-01
 -2.9160306e-01
 -3.1659138e+00
 -3.4847909e-01
  1.4300795e-01
  2.1537595e+00
  3.8530953e+00
 -1.5101910e+00
 -9.5720254e-02
  7.2215575e-01
 -3.1992751e-01
 -7.7015571e-02
  1.2528011e-01
 -1.0223001e-01
  1.3011436e-01
 -3.6482796e-01
 -2.7806205e-01
  4.9330103e-01
 -2.1398392e+00
  2.3544078e+00
  1.2641890e-01
  1.8213661e-01
 -5.9459653e-02
  1.6846159e-01
  1.5161926e+00
 -1.8657522e-01
  1.0079786e+00
 -3.5606220e-01
  8.3009750e-02
 -5.8643684e-02
 -3.4658951e-01
 -3.8128738e+00
  3.6852229e-02
 -4.3497958e+00
 -1.4764085e-01
 -1.4797701e+00
 -3.9712971e-01
  1.3622650e+00
 -2.6773718e-01
 -9.8459643e-01
  1.6599493e-01
  2.5319356e-01
  1.8900336e-01
  1.8107550e-01
 -7.0644450e-01
  3.0640888e-01
 -2.1925513e-01
  2.7805546e-01
  1.1815313e-04
  5.8246862e-02
  2.0525558e-01
  1.4949913e-01
 -7.0367314e-02
 -1.2747106e-01
 -1.1806457e+00
  3.2485471e+00
  2.0281198e+00
 -1.1454263e+00
  2.6915827e-01
 -1.1357634e+00
 -1.6560524e+00
 -1.6315403e+00
 -6.9560808e-01
 -1.9128302e-01
  3.8976374e-01
 -8.0898207e-01
  2.9162703e+00
  1.9085148e-01
 -9.9371451e-01
 -3.8700464e-01
 -4.7519416e-02
  9.9258143e-01
 -1.6979404e-01
  9.2647754e-02
 -2.2409713e-02
  4.3022344e-01
 -6.0630047e-01
  3.1368372e+00
  2.8740788e-01
 -6.4899243e-02
 -2.8983727e-01
  2.7371517e-01
  2.3491938e+00
 -2.5320960e-02
  1.4532785e+00
  3.7727058e-01
 -3.4540164e+00
  3.2116318e+00
 -3.5087225e-01
 -6.6196823e-01
 -6.5973754e+00
  6.1506844e-01
  2.6796606e-01
  1.4793150e-02
  2.0677261e-01
  5.4587789e-02
  2.4431879e-02
 -1.3002729e-01
 -1.9175301e-01
 -8.5463598e-03
 -3.0990386e-01
  1.7956353e+00
 -2.7835304e-01
  8.7093651e-01
  6.4374171e-02
 -1.1058589e-01
 -2.4654432e-01
 -4.2083983e+00
 -3.5747048e-02
 -1.4165583e-01
 -1.8273644e-01
  4.6477371e-01
  1.1248126e-01
 -1.8567340e-01
 -2.8063685e-01
  3.9011985e-02
  6.5953404e-01
  3.1207183e-01
  8.0828004e-02
  5.0734624e-02
 -2.5053576e-01
  7.0019436e-01
 -6.6213541e-02
 -4.4236821e-01
 -3.8942820e-01
  1.9388239e-01
  6.7086798e-01
  5.3509480e-01
 -6.8462297e-02
  1.1649710e-01
  1.2726361e-01
  9.1017477e-02
 -1.4130130e-01
  3.1441631e+00
 -6.4736754e-02
 -2.4487136e-02
  1.4377670e-01
  1.2767898e-01
 -1.6657686e-01
 -3.3011162e-01
 -3.4467080e-01
  7.8313380e-01
  5.7083851e-01
 -2.1440054e-01
  4.2186695e-01
  6.4597003e-02
  9.3674755e-01
  4.1518930e-01
  9.2839852e-02
 -6.9715492e-02
  8.4974366e-01
  2.0689794e-01
  3.0558437e-01
 -7.6402865e-02
  2.1718150e-01
 -1.4337748e+00
  4.2807785e-01
 -5.4609070e+00
  9.5369416e-01
  6.3231602e-02
  4.3897409e+00
 -1.7445706e+00
 -1.2126936e+00
 -1.4348881e+00
  2.5516002e+00
 -2.7637487e-02
  3.9089583e-03
 -4.1010344e-01
  3.7282457e+00
 -1.5776801e+00
  3.3496978e+00
  9.1346157e-01
 -3.7284327e-01
 -1.9784274e+00
  3.5693714e-01
  9.0523338e-01
 -1.7327085e-01
  9.9160157e-02
  2.2383738e+00
 -1.8467041e+00
 -4.9408635e-01
 -1.5942541e+00
  2.3210514e+00
 -3.7431306e-01
 -1.6244875e+00
  4.8137075e-01
  7.9713786e-01
  4.4669601e-01
 -2.1476433e-02
 -2.7461430e-01
  1.7933264e-01
 -5.3819793e-01
  3.1475353e-01
  1.8307054e-01
  1.1513565e-01
 -9.1926321e-02
 -3.3910060e+00
  8.7471753e-02
  1.6612118e-01
  3.1797555e-01
 -1.0850202e-01
 -8.4489122e-02
  5.8166571e-02
  1.3408562e+00
 -5.7679266e-02
  1.3804920e-01
 -9.6542560e-02
 -2.8097749e+00
  4.0896493e-01
 -6.1921272e+00
  2.5685475e+00
 -4.6543999e+00
 -3.1791770e+00
 -2.7106994e-01
 -2.1384990e+00
 -2.5626585e-01
 -1.2292749e+00
  1.3393245e+00
  3.8216896e-02
  4.5300413e-02
 -3.5485217e-01
  2.8258872e-01
 -2.6473379e-01
  1.3078976e+00
 -4.5518063e-02
 -3.1074338e-02
 -8.3807778e-01
 -2.4639986e-01
  1.4879891e+00
 -8.5723102e-01
 -2.6526302e-02
 -5.3062513e-03
  1.2251278e+00
 -2.2122720e-01
  5.3585893e-01
  1.8820976e-01
  5.2499967e+00
 -1.3606277e+00
  2.8466490e-01
  1.1427883e+00
 -2.1557336e+00
 -9.4226938e-01
  1.5947187e+00
 -1.4623605e+00
  2.8515065e-01
 -1.1145360e-01
 -2.5976571e-01
 -2.3647985e+00
  1.5883769e-01
  4.9465367e-01
 -1.6081594e-02
  3.9199096e-01
  3.7165725e-01
 -1.3265815e-01
  1.4128339e-02
  1.3417283e+00
 -1.0269924e-01
 -1.6000655e-01
 -2.2331140e+00
 -1.7747271e-01
  9.7125357e-01
  1.0865027e+00
 -2.3201704e+00
  1.7097849e+00
 -3.7683702e+00
  1.2690626e+00
 -4.4525376e-01
  1.5784036e-01
  1.7442574e-01
 -1.4407943e+00
  8.1188631e-01
 -1.6235812e-01
 -1.1211359e-02
 -2.2536438e+00
  1.0379680e+00
  2.5116163e-01
  3.2765839e+00
 -6.5855205e-01
  6.7752528e-01
 -1.7813586e+00
  2.0831580e-01
  2.9332020e+00
  1.1930251e+00
  3.6856673e+00
 -1.2665633e+00
 -1.5458984e+00
  2.0945403e-01
 -1.1302763e+00
 -2.6664993e-02
  2.0091283e+00
  3.4952514e+00
 -9.9484271e-01
  6.6017920e-01
  4.1927165e-01
 -2.0326052e+00
  5.1938248e-01
 -4.5697767e-02
 -1.1371488e-01
 -3.4858701e-01
 -1.9179320e-02
  6.4233571e-01
  3.9969838e-01
  2.9478042e+00
  1.0856157e-01
 -1.5295406e-01
  3.6050127e+00
  3.5004401e-01
  8.4374167e-02
 -1.1786731e-01
  1.5719773e-01
  1.4825460e-01
  2.0362085e-02
  1.6928501e+00
  4.4924524e-01
  1.0479311e-01
  1.7346346e-01
 -3.1504774e-01
 -4.0143150e-01
  8.3941087e-02
  2.4534729e-01
 -6.7148626e-01
  6.1626069e-02
 -4.2245675e-02
  6.0052282e-01
 -1.9716711e-01
 -1.0888281e-01
 -1.9987559e-01
  3.0034965e-02
  1.0759156e-01
 -2.9529241e-01
 -4.4383547e-01
  1.5398955e+00
  2.4294589e-01
  1.3798033e+00
  4.9468961e-01
 -6.0348862e-01
  3.7464315e-01
  2.0171860e-01
  4.1292605e-01
 -4.4886577e-01
 -5.2116901e-01
  8.0302628e-03
 -3.1831408e-01
 -1.2275348e+00
 -1.2412840e-01
  3.1271536e-02
  3.1557962e-01
  2.3981065e-01
  1.8786283e+00
  1.0252477e-01
  7.7587634e-02
 -2.7147818e-01
 -1.1302393e-01
  1.6604735e-01
  3.7437570e-01
 -1.3271329e+00
  6.1623029e-02
 -1.0360654e-01
 -3.1767353e-01
  8.6142194e-01
  2.9382792e+00
  8.5953301e-01
  7.4229889e-02
 -4.3313324e-01
 -1.8197371e-01
  1.9253434e+00
 -1.4516357e-01
  1.2211779e-01
 -1.4239345e-01
  4.0304974e-01
 -2.2062247e-01
  1.4467402e-02
  2.6529929e-01
 -3.3248407e-01
  2.7836859e+00
  1.5915636e+00
 -6.8303502e-01
  6.5241057e-01
  3.9289293e-01
 -1.4298702e+00
 -1.6220027e-01
  7.7215068e-02
  6.4045602e-01
 -4.1965529e-01
  5.3233523e-02
 -3.6560509e-01
  1.2302939e+00
 -2.6807943e-01
  4.4615918e-01
  2.3999307e-02
  8.4237769e-02
 -8.6307153e-02
  1.1315353e-01
 -3.7625244e-01
 -2.4226111e-01
 -2.0106307e-01
 -2.5342455e+00
  3.7667608e-01
  1.1429984e-02
 -3.2977045e-02
  1.3809361e-01
  1.5271559e-01
 -9.6449656e-03
 -6.9744778e-01
 -1.2250621e-01
  1.1782025e-02
 -2.5478914e-01
  1.3325192e+00
 -7.6918972e-01
  1.3977481e-01
 -2.5707746e-01
 -2.0029523e+00
 -2.0582058e+00
 -1.6958268e+00
  6.6472214e-01
 -2.0022049e+00
  8.1828010e-01
 -1.6035929e-01
  7.1563447e-01
 -1.4446768e+00
  8.6495072e-02
  6.4001900e-01
 -5.3169841e-01
  1.0465158e+00
 -3.5794586e-01
  5.4172134e-01
 -1.9933140e-01
 -8.4488720e-01
  2.3502486e-02
 -3.3468150e-02
  7.6840603e-01
  3.7528098e-01
 -1.4799879e-01
 -2.6161033e-01
 -1.0326806e-01
 -7.3797763e-03
  6.5502983e-01
 -1.2266999e+00
 -3.1271273e-01
  2.8045847e+00
 -9.2015725e-01
 -2.5713725e+00
  9.1335557e-02
 -6.2019306e-01
 -1.2017822e-01
  2.7059373e-01
  5.2645594e-01
  1.3353987e-01
 -1.0192416e-01
  2.1983546e-01
  1.9664355e-01
  2.2706685e+00
  2.0198631e-01
  6.3125819e-01
  3.1634817e-01
  2.3711284e-03
  3.6781248e-01
  2.5594014e-01
  5.8221233e-01
 -1.1845805e-01
  1.2069426e-02
  2.2138674e+00
 -9.9316180e-02
  1.9613469e-01
  1.0703994e+00
  9.6991462e-01
 -3.5863465e-01
 -3.0456397e-01
  1.0162086e+00
 -7.0383024e-01
 -1.7830767e-01
 -1.7801157e-01
  2.0326494e-01
 -2.5440133e-01
  4.5439795e-01
  2.2763004e+00
  3.4647655e-02
 -1.4862981e-01
 -1.2062870e+00
  2.9381493e-01
  2.0205152e+00
  4.1088682e-01
 -5.9123075e-01
  1.4899999e+00
  6.5558261e-01
 -1.1703841e-01
  3.5709079e-02
 -1.5062103e+00
  3.8705996e-01
 -1.5577136e-01
  3.4335679e-01
  4.9939728e-01
 -5.3292606e-02
 -1.9679709e-01
  2.8808245e-03
  7.3441738e-01
 -7.5968288e-02
 -9.9309146e-01
 -5.7848293e-02
  1.7683096e-02
 -1.6651751e-01
 -3.6323085e-01
  3.1958723e-01
 -3.4277257e-01
  6.9824374e-01
 -1.2158573e-01
  4.1657519e-01
  3.4562245e-01
 -1.9165717e+00
  9.7077139e-02
  1.0113779e+00
  2.3562477e-03
  2.0346088e+00
  2.1018012e+00
  6.7082590e-01
 -2.2402795e-01
 -2.7464396e-01
 -2.2536714e+00
 -6.2255800e-02
 -4.0557971e+00
  1.3861217e-01
 -2.6576281e+00
  2.5900581e+00
 -1.7945777e+00
 -5.7132035e-01
 -5.3918457e-01
 -1.8035661e-01
 -2.8196234e-01
  1.8076435e-01
  4.6657506e-02
 -3.9065900e-01
  1.3908194e-01
 -4.4061404e-01
  4.2510799e-01
 -1.3124083e-01
  5.9486263e-02
  1.4457591e-01
 -3.4003899e-02
  4.7321987e-01
 -9.6338242e-01
 -1.4020909e+00
  3.0356741e-01
 -1.1287594e+00
  9.3906748e-01
  2.3475270e-01
  3.4944896e-02
  9.8736482e-03
 -1.2354280e+00
  5.1617193e-01
  7.5221670e-01
 -1.7031914e+00
 -4.5408219e-01
 -6.5942764e-02
  4.0830004e-01
 -9.0671617e-01
  1.7686616e+00
  1.8029663e-01
  2.8765255e-01
 -2.0618379e-01
 -4.1910116e-02
 -1.0355064e-01
  2.1333772e-01
 -1.5503924e-02
 -2.1556025e+00
 -6.6076827e-01
 -1.0326921e+00
 -4.1495037e-01
  4.8266253e+00
 -3.2583327e+00
  1.2459079e+00
 -7.4084287e+00
 -1.5311315e+00
  2.8382666e+00
  2.2795095e+00
 -2.3057477e+00
  6.6198552e-01
 -1.7325441e+00
  5.6070656e-01
  4.1258488e+00
  5.0590090e-02
  1.0045215e+00
 -2.0196033e+00
 -1.4951315e+00
 -2.0844831e+00
  5.3065266e-02
  1.4098880e+00
  2.7107337e-01
 -5.5599656e+00
 -1.1257812e+00
  2.3237262e+00
 -6.8245006e-01
 -1.8839682e+00
 -9.6336359e-01
  1.0209050e+00
  2.3109202e+00
 -2.9902418e+00
  5.2423471e-01
  3.8970047e-01
  9.8260713e-01
 -3.2641053e+00
  2.7148743e+00
 -9.8174937e-02
 -1.3866872e+00
  1.1913869e+00
  1.8724991e-01
 -7.1506523e-02
 -4.9300316e-01
 -7.3195674e-02
  1.5203534e-01
 -1.9216191e-02
 -1.7889671e-01
 -1.9266082e+00
  1.4368610e-02
  6.7727141e-02
 -2.3849504e+00
 -5.0864677e+00
 -2.1520945e-01
 -3.5201621e+00
 -2.2095594e+00
  1.9317207e+00
  3.4283480e-01
 -3.5869873e-01
 -1.6797172e-01
  2.1392424e+00
  3.2549766e-01
  2.4790766e+00
 -2.1975923e-01
  4.6337944e-02
  3.1081772e-01
 -7.9772478e-01
 -2.4934682e-01
 -1.7165799e+00
  1.2701930e-01
 -7.9365009e-01
 -6.7078888e-01
  2.1567540e+00
  3.7036577e-01
 -1.1509310e+00
 -7.2764307e-01
  4.3449868e-02
  2.1568117e+00
 -4.1311511e-01
 -3.1475487e-01
  8.6573106e-01
 -1.0623440e+00
 -1.7413461e+00
 -1.7511971e+00
  8.2124949e-01
  1.0316861e+00
  3.3488092e-01
  7.9102612e+00
 -4.0058665e-02
  6.5034419e-02
  3.0552646e-02
 -5.0898510e-01
 -1.1637732e+00
  1.1319734e-01
 -1.0310923e-01
 -2.6742248e-02
  2.0287581e-01
  2.1462394e-01
  8.8951074e-02
  3.1671911e-01
  2.8763321e-01
  2.5724953e-01
 -3.8989577e-01
 -2.0591538e+00
  3.7978029e-01
  3.6551836e+00
 -3.9816309e-02
 -1.6578301e+00
  2.5397074e-01
  1.6273303e-02
 -3.9042139e+00
 -1.5611420e+00
 -1.4275460e-01
  7.9655892e-01
 -1.9636729e+00
  3.4769624e-01
  1.7103795e+00
 -5.9136349e-01
  2.8509066e-01
  1.2500419e-01
  7.1874076e-01
 -3.1638248e+00
  3.3085638e-01
  1.5829311e-01
 -1.5185088e+00
  3.4394231e-02
 -8.7838602e-01
 -1.8011522e-01
 -1.2269977e-01
 -1.1828667e+00
 -1.2942904e-01
 -1.8342249e+00
 -2.9756108e-01
  8.1367505e-01
 -4.2439798e-01
  9.8050550e-02
  2.1938720e-01
 -2.4648004e+00
  1.0321337e+00
 -1.4502325e+00
  7.5023025e-02
 -9.6385312e-01
 -2.4598673e-02
  1.0074544e+00
 -1.0612818e+00
 -1.8413833e+00
 -3.7013617e-01
  7.2129473e-02
  3.9770338e-01
  2.6035956e-01
 -8.3185016e-04
 -6.1262753e-02
  2.7328660e+00
  9.5922686e-02
 -4.0357356e+00
  3.1833425e-02
 -1.8547266e+00
  3.7939683e-02
 -7.5049031e-01
 -1.8456884e-01
  6.4755416e-01
  3.0236509e-01
  2.8799608e+00
 -3.9802682e-01
 -1.5516946e-01
  4.8194262e-01
  9.6627492e-01
  4.9065119e-01
 -4.2570087e-01
 -5.8463722e-02
 -7.4280456e-02
  8.2108021e-01
 -1.5372562e-03
 -1.0429598e-01
 -7.7881861e-01
  2.0213167e-01
  3.6426198e-01
  5.6411695e-01
 -2.8228861e-01
  1.9375788e+00
  2.1379314e-01
  7.1978122e-01
 -2.1141858e-01
 -3.0726954e-01
 -5.3381305e-02
 -8.0412090e-02
  1.1082364e-01
  5.4588073e-01
  1.7541217e-02
  1.2576319e-01
 -3.9968826e-02
  9.6750371e-02
  8.1153341e-02
  1.3187082e-01
  1.2836728e+00
 -1.1294819e-02
  3.8640544e-01
 -1.6273330e-01
  3.0069181e-01
  8.6308038e-01
  6.8249047e-02
 -3.8873130e-01
 -2.3183379e-02
 -3.6496279e+00
  1.4729766e+00
 -8.0570042e-02
 -3.1982270e-01
  5.2630651e-01
  3.5444509e-02
  3.3486068e-01
 -5.2933264e-01
  1.8386114e-01
  7.3776352e-01
 -6.6455305e-01
 -4.5542352e-02
 -4.9963644e-01
 -3.4968186e-02
 -5.7775789e-01
  7.7839449e-02
 -1.9421300e-01
  4.5452553e-01
  4.6485528e-01
  4.6793652e-01
  6.2403377e-02
  5.1670390e-01
  2.9044642e+00
 -7.5506754e-02
 -4.1001934e-01
  4.1434208e-01
 -3.5756517e-02
 -1.5973268e+00
 -1.0675626e-01
 -9.8464631e-02
 -7.3851496e-02
  8.0199170e-01
 -4.4069660e-01
  3.0013976e-01
 -9.2183369e-01
 -1.4123327e-01
 -1.5800379e-01
 -9.5632300e-02
  1.2592238e-01
 -3.6090678e-01
 -1.9630948e-01
 -6.0035866e-01
 -3.2769266e-01
  1.7178805e+00
 -2.4441668e-01
  9.7235434e-02
  5.7568383e-01
 -3.7962335e-01
  1.4228452e+00
 -1.5016165e-02
  2.8046557e-01
  6.4018738e-01
  2.0350188e-02
  3.8356182e-01
  5.8540106e-01
 -2.5156516e-01
 -5.2575576e-01
 -2.2767235e-01
  3.7005063e-02
  4.3509979e-02
  8.1742030e-01
  1.1102011e+00
 -5.2246106e-01
  1.2323166e+00
  1.6054799e-01
  1.4633875e-02
 -5.9156358e-02
 -5.3650594e-01
  1.8182258e-01
  7.1178012e-02
 -8.0533452e-02
 -6.9360569e-02
 -7.3579676e-02
  4.0209317e-01
  4.7730500e-01
  4.9954605e-01
 -7.7379346e-01
 -7.4684840e-01
  5.9274447e-01
  3.4826452e-01
  3.6199454e-02
  2.3329319e-02
 -8.6494256e-03
  3.7839630e-01
  1.2420280e+00
  2.3837442e+00
 -4.9785201e-02
 -2.5998160e-01
 -2.5175408e-01
  1.6490552e-01
 -4.8612718e-02
  1.7236398e-01
  3.5433373e-01
  4.6803510e-01
 -7.8749014e-03
 -8.3493769e-02
 -3.6118057e-01
  4.3787348e-01
 -1.2478718e+00
  2.3995213e-02
  3.9618555e-01
  4.1933411e-01
 -2.7776736e-01
 -1.8749720e-01
 -1.1589714e+00
 -3.2040736e-01
  1.3252902e+00
 -5.4607196e+00
 -6.5513140e-01
 -2.9271758e+00
 -1.2652246e+00
  1.9817736e+00
  1.6315752e+00
  8.4758271e-03
  2.4410439e-01
 -8.5882187e-01
  6.1980003e-01
  4.4905511e-01
 -5.9903210e-01
 -2.2312990e-01
 -1.6043545e+00
  5.1323611e-02
  1.4398485e-01
  4.7231132e-01
 -7.5584358e-01
 -5.1979475e+00
  7.2052586e-01
  1.1911249e+00
 -4.4745250e+00
 -2.6357278e-01
  2.4490449e-01
 -1.8925898e+00
 -4.9181849e-02
  3.4017839e+00
  1.5872722e+00
 -4.1847706e-01
  1.9389318e-01
  4.5457441e-02
  2.7588540e-01
  2.3542592e-01
  1.2848420e-01
 -1.1876339e-01
 -1.7545060e+00
  1.7685752e-01
 -1.9557056e-01
  2.2447370e-01
  5.8196258e-02
  5.4705556e-02
  2.5344018e-02
  4.0885216e-01
 -8.3584018e-02
 -3.6979005e-02
 -3.7975556e-01
  5.0389975e-01
  6.4294331e-02
  2.3902776e+00
  5.2994601e-02
  1.4847724e+00
 -8.5968620e-01
 -1.1284493e-02
 -9.9942660e-01
 -1.3688400e+00
  8.3172095e-01
  3.9780676e+00
  1.8765868e+00
 -2.6450863e-01
 -1.7274045e+00
  1.3217416e-01
  1.4401776e+00
  1.3103372e-01
  2.7150223e-01
 -1.1819810e-01
 -3.8200721e-02
 -3.2947689e-02
  8.6167789e-01
  1.6355895e-02
 -3.3597732e-01
  3.6982903e-01
  7.3754765e-02
  5.2766383e-02
  7.2981972e-01
  1.7642860e-01
 -1.8575713e-01
  1.0809603e-01
  1.0881368e+00
 -5.5411756e-01
 -2.6835465e-01
 -6.0595865e+00
  5.4965228e-01
 -4.7713339e-02
  3.4338993e-01
  1.5906371e-01
 -4.3883237e-01
 -1.1570212e-02
  4.3298203e-02
 -1.4884752e-01
  6.0485280e-01
  2.7767997e-03
  1.0575121e-01
  2.3912706e+00
 -1.5748906e-01
  6.5248328e-01
  1.3319646e-01
  1.1570352e-01
  3.8208583e-01
 -3.3048591e-01
  1.0129473e-02
  1.5584265e+00
  4.0742832e-01
 -3.4975331e-02
  8.2458353e-01
 -2.6759889e+00
  9.2694491e-02
  5.7603374e-02
  2.1590182e-01
 -1.7869684e-01
 -4.8860738e-01
 -4.4611740e-01
  2.8622770e-01
 -2.7343717e-01
  2.0580025e-01
  1.8176153e-01
  1.9387339e-01
 -2.2433925e+00
  2.6410931e-01
 -2.8726792e-01
 -9.5313215e-01
 -2.1590823e-01
 -1.2146308e-01
  3.2517731e-01
 -1.8443014e-01
  2.1590719e-02
 -1.2244581e+00
  1.3606311e-01
 -4.5328417e-01
  3.3970422e-01
  1.6001183e-01
  1.1055284e+00
  1.8043768e+00
 -2.0380130e-01
 -1.7643140e-01
 -2.0947897e-01
 -2.4665577e+00
 -1.1578157e-01
 -1.1940397e-02
 -1.9694975e-01
  3.1331668e+00
  3.2609394e-01
  1.0921030e+00
  3.3252299e-01
 -8.2599521e-01
  1.3548382e-01
  5.4723024e-01
 -3.9103977e-02
  6.3701326e-01
  5.0543528e-02
  3.8311750e-02
  7.9761928e-01
 -1.1609505e+00
 -1.6330646e-01
 -5.8474255e-01
 -3.1545007e+00
  3.2912726e+00
  8.6920881e+00
 -9.1752415e+00
  3.9214337e+00
  3.5780367e-01
  2.3790002e-01
 -1.6175045e-01
  6.9788456e-01
 -1.7346320e-01
 -2.0892794e-01
 -3.5526052e+00
  9.9305898e-01
 -5.5369568e+00
  1.0931597e-01
  7.3599195e+00
  4.4013432e-01
 -5.5326664e-01
  4.2669338e-01
 -1.9352430e-01
  4.6749492e+00
  1.3164271e-01
 -2.4425924e-02
 -1.4996645e+00
 -7.6706853e+00
 -7.0239062e+00
  2.6701574e+00
 -2.2162380e+00
  2.7567317e+00
 -1.1969391e+00
  7.9228683e+00
  2.3656034e+00
 -3.6529810e+00
 -8.5193433e-02
  5.2341670e-01
 -4.2429913e-02
  1.6527162e-01
  2.6729092e-01
  1.1578761e-01
 -8.4344395e-02
  2.3171259e-01
 -1.7059885e-02
 -2.2669137e-01
  2.0321724e-01
  1.0810529e+00
  6.0259837e-01
 -4.3897355e-01
 -3.5579136e-01
  1.0220704e-02
  2.3441485e-01
  2.0100668e-01
 -6.5090781e-01
  4.0737969e-01
  2.8432034e-02
 -2.4022806e+00
 -3.5123098e-01
  3.5142216e-01
  5.2412739e-03
 -1.8375878e+00
 -1.8212579e-02
  6.1898671e-02
  2.1469375e-01
  5.1992021e+00
 -1.2729068e-01
  4.2522283e+00
  1.3653392e+00
 -3.3826494e-01
  1.1310068e-01
 -3.9885294e-02
 -2.7669695e-01
 -3.7405482e-01
  3.2333627e-01
  9.2985593e-02
 -9.7051847e-01
  1.7901561e-01
 -3.2373106e-01
 -4.0761796e-01
  3.2386529e-01
  3.5781312e-01
  2.1107435e-02
  1.1999143e-01
  2.2936809e-01
 -3.4464282e-01
  2.0468946e+00
 -2.2398941e-01
  6.5761387e-01
 -6.0619414e-01
 -1.9005089e+00
 -5.1957232e-01
 -2.2579040e-01
 -1.1870714e-01
 -2.0531414e-01
  1.3402808e-01
  4.4247031e+00
  1.9836096e+00
  2.2975478e+00
  3.0998603e-01
  6.1960429e-02
  1.6114728e-01
 -7.5220051e-03
  6.1728501e-01
 -5.8867013e-01
 -2.5101902e-02
 -1.6316791e-01
  2.2300829e-01
 -1.5266151e+00
  3.9525189e-02
 -2.6117736e-01
  2.1152714e-02
  2.7072498e-01
 -1.0115544e-02
  5.3562760e-01
 -1.6351140e+00
  1.8744949e-01
  1.1649553e-01
 -3.0411440e-01
 -2.9507644e+00
  2.4032998e-01
  1.0345516e-01
  1.2921546e-01
  3.2221273e-01
 -1.1864892e-01
  4.5144486e-01
  1.0869471e-01
  3.6151928e-01
  1.0218889e-01
  4.5048857e-01
 -7.7478617e-01
 -1.7284828e-01
 -4.6572942e-02
  3.1032547e-01
 -2.9346213e-01
 -1.1492544e-01
  8.4328055e-01
  6.7751542e-02
  2.1776052e-01
  1.7205629e-01
  6.6888228e-02
  5.9397269e-02
 -8.3946598e-01
 -1.8036636e-02
 -1.2482959e-01
 -1.6042213e-01
  4.4081363e-01
 -1.8875788e-01
 -4.5477826e-02
  5.9810933e-02
 -1.4882851e-01
  2.5802326e-01
 -5.7182676e-01
  1.8680236e+00
 -5.8795500e-01
 -1.3913380e+00
 -2.5355279e+00
 -1.6658741e+00
 -4.0437290e-01
 -2.0117813e-01
 -3.8802114e+00
  4.5151524e-02
  2.4430855e-01
  1.9159467e+00
 -9.9767381e-01
 -6.9866717e-02
 -1.1157439e+00
  9.5251948e-02
  3.8748237e-01
  3.2928953e-01
 -2.6888912e+00
  4.8420019e-02
  3.9341283e-01
 -2.5702682e-01
  2.5416765e-01
  2.2578642e+00
  3.8592961e-02
 -5.6591147e-01
 -2.0511558e+00
 -1.5664301e+00
  5.7611889e-01
 -8.6163425e-01
  2.6441276e+00
  8.0331659e-01
  2.6358041e-01
 -1.7924859e-01
 -2.1854184e+00
 -5.0284004e-01
  5.0357711e-01
 -1.1095376e-01
 -5.3357023e-01
 -7.3164806e-02
 -3.2173777e-01
 -1.5109992e+00
 -7.1382570e-01
  1.4305394e+00
  1.8995361e-01
  5.4822318e-02
 -5.3633235e-02
  3.8375011e-01
  1.9124758e-01
 -4.0122084e-02
  6.7627933e-03
  7.7350730e-01
  2.8214180e+00
  2.4164526e-01
  1.1328824e+00
  8.6008841e-01
  4.7421331e+00
  2.5776298e+00
 -9.4488539e-02
 -8.1126228e-02
 -2.2854745e-01
 -1.6145992e+00
 -1.2253351e-01
  4.1765537e-02
  6.1449224e-01
  5.0174713e+00
 -1.0548229e+00
 -3.9879723e+00
  3.5114244e-01
  2.3043525e+00
 -5.7698131e-01
 -1.0776514e+00
  1.5287541e+00
  6.7067474e-01
  1.4171962e+00
  2.5343781e+00
 -3.1362328e-01
  1.2749270e+00
 -3.8851264e+00
 -2.6230233e+00
  5.0506485e-01
  3.5748620e+00
  1.9386265e+00
 -5.1602030e-01
 -1.6652901e+00
  1.0705436e+00
 -3.2598522e+00
 -1.1183048e+00
 -1.8711129e-03
  1.0704629e-02
 -1.1709832e-01
  4.2525906e-02
 -1.5619241e+00
  7.3138255e-01
 -5.5238551e-01
  2.2929695e-01
  1.2194980e-02
  3.2979530e-01
  1.6982819e-01
  2.6985979e+00
  6.5751411e-02
  5.0615400e-02
 -1.0224381e-01
  1.3923489e-01
  3.1277051e+00
  2.8221982e+00
 -5.3764572e-03
 -6.9544919e-02
  5.2330363e-01
  1.3042921e-01
  3.1105736e-01
  1.9481115e-02
 -1.4623603e-01
 -3.1878176e-01
 -1.0361570e-01
 -2.1386322e-02
  8.6395973e-01
 -3.8158186e-02
 -2.2344401e-01
 -1.1399564e-02
 -3.5086663e+00
 -4.7317557e-02
  4.1191101e+00
  2.9943197e+00
 -2.0245531e-01
  4.2784661e-01
  5.3144294e-01
 -1.4543228e-01
  1.5900190e-01
  1.6647867e+00
 -9.0231329e-02
  1.1853222e-01
  2.7044861e+00
 -5.8435750e-01
  8.5475916e-01
 -2.7785364e-01
 -1.2245028e-01
 -3.3925138e-02
  6.2311339e-01
  7.5506777e-01
 -1.6611631e-01
  9.4792753e-01
 -9.6424762e-03
 -2.1389842e-01
  8.7224042e-01
  1.2375370e-01
 -1.7692407e+00
 -1.0349747e+00
  4.8060581e-01
  1.8059248e-01
  1.8308969e-01
 -1.9162966e-01
  4.5794907e-01
  9.2627987e-02
 -2.1994662e+00
  5.4413575e-01
 -3.9309587e+00
  3.0101335e-01
 -2.4111201e-01
 -1.0157509e+00
 -1.1290009e+00
  1.7780466e+00
  1.3437562e-01
  4.9624842e-02
  1.9711252e-01
 -2.5378842e-02
  5.1196760e-01
 -2.2258714e-01
 -6.7324407e-02
 -8.9337446e-02
 -3.2647703e-02
  9.1932872e-03
 -4.0581636e-02
  1.1838621e-01
  8.1846750e-01
  5.0786591e-01
  5.6184751e-01
  3.8416088e-01
  1.6791305e-01
 -5.7356257e-02
 -8.9164937e-01
  3.8975205e+00
  6.0641164e-01
  1.9010298e-01
 -8.7292232e-02
 -3.1705037e-01
  1.0234390e-01
  7.6367486e-01
 -2.3304982e-01
 -6.8995839e-01
  3.1973132e-01
 -7.6394551e-02
  2.8468512e-02
 -1.6356830e-01
 -7.2694463e-01
 -2.9478946e-01
 -2.7804750e-01
  7.3827389e-03
  5.6657499e-01
  1.6017063e-01
  4.9843097e-01
  2.3152900e+00
 -4.0486738e-02
 -8.1055450e-01
 -3.4529912e-01
 -1.2265506e-01
 -4.9260993e-02
  1.8624827e-01
 -6.8722445e-01
 -8.3055753e-01
 -1.4409560e+00
  4.6080950e-01
 -2.3098180e+00
  2.9686326e-01
 -1.5599790e-01
  9.2917228e-01
  2.0089097e-02
 -2.5117120e-03
 -1.4103760e-01
  1.3833657e-01
 -3.3513540e-01
 -4.8634452e-01
  8.5407674e-01
 -7.2733581e-01
  1.7370811e-01
 -6.0702942e-02
  4.3103957e+00
  6.8291435e-03
  2.0794312e-02
 -6.4402032e-01
  3.7082425e-01
 -1.1392395e-01
 -5.4501921e-01
  2.9220405e-01
  6.6402638e-01
 -1.7378567e-01
 -2.7461272e-01
 -2.7270839e-01
 -6.1957651e-01
  1.6362883e+00
 -5.9747076e-01
  1.0011003e+00
  1.4001827e+00
 -2.6274743e-02
  9.3780652e-02
 -8.9975595e-02
 -1.2105147e-01
 -2.5586369e-02
  4.6683109e-01
  3.3659762e-01
 -8.1288093e-01
  1.2344569e+00
  7.0860147e-02
  3.7476453e-01
 -2.2593258e-01
 -1.1022625e-01
 -2.2322746e-01
 -6.3541621e-01
  1.3394944e-02
 -3.2090082e+00
  9.7804761e-01
 -8.4848017e-01
 -3.2159641e-02
  4.4985390e-01
 -3.7071556e-01
 -2.5633460e-01
 -9.8662877e-01
 -3.6624324e-01
 -5.4204303e-01
 -1.7637706e-01
 -1.0341541e-01
 -1.3749573e-01
 -9.1240329e-01
 -3.3490263e-02
 -5.9090441e-01
  3.9446294e-01
  4.5566091e-01
  6.3235335e-02
  3.4781370e-02
  4.1361031e-01
 -2.5951102e-01
  3.8507235e+00
 -4.7587430e-01
 -7.2156318e-02
 -7.4733037e-01
  5.0276446e-01
 -4.4063058e+00
  7.0188653e-01
 -1.3521200e+00
  8.1346005e-02
  6.0820303e+00
  1.8713249e-01
  2.3766516e-01
 -1.0285746e+00
  1.8650227e+00
  3.4865254e-01
  1.8281372e-01
 -2.4071589e-01
 -1.4471164e-01
 -5.4301655e-01
 -4.4991216e-01
 -8.0964184e-01
  1.3099494e+00
 -1.0348544e-01
  2.2916563e+00
 -1.4465755e-01
 -1.6058205e-01
 -5.5874300e-01
 -1.2780383e-01
 -2.2125734e-02
 -1.0906183e+00
 -4.4571493e-02
  1.2751775e+00
  4.8870924e-01
  3.0504997e+00
  1.3198062e+00
  2.7392751e-01
 -2.9115400e-01
  1.3551904e-01
 -5.1229590e-01
 -2.3920053e-01
 -5.7838315e-01
  7.5187725e-01
 -3.5850400e-01
  3.7142590e-01
  3.6930209e-01
  6.5741964e-02
  4.9832138e-01
  3.2744604e-01
  1.0925416e+00
  5.3400254e-01
  3.2991087e-01
 -9.4598547e-02
  1.2730932e-01
 -7.1569687e-01
 -2.4814706e-01
  6.0032994e-01
  3.8554174e-01
 -7.6531941e-01
  5.9996531e-03
 -3.0989479e-02
 -1.2585232e+00
  3.5633209e-01
  1.3481990e-01
 -1.7363217e+00
 -4.1346630e-01
  4.6769100e-01
  6.6302562e-01
 -1.7937592e-01
 -2.9928792e-01
 -1.7152503e-01
 -4.1156188e-02
  4.2900369e-01
 -2.5518947e+00
 -1.2058622e-01
  6.8262279e-01
  4.1170189e-01
 -3.4877259e-01
  2.3954027e+00
 -2.5636175e+00
 -6.0346550e-01
 -1.1949111e+00
 -5.4752431e+00
  2.1916495e-01
  3.2767344e+00
 -6.3831764e-01
 -2.9358611e-01
  1.7487080e-01
 -7.1933228e-01
  1.2649012e+00
  4.1245723e-01
 -2.0153270e+00
  1.3004868e+00
  3.6418617e-01
 -3.9669318e+00
 -2.1106102e+00
  1.4370703e+00
  1.6445361e+00
 -5.9862989e-01
  5.6016380e-01
 -5.3360569e-01
  2.8725159e-01
  5.4315269e-01
 -5.5893309e-02
  1.1983478e+00
  6.1425304e-01
  1.3960435e-02
  1.3526121e-01
 -2.6095232e-01
  7.8435928e-01
  6.2598348e-01
 -1.8366928e+00
 -9.4759327e-01
  1.0676008e-01
  1.1221926e-01
  4.1845822e-01
  6.5278000e-01
  1.7578749e-01
  2.5068847e-02
  2.2179754e-01
  5.6192356e-01
  1.5963657e+00
 -1.3245052e+00
  3.4579467e-02
  1.0323025e+00
  2.3472090e+00
  4.6058995e-01
 -9.2857458e-02
  7.2858393e-01
  1.9623952e+00
 -2.2613168e-01
  7.7794537e-02
 -4.5039800e-01
  1.0306855e-01
 -2.3251902e-01
 -1.6099866e-01
 -5.5660242e-01
  8.2154565e-02
  5.6813508e-01
 -2.3946052e+00
  5.6465155e-01
  4.1193867e-01
  5.8587253e-01
  8.4120589e-01
  3.5847741e-01
  1.0391425e-02
 -4.5940888e-01
 -1.3746001e-02
  3.0134544e-01
  3.2726422e-01
 -5.6536376e-02
  5.0422448e-01
 -5.0962925e-02
  3.6010289e-01
  2.0607537e-01
 -2.0004725e-01
  8.4087849e-01
 -2.7825096e-01
  3.2538113e-01
 -2.9189646e-02
  3.1445250e-01
  2.0495729e+00
  1.6823858e-02
 -4.2237990e-02
  5.1547623e-01
 -1.1261258e-01
  8.4264421e-01
  6.6266346e-01
 -1.2651780e-01
  1.2664704e-01
  6.4691305e-01
 -3.7481491e-02
 -5.3919762e-02
  1.1637516e-01
 -1.2018248e-01
 -1.0196078e-01
  1.0743151e+00
 -3.8393657e+00
  1.1714442e+00
 -2.0051198e+00
 -3.3745664e-01
 -2.1247075e+00
  2.7734420e+00
 -4.7027850e-01
  1.1068493e+00
 -4.0987854e+00
  1.1389791e+00
  2.9601650e+00
 -2.4374291e-01
 -1.1230946e-01
 -1.7835574e-01
  4.4829541e-01
  5.7164502e-01
  2.1478982e-01
  2.5839433e-01
  1.3792585e-02
 -6.4171308e-01
 -9.6855974e-01
 -7.3338968e-01
  3.6552329e+00
 -1.1854235e+00
 -1.5620683e-01
  7.5644976e-01
  3.8068509e+00
 -2.7098527e+00
  2.6141390e-01
 -5.1627342e-02
 -2.2972614e-01
  1.8444924e-02
 -9.0595531e-01
  2.7360135e-01
 -1.2672211e+00
 -5.2652037e-01
  1.4398619e+00
 -6.6770422e-01
  1.5393350e-01
  2.7385029e-01
  3.8902596e-01
  6.2024915e-01
 -3.6900854e-03
  5.4996450e-02
  1.1537474e+00
 -2.1599853e+00
 -2.8271675e+00
  3.9279923e-01
 -2.9171145e-01
 -3.6802554e-01
  4.7527329e-04
  3.3889670e+00
 -2.4906358e-01
  2.0982246e-01
 -1.9165710e-01
  1.3665890e+00
 -7.6700702e-02
 -2.0301041e-01
 -8.9945793e-02
 -6.5185976e-01
 -2.2635540e-02
 -9.2545405e-02
  1.6070481e-01
  3.7221214e-01
 -3.3757202e-03
 -1.0150884e-01
 -3.7942094e-01
 -1.8125860e-01
 -2.7143243e-01
 -3.6164245e-01
  9.8078310e-02
  2.0340812e-01
 -3.2876575e+00
  1.7591819e+00
  9.4716705e-02
 -3.3991762e-02
 -1.3035324e+00
 -6.6577244e-01
  2.3963492e-01
 -4.6393314e-01
 -4.5942262e-01
  4.2479813e-01
 -2.1029507e-01
 -2.7263455e+00
 -2.4184942e-01
  1.1400664e+00
 -8.0580860e-01
 -3.6090829e+00
 -1.5275182e-01
 -7.4670818e-03
 -5.9912848e-01
  4.0525122e+00
 -6.5579668e-02
 -8.7952042e-01
 -4.9753647e+00
 -3.1048201e-02
 -8.9052971e-03
  3.2899283e-02
  1.2160064e-01
  2.2188085e-01
  1.1682520e-01
 -1.5044151e-03
 -1.1197696e+00
 -1.3445450e-01
  7.2241646e-01
 -9.6482527e-01
 -1.6348561e+00
 -2.8032589e-01
 -3.0105550e+00
  2.6147122e+00
 -5.5105525e-01
  1.9441731e+00
  2.9597307e-02
  2.4913330e-01
 -2.1231313e+00
 -2.7169373e+00
 -3.0129249e+00
 -1.4511608e-01
  1.7850122e+00
 -1.1736552e+00
 -2.1164885e+00
 -3.7289534e+00
 -1.2637682e+00
  1.7745443e-01
 -2.3050934e-01
  1.7449105e+00
  6.4232606e-01
  3.3257828e+00
 -2.9003403e+00
 -3.9812107e+00
 -2.2346993e-01
 -2.9176608e-01
 -8.5862771e-02
 -1.5423019e+00
 -5.1415296e+00
 -2.7386532e+00
  6.3730597e-01
 -1.9273536e-01
 -8.1116080e-02
 -7.8772277e-01
  1.4074733e+00
  1.2475879e+00
 -6.7403823e-01
  2.6324585e-01
  2.3490194e-02
  4.6448593e+00
 -1.5030482e-01
  5.4657400e-01
  1.1571067e-01
  2.5873840e-01
  1.3065176e-01
  1.8742456e-01
  4.9381042e-03
  2.3734000e-02
  6.1232066e-03
 -5.1116884e-01
  3.3713245e+00
 -2.8448012e+00
  2.1829345e+00
 -3.1309869e-02
  1.5633174e+00
  9.9045709e-03
  2.2166197e-01
 -3.6642396e-01
  2.2548465e-01
  4.1910356e-01
  1.7388786e+00
  7.0511751e-02
 -1.6228488e-01
  8.1796862e-02
 -1.6001778e-02
 -1.3922369e+00
 -8.6171828e-02
 -2.7327619e+00
  8.0515601e-02
 -1.3893706e-01
  6.8305142e-02
  1.8901844e+00
 -9.2489719e-01
  1.2152769e-01
 -1.4927587e-01
 -4.1443266e-02
 -5.2889580e-01
 -2.7350736e-01
 -2.5313308e+00
  1.5825295e+00
  2.0016922e-01
  2.2064030e+00
 -3.0874005e-01
 -1.3909197e-01
 -5.1828977e-02
  1.4009224e+00
 -1.1895839e-01
 -2.6912513e-01
  6.2905684e-02
  9.0347528e-02
 -6.8564199e-02
  2.0316060e+00
  2.5334010e-01
 -5.1387060e-02
 -2.3092701e-01
 -4.4160438e-01
 -6.4324832e-01
 -1.6032167e-02
 -7.1997665e-02
  1.9634799e+00
 -1.1944091e+00
  4.7501951e-01
 -1.4725188e+00
 -5.0145679e+00
  7.1023589e-01
 -3.3167597e-02
  3.1099823e-01
 -1.2258136e+00
 -2.8405881e+00
  1.5164631e-02
 -5.0324649e-01
 -8.2507372e-01
  6.6451484e-01
  2.3782845e-01
 -9.9688560e-01
  2.8400958e-01
  1.3964089e+00
  3.0915730e+00
 -4.7735967e-02
  7.5544113e-01
  1.5394635e-01
  1.7133999e+00
 -9.0667105e-01
  5.1192351e-02
 -1.3876998e+00
 -2.2369027e+00
  1.3655441e-01
 -1.5673327e-01
 -1.4186263e+00
 -1.2896730e+00
  1.7707505e+00
 -1.2190605e-01
  5.0761986e-01
  5.6372678e-01
 -1.1312943e+00
  1.0966470e-01
  1.2121215e+00
 -2.8962561e-01
 -2.1123308e-01
 -1.2466165e-01
  1.7945208e-01
  2.2224623e-01
 -5.0987327e-01
  2.6438994e+00
  7.6942861e-02
 -2.6051886e+00
  5.9902489e-01
 -2.5936595e-01
 -5.4953498e-01
 -3.8047496e-02
  1.6234133e-01
 -1.1201695e+00
 -7.2528476e-01
  2.2931705e+00
 -1.6254596e-01
 -2.6974526e-01
  2.7091982e+00
 -1.2932000e-01
 -6.0902495e+00
 -2.5211086e+00
 -1.3311945e+00
 -3.1261433e-02
  7.5561353e-03
 -7.5308084e-01
 -5.0395095e-01
  2.9542595e-01
 -1.6970119e-01
 -1.2660799e+00
 -1.9800967e-01
 -1.3453743e+00
 -1.8604807e+00
 -5.5784889e-02
 -1.7065240e+00
  6.9433874e-01
 -2.0450720e-01
  3.5961478e+00
 -4.2544788e-01
 -2.7697079e+00
  2.7319188e+00
 -3.2759500e-01
 -4.5645380e-01
  2.2293324e+00
  4.1621426e-01
  6.3604051e-01
 -1.7567196e+00
 -6.9705260e-01
 -2.0993633e+00
 -6.1064953e-01
 -5.2085206e-02
 -2.3666871e-01
  1.6891350e+00
  1.2449187e-01
  4.1694520e-03
 -1.9903921e-01
  4.5086309e-01
  1.4313087e-01
 -3.6545959e-01
 -7.0756786e-02
  3.6851859e+00
  3.9135017e+00
  2.7932968e+00
  1.5975603e-01
 -7.9904199e-01
  2.7249691e-01
  2.7134781e+00
 -2.9862227e+00
 -2.6576011e+00
 -8.5341632e-01
  4.0365119e+00
 -1.4933145e+00
 -3.0785877e-01
  2.2244749e+00
  3.9232525e-01
  2.7221851e+00
 -6.9338912e-01
 -1.8056161e+00
 -1.2821448e-01
 -6.8896919e-01
  8.7366521e-01
 -9.4865434e-02
 -1.3867726e-02
 -1.5152608e+00
 -3.2792327e-01
 -3.2811265e+00
  5.9790146e-01
 -3.5292715e-01
  2.0558612e+00
 -1.9860692e+00
  9.0447623e-01
  1.8326086e+00
  4.9351921e+00
 -1.8913380e+00
  3.1019270e-01
 -1.0360068e+00
 -7.7640450e-01
  5.7009798e-01
  2.4192879e+00
  7.6716065e-01
  3.5051635e-01
 -4.0532976e-01
 -2.2699828e+00
  1.9058216e-01
 -2.1447656e+00
 -9.2851174e-01
  4.4872180e-02
 -6.4081967e-02
 -1.2998091e-01
 -4.2027083e-01
 -6.0857528e-01
 -1.0846915e-02
 -9.8289214e-02
  9.8554187e-02
 -4.3642199e-01
  7.5444382e-01
  1.0599654e+00
 -2.9028526e-01
  1.0492500e+00
  1.7907798e-01
  1.1861470e+00
 -3.9175367e-01
  7.3155028e-01
  2.1966287e-01
  2.5752181e-01
 -5.8334303e+00
  8.4905624e-01
  1.5596445e+00
 -1.0030729e+00
 -1.0578798e-01
 -1.3960074e+00
  9.6605450e-01
  4.9496213e-01
  2.1123226e-01
 -3.3675531e-01
 -1.6214056e+00
 -1.3428860e+00
  5.1389033e-01
 -4.4844909e+00
  9.1226691e-01
 -3.3527789e-01
 -5.0664268e+00
  1.0928802e+00
  5.9226918e-01
 -1.0401943e+00
 -1.6431323e-01
 -1.3591088e-01
  8.5393530e-01
 -2.8109977e+00
 -3.4545049e-01
  1.4352646e+00
 -1.2496920e+00
  6.5860584e-02
  3.3932340e+00
 -3.9092353e-01
  5.0757885e-01
 -2.5378755e-01
  6.5561551e-01
  8.0634028e-01
 -1.5791632e-01
  1.9034255e-01
  4.8250371e-01
 -1.6062774e-01
 -4.2675069e-01
 -3.6988711e-01
 -5.6588305e-03
 -5.5898145e-02
  2.1041702e-01
  3.6354988e+00
 -8.9715317e-02
 -5.1002383e+00
  6.9694692e-01
  2.1960843e-01
 -2.0433457e-01
  1.2384442e+00
  4.8518696e-01
 -1.3123436e-01
  6.3138092e-01
  8.7956555e-02
  8.6799353e-01
  7.8814879e-02
  6.9184907e-02
 -7.9247969e-01
  1.5148599e-01
  5.4355035e+00
  1.1618462e-01
 -7.5520039e-01
  7.3457137e-02
  1.0009163e-01
 -3.9269677e-01
  2.7695546e-01
 -1.6281149e+00
  2.2814159e-01
 -4.8516658e-01
  1.9475359e+00
 -1.7739940e-01
 -1.9657092e-01
  5.5724751e-02
  3.3443916e-01
  1.1920305e-03
  4.1208982e-02
 -3.4009006e+00
  1.0860622e-01
  1.9554336e+00
 -8.8869847e-02
 -3.1964201e-01
 -1.1181153e-01
 -1.0689775e+00
  1.1710725e-01
  1.2614092e+00
  7.4374735e-01
  1.2185385e-01
 -7.9147406e-02
  4.1187462e-01
 -1.2680267e-01
  2.8032875e-01
  1.3999634e+00
 -3.2976568e-01
 -1.4902671e-01
  1.9802444e-01
 -5.9825820e-03
  2.1248612e+00
 -5.9548151e-01
 -8.1232440e-01
 -9.9626070e-01
 -3.1115085e-01
  5.5117194e-02
  4.2221665e-02
 -8.7288970e-01
 -4.0721793e-02
  1.5455316e-01
 -5.2002583e-02
  1.9527283e-02
 -8.6207628e-01
  2.9514706e-02
 -1.9048198e+00
 -2.4601085e+00
 -2.0215085e-01
  6.2877887e-01
  4.1414896e-01
 -5.7783002e-01
 -3.2507780e-01
  7.6772201e-01
  5.7843387e-01
 -2.8369095e+00
 -1.5080832e-01
 -1.8242745e-01
 -3.2031691e-01
  1.7154783e-01
 -3.6391717e-01
 -7.3663306e-01
  2.8369662e-01
 -8.1710853e-02
 -8.9694458e-01
 -2.3481944e-01
  7.9586416e-01
 -9.6229059e-01
  9.8515727e-02
 -1.3788481e+00
  1.2055771e-01
 -3.2083660e-02
 -2.5431259e+00
 -5.5610552e-02
  2.9493290e-01
 -5.0821722e-01
  1.3266545e-02
  3.9661103e-01
  4.3864399e-01
 -8.1192458e-01
 -3.4680855e-01
 -1.5318422e+00
  4.0189227e-01
 -3.6944938e-01
  8.4702379e-01
  3.9851007e-01
 -2.3035393e+00
 -1.0562315e+00
  2.4941890e+00
 -2.3197552e-02
 -9.9807191e-01
  2.4378323e-04
  1.3065737e+00
 -6.7903095e-01
  7.2209199e-04
  6.6877507e-02
 -2.3024105e-01
 -3.6628699e-01
  4.2509165e-01
 -2.9024139e-01
  1.2117436e+00
  9.2488438e-02
 -1.6947064e-01
  3.5010564e-01
 -8.5443892e-02
  1.1599931e-01
  6.4796731e-02
 -1.1027563e+00
  4.1129941e-01
 -1.2626071e+00
  6.5979189e-01
  2.8849509e-01
  1.6519969e+00
  1.6744484e-01
 -8.4057070e-02
  1.8893299e-01
  2.2892147e-02
  9.5877282e-02
  1.8663792e-01
  1.4575639e-01
  4.6335006e+00
  4.6807301e-01
 -8.4270418e-02
 -5.5702555e-01
  1.5023178e-01
  3.4261757e-01
 -4.5900819e-01
 -4.1741751e-02
  5.4085672e-01
  1.1530068e+00
  3.7197182e+00
 -1.3926175e-01
 -8.6346811e-01
  6.5789418e+00
 -1.5456523e+00
 -4.0683556e+00
 -4.4234567e+00
 -4.6811452e+00
  5.1077437e+00
 -4.2935395e-01
  7.3154694e-01
 -2.4297909e-01
 -1.6411637e+00
  1.3243506e+00
 -5.9069002e-01
  5.4525864e-01
 -2.8637676e+00
  3.8713386e+00
  1.4821097e+00
 -1.0277892e+00
 -1.3168730e+00
  1.8323797e-01
  4.8916662e-01
  9.1676444e-01
  1.6938572e+00
  1.8667620e+00
 -3.2314572e-01
 -4.4826984e-01
 -1.9022243e+00
  4.7875950e-01
  1.0970911e+00
  2.3773243e-01
  1.5229838e-01
  1.7674321e+00
  1.5172438e-01
 -3.6164079e+00
  1.4216553e+00
  9.0317708e-01
  1.1307964e-01
  1.9471702e-01
  1.6959999e+00
  1.6872077e+00
  4.6151564e-01
  2.5932546e+00
  5.6592282e-02
 -6.0788739e-01
  1.7195484e-01
 -4.5261109e-01
 -9.3089485e-01
  6.1919248e-01
 -1.6855125e-01
  8.7004733e-01
  1.8785867e-01
  1.7824420e-01
 -1.4025524e+00
  4.0876120e-02
 -4.1148797e-01
 -3.1001461e-01
  1.3606830e+00
 -2.5303020e+00
  6.4425647e-02
 -7.2797291e-02
 -1.5547235e-01
 -1.2136889e-01
  6.5987515e-01
  1.4103642e-01
  4.6825346e-01
  2.0086379e+00
  2.9710752e-01
 -5.8314161e+00
 -1.1211410e+00
 -1.0583903e+00
 -5.0792565e+00
 -3.8591903e-01
  1.3555034e-01
  1.0946976e-01
  1.7215189e-01
 -3.1243372e-01
 -1.6353253e-01
  4.7816280e-02
  3.2832193e-01
  2.6704749e-01
 -6.1486298e-01
 -9.0250152e-01
 -1.0654118e-01
 -1.7463698e+00
 -3.7698362e-02
  3.2567828e+00
  6.4442530e-02
 -1.8760047e+00
  1.0382947e-01
 -1.8888450e-01
  7.5505775e-01
 -3.6480454e-01
 -2.0365815e-01
  2.4896504e-01
 -2.9817898e+00
 -9.3351312e-02
  2.2241348e-01
  7.0900723e-02
  6.7503548e-01
  2.2739041e-01
  2.4152384e+00
 -1.2315361e+00
 -3.2150238e+00
  8.8691765e-01
  2.1791277e+00
  6.1601188e-02
 -1.7344761e-01
  2.8170466e+00
  3.3442311e+00
  2.5224850e-02
  4.7532448e-01
 -3.6505113e+00
  2.4328738e-01
 -5.2210021e-01
  1.8907952e-01
  1.5852573e+00
  2.6083080e-02
  7.9235220e-01
 -6.2900089e-02
  1.9793542e-01
 -5.4090005e-01
  2.8559983e-01
  8.7361053e-02
 -4.9328384e+00
  7.9330534e-02
  5.5102963e+00
  1.0554795e+00
 -6.8078744e-01
  4.4025974e+00
 -1.3439366e-01
  4.4692364e-02
  4.7271335e-01
  1.8636267e-01
  8.5636830e-01
 -5.6255996e-02
 -8.3259809e-01
 -2.9925260e-01
  1.0593835e-01
  2.0003979e-01
 -1.4047914e+00
 -1.4737275e+00
  6.7963146e-02
 -2.3034343e-02
 -1.5661021e-01
 -7.9642230e-01
  1.1942350e-01
  9.3732715e-01
 -3.9080676e-02
 -9.2947811e-01
 -7.5005129e-02
  3.6494559e-01
 -1.0277778e+00
  4.7878876e-01
 -1.9396438e-01
  6.1844224e-01
  3.7696207e-01
 -3.7847167e-01
 -9.6156001e-02
 -4.0157783e-01
 -7.3836684e-02
 -2.3671868e+00
  5.1382160e-01
  4.9991417e+00
 -1.7044282e-01
 -9.7854093e-02
 -1.9059969e-01
 -7.7480227e-01
  1.9043338e-01
 -6.8193847e-01
  3.1102668e-02
 -1.7805900e-01
 -2.7566894e-03
 -9.1827633e-03
 -4.6498767e-01
 -1.9108458e-01
  4.7076005e-01
  4.2594030e-01
 -9.8299429e-02
 -9.6135294e-01
  1.6490295e+00
  1.0356344e+00
  1.2823759e-01
  4.4938707e+00
  2.0402153e+00
  9.2407092e-03
  2.3419577e-01
  1.3981782e-01
  1.4217809e-01
 -1.2259189e-01
 -1.4105116e-01
 -1.4360330e-01
  6.1130483e-02
  3.3510923e-01
 -3.9357299e-01
 -1.5979236e-02
 -2.4930429e-02
 -3.6352837e-01
  7.7132452e-01
  4.3668550e-01
  1.0213741e+00
  2.1420869e-01
  2.0375196e-02
 -1.8202466e+00
 -5.6545811e+00
 -1.5471866e+00
 -7.6605707e-02
  2.1194558e+00
 -3.4169600e+00
 -1.4687450e+00
  4.2261443e+00
 -3.9904578e+00
 -1.1297430e+00
 -9.2155434e-02
 -2.7030969e-01
  4.8059934e-01
 -3.1317309e-01
  2.1763349e-01
  1.2854911e+00
  3.8543503e+00
 -1.0664681e+00
 -9.9638455e-02
 -2.7738149e+00
  1.7540040e+00
 -6.5766401e+00
 -1.9103447e+00
  6.6264349e-01
 -2.4837227e+00
 -9.7435397e-01
 -2.9699788e+00
  1.1480923e+00
  7.0557624e-02
  1.7317294e+00
 -3.7151899e-02
 -4.6869314e-01
 -2.9463768e+00
 -5.1633018e-01
 -7.1412945e-01
 -6.8220317e-02
 -6.2081534e-01
  6.9466317e-01
  2.6011724e+00
 -1.1918844e-01
 -6.2386926e-02
  4.2282686e+00
  2.5271719e+00
 -1.6741313e-01
 -1.5953633e-01
  1.4166911e+00
  7.0890492e-01
  4.4428151e-02
 -2.7933509e+00
 -4.3510247e-02
  1.8603414e-02
 -1.4252244e+00
  5.3121591e-01
 -8.2784390e-01
 -9.8383164e-01
  1.6694599e+00
 -6.1583133e+00
  1.3144843e-01
  2.9916668e+00
  3.5696814e+00
 -6.3297594e-01
  2.5584200e-02
  3.9515880e-01
 -2.2003791e+00
  3.6704395e-02
  2.7171381e-02
 -3.6250368e-01
  2.1628352e-01
  1.5093341e+00
 -4.8305964e-01
 -6.6829813e-01
 -6.8152562e-02
  2.7398283e+00
 -5.6339731e+00
  4.4620091e-01
 -1.9979286e+00
  7.5335902e-01
 -1.5500089e+00
  7.3587559e-02
  3.8659699e+00
 -9.6222613e-04
 -9.6419379e-02
 -1.6563796e+00
  5.5917877e-01
 -4.5236915e-01
 -1.1364608e-01
  5.3579564e+00
 -3.1636856e+00
 -3.3741680e-01
 -7.1760690e-01
  5.9303623e-02
 -2.0038554e-01
 -5.5981841e-02
 -1.3321939e-01
 -2.4186012e-01
  5.9930501e+00
  5.0193883e-02
  2.1935803e-01
  3.9022532e-01
  1.8056678e+00
  1.9821110e-01
 -1.4826813e-01
  1.7082311e+00
  1.2742267e+00
 -2.7685201e+00
 -2.7352068e-01
 -5.4837376e-01
  1.5482730e+00
  1.7018063e-01
  4.2118195e-01
  4.1010743e-01
  2.1197294e-01
  2.6005688e-01
  3.1378642e-01
  5.9254661e-02
  4.4197378e-01
 -6.9663316e-02
 -3.6773813e+00
 -1.8886783e-03
 -2.0212775e-01
  2.7522523e+00
  1.0150762e-01
 -2.0182362e+00
  3.6425341e-02
  1.4773990e-01
  1.5307164e-01
  5.8605546e-01
  2.7342265e+00
  1.9868596e+00
  1.2272893e-01
  1.7473429e+00
 -9.7549208e-02
 -1.7504835e+00
 -2.9594868e-02
 -3.0253930e+00
 -1.0857873e+00
  8.1035239e-01
 -1.8850853e+00
 -7.1185237e-01
  5.7822373e-03
 -3.1168523e-01
 -5.9427428e-01
  5.0794977e-01
 -1.4603342e+00
  9.1688993e-04
  6.4914382e-01
 -3.3808465e+00
  6.5932101e-01
  4.7664404e-01
 -1.1538769e-02
 -4.9628752e-01
  3.4779835e-01
  5.3053921e-01
 -2.7684033e+00
 -9.0924717e-02
  4.2551033e-02
  2.2165875e+00
 -1.9598056e-01
 -5.1958138e-01
  4.3098798e-01
 -2.5545600e-01
 -4.7373468e-01
 -9.5306590e-02
  5.5915916e-01
 -1.1439365e+00
 -2.2591339e-01
  2.1991698e-01
 -1.7382415e-01
  2.6040840e-01
 -1.8247662e-01
  1.5586813e-01
 -6.8913549e-01
 -3.8646128e-02
 -9.4606496e-02
 -2.1182063e-01
 -2.0912057e-01
  1.7644621e-01
  1.8664870e-01
  6.5610832e-01
  2.0375332e-02
  5.4494131e-02
 -5.4917130e+00
 -1.2547141e-01
  1.9328202e-01
 -8.5639497e-03
 -8.8340926e-01
  2.7791886e-02
  2.0888852e-01
  1.0569733e-01
  5.9277385e-01
  2.5972885e-01
 -2.2491550e+00
 -3.7777174e-02
 -1.2996435e+00
 -2.6152475e+00
  8.0867432e-02
 -1.7727301e-01
  6.8440187e-01
 -4.6916708e-01
 -5.1857296e-02
  3.0783193e+00
  3.0883256e-01
 -9.8611824e-02
 -1.9697430e+00
 -2.0616577e+00
 -1.3460114e+00
  5.1020799e+00
 -2.1241722e+00
  3.4244206e+00
  2.8595021e+00
 -4.3367109e+00
  3.0138733e+00
 -1.5821971e+00
 -8.4247154e-01
  7.1514077e-03
  1.7812584e-01
 -1.1487793e-01
 -2.4224220e-01
 -7.0449764e-01
  1.6583350e+00
 -3.2377017e-01
 -7.5097132e-01
 -1.3300804e+00
  2.7658778e-01
  1.2269958e+00
 -6.3318734e+00
 -4.9430490e-01
  1.2433596e+00
 -2.3727279e+00
 -1.3360941e-01
  7.8747880e-01
  1.8896104e+00
  1.5159382e+00
 -2.1214192e+00
  1.4004548e+00
 -5.4782634e+00
  3.9256182e-01
  2.7318368e-02
  8.9975204e-03
  1.6987027e+00
 -1.3231385e+00
 -2.7948490e-01
 -4.9965661e-02
  3.8883999e-02
  1.5643996e-01
 -2.0757923e-01
 -4.9416292e-01
  4.4642597e-01
 -2.9598054e-01
  2.4165037e+00
 -9.1380291e-03
 -2.4741154e+00
 -1.8648411e-01
  4.5578706e-01
  7.5564243e-02
 -9.4227129e-01
  4.4999204e+00
 -1.4210569e+00
 -6.7214413e+00
 -1.5497102e+00
  2.1200869e+00
 -4.6602163e+00
 -1.5254203e+00
 -1.8753842e+00
 -5.5290395e-01
  9.2170948e-01
 -4.1145027e-02
  2.8501791e-01
 -2.2551902e-01
  2.4930892e+00
 -6.2299334e-03
  7.1743143e-01
  2.3773053e+00
 -3.5866728e-01
 -2.1077397e+00
 -4.9974853e-01
  1.2044384e-01
  3.3657361e-02
 -3.1082892e+00
 -3.4173942e+00
 -9.0784103e-01
 -3.4326940e+00
  1.1067705e+00
 -3.3144078e-01
 -6.6532743e-01
  8.7661989e-02
  9.3440372e-01
 -3.2650480e+00
 -3.2159835e-01
  3.4314767e-02
 -5.1262772e-01
  5.3244128e+00
  4.5684385e-01
 -3.5092610e-01
  3.5097968e-02
 -8.1869557e-02
 -5.8858466e-01
 -1.1741176e+00
 -1.9831783e-01
  1.4081140e+00
 -8.2937889e-02
  2.3947056e-01
  4.6848288e+00
  3.6756236e-02
  2.0015213e-01
  7.2384858e-01
  5.7364762e-01
  9.6612841e-01
  4.2986977e-01
  1.1157335e+00
 -1.0022341e-01
  8.9292425e-01
  6.1672911e-02
 -4.6048364e-01
  3.7756288e-01
  2.3398450e-01
 -2.2540903e-01
  1.4598647e-01
 -8.0560756e-01
 -2.9040912e-01
 -5.5878836e-01
 -3.0788922e-01
  3.1293651e-01
 -1.2043192e+00
  1.4106184e-01
  2.7955121e-01
  3.6571026e-02
  2.1161823e+00
 -3.7260026e-02
  4.3147621e-01
  7.3201638e-01
 -4.8452511e+00
  1.2842052e-01
  3.7473181e-01
  6.7709929e-01
 -6.5296017e-02
 -7.0540614e+00
 -1.8381774e-01
 -1.8064709e-01
  3.2479641e-01
  2.7398169e-01
 -2.8111053e-01
  2.1389399e-02
  1.4600968e-01
 -2.0338519e+00
  8.7423749e-02
 -8.4864661e-02
  4.2115879e-01
  3.7550947e-01
  2.0101126e-01
  4.5843749e+00
  1.6939618e-01
  1.6304964e-01
 -4.3458673e-01
  4.0322497e-01
 -1.0609481e-01
 -1.3497931e-01
  1.2324693e-01
  3.6212158e-01
  2.4214892e-01
  5.0109494e-01
 -8.7216586e-02
  5.0385171e-01
  4.1271158e-02
  3.6895460e-01
  2.6188340e+00
  1.7492800e+00
 -4.0310342e-02
  1.0325772e-01
 -3.5680170e+00
 -1.0047539e+00
 -5.1891512e-01
  4.2836940e-01
 -1.3548545e+00
 -1.0938594e+00
 -3.4675572e+00
 -6.2295049e-03
  8.3274841e-02
 -6.0617954e-02
 -9.9934524e-01
  2.1817267e+00
 -4.9779586e-02
  9.3496919e-01
  1.2254661e+00
  6.4912088e-02
 -9.0390909e-03
  1.2686664e+00
  1.5226486e+00
 -6.3248776e-02
  9.1556348e-02
 -9.2685789e-01
  3.8891196e-02
 -4.5720735e+00
 -2.0223671e-01
 -8.5407821e-03
 -1.2558070e-01
 -6.4955765e-01
  2.1435374e-01
 -5.2199360e-02
  1.3302548e-01
 -1.0291837e+00
  6.7881286e-01
  1.7326172e-01
 -1.5209084e-03
 -2.0885665e+00
 -1.9322810e-01
  1.4340369e+00
 -2.6113162e+00
 -3.2480848e+00
  2.6005383e+00
 -8.1072018e-02
  7.2765428e-01
  1.2788671e+00
  6.9523993e+00
 -4.6255791e-01
  2.7954652e+00
  2.3311141e+00
  1.6204563e-01
  2.4150865e+00
  6.7051572e-01
 -5.5040237e-03
 -3.3132276e-01
 -3.3857039e-01
  5.4817963e-01
  1.3488642e+00
 -1.9433992e-01
  1.4445888e-01
  4.3607774e+00
  8.6842620e-01
  7.7441984e-01
 -8.5295131e-04
 -5.2255221e-02
 -3.6716890e-02
 -1.2464845e-01
 -4.9766600e-01
 -3.4191466e-03
 -1.6910160e+00
 -7.2143859e-01
 -3.9042518e-01
  9.8845959e-02
  9.1008377e-01
 -4.4236535e-01
 -9.5898008e-01
 -2.8894353e-01
  3.3357453e-03
 -1.7986307e+00
 -1.7425400e-01
  5.2716708e-01
  1.5507567e-01
  1.7020348e+00
 -7.6240748e-01
 -2.5419015e-02
  9.4524682e-02
  1.1113183e-02
 -7.5967699e-01
  2.2266939e+00
 -2.1935177e+00
  1.1435274e-01
  7.1864331e-01
 -4.4029263e-01
 -2.5196165e-02
 -6.2114086e+00
  5.2861518e-01
 -1.9963619e+00
  6.9667496e-02
 -6.4882807e-02
 -1.5110708e+00
 -5.6999063e-01
 -5.0487131e-01
 -2.6361033e-01
 -1.6776253e+00
  9.9515861e-01
 -1.1465278e-01
 -1.3992879e-01
 -7.3299605e-01
  1.2833159e-01
 -4.7675529e-03
  6.7913228e-01
 -3.1981323e-02
  3.2386762e-01
 -1.2964615e-01
  3.5154908e+00
 -1.9695874e-02
  7.1569067e-01
  6.4253546e-02
  1.4247439e+00
 -4.7136326e+00
  1.0533916e+00
 -1.4505954e-02
 -6.9208628e-01
 -1.3272664e-01
 -1.2064289e-01
 -3.1513255e-02
 -6.1210841e-01
  9.2334099e-02
 -3.2911709e-01
  1.1129158e-01
  4.9660252e-03
 -4.1148081e-01
  1.1052781e+00
  3.8843599e-01
 -3.4206979e+00
  3.3149737e-01
  1.0004538e-01
  5.5956371e-02
  2.7937347e-02
 -1.0178617e+00
  7.6429206e-01
  1.4461622e-01
  1.6379689e-01
 -2.8199716e+00
  1.1582477e-01
  1.1729662e+00
  7.7442385e-02
  3.0349200e+00
  5.4633832e-01
  2.9478496e-01
 -6.4457135e+00
 -1.3700761e-01
 -9.8330271e-01
  1.6931454e+00
 -1.8487976e-01
 -3.1163333e-02
 -8.7380528e-02
  3.9377831e-02
  8.7443131e-01
  2.3364298e+00
  2.7785752e+00
 -4.2602426e-01
 -1.6073663e+00
 -6.5211064e-01
 -1.5137547e+00
  1.0415174e+00
 -1.8867047e+00
  3.6124415e+00
 -1.0834043e+00
 -2.9234302e-01
 -1.4806733e+00
 -5.5456033e+00
 -3.6688557e+00
 -1.5355204e+00
  1.2223964e+00
  2.1432002e+00
 -4.3827920e+00
  6.7056680e-01
 -1.8525482e+00
  1.1449505e+00
  7.2198182e-01
  6.1450940e-01
  1.7853558e-01
  3.1450281e-01
  4.5658264e-01
  1.7404065e-01
 -1.4837371e-01
  3.3592907e-01
 -1.3463482e-01
  2.3272948e+00
  1.6034006e-01
  1.4380833e+00
  9.4021994e-01
  2.1382317e-01
  2.0210922e+00
 -5.7829654e-01
  3.3821101e+00
  2.7601173e+00
  1.9418545e+00
 -7.8846002e-01
 -1.1571687e-01
 -1.0483021e+00
 -4.1849222e+00
 -3.2505885e-01
  7.7565753e-01
 -8.9571351e-01
  5.5430830e-01
  7.7591948e-02
 -3.2727671e-01
 -2.1101770e-01
  5.8918786e-01
  5.3508914e-01
 -1.4862319e+00
 -2.5176752e+00
  8.3062775e-02
 -4.7752622e-01
 -4.8960751e-01
  3.1829868e-02
  5.3799391e-01
  1.7953583e+00
  2.5197548e-01
 -2.7840325e-01
 -7.0077413e-01
  7.9210162e-02
  5.4520850e+00
  2.6119765e-02
 -4.1324124e-01
 -5.5956010e-02
  1.1658090e-01
 -1.0029968e+00
  8.2091131e+00
 -1.2652452e-01
  9.5070779e-02
 -1.9529237e-01
  1.4673842e-01
 -1.0756516e-01
  4.0501318e+00
 -1.3915059e-01
  1.8661803e-02
  2.2820395e-01
 -3.3495268e-01
  2.1540810e-01
 -2.6399010e-01
 -1.7991710e-01
 -5.1128936e-01
  2.2330959e+00
 -1.7105776e+00
 -8.1594758e-02
 -1.0184375e+00
  1.3906974e+00
 -1.0473641e-01
 -1.4506418e+00
  4.0743752e+00
 -1.1273234e+00
  4.5365509e-02
  1.4994986e-01
 -9.3351640e-02
  2.6319427e+00
  5.3482622e-01
  4.7246070e+00
 -7.0030010e-01
 -3.9117244e-01
 -4.2266771e-01
 -1.8620177e-03
  8.5983616e-01
 -1.3701747e-01
 -1.9542837e-01
  8.5483626e-02
 -1.8282830e+00
  2.2393405e+00
 -2.1346192e-01
 -2.5024229e-01
 -6.0680765e-01
 -1.7794472e+00
  2.4012613e+00
 -1.5459956e+00
 -4.4275804e+00
 -4.1230890e-01
 -1.3905376e-01
  7.2226629e-02
 -1.5440055e+00
  3.7814516e-01
 -4.9241603e-04
 -8.9353189e-02
  4.3564312e-02
 -7.7754788e-02
  4.6238485e-01
 -3.0144157e-02
  1.0634739e-02
  8.9872384e-01
  3.4170058e-01
  3.3509511e-01
 -6.7448407e-02
 -1.2902647e-01
 -5.6766760e-02
 -1.1127436e-01
  3.8722146e-01
  4.7811872e-01
  1.2196167e+00
 -2.4809234e+00
 -4.0792727e+00
  8.5487092e-01
 -2.0060346e+00
  9.1685259e-01
 -6.0679736e+00
  1.4743104e+00
  2.1222423e-01
  8.1021629e-02
 -4.2671815e-01
  4.5507411e-03
  1.1855943e+00
 -9.9277692e-03
  1.4210645e+00
  2.2951486e+00
  3.2103677e+00
 -1.9388825e+00
  2.4218720e-01
 -2.3877862e-01
 -5.3803314e-02
 -1.7527792e-01
  5.5031304e+00
  5.8651743e+00
 -3.7637496e+00
 -2.0581524e+00
  1.1457624e+00
  9.0318853e-01
  1.9740731e-01
 -3.7021661e-01
  8.2637173e-01
 -3.6491352e-01
  1.6803724e+00
  9.8141503e-01
 -3.3216655e+00
 -3.5690454e-01
 -6.8174326e-01
  5.8350194e-01
  6.2266558e-02
 -5.4403224e+00
 -1.3903012e+00
  1.5283633e-02
  9.9163093e-02
  3.7101533e+00
  1.3359771e+00
 -7.2498381e-01
 -6.3163841e-01
 -8.3829468e-01
 -4.7418365e-01
  1.2729893e+00
 -1.1238108e+00
  2.8121567e-01
  8.5746408e-01
  1.0464064e+00
 -1.6449930e-01
  4.2298481e-01
  2.3746886e+00
  9.6202737e-01
 -2.0589864e-02
  8.0140311e-01
  1.8428624e-01
  6.7184597e-01
 -3.1976905e-01
  4.0028868e+00
  1.7490319e+00
 -3.4639740e-01
  1.3679961e+00
  2.5086594e-01
  4.3307975e-02
 -1.0615973e-01
 -1.3002572e-02
 -2.2762944e-01
 -3.1779353e-02
  2.0116843e-01
 -3.6461958e-01
  8.8544589e-01
 -3.6043290e-02
  6.6619962e-01
  4.7814810e-01
 -3.5265026e+00
  8.0074638e-01
 -4.3144855e-01
  6.7432487e-01
 -3.9302048e-01
 -1.5016311e+00
  4.6114379e-01
 -4.4004555e+00
 -3.3239752e-01
  7.5494474e-01
 -7.0369517e-04
  8.5907650e-01
  4.9325889e-01
  1.4063355e-01
 -1.3920662e+00
 -5.2083963e-01
  3.9240244e-01
  9.1714337e-02
  1.8737514e-01
 -2.4641207e-01
 -1.0151037e-01
 -1.5436985e+00
  3.9004001e-01
  2.0554231e-01
 -1.6855539e+00
 -2.0728573e-02
 -1.1989501e+00
 -5.2626017e-02
 -1.4779596e+00
  4.7860861e-01
  5.5296850e-01
 -3.0280411e-01
  6.1830673e-02
 -3.5460949e-02
  2.2571576e-01
 -1.5493740e-01
 -1.1059123e-01
  2.0204377e-01
  1.3213397e+00
 -7.7384341e-01
 -1.5105127e-01
  6.4756864e-01
 -4.6022022e-01
  6.1410588e-01
  6.9976538e-02
 -2.3212050e-01
 -2.9582721e-01
 -3.3603182e+00
  7.1566373e-02
 -7.9070067e-01
 -5.6733024e-01
  3.3580962e-01
  4.3948245e+00
  1.9052099e+00
 -4.6257842e-01
  8.3807640e-02
  1.0240779e+00
 -7.0078000e-02
  4.9736446e-01
  3.9722273e-01
  4.8531225e-01
  2.9320590e+00
  2.2935054e-01
  1.7179993e-01
  5.4760296e-03
  4.0208319e-01
  1.0539433e-01
 -6.7222446e-02
  3.6218171e+00
 -5.1964231e+00
 -1.8338333e+00
 -1.7151968e+00
 -1.9575090e+00
  2.6268259e-01
 -5.0904918e-02
 -3.2315549e-01
  1.8174881e+00
 -1.0903582e-02
  1.5841957e+00
  1.2542455e+00
 -8.8819391e-01
 -1.9350283e-01
  2.7815628e-01
 -4.2588881e-01
 -7.4122995e-02
  3.3197515e+00
  3.5339415e-01
  3.6080196e-01
 -1.0116298e-01
  1.1761902e-01
  1.2846893e-01
 -2.0489952e-01
  5.7405812e-01
 -1.5355568e-01
  2.3467147e-01
  2.1860003e-01
  1.0643668e-01
  1.5961099e+00
 -2.1942908e-01
  6.0654426e-01
 -2.4153094e-01
  1.1186040e-01
  3.4982033e-02
 -2.2509387e+00
  1.0974287e-01
 -3.5169578e-01
 -7.1394742e-02
 -7.3905247e-01
  3.0909821e-02
 -2.2507979e-01
  2.8719109e-01
  2.6966092e-01
 -2.8859285e-01
  6.5832835e-01
  9.6223131e-02
 -2.4882286e+00
  1.6865765e-01
 -2.4229814e-01
  3.3562681e-01
 -1.7700781e+00
 -6.0169239e-02
  1.3710086e-01
 -4.2872015e-01
 -2.1492615e+00
  2.0642711e-01
 -4.9213192e-01
  1.5762706e+00
 -1.4164647e+00
  1.0310607e+00
 -2.6455885e-01
 -2.6419669e-01
 -2.4325125e+00
 -7.4622653e-02
  2.3695132e-01
  6.0306013e-01
 -2.6115918e-01
 -6.5682352e-01
  5.1055855e-01
  1.2826887e+00
 -1.0346242e+00
 -8.9870475e-02
  5.5755204e-01
 -2.2700553e+00
  2.1031083e-01
  2.6675339e+00
 -4.2272130e-01
  1.1494657e+00
  7.2498512e-01
 -1.6250452e-01
  2.2033526e-02
  1.5692337e+00
 -1.7799070e-01
 -1.8039044e+00
  6.7214566e-01
  8.6030447e-01
  9.7327787e-01
  3.9072666e+00
  7.3826319e-01
  2.5821745e+00
 -2.2495295e-01
 -5.5901891e-01
 -5.1212814e-02
  4.6763200e-01
 -3.1588748e-02
  3.5102281e-01
 -3.2232988e-01
 -7.2809391e-02
 -5.8846094e-02
 -1.2205925e-01
  5.9452381e-02
  5.6324011e-01
 -3.8582864e-01
 -3.3114567e-01
 -1.0071281e-01
 -1.7246970e+00
 -1.8698519e-01
 -8.7272424e-01
 -3.8077450e-01
 -1.5081479e-01
  1.1887009e-01
 -1.3336220e-01
 -1.3617735e-01
 -7.8544676e-01
 -3.6560453e-02
  1.9983701e-02
  9.5263630e-01
 -7.0362851e-02
 -1.7571154e-01
 -3.5392445e-02
  1.6195178e-01
 -1.3963225e+00
  8.6469650e-02
 -3.9048862e-02
  7.4772793e-01
  1.0210712e-01
 -1.7911869e-01
 -4.7070394e+00
 -2.1768637e+00
  1.4604841e-02
  1.4269977e+00
 -3.9858240e-01
 -1.5695913e-01
 -5.6892443e-01
 -4.0370636e-02
  1.0758516e-01
 -1.4668267e-02
 -1.1368304e-01
  4.4929796e-01
  4.2226109e-01
  3.5429689e-01
 -5.3741592e-01
 -6.5742558e-01
 -3.1963706e-01
  1.9061348e-01
  1.7028072e-01
  1.1284144e-01
 -1.2445138e-01
 -5.6629252e-01
  7.9125285e-02
 -1.0779933e+00
  2.4584937e+00
 -4.9870126e-02
 -2.4207371e-01
  2.3749979e-01
 -6.9050691e-03
  2.7094231e+00
  1.7232957e-01
 -1.6141182e-01
  1.8043270e+00
  2.6490178e+00
  5.9354696e+00
 -1.4196645e-01
 -1.1167290e-01
 -1.8701961e+00
  1.0417545e+00
 -2.3750346e-02
 -2.8240111e-01
  1.3672440e+00
 -2.3987338e-01
 -3.2092914e-01
 -2.2108424e+00
  3.2691917e+00
  1.0395978e-01
 -4.9616480e-01
 -4.0064979e-02
  2.0767508e+00
 -1.6174152e+00
 -5.3257742e+00
 -5.0511174e+00
 -1.4730026e-01
 -4.2694235e-01
 -2.3780639e+00
 -2.0230107e+00
  3.0904820e+00
  2.2554471e+00
 -4.9324250e+00
  2.1530399e+00
  8.9178401e-01
  3.1941766e-01
  1.1883171e+00
 -1.9670210e+00
 -2.4194248e-01
  1.0356324e+00
  2.8983340e+00
 -1.7991723e-01
  4.1678035e-01
 -2.2060821e+00
 -8.0479935e-02
 -7.4761927e-01
  2.3710607e-01
  4.1598600e-01
  3.3772433e-01
 -1.5270878e-01
 -4.7043670e-02
 -3.8814200e-03
  1.3463974e-01
  4.3607578e+00
 -2.2939074e+00
 -3.9352162e+00
  2.9313126e+00
  5.0360274e+00
  2.6551831e-01
  1.0488086e+00
  2.1274250e+00
  3.1201341e+00
  3.1832689e-01
 -1.1086357e+00
  8.7075186e-01
 -1.8217321e-01
 -5.0515581e-02
  6.9733369e-01
 -1.0752143e-01
 -1.6341496e-03
 -1.4662580e+00
 -4.4542417e-01
 -8.5091150e-01
  4.4825441e-01
  3.0735357e+00
  6.1078649e-02
  2.6436765e+00
  1.1329877e+00
  3.3370301e-01
 -5.8287030e-01
 -4.7658241e-01
 -5.7116985e-01
  4.7156854e+00
 -3.0841098e+00
 -2.0305643e+00
  2.6173675e+00
  1.5290010e+00
 -1.1708201e+00
 -1.7943987e+00
  5.0601010e+00
 -1.6750690e+00
 -2.4001236e+00
 -5.4507975e-02
  2.3810633e-01
 -1.0379610e+00
  7.7403605e-01
  2.2258395e-02
  3.4173486e-01
  5.4404025e+00
  8.1088495e-01
 -2.1560121e+00
 -1.4945582e-02
  5.1281210e-02
 -6.5592271e-01
 -9.1715348e-01
  6.5819032e-02
  1.4030515e+00
 -3.8537765e+00
 -1.0109736e+00
 -5.0106257e-01
 -8.5065395e-01
  2.5452952e+00
  1.4088538e+00
  3.6500092e+00
 -1.6621349e+00
  6.2934369e-01
 -2.0360138e+00
 -1.0490270e-01
  2.1300280e+00
  7.0793808e-02
  5.2611464e-01
 -5.0975857e+00
  2.9495540e-01
 -2.6042581e-01
 -1.3107495e-01
 -1.0218629e-01
 -8.3053911e-01
  2.8012013e+00
 -6.3648421e-01
 -1.2658789e+00
  1.2482830e+00
  3.7959874e-01
 -1.2619442e+00
  2.0997295e+00
  1.4301897e+00
  4.6894515e-01
 -1.1946170e+00
 -2.3691800e+00
 -1.2844814e-01
 -8.7965608e-02
 -3.0863869e+00
 -3.7574206e-02
 -1.2512681e-01
 -6.6218233e-01
 -3.8245881e-01
  1.6412491e-01
 -5.2130938e-01
 -7.6131155e-03
 -2.5802958e-01
 -6.5547809e-02
 -2.3199198e-01
 -2.2904219e-01
  1.3010480e-01
 -3.5252905e-01
 -2.5213021e-01
 -2.6269300e+00
  7.1321025e-02
  1.9990313e-01
  9.0864706e-01
 -1.5485940e+00
  2.5354595e+00
 -3.7417617e-01
 -5.9575677e+00
 -4.0950450e-01
  2.3347396e-01
 -1.3881667e-01
  1.3768508e-01
 -1.0294324e-01
  4.0515122e-01
  1.5309201e-01
  1.1250761e-01
 -1.5308727e-01
  1.2335437e-01
  1.4963320e-01
  1.4864125e+00
 -3.7943058e-02
  3.0406408e+00
 -3.3749034e+00
 -1.1201591e-01
 -1.0668830e+00
 -5.5533695e-01
 -8.0550772e-01
  1.9673392e-01
  9.0215522e-01
  1.4674498e+00
  4.7271276e-01
  5.0860649e-01
 -8.0639862e-02
 -2.5003648e+00
  5.2937704e-01
  1.5596521e+00
 -8.5602629e-01
 -1.5632744e-01
 -3.5653163e-02
  3.5498974e-01
 -3.8237419e-02
  5.6595713e-01
  5.5323098e-02
  1.1715838e-01
  1.0960639e-01
  2.4089052e-01
  8.0110574e-01
 -4.6875229e-01
 -1.2848188e-01
  4.9685484e-01
 -8.0037385e-01
  2.9671884e+00
  4.2910877e-01
 -1.6857526e-01
  3.5160801e-01
 -1.2518983e+00
 -3.3627815e+00
 -9.5017649e-02
 -2.2823545e-01
 -4.0095482e+00
  5.5559944e-02
 -2.6588196e-01
 -1.2845449e-01
  2.1910790e-02
  1.6592575e+00
 -1.3695568e-01
 -1.7965207e-01
  1.1466562e+00
  2.0289232e-01
  1.7778035e-01
  1.9376864e-01
 -1.2578982e-01
 -2.3997262e+00
 -9.8540968e-01
 -3.8822678e-01
 -8.6386436e-01
 -1.2377509e-01
  6.9246292e-02
 -1.0635588e-02
  4.6581073e+00
 -1.6480443e+00
  4.7235209e-01
 -4.3781884e-02
  7.0523208e-01
  2.2787583e-01
  1.1921897e-01
  1.7199437e-01
 -1.6877612e-01
  4.2868096e-01
 -4.2271271e-02
 -1.1630358e-01
 -7.8337885e-02
 -8.2174629e-02
 -6.3415134e-01
  3.3608460e-01
 -7.8797513e-01
  7.0226207e-02
  3.4301341e-01
  3.2700017e-01
 -1.0372611e+00
 -1.1379529e-01
  1.3820794e-03
  7.5230372e-01
 -3.7751846e-02
 -4.1922274e-01
  2.1700282e-01
 -4.0110666e-01
  2.2563183e+00
  1.3186987e-02
 -5.9422672e-01
 -3.9660466e-01
  8.4904045e-02
 -5.2417892e-01
  1.1886894e+00
 -4.9805573e-01
 -2.2915452e+00
  1.1025611e+00
 -7.4762054e-02
  3.6666021e-02
 -3.7881479e-01
 -1.1639025e-01
 -1.3702400e-01
 -1.2880137e+00
  2.1943634e+00
 -7.3516113e-01
  2.1042762e+00
 -7.4649274e-02
  9.0015066e-01
  3.0233046e-01
  1.6179214e+00
  1.0728233e+00
 -3.0643132e-01
 -1.6773523e+00
 -1.3733404e+00
 -2.1095791e+00
  7.4539506e-01
 -6.3738123e-02
 -3.5467693e-01
 -6.2361723e-01
  7.8464255e-02
 -2.3303954e-01
 -3.9085656e-01
 -1.5702379e-01
  3.0695364e-01
  1.5840876e+00
 -1.2767488e-01
  6.2942393e-02
 -3.6406308e-01
 -6.4879453e-01
 -1.1842412e-02
  2.0817481e-01
  2.4925116e-02
 -1.2134680e-01
  2.7556722e+00
  2.7146997e+00
 -3.1883925e-01
 -3.8588009e+00
  2.2887856e-01
 -1.4097725e-02
  1.4587882e-01
  1.9058355e+00
  1.0197073e+00
  2.8240049e-01
  4.1574425e-01
  1.1981887e+00
  4.7348359e-01
  3.4981921e-01
 -3.4303075e-01
 -1.7740315e-01
  1.8183240e-01
  1.4662308e+00
 -7.4029964e-01
  6.7490578e-01
 -7.4885297e-01
 -2.7561207e+00
  2.9436436e-01
  8.0281921e-02
  1.4588568e-01
 -1.0996539e-01
  2.3378804e-01
  1.2266185e+00
 -8.4892601e-01
  9.3447447e-01
 -1.8921305e-01
 -1.4908769e+00
  1.9678231e+00
  4.5016047e-01
 -3.5932374e-01
 -1.1658188e+00
 -6.2434500e-01
  2.3742773e-01
  2.4876955e-01
  2.1908790e-01
  2.4154938e-03
 -5.9832150e-01
  4.2326674e+00
  3.2541305e-01
  1.4209685e+00
  5.6103140e-01
  1.9073894e+00
  3.8563767e-01
  9.2910939e-01
  2.4056622e-01
 -1.5991980e-01
  1.3539463e-01
  4.2173824e-01
 -6.9670312e-02
 -5.5076784e-01
  1.5061285e+00
 -4.5765180e-02
 -5.1291056e+00
 -5.6061047e-01
 -6.8385601e-01
  2.6150417e+00
 -2.0766436e-01
 -1.9937602e-01
 -1.7104886e-01
 -2.8945134e+00
 -1.3915841e-01
  2.2988155e+00
 -6.3531274e-01
  2.2135789e+00
 -3.2146516e-01
  1.7849199e-01
  3.7032411e-02
  3.8536492e-01
 -5.3027308e-01
 -1.1395244e-01
  1.3322200e+00
 -2.4294984e+00
  5.3668946e-02
 -2.0131820e-01
 -2.1766109e+00
 -2.4291790e-01
 -3.2899398e-02
 -2.9810378e-01
 -3.1860429e-01
 -1.0490233e-01
  3.2904092e-02
 -6.0722262e-01
  4.8770864e-02
 -4.4312231e-02
  2.1161875e-01
 -2.7842460e+00
 -1.1336893e-01
  1.4160818e+00
 -2.0373039e+00
 -3.7123269e-01
  1.9212778e-01
 -1.0005391e+00
 -1.3057713e-01
 -1.1465696e+00
  4.2782450e-01
  3.2871017e-01
  1.9952716e-02
 -6.3729447e-01
 -4.8487327e-01
  1.6835095e+00
  3.4330252e-01
  7.0248437e-01
  1.8173882e+00
  2.0380914e-01
  3.4741575e-01
 -4.3640286e-01
  6.2803410e-02
  2.0094481e+00
 -3.7124959e-01
  3.0349538e-01
 -5.5837029e-01
 -1.2207208e+00
 -1.1987041e-02
  3.3291420e-01
 -3.7494943e-01
  2.0534117e+00
  6.7754447e-01
  6.5695971e-01
  1.2356837e-02
 -2.7195609e-01
  7.4789837e-02
 -1.0399072e-01
 -2.3415868e+00
 -9.7174577e-02
 -2.4921386e-02
 -1.4053999e+00
  4.8899576e-02
  5.6967175e-01
 -1.2276332e+00
  1.8132896e+00
 -1.1529596e+00
 -2.1050832e-01
 -6.6894716e-01
 -5.9193558e-01
  8.1989527e-01
  3.9457196e-01
  2.5466812e-01
 -4.6865204e-01
 -9.3252927e-02
  1.5609413e-01
 -3.8678119e-01
  5.1472228e-02
  9.9127807e-02
  5.0594721e-02
 -1.3362865e-01
 -4.4155729e-01
 -2.8756287e+00
 -7.0552146e-01
 -3.8598575e-02
 -2.9683095e-01
  6.7229402e-01
 -1.1572723e-01
 -9.0383363e-01
 -3.2836494e-01
  5.0091922e-02
  9.8663330e-01
  2.2227947e-01
 -2.0648348e-01
 -2.6856038e-01
  1.0670391e-01
  4.1396278e-01
  1.6768088e+00
  1.0855795e-01
 -1.2881526e-01
 -1.3736821e+00
 -1.3216849e-01
  1.1671287e-01
  5.2164507e-01
 -4.7406697e+00
 -1.2360413e+00
  1.3959587e-01
 -2.0474491e-01
  1.1305632e-01
  2.3505210e-03
  1.7996347e-01
  2.1117976e-01
  5.2414072e-01
  2.6356989e-01
  6.9058858e-02
 -8.2165353e-02
  1.5820318e-01
  7.6244110e-01
  5.7146394e-01
  6.2187023e-02
  3.6480701e-01
  9.3864404e-02
  2.6680627e-01
 -1.2132293e-01
  2.8545961e-01
 -3.0877799e-01
 -2.3473089e+00
 -5.0826502e-01
 -1.4675088e-01
 -1.7906390e-01
  4.8448989e-01
  1.2313282e-01
 -4.1602343e-01
  3.1874243e-02
 -1.3996296e-02
  1.7040724e-01
 -5.5663105e-02
  2.9228374e-01
  7.8198671e-01
  3.7562191e-01
  1.2830447e+00
 -1.9564615e-01
 -1.4927875e-02
  5.4039482e-02
  9.0179689e-02
 -1.6572040e-01
  1.0691427e+00
 -7.3979229e-01
 -2.2778006e-01
  5.0702404e-02
 -4.7342424e+00
 -1.6458791e-01
 -3.8256735e-01
 -3.2038733e-01
  5.1631249e-02
 -6.1550725e-01
 -8.7937489e-02
  9.5440999e-02
  2.2303337e-01
 -4.5339108e-02
 -1.4810169e+00
  3.8584799e-01
  1.8046241e-01
 -3.1093018e+00
 -1.4354993e-01
  6.9435358e-01
 -4.7925755e-01
 -5.4771620e-01
 -2.1904257e-01
 -1.7260613e+00
 -4.9166412e+00
 -4.8909406e-03
  1.3280121e+00
 -3.2506672e-01
 -2.3260835e-01
  2.8490013e-01
 -3.1819636e-01
 -3.9511788e-01
  3.6520522e+00
  1.1921706e+00
  3.5048673e-01
 -2.0771277e-01
 -7.4281067e-01
 -8.7996286e-01
 -2.0548525e+00
  3.4946635e-01
 -4.9771947e-01
 -2.9391010e+00
  1.1805872e+00
 -8.1123626e-01
 -9.8093301e-01
  2.8990598e+00
  5.2244415e+00
 -5.8021661e-02
  4.9088602e+00
 -9.9873923e-02
  1.5278622e+00
 -8.7194152e-02
  5.0740805e+00
 -5.7309848e-01
 -1.4523754e+00
  6.8613011e-01
  5.8993298e-01
  1.3018277e+00
 -9.6191472e-01
  1.0331672e+00
 -2.7993754e-01
 -3.9014021e-01
  1.8860717e+00
  7.3933244e-01
  3.3037066e+00
  1.6233948e+00
  1.6160332e+00
 -3.5802034e-01
  1.3425254e+00
  1.5617576e+00
 -2.6956489e+00
  2.1818905e+00
  8.5385966e-01
  6.2490648e-01
 -2.2510364e+00
  9.8502100e-01
  2.2505100e+00
  1.8454149e-02
  1.2056863e+00
 -1.7649595e-01
  4.0747728e-02
  8.1450362e-03
  1.5791312e+00
  4.9529195e+00
  2.5635219e+00
  1.7186619e-01
 -1.2162882e-01
 -5.6291103e-01
 -5.8353200e+00
  1.1766150e+00
  4.1036259e-02
 -1.0317278e+00
 -5.9337878e-01
  3.2681894e+00
 -1.6561650e-02
 -1.5476523e-01
  3.1627979e+00
 -4.0333831e-01
  9.0947844e-02
  5.4118543e+00
 -4.7563395e-01
  5.9793782e-01
 -1.5034924e+00
  7.3643333e-01
 -1.0145164e+00
 -2.1556067e+00
  8.5451674e-01
 -2.3835363e+00
  6.2673956e-01
  6.7014694e-02
 -3.5778658e+00
  1.0050137e-01
 -5.8937246e-01
  1.6988629e-01
  7.1084499e-01
  4.4286823e+00
 -1.3315375e+00
  1.2197708e+00
  4.3153550e-02
  2.7120419e+00
  2.5148085e-01
 -6.2008042e+00
  4.1190901e-01
  1.5752955e-01
 -5.5859560e-01
 -1.5734108e-01
  3.2996030e+00
 -3.7454143e-01
  1.2151226e-01
  4.5973766e-01
  1.7724851e-01
  9.9230224e-01
  1.7072021e+00
 -1.7705472e+00
 -5.8666176e-01
  1.0409030e-01
  7.9171263e-02
  9.8185562e-02
  1.1522725e-01
 -1.3830569e+00
  4.0853292e-01
  7.7926707e-01
  2.3163070e-01
  2.3640655e-02
 -1.6478064e+00
 -6.0392338e-01
  5.6348163e-01
 -7.8540228e-02
  1.6239634e-01
 -7.2848953e-02
 -2.0647612e+00
  1.7082514e-01
  1.6221626e-01
  2.1831134e-01
  1.8316554e+00
  2.8735092e+00
 -7.4399638e-01
 -2.1153765e-02
 -1.7173747e+00
  9.9710894e-01
 -4.1820768e-02
  8.7634198e-02
  9.4941959e-02
 -6.3267566e-02
  1.3175303e-01
 -3.0312486e+00
 -5.6926012e-01
  5.8585744e-02
 -2.2089379e+00
 -9.0565646e-01
 -6.4384955e-01
  6.5927458e-01
 -6.6079932e-01
  1.1123140e-01
  1.7056467e-01
  2.5979111e-01
 -8.6472303e-02
  4.4031966e-02
 -2.8551171e-02
 -8.4515572e-02
 -4.4386435e-01
 -1.1620440e-01
 -7.3261797e-02
  8.9681499e-02
  7.7313468e-02
  2.0226260e-01
 -1.3711211e-01
 -2.3283401e-01
  9.4067072e-03
  3.0986410e-01
 -5.3240371e-01
  5.3858304e-01
 -3.7875868e-02
  4.0987062e-01
  9.5171636e-01
  3.5023963e+00
 -9.7657841e-01
  1.2560238e+00
  1.5508289e+00
 -1.9798402e+00
  1.4196385e+00
 -1.1665398e+00
 -1.0114938e-01
 -6.7477234e-02
 -5.8285194e-03
 -9.2874813e-01
 -3.8808536e-02
  7.8743368e-01
 -6.6898479e-03
 -1.3303887e+00
 -2.9369094e+00
  7.1391654e-01
  1.9784634e+00
 -1.2985353e-01
 -7.2754520e-01
 -2.0145462e+00
  1.4798888e+00
 -3.0082796e+00
 -1.3307203e+00
 -3.7546170e+00
 -2.8756005e-01
 -2.0457609e+00
  9.8900187e-01
  4.3937618e-01
 -2.1321228e-01
 -5.0956740e+00
  5.1397610e-01
  1.9404317e+00
 -2.6828244e+00
 -3.1708727e+00
  5.5552208e-01
  6.0731106e-02
  2.0513008e+00
 -2.7985388e-01
 -2.7265544e+00
 -1.2173595e-01
  2.1255349e-03
  1.5717833e-01
 -4.5253072e-02
  3.1748364e+00
 -2.3500744e-01
  1.2952018e+00
 -1.0082048e+00
  2.6147214e-01
 -2.2597667e-02
 -4.7450632e-02
  8.2545054e-01
 -5.5767670e+00
  7.6950055e-01
  1.0628828e+00
 -4.5597684e-01
  7.3161745e-01
  1.0117915e+00
  3.5778534e-01
 -2.3816240e-03
  2.6035230e+00
  7.6573122e-01
  1.8092617e-01
  3.0808190e-01
  2.6707909e-01
  1.8059024e+00
  1.4310355e+00
  2.4251838e+00
  1.1684763e+00
  5.1788735e-01
  3.9670911e+00
 -3.4543040e+00
  1.3077420e+00
  3.8506708e-01
 -3.5390584e+00
  1.0676799e+00
 -1.3707016e-01
 -1.2697753e+00
 -5.5800611e-01
  6.1599553e-02
  1.6901115e+00
  5.1072180e-01
 -5.1930362e-01
  3.0758562e-02
  5.2206743e-01
 -1.1175147e+00
  1.4860808e+00
 -5.5741988e-02
 -3.4488496e-01
  3.1056172e-01
  6.4856097e-02
  2.8194070e-01
 -4.7973001e-01
 -5.4411089e-01
  4.6421479e-02
 -8.6197510e-02
 -1.5819581e-01
 -2.0318940e-01
 -2.3966241e-01
 -1.0071369e-01
 -3.3122461e+00
  4.2658764e-01
  4.3128407e-01
 -3.0506830e+00
 -2.1912221e-02
  6.5555108e-01
  1.3311720e+00
  2.5721574e+00
 -2.2067223e+00
  8.3940496e+00
  4.7755426e-01
 -2.1567862e-01
 -2.3501773e+00
 -3.4649670e-01
  1.6072777e-01
  4.6046171e-01
 -9.5521277e-01
  7.4075800e-01
  1.0935436e+00
  2.7202346e+00
 -3.3723204e+00
  1.7638863e+00
  9.9462911e-02
  1.0838694e-01
 -6.3573923e+00
  7.0187819e-01
  1.5078459e+00
 -7.5278550e-01
 -1.0759081e+00
 -2.8547723e+00
  2.5636141e+00
  3.6413038e-01
  4.1073568e-02
 -8.7026298e-01
 -2.0747006e-01
 -1.9655498e+00
 -2.9355946e+00
 -5.9572071e-02
  1.9349586e-03
 -1.2260987e+00
 -1.5139753e-01
  1.1968374e-01
 -2.2098142e-01
  2.6069254e-01
  2.4604423e-02
 -4.4693723e-01
 -6.5867805e-01
 -7.6514096e-03
  1.2623483e+00
  1.6677392e+00
 -5.2690811e-02
 -1.5478919e+00
 -3.6033010e-01
 -5.4904187e-01
 -2.5221629e+00
 -2.0156829e-01
 -1.5739720e+00
 -1.2132051e+00
  3.4575753e+00
  2.5338495e+00
 -2.1411719e+00
 -1.2714089e+00
  2.3330602e-01
 -3.6591470e+00
  3.0572641e-01
  1.2037087e-03
  8.3249949e-02
  3.3036227e+00
 -6.6561133e-01
 -9.2124820e-02
  2.4113963e+00
  1.3628039e+00
  1.3542674e-01
 -2.8598268e+00
  1.5148543e-01
 -2.4130951e-01
  7.3215145e-01
 -1.5681887e+00
 -9.6768312e-02
  3.2191722e+00
  4.0104616e-01
 -3.3968043e+00
 -2.0374618e+00
 -1.9293666e-01
  1.2814047e+00
  1.8351191e+00
  1.4818393e+00
  6.2831002e-01
 -1.0318947e-02
 -4.0098625e-01
  1.3102654e+00
  6.1240826e-02
  5.5601507e-01
 -1.3004184e-01
  1.0172969e+00
 -4.0591545e+00
  4.9126972e-02
  1.8120675e-01
  1.3659512e-02
  1.8343335e-01
 -2.8398499e-01
 -4.7560877e-01
  2.4813344e+00
  2.5818186e+00
 -2.0831270e+00
  2.8665233e+00
 -4.1723051e+00
 -2.8479764e+00
 -2.2840764e-01
  9.2999774e-01
 -2.7570207e+00
 -8.3862764e-01
  6.8782979e-01
  1.9038901e-01
  8.6051570e-03
  2.6774984e-02
 -1.5583814e+00
  7.1746886e-02
 -7.1339810e-01
 -3.2651377e-01
 -3.9429796e-01
  9.1247395e-02
  1.7202274e+00
  6.1342996e-01
 -4.3311661e-01
  1.1323521e-01
 -7.6398410e-02
 -1.3852915e+00
 -7.3769897e-01
 -2.6258284e-01
 -2.2309744e-01
  7.3852664e-01
 -4.2517444e-01
  8.5355783e-01
  2.5284920e+00
  3.5455832e+00
 -2.7249995e-01
  5.6572562e-01
  1.4217896e+00
 -2.4727142e-01
 -1.3680565e-01
 -1.2464242e-02
  9.9224903e-02
  1.2340189e-01
  1.4298963e-02
 -2.2655648e-01
  6.4444369e-01
 -9.6021973e-02
 -4.0488631e-02
 -6.3125414e-01
  3.1162640e-01
 -2.0277100e-03
 -1.7219752e-01
  1.0190914e+00
 -2.2909610e-01
 -8.3284982e-02
  2.2042337e-01
 -4.0161319e-02
  1.9612224e-01
  1.1353148e+00
  8.2023501e-02
 -3.4212682e-01
  1.0107005e-01
 -4.6665259e-02
 -1.2833829e-01
  1.5337683e-01
  5.5856156e-01
 -2.9627869e+00
 -3.2353124e-01
 -4.3920930e-02
 -7.7008003e-01
  5.1640147e-01
  1.0196358e-02
 -2.3935039e-03
 -1.2211290e-01
  1.8847851e-01
 -9.7710796e-02
  2.0712585e+00
  4.0693858e-01
 -5.3534605e-02
  6.0697351e-02
 -5.3935921e-01
  5.4874974e-01
 -4.8824763e+00
 -1.2219267e-01
 -1.0999885e+00
 -2.7836102e-01
  3.4064734e-01
 -1.3702290e+00
 -5.0411902e-02
 -2.7231717e-01
  4.5794025e-02
 -2.0390835e+00
 -8.0065554e-01
  3.9956138e-01
 -3.0671239e-01
  3.6735797e-01
 -6.1305709e-02
 -1.7071658e-01
 -2.8827310e-01
  6.1883965e+00
 -7.6986596e-02
  2.4919491e-03
 -1.0767787e+00
 -9.5240258e-02
  4.1516441e-01
 -2.4412515e-02
  6.7696959e-01
  1.3099860e-02
  1.1319585e-01
 -3.5760090e-01
  2.9938137e-02
  2.5873369e-01
  2.0880741e-01
 -2.8536472e-01
  1.4628111e-01
  3.2656685e-01
 -7.5134516e-02
  5.0218880e-01
 -4.0324941e-01
 -1.2220888e+00
 -1.5571195e-01
 -5.1176357e-01
 -1.5747888e-01
 -4.7658285e-01
 -2.7018997e-01
  4.5376137e-01
 -3.6356661e-01
  1.1925526e+00
  1.2835518e-01
 -1.6477877e-01
  4.9940583e-01
 -1.3877571e-02
 -2.2000899e+00
 -1.3872278e-01
  1.3638158e-01
 -1.0584765e-01
  3.1397554e-01
 -8.9935291e-01
  2.3068415e-01
 -3.0449324e-03
  1.0857912e-01
  1.5766939e+00
  1.6489005e-01
  4.5564649e-01
 -4.3126159e+00
  3.7774161e-01
 -2.9413244e-02
 -2.4960198e-01
 -1.2273242e-01
  3.1227670e+00
  3.6069787e+00
 -1.7968853e-01
  2.6752007e-01
 -3.5528672e-01
 -6.3555259e-01
  7.0444489e-01
 -1.0308117e+00
  7.7060804e-02
 -1.5529155e+00
 -2.5954490e+00
 -1.3996776e+00
  2.1838750e-01
 -2.3144231e+00
  5.5219066e-01
 -3.5909000e-01
 -3.8336340e-01
  1.4927620e-01
 -3.1675646e-01
  8.6629748e-01
  1.0647773e+00
  5.4619628e-01
 -3.8836658e-02
 -6.5239167e-01
  1.2901653e+00
  1.0543053e+00
 -2.1790364e+00
 -9.1402167e-01
  2.6203372e+00
 -1.6600336e+00
  4.5620784e-02
 -2.0349112e+00
  9.7891229e-01
 -4.1466805e-01
  1.6704336e+00
 -3.9830554e+00
 -3.1354375e+00
 -1.1489516e+00
 -1.5843420e+00
  3.1732762e+00
  1.0092207e+00
  6.4525378e-01
 -1.1464588e-01
  2.6366812e-01
  7.7956611e-01
  6.2365901e-01
  9.5714191e-03
  1.8459713e-01
  3.1637529e-01
 -4.4753071e-02
 -2.2623649e-01
 -7.7168518e-01
  2.9193075e-02
 -3.3850440e-01
  2.0787140e-02
  4.5756984e-01
  3.1045666e-01
  5.9835225e-01
  6.1841333e-01
 -2.1121967e-01
  9.2817688e-01
  1.2906992e+00
  3.1280068e-01
  4.3522716e+00
  6.3034075e-01
  1.1047382e-01
 -1.2215219e-02
 -1.5373340e-01
  1.2097989e+00
 -1.9699486e-01
  4.3308759e+00
  2.7190492e+00
  8.1275543e-03
 -7.7152157e-01
  6.7242938e-01
  7.5827882e-02
 -1.1683185e-01
 -2.1177344e+00
 -2.7249447e-01
 -1.4444549e+00
 -1.0578635e+00
  8.5824512e-02
  9.7751662e-02
  8.1310468e-03
  7.3495813e-02
  6.1957661e-02
 -1.1672312e+00
 -2.0261259e+00
 -6.2654471e-01
 -1.2824528e-01
  2.5945239e+00
 -4.8340705e-01
 -1.7522328e-01
  5.1315660e+00
  1.8093662e-02
  1.5280786e-01
  2.3999508e-02
  2.9435122e-01
 -2.0576529e-01
  6.5693808e-01
  8.6968690e-02
 -5.5400848e-01
  9.2845187e-02
 -1.4954770e+00
  2.4875309e-02
  6.8579328e-01
  2.0699686e-01
 -1.5735367e-01
 -1.4129819e-01
  2.0346346e-01
  2.1909000e-02
 -1.4990822e+00
  4.2922230e+00
 -4.3254036e-01
  1.4190085e+00
  1.8267717e+00
  2.2249553e-01
  1.7835946e-01
 -2.6678547e-01
 -3.7182972e-02
 -1.8133945e+00
  1.7451763e-01
  3.4379572e-01
  5.3891383e-02
  5.7521451e-01
  1.7708184e-01
 -7.8445531e-02
  4.4546124e-01
 -3.0868796e-01
 -1.8129307e-01
  1.4876516e-01
 -7.9621382e-02
 -2.3464292e-01
  6.9604617e-01
 -6.7960516e-02
  1.4790368e+00
 -5.1837254e-01
 -3.1866449e-01
  7.5440016e-03
 -5.9318990e-01
  1.8172690e+00
 -2.0411382e+00
  5.6377006e-01
  3.4387097e-02
  9.8315075e-02
 -7.4601315e-02
  2.2206811e-02
  3.1186005e-01
 -5.4824498e-02
 -9.9840087e-01
  2.9524326e-02
 -3.0573091e-01
  2.5724180e+00
  4.6782020e-01
  8.0307388e-01
 -8.8879112e-03
  3.1744650e-01
  2.5002772e-02
  5.8328891e-01
 -3.2508328e+00
 -1.1061150e+00
 -1.2398932e+00
 -5.4993711e+00
 -2.5381129e+00
 -6.4628810e-01
 -3.3560508e-01
 -1.9408042e+00
 -2.5421149e-01
  3.2323616e+00
 -2.0894084e+00
 -1.7739622e-01
 -1.0942966e-01
  1.2158085e+00
 -4.1051522e-02
  5.9610780e-02
  1.0453961e+00
 -3.8139072e-01
 -1.2790222e-01
 -3.2074947e-02
 -1.7146434e+00
 -1.2028456e-01
 -1.8898492e+00
  1.8659502e+00
 -7.9866135e-01
 -3.0802816e-01
  6.4083850e-01
 -6.3429427e-01
  1.4600065e-01
 -3.3743894e+00
  4.8700461e+00
 -2.1010305e-01
  6.1005646e-01
  5.6646544e-01
  9.5873731e-01
 -9.6640354e-01
 -1.7946459e-01
 -1.3295425e-01
 -2.2059867e+00
 -6.2860809e-02
  7.6585039e-02
 -8.8482594e-01
  3.3493236e-02
  7.2762847e-01
 -1.6461828e-01
 -1.2273619e+00
  3.7979987e-01
 -1.7875059e+00
  1.0795726e-01
  1.0813777e+00
  1.2144892e+00
  6.9432759e-01
  1.0196121e+00
 -9.0354174e-01
  2.1631088e+00
 -8.8485889e-02
 -1.5632436e-01
  4.8824915e-01
 -2.6519829e-01
  9.8794810e-02
 -4.2162828e-02
 -9.1840589e-01
  2.8767169e-01
  1.6399622e-01
 -1.1840722e-02
  4.4016950e-03
  1.3750401e-01
  1.4977663e+00
  2.8351209e+00
  3.1225898e+00
  8.9481823e-02
 -4.3202144e-01
  1.5338172e-02
  3.4761414e-01
 -3.7728831e-02
  2.1574943e-01
 -8.3741772e-01
 -3.9957352e-02
  9.2306262e-01
 -1.9720304e+00
  2.3686697e+00
  2.5421396e-01
  1.5682606e+00
  9.9684261e-03
  6.3256043e-01
  1.2528729e+00
  2.0719774e-01
 -7.3985547e-01
 -2.2708805e+00
 -5.0556961e-02
 -2.6172230e-01
  6.6066105e-03
 -9.5684819e-02
 -4.0459114e-01
 -2.4724753e-01
  9.0607740e-02
 -3.2489380e-01
  2.0206268e+00
  4.3653179e-02
 -6.6239160e-01
  7.1471870e-02
 -2.9305529e-02
  7.4753714e-01
  8.0734022e-02
  2.8936008e-01
  1.4429497e+00
 -1.7074798e-01
  1.7968707e-01
 -8.2454167e-02
 -3.0536573e+00
  1.0105031e+00
  2.3699644e-01
  5.7395327e-01
 -4.5081517e-01
 -1.0089599e+00
  1.7750086e-01
 -3.8256543e+00
 -2.7638953e-02
  3.5966742e-01
 -4.5903569e-01
 -9.7257897e-02
 -1.2119634e-01
 -3.7891522e-01
  3.2872704e-01
 -4.2674784e-02
  5.3247792e-01
 -1.4792280e-01
  3.4392521e-02
 -9.6348739e-01
 -1.7101847e-01
 -8.7875700e-01
 -1.3245103e-01
  1.7196978e+00
 -6.6916442e-01
  2.1101923e-01
  7.1321946e-01
  3.2949239e-01
  7.0575960e-02
 -3.7926799e-01
  5.3575766e-01
  2.6466790e-01
 -8.4969075e-03
  1.2035240e-01
  2.4662998e+00
  2.3569167e-02
 -9.1679081e-02
 -5.0693661e-02
  3.2961275e-02
  2.9343218e-01
  9.0156001e-01
 -1.7698096e-01
 -2.0336889e-01
 -3.9916012e-01
  3.1576972e+00
  3.6964506e-01
 -3.4969109e-01
 -1.4407496e+00
  1.0409534e+00
  3.3819225e+00
 -2.5518939e-01
  9.3938828e-01
  1.9548741e-01
  2.0058068e-02
 -8.5313674e-03
 -7.0101880e-02
 -4.3227598e-01
  2.8856874e-02
  5.8907491e-01
  6.7080580e-02
  4.4494343e+00
 -8.3349878e-01
  2.4363023e-01
  2.6596999e+00
 -8.4011070e-03
  3.0659217e-01
  1.3286827e+00
 -4.6062741e-01
  7.3135696e-02
  1.2767556e+00
 -1.0439672e-01
 -2.0252731e+00
  2.8482792e-01
 -2.1012545e+00
 -5.5129480e-01
  6.2588835e-01
  1.2753031e-01
 -1.2445183e+00
 -2.1652269e+00
  2.0263045e-01
 -1.1933343e-01
 -1.2616117e+00
 -3.9194536e-01
  7.3699251e-02
 -2.6411712e-01
  2.9667549e+00
  1.5244201e-01
 -8.4413067e-02
 -3.0100441e-01
  6.7405529e-02
  6.5078187e-01
  8.6012608e-01
  6.7318732e-01
 -6.4713335e-01
  1.0309403e+00
 -4.6507560e-02
 -1.4487019e-01
 -1.1498074e-01
  2.1304360e-01
 -2.9964599e-01
  2.1056649e-01
 -6.8976700e-01
 -6.0881462e-02
 -2.4779847e-01
 -3.6146125e-01
 -1.3404484e-01
 -4.2779705e-01
  5.3098428e-01
 -3.6325443e-01
  4.2326653e-01
 -4.2545681e+00
 -6.9211227e-01
  2.1311851e-02
  6.2053524e-02
  7.6489650e-02
 -9.6692073e-01
 -4.6464976e-02
  3.2036045e-01
  1.0334458e-01
  2.6743189e-01
  3.6995828e-01
 -2.9180643e-01
 -4.4574138e-02
  1.2422634e+00
 -4.2036724e-01
 -2.9590266e-02
 -9.9881932e-02
 -4.0669888e-01
  1.5330940e-01
  7.5076766e-02
  7.4580526e-01
 -1.9976093e-01
  2.8962275e-01
 -7.3245555e-01
 -2.2571120e-02
  8.7232225e-02
 -6.9788831e-01
 -8.4615573e-02
 -5.3376710e-01
  1.4030173e-01
 -5.7892835e-01
 -1.1420460e-01
 -1.6379227e-01
 -9.5975086e-02
  9.8093964e-02
  6.4176738e-02
  1.6847239e+00
 -2.5829475e+00
  2.9051721e-01
  1.4186575e+00
 -7.1967012e-01
 -9.5747370e-01
  4.4464424e-02
  7.9619044e-01
  9.7233817e-02
  7.9841673e-02
  6.1342545e-02
 -1.3478418e-01
  2.8242901e-01
 -1.2719600e+00
 -5.2046847e-01
  4.9147019e-01
  1.6304003e-01
  4.4504693e-01
  9.2204767e-01
 -9.2374071e-02
 -1.9614407e-01
 -3.8475618e-01
 -4.4986570e-01
 -1.4465353e+00
  5.3798544e-01
 -2.2722106e-01
  3.5698762e+00
 -2.9837220e+00
  1.1583066e-01
  4.0701382e-02
 -6.3820463e-01
  7.7253900e-02
 -1.3096939e-01
 -9.8621970e-01
 -1.6980299e+00
 -4.5223970e-02
  2.2745763e-01
 -1.3257802e-01
  1.6485050e-01
  1.0673303e-01
 -9.3679464e-01
  2.8933072e-01
  1.4698011e-01
 -3.9024112e-01
  3.4636328e-01
  3.7520096e-01
 -1.6992477e+00
  6.3589789e-02
  7.0227139e-02
  6.6555858e-02
 -7.5318110e-01
 -1.3546159e+00
 -4.5394979e-02
 -8.2916486e-01
  5.6661148e-02
  3.1629875e-01
 -4.9726203e-02
  4.4425318e-01
  9.8400600e-02
  5.5109090e-01
  3.7324306e-02
  6.9689280e-01
  2.9885364e-01
  1.6136272e-02
  5.9345555e-01
 -1.2033036e+00
 -6.3342297e-01
 -2.0563482e-01
  4.5929767e-02
  2.4530051e+00
 -1.9430382e-03
  1.1240243e+00
  7.1000964e-03
  1.7899927e+00
 -2.3414351e-01
  1.0281961e+00
  1.0432210e-01
 -1.4072996e-01
  1.2103716e+00
  7.5945801e-01
 -8.4066111e-01
  4.5224957e+00
  1.2499362e+00
 -1.4476040e-01
 -1.2154280e+00
 -2.2001402e+00
  3.5972226e+00
 -2.2283785e-01
 -1.9990060e+00
  6.2721699e-01
 -1.3786438e-01
 -6.2599190e-02
  4.1137835e-01
  3.9741334e-02
 -2.2871302e-01
 -7.5100261e-01
  1.1752310e+00
  4.6950713e-01
 -6.8220466e-02
 -7.8733116e-02
 -3.2798998e+00
 -3.4319544e+00
  4.6005020e+00
 -2.8269758e+00
 -3.4491259e-01
  3.6988363e+00
  2.4030595e-01
  1.2540371e+00
  4.7703024e-02
  1.9468859e+00
  2.6487074e+00
  5.3921703e-02
  3.8974440e-01
  2.6251000e-01
  1.7900205e-01
 -1.0547587e-01
  5.0086886e-01
  2.7259651e-01
 -3.2935987e+00
 -7.0753738e-02
  1.5186724e-01
  2.5271902e+00
 -5.3898853e-01
 -2.1157922e-02
  3.1251660e-01
 -4.8498154e-01
 -1.4858917e-02
 -2.7159446e-01
 -1.3801330e-01
  1.4256103e+00
  7.1002418e-01
 -2.1749660e-02
 -5.8554298e-01
 -1.3787062e+00
  8.5936978e-02
  1.4337862e-01
  4.4643021e-01
  4.2581216e-02
 -2.5744499e-03
  1.5572301e-02
  3.0860785e-01
  6.0714960e-01
 -5.0759646e-03
 -1.8586618e+00
  1.9787546e-01
 -4.6657291e-01
  4.6732241e-01
  4.2655334e-01
  6.1300348e-02
 -2.6569003e-01
 -2.0896481e-01
  7.2059140e-02
  2.3278904e-01
 -1.7186843e-02
 -5.1201697e-02
  1.1680432e-01
 -6.7188114e-01
  2.8351614e-02
  6.0282545e-03
  1.6606818e-01
  3.3889337e+00
 -1.1429706e+00
  1.9009531e+00
  3.5881457e-01
 -3.6928955e-01
 -4.0893307e-01
  1.7274645e-01
  9.1307364e-02
  1.4398216e-01
  7.7798796e-01
 -2.2117859e-02
 -1.7241028e-01
  8.2647187e-01
 -8.2497835e-02
  4.9553606e-01
 -4.8583794e-01
  3.7111747e-01
 -2.1526134e-01
  1.1173370e+00
 -1.9110571e-01
  2.1813159e-01
 -1.2431525e-01
  8.5688800e-01
  1.0939832e-02
  2.9295802e-01
  2.7596648e+00
  3.4201310e+00
  7.7357791e-02
  2.7642584e-01
  2.2629967e-03
 -2.5103331e-01
 -1.0293154e-01
  2.1682313e-01
  1.9712753e+00
 -7.7110839e-01
  3.6841998e-01
  4.3199480e-01
  3.3439094e-01
 -7.4539632e-01
  6.4432663e-01
 -1.3337131e+00
 -1.2487625e-01
 -2.1874015e+00
 -1.6171776e+00
  1.1093391e+00
 -2.0962205e+00
  5.0443161e-01
  6.5594822e-01
 -3.2719192e-01
  2.0108402e+00
  2.0374305e+00
  5.6008816e-01
  1.2763448e+00
  1.4842381e+00
 -2.1847088e+00
  1.8124430e+00
 -1.1398883e+00
  7.9765856e-01
  2.5715446e+00
  1.4326928e+00
  7.9450816e-01
 -4.5924798e-01
  2.2174823e+00
  1.2415364e+00
  4.2978537e-01
 -2.0010457e+00
  2.9933016e+00
 -1.3247017e+00
 -5.6128657e-01
  1.7881838e+00
  1.0203174e+00
 -1.9493148e+00
  2.3763700e+00
 -2.0525446e+00
  3.8331243e-01
 -2.5955863e+00
 -6.1126912e-01
  2.1995347e+00
  1.7640664e-01
  5.1039104e+00
  9.5451623e-01
 -2.1220553e+00
  5.5298370e-01
 -1.4673184e+00
  2.9506946e+00
 -9.2474228e-01
  1.8899543e+00
  2.2750413e+00
 -1.6796340e+00
  2.4280453e+00
 -1.9605225e+00
  2.3471236e-01
  1.8673502e+00
  1.8807366e+00
 -2.4509633e+00
  1.0190118e-02
  1.2849448e+00
 -2.8104663e+00
  1.9131931e+00
  1.8343004e+00
 -9.3454486e-01
  1.4815433e-01
  1.0684867e+00
 -2.3184557e+00
  1.3551511e-01
  1.2212768e+00
 -1.7234296e+00
 -1.2286925e+00
  1.1420090e+00
 -3.3651488e+00
  9.2868221e-01
  3.9399490e-01
 -7.7485102e-01
  1.8331150e+00
  1.6782744e+00
 -1.3340899e+00
 -1.5779693e+00
 -2.8973496e+00
 -1.0557178e+00
  1.1051004e+00
 -1.3498749e+00
 -4.5652384e-01
 -2.8621346e-01
 -1.3530360e+00
  1.0483413e+00
  7.3892599e-01
  9.2700648e-01
 -1.6594760e+00
  1.0073051e+00
  1.8165215e+00
  8.4596419e-01
  1.2194047e+00
  1.7988135e+00
  2.7359698e+00
 -1.3341848e+00
 -2.5082347e+00
  1.9976212e+00
 -7.7289635e-01
 -2.9265239e+00
  7.9181379e-01
  1.8558151e+00
  3.6370306e+00
 -1.5664241e+00
 -2.3114754e-01
 -6.1389822e-01
  1.7452366e+00
  8.6610503e-02
  1.7258016e+00
 -1.5848219e+00
 -3.0302818e+00
  3.4815323e-02
 -4.3116748e-02
  8.6524451e-01
  1.5672429e+00
 -2.9774375e+00
 -9.6932417e-01
 -2.9540560e+00
  5.3400171e-01
  1.7367224e+00
 -1.0520755e-01
 -1.8469217e-01
  8.6299407e-01
  2.2898264e+00
  1.2781609e+00
  7.7816790e-01
  8.9078128e-01
  2.2581897e+00
 -1.0707048e+00
 -1.0603999e+00
  7.4290073e-01
 -2.0834893e-01
  9.9037153e-01
  4.0697041e-01
 -5.8074646e+00
  1.4073195e+00
 -3.7009594e+00
  2.0695298e+00
  5.6396766e+00
 -1.4069269e+00
 -1.7971499e+00
  1.4497300e+00
 -4.1758103e+00
 -1.3879578e+00
 -1.2720325e+00
  1.2189564e+00
  1.7481689e-01
  1.7892461e+00
  1.8505352e+00
 -3.6094508e-01
  2.8461285e+00
  5.8871746e-01
  2.4119477e+00
 -3.9929309e+00
 -1.8058878e+00
  1.3367448e+00
  1.1805291e+00
 -9.5328408e-01
  7.6508534e-01
  1.0623257e+00
 -1.1842111e+00
 -2.2825904e+00
  7.2324616e-01
  3.3523470e-01
  1.6948632e+00
 -1.2414002e+00
  2.1499348e+00
 -2.7294557e+00
 -5.1938277e-02
 -6.6897690e-01
 -4.5547113e+00
 -1.8512052e+00
 -1.2008991e+00
 -6.3844478e-01
 -2.0550094e+00
  1.9500835e+00
 -3.1602476e+00
  2.1373515e+00
 -3.6795437e-02
  6.6475111e-01
  6.0706443e-01
 -6.9935632e-01
  2.5468521e+00
  1.0266367e+00
  6.8101984e-01
  6.5145822e+00
 -1.0894041e+00
 -1.1319323e+00
 -2.7795954e+00
  4.3162099e-01
 -4.9251756e-01
 -1.1041972e-01
  3.1700890e+00
  2.4258051e+00
  1.1881891e+00
  1.9861029e+00
 -1.6685275e+00
  2.1260421e+00
  3.9568430e-01
 -9.5237714e-01
 -2.9126668e-01
  1.7725880e+00
  4.0956888e+00
  1.2265254e+00
 -5.1705837e+01
  1.8607782e+00
 -2.0697315e+00
 -3.4979343e+00
  2.1250145e+00
 -1.9218520e+00
  2.6353955e+00
  3.2467833e-01
  1.1932509e+00
  1.8590574e+00
  7.8728139e-01
 -2.3506889e-01
  2.1849341e+00
  2.3904312e+00
 -2.1370392e+00
 -4.0863953e+00
  1.2016132e+00
 -9.7308449e-02
 -3.3066037e+00
  5.3769761e-01
 -3.2173378e+00
  5.0220809e+00
 -1.8538406e+00
  2.6314062e-01
 -1.2214985e+00
  1.4929689e+00
 -1.2345993e-01
 -4.6408314e-01
 -3.6745925e+00
  1.8877131e-01
  5.7452588e+00
 -1.1443059e+00
 -1.9683375e+00
  2.8778601e+00
 -1.7772276e+00
  6.3084686e-01
 -4.8114533e+00
 -2.5240951e+00
  7.9672086e-01
 -2.1884274e+00
  5.3520989e+00
 -2.0954666e+00
  9.8723668e-01
 -4.2283958e-01
  5.6689725e+00
 -4.7804799e+00
  1.3375236e-01
  5.4296975e+00
  3.5916516e-01
  6.6429412e-01
  1.1976843e+00
  3.1778405e+00
  1.3356543e+00
 -2.4446752e+00
 -6.7170292e-02
 -2.8977099e-01
 -1.6241976e+00
 -1.9945353e-01
  9.1571802e-01
  1.7504039e-01
 -4.3578258e+00
  3.1194224e+00
 -3.0536833e-01
 -5.8448653e+00
  9.5331830e-01
 -4.5277640e-01
  7.6219994e-01
  3.6438882e+00
 -1.9536246e-01
 -2.1541655e+00
  1.9128183e+00
  1.4168936e+00
 -1.0890845e+00
  2.2957036e-02
  5.4974782e-01
 -1.6287016e+00
 -3.6350574e+00
  2.8467815e+00
 -1.7589002e+00
  3.4593971e+00
  2.1288912e+00
 -1.1853960e+00
 -7.5608484e-02
  1.7240124e+00
  9.1993608e-02
  1.0739796e+00
  2.3939188e+00
 -6.4507312e-01
  3.3421059e+00
 -1.6359414e+00
  3.1230953e+00
 -2.4745541e+00
  8.3217996e-01
 -1.5546753e+00
  2.0303221e+00
  1.1833938e+00
  1.5298222e-02
  2.1840014e-01
 -1.5781224e+00
  1.9276978e+00
 -1.1932902e+00
  7.5299513e-01
  2.6261008e+00
 -2.1031964e+00
  6.7069912e-01
 -3.4530010e+00
  3.1164024e+00
 -3.0113206e+00
  9.8395228e-01
 -2.2032509e+00
  3.7806176e-02
 -3.4813769e+00
  7.5867939e-01
 -1.7140914e+00
 -6.6601129e+00
 -3.9097971e-01
 -2.9374206e+00
 -4.7954283e+00
 -5.2686357e-01
  2.8864911e+00
  4.4902578e-01
 -2.0964622e+00
  3.4554820e+00
 -4.2081928e+00
 -2.7822542e+00
  9.1131872e-01
  5.5554032e+00
  3.3926606e+00
 -2.0518313e-01
 -3.0656633e+00
  8.4794921e-01
  3.5585608e+00
  9.4847387e-01
 -3.3694711e+00
 -8.9232123e-01
 -1.5178763e+00
 -1.4192091e-01
 -4.6957273e+00
  3.9660404e+00
  3.5822067e-01
 -2.4210050e+00
 -8.1769419e-01
 -2.4402803e-01
  4.6348640e-01
 -1.4597406e+00
  5.4479897e-01
 -5.0569000e+00
 -6.6903090e-01
 -9.7888505e-01
 -3.4319170e+00
  1.2716976e+00
 -1.3831680e+00
 -2.9324102e-01
 -1.9393647e+00
 -1.2253336e+00
  8.8788873e-01
 -1.4634774e+00
  1.4227753e+00
  4.6710086e+00
  5.0475645e+00
  3.0999582e+00
  7.3856705e-01
  6.3093190e+00
 -3.1267705e+00
  6.3662660e-01
  3.1787810e+00
 -3.9860077e+00
  9.4729608e-01
  1.4307051e+00
 -1.5358362e+00
  3.8781288e+00
  2.1068947e+00
 -1.9654645e+00
 -2.6917722e+00
  6.6364470e+00
 -3.7768167e-01
 -2.8846204e+00
  1.7157737e+00
 -2.5573776e+00
 -3.3290596e+00
 -6.5889937e-01
  4.2470273e-01
 -4.2849636e+00
 -2.1602607e+00
  1.6485503e+00
  8.1014745e-02
  3.5555691e-01
 -8.0246603e-01
  6.2604275e+00
  5.2009159e-01
  2.0546038e+00
 -2.8093934e+00
 -1.4080015e+00
  1.0806167e+00
 -3.7538254e+00
 -5.8429346e+00
  2.3494504e-01
 -3.2955995e+00
  5.5422787e-02
  1.9400866e+00
 -4.6356020e+00
 -1.2809207e+00
  7.8341532e-01
 -2.4620712e-01
  2.8167312e+00
 -1.5784050e+00
  2.4166577e+00
 -4.1321063e-01
 -1.9658530e-01
  3.1506519e+00
 -5.0956554e+00
 -2.6677430e+00
 -3.7664156e+00
  1.8293613e+00
  5.9598961e+00
 -2.2194642e-01
 -4.1537724e+00
  1.7064188e+00
 -2.9884429e+00
  5.3444829e+00
  1.0977750e+00
 -7.0642829e-02
 -2.4255238e+00
 -2.4224229e+00
 -3.6181040e+00
 -1.4229699e+00
  7.9512262e-01
  4.6710673e-01
 -8.8208264e-01
 -5.8544648e-01
 -1.1668142e-01
 -2.9823625e+00
 -1.7529430e+00
  4.9273891e+00
 -2.5991924e+00
  1.7569262e+00
 -1.5334886e-01
 -2.1890213e+00
  4.3321171e+00
 -4.0731721e-02
 -4.2959208e+00
  3.5456531e+00
 -1.0492640e+00
 -1.6236249e+00
  5.3307378e-01
  2.1477003e+00
  1.7097554e-01
 -3.3843124e+00
  1.1100799e+00
  3.7969902e+00
 -2.0084684e+00
  5.1716924e-01
  1.4622806e+00
 -1.3708509e+00
  1.7038707e-01
  4.0097957e+00
 -2.9483738e+00
 -1.1884983e-02
 -1.3035709e+00
 -5.6814864e-02
  3.7268324e+00
  1.2115470e+00
 -1.2043427e+00
  1.2137629e+00
  2.0654249e+00
  3.3992751e+00
 -4.3326133e-01
  1.1532469e+00
 -5.9059672e+00
 -5.2108562e-01
  3.0362089e+00
 -1.6937011e+00
  3.1796893e-01
  1.4136065e+00
  2.3823040e+00
 -2.4337375e+00
 -2.0931283e-01
  1.1999176e+00
  1.3214441e-01
  4.4893432e-01
  1.9625303e-01
 -5.0845747e+00
  1.9937063e+00
  3.4606460e-01
  2.1096482e+00
 -3.0785267e+00
  2.6949387e+00
  1.3189543e+00
 -1.0572592e+00
  3.8144729e+00
 -4.4817424e-01
 -7.0656854e-01
 -3.7192695e+00
  4.2576451e+00
  1.3978904e+00
  2.1032121e+00
  3.1155992e-01
  3.1942949e-01
 -1.2293459e+00
 -1.5734795e+00
  3.9051955e+00
 -7.3239908e-02
  6.8099612e-01
  3.7664406e-02
  7.8398925e-01
  1.0987591e+00
 -1.7633278e+00
  1.8477598e+00
 -4.7482258e-01
 -3.8880953e-01
 -3.0563917e+00
 -6.9411683e-01
  9.8248500e-01
  6.5768826e-01
  7.9480487e-01
 -2.4328101e+00
  1.2803136e+00
  1.2489939e-01
  5.4744468e+00
  3.1847453e+00
 -5.0175834e+00
 -2.6312432e+00
 -1.4231057e+00
 -3.3068290e+00
 -6.5417582e-01
 -6.1302215e-02
  4.8508358e+00
 -3.4712625e+00
  3.7329266e+00
  3.1653383e-01
  5.4898076e+00
 -1.1220294e+00
  1.5213184e+00
 -1.9400942e+00
 -7.0741767e-01
 -1.7671386e+00
 -2.4052882e+00
  9.4480354e-01
  9.1736144e-01
  6.2452513e-01
  2.6001379e+00
 -1.1908494e+00
  2.7179188e-01
  3.2289000e+00
  2.0302770e+00
  1.5823857e-01
 -2.8209925e+00
 -2.2826152e-01
 -1.2489363e+00
 -4.1957173e+00
  1.5297016e+00
  3.0330169e+00
  6.1679208e-01
  1.0690500e+00
 -1.1748182e+00
 -4.6454003e-01
  1.7529705e-01
  1.7309960e+00
 -8.2237673e-01
 -1.1974626e+00
  1.4450632e+00
  6.5721381e-01
 -1.3950015e+00
  2.4215610e-01
  1.4992659e+00
 -2.1210830e+00
  2.2504838e+00
 -1.9729121e+00
 -7.9501277e-01
 -1.4453644e+00
  3.6619580e+00
  1.2032096e+00
 -9.2487115e-01
  2.9305477e+00
  3.4418026e-01
  1.3140022e+00
 -4.2010999e+00
  1.4283015e+00
  5.0111451e+00
 -4.1705489e+00
 -1.3404355e+00
 -3.9290817e+00
  4.9973421e+00
  1.0067171e+00
  1.2496732e+00
  1.1769954e+00
 -1.9024457e+00
  1.9364320e+00
 -1.0876739e+00
  5.7089800e-01
 -2.4152040e+00
 -7.9752010e-01
 -3.0466444e+00
 -1.4405437e+00
  3.1894569e+00
 -2.9083974e+00
 -2.4876499e+00
 -3.1388056e-02
  1.4483768e+00
  3.9889717e+00
 -1.2899116e+00
  1.3889834e+00
  3.2504096e+00
  2.8757555e+00
  3.6504343e+00
 -7.1199399e-01
  5.9393579e-01
 -5.2692032e-01
 -7.8469384e-01
 -4.3024239e-01
 -5.0768447e-01
  2.1534638e+00
 -3.6781268e+00
 -1.4001822e+00
  6.4282137e-01
  3.4096830e+00
 -6.6580516e-01
 -3.1599240e+00
  2.3971031e+00
  3.1336899e+00
  1.8406466e+00
  6.6151577e-01
  5.6266499e+00
 -2.2293291e+00
  2.6108577e+00
  2.5420003e+00
 -3.6381681e+00
 -4.5343189e+00
  1.4244418e-01
 -4.4721107e+00
  5.2444285e-01
 -1.7391641e+00
  5.1499882e+00
  9.6690083e-01
  5.8060855e-01
 -2.8159907e+00
 -2.4815865e+00
  4.3880568e+00
  5.1120467e+00
 -2.2243607e+00
  1.0985475e+00
 -2.8874359e+00
  9.1402149e-01
 -2.2383943e-01
  2.1429186e+00
  3.1799932e+00
  1.4069721e+00
 -2.5000415e+00
  2.0499282e+00
  2.4407859e+00
 -5.5596346e-01
 -2.4184713e-01
  4.3127317e+00
  1.0053370e-01
  3.1881663e-01
 -3.2933870e-01
  2.4669166e+00
 -1.1868356e+00
 -3.4290106e+00
 -1.0659748e+00
  2.1956630e-02
 -5.0782800e-01
 -1.5106063e+00
  2.2256444e+00
  1.5682672e+00
  1.4664828e+00
 -1.2385184e+00
 -1.9582365e-01
  3.7510941e+00
 -7.9614598e-01
 -3.7527809e-01
  2.0962673e-01
  2.0037465e+00
 -1.4689484e+00
 -1.9337282e+00
 -2.6538136e+00
  2.7934086e+00
  2.4629037e+00
 -3.5271482e+00
  2.7880838e+00
 -6.2080139e-01
  1.1811662e+00
  2.0036245e-02
 -7.6362252e-01
 -1.8493968e+00
 -1.9896886e+00
 -5.3847158e-01
  9.8942411e-01
  3.6947093e+00
 -3.0813155e+00
  2.6366556e+00
 -1.9963816e+00
 -3.7066469e-03
 -7.3162645e-01
  1.1373297e-01
  4.1547745e-01
 -5.3583014e-01
  8.2193249e-01
  9.6800262e-01
  1.5390139e+00
 -6.1448902e-01
  1.6822417e+00
  2.8658804e-01
 -1.0380440e+00
  3.2152257e+00
  5.4885340e-01
  8.7569284e-01
 -1.9359233e+00
  3.5533762e+00
 -4.5336157e-01
 -1.1577177e+00
 -5.9536248e-01
 -3.8403061e-01
 -2.7798706e-01
 -1.4562026e+00
  1.5477146e+00
 -1.0960246e+00
  1.5436754e+00
 -1.4795827e+00
 -2.4628248e+00
 -3.5271993e+00
 -2.6190495e+00
  2.8691885e-01
  3.7523192e-01
  1.1363111e+00
  1.7231648e+00
  2.7625629e-01
  4.9693793e-01
  5.9056950e-01
 -5.9542322e-01
 -3.6950531e+00
  2.9028571e-01
 -2.5007532e+00
  2.8684907e+00
  4.2801228e+00
  8.3385849e-01
  2.9798460e-01
 -2.8040617e+00
  1.6471949e+00
 -2.7688255e+00
 -6.3004571e-01
 -1.1710895e+00
  3.3550630e+00
 -3.4584117e+00
  1.3834007e+00
 -1.5556169e+00
 -8.2466239e-01
 -3.6496880e+00
  1.8173198e+00
  1.0751084e+00
  7.4428553e-03
  2.0999548e+00
  1.8642455e-01
 -2.3757133e+00
 -3.1123140e-01
  3.0023556e+00
 -2.6819534e+00
 -9.4255656e-01
 -4.7799167e-01
 -2.1217597e+00
  1.3661070e+00
 -1.3013051e+00
 -3.3467360e+00
  3.6839674e+00
  4.3593717e-01
  1.7805954e+00
  2.3345835e+00
 -1.0962853e+00
 -1.6399682e+00
  3.5737889e+00
  1.6094048e+00
  9.4065166e-01
 -7.6600939e-01
 -5.4621470e-01
 -4.1283822e+00
 -1.3816918e+00
  6.2053089e+00
 -2.0044851e+00
 -1.8757654e+00
  7.6540852e-01
  1.1082581e+00
 -1.2889819e+00
  2.6004404e-01
 -5.5576313e-01
 -3.6556377e+00
  1.2991246e-02
  1.3215317e-01
  1.8948654e+00
 -1.5336365e+00
  7.5084716e-01
 -2.6791090e-01
  1.8175635e+00
  2.9496555e+00
 -4.6059909e-01
 -1.4163312e+00
  1.8826469e+00
  8.5272139e-01
 -5.4724488e-02
  1.5307641e+00
  3.6219113e-02
 -3.9141133e-01
 -1.7659987e+00
 -5.3059214e-01
  9.1602457e-01
 -1.4542099e+00
 -2.7830420e+00
 -1.2477289e+00
 -2.9770172e+00
  2.5908971e+00
  3.2717314e+00
  6.0650506e+00
  1.3215408e+00
  1.5112025e+00
  1.2351978e+00
 -7.5606239e-01
 -2.3540709e+00
 -5.9681954e+00
 -2.7900276e+00
 -3.7943382e+00
 -4.8602432e-01
 -3.0006902e+00
 -6.2501453e-02
 -1.0161802e+00
  9.4037092e-01
  4.2900234e-01
  1.1115255e+00
  3.0345628e-01
  2.6144257e+00
  6.6629052e-02
  8.7934542e-01
 -3.1847045e-01
  7.1672797e-01
  1.2454505e+00
 -5.7012802e-01
 -1.1640043e+00
  1.2415370e-01
  3.1637824e-01
 -7.4138576e-01
 -6.1739242e-01
  6.5773153e-01
 -7.1497601e-01
 -1.6228843e-01
 -1.1276737e-02
  1.3296143e+00
 -7.4845779e-01
 -1.3576702e+00
 -2.3330685e-01
  8.2034236e-01
 -1.9680775e+00
  6.4981204e-01
  1.3452770e+00
  5.4171481e+00
 -4.3928900e+00
  3.1580300e+00
  6.9324553e-02
  2.4232158e-01
  1.5000477e-01
  8.4186679e-01
  3.4478873e-01
  4.1672203e-01
  3.9027979e+00
 -8.7241346e-01
  1.3399558e+00
 -1.4893659e+00
  5.6528264e-01
  1.3413025e-01
  2.5491929e+00
 -1.8964691e+00
 -1.0159943e+00
 -1.7315594e+00
  1.1505926e+00
 -9.9560529e-01
  4.3887892e-01
 -3.7363651e+00
  3.6295447e-01
  1.0129811e+00
  1.8889948e+00
 -1.3912972e+00
 -8.7559208e-02
 -2.5338993e+00
  1.4333984e+00
  3.9617348e-02
 -3.3148852e-01
  3.2676521e-01
  1.9950746e+00
 -2.8730193e-01
 -3.5079038e-01
 -1.4222893e+00
  8.5745442e-01
 -1.5733560e+00
 -2.5097439e+00
 -5.2107692e+00
  2.1103537e+00
  1.9685701e+00
 -3.2410233e+00
  3.2556045e+00
  9.3912959e-01
  8.6041927e-01
  2.8215439e+00
 -2.3054056e+00
  2.1965714e+00
 -2.2264078e+00
 -1.0916202e+00
  2.7903686e+00
  2.7338201e-01
 -5.3718185e-01
 -9.4834216e-02
  5.5556765e+00
 -2.0518622e+00
 -1.9811378e+00
 -4.9475509e-01
  2.9196377e+00
  2.1591108e+00
 -4.0082006e+00
  6.0172188e-01
 -2.2376041e-01
  4.6345596e+00
 -2.3574593e+00
 -3.1864438e-02
 -1.4592735e-01
 -8.5040748e-01
  1.2826307e+00
 -7.5239080e-01
  1.1330158e+00
 -3.1290014e+00
  1.8434666e+00
 -2.2921084e-01
  1.9477185e+00
 -2.3414919e+00
  1.6080015e+00
  3.6659818e-02
  5.4754335e-01
 -1.0254858e+00
 -3.0793000e-02
 -5.2048758e-02
  1.4184572e+00
 -2.0875149e+00
 -9.8291934e-01
  1.2113255e+00
  3.8347492e-01
  1.8872907e+00
  3.9630456e+00
 -2.7225986e+00
 -3.4646383e-01
 -5.6443727e-01
 -2.2866313e+00
 -1.5917772e+00
 -1.3178301e+00
  2.9254377e+00
  7.9917830e-01
 -1.3292813e+00
 -1.5641204e+00
 -2.9953304e-01
 -2.5576673e+00
 -1.9314312e+00
 -1.3581957e-01
  9.7435558e-01
 -3.1330204e+00
  2.1048894e+00
  9.9236447e-01
  4.6796703e+00
 -9.6071035e-01
  2.7913964e+00
  2.5938788e-01
 -7.4931449e-01
  1.4017148e+00
  1.8736545e+00
  2.4488111e+00
  7.9431671e-01
  2.1892557e-01
  1.5203422e+00
  1.3383818e+00
  6.9305116e-01
 -4.2864315e-02
 -2.5046107e-03
  1.2817336e+00
 -4.5016217e-01
  1.8338743e-03
  1.8338743e-03
  1.8338743e-03
  1.8338743e-03
  1.8338743e-03
  1.8338743e-03
  1.8338743e-03
  1.8338743e-03
  1.8338743e-03
  3.5708311e-03
  3.5708311e-03
  3.5708311e-03
  3.5708311e-03
  3.5708311e-03
  3.5708311e-03
  3.5708311e-03
  6.2058666e-03
  6.2058666e-03
  6.2058666e-03
  6.2058666e-03
  6.2058666e-03
  6.2058666e-03
  6.2058666e-03
  5.5716210e-03
  5.5716210e-03
  5.5716210e-03
  5.5716210e-03
  5.5716210e-03
  5.5716210e-03
  5.5716210e-03
  3.7785852e-03
  3.7785852e-03
  3.7785852e-03
  3.7785852e-03
  3.7785852e-03
  3.7785852e-03
  3.7785852e-03
  1.2551631e-03
  1.2551631e-03
  1.2551631e-03
  1.2551631e-03
  1.2551631e-03
  1.2551631e-03
  1.2551631e-03
  2.7323222e-05
  2.7323222e-05
  2.7323222e-05
  2.7323222e-05
  2.7323222e-05
  2.7323222e-05
  2.7323222e-05
