nep4_zbl 2 O Ga 
zbl 1 2
cutoff 6 4 418 127
n_max 8 6
basis_size 12 10
l_max 4 2 1
ANN 100 0
  1.4354967e+00
  8.4770106e-02
  4.1543150e+00
  4.0303197e-02
  9.8033190e-01
 -1.9786303e+00
  3.2574467e-02
  1.5935105e-01
  1.1256883e+00
 -2.0388754e-03
  3.2338494e-01
  2.0379306e-01
 -1.5758441e-01
 -7.3880986e-03
 -1.8662455e-02
  6.0997393e-02
  3.7013805e-03
  1.6152595e-01
  2.3075049e-01
  9.8979063e-02
 -9.7518815e-03
  6.9528274e-02
  1.3266457e+00
 -7.1667917e-02
  2.6417525e+00
 -1.3231884e+00
 -7.5580599e-04
 -1.9421413e+00
 -2.0205191e-01
 -5.9916863e+00
  2.6750214e+00
  1.0762580e-01
  8.8560373e-01
 -2.8033736e-01
  1.5583137e+00
  1.4812708e-02
 -2.6216192e+00
 -6.2096991e-02
  4.1167860e-04
  1.4366345e+00
  1.1245313e-01
  8.5877113e-02
  9.7082280e-02
 -1.5289678e-01
 -9.2784017e-02
  4.7980586e-01
 -2.1474466e-01
 -4.8704840e-02
  9.6503859e-03
  2.7905364e-02
  5.7841100e-02
 -6.2313199e-02
 -9.5578827e-02
  1.1474472e-01
 -1.4916389e-01
 -1.6676337e-02
  1.2862349e-01
 -1.4201933e-01
  1.8603189e-02
 -3.1803225e-04
  1.2020162e-01
  1.7166153e-01
 -5.3600941e+00
 -1.9697750e-02
 -2.5347430e-02
  4.6342906e-02
 -3.8236327e-02
  3.9045475e+00
  3.4690338e-01
  1.7591281e+00
  1.6717242e-01
  6.5979464e-03
  1.8748572e-01
  6.5490171e-02
  4.8680373e-02
  1.1353984e-01
  7.3826003e-01
  3.3230387e-02
 -5.8498019e-03
  1.3343053e-01
 -6.8538398e-02
  6.6248596e-02
  4.5607481e-02
 -2.5793372e-02
 -1.6147316e-01
  3.6317308e-02
 -1.0349255e-01
  9.0964176e-03
 -2.5367954e-01
 -2.2401623e-02
 -1.3379888e-01
  1.0895260e-02
 -5.9799165e-01
  1.3521329e-02
 -1.0907371e-01
  1.3086362e-01
 -1.9295666e-02
  6.1735317e-02
 -3.9426018e-02
 -6.1078421e-03
 -1.1989584e-01
 -3.1520291e-03
  6.9171876e-01
 -3.9814688e-02
 -4.1624319e-04
  1.4161918e-02
  3.1990539e-02
  3.0173605e-02
  1.9056346e-01
 -3.1496908e-03
 -1.7218935e-01
 -1.1835708e-01
 -1.1931111e-01
 -3.0985284e-01
 -1.1628503e+00
  6.9658153e-02
  2.3787703e-02
  1.4817223e-03
  3.3427253e-02
 -5.0306594e-01
 -1.6310593e-01
  1.0493531e+00
 -3.9764751e-02
 -1.1181755e-01
  1.0442544e-02
 -7.2426118e-02
 -2.4478285e-01
 -1.0932834e-01
  3.3941660e+00
 -2.3959064e+00
  7.2008364e-02
 -7.7492885e-02
 -3.2248107e-01
 -1.8772425e-01
 -1.3206014e-02
 -1.1181830e-01
 -2.1612892e+00
 -2.5723100e-02
  5.6462456e-02
 -1.9468768e-02
  4.0277924e-02
 -1.1032157e-01
 -2.3155821e-02
  2.5447795e-01
  2.9279934e-02
  5.1269475e-02
  8.9230396e-02
 -9.1419809e-02
  6.8339896e-03
 -1.0825353e+00
 -7.6222628e-02
  1.7143965e-01
 -1.7933937e-02
  2.3508432e+00
  5.5017799e-02
 -1.5064502e+00
 -1.4723358e-01
  2.4742775e-01
  1.6787206e-01
 -1.4973496e+00
  8.7344103e+00
  3.2179570e+00
  2.3076243e+00
 -1.3849467e+00
  5.2205687e+00
  6.3892636e+00
  4.1122751e+00
 -2.1229928e+00
  3.9077568e+00
  5.1305971e+00
 -2.2305474e+00
 -8.4869456e-01
  3.9268050e+00
 -3.7131522e+00
  3.5614166e+00
 -5.5982385e+00
 -1.6855813e+00
  9.8107719e-01
 -3.5290685e+00
 -7.1371478e-01
 -2.3289275e+00
  3.3639786e+00
 -5.2796669e+00
 -5.9878325e+00
  1.4939103e+00
  3.2864198e-01
  1.2768070e+00
 -1.2504343e+00
  2.1606672e+00
 -4.3494778e+00
 -4.8971543e+00
 -4.5669909e+00
 -1.5337852e+00
  6.5012360e+00
  1.4870177e-01
  9.1196781e-01
  5.1951724e-01
  1.2306049e+00
  4.1128397e+00
  2.5969467e-01
  2.0885439e+00
  1.9697850e+00
  1.1627340e+00
  1.5670267e-01
  8.9285284e-01
  1.4335260e+00
 -4.0193481e+00
  1.2000637e+00
 -3.5936511e+00
  2.9319794e+00
 -2.4953659e+00
 -5.9051383e-01
 -3.8037207e+00
  2.7803153e-01
 -1.2859305e+00
  7.3407774e+00
 -4.1116862e+00
 -2.9705137e-01
  9.1357291e-01
  4.4763844e-02
 -8.2241869e+00
 -3.1041774e-01
 -1.5596116e+00
 -4.5002823e+00
  5.1113234e+00
  5.0697441e+00
  4.5579653e+00
 -3.1039599e-01
 -2.7754257e+00
 -4.3502545e+00
 -1.5183452e+00
  3.5767262e+00
 -2.3960528e+00
  5.7047457e-01
  1.6376716e-01
 -1.7717899e+00
  6.3423848e-01
 -1.8432003e+00
 -1.4263015e+00
 -1.7978309e+00
  4.4907932e+00
  2.1756878e+00
 -5.7911267e+00
  7.3347602e+00
  4.1497040e+00
 -1.0935087e+00
 -5.8478266e-02
  2.6387757e-01
  4.7578105e-01
 -3.1619875e+00
  4.2120446e-02
 -1.1158796e-02
 -2.5057524e-01
 -8.9205787e-02
 -5.0367350e-03
  2.3323302e+00
 -3.9338009e+00
 -1.2800940e+00
  7.7945091e-02
  8.8076010e+00
  8.4451818e+00
  8.2754537e-02
  4.0316195e+00
 -1.3992331e+00
 -3.8535755e-02
 -2.0583251e-02
  3.1948366e+00
 -1.6353483e+00
 -7.1245527e-01
  5.6409729e-01
 -2.7794978e-01
 -6.5959477e-01
  5.0758853e+00
  1.9808676e+00
 -4.9396510e+00
  9.7330606e-01
 -3.0428450e+00
 -2.3889310e+00
 -2.3691704e+00
  7.6849967e-01
 -2.5826678e+00
 -6.0878305e+00
 -2.0818429e+00
 -6.0468358e-01
  1.6404882e-01
  1.9729298e+00
 -6.3961685e-01
  2.4219921e-01
 -3.9420605e+00
  3.5584480e-01
  7.8508931e-01
 -3.9625275e+00
  2.3009084e-01
 -3.7890330e-02
  7.3366356e-01
  2.4838503e-02
 -8.3975367e-02
 -1.4519452e-01
 -8.0619335e-02
  3.5851455e+00
 -4.1131325e-02
 -3.5430446e-01
 -1.6125128e-02
 -1.6812441e-01
  8.2051484e-03
  2.3035372e-02
  5.3106060e+00
 -1.4775607e-01
 -8.7963235e-01
  2.9408772e+00
 -6.4383872e-02
 -4.1136756e+00
  3.2926776e+00
  1.5208501e+00
  7.3708725e-01
  3.5868676e+00
  6.5094266e+00
 -3.3077955e+00
 -1.7104914e+00
 -4.1278348e+00
 -1.3912746e+00
 -1.2403893e+00
 -1.7479686e+00
 -1.1161823e+00
  3.6199050e+00
  3.2251654e+00
  3.3921316e-01
 -2.2133653e+00
  9.7536075e-01
 -4.7552571e+00
 -5.2973427e-02
  1.6603580e+00
  2.0213940e+00
  3.1066217e-02
 -2.4897077e+00
  1.1071604e-01
  4.2354354e-01
 -3.6758397e+00
  4.1887292e-01
  2.3977928e+00
 -1.5852902e-02
 -3.9639497e+00
 -2.6359129e+00
  5.0455589e-02
  6.6450877e+00
 -8.7071019e-01
  9.1229925e+00
  4.1003135e-01
 -2.7890489e+00
 -1.8600356e-02
 -2.1390434e-02
 -1.3816069e+00
 -4.9189801e+00
 -1.4378129e-01
  2.5167215e-01
 -3.4124940e-03
  5.5373076e-02
  1.7562324e-01
  2.5157897e-02
 -7.4423307e-01
  4.7271279e-01
 -2.6166445e-01
 -1.4055420e-01
 -9.1751758e-03
 -1.6535974e-01
 -2.5951847e-01
  2.2914667e-02
  4.1270354e-01
 -7.0947117e-01
 -2.7566062e-02
  2.2991084e-02
  3.0407155e+00
  6.6746289e-01
 -2.7940997e-01
 -7.8939110e-02
 -6.6446014e-02
  4.2726431e-02
  7.7979285e-01
 -7.6819450e-01
  1.2908138e-01
 -2.2879913e+00
  2.9021735e+00
  4.4014379e-01
  4.5389574e-02
  9.4198036e-01
 -2.1391544e+00
 -3.5307887e-01
 -1.5427256e-01
  1.8903358e-02
  3.0980915e-02
 -6.5377915e-01
 -2.0295636e-01
 -2.4138674e-01
 -2.1531646e+00
  8.6386554e-04
 -1.3863556e+00
 -3.5050422e-01
  9.2873730e-02
 -3.4380894e-02
  5.3163793e-02
 -5.1928934e-02
 -5.5317651e-02
  1.5055786e-02
 -6.9611156e-01
  7.0243715e-03
  1.4636582e-01
  2.4064718e-02
 -3.6676163e-03
  3.1220216e-01
 -4.1791642e-01
 -2.2948354e-01
  2.2103016e-01
  4.3601361e-01
  4.8169930e-02
 -1.2433852e-01
  5.8845080e-02
  1.1305214e-01
  1.4329067e-02
  5.6722078e-02
 -6.9845729e-02
 -1.2593241e-02
  5.0320495e-03
 -3.0199476e-02
  4.6703637e-02
  9.7150438e-02
  3.2922097e-02
  6.6411093e-02
 -5.6078054e-02
  3.4447551e-02
 -4.7126006e-02
 -3.3186596e-02
  1.8118663e-02
 -3.6177089e-04
 -1.0700256e-01
 -6.0011569e-02
 -1.8643381e-02
  4.7786262e-02
  2.5189709e-02
  2.5610115e-02
 -1.6951742e+00
  3.7558649e-03
  8.3499096e-02
 -2.2249710e-02
  4.9174286e-02
 -2.8848518e-02
 -6.7348897e-02
  1.2799457e-02
  3.7880644e-02
  6.8467237e-02
 -8.2701541e-02
  3.9056830e-02
  1.7345345e-02
  2.5102630e-02
 -6.4575516e-02
  1.9062122e-02
  8.2411505e-02
  7.0228294e-02
 -7.9861796e-04
  6.6222429e-02
 -6.0900359e+00
  6.5168390e+00
  5.4437363e-01
 -3.3028856e-01
 -2.0958412e+00
  3.1491990e+00
 -4.6478996e+00
 -7.1951783e-01
  3.9206946e-01
  2.0533874e+00
  6.1772668e-01
 -1.3026143e+00
 -4.7869164e-02
  8.7499273e-01
  7.9461658e-01
 -1.0353818e-02
  1.0806206e+00
 -4.9160142e+00
 -1.8889939e+00
  4.4644094e+00
  1.2019237e+00
 -1.8297706e+00
 -2.9992967e+00
  4.4799733e+00
 -2.6055472e+00
  8.3454762e+00
 -1.7560866e+00
 -9.0824175e-01
  2.1738725e+00
 -3.6173489e+00
  8.0865955e+00
  5.2998483e-01
  5.7336216e+00
  2.8113725e+00
 -4.9334073e+00
 -3.5536759e+00
 -3.4450659e-01
 -1.3068332e-01
  4.1940936e-01
 -4.2759557e+00
 -7.0250326e-01
  4.7612693e-02
 -4.8312083e-01
 -1.7725269e-01
 -2.3141775e-02
  6.5973252e-03
  9.7087853e-02
 -1.8811269e-02
 -2.6765233e-01
 -7.7514075e-02
  6.2337443e-02
  3.5137694e+00
 -3.1962032e+00
  1.5058693e+00
 -3.5946804e-01
  5.8101039e+00
  2.7347347e-01
  1.0823970e+00
 -6.6204085e-03
  3.7355497e-02
 -1.7327383e-02
 -2.6239464e+00
 -7.7900946e-01
  3.4979930e+00
  1.5165857e+00
  3.4937260e-01
  4.1251984e+00
 -1.7400382e+00
  4.8521409e+00
 -7.3239851e+00
  4.3533826e+00
  1.9861218e-01
  2.3440752e+00
  2.7943650e-01
  4.2003518e-01
 -1.7389131e+00
  3.6199472e+00
 -4.7831812e+00
  9.9381328e-01
 -2.0228574e+00
 -1.3367514e-02
  8.5969168e-01
 -2.7776217e+00
 -7.4435467e-01
 -1.1571565e+00
  6.1234336e-02
  5.3060150e+00
 -8.9393100e-03
 -3.7577998e-02
  1.3225571e+00
  2.0903669e-02
 -1.1243970e-01
  5.8449525e-03
  6.9983751e-02
 -2.5403899e-01
  3.6969088e-02
  1.2187793e+00
  1.4053169e+00
  1.0498808e-02
 -9.5149100e-02
 -1.8001609e-02
  8.0258258e-02
  2.0246208e+00
 -4.4057742e-01
  1.5742879e-01
  2.0037600e-01
 -8.2351305e-03
  7.0777103e-02
  5.1834458e-03
 -4.2465231e-03
  6.1568763e-02
  1.8338457e-01
  1.8491492e-02
 -1.0541268e-01
 -4.0572542e-03
  8.9473434e-02
  5.7788149e-02
  3.9304163e-02
  9.8468617e-02
 -7.1419179e-02
  2.9704159e-02
  5.4248329e-02
 -3.3174787e-02
  2.9871162e-02
  2.5888994e-01
 -1.6057545e-02
  7.6949336e-03
 -5.1590208e-02
  5.0587915e-02
  1.8319730e-02
 -5.3288236e-02
  8.3839738e-01
  8.8704720e+00
 -7.0069693e-02
 -2.5355149e-02
 -6.6545194e-01
  7.9081602e-02
 -3.3722050e-02
 -3.3236055e+00
 -5.9997972e-05
  5.4602861e-02
 -1.4452839e-01
 -5.0725721e-02
 -9.7760130e-03
 -4.1283059e+00
  1.4174871e-02
  1.3430103e+00
 -7.7786143e-03
  2.7459316e-02
 -1.2713496e-01
 -3.3643741e-02
 -4.5993701e-02
  5.2268565e-02
 -8.9342892e-01
 -5.5280089e-01
  8.5376656e-01
 -5.9900422e+00
  5.1185441e-01
  3.4318801e-02
 -7.3666924e-01
  4.2917795e+00
  5.9489212e+00
 -1.2524059e-01
 -3.2170250e+00
 -1.1662294e-01
  3.0172820e+00
 -7.6775479e-01
  1.1389887e-01
  1.2954051e+00
 -1.8541063e-01
  8.5221177e-01
 -2.1930997e+00
 -3.5217521e+00
  1.5062025e+00
 -2.2432463e+00
 -5.1525557e-01
 -4.6529949e-01
  1.2704849e+00
 -3.0534396e+00
  7.0804197e-01
 -2.6835282e+00
  5.3564134e+00
 -5.2764030e+00
 -2.7126372e+00
 -3.9080828e-02
  3.9010637e+00
  5.1797380e+00
  1.2299880e+00
 -8.5510278e-01
 -1.4432851e+00
 -3.5178758e-02
  8.0122638e-01
  3.4877026e+00
 -1.9638309e+00
 -9.0001293e-02
  2.5459244e-03
 -8.8403061e-02
  5.8703930e-03
  4.1676524e-01
  2.0243503e-02
 -3.8807657e-02
  7.7097281e-03
 -1.7432272e-02
 -3.0220179e-02
  1.0596795e-01
 -6.7734532e-03
 -1.7895668e+00
 -1.8239145e+00
  2.8310649e+00
 -2.4337244e+00
 -2.5928047e+00
  1.0919793e+00
 -2.7996924e+00
 -3.4042701e-01
 -5.4326062e+00
 -7.0817986e+00
  4.2731705e+00
 -1.4658573e+00
 -4.8905120e+00
  1.1143125e+00
 -7.5137973e-01
 -1.6269317e-01
 -1.3014419e+00
  1.1848708e+00
 -3.6421189e+00
  4.6932278e+00
  4.4942431e+00
  9.8124307e-01
 -1.9948006e+00
  1.5678504e+00
  1.7938573e+00
  1.5023150e-01
  1.9930564e+00
 -1.9611201e+00
  1.4525531e-01
 -7.2521776e-01
 -4.4896147e-01
  9.0750098e-01
  2.7204111e-01
 -2.5935662e+00
 -1.1863760e+00
 -1.7063530e-01
  1.2323044e-01
 -4.6243315e+00
  4.4101253e-02
  1.0693120e-01
  1.9169228e-02
  6.8605659e-03
 -5.5016000e-02
 -1.9417314e-01
 -3.5613608e-02
 -2.2948394e+00
  1.0042577e-01
 -3.8303822e-01
 -1.1153716e+00
  4.3657959e-01
 -9.8374985e-02
 -4.4502729e-01
 -3.5200920e-02
  6.3282348e-02
  3.3510038e-01
  2.4163583e-02
 -3.2187589e-02
  7.9390049e-01
 -3.6729255e+00
 -8.3538786e-02
 -1.8021131e-02
  4.2368625e-03
  1.1336343e-01
 -8.0546405e-04
  1.9838844e-01
 -9.3754660e-03
  4.3364167e-02
 -1.3528146e-02
 -5.6585703e-02
 -7.4245907e-02
  7.7361220e-01
  1.7913051e-02
  2.5494745e-02
 -6.1912518e-02
  4.8220046e-02
 -2.7083452e-03
  4.6276450e-02
 -2.1265613e-02
 -1.7292678e-01
 -1.7529476e-02
 -9.1729000e-02
 -3.4657821e-01
  2.6454320e+00
  8.2118036e-03
  2.4696074e+00
 -5.6368567e-02
 -8.8704675e-03
 -6.0050372e-02
 -2.4650486e-02
 -5.7937447e-03
 -3.2012749e-02
  5.6006525e-02
 -1.2442670e-01
 -9.6725106e-02
  7.0437281e-03
  1.4196934e-01
  1.8222003e-01
 -1.7978720e-01
  1.1686347e-01
  3.3706423e-02
 -1.3738875e-02
  1.5249953e-01
  8.6009204e-01
  1.5169745e-02
  9.7238040e-04
  1.3014541e+00
  6.8421841e-02
  2.9776020e-02
  2.4469983e-02
  8.7740691e-03
  2.6184754e+00
  1.0724915e-01
  5.0935280e-02
 -8.0371806e-03
  4.5051813e-02
  1.1548062e-04
 -4.5644417e-02
 -6.8035367e-04
  1.4141315e-02
  2.7988367e-02
  3.8363456e-03
 -4.2784549e-02
  2.5682912e+00
 -6.5733269e-02
 -1.8502885e-02
  4.3119300e-02
  8.1822621e-03
 -5.1240087e-02
  6.9468170e-02
  1.9736003e+00
  5.2842330e-02
  7.6135420e-03
  6.2028360e-02
 -4.9568322e-02
  2.8978441e-02
  1.9855656e-01
  2.3912200e-01
 -1.4999263e-02
  5.8656234e-02
 -1.5319283e-03
 -5.3471136e+00
 -1.0619559e+00
 -3.6930524e-02
  3.4929234e-01
 -1.3478142e-02
  6.4895928e-02
  3.4263007e-02
 -4.7019953e-03
 -6.9512531e-02
  1.1901763e-02
  2.3490930e-02
  3.0584624e-01
 -1.9532037e+00
 -3.2141581e-02
  2.7781993e-01
 -1.2511981e-02
 -2.2537069e-01
 -1.5161105e-03
 -9.8331317e-02
  3.2066762e-02
  9.9499673e-02
 -4.5567580e-02
  1.1637818e-01
  5.0982188e-02
  4.9466301e-02
  4.0012058e-02
  2.7512228e-03
  3.4058206e-02
  1.9493673e-02
 -4.9045205e+00
 -1.7973520e-01
  1.0624517e-01
  1.5589404e-01
 -2.2838919e-01
 -5.7017669e-02
 -1.6000301e-02
 -7.1907781e-02
 -5.3600268e-04
  5.1980577e-02
  1.3905270e-01
  2.1015787e+00
  3.2424785e-02
  2.5267264e-02
 -3.1603925e-02
 -1.4756045e-01
 -1.3854994e-02
  1.5998242e-02
  3.6244749e-03
  8.6019970e-03
 -1.4371329e-02
 -1.2863250e-03
  9.4176613e-02
  2.5486970e-02
  1.9144656e-02
 -1.2677479e-02
  1.3942644e-02
  2.9660914e+00
  1.3823442e-02
 -1.7582004e-01
 -1.5027840e-01
 -1.8067487e-02
  1.1711439e-01
  4.8506558e-03
  2.7469968e-02
 -1.9986980e-01
 -3.3468004e-02
 -1.1630534e-01
 -2.7713709e+00
  2.6774624e-02
  3.5810113e-02
 -8.8924868e-03
  1.2971388e-01
  3.8059402e-02
  5.2808151e+00
 -3.2213889e-02
  3.4057934e-02
  6.3507609e-02
 -2.6023135e-02
 -7.2810158e-02
  2.2916824e-02
 -8.1207581e-02
  1.1360460e-02
 -3.5876792e-03
  2.1330161e-02
  7.8499980e-02
  8.8361260e-03
  9.1995873e-02
  1.5080960e+00
  5.8597848e-02
 -6.4666413e-02
  4.0938936e-02
 -3.1134441e-02
 -1.1542074e-01
 -1.8272683e-01
  8.1026919e-02
 -1.4751527e-01
 -8.6928152e-02
 -2.0565487e-02
  2.1602092e-02
 -8.6813616e-03
 -2.1662742e-02
 -3.6276687e-02
 -2.8687252e-02
 -1.3814422e-01
  5.6444187e-02
  2.8677857e-02
  1.2977274e-01
 -7.6222323e-02
 -9.0478189e-02
  7.5608149e-02
 -1.8163918e-01
 -5.3576529e-01
 -3.2357331e-02
 -1.2023271e+00
  3.1987864e-01
  2.7625704e-02
  1.2486331e+00
  6.4134006e-03
 -1.9926292e-01
 -4.8227999e-02
 -2.9523499e+00
  5.6255599e-03
  3.0043557e-02
  4.8950035e-02
 -8.3133854e-02
 -1.5058774e+00
  4.5467921e-02
  1.0987029e-01
  4.9322904e-03
 -1.8451534e-02
  1.8589944e-02
  6.2080525e-02
 -1.1133838e+00
 -3.2176697e-01
 -4.5330774e-02
  1.0618137e-01
 -9.6297087e-03
 -1.9513972e-02
  2.1430810e-03
  6.2424351e-02
 -9.3149632e-02
  1.0741324e-03
 -4.1260610e+00
 -8.7313451e-02
  1.8150821e-02
  2.4995547e-02
  3.8954294e-03
 -5.3993311e-02
  2.0801048e+00
  4.2246480e-02
  4.1567780e-02
  1.3563333e-01
 -1.0973541e-01
  1.2072867e+00
 -1.5454914e-02
  4.1769218e-02
  2.8092582e-03
 -2.8878365e-02
  2.9311966e-02
  4.6199951e-02
 -3.2347247e-02
  3.7084769e-02
  1.0579648e-01
  2.6606917e-01
 -8.8652648e-02
  6.3440733e-02
  6.0474269e-02
  3.1759518e-01
 -3.4874231e-02
  2.2537386e+00
 -8.9442134e-02
  1.0649733e-01
  1.4886221e-04
  2.2682185e+00
 -1.3999557e-02
  7.4217588e-02
  3.3747666e-02
  9.9585664e-01
 -5.4009985e-03
 -9.6527362e-01
  1.4100280e-01
  1.5234332e-01
 -1.0801535e-01
  3.2107648e-02
 -1.0417445e-01
  1.3031486e-01
 -2.8512299e+00
 -1.7880507e-01
  2.8538505e-02
  3.7955332e-01
  1.3457492e-02
 -2.7718288e-01
  7.8624636e-02
  1.4996189e-02
 -1.0544763e-01
 -1.2747592e-01
 -8.3964840e-02
 -1.7381777e-01
 -1.0041787e-01
 -7.1602850e-03
 -1.0368230e-01
 -7.8626588e-02
  1.6273190e-01
 -6.4613782e-02
  3.6960531e-02
 -4.7907001e-01
 -5.1238663e-02
 -5.4822143e-02
  2.8184528e+00
 -6.8232752e-02
 -1.0274898e+00
 -2.3772888e-02
 -2.1560909e-02
  3.0350015e+00
 -5.4176431e-02
 -1.1508292e-01
  3.6770492e-04
  6.3644964e-01
 -6.0138159e-02
 -3.0297005e-01
  7.0179095e-03
  2.4803303e-01
  7.3887394e-03
  4.5121424e-02
 -6.5834865e-02
 -1.8743005e-01
  1.7253640e+00
 -1.5030924e-02
  1.1657092e-01
 -9.0548828e-02
  5.9219453e-02
  1.9622630e+00
 -7.6471721e-03
 -1.2946829e-01
 -7.5148091e-02
 -2.5301829e-01
 -1.5639982e-01
 -3.0281508e-02
 -3.5251901e-01
 -1.7989628e-01
 -4.4138509e-01
 -1.5174644e-02
  1.1220573e-01
  3.1950557e-01
  2.8438348e-01
  1.5431595e+00
  8.8647626e-02
 -5.4622474e-03
  4.6286368e-01
  1.4917723e-02
 -4.7146767e-02
  4.6366554e-01
  9.9801058e-03
  2.6955474e-02
 -1.2796097e-01
 -1.4432813e-02
  1.4116740e-03
 -3.7010767e-02
  2.7110634e-02
  1.8418664e-02
  1.6591386e-01
 -4.8500102e-02
  3.2248008e+00
  2.3524647e+00
  1.6130866e-03
  6.2775828e-02
 -1.0849377e+00
 -3.0431261e+00
 -4.0266502e-01
 -3.3965554e+00
 -1.8789597e+00
  2.1774046e+00
  3.2302580e+00
 -2.7143054e+00
 -8.0757961e+00
 -1.5292398e+00
 -4.5038772e+00
 -4.1679883e+00
  1.0172556e+01
 -1.4408776e+00
  2.3708775e+00
  8.0607545e-01
  2.4966246e-01
 -4.2097559e+00
  5.5215554e+00
  8.8340265e-01
  1.8006574e+00
 -1.1161414e+01
 -1.3965550e-01
 -3.5762706e-01
 -4.6650004e+00
  5.1895231e-01
  3.2860434e-01
 -2.5591037e+00
  1.4363805e+00
  6.1052001e-01
  1.2981297e+00
 -3.3667459e+00
 -2.6553433e+00
  1.3216592e+00
 -2.3494542e+00
  6.7694206e+00
  4.0606108e-02
  7.0688017e-02
  7.2481334e-01
  2.1699309e+00
 -4.5495066e-03
  6.1029947e-01
  1.4027432e+00
 -1.6897291e-02
 -1.2857538e-02
 -2.3691278e+00
 -3.5378096e+00
  7.5460829e-02
  2.0121520e-02
 -1.2702076e-01
  1.5458716e-02
  3.0922728e-02
  3.2567929e-02
 -1.0224715e+00
  4.6645507e-01
  8.5141845e-03
 -2.0778295e-02
 -3.7711057e-01
 -7.7153899e-02
 -2.0192890e-01
  5.9748106e-02
 -4.4076022e-02
  2.4059378e-02
 -1.1158638e-01
 -1.7422700e-01
 -9.3232587e-02
  2.4915392e-02
 -1.2308239e-01
  3.8998649e-02
 -3.0973253e-01
 -8.0710918e-02
 -2.1812897e-02
 -5.1855320e-01
 -1.0763401e-01
 -1.1941693e-02
 -2.0294394e+00
  3.8664743e-01
 -7.3768854e-02
  3.8243327e-02
 -2.6380640e-02
 -5.0344372e-01
 -2.0703568e-01
 -1.5931188e-01
 -1.2007389e-01
  1.4776643e-02
 -2.5675002e-01
  1.7041722e-02
 -1.0376713e-01
  1.2067768e-01
 -1.6647257e-01
  7.4833900e-02
  1.7630866e-02
 -3.9792851e-02
  1.6287180e-02
  2.4523742e-01
  1.1212879e-02
 -6.6651486e-02
 -3.9671436e-02
 -1.9771828e-01
 -1.3575175e-02
  1.8019186e-03
 -7.7729151e-02
  4.9122638e-01
  7.1248829e-01
  1.7074770e+00
 -1.3346418e+00
  7.4036759e-01
  3.3011220e-02
  1.1611161e+00
  3.8280275e-01
  9.2779499e-01
  1.5812695e+00
  7.5707430e-01
 -4.0727015e+00
 -4.1743803e+00
 -2.6471837e+00
  1.1567028e+00
 -5.4247136e+00
 -1.1425933e-02
  1.9083982e+00
 -2.0725653e+00
 -1.3478920e+00
 -4.7307155e-01
 -7.5035077e-01
 -4.5750613e+00
  3.7458572e+00
  1.7830135e-01
 -2.2329373e+00
 -1.1005896e-01
 -1.3858737e+00
  4.7813565e-01
 -1.6586695e+00
  2.4104304e+00
  1.3711481e-01
 -1.3947701e+00
  1.0877279e+00
 -3.7370476e-01
 -6.6735059e-01
  6.2407595e-01
 -4.3778000e+00
  9.7232598e-01
  3.7370198e+00
 -2.8452070e+00
 -5.1228704e+00
 -1.9442756e+00
  5.0022354e+00
  5.5357115e-03
  2.5571620e+00
  8.1647882e+00
  8.1785116e+00
  9.9916687e+00
  3.0118975e-01
  4.6692228e+00
  1.2326787e+01
 -3.5847026e-01
 -1.5429662e+00
 -7.9540508e-03
  4.0288434e+00
 -3.0385200e-02
  4.1773086e+00
  1.7286713e+00
 -2.6128712e+00
  4.1949937e-01
 -6.2804431e-02
  1.4471490e+00
 -6.5990500e-02
 -4.0486977e-02
  7.7684037e-02
 -6.0803179e-02
  3.1491928e+00
  9.1188270e-01
  4.3012004e+00
  3.6129730e+00
 -3.7174480e+00
  9.9465615e-01
 -2.1662726e+00
 -8.1486893e-01
  1.1362396e+00
  4.6603978e-01
 -3.5028329e+00
  6.9319552e-01
 -2.5416055e+00
 -2.9952312e-01
 -3.9471447e+00
  1.6945910e+00
  8.2897478e-01
 -4.3832335e-01
  3.7587062e-01
 -6.6406140e+00
 -3.0552251e+00
  1.2461763e-03
 -2.0022774e+00
 -8.6843181e-01
  3.8350925e-02
 -1.3512072e-02
  2.0608374e-01
  1.0297268e-01
 -1.8849656e-02
 -1.1646654e-01
  5.2601796e-02
 -2.8328845e-02
 -9.3629189e-02
  1.0188030e-02
  2.9454453e-02
  7.1565799e-02
 -2.0900388e-01
 -3.7012726e-01
  3.5306882e-02
  3.4611564e-02
 -7.0807457e-02
  1.2579245e-02
 -1.4425361e-03
 -2.8197249e-02
  2.0181476e-01
 -1.1244493e-01
  5.3551465e-02
 -3.7617244e-02
 -3.8040537e-02
 -1.1911072e-01
  5.0264254e-02
 -1.3419855e-01
  1.6607454e-02
  7.0355297e-03
 -1.2041720e-01
  1.4345583e-01
  3.1083416e-02
 -3.7221909e-02
 -5.0185367e-02
 -8.8361993e-02
  7.4144587e-02
 -1.3231631e-01
  3.1475133e-01
 -5.5823188e-02
  4.9882367e-02
  1.0650516e-01
  9.3287215e-02
 -5.4039218e-02
 -9.1893084e-02
 -7.0013613e-02
  4.5618765e-02
 -2.6136996e-02
  8.8856772e-02
  1.4782137e-01
  2.3175348e-02
  8.4182182e-03
  7.9072908e-02
  2.5124187e-02
  3.3638726e-03
 -7.9721861e-02
  8.5157700e-02
  1.2646487e-01
 -9.3573175e-02
 -6.8132341e-02
 -3.8977671e-02
 -3.2538667e-02
 -4.9281123e-01
  2.8340262e-01
 -5.3053714e-02
 -1.4244744e+00
 -6.9121189e-02
 -1.4058605e-01
 -1.9046301e-01
 -1.9702336e-02
 -6.2754620e-03
 -3.2521773e-03
 -6.1483806e-01
 -2.8374728e-03
  1.6595300e-02
  1.6077913e-01
 -1.1809554e-01
  1.9951783e-01
  7.8038052e-02
  2.0880463e-02
  1.2038223e-01
  8.8059403e-02
  7.2614127e-03
  3.3698005e-03
 -4.8651107e-02
  7.9428829e-02
 -1.0777619e-01
  1.3754302e-01
  1.1955653e-02
 -4.0136743e-02
 -3.8105078e-02
 -2.9365189e+00
  6.1151247e-02
 -3.2578517e-02
  2.1756048e+00
 -8.1038892e-01
 -3.3487000e-02
  1.2649158e-01
 -2.4736367e-02
  1.2822497e-01
  4.0398903e-02
  2.9183009e-01
  5.4127842e-01
  6.7596056e-02
 -4.4311054e-02
  3.6075510e-02
  8.7875947e-02
  4.9909490e-01
  1.6548064e-01
 -4.4913560e-01
 -1.7459291e-01
 -2.4655415e-02
 -5.0845794e-02
  2.2864277e+00
  4.9421382e+00
  1.9000671e+00
  3.0591550e+00
 -3.5593154e+00
 -1.3503977e+00
 -8.8905549e-01
 -2.6716661e+00
 -2.4599204e+00
  7.5781708e+00
  5.0009537e+00
 -1.4491420e+00
 -7.5182557e-01
 -8.8711576e+00
  6.7688756e+00
 -4.4928665e+00
  3.8574843e+00
  3.0415394e+00
  4.7270751e+00
 -3.4892684e-01
 -3.0804701e+00
  4.4869347e+00
 -2.9109709e+00
  5.7800059e+00
  7.2536850e-01
  9.8420296e+00
  2.2065365e+00
  2.1329706e+00
 -2.4342506e-01
  1.8048127e+00
  1.3271970e+00
  1.5574217e-02
  4.7615352e+00
  3.7202692e-01
  2.8061874e+00
 -9.3047857e-01
  5.1101027e+00
  1.2039215e+01
 -1.3568054e+00
  1.9072975e+01
  2.7498312e+00
  2.4923429e+00
 -5.0841169e+00
  3.6036995e-01
 -6.4788140e-02
 -5.6570253e+00
 -1.0235249e+01
 -6.8890119e+00
 -1.8971899e-01
 -1.8007630e-02
 -1.0297033e+00
  9.2529535e-01
 -2.3855087e-01
 -8.3528664e-03
  8.3206587e-02
  2.9097246e-02
  1.0219114e-01
 -6.4965397e-02
 -1.7006161e-02
  3.9866672e+00
 -2.5679236e-02
 -7.6645449e-02
 -4.7774397e-02
  8.9768335e-02
 -6.0931109e-02
  3.9073896e-02
 -9.4884776e-02
 -1.1484156e-03
 -4.1844342e-02
 -4.8504505e-02
 -2.5406864e-01
  2.0062353e-03
 -6.0250878e-02
 -1.7010267e-01
 -2.0068862e-02
  4.9233116e-02
  3.6626101e-02
 -1.0697659e-02
  1.3280105e-02
 -4.6236120e-04
 -4.8781734e-02
 -3.9584363e-01
 -4.1553097e+00
  2.6863918e-02
 -8.9193985e-02
  3.3770993e-02
  4.6426330e-02
 -3.1492729e-03
  1.2732637e-02
  1.5551323e-01
 -1.2763022e-01
 -4.9111411e-02
  3.3310554e-03
  1.1013919e-01
 -9.3861371e-03
 -5.0109878e-02
 -7.0894480e-02
  7.9949327e-02
  1.1606133e-01
 -2.4141498e-02
 -7.3852506e-03
 -1.8584605e-02
 -5.6935233e-01
 -2.9805982e-01
  6.7041963e-02
  6.8736538e-02
 -1.0810519e-01
 -6.8240903e-02
  2.4146500e-01
 -1.0815941e-02
  4.7906794e-02
  6.7659640e-01
  5.0293494e-02
  1.4986762e-02
  2.7060600e-02
 -1.6213974e-01
  5.1086605e-02
 -1.9820701e-02
 -3.8382031e-02
  4.6225190e-02
  6.6734277e-02
  1.2463843e-02
  2.4197756e-01
 -4.4539899e-02
  4.5587171e-02
 -1.2063638e-01
 -1.3480324e-01
 -5.0399464e-02
  5.6784060e-02
  4.9045654e-03
 -9.7925596e-02
  1.6828634e-02
 -1.6876897e-02
  2.2476105e-01
 -3.4555819e-02
  1.9547571e-01
 -3.5700224e-02
  1.0145599e-01
  2.9010281e-01
  3.0915800e-02
 -1.4401053e-01
 -3.0538017e-01
 -7.6690382e-01
  8.8656366e-02
  1.2808446e-03
 -6.6643083e-03
 -6.4140938e-02
 -5.2174252e-01
 -4.1699706e-05
  2.5796643e-02
  9.2097431e-02
  7.0860170e-02
 -3.1103835e+00
  9.1348387e-02
  1.0188273e+00
 -1.0786248e+00
 -2.0839813e+00
 -1.3378032e+00
  1.5054426e-01
 -1.1861852e+00
 -1.8059723e+00
 -1.1180043e+00
  1.9548525e-01
 -3.3536723e-01
 -1.7221069e-01
 -5.3974485e-01
 -1.7389867e-02
  2.6091142e+00
 -1.5119582e-01
  3.3855009e+00
  4.4897408e+00
  2.7772924e-01
 -1.4325290e+00
 -1.5810436e+00
  3.1189570e-01
  4.2293324e+00
  1.2636085e+00
 -6.3741311e-02
 -2.9817581e+00
 -4.3223822e-01
 -1.3469284e+00
  2.5907745e+00
  5.5403714e+00
  2.7778876e+00
  2.1832795e+00
 -1.2571458e+00
 -1.0859380e+00
  5.5340248e-01
 -4.7235723e+00
  8.4748514e-02
 -5.0498811e-03
 -4.6001133e-01
  6.1991227e-01
 -2.5275332e-01
  2.5540803e-02
  2.3766946e-02
  1.7164016e+00
 -7.9612806e-02
  8.3399244e-02
  4.8340601e-03
 -6.7329720e-02
  3.1648491e-02
 -3.9205581e-02
 -5.9797082e-02
  5.0117304e-03
  3.2164004e-01
 -9.9980168e-02
  2.9875793e-02
 -1.0310501e-01
 -3.9156377e-03
 -7.8231029e-02
 -5.2594285e-02
 -6.0784865e-02
 -6.1840247e-02
  4.8745990e+00
 -6.8480815e-03
 -5.0963443e-03
 -1.1916150e-02
 -3.8495854e-02
  8.3317742e-02
 -3.2594260e-02
 -3.3776354e-02
 -1.6568592e-02
  7.9857610e-02
  3.4093287e-02
 -3.9884543e+00
 -5.1432841e-02
  6.3068859e-02
 -1.2339885e-01
  2.1046860e-02
 -4.4361252e-02
  4.7976010e-02
  8.6052470e-02
 -6.7546763e-02
 -1.8042319e-01
  4.3249778e-02
 -1.9275390e-02
  1.4991703e-02
  2.2625542e+00
 -3.5172328e-02
  9.3392450e-03
  2.9652245e-02
  3.6772303e-02
  1.1567323e-01
  1.7094176e-02
 -6.0205217e-03
  3.5652962e-02
 -4.6257354e-02
 -2.3227195e-01
  1.1027116e+00
  5.2437745e-03
 -1.4457969e-01
  6.5531477e-02
  7.2563887e-03
 -4.6967857e-02
 -3.7934497e-01
  5.0307161e-01
  1.3617471e+00
  2.6304635e-01
  7.7097309e-01
 -4.8544386e-01
  3.7535724e-01
 -5.0294142e+00
 -9.2766374e-02
 -2.7139795e+00
 -3.3683375e-01
  1.8114159e+00
 -7.6401782e+00
 -3.0383838e-02
  1.2007377e+00
 -2.3241489e+00
 -3.0306051e+00
  2.1284690e+00
 -1.0995405e+00
 -9.0612507e-01
  2.1859457e+00
 -4.5267597e-01
  1.4616410e+00
  1.8316902e+00
  2.4545445e-01
 -1.9457111e-01
 -1.1229997e+00
 -2.8907964e+00
  4.2781526e-01
 -4.8627129e-01
  1.0217171e+00
 -6.9836830e-03
 -3.0514416e-01
 -1.4410969e+00
 -1.5175407e+00
  1.5215783e-01
 -7.7176660e-01
  1.5854026e-01
 -2.5298061e-02
  1.5289810e+00
  1.9977885e+00
 -5.0255661e+00
  5.3730273e+00
  7.5211287e-02
 -6.5968141e-02
  2.9666288e+00
  5.8659210e+00
  4.2360845e+00
  7.5679822e-03
 -1.8813467e-01
 -2.8157768e-01
  1.7189723e+00
 -1.5517958e-01
  1.3312719e+00
 -5.2022729e+00
 -5.0171328e+00
  2.4776897e+00
 -2.3217721e+00
  1.5031145e+00
  3.7714682e+00
 -2.1652071e-01
 -7.4546057e-01
 -2.1981585e+00
  3.3989515e+00
 -1.4144729e-02
 -3.2212791e+00
  2.1864872e+00
 -3.1570718e+00
 -2.5951557e+00
  1.5929743e+00
  7.1878636e-01
  1.1360979e+00
  1.5943702e+00
  2.5986724e+00
 -2.7020104e+00
 -3.0922771e+00
 -2.0835900e+00
  2.0449460e+00
  7.3256879e+00
  1.2812985e+00
  2.2596414e-01
 -3.0846267e+00
 -4.0723050e-01
 -1.6799133e-01
 -6.6417724e-01
  6.6496062e+00
  2.0804760e+00
  8.6553497e+00
  1.6425140e-02
 -1.9830190e+00
  9.2873812e-01
 -2.0001786e+00
  3.3341628e-02
  1.1607386e+00
  3.3846647e-02
  7.2818555e-02
  1.6038883e+00
  2.8432584e+00
  8.8827729e-02
 -4.7544539e-02
  4.8285410e-02
  3.5191488e-01
 -5.9002584e-01
  4.3852616e-02
 -3.9607465e-01
 -4.1556153e+00
 -2.0534611e+00
  1.2784275e+00
  1.7942183e+00
  1.2144308e+00
  3.7552238e-01
 -1.5572016e-02
 -3.2324899e-02
  2.8344188e+00
  1.3305683e+00
  9.5240724e-01
 -2.3334843e-01
 -1.2186705e-01
 -1.9020290e+00
  1.1477076e+00
  4.4182414e-01
  2.9885864e+00
 -3.4827435e+00
 -4.5874050e-01
  6.7655474e-01
 -2.9271922e+00
  2.7012789e+00
 -1.1266114e+00
  9.0305454e-01
 -8.2850182e-01
 -4.6580236e-02
 -1.9881491e-02
  1.3783005e-01
 -5.4436737e-01
  3.0653846e+00
  4.1918850e+00
 -1.8262333e+00
  4.4731143e-01
 -5.3127807e-01
 -3.0935118e-02
 -1.7883328e-03
  6.9440991e-02
  4.8281658e-02
 -9.0962607e-01
  1.2171795e-01
 -1.1461711e-01
  5.6534225e-01
  6.2361758e-02
 -1.7373303e-02
  9.7920746e-04
  1.3359089e-01
  9.3898229e-02
 -2.8008053e-02
 -1.1084557e+00
 -1.2518403e-01
 -3.2080681e+00
 -3.5837796e-02
 -4.7610736e-01
 -4.8271224e-02
  1.4659795e-02
  7.7586815e-02
  1.9775848e-01
 -5.4500541e-03
  2.5212054e+00
  2.7242885e+00
  3.1416780e-01
  1.0505576e+00
 -6.7059129e-02
  2.4646828e-03
 -2.9945977e-02
 -2.9421137e-03
 -1.0234104e-01
 -5.0034706e-02
  2.6598494e-02
 -4.8197098e-02
 -4.6196491e-02
  2.0834822e-02
  1.0742933e-02
 -9.6930131e-02
  5.4562155e-02
  1.1979187e-01
 -1.3679329e-01
  3.3924572e+00
 -3.8613840e-03
  9.3626708e-02
  1.8279302e+00
  1.0386080e-01
 -8.9452239e-03
  1.7908430e-02
  5.6076329e-03
  1.0865184e-02
  8.6976516e-01
 -6.9855377e-02
  6.0116369e-03
 -7.3668256e-02
  3.6519948e-02
  8.1369437e-02
  2.5329765e-02
  1.2547540e-02
  6.1693750e-03
  5.1561043e-02
 -1.2649634e-01
 -4.9160905e-02
 -7.1333587e-02
 -2.8204834e-01
 -3.1660955e-02
  2.3961675e-01
 -1.1945710e-02
 -8.1230521e-02
 -2.7506702e-02
  1.6476195e-01
  8.0907106e-02
 -2.2940014e-02
 -4.7871746e-02
 -8.6591793e-03
  3.9254803e-02
  7.2875060e-03
  1.3320072e-01
 -9.0463385e-02
  1.4174461e-01
  1.2392346e-01
 -7.5104736e-02
 -2.0298338e-02
  8.4596798e-02
 -6.4933705e-03
 -5.4026595e-03
 -3.8102824e-02
  7.2763085e-02
 -4.7691315e-02
 -2.7801009e-02
  1.1731587e-01
  6.1196309e-02
  4.3919496e-02
  2.9082611e-01
 -4.6444803e-02
  1.4448351e-01
  7.6809652e-02
  1.3526206e-01
  9.8002866e-02
  5.0687359e-04
  5.1791325e-02
  8.3168194e-02
  4.1606147e-03
 -1.1255022e-01
  3.2414705e-02
  3.2036498e-02
 -8.5987322e-02
 -1.7947700e-02
 -1.7064388e-01
  3.2295834e-02
 -1.1651909e-01
  4.9730543e-02
  2.1234007e-01
  5.5450541e-03
  3.2437600e-02
 -9.4021988e-01
  1.2990272e-01
 -1.3711489e+00
  6.0863355e-03
 -3.5581222e-01
  1.6605580e+00
 -9.7780657e-01
 -4.9242962e-02
  2.3646119e+00
 -3.9601552e+00
  2.0735215e-01
  1.5746791e+00
 -2.2076411e+00
 -1.9057424e-01
  7.7355748e-01
 -1.5869230e-01
  2.9429796e+00
  7.6316409e-03
 -4.9079236e-01
  4.6898371e-01
 -2.4540806e+00
  2.6484960e-01
 -3.9332081e-02
 -4.9265399e+00
 -2.4475037e-01
  1.6064133e-01
 -2.7227148e-01
 -2.4346451e-01
  2.0695724e+00
  2.6779335e-02
  7.0168036e-01
 -1.0635173e+00
  7.3078930e-01
 -5.4780227e-01
 -5.5742916e-02
 -9.4009739e-01
 -1.1285397e-01
  2.5019658e-01
  1.3010099e+00
  4.8970613e-01
  3.3041852e+00
 -1.4096205e-02
  2.5161109e+00
 -3.2325733e-02
 -8.9314334e-02
 -2.2205095e+00
 -6.6708410e-01
 -1.1824383e-02
 -7.8719914e-02
 -1.0447846e-01
 -5.6847286e-01
 -1.9120951e-01
 -1.7217180e-02
  4.1214786e-02
  1.9864850e-01
  3.4002174e-02
 -7.8139625e-02
 -8.9333165e-01
 -2.7624103e-03
  1.2770016e-01
  1.0105406e-01
 -1.8263005e+00
  4.7497988e-02
 -7.6981150e-02
 -9.4883476e-04
  4.6897609e-02
 -3.5737433e-02
  6.5835200e-02
  3.4143582e-01
 -1.1557655e-02
  1.6552934e-02
 -7.8585739e+00
 -6.0734712e-02
  1.1531735e-02
  5.0180848e-03
  1.2921278e-01
  3.8081132e-02
 -2.3297211e-02
  3.1696264e-02
  2.4521619e-01
  6.3539222e-02
 -6.2369131e-02
 -4.1719347e-02
 -4.7863282e-02
 -7.6630794e-02
  2.0589749e-03
 -4.0266797e-02
 -1.9654198e-02
  7.2806723e-02
 -6.6440874e-01
  5.3608321e-02
 -4.2162485e-02
  6.9092929e-02
  2.3464420e-01
  3.9373584e-02
  6.8101212e-02
 -1.7166611e-02
  1.4550512e-02
 -2.4088752e+00
 -2.0633277e-02
 -4.1839853e-03
  2.1316476e-01
  3.0021176e+00
 -4.3589916e-02
 -1.3296834e-01
  1.1354208e-01
 -5.9044652e-02
 -6.4557895e-02
  5.2900833e-01
  7.3106751e-02
 -3.5236761e-02
 -3.6319688e-02
 -2.5018046e+00
  4.6412483e-01
 -3.0936701e-03
 -6.2669054e-02
 -1.2160610e-01
 -1.8323603e+00
 -9.5413670e-02
  8.6340494e+00
 -6.1378300e-01
  4.6297124e-01
 -7.7385306e-02
 -1.5805729e-01
 -1.0869154e-02
  2.7838662e-01
 -2.4916099e-01
 -1.4140207e+00
  5.1929615e-02
  4.2748022e-01
  1.6713585e+00
  6.7129461e-03
  1.2924771e+00
  9.8328367e-03
 -2.4822247e-01
  2.2691337e-02
 -1.4353558e-01
 -4.5544854e-01
 -3.7863959e-02
  3.1529568e-02
  2.7931422e-01
  9.2671558e-02
  2.3772354e+00
 -2.2499149e-01
  1.5210282e-02
  5.4425512e-02
  1.5883043e-01
  6.7622431e-02
 -3.1921916e-02
 -3.6116753e-02
 -1.7434090e-01
  1.9576389e+00
  1.7938447e-01
 -2.8080201e-01
  4.6537963e-01
  2.3165613e-02
  1.0858690e-02
 -9.4766550e-02
 -8.1414469e-02
 -3.6846552e-02
  1.0792135e-01
  1.7673247e-02
 -1.2184939e-02
 -9.6398508e-03
 -6.9942527e-02
 -9.0311086e-03
 -2.7242426e-02
  3.7687335e-02
  6.6493796e-03
 -1.1694172e-01
  5.4113731e+00
  3.6837243e-02
 -3.3078048e-02
 -2.5179264e-01
 -5.7942607e-02
  2.2347888e-03
  1.7309120e-02
  1.8473001e-02
  1.9307531e-01
  1.7792161e-01
 -9.9452055e-01
 -1.3715990e-02
  6.0024235e-02
  5.8413949e-02
  2.3646599e-02
  1.0216941e+00
  1.4830509e+00
 -2.7878222e-01
  1.7448334e-02
 -7.4444234e-02
  1.3598803e-02
  5.1383118e-05
 -3.8188580e-02
 -6.3693129e-02
 -1.4716904e-02
 -4.3558918e-02
 -8.6040460e-02
 -1.4582485e-02
 -2.0059906e-01
  1.3503282e-01
 -6.1134096e-02
 -1.9539556e-01
  3.4590847e+00
  7.5236540e-03
  4.2566985e-01
 -3.5697244e-02
 -4.3132207e-01
  1.9439438e-02
  7.7441990e-02
  4.5640465e-02
 -3.9770245e-03
  2.5146368e-01
  5.9942402e-02
  5.0512098e-02
 -5.2460153e-02
 -4.5055851e-01
 -1.0094424e-01
 -1.3807173e-02
  7.7051409e-02
  4.6649713e-02
  7.1030654e-02
 -9.6907448e-03
  3.2349225e-02
  1.7161974e-03
  1.5647488e-02
  1.2615876e-01
 -6.2182400e-02
  1.5912108e-01
 -4.4592276e+00
 -8.4204763e-02
  2.5790153e-02
  2.7924327e-02
  6.4567067e-02
 -7.0544094e-02
 -3.9031535e-02
 -3.6240229e-01
 -1.6967691e-02
  5.8010321e-02
 -1.4205664e+00
 -1.0222220e-01
  9.1320139e-01
 -2.7746454e-01
  5.7015885e-03
 -3.0415691e-02
  9.5008999e-02
 -2.6183199e-02
  2.3752002e-02
  5.5019330e-02
 -4.5825582e-02
  3.0290861e+00
 -1.2663654e+00
  4.9078014e-02
  1.2390266e-01
  9.5297873e-02
  3.3696499e+00
 -4.2502680e-01
  4.6704960e+00
 -3.0125766e+00
  1.0562897e+00
  4.4249282e+00
 -1.0470740e+00
  6.8549619e+00
  1.3591063e+00
  6.3142335e-01
 -8.0308956e-01
  4.1130128e+00
 -6.4058566e-01
 -5.9657516e+00
 -1.4360026e+00
  3.3939633e+00
 -3.0276585e-02
  1.0346924e+00
  7.5971395e-02
 -3.4602766e+00
  1.0933757e+00
 -1.5725507e+00
  6.9121575e-01
 -3.6880658e+00
 -2.1312928e+00
 -1.7410873e+00
  1.8077167e+00
  2.9482450e+00
 -3.7452357e+00
 -1.2912730e+00
  8.7105191e-01
  8.5066341e-02
 -3.2120605e+00
  4.3365248e-02
  9.4916946e-01
  2.0233119e+00
 -6.1965966e+00
 -4.4869599e+00
 -1.5200073e-01
 -5.5148140e-02
 -2.5365481e+00
  1.3199347e+00
 -3.1486103e-01
 -2.5567076e+00
  1.1291644e-01
 -2.7961291e-02
 -1.3949758e-01
  9.2247417e-03
  4.4338364e-02
 -4.8307527e-02
  2.4767524e-02
 -6.7504436e-02
  6.0828781e-01
 -1.5215938e-03
 -2.4421230e-01
  1.0260700e-02
  1.9616571e-01
 -2.2304092e-01
  7.7403635e-03
 -3.2060802e-02
 -1.8212436e-02
 -3.4968331e-02
  4.3011341e-02
  1.9063000e-02
 -3.5413336e-02
 -1.2985225e-01
 -2.2218747e+00
  8.8696525e-02
  2.1617053e-02
 -7.7230660e-03
 -4.9763545e-02
 -2.4250932e-02
  4.4918628e-03
  2.1113386e-02
  1.3929947e-02
 -9.6674919e-02
 -1.0438582e-01
  2.7186787e-02
 -1.2824380e-01
 -5.6225095e-02
  6.5459289e-02
 -2.0112386e-01
  7.4642621e-02
 -2.1961769e-02
  1.9811447e-01
 -9.6025094e-02
 -5.3283129e+00
 -2.3410253e-02
 -1.7812546e-02
  4.1949987e+00
  2.3804674e-02
  1.4646759e+00
  9.6364789e-02
 -1.9769207e+00
 -9.9846207e-02
 -5.9977621e-01
  5.1652756e-02
 -7.5175665e-02
  4.1191271e-03
 -1.6067693e-02
 -6.3768633e-02
 -1.4818807e-01
 -4.9954526e-02
  4.8753433e-02
 -5.1228426e-02
 -3.2025938e+00
  9.7283721e-03
  2.6266154e-02
 -3.5060108e-02
 -2.3074524e-02
 -1.6391717e-02
 -3.2534638e-01
 -1.5810999e+00
 -7.7552475e-02
 -5.9704982e-02
 -2.7514383e-02
 -5.4229062e-02
  4.3097202e-02
 -8.1146866e-02
  2.9370902e+00
  1.7852727e-02
 -1.0746498e-01
 -1.3411386e-01
 -8.2339771e-02
 -6.2235452e-02
 -8.4699871e-04
  1.6259262e-03
  3.8814772e-02
  7.7733598e-03
  2.8028360e-01
 -1.0373744e-02
 -1.2575452e-02
 -5.9486154e-02
 -3.7480298e-02
  1.6562610e+00
 -3.1199801e+00
 -6.3426187e-03
  3.3505871e-03
  2.0223551e+00
  1.2904897e-01
  3.9535607e-03
 -5.8038764e-02
  3.9137088e-02
 -5.4518152e-03
 -3.0315541e-02
 -2.8940013e-01
 -4.5009398e+00
  1.2732390e-01
 -9.8365443e-03
 -3.1969357e-02
  5.1527518e-01
 -2.5795545e-02
  7.7930301e-02
  2.7018562e-02
  6.1871816e-04
 -2.2400992e+00
  2.1896878e-02
 -1.1986195e-01
 -9.3039192e-02
 -7.1604900e-02
  4.7159325e-02
  4.6269652e-03
 -8.3224408e-02
  4.3211129e-02
  7.3397093e-02
 -4.9644856e+00
 -4.0067438e-02
  1.9195156e-02
  1.7975785e-02
 -1.2293134e-01
 -1.3397133e-01
 -3.7020560e-02
  5.0883811e-02
  1.2555994e-01
 -2.1665835e-01
  5.3943370e-02
  1.1602492e-02
 -2.3165589e-02
  9.0506077e-02
  2.0829351e-01
 -2.9795486e-01
 -1.7773578e+00
 -8.3417155e-02
 -9.9061973e-02
 -2.4908100e-01
 -2.2760775e-02
 -9.2973538e-02
 -1.2511115e-02
  1.6313890e-01
  7.2054528e-02
 -1.1873757e-01
  2.8108933e-03
 -6.5925188e-02
 -9.1077171e-02
  4.5652252e-02
  2.8385863e-01
 -2.8529235e-03
  1.2930253e-01
  7.9585448e-02
 -1.2206305e-01
  5.5414323e-02
 -5.9924304e-02
  9.6012783e-01
 -9.9930421e-02
 -1.2910552e-01
  1.2514842e+00
 -4.4761548e+00
 -4.9915161e+00
 -7.7691400e-01
  1.2486755e+00
 -1.2228664e+00
  3.1068184e+00
 -1.3353975e+00
 -4.6472259e+00
  8.9156780e+00
 -3.8910094e-01
 -1.0941229e+00
  2.9272455e-01
  7.4026284e+00
  4.6131320e+00
 -5.4325457e+00
 -1.7503204e+00
 -3.0047808e+00
  2.8010647e+00
 -4.9199204e+00
 -3.4974847e-02
 -2.2390150e-01
  2.9626272e+00
  8.1972945e-01
  1.2025224e+00
  1.7029755e+00
 -5.5019388e+00
 -3.6932473e+00
 -5.9732156e+00
  2.6886621e-01
  7.7001788e-02
 -2.4954562e+00
  4.4193633e-02
 -1.3096697e+00
 -1.9011091e+00
 -3.5608804e+00
  2.6819432e-01
  2.3104663e+00
 -2.7529378e+00
 -3.0224934e-01
  2.0953131e+00
  3.7039807e+00
 -3.9199567e+00
  5.7383599e+00
  2.6000869e-03
 -6.9994707e+00
 -8.0970707e+00
 -5.9548602e-02
 -1.5930070e+00
  2.7219853e-01
  1.0622545e+00
  8.2953677e-02
 -5.6559958e-02
  2.2627780e+00
  1.2665769e+00
 -1.2738498e-02
 -7.6208578e-04
 -3.5412416e-02
  1.6559333e-02
 -1.2848447e-02
  2.1171592e-02
 -1.7355492e-02
 -5.8186390e-03
  2.7062003e-02
  1.1313425e-02
 -9.1489956e-02
  1.2760089e-01
 -8.0634832e-02
 -7.0854746e-02
  3.1866464e-01
 -4.2205867e-03
  7.7290781e-02
 -9.8196968e-02
 -4.7924719e+00
 -4.1798793e-02
 -7.6385452e-03
 -1.0620140e-01
  8.7799430e-02
  1.2993369e-01
 -1.4409490e-02
  2.6372349e-01
  6.4371891e-02
  2.1620519e-01
  2.7504754e-03
 -1.9231486e-01
  1.0010775e-02
 -1.1203249e-03
 -2.3144580e-01
  9.3009569e-02
 -9.1994071e-04
 -4.0305674e-02
  1.2340511e-01
 -4.5695126e-02
  3.0053647e-03
 -1.0567842e-02
  1.6065016e-01
 -2.1699695e-01
  3.2100324e-02
  1.1926879e+00
 -1.3276006e-01
  1.2335458e-01
 -7.4236020e-02
 -1.8095206e-01
  8.0899738e-02
  5.2318752e-01
 -5.2912686e-02
 -1.1385402e-01
 -9.2705060e-03
 -7.4671857e-02
  1.8275931e-02
  8.8140830e-02
  3.5624465e-01
  1.2736510e-01
 -7.7747814e-02
  2.1065433e-01
  3.4218758e-02
 -7.4488334e-02
  1.5067589e-01
 -3.1101363e-02
 -2.7912804e-01
  2.2141845e+00
 -9.8813593e-02
  6.1806008e-02
 -1.0697550e-01
 -1.1411702e-01
 -3.0493010e-02
 -9.8959929e-01
 -3.5227215e-01
  2.1728888e+00
  5.9676057e-01
 -9.9084396e-03
 -1.5408075e-02
  1.2293004e-01
  7.8686118e-02
  5.1900667e-01
  8.8921261e-01
  1.8284737e-01
 -4.7698855e-02
  7.1293758e-03
 -1.5916033e-01
 -1.0371611e-02
 -1.2000680e-01
  1.2903909e-03
 -2.6767036e-02
 -1.6139761e-01
 -7.3231354e-02
  1.3906057e-01
 -1.2958481e-02
  9.9510849e-02
  3.0492699e-02
  1.0113086e-01
 -1.2552015e-03
  1.5542957e-02
 -5.2198434e-01
 -9.3591675e-02
  4.1467074e-01
 -2.6898435e-01
 -3.6567885e-03
  5.9107813e-04
  1.2645518e-02
  9.0216853e-02
 -1.7340529e+00
  1.2510129e-03
  2.0638251e-01
 -8.7251469e-02
  1.7136411e-01
  1.8958466e-02
  2.6007587e-01
  6.6281259e-02
  6.3745618e-02
  2.0764483e-02
 -3.7989870e-02
  1.7640562e-01
  8.1152223e-02
  1.2413499e-02
 -1.3650739e-02
  8.1059575e-02
  7.1809642e-02
 -4.3941554e-02
 -3.1985562e-02
 -3.5354391e-02
  5.8225144e-02
  8.4803678e-02
 -4.4389497e-02
  1.6826861e-01
  1.6642244e+00
 -1.1976578e-03
 -5.2316975e-02
 -3.1508413e-01
  6.2913269e-01
 -7.0082313e-01
  2.5243439e-02
 -3.2030744e-03
  2.5371330e-02
  1.4756634e-02
  2.0445669e-02
  3.9152469e-02
 -3.3024009e-02
 -7.1930975e-02
  1.2749867e-01
 -4.3550026e-02
  5.6711495e-02
  7.9428472e-02
  8.7006867e-01
 -9.8491359e-01
 -3.6912596e-01
 -2.9835477e-01
  1.8833956e-01
  1.0485361e+00
 -1.5088526e+00
 -6.4760250e-01
  2.3450553e+00
 -3.8838506e+00
  9.8945242e-01
 -5.2478156e+00
 -2.5309229e+00
  2.9423151e+00
  9.0623337e-01
 -3.6534011e+00
 -1.3175471e+00
 -2.3696866e+00
 -1.0754687e+00
 -2.3055770e+00
 -8.6415130e-01
  5.3621203e-01
  2.8421843e+00
 -3.2964945e-01
 -3.8570788e+00
  3.9809639e+00
 -6.2061501e-01
  3.8966212e+00
 -1.8131432e-01
 -2.4889684e+00
  1.0351088e+00
  1.7617604e+00
  2.6241102e+00
 -4.6577418e-01
  2.6100893e+00
 -1.9475259e+00
 -7.8595531e-01
  9.9628741e-01
 -1.5905917e+00
 -1.3792077e+00
 -3.0810540e+00
 -1.8700519e+00
  1.8206062e+00
  6.9254150e+00
 -1.0741989e-01
 -8.4648117e-02
  3.4924781e+00
  2.6262701e+00
  5.7903260e-02
  1.3666710e-01
  2.1989387e-02
  3.3011153e-02
 -2.0316460e+00
 -3.0540505e-02
 -1.1363982e-01
 -1.5319736e-01
  1.0694727e-02
 -7.1459436e-03
 -7.8411907e-02
  5.7100989e-02
  1.4401147e+00
  1.0244276e-01
 -9.0768673e-02
  1.3885695e-01
 -4.9460740e-03
  1.5085888e-02
  6.2874737e-03
  4.9571518e-02
  1.5812740e-01
  2.1049319e-02
  5.2844453e-01
 -1.2349027e-03
  6.6801384e-03
  2.6247175e-03
  7.4295834e-02
 -4.3209556e-02
 -3.6684886e-01
 -3.4983009e-02
 -8.3664614e-01
  1.9610643e-02
 -1.2661242e-01
 -3.4541398e-02
  2.5324438e-02
  3.3148322e-02
  2.2098628e-01
  6.3157284e-01
  6.4608060e-02
 -1.9258587e-02
 -6.5153860e-03
  1.5078600e-02
  1.3122948e-01
 -1.3166023e-02
  3.2947041e-02
 -3.4869831e-02
 -1.4932163e-01
  7.3223852e-02
 -1.4746869e-01
  2.9957626e-02
  1.3068970e-02
  7.2203465e-02
  8.8912964e-02
 -9.4194196e-02
  3.4811910e-02
 -1.3280870e-01
  1.4098278e-01
 -4.7010221e-02
 -3.8223121e-01
  5.8952473e-02
 -1.0197190e-01
  1.0415316e-01
  7.7274740e-03
 -3.2272499e+00
  7.5726628e-02
 -3.4253173e-02
 -1.8182162e-02
 -1.7363013e-01
 -5.0208844e-02
 -2.0634169e-02
 -1.3142684e-01
  3.7617344e-02
  2.2251550e-02
  1.0542067e-01
 -1.5045965e-02
  1.9451749e-01
  6.7076337e-04
  8.8783866e-03
  7.7864830e-03
  9.7497916e-03
  7.3896134e-01
 -8.6772114e-02
  4.6489215e-03
 -2.2161575e-03
  7.7459909e-04
 -2.5639927e-02
  1.5263860e-02
 -3.9358776e-02
 -5.2069859e-03
  1.4274099e-01
  9.4579570e-02
  2.7969692e-02
 -4.2420421e-02
  4.0730953e-02
 -7.0317276e-02
  1.4826773e+00
  9.4821312e-02
  4.2005729e-02
  9.5577911e-02
 -6.0455058e-02
  2.3377843e-02
 -1.5244222e-02
  9.9241205e-02
 -1.3014575e-02
 -7.4362808e-01
 -9.4311662e-02
 -2.7170882e+00
 -7.7665651e-01
 -4.1368341e+00
 -4.0606298e+00
  6.1320257e+00
  1.2086934e+00
  5.3018517e+00
  3.3368215e-02
  8.4900703e+00
 -2.5422823e-01
  2.2992637e+00
  1.0380780e+00
 -9.8481971e-01
  2.5816101e-01
 -4.3927014e-02
  4.0290824e-01
 -4.2604671e+00
  1.1373653e+00
 -8.2811326e-01
  5.3409183e-01
  2.0527651e+00
 -1.0459464e+00
 -2.1855333e+00
 -3.5107708e+00
  4.4857073e-03
 -2.6216438e+00
 -4.5680685e+00
 -4.1453815e+00
  1.0787040e+00
 -1.1483965e+00
  4.5438385e-01
  4.5431542e-01
 -1.3649306e+00
 -3.0462677e+00
 -6.7730427e+00
  1.2519222e+00
  5.5359919e-03
 -5.7896659e-02
 -3.0253673e+00
  3.2007448e-02
 -1.3087152e-02
  1.1159194e+00
 -3.6504235e+00
  2.5787039e+00
  1.9388737e-02
 -2.9972751e-02
 -6.7425005e-02
 -4.7755636e-02
 -2.7254213e-02
 -2.5910473e-01
  2.0737131e-03
 -1.3414874e+00
 -1.8992769e+00
  5.3285486e-03
  7.3262431e-02
 -4.9286091e-01
  3.3303585e+00
 -1.7254952e+00
 -2.6433072e+00
 -9.8416573e-01
 -4.6761899e+00
  6.8832836e+00
 -6.0287628e+00
  1.3886330e-01
  1.0248646e+00
 -4.6992290e-01
  7.2652996e-01
 -3.3768194e+00
  4.2951374e+00
 -3.3146794e+00
  4.2524359e-01
 -1.2736620e-01
 -7.5140624e+00
  2.8143015e+00
  2.0872953e+00
 -4.9908943e+00
  1.3864942e+00
 -1.3549502e+00
  4.1596632e+00
  1.4477316e+00
  8.6480255e+00
  1.5949053e-01
 -6.0834341e+00
 -5.0340080e-01
  1.2069192e+00
  3.9123454e+00
  3.3737698e+00
  5.9207573e+00
 -3.3522943e-01
 -3.6124449e-02
 -5.1289158e+00
 -6.4868755e+00
 -9.5205235e-01
 -3.1778853e-02
  4.5298417e-03
  6.7184381e-02
 -8.0268510e-02
  4.0119891e+00
 -1.0530360e-02
 -4.8989605e-02
 -7.8562662e-02
 -6.9931768e-02
 -6.5973365e-01
 -1.5559554e+00
  1.5435212e+00
  2.3937348e-02
  3.2726834e+00
 -8.6922121e-01
 -2.7882839e-03
 -2.9520228e+00
 -2.6249251e+00
  5.7057470e-02
 -3.1469733e-01
 -1.4322512e+00
  1.9371105e-02
 -3.4897113e+00
  1.7718557e-01
 -5.7495129e-01
 -2.9098761e+00
 -2.9863203e-01
 -4.4402687e-04
 -7.9869294e-01
 -6.8615493e-03
 -6.8616521e-01
 -2.0922755e-01
 -1.7779297e-01
 -1.9715036e+00
 -1.2615743e-01
 -5.1318401e-01
  6.0124087e-01
 -4.4355369e-01
  1.4047382e+00
  1.8502645e-01
 -4.9902606e-01
 -4.0472671e-01
 -1.0379175e+00
 -5.5977684e-01
 -1.7040129e+00
  2.5167434e+00
 -1.0680788e-01
  4.7050804e-01
 -9.3874782e-02
 -2.8265166e+00
  2.3414714e+00
  1.4966591e-01
  3.5969347e-02
  1.0434432e-01
  2.9651363e+00
  4.1693163e+00
  1.2858574e-02
  8.4512126e-01
  2.7980345e-01
  3.1150809e-02
 -5.1690495e-01
  4.3940924e-02
 -3.9615002e-02
 -1.4061429e-01
  3.6572653e-03
 -2.1480659e-02
  2.2385273e-02
 -1.8307292e-01
 -5.9535444e-02
 -1.7026578e-01
  2.9916996e-03
 -4.9448881e-02
 -1.2439728e-02
 -4.2829406e-02
  2.9716647e-01
  1.3393997e-02
 -2.5359018e-02
  1.5024695e-01
  5.0430041e-02
  9.1063179e-02
  4.8444524e-02
  1.1496270e-01
 -2.8072458e-02
  5.1658647e-03
  2.5635440e-02
 -8.9194961e-02
  7.4854344e-02
 -6.7804294e-04
  1.0750800e-02
  4.2093206e-02
  4.8419172e-03
  5.4903530e-02
  1.5251097e-01
  7.8781620e-03
 -9.9271648e-02
 -1.3002298e-02
 -6.1728351e-04
  2.4913060e-02
 -1.2903377e-01
 -2.1102017e-02
 -1.5457693e-03
  1.4315258e-02
 -1.8242912e-02
 -4.7554117e-02
  1.1931654e-02
 -1.2251280e-01
  6.2266253e-03
  4.3631643e-02
  5.3675339e-02
 -1.2116446e+00
 -1.1115781e-01
 -2.1981773e-01
  7.4356121e-01
  2.3643823e+00
  4.3313113e-01
 -2.3833582e+00
  1.5656630e+00
 -6.5502439e+00
  5.9185829e+00
 -3.2626066e-01
  3.2975438e+00
  8.0976158e-01
 -4.0686615e-02
  2.3250442e-02
  1.3826247e+00
 -1.3066825e-01
 -9.0978444e-01
  3.3877761e+00
  1.9465843e+00
  2.7278075e+00
 -1.6257837e-01
 -5.3600830e-01
 -1.5516842e-02
 -2.2145970e+00
  3.6374249e+00
 -1.3123071e+00
  3.0201218e+00
  3.3142126e+00
 -3.7240324e+00
 -3.9680848e-01
  3.9166504e-01
  5.2347322e+00
 -7.5110102e-01
 -5.1072821e-02
  1.8685901e+00
 -1.7851651e+00
  5.2146024e-01
  1.6948727e+00
 -3.9708498e-01
  2.8241011e-03
 -1.0181644e-01
  1.8906908e-02
  1.2537108e-01
  2.9278076e+00
 -8.5464433e-02
  1.9401504e-02
 -5.0455917e-02
  1.4350536e-02
  8.0131134e-03
  4.3382421e-02
 -1.6772058e-02
  1.4162204e-02
  2.6085895e-02
  1.0780229e-01
  2.6069708e-02
 -9.0496659e-02
 -5.2439499e+00
  2.9217077e-02
 -6.1726432e-02
  2.0736462e-02
  1.8171646e-01
  1.7282645e-01
  3.0128770e-02
  7.7910930e-02
 -1.2633806e-03
  1.3313060e-01
 -4.4975944e-02
 -8.6987898e-02
  1.2007497e-01
  1.4591188e-03
  4.6468537e-02
 -9.0110838e-02
 -7.8108557e-02
 -1.8080166e-01
  5.6727100e-02
 -1.2699275e-01
  3.4082177e+00
  1.2527204e+00
  8.3890267e-02
 -2.1584949e-01
  1.4620159e+00
  1.0920473e-01
  2.6846093e-03
  2.7632391e+00
  5.4348987e-02
  2.6147917e-02
  5.3181365e-02
  6.2645807e+00
  2.7670270e-02
 -6.8868883e-02
  2.5370583e-02
 -2.5070703e-01
 -2.4040807e-02
 -6.0702730e-02
  1.0096799e-01
  9.1607086e-02
 -3.5399064e-02
 -4.2303703e-03
  1.0519803e-01
 -3.9250161e-02
 -9.8195873e-02
 -3.7748598e-02
 -2.3469865e-02
 -4.9106717e-01
  3.7660471e-03
  3.6817420e-01
 -2.7275431e+00
 -3.6423478e-01
  5.0123334e-01
  2.0382132e-01
  6.3028675e-01
  1.0211494e+00
  5.9626363e-02
 -1.9892683e-02
  5.8833184e+00
  4.1441798e-02
 -3.1128547e-01
  1.6494365e-02
  8.1137709e-02
  2.0916823e-02
 -4.5581821e-02
 -6.6473931e-02
 -3.0735329e-02
 -2.9271117e-01
 -9.7494468e-02
 -3.9658960e-02
 -3.2856479e-02
 -8.5062027e-04
 -8.3258951e-01
 -7.5020075e-02
 -4.7122103e-01
  6.2725572e-03
  6.1561084e-01
 -2.8113857e-01
  7.1714777e-01
  6.0741186e-01
  8.4068000e-01
 -7.3975936e-02
 -4.0777132e-01
  2.2878724e-01
 -4.1884627e-02
 -6.2263615e-02
 -1.5872823e-02
  3.3646187e-01
 -1.0311604e-01
  1.5474373e-01
  1.4371451e-02
 -1.0683337e-02
  2.2857894e-01
 -5.7319723e-02
  2.3747956e-02
 -2.6159590e-02
 -8.2861288e-03
  1.1555606e-01
 -9.9331057e-01
 -4.1347189e+00
  3.1890781e+00
 -2.7363276e+00
  3.0693190e+00
  7.4642539e-01
 -3.6453910e+00
  3.1337016e+00
  2.0012494e-02
  6.7673260e-03
  1.3437400e+00
  7.2679729e+00
  1.2481983e+00
  3.3016877e+00
 -3.6319542e+00
 -1.1961332e+01
  2.0896881e+00
  4.8528594e-01
 -2.0550923e-01
  1.6273106e+00
 -1.1399567e+00
  4.2011258e-01
  9.4619542e-01
 -9.6081984e-01
  7.5090176e-01
 -2.8698568e+00
  1.5223939e+00
 -8.5125124e-01
 -9.5692091e-03
  1.5574250e+00
  1.6625944e-01
 -1.1705371e+00
  1.3831292e+00
  3.4076619e+00
 -3.3666047e-01
 -1.5863775e+00
  1.0886018e+00
 -8.2176171e-02
  1.1749855e-01
  1.4923133e-02
 -5.4226410e-02
 -2.6866673e-03
  3.8589220e-02
  1.4606580e+00
  1.9492845e-01
  2.4199734e+00
  2.4284913e-01
  2.1255930e-01
  6.0025703e-02
  7.4772812e-02
  1.5904073e-01
 -9.2631441e-01
  6.7334038e-01
  1.3381987e+00
 -2.1018851e+00
 -2.2971690e+00
 -6.1140090e-01
 -1.4834160e-02
  1.3988630e+00
 -2.4856891e-02
  3.3061419e+00
  6.4331460e+00
 -1.2495696e+01
 -1.6143519e+00
 -1.4625905e-01
 -1.7648187e+00
 -3.0150570e-02
 -1.5452126e+00
  2.7613118e+00
 -6.0310855e+00
 -6.5028065e-01
  1.1566786e+00
 -6.2905508e-01
 -1.2326825e+00
 -4.9355907e+00
  2.5752919e+00
 -1.3508611e+00
  1.2407943e+00
  1.9709564e+00
 -6.6366166e-01
 -1.7302200e+00
 -2.0626719e+00
  7.6198477e-01
 -7.1395355e-01
 -9.5928025e-01
 -1.6286391e-01
  1.0678940e+00
 -1.6449114e+00
 -3.5972409e+00
 -8.2865876e-01
 -6.6330748e+00
  1.8570402e+00
  5.3063893e+00
  9.6594220e-01
 -3.7221700e-01
  3.2722931e-02
  1.0223505e+00
  9.8162260e+00
  9.7306883e-01
  6.8159103e-02
  1.0822775e+01
  1.6694173e-02
  4.0584869e+00
  1.5891672e+00
  1.3434855e+00
  1.0269390e+01
 -2.6394287e-01
 -1.2593498e+00
 -6.7673761e-01
 -8.5013723e-01
 -2.8226628e+00
 -3.0789578e+00
 -5.9585895e-02
  3.6682910e-01
  2.7227557e-01
 -5.6303263e-01
  5.7101613e-01
  3.7663865e-01
 -3.7752302e+00
 -5.0624561e+00
 -1.8752744e+00
  2.6141977e+00
  6.6028705e+00
  2.5392570e+00
  2.4046082e+00
 -3.0742040e+00
 -1.2382609e+00
 -4.6258149e+00
  9.4378495e-01
  1.4930654e+00
  2.4842285e-02
  1.1102135e-01
  3.1354909e+00
 -4.1766057e+00
  1.8468466e+00
  3.6557674e+00
 -2.3046310e+00
 -1.3533334e+00
 -8.8370342e+00
 -3.0432416e-02
  1.1143277e-02
  7.2181028e-01
 -7.5504079e-02
  2.0885570e+00
  1.0028202e-01
  7.3016889e-02
  9.3501501e-02
 -1.1072751e-01
 -7.4499543e-03
 -6.8418668e-03
 -1.1386623e-01
  1.3640029e-02
  1.0241777e-02
 -4.4488853e-01
 -2.8801525e+00
 -3.8010437e+00
 -1.9973400e-01
 -1.7745366e+00
 -2.8921175e+00
 -1.0848708e-01
  1.5502745e+00
 -1.1912998e+00
 -6.7891030e+00
 -2.3923953e+00
  6.4086610e-01
 -1.1653599e+00
 -1.3168308e+00
  6.4642782e+00
  4.8964181e+00
 -1.1346507e+00
 -1.0258175e+01
  4.0218598e-01
  2.3818731e+00
 -1.5736912e-01
  8.0083990e-01
  1.1817962e+00
 -1.7733459e+00
 -6.7099476e-01
 -3.8079941e+00
 -4.7407975e+00
  2.1156244e+00
  1.4373506e+00
  1.7950338e+00
  1.8701520e+00
 -3.6198616e+00
 -3.8683026e+00
  5.3045140e-03
  1.6294767e+00
  7.5865293e-01
  1.0822536e+00
  1.4628363e-01
 -2.6657033e-01
  8.8345599e-01
 -6.7931004e-02
 -8.4167534e-01
 -2.3935262e-02
 -6.2624678e-02
 -1.6007209e-01
  2.1738579e-02
 -4.0145069e-01
 -1.1993337e-01
 -1.0626461e-01
 -7.8066804e-02
  5.0674368e-02
  1.1201706e-02
 -1.4940765e-02
  3.1660414e+00
 -1.3803996e-01
  3.6101079e+00
  4.4447053e-02
 -6.8781458e-02
 -8.1023775e-02
  1.1077300e-02
  1.1203280e-01
 -2.0159151e-01
 -1.3472656e-02
  1.4450406e-01
  5.0863926e-03
 -6.7389213e-02
  1.2630919e+00
  5.6319468e-02
  5.3551923e-02
  1.7687302e-02
  1.1396899e-01
 -1.2737832e+00
 -2.5337046e-02
  2.1068187e-02
 -9.0700179e-02
  5.8602177e-02
 -1.0442959e-02
 -6.8322040e-02
  6.9835424e-02
  7.5506657e-02
  4.7142543e-02
 -2.2113787e-02
 -8.6447246e-02
  1.0251041e-01
  1.3196609e-02
  4.0001553e-02
  2.7979515e-02
 -8.6558484e-02
 -1.7553527e-02
  7.8352369e-02
 -4.2355992e-02
 -2.8543036e-02
  4.3595347e-01
 -1.8373979e-02
 -8.7214164e-02
  2.1299506e-02
 -3.6631461e-02
 -1.7845659e-01
  1.9067133e-02
  2.9573863e+00
 -3.7302427e-02
  3.8848992e-03
  1.3531977e+01
  8.7508237e-01
  2.9530697e+00
  3.9120703e+00
 -2.1644409e+00
 -1.1577412e+01
  5.7712412e+00
 -4.5066328e+00
 -1.0745558e+01
  3.4668076e+00
  4.3104749e+00
  1.3595119e+01
 -6.8099203e+00
 -1.2004047e+01
  1.5944433e+00
 -8.6891775e+00
  8.2801992e-01
  4.0984750e+00
  5.3984766e+00
 -5.8539003e-01
  2.2067842e+00
 -1.6958699e-01
 -2.0128693e-01
 -5.0214915e+00
 -5.2593741e+00
  2.2609510e+00
  3.2218237e+00
  3.3832421e+00
 -2.9977522e+00
  3.9925168e+00
 -1.7522851e+00
 -7.8383679e+00
 -2.5956738e+00
  3.0417662e+00
  4.7809839e+00
 -1.1183484e+00
 -1.8890681e+00
 -1.4946135e-02
  4.5315952e+00
 -7.4685960e+00
 -5.9560113e+00
  1.5419287e+01
  1.0028124e+00
 -2.9665637e+00
  3.6112621e-02
 -2.1412864e+00
  8.5654974e+00
  2.3667414e-02
 -4.6660672e-03
  6.5432847e-02
 -6.9196828e-02
 -8.0610317e-01
  3.8293016e+00
 -1.3453715e+00
  1.0957415e+00
  2.8070441e-01
  6.3549504e+00
  2.6920233e+00
  1.0506336e+01
 -6.2002286e-02
  3.2940052e+00
 -2.5488999e+00
 -6.9253306e+00
 -2.5515270e+00
  6.7076522e-01
  4.5917339e+00
  4.8364482e+00
 -3.7287908e+00
  2.6784024e-01
  2.2598686e+00
 -2.6000181e-01
 -2.4878296e-01
  1.4471608e+00
  1.3544608e+00
 -1.6153065e+00
 -2.5441390e-01
  1.2675493e-02
  3.6495681e+00
 -3.0120793e-01
  4.4888949e+00
 -1.6713816e-01
  1.7210534e+00
 -3.0833426e-01
  1.4231434e+00
  2.5316134e-01
  9.6528000e-01
 -4.1829601e-01
  1.4378439e+00
 -5.9855893e-02
  1.5456682e+00
 -1.9800594e+00
  2.5318234e+00
  1.4830611e+00
  6.8538580e+00
  1.9948645e-02
 -2.4800107e-02
 -1.0296990e+00
 -4.7776042e-03
 -1.0013171e-01
  1.6123830e-01
  2.7405605e-01
  4.3766952e+00
 -7.4772030e-01
 -7.6145656e-02
  9.8713361e-02
 -4.7546601e-01
 -1.7177951e+00
  4.5801455e-01
 -5.4595736e-03
 -2.9709374e-03
  7.7577811e-01
  2.2958897e-01
 -2.8114547e-03
 -3.2365650e-01
  1.6343907e-02
 -8.5633229e-03
 -4.1874159e-02
  2.0961333e-02
 -1.3429666e-01
 -2.1421242e-01
  1.0840417e-01
  5.9843302e-02
  1.9202931e-01
 -1.2544752e-02
 -1.2021289e-02
 -6.5088168e-02
  9.3060009e-02
 -6.7225641e-01
 -2.8866753e-02
  1.6780307e+00
 -1.0798462e-01
  1.3319999e-01
  2.2458301e-01
  2.0227753e-01
  2.9344228e-01
  2.8970987e-01
  3.7340167e-01
  6.1979038e-03
  4.2454958e-02
 -5.0285090e-02
  1.6649409e-01
 -2.8873485e-01
 -1.0580120e-02
 -7.5286835e-02
  9.3751326e-02
 -1.1501215e-01
 -4.9437083e-02
 -3.4680426e-02
  4.2458043e-01
 -1.4989325e+00
  3.0146739e-01
  1.9585207e-02
  3.2372631e-02
  2.2587338e-01
 -1.5192441e+00
  2.5092198e-02
 -2.5435612e-02
 -2.8040005e-02
 -3.8749419e-02
 -8.9096382e-02
  7.9995506e-02
 -4.5736279e-02
 -4.6490397e+00
  4.5756297e-03
 -3.1148607e-02
 -1.1770558e+00
  5.4869996e-03
  2.8828883e-01
 -1.0452073e-02
  2.9537862e-02
  6.5323323e-02
  3.3357650e-02
  4.8194028e-02
 -1.4786171e-02
 -9.1623825e-01
  7.9761520e-02
  2.8192201e-01
 -7.5760014e-02
 -2.0648466e-01
 -1.1443442e-01
  7.3543288e-02
  7.1808179e-03
  3.7771352e-02
 -1.3572641e-02
 -2.4113999e-01
 -4.4160962e-02
 -1.8613890e-02
  2.4507020e+00
 -4.4132721e-02
 -3.4919046e-02
 -3.6881588e-02
 -3.5900947e-02
 -1.9113716e-03
  7.6227985e-02
  1.4342989e-01
 -1.4318620e-01
 -7.0975795e-02
  1.2172163e-01
 -5.2344068e-03
 -9.3121015e-02
  1.3658280e+00
 -2.4998897e-01
 -1.1112930e-01
  2.3297215e-02
 -1.6457013e+00
 -6.3340843e-01
  1.0486751e+00
 -5.8384943e+00
 -4.6159562e-01
  9.5186347e-01
  1.3423098e+00
 -7.7011979e-01
 -7.8679675e-01
 -3.0390098e+00
  2.5813429e+00
 -7.1115751e+00
 -4.0005598e+00
  6.7854178e-01
 -3.3254225e+00
  2.0758311e-01
 -1.5473068e+00
  2.0993483e+00
 -1.4011599e+00
 -5.0957245e-01
  1.0797572e-01
 -6.1167091e-01
 -6.9384199e-01
  4.2457405e-01
  9.3008536e-01
 -9.7194582e-01
 -9.0844464e-01
 -1.6506919e-01
 -3.6950389e-01
  3.0517587e-01
  2.0321755e+00
 -8.0453068e-01
  1.1756570e+00
 -4.0967429e-01
 -1.7143686e-01
 -1.9448814e-01
  4.4589806e-01
  5.0289683e+00
 -5.3584397e-01
  5.7482243e-01
  4.9400312e-01
 -3.7627752e+00
 -3.9040542e+00
 -3.7266808e+00
  6.4540133e+00
  3.0067897e+00
 -6.0549021e+00
  1.2165639e+01
  2.3925698e+00
  7.9537163e+00
  4.6118464e+00
  7.3107858e+00
 -2.8614864e+00
  1.3073187e+00
 -2.8630843e+00
 -1.2481599e+01
 -3.4916095e-02
  5.4377546e+00
  1.0883974e+01
  3.4261093e+00
 -2.7231410e-02
 -8.8276033e+00
 -2.9626541e+00
 -1.3428019e+00
  1.3798704e+00
 -4.5873868e-01
  6.7864484e-03
  2.7328646e+00
  1.7507981e+00
 -5.5076928e+00
  4.7390456e+00
  1.3460470e+00
  1.2576832e+00
 -6.0272412e+00
 -1.1938953e+00
  7.9212422e+00
  4.3750200e+00
 -3.3532956e+00
 -7.7719533e-01
  2.7735415e+00
 -8.2428360e-01
  1.7579325e+00
  3.2446485e+00
  2.9420023e+00
 -1.3321880e+00
 -2.7095063e+00
 -2.4421756e+00
 -1.3172116e+00
  6.0653422e-02
 -1.3422463e+00
  8.5088551e-01
  1.3197401e-01
 -4.2683548e-01
 -2.6220615e+00
 -6.9462323e-01
  9.6773971e-03
 -1.6505475e-01
 -4.2474627e-02
 -2.8548460e-02
 -6.7690901e-02
  4.4032238e-02
  6.4000905e-02
  1.1619951e+00
 -2.1289663e+00
 -2.2963569e+00
 -2.3321033e+00
  1.1694198e-01
  9.2672622e-01
  1.5475725e+00
  3.5545092e+00
 -8.0902165e-01
  4.6472130e+00
  4.3570242e+00
  6.2275946e-02
  1.6290547e+00
 -4.0015340e-02
  3.1912091e+00
 -1.5081664e+00
 -3.9835651e+00
 -3.7990141e+00
 -1.6583248e+00
  4.6438408e+00
 -1.9332749e+00
  2.6199505e+00
  1.6029061e-01
  4.0680856e-01
 -4.6231246e+00
 -1.1230566e-01
 -4.7030153e+00
  9.3681294e-01
  6.4100975e-01
 -1.6743351e+00
  4.4764271e+00
 -1.2130748e+00
  4.0341580e-01
  6.1071243e+00
  2.5295091e+00
  6.3793159e-01
  2.7493522e+00
 -2.3917468e+00
 -4.2690444e+00
 -2.0927303e+00
 -9.5845260e-02
  4.0041152e-02
 -1.0086995e+01
  2.6247449e+00
  3.6966268e-02
  1.0963411e+00
  1.6635792e+00
 -1.9904689e-01
 -3.1530529e-02
 -2.3578947e+00
  1.0162697e-01
  2.7877259e-01
  5.5944663e-02
 -7.4755646e-02
  2.8282506e-03
  3.0286554e-03
 -7.9129741e-02
 -4.5898046e-02
  3.9603177e-02
 -4.9806502e-02
  9.2995772e-03
  2.3673223e-01
  1.6332607e+00
 -1.5151424e-02
  3.2051580e+00
 -7.2785638e-02
 -2.0768920e-02
 -9.2532318e-03
  9.1561995e-02
  9.3883112e-02
  1.2603348e-01
 -9.9094406e-02
 -2.1005650e-01
  1.0971844e-01
  8.4248461e-02
  3.4704304e-03
 -4.9482923e-02
 -9.4144955e-02
  1.1674240e-02
  2.6174568e-02
  2.1515591e-02
  2.3225715e+00
 -4.6517846e-01
 -1.7713004e-01
 -3.0572966e-02
  1.1389209e+00
  5.7893158e-03
 -6.5927066e-02
  1.9317970e-02
  7.3699929e-02
  1.5363653e-01
 -8.4832422e-03
 -3.9788030e-04
  4.8166148e-02
  7.7026373e-01
  9.1740772e-02
  3.4084778e-02
 -1.0689417e-01
 -4.9852085e-01
  1.0508579e-01
 -3.8513524e-04
  4.6614714e-02
  2.1989740e-01
 -3.1498218e-01
 -1.6062199e-01
 -3.7454821e-02
  3.3223134e-02
  7.5682424e-02
 -8.0486000e-02
 -5.2301758e-03
 -9.2813984e-02
  5.7219308e-02
 -1.6972028e-01
 -2.7130583e-02
 -5.2976314e-02
 -5.3048603e-02
  9.3166542e-05
 -3.6418650e-02
 -2.1462152e+00
  3.3789623e-01
 -2.0702210e-01
 -4.2563644e-03
  3.7619017e-02
  1.1247791e-01
 -1.1038392e-01
 -1.0014235e-02
 -7.1850359e-03
  3.6787886e-02
 -3.8854710e-03
  1.9550156e-02
 -1.0951697e-01
 -8.1944764e-02
  1.8051691e-01
 -4.4702798e-02
 -1.4260747e-02
  1.9476308e-02
 -5.9543554e-02
 -2.8218737e+00
  5.2022960e-02
  3.9955089e+00
 -9.8819315e-02
 -2.5646777e-03
 -3.9409678e-02
  7.4281973e-01
 -5.9719402e-02
  3.5312343e-02
 -3.1809818e-02
 -5.3773932e-02
  7.8614578e-02
 -4.4775464e-02
  4.3521076e-02
 -1.2202021e-01
  2.4786371e-01
 -9.7070588e-03
  6.2805153e-02
 -1.6027451e-01
 -1.4256582e-01
 -1.2940084e-02
  2.6636269e-02
 -8.1313312e-02
 -1.4112100e-01
 -1.7162580e-02
 -3.1958442e-02
  2.3837689e-02
 -7.3250541e-03
  7.2748192e-02
  6.5853320e-02
  9.9333838e-02
 -9.9125728e-02
 -2.7153593e-02
  8.6407281e-02
 -2.8315905e-02
  4.0778250e-02
  2.5728427e-02
 -3.2993034e-02
 -1.2504351e-02
 -4.8558284e-02
  1.0667060e-01
 -4.4622701e-03
 -1.1056763e-02
  2.2293979e-02
  3.0456888e-02
 -2.7681526e-02
  5.7808910e-02
  1.5321925e-01
 -7.7579118e-02
  1.9879030e-02
  3.8432352e-02
  1.0301620e-01
 -4.5604452e-02
  9.2179012e-03
  1.2953090e-02
  7.9300985e-02
  1.0811506e-03
  1.8007316e-03
 -8.2762778e-02
 -5.0953154e-02
 -9.5361151e-02
 -4.6852078e-02
  6.1852444e-02
 -6.4901844e-02
 -1.7008764e-01
 -9.4969163e-04
  6.4202386e-01
  3.4677625e-01
 -1.3749045e-01
 -6.3064702e-02
 -1.6068918e-01
  7.8709878e-02
  1.4642608e-01
 -6.4459466e-04
 -1.1915005e-02
  1.7674415e+00
 -1.5674865e-02
 -1.3017926e-01
  4.9689552e-03
  2.5843577e+00
  5.9361029e-02
  6.7849971e-02
  3.1602107e-02
 -3.2511435e-02
 -2.6879164e-03
 -2.9411088e-03
 -9.3585394e-02
  5.0031477e-01
  9.0040699e-02
 -1.0500218e-01
 -1.0346996e-02
  3.0320950e-02
 -2.5037838e-02
  6.1691966e-02
 -3.1129679e-02
 -3.6494562e-01
 -1.6772082e-01
 -3.8092498e-02
  5.2304741e-02
  2.4715052e-03
  6.8222522e-03
  5.3755891e-02
  2.4252979e-02
 -1.0235699e-01
  2.4485004e-01
  3.1699248e-02
  8.2508445e-02
 -3.9334369e+00
 -3.1972602e-02
  4.9152832e-02
 -2.2613233e-02
  6.2188137e-02
 -1.0613595e-01
 -7.1205734e-04
  7.2278887e-02
  1.3080280e-01
  2.4857512e-02
 -5.6681917e-03
  1.0956975e+00
 -8.2862467e-02
  4.0858817e+00
 -6.1877463e-02
 -7.4438646e-02
 -3.7310880e-01
 -2.0149033e+00
  3.9394476e+00
  4.3292203e+00
 -4.2588312e-02
 -3.5938206e+00
 -2.7025837e-02
  1.6433192e-02
 -2.0970018e-01
 -4.1609102e-01
 -2.2698987e+00
  2.2982428e+00
 -1.8010471e+00
 -3.9498088e+00
  2.0692079e+00
 -2.6058168e+00
  4.2197614e+00
 -2.0191561e-01
 -1.4624418e+00
  2.2254782e+00
  2.0478919e+00
 -6.7717290e+00
  1.7262201e+00
  2.5602367e+00
  1.1593933e-01
  1.1542679e+00
  3.1264646e+00
 -1.4215046e+00
 -1.0326709e+00
  1.0012914e+00
  1.9878691e+00
 -3.6336309e-01
 -2.8245110e-02
  2.3455763e-02
 -2.2165701e+00
  6.9909682e+00
  3.4723487e-02
  9.2480727e-02
  1.7410469e-01
  1.1494818e-01
 -4.6956008e-03
  9.8587066e-02
  9.7522080e-02
 -4.2167943e-02
 -1.0551108e-01
  2.9288057e-02
 -5.6718987e-01
 -1.0910116e+01
  9.0559590e-01
 -4.8620862e-01
  5.6039138e+00
  6.8973684e+00
  1.3142648e+01
  1.1348525e+01
 -4.7031121e+00
 -2.1705508e+00
  3.4250672e+00
  3.5157061e+00
 -1.4514754e+00
  3.6182657e-03
  2.6093154e+00
  3.9089940e+00
  2.7924669e+00
 -4.2485127e+00
 -1.8782874e+00
 -1.5142393e+00
  5.0050621e+00
 -1.5067412e+00
  3.7683094e-01
 -1.7728543e+00
  1.3065909e+00
 -7.9187220e-01
 -5.2521831e-01
  7.0030195e-01
  2.4725575e+00
 -1.0182132e+00
 -2.7267478e+00
  8.1423688e-01
  2.0417387e+00
  7.1980958e+00
 -9.0555531e-01
  1.8003652e+00
 -7.2073026e+00
  2.9584129e+00
  4.7689416e-02
  2.2385162e-01
  2.6185989e+00
 -4.4732213e+00
  4.7519603e+00
 -2.3106562e-02
 -3.7576420e+00
  1.4117631e-01
 -5.6659679e+00
 -1.7108712e-02
 -9.5638162e-01
  2.5457698e-01
  4.0791211e-01
  2.0380497e-03
  1.4081211e-02
  1.3798092e-01
 -3.6843993e-02
 -2.1687344e-01
 -7.0090497e-01
 -7.8708708e-02
  2.3977907e+00
 -3.6788639e-02
 -6.1050877e-02
 -1.0222983e-01
 -1.0398805e-05
  1.0462771e-01
 -7.3001705e-02
 -1.2713255e-02
  5.7301018e-02
 -1.9399413e-01
  1.9024685e-02
 -8.3597772e-02
  2.4906261e-02
  4.6814370e+00
 -4.7885615e-02
 -9.2798814e-02
  6.2593170e-02
 -2.0789890e-01
 -1.0105961e-01
  2.1946596e-01
 -8.0856353e-02
 -3.7395705e-02
 -3.5102744e-04
 -6.9745205e-02
 -2.0782757e-03
 -4.4190042e-02
  2.0204474e-01
 -4.9327515e-02
  2.2546837e-02
  9.2610614e-03
  8.3231881e-02
 -1.2128261e-01
 -1.5726918e-01
 -7.2387345e-02
  2.4679687e-02
 -1.2484901e+00
  8.5726014e-04
  3.3420753e-03
 -1.5829290e-03
  1.0670593e-01
 -2.6519058e-02
 -2.5600368e-02
 -5.1070165e-02
  1.0806726e-01
 -5.3732145e-01
 -3.7649200e+00
 -2.8835086e-02
 -8.4179379e-03
  2.4715548e-02
 -5.5996388e-01
 -5.2802857e-02
 -1.4477965e-02
  2.0459972e-02
  1.7822264e-01
 -4.2092274e-03
 -7.9544105e-02
 -5.4858703e-02
 -5.6662470e-02
 -6.4521036e-03
 -7.4691057e-02
  1.5593192e-01
 -2.3351096e-02
 -8.1292301e-02
 -1.1192766e-02
 -1.7416944e-01
 -5.0746456e-02
  5.3618815e-02
  1.8036241e-02
  2.2013517e-02
  2.8045952e-02
 -6.1288752e-02
 -4.1870065e-02
 -1.2030440e-02
  5.2735750e-02
 -7.4911676e-03
  9.0906972e-01
 -4.7947109e-02
 -2.6671198e-01
 -2.8575802e-01
 -6.3680373e-02
  6.9527882e-03
  7.7240780e-02
  1.1656075e-01
  4.2289268e-02
  1.4656554e-01
 -1.1516123e-01
  3.3304140e-02
 -2.6098225e-01
 -1.5937351e+00
 -2.5510328e-02
 -5.1129572e-02
  3.0865945e-02
  2.5839152e-02
  4.6769947e-02
  9.4651026e-01
  1.1265820e-01
  8.7112010e-02
 -1.2309891e-01
  2.7792265e+00
  2.0917926e+00
  1.1342287e-01
 -9.5514303e-01
 -2.0061686e+00
  1.2174274e+00
  9.4207126e-01
 -8.2398472e+00
 -1.2038168e+00
 -7.5488096e-01
 -3.0477011e-01
 -3.2399043e-02
 -3.2377634e+00
 -2.0003451e-01
  7.7940398e-01
  1.1369118e-01
 -1.4956331e+00
  9.9195808e-01
 -2.5685208e+00
 -8.5162103e-02
  2.5048437e+00
  2.6129160e+00
 -1.1208580e+00
  3.9185923e-01
 -4.9826026e-01
 -2.6905587e+00
  2.0524139e+00
  6.7406863e-01
  4.9845296e-01
 -7.9559094e-01
  3.3257592e-01
 -1.1420900e-02
  1.0655215e+00
  8.8982064e-01
  8.1009567e-02
 -1.3659862e+00
 -3.0650616e+00
  2.5973800e-01
 -4.6491098e-01
  6.0224816e-02
  7.5941831e-02
  5.7412624e-02
  1.4411739e+00
  7.7119539e-03
 -1.9780429e-02
 -2.5452429e-01
 -2.4830996e-01
 -6.4542137e-02
  3.5226446e-01
 -1.4260347e-01
 -1.9384079e-01
  1.2168483e-01
  4.1531169e-01
  8.7206163e-02
  2.3083882e+00
 -4.5803995e+00
  8.6658433e-02
 -8.6887047e-02
 -5.1018731e-03
  7.8724334e-03
  4.1968610e-02
  5.0738797e-02
  2.7911380e-01
  1.3364820e-01
  2.2125335e+00
 -4.5302007e-02
 -4.7883622e-02
  2.6954465e-02
  1.2898207e-01
  7.1229283e-03
 -2.6327582e-02
  1.4131939e-02
 -1.7459871e-03
 -2.3679143e-01
  7.7890866e-03
 -1.2358563e-01
  1.3439638e-02
 -1.6408408e-01
 -1.6383737e-01
  1.0903867e-01
 -1.4902213e-01
 -1.4482142e-03
  4.3384649e-02
  7.2531298e-02
  3.1464460e+00
 -9.2996947e-02
 -1.0625125e-01
 -1.8071239e-01
  1.6417465e-01
 -2.2970475e-02
  1.2321670e+00
 -6.9099583e-02
 -8.7322317e-02
 -4.3854418e+00
 -3.7792508e-02
  3.2693818e-02
  9.3530726e-01
  2.7002636e-02
 -1.4122508e-01
 -1.5906470e+00
  2.4191774e-02
 -8.2901382e-01
 -3.2625575e+00
 -2.2536814e+00
 -6.6168201e-01
 -1.6373982e+00
 -2.4352992e-01
 -6.1953421e+00
  1.4056617e+00
  6.2667131e-01
 -4.3936195e+00
 -6.5379024e-01
  5.7856798e-01
 -1.8010666e+00
 -5.5273595e+00
 -1.5292820e+00
 -9.9993110e-01
 -1.0180435e+00
 -2.9533641e+00
 -5.3836417e-01
  8.2425123e-01
 -4.3703279e+00
  9.9242240e-01
  2.7142048e-01
  2.3570228e+00
  4.3459978e+00
  6.1661911e+00
  5.3438106e+00
 -6.8417430e-01
  1.4666203e+00
  7.0779777e+00
 -1.2273914e+00
 -2.9567101e+00
  1.4863167e+00
 -9.4001651e-01
  2.5823096e-02
  3.6577156e-01
 -3.1674993e+00
 -7.7193755e-01
  2.2647102e+00
  9.1240801e-02
  2.8374299e-01
  1.5602304e+00
 -1.7465426e-01
 -3.5641336e-01
  1.3111508e+00
  2.1583247e+00
 -3.2467913e-02
 -9.8365068e-02
  4.3699898e-02
 -1.2362720e-01
 -1.3465883e-01
 -4.2217750e-02
 -9.0801920e-04
  1.8929904e-02
 -1.0152685e-01
 -2.0197365e-02
 -5.1475316e-02
 -1.5873361e-01
 -1.6125249e-02
  7.6601923e-02
 -7.1141824e-02
  3.1797726e-02
 -1.6127836e-02
  5.9534274e-02
  1.1946180e-01
  1.8264581e-03
  6.7625758e-03
  2.2848792e-02
  2.7777594e-01
 -1.4995445e-02
 -3.7621014e-02
 -1.7246224e-02
 -3.9248586e-02
 -8.6092018e-03
 -9.2071630e-03
 -1.6075291e-04
  6.8607710e-02
  9.3911767e-02
  1.4895388e-01
  3.0796621e-02
 -2.1718819e+00
 -5.2803673e-02
  6.2450677e-02
  1.0163388e-01
  8.0664694e-02
 -5.5888686e-02
 -3.0771635e-02
  1.5594468e-01
 -6.4559832e-02
  1.4606261e-02
  3.3704771e-03
  3.5852890e-02
  3.2487106e-02
  2.9866818e-02
  1.4207171e-01
 -1.4040956e-02
  6.5660305e-02
  1.7038935e-01
  5.2543513e-02
 -8.1012109e-03
 -2.3132744e+00
  4.5388095e-02
  3.7851632e-02
  2.3109643e-02
 -4.8193816e-02
 -2.8842397e-02
  1.6295100e-02
  5.9428446e-02
 -3.5707407e-02
 -4.1514497e-02
 -1.8177681e-01
  1.3474949e-01
  7.8079432e-02
  5.9860987e-03
  8.0984443e-02
 -2.0601673e-01
 -2.6628502e-02
 -1.4514348e-02
 -3.3915353e-03
 -3.9144602e-02
  6.8179448e-03
 -4.4144385e-02
 -7.1995063e-03
 -6.8412565e-02
  4.5158844e+00
  4.4674341e-02
  2.1334874e-02
 -7.8668520e-02
 -1.4143015e-02
 -1.9272730e-01
  3.9434392e-02
 -8.5134454e-02
  1.7094448e+00
 -7.8626862e-03
 -9.8279446e-02
  7.3428353e-04
 -3.5055511e-02
  9.2692301e-02
 -2.9877419e-02
  9.1521412e-02
 -1.5700080e-03
 -4.3459322e-02
 -1.4495349e-02
 -4.8829850e-02
  1.9698852e-01
 -8.3878217e-03
  1.0477510e-02
 -4.1601942e-03
 -1.6148664e-02
  7.7050984e-02
  4.6224125e-02
  8.0661666e-01
  3.4158789e-02
  5.4426953e-02
  1.8904984e-01
 -2.2611151e-02
  1.7503856e-01
  2.7589118e-02
  6.0483322e+00
 -4.0025629e-02
 -8.9404531e-02
 -9.5288791e-02
  2.2391293e-02
  4.5920376e-02
  2.0433821e-02
  2.0696149e+00
  7.2931997e-02
  3.0404052e-02
 -2.9023807e-02
 -2.5283116e-01
 -1.1901299e-01
 -1.7483404e-01
  1.6296785e-02
  2.4602679e-04
 -3.5892382e+00
  2.1433702e-03
 -5.8761477e-02
  3.5281510e+00
 -2.6609857e-02
 -9.3278624e-02
 -3.7941632e-03
 -4.3520603e-02
  4.2776465e-02
  7.5348560e-04
 -1.3682655e-02
  1.5542161e-02
 -8.6506903e-02
 -3.2388229e-02
  1.8276172e-02
  6.1694022e-02
 -8.0451919e-03
  7.1513981e-02
  5.9817906e-02
  1.6467096e-02
  4.5269098e-02
 -1.2172025e-01
  2.2987120e-03
 -8.5979417e-02
 -2.8432213e-02
  3.1236773e-03
 -1.7186019e+00
 -1.7044482e-01
  8.0933037e+00
 -2.0001642e+01
  9.9995011e-01
  2.9567480e+00
  9.2943197e-01
  5.3273020e+00
 -8.5701170e+00
  7.4156648e-01
  1.5163745e+00
 -6.4804215e+00
 -1.5310324e+00
 -1.1808357e+01
 -9.0804739e+00
 -1.6885937e+01
  1.4296666e-02
  5.1055360e+00
 -1.0802575e+01
 -5.0166702e+00
  2.5150320e-01
 -1.2985027e-01
 -1.1984552e+00
 -6.5804815e+00
  4.3789525e+00
 -3.1938565e+00
 -3.9586334e+00
  3.2180824e+00
 -8.7844887e+00
 -1.9002472e+00
 -3.8643866e+00
 -3.8003204e+00
  2.2530615e-02
  1.3271604e+00
  4.3547563e-02
 -1.1181751e+01
 -2.4225094e+00
  5.2233005e-01
  4.4568008e-01
 -5.8313131e-01
  1.4241140e+00
  6.0647349e+00
 -1.4515841e-01
 -3.1297486e+00
 -2.0776889e+00
 -9.0575561e-02
 -6.0227983e-02
  4.6214571e+00
  8.1934687e-03
 -7.9643995e-02
  7.7695854e-02
 -1.0468999e-01
  2.5106004e-02
  1.6032966e+00
 -5.9847880e-02
  4.2607027e-01
 -2.2555610e-02
 -3.9166458e-02
 -4.5779234e-01
  1.1652941e-01
  2.1568997e-02
  4.5008748e-04
 -8.4749378e-02
 -5.1590681e-02
 -7.0277020e-02
 -4.6820198e-03
 -7.2024189e-02
  9.2768908e-02
 -2.5233779e-02
 -2.0562142e-02
  5.2438694e-01
 -2.8896117e-01
  2.3724945e+00
  1.1807334e-02
  2.9077632e-02
  2.5624216e-01
 -3.6408064e-01
 -1.1294993e-01
 -4.0455365e+00
  2.2478297e+00
 -5.9996504e-02
  3.4511857e-02
 -1.8393740e-02
 -1.3734497e-03
  1.1693817e-02
 -8.7672032e-02
  2.7934596e-02
 -9.1725178e-02
  4.5492575e-02
  4.6981920e-02
  1.0763317e-01
  2.1371786e-02
 -1.0961121e-01
 -4.3249987e-02
  8.5457586e-02
  6.9691718e-02
  3.5477382e-01
  6.5492438e-03
  3.0541794e+00
 -4.7954340e-02
 -2.0824913e-03
 -1.4087830e-01
 -3.4172699e-02
 -3.0384198e-02
  6.0477346e-01
 -8.9912616e-02
 -4.0046239e-01
 -1.9921873e+00
  1.5970227e-01
  2.6871696e-02
 -8.9523308e-03
  9.4667637e-01
  6.1797909e-02
 -9.7814798e-01
 -1.7737876e+00
  4.2090158e+00
 -3.0026945e-01
 -8.4828532e-01
  1.1194091e-01
 -2.5963706e-01
  8.5825734e-02
 -1.5351017e+00
 -3.9897546e-02
  2.7579768e+00
 -1.0126941e+00
  5.8182663e-01
  2.9638442e-01
  2.3061302e+00
 -1.0175813e+00
 -5.4679352e-01
  8.6993718e-01
 -5.5100375e-01
  2.8451559e-01
 -1.6671896e+00
  3.8358793e-01
 -6.9400050e-02
  8.2734823e-01
 -1.6203871e-02
 -1.7135617e-01
 -3.7058228e-01
 -1.7685956e-01
  1.2560979e-01
 -3.0599862e-02
 -1.1889464e-01
  1.3506066e+00
 -8.0949022e-03
 -2.5495130e-01
 -2.6869955e-02
 -5.0303801e-03
 -3.8217578e+00
 -4.6797881e-01
 -1.2775396e-01
  2.6928518e-02
 -6.1449815e-02
 -2.2169754e-02
 -8.4904991e-02
  1.3347584e-01
  1.0204520e-01
 -1.9099283e-01
 -3.8609265e-03
 -1.4749187e-01
 -2.8262425e-03
  1.0687106e-02
  3.2463469e-02
 -4.5508862e-02
 -2.2984302e-02
 -5.6483027e-02
  6.1495774e-03
 -2.5068076e+00
  1.6187984e-02
  4.6971492e-02
  1.3074619e-01
  8.1969815e-01
  3.0908289e+00
 -1.4485735e-02
 -8.6933732e-02
  4.0464137e-02
 -1.5290831e-02
 -2.0911270e-01
  6.1359607e-02
 -3.4520656e-02
  6.2866576e-02
  1.8438555e-02
  6.8417884e-02
  3.5940863e-02
 -2.1438082e-01
 -1.5817551e-02
 -3.3252589e-02
 -1.3263421e-01
 -5.6024775e-02
 -1.7727524e-02
 -4.7244811e-03
 -7.9642795e-02
  4.2910296e-02
 -7.1368441e-02
 -1.2592435e-01
  9.2578307e-02
 -7.5768642e-02
 -2.7228510e-02
  1.7047893e-02
  2.3283916e-02
  7.3445123e-03
  2.7496932e+00
 -1.0003019e-01
  1.2653941e-01
  3.4438916e-02
  6.7373228e-01
  3.2654330e-02
 -2.5539523e-02
  9.6526361e-01
  1.5673982e-02
  1.1210501e-02
  4.1589111e-02
 -1.3668816e-01
  1.3344180e-02
  4.8524779e-03
 -8.1948098e-03
 -1.1723181e-01
 -4.9262676e-02
  9.8764718e-02
 -1.1344596e+00
 -3.1662090e-03
  1.2031503e-01
 -1.3677950e-02
 -9.7265470e-01
  9.7194709e-02
  1.7246480e-01
 -2.0694551e+00
 -2.7365353e-02
  3.9566736e+00
 -3.9365253e-01
 -1.0095922e-01
 -1.4454289e-01
 -7.0259489e-02
 -1.0441223e-01
 -2.2159605e-01
 -4.5685474e-02
 -9.8271500e-03
 -3.2302354e-02
 -5.3100169e-01
 -2.9988067e-02
 -1.8392015e-02
  1.6579394e-03
  4.3793242e-02
 -5.8220267e+00
 -6.7213778e-03
  1.4876792e-03
  4.4907380e-02
 -4.6082336e-02
  1.7255384e-02
  6.6275392e-03
  6.7104558e-03
 -7.5001937e-01
 -1.5717235e-01
 -1.9110446e+00
 -1.8266781e-03
 -3.4260366e-02
  1.3586290e-01
 -1.4951546e-02
 -3.2524490e-01
 -2.2481112e-01
  1.9602247e-02
 -4.0120896e-02
 -9.7917780e-02
  2.5376724e-04
  3.8082451e-02
  2.7462370e+00
 -3.3363771e-02
  4.7182772e-02
  4.9784817e-02
  1.0751217e-01
 -1.6320097e-01
 -2.5685140e-01
 -3.1774845e+00
 -5.6900110e-02
 -2.5540322e-02
 -6.8385568e-03
 -1.2687243e-02
 -3.4064163e-02
  1.2101932e+00
 -2.0098066e-01
 -1.5186241e-01
 -1.3344832e-02
  8.0530012e-01
 -1.8850861e-02
  3.6189474e-02
 -9.5077790e-05
  1.3401635e+00
  4.3774042e-02
 -3.7671465e-03
  8.6552024e-02
  1.9017842e-02
  6.4120889e-03
 -2.5743790e-02
  8.6081840e-02
 -3.7801832e-02
  1.8619742e-03
 -2.7549053e-03
  2.0194609e-02
 -2.7676977e-02
  1.6909102e-01
 -3.5603878e-03
  1.1255246e-03
  1.7055511e-02
 -2.3094069e-02
  2.7501851e-01
 -3.1058617e-02
  1.0924572e-01
 -1.2970048e-01
  1.2840846e-01
  2.9602065e+00
  1.8805115e-02
  7.5938040e-01
 -3.8767856e-01
 -5.6309883e-02
  6.7211293e-02
  9.1567077e-02
 -8.2489304e-02
  6.7177244e-02
  1.9970116e-01
 -9.6973158e-02
  3.4511592e-02
  1.1275163e-01
 -5.4937948e-02
 -1.6507172e-03
  5.0443105e-02
  2.0614786e-02
 -1.2234837e-02
 -2.1945380e-03
  7.5520986e-01
  1.0388824e-01
 -1.1843668e-02
  2.2612922e-02
  2.5050664e-02
  9.2574157e-02
  3.2105321e-01
  8.1351683e-02
  2.7307440e-02
 -8.2932226e-02
 -6.4113520e-02
 -7.6619186e-03
 -2.8399102e-02
 -6.7286463e+00
  2.4062097e-02
  8.1215492e-03
 -1.0638876e-01
  3.1089067e-01
  4.2323518e+00
  3.8472947e-02
 -1.5305767e-02
 -1.6199898e-02
 -8.7523259e-02
  9.2640847e-02
 -2.7188516e-01
 -1.3394192e-01
 -5.4740212e-03
 -6.6475056e-02
  6.6604994e-02
  1.0107385e-01
 -1.0044388e-01
  1.6026706e-01
 -1.6371523e-01
 -4.2889126e-02
  8.3642982e-02
 -1.1277959e-01
  2.1919662e-02
 -5.4540891e-02
  2.2158380e+00
  1.2886781e-02
 -2.1632476e-02
  9.5484652e-02
  2.1646908e-02
  1.4386652e-01
  2.4595894e-02
 -8.7252140e-02
  4.5731198e-02
 -8.2247192e-01
 -4.4801831e-03
 -1.3851575e-02
  1.1009700e+00
 -1.3537197e+00
 -6.3559063e-02
 -3.0889936e-02
  3.5671350e-02
  5.2901063e-02
  3.3776674e-02
  1.9006820e-02
  7.1502909e-02
 -2.9918676e-02
  1.3512648e-02
  1.2758671e-01
 -1.3061851e-01
  1.3551581e-01
  3.2083761e-02
  1.7779311e-02
  1.4190036e-02
  9.2770055e-02
  2.3214368e-02
  8.9382052e-01
 -2.3346689e-02
  3.3780728e-02
  6.6823095e-02
  2.6802168e+00
 -4.1871175e-02
  3.0561801e-02
 -7.5630903e-01
 -5.3249538e-02
  1.3704617e-01
 -1.7018793e-02
  3.6313970e-02
  3.1576797e-01
  4.1372538e-01
  6.7985735e+00
 -2.0677516e+00
 -5.3537884e+00
  2.2946212e+00
  1.8170429e+00
  5.3263588e+00
 -5.9982643e+00
  5.3367362e+00
 -2.5130837e+00
 -3.9848273e+00
 -1.5062156e+00
  9.2289152e+00
  4.5469463e-02
  7.5944299e-01
  2.9270580e+00
  1.9125181e+00
 -6.6237551e-01
  1.8265942e+00
  3.4423425e+00
 -1.0025807e-01
 -2.1637557e+00
  3.4538877e+00
  1.1027393e+00
  1.8186444e+00
 -4.5439145e-01
 -2.6157341e+00
  3.0449209e+00
 -1.9414483e+00
  4.8503041e+00
  2.7672052e+00
 -5.7553279e-01
 -1.0913059e+00
 -7.3251790e-01
 -2.2183244e+00
 -3.2160957e+00
  5.1909381e-01
  3.2345219e+00
 -1.4913180e-01
  5.0322932e-01
  1.7895881e-02
 -2.0912320e-03
 -4.1291070e-01
 -8.8472135e-02
 -4.2133331e-02
  1.9629905e+00
 -6.7709602e-02
  7.0636414e-02
  4.2398822e-01
  5.2148800e-02
  1.5002089e+00
  1.8077869e+00
 -3.5875137e+00
  1.2900621e-02
 -4.0152621e+00
  3.9060220e-01
 -3.4868617e+00
 -1.0464015e+00
  1.2694073e+00
  6.2247209e-02
 -1.2408508e+00
 -4.2236991e+00
 -4.9416646e-02
  9.0900257e-02
  6.6494457e-03
 -1.3496457e-01
 -1.2415259e-02
 -3.0058055e+00
 -2.1777976e-01
  4.5779915e+00
  4.0005621e-01
  4.5634413e+00
  1.9242211e-01
  3.0240166e-01
  1.5757351e+00
  1.3864038e+00
  1.8816026e+00
  1.9923683e+00
 -9.0848945e-02
  1.2236633e-01
  1.1026391e+00
 -2.0834023e-02
  7.3391640e-01
 -5.6516418e+00
  4.6884189e+00
  2.8056473e-01
 -6.8032853e-02
 -3.2243413e-01
 -5.3013958e-02
 -2.8106472e+00
 -2.2550311e+00
 -8.5917957e-02
 -2.1133935e+00
  1.0080086e+00
  2.7665177e-02
 -8.6857025e-03
 -3.2702842e-01
  1.5920864e-02
  7.5265378e-02
  3.7527907e-01
 -1.0783368e-01
  4.9329777e+00
  1.6008207e+00
 -3.0924499e-02
  7.3828721e+00
  5.2188244e+00
 -1.0132089e+01
 -4.6685452e+00
  1.6736212e-01
 -1.2687981e+00
  4.6634436e-01
  2.2992742e+00
  2.6000586e+00
 -3.1636662e+00
 -3.1020441e+00
 -2.0443914e+00
  3.2192940e-01
  5.4441915e+00
 -7.3130381e-01
  3.9483752e+00
  3.7402228e-01
 -3.6193087e+00
 -2.1034375e-02
 -1.2418900e+00
  2.0449152e+00
  8.2606530e-01
 -5.1260918e-01
 -1.2443962e+00
  1.7478811e+00
 -2.9896417e-01
  1.3496785e-01
 -1.9591538e+00
  2.6046163e-01
  9.8026955e-01
  6.8437874e-01
 -1.2164760e+00
  1.3297018e+00
  9.5043176e-01
 -2.1662172e-02
  2.2684093e-01
  5.4475613e+00
  8.8069665e-01
  6.8822856e+00
 -4.4724584e-01
 -1.1741039e+00
 -5.8240790e-02
 -1.0325304e+00
  7.7550972e-01
  1.5197941e+00
  1.5755576e-03
 -4.4607915e-02
  1.3089874e-01
 -3.3021566e-01
 -2.0303141e-02
  7.0499711e-02
 -6.7633605e-03
 -4.9363501e-02
  4.8534673e-02
  1.3402103e-02
  6.6240430e-02
  1.1440461e-01
 -2.2129232e-02
 -4.9626688e-03
 -5.2608110e-02
 -4.2510275e-02
 -1.9383898e-01
 -4.4264947e-03
 -4.4851996e-02
 -4.0111225e-02
  4.0663350e-02
 -3.1667098e-02
 -1.4572202e-03
  5.9674871e-03
  2.3455992e+00
  3.0779116e-02
  6.5141968e-02
  7.9865925e-02
  2.9229084e-02
  1.3645540e-01
  1.1455952e-01
 -1.1885352e-02
  8.5616201e-02
  9.0110481e-02
 -2.4950571e+00
  1.4554410e-01
  3.9783631e-02
 -2.2254989e-02
 -6.9701108e-03
  2.6485932e-01
 -2.4435043e-02
  3.9566200e-02
  3.3368599e-02
  1.7714517e-01
 -3.2889832e-02
 -9.9525608e-02
  2.5027296e-02
 -7.3114750e-03
  7.9285473e-02
 -5.4330450e-02
 -7.3793111e-03
 -2.6344046e-01
  2.7374132e+00
  5.1599402e-02
 -1.8959711e-01
 -1.7685477e-02
 -3.1926934e-02
  9.0874329e-02
 -1.0251377e-01
 -7.8332877e-01
  9.8492429e-02
 -1.1471888e-01
 -3.3590931e-02
 -1.3143652e-02
  4.4897102e-02
  3.2771570e-03
  2.2257568e-02
 -1.4599177e-01
  9.1336578e-02
  5.9571851e-02
 -7.8747999e-03
  5.1678807e-02
  1.6761895e-01
  8.9110434e-02
 -3.7514737e-03
  1.3125935e-01
 -1.1440932e-01
  1.5805247e-01
 -6.8267986e-02
 -9.2935964e-02
  1.7129047e-02
  1.1027213e+00
  6.0010396e-02
 -5.2285284e-02
 -2.2582132e-01
  6.6892415e-01
  2.8710857e-01
 -1.8898630e-01
  1.6793940e-02
 -5.0305147e-03
  5.6844525e-02
 -3.4165930e-02
 -2.6981246e-03
 -2.7139714e-02
  1.0288936e-02
 -5.0364215e-02
 -9.7202143e-04
 -1.1355477e-02
  7.4915342e-02
  8.6975181e-03
  3.7699282e-02
 -2.0253699e-01
  1.8815527e-02
  7.8845784e-02
  3.3929341e-02
 -6.6479728e-02
 -8.3522506e-02
 -3.3516541e-02
  1.8287651e-01
 -1.9029012e-02
 -6.3483223e-02
  1.7460246e-01
 -2.9945562e-02
 -4.5200445e-02
 -2.9698890e-02
 -1.1751887e-02
 -6.3414015e-03
 -1.8282777e-02
 -3.0534413e-02
 -1.5955530e-01
 -1.2250300e-01
  8.7522209e-02
 -4.7460258e-02
 -1.3264761e-02
 -2.9750554e-02
  2.2477929e-02
 -6.5546469e-03
 -1.1671592e-01
  4.2746626e-02
 -2.4737045e-01
 -3.8011141e-02
  7.3797166e-02
 -5.3358730e-02
  4.0408686e-02
  1.4538534e-01
 -5.5990923e-02
  1.4870431e-01
 -4.3242645e-02
  7.3165275e-02
 -7.2558582e-02
  1.5230803e-01
 -3.2387192e+00
 -1.6276455e+00
  6.3474603e-02
 -1.7910174e-01
  4.8175298e-02
 -1.0106073e-01
  6.7745368e-03
 -7.6088235e-02
 -2.8839903e-02
 -5.6513619e-01
  4.1256174e-02
  2.2701578e+00
 -2.0257542e-02
 -7.6761827e-02
 -1.4667409e-02
 -4.6771674e+00
 -5.7534080e+00
  5.0114450e+00
 -6.3227946e-01
  2.3423045e+00
  3.1050940e+00
  2.8163188e+00
  3.1952243e+00
  3.9902987e+00
 -2.3455110e+00
  4.7721586e+00
  5.2405810e+00
  5.9302006e+00
  3.8772547e+00
  5.1719370e+00
 -4.6902003e+00
  4.6636367e+00
 -8.0314236e+00
 -5.4576826e+00
  3.7948995e+00
 -3.5549059e+00
  2.4641957e+00
  3.7579587e+00
 -6.6795295e-01
  3.3204222e+00
  4.3348403e+00
 -5.2918797e+00
  1.4463688e-01
  4.5938621e+00
 -3.8904541e+00
  4.8089585e+00
 -5.3752975e+00
 -3.0546739e+00
 -2.7285240e+00
 -3.2371547e+00
 -4.9038596e+00
 -4.0204115e+00
  3.1723399e+00
 -5.8579707e+00
  5.0710068e+00
 -4.0159726e+00
  4.3654537e+00
 -6.0860119e+00
  4.2329493e+00
  4.6316552e+00
  4.4832506e+00
  1.0018312e+00
 -4.5184135e+00
 -3.7262359e+00
 -3.9738257e+00
 -4.2010779e+00
 -4.2065496e+00
 -5.3614960e+00
  2.4448130e+00
 -3.6469023e+00
 -2.9953163e+00
 -4.2817078e+00
 -2.6010003e+00
 -4.3512535e+00
 -3.4239736e+00
 -3.3625784e+00
  7.7078587e-01
  2.5912828e+00
  2.4962211e+00
 -4.4998636e+00
  2.5196290e+00
  5.5755644e+00
 -3.5697587e+00
  4.6959267e+00
 -9.7783518e-01
  3.5484765e+00
  3.8009815e+00
  6.5772281e+00
  3.9731317e+00
  6.3578534e+00
  4.6988506e+00
  6.7142992e+00
  3.6271374e+00
 -4.5454221e+00
  3.9002497e+00
  3.2749023e+00
  5.8779726e+00
 -4.1809745e+00
 -6.0483890e+00
 -4.5974350e+00
  5.7157068e+00
 -5.7857069e-03
  4.4471498e+00
  3.6812356e+00
 -5.5991530e+00
  3.7182736e+00
  5.7885480e+00
 -5.5320716e+00
 -4.8341365e+00
 -2.8526652e+00
  4.8289433e+00
 -3.1802037e+00
 -4.7735443e+00
 -4.7701793e+00
  6.5044193e+00
  3.2863934e+01
  1.8596962e+01
 -1.9497955e+01
  1.6024884e+00
 -2.8868488e+01
 -3.1473505e+01
 -2.2969383e+01
 -2.1542128e+01
 -2.4010241e+01
  3.3615433e+01
 -3.2244419e+01
 -2.1183657e+01
 -2.2343845e+01
 -4.2777493e+01
 -3.0230812e+01
  3.4412029e+01
 -2.1938858e+01
  3.7640018e+01
  2.6178774e+01
 -2.0850084e+01
  2.7190804e+01
 -3.0248049e+01
 -2.9680925e+01
  3.4475055e+00
 -2.3321995e+01
 -2.3881248e+01
  2.6251472e+01
 -5.2886548e+00
 -2.6756641e+01
  2.1843376e+01
 -2.7658844e+01
  2.3950314e+01
  2.7135805e+01
  2.1710796e+01
  1.9874144e+01
  1.9366179e+01
  3.0416466e+01
 -2.3054394e+01
  3.2184856e+01
 -3.1428375e+01
  2.1684967e+01
 -2.4027914e+01
  2.9126225e+01
 -2.0283381e+01
 -2.1606161e+01
 -2.6791622e+01
 -7.7691169e+00
  2.8170673e+01
  2.2362225e+01
  2.1318781e+01
  2.3465534e+01
  1.8887270e+01
  3.5196453e+01
 -1.9389891e+01
  1.9729853e+01
  2.2302296e+01
  2.3273905e+01
  1.8101564e+01
  1.4156651e+01
  2.0970490e+01
  3.4554520e+01
  3.7245541e+00
 -1.7681913e+01
 -3.6705349e+01
  3.0641954e+01
  2.1502376e+00
 -4.4073059e+01
  2.8984444e+01
 -2.7994251e+01
  6.5241618e+00
 -3.6068508e+01
 -2.9300873e+01
 -2.4696226e+01
 -2.8898668e+01
 -2.9476433e+01
 -3.0535494e+01
 -1.7901604e+01
 -1.8465200e+01
  1.9532682e+01
 -2.6095612e+01
 -2.1333193e+01
 -2.1209539e+01
  3.1489515e+01
  3.8197426e+01
  2.4062243e+01
 -1.6583750e+01
  5.4371200e+00
 -1.7277758e+01
 -2.3527521e+01
  1.7109350e+01
 -1.7526627e+01
 -2.1953621e+01
  1.9797667e+01
  1.9105803e+01
  2.7630291e+01
 -2.2163517e+01
  2.8098995e+01
  2.2004534e+01
  1.8130949e+01
 -3.8034420e+01
  1.2371216e-01
 -1.4615737e-01
 -5.7735592e-01
  6.9108099e-02
 -3.9686742e-01
 -6.0003724e-02
  1.0673808e+00
  2.8524530e-01
  8.3688921e-01
 -5.6079823e-01
 -7.5372428e-02
 -1.4557435e-01
 -8.0775842e-02
 -1.3279343e-02
  1.4319279e+00
 -5.3949893e-02
  1.8354328e-01
  6.0869767e-03
 -8.3995216e-02
 -1.6505102e-02
  5.6533910e-02
  3.1191796e-02
  2.0484827e-02
  3.4663805e-01
  8.8214803e-01
  5.9203465e-02
 -1.2737479e+00
 -2.0398073e-02
 -9.0437359e-01
 -2.7232102e-01
 -1.0441140e-01
  6.6690856e-01
 -3.4379207e-02
 -1.4451723e+00
  4.6532375e-01
 -2.4983076e-02
 -4.3275056e+00
 -5.9056237e-02
 -7.9156266e-04
  6.7455947e-02
  1.4487273e-01
  2.4312541e-01
 -9.7827181e-02
  4.0561804e-03
 -8.9602932e-02
 -4.9796373e-01
  8.9712928e-05
 -1.2458809e-01
 -1.7566282e-02
 -1.3507480e-02
  1.1188883e-01
 -4.1327894e-02
 -1.6932702e-01
  3.9120719e-02
  7.1743024e-03
 -6.7103177e-01
  5.4858427e-02
 -4.8564584e-04
  1.1537823e-01
 -1.0698701e-01
  3.4743387e-01
  7.7722736e-02
  1.9441187e-02
  1.0613388e-02
  1.2847416e-01
 -1.0106822e-01
  3.8728516e-03
 -1.9436978e-02
 -1.2046167e-01
 -1.4868934e-01
  9.2536695e-02
 -4.0666962e+00
  5.6490555e-02
  4.5083579e-02
 -7.0530333e-02
 -4.4732708e-02
 -1.6140860e-02
 -1.6434751e-02
 -1.4064716e-01
  1.6139488e-01
 -9.9460594e-02
 -3.0534905e-01
  9.1482186e-01
 -2.6635993e-01
  1.1084715e-01
 -5.9012055e-02
  3.5483125e-01
  1.2510042e-01
 -6.4180672e-01
  1.5194482e-02
  5.3065693e-01
  1.7621329e-01
 -1.3118342e-02
  6.7176268e-02
 -4.3865838e-03
 -3.7177909e-02
  1.6198272e-02
  1.6361197e-02
  1.8286140e-01
  2.1366762e-02
 -2.0766006e-01
  2.7559149e-01
  1.1729844e-01
  4.8894048e-02
 -2.3187926e-02
  5.7965070e-01
 -4.7647372e-02
 -1.5670804e+00
  4.0336382e-01
 -1.0299202e-02
  1.0964245e-01
  1.2646349e-01
 -1.4312039e-01
 -4.9957860e-02
  3.2140645e-01
 -5.6722406e-02
 -9.6819085e-01
 -1.8920980e-02
  1.2367130e-01
 -2.2312673e-02
 -1.4558088e-04
  1.1610993e-02
  4.6254981e-02
  1.7955191e-01
  3.3881415e-02
  1.2786978e-02
  8.4331855e-02
 -1.2349163e-01
 -1.9863829e-02
 -2.5295910e-01
 -1.1060681e-01
 -5.9693616e-02
  2.4950628e-01
 -3.7519995e-02
  3.1568450e-03
  5.3553164e-02
  1.8678565e-01
  4.6746694e-02
 -2.8377790e+00
 -8.0775708e-02
  4.6626985e-02
  8.2983769e-02
 -1.5222344e-03
 -1.4561044e-01
 -1.1683208e-01
 -1.3187957e-01
  2.8279452e-02
 -3.3676371e-02
  2.6464039e-02
 -1.9915232e-01
  1.5230651e-01
 -8.6687170e-02
 -3.5112161e-02
 -4.4187672e-02
  1.3356721e-01
  4.5682423e-02
  1.5562122e-02
  4.1620985e-02
  4.5114636e-02
  2.9799465e-02
 -1.5465441e-01
  1.5953463e-01
  1.8909695e-03
 -4.0407395e+00
  1.7090125e-02
 -2.3108390e-01
 -2.9916907e-02
 -3.1409815e-02
 -6.6390365e-02
 -5.0181873e-02
 -4.3538421e-01
  5.6483638e-03
 -1.9184144e-02
 -2.9536799e-02
 -4.9745768e-02
  6.5485770e-03
  5.7914820e-02
 -3.4374513e-02
  2.9786021e-01
 -2.6511180e-01
 -1.1069409e+00
  1.0959644e-01
  3.9543477e-03
  9.9541776e-02
  1.5414743e-02
 -2.4927810e-01
 -4.0650997e-01
  7.9600051e-02
  9.8739229e-02
  1.6463989e-02
 -1.7671647e+00
  1.9290585e-02
 -3.1209081e-01
 -7.7110089e-02
  1.8063542e-02
  1.2893526e-01
 -3.8041249e-02
  1.3340610e+00
 -4.2419774e-03
 -1.5989834e-01
  1.6847529e-01
 -2.7611262e-01
  3.3364672e-02
 -4.9946224e-03
  6.9936559e-02
  1.9440271e-01
 -1.7897081e-01
  9.0643503e-02
  1.7909911e-03
  9.2860989e-02
 -1.3289487e-01
  2.5671048e-02
 -4.9438585e-02
  1.3092789e-01
 -1.9449592e-02
  1.0933364e-03
 -2.9532965e-03
 -9.4046898e-02
 -5.8298338e-02
  9.3340538e-02
 -3.7134695e-01
 -4.9615085e-02
  1.3821243e-01
  7.1962804e-02
 -4.0304158e-02
  6.4697593e-02
  5.1328419e-03
  1.0378079e-01
  3.6016859e-02
  9.5646307e-03
  2.6843717e-02
  2.3261631e-02
 -1.4136103e-01
 -2.0437099e-02
 -3.2696411e-02
  1.7601886e-01
  1.2265310e-01
 -1.9266488e-02
 -2.0931640e+00
 -3.9046809e-02
  1.2564163e-01
  1.8742103e-02
  1.4140138e-01
  2.3598076e-01
  4.7129873e-02
  3.2909267e-02
  1.6667016e-01
 -2.5782782e-01
 -1.1937921e-01
 -7.5878061e-02
 -5.4599687e-02
  5.5925291e-02
  3.5274038e-01
 -3.1268012e-02
  7.0079155e-02
  5.2915405e-02
 -6.7916043e-02
 -5.9504679e-04
 -4.5022856e-02
  9.7002044e-02
 -1.0838007e-01
 -7.8263193e-02
 -7.4919634e-02
  2.1120313e-01
  1.8807513e-01
 -1.0255118e-01
  3.1574316e+00
 -5.8178615e-02
  3.8186216e+00
  5.6437783e-02
  6.5813944e-02
 -8.8207737e-02
 -5.8132716e-02
  3.5673562e-02
  2.1067072e-02
  1.6489467e-02
  5.5875380e-02
 -1.3789042e-02
  2.7122691e-02
 -1.1227045e-02
 -8.9933112e-02
  2.2483967e-02
 -4.9730963e-03
 -9.7024399e-01
 -6.5701410e-02
 -1.4296864e-01
 -5.2759200e-02
  1.5294264e-01
 -2.4029689e-02
  6.2972759e-03
  3.2191161e-02
  6.3887767e-02
 -1.8882492e-01
 -8.1724919e-02
  1.1352982e-01
 -1.0790838e-01
  3.6569209e+00
 -1.5735304e-01
  8.9485645e-03
 -1.4204973e-01
 -4.8896462e-02
  1.0542673e-01
  1.1172286e-01
  2.7774975e-01
 -1.5054920e-01
  1.7577505e-02
 -3.3212135e+00
 -8.1176412e-01
  4.8791000e-01
  2.8489513e+00
 -1.1619031e+00
  1.0149846e+00
  2.3165400e-01
 -1.7573006e-01
  6.2598246e-01
  3.5048995e+00
 -3.9073226e+00
 -6.8782649e+00
 -1.6993107e+00
 -6.3429284e+00
  5.3275037e+00
 -1.8490351e+00
  4.8144042e-01
  2.1960859e+00
 -3.4545681e+00
 -1.0963595e+00
 -5.1624179e+00
  2.1018755e+00
 -1.3336694e+00
  5.0516963e-01
  2.2188098e+00
 -2.5768926e+00
  1.0754592e+00
 -4.1819577e+00
  2.2300844e+00
 -1.6901827e+00
  7.5776303e-01
 -2.1804929e+00
 -9.2378044e-01
 -2.2734736e-01
 -1.6998014e+00
 -1.2112118e+00
  4.0074447e-01
 -3.5035787e+00
 -7.3872108e+00
 -2.9445648e+00
  1.3380000e-01
  1.0225502e+00
  3.4133513e+00
  1.2049519e-01
  1.1475129e-01
 -2.0232658e+00
  1.1955204e-01
 -7.9385452e-02
  3.2318532e-01
  8.6516160e-01
  1.1717484e+00
 -3.3328325e-01
 -5.2689832e-02
  1.1546318e-01
  3.0265000e-02
 -2.0373815e-01
  1.1380929e-01
 -2.4033165e-02
  3.5973735e-02
 -2.1277148e-02
  1.1856644e-02
  2.5541611e-02
 -5.4355595e-02
  4.0961232e-02
 -4.3497939e-02
  1.1799522e-01
  9.7036399e-02
 -8.8535130e-02
 -5.5834972e-03
  2.4977019e-02
 -8.5979551e-02
 -4.3416386e-03
  7.4294694e-02
 -3.6611192e-02
  9.7384735e-04
 -6.7890368e-02
 -1.2172122e-03
  1.2305761e-02
 -2.7985603e-01
  1.8375465e-01
 -7.0044987e-02
  7.3032002e-03
 -1.1329378e-01
  5.7019377e-01
  2.4269059e+00
  5.7870924e-02
 -9.5387973e-02
 -1.3899057e-02
 -1.0959921e-02
  3.6154862e-02
 -3.1989810e-01
  1.0343410e-01
 -1.3572197e-01
 -1.9439504e-01
 -9.8656997e-02
 -1.5130948e-01
  3.6136754e-02
 -1.1587226e-01
  3.2185920e-02
 -2.0096614e+00
  1.4596811e-01
  5.5004038e-02
  7.9072244e-02
 -2.7355289e-01
 -5.2741650e-02
  5.0221648e-02
  2.2066751e-01
 -2.2433607e-01
 -8.7451994e-02
 -4.2704925e-01
 -1.3091724e+00
 -2.4912953e-02
  2.1237019e-02
  1.1250532e-01
  1.1390318e+00
 -1.2265324e-01
 -1.8435116e-01
  1.8217849e-02
  1.7800729e-01
 -1.4302067e-01
  5.4141343e-02
 -5.2565008e-02
  6.6500284e-02
 -1.2980439e-01
  1.9303177e-02
 -7.9404749e-02
 -6.8713866e-02
  4.4673711e-02
 -8.4209247e-03
 -5.3896611e-03
 -3.4925871e-02
 -2.0364884e-01
  3.0899746e-02
  8.1963442e-02
  1.7977534e-01
  3.2209788e-02
  2.2631813e-02
  1.0577150e-01
  1.1316094e-01
 -5.8011059e-02
  1.3429506e-01
 -5.2743955e-03
 -6.9804929e-02
  3.0091369e-01
 -1.2355246e-01
  1.5318033e-01
 -1.9547041e-01
 -1.1322214e-01
  7.4252918e-02
 -8.3505593e-02
 -2.3775687e+00
 -5.7213183e-02
 -1.2932138e-02
  2.9737012e-02
  1.2034409e-02
 -5.3372990e-02
  1.7357302e-01
 -1.1313512e-01
 -4.1217726e-01
  5.4509960e-02
 -3.8260597e-01
  3.9625764e-03
  1.8415511e-02
  1.4128845e-02
  1.7887071e-01
 -1.2766153e-01
  3.3175118e-02
 -1.6959001e+00
  1.7090065e-03
  1.0803643e-01
 -4.8634812e-02
 -1.0254805e-02
  3.9302420e-02
 -1.1926948e-01
  2.5060835e-01
  2.4065450e-01
 -2.6977789e-02
  1.9253945e-02
 -1.3026895e-01
 -3.8111851e-01
  3.9000169e-03
 -1.5982570e-01
 -3.0637713e-02
 -2.9865356e-02
  1.0177671e-01
 -5.1174045e-02
  1.6519729e-02
 -4.9921956e-02
 -4.1112781e-01
  1.0849689e-01
  1.8935947e+00
  3.9784189e-02
 -1.3745376e-01
 -8.9973986e-02
  6.3697301e-02
 -4.6507344e-02
  1.9342527e-02
 -3.4763403e-02
  9.9229373e-02
 -6.6317123e-01
 -3.3708587e-02
  9.1051534e-02
 -4.5768738e-02
  2.9482285e-02
 -1.5270750e-01
 -5.3604297e-02
 -2.6176462e-02
  9.2030957e-02
 -6.1014861e-01
  1.4742512e-01
 -3.1841111e-01
 -1.8943077e-01
  3.2996431e-01
 -2.0118531e-02
 -5.2984059e-02
  2.6855972e-02
 -3.9680156e-01
 -6.3074261e-02
  1.2363227e-01
  1.5126106e+00
  3.7255175e-02
  4.5000169e-02
  1.1920137e-03
  1.6912537e-02
 -5.0792761e-02
 -8.5837744e-02
  5.8176994e-02
  3.3328060e-02
  5.8482676e-03
  1.7244641e-02
  5.5049770e-02
 -2.5382847e-02
  6.2014852e-03
 -2.6876441e-01
  4.6952161e-01
  1.0960437e-01
 -1.5213963e-01
  5.8524322e-02
 -5.8733989e-02
 -3.2195155e-02
 -1.3570563e-01
 -1.1280537e-01
  1.6506425e+00
 -1.5940342e-02
  5.0487393e-01
  2.8048301e-02
  4.6182800e-02
 -2.0721185e-03
 -1.1357363e-01
  5.5584852e-02
  3.0557055e-02
 -6.8079926e-02
 -1.0626446e-01
 -9.2876434e-02
  1.6537264e-02
  2.7142785e-02
 -5.2602476e-01
  1.2095135e-01
 -1.2435953e-01
 -9.3935197e-03
  1.1919708e-01
 -5.1835097e-02
  3.1258315e-01
 -1.0934869e-01
  5.7645835e-02
 -2.6172427e-02
 -3.8628307e-01
 -8.8570248e-03
  6.9655185e-03
 -1.8908983e-01
  1.7056356e-01
 -1.0419282e-01
 -8.6574495e-02
 -1.4265606e-01
  3.7548208e-01
  2.9635649e-02
 -1.2223592e-01
 -1.1265169e-02
  7.0453122e-02
 -7.3818773e-02
  3.8617942e-02
  2.5232719e-02
  8.8860795e-02
 -2.4675781e-01
 -1.4476688e-01
 -1.0486842e-01
  1.5209737e-01
  2.3619581e-02
  1.5035738e-01
  4.5801175e-01
 -9.6024680e-01
  1.5262873e-01
  1.4344624e-01
  2.1480255e-02
 -6.8880990e-02
  2.7138743e-01
  2.2159396e-01
 -1.0118613e-01
 -6.4742053e-03
 -3.9905962e-01
 -5.3836787e-01
 -6.8933666e-02
  2.2423619e-02
 -8.0730245e-02
  3.7352857e-01
 -3.0026553e-02
  6.6226274e-02
 -1.6207985e+00
 -8.3976477e-02
  1.9122428e-01
 -2.2526267e-01
 -1.1696055e-01
 -7.5315364e-02
 -1.8421571e-01
 -8.5523480e-01
 -1.8885778e-02
 -9.9457838e-02
  1.9756781e-01
  2.4596031e-01
 -2.2763453e-02
 -3.4741535e+00
 -4.1289311e-02
  2.3469648e-03
 -5.2529741e-02
 -1.8354237e+00
  2.9300505e-01
  2.7493417e-01
 -2.8565273e-02
 -2.1030648e-01
  9.9303864e-02
 -9.0246938e-02
 -8.2455419e-02
 -2.1921812e-02
 -5.5976951e-01
 -6.9821380e-02
  1.5761640e-02
 -1.7284413e-01
  3.2849035e-01
  6.1615467e-02
  2.5373725e-02
  1.2949738e-01
  2.8580312e-02
 -1.8358927e-02
 -3.8561393e-02
 -1.0173830e-01
 -7.1843346e-03
 -1.1580784e+00
  7.1465217e-02
  1.3909256e-02
  1.1000044e-01
 -3.2998788e+00
 -1.9386088e-02
  1.6276117e-01
 -4.0636659e-02
 -4.3009151e-02
 -2.9022414e-02
 -3.4571134e-02
  1.7958561e-01
 -3.0261949e-01
  1.2240271e-01
 -1.4297952e-01
 -6.9012903e-02
  6.2004417e-02
 -1.9176559e-01
  3.4832733e+00
  1.7531694e-01
  1.5332346e-02
 -2.5077671e-01
  7.4365757e-02
 -2.0898597e-02
  3.0622002e-01
  2.8888774e-01
  5.2531358e-02
 -1.0045929e-01
  9.4520254e-03
  2.4613786e-02
 -6.7590959e-02
 -1.9693810e-02
  2.6100859e-02
  1.7640036e-02
  6.0555644e-02
 -3.5574120e-02
  1.5821238e+00
 -6.1458792e-03
 -2.0620579e-02
  8.2740963e-02
  1.5127232e-02
  1.2947629e-01
  2.5591090e-02
  5.8668263e-02
  3.2432154e-02
 -6.1725313e-03
 -1.3717930e-01
  7.0348866e-02
  8.8448273e-03
  2.8874371e-02
 -3.6609678e+00
 -3.6177825e-02
  5.2060783e-02
 -1.6927117e-02
 -1.4472049e-02
 -2.2675253e-01
 -4.3999281e+00
  5.0250102e-02
 -5.2853949e-02
  5.2696705e-02
  8.2898252e-02
  1.7017719e-01
  4.2371146e-02
  4.6352323e-02
 -8.1014313e-04
  4.7513694e-02
 -7.2716057e-02
  8.7111056e-02
  2.6433066e-01
  1.2188528e-01
  1.9906662e-01
 -8.9699157e-02
 -7.6160625e-02
  1.5777050e-01
  1.5351883e-01
  3.6232923e-03
  8.6452506e-02
 -6.8912961e-02
  8.6710230e-03
 -3.4594513e-02
 -4.0974632e-02
  4.5295630e-02
 -3.2751344e-02
  1.8842293e-01
 -3.4359475e-03
 -1.5350097e-01
  2.9467281e-03
 -1.6038491e-01
 -8.2629152e-02
  9.9768288e-02
  9.1140020e-01
 -3.3293102e-02
  3.0014305e-03
 -7.4586457e-01
 -2.4251699e-02
  2.1864742e-02
 -1.0181933e-01
  6.7076959e-02
  2.3003863e-01
 -2.6874663e-02
  9.6368611e-02
  1.7648200e-02
 -6.8718798e-02
  3.2035363e-01
  1.3911818e-01
  1.2819673e-01
  8.6274236e-02
 -4.3751016e-02
  3.5796259e-02
  3.9292544e-02
  7.4400313e-02
 -3.5412565e-02
  5.9314683e-04
 -3.5783145e-01
  1.8728429e-02
  8.1583506e-01
 -5.8919866e-02
 -2.8025886e-02
 -9.2266344e-02
 -3.1951379e-02
 -1.2846239e-01
 -3.8465638e-02
  2.5456086e-02
  2.0433266e-03
  3.7991934e-02
  4.1576110e-02
  3.0822378e-02
  4.9272433e-02
 -1.4711930e-01
 -3.0527052e-01
  2.8490355e-02
 -7.9497062e-02
 -3.1891558e-02
  1.3868400e-03
 -4.7045991e-02
 -8.5633318e-04
  1.7371759e-01
  1.6253237e-02
 -1.1896139e-02
  1.0365664e-01
  5.2389044e-01
 -9.2387252e-02
  4.2822693e-02
 -3.4224322e+00
 -1.7177079e-02
  3.4960374e-01
 -4.1797787e-02
  1.6989732e-01
  1.5707005e+00
  1.0078887e-02
  7.4663229e+00
  2.9503977e-01
 -3.8167563e-01
  8.4563844e-02
 -9.3314812e-02
 -3.2033056e-02
 -5.4411288e-02
 -3.9558444e-02
  3.5127681e-03
 -3.6409039e-02
 -3.2970589e-03
  1.0294975e-01
  5.2087512e-02
 -1.1696848e-01
  5.9355568e-02
 -6.6729118e-03
  9.1375157e-02
 -5.4475673e-02
 -3.5941966e-02
  1.3026738e+00
  1.5909353e-02
 -3.1626806e-02
 -1.6263121e-01
 -4.7057012e-01
 -4.5624226e-02
  1.6525712e-02
 -2.7473903e+00
  4.8978124e+00
 -6.5405401e-03
 -1.2152944e-01
  1.2181689e-02
 -1.2328320e-01
  9.1142161e-03
 -4.4626959e-02
  1.6827126e-01
  1.6487202e-03
 -6.9915041e-02
  2.3162951e+00
  6.9283418e-02
  8.4601127e-02
  1.4197631e-01
 -8.9405812e-02
 -3.8548461e-01
 -9.2674885e-03
  9.7884163e-02
  1.6803853e-01
  2.0158943e-02
  1.5818241e+00
  2.5604349e-02
  1.8530942e-02
 -2.0955158e-04
  3.9835464e-02
  8.6613558e-02
 -1.1245757e-04
 -2.9963773e-01
  1.5715556e-01
 -6.3075699e-02
  1.9314185e-01
 -3.3372335e-02
 -1.2648520e-01
  5.7150878e-02
  6.6923454e-02
  7.1607238e-01
 -1.5964188e-01
 -1.5400629e-01
  8.8386893e-02
 -1.1013574e-01
  6.4167455e-02
  2.4976118e-02
  6.1106134e-02
 -4.9483340e-02
  3.1718452e-02
 -1.1799353e-01
 -3.4320982e+00
  1.9862337e-01
  8.8305496e-02
 -9.0074070e-02
  1.3045924e-02
  2.4674420e-01
 -1.2060677e-01
 -1.7290363e-01
  3.1215899e-02
  3.8351625e-02
 -7.4154190e-03
 -8.4371209e-02
 -9.8946214e-02
  6.1942153e-02
 -2.2532979e-02
 -8.9681350e-02
 -3.9067972e-02
 -1.3898958e-01
  5.7894673e-02
  1.4530514e-01
  2.2902284e-02
  5.9736263e-02
 -1.1259438e-01
  5.4312337e-02
 -4.8436164e-03
 -1.9374571e-04
  9.9657416e-02
 -8.6988911e-02
 -1.4925333e-02
 -5.1252585e-02
  5.4307431e-02
 -8.6336665e-02
  8.7758817e-02
  6.3161517e-04
 -5.5187386e-02
 -1.5063614e-02
 -5.2905209e-02
 -8.2372859e-02
 -4.2242065e-02
  9.5207679e-01
 -5.5843845e-02
  2.6002631e-01
  1.4376599e-01
  7.9684600e-02
 -2.9095618e-02
  1.3340300e-01
  4.4615415e-01
  3.4683343e-02
  9.5364405e-03
  1.8084471e-01
  6.8964541e-01
  1.4104565e+00
 -1.7732186e-02
  3.8465340e-02
 -8.0730036e-02
 -7.0005655e-02
 -5.3797998e-02
 -2.9742554e-02
 -2.8946117e-01
  2.2241426e+00
 -7.3002540e-02
 -1.7889218e-02
  1.6066898e-01
  9.7430520e-02
  6.3218097e-03
  6.2652223e-02
 -5.3299259e-02
 -3.6636751e-02
 -9.5421024e-02
 -2.3722076e-01
 -7.4204259e-02
 -1.1201454e+00
  1.5260711e-01
  4.8840377e-02
  1.7672503e-01
 -3.1803387e-01
  3.2075299e-03
  4.8199147e-02
 -2.5173235e-03
 -7.1450457e-02
 -1.6179565e-02
 -1.1283653e-02
  4.3179985e-02
 -5.2946154e-02
 -1.0078234e-01
  7.5428993e-02
  4.4842333e-02
 -1.1195458e-01
 -1.0362400e+00
 -7.0710324e-02
  5.1034071e-02
 -3.8423371e+00
  5.3172939e-02
  1.1259593e-01
  4.2217169e-02
 -1.3536569e-03
  3.1423725e-02
  5.8464386e-02
 -4.3752883e-02
  3.4297995e-02
 -7.7869603e-03
 -7.8817946e-01
  6.1153218e-02
  2.6506308e-02
 -7.1969545e-01
  2.4462642e-02
 -1.4725286e-01
 -2.2716907e-01
  1.9185712e+00
  4.6786744e-02
 -5.7248864e-03
 -8.0090798e-02
  7.6861471e-02
  9.3820216e-03
 -5.8179360e-02
 -1.2073046e-01
  8.2296371e-02
 -8.9482844e-02
  5.4671532e-01
  4.6421375e-02
  9.6632175e-05
 -1.4874701e-01
  3.8191803e-02
  1.2848152e-01
  1.7840523e-02
 -6.5158002e-02
  3.3021796e-02
  6.6447400e-02
  1.1783868e-01
  3.1360433e-02
  2.0751522e-01
 -5.7429224e-02
 -5.2384317e-02
  4.6560973e-02
 -3.1197295e-01
  3.1023607e+00
 -2.5855842e+00
 -5.9717003e-02
 -1.1382084e-01
  5.4060821e-03
  1.7428377e-01
 -2.1115674e-01
 -6.8020046e-02
 -1.5051992e-01
  1.4436032e-01
 -2.7417216e+00
  6.5169626e-01
 -2.9666540e-01
  2.5226934e+00
 -1.0654308e+00
 -1.1282147e+00
  2.8037870e+00
 -1.0276641e+00
 -3.5461038e-01
  1.4679443e+00
  5.4039031e-01
 -2.5419683e+00
 -4.8237119e+00
 -1.4067827e+00
  1.8980711e+00
  2.1702073e+00
  8.2327998e-01
 -3.0997772e+00
 -1.3485757e+00
 -3.7921238e+00
  1.7799631e+00
  9.7924173e-01
  2.0320290e-01
 -4.6396098e-01
 -6.3378769e-01
 -2.8016248e+00
 -1.4214933e+00
  2.6656456e+00
  5.4787481e-01
  5.5073458e-01
 -6.4083087e-01
  1.8133001e+00
 -2.4347248e+00
 -1.3596625e+00
  1.3190907e-01
  4.8215699e+00
 -1.3577224e+00
 -1.1539689e-01
 -2.6392155e+00
  2.9922948e+00
  6.7295119e-02
 -5.0402534e-01
 -3.1987837e-01
 -2.8886989e-01
 -1.8285828e-02
 -2.6107054e+00
  2.4325147e+00
  3.9878143e-03
 -3.2342255e-02
  4.6633753e-01
 -1.4327602e+00
  3.0892668e+00
  1.3312056e+00
  1.2348692e+00
 -2.5903432e+00
 -1.5408700e+00
  7.2897321e-01
 -6.1159509e-01
 -6.6666001e-01
 -3.2801256e+00
  5.0948459e-01
  1.6120219e+00
  4.2663441e+00
  1.0039359e-01
  4.7384698e-02
  1.3452592e-01
 -7.5756049e-01
  5.3233373e-01
 -3.2717772e+00
 -1.5932047e+00
  9.1251051e-01
  2.3117891e-01
  1.6712399e-01
  1.2359773e+00
  4.0460882e+00
  1.2355855e+00
 -2.4514632e+00
 -5.4337096e+00
  3.1141577e+00
  2.4380339e-03
 -2.6265297e+00
 -8.8703573e-01
 -3.8548501e+00
  7.7174377e-01
 -8.8620764e-01
 -2.6871111e+00
  3.5990325e-01
  3.0986682e-01
  8.4715404e-02
 -7.8507811e-02
  7.4276351e-03
 -7.2443336e-02
 -2.3506378e-01
 -2.8277283e+00
 -2.1692193e-01
 -1.0210675e-01
  8.1984878e-02
 -3.2706592e-02
 -2.4018267e-03
  2.9906698e-03
  1.1533805e-01
 -2.5357846e-02
  1.0566653e-01
 -1.7444533e-01
  1.0604441e-02
  5.1436603e-01
 -3.5488044e-04
  3.1983189e-03
  2.0168643e+00
 -5.0867163e-02
 -2.3134881e-01
  2.0906518e-01
  8.7211646e-02
  1.0752046e-01
  1.5831326e-01
  6.5592282e-02
 -5.6763142e-01
  1.7553142e-01
 -4.9576603e-02
 -2.6396456e-01
  1.0153207e-02
 -5.7314176e-02
 -2.6104345e-03
 -8.2842000e-02
  5.7976851e-03
  1.6593663e-01
  1.7593326e-02
  1.0906189e-01
 -2.9682245e-02
  1.1432195e-01
  1.5097442e-02
 -6.9469042e-02
  8.6891547e-02
  9.7633824e-03
 -1.2785944e-01
  2.2848094e+00
 -2.1702979e-02
  1.0796633e-01
 -3.1661592e-02
  2.2206219e-02
  1.6720751e-01
 -2.4261785e-01
  2.0300856e+00
  3.2847783e-01
  1.7606137e-02
  1.8104838e-02
  2.1368323e-02
 -2.2921592e-02
 -4.6776731e-02
  1.3738791e-02
 -5.1006097e-01
 -4.6931934e-02
 -2.3259443e-01
 -1.7109474e+00
  5.8754790e-01
 -2.7342305e-01
 -1.3200109e+00
 -4.3173580e+00
  1.4720892e+00
 -3.5894021e-01
 -2.1098924e+00
 -4.9325209e+00
  1.4858963e+00
 -1.8578027e-01
 -1.4962660e-01
 -1.4011079e-02
  3.8141373e-01
  2.6714613e-03
 -2.8599021e+00
  7.6856548e-01
  3.9468285e-01
 -3.3828071e-01
  2.7716231e+00
  6.0341693e-02
  6.1129415e-01
  2.6120772e+00
 -7.5235713e-01
  3.5389757e-01
  1.3359236e+00
 -1.8033251e+00
 -3.1179051e+00
  1.6148472e-01
  4.4469675e-01
  1.1597177e+00
  1.2587851e+00
  9.5188566e-02
 -5.9676170e+00
  1.5077013e-01
 -4.4260044e+00
  2.7231848e+00
  9.6123070e-03
 -1.9192718e-02
  4.2037521e-02
 -5.7868961e-02
 -2.3748317e+00
 -2.5504320e+00
 -8.3959626e-04
 -9.3121722e-02
 -1.3792711e-02
  3.6331683e-02
 -4.5910232e-02
 -1.3976891e-02
  6.0046464e-02
 -1.6379590e-01
 -3.0133505e-03
 -1.2744527e+00
 -1.7588747e-01
 -3.3424416e-01
 -5.8577126e-01
  1.9765589e-01
 -4.3180966e-01
 -9.5926338e-01
 -3.8437372e-01
  1.0685168e-01
  1.2407525e-01
  3.1560501e-01
  1.2244145e-01
  1.2511535e-01
 -1.3843034e-02
 -1.4326392e-01
 -7.4448156e-01
 -1.7893940e-01
 -7.6177858e-02
 -1.3765460e-01
 -1.8976793e+00
  1.4861579e-01
  4.9634337e-02
 -4.3823179e-02
  3.5507317e+00
  2.7555779e-01
  5.9214002e-01
 -5.3373024e-02
  5.7353020e-02
 -9.2049375e-02
 -1.3490757e-01
 -1.6129440e-01
  1.3516887e+00
  5.5205828e-01
 -1.9022461e+00
 -2.0517251e-01
 -5.1997036e-02
 -4.3450933e-02
  1.0673365e-01
 -1.5449700e-01
  4.2098206e-01
  2.6108356e-02
 -3.6019242e-01
 -1.4544866e-02
 -2.1720326e-02
  6.6701896e-02
 -1.2647921e-02
 -1.2261091e-02
 -4.0490005e-02
 -2.2088304e+00
 -1.3068590e-01
 -8.4677912e-02
 -2.1146747e-01
 -6.5222181e-02
  5.5668022e-02
 -3.3600502e-02
  9.0784833e-02
 -7.7889422e-03
 -6.1082802e+00
  1.0960009e-01
  3.1816108e+00
  4.7860900e-03
  1.0228666e-01
  1.9893147e-01
 -9.5929559e-03
  4.2943621e-01
  4.0190935e-01
 -2.4570785e-02
  1.5154405e-01
 -4.2946186e-02
 -2.0402160e-02
  2.5068688e+00
  8.9354059e-03
 -1.9572482e-01
  4.1112382e-02
  4.1123065e-03
 -2.1738898e-02
 -1.2353142e-01
  3.8395044e-03
 -3.3449989e-02
 -3.3027038e-02
  7.5605657e-04
 -8.0034837e-02
 -8.0095805e-02
  1.2735771e-01
 -2.2347944e+00
  8.0434278e-02
 -7.1420908e-02
 -3.6179777e-02
 -1.2064226e-01
  6.3191066e-05
  4.8399553e-02
 -8.0382116e-02
  1.1174866e-01
  1.3551742e-01
  3.4564724e-03
 -6.1901260e-02
 -1.3977576e-02
  2.5816895e-02
  2.3088524e-02
  1.8826118e-01
 -1.0943690e-01
  1.7066963e-01
  1.0260205e+00
 -1.2781282e-02
 -3.4026332e+00
  3.6901135e-02
 -5.2114740e-02
  8.7257931e-03
  4.1889399e-01
  5.9904128e-02
 -1.4992123e+00
  3.4365055e-04
 -2.0957166e-01
 -4.9412694e-02
  1.1169891e-01
  2.3446413e-02
  5.7353176e-02
  4.2062686e-03
 -1.7289336e-01
 -2.9084790e-02
 -2.3647226e-02
 -1.7932697e-01
 -1.0756136e-01
 -4.7329888e-02
  1.8528019e-01
 -3.5451692e-02
  1.6860720e-02
  4.4202682e-04
  1.5516073e-01
  7.8310715e-03
 -2.9665833e-02
 -7.1838200e-02
  2.7204497e-02
 -6.3064463e-02
 -3.0376095e-01
 -1.2004340e-01
 -2.0059517e-02
  1.1548243e-01
  2.6974885e-02
  8.5565977e-02
 -2.5622085e-02
  2.1198275e-02
  8.6633973e-02
  5.1096968e-02
 -1.6422844e+00
  3.7256119e-01
  9.4308808e-02
  2.0533167e-01
 -3.7632808e-02
 -8.0521569e-02
  1.7849410e-01
 -7.3119646e-01
  9.2888921e-03
 -4.9803165e-01
 -9.2115059e-02
  1.2994157e-01
 -1.6831216e-01
 -1.4191461e-02
  1.0157324e-02
 -2.4701979e-02
  3.7498784e-01
  4.0890102e+00
  4.5111876e-02
  3.2121332e-03
 -3.2280430e-02
  1.6200574e-01
 -3.5771158e-02
  8.6833118e-03
 -9.7730011e-02
 -1.0531958e-01
  6.3110940e-02
 -1.2973306e+00
 -4.9449313e-02
  1.3189381e-02
  1.0196155e-01
 -6.8881720e-02
  3.7369769e-02
 -2.6205438e-01
 -1.8449524e-01
 -2.0451743e-02
  6.5944856e-04
 -5.8829941e-02
 -8.0982059e-02
  1.7669579e-02
 -3.5350886e-01
  3.8019752e-03
  3.3826564e-02
 -5.5914253e-02
 -9.0209432e-02
 -2.9588515e-02
 -8.1748217e-02
 -8.3433747e-02
 -1.7377855e-02
  9.3000233e-02
  1.6895395e-02
 -4.1259788e-02
 -6.8234801e-02
  7.8007663e-03
  2.5789736e-02
  2.1012042e-02
 -1.1014901e-01
 -6.1975135e-03
 -9.4018288e-02
 -1.7783003e-01
  5.2946591e-01
 -1.6809851e-02
  1.6833363e-01
 -1.2651116e-01
 -1.3371628e-03
 -2.9125936e-02
  5.9575529e+00
  1.6819918e-01
  1.0701099e-01
  7.3515974e-02
  1.0385008e-03
  2.7418218e-03
 -1.3047354e-01
 -1.8628931e-02
 -6.3534409e-02
  1.2600212e-01
  1.8669818e-02
  6.1255656e-02
 -1.2999474e-01
  8.5867867e-02
 -1.5506394e-01
  2.5719717e-02
 -3.9064735e-02
  1.6397285e-01
 -7.6187961e-02
 -7.3236912e-02
 -1.3779716e-01
 -2.4110055e-02
 -6.0334515e-02
 -1.8297281e-02
 -1.2145299e-01
  3.0852973e-01
  2.3705609e-01
 -6.6903852e-02
  5.5159140e-02
  1.4935996e-01
  6.8369679e-02
  3.7908576e-02
 -1.8519508e-02
 -9.4102979e-02
  6.8971848e-01
  1.1853639e+00
 -9.1251191e-03
 -2.7762569e-02
 -3.7139136e-02
 -5.2812159e-02
 -4.5621116e-02
 -1.7536636e-01
  1.9489835e-01
  6.0984887e-02
 -1.8552452e-01
  9.0047851e-02
  3.2923151e-02
 -8.4977234e-03
  3.9713769e-03
 -1.3213852e-01
  2.6814398e-01
  2.1761503e+00
  7.8105819e-01
 -2.5607264e-02
 -2.3030817e-04
 -3.8937740e-02
  6.7752949e-03
 -5.1444201e-03
 -1.2337483e-02
  3.9960653e-02
 -9.5477328e-02
  2.3457028e-01
 -1.5304067e-02
 -3.0501719e+00
  1.8566303e-01
  1.5729758e-01
  6.4299824e-03
 -3.0200666e-01
  1.0552975e-01
  1.2384388e-01
 -7.5049371e-02
 -1.8089613e-02
 -1.9319866e-02
 -4.2176545e-02
  8.1705051e-03
 -1.7560089e-01
 -2.9204148e-01
  1.3797714e-01
 -1.8572444e-02
  1.7060728e-01
  1.3974407e-01
  1.0712322e-01
  5.8660991e-02
 -3.6045492e-02
 -6.2308699e-04
 -8.7544143e-02
 -4.5760577e-03
 -7.6390527e-02
 -1.0665714e-01
  1.9753657e-02
 -6.1599076e-02
  2.6134945e-02
  2.9503683e-02
 -2.1553231e-02
 -1.1051676e-01
 -1.1190835e-01
  3.6780134e-02
  1.7329888e-02
 -1.8495791e-01
 -6.5151078e-05
  1.5217835e-01
  4.0617134e-02
 -2.7115220e-02
  3.7935529e-02
  2.6782608e-01
  2.0200793e-02
  4.7133025e-02
 -4.5832156e-04
  2.9925582e-01
  1.3174544e-01
  4.7539491e-02
  6.8426752e-03
 -2.0845328e-03
  7.5914024e-04
  7.7519327e-02
 -9.1782048e-02
 -8.3955817e-02
 -2.4660045e-02
 -1.3110406e-02
  4.6226166e-02
 -1.2346140e-01
 -2.4538393e-01
 -6.0020266e+00
  2.1945981e-02
 -4.4983748e-01
 -1.6365293e-02
 -8.0453884e-03
 -8.4633783e-02
 -1.7835768e-01
  5.0575320e-02
 -1.8320236e-02
  7.8323305e-02
  2.7290840e-02
 -8.4073253e-02
  1.9105916e-03
  3.7891422e-03
 -1.0585733e-01
  1.7881498e-02
 -1.3384274e-01
 -3.4137391e-02
 -5.6678627e-02
  3.3618152e-01
 -7.1132317e-02
 -9.8652489e-02
 -9.2504784e-02
  1.7847754e-01
 -1.3227962e-01
  1.1828469e-01
 -4.6821378e-02
 -6.4866669e-02
 -5.9896000e-02
 -3.4894031e-02
  3.4288818e-01
  6.3811642e-01
  9.2301875e-01
  2.5242776e-02
 -3.2556925e+00
  6.9517411e-02
  6.4470994e-05
  1.1044457e-01
  3.8990334e-02
 -1.6533084e-02
 -1.2308524e-01
  6.6180432e-01
  1.2916675e-02
 -1.4173033e+00
 -1.0521173e-02
  1.7979419e-01
 -3.0128255e+00
 -1.7769799e-01
 -9.0562120e-02
 -2.9520363e-01
 -6.1385356e-02
 -2.4940886e-02
 -1.5523785e-02
  3.8130858e+00
  9.0271741e-01
  8.4882624e-02
 -8.4551051e-02
 -2.9458180e-01
 -6.2876791e-02
  3.5223821e-01
  1.6173389e-02
 -7.2176740e-02
 -3.8068970e-03
  1.6788735e+00
  1.1311151e-01
  1.9477441e+00
  5.8909312e-02
  9.4033733e-02
 -1.3900761e-01
  1.3203836e-02
 -5.7515143e-03
 -8.6432710e-02
 -4.3647442e-02
  8.9047998e-03
 -4.3331575e+00
 -1.6255799e-01
 -5.7662787e+00
 -1.8440381e-01
  9.2006916e-01
 -3.7872334e+00
 -8.3907855e-01
  2.4309115e+00
  4.8288035e+00
  1.7699211e+00
 -4.6451354e-01
 -2.9418460e-01
  6.7949290e+00
  2.3870836e-01
 -1.0321742e+00
 -2.7660621e-02
  1.5933282e+00
  4.9464422e-01
 -5.5917102e-01
  1.7253422e+00
  8.6336527e-03
 -3.5176795e+00
  5.6616060e-02
  1.0505363e-01
 -5.0443525e+00
  7.8848019e-02
 -1.7995046e+00
  9.0492260e-01
 -4.4362903e-01
  1.5459894e+00
  1.3256217e+00
  8.4207779e-01
 -9.0560108e-02
  1.9289680e+00
  4.5273492e-01
 -1.0772861e+00
 -4.2562153e-02
  1.5004449e-01
  9.2806548e-02
 -1.5346508e-01
  1.5802035e-02
 -6.3035108e-02
 -2.1886984e-03
  1.8778555e+00
  5.7526183e-01
 -4.7043923e-02
  5.5996463e-02
  1.1168140e-01
 -8.3152562e-02
 -1.6482761e-02
 -3.7990161e-04
 -1.7109657e-02
  2.1949423e-02
 -2.1875508e-02
  6.8305686e-02
 -1.1560714e-02
 -3.5861964e+00
  4.2239662e-02
 -3.0729964e+00
  6.6534630e-03
 -8.3285578e-02
  1.3714619e+00
 -4.3446764e-01
  1.1083051e-03
 -1.6784249e-02
  1.5626866e-02
 -2.0152023e-02
 -4.5992613e-02
  6.1186910e-02
  1.4375480e-01
  7.0106052e-02
 -1.5354800e-01
 -1.0205679e-01
 -4.9058735e-02
 -4.6255134e-02
  1.3092478e-02
  6.0680579e-02
  2.3973456e-02
 -1.9951092e-02
 -2.0871643e-02
  4.3785114e-02
 -7.2548725e-02
 -1.1931946e-01
 -2.0445609e+00
  1.3220909e-02
  1.8375114e-01
  6.3886903e-02
 -4.5198351e-02
  2.5135118e-01
 -8.4262341e-02
  6.6845410e-02
 -8.1564123e-03
 -3.3296969e-02
  3.5313167e-02
 -1.4503239e-02
 -3.4096088e-02
  1.4073679e-01
  6.3707966e-01
 -2.9125220e-01
 -2.8246939e-02
  6.4484000e-02
  2.6541160e-02
 -4.8036661e-02
  5.8292544e-01
  5.2650862e+00
  5.0612245e+00
  2.2743864e+00
  4.2878717e-01
  5.8907723e-01
  4.2466927e+00
  1.2244413e-02
 -1.6949995e+00
 -3.4038930e+00
  2.2210040e+00
  3.4530636e-02
  2.0662503e-01
 -1.6582718e-02
  3.0012824e-02
 -3.1494157e+00
  1.2959802e-01
  1.7881116e-01
 -1.9845505e+00
 -3.9847699e-01
 -2.8630126e-01
 -2.3725851e-02
 -5.0473671e+00
  2.0291996e+00
  2.8458853e+00
 -3.9994998e+00
  3.4736400e+00
  9.5064723e-01
  2.6215839e+00
 -1.2471176e+00
  4.4790039e+00
 -7.4111552e+00
  8.7506545e-01
  1.9435726e+00
  1.1124082e+00
  1.5654637e-01
 -1.8216859e+00
 -6.9410682e-02
 -1.0889392e-01
 -1.8102571e-01
 -9.8090840e-04
 -6.0986713e-02
  3.8400257e-03
 -5.1908117e-02
  3.5965130e-02
  2.9238982e-02
  1.5770914e-01
 -9.1687419e-02
  3.2036867e-02
  1.7521204e-01
 -1.3624434e-01
 -3.9908814e+00
  2.7721350e+00
 -2.7928954e-02
  2.4110993e-02
  7.6235510e-02
 -1.3165145e-01
 -9.9366330e-02
  7.9322360e-02
 -2.2237822e-02
 -6.9143504e-02
 -4.8137039e-02
 -7.4061334e-02
 -2.5336137e-02
 -1.2511271e-01
  2.9038243e-02
  4.9324818e-02
  2.3348028e-02
  2.0599116e-02
  5.7622116e-02
  1.3205907e-01
  3.8877092e-03
  4.7972754e-02
  8.7031037e-01
  2.3685675e-02
  5.3934786e-02
 -1.2494990e-01
  4.9038287e-02
 -5.8712855e-02
 -6.0364679e-02
 -4.0873498e-02
 -1.6158603e-01
  2.1317427e-04
  6.6011235e-02
  3.4453464e-01
  4.0029470e-02
  1.5790147e-01
 -3.0826226e-01
  7.8382358e-02
 -3.4482114e-02
  3.1671405e-01
 -7.9389386e-02
 -2.1193575e-02
 -1.0141979e-01
 -6.7397602e-02
  8.9004111e-01
  5.6699691e-03
 -2.2373114e+00
 -1.2615842e-01
  1.3437763e-01
 -1.6780131e-01
  9.2452623e-02
  3.9692220e-01
  3.3709723e-01
 -5.6405153e-02
 -3.2663159e-03
 -5.4975897e-01
  2.8320322e+00
 -2.5620961e-01
 -4.3167286e-02
  5.8233961e-03
  3.1875003e-02
  3.2958761e-01
  8.1792124e-02
 -6.1772496e-02
  3.7758993e-03
 -5.0824061e-02
 -6.4265981e+00
  4.7788050e-02
  1.3005175e-01
 -3.5292569e-03
 -2.6528811e-01
 -7.1842805e-02
 -5.0346628e-02
  2.1555910e+00
  2.2524090e-02
  7.6586874e-03
  2.7955648e-02
  2.3717757e-01
 -4.7410201e-02
  1.3445365e-02
 -3.3834908e-02
  6.3890249e-02
  7.3077835e-02
 -3.4003342e-03
  3.1225413e-01
 -1.6119489e-01
  1.4804089e-01
 -8.0705993e-02
  7.4888878e-02
  3.5215836e-02
  1.3684593e-01
  1.0952485e-01
 -3.8968012e-02
  2.5868943e-02
 -3.9301515e-02
  5.0589773e-03
 -5.7169336e-01
  2.1769287e-01
  3.3681533e+00
  4.9211621e-02
 -4.7392700e-02
 -5.1891685e-02
 -2.8091904e-02
  1.3987496e-02
 -2.9112959e-02
 -4.0227109e-01
 -2.4583129e-02
  1.7220185e-04
  3.9248545e-02
  5.8204693e-01
 -2.2536982e-03
 -7.7829300e-03
 -1.3507034e-01
  6.8032348e-01
  1.3899887e-01
  2.9961348e-01
  3.0130595e-02
 -4.9953585e+00
 -4.7201969e-02
  1.1658465e-01
 -3.9073151e-02
 -8.7886415e-02
 -4.5758009e-02
  6.1820652e-03
 -1.8710744e-02
 -2.4591696e-01
 -5.9499484e-02
  9.8603986e-02
  1.4657794e-01
  1.7561847e-01
 -1.4073719e-01
 -6.4314380e-02
  2.3977029e-01
 -7.3553724e-03
 -1.5133136e-02
 -1.1291721e-01
 -1.7988907e-02
  1.6718276e-01
  1.7824972e-02
  4.7946963e+00
 -9.9363729e-02
  9.6377708e-02
  1.4416626e-01
  2.9866099e-03
 -1.3474205e-01
  5.5748884e-02
 -9.4395705e-02
 -1.7556155e-02
 -9.8853391e-01
  3.1369066e-01
  9.1542119e-01
 -7.9491332e-02
 -3.3942840e-01
 -2.0381821e-02
  2.1102116e-01
  1.4598976e-01
 -8.9318737e-02
  5.1337093e-02
  2.0863445e-02
 -3.6225971e-02
 -6.5927461e-02
 -9.1699156e-04
 -2.3425314e-01
 -6.4691859e-03
  2.2487978e-02
  1.4934161e-01
 -3.2037828e-02
 -1.5387921e-01
 -9.5126346e-02
  2.1286922e-02
  1.6105758e-01
 -3.7575770e-02
 -4.6234312e-03
 -2.9193133e-02
 -9.1075934e-03
  4.6387608e-03
  1.4556652e-01
 -5.2766886e-02
  8.0850713e-02
  4.2243827e-02
 -6.7392737e-02
  1.5172443e-01
 -1.1145256e-01
 -1.5440474e-01
 -2.1389817e-01
 -2.2272876e-02
  6.1103523e-02
  3.4992531e-02
  3.2943558e-02
  1.2902625e-01
 -4.7346994e-02
 -7.3894165e-02
 -4.1126339e-03
  3.0351398e-04
  6.7859747e-02
 -3.1013252e-02
 -7.0786141e-02
  3.0624894e-02
 -2.7143927e-02
  2.2044495e-01
  1.1282509e-02
  6.9137447e-02
 -1.1842796e-01
 -8.6724717e-04
 -1.4072911e+00
 -3.1470469e-01
  6.8936333e-02
  6.1141562e+00
 -1.0661005e+00
  3.6696730e+00
 -3.5078554e+00
 -3.8083749e+00
  3.5104921e+00
  2.4389306e-01
 -8.1302889e-02
 -4.4019599e-02
 -6.2303010e-02
 -7.1870759e-02
  5.0705336e-02
  1.4301524e-01
 -1.3434502e+00
  8.0987535e-02
 -1.9683355e+00
 -1.9287568e+00
 -1.6051170e+00
  4.6708765e+00
 -1.4555397e+00
  3.6880240e+00
 -5.0904435e-01
  6.8324232e+00
 -6.0791421e-01
  1.2029485e+00
 -7.2266960e-01
  2.7754982e+00
  9.4051085e-02
 -3.0771282e+00
  3.2289534e+00
  6.2421107e-01
  3.5261264e+00
 -2.0962393e+00
  3.3194906e-01
 -2.1336265e-02
 -1.6487852e-01
  4.0929690e-02
  8.0959536e-03
 -1.2815571e-01
  1.9716155e-02
 -1.1780639e-01
 -3.7770312e-02
 -2.3995640e+00
 -4.4405409e-03
  7.7258244e-02
  8.6652488e-02
  2.7416880e+00
 -6.3656000e-03
 -8.8309102e-02
  1.5068026e-02
 -8.9822933e-02
  3.1635584e-03
 -3.5678884e-01
 -5.3679980e-03
  1.9044816e-01
  7.4164875e-02
  3.6546206e-01
  6.5522850e-02
 -5.3353287e-02
  4.6114862e-01
  5.0031669e-03
 -4.1909061e-02
 -2.5526291e-01
  2.0300832e-01
  1.5102763e-01
 -7.1383722e-02
  7.3807170e-03
  2.0284172e-04
  7.3299268e-03
  3.5912246e-02
  8.0719600e-03
 -1.0139673e-01
  2.0854457e-01
 -3.8566753e-02
 -3.9856598e-02
 -2.3269456e-02
 -6.0225602e-02
  5.6135435e-02
 -3.9271370e-02
  1.0982074e-02
  5.5305023e-02
  4.9595777e-02
 -4.2142084e-01
 -9.1811437e-03
  7.1497113e-02
 -1.3442489e+00
 -1.9999319e-01
 -2.6644044e-02
 -3.2939088e-02
  4.4817391e-01
  3.5188984e-02
  1.0163641e-01
  1.0217069e-01
  3.3922572e-02
  4.6663586e-02
 -6.6600561e-02
  1.1148655e-01
 -1.9123105e-02
  1.4290478e-02
  3.2944124e+00
  3.3847973e+00
 -1.4276609e+00
 -2.8287141e+00
  1.7491795e+00
  6.3244778e-01
  5.5294375e+00
 -1.4592582e-01
 -9.7632021e-01
 -1.0050885e-01
 -6.1358318e-02
 -6.6972203e-03
  2.8882131e-01
  1.0482573e-01
  1.5508657e+00
  1.6710541e+00
 -1.6544167e+00
 -7.2969988e-02
 -8.6266190e-02
 -5.6058946e+00
 -4.2399579e-01
 -1.6503559e+00
 -2.1989326e+00
  6.1880708e-01
 -6.2181350e-02
  3.8757598e+00
  2.7103150e+00
  2.6343149e-01
  4.8793572e-01
  4.8768350e-01
 -1.2587240e+00
 -2.4495010e+00
  3.1234311e-02
 -1.3292818e+00
 -5.0846261e-01
  2.3127279e+00
 -2.2327261e+00
 -3.8906187e-02
 -3.1220596e-02
 -6.1395634e-02
 -2.4683999e-02
  4.3674508e-01
  3.5936019e-01
  2.7776053e-02
  1.7046654e-01
  3.4042161e-02
  5.3624570e-01
  7.5676866e-02
  9.2074005e-03
 -1.4575430e-02
  1.9238636e+00
  7.4524933e-01
  9.3829346e-01
 -2.1526828e+00
  1.8752785e+00
 -9.8728873e-02
 -5.3166909e+00
 -6.0044682e-01
 -1.4551688e+00
  7.2563010e-01
 -1.3941467e+01
  4.8521069e-01
  4.1393361e+00
  2.5217843e+00
  3.8323858e+00
 -4.4112453e+00
  1.3108014e+01
  8.2312918e-01
  2.2980462e-01
  2.7868235e+00
 -1.2005494e+00
  3.0174081e+00
 -3.4648743e+00
  4.5507841e+00
 -6.0239637e-01
  3.1077330e+00
  9.4774753e-01
  9.1139245e-01
 -5.0372672e-01
  2.0310087e+00
  1.5472702e+00
  2.8425086e+00
 -5.7926211e+00
 -4.1547167e-01
  1.8339194e-01
 -2.6809087e-01
  8.9692885e-01
  1.2914481e+00
  2.6666418e-01
  7.2756410e-01
 -1.7356215e+00
  3.9387196e-02
  3.6896133e-01
 -1.0670215e-01
 -2.1016750e-01
  2.3948537e-02
  2.2226377e-01
  3.9389089e-02
  1.3268491e+00
  3.3983679e+00
 -4.0425900e-01
 -1.7961165e+00
 -9.0230644e-01
 -8.4561367e+00
 -3.3333111e-01
 -1.0835555e+01
  7.1143618e+00
  1.1599069e+01
 -5.8161082e+00
  3.3090367e+00
 -1.1604357e+01
 -1.0209990e+00
 -6.2308273e+00
 -2.2304497e+00
  6.2937384e+00
  1.4347317e+00
 -3.3231774e-01
 -9.3835773e+00
 -7.6840501e+00
 -1.0167180e+01
 -5.4930553e+00
 -1.1951044e+00
 -4.0994983e+00
 -2.0566864e+00
 -1.1852070e+01
  1.8984285e-01
  5.2717793e-01
 -9.0720530e+00
  3.8914092e+00
 -7.6371489e+00
 -9.2111387e+00
 -5.8677936e+00
 -2.7797291e+00
 -9.9323854e-02
 -1.2217034e+00
  5.1010628e+00
 -2.8094738e+00
  2.2795196e+00
 -1.2123328e+00
 -4.3293777e-01
 -6.2739924e-02
 -3.1429186e-01
 -2.6192548e+00
  6.3636869e-02
  9.6685869e-01
  4.5965242e-01
 -1.3673042e-02
 -1.8815096e-01
  5.3471334e-02
 -4.6939656e-02
 -7.5085700e-02
  1.1340094e-01
  7.2129718e-03
  1.1381291e-01
  1.7911071e+00
  7.5766459e-02
 -5.0926451e-02
  3.4363064e-01
  6.4729631e-02
  3.9644418e-03
 -2.5705510e-01
 -3.4800556e-01
 -4.3025121e-02
  2.3919966e-02
 -8.5239364e-03
  4.4588756e-02
  2.4489680e-02
 -1.4612192e-02
  9.8435149e-02
 -6.2795445e-02
 -4.8527971e-02
 -2.4367426e-01
 -2.7963184e-02
 -8.0589373e-03
 -3.5000145e-01
 -4.3270212e-02
  5.6215666e-02
 -4.0696912e-02
  5.2347697e-02
  2.9785326e-01
  2.5352594e-03
  1.3492188e-01
 -2.6194083e-02
  1.1402747e-01
  5.3652197e-01
 -4.7130033e-02
  2.0354708e-01
  2.0054338e+00
 -7.5814627e-02
 -9.5759548e-02
  2.1786999e-02
  2.5414193e-02
 -9.3800113e-02
 -1.1548197e-01
 -1.9354573e-02
 -4.3291636e-03
  9.5569029e-02
  8.1691835e-03
  2.0414622e-01
 -8.9119367e-02
 -1.2595055e-01
 -1.6642168e-01
  4.9656667e-03
  1.5176673e-01
 -1.1432620e+00
  8.4295702e-01
  7.8109965e+00
 -2.8223391e+00
 -3.2166102e+00
  1.5551353e+00
  4.3855925e+00
  2.4459481e+00
  2.9808326e+00
  1.7348038e-01
  1.2032036e-01
 -2.8016912e-02
  7.5642574e-01
 -8.1513382e-02
  4.4236171e-01
 -8.8570642e+00
 -1.1757390e+00
  2.6434365e-01
  1.7059871e+00
  3.0012837e-01
 -2.7857749e+00
  6.4588990e+00
  8.5639283e-02
  3.7566373e+00
 -2.7302532e+00
  1.2972159e+00
 -3.2572825e+00
 -1.8335847e+00
  9.1323633e+00
  3.1278887e-01
 -2.2411592e+00
 -1.1723793e-01
  1.1135625e+00
  1.7894701e+00
 -2.7856112e+00
  5.5547768e-01
  5.4264736e-01
  9.2659533e-02
  1.7203908e-02
 -2.6685545e+00
 -7.1811903e-01
 -2.7172647e-02
  9.4536848e-02
 -2.4407957e-02
 -3.2812048e-02
 -5.6427419e-02
 -3.6588848e-02
 -2.4451640e-01
 -1.4581169e-02
 -1.5236123e-01
  6.3095391e-02
 -9.8611790e-01
 -1.2772845e-01
  1.5972099e+00
 -1.8078440e+00
  1.8425827e-01
  4.7690063e+00
  1.7078197e+00
  3.6485310e+00
  6.4479532e+00
 -6.5591538e-01
  8.2906377e-01
 -2.5362997e+00
 -2.0342806e-01
 -7.7245963e-01
 -1.6900021e+00
 -1.3052192e-01
 -1.5487953e+00
  1.3971347e-01
  1.3980831e-02
 -1.2387159e-01
 -1.1422856e+00
 -8.5381754e-02
  2.3176405e+00
 -5.7141829e-01
  5.4999189e+00
 -7.2603518e-01
 -9.9388885e-01
  7.0539421e-01
  2.1508801e-01
 -2.7231291e-01
 -9.8861203e-02
  4.7040915e-01
 -5.8327878e-01
 -1.7102212e+00
  5.9792084e-01
 -4.1968384e-01
  3.7158022e+00
 -1.5095736e-02
 -2.2752425e-02
 -7.8257568e-02
  1.7115569e-01
  3.0566547e-02
  2.3831830e+00
 -1.2060485e-01
  5.3791858e-02
  6.4542621e-02
  1.7950743e-02
  4.5562532e-02
  4.9088165e-01
 -6.0251147e-02
  3.2972744e-01
 -1.2997563e-01
  1.0002574e-02
 -1.0016962e-01
  9.4128199e-02
 -1.2649912e-01
  1.1751318e-01
 -2.1039557e-02
 -1.7596014e-02
  3.1635392e-01
  6.9420911e-02
  9.3573844e-01
 -1.3144952e-01
  3.3985926e-03
 -5.6691803e-02
 -1.6962706e-01
  5.0491313e-03
 -2.9909539e+00
 -1.3372122e-01
 -5.1855125e-02
 -4.8783638e-02
  1.8124361e-01
  5.4315925e-03
 -6.0888816e-02
 -5.2823555e-02
  1.0281893e-01
  1.7489592e-02
  1.5714480e+00
  8.2442813e-02
  3.5648820e+00
  9.5887102e-02
  6.5149367e-02
 -7.9365343e-02
 -2.3298126e-01
  1.8721066e-03
 -4.4954401e-02
  3.6379320e-03
  1.3249622e-01
  2.5421150e+00
 -4.2145096e-02
  1.4956586e-01
  6.9689319e-02
 -1.6266111e-01
  2.5637803e+00
 -5.5828050e-02
 -7.7089071e-02
 -6.1313581e-02
 -1.8137380e-02
 -4.8740994e-02
 -4.0780920e-01
 -6.4100899e-02
 -1.7541890e-01
 -1.5261755e-02
 -1.2824629e-01
 -1.1383293e-01
 -1.4809115e-01
 -1.2451203e+00
 -4.3307297e-02
  4.9356904e-02
 -6.8753533e-02
 -3.7778610e-01
 -1.0910521e+00
 -4.1990833e+00
 -2.5781797e-02
  6.4241275e-02
 -1.4929469e-01
 -5.7326611e-02
  1.9913552e-02
  2.3968896e-02
  3.4876809e-01
 -7.2895833e-03
 -1.9090529e-01
 -7.7607355e-04
  2.2713952e-02
 -1.4277311e-01
 -3.6537744e-02
 -3.8629422e-01
 -2.8787725e-02
  8.6110681e-02
  2.0139916e-01
  3.9134894e-02
 -6.1678109e-03
 -2.1552632e-02
  2.7693272e-02
  5.8411390e-02
  4.4478399e-01
 -4.3993875e-02
  2.1187555e-02
  1.5590476e-02
  1.4554990e-02
 -4.9607854e+00
 -7.6637171e-02
  1.7880941e-02
 -1.0858582e-02
 -5.1641867e-02
 -2.0310600e-01
  1.0792365e-01
 -2.0191718e-02
 -3.5834631e-01
  1.9281318e-02
  7.7696925e-04
  6.0589511e-02
 -8.5752934e-02
 -9.5565738e-03
 -1.6500139e-01
  3.9206825e-02
  3.9940649e-01
  1.7424338e-02
  1.1350126e-01
  2.3381899e-01
  1.6120128e-01
  1.4026783e-01
  1.4360623e-02
 -8.3393142e-02
 -6.3586503e-02
 -3.8080081e-02
  9.8579235e-02
  1.1910871e-02
 -2.9733840e-02
  5.5110995e-02
  3.2363106e-02
 -3.3430077e-02
 -3.9277044e-01
  5.9767675e-02
  1.6296777e-01
 -5.5725908e-01
  9.1183245e-02
  7.3423803e-02
 -1.0220952e-02
  2.4527846e-01
 -3.9063364e-02
  4.8934039e-02
 -1.2764293e-01
  2.2986876e-02
 -1.6760033e-02
 -1.1144470e-01
  1.3576180e-01
  7.1872406e-02
 -2.3439033e-01
  2.6573939e-02
  2.6373418e-02
  2.8718594e-02
  1.2952276e-01
 -4.4141440e-03
  6.0991567e-02
  6.4159892e-03
 -9.7621679e-02
 -5.1221594e-02
  1.9806091e-01
  1.5539379e-02
 -1.4338683e-02
  1.5564761e-01
  1.7854132e-02
 -8.0182292e-02
  1.1150388e-01
  2.9393651e-02
 -8.6007759e-02
 -8.8286195e-03
 -1.1010316e-03
 -5.5349797e-02
  3.5588718e-03
 -9.1516107e-02
 -7.6637536e-01
  5.0600702e-03
 -8.1038542e-02
 -7.3454723e-02
 -2.8662402e-03
 -1.6785182e-01
 -7.8490190e-04
  4.1565108e-01
 -1.6698853e+00
  1.5598938e-01
  4.5230374e-02
 -1.1163720e-01
  6.9746472e-02
 -7.8058779e-02
 -8.9549229e-02
  1.9291593e-02
  1.8621463e-01
  4.0088233e-02
 -1.9041857e-02
  4.6327490e-02
 -2.1522529e-01
 -1.0664441e-01
 -3.6092675e-01
 -3.8563427e-02
  7.2670698e-02
  3.2601973e-01
  4.5666283e-01
 -1.0986989e-01
 -6.1408329e-01
  1.7372493e-02
  2.5361899e-02
 -3.1412028e-02
 -5.6608807e-02
  2.5419145e+00
  2.5813653e+00
 -3.4546766e-02
  1.4896654e-01
 -9.8072998e-02
 -1.2122581e-02
  3.8716938e-02
  1.9247930e-01
  3.7984263e-02
 -1.5181555e-01
  2.7481341e-01
  2.4828000e-02
  2.1905702e-02
  5.0384063e-01
  5.7463299e-02
  8.1258424e-02
 -7.5155469e-03
  2.6597646e-01
  6.6874874e-01
 -1.5685499e-02
 -8.8581154e-03
 -3.6076263e-03
  3.0877719e-02
 -3.3108909e-02
 -8.5173704e-02
  9.1810417e-01
 -7.7831605e-03
 -4.4630293e-02
 -1.2787994e-02
  6.1424691e-02
 -6.0055023e-01
  2.4881957e+00
  8.0951259e-02
  8.1692845e-02
 -5.5149579e+00
 -1.4625178e-02
 -1.9550327e-02
  1.5713274e-02
  3.0811933e-01
  2.8549299e-01
  2.4316366e-01
  2.1886171e-01
 -2.3342876e-01
  1.2055907e-01
  7.8181401e-02
  6.8908073e-02
 -5.3740382e-01
  8.8685460e-02
 -4.6454582e-02
 -1.2696005e-01
  9.6982670e-01
 -8.1702461e-03
  1.5752771e-01
 -5.6318052e-02
  7.9504669e-02
  4.4873837e-02
  4.3886509e-03
  3.2300320e-02
 -5.1031902e-02
 -2.5335629e-02
 -8.5057504e-02
 -1.7631771e-01
 -1.2042729e-02
 -1.6988711e-01
  6.0086089e-01
  4.5194989e-03
  4.2970288e-01
  7.3752040e-01
  1.5960819e-01
  2.5433102e-01
 -1.7369634e-02
 -7.2996877e-02
 -2.0942189e-02
 -2.6671719e-02
  6.4583503e-02
  2.7070869e-02
 -6.8969727e-02
  5.4340117e-02
  5.9733342e-02
  1.6830167e-01
 -1.9347911e-01
  6.0970788e-03
  1.0173076e-01
 -1.2200435e-01
 -6.3437873e-01
 -7.4557424e-02
 -1.3386899e-01
 -1.4357966e-01
 -6.3839990e-01
 -9.9217951e-02
  1.3826337e-02
 -5.8358382e-02
  6.6055350e-02
 -6.2999803e-01
  4.1888792e-02
  2.2977090e-02
  6.5170366e-01
  6.7667440e-02
  1.6574557e-01
  9.6971989e-02
 -3.1000441e-01
 -5.2985858e-02
 -1.5956497e-01
 -4.8642182e-03
  1.2908345e-01
 -1.3410003e-01
  1.3734588e-02
  2.6583472e-02
 -2.8904031e-03
  1.1000811e-02
  1.4752726e-02
 -2.5632011e-02
 -1.0071323e-02
  1.5378197e-01
  1.9745241e+00
  8.5437866e-03
  1.9038510e+00
  4.6301752e-02
 -2.3182847e-02
  1.6793659e-01
 -2.4724510e-02
  9.7468115e-02
 -3.2515921e-02
 -1.6689492e-02
 -6.6361018e-02
  1.4825126e-02
 -2.6657445e-02
  1.6626602e-01
 -6.0615163e-02
 -1.0656424e-02
  2.1187579e-02
 -2.4393301e-02
  4.2148121e-02
 -7.4307047e-02
 -1.2644112e-01
  5.4213189e-02
 -5.1760875e-02
  8.5043766e-02
  3.8832329e-02
  7.1676947e-02
  8.8520506e-03
  1.5235904e-01
  1.7112549e-01
 -4.7939673e-02
 -2.9348705e-02
 -5.0318275e-02
 -4.5421734e-03
  7.4169442e-02
  8.1289284e-02
 -1.6461965e-01
  3.9179292e-01
  1.4816239e-01
  3.4608378e-03
 -4.7745172e-02
 -2.1692595e-01
 -9.3681507e-02
  1.2003746e-02
  1.9784965e-02
 -5.9050746e-02
 -9.6017355e-03
  3.9451428e-02
 -1.9534777e-01
  1.4028281e-01
 -1.2252774e+00
 -2.6071516e-01
 -1.1604122e-01
  1.6793530e-02
  6.7055054e-02
 -1.4984649e-01
 -3.6842786e-02
  1.8032084e-01
  2.7598858e-02
 -3.2121178e-02
 -3.0047903e+00
  2.4613811e-02
 -2.5710324e-02
  4.0620223e-02
  1.2780704e+00
  1.0983182e-02
 -6.7572519e-02
  1.1615811e-01
 -1.5013372e-02
  5.2895665e-02
  3.3879581e-01
  9.9909179e-02
  7.6835178e-02
 -3.4916739e-03
  1.4015712e-01
 -3.8082111e+00
  3.6605322e-04
  2.2932573e-01
  9.4778627e-01
  1.2668215e-01
  5.3267814e-02
  6.1820894e-02
  2.4250784e+00
 -9.7922847e-02
  2.0605899e-02
 -9.8098755e-02
  1.4247953e-02
 -8.5870840e-02
 -7.1326308e-02
 -5.8446232e-02
  1.9974124e+00
 -1.7201005e-01
 -8.6277183e-03
 -1.0444438e-01
  3.4024972e-01
 -8.5641127e-03
 -1.4381701e-02
 -5.8009937e-02
 -3.7150006e-03
  2.0130861e+00
  1.8998854e-01
 -1.3906115e-01
 -7.5812340e-03
  6.1002832e-02
  2.6957482e-01
  3.2995003e-03
  1.0984335e-01
 -8.2050644e-02
  2.3488432e-02
  3.2077405e-01
  1.1194918e-01
 -6.9059946e-02
  1.6572008e-02
  1.2014864e-01
  4.4345045e+00
 -6.4111002e-02
 -9.1637693e-02
  6.6364750e-02
  4.4301856e-02
 -1.0799038e-01
  3.6808796e-02
  1.9610606e-01
 -3.4224786e-02
  3.0180830e-01
 -6.1066352e-02
 -5.1048598e-03
  1.5734000e+00
 -2.0504929e-01
 -2.4149390e-01
 -1.2186532e-01
  1.3712165e-02
 -5.1902834e-02
  4.7365505e-02
  1.7757356e-01
  3.0812097e-01
 -1.5599312e-01
  7.6777868e-02
 -5.7854872e-02
  1.4308206e-02
 -1.4623131e-01
  4.1866698e+00
  5.9769765e-02
 -1.1071554e-02
 -1.0881331e-01
 -8.5794553e-02
  5.1314004e-02
 -3.6136974e-02
  1.2038242e-01
  6.3743107e-02
  7.2798274e-02
 -7.0259064e-02
 -2.4256372e-01
  5.0248172e-02
 -5.7926670e-02
  8.7950736e-02
  6.0092632e-02
 -9.8625027e-02
  2.2979131e-01
 -1.4784445e-01
 -3.8104668e-02
 -1.5912913e-01
  1.9673093e-01
  9.4557308e-02
  1.8990446e+00
 -1.3768226e-03
  1.1076282e-02
  7.4743696e-02
 -8.1144536e-01
 -5.0730255e-02
  1.6223233e-02
 -1.2408660e-01
  1.4805171e-01
 -1.4000945e+00
  1.3725069e-01
  3.4039986e-05
 -5.0776243e-02
 -1.8850991e-01
  3.6392298e-02
 -5.6228247e-02
 -5.0864991e-02
 -8.2664192e-01
  2.4147557e-01
  6.2602930e-02
 -1.4821556e-01
  3.4541495e-02
 -1.1177445e-01
  8.4654182e-02
  1.0821553e-01
  2.0522875e-01
  3.7863661e-02
 -2.0006862e-01
 -3.3921681e-02
 -6.8562239e-02
 -2.3395872e-02
  1.1820675e-01
 -2.1544215e-03
  2.2029768e-01
 -6.3201219e-02
  4.9209915e-02
 -9.1285646e-02
 -5.8969669e-02
 -4.7141593e-02
  1.0168840e-01
  1.6823323e-02
  7.3883563e-02
  2.1680949e-02
  1.5604392e+00
  3.4932607e-01
 -5.0642423e-02
  2.0772876e-01
 -6.8651751e-02
  7.1700275e-01
 -2.5067378e-02
 -1.1505016e-01
 -1.3126034e-01
 -1.0533228e-01
 -2.8716685e-02
 -2.1796012e-02
  2.2024800e-01
  1.2636162e-01
  1.9695304e-01
 -7.5765438e-02
 -9.7774612e-03
 -2.7775267e-02
 -1.2627560e-01
  1.2177724e-01
  1.6705533e-02
 -2.7569586e-01
 -1.9035427e-01
 -7.5117014e-03
 -8.6992942e-02
  3.9213173e-02
  7.0554547e-02
  7.9190157e-02
  2.6635846e-02
  2.6110920e-01
  1.3447261e-01
  8.0014706e-01
 -3.6460839e-02
 -4.2939372e+00
 -2.8593135e-03
  1.5479565e-02
  4.7309637e-02
 -9.7315416e-02
 -5.8187384e-02
  1.0157576e-02
 -3.8895052e-02
 -1.2203059e-02
  2.9843042e-02
  2.1989603e-02
  1.5379804e-01
  5.4665711e-02
 -1.6859073e-02
  4.4686731e-02
 -2.0000877e-02
 -4.9172804e-01
  4.3881405e-03
  6.5421090e-03
 -1.1058843e-01
 -4.1413013e-02
  7.3398598e-02
  3.4497046e-01
 -5.9611138e-02
  4.3222912e-02
 -5.1264679e-01
 -1.2367247e-01
 -4.0320661e-02
  6.3717000e-02
  1.1280673e+00
  1.0075375e-02
  5.3059328e-02
 -4.9754199e-02
 -3.0571850e-02
 -3.8137075e-02
  4.8601069e-02
  1.1890331e-01
 -7.8179300e-02
 -2.6439941e-01
 -2.5905242e-02
  9.8993713e-03
 -8.9354627e-02
  1.5864676e-01
  5.3078555e-02
 -1.2252602e-02
  8.9397974e-02
 -1.2743831e-02
  2.1667075e-01
 -1.2460051e-01
  1.4932978e+00
 -1.4269449e-01
  4.9940117e-02
  3.3910953e-02
 -1.8464405e-02
 -2.1496326e-02
  1.9105110e-01
  2.5711358e+00
 -2.8141029e-03
  1.5391150e-01
  8.8520378e-02
  2.3045948e-02
 -5.5748656e-02
  3.8625520e-02
  2.7198395e-01
 -1.7736899e-02
 -8.1348556e-01
  4.0824849e-02
  1.0099145e-01
  5.8798205e-02
  1.2727319e-02
 -3.5897666e-01
 -1.8096727e+00
  8.7072724e-04
  1.5223633e-02
  7.8182854e-03
 -4.4530563e-02
 -2.6911700e-02
 -9.9585503e-01
 -2.5761673e-02
  3.9068654e-02
  1.4154388e-02
 -8.9045249e-02
 -6.4587764e-02
  1.9409175e-01
  3.4465230e+00
 -1.8940862e-02
  4.8116115e-03
  9.4323933e-02
 -1.1129502e-01
  4.3196946e-02
 -4.9359947e-02
 -1.1477846e-02
  1.2864624e-01
 -3.1184344e-02
  5.5455219e-04
  9.9225506e-02
 -2.8857902e-02
 -1.2636086e-01
  5.8267333e-02
  1.4505084e-01
  6.4666480e-02
 -1.4277061e-02
 -1.3809907e+00
 -2.9977344e-02
 -1.6475445e-01
  9.2114456e-02
  7.6834876e-03
 -6.9207869e-02
 -2.3236731e-03
  2.3335990e-02
  7.4493088e-02
  1.3235001e-01
 -7.7145837e-02
  3.4254212e-02
 -5.4197147e-02
  4.0044034e-01
 -9.9297357e-01
  9.8703615e-03
  7.9412200e-02
 -5.2174333e-02
 -2.5247025e-01
 -1.2900512e-01
  1.6738425e+00
 -6.3453272e-02
 -1.9990919e-02
  4.8090931e-02
  1.6492642e-02
  1.9442683e-02
  1.7315917e-02
 -4.3484606e-03
 -4.3543007e-02
 -5.5476963e-03
 -1.8405160e-01
  2.4611700e-02
 -1.1414869e-01
 -8.2822762e-02
 -1.8808965e-02
 -1.0648111e-03
  8.6382233e-02
  1.5533613e-03
  3.1505830e+00
 -1.6575071e-01
 -4.3129258e-02
  1.0662619e-01
 -6.0522754e-02
 -9.6273027e-02
 -1.2124296e-01
 -1.2449275e-01
  1.5966499e-01
  2.2955233e-02
 -1.5167758e-02
  1.1370147e-03
 -2.0675361e-02
 -3.1900084e+00
 -2.6942785e+00
 -4.9182765e-02
 -1.6859770e-02
  4.9055923e-02
 -2.5406210e-02
  2.1453165e-02
 -8.8435644e-03
 -3.1673837e-02
 -1.5524046e-01
  2.7128406e-02
 -6.4566925e-02
 -7.4295872e-03
  6.0625315e-02
  5.2224804e-02
 -1.2627231e-01
 -7.8360531e-03
 -4.7939777e-02
  1.0684527e-01
  3.8992614e-02
  1.8104407e-01
 -3.4742281e-02
 -1.9424075e-01
  9.6661854e-01
  1.1229388e-01
  4.0409323e-02
 -1.6701359e+00
  1.7419392e-02
 -2.3772785e-02
  7.8337081e-02
  8.8761590e-02
  2.7688555e-02
  2.4862647e-02
  9.6741982e-02
  1.2125705e-01
  1.0682625e+00
  1.1378577e-02
  1.0480947e-01
  8.5193686e-02
  1.8302033e-02
  1.8974670e-03
  3.9582696e-02
 -5.2931692e-02
 -1.7204158e-01
  5.3892384e+00
  1.5293388e-01
  2.3314598e-01
 -7.5056911e-02
  2.4941385e+00
 -3.5020422e-02
 -6.3041404e-02
  7.5988360e-02
 -5.5066504e-02
  1.1987566e-02
 -2.4611725e-01
  9.0115324e-02
  1.9560721e-02
 -2.3511468e-02
 -1.4927946e-01
  5.7153713e-02
 -2.7848674e-02
  7.1240537e-04
  1.1799001e-01
  1.6458033e+00
  8.7219499e-02
 -1.4779405e-01
  2.1222632e-01
 -6.1350208e-02
 -2.2692571e+00
  4.0026251e-02
 -4.0622767e-02
  7.6711327e-02
  3.1296425e-02
  2.6014313e-01
  1.5944626e-02
  3.1348158e-02
 -2.5335934e-02
 -3.6120795e-02
  2.0301728e+00
 -2.6291353e-01
 -1.4656897e-03
  1.3139162e-02
 -2.2774313e-02
  2.4411571e-04
 -7.2122902e-02
 -6.8549342e-02
  9.4974250e-02
 -1.2511931e-01
  1.7432173e-01
 -3.6554035e-02
  5.9369437e-02
 -1.0742417e-01
 -1.1406451e-01
  4.7875557e-02
  1.1000611e-01
  3.7881684e+00
  1.1236790e-01
 -9.2169560e-02
  2.1610292e-02
  3.2197338e-02
  7.1582429e-02
 -1.9328548e-02
  1.1564961e-01
  8.3739594e-02
 -4.7801062e-02
 -6.7704327e-02
  2.9752281e-02
 -5.6653604e-02
  1.3010389e-01
 -1.0927997e-01
  4.8957802e-02
 -4.0570494e-02
  2.3027395e-01
 -9.1208406e-02
  1.9086739e-02
 -1.1943804e-01
 -7.1809307e-02
 -6.4104721e-02
 -1.7262979e+00
  3.0567303e-02
 -1.1710098e-01
 -1.6162324e-01
  1.2234637e-01
  1.6410966e-01
 -6.7691974e-02
 -1.2765141e-01
 -1.3766430e-01
  4.2167184e-01
 -4.0215760e-02
  3.3661682e-02
 -4.1595332e-02
  1.5776018e-02
  4.1682042e-02
 -1.2023399e-02
 -4.8492923e-03
 -1.5702988e+00
  2.3046380e-01
  1.5796058e-01
  1.2997514e-01
 -9.9339046e-02
  7.5345067e-03
  2.3710500e-01
 -2.6807860e-01
 -3.7080184e-02
 -3.6150644e+00
 -3.5782683e-01
  6.2239159e-02
 -6.6870429e-02
  5.4937225e-02
 -1.5054741e-02
 -4.1173626e-02
 -1.1149763e-02
  2.6523344e-02
 -7.8075607e-03
 -5.2663833e-02
  2.2252049e-02
  3.6774471e-02
 -1.3998377e+00
 -1.6990569e-01
 -6.7689647e-03
  1.6214246e-01
 -6.0301200e-02
  4.7561679e-02
 -7.7834626e-04
  3.9998189e-02
 -2.5237659e-01
 -2.1548858e-02
 -5.9555419e-02
  5.5918958e-02
 -2.2120338e-02
  2.4520569e-01
  1.8860176e-02
 -2.5560500e-02
 -8.4160622e-03
  5.5580344e-02
  2.2394662e+00
  4.1015062e-01
  8.7670051e-02
  5.1944103e-02
  2.2630066e-01
 -2.0472787e-02
  6.7100477e-01
  4.1862942e-02
  3.9583776e-02
  7.5927578e-02
  8.7400131e-02
  5.3545322e-02
  9.9304616e-02
  2.6505206e+00
  2.4987377e-01
  1.6404106e-01
 -6.8648212e-02
  3.3425424e-02
 -5.2872289e-02
 -2.3660827e+00
 -7.4520998e-02
 -8.8874452e-02
  5.4953534e-02
 -4.9636014e-02
 -5.7009537e-02
 -1.3312837e+00
  1.5102522e-02
 -1.8014765e-01
  3.4707186e+00
 -1.0203601e-01
 -1.5198793e-01
 -1.7556606e-02
 -9.2252955e-02
 -1.4410813e-01
  8.3666451e-02
 -1.8899908e-02
 -1.8770535e+00
 -3.0439615e-02
  2.5799563e-03
  9.6157640e-02
 -4.6194308e-02
 -7.1396045e-02
 -1.6663984e-05
  5.6407500e-02
  2.6088178e+00
  1.3043875e+00
 -2.0008509e+00
  1.6460848e+00
  2.2017374e+00
  2.4726048e+00
  1.1614053e+00
 -1.5028125e+00
  6.5867919e-01
 -5.8503187e-01
  4.3701408e-03
 -5.5120635e-01
 -4.5323889e-03
 -1.9643047e-01
  1.8364991e+00
  1.9042380e-01
  2.3929484e+00
  3.3679053e-02
  7.6446861e-02
 -1.0930242e-01
  5.4893915e-02
  4.5273781e-01
  2.3795614e-01
  2.0576233e-02
  1.1270653e-01
  1.0964310e-01
  6.7809516e-01
 -3.9697435e-02
 -1.0595872e+00
 -2.7826932e-01
  4.6109028e-02
 -3.6183264e-02
 -1.0066600e+00
  3.4860449e+00
  1.1370702e-01
 -2.7192891e+00
 -9.8727137e-01
  5.9661478e-02
 -2.3629062e-01
  1.8838663e-02
  7.3924273e-02
  9.7037880e-03
 -9.0696819e-02
 -3.3075549e-02
 -1.5671625e+00
 -5.6943279e-02
 -7.2452880e-02
 -2.2301045e-01
 -8.0045119e-02
 -6.3866042e-02
 -1.6720518e-01
 -3.8385075e-01
  4.4754222e-01
 -2.6480281e+00
 -4.0145018e-03
  2.0646746e+00
  5.4145145e-01
  4.2439468e-02
  2.1250295e-02
  2.1638353e+00
  1.3166262e-01
 -9.3445748e-02
  7.6599158e-03
 -4.1900587e+00
  6.8642944e-02
 -2.1883970e-01
  1.2683415e-01
  6.8992698e-01
  4.6432227e-02
  1.8906046e-01
 -3.0882135e-02
 -5.6998964e-02
  2.4873214e-02
 -6.4717315e-02
 -7.5309128e-03
  2.2993425e-01
 -1.5670378e-02
 -2.2383434e-01
  1.1048082e-01
 -8.0676103e-01
  1.0141610e-01
 -1.1525432e-03
  3.5804003e-01
  2.0779318e-01
  2.3347130e-02
 -8.2903320e-01
 -1.4491776e-01
 -2.9473227e-01
 -2.8558224e-02
 -4.6738137e-02
 -3.3671457e-02
 -9.1925832e-03
  3.8194962e-02
  8.4283125e-01
 -7.5573601e-02
  1.7502236e-01
 -6.4818427e-02
 -7.4636012e-02
 -6.9662683e-02
 -1.0150079e-01
  1.9385358e-02
 -2.1303492e+00
  2.0872432e-01
 -1.4376299e+00
  1.3653857e-01
  2.9603738e-02
  2.3140926e-02
  3.1890786e+00
 -2.1874445e-02
 -8.1252880e-02
 -2.1308358e-01
 -7.3507533e-04
  8.1112534e-02
 -4.6355616e-02
  6.6196159e-02
 -4.2895780e+00
 -5.8255620e-02
  6.7021050e-03
 -3.3527017e-02
 -9.3064986e-02
 -8.4112912e-02
 -8.0695510e-02
 -2.6582965e-01
 -4.5744244e-02
  2.7696094e-02
 -4.6770822e-02
 -2.1134477e-02
  1.6636984e+00
 -1.8509376e-01
  1.5279370e-02
 -1.6708288e-01
 -8.0478743e-02
  2.6005465e-01
 -1.5553819e-01
 -3.1074107e+00
  3.2392234e-02
 -5.4560747e-02
  2.5406193e-02
  5.0214362e-01
 -9.1248043e-02
 -7.7663280e-02
  3.3145823e-02
  8.9835869e-03
  2.3733309e-01
  1.4036515e-01
  1.7833281e-02
  1.2322965e-01
 -1.1131203e-02
 -8.8726453e-02
  3.1739857e-02
  5.7688951e-02
  3.8005926e-02
  5.5459209e-02
 -1.9351701e-01
  6.1769873e-02
 -1.9235183e-01
  7.2805963e-02
 -7.5415005e-03
  1.3026504e-01
  2.8405973e-01
 -8.0735579e-02
 -1.7296320e-01
 -2.3664246e+00
 -5.1687706e-01
  6.9450878e-02
 -1.1631873e-02
  1.6231818e-01
  5.5480778e-02
 -3.0237782e-01
  8.4529638e-02
  1.0881221e-01
 -4.6071906e-02
  7.9279803e-02
  3.5839263e-02
 -3.6847528e-02
 -1.7290435e+00
 -2.4233105e-02
 -6.0879362e-01
  7.3117673e-01
  5.8141559e-02
  1.7774867e-02
 -9.7805094e-03
  1.4276247e-02
 -1.9329984e-02
  2.5463374e-02
  2.6286712e-02
 -2.4615233e-01
  7.8392662e-02
  6.7446060e-02
  1.8159264e-01
  2.3938452e-01
  8.3285756e-02
 -2.4052875e-02
  1.2220044e-01
 -2.0032096e+00
 -2.2888321e-02
 -2.6432410e-02
  8.3502114e-02
  1.3481218e-01
  1.8200574e+00
  5.1903357e-03
  2.4540958e+00
 -5.1622670e-02
 -1.0559510e-02
 -1.1035219e+00
 -1.3257327e+00
 -1.4636309e-01
 -8.0313869e-02
  6.6195242e-02
 -4.2067051e-01
  2.5166147e+00
  2.1941352e+00
  5.1463193e-01
 -1.2391697e+00
 -5.9454653e-02
 -2.9266482e-02
 -5.2410509e-02
  3.4370124e-02
 -7.6463804e-02
  2.2426008e-01
  4.4591919e-02
  1.3938133e-01
  4.7792781e-02
 -4.3566707e-01
 -1.6978122e-01
 -1.2004584e-02
  5.0766277e-01
 -4.3008316e-02
  3.5993427e-01
 -1.0373518e+00
 -7.6621540e-02
  5.2586924e-02
  3.2171440e-01
  6.2686555e-02
  6.5180428e-02
  6.7211485e-01
 -8.6214077e-03
 -2.5078547e+00
 -9.0639748e-02
 -2.0264473e-02
 -1.6303785e-02
  2.5665748e-01
 -1.0064877e-01
  1.0687121e-01
  2.9957600e+00
 -2.1739182e-01
 -5.0386872e-02
  9.0661086e-02
 -4.8040111e-02
  2.4404919e+00
  4.6404459e-02
  2.5052503e-01
  9.8719619e-02
 -9.2292897e-02
 -1.1944311e+00
 -7.2158664e-02
 -8.5475430e-02
  2.9409029e-02
 -2.8732128e-02
  5.3147851e-03
 -7.5830616e-02
 -1.0326210e-01
 -2.0664131e-02
  7.3272407e-02
  2.7189553e-01
  2.4610596e-02
  1.1115470e-01
  5.5084342e-01
  6.9253728e-02
 -3.0321572e+00
  8.9433659e-03
  5.4233961e-02
  4.2713109e-02
  4.2313663e-03
 -9.2437966e-03
 -7.1751721e-02
  1.6616482e-01
 -1.6759250e+00
 -2.3709148e-01
 -5.9812826e-01
 -1.0602125e-01
  2.2096039e-01
  9.4279259e-02
  4.7226723e-02
  1.9806722e+00
  4.1922685e-02
  2.9701766e-02
 -1.1963093e-01
 -3.3771705e-03
 -1.1702604e-01
  2.8158542e-02
  3.0053427e+00
  5.5974316e-02
  4.5832857e-02
 -1.3954459e+00
 -2.9067749e-02
  2.9430580e+00
 -1.4164001e-01
  8.4021194e-03
 -1.0383283e+00
 -2.1172998e-02
 -2.4666609e-02
 -1.0015289e-01
 -1.0796239e-01
  1.1631434e+00
  8.7578380e-03
 -3.5831224e-02
  1.5322630e-01
 -5.2609620e+00
  6.1606016e-02
 -2.0841633e-01
  5.1537193e-02
  1.0066494e-02
 -2.0518983e-02
  5.7189431e-02
 -1.2986543e-02
  2.4319153e-01
  7.9115547e-02
  8.4072158e-02
 -3.4003846e-05
  7.5999543e-02
  2.4014750e+00
 -1.6970181e-01
  9.8088264e-02
 -1.7210034e-01
  5.0158404e-02
  2.6800120e-01
 -4.6997052e-02
  1.5771542e-02
  3.3588803e-03
 -5.5536670e-03
 -5.4618746e-02
  5.7458565e-02
  3.8761063e-03
 -1.2903367e-01
  1.2976661e-01
 -6.1623491e-02
  1.7006147e-01
 -1.4693639e-02
  1.5942583e-02
 -7.1734734e-02
  1.5347672e+00
 -4.0148601e-02
 -1.3195759e-01
  3.8341980e-02
 -1.4450245e-01
  7.2896644e-02
  5.6333363e-02
 -5.1364722e-03
  2.3736478e-01
  1.7732389e-02
 -1.6625579e-01
 -5.8479529e-02
 -8.4182143e-02
  5.6734454e-02
  7.7512511e-03
 -1.8142788e-01
 -1.2830791e-01
 -1.2259337e-01
 -2.0103478e+00
  2.4714799e+00
  2.2697697e+00
 -7.3427600e-01
 -3.6730579e-01
 -3.2418644e+00
 -9.4865364e-01
 -3.6001991e-02
  1.2454992e-01
  1.5035479e+00
  1.3625939e-01
  4.6855617e-02
 -2.0441096e-01
 -1.3064060e-01
  1.4302436e+00
  2.9644790e-01
  1.6627905e-01
 -8.9541776e-03
  4.9853125e-01
 -1.1413662e+00
 -9.3027103e-01
 -2.3134378e-01
  1.9230789e+00
 -3.9720562e+00
  1.2224458e-01
 -2.7629325e-01
 -1.2027398e-01
 -6.0770762e-01
 -8.1044483e-01
 -5.6084692e-01
  8.0026546e-03
 -3.6613073e-02
  2.2969050e+00
 -1.0041177e-01
 -1.3937246e+00
 -2.9871838e+00
  1.2401588e-01
 -1.1792678e-01
  1.4436663e+00
 -2.5057558e-02
 -4.4403419e-01
  7.7672726e-03
  1.7808343e-01
 -1.0349426e-01
  2.1081788e-02
 -3.9116061e+00
 -7.2569554e-03
 -5.6300387e-03
 -1.6967952e-01
 -5.9519593e-02
  2.7109778e-01
 -7.8294789e-03
  1.6432621e-02
  7.1812049e-02
 -1.9572057e-02
 -3.3088423e-02
  2.5498601e-02
 -1.2813359e-01
 -5.8403235e-02
  2.4183616e-02
 -4.0580716e+00
 -5.3087767e-02
 -1.8452205e-01
 -8.4034257e-02
  1.6735299e-01
  1.1635119e-01
 -4.6706494e-02
 -1.0227628e-01
  8.5172579e-02
  3.0144364e-01
 -6.1919592e-02
 -1.2702432e-01
 -1.3879350e-01
 -1.8158178e-01
  1.5200257e-01
 -9.6862942e-02
 -4.6643000e-02
  2.4060258e-01
  1.0397829e-02
  1.3689415e+00
 -1.4339828e-01
 -3.0077027e-02
  1.6151825e-02
  5.3104158e-02
  2.0260880e-02
  1.4907214e-02
 -3.5982423e-02
  1.5733388e-01
 -5.2288617e-03
 -7.5549469e-03
 -2.0820408e-03
  2.8789711e+00
  6.0079683e-02
  1.2452216e-02
  5.3717583e-01
  5.9692085e-01
 -1.7096013e-01
  5.3906184e-02
  1.4774593e+00
 -3.2287177e-02
 -1.6039393e+00
 -6.4202920e-02
 -7.3461914e-01
  5.0102756e-04
 -7.3055741e-03
  2.2100978e+00
 -4.5555804e-02
 -4.3208642e+00
  2.1007456e-02
 -6.1202247e-04
 -3.6909714e-01
  7.5841196e-02
  6.0961120e-02
  1.9844903e-02
  1.8480232e+00
  8.9600002e-03
 -3.3220884e-01
  8.6514369e-02
 -4.8855036e-02
  6.2793009e-02
  1.3010006e-02
 -7.8736506e-02
  2.1582669e-02
 -3.2509543e-02
  1.8065084e-02
  7.3265575e-02
 -2.6153529e-01
 -7.4798241e-02
 -3.3271664e-01
  2.0317203e-01
 -2.0846501e-01
 -2.2072423e+00
  3.3986401e-02
 -2.3599365e+00
 -3.7454233e-02
  3.4296844e-02
  4.4716183e-02
 -1.8087674e-02
 -1.6048420e-02
  3.5422031e-02
  2.4162782e-02
  1.3696289e-01
  2.1943264e-01
  6.8801023e-02
  2.0033681e+00
 -3.4004141e-02
  1.7607950e-01
  1.1994746e-01
  1.0218742e-01
 -7.6738559e-02
  7.9996608e-02
  1.9964272e-01
  1.6382359e-02
  8.1198651e-04
 -7.6009050e-02
  2.4171997e-02
 -2.0129867e-03
  3.0155781e-01
  8.2461782e-02
 -1.9971855e-02
 -5.1645912e-02
 -4.4110510e-02
  5.7701645e-03
  3.2961864e-02
 -1.1096285e-01
 -3.2233984e+00
 -3.8939422e-01
  7.9528773e-03
  6.0720623e-02
 -1.8769313e-02
 -4.4552650e-02
 -1.3226885e-01
 -6.7711906e-03
  4.0845014e-02
  7.1412347e-02
  1.0131367e-01
 -3.1668223e-02
 -1.7009031e-02
 -2.8600568e-02
  2.9259279e-02
  1.4587245e-02
 -9.8332770e-02
  2.2218432e-02
  1.4279267e-01
  1.0692183e-01
  5.0251756e-02
 -4.1940513e-01
 -3.1622116e-02
 -7.4681813e-01
  8.6888701e-02
  3.0428278e-03
 -4.7671469e-03
  4.8808432e-03
  2.1516515e-02
 -3.7379175e-02
  4.1497182e-02
  5.5237794e-01
  2.1045133e-02
 -7.9975687e-03
 -3.4499052e-03
 -9.2223190e-02
 -3.6251254e-02
 -8.0349368e-01
  3.4308335e-01
  3.0596433e+00
  3.2910316e+00
 -1.5347960e+00
 -8.9806932e-01
  9.3734223e-01
  6.1178446e-01
  9.8730057e-01
 -3.6976314e-01
  9.3438393e-01
 -1.1996312e+00
 -4.4670548e+00
 -1.0181329e+00
  3.0280450e-01
 -3.3486044e+00
  4.0249591e+00
  2.4033780e+00
 -2.0700048e-01
 -1.6963018e-01
 -1.3802384e+00
 -5.9199184e-01
  6.4246154e+00
  8.6645126e-01
 -3.7059879e+00
  4.9548292e+00
 -5.3321071e+00
 -1.1757282e+00
 -1.9658964e+00
  3.5258329e+00
  4.5328701e-01
 -2.9345959e-02
  2.4048316e+00
  2.4681993e-01
  1.5053694e+00
 -1.6355817e+00
  9.0490508e-01
  8.1555925e-02
  3.9294371e-03
  6.8347886e-02
  1.1534345e-02
  2.3743983e-01
  1.7526688e-01
 -5.5759445e-02
  7.0008529e-05
 -1.9685309e-02
 -1.0355341e-01
  6.0780264e-02
  4.5150056e-02
  5.1175397e-02
 -1.1091292e-02
 -1.1755116e-02
  3.0788568e-01
  1.1210372e-01
  1.1793805e-01
 -3.1122638e-02
  1.1226759e-01
  4.6994090e-01
  1.0292466e+00
  4.4046603e-02
  7.4031971e-02
  1.4971271e-01
 -1.5517226e-02
 -1.0000662e-02
  4.4948317e-02
  7.2451955e-01
 -3.0383425e-02
 -2.4356414e-02
  6.5459716e-01
  8.2075909e-02
  3.0987699e-02
 -1.1330863e-01
 -7.8289963e-02
  1.5357299e-01
  1.3031037e-02
  2.8306098e+00
  7.6628827e-02
  1.1323505e-01
  6.3447350e-01
  3.1792536e-01
  1.4501585e-01
 -1.0652042e-02
  3.4005269e-02
 -3.5763010e-02
  2.5260318e-02
  7.8464404e-02
  5.5487782e-01
  3.1594716e-02
 -3.9001185e-02
 -1.1639175e-01
  1.4776130e-01
  2.1694420e-01
 -6.7499340e-02
 -3.2080334e-02
  8.5162377e-04
 -1.7781180e-01
 -8.6053587e-02
 -1.5550609e-03
 -6.9134787e-02
 -1.4147563e-01
  1.2389707e-01
 -3.2303847e-02
  7.8739405e-02
  4.0425463e+00
  4.3361969e+00
 -4.7144270e-01
  6.0156465e+00
 -1.4039567e-01
 -5.2734423e-01
 -3.6643150e+00
  1.3144844e+00
  4.0660426e-01
 -3.7344750e-02
 -4.7879238e-03
  5.0161704e-02
  3.3522718e-02
 -5.2998281e-01
 -3.1411390e+00
  7.1417922e-01
  3.1944647e-01
 -4.6719581e-02
 -3.8756050e-02
  3.5731061e+00
  6.3926291e-01
 -9.0848577e-01
  4.3344946e+00
  9.0375668e-01
  5.9435581e-04
  2.2326374e-01
 -6.3216037e-01
  4.1299901e+00
 -4.6817193e+00
 -3.8844569e+00
 -1.1480045e-02
 -1.7897434e+00
 -1.2272996e-01
 -4.7673330e-02
  5.7194674e-01
 -2.2923102e+00
 -1.6011623e+00
 -4.9018189e-02
  1.5220965e-01
  1.0184155e-01
 -3.8130733e-01
  8.7510303e-02
  4.3112934e-02
 -1.9337425e-01
 -1.5565312e-01
  8.2911728e-03
  1.1048606e-01
 -1.2981029e-02
 -1.5548900e-01
  7.5270226e-03
 -1.4531423e-01
  1.6646554e+00
 -1.6819352e-01
 -1.6502887e+00
  1.4808601e-01
  8.7611042e-02
 -1.8167653e+00
 -4.2732821e+00
 -9.5039196e-02
 -3.3390033e-03
  2.1099238e+00
 -2.0359390e+00
 -2.8719096e-03
  6.2771583e-01
  3.3508148e-02
 -7.1698159e-02
  2.1401072e-02
  4.1009340e-02
  1.7494528e+00
 -4.6132717e-02
 -8.8182772e-03
 -7.0595562e-02
 -3.6198389e-02
  1.3783096e-01
 -1.1775561e-02
 -2.6898526e-02
 -7.9037836e-03
 -1.1056141e-01
 -6.6995047e-02
  5.1565401e-02
 -9.6801333e-02
 -2.3414617e-02
  1.5771523e-02
  3.7990427e-01
 -1.0219325e-01
 -7.0527337e-02
 -5.9144452e-02
 -1.2002082e-02
  1.2187945e-01
 -5.0963391e-02
  3.4533973e+00
 -7.1506672e-02
  3.5679042e-02
 -1.0491573e+00
 -1.2236700e-02
 -2.3278842e-02
  2.3066287e-01
  6.5710463e-02
  3.2262044e+00
  6.3973526e-03
  1.8365890e-01
 -6.1671507e-02
 -2.4537886e-02
  3.1102847e-02
 -4.3070342e-02
 -7.2577409e-02
 -3.2370338e-01
  2.0377661e-01
  6.7671753e-02
  8.8404551e-02
  1.7122237e-02
  2.6619988e-02
  2.6103628e+00
 -1.0801450e-02
 -5.7774406e-02
 -4.2864222e-02
 -1.8771259e-01
 -2.5880398e-02
  2.8542873e-01
 -2.3493639e-03
 -7.7763118e-02
 -6.9085859e-02
  1.4503165e-02
 -1.5167502e-01
  1.3589425e+00
  2.1433819e-02
 -7.1991637e-02
  2.8380958e-02
 -5.6870863e-02
  9.6377991e-03
  1.1504094e-01
  1.1376619e+00
 -2.9714152e-02
  5.4924381e-01
  6.5888166e-02
 -2.4434608e-01
 -1.7431524e-01
  5.6591295e-02
  1.8332957e-01
  3.5248461e-01
  1.0971089e-01
 -2.7416123e-02
  6.1424054e-02
 -1.0704728e-01
 -3.5255961e-02
  1.4717743e-01
 -6.4065143e-02
 -1.6722804e-01
 -4.3608416e-02
 -3.3142950e-02
 -6.4106442e-02
 -2.0208413e-02
  2.3502879e+00
  1.5073799e+00
  4.9812162e-01
  2.2066886e+00
  8.2543850e-01
 -3.6358453e-02
  2.3029481e-01
 -7.9682046e-01
 -8.6470708e-02
  4.0132899e-02
 -8.5897610e-02
 -6.0540460e-02
  1.7769655e-02
  9.5025904e-02
 -2.9533454e-03
 -1.3953210e-01
 -5.2772563e-02
 -8.2796820e-02
  3.8143292e-02
 -6.5538019e-02
 -9.7590676e-03
  6.0864459e-03
 -4.1198835e-02
  6.5087721e-02
  4.9264513e-02
  7.4836247e-02
 -2.1271485e-01
 -1.8039940e-01
  1.6709319e-01
  1.2413447e-01
  2.8924638e-01
 -8.2040124e-02
 -9.4210076e-01
 -3.3876359e-01
  3.3367438e+00
 -7.1676567e-02
 -8.7204754e-01
 -1.1558384e-01
 -1.0178837e-01
  2.4062026e-01
 -6.4818278e-02
  1.9571666e-01
  1.3518448e-01
  1.0096970e-01
  5.2747939e-02
 -1.0584826e-02
  2.7630268e-02
  6.8469681e-02
 -6.4373493e-02
 -1.0784976e-02
  5.9920191e-03
 -5.1727273e-02
  1.9728672e-02
  4.5536742e-02
 -8.4235564e-02
  2.1765625e-01
  3.2456767e-02
 -6.8408847e-02
  2.4242522e-01
  1.9711450e+00
 -6.2281050e-02
  6.1731539e-03
 -7.0777848e-02
 -2.0230007e-01
  7.9400271e-02
 -5.7058748e-02
  1.0086963e-01
 -1.5991427e-01
  2.8705154e-02
 -1.0781822e-01
  4.2303916e-02
 -7.1770370e-02
  5.1893417e-02
 -2.4195658e-02
 -3.9889704e-02
  1.1342885e-03
 -3.0675394e-02
 -3.5266286e-01
  6.8355493e-02
  2.6769904e-02
 -1.1040944e-01
 -3.1028792e-02
  6.5258518e-03
  1.8041257e-03
 -3.1159230e-02
  6.5461998e-03
 -1.9406174e-01
  1.3467276e-02
  6.9145747e-02
 -6.9500925e-03
  6.6067209e-04
  1.3894532e-02
  3.3701081e-02
 -4.8036821e-02
  1.0155278e-01
  9.2094228e-02
  1.9885836e-02
 -1.7789811e-02
  1.0895558e-01
  6.8551423e-03
  9.4336554e-02
  1.9291764e-02
  5.6584187e-02
  1.0223299e-02
 -1.0262524e-01
  8.6738217e-01
  8.3526284e-02
 -1.7220052e-02
 -7.1857303e-02
 -3.1629235e-02
 -7.7946886e-02
  1.9234051e-01
 -1.0138081e-01
  6.0449321e-02
  1.8397182e-02
  3.3868584e-03
 -2.9673722e+00
 -6.1298963e-02
 -5.1057279e-02
  2.3491282e-02
 -4.6663199e-02
 -1.0617730e-01
 -9.0864852e-02
 -3.3916425e-02
 -1.1869273e-01
 -8.0156952e-02
 -4.7911815e-02
 -1.7735759e-02
  3.2629576e-02
  8.8672303e-03
  6.5726094e-02
  3.8572893e-02
  6.4021409e-02
 -1.1494039e-02
  5.1304042e-02
  3.2564498e-02
  1.8639408e-01
  6.6487238e-02
  3.3950906e-03
 -2.3763232e-01
 -2.0570749e-02
 -7.8040376e-02
 -1.3483134e-02
  3.0709295e+00
 -3.8610880e+00
  7.8917243e-02
  3.2827105e-02
 -1.6191341e-01
 -7.4757086e-03
  3.4981629e-01
  1.5758403e-01
 -7.2089024e-02
 -6.2930256e-01
  1.5434660e-01
 -2.1829069e-01
  5.0462063e-02
 -9.9046035e-03
  1.1320789e-02
  1.0521246e-01
  4.1193426e-02
 -1.2091320e-01
 -2.6002333e-01
 -8.4086126e-03
  4.9241304e-02
  1.3886045e-01
  1.2515557e-01
  3.0520697e+00
 -2.3643133e-05
  1.1661564e+00
 -2.6928864e+00
 -1.7892774e-02
 -1.5459536e-03
  2.4058942e-01
  4.8255876e-02
  1.2713639e-01
 -7.6754294e-02
 -3.3759691e-02
  1.9359348e-02
  5.3311728e-02
 -1.5255770e-03
 -2.5703833e-01
  1.3043204e-01
  8.1933200e-02
 -3.2086401e+00
 -1.7352827e+00
  1.3282289e-02
 -1.5670506e-02
 -8.8885911e-02
 -6.2166512e-01
  7.4265070e-02
  4.1219365e-02
 -5.3689830e-02
  2.5753057e-02
  2.2206251e-02
  6.8044193e-02
  6.9287941e-02
 -1.2702578e-01
 -1.9099720e+00
  2.7544254e-01
 -5.2394178e-03
  9.4789261e-01
 -6.9004178e-02
  3.0451246e-02
  1.5804667e-02
 -7.8073508e-01
  3.6437020e+00
  1.6984702e+00
 -5.2808743e+00
  3.0010521e+00
 -1.1299616e+00
  9.4810295e+00
  3.2981870e+00
  2.2998035e+00
 -1.6841723e+00
 -1.1118402e-01
  1.2357169e-01
  7.8089431e-02
 -4.1162755e-02
 -1.6451485e-01
 -1.2972769e-01
 -1.2978908e+00
  4.4970270e-02
  2.0455651e-01
  3.7249718e-03
 -1.0569584e-01
 -1.9559743e+00
 -1.0386749e-01
  6.3633960e-01
  2.9529161e+00
  1.2686464e-01
  4.1879809e-01
  1.7708198e+00
 -4.7097966e-01
 -8.1909169e-03
 -2.3453526e-01
  9.4850081e-01
  5.7731569e-01
 -1.0879496e-01
 -4.9713407e-02
 -1.0791500e+00
 -9.9799162e-01
  1.6104277e-02
 -2.7022061e+00
 -3.3921611e-02
 -3.5890412e-02
  2.2797516e-02
  2.1768732e-03
 -9.1655545e-02
 -2.3245399e-03
  4.7032565e-02
 -1.3803466e-01
 -1.5168314e-01
  1.1787424e+00
 -3.9926964e-01
 -3.2425888e-02
 -5.3313095e-02
  2.0519944e-02
 -1.2808046e-01
 -1.4230386e-02
  2.9803449e-01
 -9.5850557e-01
  1.2163157e-02
 -3.7686348e-02
 -6.1584458e-02
 -1.3468459e-01
  9.1157511e-02
 -9.8163098e-02
 -1.4660512e-02
  1.6218591e-02
  6.4754909e-01
  6.4162567e-02
  1.1701366e-02
  4.9406271e-02
 -2.3175884e-02
  1.4033934e-01
 -4.6745710e-02
  2.5997421e-01
  2.9080564e-02
  4.2429540e-02
 -1.1330028e-02
 -1.8985355e-02
  2.8796247e-01
 -1.5665011e-01
 -1.2588397e-01
 -9.1950759e-02
 -6.1125029e-03
  7.6167658e-02
  1.4059803e-01
  1.0878229e-01
  1.8231656e-01
 -1.7723212e-01
  1.4319283e-01
  2.0858619e-02
 -4.7308329e-02
 -5.3249996e-02
 -9.8802261e-03
  2.8348964e-01
  1.7391064e-03
 -2.3459813e-01
 -1.7797777e-01
 -1.4095831e-01
 -7.7860624e-02
 -4.9438260e-02
  2.0109347e-01
 -3.7678342e-02
  8.7258713e-03
  5.9590016e-02
 -8.5267633e-02
  9.2453703e-02
 -8.6475775e-02
  3.5345830e-02
 -2.3156919e+00
  1.8688039e-01
  7.6989442e-02
  4.8709624e-02
 -1.7663099e-02
  1.6179588e-01
  2.7678588e-02
  6.2569313e-02
  5.4934636e-02
  2.5057466e+00
  4.1144431e-02
  3.0696308e-03
 -5.4035089e-03
  5.9697367e-03
  1.2499779e-01
 -2.3282546e-01
  1.7417174e-02
 -4.0667180e-02
 -4.2271715e-02
 -4.1325051e-01
 -1.0406665e-01
  6.0683377e-02
 -1.7662313e-02
  4.2941626e-02
 -1.1964647e-02
 -4.8328210e-02
 -8.9988373e-02
 -2.9446232e-01
 -1.8281123e-02
  2.5896730e-02
  3.4423254e+00
 -2.1435614e-01
 -2.2412274e-02
 -1.7680119e-01
 -1.2947449e-02
 -2.1442871e-01
  5.7614714e-02
  1.0207797e-01
  5.8865361e-02
 -7.1648702e-02
 -2.9097509e-02
 -7.2230473e-02
  8.3996832e-02
 -1.7669518e-01
  4.5655007e+00
  5.3564359e-02
 -1.0893028e+00
  3.5798671e+00
 -3.7624195e-01
 -2.7562127e+00
  3.1192394e-02
 -3.7432036e+00
  3.4273273e-01
 -2.3303640e+00
  1.2271956e+00
 -9.2962152e-01
 -1.9027047e-01
 -2.3825314e+00
 -8.6331147e-01
 -5.6230914e-02
 -2.5121152e+00
 -1.8724897e+00
  9.6598834e-01
  3.4485304e+00
  4.5950738e-01
  6.0465968e-01
  6.6598095e-02
  4.6210580e+00
  1.1411052e+00
  4.4810757e-01
  2.1271906e+00
 -3.5336914e+00
  1.9802574e+00
  2.5942059e+00
 -3.6397924e+00
 -5.7165907e-03
  2.2296796e+00
  9.0809953e-01
 -1.8291950e+00
  1.5122256e+00
  6.4238310e-01
  1.1529863e+00
 -6.2708414e-01
 -1.8423307e-01
 -3.3827096e-02
  7.6181851e-02
 -1.6206543e-01
 -2.1809703e-02
  1.3758880e+00
 -6.0034585e-03
  1.1825835e-01
 -1.5067897e-02
 -6.1518151e-02
  1.7941872e-02
  1.1525208e-01
  1.0930436e-02
  1.2858249e-01
 -1.4325767e-02
  1.2541777e+00
 -5.1659822e-02
  1.4980115e-01
 -1.2043720e-01
 -2.8444543e-02
  1.0997091e-03
  1.1225995e-01
  1.5552749e-01
  7.1388401e-02
  1.5108314e-01
 -1.0049573e-02
 -3.0331996e-03
 -3.4265590e-01
 -2.9404838e-02
 -3.7106924e-02
 -7.8198597e-02
 -1.9189365e-02
  7.1081884e-02
  3.4879252e-02
  2.2466455e-02
  1.3465902e-01
 -1.5998645e-01
  3.6528017e-02
 -1.6743752e-01
  1.0347790e-01
 -1.0702221e-02
  1.1717442e-01
  2.1157604e-02
 -3.3659344e-03
 -1.3551246e-01
  7.1524128e-02
 -3.0113971e-01
  1.4202918e+00
  5.4951679e-02
 -1.0232739e-02
 -9.0788431e-02
  1.1637093e+00
 -8.6531639e-02
 -1.2208832e-02
  1.0372853e-02
  1.7851458e-01
 -1.1532840e-01
  1.1210633e-01
 -2.7061200e-01
  2.9822966e-02
 -2.4360950e+00
 -2.4948439e-02
 -3.3266183e-03
 -7.2124563e-03
  5.8565408e-02
  3.1722310e-01
  4.0386529e-03
  1.9963015e-02
 -4.9818117e-02
  3.2917577e-01
  3.6214612e-02
 -4.3824002e-01
 -1.5689503e-01
 -5.4397279e-01
  4.2883284e-02
  5.0870262e-02
 -3.0225252e-03
 -8.8666998e-02
  1.5507975e-01
  5.2831527e-02
  4.2959545e-02
 -4.5202434e-02
 -4.4202801e-02
 -9.3431160e-02
 -2.8180789e-02
 -5.6026652e-02
  7.0249915e-02
 -3.6636171e-01
  9.2108078e-02
 -9.4945587e-02
  2.8094525e-02
  1.9817677e+00
 -4.2774092e-02
 -5.6029768e-03
 -1.0641222e+00
 -2.7386636e-01
 -3.9363992e-03
  4.8996180e-01
  5.3333547e-02
 -3.2021973e-02
 -2.0779870e-02
 -9.2132017e-02
 -1.3805664e-01
  1.4955063e-01
  1.4222194e-01
 -2.5209719e-01
  7.2101854e-02
 -5.2585464e-02
  1.0350867e-01
 -2.9667370e-02
  5.9690606e-02
  1.2337387e-01
 -1.9241641e-01
 -3.5304210e+00
 -7.5272098e-02
  3.9711416e-02
  1.2154318e-02
  3.7130548e-03
 -1.5599293e-01
 -7.8253688e-06
  3.5281878e-02
 -4.3733560e-02
 -4.4555377e-02
 -9.1944829e-02
  1.4590715e-01
 -2.1603139e-01
  4.8254509e-02
 -1.4643194e-01
 -4.3094280e-01
 -5.3768024e-02
 -2.3632965e-03
 -5.3252403e-02
  9.4855223e-03
  2.1089206e-02
  4.3707233e-02
  5.0404366e-02
  1.0898343e-01
 -1.7169961e-01
 -5.1496327e-02
  8.4123693e-02
  1.4978515e-01
 -2.1600422e-02
 -1.0453149e-03
  5.5391982e-02
  4.5543320e-02
 -1.7268553e-01
 -1.0244576e-02
  1.3923407e-01
  1.2709312e-01
 -3.7617892e-02
  3.4150910e-02
  8.7411195e-02
  3.7734902e-01
  6.8864495e-02
  3.3597533e-02
  3.4956358e-02
 -5.7356670e-02
  5.9491631e-02
 -1.7291753e-02
  2.3012361e-01
 -2.4246495e-02
  1.8088100e-02
 -2.7577603e-02
 -1.0732906e-01
  1.9931629e-02
  2.4704205e-02
 -1.0951819e-01
  1.4643823e-01
 -1.2682816e-02
  3.6883779e-02
  5.9619986e-02
  9.0808332e-02
  1.2211259e-01
 -5.2867480e-02
 -1.4504242e-02
 -1.4065963e-01
 -9.3751281e-02
 -3.5787616e-02
 -4.0522635e-02
 -2.8785165e-02
  1.7552491e-01
 -1.3396001e-02
  1.3081622e-01
  4.3512601e-02
  2.6865972e-02
 -4.8825715e-02
  9.8506182e-02
  1.0404585e-02
  1.5820566e-01
 -2.6278776e-01
  1.0515480e-01
  1.1920907e-02
  5.8956657e-02
 -2.6893513e-02
 -1.4780843e-02
  1.7616956e-01
  6.5315835e-02
 -1.1834790e-01
  1.9728743e-02
  1.6769919e-01
 -2.6631534e-02
  2.3402601e-02
 -2.1986854e-01
  1.2487176e-02
 -3.7678324e-03
  2.4536137e-02
 -1.3555130e-01
 -4.5068632e-03
 -1.4475017e-02
 -8.7316846e-03
  5.7629459e-02
 -1.2131710e-01
 -2.3564820e-03
 -3.4394972e-02
 -2.5742683e-01
 -2.4249671e-02
 -9.4813909e-03
 -1.0627194e-01
 -1.4359108e-01
 -1.1417649e-03
 -4.9895118e-03
  3.5805814e-02
  6.6654213e-02
  4.7443365e-03
  7.1877785e-02
 -2.2459967e-02
 -3.8446173e-02
  8.3808377e-02
  7.3119235e-01
 -4.3236215e-02
 -1.9462541e-02
 -7.6133020e-02
  3.7289944e-02
 -3.5612013e-02
 -1.2281973e-02
 -6.7943625e-02
  1.1065499e-01
  6.7783393e-02
  1.1408378e-01
  2.1820870e-01
  1.5839740e+00
  2.6529126e-02
 -4.5965146e-02
  2.5465794e-02
 -1.4498058e-01
 -2.4201820e-02
 -1.7237544e-01
  2.6144748e+00
 -2.4586800e-01
 -3.5083931e-02
  1.2644119e-02
  3.5304499e+00
 -2.7567181e-01
 -5.8863863e-02
 -6.0182597e-02
 -6.3147753e-02
 -1.4893106e+00
  5.4520477e-02
 -2.7912286e-01
 -9.6006744e-02
 -6.7912735e-02
 -7.3423199e-02
  1.2848073e-01
 -6.1307645e-01
  1.1409804e-02
  1.0501388e-01
 -2.6391394e-02
 -3.3059284e-02
  3.2754514e-02
  3.2614923e+00
 -2.9184854e-02
  4.7475986e-02
  1.8289294e-02
  2.2439002e-01
  4.5649540e-01
 -1.3524407e-01
 -2.7944225e-01
 -3.0525351e-01
 -1.0019578e-02
 -1.0608934e-02
  2.0908506e-01
  2.7107701e-01
 -6.8380393e-02
  1.5285362e-01
 -4.2313015e-01
  5.3483048e-03
 -2.1768030e-02
  1.8513516e+00
  2.7654478e-02
  4.6438408e-01
  4.4568881e-02
 -1.1754807e+00
  2.7804446e-01
 -2.4088314e-02
 -9.4487596e-01
  2.6340520e+00
  1.0953619e+00
  6.1560708e-01
 -6.9952762e-01
 -1.8133809e-01
 -1.7680284e-02
 -1.5719170e-02
  6.2892586e-02
  1.4300133e+00
  1.1246058e-01
 -2.9364984e+00
 -4.4083916e-02
  4.6352065e-01
  2.8123774e-02
  2.9101502e-02
  4.5547206e-02
 -1.5791611e-01
 -2.4745250e-03
 -4.2867176e-02
  5.3128902e-02
  4.6972032e-03
  3.1788792e-02
 -8.3233222e-02
  5.3614296e-02
  1.8883878e-01
 -5.6505479e-02
 -1.1265672e-01
 -6.9796607e-02
  8.3781153e-02
 -4.4424482e-02
 -3.0551238e-02
  1.3365567e-01
  1.8466818e-01
  1.5117578e-01
  9.2678796e-03
  9.3787484e-02
  7.6818627e-01
  1.9437200e-01
 -9.6547082e-02
 -7.6256417e-02
  1.7494118e-01
 -7.6972239e-02
  4.9397439e-02
  6.4684317e-02
  1.8663192e-01
  3.3610799e+00
 -3.9953414e-02
  3.2048681e+00
  2.0855017e-02
 -1.3221939e-02
  2.0343318e+00
 -2.2617826e-02
  2.0877721e-02
  1.1600026e-01
  4.1778240e-02
 -8.5322395e-02
 -4.1572123e+00
 -5.9044335e-02
  2.2386400e-02
 -3.3896778e-02
 -1.3792849e-01
  2.0454375e-02
 -1.2204689e-02
 -1.4883446e-03
 -3.0816605e+00
  3.4755287e+00
 -1.3500018e-01
 -3.2902744e-02
  2.5714153e-02
  7.5682431e-02
  3.9539304e-02
  1.2988899e+00
  1.6882093e-01
  1.1258110e-02
 -4.5159556e-02
  6.1918773e-02
  3.2908171e-01
 -7.6929048e-02
 -2.0778188e-02
  1.2865888e-02
  3.1710200e-02
 -8.1146650e-02
 -4.4424441e-02
 -2.0368507e-02
 -1.3581144e-02
  6.9986563e-03
 -6.5884061e-02
  9.9470943e-02
  2.3661671e-02
 -9.8010086e-02
 -5.2856676e-02
  3.0131754e-03
  2.3818746e+00
  2.1082462e-01
  5.0248247e-02
  9.7196382e-03
  4.5174384e-03
 -6.9083022e-03
  2.3606772e+00
  5.3424720e-02
  3.1688340e-02
  9.4581075e-04
 -2.1867161e+00
 -4.6809971e-02
  1.3725069e-01
 -3.1277103e+00
 -6.0412161e-02
 -5.9766423e-02
  3.7923105e-02
 -1.2514868e-01
  6.5553486e-02
 -6.3858055e-02
  1.6079152e-01
 -1.4621240e-01
  3.9471749e-02
 -1.2129229e-02
  5.9540041e-02
  9.8096348e-02
  1.9204078e-02
 -1.1835634e-01
 -7.2707906e-02
  5.2424681e-01
 -9.1538608e-02
  2.1707785e-01
 -3.5785194e-02
 -1.4604490e-01
  1.1210160e-01
  1.6477311e+00
 -1.2038756e-02
 -1.2973523e-01
  8.1401557e-02
 -5.7990080e-01
  9.3034089e-02
  3.1520114e+00
  3.0054977e-02
 -2.8212306e-01
  2.1439137e-02
  1.2238278e-01
  1.4940872e-02
  2.2871089e-01
 -1.5709349e+00
 -2.3203683e+00
 -1.3659103e-01
 -2.0543870e-03
  2.3832421e+00
  2.8508124e-01
  4.3837119e-02
  3.1097665e-01
  6.8275832e-02
 -8.3211372e-03
  9.1967307e-02
  8.2185961e-02
 -2.4405500e-01
  3.7525822e-03
  1.5775301e-02
 -1.9616475e-02
 -8.2529145e-01
 -5.1163042e-01
  1.7916206e-02
  2.7084695e-02
 -2.1878277e-01
 -1.0794139e-02
 -4.9258852e-03
  1.9319568e-05
  2.6106555e-02
 -2.9766145e-03
  6.6661231e-02
 -5.6485426e-02
  2.9029253e+00
 -1.4096659e+00
 -7.7591442e-02
  1.8794520e-02
 -7.9226442e-02
 -8.1718534e-01
  1.7636263e-01
  3.7298951e-02
  1.7034754e-01
 -7.1204746e-01
  3.7673522e-02
  1.2172502e-01
 -2.0726852e-02
 -8.5428290e-02
 -4.2118344e-02
  1.3671292e-01
 -2.8590958e+00
  2.3582308e-02
  7.9607265e-03
  1.3231972e-02
 -3.6869403e-02
 -3.4443188e-02
  5.2204080e-02
  7.4448533e-02
  1.5107808e-01
 -7.0964772e-01
 -5.0891809e-02
 -1.3725893e-01
  6.8373770e-02
  7.0875418e-01
 -2.3046643e-02
 -1.9375850e-02
 -6.1190516e-02
 -9.4200209e-02
 -9.2777587e-02
  3.4053047e+00
  7.2414629e-02
 -8.1208004e-03
  7.2069757e-02
 -1.5121719e-01
 -1.0586486e-01
  1.3293330e-01
  1.9583425e-02
  2.1630485e-01
 -7.1506046e-02
 -3.5878995e-01
  2.0130217e-01
 -1.4757643e-02
 -5.5725332e-03
  2.6015064e-02
  5.2156676e-02
 -2.4981767e-02
  4.0246774e-03
 -3.5389161e+00
 -8.0983013e-02
  1.1079379e-01
  2.0630385e-03
 -1.0351492e-02
  7.7012859e-02
  9.5328309e-02
  5.4689653e-02
  6.6549875e-02
  4.1079058e-04
 -3.1088006e-02
  4.3319821e-01
 -3.6740165e-02
  1.8946432e-01
  5.0863162e-02
  2.3223360e+00
  4.3668959e-02
  6.0730264e-02
 -1.8592636e-01
  1.4244799e-01
 -1.2075388e-01
  4.6905365e-02
  2.2750812e+00
 -1.8928754e-01
  5.0787668e+00
 -1.1724185e-01
  1.6283406e-01
  1.7571680e-01
  1.8661730e-02
 -1.6573110e-01
 -6.7898184e-02
 -3.5239819e-02
 -7.5216301e-02
 -9.6671470e-03
  7.6322523e-03
 -1.2327502e-01
  7.6994881e-02
 -4.2362049e-02
 -1.2885521e-02
  4.5785032e-02
  2.8039621e-02
  4.5553766e-02
 -2.8570181e-02
 -2.3785366e-02
  1.0667462e-01
 -2.5143169e-03
  3.1423897e-01
  1.4830322e+00
  6.1753355e-02
 -9.1766700e-02
  2.6753081e-02
 -3.9872546e-02
  1.3454339e-01
 -8.6976394e-02
  8.0906518e-02
  6.8849057e-02
 -8.3389543e-02
 -3.1580951e-02
 -7.4678220e-02
 -3.5320725e+00
 -3.1900485e+00
 -3.9846611e+00
 -4.2364531e+00
  3.9641011e+00
  4.1091170e+00
 -6.8640798e-01
 -3.9041984e+00
  3.6994245e+00
 -3.7356157e+00
 -3.7809300e+00
  3.7795026e+00
  4.1116819e+00
 -4.5622549e+00
 -3.9309380e+00
  4.0342669e+00
 -4.1039696e+00
 -4.5059590e+00
 -3.6745219e+00
 -4.3925686e+00
 -8.1156760e-01
  3.0991807e+00
  5.8052368e+00
  3.5746050e+00
  3.5504627e+00
 -4.6417050e+00
  4.0544324e+00
 -3.4329829e+00
 -5.7975545e+00
 -4.0229654e+00
  4.8066082e+00
 -3.6826296e+00
 -2.9231358e+00
 -4.7000136e+00
 -4.1026344e+00
  4.5271015e+00
 -4.0550141e+00
 -4.3489676e+00
  4.0288539e+00
  3.8828573e+00
 -3.9514542e+00
 -3.9703746e+00
  2.0907512e+00
 -2.2054937e+00
  3.9875011e+00
 -2.9062827e+00
 -3.5813332e+00
 -4.1540942e+00
  3.9598105e+00
 -3.8670149e+00
  3.9131956e+00
 -3.6811807e+00
 -3.8718321e+00
 -3.9027424e+00
 -4.3900194e+00
 -3.5912414e+00
 -4.3932285e+00
 -4.0074472e+00
 -4.1874313e+00
 -4.0535817e+00
  4.3346152e+00
 -4.1344409e+00
 -4.7043233e+00
 -3.8411276e+00
 -4.0612888e+00
 -3.9993985e+00
 -4.4002552e+00
 -3.9125302e+00
 -4.6425915e+00
 -3.4191978e+00
  4.3750491e+00
  4.4697657e+00
  2.9157472e+00
  4.5209246e+00
  4.4300709e+00
  3.7116678e+00
 -2.4882395e+00
 -6.0117283e+00
  3.1592124e+00
  4.3499336e+00
 -3.9787872e+00
  3.0632734e+00
  5.5891151e+00
  4.3195558e+00
 -4.8285675e+00
 -5.0710249e+00
  3.9036245e+00
 -4.1751537e+00
 -3.7432940e+00
 -4.3641214e+00
  3.6519334e+00
  4.9376936e+00
  4.9944253e+00
 -4.4891224e+00
  3.0160434e+00
 -4.7251477e+00
  4.4287596e+00
  3.7785850e+00
 -4.4277854e+00
  4.3604569e+00
  2.1246435e+01
  1.0788260e+01
  1.9366125e+01
  2.7705666e+01
 -1.6619822e+01
 -2.6757160e+01
  1.0545516e+01
  2.3772285e+01
 -2.0168285e+01
  1.4160237e+01
  3.0281860e+01
 -2.4266188e+01
 -2.8513865e+01
  2.5722580e+01
  2.8067371e+01
 -2.6238808e+01
  2.3108482e+01
  3.2927353e+01
  2.0654667e+01
  2.1716469e+01
  7.1126928e+00
 -2.5288631e+01
 -2.8310434e+01
 -1.6467154e+01
 -2.4220295e+01
  2.4332451e+01
 -2.8031387e+01
  1.1266182e+01
  1.2215763e+01
  2.9900293e+01
 -1.5148946e+01
  2.1875717e+01
  3.0571913e+01
  2.3882065e+01
  2.9105167e+01
 -3.0019176e+01
  1.4106837e+01
  2.9589626e+01
 -1.3670884e+01
 -3.5058681e+01
  2.4199772e+01
  1.7640095e+01
 -3.3309975e+01
  2.2573875e+01
 -2.8177290e+01
  2.2859919e+01
  2.3130625e+01
  2.4367029e+01
 -1.5553528e+01
  1.4531943e+01
 -2.7594843e+01
  1.7378922e+01
  3.6208935e+01
  2.3903008e+01
  3.5017670e+01
  1.7809109e+01
  2.9056303e+01
  1.8972664e+01
  2.8359461e+01
  1.7674904e+01
 -2.8741577e+01
  2.3468620e+01
  1.9052845e+01
  2.7009203e+01
  3.1789389e+01
  2.7294392e+01
  3.4188705e+01
  1.8273392e+01
  2.2186674e+01
  2.7242741e+01
 -2.8003868e+01
 -2.1638792e+01
 -3.0890158e+01
 -2.7822289e+01
 -2.2815132e+01
 -2.1930822e+01
  1.5907861e+01
  2.6064583e+01
 -2.1030708e+01
 -2.1368093e+01
  1.9949240e+01
 -2.2667355e+01
 -2.6660597e+01
 -3.1974201e+01
  2.3872875e+01
  1.1285382e+01
 -2.3178389e+01
  2.4687084e+01
  3.0216846e+01
  2.8154263e+01
 -3.5396126e+01
 -1.6543083e+01
 -2.9199825e+01
  2.6374939e+01
 -2.5943962e+01
  2.9831720e+01
 -1.8637995e+01
 -2.1235434e+01
  2.4219683e+01
 -1.6036848e+01
  2.3551692e+03
 -3.4951506e+00
 -2.6603360e+00
 -2.0288904e+00
 -7.2303218e-01
 -4.1771011e+00
  3.9889935e-01
  1.0209886e+00
 -4.0448146e+00
  3.7787833e+00
 -1.4424026e+00
 -1.3674676e-01
  2.0163286e+00
 -2.5167325e+00
  1.8881459e+00
  6.6256976e-01
 -2.9573965e-01
 -5.0931430e+00
  2.4515352e+00
  1.1858579e+00
 -2.7340209e+00
  3.1043494e+00
  2.5619128e+00
  9.4063795e-01
  4.6037388e+00
 -8.0857611e-01
 -8.0211186e-01
  2.2672195e+00
  3.1700716e+00
 -4.3953171e+00
  1.5331829e+00
  2.2067335e+00
 -9.5819831e-01
 -3.1968837e+00
  1.5632297e+00
 -4.1132531e+00
 -2.2479156e-01
 -2.6851139e+00
 -1.7921891e+00
 -3.7105124e+00
  1.0691147e+00
  1.8481852e-01
  1.0775458e+00
 -4.0906720e-02
 -1.3877193e+00
 -9.3011677e-01
 -1.3147651e-01
  4.9538291e-01
  6.5916628e-03
  6.9573027e-01
 -9.0306646e-01
 -3.2954356e-01
 -9.1316283e-01
  3.5305505e+00
  1.1805657e+00
 -5.3401660e-02
 -4.2487648e-01
 -4.5101070e+00
  2.9873340e+00
 -1.3380939e+00
 -1.0181401e+00
 -1.1957080e+00
 -1.0792411e+01
  4.1824903e+00
  3.7762563e+00
  1.5817128e+00
  1.7392609e+00
 -2.8079560e+00
 -1.5729790e+00
  4.0810499e+00
  8.9632092e+00
 -1.3608624e+00
 -2.8885293e+00
  2.5884673e-01
 -1.4297019e+00
 -5.5222142e-01
  2.5117304e+00
 -3.6846903e-01
  2.7920392e+00
  3.1977105e+00
  4.1559938e-02
  3.2779112e+00
 -2.3624131e-01
 -9.5612127e-01
 -5.4244571e+00
  3.2207695e-01
 -3.3195498e+00
 -8.6615491e-01
 -1.0258915e-01
 -2.2288051e-01
  6.9017875e-01
 -2.7905722e+00
  2.7624457e+00
 -2.4251955e+00
  2.6352901e+00
  9.7592765e-01
 -2.3027263e+00
  3.9231185e-02
  3.1922398e+00
 -3.7211819e+00
  4.3757257e-01
 -3.2698395e+00
 -3.6406934e+00
  5.2829865e-02
  1.4276235e+00
 -1.5064833e-02
  6.0083790e+00
  2.3502622e+00
 -1.8967240e+00
  2.3862274e+00
 -4.2272744e+00
  3.0160522e+00
  7.4388349e-01
 -2.5453577e+00
 -2.6913543e+00
  4.4037813e-01
 -3.7374516e+00
 -6.6932827e-02
  3.2447367e+00
  2.6690073e+00
 -4.9078822e+00
  2.8843002e+00
  5.5119556e-01
  4.5394206e+00
 -4.9215248e-01
  4.9489040e+00
 -2.1782951e+00
  4.9892645e+00
  5.1291099e+00
 -1.0564636e+00
 -8.7618649e-01
 -1.9112997e+00
  1.2309365e+00
 -7.4816823e-01
 -2.1790073e+00
 -4.1159444e+00
  4.2642093e+00
  1.1180809e+00
  1.3139318e+00
 -4.1498941e-01
  3.7459934e+00
 -5.7003564e-01
  5.2844781e-01
 -3.5039639e-01
 -1.6980280e+00
 -2.1602586e-01
  1.9149772e+00
 -2.1495981e+00
 -1.4698101e+00
  8.0778790e-01
 -4.9152952e-01
 -2.2995806e+00
  5.3401130e-01
  1.0852751e+00
  1.7458990e-01
  1.7661458e-01
 -2.2811806e+00
 -1.5226275e+00
  4.7043368e-01
 -2.6391840e+00
 -9.6611708e-01
 -5.0325055e+00
 -1.4741291e+00
  1.6692172e+00
  5.1946831e+00
  4.9030584e-01
  5.5213094e-01
 -4.7740313e-01
 -5.8396620e-01
  1.2291994e+00
  1.1865233e-01
  2.7163291e+00
  6.6211784e-01
  3.7006006e-02
  9.3449587e-01
  1.2350764e-01
 -3.3368075e+00
  6.4334428e-01
 -1.0032474e+00
 -9.7391009e-01
 -3.0135341e+00
  1.9737623e+00
 -7.5436610e-01
 -3.7610655e+00
 -1.2422264e+00
  1.5032328e+00
  2.4733126e+00
  4.2332876e-01
  1.4531239e+00
  1.0685996e-01
  1.9008335e+00
 -1.5337660e+00
  7.0021099e-01
  2.4572608e-01
 -6.6730994e-01
 -1.5462049e+00
  2.2322478e+00
  1.0910630e+00
 -1.9019626e+00
  1.6397395e+00
  1.8863179e-01
 -6.7020291e-01
 -1.9822041e+00
 -1.9032599e+00
  6.4632291e-01
 -1.4651039e+00
  1.0909650e+00
 -5.0470126e-01
  5.9406042e-01
 -9.6892351e-01
 -3.3624403e+00
 -2.6087338e-01
 -4.8986560e-01
  7.8374422e-01
 -6.4818177e+00
  4.2816515e+00
  4.7642503e+00
 -9.8661965e-01
  2.0745137e-01
  3.2331946e+00
 -3.8634868e+00
  3.7863898e-01
 -4.5076299e-01
  1.4931059e+00
 -3.7950051e+00
  2.4543194e-01
  1.2256316e+00
  4.2861223e-01
 -5.2724280e+00
 -2.4036365e+00
 -1.8388457e+00
  1.0042851e+00
 -2.5716430e-01
  9.0257092e+00
 -3.7125380e+00
  2.5982332e+00
  3.5736487e+00
 -1.8943315e-02
 -2.5520358e+00
 -3.9701393e+00
 -1.3556798e+00
 -1.6913239e+00
  1.3039325e+00
  2.4322031e+00
  2.7008791e+00
  1.1637551e+00
 -2.2780998e+00
 -1.8474491e+00
  2.5981534e+00
  2.4938700e+00
  3.2657549e+00
  2.6745409e-02
  3.1609612e+00
 -9.3240744e-01
  1.1990129e+00
 -1.9761668e+00
  3.5568208e-01
 -1.5513992e+00
 -1.4562579e+00
 -1.9905851e+00
  2.7880244e+00
 -5.6262577e-01
 -4.7614293e+00
 -2.2563524e+00
 -2.7042217e+00
 -5.4352123e-01
 -6.1841636e+00
  9.8158818e-01
  3.9672022e+00
  2.4166603e+00
  7.5469799e+00
  1.5962536e+00
 -1.1141094e+00
 -7.0346183e-01
 -1.3546102e+00
 -3.3021462e-01
 -2.7426264e-01
 -5.8449227e-01
 -5.6161504e+00
  1.4046428e+00
  4.4739690e+00
 -4.5772141e-01
  3.8339334e+00
 -1.6831526e+00
 -5.2219212e-01
 -4.3939245e-01
 -2.6601708e-01
  1.2707340e+00
 -2.4959252e+00
  3.2573554e-01
 -5.1137848e+00
  3.7034743e+00
 -1.3020757e+00
  5.5111557e-01
 -6.7963678e-01
  1.3125372e+00
  8.6672658e-01
 -1.3660264e+00
 -9.8559105e-01
  1.8855835e+00
  1.0303060e+00
  1.7326138e+00
 -2.4970105e-01
  1.4602331e-02
  9.1655499e-01
  4.2749918e-01
 -3.1996388e+00
 -1.1257643e+00
  2.8610306e+00
 -1.9412557e-05
 -3.9956877e+00
  5.9792078e-01
  1.1090791e+00
 -2.8700576e+00
  8.0881494e-01
 -1.2910471e+00
 -3.7511715e-01
  1.3780102e-01
  3.3545110e+00
 -2.8373582e+00
 -5.1434797e-01
  1.2338738e+00
 -4.2673066e-01
  2.5528565e-01
 -2.0578055e+00
 -4.1367989e+00
  1.0662687e+00
 -1.6657031e+00
 -3.8044378e-02
  7.6418090e+00
  4.6073813e+00
  1.4465865e+00
  4.9521464e-01
 -1.7426430e+00
 -6.3421535e-01
 -5.6876379e-01
  1.2869174e+00
 -2.2929895e+00
  8.6870122e-01
 -3.4478557e-01
  7.5206935e-01
  4.6803889e-01
 -2.1591337e+00
 -1.2388575e+00
 -1.3935902e+00
 -1.5984699e+00
  2.9617927e+00
 -3.3499882e-01
  4.8239994e+00
 -2.6000783e+00
  3.0049560e+00
  5.5275530e-01
 -1.3004185e+00
  4.0851550e+00
  6.4841518e+00
 -1.6903183e+00
 -3.0553854e+00
 -1.2981087e+00
  1.4744281e+00
  5.7165372e-01
 -5.2902710e-01
 -1.1527283e+00
 -2.4262224e-01
  2.5774840e-01
  1.3123478e+00
 -2.9452755e+00
 -4.1115036e+00
  2.5711441e+00
 -4.5455110e-01
  9.8886770e-01
 -1.6239250e+00
  2.0169721e+00
  1.5561692e+00
 -2.9666986e+00
  5.3607612e+00
 -2.8431640e+00
 -1.6749681e+00
  4.0883818e+00
 -8.9181149e-01
  5.0056809e-01
  3.3136404e+00
  3.7295821e+00
 -2.4203351e+00
 -9.2602450e-01
  5.2226062e+00
 -2.0234659e+00
  1.6532457e+00
 -4.2129955e+00
  1.2609395e+00
 -1.6280438e+00
  6.9654222e+00
 -1.7558682e-01
 -9.2017621e-01
  9.2447525e-01
  2.1593351e+00
  3.4951954e+00
 -3.2271817e+00
  1.0959401e+00
 -2.3674989e+00
 -4.3871140e+00
 -1.8415745e+00
  4.3440456e+00
 -2.7092228e+00
 -1.5840858e+00
  7.4424833e-01
  3.3544879e+00
  2.1308179e+00
  5.3964597e-01
 -1.7352450e+00
 -3.0238848e+00
  2.6916084e+00
 -1.3831910e+00
 -3.3605571e+00
 -5.0914783e+00
 -4.6133976e-02
  7.0843452e-01
  2.6886299e+00
 -1.2520906e-01
 -2.1261635e+00
  9.1710436e-01
  1.2244388e+00
  2.7037387e+00
 -8.3340540e+00
 -1.7017747e+00
  5.5415595e-01
  4.8212709e+00
  5.6196809e+00
  5.5586314e-01
 -2.2457063e+00
 -2.3909197e+00
  2.0813560e+00
  2.9634476e-01
 -6.2999092e-02
  3.0020568e+00
 -3.1066356e+00
 -9.2250562e-01
 -7.5580792e+00
 -2.5125282e+00
 -1.1421739e+00
 -1.7598239e-01
  2.4122248e+00
 -4.7564822e-01
  3.3850491e+00
 -3.7086771e+00
  1.0636046e+00
  3.0742772e+00
 -1.0674646e+00
 -9.3430388e-01
  1.3956571e+00
  3.0351105e+00
 -4.6438084e+00
  3.6861379e+00
 -1.2722968e+00
 -3.0254117e-01
 -1.5365133e+00
 -2.1382437e+00
 -4.7059670e-01
 -1.1443253e+00
  7.5514430e-01
 -3.3488374e+00
 -2.5500917e+00
  2.4027503e-01
 -1.1011957e+00
  1.2882014e-01
  1.4882923e+00
  7.4251878e-01
 -4.0227270e-01
 -2.9688916e+00
 -3.2912725e-01
 -9.8423198e-02
 -5.7641029e-01
 -2.8972771e+00
  1.5320647e+00
  4.5344548e+00
  2.3567417e+00
  4.9628911e+00
 -1.8958694e+00
  4.0627085e-03
  1.9414788e+00
  1.1510389e+00
 -6.7171836e-01
  2.3141561e+00
 -9.2202604e-01
  5.3523391e-01
 -3.0152848e+00
 -1.2355398e+00
  5.4804832e-01
  9.9990648e-01
  1.1643722e+00
 -6.6265416e+00
 -2.3905690e+00
  1.5043050e+00
  1.8300639e+00
 -3.6521056e+00
  5.8292198e-01
 -5.1526658e-02
 -2.6423323e+00
  5.4750299e-01
 -5.2683276e-01
 -7.5079717e-02
  2.1455255e-01
  2.7582624e+00
  2.5093930e+00
 -9.1141379e-01
  6.4888060e-01
  1.8248957e+00
  1.5734732e+00
 -1.3971658e+00
 -1.1107403e+00
  4.6732232e-01
  3.3854082e-01
 -6.1656541e-01
 -2.9932022e-01
 -9.6440989e-01
 -1.1107669e+00
  3.0433488e+00
 -8.4758049e-01
 -2.4885482e-01
 -1.4395769e+00
 -1.0713835e+00
 -2.7449235e-01
  1.9217556e+00
  1.3548448e+00
  1.0416498e+00
  3.4971879e+00
 -3.0422442e+00
  2.7253640e+00
 -1.6567992e+00
 -3.7695732e+00
 -2.5608206e-01
  6.7122847e-01
 -6.4697510e-01
  1.7345463e+00
  1.3937929e+00
  1.2379721e+00
 -9.3293029e-01
  1.6865540e-01
  1.1773273e+00
  2.9638577e-01
  1.1924020e+00
  1.8349941e+00
 -1.0273744e+00
 -8.6250407e-01
  5.6955171e-01
  1.1950006e+00
 -1.1926068e+00
 -1.7182149e+00
  9.2121586e-02
 -5.7966518e-01
 -1.5475932e+00
 -3.5670847e-01
 -1.1755419e+00
 -2.3284688e+00
 -1.9633715e-01
  1.7007858e-01
 -1.0169401e+00
 -1.2923824e+00
  2.2786689e+00
  1.0714198e+00
  8.2509917e-01
  1.1919086e+00
  2.7402833e+00
  1.6293633e+00
 -3.0243494e-02
  1.8588458e-01
 -5.7734861e+00
 -3.5633051e+00
 -4.4699082e+00
 -2.9617634e-01
 -2.0738051e+00
  1.3951176e+00
 -6.7745107e-01
  1.1062568e+00
  3.8147566e+00
  2.3644731e+00
  3.4051299e+00
 -1.9188908e-01
  2.7667570e+00
  9.0133399e-01
  8.4970325e-01
 -1.1244311e+00
  2.2551745e-01
 -2.9121664e-01
 -1.7238657e+00
 -1.9085624e+00
 -1.2940519e+00
 -1.8982491e-01
 -1.2467780e+00
 -1.9362433e+00
 -5.5201656e-01
 -7.2548831e-01
 -2.2735178e-01
 -2.3535376e+00
 -2.4419876e-02
 -2.0070291e-01
  6.8208110e-01
 -9.8315561e-01
  3.0079186e-01
 -2.7469769e-01
  4.6858859e-01
 -3.0135933e-01
  2.1987677e+00
  2.3581276e+00
  1.1005055e+00
  1.5088716e+00
 -2.6129727e+00
 -1.2242779e+00
  6.7140043e-01
  2.1495631e+00
 -2.4524324e+00
 -1.9557303e+00
 -9.9253517e-01
 -4.9083881e+00
  1.8984993e+00
 -1.6901231e-01
  3.5834736e-01
 -3.5145350e+00
  1.2573691e-01
  3.4016991e-01
 -3.9959576e+00
  2.3124092e+00
 -1.4496371e+00
  1.2937530e+00
  1.8950731e-02
  3.3014069e+00
  4.1351480e+00
 -1.4894835e+00
 -2.7690738e-01
 -4.1656413e+00
  4.4352660e-01
 -2.9984901e+00
  1.1869011e+00
 -2.6125720e+00
 -1.8624532e+00
 -2.5735438e-01
 -9.5655721e-01
  1.8975044e+00
 -2.2702644e+00
  1.2176899e+00
  5.7202119e-01
  3.2800071e+00
  2.7313519e-01
  8.6511964e-01
 -4.4438609e-01
  1.4307084e+00
 -1.3756771e+00
 -3.6939497e+00
 -1.9971281e+00
 -1.4954544e+00
  9.6369559e-01
  1.7519823e+00
  1.4402662e-01
 -2.6948896e-01
 -1.4443700e+00
  1.6204464e+00
  3.6376135e+00
 -1.4717060e+00
  1.4990003e+00
 -1.3905498e+00
  6.8831879e-01
 -1.2457650e+00
  1.3649831e+00
 -6.7905927e-01
 -3.5545921e+00
 -2.0679874e+00
 -2.0754066e+00
 -1.9610067e-01
 -1.7911139e+00
  1.4774485e+00
 -3.4810057e+00
 -4.4406122e-01
 -3.5939956e-01
  3.5935583e+00
  2.2543004e+00
  8.4081280e-01
  1.9146543e+00
  8.3408552e-01
  2.3154693e+00
  3.9793313e-01
  1.1276371e+00
 -2.2222958e+00
  1.2478756e+00
  4.7994137e-01
  1.0507852e+00
 -1.8631140e+00
 -5.9057344e-02
 -7.9669940e-01
 -2.9380533e-01
 -9.1798413e-01
  2.3274632e+00
  2.7365541e+00
  1.9884428e-01
 -1.6022339e+00
  5.7594419e-01
  1.1700644e+00
 -8.1474528e-02
 -2.6356852e+00
 -2.9493973e-01
 -4.0677037e+00
  2.4613903e+00
  2.4800253e+00
  9.9913418e-01
  1.4122154e+00
  1.1628345e+00
  3.5833604e+00
  8.6619514e-01
  2.1134872e+00
  9.7442120e-01
  4.5236387e+00
 -3.0950272e+00
  1.1353219e-01
 -1.2848365e+00
 -5.7800688e-02
 -1.4255396e+00
 -2.1307015e+00
 -5.9419316e-01
  9.6520841e-01
  1.2004341e+00
 -2.4618814e+00
 -1.3671328e+00
  1.5736960e+00
 -1.3700308e+00
 -2.1169407e+00
 -6.8694532e-02
 -5.3868568e-01
 -3.5537980e+00
 -5.3930391e-02
  6.0838157e-01
 -4.7700542e-01
 -1.8648999e+00
  3.6250195e-01
  1.6619556e-01
  4.8456025e-01
  1.0758314e+00
  1.4038328e+00
 -1.7322402e+00
  1.9486530e+00
  1.8798919e+00
  4.1032047e+00
  6.7071933e-01
  4.1157260e+00
  1.9183328e+00
 -1.4733524e+00
  2.5811057e+00
  3.4723742e+00
  1.0161042e+00
  4.8657379e-01
  1.2697787e+00
 -3.0677409e+00
 -9.5033395e-01
  1.7710382e+00
  9.3356603e-01
 -1.5109575e+00
 -7.6774681e-01
 -1.1143250e+00
 -3.8499793e-01
  2.3348713e+00
  5.0858015e-01
 -2.1295159e+00
  3.9892733e-01
  1.7654991e-01
  1.2439420e+00
 -4.2900264e-01
  4.7814527e-01
  1.7679442e-02
  1.8650440e-02
  1.7346195e+00
  9.8071590e-02
  1.6027147e-01
  9.4504841e-02
  4.7567850e-01
  1.5221257e+00
  1.9571027e+00
 -7.5644165e-01
 -3.3164737e-01
 -2.2806008e+00
 -4.9143159e-01
  1.8338743e-03
  1.8338743e-03
  1.8338743e-03
  1.8338743e-03
  1.8338743e-03
  1.8338743e-03
  1.8338743e-03
  1.8338743e-03
  1.8338743e-03
  3.5708311e-03
  3.5708311e-03
  3.5708311e-03
  3.5708311e-03
  3.5708311e-03
  3.5708311e-03
  3.5708311e-03
  6.2058666e-03
  6.2058666e-03
  6.2058666e-03
  6.2058666e-03
  6.2058666e-03
  6.2058666e-03
  6.2058666e-03
  5.5716210e-03
  5.5716210e-03
  5.5716210e-03
  5.5716210e-03
  5.5716210e-03
  5.5716210e-03
  5.5716210e-03
  3.7785852e-03
  3.7785852e-03
  3.7785852e-03
  3.7785852e-03
  3.7785852e-03
  3.7785852e-03
  3.7785852e-03
  1.2551631e-03
  1.2551631e-03
  1.2551631e-03
  1.2551631e-03
  1.2551631e-03
  1.2551631e-03
  1.2551631e-03
  2.7323222e-05
  2.7323222e-05
  2.7323222e-05
  2.7323222e-05
  2.7323222e-05
  2.7323222e-05
  2.7323222e-05
