nep4_zbl 2 O Ga 
zbl 1 2
cutoff 6 4 418 127
n_max 8 6
basis_size 12 10
l_max 4 2 1
ANN 100 0
  1.8027716e+00
  6.3459122e-01
 -2.9152548e+00
  6.7347968e-01
  1.8045685e-01
 -1.9412551e+00
 -2.4471350e+00
  1.0070505e+00
 -1.1947541e+00
 -1.7543069e+00
 -3.8340347e+00
  1.0612278e+00
 -3.0862579e+00
 -6.5215224e-01
 -3.7434363e-01
  9.3675220e-01
  1.4122519e+00
 -2.3843460e+00
  3.6748130e+00
  2.4734803e-01
 -2.8674343e+00
 -2.7290194e+00
 -8.4556200e-02
  2.9774258e+00
  1.1340375e+00
 -9.6090335e-01
  1.2987030e+00
 -2.3817959e+00
  2.0729636e-01
 -3.3382676e+00
 -1.4714493e-01
  5.4023566e+00
 -1.6902955e+00
 -9.1987211e-01
 -4.2657280e+00
 -8.7961191e-01
 -1.9825463e-01
 -1.6187104e+00
  1.1258926e+00
  1.3900231e+00
 -1.2739245e-02
  1.8281157e-01
 -3.3398378e+00
 -6.6275162e-01
  1.2427094e-01
  1.9771329e-01
 -2.1550578e-01
 -7.2382861e-01
  1.7163284e+00
  1.0958212e-02
 -2.3031418e-01
 -2.1748121e+00
 -1.8927731e-01
  5.1754922e-01
  5.3689372e-02
 -1.2220112e+00
  3.3805225e+00
 -1.9076731e+00
  6.1922479e+00
 -9.5617330e-01
 -6.7926043e-01
 -1.2204914e+00
  5.2356166e-01
  4.9444345e-01
  3.8476995e-01
  5.7671539e-02
  1.1943765e-01
  4.0252953e+00
 -1.0786022e+00
  6.1977768e-01
  1.6685079e+00
 -8.0998623e-01
  2.3003969e+00
  1.0790660e+00
 -8.7837750e-01
  2.2290545e+00
  1.0904917e+00
 -6.2590301e-01
  7.5949728e-02
  1.4180673e+00
  3.5802433e+00
  1.9968699e-01
 -1.1965119e+00
  1.0862914e-01
 -7.5817712e-02
  6.3786978e-01
 -3.3575256e+00
 -1.1951592e-01
 -3.8371079e+00
 -1.0524361e+00
  3.6156747e-02
  2.8395942e-01
  1.9451787e-01
 -2.3728114e-01
 -6.2737830e-02
  4.0304905e-01
 -7.0614189e-01
 -1.6811579e-01
 -5.5614531e-01
 -5.9649376e-03
  7.1319479e-01
  5.6556523e-02
 -3.5764194e-01
 -2.0083413e+00
  3.9041266e-01
 -7.2074157e-01
  2.9986112e+00
  1.5643944e+00
  1.9162450e+00
  6.5925121e-02
  5.8742256e+00
 -1.0560779e-01
 -2.1224526e-01
  1.0053912e-01
 -2.6045322e-01
  3.7257659e-01
  1.2239228e+00
  2.4356523e+00
  4.2515516e-01
 -1.5817684e+00
  2.9374586e-02
  2.7212172e+00
  1.8286715e+00
  3.1566728e-02
 -6.9269228e-01
 -3.0258176e-01
  1.9029538e-01
  1.2913311e+00
  1.1294614e+00
 -2.7924724e+00
  5.0145775e-01
  1.0412514e+00
 -4.4004866e-01
 -2.9610351e-01
 -2.0308733e+00
 -2.1759367e-01
  2.4314128e-01
  5.3858674e-01
  4.8138011e-01
 -4.1038003e+00
  2.9798087e-01
 -6.5784484e-02
  1.5551040e+00
  2.7501941e-01
 -1.3307573e-02
  6.3338900e-01
 -2.7156001e-01
  2.5384653e-01
 -1.1324017e+00
 -1.8385415e+00
 -4.2027435e-01
  1.5365526e-01
  3.1956771e-01
  1.6516449e-01
 -3.3382255e-01
 -1.1258336e-02
  2.2071308e-01
  1.5421267e-01
  3.3009582e+00
  5.8118142e-02
  1.0201896e+00
  3.7071922e-01
  5.6036454e-02
  1.4611267e+00
  1.2933035e+00
 -2.8317783e-02
 -4.4967681e-01
 -1.9313877e+00
 -3.0538237e-02
 -6.9626197e-02
  2.3121369e-01
 -2.8575051e-01
  3.0205780e-01
  2.0171367e-02
  1.1000239e-01
 -5.6395441e-01
  1.0502351e-01
  8.7815291e-01
  2.3228276e-01
  2.4856997e-01
 -7.5661784e-01
  3.1121037e+00
 -8.2312860e-03
 -1.2433174e+00
  3.8901597e-01
 -6.6332556e-03
  1.0424004e+00
 -9.8853663e-02
  2.3091633e+00
 -3.2579405e+00
  1.7041056e-01
  2.2849242e-01
  5.0633792e-03
  1.0761932e-01
 -1.6858587e-01
 -6.7918730e+00
  2.1704900e-01
 -9.0909082e-01
  8.6077875e-01
  8.5606188e-01
 -7.5683218e-01
 -6.0952145e-01
  1.6035853e-02
 -7.2726130e-02
 -3.9999798e-01
 -1.6642243e+00
 -1.5665120e+00
 -1.6793814e+00
 -3.9520586e-01
 -8.5939020e-01
  2.6929975e+00
  1.8365543e+00
  7.1207124e-01
 -1.6629088e+00
 -1.5061417e+00
  4.4942026e+00
 -3.1161332e-01
  2.2822490e-02
 -1.4350261e-01
  3.8366562e-01
 -2.2757776e+00
 -1.0636472e+00
 -2.0032211e-01
 -1.7615825e+00
  1.5344591e+00
 -4.4182387e-01
 -4.9080095e-01
 -1.9384594e-01
  1.2517091e+00
 -2.6835315e-02
  1.2596902e+00
 -9.2913818e-01
  4.6322542e-01
 -1.6591531e+00
  7.6145166e-01
  3.6054454e+00
 -2.0119853e+00
 -1.1089736e+00
 -9.7503483e-01
 -5.4361457e-01
 -9.3142086e-01
 -2.2406845e-01
 -2.4060334e-01
 -1.9733788e-01
  4.4235799e-02
 -4.4854112e-02
 -5.7231691e-02
  1.2092222e-03
  1.1091219e+00
 -1.2044849e+00
 -4.8204344e-02
  1.1437432e-02
  2.9263613e-01
  5.3031415e-01
 -1.3687192e-01
 -6.7318962e-03
  2.8276122e-01
 -4.5145262e-02
 -7.8053720e-02
  6.7371458e-02
 -1.1466943e+00
 -1.3862082e-01
  5.6306466e-02
  3.1282482e-01
 -1.5251422e+00
 -1.0319225e-02
 -1.9802731e+00
  2.8658864e-01
  5.3239715e-01
  5.9493154e-02
  4.6801575e-02
 -3.8973842e+00
  1.8268412e-01
  1.7186585e-01
 -3.6198936e-02
 -5.8117588e-03
 -2.9743826e-01
  1.3968593e-01
  1.2499919e+00
 -3.5756454e-01
 -1.2512687e-01
  3.5682970e-01
 -4.3600944e-01
 -1.0859100e+00
  5.6792397e-02
  5.6840193e-01
 -5.1798627e-02
  1.6757976e+00
 -2.2504225e-02
  1.3207464e-01
  1.3975182e+00
  4.2717919e+00
 -2.4958095e-02
 -4.5807132e-01
  6.2216703e-02
  4.6060541e-01
 -1.2570980e-01
 -3.5284922e+00
  4.3496400e-01
  3.4431789e-02
 -3.1989992e-02
  3.7149113e-01
  5.9305829e-01
  3.8828431e-03
  1.9853475e-02
  1.1992931e-01
 -2.1027416e-02
 -4.3228719e-01
 -2.8375497e-01
 -1.8690467e-01
 -2.3849206e+00
  4.0424795e+00
  7.4182972e-03
  4.5136026e-01
 -3.8299255e+00
 -1.3580406e-01
  4.3058154e-01
 -4.9729055e-01
  5.5169945e+00
  1.6504680e-01
  1.5468769e+00
  7.6220167e-01
  1.4508464e+00
  5.0421596e-01
 -2.6587212e-01
 -7.0485234e-01
 -1.1072882e-01
  4.8632509e-01
  2.8684232e-01
  2.4262409e+00
 -2.3639960e+00
 -1.5449344e+00
  5.8153224e-01
  2.8724241e-01
 -9.9866879e-01
  2.1303985e+00
  2.0235512e+00
 -1.3938285e+00
 -2.1793957e+00
  6.3662477e+00
  4.9706545e-01
  1.5747105e+00
  9.8577395e-02
 -3.4334861e-02
  1.9315677e+00
 -5.9737819e-01
 -1.4581537e+00
  2.3519994e-01
 -2.6432061e-01
 -1.1972969e+00
  8.4652573e-02
  4.8891509e-01
 -1.1068377e-01
  2.6241231e-01
 -1.9408462e+00
  1.9800271e-01
  4.3634534e+00
  5.5082822e-01
 -2.3150067e+00
 -2.0732787e-02
 -2.2569749e-01
 -3.3410186e-01
  2.3288153e-01
  1.9608124e-01
 -2.7032128e-01
  1.1582683e-01
  4.5663661e-01
  6.0516566e-02
  2.8434217e-01
  1.5471441e-02
  3.4152591e-01
  2.5329398e-02
 -6.1671767e-02
  2.8323364e-01
  3.5423714e-01
 -2.5570014e-01
  4.2706735e-02
 -1.7672099e+00
  2.8355268e-01
 -1.7566718e+00
 -5.7203585e-01
 -1.4475174e-01
 -4.1300458e-01
  1.6582140e-01
  1.1269077e-01
  5.0922204e-02
  4.2451894e-01
 -4.5748979e-01
  9.5203809e-02
 -2.2760984e-03
  1.7570132e-01
  1.7525394e+00
  1.4577365e-01
 -5.1261711e-01
  4.6297755e-02
 -8.8844448e-01
 -1.1405386e+00
 -1.6751273e-01
 -3.5493848e-01
  1.3449334e-01
  8.3840424e-01
 -2.4176121e+00
 -3.7453618e-02
 -6.5206409e-01
  1.0233684e-01
 -5.5620700e-01
 -2.4062523e-01
 -9.8927677e-02
  1.9192516e+00
  7.0244199e-01
  6.8701172e-01
 -1.4500904e-01
  2.9043719e-01
 -1.6628480e+00
 -1.1149386e-02
  1.7164811e-02
  1.2541628e-02
  6.2590027e-01
  4.6600550e-01
 -1.8780294e-01
  2.0227266e-02
  2.6558271e-01
 -4.9009876e+00
 -6.5339066e-02
 -2.9276419e-01
  6.6317981e-01
  1.2545786e+00
 -3.5379845e-01
  4.0710278e-02
  2.3261817e+00
  1.0190634e+00
  2.4028562e-01
  1.1071843e+00
 -1.6051345e-02
  2.8241704e+00
  4.2770529e+00
 -4.3959963e-01
 -2.1793485e-01
 -3.6539681e+00
  1.4826401e-01
 -1.1707129e+00
 -7.3553858e+00
  3.3138376e-01
  2.5528359e-01
 -2.7379532e+00
  1.1939587e-01
  1.7001955e-01
 -2.1793572e-02
  9.1118142e-02
 -2.0145407e-01
 -7.7109593e-01
 -7.2762646e-02
 -9.4137657e-01
  4.0457401e-01
  8.3745144e-02
 -1.0915603e-01
 -3.4788832e-01
  1.9324860e-02
  9.2656887e-01
  1.6078547e-01
 -1.5194899e+00
  4.3183798e-01
 -1.7358913e-01
 -2.6378933e-01
 -4.8338099e+00
  9.1451555e-01
  2.0622753e-02
  4.0874813e-02
 -1.9445345e-01
  1.4556327e-01
 -1.0814581e-03
 -1.5992524e-01
  8.5362983e-01
 -1.2886712e-01
 -2.4000214e-02
  2.9304954e-01
  1.5047489e+00
  8.0687392e-01
 -2.1572630e+00
  6.9457270e-02
 -6.2388811e-02
  1.5256755e-01
  9.3818498e-01
  2.0438263e+00
 -9.6962400e-02
 -9.0376526e-01
  1.1594462e-01
  4.4347683e-01
  4.5632106e-01
  5.9443694e-01
  5.5420510e-02
 -1.5908669e+00
  4.1899362e-01
 -1.5543415e-01
  1.2667833e-01
 -3.5899839e-01
 -1.8932045e+00
 -3.9169108e-03
  4.9967492e-01
 -2.6432192e-01
  4.8114214e-02
 -1.2332644e-01
 -9.6758080e-01
  4.5760846e-01
  8.5926309e-02
  2.6211992e-01
  2.6612206e+00
  2.1963164e-01
 -2.0013084e+00
 -8.8911790e-01
 -1.4725493e-01
 -9.2947310e-01
 -4.7103447e-01
  3.0585304e-01
  2.4904253e-01
  1.3203080e+00
  1.7538394e+00
  1.7840858e+00
  4.9627452e+00
 -3.0234545e-01
 -2.7985170e-01
  2.8133360e-01
  1.6796954e-01
 -7.2369152e-01
  2.8575179e-01
 -2.5913403e+00
  6.9525617e-01
  3.3040965e-01
 -2.0388539e-01
 -4.4165134e-01
  1.3899416e-01
  3.6778805e-01
 -1.3942675e-01
 -2.3885204e-03
 -3.5969093e-01
  1.2090345e-01
 -1.9914063e+00
  2.5986902e-02
 -7.7890620e-02
 -1.0946138e-01
  3.2046357e-01
  1.4541407e+00
  6.2893665e-01
 -4.1613583e-03
  3.0692005e-01
 -2.7240807e-02
  1.6428472e+00
 -4.7929391e-01
  2.0687079e-02
 -2.1005599e-01
 -5.0427634e-01
  2.2828077e-01
 -1.9585005e+00
 -1.1773582e-01
  2.7343804e-01
 -1.2967266e-01
  2.8098363e-01
 -3.2337865e-01
 -5.3197622e-01
 -8.3805639e-01
  1.8610066e-01
 -8.8479131e-02
 -4.3066722e-01
 -2.9563808e-01
 -7.0760483e-01
 -3.3797455e-01
 -9.9304593e-01
 -1.2731948e+00
 -3.3312290e+00
  1.6041820e+00
  1.0779383e-02
  4.4124672e-01
  3.4210637e-01
 -2.9784555e+00
 -2.6039416e-01
  2.4914311e-01
  1.1168585e-01
  3.2664791e-02
  2.9851702e-01
 -6.7628980e-01
 -8.6998239e-02
 -3.3606705e-01
  3.6140155e-02
 -4.8323087e-03
 -3.3468345e-01
 -2.6553860e+00
 -4.2235646e-01
 -3.0396678e-03
 -1.7089401e-01
  1.9834170e-02
 -1.8055751e+00
 -9.0347612e-01
  9.3535441e-01
  3.1553474e-01
 -3.9392073e-02
  1.0494778e-01
 -8.7112713e-01
  2.0728877e+00
 -2.3226205e-01
  1.3022517e-01
  6.1881322e-01
  1.3711113e-01
  8.7557870e-01
 -4.3401673e-01
  3.3518894e+00
 -1.2236369e-01
  2.5068781e-01
 -2.2819260e-01
 -6.9159549e-01
  1.9974884e-01
  3.8290036e-01
  2.7222511e-01
  1.7285480e-01
 -7.4905121e-01
 -3.8949692e+00
  1.5007793e+00
  1.5859464e+00
 -1.1689348e+00
 -1.5632645e+00
  4.1029316e-01
 -5.0995463e-01
  5.8683891e+00
  9.4916981e-01
  6.4814341e-01
  2.3694064e-02
  5.0567381e-02
  5.4648703e-01
  3.6817741e-02
  4.0511346e+00
  1.1356483e+00
 -3.8511086e-01
 -3.9904591e-01
 -1.2163520e-01
  3.3180985e+00
 -2.1787730e-01
  1.9450163e+00
  2.6353171e+00
  1.6000724e+00
 -9.7174376e-01
 -3.2879952e-01
  3.9380944e+00
  2.4804657e+00
 -2.8992822e+00
  5.8331323e-01
 -2.2494442e+00
 -2.5958018e+00
  4.3156824e+00
 -4.1908979e-01
  1.1878181e+00
  1.6418970e+00
  4.0964979e-01
  1.1224769e+00
  1.3672205e+00
  1.3787916e+00
  3.8351780e-01
 -7.4895316e-01
 -4.9562147e-01
 -1.5955380e+00
 -1.8020896e+00
  8.1370342e-01
 -6.1503363e-01
  1.1182171e-01
 -3.7013742e-01
 -3.4910280e-01
  3.7281730e+00
  1.9672149e+00
  4.3347184e-02
 -8.9537746e-01
 -2.1895902e+00
 -7.4407673e-01
 -4.8061743e+00
  6.0348511e-01
 -7.6452732e-01
 -3.8827159e-02
  8.2040524e-01
  1.3892990e-01
  1.7256171e-01
  9.9221510e-01
 -2.2976019e+00
 -4.2965789e+00
  2.5028319e+00
 -5.5344645e-02
  1.1031877e+00
  3.4823444e-02
 -7.7110257e+00
  3.2838324e-01
  1.7437745e+00
  6.7956489e-01
  3.4184783e+00
 -1.4675522e-01
 -7.4496344e-02
 -1.3368028e+00
 -2.5773892e-01
 -2.4404809e-01
  1.8707680e+00
  6.8197927e+00
  1.4070736e+00
  2.5859022e+00
  3.2826755e+00
  1.5456097e-01
 -1.0480249e+00
  1.0857668e+00
  4.8948404e-01
  1.6560799e-01
  7.9077661e-02
 -5.1823366e-01
 -6.4607334e-01
  1.6123378e-01
 -6.3673981e-02
  7.0609167e-02
 -1.9862430e-01
  1.7265465e-02
  3.2013276e-01
  6.1296004e-01
 -2.6567700e+00
 -9.6163434e-01
 -1.0515083e+00
 -7.7713484e-01
  1.5758498e+00
 -1.6093727e+00
 -2.2557468e+00
 -4.3084428e-02
 -1.4493772e+00
 -9.0553045e-02
  1.0926007e-01
 -3.6484063e-01
  8.9935929e-01
  3.1349915e-01
  6.0308378e-02
  1.8116324e-01
 -1.2392906e+00
  2.6389462e-01
  1.6651233e+00
  1.1513008e+00
 -5.0565161e-02
  2.4270616e+00
  1.0401493e-01
 -1.6945834e+00
  3.9782917e-01
 -1.3444232e+00
 -5.9070426e-01
  6.3655406e-01
 -1.9921687e+00
 -2.3518357e+00
  1.4078498e-01
  5.9578425e-01
  1.6813266e-01
 -4.4542640e-03
 -1.1279151e+00
 -2.0782989e-01
  1.8449011e+00
 -6.2732297e-01
 -2.1440225e-02
  8.6868353e-02
 -4.1700392e+00
 -6.5282685e-01
  1.5429072e+00
  1.6782729e-01
  2.5438622e-02
  1.3132635e+00
  5.9922880e-01
  2.5664783e+00
 -5.5334745e-03
  6.9203384e-02
 -5.2632183e-01
  4.7326377e-01
 -1.4419754e+00
  2.9632425e+00
  1.5737323e-01
  1.0867642e+00
 -1.9321253e+00
  4.4349870e-01
  1.6005826e-01
 -3.7927673e+00
  2.8529563e+00
  4.1953354e+00
  3.8397172e-01
 -1.1876389e+00
 -4.8003078e-01
 -4.2816415e-01
  3.6184528e-01
  3.0423412e+00
  1.3593749e+00
  1.0669677e-01
 -2.7915361e+00
  2.9246250e-01
  5.5174506e-01
  1.9519813e+00
 -3.0819094e+00
 -1.7477168e+00
  4.4773741e+00
 -1.9372211e+00
 -3.5708697e+00
 -3.1576797e-01
 -1.6985592e+00
 -1.9828225e+00
 -7.8677005e-01
  2.1026118e+00
 -1.2691127e+00
 -3.2438707e+00
 -8.0930717e-02
 -5.3869681e+00
 -3.0911088e-01
 -1.9363216e-01
  2.7977912e+00
 -2.2489157e+00
  2.7811906e-01
  1.1067603e-01
  8.3999538e-01
  5.8687484e-01
  2.6706812e-01
 -3.9450890e-01
 -8.5867810e-01
 -1.1786055e-03
  6.9926038e+00
 -9.2069358e-02
  1.0744403e-01
 -1.6849775e+00
 -1.6699995e-01
 -6.8474925e-01
  6.3055068e-02
  1.0031909e+00
  2.6620694e-02
 -2.4569759e+00
 -6.1551795e+00
 -3.5528469e-01
  2.5439739e+00
  4.1851096e+00
  2.2592039e+00
 -5.1969391e-01
 -9.7554541e-01
 -3.7334183e-01
 -4.2721900e-01
  5.3095353e-01
  1.4770720e+00
 -1.0056754e-01
  6.9866426e-02
 -3.4590966e-01
 -4.6167690e-01
  2.4289656e+00
 -2.6663818e+00
  4.4292204e-02
  1.4040607e+00
  1.5985522e-01
 -8.7661214e-02
 -1.1108392e-01
 -2.5744628e-02
  1.1246017e+00
  5.4038548e-01
 -3.5576758e+00
  2.5540736e+00
  2.7752319e-01
 -1.1200213e-01
 -8.6867273e-01
  4.8474970e+00
  4.3132204e-01
 -2.5840184e-01
  1.7028379e-01
 -8.8401628e-01
 -3.4091961e+00
  6.8357265e-01
  1.1572316e-01
  5.1714214e-03
  2.3136422e-01
 -2.6763553e-02
  3.4529904e-01
 -5.6056613e-01
 -7.1989036e-01
  1.2646927e+00
  4.4983134e-01
 -4.4062114e-01
 -1.0000820e+00
  2.1580821e-01
  4.0061131e+00
  1.9527128e-01
 -4.0394846e-01
 -4.4114068e-02
  2.6761091e+00
  4.3547902e-02
  1.0182942e-01
 -4.9486908e-01
  2.5443293e-02
 -4.1237343e-02
  2.0412087e+00
 -6.2307811e-01
  4.4289261e-01
 -1.0063467e+00
  4.3454337e-01
  1.0055253e-01
  9.1542417e-01
  6.2760286e+00
 -5.0022001e+00
 -1.8592234e+00
  3.9944074e-01
  3.7061489e-01
  1.7564101e+00
  6.1036062e-01
  1.5165086e+00
  2.0293581e+00
  9.6685964e-01
 -1.4557353e-01
 -4.3388364e-01
 -4.8268981e-02
  2.8687081e-01
 -4.3715014e+00
  2.0069623e-02
  1.6208006e-02
  6.4757454e-01
  3.3490255e-01
 -3.4040163e+00
  5.8784062e-01
 -2.3585253e+00
 -1.4533068e-01
 -4.3169278e-01
  1.3256639e-01
  1.7504236e-01
 -7.7530354e-02
  6.8056494e-02
  5.6179488e-01
  2.2532585e+00
  6.5178704e-01
  2.7076144e+00
  1.4714924e+00
 -4.6040220e+00
  7.2144121e-01
  5.4230416e-01
 -7.7544084e+00
 -1.8274128e-01
  8.0945385e-01
  1.4711202e+00
  1.1996541e+00
  1.3746747e-01
 -1.5328178e+00
  2.0773733e+00
 -9.6251965e-01
  1.3279697e+00
  7.6778537e-01
 -1.9958860e+00
 -7.1469361e-01
  2.0844164e+00
 -3.2057545e+00
 -5.7942420e-01
 -2.0347123e-01
 -1.6670843e+00
 -2.4118819e+00
  9.7375298e-01
  9.1866627e-02
 -2.5291438e+00
 -3.5292146e-01
 -3.2225680e-01
 -4.6043839e+00
 -6.8164794e-03
  9.6076864e-01
 -1.7424447e-02
 -2.3859613e+00
 -7.8990990e-01
 -1.3784080e+00
 -7.1817738e-01
 -9.8644441e-01
 -6.6443145e-01
  2.9680679e-02
  2.7589092e-01
  3.3651927e-01
 -2.4944495e-01
 -2.0189418e-01
  4.2139653e-02
 -3.7144935e-01
  6.7499310e-02
 -6.5257591e-03
  1.6531302e-01
  5.0930171e+00
 -1.2182172e-01
  2.2770205e+00
  3.3828726e-01
  3.3160222e+00
  1.3766942e+00
  6.5397732e-02
 -8.3558351e-01
  9.5471099e-02
  8.8807666e-01
 -1.1473946e-01
  8.2774454e-01
 -2.8059360e-01
 -6.5167084e-02
  2.6585218e-01
 -2.4986942e+00
  9.8301899e-01
  1.5953295e+00
  2.0988449e-01
 -5.8285069e-01
  2.7768454e-01
  4.7560892e-01
  5.3441256e-01
 -1.1141855e-01
  2.0686235e+00
 -8.2452559e-01
  2.6814482e-01
 -1.0767206e+00
 -3.8929066e-01
 -2.4527638e+00
 -1.7062254e-01
 -2.0229094e-01
  3.7140150e+00
  2.7755514e-01
 -2.3020132e-01
  2.8432908e+00
  2.7986951e-03
 -3.1268389e+00
 -1.8284140e+00
 -5.5274105e+00
 -2.9013643e+00
 -4.3858266e+00
  1.7287752e-02
 -7.4420273e-02
 -2.0076166e-01
  6.4608936e+00
 -1.5584370e-01
 -2.5824797e-01
  1.2476444e+00
  4.6780446e-01
  2.7768910e-01
 -3.3738914e-01
 -1.8192720e-01
  5.7015080e-02
 -3.1222486e-01
  2.9361277e+00
  1.4828412e-01
  7.9882272e-02
  6.7195433e-01
 -5.1218951e-01
  1.5861431e-01
  2.7043107e-01
  5.4805595e-01
  7.8354180e-01
 -1.7098373e-01
  2.5117335e+00
 -2.3058854e-02
 -3.1675668e+00
  8.0899268e-01
  9.2383116e-01
  1.0691492e-03
  4.8607373e-01
 -8.1486720e-01
 -3.4287393e-01
  3.3778515e-01
  2.4497733e-01
  2.7914437e-02
  2.4279766e-01
 -8.0228275e-01
 -7.2104216e-01
  3.9820462e-01
  2.2121631e-01
  6.3930745e-03
  2.3138204e-01
 -1.7980478e+00
  1.2282003e-01
 -1.1118633e-01
 -2.7216911e-01
 -2.7329144e-01
 -2.2507081e+00
  1.0090898e-01
  5.3053129e-01
  2.0555830e-01
 -6.7996509e-05
 -7.4237756e-02
 -1.1448199e-01
 -3.1527609e-02
 -5.4934969e+00
 -6.4255610e-02
 -2.6936039e-01
  1.5500548e-01
 -1.2393495e+00
 -8.0898696e-01
  2.7017295e-01
 -7.9068623e-02
 -3.1841356e-01
  7.9333134e-02
  2.3374406e-01
 -5.3043030e-02
  9.9071681e-01
  2.0830832e-01
  3.4687993e-01
 -3.5510812e-02
 -5.6628623e+00
 -8.8357723e-01
  2.9616272e-01
 -2.2778535e-01
 -5.9567943e-02
 -2.7380881e-01
  1.7416099e+00
  2.9855959e+00
  3.5645401e-01
  4.0107927e-01
 -5.5402308e+00
  2.4895263e-01
 -1.3579691e-03
  3.7775838e-01
 -1.4777069e+00
  1.5793394e+00
 -2.5540671e+00
  9.0256140e-02
  1.9960409e-01
  4.7683414e-02
  6.9377206e-02
 -6.7712024e-02
  1.4054893e-01
  1.1366182e-01
 -3.2213719e+00
 -4.0217447e-01
  6.3741416e-02
 -3.7449675e+00
 -9.1428936e-02
  8.4343232e-02
  1.0329244e+00
 -1.8199795e-01
  3.8055170e-01
 -5.8055389e-01
  2.8374000e+00
  1.1962352e-01
  3.9771938e-01
  3.0814266e-01
  5.8689758e-02
 -2.2722042e-01
 -9.1376245e-01
  1.6455616e-01
  6.1906236e-01
 -2.3658028e-01
  2.4353959e-01
  3.7761861e-01
 -2.6347470e-01
 -2.1283288e+00
  5.3132164e-01
  2.8257740e-01
 -5.5651948e-02
  4.4105509e-01
 -3.4110208e+00
 -3.9091402e-01
 -2.2139516e-02
 -1.6993098e-01
 -8.2837334e-03
 -1.4262402e+00
 -2.1851104e-01
 -1.2365466e-01
 -1.4008483e-01
  1.1029057e-01
 -7.9751116e-01
 -2.2407575e-01
  2.6877611e+00
 -4.0425722e-02
 -5.1774704e-01
 -2.6904103e-01
  1.4809961e+00
 -1.9930550e+00
 -2.0141223e-02
 -8.7108351e-02
  1.2089758e+00
 -3.2962304e-01
 -2.0541127e+00
  9.5597155e-02
  5.1012151e-02
  2.5784369e+00
 -1.8265378e-01
 -3.7435509e-02
 -3.8344679e-05
 -5.9343058e-01
 -2.9892579e-02
 -6.3581198e-01
 -1.4143361e-01
  2.9438797e-01
  3.4683984e-02
 -8.8734187e-02
  6.7517334e-01
 -2.4777143e-01
  1.1465905e+00
  1.4130056e-01
  8.7876588e-01
 -7.8013873e-01
 -9.4888216e-01
 -2.5337906e+00
 -1.5707980e+00
 -7.8110111e-01
  1.2653115e+00
 -3.7774660e-02
 -1.6369401e-01
 -8.3875275e+00
  2.6911309e-01
 -4.0511221e-01
 -7.3656762e-01
 -9.7818410e-01
 -1.2177060e+00
  1.1554768e+00
 -1.1094766e+00
  7.3880774e-01
  3.8417196e-01
 -4.1103292e+00
  3.9472386e-01
  1.4685881e-01
 -1.0320481e+00
 -3.3822463e+00
  7.2457373e-01
  1.8683015e+00
 -4.8430767e+00
  1.2502299e-01
 -1.0656016e-01
 -8.3800572e-01
 -5.0336614e+00
  1.1346796e+00
  1.2627063e+00
  1.6538149e+00
 -7.1196747e-01
 -4.3240142e+00
  3.7142418e-02
  1.7932287e+00
  3.3133718e-01
  3.2759908e-01
 -2.5300544e-02
  2.0083512e-01
  4.7822109e-01
  2.9504341e-01
 -4.9454608e+00
 -2.9672918e-01
 -6.6218846e-02
 -5.2577392e-03
 -7.3153608e-02
  4.5834234e-01
  7.3563540e-01
  3.0504503e+00
 -4.6908727e+00
  3.5134953e-01
 -9.4604087e-01
 -5.3015137e-01
 -2.2528470e+00
 -2.0900283e+00
 -6.1004560e-02
 -3.9470813e+00
  1.4506355e-01
 -4.3333672e-02
 -1.8234149e-02
  1.2660946e-01
 -2.4173777e+00
  4.4634352e+00
 -4.1868722e-01
  8.5152227e-01
 -2.8047394e-02
  1.6059577e-01
  6.0294002e-01
 -7.2025642e-02
 -3.5949564e-01
 -3.7112850e-01
  8.0799985e-01
  3.5260999e-01
  1.7432894e+00
 -5.2141581e-02
  3.1077641e-01
 -6.0771966e-01
 -2.0187627e-01
  3.9774585e-01
  7.8884053e-01
 -3.1424817e-02
 -1.9832069e-01
 -4.4729772e-01
 -4.1607955e-01
 -5.1567769e-01
  2.1271537e-01
 -5.7756536e-02
 -3.8760591e-02
  3.4468532e-01
  7.4702598e-02
 -5.3601956e-01
  8.7856710e-01
  4.6115473e-01
  1.3569956e-01
  6.9876373e-02
  4.2099304e-02
 -7.1381879e-01
 -2.2093195e-01
  9.6068382e-01
  3.6435244e+00
  4.9825999e-01
 -1.1627570e+00
 -4.2153785e-01
 -1.0222762e+00
  1.9645793e+00
  3.0994029e+00
 -3.0000851e+00
 -1.9927067e-01
  8.9962345e-01
 -1.3827127e+00
  1.5692826e-01
 -4.5382585e-03
 -7.7229565e-01
 -3.9389617e+00
  4.0466782e-01
  1.9473158e+00
  1.8059704e+00
  1.6750548e+00
  1.6712844e+00
  2.7350098e-01
 -6.0859996e-01
  1.7410738e+00
  1.4578886e+00
 -5.5583782e+00
 -2.5037041e-01
 -4.4746998e-01
  4.6760273e+00
  5.4056722e-01
 -1.7246324e+00
  5.9866543e+00
 -2.0078228e+00
  1.1820955e+00
  1.4957691e+00
  4.8172226e+00
  1.8005996e+00
  5.6114267e-03
  2.9907014e+00
  3.8131279e-01
 -3.1306102e+00
 -5.5671108e-01
 -3.3862820e-01
  1.1686748e-01
 -1.6063871e+00
  5.6584347e-02
  6.6837773e-02
  4.2821342e-01
  6.3781524e-01
  7.6928571e-02
  1.0919164e+00
  1.5671515e-01
 -3.6814418e-02
 -1.0368536e-01
  4.3850641e+00
  4.7959241e-01
  1.6123966e+00
  7.4808216e-01
 -1.6875829e-01
 -1.5725218e-01
 -2.1050270e+00
  8.0813634e-01
  9.8526943e-03
 -3.6855668e-01
 -5.8786064e-02
 -2.9691300e-01
 -1.2394197e-01
 -1.0284233e+00
  2.8445977e-01
 -1.2919152e-01
 -5.5358213e-01
 -9.2762643e-01
  2.5645354e+00
  4.9416295e-01
  5.8092780e-02
 -1.7152090e-01
 -1.7562792e+00
  2.8897253e-01
  1.2436605e-01
 -4.1960397e-01
 -2.8181925e-01
 -5.5110580e-01
 -4.8006205e-03
 -5.1111348e-02
  1.6123730e+00
 -8.8632770e-02
  2.7777573e-01
 -1.2765688e-01
  1.5870163e-01
  2.4490752e+00
  2.2064984e-01
 -3.8152938e+00
  9.6039347e-02
 -1.3976036e-01
 -1.9322900e-01
 -5.3530473e-01
 -1.3879770e-01
  1.6831051e-01
  1.1801196e-01
  7.5460738e-01
 -8.4770784e-02
  5.1034063e-01
  2.5832377e-02
  2.4668412e-02
  2.7467244e+00
  3.1125324e+00
 -2.1165047e+00
  6.6678300e+00
  1.8582247e-01
  1.8171475e+00
  5.6549501e-01
  7.7925369e-02
 -2.8724360e-01
  4.6311820e-01
 -5.0690913e-01
  6.6853333e-01
 -1.0128483e-01
  1.9319780e-01
 -1.1576670e-02
 -5.6374472e-01
  5.4667488e-02
 -2.5961009e-01
 -5.1935667e-01
  8.2076462e-03
  1.2777278e+00
 -8.6068594e-01
 -8.8266093e-01
  1.2329955e-02
  4.8178144e-02
 -9.2616433e-01
  1.5769948e+00
 -1.6433404e-01
  1.1345135e-01
  4.7426838e-01
 -3.6664286e-01
  2.3621413e-01
  2.8518286e-01
  2.5941927e+00
 -1.9293981e+00
  3.2256442e-01
  7.0701575e-01
 -5.1617688e-01
 -1.2423287e-01
 -1.6446266e+00
  3.9556229e-01
  9.9865824e-01
  1.4515489e+00
  4.9888059e-03
  2.4749219e+00
  4.8861700e-01
 -5.6406814e-01
  5.3936940e-01
  2.5790167e-01
  3.2721293e-01
 -1.1907092e-01
  1.3353765e+00
  1.6198684e+00
 -4.6129592e-02
  2.6608750e-01
 -3.9732185e-01
  5.8870681e-02
  6.4638980e-02
 -1.3314104e-01
 -2.3999569e-01
 -4.6614215e-01
 -3.0160191e+00
  2.1459834e-01
 -1.0400748e+00
  2.6253092e-01
  3.8633469e-02
 -8.3263136e-02
 -1.0033813e+00
  3.3002049e-01
 -1.1287497e+00
 -1.6791354e-01
  1.3750237e+00
 -7.9682744e-01
 -1.2615411e-01
  4.5333526e-01
 -1.0370286e+00
  1.2501867e+00
  1.0529893e-01
  6.9610852e-01
 -4.8621601e-01
  2.2636886e+00
  2.6167288e-01
  1.7323058e-02
 -1.6591763e-02
  6.3300520e-02
 -5.0313127e-01
 -2.4456833e-01
 -1.0994861e-01
 -1.2232974e-01
 -1.0119055e-01
 -2.1491168e-01
 -1.2185417e-01
  3.2436714e-01
  2.1455581e-01
 -3.2495603e-02
 -5.1777911e-01
  1.2818168e-01
  2.0415819e-01
 -1.2614270e-01
  3.3084862e+00
  2.0743804e+00
 -4.0123206e-01
 -3.2253975e-01
  7.1536007e+00
 -1.4330519e+00
 -2.3596287e-02
 -2.4002366e+00
 -1.3782408e+00
  1.3974890e+00
  3.0007269e+00
  4.4739328e-02
 -2.3951888e-01
  6.7080307e-01
 -9.3525207e-01
  1.9333060e-01
  1.8470255e+00
 -3.0503359e+00
  5.8479009e+00
 -7.4489045e-01
 -4.1627503e-04
 -9.3918663e-01
  3.6061206e-01
  5.6282477e+00
  3.4547429e+00
 -2.0410817e+00
 -2.0016010e+00
 -2.0126510e+00
  1.4883846e+00
  2.9327783e-01
 -1.5186696e+00
 -3.6221077e+00
  2.3396370e+00
 -2.3412046e+00
 -2.0239219e-01
 -2.0165780e-01
  2.3005388e+00
  1.9892676e-01
  1.5782392e-01
  2.2694182e-01
 -2.4652664e-01
 -2.4666387e-01
 -3.0055040e-01
  2.7604890e-01
  6.2807441e-01
  6.8916194e-02
  4.6317473e-01
  1.5411511e-01
  8.9677274e-03
 -2.9127705e-01
 -1.6100440e+00
 -1.6275407e-01
  3.3398483e-02
  3.7970021e-01
  6.9901282e-01
 -1.5147573e+00
  1.0035936e+00
  1.5799653e-02
  8.2407480e-01
 -1.4563472e+00
 -3.0941186e+00
 -2.1555054e-01
  3.8708306e-03
 -1.0637548e-02
 -1.0310794e-01
 -4.7238642e-01
  1.8402644e-01
  2.5683349e-01
 -4.1059725e-02
  2.0404902e-01
  1.6467751e+00
 -1.6455407e+00
 -7.4760534e-02
 -1.5663487e-01
  2.2220304e+00
 -1.4131325e+00
 -6.4394116e-02
  6.4062101e-01
  5.7278585e-01
  1.9092730e-01
  5.9561712e-01
  3.3878148e+00
  8.3972418e-01
  4.9643156e-01
 -3.4375060e-01
 -3.3920676e-01
 -6.7787933e-01
  2.1314031e-01
  2.6306185e-01
 -1.2616503e+00
 -1.3039515e+00
 -4.6976188e-01
  3.2696342e-01
 -8.9990252e-01
  9.7390282e-01
 -1.7781729e+00
  2.4180937e-01
 -3.5970118e-02
  4.3091945e-02
  5.2406326e-02
  3.5869077e-01
  1.5914337e-01
  1.8954322e-01
  1.3533148e+00
  1.8277335e+00
  1.7689753e+00
 -6.3036495e-01
 -3.0765024e-01
  2.7940059e+00
 -5.9897465e-01
  9.1519696e-01
 -2.0937068e+00
 -1.2531165e+00
  3.4237056e+00
 -1.0114821e+00
 -3.2756109e-02
  5.9560642e-02
 -3.3693623e-02
  1.9884180e+00
  8.9335907e-01
 -4.0956383e+00
  4.6064463e+00
  1.2041520e-03
  5.2536168e+00
 -3.7487235e+00
  4.3691554e+00
  2.6639745e+00
  1.9221845e+00
  2.1767519e+00
 -3.2326597e-01
  3.7549939e+00
 -8.2580173e-01
  1.5428534e+00
  1.8946067e+00
 -2.3508439e+00
  6.3837457e-01
 -1.1579065e-01
  3.5479269e+00
  3.3487177e+00
  1.6719209e+00
  1.0137980e+00
  2.6185179e-01
 -1.0700938e-01
  7.9902835e-02
  3.5647887e-01
  8.1733041e-02
  1.6180672e-01
  8.9362815e-02
 -3.8663948e-01
  2.8376064e-01
  2.4372320e-01
  1.3091236e+00
 -5.5041379e-01
 -1.1209426e-01
  6.2229699e-01
  9.8883986e-01
  5.5919337e-01
 -5.8548603e-02
 -4.3443899e+00
  3.2814780e-01
 -4.4654493e+00
  2.5150473e+00
  1.5624706e-01
 -1.9236796e+00
 -1.9777813e+00
 -3.1968246e+00
  1.5071784e-02
  9.2291152e-01
  2.2546515e+00
  1.1388452e-01
 -3.2574558e+00
 -6.0062957e-01
 -7.6810181e-01
 -2.1632174e-02
 -5.1340904e-02
  1.2581159e-01
  2.5411546e-01
 -6.9148862e-01
 -1.2810992e+00
 -9.9886566e-02
  2.8092908e-02
 -8.3817691e-01
 -4.6890206e+00
  1.7775010e-01
 -6.6133595e-01
 -1.2573063e+00
 -8.3824962e-02
  5.4229382e-02
 -9.8645650e-03
 -4.4438398e-01
 -2.1258208e-01
  1.8950018e-01
 -5.8411591e-02
 -6.6040760e-01
 -1.0224098e-02
 -2.7465600e-01
 -1.1623005e-01
  5.6148183e-01
  2.0372804e-01
 -2.1481426e-01
 -2.3419902e-01
 -3.7577409e-02
  1.4478070e-01
 -2.3971961e-01
 -2.6910117e-01
 -8.4738624e-01
  2.4110165e+00
  2.2431388e-02
 -3.3321261e+00
 -3.7041135e+00
  5.8787308e+00
 -2.9808433e+00
  7.5267458e-01
  2.5781343e+00
  1.8423800e+00
 -5.1916069e-01
 -1.1955236e+00
  3.3718798e-01
  1.1723156e-01
  1.0950748e+00
 -2.0147464e+00
 -2.2459826e+00
 -4.1843419e+00
 -6.5889847e-01
 -6.3643008e-01
  5.8942968e-01
 -3.9842954e+00
  2.6365428e+00
 -2.7435679e+00
 -2.5554638e+00
 -3.2468352e+00
 -2.0646416e-01
 -1.6859982e+00
 -3.7401359e+00
 -2.1781738e+00
  6.2013322e-01
  1.3969604e+00
 -2.4628630e+00
 -2.1656199e+00
 -2.2268736e-01
 -3.9605677e-01
  1.2509742e+00
  4.8544022e-01
 -1.0915927e+00
  3.5526928e-01
  3.9979901e+00
 -1.4792988e-01
  2.5075051e-01
 -1.1432610e-01
 -1.0581817e-01
 -6.7417428e-02
 -8.5087460e-01
  1.0836075e-01
  5.6712128e-02
  8.7700880e-01
 -5.1651020e+00
 -9.5839901e+00
 -1.7485024e+00
 -2.4353921e+00
 -4.2903233e+00
  7.5813437e+00
  2.6015943e-01
  7.5549316e-01
 -1.9124623e-01
 -2.5576273e-01
  2.7738020e+00
  3.1564913e+00
 -2.5910716e+00
 -8.0617869e-01
  1.8124905e+00
 -1.1507239e-01
  4.4735527e-01
  2.2885430e+00
  1.8620460e+00
  5.7379615e-01
  2.6085455e+00
 -3.2608457e+00
  3.7430227e+00
  4.4356408e+00
  3.7786499e-01
 -7.3361766e-01
  4.1073704e+00
  1.7954375e+00
 -6.2949526e-01
 -3.9987803e+00
  4.2574424e-01
  4.4379702e+00
  8.2205576e-01
 -3.3221540e-01
  2.6130407e+00
 -4.2734078e-01
 -1.8386210e+00
 -2.9298919e-01
 -7.0187859e-02
 -9.2840296e-01
  3.1135460e-02
 -3.5262340e-01
 -1.7300150e+00
  4.6788913e-01
 -3.5934135e-01
 -3.5831761e-01
  7.8020573e-01
 -4.1473618e+00
  4.0431526e-02
 -2.1622340e-01
  6.2050242e+00
 -4.2573047e+00
  2.2785909e+00
 -3.4481037e-02
  2.6162615e+00
 -1.7816955e+00
 -2.8780568e+00
  1.8425311e+00
 -3.4481053e+00
 -8.4980375e-01
 -4.8004289e+00
  1.7545724e-01
  7.5534630e-01
 -1.0126893e-01
 -1.1790355e-01
  1.4737136e+00
  3.7540746e-01
  2.2183070e+00
 -2.4193718e+00
 -1.4155046e+00
  1.2470065e+00
 -4.2217883e-01
  1.4451823e+00
  4.7881207e+00
  1.8834252e+00
 -1.9875377e+00
  5.5757347e-03
 -3.2654638e+00
  3.6284578e-01
 -1.3243051e-01
 -2.7556105e+00
  1.0121292e+00
 -3.3831695e-01
 -6.2114334e-01
 -3.1107786e+00
  1.2235583e+00
  4.7084785e-01
  5.9522718e-01
  2.8536220e+00
 -7.0293283e-01
 -8.0456585e-01
 -1.6714343e-01
  9.8464817e-02
  1.2875111e-01
  3.8111338e-01
 -2.8152475e-01
 -2.4515865e+00
 -1.2501720e-01
 -3.5972807e-01
 -2.2722527e-01
  5.4796815e-01
 -6.9712885e-02
 -1.8162681e+00
 -2.2324026e+00
 -1.9862598e+00
 -6.8981640e-02
  1.9772534e+00
  4.4924667e-01
 -2.0169880e+00
 -1.7682830e+00
  1.3743566e+00
  4.8170030e-02
  1.0836385e+00
  2.5609764e-01
  2.0326171e+00
  2.8853089e-01
 -1.5972264e-01
  1.4703360e+00
  6.3060862e-01
 -3.0837886e+00
  1.7893057e+00
 -9.7824492e-02
  7.0377374e-01
  3.6233038e-01
  3.7583447e-01
 -3.9864304e+00
 -2.0861803e-01
  5.8010571e-02
  6.9091386e-01
  5.0432366e-01
  6.5963209e-01
  3.4156557e-02
  4.2937770e+00
  1.4926893e+00
  2.7443395e+00
  4.2542214e+00
 -8.3253503e-01
  3.5592365e+00
  2.8868002e-01
  6.5941024e-01
 -3.9958432e-01
 -1.1587564e+00
 -3.6542407e-01
  7.4969661e-01
 -1.2454889e-01
  4.4846067e-01
 -5.0407463e-01
 -1.6763191e-01
  3.5584316e+00
 -3.4060490e-01
 -4.4461271e-01
 -1.2169403e-01
 -1.1837882e+00
  2.4530470e-01
  1.1706153e+00
 -6.1479861e-01
  1.3682978e-01
 -9.9464345e-01
  6.1548984e-01
  1.6124819e-01
  1.5786661e-02
  8.3281964e-01
  2.1686301e-01
  1.0191998e-01
  3.8570854e-01
  4.3732899e-01
 -4.7459822e-02
 -4.0553600e-02
  1.6242994e-01
  6.2851471e-01
 -7.4839747e-01
 -2.1478787e-02
 -4.4375923e-01
  6.0897265e-02
 -5.3230792e-01
  1.0488327e+00
  9.6450537e-01
 -2.2911036e+00
  8.4222245e-01
 -1.6483577e-01
 -3.9076394e-01
 -8.0019951e-01
  2.2326286e+00
  2.7480322e-01
 -6.3564003e-02
 -6.6294231e-02
  1.2938962e+00
  5.8728568e-02
  2.3000890e-01
  4.4105071e-01
 -3.7087813e-02
 -2.5255340e-01
  2.0866922e-01
 -5.9491003e-01
  2.1607101e-01
 -3.6537573e-01
 -6.2711203e-01
 -4.9429007e-02
 -5.4758394e-01
  7.5474784e-02
  1.6355172e-01
 -2.9097924e-01
 -2.1353076e-01
 -6.8127222e-02
  1.6233473e+00
 -4.4052300e+00
 -4.2509705e-02
 -5.0511372e-01
  1.1844862e-01
  4.1979699e+00
 -1.4996822e+00
  1.3141522e+00
  3.5131148e-01
 -9.7231495e-01
 -7.4573827e-01
 -1.6851345e+00
  2.0409779e-01
  1.1729535e-01
 -7.0637351e-01
  4.0734422e-01
 -4.6250401e+00
  5.6309432e-01
  4.1989867e-02
  3.8048044e-01
 -1.2747242e+00
 -7.2579518e-02
 -3.0958798e+00
 -2.0163970e+00
 -1.7446469e+00
 -6.7876261e-01
  4.3818599e-01
  1.1182472e+00
  8.6781108e-01
  7.9393625e-01
 -6.9615960e-01
 -5.4329395e-01
 -1.1162140e+00
 -6.0293812e-01
 -1.5322167e+00
 -2.2199327e-01
 -1.4320906e-01
 -2.8866407e-01
 -2.4963969e-01
  8.7990686e-02
 -1.8273836e-01
 -1.8895078e-01
 -7.3144868e-02
  5.0874984e-01
  5.1696122e-02
  1.0795537e-01
 -3.7560627e-01
  2.1659243e-01
 -1.8538943e-01
  1.9207911e-01
 -9.5324194e-01
  3.4297031e-01
 -4.6215904e-01
 -1.1013922e-01
  1.7130949e-01
  1.8393254e-01
  4.7977507e-01
  4.5106117e-02
 -1.6596551e-01
  3.4423137e-01
  2.7438176e-01
 -9.2102222e-02
 -2.6562735e-01
  9.6113527e-01
 -3.2977019e-02
 -7.6644540e-02
 -1.8768165e-01
 -1.0997152e-01
 -3.2947838e-01
  7.7716909e-02
  5.1976070e-02
  2.3732418e-01
  9.0795976e-01
  1.1151645e-01
  1.5102071e+00
 -1.9183573e-01
  3.8634241e+00
  1.8465696e-01
  1.8917443e-01
  1.7847522e-01
  2.4993125e-01
  5.4475939e-01
  4.3076434e+00
  2.9821271e-01
  3.5230982e-01
  1.1701617e-01
 -1.4978446e-01
 -1.3936031e-01
  3.0309805e-01
 -8.3600692e-02
 -8.6582057e-02
 -3.2432732e-01
 -2.4055311e-01
  5.3334519e-02
 -1.1076211e-02
  1.4952578e-01
 -1.0961813e+00
 -2.5892082e-01
 -8.2841736e-01
 -1.2474110e-01
 -2.5215548e-01
 -4.0144429e-02
  3.6292948e-02
 -2.4865302e-01
  4.8384464e-01
  2.9281486e-02
  2.3023720e+00
 -2.2085390e+00
 -7.0352888e-01
 -8.7969762e-01
 -1.6924697e+00
  1.2775489e+00
 -4.5640573e-01
 -3.5882896e-01
 -6.5487361e-01
  1.2326439e-01
  7.3580670e-01
 -1.4823865e+00
  2.3221993e-01
 -1.1504601e-01
  2.6033731e+00
 -2.5853172e-01
 -1.0009983e+00
  5.4681907e+00
  5.9121466e+00
  1.4343423e-01
  4.2199321e+00
  4.1218176e+00
 -7.9233408e-01
 -6.6127974e-01
 -1.2290373e+00
  2.7033606e-01
 -2.2726377e-02
 -6.4955459e+00
  1.1244164e+00
  6.7543253e-02
  4.6276045e-01
  3.1324816e+00
 -3.8011307e-01
  2.5706527e+00
 -3.1336120e-01
  1.9256113e-03
 -8.7493950e-01
  3.4031734e-01
 -9.8092729e-01
 -3.2218120e-01
 -1.8269299e-01
  3.4170046e+00
  1.8811153e-01
  1.5841992e-01
 -3.7757614e-01
 -1.5133776e-01
 -2.9984438e-01
  3.4929436e-01
  4.2653002e-02
 -8.1188031e-02
 -6.0468835e-01
 -1.4642750e-01
  3.0627802e-01
 -8.8620555e-01
 -1.2832615e+00
 -1.4969367e+00
  6.8034899e-01
 -2.8274599e-01
 -1.3067657e-01
 -6.7640054e-01
  2.3817396e-01
 -1.3128725e-01
 -7.4274373e-01
 -1.4075173e+00
 -6.7022377e-01
  1.2427478e-01
 -5.1527277e-02
  3.2630563e+00
  4.7925677e-02
 -4.0226641e+00
 -7.6020378e-01
 -6.8753786e-02
  1.3914924e+00
  1.5577923e+00
 -3.4182906e-01
 -1.4453059e+00
  5.3960823e-02
  3.6019050e-02
 -2.9337436e-01
  9.4997579e-01
  6.2828749e-02
  2.3531497e+00
 -1.0221788e+00
 -1.5102558e-01
  4.1855564e+00
 -2.5970402e-01
 -6.4629340e-01
  4.5062235e-01
 -8.7592077e-01
 -4.0623492e-01
  4.5855850e-02
  1.2066872e+00
 -1.3487342e-01
 -1.5104561e+00
  1.2242060e+00
 -5.1490277e-01
 -6.0764068e-01
  2.3662750e-01
  1.1098405e+00
 -3.0616264e+00
 -1.5270189e+00
  1.5696130e+00
 -3.0152280e+00
 -1.0042446e+00
 -4.4650455e+00
  1.1763411e+00
  9.0270209e-01
  9.3316704e-01
  3.2289922e+00
  2.0814345e+00
  4.1744456e+00
  7.8299570e-01
  2.2599787e-01
  3.7077813e+00
  1.2290518e+00
 -2.1829269e+00
 -1.4307064e-01
  1.7930676e-01
  1.0796574e-01
  1.8631374e+00
  5.5220222e+00
 -1.8641622e+00
  4.1286068e+00
  3.8507876e+00
  6.1036921e+00
  3.3812909e+00
  1.0123445e+00
 -2.6672494e-01
  6.3530517e-01
  1.5901700e+00
  6.5344596e+00
  5.9223962e+00
  1.8146052e+00
  5.8514075e+00
  2.5709823e-01
  8.9451194e-01
  7.3085949e-02
 -5.8103621e-01
 -1.3022056e-02
 -4.0425998e-01
  1.8912284e-01
  2.5270438e-02
  4.7976017e-01
  1.0345385e-01
 -8.2789224e-01
 -3.9213872e-01
 -2.9715511e-01
 -3.4112439e-01
  2.3510270e-01
  7.3705399e-01
  3.9052954e-01
  1.0607017e+00
 -1.0033829e+00
  2.7846999e+00
 -1.0459142e+00
  8.1239000e-02
 -2.1992857e-02
  2.0083021e-01
  2.5550172e-01
 -8.3745159e-03
 -3.0625018e-01
  5.2261674e-01
  7.5408190e-02
  5.6972325e-01
  2.3875153e-01
  5.1664537e-01
  8.7399200e-02
 -3.0407369e-01
 -7.0034727e-02
 -2.9923728e-01
 -3.5643816e-01
  9.5186215e-03
  1.8040097e-01
  2.0323610e-01
  4.4625431e-01
 -8.2640924e-02
  6.9196641e-01
 -3.0285311e-01
 -2.4075603e-01
  4.7537681e-01
  3.5865746e-02
 -2.4351065e+00
  1.8500917e-01
  1.0175805e+00
 -5.4187799e-01
 -2.7068135e-01
  9.4410807e-02
  7.7049434e-01
 -6.0139817e-01
  7.7672476e-01
  5.8025505e-02
  2.2196251e-01
 -9.7663440e-02
  8.7378278e-02
  1.1359416e+00
 -5.9359610e-01
  2.7294838e-01
 -2.2252278e+00
 -4.2060757e-01
 -4.8345537e+00
 -7.2308838e-01
  1.5010379e-01
  6.4682508e-01
 -1.5485075e+00
 -1.6781314e-01
 -4.9324897e-03
 -1.5684336e-01
 -2.4156144e-01
  9.1524380e-01
 -3.0144414e-01
  1.9859077e-01
 -1.2180454e-01
  1.3791625e-01
 -1.7318286e-01
 -2.2498088e+00
  3.8447323e-01
  6.0337174e-01
 -9.0172030e-02
  2.0283729e-01
  9.3854558e-01
 -7.4849069e-02
 -7.0016170e-01
  4.7257659e-01
 -1.2071899e-01
  3.5164273e-01
  6.1728454e-01
  4.9748719e-01
  1.2289841e+00
  1.8141542e-01
 -5.2694482e-01
 -1.5387730e-03
 -3.1316549e-01
  9.1257483e-01
 -1.0184846e-01
 -2.0333044e-01
  2.8146991e-01
 -2.5473240e-01
  3.7976861e-01
  2.4087629e-01
  8.1540930e-01
  1.3885009e-01
 -1.9928160e-01
 -1.3948478e+00
  8.4587801e-01
 -4.5075461e-01
  1.0073540e-01
 -3.8535368e-02
  2.7010459e-01
 -4.4826072e-02
  4.3294424e-01
 -1.0483739e-01
  3.7327666e+00
  4.1214666e+00
  1.4402874e+00
  2.4309516e+00
 -3.0124590e-01
 -5.7355165e-01
  1.3567789e+00
 -2.6198251e+00
 -1.1859448e+00
 -2.5047255e+00
  7.6187789e-01
 -1.3785111e+00
  5.7409847e-01
  2.1895597e+00
 -2.7891762e+00
 -2.6347783e-01
 -1.8504193e+00
 -8.3162338e-01
  2.6991634e+00
 -4.8688250e+00
 -2.2198117e+00
  3.0929333e-01
 -3.8650641e+00
  1.8148707e+00
 -2.5472424e+00
  4.8648467e+00
  9.3670654e-01
  1.6629250e+00
 -1.2241403e+00
  8.0978733e-01
 -2.5256903e+00
  6.4569420e-01
  4.1169820e+00
  3.3870716e-02
  2.1282747e+00
 -4.4917860e+00
  1.2488676e+00
  1.3617264e-01
  1.7075877e-01
  1.7960379e+00
 -9.7530611e-02
 -1.1224680e-01
 -3.2340005e-02
  3.2522802e+00
 -1.4883026e-01
  1.9274397e-01
  6.1757196e-02
  1.1462789e-01
  2.0732570e-01
  1.6008307e-01
 -1.5019206e+00
 -6.0790081e-02
  6.4623289e-02
  1.9924287e-02
  3.6477818e+00
  6.0401893e-01
 -7.1798081e+00
 -8.1469518e-01
  5.6123383e-02
  2.7559209e-01
  1.7293784e-01
  4.6754757e-01
  1.1535999e-01
  1.1911720e-01
  6.1009235e+00
 -4.5874510e-02
 -7.2312707e-01
 -6.0316570e-02
  1.6440129e-01
  3.5522383e-01
 -6.7121789e-02
 -2.3369950e-01
 -2.2566009e+00
  6.0946786e-01
  4.1004177e-02
  9.2935279e-02
  1.8477520e-01
  1.9362165e-01
 -4.8410943e-01
  1.4600475e-01
  1.1897594e+00
  7.8283608e-01
  1.1205788e+00
 -4.0263259e-03
 -2.7813554e-02
  3.8534958e-02
 -4.1761523e-01
  4.0496656e-01
  2.1103109e-01
  1.2918338e-01
 -7.6286584e-01
 -1.4899486e-01
  9.8516959e-01
 -4.7662473e-01
 -6.2015826e-01
 -3.2835701e-01
 -9.3730427e-02
 -5.4519075e-01
 -1.1844110e-01
 -4.0496475e-01
 -4.4137099e-01
 -1.0197793e+00
 -7.1352682e+00
 -7.9514343e-01
  4.2921615e+00
  1.3864682e+00
  4.0631514e+00
 -2.9529548e+00
  2.2835881e-01
  2.0507228e+00
 -1.2488891e-01
 -1.0295461e+00
 -2.2608814e+00
  3.8170733e+00
  2.2901723e+00
  1.8583461e+00
  8.9254653e-01
  3.6723781e-01
 -6.5156040e+00
 -2.0945325e+00
  5.0793201e-01
  1.6841918e+00
  1.4950570e+00
 -4.7567645e-01
 -3.3725515e-01
 -2.8775702e+00
 -1.4688426e+00
 -1.1122743e+00
  9.7284830e-01
  6.3189276e-02
  1.9434717e+00
  2.4751668e-01
 -6.6161132e+00
 -3.7862692e+00
  7.3241884e-01
  9.9833632e-01
  9.1871279e-01
 -1.4980756e+00
  2.7848442e+00
 -8.4850097e-01
 -2.3998293e-01
 -1.1625092e+00
 -9.5283620e-02
  5.2804191e-02
 -1.3352004e+00
  1.2417967e-02
 -5.7840759e-01
 -1.7082225e+00
  3.2435277e-01
 -1.8352163e-01
  9.1360706e-01
  4.5139675e+00
 -9.7715461e-01
 -5.5456277e-02
 -1.5725001e+00
 -3.0498612e+00
  2.4098182e+00
  4.2101889e+00
 -1.0772669e+00
 -3.2548375e+00
 -2.1605685e+00
  4.4290609e+00
  2.3444753e+00
 -3.6921269e-01
  2.4968296e-01
 -2.5594006e+00
 -3.0876166e-01
  8.9078387e-03
  1.3207204e+00
  3.5112276e+00
 -2.3538270e+00
 -2.7054563e+00
 -3.5556366e+00
  8.7946904e-01
  4.2731923e-01
 -2.3159380e+00
  4.4116506e-01
 -7.1084969e-02
 -2.7412956e+00
 -1.7618459e-02
 -2.3151202e+00
  6.5750879e-01
 -4.4827375e+00
  7.1164453e-01
 -3.0545585e+00
 -2.0355854e+00
 -1.1966274e+00
  5.1815778e-02
 -2.2513950e-02
 -6.0825533e-01
  9.1524750e-02
  1.0464396e-01
 -1.3428223e+00
 -6.7793369e-02
  4.9564358e-02
  1.0334198e+00
 -6.1590992e-02
 -1.1199604e+00
 -2.1264672e+00
 -5.7235956e-01
  1.4261401e-01
 -4.9462822e-01
 -3.1115854e-01
 -1.0995586e+00
 -4.4201841e+00
 -4.0704932e+00
  2.0019621e-02
  1.1593754e+00
 -1.4544704e+00
  1.5255834e+00
  1.5257558e+00
 -5.6706518e-01
 -7.6276761e-01
 -6.4137125e+00
  8.5080552e-01
  1.1290261e+00
 -1.2466738e+00
  1.8199772e+00
  2.4903429e+00
 -8.3518877e+00
 -1.9153857e+00
  1.4017361e+00
 -1.7618641e+00
  2.1594052e+00
  5.8511835e-01
  2.6053653e+00
 -1.4451603e+00
  2.9407361e-01
 -1.6515952e+00
 -1.8846619e+00
  2.6351867e+00
  8.9295924e-02
  1.5813744e+00
  1.2768052e+00
 -1.7901874e+00
  2.1921687e+00
 -3.6578372e+00
 -1.7301812e+00
 -1.3274978e-01
  9.3058640e-01
  6.4569074e-01
  2.2731860e+00
 -2.3507790e-01
  2.3936777e+00
 -3.9282944e+00
  1.2658606e-01
 -1.8881534e+00
 -3.3454840e+00
  8.7905818e-01
  1.2101540e-01
  1.6064848e-01
  2.0751858e-01
  4.9399802e-01
  3.7335572e-01
 -1.0383337e-01
  2.4261346e-01
 -6.7020319e-02
 -2.8151423e-01
 -2.9271495e-01
  2.3335180e+00
  9.2062093e-02
  1.2528299e+00
 -9.7582644e-01
 -1.4079355e+00
  1.6872387e-01
  2.0384598e+00
  9.3675181e-02
 -3.0420840e-01
 -1.6360742e-01
  8.5501947e-02
  2.2700454e-01
  1.8034506e+00
  3.3671331e+00
  1.1961710e+00
 -7.2736859e-01
  6.1828405e-02
  2.4136910e-01
  3.5543016e-01
 -2.2110171e+00
 -3.5335585e-01
 -6.0020310e-01
 -4.0267092e-01
  1.3253032e+00
 -3.6141446e-01
 -1.2647349e-01
  2.0426893e+00
 -2.0685871e-01
  5.1122833e-02
  1.7580289e-01
  1.2226704e-01
  2.4205838e-01
  4.0420794e-01
  1.5040366e-01
  2.4749145e-02
 -3.1514380e+00
 -5.5065110e-02
 -4.2731637e-01
  7.4049734e-02
 -3.8397282e-02
  2.0572962e-01
  1.8904407e+00
 -1.6222639e+00
 -6.5154307e-02
  3.9814046e-01
 -3.0431429e-01
  1.1745504e-01
 -7.2744459e-01
 -6.7046560e-02
 -4.8875332e-01
  2.8219169e-02
 -2.6136195e-02
  6.9934621e-02
  2.1698823e+00
 -4.7277186e-02
  3.4291252e-01
 -3.8146040e+00
  3.6556003e+00
 -1.4661180e-02
  1.0016474e+00
  6.0427677e-02
 -1.1446156e-01
  4.5602071e-01
 -7.3770624e-01
 -5.7870269e-01
 -8.4331781e-01
 -4.1584283e-01
  4.5238012e-01
 -7.8424007e-02
  5.3085014e-02
  1.0520469e+00
  1.8932696e-01
 -2.5274973e+00
  2.2538407e-01
 -4.6672860e-01
 -3.8473988e-01
 -6.4001702e-02
  2.7023542e-01
 -5.9325272e-01
  3.1122771e-01
 -4.3302110e-01
  1.0041709e+00
  1.5674157e-01
  1.2160068e-01
 -1.4236530e-02
  2.7894878e-01
 -7.0837599e-01
 -4.6124694e-01
  1.8956521e-01
  9.2830586e-01
  5.9801674e-01
  6.1478335e-02
  6.6576377e-03
  1.4830689e-02
 -4.6893853e-01
 -1.8009877e+00
  7.0053089e-01
 -5.3410251e-02
  9.0962005e-01
 -5.4691875e-01
 -8.8257536e-02
  2.9499766e-01
 -5.1706052e-01
 -2.8479075e-01
 -9.6882057e-01
  2.2725312e-01
  2.0567794e-01
  6.2275395e-02
  1.6427566e-01
 -1.1133651e+00
  1.3686005e-02
  1.4296199e-01
 -2.9584712e-01
  2.6833957e-01
  1.0989888e+00
 -1.3761231e+00
  6.2128341e-01
 -3.9247837e-02
  1.4367585e-01
  2.1270523e-02
 -3.8839264e+00
  5.6338828e-02
 -1.2184815e+00
 -1.7080839e-01
  6.7686923e-02
  2.4665780e-02
  3.8895616e-01
  2.0455150e-01
 -8.4403254e-02
  2.5936496e+00
  2.5547728e-01
  3.3060187e-01
  4.0243950e-01
  3.4797313e+00
  8.6382008e-01
 -1.2213459e-01
  2.1128950e+00
 -1.6195732e-01
 -5.6696655e-03
 -1.7286932e-01
  1.5460876e-01
 -1.3876347e-01
  2.1340975e-01
  4.8176928e+00
  6.7356408e-02
 -1.2527055e-01
 -1.3574006e-01
  1.2750623e+00
 -1.5992754e-03
 -8.5373706e-01
  2.5159645e-01
  3.7767894e+00
 -1.0104431e+00
 -1.2669708e+00
  1.5029374e+00
  2.2629468e+00
 -2.3964381e-01
  8.3297737e-02
 -3.3934569e-01
 -7.4841919e+00
  2.1704202e+00
  9.0503609e-01
 -6.1033030e+00
  2.2721980e+00
 -1.2380124e+01
 -3.6655824e+00
  1.3496199e-01
 -2.1116505e+00
 -3.8835645e+00
  2.2286134e+00
  2.3751841e+00
 -4.2594156e+00
 -2.6289389e+00
 -4.8991677e-01
 -3.4777670e+00
 -1.7043288e+00
 -4.0555546e-01
  3.0191867e+00
 -3.8905382e+00
 -1.4961296e+00
 -4.4631734e+00
 -1.6288486e+00
  2.0961125e+00
  6.7398310e-01
 -1.3501482e+00
 -5.9741044e-01
  8.0238718e-01
  1.7097174e+00
  1.0060844e+00
 -1.9631767e-01
 -2.8715801e-01
  1.3519638e+00
 -8.4803045e-01
 -1.0104173e-01
 -5.7627279e-01
  1.2793739e-01
 -5.2110153e-01
 -2.7929151e-01
  5.7109859e-02
 -1.0594170e+00
 -1.3055911e+00
  2.9255598e+00
  1.0245721e+00
 -1.6499631e+00
 -2.3541045e+00
 -1.8370664e+00
  4.0568395e+00
  3.2716923e+00
 -4.2325196e-01
 -4.8955247e-01
 -5.0675235e+00
  6.2091999e-02
 -2.1298680e+00
  8.1848419e-01
 -4.6888408e-01
  1.5008949e+00
 -8.5759008e-01
  5.3609247e+00
 -1.0561451e+00
 -4.3860464e+00
 -4.5054534e-01
 -4.4229083e+00
 -1.0045842e+00
 -7.7518922e-01
  6.1441129e-01
 -1.4583352e+00
  1.0457690e+00
 -2.7178092e+00
 -4.5443645e+00
 -2.4948734e-01
 -9.5802295e-01
 -2.0491297e+00
 -1.3457797e+00
 -7.1112084e-01
 -1.0945978e+00
 -2.9554796e+00
 -6.5027827e-01
 -3.7703362e-01
  3.0524564e+00
  3.8892481e-02
  3.1730714e-01
 -1.8463954e-02
 -2.1946235e+00
  4.9666762e-01
  5.6657356e-01
  6.3092180e-02
  6.1321612e-02
 -5.5691000e-02
  1.5212248e-01
 -1.8000904e+00
 -5.9580219e-01
 -2.4816089e+00
 -9.2028260e-02
 -3.9085373e-01
  8.4942147e-02
  3.3224502e-01
 -6.0718971e-01
 -3.0987946e-02
  1.4302661e-01
  8.2005009e-02
  1.1085857e-01
 -7.2753751e-01
 -7.1760398e-01
  6.0049289e-01
 -5.1004767e-01
 -1.3695484e-01
  6.2882179e-01
 -7.8963047e-01
  6.3393734e-02
 -2.4325652e-01
  7.9319471e-01
  2.7165052e-01
  1.2149087e-01
 -5.6225423e-02
  1.5039307e-01
 -4.7462097e-01
  1.2445345e+00
  4.8618981e-01
 -6.8537909e-01
 -3.9115268e-01
 -1.2664825e+00
 -2.0546271e-01
 -1.2079150e-01
  1.0667354e+00
  4.0220794e-01
 -7.6710947e-02
  2.0008548e-01
 -1.0244699e-01
  2.7009201e-01
  5.3290706e-03
  3.2341450e-01
  2.9968493e+00
 -1.3307634e-01
  5.7609427e-01
 -6.3005053e-02
  1.0820699e-01
  3.8221771e-01
 -7.4215218e-02
  1.5780149e-01
  3.7847495e-01
  6.1273080e-01
  1.6665289e+00
 -5.2656662e-01
  6.9667017e-01
  8.7051205e-02
  2.1792950e-01
  6.2920380e-01
  8.5257627e-03
 -1.3720958e-01
 -1.5013660e-01
 -9.3382335e-01
  3.5692680e-01
  7.3776108e-01
  6.9932923e-02
 -2.4306622e+00
  4.3114418e-01
  8.1319928e-02
 -4.4479367e-01
 -2.6653215e-01
 -6.9261573e-02
 -8.0907762e-02
  3.7502044e-01
 -2.4865572e-01
 -3.7276900e-01
 -2.8782460e-01
  2.1107484e-01
 -2.7615669e-01
 -4.7747046e-01
  4.4147402e-01
 -5.8403313e-01
 -1.0158925e+00
  6.4345725e-02
 -9.5026827e-01
  6.6360332e-02
 -5.0199372e-01
 -8.3756793e-01
 -2.7118677e-01
 -2.4760157e-01
  7.1895585e+00
  1.0630104e-01
  5.1250592e-02
 -4.3618854e-02
 -1.6356753e+00
 -6.1263418e-01
  6.4413339e-01
 -2.7624492e-02
 -7.9411989e-01
  1.8810661e-01
 -5.1864576e-01
  5.6733828e-02
 -3.4328866e-01
 -6.6945463e-01
  3.8506261e-01
  1.0693619e+00
 -7.0854175e-01
 -1.2830293e+00
  2.9659680e-01
  3.1743535e-01
 -4.2148924e+00
  3.2933873e-01
  9.4263530e-01
 -1.9558224e-01
  7.1854316e-02
  4.1185486e-01
  2.5469742e+00
 -2.6171583e-01
 -5.6793429e-02
  2.9389119e-01
 -6.3408440e-01
 -6.0091388e-01
  8.1238568e-01
 -2.7461627e+00
 -7.0003971e-02
 -1.5377942e-01
  2.0064321e-01
  1.9257362e-01
  7.7138203e-01
  2.5681341e-01
  1.0530876e+00
 -2.4142216e-01
 -1.3013992e-01
  2.4301100e-01
 -4.6514912e+00
 -8.2209334e-02
 -2.3032735e-01
 -1.9542961e-01
 -2.3804910e-01
 -7.7950627e-01
  8.4353387e-02
 -9.7349173e-01
 -3.3075511e-01
  1.1903514e-02
 -6.1366785e-02
  7.8761779e-02
  3.6356562e-01
 -2.6791865e-01
  8.1899658e-02
 -5.8812535e-01
 -3.1890166e+00
  5.8193531e-02
  1.1448815e-01
 -2.0570926e-01
 -2.0551729e+00
  1.7405340e-01
  2.3111913e-01
 -1.4569888e-01
  9.0126836e-01
  1.5509509e-01
 -6.0210206e-02
  9.8258480e-02
  1.2624253e+00
  1.3538359e+00
  1.0016502e-01
  6.7468233e-02
 -3.2984000e-02
 -3.4403455e-01
 -1.8121183e-01
 -2.3866642e+00
 -4.6546075e-02
  4.3020988e-01
 -1.8892245e-02
  6.2388760e-01
 -3.0468303e-01
  1.1120954e+00
  1.6532757e+00
  3.5802168e-01
  8.4580177e-01
  1.1577977e-01
  5.4439544e-03
 -6.1397398e-01
 -5.2028859e-01
  2.2998853e+00
  2.8515181e-01
 -2.9104018e-01
  1.8514004e-02
 -4.7499281e-01
  9.4576642e-02
  9.5472731e-02
 -3.5392886e-01
 -1.6796009e-01
 -1.3928497e-01
  4.0692291e-01
  4.1789356e-01
  4.8248205e-02
 -2.7258021e-01
 -9.7889371e-02
  1.0385961e-01
 -2.8477672e-01
 -3.2690185e-01
 -3.0116534e+00
  1.0902857e+00
  5.4817080e-01
  1.4824577e-01
  3.3905700e-01
 -7.8279655e-03
 -1.1261007e+00
 -8.3646238e-02
 -2.6448715e-01
  3.5462048e-02
  1.0062723e+00
  3.1301969e-01
 -3.8714334e-02
  7.0514247e-02
  1.1345870e+00
  1.4966316e+00
  2.9922347e+00
 -8.4319904e-02
 -1.5236843e-01
  7.3407030e-01
  2.0845034e-04
  1.2560473e-02
  8.9448041e-01
  4.6237619e-03
 -6.1732240e-02
  3.5861868e-01
  3.7560835e-01
 -1.7436827e-02
 -6.1248177e-01
  4.0025485e-01
 -2.0868582e-01
  4.3556842e-01
 -2.4693467e-01
  1.9312570e+00
 -2.9309550e-01
 -7.0037550e-01
  1.6454126e-01
 -2.7663643e-02
  1.3926558e+00
 -3.8958776e-01
  3.3106204e-02
 -9.0460926e-01
 -1.0504050e+00
 -6.5650590e-02
  1.1468373e-01
 -2.3329194e+00
 -1.4456543e+00
 -4.1596983e-02
  2.3720188e+00
 -4.2962256e-01
 -3.8277593e-01
 -2.6727030e-01
  2.9838484e-02
 -4.4198051e-02
  5.6172770e-01
  3.2852333e-02
 -1.4335451e-01
  3.8878160e+00
  1.1194102e+00
  1.5365688e+00
  4.6400177e-01
  2.0415921e+00
  1.5551068e+00
 -7.5255148e-02
  1.7464896e+00
 -9.3637395e-01
  3.2231611e-01
 -5.1861614e-01
  7.7445775e-01
  8.8603325e-02
  6.4910984e-01
  7.4565150e-02
  1.3342694e-02
 -1.9642097e-01
 -1.8694238e-01
 -2.2861884e+00
 -3.4232745e-01
  1.6925471e-01
  1.2177385e-01
  3.3206487e-01
 -3.4437454e-01
 -5.9557426e-01
 -2.2438433e+00
  5.7935320e-02
  1.0317757e+00
 -6.1115909e-01
 -3.2219077e-03
  5.3117170e+00
 -2.5121337e-01
  4.6938428e-01
  1.5430114e-01
  1.3019678e-01
  1.0247631e-01
  4.1315641e-02
  1.9449462e+00
 -5.9196746e-01
 -2.4754267e+00
  5.8562946e-01
  2.2693935e-01
  2.5040228e+00
  2.0212047e-01
  1.6673408e-01
  3.1706314e-03
 -7.9896800e-02
  1.0589233e-01
  1.2140025e-01
 -1.9188806e-02
 -1.7779668e-01
 -3.2863578e-01
  1.2247355e+00
  9.7399771e-02
  3.6891100e-01
  1.7381755e-01
  5.3830522e-01
  9.4645515e-02
 -1.8439007e-01
  1.3098335e+00
  9.5153198e-02
  3.8480914e-01
  1.9056045e-01
 -7.4294843e-02
  6.7167991e-01
  3.8061726e-01
 -1.3328888e-01
  2.8475428e-01
 -3.2393241e+00
  5.2611310e-02
 -5.2292609e-01
  5.4038060e-01
  3.1997988e-01
 -6.8512470e-02
  3.2403388e+00
  5.0662279e-01
  8.1216104e-02
 -1.5891588e-01
  3.8835594e-01
  6.0384226e-01
 -9.0364546e-01
  4.8250433e-02
  1.2727080e-01
  2.4042232e-02
 -1.3505080e-02
  1.6688262e-01
  3.2256389e-01
  1.1438681e+00
  2.8518534e-01
 -1.9971544e-02
 -2.0431522e-01
 -4.2460740e-01
  2.6185338e+00
 -2.3359721e+00
 -9.1027766e-01
  6.2436384e-01
 -4.9547739e-02
 -5.6578165e-01
 -1.2098509e+00
 -1.1684847e-01
 -9.2589283e-01
 -3.5044968e-01
  1.2845074e+00
  2.5586891e+00
  4.2692351e-01
  5.8268938e+00
  2.6293600e+00
 -1.1757907e+00
 -1.0872102e+00
 -1.7269661e-01
  2.1119986e+00
  6.6935346e-02
  1.7519821e+00
 -4.4407907e+00
 -5.1726711e-01
  1.8685483e+00
 -6.0960066e-01
  5.8828669e+00
 -6.9871479e-01
  9.5507532e-01
 -1.7191862e+00
 -2.6927516e+00
  7.5440717e-01
 -3.2218504e+00
  1.0880293e+00
 -1.5321208e+00
 -9.4542496e-02
  1.8313671e+00
 -2.7211946e-01
  5.0478005e-01
 -1.6919030e+00
 -2.7242894e+00
  2.5942054e-01
  3.2390060e+00
  5.6088400e-01
  3.5443297e-01
 -3.4922628e+00
 -1.1237236e+00
 -6.6031206e-01
 -3.9415231e+00
 -1.8365613e-01
  4.1518077e-01
 -1.5369337e+00
  2.5524306e-01
  2.3871660e+00
 -6.0394931e+00
  1.0582918e+00
 -9.4516826e-01
 -1.5527695e+00
  4.8610309e-01
  3.1158429e-01
 -2.1906663e-01
  4.5610976e-01
  1.5076736e-01
 -3.2795668e-01
 -3.5350587e+00
  6.4989954e-01
  9.5354635e-01
 -1.2769312e-01
 -3.2631767e-01
  4.5776266e-01
 -4.1140887e-01
 -3.8474423e-01
  7.4277818e-01
 -5.4913038e-01
 -1.3176356e-01
  8.9917338e-01
  4.0662303e+00
  5.8817285e-01
 -1.8630697e-01
 -1.4236262e-01
  7.1096355e-01
  3.9010358e-01
  2.1156615e-01
  3.6229607e-01
 -5.9254318e-02
  1.3376328e-01
  8.6997783e-01
  9.2055574e-03
  1.9251190e-02
 -2.1057408e+00
  1.4925160e-01
 -4.9168932e-01
 -2.1195358e-01
 -4.5466799e-01
 -1.5176097e-01
 -9.0514734e-02
 -1.0385491e-01
 -1.4379172e-01
  2.1590337e-01
  1.4803694e-01
 -2.0201872e-01
  3.3812079e-01
 -1.5090885e+00
 -1.3332342e-01
  2.8134656e-01
 -8.2979602e-01
  7.3089348e-03
 -3.8105452e-01
 -1.0762526e+00
 -1.7351317e+00
  8.4907390e-02
 -1.7359793e+00
  4.0323472e-01
 -2.2724366e+00
  1.1397406e-01
  6.4787708e-02
  5.5750247e-02
  2.5711718e-01
 -8.7814040e-02
 -1.1044129e-01
 -2.2096395e-01
 -3.0548951e-01
  2.1326637e+00
  5.0262946e-01
 -9.5469818e-02
 -1.4078866e+00
  8.8104531e-02
  4.1025305e+00
  3.1091174e-01
 -2.0730014e-01
 -3.1343982e-01
 -1.6915531e+00
  3.6634466e-01
  3.0573487e-01
 -4.7723201e-01
  4.2971518e-02
 -1.9593517e+00
  1.2562574e-01
  2.6905277e+00
  1.5501595e-01
  1.1069123e-01
  1.4231151e+00
  8.8510239e-01
 -7.4465334e-01
  5.9175122e-01
 -2.6961386e-01
 -9.5107131e-02
 -5.6905019e-01
 -5.1035531e-02
 -5.6607020e-01
  3.8700932e-01
  2.6081726e-02
 -2.7135035e-01
 -5.6782879e-02
 -5.7479441e-01
  7.2188765e-02
  3.1033626e-01
 -4.4710541e-01
 -4.2716718e+00
  3.6504528e-01
 -3.1351721e+00
  1.4143059e-01
  6.4208977e-02
 -4.3567188e-02
  1.0948452e-01
 -1.5113587e+00
 -3.5755751e-01
  1.2539992e+00
  4.9807456e-01
 -1.6710572e-01
 -4.4039655e-01
 -9.3708336e-02
 -1.7753952e+00
  2.9213426e-01
  9.2049744e-03
 -2.5182950e+00
  4.7947848e-01
 -5.1152223e-01
  8.8097997e-02
  2.2510540e-01
  4.7350696e-01
  8.1744045e-01
  3.0155960e-01
  4.0417671e-01
 -1.1827425e-01
 -6.4357907e-02
  4.8337233e-01
  1.7616532e+00
  2.3336135e-02
 -2.8700234e-02
 -7.3491424e-01
  3.4678894e-01
  4.6901676e-01
  2.1815707e-01
  1.1634032e+00
  9.9309069e-01
 -2.0519345e-01
  1.7302467e-01
  4.9557844e-01
  5.7634488e-02
 -1.3278134e+00
  1.1659032e+00
 -4.6718031e-01
 -5.9606230e-01
 -5.4876274e-01
  1.6521496e-01
  1.5865946e-01
 -6.3444239e-01
 -4.7025800e-01
 -1.1810478e+00
 -1.1460749e-01
 -7.9185462e-01
  2.5156727e-01
 -5.7071412e-01
  1.6744517e-01
 -1.6359663e-01
  1.2673782e+00
 -7.8123009e-01
 -4.3002543e-01
  1.3313217e-01
  1.9498792e-02
 -2.7935298e-02
 -1.8056703e+00
  5.9154520e+00
 -3.9419705e-01
 -5.5363560e-01
 -2.3715147e-01
 -6.7089915e-01
 -1.7538105e-01
 -2.9394028e-01
  6.9126830e-02
 -4.9866191e-01
  2.5146837e+00
  1.2617916e-01
 -6.6709369e-01
  2.8238872e-01
 -8.7070996e-01
  5.8794063e-01
 -1.5230091e-01
  2.0880936e-01
  1.3748239e+00
  9.3744971e-02
 -3.3116636e-01
  2.5191417e-01
 -8.4492646e-02
 -1.1772727e+00
  2.8954146e+00
  1.5798322e+00
  5.4276586e-01
  2.3449327e-01
 -1.4125040e-01
 -9.2616779e-01
  2.5960198e-01
  1.0910566e-01
 -8.4848650e-02
  4.2384458e-01
 -2.8785858e+00
  3.0633245e+00
 -1.5136302e-01
 -8.3472586e-01
 -1.1180318e-01
  1.1029341e-01
  2.8890148e-01
 -4.3538596e-02
 -2.0584796e-01
  2.1415655e-02
  1.7482322e-01
  5.7369609e+00
  1.6131418e+00
 -1.4345973e+00
  1.4232922e+00
 -1.3384736e-01
  1.1682721e+00
  2.1564100e-02
 -5.0825033e+00
 -8.3678141e+00
 -2.4039116e+00
  2.1901356e-02
 -1.5348879e+00
  2.5697193e-01
 -1.0171506e+00
 -4.0665741e+00
  8.7059535e-02
 -2.1231184e+00
 -8.7662023e-01
 -7.1034855e-01
 -5.7470405e-01
 -3.1195874e+00
 -1.8480296e+00
  6.8274900e-02
 -9.0201461e-01
 -4.2254262e+00
 -9.6093464e-01
 -6.8896681e-01
 -5.4302192e+00
 -3.3400252e-01
 -3.8121762e+00
 -1.3068882e+00
 -5.2401705e+00
 -6.1416614e-01
 -8.0329615e-01
 -4.8974776e+00
 -8.0315381e-01
 -4.4632588e-02
 -4.1627327e-01
 -2.5262854e+00
  1.2748870e-01
 -1.4610033e-01
  7.5273615e-01
 -2.7977410e-01
 -3.0695492e-01
 -4.7109626e-02
 -1.3516037e+00
 -1.4222327e+00
 -9.2136800e-02
 -1.3992389e-02
  1.4649025e-01
 -4.3110633e+00
 -5.5592771e+00
  3.1618502e+00
 -6.6322517e+00
 -4.9938970e+00
  5.4358659e+00
  2.9265046e+00
  6.6085305e+00
 -3.4419661e+00
  3.3217475e+00
 -8.7019596e+00
 -4.7620363e+00
  9.5055687e-01
 -1.4927158e+00
  1.8850988e+00
 -6.1262927e+00
  1.2610760e-01
 -7.5875476e-02
 -1.7239845e+00
  1.0955998e-01
  8.4356874e-01
  1.3568889e+00
  2.0360119e+00
 -2.1524806e+00
 -1.2885365e+00
 -3.7203946e+00
  4.2871571e+00
  3.7228879e-02
  4.4683542e+00
 -1.0636680e+00
 -5.0248199e+00
  1.4156497e-01
 -2.8318698e+00
  1.5540845e+00
  8.9539168e-03
  2.9274325e+00
  1.2035501e+00
 -3.1430643e+00
  1.5809026e+00
 -2.0219733e-01
  9.3658201e-02
  4.1917580e-01
 -4.5402291e-01
 -2.5434902e-02
 -6.9590199e-01
 -1.8280879e-01
 -2.3865972e-02
  2.1102874e-01
 -1.3530646e-01
  3.6970285e-01
  5.8061052e-02
  1.4026962e-01
  4.9049664e-01
 -6.7969835e-01
 -1.2166638e-01
 -2.6112401e+00
  2.1357100e+00
 -8.0657743e-02
  2.2442915e-01
 -1.4188500e-01
 -3.6301076e-01
 -5.5780131e-03
 -3.5820341e-01
  5.7382512e-01
 -9.3543595e-01
  3.5267022e-02
 -2.8901598e-01
 -1.6177048e-01
 -6.0411924e-01
  1.1718571e+00
  6.7276335e-01
  2.8934627e+00
  1.6982403e-01
 -3.8188571e-01
 -5.2047122e-01
  3.3466402e-03
  4.1820282e-01
 -1.7627732e-01
  3.9452198e-01
  9.2975609e-03
 -1.7055187e-01
  5.8985388e-01
 -1.7786384e+00
  1.0141786e+00
 -3.8083885e+00
  2.5339964e-01
  2.1510022e+00
  4.4748384e-01
 -1.1256210e+00
 -3.4508405e+00
 -3.5147958e-02
 -1.3258919e-01
 -8.6223178e-02
  1.8701099e-02
 -6.9360390e-02
 -1.3762967e-01
  1.6946043e-01
 -9.5592260e-02
 -2.4194062e-02
  3.6953762e-01
 -8.0607701e-03
 -6.0313740e+00
  1.4206603e-01
  1.0379783e+00
 -4.7410073e+00
  1.1187661e-01
 -9.2449248e-01
  1.1987317e-01
 -1.1537981e+00
 -6.1111987e-01
  3.2850385e-01
  4.9729474e-02
  1.2087224e+00
  7.9903013e-01
 -1.8601656e-01
 -3.9892197e-01
  1.1821738e-02
  4.1711178e-02
  7.8046620e-02
 -3.5875253e-02
  8.0228955e-02
  1.6122124e-01
  3.7465952e-02
 -3.5558122e-01
 -3.9351378e-02
  4.2011505e-01
  3.4057871e-02
 -7.2405326e-01
  3.2922095e-01
 -5.3875381e-01
  4.4088867e-02
  2.9902556e+00
 -5.5756658e-01
  2.2323742e+00
  3.1430238e-01
 -8.2537812e-01
 -2.1074004e+00
 -3.2351036e-02
  1.9429686e+00
  4.0699250e-01
 -5.8153257e-02
 -1.0966845e-01
  2.3772913e-01
 -2.0462672e-01
  2.8801244e-01
  1.0486964e+00
 -1.2786385e-01
 -1.2717481e-01
 -4.1713962e-01
 -4.5421270e-01
  9.1898268e-01
  1.7440012e-01
  9.3098946e-02
  3.1880133e-02
  1.6913573e-01
 -3.0341175e-01
  1.4022841e-01
 -1.5888309e+00
  1.6329750e-01
 -6.1215436e-01
  2.6424447e-02
 -1.9516880e-02
 -3.3088320e-01
 -2.8538066e-01
  3.2177535e-01
 -4.7588594e-02
  7.3973306e-02
  2.6226497e-01
 -1.6750032e+00
 -1.6304504e+00
  6.5197833e-02
  5.4690032e-03
  1.5319763e-01
 -1.1511034e-01
 -1.2648650e-01
 -5.1228013e-02
 -1.4867534e-01
  6.1093815e-02
  3.4773395e+00
 -6.2231321e-02
 -4.0361088e-02
  5.7057972e+00
  1.8804735e+00
 -2.7484727e-01
 -8.2985592e-01
 -1.1863462e-01
 -1.5972614e-01
  2.0887013e-01
  2.3684336e-02
  3.0840850e-02
 -8.4726952e-02
 -1.0365716e-01
 -2.7333918e+00
  2.4747598e-01
 -6.6863292e-01
 -1.8853043e-01
 -3.6131747e-02
  1.2402099e-01
  3.9480712e+00
  1.7613035e-01
 -2.9587054e-01
  2.2007042e-01
 -2.1048796e-01
  1.7568755e-01
 -1.1581953e+00
  1.7905517e+00
  2.5275290e+00
  8.7073350e-01
  1.8026382e+00
  5.6664914e-01
 -4.2060323e+00
  1.8671683e+00
  2.6278100e+00
  4.9583754e-01
  3.2210493e+00
  3.2822745e+00
  2.7092326e+00
 -9.7702956e-01
  1.6418929e+00
 -1.4013942e-01
 -1.4120993e-01
  1.3471701e+00
 -1.0386022e+00
  3.5266588e+00
  8.4263408e-01
 -2.2996969e+00
 -7.4629627e-02
 -9.1476865e-02
  1.6675018e+00
 -1.9458013e+00
  6.9189385e-02
  4.8287916e+00
 -2.4926460e+00
  1.9792372e+00
  9.1729760e-01
  1.2547585e+00
  2.0467782e+00
  1.1188409e+00
  5.4067876e-02
  6.4274063e+00
 -4.4696922e+00
 -8.9131969e-01
  9.0333194e-02
 -5.8809172e-02
 -4.6204457e-01
 -1.8433241e-02
  1.7925790e-01
  1.9880500e-01
 -2.8464413e-01
 -2.6816326e-01
 -5.6974673e-01
 -1.4617819e-02
 -3.4613099e+00
  1.9703696e-02
 -1.1619247e-01
 -5.2145302e-01
 -1.6821984e+00
 -1.3198642e-01
  1.5165426e+00
 -1.7447759e-01
  6.3943036e-02
 -2.5156915e+00
 -3.5511744e-01
  1.8090843e-01
 -2.2154820e-01
  8.8933356e-02
 -9.1716522e-01
  2.1069895e-01
 -3.1190965e-01
  1.5034367e-01
 -5.7780709e-02
  8.0024672e-01
 -9.8780841e-01
 -2.6521586e-02
  1.2047959e-01
 -4.5792928e-01
  4.8367840e-01
 -8.1949085e-01
  8.5130289e-02
 -1.2609717e+00
  2.6821189e+00
 -1.7580511e-02
 -3.2704452e-01
  6.5794891e-01
 -4.4868127e-01
 -6.4826405e-01
 -5.2010411e-01
 -1.0847592e-01
 -9.9687928e-01
  3.1039292e-01
 -2.7307844e-01
  2.7293508e+00
  3.6829931e-01
 -9.9229142e-03
  2.9552963e+00
  1.3822874e-01
  4.7396783e-02
 -2.5671722e-02
 -5.3921473e-01
 -9.7434022e-02
 -1.6197690e-01
  1.8494157e+00
  2.8740996e-01
  1.1479064e-01
 -1.6014174e-01
  3.7345079e-01
 -4.9147835e+00
 -1.2718545e+01
  2.8974271e-01
 -1.7023972e-01
 -7.8391999e-01
  8.4137812e+00
  6.7606311e+00
  4.5138679e+00
 -4.1132722e+00
 -1.8893281e-02
  3.2493043e+00
  2.2652152e+00
  2.4509995e+00
 -1.6214615e-01
  8.0233341e-01
 -1.5323251e+00
 -1.0208638e+00
  2.6556473e+00
 -5.4435182e+00
  4.8851714e+00
  2.3595998e+00
  6.3521230e-01
 -2.7984753e+00
 -8.9854962e-01
  5.6009471e-01
 -5.3619003e+00
  3.5634286e+00
  3.9677948e-02
  1.4888080e+00
 -9.1356289e-01
 -3.3613713e+00
 -1.0468390e-01
 -2.1527126e+00
  1.6286014e+00
  1.5004119e+00
  4.9177679e-01
  8.3574516e-01
  1.3199313e-01
  2.4792348e-01
 -1.4255077e-01
 -2.7505556e-01
 -5.1111776e-01
  1.0788492e-01
 -4.5012805e-01
 -1.3107082e+00
 -3.1641219e-02
 -5.5708855e-02
 -2.2576869e-01
 -8.6646628e-01
  2.5438717e-01
  7.1288213e-02
  4.8132971e-02
  9.4673477e-02
  8.3213992e-02
 -3.4265071e-01
  1.3373369e+00
  6.1683816e-01
 -2.7454669e-02
 -7.3015845e-01
 -1.6178997e-01
  1.3948833e+00
 -1.0580401e+00
  3.0504033e-01
  1.3219788e+00
  3.1708437e-01
  4.7984948e+00
  9.5402855e-01
 -1.5264663e-02
 -5.7917756e-01
  1.2260522e+00
 -6.1110967e-01
 -5.9690613e-01
  1.7766590e-01
  3.5666563e-02
 -1.1933346e+00
  4.4707310e-01
  6.5539993e-02
  8.8675626e-02
  1.2946022e+00
  1.8604882e-02
 -2.6244896e-02
  6.7903355e-02
 -8.0486186e-02
  1.7934735e-01
  5.0119746e-01
  2.9166549e-01
 -4.4940114e-01
  1.3094136e-01
  7.8675854e-01
  1.5976559e-01
 -2.6176998e-01
 -6.6976702e-01
  6.3123292e-01
 -6.4568865e-01
  3.6211431e-01
 -1.6060036e-01
 -4.3267989e+00
  2.1427044e-01
 -4.2181792e+00
 -4.5773860e-02
 -1.2294577e-01
  4.0750396e-01
 -2.7773789e-01
 -1.0532813e-01
 -5.6810663e-03
  4.2360783e-01
 -1.0465698e+00
  5.9710145e-01
 -6.0158070e-02
  5.7393467e-01
  9.1657102e-01
  2.3830499e-01
 -3.9179862e-01
 -5.3903812e-01
  2.6664498e-01
 -1.2859949e+00
  2.4314376e-03
  9.2845434e-01
 -1.8669991e-02
  3.3201697e+00
  1.1922108e+00
 -5.5264002e-01
 -4.7597161e-01
 -2.9876627e-02
 -1.3310717e+00
 -3.8806167e-01
  4.4868517e-01
 -4.1109002e-01
 -6.6167464e+00
  7.2592102e-02
  1.3042010e-01
  5.5658977e-02
 -2.9283226e-02
  5.7753999e-02
  6.4711589e-03
  3.5081095e-01
  1.9254243e-01
  9.8021692e-01
 -1.1100455e-01
  1.1554494e+00
  4.6792784e-01
 -2.1818542e+00
  4.8593256e-01
 -3.7649542e-02
 -1.0769975e+00
 -5.5694882e-02
  3.1770027e+00
  2.6013927e+00
  1.0443916e+00
 -1.4570243e-02
  1.0004967e-02
 -4.7427509e-02
  1.1758228e-01
 -8.0497675e-02
 -6.3259369e-01
 -1.9513600e-01
 -1.4115252e+00
  1.6184739e+00
 -1.4193645e-01
  1.6349567e+00
  4.4136841e-02
 -2.2815205e-01
 -1.9632061e-01
  8.5986927e-02
 -2.2530243e-01
 -4.3778211e-01
 -1.8736233e-01
  2.2491188e+00
  9.0265594e-02
  4.5299730e-01
  4.7858903e-01
  3.9922965e-01
  3.0492332e-02
  4.4579330e-01
 -9.0453364e-02
 -2.6471111e-01
 -6.9367063e-01
 -3.4577895e-02
 -5.1329947e-01
  2.7492721e+00
  2.0923257e-01
  6.5503502e-01
 -2.0607199e-01
  3.6633396e-01
 -6.2356565e-02
  3.0186065e-02
 -3.1767094e-01
  8.6754286e-01
 -2.6701693e-03
  4.1091034e-01
  2.1013837e-01
 -6.0838825e-01
 -1.9266050e-01
 -5.5682105e-01
  4.3959075e-01
  6.9323885e-03
 -1.5464538e-01
  2.9333365e-01
  4.6209410e-01
 -4.2295819e-03
 -1.8940884e-01
 -6.0074472e-01
  1.2944210e+00
  2.7260020e+00
  8.2168365e-01
  1.9788914e+00
 -3.7230939e-01
 -2.8103286e-01
 -3.8095844e-01
 -2.0186535e-01
 -6.4003432e-01
 -5.9983271e-01
  3.2517390e+00
  2.5325972e-01
  3.4099230e-01
 -1.6929524e-01
  2.5968963e-01
  3.4087570e+00
 -3.7992850e-01
  3.7790686e-01
 -5.1302072e-02
 -3.2238516e-01
  7.1237028e-02
 -2.2143739e-01
  7.2461683e-01
 -2.3453258e-01
 -6.4472876e-02
  1.5015659e-01
 -2.6376382e-01
  9.7839230e-01
 -6.9237530e-01
  5.6495093e-02
 -1.7302394e-01
 -2.9457289e-01
  8.6432302e-01
  1.3931379e-01
  5.6127214e-01
 -5.2268714e-01
 -9.5342755e-01
  3.9186686e-01
  1.3417449e-02
  1.0964402e+00
 -7.3509082e-02
 -2.6929435e-01
 -1.4401197e+00
  1.4454790e+00
  5.9914249e-01
 -1.1507588e-01
 -2.8763705e-01
 -6.2592864e-01
 -1.7399827e-01
 -2.7643818e-01
 -1.5476860e+00
  2.3095571e-01
  4.6395668e-01
  8.8801867e-01
 -2.7268591e+00
 -2.2169111e+00
  2.0018168e-01
  2.6411483e-01
  4.2646732e+00
  1.4421519e+00
 -1.0990501e-01
  3.8664615e+00
 -6.1054623e-01
  4.7492620e-01
  1.3115549e+00
 -4.1634688e+00
 -2.3723977e+00
  9.5704991e-01
 -3.0318117e-01
 -1.2262592e+00
 -1.4165187e+00
  1.3259468e+00
  1.3888257e+00
 -6.2564954e-02
  2.0327673e+00
 -2.2780507e+00
 -2.0710614e+00
  6.2820369e-01
  3.2660449e-01
  9.4456124e-01
  2.3214297e+00
 -5.3149271e+00
  2.3042765e+00
 -1.9574510e+00
  2.3766980e+00
 -3.1383343e+00
 -5.5182970e-01
  3.6796939e-01
 -1.5744349e+00
 -1.0691081e+00
 -1.0006396e-01
 -5.7075586e-02
  1.8505152e+00
  2.1468347e-01
  1.2370796e-01
  5.3042221e-01
 -6.4469415e-01
  5.0790852e-01
  9.8147571e-02
 -3.6091477e-02
 -9.6052688e-01
  1.7074188e+00
  4.7293078e-02
  5.7963765e-01
  2.6769313e-01
  1.8696065e+00
  2.2199168e+00
  1.9590427e+00
 -3.8763970e-01
  1.9742054e-01
  4.6304097e+00
  1.6770878e-01
 -6.0670357e+00
 -3.8709828e-01
  5.3775887e+00
 -1.6053274e-01
 -1.2486000e+00
  9.1582283e-02
  1.3402343e-01
  2.8342280e-01
 -1.2200283e-01
  7.9345465e-01
  2.9994210e-02
  1.2060733e-01
  4.7864661e-02
  2.1103054e-01
  2.0241920e-02
  3.4406269e+00
 -4.0566346e-01
 -1.2453024e+00
 -1.0854894e-01
 -2.3401105e-01
 -6.6221589e-03
  2.9812605e+00
 -1.2883373e+00
  2.2668788e+00
  6.5802169e-01
 -3.6473027e-01
  1.1192808e+00
 -7.5560069e-01
 -1.9581804e+00
  1.3376192e+00
  4.8864204e-01
  1.7972277e-02
  3.4136620e-01
  1.3367839e-01
  2.2751102e+00
  3.1137746e-03
 -7.2357726e-01
 -2.1817775e-01
 -5.1908393e+00
  1.9296323e-01
 -5.6892361e-02
 -3.1104577e-01
  1.1866196e+00
  1.2648236e+00
 -1.6780020e+00
  8.5377693e-01
 -1.5124352e-01
  2.8354421e+00
 -1.1070099e+00
 -1.2201167e+00
  1.2570437e+00
 -2.6343566e-01
 -4.7133803e+00
 -1.6698812e+00
 -4.5620432e+00
 -2.6217642e+00
  4.4606674e-01
 -3.2964509e+00
  3.1857988e-01
 -4.5169687e+00
  2.5066266e+00
 -4.4911551e-01
  2.1855311e+00
  4.9380189e-01
 -3.8638682e+00
 -1.8120036e-01
  1.2072148e+00
 -1.4215707e+00
  1.4548641e+00
  1.1857332e+00
  5.2561623e-01
 -2.6630855e+00
  1.2178334e+00
  2.5943513e+00
  8.0344015e-01
 -1.1880212e+00
  5.7445068e+00
 -1.4784735e+00
 -1.8984929e+00
 -3.3879206e+00
  1.7210220e-01
 -1.2550848e+00
 -6.2863015e-02
  1.5356215e+00
 -6.0240871e-01
 -7.8130794e-01
 -1.5715172e+00
 -4.3807399e-01
 -6.1781442e-01
 -3.3250291e-02
 -1.4785077e-01
 -1.7814349e-01
 -2.5593048e-01
 -3.5778031e+00
 -2.5550228e-01
 -4.1857105e-01
  1.4728068e-01
 -3.0578333e-01
  4.4301495e-02
  7.0361316e-01
  1.0162034e+00
 -2.0308346e-01
  4.2342651e-01
  5.8766019e-01
 -3.2991365e-01
  1.4892523e+00
 -2.7248618e-01
 -4.1697967e-01
 -1.5744066e-02
 -1.7854649e-01
 -5.6086355e-03
 -5.0349575e-01
 -5.0695521e-01
  2.4968612e+00
 -1.5638936e-01
 -5.3459179e-01
  7.7942677e-02
 -2.0647423e+00
 -1.0003676e-01
  2.5477159e+00
  2.9677203e+00
 -1.7756563e+00
 -4.0258989e-02
 -9.6035577e-02
 -5.6139231e-01
 -2.6270954e-02
 -3.3991180e-02
 -5.4449648e-01
 -1.4240777e+00
 -3.2907155e-01
 -7.3642904e-01
 -5.3642176e-02
  2.6902267e-01
 -3.6439875e-01
  3.5440412e-01
  5.8410460e-01
  4.2350066e-01
 -1.7977785e-01
  2.4385805e+00
 -2.2313763e-01
 -4.9300027e-01
  1.6081873e+00
 -8.0598378e-01
 -1.1826190e-01
  1.8685973e-01
  4.7723332e-01
  3.1026244e-01
 -1.1463039e-01
 -8.5292476e-01
 -2.6841599e-01
  2.5756529e-01
 -5.7859521e-02
 -1.9909521e+00
  2.2261858e-02
 -8.3432847e-01
  5.0662762e-01
  4.2329034e-01
 -6.3074481e-01
 -1.0700316e-01
 -4.4535935e-01
  3.4907329e-04
 -1.7699757e+00
 -3.8773146e-02
 -9.9535215e-01
  1.2042233e-01
  9.8181647e-01
 -3.8799804e-01
  9.4219513e-02
  3.6311131e-02
  1.0138276e-01
  9.8699731e-01
  7.3894724e-02
  9.3827702e-02
 -1.0719763e+00
 -5.5932564e-01
  9.4044882e-01
  3.7917066e-01
  2.4273994e+00
 -1.8983133e-01
  1.0772908e-01
 -2.0143014e-01
  4.0712137e+00
 -3.1461754e-01
  2.3879728e-01
  4.4906165e-02
  1.3670107e-02
  8.1828731e-01
  9.9137294e-01
  1.5804787e-01
  4.7060734e-01
  4.2210078e-01
 -5.8097804e-01
 -2.9950952e-02
  7.9389286e-01
  1.5720516e+00
 -3.3858752e-01
 -1.9834836e+00
  1.5596082e+00
 -1.3375235e+00
 -5.3911138e-01
 -1.1429763e+00
  4.0509591e+00
 -3.4190819e+00
  1.9686503e+00
 -1.4231415e+00
  1.2939054e-01
 -3.6949885e-01
 -2.4607227e+00
 -3.7247603e+00
 -2.1543808e-02
 -1.5388578e-01
 -2.7723649e-01
 -6.9773227e-02
  3.0759571e+00
  2.6501231e+00
 -8.2595694e-01
 -1.8950661e-01
  1.2589769e+00
  1.0559130e+00
  2.2705226e+00
 -3.0954673e+00
 -3.8278390e-02
 -3.8165076e+00
  6.3955194e-01
 -6.6506362e-01
 -1.9731262e-01
  4.3501339e+00
 -1.3927560e+00
 -2.4089216e-01
 -1.6572123e+00
 -1.0654493e-02
  7.0726699e-01
  1.4520533e+00
  4.3883424e+00
  2.4879463e+00
  3.0220749e-02
 -3.2941103e-01
 -2.2407077e-02
  1.3427171e-01
 -1.9147062e+00
  2.5093172e-02
  4.0449238e-01
 -2.9649320e-01
  1.6813774e+00
  6.9357425e-02
  2.2269146e-01
  2.7899608e-01
  2.3288700e-01
 -4.1978106e-01
  7.6629108e-01
  2.5025174e-01
  2.0104598e-01
  3.3594748e-01
 -2.5590351e-01
  4.9103215e-01
 -4.1862550e-01
 -6.0769141e-01
 -2.1067378e-01
 -2.2171384e-01
 -1.6262561e-01
  1.7253044e-01
 -3.2997674e-01
 -8.3390169e-02
 -4.8899320e-01
 -1.8017606e-01
 -6.4928186e-01
 -2.6161506e+00
  5.0954819e-01
  2.2165056e-01
 -1.7321759e+00
 -1.8172610e-01
  7.3926777e-01
  3.1680134e-01
  1.8121985e-01
 -1.1728417e-01
  4.1744787e-01
  5.0326027e-03
 -9.8558760e-01
 -3.5001892e-01
  2.6714307e-01
  3.8250178e-02
  4.7799903e-01
  2.0839748e-01
 -6.6476119e-01
 -1.0716884e+00
 -1.6945547e-01
 -7.0240504e-01
  1.1077738e+00
 -1.8497249e-01
 -2.5109090e-02
  7.5845528e-01
  2.2362863e-01
  9.2166014e-02
  2.7357674e-01
 -5.0598317e-01
  2.4402589e-02
  8.7819867e-02
 -3.6731204e-01
  4.5570097e+00
  5.5004449e+00
  3.0037394e-01
 -3.9199001e-01
 -1.4366895e+00
 -1.5801718e+00
  3.4075180e-01
 -2.3408365e+00
 -3.0411971e-01
  2.1064475e+00
  7.0612103e-01
  1.9213223e+00
 -1.0296574e+00
  2.0538542e-01
 -4.0208826e+00
 -4.7377354e-01
  2.9334009e-01
  5.4283466e+00
 -1.4237717e+00
 -1.9299488e+00
 -4.8142582e-02
 -6.8857396e-01
 -2.8034267e+00
  1.2209859e+00
  2.8845336e+00
 -6.0840887e-01
 -3.8843629e+00
 -3.6149404e+00
  1.9474397e+00
 -2.0953693e+00
  3.7366736e+00
 -2.0279875e+00
 -2.2690928e+00
 -7.7120823e-01
 -4.7309690e+00
 -3.8541465e+00
 -8.9997697e-01
  1.3168532e+00
 -2.7074916e+00
 -3.4805424e+00
 -2.7799144e-02
  1.4947815e-01
 -6.5711957e-01
 -5.5480415e-01
  5.9695834e-01
  1.1499392e-01
  7.3909336e-01
  4.6694726e-02
  1.1651342e+00
 -2.8948206e-01
  2.7712449e-02
 -1.5153561e+00
 -9.9474472e-01
  5.8759532e+00
  4.1171703e+00
 -2.6434317e+00
 -9.6664734e-02
  8.6896159e-02
 -2.5556302e-01
 -4.0296850e-01
 -2.4716332e+00
  1.2563653e+00
 -2.0948811e+00
  2.0511933e-01
 -2.5966337e+00
 -4.3360567e+00
  1.8091104e+00
 -2.2283226e-01
 -1.1507683e+00
  1.2903227e+00
 -4.1283882e-01
  1.6675444e-01
  8.3508927e-01
  1.8690085e+00
 -4.2125831e+00
  5.8165874e+00
  2.4152853e+00
 -3.0673518e+00
 -2.2952898e+00
 -1.5406667e+00
 -2.8122666e+00
 -3.9717488e+00
  1.5071391e+00
  1.0397837e+00
  1.9520367e+00
 -3.2265637e-02
 -8.3042286e-02
  3.0498190e-03
  1.4216316e-01
  2.5479990e-01
 -5.4023373e-01
 -4.6619684e-01
  4.0642634e-01
  6.7226426e-04
  3.9206105e-01
 -2.2944264e-01
  6.9092378e-02
 -3.6091354e+00
  1.0566324e-01
  5.0044082e-02
 -2.8412063e+00
 -3.8566720e-01
 -3.1930646e-01
 -1.2099023e+00
 -1.4363546e+00
  1.3027252e-01
  4.0942255e-01
  1.0478019e-01
 -5.4045077e-02
  8.2223243e-01
  2.3074594e+00
 -2.4623416e-01
  2.4346066e-01
  4.3963566e-01
 -1.4672586e-01
  2.3927200e-01
  1.9575572e-01
  3.3865955e+00
  1.3807309e+00
 -3.5807505e-02
 -6.9937646e-02
 -3.7894183e-01
 -4.1791358e+00
 -2.5822880e+00
  4.2832546e-02
  8.6024797e-01
  8.6924982e-01
 -8.4846747e-01
 -2.0403205e-01
  2.2372019e-01
  2.2543690e-01
  3.5202052e-02
  5.3199583e-01
 -2.4621885e-02
  3.6128119e-02
 -3.0358508e-01
 -2.4895568e-01
 -9.6903759e-01
  1.0499316e-01
  2.0872232e-01
 -1.3767605e-01
 -2.2146585e+00
  1.8213342e+00
 -1.0890333e-01
 -5.5299144e-02
  1.8024831e-01
 -2.8909546e-01
 -2.5497591e-01
 -1.4849955e-02
  2.0580521e-01
 -3.0956255e-02
 -5.9357185e+00
 -1.7220620e+00
 -2.1987274e+00
  4.7174329e-01
  1.3549125e+00
 -1.9930214e-01
 -2.5794351e+00
 -1.9756322e-01
  6.3812923e-01
  2.2268625e-01
 -1.4621259e+00
  2.7501304e+00
 -1.8259321e+00
 -1.7586950e+00
  1.7342947e-01
 -1.5427853e-01
  6.3230976e-02
  3.3401647e-01
 -1.1419653e+00
 -8.0191624e-01
  1.1327300e+00
 -8.0428803e-01
 -3.0143356e-01
 -1.2032050e+00
 -4.5847765e-01
  1.0930215e+00
 -7.7681857e-01
  2.7266576e+00
 -3.1710047e-01
  2.2307830e-01
 -2.1150598e-01
  3.9277175e-01
  1.9741153e+00
 -3.2577090e+00
 -4.8564572e-02
 -3.5506349e-02
  4.7669515e-01
 -6.8039256e-01
  3.3020580e+00
  8.4179066e-02
  4.8202610e-01
  4.0617588e-01
  9.3877032e-02
 -2.0674007e-01
 -2.1863101e-02
 -1.0775635e-01
 -2.3312534e-01
  5.3734958e-01
  2.9448262e-01
  1.2977597e+00
  1.2636133e+00
  2.1144971e-02
  1.0047929e+00
  2.7261900e-03
  6.7181569e-01
  1.9452947e-01
  1.1086924e+00
  1.0534538e+00
 -3.1971544e-01
  1.3062854e-01
 -6.3629630e-03
  4.8772860e-02
 -2.8791468e+00
  5.5972421e-01
  2.0401378e+00
  2.4975933e-01
  1.8145522e-01
 -1.9676035e-02
 -1.9023785e-01
  1.2297283e+00
 -1.4943305e-01
 -1.6124029e-02
  6.5351456e-02
 -2.0847516e-01
 -2.2736328e+00
  8.0175209e-01
  1.5741047e-01
  2.8813705e-01
 -2.7966982e-01
 -4.3077990e-02
 -2.2685157e-02
  2.9105172e+00
 -1.1154015e+00
 -3.1745455e-01
 -6.2978482e-01
  9.0517119e-02
  6.1069095e-01
 -1.5890886e-01
 -1.3494571e-01
  2.1537459e-01
 -5.1146910e-02
  2.7425319e-01
 -3.5405803e-01
  1.4929299e+00
  6.9993764e-01
 -4.9084780e-01
  1.5278329e-01
 -2.6114368e-01
  4.9574798e-01
 -2.0592604e-02
  7.7934235e-02
  7.9060984e-01
 -1.5878239e-01
  2.1982490e-01
  2.0961730e+00
  2.9271693e+00
  5.0110930e-01
  4.8490787e+00
  3.0514922e+00
 -2.3161991e+00
  2.9816701e+00
  4.4799280e+00
  1.5688865e+00
  6.6428089e-01
 -1.6847081e+00
 -7.5421441e-01
 -2.5223353e+00
 -3.3408657e-01
  2.5072175e-01
 -6.7558251e-02
  5.4118669e-01
 -4.0037674e-01
  1.4555396e+00
  1.0078567e+00
  2.0421021e+00
  2.5722507e-01
  2.2391303e+00
  3.3917792e+00
 -6.2427986e-01
 -1.4008340e+00
 -1.2429303e+00
 -7.3318905e-01
 -1.0106100e+00
  3.0907583e+00
  7.2716779e-01
  1.8048909e+00
  2.8308909e+00
  2.8332138e-01
 -3.0234873e-03
 -3.0560257e+00
 -2.7159283e+00
 -6.5229857e-01
 -9.0674372e+00
 -3.4792926e-02
 -1.0338429e-01
  9.3328029e-01
 -8.1273735e-01
 -1.8391639e+00
 -7.0943415e-02
  3.1712341e-01
  2.7086761e-02
 -4.5964804e-01
 -6.3061529e-01
 -5.1717448e-01
  1.4753255e+00
 -7.1534626e-02
 -1.7334017e+00
 -5.7317799e-01
 -3.0601820e-01
  8.1567153e-02
 -7.1298093e-01
 -6.5438479e-01
 -2.4306972e+00
 -6.0737473e-01
  3.5771498e-01
  6.0542770e-02
 -8.6132228e-02
  1.1079528e-01
 -4.8792414e-02
  1.4465061e+00
 -1.2508492e-01
 -3.7829819e-01
  1.4678724e-01
  2.4860072e+00
  2.4057782e-01
 -1.8764241e-01
  3.9401838e-01
 -1.5049442e-02
  8.7717974e-01
  2.6835757e-01
  7.2434291e-02
  6.0085541e-01
 -9.6361898e-02
 -6.6534323e-01
  1.1347579e-01
  2.5626702e+00
 -3.0728186e-02
  6.0447413e-02
 -5.1009346e-02
  9.7339265e-02
  2.5394769e+00
 -1.7590918e-01
 -1.2523064e-01
 -3.9221206e-01
  1.4464213e-01
  2.9539872e-02
  5.0249404e-01
  7.8262992e-02
  1.1184041e-01
 -4.7640869e-01
  2.7299886e+00
 -7.2228044e-02
  1.8885168e-01
  5.8087093e-01
  3.0772272e-01
 -1.3468538e-01
 -1.7051530e+00
 -1.5058020e-01
 -1.4499808e-02
 -2.0124857e+00
  1.5805773e-01
 -4.5335531e-01
 -1.7630231e+00
 -3.4065189e+00
  3.7199295e-01
  1.5316713e-01
 -3.4530461e-01
 -3.3198090e+00
 -3.3285376e-01
 -1.3004667e-01
 -2.8133148e-02
 -1.1184397e-01
 -4.5329058e-01
 -5.7524675e-01
  1.0009396e+00
  6.6232555e-02
  1.1096065e-01
 -1.7400351e+00
  2.3825112e-01
  2.4597681e+00
 -1.4145014e-01
 -4.8140679e-02
  5.8507013e-01
  1.6266736e-01
  5.9677351e-01
 -1.6750139e-01
 -1.2466909e-01
 -3.8883945e-01
  8.0125129e-01
 -2.2233374e-01
 -1.4749804e-01
  1.6990873e-01
  9.4453342e-02
  3.5287225e-01
  7.8351653e-01
  3.8985735e-01
 -2.5572360e-01
 -1.8122652e-01
 -4.6757564e-01
  1.1497635e+00
 -1.1456027e-01
 -1.4521465e-01
 -1.2075882e-01
  1.5417393e-01
 -2.7885568e-01
 -2.3109984e-01
 -7.7735132e-01
 -2.1301298e+00
 -3.6319680e+00
  2.6026599e+00
 -4.4826622e+00
  4.0187585e-01
  2.7236702e+00
  5.4655600e+00
  3.4379449e+00
  1.2088169e-02
  1.7523088e+00
 -7.3141891e-01
 -2.7659922e+00
 -7.9057026e-01
 -1.7441195e+00
 -4.5897536e-02
 -9.8043966e-01
  1.8392876e+00
  1.9200341e+00
 -1.8795806e+00
  2.2851112e+00
  1.5825231e+00
 -1.4305536e+00
 -4.1012954e-02
  3.8812947e+00
 -9.4212031e-01
  1.2923455e-01
 -1.8644711e+00
 -3.5085628e+00
  6.0453281e+00
  1.1155437e+00
 -3.7706785e+00
  1.4918140e+00
 -2.8489211e+00
 -1.5939464e-01
 -9.4546026e-01
  1.0394424e+00
  2.2442925e+00
 -7.5154379e-02
  8.5426427e-02
 -3.0370829e-01
 -1.6857215e+00
  3.3932470e-02
  1.5096478e+00
 -2.8177366e-01
  7.3114371e-01
  1.7722499e-01
 -1.7113826e-01
 -9.5687610e-01
 -8.7383014e-01
 -3.7141833e-01
 -1.3398307e-02
 -2.5544694e-01
 -1.3485515e+00
  4.3016139e-01
 -3.2085125e+00
 -9.7615207e-03
 -1.0734187e-02
  3.6692111e+00
 -1.7582501e-01
  2.4390939e-01
 -2.2611217e-01
  1.8155627e-01
  4.0445316e-01
 -4.5638088e-02
 -2.0572226e-01
 -1.4137964e-01
 -5.7784420e-01
  2.0823801e+00
  2.7765823e-04
  3.3524799e-01
  5.2273452e-01
 -4.5810640e-01
 -1.9490416e-01
 -1.3423444e-01
 -1.3560638e+00
  2.3270400e-01
  3.0800860e+00
  2.3225692e-01
 -1.4365102e-02
  2.7374930e-03
  2.1733329e-01
  2.0818578e-01
 -1.5918884e+00
 -7.5559951e-02
  2.5268632e-01
 -4.4134655e+00
 -8.3316010e-01
 -1.9788092e+00
 -2.9481086e-01
 -8.3251745e-02
 -6.6442150e-01
  1.8731329e-01
  1.1834968e-01
  2.3101075e-01
 -2.2834265e-01
  9.2060290e-02
  2.9266304e-01
  4.1075450e-01
  6.0240668e-01
 -6.7614935e-02
  2.3891206e+00
  4.2552132e-02
  1.0332496e+00
 -2.9972249e-01
 -7.7727926e-01
 -1.1291073e-01
 -1.8310037e-01
  1.1476314e+00
 -9.3026422e-02
  9.1620781e-02
  3.7656900e-01
  3.4032944e-01
  8.2094651e-01
  8.1268460e-02
 -1.0500824e+00
 -8.9501040e-03
  2.1128941e+00
 -1.1539270e-01
 -2.0724691e-02
 -1.6615721e+00
 -2.6729110e-01
  9.4255492e-02
  1.0676294e-01
  1.6362711e+00
  7.6250970e-01
 -2.9588148e-01
  7.3886061e-01
  2.0618572e+00
 -3.6790583e-02
 -5.7293010e-01
  2.2834295e-01
  2.8890646e-01
 -8.8268414e-02
 -1.1119244e+00
 -7.4283093e-01
 -3.0510351e-01
  8.9605802e-01
  1.6204771e+00
 -6.9468212e-01
  2.9452674e+00
 -4.4762385e-01
 -4.0994033e-01
 -5.5271137e-01
 -1.8242896e-01
  8.5367836e-02
 -3.0914190e-01
  2.1922491e-02
  3.0573872e-01
 -4.2904388e-02
 -2.6197851e-01
 -5.5886143e-01
  7.4036822e-02
 -1.2333253e-02
 -7.5834365e+00
 -3.4545152e+00
  5.0660510e+00
  6.9543779e-01
 -2.6065011e+00
  6.2032495e+00
  3.8011439e+00
  4.5579445e-01
 -5.2576292e-01
  8.5342801e-01
 -5.6342430e+00
  5.3589268e+00
 -2.2902188e-01
  1.2061822e+00
  5.6182623e+00
 -9.8302879e+00
 -3.4752521e-01
 -2.5035533e-01
 -1.6215707e+00
 -1.5657299e+00
 -1.4065967e+00
  4.0602922e+00
 -4.2100010e+00
  1.7955303e+00
 -1.3225092e+00
 -1.3242254e+00
 -3.1040235e+00
  3.5686374e+00
 -1.6038123e+00
 -4.0381497e-01
 -3.3766827e-01
  8.0679780e-01
 -1.5768685e+00
 -3.7677791e+00
  4.7513556e-01
  8.8552564e-01
 -1.3787280e+00
 -2.8269354e-01
 -1.1209195e+00
  4.1123977e+00
  7.1243209e-01
 -4.4874591e-01
 -3.9376354e-01
 -8.8155037e-01
  1.3771362e+00
  1.4458406e+00
  2.6807290e-01
  6.3378253e-04
  1.0615095e+00
 -4.0400338e-01
  1.2030775e-01
  5.4692394e-01
  1.0556427e-01
  6.6118702e-02
  3.6723683e+00
 -3.8837057e-03
  2.6845787e+00
 -1.5071884e-01
  8.2800567e-02
 -8.1917733e-02
 -8.0312312e-02
  1.6967849e+00
 -2.1946126e-01
 -5.5864125e-02
 -3.1335920e-02
  2.4124937e-02
 -3.3197752e-01
 -6.1024743e-01
 -3.4588608e-01
  9.3311596e-01
 -7.9827327e-01
 -6.6801810e-01
  1.6396660e-01
 -1.2101663e+00
 -2.0855989e-01
 -9.6561380e-02
 -2.9178302e+00
 -3.1501412e-01
  1.9402986e+00
  4.1717345e-01
 -2.7404764e-01
 -2.9704893e-01
  4.0143675e-01
  1.6679885e-03
  1.9250762e+00
  6.1758399e-01
  7.0131756e-02
  6.7980021e-01
 -1.5855137e+00
  2.7342197e-01
 -3.8750328e-02
  4.7082457e-01
  3.3340693e-01
  1.2507038e-02
 -4.9324268e-01
 -1.9039518e+00
  1.2658240e-01
 -4.3846559e-02
 -8.8379520e-01
  8.9427121e-02
 -4.2557693e-01
 -4.3120008e-02
 -1.2708558e+00
  1.2820185e+00
  1.1807925e+00
  3.5227232e+00
  4.7007415e-01
 -9.4860099e-02
  1.0851684e+00
 -3.6310321e-01
  3.1066185e-01
  2.6600778e-01
  6.3732415e-01
  1.5517136e+00
  2.5656700e-01
  3.4626573e-01
 -3.8506612e-01
  9.6161550e-01
  9.5657027e-01
  6.0299045e-01
 -1.5361571e+00
 -1.3816738e+00
  9.2393542e-03
  2.3719922e-01
  7.5646169e-02
  4.5871031e-01
  3.7511328e-01
 -3.2971688e-02
  2.0604954e+00
  1.9278604e-01
  3.6984488e-01
  2.4319335e-03
 -5.8617920e-01
 -7.9860228e-01
  1.5518340e+00
  1.9492406e-02
 -1.1060847e+00
 -7.9791683e-01
  3.3816110e-02
  1.2337554e-01
  2.5016624e-02
 -9.7365268e-02
 -8.6113684e-02
  8.9115277e-03
 -1.2815188e-01
 -3.9478499e-02
  8.0111898e-02
 -3.7453824e-01
  1.3320909e-01
 -5.7684910e-03
 -3.0692935e-01
  2.4046078e-01
 -3.3531148e-02
  1.2641425e-01
  1.6287630e+00
  4.1862960e+00
  4.3342590e-01
 -1.4152924e+00
 -9.8251998e-02
  1.1414633e+00
  3.4192975e+00
  2.6974163e+00
 -1.6264054e+00
  3.3574674e+00
  1.6953561e+00
  3.4837294e+00
  1.6226161e+00
  1.3622570e+00
  5.6482369e-01
  9.5439702e-01
 -2.8780735e+00
 -2.2146769e+00
 -1.0279859e+00
 -2.4280624e+00
 -4.5670156e+00
  1.8292476e+00
  1.8273031e+00
  2.3021812e+00
 -1.2837721e-01
 -4.8630533e+00
  1.5494806e+00
 -1.4876376e+00
  6.2263876e-01
 -2.5278399e+00
  1.5045357e+00
 -1.2909911e+00
 -8.8011158e-01
 -3.5853255e-01
  9.8273855e-01
 -1.2656293e+00
  2.5057683e+00
  2.2559063e+00
 -2.0291793e+00
  1.0192072e+00
  1.7390391e+00
 -2.6531297e-01
  2.8991480e+00
 -1.5463399e+00
 -1.2505430e+00
  4.8260140e+00
  8.7144357e-01
  2.1328084e+00
  2.6355502e-01
  1.8492210e+00
 -3.4820321e+00
  5.0255437e+00
  6.5504128e-01
  4.5865533e-01
 -1.5080725e+00
  1.6736027e+00
  2.0731518e+00
  2.7859857e+00
 -3.8784134e-01
 -4.1187801e+00
 -2.8972654e+00
  1.9705682e+00
 -2.9988649e+00
 -1.1958284e+00
  2.8180373e+00
 -1.2905250e-01
  5.4774582e-01
 -2.4414752e+00
  1.9763383e+00
 -1.9373850e+00
 -2.3269773e+00
  6.3504452e-01
 -2.5142915e+00
 -1.8234740e+00
  5.0772977e-01
  2.4503653e+00
 -2.6368892e+00
  2.3773172e+00
  1.3478245e+00
 -6.3186855e+00
  1.4820979e+00
 -1.3791203e+00
 -2.1119027e+00
 -2.7507496e+00
 -6.2128121e-01
  6.6707689e-01
  1.2170852e+00
 -1.5602974e+00
  2.0731702e+00
  2.3787463e+00
 -1.7381401e+00
 -2.1946120e+00
  6.3109508e+00
  1.3064820e+00
 -3.8723767e+00
 -1.9865963e+00
 -1.4372537e+00
  2.9732647e+00
  1.9010549e+00
 -1.5110798e+00
  2.2314186e+00
 -2.8283420e+00
  1.3779800e-01
 -4.3992558e+00
  6.9316484e-02
 -1.6295462e+00
  3.0303164e+00
  2.6937132e+00
 -2.8431361e+00
 -8.7106222e-01
 -3.1190759e-01
  4.5341740e+00
 -8.7729615e-01
  2.2016611e+00
 -1.5078120e+00
 -1.7764931e+00
 -3.3534784e+00
  2.7569935e-01
  2.3555198e-01
 -4.5609741e+00
 -6.8620688e-01
  2.1035316e+00
  3.8247900e+00
  3.7237933e+00
  1.1854264e+00
 -2.6394465e+00
  2.7834346e+00
 -1.9005653e+00
 -9.2392433e-01
 -3.6805980e+00
 -8.5111022e-01
  4.0373129e-01
  9.8388326e-01
  6.1219043e-01
  1.6221150e+00
 -3.7895939e+00
  2.2721643e+00
  3.7273424e+00
 -2.8576663e+00
 -4.4666171e-01
  2.5494006e+00
 -3.1022699e+00
  1.9966612e+00
  4.2243725e-01
  2.1744001e+00
  1.7521143e+00
  2.3271029e+00
 -1.3284607e+00
  5.6632209e+00
 -1.9421235e+00
 -5.4877877e+00
  3.2115955e+00
  6.1735315e+00
  2.5721872e+00
  3.9194447e-01
  1.5403867e-01
  2.7312231e+00
  6.4276924e+00
  5.3392764e-02
 -4.4833679e+00
 -4.1881418e+00
  4.4066133e+00
 -1.5949234e+00
  2.0484067e-01
  1.8949001e+00
  3.6883953e-01
  2.2758067e+00
 -1.2067974e+00
  2.6174734e+00
 -3.0319936e+00
 -8.0822438e-02
  1.3084958e+00
 -5.7652011e+00
  2.9597175e-01
  5.7212406e-01
  1.3908865e+00
 -3.9957038e-01
  4.5447770e-01
 -1.4025546e+00
 -5.6012139e+00
  4.1015177e+00
 -4.3033741e-02
 -6.6156583e+00
 -5.7392268e+00
 -3.3578303e-02
 -1.8306843e+00
  1.2536595e+00
 -2.8867083e+00
  3.9199028e+00
  2.6961362e+00
 -2.3840055e+00
 -5.9297729e+00
  1.1729931e+00
 -4.3476648e+00
 -3.1246624e+00
 -4.6883903e+00
 -4.2470179e+00
  3.8713045e+00
  4.2643614e+00
  1.7106390e-01
  4.5229446e-02
  4.5303094e-01
  4.7105003e-02
  1.2854016e+00
  3.6032692e-01
  8.7924421e-02
  1.4829628e-01
 -2.7501531e+00
 -4.6642359e-02
  1.5773137e+00
 -4.2029732e-01
 -1.9570027e-02
  1.8252001e+00
 -2.4563996e-01
 -4.9272746e-01
  2.0947094e-01
  4.3060020e-01
 -1.7056768e+00
  6.6835294e+00
 -3.5434651e-01
  3.0606711e-01
  3.5360298e-01
  2.8198557e-02
  4.2812479e-01
 -2.7231556e-01
 -4.0355283e-03
 -7.6090813e-02
 -1.6323745e-01
  8.5647725e-02
  6.0184173e-02
 -1.6526607e-01
  2.7346593e-01
  2.3749290e-01
  1.1295807e-01
 -2.3906988e-01
 -6.0993671e-01
  1.8078288e-01
  7.4303836e-01
 -3.6139244e-01
 -8.7514836e-01
  4.9829645e+00
 -4.6313533e-01
 -2.5491196e-01
  4.4048020e-01
 -2.0635477e-01
 -3.4269845e-01
  5.3411800e-01
  2.8722522e-01
 -3.6614466e-01
  1.8049410e-01
 -9.9532820e-02
  3.4473901e+00
 -1.7881014e+00
  1.9791179e+00
 -1.8301345e+00
 -5.0840390e-01
 -1.8582442e+00
 -3.0239996e-01
 -2.3836861e+00
  1.4127306e+00
  3.5616207e-01
  3.1203647e+00
 -3.5729373e-01
  5.2850455e-02
 -3.0526775e-01
  1.4797220e-01
  3.0080192e+00
  1.0656809e+00
 -5.5592495e-01
 -1.1781963e+00
  1.5940646e-02
 -8.2424051e-01
 -2.8179111e+00
  8.5120642e-01
 -4.8516202e-01
  5.4478127e-01
  4.1807899e+00
 -1.3379583e+00
 -7.1133757e-01
  9.6150059e-01
 -1.7119435e+00
 -2.9210145e+00
 -3.1124420e+00
  3.4565015e+00
 -6.7491835e-01
 -3.5371640e-01
 -4.2774138e+00
  3.7272373e-01
 -5.2485257e-01
 -2.3730041e-03
 -4.1399993e-02
 -2.2343969e-01
  2.8378737e+00
  2.1055586e+00
 -2.3111558e-01
 -1.0479672e-01
 -5.1128846e-01
  6.3809305e-02
 -4.0871289e-01
  1.6897210e+00
 -3.6819738e-01
 -3.6237970e-01
 -1.4207019e+00
 -6.7783169e-02
  3.8728841e-02
 -9.9701174e-03
  8.1443095e-01
  3.4507465e+00
  2.3865603e-01
 -4.6949854e-01
 -3.2208267e-01
  3.1964603e-01
 -6.1241317e-01
 -5.5177480e-01
  1.0489846e+00
  1.9286981e-01
  7.2989330e+00
  1.8165607e-02
 -1.8691039e-01
 -3.0516696e+00
 -5.4129791e-01
  2.3130986e-01
  8.7110829e-01
 -7.0061052e-01
 -3.0640155e-01
  8.6014174e-02
 -1.4246334e-01
 -2.1714104e-02
 -3.7365988e-01
  2.3276508e-01
 -2.6970547e-01
 -1.0936929e-01
 -4.7484517e-02
 -7.8648341e-01
 -1.0197228e+00
 -3.7166512e-01
 -1.2349716e+00
  3.7875753e-02
 -2.5753745e-01
 -2.0664771e-01
  1.1906753e+00
 -2.5862005e-01
  1.8795736e-02
  4.5462504e-01
 -4.7490096e-01
 -3.6356633e-03
  2.5900995e-02
 -1.2552670e-01
 -3.3570996e-01
  4.9437532e-01
 -3.5115236e-01
 -3.8464418e-01
 -5.1669691e-02
  2.9162169e-01
 -8.7363505e-01
  4.0237732e-02
  7.0273125e-01
  3.4120216e+00
 -5.4604894e-01
  2.7177367e-01
  4.5521423e-01
 -2.6874528e-03
  1.9427338e-01
  3.6349288e-01
 -1.8130021e-01
  1.5565146e+00
  3.8174048e-02
  7.0253626e-02
 -6.3525081e-02
 -3.0830674e+00
  2.7624783e-01
  4.8352125e-01
 -2.2710975e-02
  3.3645990e-01
  5.2595675e-02
 -4.5601675e-01
 -4.1427642e-02
 -5.6754265e-02
 -4.6149188e-01
 -9.3945630e-02
 -2.8317946e-01
  2.2024031e+00
  7.1027541e-01
 -2.4147956e-01
  6.6827667e-01
 -8.7887537e-01
  3.5134709e-01
 -3.1551254e-01
  1.3919598e-02
 -8.0051690e-02
 -1.3699460e+00
 -2.6152509e-01
 -4.5721367e-01
 -1.0505379e-01
  1.5920097e-01
  1.1017235e-01
 -5.5779476e+00
  9.1742136e-02
 -4.1525415e-01
  1.9943543e-01
  6.7640789e-02
  1.1826041e+00
 -4.4013627e-02
  3.6670966e+00
  4.2201371e+00
 -3.2829720e-01
 -1.8358207e+00
 -1.5382301e+00
 -4.7134891e+00
  6.2555891e-01
 -2.3881176e+00
 -2.3301094e+00
 -1.5203834e+00
 -1.1725203e+00
  5.7251930e+00
 -6.3238525e-01
 -1.8650303e+00
 -1.3692123e+00
  2.1050729e-02
 -2.3874266e-01
 -1.2461722e+00
  6.6975436e+00
  2.0726261e+00
 -1.9321012e+00
  3.2353275e+00
 -1.3467350e+00
 -5.2671975e-01
  2.9438415e+00
  1.6664741e+00
 -1.1213546e+00
 -3.9143531e+00
  1.3647151e-01
 -5.4493136e+00
 -3.2982664e+00
  9.2809117e-01
  4.2569257e-02
  1.0476214e-01
  4.6611381e-01
  1.1943150e+00
  1.1222631e+00
  2.2956078e+00
 -1.9241413e-01
 -9.7393829e-01
 -2.4900447e-01
  1.3797674e-01
  1.6375034e-01
 -3.3268958e-01
  1.6163740e-01
  2.7403110e-01
 -3.0254634e-02
 -1.3346632e-01
  3.7026334e-01
  8.0595100e-01
 -1.6694660e+00
 -9.4455254e-01
 -3.6692303e-01
  5.2689238e+00
  2.3780832e+00
  5.7552199e+00
  3.2454724e+00
 -1.7765496e+00
  3.0723925e+00
 -3.9750676e+00
 -1.4928837e+00
 -3.9067796e-01
 -6.8790579e-01
  2.9145357e-01
  3.7386421e-02
  2.3495898e-02
 -6.5134513e-01
 -5.4254651e-01
 -1.2546690e-01
 -6.0095587e+00
 -6.1758299e+00
 -3.9942977e-01
  6.1524916e-01
 -1.8729773e+00
  1.5932298e-01
  1.3214320e+00
  1.6496241e-01
 -1.9239016e+00
  2.2859609e+00
  2.0070765e+00
  1.9278510e+00
  6.6978951e+00
 -2.3021685e-01
  3.2891753e+00
 -5.7487025e+00
 -2.3589146e+00
  9.7462630e-01
  2.6505511e+00
  1.1632169e+00
  3.0552679e-01
  3.2065552e-01
 -1.1788065e-01
 -5.4459673e-01
 -1.1065058e-01
 -1.0636582e+00
  3.0903645e+00
 -1.1032436e+00
 -1.9347977e-03
  1.3787672e-01
  6.9852307e-02
  1.3135568e-02
 -2.9412800e-01
 -1.0704644e-01
 -1.7556282e+00
  1.0261441e+00
 -1.9913383e-01
  3.7681701e+00
  4.3104774e-01
 -3.9125744e-02
  1.3418896e+00
 -1.0129867e-01
 -4.1556023e-02
 -5.8446395e-01
  2.7086586e-01
 -1.7364196e-01
  1.7766968e+00
 -2.9052174e+00
 -1.4074086e-01
 -4.6114486e-02
  1.2849988e+00
  2.5298109e-02
  5.4906029e-01
 -3.0838925e-01
  2.5488859e-01
 -8.0562830e-01
 -4.3850747e-01
 -1.9317755e-01
 -7.6557405e-02
  1.2804548e-01
  2.4414158e-01
 -2.0409423e-01
  8.3125490e-01
  6.4408168e-02
 -6.7445958e-01
 -2.9506302e-01
  5.9411738e-02
 -6.8215698e-02
 -2.2216225e+00
 -2.9525293e-02
  1.7269177e+00
  7.5651035e-02
  3.2508355e-01
 -5.6356299e-01
 -6.9425303e-01
  2.2344130e-01
  1.3009538e-01
  2.4853100e-01
  8.5724354e-01
 -1.0910236e+00
  9.7942851e-02
 -3.1512287e-01
 -1.1063857e-01
 -2.3791170e-01
 -4.7184529e+00
 -1.1127096e+00
  4.6130013e-02
  7.3051447e-01
 -4.8385606e+00
 -1.1681362e+00
 -2.7782090e+00
 -1.8777080e+00
 -1.6086285e+00
  1.9422819e-01
 -2.5186884e-01
 -5.7604778e-01
 -2.3752058e-01
  1.0944856e+00
  1.7314491e-01
 -3.6409655e-01
 -1.2814062e+00
 -1.1929166e-01
 -2.8882112e-02
 -2.3714309e+00
  8.9740533e-01
 -2.7778646e-01
  2.1675909e-02
 -1.9657554e-01
  5.5864565e-02
 -2.9693654e-02
  8.9311886e-01
  3.8694987e+00
  1.3203733e-01
 -3.2649517e+00
  4.4306237e-01
 -1.3328116e+00
  1.1611927e+00
  4.5254946e+00
  2.4107780e+00
  4.7091869e-01
 -1.2846522e+00
 -7.5394917e-01
  1.8240698e-02
  9.8086804e-02
  2.3803575e-01
 -6.8475373e-02
 -7.6357895e-01
 -6.8574176e+00
  8.7018363e-02
  7.9943717e-01
  1.8323572e-01
 -7.0451662e-02
  2.8592843e-01
 -3.7884917e-02
  2.6566646e-01
 -4.5864820e-01
  1.5795797e+00
  1.1132260e-01
 -4.0370123e-03
  1.4331813e-01
  1.0668274e+00
  5.6773639e-01
  5.0318772e-01
  4.1489858e-02
  6.4344287e-01
  1.3865584e+00
 -1.0347633e+00
  3.4359142e-02
  1.4080030e-01
  1.8997833e-02
 -9.2541301e-01
 -4.4768655e-01
  5.1823735e-01
  3.9773133e-02
 -1.5709153e-01
  2.0960264e-01
 -1.6270581e+00
  1.4346705e-01
  2.8177967e-02
 -4.3724301e-01
 -2.7930650e-01
 -1.3841077e+00
  5.9430999e-01
  5.0967866e-01
 -2.7111635e+00
  6.0874768e-02
 -8.6299533e-01
  5.2832329e-01
 -5.8840978e-01
 -2.0520376e-01
 -7.6785094e-01
  1.4036368e-01
  3.3781803e-01
  2.2372350e-01
 -1.3622163e-01
  6.4992830e-02
 -8.4290338e-01
  3.1566992e-01
  2.4440931e-01
  4.3506730e-01
  9.7987282e-01
 -2.2993308e-01
 -1.8245414e-01
  3.8363761e-01
  2.8734651e-01
 -2.0105422e-01
  1.2810418e-01
  2.5991395e-01
 -6.7934886e-02
 -9.4652903e-01
  3.1638581e-01
  1.7617388e+00
  3.5576676e-03
  4.9980441e-01
  5.8595639e-01
 -1.3959117e-01
  1.1957626e-01
 -2.1374395e-01
 -7.7411777e-01
  5.4615808e-01
  3.6020210e+00
  2.6103249e-01
  2.7535746e+00
  2.6995778e-01
  1.9700217e+00
  4.5850840e-01
 -2.6164347e-01
 -5.7772953e-02
  2.0893092e-01
  1.6290043e-01
 -4.6193618e-02
  1.7962547e-02
 -1.0537914e-01
 -2.1587994e+00
 -1.0216453e+00
 -1.5544623e-01
  2.8211629e+00
 -1.2540763e-02
 -1.3249719e+00
 -8.1456803e-02
  8.4887028e-02
  1.1162756e-02
 -1.7368264e-01
 -7.3793302e+00
  2.1345401e-01
 -8.7204379e-01
  1.7145683e-01
  3.0305958e-01
  1.1267868e+00
 -3.3771034e-02
  4.3891007e-03
  3.5000148e-01
 -4.6980843e-01
 -2.7454731e-01
 -4.8707649e-02
  4.6711972e-01
  1.9858593e-01
  1.9482160e-01
 -2.3013608e-01
  1.8456371e-01
 -6.8747538e-01
  4.2225394e-02
 -2.0297123e-01
  2.4438980e-01
 -3.2135618e-01
  4.5644554e-01
 -6.2332716e-02
 -1.4075906e+00
  2.0296520e-01
 -6.3410730e+00
  1.6215029e-01
 -2.6914196e+00
 -7.7052936e-02
 -3.1651309e-01
 -3.3894604e-01
  3.4515597e-02
  1.2401383e-01
  1.6857420e-01
 -1.7275540e-02
 -4.1767484e-01
 -6.0263686e-02
 -1.7616859e-01
 -2.0332994e-01
  2.0358196e-01
 -2.7728397e-01
 -4.0766877e-01
  3.6981824e-01
  5.3387828e-02
 -6.7563170e-01
  4.5485774e-01
  1.5325470e-02
 -1.5161057e-01
 -3.2879549e-01
  5.2846122e-01
 -1.1007937e+00
  1.5875379e-02
  3.5097319e-01
 -7.3751318e-01
  6.7297645e-02
  3.4231830e-01
  6.0810924e-01
 -7.0202097e-02
 -2.1913013e+00
  2.8504953e-01
 -3.0673882e-01
  8.8597439e-02
  1.3925432e+00
  1.1820700e-01
 -1.3470514e-01
  3.1794729e+00
 -7.7768737e-01
 -1.2496033e+00
 -2.2054379e-01
  4.1458793e+00
 -3.2828996e-01
  4.2608362e-01
 -8.4797555e-01
 -2.4144511e-01
 -8.5016316e-01
 -2.9391428e-02
  2.6650494e-01
  3.4925321e-01
 -1.0513966e+00
 -2.0181483e-01
 -1.2378516e-03
  3.8378003e-01
 -2.7018821e-01
 -9.2947163e-02
 -3.3976030e-01
 -4.6799961e-01
  4.7541443e-01
  3.2117936e-01
 -1.4564877e+00
 -4.0588334e-02
 -7.4513324e-02
  1.0136269e-01
 -4.0949109e-01
  1.0138281e-01
  7.2558951e-01
 -1.0714707e-01
 -2.2483522e-01
 -1.4257394e-01
 -6.7937680e-02
 -1.0971166e+00
  7.4516244e-02
 -1.2957847e+00
 -6.6185778e-05
  7.2910118e-01
  5.3504074e-01
 -1.5147904e+00
  3.1735595e-02
  8.4776305e-02
 -2.8252877e-02
  4.0649895e-02
  7.8111178e-01
 -1.9448721e+00
 -1.3972621e-01
  1.9481237e+00
  6.1119869e-02
 -6.3465671e-03
 -8.6115777e-02
 -1.8652633e-01
  1.0385066e-01
 -1.9913359e-01
  3.7948835e-01
  5.3776406e-02
 -9.3511619e-02
  1.1538960e+00
  1.5694138e-01
 -1.2322345e-01
  4.8229141e+00
 -2.5347676e-02
  1.1313013e+00
 -2.4980633e+00
  2.1549180e+00
  3.1704147e+00
  1.8064581e-01
  1.1830697e-01
  3.0416471e-01
  2.7794194e-01
 -1.1790949e+00
 -3.9812483e-02
 -4.2154752e-02
  3.8782675e-02
 -1.1422141e+00
 -3.3218823e-03
  6.8652265e-02
 -5.9517443e-01
 -1.0658290e+00
  3.2915097e-02
  1.6513129e-01
 -9.8423100e-01
 -5.4072875e-01
 -4.2833332e-02
 -3.4899808e-02
 -1.0705661e-01
  3.7548270e-02
  3.7592235e-01
  3.0640187e-03
 -4.5222545e-01
 -5.1865232e-01
 -7.4091375e-01
  1.7307525e+00
 -2.2858557e-01
  2.0444693e-01
 -2.6596301e+00
 -3.7008220e-01
 -2.9120782e-02
  4.2084590e-01
  3.8980424e-02
 -1.3217815e+00
  2.4331519e-01
  3.3274341e-01
 -1.2606363e-01
 -1.8995681e+00
  1.4523401e+00
  6.1978386e-03
 -9.8511612e-01
  1.3173976e+00
 -8.4430210e-02
 -4.1374657e-03
 -4.7546390e-01
  1.1674190e-01
  2.6670203e-01
  6.7019209e-02
 -2.2229493e-01
  3.4139074e-02
  2.3449026e-01
 -8.2475439e-02
  2.1132067e-01
 -4.6708834e-01
 -1.7852370e+00
  3.6760871e-03
  1.3916898e-01
  5.3532577e-01
 -5.0182396e-01
 -6.5584910e-01
  6.4310133e-01
 -6.5187311e-01
 -3.6485153e-01
  4.8822138e-01
  2.3918195e-02
  5.9949856e+00
  3.5296375e-01
  2.1522026e-01
 -5.7909650e-01
 -9.4313598e-01
 -1.8050230e-01
 -3.2394737e-01
 -1.7721488e-01
  2.0386103e-01
  1.7790152e-01
  7.4439563e-02
  2.3558376e-02
 -3.6189284e+00
  4.9302739e-01
  4.0650612e-01
  3.0383208e+00
  2.8255379e-01
  2.4222924e-01
 -9.6853554e-02
 -1.3305074e+00
  1.9884513e-01
 -6.6039486e+00
 -5.8617320e+00
 -1.4095609e+00
 -3.1919223e-01
  3.5751143e+00
 -1.6761091e+00
  1.8195939e-01
  7.4079975e-02
 -1.8106945e+00
 -1.8488787e-01
 -2.2306344e-01
  4.0929303e+00
  4.1482691e-02
  2.2832367e-01
  1.8465856e+00
 -1.8630068e-01
  9.2349976e-02
 -1.7271209e-01
  1.9514279e-01
 -1.4484395e-01
 -7.9974961e-01
  2.9848236e-01
 -6.2933201e-01
  2.8261449e-02
 -1.9229966e-01
  4.5989516e-01
  4.1791341e-01
  5.1220107e-01
  7.1737897e-01
  2.2213027e-01
  1.4457185e+00
  5.2288208e-02
 -1.1667506e-01
 -5.9408788e-02
  4.3669808e-01
 -5.6010395e-01
  2.0104818e-02
 -1.2511581e+00
 -1.4560427e-01
 -5.9389159e-02
 -6.8994343e-01
  4.3797964e-01
 -8.5275882e-01
  1.7779803e+00
 -1.9761113e+00
  3.8955873e-01
 -3.0760589e-01
  5.9140660e-02
  3.5809562e-01
 -7.7798891e-01
  2.9524715e+00
 -8.7173432e-01
  1.8716831e+00
  7.2267044e-01
 -4.5107654e-01
  1.8174342e+00
  5.6021643e-01
  6.6277397e-01
 -2.3467362e+00
  1.9284235e-01
  5.9107065e-01
  5.2586645e-01
 -9.7409368e-01
 -3.4462434e-01
  1.0453215e+00
 -1.1610205e+00
  3.0500987e+00
 -4.6974664e+00
  1.5776830e+00
  9.8049134e-02
  1.2776983e+00
 -1.9174509e+00
 -2.6675084e-01
  2.0631685e+00
 -2.1743236e+00
 -3.2788938e-01
 -1.3112171e+00
  3.2419637e-01
 -2.6403248e+00
 -3.8113055e-01
  1.2720109e+00
 -2.0669868e+00
 -3.8587177e+00
 -4.4939947e+00
  1.4197037e+00
 -2.2046423e+00
 -1.1322851e+00
  8.8204485e-01
 -3.7918200e+00
 -5.3081065e-01
  8.6608239e-02
  1.1446231e-01
  2.0809362e+00
 -3.2559290e+00
  2.2207811e+00
  2.3695093e-01
 -7.3599637e-01
  2.9236306e-02
 -1.5817238e-01
 -5.3246373e-01
  8.8063674e-03
 -9.6276961e-03
  1.5160406e-01
  8.7824553e-02
  4.1989985e-01
 -3.0375369e-02
  5.0683105e-01
  5.5279547e-01
  1.5916948e-01
  1.5040721e+00
 -8.2505006e-01
 -3.1989017e+00
 -5.9482151e-01
 -1.8099830e-01
 -1.1447737e+00
  1.3538285e+00
  1.5790933e+00
  2.2454694e-01
 -7.8297980e-02
 -4.6525050e-02
  2.8510273e+00
  5.0837642e-01
  2.8287409e-02
  2.4394219e-01
 -2.0076492e-01
 -8.7060742e-02
 -2.0862000e-02
 -1.1965905e-01
 -4.5025939e-01
  7.9981439e-02
 -6.1686728e-02
  3.0572206e-02
  1.2578280e+00
  1.6272688e-01
  3.1583652e-01
  2.3875387e-01
 -7.3037285e-01
 -2.2412503e+00
 -1.4407523e-01
 -3.5896577e-02
 -2.2389506e-01
  4.6846354e-01
  1.0196499e+00
 -1.2136988e-01
  1.3683052e-02
  5.2576963e-02
 -1.5443127e+00
 -2.2989926e-01
  5.2815336e-01
  1.1747849e-01
  1.4261065e-01
 -5.6132442e-01
  3.2226026e-01
 -1.6969498e+00
  1.9394867e-01
  5.1554811e-01
 -3.8713822e-01
  6.0259923e-02
 -6.8842214e-01
  7.7930146e-01
 -1.5402071e-01
 -1.0637900e+00
  5.1272714e-01
  4.4064175e-02
 -2.6337054e-01
 -2.2192509e-01
 -2.1196167e-01
 -3.0175760e-02
  3.1739554e-01
 -4.2927459e-01
  4.2093211e-01
 -7.4106938e-01
  6.7405003e-01
  4.7767448e-01
  5.4783851e-01
 -1.1523608e+00
  8.7980169e-01
 -6.5247542e-03
 -3.2624705e+00
  1.6101358e+00
 -1.9782024e-02
  8.2712531e-01
  1.1419262e+00
  7.3833570e-02
 -7.8010815e-01
  1.5264317e-01
 -1.9207565e-01
  3.7754755e-02
 -3.6863798e-01
 -5.3882438e-01
 -7.2689563e-02
  1.4997947e-01
 -6.2338904e-02
  6.7290984e-02
 -1.0387758e-01
  1.5489924e-01
 -2.4607633e-01
  4.2704646e-02
  4.2849764e-01
 -5.6220707e-03
  6.0884073e-02
 -5.3243148e-01
 -3.3739120e-01
  4.2329124e-01
  3.9478776e+00
  3.5881039e-02
  4.4934678e-01
  1.1840557e+00
 -3.0026403e-01
  1.5010880e+00
 -1.0563405e+00
 -2.6355186e+00
 -1.1697008e-01
  1.9755548e-01
  3.2586651e+00
  1.7698597e+00
  4.2286743e-03
 -7.0852004e-02
  7.4794042e-01
  5.0657008e-02
 -4.6383128e-02
 -5.6106687e-01
 -5.9583724e-01
 -7.7968098e-02
 -2.0022073e-01
  2.5145996e-01
 -6.5222353e-02
  6.9181025e-01
 -7.1420342e-01
 -2.1180825e+00
 -8.1811613e-01
 -6.8564527e-02
  1.2256142e-01
 -6.9819391e-01
  2.6409438e-01
 -7.1631843e-01
 -6.1612552e-01
 -1.5664106e-02
 -5.8510578e-01
 -1.5063815e-02
 -3.9619139e-01
  1.5289935e-01
 -6.7922905e-02
  3.9673295e+00
 -4.1396234e-02
 -3.7372303e-01
  1.0081750e-01
 -1.9650818e+00
 -1.5269849e-02
 -9.8204743e-03
  2.6142380e-01
  2.2014188e-02
 -6.1533135e-01
 -6.0846597e-02
  3.0635792e-01
  3.0585304e-01
  6.5527397e-01
 -5.7931351e-03
  2.9646033e-01
 -2.0249713e-02
 -4.4076532e-01
  6.3249230e+00
  7.7220343e-02
 -7.0208154e+00
  3.0936858e-01
 -2.4131463e+00
  1.3636258e+00
  4.1378659e-01
  1.5275199e+00
 -2.0627375e+00
  4.5253876e-01
 -2.6348693e+00
 -4.8999408e-01
  5.8623735e-02
 -1.5292406e-01
 -9.5243476e-02
  9.3806818e-02
 -3.0362206e+00
 -1.5492219e+00
 -3.2480739e-02
 -1.0731546e+00
  7.7883884e-02
 -3.6327612e-02
 -2.7348265e-01
 -3.0728814e-01
 -7.4832702e-01
 -1.2159593e+00
  5.8648545e-01
 -7.2747737e-01
 -1.1994153e+00
 -4.5300484e-01
 -4.2281711e-01
 -3.2454252e-01
 -1.7438443e-01
  9.0229705e-02
 -2.1707701e-02
  1.7708668e-01
  4.4465691e-01
 -1.8875384e-01
  3.3582811e+00
  2.7028507e-01
  1.5560966e+00
  8.4178919e-01
  5.4646742e-02
  6.4699602e-01
 -4.5633486e-01
 -6.6249961e-01
  3.5992351e-01
  7.9553477e-02
  5.2774376e-01
 -1.6280690e-01
  1.4218630e+00
  2.2071223e+00
  1.5125258e-01
 -1.0047106e-01
  1.3302870e+00
  2.0027840e+00
  3.6800992e-01
 -2.6755604e-01
 -3.8510252e-02
 -1.8166745e+00
 -3.4497413e-01
 -5.2113638e+00
  1.1353780e-01
 -1.1839504e+00
 -4.4951454e-01
 -1.6771812e-02
 -5.9127778e-01
 -2.1046031e-01
 -1.8562409e-01
 -9.9255240e-01
  4.0360332e+00
 -2.3453081e-01
 -9.2441899e-01
  2.2716460e-01
  9.5349109e-01
 -1.8818015e-02
 -6.6977304e-01
 -6.7804851e-02
  2.5660253e-01
 -3.4792909e-01
 -7.7314526e-02
  4.8273910e-02
 -1.6226800e-02
 -2.1875918e+00
 -3.5131976e-01
 -4.2733902e-01
 -7.6630807e-01
 -4.2994925e-01
  6.1948562e-01
  8.1379592e-02
 -3.8377512e-01
 -8.9677405e-01
 -1.8629083e-01
  8.5612863e-02
 -2.4331219e+00
 -1.3698616e+00
  2.1948466e-01
  1.2767251e-01
 -9.6887447e-02
 -1.5455298e-01
  5.6084138e-01
  2.9007187e+00
 -3.1195543e+00
 -2.7304766e-01
 -5.4892230e-01
 -8.0319405e-02
 -1.9967373e-01
 -2.8513846e-01
 -1.1076490e+00
 -3.9253175e-02
 -2.1890273e+00
  1.2925460e+00
  1.5101502e+00
  5.3510493e-01
 -1.0723891e+00
  6.1227888e-01
  3.8552463e-01
 -2.1755601e-01
  3.1001425e+00
  1.4779922e+00
  1.4215223e+00
  3.2182020e-01
 -1.9157568e-01
  4.3873915e-01
  1.5729324e+00
  5.7564145e-01
  1.8508396e+00
  3.5556748e+00
  1.1400455e+00
  2.4301827e-01
 -4.8722296e+00
 -1.7526573e-01
  6.0684055e-01
  5.0491548e-01
 -5.4575104e-01
 -5.0337946e-01
 -1.0313325e+00
 -3.0146247e-01
 -3.1420064e-01
 -1.2572273e+00
 -1.1717739e-01
  7.0241406e-03
 -9.2624821e-02
 -5.5007104e-02
 -4.0140533e-01
 -2.2075028e+00
 -1.0075749e+00
  2.3945851e+00
 -4.1325444e-01
  3.7853110e+00
 -1.1375191e+00
  1.2819673e+00
 -7.0145059e-01
  5.4470749e+00
  1.5908639e+00
  6.8020215e-03
 -5.1307750e+00
 -3.0927852e-01
  7.4997312e-01
  3.9788908e-01
  3.0830089e-02
 -3.4008670e+00
  2.6286516e+00
  1.2995096e+00
  3.3696196e+00
  1.3162633e+00
 -6.0964799e-01
  1.3773144e+00
  1.7814739e+00
  1.5680313e+00
 -5.1421223e+00
  3.6057034e+00
  7.9194450e-01
  2.1950359e+00
 -1.3805033e+00
 -4.0925226e+00
 -5.3970069e-01
  4.5679617e+00
  1.5174111e+00
 -1.9053919e+00
 -8.8115013e-01
 -3.3517185e-01
  5.3773588e-01
  6.0629271e-02
 -1.5787263e-01
  1.5697846e-01
  9.4046265e-02
  5.0554091e-01
 -2.1514089e-01
 -7.9681836e-03
  1.9617295e-01
 -9.7467011e-01
 -3.7381206e-02
  1.9501969e-01
 -8.2477868e-02
  1.6545846e+00
  4.9987248e-01
 -7.7749163e-02
 -1.3090348e+00
  3.6944637e-01
 -3.7415981e-01
 -1.9839386e+00
 -3.6404049e-01
 -8.4646243e-01
 -5.8699822e-01
 -1.5183272e+00
 -3.8735983e-01
  6.3515419e-01
  5.2998256e-02
  1.4755653e+00
 -1.9465959e-01
 -6.6859804e-02
 -1.5426648e-01
  1.6564979e-01
 -3.4534939e-02
  5.2295417e-01
 -2.5189653e-01
  6.3810959e-02
  7.6457337e-02
  1.9950429e-01
  4.0070555e-01
  3.0195639e-01
  8.4322834e-01
  3.9946959e+00
 -4.6567097e-02
 -1.7308190e-01
 -8.1662005e-01
 -6.2652059e-02
  1.9756230e-02
 -8.4137749e-03
  7.0511204e-01
  5.2969202e-02
 -1.3758215e+00
  5.4839093e-02
 -2.9593785e+00
  5.4095900e-01
 -3.0021217e+00
 -4.1082115e+00
  1.8984899e-01
 -2.8824472e-01
 -5.3327404e-02
  2.0429166e-01
 -2.5360256e-01
 -1.1462843e-01
 -1.1879449e-01
  2.4513556e-01
 -2.5702710e+00
 -5.2600718e-01
  1.1472632e-01
  7.9296154e-01
 -4.1495446e-02
  1.0071487e+00
 -3.1931517e-01
 -1.0994713e+00
  1.2520487e+00
  5.5712241e-01
  2.1982269e+00
  8.8672720e-02
  4.0555682e-02
 -1.0890386e-01
  3.2007211e-01
 -2.1393913e-01
 -9.3125612e-02
  2.8625470e-01
  1.4547515e-01
  6.7024507e-02
 -1.4810694e+00
  2.9336151e-03
  1.4479093e-01
  4.4029329e-02
  4.8652142e-01
  3.3188946e+00
 -1.4759210e+00
 -5.7854462e-01
 -6.1081982e-01
 -6.7980886e-03
  3.6072776e-01
 -3.3668917e-01
 -3.2854557e-01
  1.7454377e-01
 -1.6488574e-01
  5.2382922e-01
  7.3296189e-02
 -1.4602902e+00
 -3.9234569e+00
  6.9470400e-01
 -8.0978729e-02
  4.5823950e-01
 -2.0654602e+00
  1.7700975e-01
 -2.1617879e-01
 -4.1040391e-01
 -1.1408225e+00
  1.6201565e-01
 -6.2509373e-02
  3.6246352e-02
  2.5474250e+00
  1.0560784e-01
  3.0488199e-01
 -3.0044201e-01
 -3.1295598e-01
  3.5055418e-02
  1.1264828e+00
 -1.1856687e+00
  2.5208440e+00
  5.7671094e-01
 -2.4798794e-02
  1.0474672e+01
  2.1632297e-01
 -7.6078951e-01
  2.4493730e-01
 -3.7622488e-01
  1.1943287e-01
  8.2550921e-02
  4.2999694e-01
 -2.3477693e+00
  7.9513222e-01
  3.8011006e-01
 -7.8394786e-02
 -6.2202030e-01
  6.1855149e-01
  3.5847321e-01
  7.0276737e-01
  1.9755443e-04
 -4.3081816e-02
  9.0033188e-02
 -3.8127154e-02
 -9.3126602e-02
  5.5549555e-02
  2.9736304e+00
  3.9310129e+00
 -1.8041106e+00
  1.1795230e-01
  3.8165088e+00
 -6.6887517e+00
 -2.6790438e+00
 -4.3520498e-01
 -1.5332659e-01
 -9.3149625e-02
 -2.4033442e-01
 -6.3039400e-02
  7.8608491e-02
 -2.8535348e-01
 -1.2408807e-01
  3.5547188e-01
 -3.5293776e-01
 -2.1008582e-01
  7.4554992e-01
 -1.6270953e-01
  2.9749179e-02
  2.5547299e-01
 -1.0186788e+00
 -6.3390040e-01
  5.1995851e-02
  1.4098074e+00
 -8.5605252e-01
  2.7273795e-01
  4.0189472e-01
 -4.2444048e+00
 -4.5261633e-02
 -1.8915769e+00
 -1.0697439e-01
  2.8379443e+00
  2.0621824e-01
  2.6304650e-01
 -3.5088685e-01
  8.1948198e-02
 -1.2630568e+00
  1.1069182e-03
 -3.7058142e-01
  1.0207155e-01
 -3.5064101e-01
 -9.6561921e-01
  4.9066391e+00
  2.1028788e+00
 -5.5273050e-01
 -9.5767111e-02
 -1.5251533e+00
 -5.5279087e-02
 -5.6200618e-01
 -5.8874853e-02
 -4.3730879e-01
 -1.1095638e+00
  2.1489909e+00
 -1.4053732e-01
 -1.3300380e-01
 -9.5172606e-02
  4.9982554e-01
  2.0433509e+00
  3.6251862e-03
  1.7657146e-01
  3.7984271e-02
  6.0475898e-01
 -1.6655828e-01
  1.0784974e-01
  2.9484409e-01
 -7.8674477e-01
  3.4175733e-01
  3.9803931e-01
  1.1751354e-01
 -1.2665999e+00
 -8.3457094e-01
  3.1337750e-01
 -5.5822766e-01
  3.5491484e-01
  1.9671212e+00
 -6.7962015e-01
  1.5095618e-01
  2.3015599e+00
 -2.8887117e-01
 -1.1110373e+00
 -2.1129780e-01
  7.0740783e-01
 -2.7460861e-01
  2.0056909e-01
 -3.5095683e-01
  8.7831769e-04
 -2.5043124e-01
 -4.8121333e-01
 -8.8083029e-01
 -1.0021508e+00
  3.3500224e-01
  4.5402250e-01
  1.9145494e-02
  1.3891755e-01
 -4.8207089e-02
  3.8717038e-03
 -4.3085593e-01
  3.5398656e-01
 -7.6503821e-02
  7.2626127e-03
 -6.2032169e-01
  2.1497359e+00
 -3.8986952e+00
 -8.3842808e-01
 -3.7739205e-01
 -1.2921149e+00
  4.8850581e-01
  1.9348405e-01
  2.5787080e-02
 -1.1750525e-01
 -9.3499646e-02
  1.9919716e+00
  1.8421054e-01
  1.6105211e-01
 -2.0813265e-01
  4.0111184e-02
 -2.3100190e-01
 -1.7941579e-01
  3.5795618e-02
 -1.6341023e+00
 -2.0267565e+00
  5.5090417e-03
 -7.9023695e-01
 -1.6300942e+00
 -1.0545225e+00
 -4.7833781e+00
 -3.6610478e-01
  3.7549624e+00
 -1.5488252e-01
  1.9855103e-01
  1.6598573e-01
 -1.8980828e-01
  5.1120400e-02
 -3.5378644e-01
  4.1317154e-02
 -3.2781276e-01
  5.0784785e-01
  3.5411495e-01
 -5.6489677e+00
  6.9995302e-01
 -2.4161793e-02
  3.9202628e-01
 -8.2878488e-01
  1.1523041e+00
  1.4542769e+00
 -4.3485507e-01
  1.5006933e+00
  2.2474608e+00
 -1.0180198e+00
 -2.1304506e-01
 -1.8287131e-01
 -2.2167141e+00
 -5.1858377e-01
 -7.8779596e-01
 -2.3316693e+00
  1.9397569e+00
  3.0060449e+00
 -1.5514213e-01
  2.5899369e-01
 -1.5261829e+00
  8.7065529e-03
  3.9165965e-01
 -9.7613521e-02
  9.9644782e-03
 -2.2275473e-01
 -2.6470751e-02
 -1.0009816e+00
 -9.5480636e-02
 -1.6141897e-01
 -1.4552785e+00
  1.4264271e-02
 -2.1406803e-01
  5.6563247e-02
  1.4635623e-01
  1.0172593e-01
  3.0703828e-01
  9.5764980e-02
 -1.6804460e-02
 -4.6891883e-01
  1.6868553e-01
 -1.4657363e-01
  1.7186202e-02
  9.3184851e-02
  5.0701931e-02
  3.3462161e-01
 -3.6308557e-01
  1.2774964e-01
 -3.3743382e-01
 -3.2897409e-02
 -1.6106272e+00
  7.3910154e-02
 -7.7921790e-01
 -2.5433266e-01
  1.9328880e+00
 -1.2132943e+00
 -4.3210745e-02
 -2.8243291e-01
  2.3036730e-01
 -7.7458680e-01
  2.4594142e-01
 -2.0475531e+00
 -3.8114771e-01
  8.6820431e-02
 -1.3840674e-01
 -7.4629432e-01
 -4.8906827e-01
 -1.2300570e-01
 -1.7800350e-01
 -4.6722463e-01
  8.2861029e-02
 -3.7671095e-01
 -3.9780553e-02
 -1.5300497e-01
  5.1023953e-02
  4.1416004e-01
 -1.7277978e-02
  6.5800590e-03
  9.2945077e-02
  4.6362307e-02
 -3.3346739e-02
 -1.1096255e+00
 -3.8471236e+00
 -3.6419240e-01
 -9.8802540e-03
  8.8616729e-01
  6.0826010e-01
 -1.4266248e-01
  5.9598468e-02
  7.6390095e-02
 -2.0918097e+00
  4.1576868e-01
  4.5064023e-01
  6.9183069e-03
  6.1354655e-01
 -6.5067124e-01
 -1.1411033e+00
 -2.7206955e+00
 -1.3653573e+00
 -9.2505343e-02
 -1.4755648e+00
  8.4054470e-01
  1.7151493e-01
 -2.8595949e-02
  5.9004229e-02
  1.9790435e-01
  2.8395038e+00
 -9.2788792e-01
  2.2304616e+00
 -5.6773496e-01
  3.8381934e+00
 -4.2015142e+00
  5.9975475e-01
 -2.0065713e+00
 -5.5090132e+00
 -4.1844857e-01
 -2.8346637e-01
 -2.5158441e-01
  4.0167201e-01
  1.5553478e+00
  1.1467186e+00
 -1.6155170e-01
  9.7038755e-03
 -6.9786012e-02
  4.1656390e-01
 -3.4220737e-01
  4.4562392e-02
 -1.4181739e+00
 -4.0138576e-02
 -1.5770702e+00
  3.6405167e-01
 -3.8555604e-01
 -4.5637622e-01
 -5.2075827e-01
  3.2180306e-02
 -1.8898267e-01
  2.9886082e-01
  8.2597509e-02
  6.1114758e-02
  3.3476853e-01
  6.3194782e-02
  3.7368312e-01
  1.7912479e-01
 -1.4936122e-01
  1.3217535e-03
  5.9873547e-02
  2.5601084e+00
 -3.8337979e+00
 -1.3434674e-01
 -8.2878552e-02
 -4.1550122e-02
  1.6191658e-02
  2.6751894e-01
  4.1244305e-03
 -2.2724222e-01
  5.3019899e-01
 -3.4957358e-01
  8.2638845e-02
  2.1676560e-01
 -2.3048033e-01
 -2.1364811e-01
  1.7218796e+00
  9.0584648e-01
 -9.3892539e-01
 -1.0078039e+00
 -4.3427527e-01
 -1.2068341e-01
  5.9135843e-02
  9.0960518e-02
 -7.6794572e-02
 -8.3521187e-01
 -5.7870954e-01
  2.1391943e-01
  1.5503119e-01
 -1.0296150e-01
  1.3045588e-01
  1.4803217e-01
  5.4901153e-01
 -2.5869304e-01
 -5.9184153e-02
  7.1635351e-02
 -4.2582101e-01
 -1.4336668e-02
 -1.4883554e-01
 -8.9769882e-01
 -1.4569110e+00
 -1.6821752e+00
 -1.0183074e-01
  3.0049243e+00
 -5.6299438e+00
 -2.2138505e+00
 -3.0122155e-01
 -2.0291488e+00
  4.7900419e+00
 -3.6676954e-02
 -2.7415586e+00
 -1.2196945e+00
  1.8914300e+00
  1.2285304e+00
 -4.9016306e-01
 -1.0801526e-01
  2.2358191e+00
 -2.1491733e-01
 -1.5482506e+00
 -5.5245357e+00
  7.5885266e-01
  1.1775607e+00
  2.9586679e-01
  1.9452510e+00
 -2.9182730e+00
  5.4269505e-01
  6.0856543e+00
  4.6929735e-01
 -1.7070781e+00
 -1.5281989e-01
 -2.5159451e-01
  2.8019324e-01
 -4.4173175e-01
 -2.8483641e+00
  3.9466138e+00
 -6.3998610e-01
  1.9057175e+00
  2.6102382e-01
  1.7308146e-01
  2.2641224e-01
  3.8519523e-01
  3.8932540e+00
  1.2451856e-01
  1.2229866e-01
 -1.8184640e-01
  1.3059191e-01
 -6.4464468e-01
  1.2811579e-01
 -3.1336572e+00
  6.8243921e-02
  8.6639714e-01
 -3.3501625e-01
 -5.0806236e-02
 -1.3046070e+00
 -1.5635458e+00
 -1.0230869e+00
 -2.0189657e+00
  2.9829958e-01
  1.6840773e+00
 -4.8249993e+00
  6.1173022e-01
  3.2550749e-01
 -2.1180481e-01
 -3.3708594e+00
  4.1824460e-02
 -3.2776719e-01
  8.4802650e-02
  3.4902596e+00
  2.8303236e-01
 -1.3713319e+00
 -4.7563198e-01
 -3.3677359e+00
  1.8282592e+00
  1.1327617e-01
 -8.8370651e-01
  1.0220486e+00
 -1.6586754e-02
 -1.6770074e-01
 -8.2520291e-02
 -5.2810657e-01
 -4.0698689e-01
 -3.7389618e-01
  1.0998237e+00
 -2.1810968e+00
  2.7851572e+00
 -1.3937541e+00
  5.4102731e-01
 -1.3348876e-01
  4.1835755e-01
  3.9667323e-01
 -2.2587737e-02
  1.0102330e-01
  6.1353389e-02
  1.8370722e-01
  7.9079622e-01
  7.4042797e-01
 -1.0830466e+00
 -1.9673707e-01
 -3.7091587e+00
 -1.8394750e-01
  9.0279311e-02
 -1.1552382e+00
 -5.3587441e+00
  2.5545735e+00
  9.7196168e-01
  1.0938715e+00
  8.9894456e-01
  1.1242208e+00
  1.1218245e-01
 -2.8290174e+00
  2.9617693e+00
  3.5515976e+00
  1.5524274e-01
  4.5861831e-01
  1.8660188e-01
  1.7916252e-01
 -2.4275360e-01
 -5.0879490e-01
  2.0634986e-01
  1.6427256e-02
 -7.0236611e-01
  6.0652882e-01
  3.2428931e-02
 -8.2069980e-03
  5.1897664e-02
  3.8720310e-01
 -3.8500942e-02
 -1.5248744e-01
  1.7063397e+00
 -1.2320449e+00
  9.2013049e-01
  1.3027181e-01
 -7.2326726e-01
  3.9815540e+00
  3.3760560e+00
 -3.4695909e+00
 -7.2207665e+00
 -1.6213354e+00
 -1.2232188e-01
 -2.5576159e-01
  6.9614142e-02
 -1.5991874e-02
 -1.9422475e+00
  5.8023286e-01
  1.3641591e-01
  2.9312968e-01
 -1.9411752e-01
  4.8774231e-02
 -7.1313477e-01
 -1.6828020e-01
 -3.3433700e-01
 -3.1696910e-01
  5.0623778e-02
 -1.9441898e-01
  3.6310110e+00
 -1.2199938e-01
  2.0149915e-01
  1.5721466e-01
  2.0068781e-01
  8.8939920e-02
 -9.5090836e-02
 -3.1038678e+00
 -8.7505937e-01
 -2.0233829e+00
  9.9804826e-02
  1.8689141e-01
  2.7013078e-01
 -4.5350862e-01
 -1.7096674e-01
  9.4745032e-02
  5.7963204e-01
 -7.0142232e-02
  1.9028091e-01
  1.0797360e+00
 -4.6064958e-01
 -3.6076874e-01
 -1.0703107e+00
  1.5487099e+00
 -9.0313084e-02
 -1.3952345e+00
  2.0243996e-01
  3.0230584e-02
 -2.3253388e+00
 -3.3315063e-01
 -7.3322576e-01
  1.1194174e-01
  1.8003555e-01
 -2.7526608e-01
  5.5641294e-02
  1.1306304e+00
  4.0883893e-01
  9.1843242e-03
  1.2297682e-01
  4.0617976e-01
  1.3265489e+00
  1.7503716e-01
  9.8084724e-01
 -6.6734177e-01
  7.9010449e-02
 -1.0474590e-01
 -1.9754861e-02
 -5.2129891e-02
  7.3605877e-01
 -5.9150171e-02
  1.2991454e-01
 -4.3190905e-01
 -1.3642659e+00
  2.0367341e-01
  3.3660322e-01
 -8.1460565e-01
 -2.6950249e-01
 -1.1974921e+00
  7.8574014e-01
 -8.6060174e-02
  1.6069208e+00
 -6.7882842e-01
 -2.3826022e+00
  4.7112194e-01
 -3.9368145e+00
 -2.3000352e-03
  4.7181213e-01
 -5.5974370e-01
  5.3902245e-01
 -1.8509238e+00
  5.8092207e-01
  2.7392265e-01
  5.4083578e-02
 -2.2882128e+00
 -1.3051216e-01
 -1.2068616e+00
 -1.8410679e-02
  1.3333607e-01
 -2.6834372e-01
 -4.3257120e-01
  3.6643919e-01
  2.4355745e-02
  2.5344560e-01
 -6.5774655e-01
  2.6411455e-02
 -5.9382355e-01
  1.4433147e-01
 -3.5952875e-01
  9.4438970e-01
  1.5910046e+00
 -3.9255607e-01
  4.1580492e-01
  7.5860018e-01
 -4.0131722e-02
  1.2938510e-01
  9.1378903e-01
  2.4392854e-02
  7.8813338e-01
 -5.0641533e-02
 -3.6958283e-01
 -5.4824207e-02
  5.8864576e-01
  4.5496521e+00
 -6.6338819e-01
 -3.0088165e-01
 -2.0454445e-01
  2.9749760e-01
 -2.1234047e-01
  1.7804040e-01
 -1.7447595e-01
  1.4616208e-01
 -7.5614870e-02
  2.2141078e-01
  1.4534466e+00
 -2.0521604e-02
 -5.8206952e-01
 -3.5930750e-01
  1.5064772e-02
  1.1493506e+00
 -6.2061202e-02
  1.3540708e+00
  5.1462120e-01
 -2.3986416e+00
 -1.9329829e+00
  1.1138842e-01
 -1.0790150e-01
  8.3290368e-02
 -1.8505492e+00
 -2.4364668e-01
  3.6481971e-01
 -2.8574234e-01
 -2.1125586e-01
 -2.3210755e-01
 -1.9458680e-01
 -1.1681268e+00
  4.5747288e-02
  3.9484116e-01
 -4.3833780e-01
 -4.4100013e-02
 -6.5258957e-02
 -3.7061501e-01
  6.3525185e-02
 -4.2996511e-01
 -7.8068173e-01
 -8.1098288e-02
 -5.5081046e-01
  2.1835605e-02
  3.9157346e-01
 -6.9299951e-02
  1.9789897e-01
 -8.9786291e-02
 -4.3271601e-02
 -1.9915077e-01
 -5.1626348e-01
  2.2730798e-02
  1.0034429e-02
  2.8944620e-01
  1.8446799e-01
  7.5174168e-02
  4.3927354e-01
 -1.7529608e-01
  2.7557168e+00
  4.2543572e-01
  4.9682833e-02
  1.0987852e-01
  1.9669394e-01
 -8.1173954e+00
  5.2471370e-01
 -1.7505647e+00
 -9.2261843e-02
  1.8915074e-01
 -6.9634154e-02
  1.2069385e-02
  1.8931702e-01
 -4.7201955e-01
 -4.1321922e-02
 -8.3038950e-01
  2.2996404e+00
  1.7366096e-03
 -2.2575046e-01
  1.2590192e-01
  2.4773356e-01
  2.1280196e-01
  9.7034305e-02
 -3.1214885e-02
 -6.2359440e-01
  4.2909503e-01
 -4.6936530e-01
  1.8906447e-01
  2.4489626e-01
 -2.7503235e-02
 -5.7927960e-01
 -7.1166568e-02
 -1.0379139e+00
 -3.8501870e-02
  6.9100365e-02
  1.2244606e+00
 -4.0082969e-02
  2.9413036e-01
 -4.1946306e+00
  1.8487229e+00
  1.4085020e-01
 -2.0775667e-01
  6.5839761e-01
  4.5896401e+00
 -5.1607285e+00
 -1.2252934e+00
  3.8773823e+00
 -1.9738758e-01
 -1.4043968e+00
  1.5872020e+00
  3.3035460e+00
 -1.0138277e-01
  5.1746219e-01
  6.6251531e-03
  1.1715678e+00
  2.2366086e-01
  1.0903628e+00
  1.0775692e+00
  6.8378162e-01
  3.5839252e+00
 -3.9715154e+00
 -2.5653610e-01
 -2.9522493e+00
  3.7660118e-02
 -1.1794477e+00
 -6.8079019e-01
 -1.7253453e-01
  2.1839459e-01
 -1.0337151e+00
 -1.5435869e+00
  1.1529080e-01
  6.3163698e-01
 -8.5772657e-01
  1.6562530e+00
  4.8981678e-01
  4.6724877e+00
  9.2507243e-01
  2.3810945e+00
  6.1955798e-01
 -3.9867597e-04
 -7.2028732e-01
 -4.6583846e-01
  4.1532576e-01
  2.4026987e-01
 -4.8098570e-01
  2.6780857e-02
  3.9170015e-01
  8.7066434e-02
  2.3623650e-01
 -3.5812640e-01
  2.0418117e+00
  2.8630406e-01
  1.8915364e-01
 -2.0191770e+00
 -1.1739188e+00
  2.5833080e+00
  2.6699325e-01
 -6.2511736e-01
  1.8189330e-02
 -6.5018624e-01
 -1.8939995e+00
  3.3177507e-01
 -2.3950654e-01
  7.1474224e-02
 -1.4269055e-01
 -3.0056423e-01
  3.6042577e-01
 -8.6627349e-02
  1.9500172e-01
  3.7671495e-03
  3.8938150e-01
  4.3320283e-01
 -1.0730334e-01
 -2.8708002e-01
  1.1001613e-01
  3.6826441e-01
 -7.2451615e-01
 -3.0451825e-02
 -2.2892301e-01
  7.2680742e-02
 -2.4248795e-01
  4.7061247e-01
 -3.0562478e-01
 -2.2080582e-01
 -1.1765877e+00
  1.6338412e+00
  1.5441742e+00
  2.1120553e-01
 -2.7157798e-01
 -6.0724597e-03
 -1.8752930e-01
 -1.0856749e+00
  1.5218867e-01
  4.0313187e-01
 -5.3875640e-02
  1.3918933e-02
 -2.7569627e-02
  5.4512131e-01
 -2.7826982e+00
  3.5667476e-01
  2.7131513e-03
 -1.0533125e-01
 -1.3928613e-01
 -2.4054405e-01
  1.1009669e+00
  2.1105416e+00
 -8.4380984e-01
 -2.6080003e+00
 -3.0352559e+00
  2.5984364e+00
  9.8597294e-01
  1.0429744e+00
 -9.2179644e-01
 -3.8852975e+00
 -1.7418368e+00
 -1.9637134e-02
  4.9667874e-01
  1.5026979e-01
  5.9060550e-01
  5.3164624e-02
 -2.1796284e+00
 -9.2701769e-01
 -6.2187490e+00
 -6.5893155e-01
 -7.7952337e-01
 -2.1796606e+00
 -9.8106515e-01
 -1.3846362e+00
  1.9175899e-01
  1.7619025e+00
 -2.2109323e+00
 -4.1770749e+00
 -2.5235689e-01
 -2.4198818e+00
 -3.0979542e-02
 -1.6814493e+00
 -2.2317619e+00
 -2.2951870e-03
  1.8307846e+00
 -4.9516954e-02
 -3.0242994e-01
 -3.7677047e-01
 -2.3692076e-01
 -5.1763505e-01
 -5.9197015e-01
 -6.2403563e-02
  4.2469570e-01
 -3.9897731e-01
  1.9785447e-01
 -3.2514155e-01
  4.7012827e-01
 -5.5146068e-01
  1.2839003e-01
 -2.0345642e-01
 -1.4971642e-01
  9.8956412e-01
  8.7712365e-01
 -4.6614227e-01
  1.1194252e-01
  2.6638515e+00
 -6.8520904e-01
 -2.2319617e+00
 -3.9848036e-01
 -1.2894995e+00
 -7.9007173e-01
  1.9274539e-01
 -2.5198534e-01
 -6.7022091e-01
  7.2964096e-01
  1.0130714e-01
 -3.3549884e-01
 -3.2711558e-02
  1.5896958e-01
 -4.8173618e-01
  3.3428159e-01
 -4.7927719e-02
 -8.5400837e-04
  2.7782565e-01
  2.2493914e-01
  2.6395605e+00
 -5.0301248e-01
 -3.2591239e-02
  1.6081102e+00
 -9.7286278e-01
  6.0273576e-01
  4.4131644e-02
  6.3444800e+00
 -1.0547155e+00
  1.9488295e+00
 -3.9573625e-01
 -1.5178895e+00
 -3.7568417e-01
 -5.1619198e-02
 -1.6712933e+00
 -8.7326966e-02
  1.2127031e-01
  2.8190750e-01
  1.5033686e+00
 -8.9548409e-02
  6.5369582e-01
  2.8380501e-01
 -2.5862366e-01
 -1.8058550e-01
  1.8496457e+00
 -1.1984495e-01
  3.1956759e-01
 -1.2297085e-02
  7.7591670e-01
 -1.1066324e-01
  4.1401726e-01
  1.0873792e-01
 -4.2411132e+00
  1.1160394e-01
 -7.0323306e-01
  6.5274447e-01
  6.5885681e-01
 -2.9446927e-01
  1.0588579e-01
  2.3389859e-03
 -5.5573466e-03
 -5.6334656e-02
  1.1033207e+00
  7.4494714e-01
 -1.7009538e-01
  4.8495088e-02
  1.4698625e-01
 -3.4269071e-01
 -1.7583619e-01
  2.1612796e-01
  2.9557347e-01
 -3.2498649e-01
 -1.0529046e+00
 -6.9622032e-02
  2.1979730e-03
 -3.1408954e-01
 -2.4368837e+00
 -4.8067024e-01
 -3.0728260e-01
 -1.2617098e+00
  1.2839802e-01
 -1.3852144e+00
  2.8978619e-01
  8.0354422e-02
  6.6362970e-02
  1.0725732e+00
 -1.2930450e-01
 -8.0821656e-02
  2.5035477e-01
  5.6951028e-01
  5.4004830e-01
 -7.6061124e-01
 -3.6623964e-01
 -1.6063669e-01
  7.2167826e-01
 -5.8558613e-01
  2.7169228e-01
  1.8400009e+00
 -2.1540133e-02
  2.1156130e+00
  9.2758262e-01
 -6.3995495e-02
  2.3397636e-01
  1.3823055e-01
 -1.1952783e-02
 -5.3098049e-02
  3.6283225e-01
  4.5683655e-01
 -1.4852809e+00
  8.9853384e-02
  1.2775150e-01
  2.9800999e-01
 -2.4466380e-01
  1.4589054e-02
 -3.5075855e-01
 -2.3553023e-02
 -6.6143326e-02
  2.0595165e-01
  5.0340104e-01
 -5.8248365e-01
 -5.5791748e-01
 -1.6160673e-01
  8.6712140e-01
  4.1029829e-01
 -4.7664085e-01
  2.2332519e-01
  3.0279875e-02
 -5.2811277e-01
  1.4815442e-01
  3.8812794e-02
 -9.1791975e-01
  4.6015802e-01
  1.2975119e-01
  3.9637169e-01
  1.9475919e-01
 -3.9980632e-01
 -2.8383845e-01
 -3.4899408e-01
 -3.7995593e-03
 -8.9342810e-02
  2.1742757e-01
 -1.4083681e+00
 -1.4302759e+00
  3.6064088e-01
  1.4610456e-01
  9.7633922e-01
 -1.0893296e+00
 -1.9213441e-01
  3.5618481e-01
  9.8560137e-01
 -2.7839139e+00
  1.4368685e-01
 -1.4824258e+00
  2.1276383e+00
  3.2229488e+00
 -8.6650008e-01
  1.7870879e-01
 -1.6724944e+00
  4.5051675e+00
  3.7145990e-01
  3.0027518e+00
  1.7739495e+00
 -1.9002106e+00
  9.5914684e-02
 -1.2479892e-01
 -6.2712276e-01
  1.5726388e-01
 -1.3160154e+00
  1.3192293e-01
 -2.0957696e+00
  1.4310215e-02
 -4.7514038e+00
  1.5954047e+00
 -1.9263178e-01
  2.1107860e+00
 -3.1035016e+00
 -1.0343488e-01
  1.1043148e-01
 -2.0100195e+00
 -3.9127281e-01
 -4.2058173e-01
  1.5955646e+00
  5.2633171e+00
 -6.7700160e-01
  3.4373879e-01
  7.6551211e-01
 -7.0707388e-02
  4.6784077e+00
 -5.8942802e-02
  1.0185476e-01
  1.6056159e-01
 -6.7424548e-01
 -3.9672089e+00
  3.3736322e-02
  3.4061915e-01
  8.8287175e-02
  1.6554171e+00
  1.6292393e+00
 -6.3636672e-01
 -5.3424291e-02
 -6.2904459e-01
  1.3879096e-02
  6.4613976e-02
  3.2637391e-02
 -1.6169116e-01
 -3.9795315e-01
  2.2920540e-01
  6.1611470e-02
 -1.8454134e-02
  1.0249294e+00
  3.1391561e-02
  4.9893531e-01
  3.3769041e-02
  3.5756746e-01
 -3.2943550e-01
  8.8983715e-02
 -1.4627804e-01
  2.6992431e-01
 -2.2312109e-01
 -1.1322206e+00
 -9.8873842e-01
 -6.2093120e-02
 -6.7417336e-01
  5.7532871e-01
 -7.7251621e-02
 -9.7468042e-01
 -9.1853648e-01
  3.2635624e+00
 -1.1135844e-01
 -1.8032110e-01
  5.0811142e-01
  3.8522068e-01
  4.4140321e-01
 -6.7101181e-01
  8.3011848e-01
 -3.1873608e+00
 -1.4603622e-03
 -3.4028190e-01
 -1.1093870e+00
 -2.4770318e-01
 -3.9293211e-02
 -4.2383566e-01
 -4.8706722e-01
 -3.9930716e-02
  1.6677834e-01
 -1.6410047e-01
 -5.6416281e-02
 -1.1123458e-01
 -1.0627335e-01
 -1.1766635e+00
  1.1237744e+00
  1.2483864e+00
  2.1303716e-01
  3.5184748e-02
 -8.9768589e-02
 -2.5094910e+00
  6.8814427e-02
  1.4205365e-01
 -1.3701124e+00
 -1.4243811e+00
  4.3865979e-01
  1.4695028e-02
  1.8208222e-01
 -1.2724787e-01
 -5.7593429e-01
 -4.4834893e-02
  2.6773474e+00
  2.9293415e-01
  1.0961585e-01
  1.8218827e-01
  2.1403816e-02
 -1.7303802e+00
  3.1690431e-01
  5.1799670e-02
  1.4229208e-01
  1.0533987e+00
  5.7143980e-01
  2.8175997e-02
  4.2978445e-01
 -2.1240776e+00
  5.4258603e-01
  8.6648864e-01
  2.5034207e-01
  1.7166585e-01
  1.9569460e+00
  1.6936684e-02
  3.4885916e-01
 -3.0002814e-02
 -2.6646695e-01
  9.2082553e-02
  1.1094064e-02
  7.7480012e-01
 -1.1684472e-01
  5.4929429e-01
 -1.8065369e-01
  1.6066591e-01
 -1.4042889e-01
 -7.3531735e-01
  6.6632740e-02
 -1.6459534e-02
 -1.3118838e-01
  5.2974463e-01
  5.2252156e-01
  1.2788445e-01
 -6.6121817e-03
 -5.3300783e-02
  2.1415290e-01
  1.0553270e-01
  6.4439452e-01
  2.7766101e-02
  1.1437147e-01
  4.3210191e-01
 -7.0992924e-02
  2.1993294e+00
  3.0125466e-01
 -8.0478179e-01
  1.4308114e-02
 -7.0477679e-02
 -2.8762618e-01
  3.5246413e-02
  1.2733263e-01
 -5.0627202e-01
  1.4070005e+00
 -3.7008905e-01
  3.1630890e+00
 -3.4385729e-01
 -9.2941219e-01
 -2.1405616e-01
  4.0120813e-01
 -3.4248147e+00
  4.5102086e-02
  3.2322530e-02
 -4.3046837e+00
 -6.9566858e-01
  1.0007343e+00
 -2.6485240e-01
 -5.3661138e-02
  1.1767124e+00
 -1.1432415e-01
 -9.7604625e-02
  1.2479599e+00
 -2.0564419e-01
  5.9977663e-01
  4.1597101e-01
 -3.0152360e-03
  3.6758280e-01
  2.6857969e-01
  2.5411010e-01
  4.0292233e-01
  5.1706088e-01
  7.0543730e-01
  1.0680455e-01
  1.7664203e-01
  8.2101905e-01
 -2.0596558e-01
  3.2551634e-01
 -1.6090421e-02
  8.0468040e-03
 -4.5671195e-01
 -1.0113347e-01
  1.4720706e+00
  1.2681749e-01
  2.3284689e-01
  6.7415172e-01
 -1.5282685e-01
 -4.0156642e-01
  5.0985205e-01
  2.7778453e-01
  1.3422395e-01
 -1.9187602e-01
  5.3426123e-01
 -2.6765513e+00
 -1.5363482e-01
  2.2797096e+00
  6.8622157e-02
  2.7048457e-01
 -5.0361967e+00
  3.9506420e-01
 -9.9346781e-01
 -1.3448413e-01
  2.6276109e-01
  7.1332455e-01
  3.7543407e-01
 -1.2006159e-01
 -3.0920315e-01
 -7.6724194e-02
 -2.4383640e-02
  1.9569774e-01
  4.8818171e-01
 -6.3384014e-01
 -2.3805287e-01
  1.9125468e+00
 -9.6669990e-01
  1.8053861e-01
 -3.1822193e-01
  4.3888712e-01
 -2.7129495e-01
 -1.8007563e-01
  1.3355994e-01
  8.5217237e-01
  5.0001925e-01
  1.4705704e+00
  9.9834567e-01
  7.3609939e-03
 -8.7577355e-01
 -6.0803801e-01
 -3.6390769e-01
  7.8379214e-01
 -1.9223037e+00
  3.0795717e-01
 -1.8104335e+00
 -2.5060990e+00
  3.0596554e+00
 -1.1538576e-03
 -3.2693527e+00
  2.9803693e+00
 -2.2523150e+00
 -9.0560961e-01
 -3.1011171e+00
 -2.0169072e+00
 -9.6045226e-02
 -9.9005377e-01
  3.1711486e-01
 -4.2874241e-01
 -3.7670684e+00
 -6.8995893e-01
  7.9948473e-01
 -1.0718976e+00
 -4.6488385e+00
  1.1735078e+00
  2.0069242e+00
 -1.3089778e+00
  4.1529493e+00
 -1.1034685e+00
  1.0486374e+00
 -8.5974032e-01
  2.4691503e+00
 -2.4258575e+00
  8.6480588e-02
  9.8961048e-02
  4.8069826e-01
 -4.2420009e-01
  1.1480035e+00
  1.1456360e+00
 -1.1223872e+00
 -1.6226965e-01
 -8.8082075e-01
  4.9956447e-01
  2.6660511e-01
  1.3553298e-01
  7.5093266e-03
 -2.0772201e-01
  2.3188509e-01
 -4.3330267e-01
  2.5880840e-01
 -6.2208438e-01
 -5.2496874e-01
  3.3306545e-01
 -2.3089007e-02
 -1.9503525e-01
  5.8907133e-01
 -1.3812447e-01
  1.2087398e-01
 -3.8828218e-01
 -3.5461944e-02
  5.3711230e-01
 -2.7319378e-01
 -7.0465672e-01
 -3.3905969e+00
  6.0917419e-01
  2.8978845e-01
 -5.5120409e-02
  5.2479321e-01
 -8.0426760e-02
 -9.6091187e-01
 -3.9043005e+00
  6.4130622e-01
 -9.2580289e-01
  4.0985039e-01
  8.5103028e-02
  5.4942292e-01
 -1.8315579e-01
 -1.1332861e+00
  5.2532637e-01
  2.5426272e-01
 -5.0063115e-01
  1.4956800e+00
 -4.8038432e-01
 -2.8048218e-03
  2.4919767e+00
  8.7928867e-01
 -1.6659032e-01
  2.9765317e-02
 -2.4572819e-01
 -6.9872908e-02
 -5.7680917e-01
 -6.4373374e-01
  1.2535851e+00
 -3.2370591e-01
  4.2826775e-02
 -3.3173794e-03
 -4.9163309e-01
  3.3462635e-01
  6.9533929e-02
 -5.1940811e-01
  6.8694741e-01
  2.6927629e+00
  3.2543933e+00
 -6.1649841e-01
 -8.0562228e-01
  3.1482530e+00
 -1.8284631e+00
 -4.0004650e-01
  3.4439733e+00
  2.7106705e+00
 -4.8428386e-01
  3.2606366e-01
 -8.4076357e-01
  2.7879599e-01
  4.7416486e-02
  8.1794602e-01
 -3.2496992e-01
 -5.3416932e-01
 -1.1273351e-01
 -2.1144435e-01
  1.9352093e+00
  1.3165414e-01
 -6.5515709e-01
 -5.1242024e-01
  1.4925606e+00
  1.9818001e+00
 -1.2537453e+00
  5.8431643e-01
  3.1877732e-01
 -1.5423839e+00
 -7.6511750e+00
 -1.8522007e+00
  5.6165183e-01
  3.0178335e+00
 -5.1987481e+00
  1.4254056e+00
 -7.1739399e-01
 -7.0120305e-02
  2.8291604e-01
  2.3343651e-01
 -1.5520862e-01
  1.0150734e-01
  5.7243698e-05
  2.3362795e-01
 -4.5603552e+00
 -2.8798578e+00
 -4.2336810e-01
  1.1574239e-01
 -4.8765792e-03
 -1.9679177e-01
  7.7402574e-01
  1.7882924e-01
 -2.1401086e+00
  1.7555958e+00
 -3.9439264e-01
  2.9855139e+00
 -1.6650236e+00
  3.2031301e-01
 -2.6627598e+00
 -3.0920383e-01
 -6.3775498e-01
  3.2857922e-01
  4.3722787e-01
  8.0427110e-01
  2.8284690e-01
 -2.5784966e-01
 -1.9271088e+00
 -4.7621834e-01
 -4.5916755e-02
 -1.7619507e+00
  5.0171371e+00
 -7.2929722e-01
 -2.6874251e+00
  7.9922071e-03
  1.3379031e+00
  2.9149070e-01
 -4.6520594e-01
  1.7550204e+00
 -2.7318609e+00
  5.1909442e+00
  5.4729827e-02
 -2.6537037e+00
  3.8126892e-01
 -7.6911074e-01
  8.5014886e-01
 -2.6548037e-01
  1.2964689e+00
 -2.0545082e-01
 -1.6452047e-01
  1.6069715e+00
 -4.8334566e-03
  1.8692555e-01
 -3.9222133e-01
  1.4248062e+00
 -4.5800063e-01
 -2.0181401e-01
  8.7294348e-02
  1.3067847e+00
 -5.5537518e-02
  3.7767366e-01
 -2.6394351e+00
  4.7495514e-01
 -2.2405700e-01
 -2.0901628e+00
  1.4270897e+00
 -1.1953728e+00
  1.3265966e+00
  2.0341249e+00
  1.4644616e+00
  2.1943378e+00
  5.2161473e-01
 -2.0497725e+00
 -9.1037875e-01
 -1.2722205e+00
 -4.0713206e-04
 -3.1537983e-01
  1.6159663e+00
 -4.5033190e-02
  9.5361114e-01
  1.6067674e-02
 -5.7980233e-01
 -4.9936004e-02
 -1.1486664e-01
  1.4926038e+00
  7.9937649e-01
  1.2046047e+00
  7.9453564e-01
 -5.6944060e-01
  1.3371830e+00
  1.3662442e+00
  2.5125115e+00
 -4.6839541e-01
  3.2669148e+00
  2.7005134e+00
 -5.9285623e-01
 -1.6683565e+00
 -2.3353881e-01
  2.1153499e-01
 -4.2277482e-01
  1.4078389e+00
  3.6957595e-02
 -5.1371641e-02
 -2.4061117e-01
  2.4225633e-01
  4.0354686e+00
 -2.9372339e+00
  2.6465693e-01
  6.9861278e-02
 -6.5874684e-01
 -8.0653173e-01
 -2.3791000e-01
  2.5516024e-01
  1.9270517e-01
  1.3160939e+00
  2.7721599e-01
  7.0527661e-01
 -6.8414100e-02
 -4.4404525e-01
  2.0038354e-01
 -3.8339245e-01
  1.2501028e-01
 -3.7354751e+00
 -7.0037174e-01
 -1.1850680e+00
  1.1461225e-01
 -1.1155000e-01
 -2.9563606e-01
 -3.3961022e-01
  9.8949242e-01
  1.1911558e-01
  4.1482514e-03
 -3.9889652e-01
 -9.7978696e-02
  4.6768144e-01
  3.2880422e-02
 -5.2922750e-01
 -2.4411087e-01
  1.0057733e-01
  9.3935981e-02
 -2.7119093e-02
  4.9344113e-04
 -8.6199504e-01
  2.0311147e-01
  6.8373546e-02
 -5.8425772e-01
  4.1286238e-02
  1.9360155e-01
  5.0992899e-02
 -2.0860703e+00
  4.0744424e+00
 -5.3654063e-01
 -3.2956907e-01
  1.2802351e-01
  2.9086429e-01
 -1.0106190e+00
 -7.4875452e-02
  9.0268672e-01
 -5.0415111e-01
 -4.3111749e+00
  4.4260240e-01
  3.0253902e-01
  6.2488397e-03
 -5.0794560e-02
 -1.8326369e-01
  4.6145251e-01
  1.6100528e+00
 -3.1943452e+00
  3.1971152e+00
 -3.1552309e-01
  2.6548455e+00
  5.5381173e-01
  6.6483730e-01
  1.6983917e+00
  1.2077509e+00
 -3.0793560e-01
 -4.5767430e-02
  1.3192606e+00
 -3.2207784e-01
  1.0118653e+00
 -2.1383586e+00
 -1.4262974e-01
 -1.4973867e-01
 -1.8157442e-01
  7.4265808e-01
 -1.4306784e-01
 -2.9868989e+00
  8.2992220e-01
  1.0250753e+00
  2.4492645e-01
  6.2694192e-02
 -1.3558123e+00
  2.7638003e-01
 -9.7812152e-01
 -2.0688784e+00
 -1.5030225e-01
 -1.6809972e-01
 -1.3986726e+00
 -3.1275630e+00
  4.9298182e-01
 -3.8684376e-02
 -7.5105973e-02
  1.2373638e+00
 -3.9659865e-02
  4.3322149e-01
 -2.9567597e-03
 -5.6922339e-02
 -2.2454212e+00
 -3.8086036e-03
 -4.0153471e-01
 -7.6356329e-02
  6.9271247e-03
 -1.6836536e-01
  5.2058923e-01
  2.0060110e-01
 -8.7552391e-02
  1.2305854e-01
  4.6174297e+00
  2.0085785e+00
 -5.2147877e-01
  4.0006833e+00
  4.9250884e+00
  3.4818475e+00
  5.2850795e+00
  3.9160531e+00
 -9.2590553e-01
 -2.0314634e+00
  7.1343589e+00
 -4.3315822e-01
  6.2804494e+00
  1.4801973e+00
  3.2909492e-01
  8.5417084e-02
 -1.4439472e+00
  4.1582150e+00
  1.3914915e+00
  7.8238040e-01
  3.1007749e-01
  7.1285397e-01
 -8.9953142e-01
 -1.2058438e-01
  1.2404578e+00
 -1.4985269e+00
 -5.5642047e+00
 -2.4112203e+00
 -7.2065741e-01
  2.0352948e+00
 -1.3365039e+00
  3.3435836e-02
  9.3507391e-01
 -6.9180083e-01
 -8.3430745e-03
 -2.0990245e+00
  1.5905819e+00
 -1.3462169e+00
  2.6178497e-01
  1.9633334e+00
  2.8027251e-01
 -1.9458772e-01
  2.4732323e+00
  1.1168651e-01
  3.0798440e+00
 -2.0018829e-01
 -1.4844006e-01
 -7.2679323e-01
 -1.1105271e-02
  1.7275988e-01
  4.7201481e+00
  9.3577158e-01
 -1.6417010e-02
 -3.2497892e-01
  4.8844974e-02
  1.6583815e+00
 -1.9305618e-01
 -2.5667806e+00
  9.0368025e-02
 -1.3231741e-01
  2.3831320e+00
  5.7318337e-02
  8.0248550e-02
  2.2463222e-01
 -8.4881596e-02
  2.7680034e-02
  1.2672638e+00
  1.7837722e+00
  2.6810041e-01
  4.2591202e-01
 -1.6171679e-01
 -9.3206326e-03
  4.1661397e-01
  1.5316108e-01
  2.3851927e-01
 -7.0967153e-02
 -8.9151084e-01
  4.5157248e-01
  6.7928643e-03
 -1.2123398e-01
  1.0592643e+00
 -3.8865392e+00
 -1.3792551e-03
 -3.4099545e+00
 -2.0221163e-02
  1.2979566e+00
  1.3155703e-01
  1.6595575e-01
  2.6481085e+00
 -2.3080683e-01
  2.0931949e-01
 -4.4904494e-01
  8.2455623e-01
  3.0797508e-01
 -3.5309318e-01
 -1.6185528e+00
 -4.3554328e-02
  6.1133165e-02
  1.5043378e+00
 -2.4114951e-01
 -4.2208338e-01
  1.4522111e-01
 -1.8931977e+00
  3.9924181e-01
 -5.5576720e+00
  3.7114757e-01
 -2.8491461e+00
  3.2117822e+00
 -2.5624301e+00
  9.4395196e-01
 -4.7477551e+00
  2.9847914e-01
  8.3328527e-01
 -7.3988872e+00
 -8.7389275e-03
 -3.6852172e-01
  7.1401083e-01
  4.7371662e-01
  2.0702942e-01
 -4.4350052e-01
  2.4004687e-01
  3.4678173e-01
 -2.1672187e+00
 -3.8876496e-02
 -5.3449355e-02
 -1.2581947e+00
 -5.7224869e-03
 -8.9912385e-01
  4.0960884e+00
  1.4386930e-01
  2.2600267e-02
  1.4522675e+00
  7.1857744e-01
  2.1717641e+00
 -4.7338035e-02
  2.3076534e+00
 -6.6212922e-01
  5.9175283e-01
  9.8480225e-02
  1.8279344e-01
 -6.7035161e-02
  1.6807488e-01
  4.0412951e+00
  3.8054517e-01
 -1.3695364e-01
  2.2281480e+00
  1.7050593e-01
  6.2723774e-01
  1.2889862e-01
 -2.2887390e+00
  9.6869841e-03
  1.5511276e+00
  9.8299809e-02
 -3.2080203e-01
  4.9721938e-01
 -1.6667908e-01
  4.6463192e-01
  6.4745709e-02
  1.0968649e+00
  1.0745757e+00
  6.7411214e-02
  2.0107810e+00
 -9.2241603e-01
 -6.2924832e-02
 -1.8557809e-01
 -3.2402746e-02
  2.0147176e-01
  5.5885893e-01
 -8.4543467e-01
  1.5622577e-01
 -7.1074438e-01
 -1.5615028e+00
  8.0963337e-01
 -5.6719754e-02
 -1.6831468e-01
 -4.3425867e-01
 -4.8750216e-01
  1.1602937e+00
 -1.8872206e-01
 -8.2204574e-01
 -3.9709330e-01
  4.4208634e-01
  2.2379310e-01
  8.3717681e-02
  2.7611509e-01
 -3.0829224e-01
 -1.2584679e+00
 -5.0327219e-02
  5.5940576e-02
  1.1187275e-01
  1.5026465e-01
  2.9948643e-01
  1.1078266e-01
 -3.2249611e-02
 -2.4421211e-01
  9.3938631e-01
  4.3384396e-02
 -1.8905436e-01
 -1.2139452e+00
  3.1325024e-01
  2.2366631e+00
  7.6373182e-02
 -2.4144019e-03
  4.2943788e-01
  3.3005962e+00
 -7.4032688e-01
  2.6737370e-02
 -1.8802948e-01
  5.9085399e-01
 -1.5957400e+00
  3.0218476e-01
 -4.6882749e+00
 -6.8429065e-01
  1.7665526e+00
 -1.1751608e-01
  9.6173681e-02
 -7.8945273e-01
  1.0135081e+00
  3.2400835e-01
  1.2935735e-01
 -3.9423642e-01
 -7.7485418e-01
  1.0362718e+00
  2.6234928e-01
  2.5487659e-02
  5.9146941e-01
 -2.6946515e-01
 -5.8452178e-02
 -1.8081656e+00
  2.9728326e-01
  3.3888862e-01
 -3.0417582e-01
  1.4969134e-01
 -2.8805768e-02
  1.1129035e+00
  1.0003453e-01
  8.1951457e-01
  8.7291459e-03
  1.3243458e+00
  1.4526445e+00
 -6.6887510e-01
 -7.6936528e-02
  1.9606107e-01
  8.4828734e-02
 -7.3896760e-01
 -4.9403602e-01
  1.5048331e-01
 -5.3022049e-02
  8.6899571e-02
  2.4652041e-01
  2.0413519e-01
 -5.9869394e-02
 -2.6737538e-03
 -2.6241285e-01
 -1.6061287e+00
  1.1567216e+00
  3.5126357e+00
  4.6004879e-01
 -7.8132540e-02
 -3.0671628e+00
 -1.8167202e+00
 -2.6803305e+00
 -1.6258724e+00
 -6.3343453e-01
  1.2695835e+00
 -1.4005211e-01
  2.3150846e-02
 -1.6206919e-01
 -2.1216749e-01
  3.9265242e-01
 -4.0370396e-01
  1.4376701e-01
 -1.4601547e+00
  3.3513060e-01
 -6.7963921e-02
 -1.7752476e-01
  2.9249331e-01
  2.2020362e-02
 -4.0161815e-01
  4.6411783e-02
  5.7997513e+00
  3.2796890e-01
 -7.9935782e-02
  5.8553633e-03
  3.8055044e-02
  6.5948862e-01
  8.6361951e-01
  9.5894206e-01
  3.9738140e+00
  1.0381364e+00
  2.2611079e-01
 -2.1180050e-01
 -5.9631791e-02
  1.0694065e-01
  9.6820813e-01
  1.3306810e+00
 -4.4980613e-03
  1.8717253e-01
 -6.4803623e-03
 -9.4006687e-01
 -3.0379981e-01
  3.0227020e-01
 -3.4377083e-02
 -4.8773625e-01
  4.2252550e+00
  1.9747545e-01
 -6.9684291e-01
  5.4175481e-02
 -2.0690730e+00
 -2.6088624e+00
  2.9183364e+00
  3.1204295e+00
 -6.4935565e-01
 -8.6014032e-01
  1.6818492e+00
 -1.7768204e-01
  2.2481212e-01
 -7.2955303e-02
  3.3090475e-01
 -5.4758781e-01
 -6.6234607e-01
 -1.0433146e-01
  3.0385262e-01
  8.8474065e-02
 -1.4463308e-01
 -2.3523631e+00
 -3.2133541e-01
 -3.3907801e-01
 -4.7158042e-01
 -1.1709853e-01
 -2.0666399e+00
  1.5643306e-01
 -5.2777970e-01
  4.9851865e-02
 -1.2891038e-01
  5.8389515e-02
 -9.0123260e-01
 -1.1469093e-01
  8.6140662e-01
 -7.1437824e-01
 -5.1125759e-01
 -2.3461287e-01
  2.8229985e-01
 -9.3172612e-03
  1.1875669e-01
  2.6782833e-02
  3.1084277e-02
 -1.4536412e+00
 -6.2920612e-01
 -2.8221518e-01
 -9.4150402e-02
  1.3831279e-01
  1.0192548e+00
 -1.7708186e+00
 -7.0938555e-04
  6.5539360e-01
  3.6148023e-02
 -2.2103176e+00
  7.9061222e-01
 -1.0514843e-01
  3.1431189e+00
  1.2264055e-01
 -1.4176843e-01
 -1.1348059e-02
 -1.3228102e-01
  1.1431161e-01
  2.9340088e-01
  9.9480331e-01
  6.5176350e-01
 -8.5332081e-02
  2.5908831e-01
 -9.0727907e-01
  4.3574668e-02
 -1.1818252e+00
  4.3491181e-02
  2.1467553e-01
 -1.5624018e-01
  4.4434196e-01
  6.5097916e-01
 -2.6437290e-02
  2.7179382e+00
  6.3204005e-02
  3.8282552e-01
 -2.7184254e-01
 -1.5622926e-01
  8.2317032e-02
  5.2340537e-01
 -7.3390648e-02
  1.7455158e+00
 -7.8465588e-02
  3.3215454e-01
  1.1633072e-01
 -3.6013625e+00
  6.7283213e-01
 -3.4226573e-01
 -1.5168487e-01
 -4.3015841e-01
 -3.9616287e-01
  8.1564542e-03
  3.7802857e-01
  4.4736084e-02
  2.8666517e-01
  7.0893072e-02
  2.9599056e+00
 -8.0991094e-04
 -2.5324354e+00
  2.0308495e-01
 -2.5398764e-01
 -1.4464493e-02
  6.2409151e-02
 -6.1269403e-01
 -5.1903397e-01
  1.7631438e-01
  1.0868257e-01
  3.8435957e-01
  5.2359265e-01
  1.1689482e+00
 -6.3857961e-01
 -3.3221903e+00
  2.1510252e-01
 -1.1827432e-01
 -3.2523754e-01
 -3.3666101e-01
  5.9794980e-01
  1.4331942e+00
  2.9083082e-01
 -5.7766312e-01
 -1.7126501e-01
 -2.5302503e+00
  1.1961176e+00
  2.7635825e-01
  7.2811800e-01
 -2.7363708e-02
 -3.0137411e-01
 -1.9527991e-01
 -3.9444607e-01
  7.4939710e-01
  1.0686991e-01
  6.9180064e-02
 -1.1537671e+00
  2.6333758e-01
 -6.4448439e-02
 -3.0404487e-01
 -9.9279039e-02
 -1.4662496e+00
  2.4660961e-01
  3.4839898e-01
  7.3778534e-01
  5.9483236e-01
  2.7113228e+00
 -8.2168669e-01
  5.5780835e+00
  1.2511636e+00
  4.9760532e-01
 -6.7910028e-01
  1.2860854e-01
 -8.3450027e-02
  2.6898406e+00
  7.5515449e-01
  1.5475373e+00
  4.0416712e-01
 -1.0288405e+00
 -7.4331474e-01
  1.9155501e+00
 -1.9066849e+00
 -2.0656186e-01
  2.8664703e+00
 -1.9592354e+00
  2.2054765e+00
 -2.7668989e-01
 -1.9731904e+00
 -1.2248188e+00
  3.4617112e+00
  9.0678227e-01
  3.5852625e+00
 -2.7701172e-01
 -1.4753548e+00
 -2.3303506e+00
  2.3408489e+00
 -1.7466825e+00
  1.0530524e+00
  8.3293015e-01
  1.3179451e+00
 -5.5574006e-01
 -1.7606853e+00
  1.8331726e+00
 -1.4564043e-01
 -5.0892282e+00
 -2.8301010e+00
 -1.2634327e+00
  1.7829543e+00
 -5.5935276e-01
 -2.2942057e+00
  1.8813232e+00
 -1.5178803e+00
 -1.9397506e-01
  2.3420107e-01
  6.9945663e-01
  1.7665389e+00
 -3.0643752e-01
 -9.6373457e-01
  2.5797472e+00
  5.8049321e-01
  4.3627113e-02
 -1.4626738e-01
  5.2656817e-01
  3.9015311e-01
  2.8863302e-01
 -5.9125814e+00
 -2.5241914e-01
  3.5767132e-01
 -1.2166643e+00
  7.0621186e-01
 -1.2682403e+00
  1.3664801e+00
 -3.2554989e+00
 -8.7987167e-01
 -1.3857044e-01
  5.6901317e+00
 -1.1117036e-02
 -1.7189315e-01
  3.2426435e-01
  6.1319122e+00
  6.8238312e-01
 -4.5650944e-01
 -2.3217762e+00
 -1.0815639e-01
  3.0694228e-01
 -1.3283694e+00
 -1.5060835e+00
  2.2146073e-01
 -5.4583913e-03
 -8.7233856e-02
 -1.9568098e-01
  3.7330985e-01
  2.4397060e-01
 -1.1706320e+00
 -2.7066414e+00
 -7.9246528e-02
 -4.7223885e-03
  3.6518738e-01
  4.2596947e-02
  3.8257501e-01
  4.6139061e-01
  2.6884229e+00
  5.6436360e-02
  7.5291330e-01
  5.4244149e-01
  7.1653092e-01
  6.4795837e-02
 -2.4781091e+00
 -3.8145866e-02
  1.7208206e-02
 -4.4785824e-01
 -6.7688972e-01
 -3.3687612e-01
  4.0874675e-02
 -1.7615610e-01
 -1.5003844e-01
 -1.6982180e-01
 -2.8405309e-01
  3.0593044e-01
  1.5147840e+00
  1.9690307e+00
 -1.5522121e+00
 -2.1209912e+00
 -1.5454135e+00
  3.3007650e+00
  2.0204966e+00
 -7.7943999e-01
 -1.0967188e+00
 -6.4678961e-01
  2.7911967e-02
  1.5715266e+00
  2.4138017e-01
  3.5477942e-01
 -5.0674992e+00
 -1.3286601e-01
  6.7388368e-01
 -1.0298812e-01
  3.6371970e-01
 -3.1251472e-01
 -3.0026713e-01
  9.3148291e-02
 -6.5567948e-02
 -6.1317223e-01
 -4.2108080e-01
  4.2661977e-01
  3.1649575e-01
 -2.1962390e+00
 -3.7609661e-01
 -2.7341275e-02
 -1.3610903e+00
  1.7210853e-01
  2.8238654e+00
 -1.0347192e+00
 -1.1868539e+00
  1.5111220e+00
  3.9061549e-01
  4.7802484e-01
  5.8826465e-02
  3.1922674e-01
 -5.4994941e-04
  7.2328353e-01
 -2.1873488e+00
 -1.9684052e-01
 -7.7980012e-02
 -3.5123859e-02
  2.7642541e-02
  7.3108149e-01
 -1.4729177e+00
  3.9283894e-02
 -1.5873115e+00
 -6.4427540e-02
  3.6597226e+00
  7.7597606e-01
 -6.0201395e-01
  1.6907247e+00
 -3.9973253e-01
 -5.2532852e-01
  2.9407996e-01
 -8.4405339e-01
  1.3917527e-01
 -1.5434942e+00
  1.0302874e+00
  5.1750988e-01
  9.7267665e-02
 -3.4367445e-01
  1.3387564e-01
 -2.2013707e+00
  1.2342811e-01
 -6.3382339e-01
 -1.3020442e-01
 -5.2895534e-01
  1.6072275e-01
 -3.3635664e-01
 -1.0111687e-01
 -6.9975615e-01
 -1.0177283e+00
  1.6653508e+00
  3.3368540e-01
 -2.2348508e-01
 -1.4715733e-01
  2.9399088e-01
  1.0788009e+00
  1.8917555e+00
 -1.1083372e+00
  2.3037258e-01
 -1.0361764e-01
 -2.0109434e-02
  3.1385365e-01
  1.5468822e-02
 -3.1924791e+00
 -5.7563549e-01
 -2.4268299e-01
 -8.4657497e+00
 -2.0822494e-01
  4.7287551e-01
  3.4658617e-01
 -2.2292957e-02
 -7.6624073e-02
 -9.0182714e-02
 -2.4233052e-01
  2.3900369e-01
 -3.6818245e-01
  3.9275950e-01
 -2.2042247e-03
  1.7576979e-01
  9.8103523e-01
  1.2495941e-02
  1.4802949e+00
  1.2616618e+00
  1.3054656e+00
 -2.7980542e-01
  7.6674110e-01
  2.3331509e+00
  5.9302247e-01
  3.4293821e-01
  1.0855746e+00
  5.7004482e-01
 -9.5472962e-02
  8.8886243e-01
  1.0487518e-01
 -2.1742772e-01
 -1.2922494e+00
  9.3226954e-02
 -1.4805397e+00
 -4.4954339e-01
 -1.1216503e+00
 -7.2098196e-02
  2.0348802e-01
  9.7866595e-01
 -6.5533555e-01
  6.3000441e-02
  3.2655758e-01
  3.7205458e-01
 -4.2363429e-01
 -1.2205126e+00
 -7.7764207e-01
  2.7346666e-04
  1.1375335e-01
 -2.9957628e-01
 -4.2944357e-01
 -5.5759847e-02
 -1.0496137e-01
  2.9023665e-01
 -1.7527879e+00
  1.8485330e-01
 -5.5069977e-01
  1.0417031e-01
  2.6433623e-01
  2.6874378e-01
 -2.2125711e-01
  5.2624118e-01
  1.3063395e+00
 -1.1131165e+00
  1.0949129e+00
 -2.3634000e-01
 -1.0308475e+00
 -1.4813143e+00
  2.1429756e-01
 -2.0365810e+00
  5.6070738e-02
  3.6965407e-02
  2.3146489e-01
  4.3999963e+00
  3.8809016e+00
 -1.6552503e+00
 -9.2151141e-01
  4.4549350e-02
  2.4004582e-01
 -1.0099695e+00
  4.0300689e+00
 -1.9472681e+00
 -3.1312343e-01
 -4.2093625e+00
  1.7029576e+00
  1.4306507e+00
  1.3183562e+00
 -6.0816143e-02
  3.2800612e-01
 -7.1600920e-01
  1.5259191e+00
 -2.3446340e-02
 -6.3502395e-01
  1.0180686e+00
  2.2800653e+00
  6.3034341e-02
 -1.4239831e+00
  3.6562748e+00
 -3.9442116e-01
 -1.7504032e+00
 -1.1328968e+00
  4.5418203e-01
 -4.3539000e-03
 -1.6054766e+00
 -9.9624477e-02
 -3.8607866e-01
  9.3793637e-01
  3.2415199e-01
 -6.3422886e-03
 -7.4906155e-02
 -3.7384207e+00
 -1.6815063e-01
  2.7737063e-01
  3.3003163e+00
 -1.2699664e+00
 -1.3487777e+00
  1.4853134e+00
  4.7422972e+00
 -3.1224594e+00
  1.3121445e-01
 -3.8687572e-01
 -1.0629749e+00
  5.7611424e-01
  5.7634998e-02
 -1.5715737e+00
 -2.2409910e-01
 -3.8694862e-01
 -9.0718049e-01
 -6.9683665e-01
 -1.4275515e-01
 -1.9537355e+00
 -4.0520597e-01
 -1.9439787e+00
  3.4335160e-01
 -1.3000296e-01
 -1.2639694e-02
 -1.6561486e-01
  3.3417022e-01
 -8.6311615e-01
  5.7793486e-01
  3.4047377e-01
 -9.1739857e-01
  4.8637652e-01
 -2.1535060e-01
  2.8827673e-01
 -3.7564453e-01
  2.7524748e+00
  4.6434703e-01
 -1.1633984e+00
 -3.2652097e+00
  2.6214018e-01
  1.6604723e+00
 -2.7679404e-02
 -5.0408596e-01
  6.0127509e-01
  5.2574575e-01
  2.6641050e-01
 -7.1973056e-01
  3.1742495e-01
  7.0302975e-01
 -1.2389003e-01
  1.9976610e+00
 -4.0227795e-01
 -4.3838758e-02
 -1.4608887e-01
  2.6222986e-01
 -1.9627963e+00
 -1.5424649e-01
  8.3754110e-01
  1.0176914e-02
 -1.1221225e+00
  4.3939793e-01
 -5.1866263e-02
  2.7686954e-01
 -3.1202713e-02
 -3.9909115e-01
 -2.1491267e-01
  5.7826079e-02
  3.3529592e-01
  1.3440467e-01
 -2.3922120e-01
  1.9500497e-01
 -2.7954912e-01
 -9.4134815e-02
 -2.6756588e-01
  5.2394710e+00
  1.3873495e-01
  2.8071251e-02
 -4.4739246e-01
 -5.7309002e-01
 -4.8161060e-02
 -1.0448376e+00
 -6.1115319e-01
 -3.3129516e-01
  2.3227091e-01
 -1.2443832e-01
  2.9460797e-01
  3.0894959e-01
 -1.7293675e+00
 -2.7859367e-02
  2.0282286e-01
  1.9834031e-01
 -3.2251012e-01
  3.8427964e-01
  3.6331746e-01
 -4.6131322e-01
  7.1189213e-01
  1.7229895e-01
  8.9433289e-01
  1.7070130e-01
  3.0561926e-02
 -9.2814761e-01
 -5.6175899e-02
 -1.6360168e-01
 -1.1308906e+00
  2.4739406e+00
 -2.1590216e+00
 -3.1598470e+00
 -2.5059185e+00
  3.6563382e+00
 -5.1201911e+00
 -1.6080223e+00
  1.1902827e+00
 -1.7323802e+00
 -1.2626820e+00
  8.5653561e-01
  1.3315561e+00
 -8.9969468e-01
  8.1867047e-02
 -6.1249811e-02
 -4.7366965e-01
  5.6671643e-01
  2.9875889e-01
  1.1459818e-01
 -2.4432185e+00
  5.3570230e-02
  3.2627590e+00
  1.0914874e+00
 -2.3767583e-02
 -4.1239935e-01
  9.3875533e-01
  4.8982668e+00
 -1.2509719e+00
 -1.1428490e+00
  4.6068111e-01
 -1.8358608e+00
 -1.7031302e+00
  1.3337882e+00
 -4.9644041e+00
  2.5675142e+00
  1.0206906e+00
 -3.3249766e-01
  1.7283216e-01
 -1.0524618e-01
  2.3399137e-01
 -2.8418326e-01
  4.6196705e-01
  2.6234897e-02
 -2.0269907e-01
 -1.4472752e+00
 -1.5608011e-01
  1.2193419e-01
 -1.0674530e-01
 -2.2065102e-03
  4.5092082e-01
 -1.7052388e-01
 -3.0212334e-01
  4.5021884e-02
 -1.2771071e-01
 -8.2540625e-01
 -1.6421049e+00
  1.8299574e-01
 -5.9682852e-01
  1.6948995e-01
  9.7791068e-02
  2.6734129e-01
  1.1977473e+00
 -1.0437663e+00
 -3.7504974e-01
 -4.1071945e-01
  6.1972994e-01
  6.5095353e+00
  4.2057502e-01
 -3.1015858e-01
  3.0328602e-01
 -7.4699178e-02
  1.1214995e-01
  1.1874818e+00
  3.0002940e-01
  2.4561200e+00
 -8.0091521e-02
  5.5257879e-02
  1.1665170e-03
  1.3188356e+00
 -2.3994543e-01
  2.4226843e-01
  2.1222679e-01
 -1.0200096e+00
  9.6997887e-02
  4.2921317e-01
 -1.2221416e-01
 -7.7282560e-01
 -3.9771861e-01
  1.6582768e-01
  1.9993816e-01
 -1.9699559e-01
 -2.7675217e-01
 -3.1270170e-01
  4.2079300e-02
  6.1321527e-02
 -1.4767489e-01
 -4.8779690e-01
 -2.4722217e-01
 -3.8837221e-01
  3.3075194e+00
  5.4861527e-02
  2.8801718e-01
 -1.5991355e-01
  1.5674229e-01
  6.5964662e-02
  3.5136130e-01
 -1.1023979e+00
 -2.7312082e-01
 -1.0813933e-01
 -9.3323804e-02
 -3.9786461e-01
  2.0115843e+00
 -6.1080611e-01
  1.3014404e-01
  3.4210429e+00
 -2.8618273e-01
  5.8127785e-01
  6.3384473e-02
  2.9644880e-01
 -2.1225545e+00
  4.3263692e-01
 -4.6505887e-02
 -9.8245144e-02
 -6.9568425e-02
 -7.3474967e-01
 -3.8600454e-01
  1.4330488e-01
 -1.8691073e-01
 -3.2453571e-02
 -1.4113571e-01
  4.5411326e-02
 -2.0641065e-01
 -1.2062144e+00
  6.3409805e-02
  1.6954100e-01
 -2.4070431e-01
  1.9660192e+00
 -9.8881656e-01
  4.7741705e-01
 -7.4282694e-01
 -4.1123662e+00
 -3.3672378e+00
 -3.1975672e-01
  2.8066126e-01
 -2.1103506e-01
 -5.4998960e-02
  6.8424755e-01
 -8.2440920e-02
  3.4685490e-01
  1.9610043e-01
 -1.5138847e-01
 -2.3629351e-01
 -6.3329309e-01
  1.2720753e-01
  8.9598134e-02
 -1.2907836e-01
  1.8957915e+00
 -6.4756602e-01
  5.9989196e-01
 -1.2081409e-01
  1.5825328e+00
  2.1270037e+00
 -2.5490448e-01
  4.7691002e-01
 -3.6968386e-01
  3.2844442e-01
  1.1253612e-01
  4.2313734e-01
  1.2347724e+00
  3.0677886e+00
 -7.9540354e-01
 -1.0060592e+00
  6.3146758e-01
  2.1681964e+00
 -1.8385650e-01
  3.6215410e-01
 -9.9862337e-02
 -1.2487921e-01
 -6.8961477e-01
 -1.4520392e-01
  8.8314623e-01
  6.5135324e-01
 -2.1479666e-01
 -3.5890727e+00
  2.3744826e-01
 -4.6753254e+00
 -9.8296577e-01
  1.4519478e-01
  4.5543678e-02
  2.1088424e-01
  5.3997666e-02
  5.4492839e-02
 -6.1799698e-02
 -5.1180691e-01
 -5.4882026e-01
 -2.9667667e-01
 -1.6170713e-01
  3.2224891e-01
 -2.0491889e+00
  2.0126149e-01
  3.9176708e-01
  9.6839026e-02
 -2.4049371e-01
 -5.8044213e-01
  5.1530004e-01
 -4.7696665e-02
 -5.2308834e-01
  9.2343666e-02
 -6.5601020e+00
 -1.4400895e-01
 -3.4477419e-01
  8.5503444e-02
 -6.5701730e-03
  2.5810242e-01
  5.7249415e-01
  7.3013234e-01
  2.3906283e-01
  3.1844559e-01
 -4.7448620e-01
  1.0994241e-01
  6.4208359e-02
  8.4422894e-02
 -7.7226818e-01
 -6.7716942e+00
 -3.7493978e-02
  2.5934098e+00
 -6.3769117e-02
 -8.2982212e-02
  7.4654520e-01
  3.6429301e-02
 -1.6221130e+00
 -3.4285900e-01
 -1.6953732e-01
 -6.9805658e-01
  4.3007609e-02
  4.7363006e-02
  5.6726377e-02
 -2.2385409e+00
 -3.0226571e-02
  1.7465624e+00
 -2.6249000e-01
 -5.0237000e-01
  3.9634112e-01
 -5.3892797e-01
 -9.6541841e-04
  1.6273840e-01
  1.6442457e-01
  2.0621820e-01
 -4.1156683e-02
 -8.1172168e-01
  1.9454944e+00
  2.9705647e-02
 -2.4548210e-05
 -1.2825005e-01
  1.9494168e-02
  2.9519320e-01
  1.9685237e-01
  1.3931130e-01
 -4.5695397e-01
  5.7938790e-01
 -3.0581605e-01
  2.0453803e-01
 -1.2181001e+00
 -1.4752340e+00
 -3.5168225e-01
  6.0396278e-01
 -1.0966725e-01
 -1.1190870e-01
  8.0600441e-02
 -1.1739909e-01
 -5.9802812e-01
 -1.7915100e-01
  2.3354086e-01
  3.5618496e-01
  1.0261182e+00
 -2.0245963e-01
  1.8955070e-01
  2.8658313e-01
 -2.7050257e-01
 -1.0594507e-01
 -7.0110404e-01
 -3.1490514e-01
 -3.5724652e-01
 -1.0084385e+00
 -3.5067457e-01
 -2.7557281e-01
  2.8037679e-01
 -1.8644692e+00
  5.6867021e-01
  2.1915633e-02
 -5.9294447e-02
  1.4793482e-01
  2.9372454e-01
 -2.3730562e+00
 -1.8078566e-01
 -1.1260399e+00
 -4.1611932e-02
 -1.3421702e-01
 -1.5923640e-01
  2.5676495e-01
 -2.7329332e-01
  3.0563968e-01
  5.5434090e-01
 -1.0267308e+00
 -1.0268068e-01
  1.4290407e-01
  5.4507524e-01
 -7.2249436e-01
  3.2477849e+00
 -1.0211290e+00
  9.8221415e-01
 -4.5003262e+00
  3.7866816e-01
 -7.5421176e+00
 -2.3115489e+00
 -5.4570299e-01
  3.2012784e-01
 -4.6224412e-01
  1.2306181e-01
 -2.3018880e-01
 -1.8209898e-01
 -2.0367267e+00
  3.0108416e-01
  1.2503296e-01
 -1.8870977e-01
 -4.2871642e-01
  1.1843491e-01
  2.7622181e-01
  5.3516019e-02
 -2.9133257e-01
  2.7459347e-01
 -1.2085618e+00
  8.5482675e-01
 -5.0767165e-02
  1.0563847e-01
 -4.3781814e-01
 -9.5564507e-02
  1.9237232e+00
  1.1333081e+00
  7.6243103e-01
 -2.3227062e+00
 -8.3441556e-01
 -4.8666239e-01
  3.5620776e-01
 -6.3354933e-01
  8.3543092e-01
  1.7482968e-01
  1.1109387e+00
  1.1267325e-01
  2.1688136e-01
  2.8999877e-01
 -3.5610399e-01
 -2.7217728e-01
  3.1075513e-01
  1.8691710e-01
  1.1296227e+00
  3.6128882e-01
 -5.9202414e-02
  2.1985422e-01
  1.0638402e-01
  5.9620327e-01
  2.3968682e+00
 -2.4506326e-01
  1.3375496e+00
 -1.7459898e+00
 -1.7120521e-01
  1.6140898e-01
 -7.7333409e-01
  8.1055805e-02
  4.6403104e-01
 -1.7829400e-01
 -1.8650934e+00
  1.5792501e-01
 -2.5915849e-01
 -2.3898634e-01
  2.2493197e-01
  6.4242683e-02
 -1.4839330e-01
  1.0197048e-01
  7.4357015e-01
 -1.9193675e-01
 -5.6673115e-01
 -1.0542355e-01
  1.5200664e-01
 -3.7634283e-01
  2.5112021e-01
 -6.1621200e-02
 -5.7130352e-02
 -6.2816836e-02
  6.0452300e-01
 -1.0728178e-01
 -2.4087234e-01
 -2.6522344e-01
 -1.4741494e-01
  6.0103935e-01
  1.1690005e+00
  5.4506201e-01
  9.3603784e-01
 -1.0221374e-02
  1.9487810e-01
  2.5432983e-01
  1.8425550e+00
  1.2323707e-01
  1.4188434e+00
 -6.4988059e-01
 -1.4537091e+00
 -2.4383824e-01
 -2.2099631e+00
  1.1660410e-01
 -2.5538933e-01
 -1.6643624e-01
 -5.4968810e-01
  9.6582197e-02
 -1.5956292e-01
 -6.2494688e-02
 -6.0347980e-01
  3.6284021e-01
 -7.3486620e-01
  3.0522534e-01
 -4.2495294e+00
  2.0216194e-01
 -3.3862469e+00
  5.9657705e-01
  1.1285300e-02
  2.0914981e-02
  5.8443445e-01
 -1.3021140e-01
 -1.8205598e-01
 -1.9051698e-01
  8.4736779e-02
  1.7832522e-01
 -4.6251771e-01
 -2.7031878e-01
 -2.2583418e-01
  1.5377384e+00
 -6.6582538e-02
  4.0270776e-01
  4.8096654e-01
  1.5778184e-01
 -1.0731924e-01
 -8.6503965e-01
 -4.0828079e-01
 -9.9190749e-02
  2.7060553e-01
  2.1774918e-02
  3.6561262e-02
  2.2759508e-01
  1.2234107e-01
  1.8173651e-01
 -3.2300428e-01
 -1.7926024e-01
  3.4510675e-01
  9.6019618e-02
 -2.4129066e-01
  2.0642094e-01
  1.0778228e-01
  2.2081940e-01
 -4.2905480e-02
  8.6369932e-02
  2.0675707e+00
  3.9145861e+00
 -3.8559577e+00
 -3.3072217e+00
  2.2735593e+00
 -7.2307098e-03
 -1.6971090e+00
  4.0412931e+00
 -1.3046087e+00
  2.0393190e-01
 -2.8125939e+00
  4.3807364e+00
 -3.3924394e+00
 -1.9795398e-01
 -1.5919311e+00
  1.4544430e+00
 -4.4600248e-01
 -4.5609293e+00
 -1.6207868e-01
  6.0242462e+00
 -7.1582395e-01
  1.4752156e+00
  5.5514640e-01
 -3.5724041e-01
  3.4969728e+00
 -1.5138125e+00
  2.4832656e+00
 -1.7299321e+00
 -9.8941555e+00
  4.1269302e-01
 -1.1442273e+00
  3.5866086e+00
 -6.0101571e+00
 -1.9913734e+00
  1.6534277e+00
 -2.9228334e+00
 -1.4420451e+00
 -2.5212994e-01
  6.4068705e-02
 -1.0977451e+00
 -2.2497872e-02
 -8.5870162e-02
 -4.0365234e-02
  5.1333670e-02
 -6.8785650e-01
 -7.2357059e-01
  1.6357824e-01
  4.2097995e-01
  1.2216657e-01
  6.5138710e-01
  5.6523472e-02
  3.3050165e+00
 -7.0387836e+00
  2.0138628e+00
  1.6137127e+00
 -5.0928197e+00
 -4.0621152e+00
  3.8432944e+00
  4.1421804e+00
 -1.9449333e+00
 -1.6018124e+00
 -4.5360541e-01
 -3.4333611e-01
 -1.1111685e-01
  4.2341149e-01
  1.3350877e+00
  1.9601266e-01
  3.7577112e+00
  9.3100893e-01
 -2.5744774e+00
 -3.6937420e+00
 -5.2829599e-01
 -3.1972268e+00
 -2.8194606e-01
  1.0697751e+00
 -4.2890465e-01
  8.0096997e-02
 -3.4039516e+00
 -2.5100172e-03
 -7.8018898e-01
  3.7179583e-01
  2.7106264e-01
 -4.9706998e+00
 -3.8921523e+00
  2.9141090e+00
  9.7058684e-01
 -4.3792000e+00
 -4.9027839e+00
  1.3775744e-01
  1.8544304e-01
  5.0705439e-01
 -1.1584038e-04
 -1.5496835e+00
  2.7753854e-01
  5.3205866e-01
  1.6790171e+00
 -1.1603956e-01
 -1.0770103e-01
  8.2136326e-02
 -3.4443060e-01
  1.5104002e-01
 -3.2279846e-01
  3.6080774e-02
  5.0796670e-01
 -7.6098865e-01
 -4.6421540e-01
  2.5937971e-01
 -2.5454201e-02
 -1.6060251e-01
 -3.0269650e-01
  5.7242298e-01
  2.2323133e-01
 -5.1305550e-01
  1.3812283e-01
  2.9620197e-01
 -5.1042666e+00
 -1.2147613e+00
 -1.7054952e+00
  3.9729747e-01
  2.6759008e-01
 -1.0887397e-01
  9.8062642e-02
  2.0076349e-01
 -2.0188625e-01
  2.2281969e-01
  2.2026372e-01
  1.2149616e-02
  8.6643107e-02
  3.4294909e-01
  1.1845729e+00
 -1.9349985e-01
 -2.5859485e+00
  2.6066193e-01
  1.0597193e+00
  8.3753645e-01
  7.3541842e-02
 -4.4296031e+00
  4.8863266e-02
  7.5148070e-01
 -2.4186611e-01
  1.8277186e-01
 -3.5399285e-01
 -6.4929259e-01
 -1.7506734e-01
  3.5805282e-01
  3.8829073e-01
 -3.4965983e-01
  1.9824155e-01
 -2.8138775e-01
  4.9381420e-01
  2.9332528e+00
  5.3942961e-01
  5.2207285e-01
 -1.3989177e+00
  4.1089436e-01
 -1.2304821e+00
 -2.5178751e-01
  1.0403968e-01
  1.2425065e+00
  6.7147750e-01
  3.6712629e-01
 -8.3447024e-02
 -3.1846145e-01
 -1.1785185e-01
 -5.7299006e-01
 -3.8588741e-01
 -3.5649803e-01
  1.1657541e+00
 -1.3698812e+00
  1.4601031e-01
 -2.4783062e-02
  4.3166944e-01
 -4.3465146e-01
 -2.0532505e-01
 -5.4280335e-01
 -5.3627208e-02
  4.1044571e-02
 -6.4409161e-03
  1.6855319e+00
 -2.1872164e-01
 -3.2103652e-01
  5.6353750e+00
  5.4962087e-01
  1.4075632e-01
 -8.1330135e-02
  1.0555491e-01
  1.4879280e+00
 -6.4919555e-01
 -1.0780178e+00
 -4.2662963e-01
  6.3817447e-01
  6.5968454e-02
  9.5589526e-02
 -7.3576558e-01
  3.0333421e-01
 -2.0200541e+00
 -3.6947244e-01
  7.4360192e-02
  5.3112698e-01
 -1.8925341e+00
  1.2125433e-01
 -4.2743266e-02
 -2.1607034e-01
  2.3952389e-01
  5.1744275e+00
  1.7689817e+00
  2.0883219e+00
 -3.2290900e-01
 -4.1023946e-01
  2.4206359e+00
 -1.9435032e-01
  9.5377064e-01
  1.9616634e+00
  7.1428561e-01
  3.4139697e-02
  1.8061604e+00
 -3.0539432e+00
 -3.6594171e-02
 -5.1439369e-01
  2.1126908e-01
  1.5788000e+00
 -1.1940422e+00
 -3.4504175e-01
  9.3914950e-01
 -1.2429242e-01
 -3.9030656e-02
  1.7466951e-02
  9.2371559e-01
 -3.2989075e+00
 -1.6111587e+00
 -1.7110481e+00
 -9.8899469e-02
 -1.6586936e-01
  9.6694303e-01
  6.8138361e-02
 -1.0283520e-01
  1.8709755e+00
 -5.5281061e-01
  2.4810585e-01
  1.6314670e-02
  1.5382884e-01
 -1.4447229e-01
  3.7927642e-01
  2.1679190e-01
  2.3163347e-01
 -1.4650406e-01
  3.1645066e-01
  3.8488451e-01
 -7.9277235e-01
 -2.3739177e-01
  7.6254897e-02
  1.3613272e-01
  1.2291565e-01
  3.1717670e+00
  4.5267412e-01
 -2.8781164e-01
 -1.7790028e-01
  4.5045477e-01
 -3.7910989e-01
 -8.3650634e-02
 -6.4999588e-02
 -1.7749063e+00
  5.5259472e-01
 -2.3942886e-01
  8.7791556e-01
  1.0557978e-01
 -1.7684501e-01
 -1.7590244e-01
  3.6210582e-02
  3.2974248e+00
 -1.0924747e+00
  1.2244959e+00
 -3.4604910e-01
 -2.5946947e-02
 -1.2096926e-02
 -4.2173409e-01
 -2.9778644e-01
 -6.8200231e-02
  8.9290351e-01
  1.2271576e-01
  6.7199481e-01
  2.9239300e-01
  8.6878520e-01
 -3.0844206e-01
 -3.9372244e-01
  1.9004246e+00
 -8.3582985e-01
 -9.0385176e-02
  9.6656561e-02
 -6.1224949e-01
 -5.6447273e-01
  1.5134046e-02
 -1.0341104e+00
  1.5946407e+00
 -2.3016514e-01
 -4.5580428e-02
 -5.7531394e-02
 -4.3803254e-01
  2.6959130e-01
 -1.8759826e-01
 -7.6926887e-01
  4.6811235e-01
  5.3763967e-03
 -3.0989310e-01
  1.1635078e-03
  2.4353662e+00
  1.0564337e-01
  2.7456787e-01
 -5.7839453e-02
  6.4027077e-01
  6.5468952e-02
  1.7788176e-01
  3.7731239e-01
  3.4695613e-01
  1.1909524e+00
 -3.1524990e-02
  4.1168499e-01
 -9.6584308e-01
  3.9275214e-01
  7.6254350e-01
 -9.5061861e-02
 -1.7406060e+00
  3.3250070e-01
 -2.2180109e-01
  1.3522641e-01
  2.0351820e-01
 -2.2814237e-01
 -2.8090575e-01
  3.1389007e-01
 -1.1413555e+00
 -4.3608066e-01
  4.2117858e-01
  5.7397091e-01
  1.8494178e-01
  6.2579766e-02
  1.1008902e+00
 -3.4623268e-01
  3.1280252e-01
  1.0970803e-02
 -2.3769666e-01
 -2.1237670e-01
 -3.2071468e-01
 -4.2218304e-01
  1.7023208e+00
 -5.9956557e-01
 -1.8347147e-01
 -1.0463600e-02
 -6.7338723e-01
 -2.7859542e-01
 -1.2324365e+00
 -1.0419314e-01
 -5.4589253e-02
  9.0960211e-01
  6.0322326e-01
  4.3565642e-02
 -1.0310112e-01
 -9.6398123e-02
  2.2359481e-01
  2.8536114e-01
 -2.5148830e-01
  4.5442390e+00
  1.6330937e+00
 -2.3814689e-01
  4.0578327e+00
  4.8918462e-01
  7.7253169e-01
 -2.5350654e-01
 -9.2612170e-02
 -1.8383372e-01
 -3.3292085e-01
  8.1455952e-01
  1.1319258e+00
  6.0605776e-01
  1.8584841e-01
  2.2086613e-02
  3.6218452e-01
 -5.2136678e-01
 -5.6692734e-02
 -8.1295343e-03
  7.0952073e-02
  6.5260507e-02
 -2.1740678e-01
 -9.7126985e-01
 -3.4194294e-01
  1.7036241e-01
 -6.0314503e+00
 -3.4859064e-01
 -3.4452984e-01
 -1.4586878e-01
 -7.1639479e-03
  4.1867454e-02
 -3.6611679e-01
  1.2007981e-02
 -3.9219341e-01
  4.4221339e+00
 -7.2603178e-01
 -4.5003261e-02
  7.4688423e-01
  2.5892453e-02
  6.3780718e-02
  3.2449678e-01
  1.5074117e-01
 -7.6574855e-02
  1.7624420e-01
  2.6256615e-01
 -3.1072280e-01
 -1.2380727e-01
  2.1599874e+00
 -6.6793889e-01
 -3.7175429e-01
 -3.2608595e-01
  9.7175521e-01
 -3.4750789e-01
  1.5590264e-01
 -1.5801176e-01
  7.1328843e-01
  3.9564031e-01
  1.5905846e-03
 -2.3575311e+00
  4.1816530e-01
 -1.2653281e-01
  1.8058433e-01
  1.7120586e-01
 -7.4953390e-03
 -9.0846413e-01
 -1.0263281e-01
 -1.2068647e-01
 -3.6379153e-01
  1.3442416e-01
  2.2926079e-02
 -3.2741487e-02
 -1.1034281e+00
  4.0783610e+00
  5.8389843e-01
  2.3474827e-01
 -1.5487672e+00
 -2.0349576e+00
 -3.4806538e-01
 -4.0578839e-01
 -4.5061126e-02
  2.9957154e-01
 -1.6755152e-01
 -9.0698078e-02
 -4.1782099e-01
  7.3598422e-02
  1.1554115e-01
 -1.0703841e+00
 -4.2347968e-02
  4.3284882e-02
 -1.4808007e-01
 -6.8162102e-01
  5.1387057e-02
 -2.1491604e-01
  2.8009024e-01
 -5.9529644e-01
  3.7647080e-01
  1.5286290e-02
  7.8975672e-01
 -1.9641788e-01
  1.0110008e+00
 -2.9226336e+00
  1.5064366e+00
 -3.8240951e-02
  2.9874651e+00
 -1.9375079e+00
 -5.9540582e-01
  7.8466815e-01
  7.0315146e-01
  1.1109496e+00
 -3.6822646e+00
  2.0837696e+00
 -3.1409162e-01
 -3.7798862e+00
 -4.7493909e-02
  3.7140819e-01
 -1.1391414e+00
  8.5328346e-01
  2.2418690e+00
  1.0571874e+00
 -8.6905235e-01
  2.7303800e-01
  2.1641171e+00
  1.1774262e+00
 -2.9428520e+00
  7.7389920e-01
  1.5603243e+00
 -2.5817389e+00
  1.5050225e+00
  1.3474181e-01
 -6.9956470e-01
  2.0955737e+00
  9.8377556e-01
 -2.0938859e+00
 -1.7049046e+00
 -1.9248937e-01
  1.9635487e-01
 -1.7306402e-01
 -1.2686340e+00
 -1.8282819e+00
 -1.5882494e+00
 -4.5709050e-01
 -1.8344197e-01
 -2.1412407e-01
  1.0491758e-01
 -9.3933217e-02
 -3.1334114e-01
  1.1947130e+00
  3.7418994e-01
  8.1059247e-01
 -3.5160508e-02
  8.5319978e-01
 -7.3975450e-01
 -1.3467121e-01
  2.3171064e-01
  1.4952727e-01
  9.6696794e-01
 -2.0296992e-01
 -2.9074948e-02
  1.0418361e-01
 -3.2789209e-01
  1.1127385e-01
  3.0629599e-01
  9.4198826e-04
 -4.1744858e-01
 -4.1480303e-01
 -2.2389235e-01
 -1.5210947e-01
  5.7722878e-02
  6.0309380e-01
 -3.8030005e-01
  6.5395579e+00
  3.1105027e-01
 -7.9717505e-01
 -2.5067782e-01
 -8.7390110e-02
 -1.3093870e+00
  2.2519043e-01
  2.5477061e-01
  2.9074376e+00
  1.6509807e-02
  1.7872032e-02
  9.9744745e-02
 -6.1425221e-01
  4.1903157e-02
 -1.1463414e+00
  3.4194198e-02
  1.2071252e-01
 -3.0385122e-01
 -7.8321517e-02
 -3.6350234e+00
  1.4597931e+00
  7.8851205e-01
  3.1512076e-01
  5.9591007e-01
 -2.7668333e-01
 -2.8825352e-01
  9.7601071e-02
 -2.0326082e-01
  9.6403353e-02
  3.0668378e-01
 -1.0132031e+00
 -4.7958856e+00
 -5.5952829e-01
  4.4614559e-01
 -2.1702734e-01
  1.2594417e-03
 -2.4079122e-02
  3.7502844e+00
  2.0548012e-02
  5.2929387e+00
  3.2437730e-01
  3.3136849e+00
 -6.6379122e-02
  5.2392449e-02
 -2.7654150e+00
  5.7067961e-01
  3.1826507e-02
  1.3372430e-01
  1.1620604e-02
 -7.3018625e-02
  2.0124876e-01
 -1.8916233e-01
  2.0480539e-01
 -3.6401618e-02
 -1.0113093e-03
  7.2710884e-01
 -8.0828279e-02
 -1.4004116e-02
  6.0844302e-01
 -1.7328088e-01
  2.8120834e-01
 -3.0104709e-01
 -3.8605359e-01
 -2.2760810e-02
  2.4331682e+00
  1.1071447e+00
 -1.5405285e-01
 -2.4081737e-01
  3.4085000e-01
  6.6746473e-01
 -6.5642828e-01
 -1.8409620e-01
  1.2849313e-01
 -2.7523661e-02
 -1.7263785e-01
  2.3626095e-01
 -8.3244872e-01
  3.7081379e-01
 -7.3028654e-02
  1.5727164e-01
 -1.1032604e+00
 -1.2297743e-01
  1.3298681e+00
 -2.5426173e-01
  3.1373534e-01
 -8.2818991e-01
 -4.6252806e-02
 -7.4532014e-01
 -2.2239058e-01
 -6.2991306e-02
  6.4889483e-02
 -2.6974201e-01
 -7.6181166e-02
  3.5683897e-01
 -1.3794191e-01
  2.7436187e-02
 -1.7162204e-01
  1.2505919e-01
 -1.0687811e+00
  6.7357337e-01
 -1.7229414e-02
 -8.5967308e-01
 -4.6553973e-02
  1.8664638e-02
 -9.7053969e-01
 -3.4432251e-02
  2.5444020e-02
 -4.8055902e-01
  4.4544545e-01
  5.4515541e-01
 -2.5775080e+00
 -3.0739447e-01
  4.9598992e-01
  3.3117611e-02
 -9.7768039e-02
  5.7194239e-01
 -1.2835600e+00
  1.2598744e-01
  2.0046397e-01
  8.8866271e-02
 -2.3236003e+00
 -2.6116753e+00
  2.7815121e-01
 -7.6426476e-02
 -2.6738951e-01
  5.2500343e-01
  1.9190465e-01
  9.2270672e-01
 -2.4800876e-01
  7.1048266e-01
  6.5569155e-02
 -3.3073789e-01
  5.8851194e-01
 -1.4963669e+00
  1.1328984e+00
  2.3211336e+00
 -3.2444496e+00
 -3.8708551e+00
 -4.1880383e+00
 -6.0373980e-01
 -1.9507141e+00
 -4.2109886e-01
 -6.8706185e-01
 -4.6820469e+00
  1.9584539e+00
 -5.2993865e+00
 -2.0653162e+00
  3.7419350e+00
  2.3716815e+00
  1.4086014e+00
 -7.9139271e+00
 -1.0520456e+00
 -1.5867443e+00
  1.6239891e+00
 -5.1311582e-01
  3.3761277e+00
  5.0996501e-02
 -6.7141342e-01
 -9.1674107e-01
 -3.8389525e+00
  4.3337913e+00
  9.2740571e-01
  2.2966704e+00
 -8.2304794e-01
 -1.9311912e+00
 -1.6326864e+00
  9.6139592e-01
  3.7614274e-01
  3.2650099e+00
  1.5399897e+00
  4.3425217e-02
 -3.9294964e-01
 -1.9657861e+00
 -3.6874488e-01
 -2.6343489e-01
  7.5682200e-02
  2.4694932e+00
 -3.3969861e-01
  6.8699673e-02
  4.3397982e-02
 -1.1268674e-01
  3.4534201e-01
 -5.4682362e-01
  9.0450591e-01
  6.6160667e-01
 -4.3302268e-01
 -2.4187739e-01
 -3.9375365e-01
 -2.8354380e-01
  1.4561652e+00
 -1.2164349e-01
  2.9787521e+00
 -4.7616020e-01
 -2.5614551e-01
 -1.4761135e-03
  3.6297944e-01
  3.6663350e-01
  2.9480603e-01
  2.3716317e-01
 -3.0527610e-01
  9.4970994e-02
 -2.7944100e+00
 -9.9985979e-02
 -2.8695694e-01
  4.5589769e-01
  2.7330118e-01
 -3.8132737e-03
  1.6853216e+00
 -1.0515945e+00
 -9.2419527e-02
  2.8006310e+00
  7.2195254e-02
  2.9210446e+00
 -4.2786884e-01
  1.8890010e+00
  2.3911553e-02
 -1.2081650e-01
 -1.1935548e-01
  9.6337557e-02
  8.1626233e-03
  7.4991024e-01
 -9.6257344e-02
  2.4080803e+00
 -2.2434533e-01
  1.1186095e-01
  2.8845093e+00
  4.1581339e-01
 -2.2111738e-01
 -7.4011987e-01
 -2.9385146e-01
  1.3472745e-01
 -2.4160685e-01
  2.3822227e+00
 -2.3103930e-01
  1.2527929e-01
 -5.5087228e+00
 -2.2132838e+00
  5.2150822e+00
 -1.2880083e+00
  3.6059198e+00
  6.4739573e-01
 -4.1932545e+00
 -2.1410654e+00
 -1.5729486e+00
  1.2735289e-01
  7.9828411e-01
  1.9139330e-01
 -1.4269724e-01
 -2.2361262e-01
  1.8211089e+00
 -3.8964266e-01
  7.5223908e-02
 -2.9718435e-01
 -9.9412486e-02
 -3.1054008e+00
 -1.3548713e+00
  2.2336087e+00
  9.1693491e-01
 -1.1444318e+00
  6.8435836e-01
 -3.1976834e-01
  1.8064626e+00
 -2.2281329e-01
  1.6658100e+00
 -5.8728540e-01
 -5.3992367e-01
 -2.8986406e+00
 -8.3832246e-01
 -1.3359878e+00
  1.3497791e+00
  4.6278128e-01
 -7.0438153e-01
  2.6710451e-01
  1.5439166e-01
  6.3883126e-01
  2.5313720e-01
  8.1508584e-02
 -1.0695330e+00
 -4.4657728e-01
  4.5296919e-01
  2.7877358e-01
  2.5474986e-01
 -7.2354920e-02
  1.4395563e-01
  1.4755210e-01
 -1.0863172e+00
 -1.8100035e-01
  1.0947626e-01
 -4.0406567e-01
 -1.6851588e-01
  3.2234326e-01
  2.1249981e+00
 -1.5543602e-01
 -2.3755963e-01
  1.1665589e-01
  2.3211556e-02
 -3.3745611e-01
  7.8831710e-02
 -5.7447970e-01
  3.5799176e-01
 -2.9482162e-01
  3.2372244e-03
  1.0413654e+00
  4.4646317e-01
 -9.6745595e-02
 -3.9625040e-01
 -2.4909313e-01
  9.2280281e-01
 -1.0484576e+00
 -5.0434929e-01
 -1.3817453e-01
  1.0465679e+00
  1.6669449e-01
 -8.4531415e-01
  6.2062967e-01
  7.5688303e-01
 -2.3525149e-01
  2.3441744e-01
 -1.0549093e+00
 -2.3724432e-01
 -1.5382083e-01
 -1.8317799e-01
 -2.9415390e-01
  6.0017234e-01
  2.4490933e-01
 -2.1918204e+00
  7.8413859e-03
 -9.0887833e-01
  1.3924142e+00
  1.0419362e-01
 -3.9380267e-02
  1.5017003e-01
 -6.1029959e-01
  5.9319025e-01
  6.7626126e-02
 -6.2035654e-02
 -2.7290273e-02
 -2.7997079e+00
  1.0741894e+00
 -1.4544189e+00
 -3.0213897e+00
  1.0502812e+00
 -1.3977805e+00
  2.0516565e+00
  2.9787188e+00
  1.0079790e+00
 -1.0329971e+00
  3.9181747e+00
  2.5633881e+00
 -2.2465124e+00
  4.2833014e+00
  5.6340289e-01
  3.9197522e-01
 -9.2913252e-01
 -1.7440826e+00
  2.1818538e+00
  1.5078120e+00
  1.7931942e+00
 -2.8797731e-01
 -6.9723773e-01
 -1.5955541e+00
  2.0755701e+00
  3.6204484e+00
  2.9271231e+00
 -3.7388544e+00
 -4.8544142e-01
  5.6675649e-01
  1.0458136e-01
  7.2429571e+00
  8.2015377e-01
  1.7414898e+00
 -1.3819395e+00
 -2.1133518e+00
 -1.6321992e+00
 -3.0921602e+00
 -2.6177247e+00
 -1.7618304e-01
  2.6468086e+00
 -3.4158397e-01
  3.2829602e+00
 -1.5942562e+00
  6.5404326e-01
  1.9986281e+00
 -1.6383467e+00
 -1.0916063e+00
 -1.9828329e+00
  2.0199611e+00
 -4.5224285e-01
 -3.0967717e+00
 -5.3396225e-01
 -9.5691639e-01
  1.6491101e+00
 -1.9024098e+00
 -2.3606920e+00
  1.2623012e+00
 -1.9959136e+00
  1.3463345e+00
  7.4068558e-01
 -2.0435350e+00
 -1.4976836e+00
  1.5035299e+00
 -2.9182656e+00
 -2.8262236e+00
  7.4245286e-01
 -2.2735226e+00
  1.6231270e+00
  5.9879261e-01
  1.0855781e+00
  1.8289572e+00
  1.1655805e+00
 -2.4220617e+00
 -1.0164242e+00
  3.1519670e+00
 -1.9645060e+00
  1.7906125e+00
  1.7602355e+00
  2.1863222e+00
 -5.2527231e-01
  1.1238910e+00
  3.6349022e+00
 -2.3117888e-01
 -1.4928207e-01
  2.4932911e+00
  3.8743749e+00
  1.3348044e+00
 -2.2381697e+00
  9.9386942e-01
  4.0416741e+00
  2.0048134e+00
 -1.3512567e-01
  2.1194813e+00
  2.9428389e+00
  2.8299723e+00
 -1.4620891e+00
  2.9448857e+00
 -1.1880754e+00
 -1.4397080e+00
 -3.4017508e+00
 -1.2053556e+00
  5.6601667e-01
 -4.3488531e+00
 -2.3665650e+00
  2.0947728e+00
  8.7296963e-03
  3.1637845e+00
  1.2025608e+00
  1.1199796e-01
  3.5239766e+00
  5.2079129e-01
  5.6199592e-01
  2.7130191e+00
 -2.8067192e-01
  1.9603809e+00
  2.2082375e-01
 -1.8904066e+00
  6.1821361e+00
  6.5672073e+00
  5.8058467e+00
 -8.9690810e-01
  1.2828453e+00
 -1.4797972e+00
  6.4072046e+00
  2.6861606e+00
  6.7791715e+00
 -6.5563500e-01
 -1.1509193e+00
  4.3779203e-01
 -9.5328581e-01
  4.7057586e+00
  2.6456780e+00
 -3.6830360e-01
 -9.6647894e-01
 -4.4904151e+00
 -1.7816278e+00
 -7.0418210e+00
 -2.0744196e-01
  8.0483866e-01
  6.7837830e+00
  1.2755275e+00
  3.1088748e+00
 -6.1826438e-01
  1.3047930e-02
 -2.6032095e+00
 -2.8771281e+00
 -7.2946471e-01
 -4.3457770e-01
  3.8758712e+00
 -2.6001585e+00
  8.3719832e-01
  9.1172284e-01
 -2.9729977e+00
  1.8694658e+00
 -2.8060648e+00
  4.5638847e+00
 -2.2170026e+00
 -1.5245177e+00
 -6.4869899e-01
  5.6704921e-01
 -6.7642527e+00
 -2.4278247e+00
  1.1255238e+00
 -7.5947971e+00
 -3.4466846e+00
  3.7916288e+00
 -2.6053057e+00
  5.7069879e+00
  1.0952494e+00
  2.4565048e+00
 -4.7878661e+00
 -6.1013645e-01
 -4.6937270e+00
 -3.8900447e+00
 -3.4457535e-01
  4.0543526e-01
  5.8695655e+00
  3.0438173e+00
  1.3873883e+00
 -5.7193029e-01
 -1.9079483e-01
  1.7911075e+00
 -1.4690695e+00
  9.4919991e-01
  2.5539114e+00
  2.7028911e+00
  2.2589068e+00
 -4.6449594e+00
  1.7004899e+00
  5.0423112e+00
  3.4797702e+00
 -2.1195643e+00
  3.8681593e+00
  1.6744541e+00
  2.0858996e+00
  3.2324853e+00
  1.8568741e-01
 -3.0837450e+00
  5.3807986e-01
 -1.6002261e+02
 -6.5689719e-01
  2.8409228e+00
  2.0303302e+00
  3.6026862e+00
  4.8498211e+00
  3.3594317e+00
 -3.1116920e+00
 -2.1146410e+00
  2.7824249e+00
 -3.8416464e+00
 -1.9333435e+00
  4.4670117e-01
 -2.9376650e+00
 -5.2569324e-01
  2.6198986e+00
 -3.7887847e-01
 -2.0074694e+00
  2.5975764e+00
 -5.0517712e+00
  1.2925769e+00
  4.9211264e+00
 -2.6564617e+00
  7.7235383e-01
  2.5528448e+00
  8.3661669e-01
 -1.3772212e+00
  4.9170394e+00
 -4.5422590e-01
 -3.7454576e+00
  2.3263123e+00
  2.3508949e+00
  1.4356130e+00
 -1.2463712e+00
  1.9193344e+00
 -2.2329741e+00
 -2.8377013e+00
 -6.0702378e-01
  3.0230951e+00
  4.1952363e-01
  3.2866549e+00
  7.8774351e-01
  1.7026499e-01
 -2.4137897e+00
  1.2895828e+00
 -1.8791915e+00
  1.1784549e-01
 -9.1374028e-01
 -9.9298412e-01
 -1.8489008e+00
 -6.9863749e-01
 -1.7407324e+00
 -1.1755662e+00
 -1.8585745e-01
 -2.1704824e-01
 -7.6024628e-01
  9.3000335e-01
 -5.9037776e+00
  2.4475243e+00
 -3.6038775e+00
  1.1202168e+00
  4.6874843e+00
 -2.4291410e+00
 -3.8606146e-01
 -1.4293919e+00
 -1.9658474e+00
  5.7463562e-01
 -5.9327316e+00
  1.5393512e+00
 -3.1279418e+00
  5.5088634e+00
 -6.2933593e+00
  5.0731677e-01
 -1.8531704e+00
  1.1599609e+00
  2.4434543e+00
 -5.1904246e-02
 -6.0038919e+00
 -9.9838591e-01
  3.9705023e-01
 -1.2637688e+00
 -4.4330516e+00
  5.0890155e+00
  1.0185175e+00
 -1.7183423e+00
 -9.9210382e-01
  4.8429408e+00
  2.8324635e+00
  4.5279700e-01
  5.9586911e+00
 -7.8729898e-01
  1.1532348e+00
  4.5127006e+00
 -2.2808356e+00
 -2.1207643e-01
  3.3019004e+00
 -6.1814898e-01
 -2.4816937e+00
 -6.6969061e-01
  4.0719444e-01
 -8.9551425e-01
 -2.7592416e+00
  1.7455884e+00
 -6.3752508e-01
  8.7070251e-01
  2.7657366e-01
 -3.0813575e-01
 -4.0196571e-02
 -3.9588615e-01
 -3.5483248e+00
 -2.2218196e-01
  3.0740867e+00
  2.4499927e-02
 -2.4880886e+00
  6.6473999e+00
 -2.5865781e+00
 -1.7934170e+00
  3.4274859e+00
 -1.0509536e+00
  4.8740208e-01
  1.1753494e+00
  1.4135724e+00
 -2.5860624e+00
 -1.9331068e+00
 -2.1917694e+00
  2.7261605e+00
  4.4275179e+00
  2.8070796e+00
 -3.0454421e-01
 -2.8802875e-01
  1.6253802e-01
 -9.5273161e-01
 -1.7734829e-01
 -7.1995968e-01
 -3.0529934e-01
  1.2882867e+00
 -2.3918007e-01
 -2.4309979e-01
  3.6414301e-01
  1.2233647e+00
 -3.6383071e+00
 -2.4243592e-01
 -1.1550475e+00
 -1.5507134e+00
 -8.2499546e-01
 -2.0502082e-01
 -3.2028587e+00
  3.1441553e+00
 -1.0933540e+00
 -3.3143952e+00
  8.5834742e-01
 -2.2346296e+00
 -1.6103783e+00
 -2.7201548e+00
 -1.3512641e+00
 -4.2537773e-01
 -2.6525083e+00
  9.7603500e-01
 -1.1298236e+00
  8.2306749e-01
 -4.5410862e+00
  1.1739857e+00
  3.4318287e+00
  5.0904479e+00
 -1.3300939e+00
 -9.8067796e-01
  4.2837553e+00
  7.3982185e-01
 -1.6690718e-01
 -1.8828077e+00
 -1.7401619e+00
  5.1499491e+00
  7.9262910e+00
  2.9687338e+00
  4.1240273e+00
 -2.4858508e+00
  4.7217522e+00
  3.4375741e+00
  1.9905466e+00
  8.9266700e-01
  5.0756252e-01
  6.7712329e-02
 -1.2630001e-01
  5.3798300e-01
 -3.9233476e-01
 -2.2052305e+00
  5.0577145e+00
  1.7037449e+00
 -7.4175143e-01
 -1.4884603e+00
  2.8812914e+00
 -5.0517673e+00
  5.0957841e-01
 -9.6634901e-01
 -1.2191224e-01
 -5.3591709e+00
 -5.0009215e-01
  5.3853422e-01
 -3.7199767e+00
 -1.6453402e+00
 -2.0461478e+00
  6.6447628e-01
 -2.2782526e+00
  1.7916602e+00
  2.2592428e-01
 -6.5097135e-01
 -7.9078931e-01
  1.5954546e+00
 -2.0101488e-01
  3.0373409e-01
 -2.2653012e+00
 -1.2970405e+00
  5.5659189e+00
  3.1573212e-01
  2.6303999e+00
  6.8449229e-01
 -4.6529552e-01
 -2.8484612e+00
  5.9998435e-01
 -5.0540674e-01
 -9.5994718e-02
 -1.1176468e+00
 -2.0664554e+00
 -3.5223055e+00
  3.1935112e+00
  1.6996696e+00
 -1.3339450e+00
 -3.0852440e-01
  5.9782487e-01
  9.4647074e-01
 -7.5215513e-01
 -5.4336202e-01
  1.6423632e+00
  1.2411355e+00
 -4.2670193e+00
  1.7476085e+00
 -4.4063455e-01
 -4.4905167e+00
 -2.3885953e+00
  2.7651390e-01
  4.6147747e+00
 -6.6588867e-01
  2.4766440e+00
  1.8861824e+00
 -3.2519307e-02
  3.3482411e+00
 -3.7847011e+00
 -3.4910860e-04
  6.3156285e+00
 -1.5164830e-01
  3.5312316e+00
  1.1432847e+00
  1.8665441e+00
 -1.7795875e+00
  9.4001913e-01
  7.2424728e-01
  1.1944776e-01
 -1.4664282e+00
  4.7740098e-02
 -3.7558150e-01
 -1.6982454e-01
  2.2531974e+00
 -2.5494406e+00
 -2.6316619e+00
  2.8100622e+00
  2.9868813e+00
 -9.0517035e+00
 -2.4577110e+00
  8.2791753e-02
 -1.6573681e+00
 -1.8940437e+00
 -2.4791734e+00
 -1.4003487e+00
  1.8438668e+00
  1.2232562e+00
  1.2650297e+00
  1.0278122e+00
  2.6865476e-01
 -4.5439734e+00
 -2.4645343e+00
 -1.1148334e+00
 -7.6587357e-02
  4.7789140e+00
 -2.9288626e-01
 -1.1549338e+00
  2.1756213e+00
  5.9539664e-01
 -2.1416664e+00
  5.7880223e-01
  8.4521127e-01
 -4.5798218e-01
 -4.8737340e+00
 -7.2137468e-02
  2.2006966e-01
 -6.7396750e+00
 -4.6273446e-01
  2.7947077e-01
  8.9048624e-01
 -1.8733671e+00
  1.0526516e+00
  4.1123098e-01
  6.7194813e-01
 -1.4741535e-01
 -4.0462208e+00
  2.1237850e+00
  5.0521040e-01
 -3.7695775e+00
 -9.0344824e-02
  1.6355702e+00
 -1.4352714e-01
 -2.5507851e+00
  1.0681948e-01
  1.8394787e+00
  1.1162286e+00
  3.2905648e+00
  4.2361954e-01
 -2.0363548e+00
 -5.0384483e+00
 -5.6534281e+00
 -8.2349658e-01
  6.5902191e-01
  2.1925074e-01
  2.2054861e+00
  3.2022753e+00
 -5.0021753e+00
 -1.1004592e+00
 -5.2248435e+00
  6.1479464e+00
  2.8855973e-01
  2.6913395e+00
 -4.4243283e+00
 -3.7433345e+00
 -2.4862800e+00
 -3.1956324e-01
  2.0782950e+00
 -4.4615169e+00
  2.1360211e+00
  6.4111533e+00
  1.0642722e+00
 -6.8947327e-01
  1.6415766e+00
  1.4345711e+00
 -1.3033011e+00
 -1.1580443e-01
  9.9055380e-01
 -3.5418422e+00
 -4.9194789e+00
 -3.6961985e+00
 -1.9897193e-01
 -2.0827472e+00
 -5.7744492e-02
  3.2475814e-01
 -3.4023445e+00
 -1.2051963e+00
  1.3205560e+00
 -1.3684680e+00
  2.3207724e+00
  6.8011421e-01
 -2.4137869e+00
  3.1286252e-01
  1.6425034e+00
 -8.7798470e-01
 -3.8604050e+00
  6.5136766e-01
  1.4794927e+00
 -1.7001031e-01
 -2.0365076e+00
 -2.5374253e+00
  2.8218606e+00
  3.4047849e+00
 -4.6196017e+00
 -4.1062659e-01
 -8.4817582e-01
 -9.6023667e-01
  5.7882867e+00
  3.2413247e+00
  9.7048616e-01
 -1.0212888e+00
 -2.3970289e+00
 -1.5450749e+00
  3.8382950e+00
  3.6220884e+00
 -4.0155044e+00
 -1.0407664e+00
  1.1649257e-01
 -6.4349794e-01
  2.7387583e+00
  2.1252966e+00
 -1.6465788e+00
 -8.6062795e-01
 -1.3078995e+00
 -1.7440299e+00
 -8.0676329e-01
 -5.8651114e-01
 -4.1066360e+00
 -3.7533319e+00
 -9.5220006e-01
 -1.3828272e-01
  1.9365853e+00
 -2.8928287e+00
  1.7726442e+00
 -8.2970315e-01
 -3.8971701e-01
  2.8198357e+00
  3.3101017e+00
  1.1424443e+00
  1.8985075e+00
  1.8741816e+00
  7.1490431e-01
 -2.9530495e-02
 -4.5920470e-01
 -3.6438322e+00
  1.6939455e+00
 -8.2104224e-01
  8.3870250e-01
 -2.9976773e+00
  4.0052521e-01
  4.0563483e+00
  2.4854801e+00
 -7.6549806e-02
 -2.8326912e+00
 -3.0686525e-01
  2.3459775e+00
 -1.2999933e+00
 -2.8781185e+00
  1.3870795e+00
 -2.2690353e+00
  2.4081767e+00
  2.2013307e+00
 -8.4105939e-01
  1.7195157e+00
 -2.5694404e+00
 -2.0559616e+00
 -2.5768101e+00
  5.6061969e+00
 -1.4229670e+00
  4.1163754e+00
  5.6493835e+00
  3.3016331e+00
  7.8724205e-01
 -4.2861304e+00
 -9.0501612e-01
  6.8574405e-01
  1.9422163e+00
 -2.6324224e+00
  5.0293607e-01
  4.5465655e+00
 -3.4926820e+00
 -7.2197741e-01
 -4.6342203e-01
  1.7011482e+00
  6.8240881e+00
 -4.1243138e+00
 -1.3497715e+00
  2.0361876e-01
 -2.8767005e-01
 -2.3549781e+00
  2.5101769e+00
 -1.4294219e+00
 -1.5832779e-01
 -1.6213769e+00
  1.4611804e+00
  1.4667166e+00
 -4.2722259e+00
 -1.1621037e+00
  2.1947699e+00
  1.6452708e+00
  1.0786923e+00
  5.0016862e-01
 -8.5249192e-01
 -8.3411652e-01
  2.2271483e+00
  9.9790943e-01
 -3.8683820e+00
  2.4520516e+00
 -2.4754229e+00
 -2.2195981e+00
  1.3337946e+00
 -2.4004760e+00
  3.9976385e+00
  4.4707532e+00
  4.1947041e+00
 -1.0033585e+00
  2.0387611e+00
 -1.9822738e+00
 -3.7529171e+00
  3.6259561e+00
 -8.9286017e-01
 -2.2471471e+00
 -9.2055708e-01
  1.5881987e+00
 -2.7089825e+00
 -7.8609544e-01
  1.3597737e-01
 -7.2217894e-01
 -2.4595342e+00
 -5.6041145e-01
  1.6772205e+00
  6.1971676e-01
 -1.6393557e+00
 -1.3418992e+00
 -8.8014215e-01
  9.0866411e-01
 -6.0126495e-01
 -4.6447840e+00
 -8.1430668e-01
  1.4159648e+00
 -1.0796191e+00
  2.9845994e+00
 -1.3001947e+00
 -1.7831494e+00
 -8.4443349e-01
 -1.0086019e-01
 -1.0472947e+00
  3.1907411e+00
  1.3522896e-01
  1.2259408e-01
  1.9489530e-01
 -6.1979818e-01
 -1.4361070e+00
 -7.8416765e-01
  6.7025638e+00
 -9.6670866e-01
 -4.1340968e-01
 -2.7088866e+00
 -5.2478701e-01
 -1.9110306e-01
 -7.0579630e-01
 -2.2754189e-01
 -4.3636084e+00
  3.1151241e-01
 -7.8742945e-01
  8.0301112e-01
  2.6843289e-01
  1.1593461e+00
 -2.4438739e+00
  6.9526830e+00
  1.8115839e-01
  3.2536030e-01
  2.1187654e-01
  1.4271680e+00
 -4.1524515e-01
 -1.9946438e+00
  1.8768897e+00
 -7.7333647e-01
 -3.4372807e-01
 -5.0213737e+00
 -1.0663970e+00
 -7.2484517e-01
 -1.1539238e-01
 -3.5745437e+00
 -1.1205599e+00
 -1.8858010e-01
 -1.6337419e-01
 -1.3592448e+00
 -1.2222810e+00
 -1.0599505e-01
 -6.0033584e-01
 -8.0459207e-01
  4.4987760e-02
 -4.5752268e+00
 -1.6271569e+00
 -5.5736117e+00
 -2.1831801e+00
 -3.4303144e-01
  2.4915252e+00
  3.5064592e+00
  5.1666374e+00
  3.7691219e+00
 -2.5387924e+00
 -9.8748016e-01
  6.2249988e-01
  4.9659100e-01
 -2.7896893e+00
 -1.2338876e+00
 -3.5201306e+00
 -2.8718362e+00
  1.3216868e-01
 -4.6962458e-01
 -1.5226479e+00
 -5.8459509e-02
  2.6771935e-02
 -8.8460326e-01
  3.2363293e-01
  5.5437894e+00
  2.8820357e-01
 -1.7900466e+00
 -4.7021300e-01
  2.1770153e+00
  1.1006238e-01
 -6.0361212e-01
 -1.4366820e+00
 -2.4021461e+00
 -1.3538802e-01
  8.5858345e-01
 -1.0766768e+00
 -1.4338409e+00
  8.3387814e-02
  6.4195019e-01
 -3.7658402e-01
  7.3915714e-01
 -2.0150390e+00
 -9.5864856e-01
 -2.6501260e+00
  3.6268461e+00
 -1.7374802e+00
  3.9731286e+00
 -2.1630471e+00
  1.3742900e+00
  1.3154532e+00
 -1.5546595e+00
 -1.4449875e+00
 -1.4142795e+00
 -3.6132691e+00
 -1.8527442e+00
 -2.5869544e+00
 -8.2281810e-01
  1.3917392e-01
 -1.7197975e+00
  3.0677924e+00
 -4.5708280e+00
  3.9502416e+00
  2.3388910e+00
  1.6524630e+00
 -4.8069274e-01
  2.2691739e-01
  5.2266479e-01
  4.8301241e-01
 -6.4541072e-01
  5.7132959e-01
 -9.0088838e-01
 -6.0828471e-01
  1.6161371e+00
  3.3555490e-01
 -2.3849902e+00
 -2.1096148e-01
 -1.8644518e+00
 -4.0531936e-01
  1.4671922e+00
  6.1940569e-01
 -2.4450610e+00
 -3.4540901e-01
  1.6045637e+00
  1.1917427e+00
 -1.4061999e+00
  4.0542803e+00
 -3.8562346e-01
 -7.5990397e-01
  1.5332493e+00
 -8.4926796e-01
  2.8776848e+00
 -3.9329627e+00
 -1.0500898e+00
 -1.2323564e+00
  4.7675359e-01
  1.3396060e+00
  7.2293299e-01
  2.3804166e+00
 -1.0426775e+00
  1.9136802e+00
  5.4214686e-02
 -1.1963602e+00
  8.2615769e-01
  1.0589311e+00
 -1.0169086e+00
  4.3942776e-01
 -1.0390223e+00
  1.1813477e-01
 -2.7129880e-01
  6.5144753e-01
  1.1677260e+00
  8.7323785e-01
 -5.1450443e+00
 -7.8196806e-01
  2.3105965e+00
  1.4820737e-02
 -1.8321949e+00
 -2.8866508e+00
 -4.2089847e-01
 -1.9909413e-01
 -3.3360791e-01
 -2.9219656e+00
 -1.4694654e+00
  5.2255064e-01
 -6.8150449e-01
 -1.4454503e+00
 -2.7453976e+00
  6.7350262e-01
 -1.6820420e+00
 -8.5902803e-02
 -1.8703264e+00
  3.6681013e+00
  2.5874424e+00
 -2.7020078e+00
 -6.0629565e-01
  9.5432323e-01
  1.3440254e-01
 -2.7523389e+00
 -4.8841166e+00
  1.0270138e+00
 -3.6117747e+00
 -2.0258851e+00
 -1.0313321e+00
 -1.3631715e-01
  3.4830530e+00
  2.9644904e+00
 -1.1056745e+00
  3.2443681e+00
 -2.1111858e+00
  1.5940603e-02
  2.1159959e+00
 -1.9286907e+00
  6.9731303e-02
 -7.8594100e-01
 -1.2440476e+00
 -1.6325589e+00
  6.1797804e-01
 -4.2766893e-01
  3.6722174e+00
 -3.6805832e+00
 -1.0618095e+00
  7.3939055e-01
  1.3088563e-01
 -2.0227338e-01
 -3.9607835e+00
 -8.0752790e-01
  4.7531596e-01
  7.4531846e-02
 -1.1888366e+00
  5.1350361e-01
 -6.6038132e-01
  9.2466915e-01
 -7.4287730e-01
 -4.4930029e-01
  4.9672651e+00
 -3.1269437e-01
 -7.0582068e-01
 -2.9045558e+00
 -1.9998050e+00
 -2.7736061e+00
 -4.9881175e-01
 -1.6168368e+00
 -2.0128260e+00
 -4.5559645e+00
  6.2697947e-01
  2.5209713e-01
 -9.3416917e-01
  1.7052118e+00
 -2.2838378e-01
  1.8364023e+00
  2.2225589e-01
 -3.6677523e+00
  2.3983607e+00
 -1.5636556e+00
 -1.4416027e+00
  6.6019577e-01
 -2.1838219e-01
  2.4586369e-01
 -3.0650452e-01
  1.8993396e+00
  5.0546136e+00
 -3.2448214e-01
 -4.7202468e-02
  2.9834955e+00
 -3.7751030e-02
 -1.0227985e+00
  3.1588259e-01
 -7.8344792e-01
  1.9961054e+00
 -2.0729849e-01
  5.3756511e-01
 -1.7385373e-01
 -1.1682638e+00
  4.0236154e-01
 -7.4595295e-02
  1.1512154e-01
  6.3234776e-02
  1.8338743e-03
  1.8338743e-03
  1.8338743e-03
  1.8338743e-03
  1.8338743e-03
  1.8338743e-03
  1.8338743e-03
  1.8338743e-03
  1.8338743e-03
  3.5708311e-03
  3.5708311e-03
  3.5708311e-03
  3.5708311e-03
  3.5708311e-03
  3.5708311e-03
  3.5708311e-03
  6.2058666e-03
  6.2058666e-03
  6.2058666e-03
  6.2058666e-03
  6.2058666e-03
  6.2058666e-03
  6.2058666e-03
  5.5716210e-03
  5.5716210e-03
  5.5716210e-03
  5.5716210e-03
  5.5716210e-03
  5.5716210e-03
  5.5716210e-03
  3.7785852e-03
  3.7785852e-03
  3.7785852e-03
  3.7785852e-03
  3.7785852e-03
  3.7785852e-03
  3.7785852e-03
  1.2551631e-03
  1.2551631e-03
  1.2551631e-03
  1.2551631e-03
  1.2551631e-03
  1.2551631e-03
  1.2551631e-03
  2.7323222e-05
  2.7323222e-05
  2.7323222e-05
  2.7323222e-05
  2.7323222e-05
  2.7323222e-05
  2.7323222e-05
