nep4_zbl 2 O Ga 
zbl 1 2
cutoff 6 4 418 127
n_max 8 6
basis_size 12 10
l_max 4 2 1
ANN 100 0
 -6.4942706e-01
  6.5981112e-02
 -9.7026661e-02
  4.3916080e-02
  6.3178194e-01
 -6.0196845e-03
 -2.6493913e-01
 -3.1050805e-02
  6.7352556e-02
 -8.5988417e-02
  2.8257623e+00
 -2.8888181e-01
 -2.5355905e-01
 -2.1694618e-01
 -2.8246674e-01
  2.4347267e+00
  1.2357420e-01
 -4.4539040e-01
  3.5132253e+00
 -4.1382078e-02
  4.3608087e-01
  2.0751685e-02
  1.2503423e-01
 -1.1075884e+00
  1.3903874e-02
  1.3773332e-02
  1.8791363e-01
 -4.7509056e-02
 -4.0512118e-01
  4.1038370e-01
 -5.5673444e-01
  1.2014947e-01
 -2.2727937e-01
  9.0173781e-03
  5.7739985e-01
  4.0256351e-02
  2.6631811e-01
 -6.6962793e-02
  3.9888145e-03
 -9.0884173e-01
  1.6861361e-03
  1.7540872e-01
 -1.1526305e-01
 -3.6494058e-02
 -3.9553094e-01
 -4.0920854e-01
 -1.2131244e-01
 -1.3218383e-01
 -2.1869385e-01
 -3.4511587e-01
 -1.7012368e-01
 -2.7464869e+00
  3.3743601e+00
  5.3781662e+00
 -5.3305039e+00
 -2.0307890e-01
 -2.0738575e+00
 -2.9420619e+00
 -3.4832268e+00
  3.8703387e+00
 -2.5966806e+00
 -1.3255702e-02
  1.1197050e-01
 -6.0181551e+00
 -2.4597740e+00
  3.4087631e-01
 -4.4422165e-01
  1.0033783e-02
  2.8559384e-01
  2.7360913e-01
  1.6028214e+00
 -1.0892643e+00
  3.4225504e+00
  3.8249793e+00
 -2.0656455e+00
 -3.2556427e+00
  1.3189965e-01
 -3.1960201e+00
 -3.0326501e-01
 -5.8467633e-01
  2.1154301e-01
 -4.0381689e+00
 -2.5334926e+00
  1.0210304e-01
 -1.1458384e-01
 -1.2770361e+00
 -2.5681820e+00
  3.0215656e-02
 -8.0973715e-01
 -1.1829460e+00
 -1.7550793e-01
  1.0954017e-02
 -1.9408536e-01
  7.5760782e-02
 -8.0235526e-03
 -4.9217632e-01
  3.0685021e-02
 -1.5767666e-02
 -1.9245398e-01
 -1.4501458e-01
  1.0199884e-01
  5.2787159e-02
 -2.9685149e-01
 -1.9124314e-01
  1.0390299e-02
  1.5706205e-01
 -4.1634178e+00
 -3.3124012e-01
 -1.1117644e-01
 -1.9205843e-01
  1.9087888e-01
  3.0321218e-02
  1.8319452e-01
 -3.0740640e-01
 -1.8133722e-01
 -9.0764976e-01
 -1.8576752e-01
 -1.2351712e-01
 -3.8019788e-02
 -3.9594346e-01
 -1.2978868e-02
  1.3871433e-01
 -4.2977139e-02
  7.9276465e-02
  8.1786774e-02
 -2.7469066e-01
  4.9646348e-02
 -6.9443029e-01
  3.2311088e-01
 -2.9339212e-01
  9.4983011e-01
 -3.5698503e-01
  1.6072085e-01
  1.5043937e-01
  2.2181151e+00
 -2.9678646e-02
 -5.8457874e-02
 -7.0971742e-02
 -1.0470349e-01
 -3.9876811e-02
  2.0647331e-01
 -1.1337582e-02
  6.2037408e-02
  9.3325980e-02
 -1.8942982e-02
 -8.7628856e-02
 -2.5472021e-01
 -4.3353174e-02
  1.6358750e-02
  2.2256927e+00
 -1.6327605e-01
  9.3835033e-02
 -2.4609572e-01
  8.4108388e-01
 -4.6024742e+00
  2.5329830e-02
  7.9328221e-01
 -2.5497639e-01
  7.5226331e-01
  1.5445123e+00
  1.2046871e+01
  1.6981840e+00
 -1.4524248e-01
  3.3146447e-01
 -1.7505953e-02
  5.0850534e+00
 -1.2648848e-02
 -1.2467846e+00
 -4.4091210e-02
 -5.8252954e-01
  1.7427773e+00
  2.5490689e-01
 -6.0241938e+00
 -3.0698748e+00
 -5.5812615e-01
 -9.2775351e-01
  8.3125085e-01
  2.1237104e+00
 -1.3029064e+00
 -9.2059374e+00
  3.6170483e+00
  7.8635693e-01
  1.2688059e+00
  2.8373423e-01
  6.9004173e+00
  1.6592479e-01
 -6.3081203e+00
  2.3883255e-01
 -1.4486889e+00
 -2.8224847e-01
 -1.6209702e-01
 -5.2394021e-01
 -1.4376699e+00
  3.3327706e-02
 -3.8080996e-01
  1.6340033e+00
 -7.5720930e-03
  7.0101540e-03
 -4.1081705e+00
 -1.5889877e-01
  1.3346539e+00
  8.2657352e-02
  1.2039016e-01
 -1.1013666e+00
 -9.4697839e-03
 -1.3486458e-01
  3.2558791e-02
 -1.1693505e-02
  1.7833459e-01
 -1.1676212e-01
 -4.5871699e-01
  1.7182741e-01
  7.8958765e-02
 -2.8603837e-02
 -1.4413880e-01
 -3.5191536e-02
 -1.5210969e+00
 -3.3019507e-01
 -5.1893955e-03
 -4.0034884e-01
 -2.8397983e-01
 -2.7108749e-02
 -4.1833349e-02
 -2.6548666e-01
  2.9461840e-01
 -4.6372071e-02
 -1.7036021e-01
 -1.3626505e-01
 -1.4765376e+00
 -1.1744518e+00
 -2.7654672e-01
 -8.5413760e-01
  3.1518900e-01
 -1.2495768e+00
  3.1915121e-02
 -2.0130320e+00
 -2.1744138e-02
 -3.1860945e+00
  4.8545130e-02
  4.0518131e-02
  3.5007484e-02
 -5.2246343e-02
 -1.2381244e-01
 -3.0592406e-01
  2.5123283e-02
  1.9534746e-01
 -1.7338994e-01
  2.0591354e-02
 -1.3813835e-01
 -3.1674154e+00
  4.5814890e-02
 -2.9367395e-02
 -1.1485277e-01
  4.8509140e-02
 -3.1902933e-01
  3.6215407e-01
 -1.1917915e-02
  5.0388318e-01
  2.8788714e-02
 -2.6805678e-01
  2.0982215e-01
  6.3309339e-03
  1.0104687e-02
 -2.6871991e-01
 -2.8695913e-02
 -3.8597658e-01
 -1.1795496e+00
 -6.2919989e-02
 -9.1398314e-02
  1.3506658e-01
 -2.0126266e-02
 -2.7053678e-02
 -9.9344343e-02
  2.9468328e-01
 -2.8590901e+00
  1.8048061e-02
 -3.5078053e+00
  4.2423820e-03
  1.1445946e-01
  3.4731561e-01
  6.0355760e-02
  5.3616714e-01
 -1.1462096e-02
 -2.4887517e-01
 -4.9356747e-02
  3.1839636e-01
  1.2654899e-01
 -2.1184778e-02
 -3.8792628e-03
 -1.2103418e+00
 -1.6991818e-01
 -3.6367662e-02
 -6.0771339e-02
 -4.4393828e-03
 -4.4716334e+00
  7.0338003e-02
  1.1005224e-02
  4.1251126e-01
 -1.0061398e-01
 -1.4392827e-01
 -1.0756648e-01
  4.7629362e-01
  5.2604609e+00
 -1.4803645e-01
  6.9466233e-02
 -1.1520452e-02
 -6.0522169e-01
 -3.2962143e+00
 -3.3268556e-01
 -1.5312809e+00
  1.4369626e+00
 -3.1466820e+00
 -9.9495697e-01
 -3.7599692e-01
 -2.4015205e+00
  1.2879332e+00
  1.7095990e+00
  1.0036283e+00
  1.1486514e+00
  2.8062841e-01
 -3.5704449e-01
 -1.4589687e-01
  1.5315342e+00
  3.6144097e+00
  1.3883471e+00
  1.4852208e+00
 -1.5246436e-01
 -1.5113132e-01
  6.3770598e-01
 -7.4441582e-01
 -6.8065387e-01
 -1.6979554e+00
  2.2637453e+00
 -1.2902478e+00
 -8.0888253e-01
  5.4159021e-01
  9.8557496e-01
 -3.1132653e-01
  1.4813471e+00
 -3.5897622e+00
 -5.3425860e-01
 -2.3422425e+00
  1.7108107e-01
 -3.2203463e-01
  7.7713333e-02
 -2.4946388e-02
 -7.2552323e-01
 -3.0479064e-02
  2.8575294e-02
  4.3129465e-01
  1.4164469e-01
 -1.0105256e+00
  8.5334219e-02
  1.7888671e+00
 -3.8109791e-01
  2.7554232e-01
  2.0783605e-01
 -3.0837762e+00
 -4.5868152e-01
 -2.5094144e+00
  2.0377364e+00
 -2.9682270e-01
  5.7049996e-01
  2.1573162e+00
 -1.2477978e+00
  4.7522417e-01
  2.5022810e+00
  6.7480728e-02
  1.6416310e+00
  7.8478301e-01
  2.6843250e+00
  1.3594109e-01
 -5.9964222e-01
  2.9822028e-01
  8.1807578e-01
  6.7533512e+00
  2.2712440e+00
 -2.4001399e-01
 -3.7890542e-01
  4.2204275e+00
  1.4247182e-01
 -2.5771229e+00
  3.1398816e+00
  2.8602713e-01
  4.6751478e-01
 -2.1160655e+00
  3.2783279e-01
  7.8702345e-03
 -2.1204453e+00
  1.9416274e+00
 -1.0355259e+00
  9.7378540e-01
 -2.7199591e-02
 -7.3882848e-02
  2.1548547e-01
 -2.9545406e-01
 -2.1529641e+00
  1.7474349e+00
  1.5022627e-01
  9.6878760e-02
 -4.2048357e-02
 -1.0838759e+00
  5.5364840e-02
  1.8686861e-03
 -4.3282018e+00
 -1.5382305e-01
  2.9772894e-02
 -3.6929861e-01
 -1.4878457e+00
 -1.2434579e+00
 -1.0724714e+01
 -6.5664396e+00
  1.5463225e+00
 -2.7666953e-01
 -2.2718959e+00
 -9.7514284e-01
 -5.6891954e-01
 -3.4109149e+00
 -2.4346335e+00
 -4.6994519e-01
  1.6619805e-02
  1.8518546e-01
 -1.1552463e+00
 -7.4681558e-02
 -8.0784374e-01
  2.8337017e-01
  2.7388245e-01
  3.5762599e+00
  1.0908338e-01
  2.9798803e-01
 -2.6559174e+00
 -3.4610684e+00
  8.9390242e-01
 -3.0983201e-01
 -2.0578072e+00
 -1.9609876e+00
 -2.0995972e+00
 -2.6231128e-01
 -2.4138613e+00
  6.4526087e-01
 -2.4349242e-02
 -1.1267282e+00
  3.0282471e+00
 -7.0354323e+00
 -1.2215617e+00
 -1.8316449e-01
 -9.4654103e-04
  2.7854547e-02
  5.3746950e-02
  3.5365026e-02
  1.0943044e-02
 -4.7970179e-02
 -7.9413253e-01
 -7.1319029e-02
  3.8776081e-02
  1.2183399e+00
 -3.4678197e-01
  2.9843844e-02
 -8.0186337e-01
  7.5423187e-01
  3.0864431e-03
  4.2185850e+00
  5.3192577e+00
  2.4365134e+00
  6.6213489e-01
  1.4338711e-01
  1.3307974e-01
 -3.3616774e-02
  2.0879054e-01
  3.9837807e-01
  7.5040251e-02
  5.3448659e-01
 -7.7688920e-01
  2.0732651e-02
  1.4844687e-01
  2.2148660e-01
  2.3893254e-01
 -9.2675060e-02
 -4.9652092e-02
 -3.7557721e-02
  9.0184617e-01
  5.5919923e-02
 -9.4362840e-02
 -1.0881053e-01
  1.7938796e-02
 -3.0597419e-02
 -1.8356910e+00
 -6.1501693e-02
  5.9463829e-01
  7.9988338e-02
 -1.3247341e-01
 -4.2249470e+00
  6.9993369e-02
  5.4377151e-01
 -3.1852644e-02
  2.3317762e-02
 -4.1372573e-01
 -1.4526250e+00
 -4.7727335e-02
 -4.6432287e-02
 -2.1068248e-01
 -2.8972476e+00
 -1.4820616e-01
  5.7172537e-02
  4.9562490e-01
  1.3881168e+00
 -3.9908835e-01
 -8.9412898e-02
  1.5608355e-02
  1.4086187e-01
  9.4848990e-02
  6.8157345e-01
 -2.0194605e-01
  2.6778507e+00
 -3.2145858e-02
 -4.2223912e-01
 -2.7940462e+00
 -1.7624269e-01
 -3.7208447e-01
  1.9008374e+00
 -1.1777224e-01
  1.4749339e-01
 -2.5394532e-01
 -3.8375385e-02
 -1.6418320e-01
 -3.3178246e-01
 -9.0770952e-02
  3.1741564e+00
 -4.7871143e-02
 -2.2292670e-02
  2.2662437e+00
  3.7178662e+00
 -8.1441246e-02
 -1.0743580e-01
  2.9840143e+00
  1.1197479e+00
 -1.6368146e+00
  2.3673400e-01
  8.3598413e-02
 -2.2067392e-01
 -9.6904591e-02
 -6.1629345e-03
  1.3922848e-03
  1.6390336e-01
  1.5939301e-01
 -7.0982113e-02
 -4.7881428e-02
  9.7202174e-02
 -6.7436731e-01
  1.0562789e+00
  4.0468919e-01
  6.2424343e-02
 -6.3788365e-03
  4.0142259e-01
 -3.6610581e-02
  1.8492933e-01
 -7.8085460e-02
 -2.9327214e-01
 -4.2813373e-01
  2.1528261e+00
 -3.0458969e-01
 -2.4146031e-01
 -2.1363585e+00
 -9.2499679e-01
 -2.9607275e+00
 -2.0328691e+00
 -2.6340616e+00
 -1.4913414e-01
  5.8953855e-02
 -5.2201426e-01
  2.8097436e-01
 -1.0478816e+00
  1.4513837e-01
 -3.2755585e+00
  5.9640259e-01
 -1.4832504e-02
  8.1447832e-02
  5.4408031e+00
  4.4678416e+00
  9.9991459e-01
 -1.2654270e+00
 -7.5282198e-03
 -1.5811378e-01
  4.0616426e-01
 -2.7294369e+00
 -1.0675706e+00
  6.9543165e-01
 -1.0876983e+00
  1.4053988e+00
 -2.0872104e+00
 -2.2179573e+00
  8.9429873e-01
  3.6570895e+00
  1.9109057e+00
 -7.8522134e-01
  1.6362926e+00
 -3.8637292e+00
  1.1990981e+00
 -1.3023828e+00
 -4.8769501e-01
 -3.6704961e-02
 -1.4744309e-01
 -1.2238635e+00
  7.7678457e-02
 -3.1309402e-01
  1.3740860e-01
  3.4882835e-01
  8.3592236e-02
  1.8572290e+00
 -1.8831380e-01
 -8.3000660e-03
  7.2347164e-02
 -2.4142737e+00
 -1.1926384e-01
 -1.0957046e-01
  1.8546867e-01
  1.5970277e+00
 -3.2334859e+00
 -1.7357509e-01
 -1.3422004e+00
 -1.9338410e-02
  1.1530428e+00
 -1.5474659e-01
  4.0188506e-01
 -2.7036959e-01
  4.4232285e-01
 -4.1956750e-01
  8.4118033e-04
  1.6416743e+00
 -2.8208059e-01
  2.8380764e+00
  1.0536222e+00
  6.9658570e-02
  1.1452509e-01
 -9.2647952e-01
  4.0408893e+00
 -3.2156916e+00
  1.5541859e-02
 -7.2210675e-01
  1.5863880e+00
 -1.2943897e+00
 -1.6177326e+00
  1.8545364e-01
  2.3686640e+00
 -8.3523774e-01
  4.5036964e+00
 -2.0026328e-01
 -1.0148543e+00
 -1.2034345e+00
 -5.9342109e-02
  4.0030214e-01
 -1.1908466e-02
  8.4031540e-01
 -4.2999793e-02
  2.1464479e-01
 -7.7816993e-02
  2.7861848e-01
 -3.3173524e-02
 -2.8285552e-02
 -3.8228309e-01
  1.1318252e-01
 -1.0801134e-01
  7.2216779e-01
  2.8520739e-01
  4.1346893e+00
  4.4499260e-01
 -1.9362446e+00
 -4.0401760e-01
  1.1051602e+00
 -1.0242879e+00
  5.5303776e-01
  1.6752788e+00
 -1.1736412e+00
  3.4829834e-01
 -2.8146755e-02
 -1.0981251e-01
 -6.0847254e+00
  3.5383556e+00
  1.0500008e+00
  9.5071420e-02
  9.6823812e-01
  4.6450323e-01
 -4.3940396e+00
  1.5045418e+00
 -5.3033084e-01
  2.0336950e+00
 -2.9934227e+00
  1.1921180e+00
 -3.7315202e-01
  1.0299172e+00
 -8.0716006e-02
 -9.1682678e-01
  1.2450609e+00
 -3.7546813e+00
  9.6342051e-01
  4.1740875e+00
 -1.1249738e+00
 -3.4262002e-01
 -2.3847249e+00
  9.8758793e-01
  2.0532072e-01
  9.0698257e-02
  3.0099535e-01
 -1.2876233e+00
  1.4857788e+00
  8.1081688e-01
  4.5948073e-01
  8.5734082e-03
 -1.2533319e+00
  2.2433659e-02
  3.3012742e-01
  9.5147319e-02
 -1.2490963e+00
  2.3336004e-01
 -4.3791730e-02
 -3.1934774e-01
 -4.4098474e-02
 -4.0977588e-01
 -1.9388925e-02
  1.5313801e-01
  2.1200471e-01
 -8.5348129e-01
 -2.8783691e-01
 -2.5720170e-01
 -2.1477634e-01
 -1.1855277e-01
 -1.8527080e-01
 -1.2291607e-01
 -1.0896596e-02
 -2.4639769e-01
  2.2812433e+00
 -6.0596722e-01
 -4.0924335e-01
 -3.1322986e-01
  5.5691683e-01
  1.5063623e-01
  1.3903782e-01
 -1.0906249e+00
  1.4065258e-02
  1.2110413e-01
  6.4660668e-02
  2.4235600e-01
  9.2704344e-01
 -2.3605838e-01
  2.3606531e-01
  1.7784674e-01
 -8.9478230e-01
  5.2863988e-03
 -1.8146357e-01
  1.4652038e-01
 -7.3695642e-01
  4.6082292e-02
  3.9501062e-01
  1.1939919e-01
  1.5432692e-01
  6.6812269e-02
 -5.7229646e-02
  1.1661947e+00
 -1.0971878e-01
 -3.5641158e-01
  1.4533822e-01
 -2.0229954e-01
 -1.7484224e-01
 -2.0306678e-01
  1.3863017e-01
  4.4423590e+00
 -2.3467100e+00
  4.7779040e+00
 -4.4843030e+00
  4.8810945e+00
  2.7402270e-01
  5.3429217e+00
 -1.6910319e+00
 -1.0973924e+00
  2.0738821e+00
  1.1547112e+00
 -1.9418362e+00
  2.0825081e+00
  3.6956638e-01
 -1.3036956e-01
 -6.4572960e-02
  4.0197724e-01
  2.6889653e+00
  3.3300135e-01
 -1.0938783e-01
  1.2601570e+00
  4.8013188e-02
 -9.2469320e-02
 -6.3201511e-01
 -2.5702167e+00
  1.7129714e+00
  1.5155516e+00
 -3.2341802e+00
  1.2995194e-01
 -7.2391510e-01
  3.0534720e+00
  1.4864095e+00
 -5.1357549e-01
  2.4237342e+00
  4.2104343e-01
 -2.7095017e+00
  9.0250713e-01
  6.3473374e-01
  2.0159932e-02
 -8.7516114e-02
  1.6254773e-02
 -7.8179739e-02
  2.2317557e-01
 -2.7941260e-01
  2.2133353e-01
  1.7420667e-01
  8.3402552e-02
 -5.3719044e-01
  1.1669592e-01
  2.4305122e-01
  1.3735378e-02
 -2.1015432e-01
  3.9699534e-01
 -1.3163829e-01
 -1.0112282e-01
  1.9022856e-02
  3.4350250e+00
 -8.6252175e-02
  9.2324212e-02
  9.7004928e-02
 -4.7517546e-02
 -6.4252764e-01
 -1.3752551e-01
 -4.2019019e+00
  1.4893927e-01
 -2.0454167e-01
 -1.0141176e-01
  3.6682355e-01
  5.1491760e-02
  5.7701397e-01
 -5.5006936e-02
  5.3996122e-01
  1.1067190e-02
  1.0718639e-01
  8.4809798e-01
 -1.4481950e+00
  5.5219827e+00
 -8.9453030e-01
 -7.5387850e-02
  8.5149169e-02
  7.4716054e-02
 -3.0700931e-01
  7.8498758e-03
 -4.3809700e-01
 -9.4060503e-02
  1.0807945e-01
  3.7036613e-02
 -2.2583419e-01
 -6.6213898e-02
 -6.1623966e-03
  1.6094109e-01
 -1.9544697e-01
 -6.2620319e-02
 -1.6122553e-01
 -2.1494709e-02
 -8.4922612e-02
 -2.0012690e-01
 -2.5469013e-02
  1.8425828e+00
 -8.5740604e-02
 -8.3402112e-02
  5.7868153e-02
  2.8114982e+00
 -1.7226460e+00
 -3.7265527e-01
  1.0998372e+00
  6.2389765e+00
 -7.0557696e-01
  1.6039883e-01
  5.8940387e+00
  1.7489022e+00
 -1.0561513e+00
 -2.3709075e-01
  2.5185528e-01
 -2.7756003e-01
  7.5967074e-03
  2.6523137e-01
 -2.0631138e-02
 -1.5825580e+00
  8.4078312e-01
 -2.7629130e-02
  7.1967471e-01
 -3.0572996e+00
  2.2999854e+00
 -1.8096509e+00
 -1.9775305e+00
 -2.8102016e+00
 -7.9745844e-02
  1.9158300e+00
 -2.2911204e-01
  2.5832639e+00
  4.4333854e-01
 -3.4966936e+00
  3.6430523e+00
 -8.4523924e-02
 -4.4196606e+00
 -1.1207702e-01
 -1.0252113e+00
 -2.9261494e-01
  1.1939975e+00
 -1.0328504e+00
  8.9250300e-03
 -1.3606921e-02
  2.3732024e-01
 -2.0238307e-01
  2.7653173e-01
 -2.0196818e-01
  2.8811032e-01
  2.2741123e-01
 -9.2433619e-01
  1.3443577e-01
 -1.1042297e-01
 -1.0729778e-01
  6.5015763e-02
  4.8872666e+00
  2.6788335e+00
  4.5161924e+00
  4.0119476e+00
 -6.5581360e+00
 -1.3614156e+00
 -5.7834892e+00
  2.0970533e+00
 -2.9107732e-01
  1.7990609e+00
 -2.9366204e-01
  2.1892972e-01
 -9.7271800e-02
  3.8683397e-01
 -2.8895468e-02
  2.9832810e-01
  4.4395840e-01
 -1.6141648e+00
 -2.5474509e-02
 -1.4536976e+00
  1.5939963e-01
  6.2954116e-01
  4.9689915e-02
 -1.7482237e+00
  3.0046061e-02
 -1.9898938e+00
 -1.0147859e+00
 -4.4513676e-01
  1.1038379e-01
 -3.8247343e-02
  1.9713951e+00
  1.8715890e-01
 -2.1261816e-01
 -8.9236004e-03
  3.6891091e-01
 -8.1978875e-01
  2.5876649e-02
 -4.1080114e-01
  1.3864964e+00
 -2.0777091e-02
 -1.5584229e-02
  1.0894255e-01
  2.0862629e-01
  2.3677012e-01
 -1.1040612e-01
 -5.4883275e-02
  2.5389083e-03
  2.9409947e+00
  4.1966833e-02
 -3.1423260e-02
  2.9927275e+00
  1.4341111e-02
  2.8531485e+00
 -2.0864460e+00
  1.3687291e+00
  1.0437566e+00
 -2.2228718e-02
 -3.0759099e+00
 -4.4934398e-01
 -1.9242350e+00
 -3.7038827e+00
 -4.9759023e-02
 -9.3882304e-01
 -2.8314004e-02
  7.5463456e-01
 -1.5842769e-01
 -7.3530424e-01
 -2.0156257e-01
  3.2149896e-01
  1.2771405e+00
 -9.7103342e-03
  4.9307861e+00
 -2.4909575e-01
  6.4410305e-01
  1.3412653e+00
  1.3817176e+00
 -2.3969273e-01
  3.6587868e+00
 -5.3719431e-01
 -1.5204750e-01
  3.2552269e-01
  1.1152457e+00
 -6.8931617e-02
 -1.5445275e+00
  1.6961321e-01
  1.3749911e+00
  2.3496547e-01
 -4.5946264e+00
 -4.3765837e-01
  8.7393604e-02
 -3.8660496e-01
 -2.9675366e-02
  3.2081821e+00
 -7.6660097e-01
  1.8069874e+00
 -9.5358990e-02
  4.6065629e-02
  4.8844555e-01
  4.8403195e-01
  2.2146288e-01
 -3.4250066e-02
  7.6122560e-02
 -8.6401910e-02
 -1.2003266e-01
  8.3362468e-02
  3.9214635e-01
  5.5542849e-02
 -2.7052471e-03
 -1.4713956e-01
 -1.7098829e-01
  1.1079449e-02
  5.1891621e-02
  2.7383991e-02
  4.6286143e-02
  5.6745298e-02
 -3.2936126e-01
  4.4744763e-01
 -1.1824351e-01
 -8.0798991e-02
  1.6765672e-01
 -9.9365398e-02
  2.4753023e-02
 -5.2462179e-02
 -7.3007621e-02
  9.1885194e-02
  1.7885712e-01
  1.3725543e-01
 -4.7602899e-02
  4.0324774e+00
  8.4082820e-02
  2.2570901e-01
 -1.7303208e-02
  1.1909626e+00
 -1.3707311e-02
 -8.2556170e-01
 -5.0073880e-01
 -5.7151679e-02
 -4.8727985e-02
  3.7455590e+00
  5.0592792e-01
  1.2208745e-01
  7.0044875e-01
  3.1721616e+00
 -6.5196292e-03
 -2.8111705e-01
 -2.0210598e-02
  1.7258829e-02
 -5.4084819e-02
  5.9365746e-02
  7.9190098e-03
  8.8982320e-01
  3.7041798e-02
 -3.1338460e+00
  1.3271500e-01
 -1.3989012e-01
 -1.9512892e+00
  4.8508395e-02
 -8.7866269e-02
 -1.1808492e-01
  1.3739111e-01
  2.0814028e-01
 -8.6376227e-02
 -1.1963201e-01
  8.3662011e-02
  1.6928071e+00
 -9.7604454e-01
 -3.7887225e+00
  3.0447420e-02
 -1.1573111e-01
 -2.4273043e-02
 -1.0382572e-01
 -1.8498291e-01
 -5.0364319e-02
 -1.2148622e-02
  1.6800458e-02
  1.2330179e-01
 -3.9148289e-01
 -5.6239422e-02
 -3.7397158e+00
  1.6557925e+00
 -1.3674671e-02
 -6.3308841e-03
  4.2758334e-02
 -3.3506033e-01
  2.5917501e+00
 -1.9841176e-01
 -2.9349759e-01
 -6.0411736e-02
  5.8790948e-02
  2.2099903e+00
  5.2107669e-02
  2.3516065e-01
  2.6583499e-01
  3.8762558e-02
  1.1446598e-02
  6.0101986e-01
  5.9247099e-02
  1.7590171e+00
 -1.1618280e+00
  1.8906741e-01
  2.3564620e-02
  2.4915265e-02
 -3.2719698e-02
  1.9873424e+00
 -1.0658324e+00
 -2.1110921e+00
 -4.1700598e-02
 -1.7434089e-01
  9.4675630e-02
 -4.0070664e-02
 -9.9437006e-02
  1.7299397e-01
 -2.8315642e-01
 -1.6483527e-01
 -2.5021217e+00
  1.2326730e-01
  3.9960556e-02
  1.8373809e-03
  4.2507368e-01
 -2.5732002e-01
 -2.3332752e-02
  4.8885658e-02
 -3.6009240e-01
  1.3990945e+00
 -3.1355955e-02
  6.1103359e-02
 -1.2787929e-01
  1.4025115e+00
  1.7309254e-01
 -1.4338091e-01
  5.7092333e-01
  2.2102757e+00
 -5.6898940e-02
  3.4790817e-01
  1.7917727e-01
  2.0206847e+00
 -1.2794182e+00
 -9.1791742e-02
  1.0390493e+01
  1.7924763e-01
  3.1447519e-02
 -3.9619524e-03
  1.8680463e-02
  1.5852549e+00
 -1.3944034e-01
  2.2681117e-02
 -6.1517330e-03
 -2.0895425e-02
  5.0227620e-02
 -1.1134613e-01
 -1.3508457e-01
 -1.8261963e-01
 -3.0150002e-02
 -1.3012809e-02
  3.5570731e+00
 -8.4893513e-01
  1.1549983e+00
 -1.0557324e+00
 -2.2010438e+00
 -1.3763149e+00
 -3.8557098e+00
  4.6081901e-02
 -4.9421448e-01
  9.2072088e-01
  5.1306325e-01
  5.8058505e-03
  3.9439243e-01
  1.5676342e+00
  2.3095162e+00
  2.6198858e-01
 -7.5257128e-01
 -4.0076909e+00
  1.5250697e+00
  1.4632096e+00
  2.0549021e+00
  2.6768577e+00
 -2.3298759e+00
  2.5260353e+00
 -2.4938381e+00
  1.6888565e+00
 -1.3016281e-01
  1.8530450e+00
 -2.9449825e+00
 -3.2231209e+00
  9.8127294e-01
 -5.7249993e-01
  2.8929293e+00
 -2.2572361e-01
  2.5525048e+00
 -1.2889993e+00
 -3.6879687e+00
  2.2774787e-01
 -2.8752439e+00
 -3.5738650e-01
  1.2733021e-01
  2.1601167e-01
  1.0684850e-01
 -2.4416775e-02
 -1.8016725e-03
  3.5276361e-02
 -4.0803168e-02
 -4.5217500e+00
 -1.8336703e-01
  2.4550419e-01
 -9.3491450e-03
  3.0584909e-02
  4.3721266e-02
 -7.5638473e-02
 -1.8160073e-01
 -4.9743522e-03
  1.0108387e-01
  1.7408606e-01
 -1.1797001e-02
 -1.9233628e-01
  8.7562852e-02
  2.9136926e-01
 -1.8578468e-01
  1.4426307e-01
 -1.7936450e-01
 -2.6519541e-02
 -6.3116692e-02
  2.2665622e+00
 -4.9527001e-02
 -5.3370651e-02
 -5.7181758e-01
  7.7459462e-02
  5.6922965e-02
 -8.6396463e-02
 -6.6120541e-05
  1.5331534e-01
  8.7887265e-02
  4.0813997e-02
  9.2679165e-02
  2.2515127e-02
  3.8103336e-01
 -3.5468835e-02
 -1.5077125e-01
 -3.0761963e-01
  2.3610818e-01
  2.3723307e+00
  1.0991643e-01
  1.0967699e-01
  6.3327730e-02
  2.3921642e+00
 -1.6763849e-02
  4.0603951e-02
  4.2106431e-02
 -9.0790547e-02
  1.1509123e-01
  2.9475519e-01
 -2.6022780e+00
  1.5876515e-02
  2.6141388e+00
  1.3149025e-01
  1.3311349e-01
  1.4781159e-02
 -6.5637603e-02
 -2.0934778e-01
  3.4604990e-01
  1.6639235e+00
 -1.0602677e+00
 -1.2262143e+00
 -5.3957027e-01
  7.0081705e-01
 -1.6186196e-01
 -1.5921591e-01
  1.7392289e-02
 -6.3137822e-02
 -7.3614168e-01
 -1.4922045e-02
 -1.1572168e-01
  5.1601720e-01
  7.4998513e-02
  4.8618414e-02
  1.4741282e-01
 -5.1978618e-02
 -1.2908486e-01
  8.8306174e-02
 -1.6973892e-01
 -2.6009934e+00
 -1.4745741e+00
 -4.7813248e-02
  1.7697187e-01
  2.6704615e-01
 -6.0898121e-02
  1.6623230e-01
 -4.0358398e-03
  1.9033718e-01
  3.9123708e-01
 -2.6842204e-01
  3.0035046e-01
  3.9771393e-02
 -2.3057631e-01
 -8.0778114e-02
  5.4140795e-02
 -5.8444232e-01
  5.8835577e-02
 -9.9665351e-02
  2.3880258e-02
  6.5476969e-02
  1.8157762e+00
 -3.5301107e-03
  8.0211330e-03
 -2.8598660e-01
  2.5211489e-01
  2.6066282e-03
 -6.0952133e-01
  6.7783459e-03
 -1.3232122e-02
  2.1316919e-02
 -4.5551434e-03
 -7.2254676e-01
 -1.3459952e-01
 -1.1811499e-01
  3.5235666e-02
  1.2476568e-01
  5.0649077e-02
 -2.1983372e-02
  4.3841121e-01
 -1.6144937e-01
  8.0491102e-01
 -1.7151026e-01
 -6.3726693e-02
  1.2336800e-01
  2.3918822e-03
 -1.2422777e-02
  2.4426495e-01
  4.6300974e-02
 -1.5197785e-01
 -2.4781227e-02
  9.3656719e-02
 -1.3418177e-01
 -8.7115836e-01
 -7.2085701e-02
  2.8698543e-01
  6.1505824e-02
 -5.6222282e-02
 -1.6502103e+00
  4.0263619e-02
  3.0959913e-01
 -3.0037713e-01
 -5.9331027e-03
  4.4326428e-02
  3.8125265e-01
 -1.2369031e-01
  9.7027659e-02
  1.3131227e-01
 -5.3217579e-02
 -2.3518647e-01
 -3.2103512e-01
  3.4229374e-03
  3.5133690e-02
 -1.1778976e-01
  7.7109009e-01
 -1.8355496e-01
  8.2262672e-02
 -2.1251978e-01
 -1.5694346e-01
  4.9207017e-01
 -2.0429693e-01
 -2.8058005e-02
 -6.7804635e-02
  9.9911973e-02
 -2.5140312e-02
 -1.0865193e-01
  4.8069456e-01
  1.7249209e+00
  5.3826290e-01
 -8.5260898e-02
 -8.9955498e-03
  2.5120929e-01
 -7.3118463e-02
  6.7605680e-01
 -4.7676989e-01
 -4.4164288e-01
  4.0708709e-01
 -3.8953838e-01
 -6.0076427e-02
  5.8282133e-02
 -7.1725719e-02
  6.9886968e-02
  3.6576208e-01
 -1.1257883e-01
  7.7016079e-01
 -3.8397947e-01
  2.2365916e-01
  4.0578932e-01
 -4.6874347e+00
  2.0855108e-01
 -8.1001922e-02
  7.6132722e+00
  1.7544696e-01
  2.3204075e-01
  2.6466921e-02
 -7.8563845e-01
 -6.1936848e-02
  4.4195656e-02
 -5.9515808e-02
  7.6816803e-01
 -7.8986259e-03
 -3.0238411e-01
 -4.3887634e-02
 -5.5542618e-01
  1.9046673e-01
 -2.6427019e-02
 -1.0286038e-01
 -5.4198585e-02
  3.5647147e+00
 -5.4027684e-02
  1.2671886e-02
  1.5050214e-02
 -1.1940091e-01
  3.5717431e-01
 -5.2860238e-02
 -3.1061682e-01
  9.0112202e-02
 -5.3888939e-02
 -2.9793474e-01
 -3.3013675e-01
 -8.8449436e-01
 -2.2559479e-01
  1.5641995e-01
  1.5772040e-01
  2.6847903e-02
 -3.4161329e+00
 -6.7851856e-02
  4.8275082e-03
 -1.2788531e-01
  2.1922046e-01
  2.2857934e-02
  3.1552065e-02
  2.3063460e-01
  2.4507578e-01
  1.9545911e-02
  4.5964029e-01
  3.8328569e-02
 -1.5651965e-01
  8.4093250e-02
 -1.7585931e-02
 -2.3196223e-01
  1.1173810e+00
  1.3357356e-01
 -1.0041609e+00
  5.1349960e-02
 -2.3767339e-01
 -3.5451319e+00
  1.3649404e-01
  2.3481256e-01
  1.7260957e-01
  3.4387317e-02
  5.5023205e-01
 -6.4348454e+00
  7.0438899e-02
 -1.0347804e-01
  9.7811490e-02
  4.1577082e-02
 -3.9451454e-02
  1.8089455e-02
  3.8580137e-01
 -4.5013410e-01
  6.5842181e-02
 -6.5965593e-01
 -1.7704469e-01
  1.0893468e-01
 -7.7997461e-02
 -2.5165612e-01
 -7.3033953e-03
 -4.7149148e-02
 -1.2120733e-01
  7.8463368e-02
  6.8801800e-03
 -8.6925977e-01
 -4.0180709e-02
  9.6916802e-02
 -6.7227736e-02
  4.5918279e+00
  8.6557314e-02
 -2.2955941e-01
  7.4081801e-02
  3.2740358e-01
 -6.9700998e-01
 -8.9811981e-01
 -9.4656274e-02
  1.3242042e-01
  7.3706460e-01
 -6.6651195e-02
 -1.9120170e-02
  4.9029389e-01
  4.8318811e-02
 -1.2992015e-02
 -1.3076231e-01
  5.9618507e-02
  2.3561217e-01
  1.0919221e-01
  1.1794914e-01
 -8.8418245e-02
  1.0851506e-01
  1.5183921e-01
 -1.7454917e-02
  1.2831007e+00
 -7.3397033e-02
  7.2877437e-02
  8.7008320e-02
 -3.2519719e-01
  5.8000620e-02
  6.9352769e-04
  1.2282140e-02
  1.4899528e-01
  9.6716166e-02
 -8.0197968e-02
  3.0595112e-01
 -9.3687791e-03
  3.2042807e-01
  1.3300243e-01
  9.8360412e-02
  4.3369050e-04
  3.4458864e-02
 -1.9344854e-01
  7.0424832e-02
 -3.9828178e-02
 -3.5907882e-03
  2.6492137e-01
 -7.0410348e-03
  1.1790741e-01
  1.2365271e-02
  1.5473997e-02
  1.1054473e-01
  2.9287491e-02
 -4.3158808e-01
 -9.6036881e-02
  2.3232380e-01
 -6.8907633e-02
  5.5649135e-02
 -5.7870988e-02
  1.1513860e-02
  2.6645711e-01
  2.5475413e-01
  2.7228960e-01
  1.3865156e-01
  1.2321599e+00
 -2.3332071e-02
  1.7723256e-01
 -6.2972803e+00
  2.5214700e-02
 -9.8646153e-03
 -4.8517734e-02
  8.2315467e-02
 -6.9205873e-02
 -1.2600037e-01
 -1.6566183e-01
 -2.4911068e-01
  1.1537515e+00
  2.0898471e+00
 -2.5677942e-02
  1.0207727e+00
 -9.2179626e-03
  5.6828223e-02
  4.5758605e-01
 -1.1082457e-01
  2.5927484e+00
  1.4418615e-01
  9.2365280e-02
 -7.4993896e-01
  6.3307479e-02
  2.2026186e+00
  1.9896464e-01
 -1.9637351e-01
  3.1852907e-01
  2.3492648e-01
  8.8417970e-02
  4.3557324e+00
 -1.1826150e+00
  2.6072627e-01
 -5.4699817e+00
 -2.1879906e-02
 -8.0203321e-03
 -2.0891933e+00
 -2.9181952e-02
 -3.5269704e-01
  2.4078432e-03
  2.5680700e-02
  4.7610542e-01
  2.0084462e-01
 -6.4298958e-02
  1.4845672e-01
  4.4289830e-01
  2.8867194e-01
  1.2604599e-01
  1.8033899e-01
 -1.2061204e-01
  2.5350992e-02
  2.7149019e-01
 -6.9548212e-02
  5.2100456e-01
  4.8556951e-01
  5.3575873e-01
 -9.0383679e-02
 -6.6337556e-02
  2.0563543e-01
  2.8481004e-01
 -1.3595518e-01
  3.5077035e-02
 -1.0488648e+00
  2.4696688e-01
 -2.4054819e-01
 -6.2047757e-02
 -2.2085652e-02
  1.8536206e-01
  9.8786280e-02
  6.4964861e-02
  1.0952119e-01
 -5.5339675e-02
  7.2965637e-02
 -8.4607655e-01
 -1.3741246e+00
  2.2049456e+00
  2.0156896e-01
 -1.1493254e-01
  2.4399079e-02
  1.2565242e+00
 -4.4048896e-01
 -8.6277671e-02
  3.2304592e+00
  1.3447688e+00
  1.3599788e-01
 -1.0323917e-01
 -2.9672544e-02
 -1.1584993e-01
  1.5329041e+00
 -3.5094481e+00
 -1.3877026e-02
 -1.7650104e-01
 -1.3739431e+00
  5.1200020e-01
  3.9897954e-01
 -3.8540650e-02
 -3.5564287e+00
  5.7336134e-01
  1.9306357e-01
 -3.4214401e-01
 -2.4575882e-01
  2.7890220e-01
  3.3973525e+00
  1.3643087e-01
  3.8936253e+00
  3.0948463e-01
 -1.0626132e+00
  3.0989575e+00
 -1.1900020e-02
  3.3347535e-01
  1.0035591e-02
  1.5065858e-02
  6.4101472e-02
 -2.0580957e+00
 -5.4178894e-02
 -1.2670007e-01
 -1.1677917e-01
 -4.2262760e-01
  4.0941864e-02
  7.6680399e-02
 -3.5271391e-03
  3.7288234e+00
 -3.0594113e-01
  3.3706268e-03
  1.2707037e+00
  3.0953012e+00
 -3.7743604e-01
 -2.5718586e+00
 -4.0673800e+00
  1.9122089e+00
  2.2298651e+00
 -2.9418102e-01
 -5.4591769e-01
 -1.7781303e+00
 -2.5669533e-01
 -1.3691871e+00
  5.7488704e-01
  1.5521772e+00
 -1.6233785e-01
 -3.0773993e+00
 -3.8537318e-01
 -1.2639339e+00
  8.0568296e-01
  5.9316859e+00
 -8.0787295e-01
  9.9875754e-01
 -8.9147824e-01
  1.2177136e+00
 -1.4923507e+00
 -5.5989420e-01
  7.2603256e-01
  2.7118468e+00
  2.0726566e+00
 -1.4589541e+00
  6.3045087e+00
 -1.0330737e+00
  7.3605685e+00
  1.0323209e+00
 -4.2094329e-01
 -7.4361128e-01
 -2.9195389e-01
 -2.4045935e+00
  1.3076510e+00
 -1.0789317e+00
  1.1744361e+00
 -1.9428036e-01
  9.5487326e-02
 -1.2736713e+00
  1.7756191e-01
  1.1854993e-01
  1.2748370e-01
  3.4467127e-02
  9.9122718e-02
 -8.2810469e-02
 -6.8055534e-01
 -1.1429528e+00
 -5.5957899e+00
 -2.8927329e+00
 -1.2742401e+00
  2.4182544e+00
 -3.2485545e+00
 -1.0320936e-01
 -7.0186998e-03
  3.9955577e-01
 -7.0146061e-02
  8.2799740e-02
 -8.6104795e-02
  3.9680805e-02
 -3.1483904e-01
  1.8436173e-01
 -1.6720265e-01
 -1.5477728e+00
  3.6488673e-01
 -1.4064746e-01
  1.6179144e+00
 -5.0549877e-01
 -2.5091785e-01
  9.3418680e-02
 -2.1995094e+00
  4.6944556e-01
  1.4442657e-01
  1.5681721e+00
 -2.8419396e-01
  7.1158335e-02
  3.8539149e-02
  4.3698752e-01
 -1.0872525e+00
 -4.4945619e-01
  6.7742854e-01
  8.2466614e-01
  1.2211316e+00
 -8.5413031e-02
  2.4412329e-01
 -6.2094712e-01
 -1.4857933e-01
 -5.2256532e-02
  2.8076023e-02
 -2.2129779e+00
  2.7471757e-01
 -2.1732952e-02
  1.2915401e-02
 -2.0379120e-02
 -7.5853661e-02
 -3.0676838e-02
 -1.4967649e-02
  1.3761322e-01
  1.3767983e+00
 -3.1447645e-02
 -3.5118154e-01
  6.4052299e-02
 -3.9561026e-02
 -3.9646155e-03
 -4.3516943e-01
 -4.4766822e-01
  1.5614338e-01
 -8.2006037e-02
 -1.2880529e-01
 -2.3389189e-01
 -8.0159068e-01
  6.0952287e-03
  1.2136289e-01
 -8.1275664e-02
 -3.9040911e+00
 -1.0239876e-02
  5.8131360e-02
 -9.6153796e-01
 -1.5870470e-01
  1.6295293e-02
 -9.6337549e-02
  4.4804465e-02
 -9.6034855e-02
 -7.0016369e-02
 -2.8317168e-02
  1.4955540e-01
  2.3083048e-01
 -3.2264379e-01
  2.5301659e-02
 -1.9848198e-01
 -1.1830880e-01
  1.7920381e-03
 -1.9562626e-01
 -3.9777968e-02
  1.3689058e-01
  2.8267223e-01
 -6.2763631e-02
 -4.1200791e-02
  3.8516298e-02
 -2.5124054e+00
 -4.6654415e-01
 -1.3212189e-01
  4.1660637e-02
  9.9787420e-01
 -6.6288427e-02
  1.7307092e-01
 -6.0981102e-02
  6.5692389e-01
  3.4478534e-02
 -1.4742303e-01
 -4.5081303e-01
  1.3604523e-01
 -6.3461918e-01
  4.2731893e-01
  1.4777397e-01
 -8.0010138e-02
  3.7950253e-01
 -2.6224754e+00
  3.6573265e-02
 -1.5122241e-01
  2.9063380e-01
  2.9875818e-01
 -1.6081960e-01
 -5.1125056e-01
 -6.9124311e-02
 -5.4063585e-02
 -1.2424451e-01
 -3.4540674e-01
 -2.4258406e-01
 -2.9886970e-02
 -6.0019059e+00
 -6.6020407e-02
 -1.2916471e+00
 -1.6296332e-01
  1.2538591e-01
  3.0339254e-02
 -1.5658350e-01
  1.3628063e-01
  1.1676501e+00
 -3.7545461e-02
  7.5176395e-02
  1.6032541e+00
 -1.8603227e-01
  1.5972337e-01
 -9.4874769e-02
 -3.9177473e+00
  2.7617693e-02
 -5.3463802e-02
 -1.1940390e-01
 -1.7880817e-01
 -1.7676802e-01
  1.5242752e-01
  3.0127902e+00
  2.9481244e-01
 -1.0126013e-01
  1.4239128e-01
 -7.4050352e-03
 -3.9487281e-01
 -2.4453822e-01
  5.6251144e-01
 -3.0487353e-01
  1.1228062e-01
  9.2650607e-02
  3.1722510e+00
 -1.6016743e-01
 -2.4026874e-02
  3.5636288e-01
 -4.1540977e-01
  2.4017839e+00
 -1.6977346e-02
 -4.2392501e-01
 -3.7532222e-01
  3.3803940e-01
  2.7416837e-01
 -1.5095149e+00
  2.0414086e-02
  1.3400289e-01
  2.1614036e-02
  1.1235223e-01
  4.0790766e-02
 -2.0352960e-01
 -3.3909672e-01
 -3.1002590e-01
  2.1975897e-01
 -7.3662257e-01
  8.1477528e-03
  2.1729375e-01
  3.4828793e-02
 -4.1016343e-01
 -1.3145905e+00
  2.1508377e+00
 -1.4178081e+00
  8.6416140e-02
 -2.4888085e-01
  6.4128086e-02
 -2.4179319e-02
 -5.8926177e-01
 -2.5867942e-01
  8.1218463e-01
 -8.4578969e-02
 -1.0269766e-02
 -1.6389869e+00
 -6.7885704e-02
  9.3318308e-03
 -3.3568289e-02
 -2.2457381e-01
 -8.5439734e-02
 -2.1397375e-01
  3.8907537e-01
 -3.7679148e-01
  9.3294919e-02
 -5.7490385e-01
  2.5744679e+00
  2.9313937e-01
  3.0082538e+00
  3.9967639e+00
 -9.2561668e-01
 -3.8986751e-03
 -3.0352411e-01
  2.0851941e+00
 -7.2922888e+00
 -2.0763452e+00
 -2.9955208e+00
  7.7478075e-01
  1.5840571e+00
 -1.3653297e+00
  3.3907589e-01
 -3.3464694e+00
  2.1092951e+00
 -2.5029531e+00
 -1.5488334e+00
 -3.5079553e+00
  1.0520836e+00
 -1.2727268e+00
  7.5229555e-01
 -3.9953446e-01
 -1.2941446e+00
 -2.6261489e+00
 -4.0798935e-01
  5.2364779e-01
 -4.2481284e+00
  1.8882840e+00
  2.2410159e-01
 -2.4062792e-02
  9.2291981e-01
 -1.4410825e+00
 -6.6207099e-01
 -4.8997860e+00
  4.4050398e+00
 -1.0123831e+00
 -7.2317742e-02
  1.5019885e+00
 -8.7089151e-02
 -6.8097726e-02
 -3.1884521e-01
 -5.3826654e-01
  1.8956141e-01
  7.6650620e-02
 -7.8704739e-03
 -5.1660603e-03
  1.0131858e-01
  5.1843160e-01
 -1.1802197e-01
  1.9984761e-01
  1.5551330e-01
  1.1521567e-01
  3.2847232e-01
  6.7671299e-02
 -1.6550040e-01
 -3.9657090e-02
 -1.7417754e+00
  2.9732522e-01
 -7.4185836e-01
  4.2169046e-02
 -4.9225301e-01
 -1.0329103e-02
  4.4303440e-02
  1.4578758e-01
 -5.2093887e-01
  3.1530060e-02
 -8.6295927e-01
  5.1057416e-01
 -6.7369439e-02
  7.4446276e-02
 -2.1610686e-01
 -3.8485038e+00
 -3.7547648e-01
 -1.5583603e-01
  4.7455812e-01
  8.2705092e-01
 -1.4022951e+00
 -1.1428318e+00
  6.4705306e-01
  3.4043927e+00
 -1.3493359e+00
 -3.6631589e+00
  1.5752164e-04
  2.2140171e-01
  2.3789147e-01
  1.0396143e+00
  4.0085307e-01
 -1.3703924e-01
 -1.5811257e-01
  8.3243549e-02
  6.6955648e-02
  4.0302049e-02
 -5.7877809e-01
  5.5627871e-02
  4.5833517e-02
 -1.4937110e-01
 -6.6835629e-03
 -1.8376142e-03
 -2.4945862e+00
 -1.9219631e-01
 -2.9588149e+00
 -6.0697645e-01
  9.0108201e-02
 -2.9799744e-02
 -2.2819653e-01
 -2.2590272e+00
  1.9628683e+00
 -7.5504412e-03
 -7.3960990e-01
  5.8978934e-02
 -2.0891707e-01
 -4.3926767e-01
 -1.4942604e-01
 -1.3714825e-01
  3.4792182e-01
 -7.3177263e-02
  2.0280473e+00
 -1.1878375e-01
 -1.0335588e-01
  2.5611144e-01
  1.2321258e-01
  2.6719686e-01
 -1.3243961e+00
  1.8154451e+00
  8.4868813e-01
 -4.8182434e-01
  8.0018783e-01
 -2.3631658e-02
  2.8462666e-01
 -3.9100453e-01
 -2.5223550e-01
  1.2365048e-01
  4.6144462e+00
  2.6500442e+00
 -8.6764324e-01
  1.6741042e-01
 -5.8801293e-01
  2.3330619e+00
  2.0413156e-01
  2.7810500e+00
  6.1807886e-02
  1.5989104e-01
  5.5062253e-02
  7.4581832e-01
  1.9355018e-01
  1.9187721e+00
  3.1919502e-02
 -6.3580072e-01
  3.0569264e-01
 -5.7800155e-02
  2.8871074e-01
 -1.1331428e+00
  9.7862530e-01
  9.1681367e-01
 -2.5186452e-01
  3.8343763e-01
  9.5932627e-01
  9.4584197e-02
 -9.0627778e-01
 -4.2385488e+00
  4.4546369e-03
  6.9060731e-01
  1.1618730e-01
  4.7892466e+00
 -1.9865506e+00
 -9.2124581e-01
  6.1361730e-01
  2.8811960e+00
 -1.7354306e-02
  1.1502326e+00
  9.2935823e-02
 -2.6207607e+00
 -2.5839704e-01
  8.3596385e-01
 -1.1022405e-01
 -2.8709025e+00
 -1.8061914e+00
  4.7538126e-01
 -2.8597314e+00
  1.2261664e+00
 -1.5829177e+00
  5.7356232e-01
  7.9892236e-01
 -1.0476069e+00
  1.3157332e+00
 -2.7602693e-01
 -4.4315781e-02
  2.7306128e-01
  2.6640385e-01
  6.3706541e-01
 -1.3454417e+00
 -2.9148850e-01
 -1.1146409e-01
  1.9432307e+00
  2.2928114e+00
  6.1657810e-01
  2.8763579e-02
  1.3151536e+00
 -2.7577441e-02
 -5.4926090e-02
  1.8831623e-01
 -5.0237808e+00
  1.0751395e+00
 -2.1968198e+00
  8.8581240e-01
 -1.9768189e+00
  1.2344120e+00
 -1.0895303e+00
 -1.5297034e+00
 -4.0549088e+00
  1.3728703e+00
  6.8977261e-01
 -1.3888422e-01
  5.3601342e-01
  1.1375964e-01
  1.7058754e+00
  5.8194961e-02
 -2.5564985e+00
  1.5360148e+00
 -1.1841124e-01
 -1.1862140e+00
  1.4375763e-01
  1.5701542e-02
  1.7602366e-01
 -3.8741910e+00
 -5.5352861e-01
  2.9882649e-01
  1.8663158e-01
 -1.8662128e-01
 -3.9188555e-01
 -6.5477532e-01
  1.9239391e+00
  1.2335676e+00
 -8.3114706e-02
  1.1374321e+00
 -2.1194372e+00
  3.5618153e-01
 -1.3853035e+00
  2.9679893e-02
 -1.2306777e-01
 -2.2675520e-01
 -1.4883630e-01
 -3.0377346e-01
  1.3318107e-01
 -4.1773719e-01
  1.1254194e-03
  4.7618102e-02
  1.2679827e-01
 -4.0468878e-01
 -7.0639126e-02
 -5.2788615e-01
 -5.7735401e-01
 -3.0372374e+00
  7.9745904e-02
 -4.5518413e+00
  4.0761580e+00
 -4.8185286e-01
 -2.9136004e+00
 -7.7487469e-01
 -4.7590179e+00
 -1.0699800e+00
  5.7717379e-02
  1.0280708e+00
  7.7707857e-02
  1.5305928e+00
 -2.7800372e-01
  1.1905811e+00
 -2.4349713e-01
  2.6691267e-01
  1.1682497e+00
 -1.9778481e+00
 -5.4322352e+00
  4.8434362e-02
  2.4301090e+00
  1.3955498e+00
 -1.5520570e+00
 -1.7453252e+00
 -1.0578753e+00
 -3.3939917e-02
  1.0229143e+00
 -1.7318405e+00
  1.8303157e-01
  9.1110283e-01
 -2.7651005e+00
  4.5290141e+00
  2.1150465e+00
  1.3071083e-01
  2.7578896e-01
  3.8767231e+00
  4.7590929e-01
  3.2096940e-01
 -4.9774460e-02
  1.8611283e+00
 -9.7857542e-02
 -1.5679236e-01
 -4.3070721e-03
 -9.5108382e-02
  5.7595539e-01
 -5.0558186e-01
  2.9175322e+00
 -1.8563399e-01
  5.0729975e-02
 -2.1259384e-01
 -1.8283147e+00
  6.7517507e-01
 -3.6579698e-01
  5.2140939e-01
 -2.8582199e+00
  1.9634587e+00
  2.3684938e+00
 -2.4725287e+00
  2.1115378e-02
  4.6343836e-01
  3.1658959e+00
 -3.7903091e-01
 -1.6726443e-01
  4.9775001e-02
  9.2862433e-01
 -1.8666534e+00
  3.6853006e-01
 -4.9445829e-01
 -1.2525878e+00
  6.6603768e-01
 -9.3787026e-01
  7.8638065e-01
  2.1496525e+00
 -2.3918740e-02
 -2.9615191e-01
 -1.4324887e-01
  8.3141315e-01
 -3.4954718e-01
  1.5224469e+00
 -2.9318023e+00
  1.6618819e+00
  3.7297480e+00
  5.6737747e+00
 -2.8816843e-01
 -2.2994435e+00
  2.2787638e-01
 -7.1288681e-01
  2.4794409e+00
  2.6633940e+00
  1.0690545e-02
  1.5597690e+00
 -6.5108151e-03
  1.7093325e-01
  6.5670788e-01
  1.7358800e+00
  3.3835146e-01
 -1.9917753e+00
  2.0700841e+00
 -1.3060668e-01
  7.7804632e-02
  2.4879905e-03
 -2.2456903e+00
 -2.7921641e+00
 -3.8420467e+00
  1.1609725e+00
 -2.3209347e-01
 -1.1290990e+00
 -1.1879588e+00
  2.3889036e+00
 -2.7640173e+00
 -7.9896468e-01
 -4.0826979e-01
 -3.0100315e+00
  1.7964415e-01
 -1.6881489e+00
  1.7244171e+00
 -7.5544113e-01
  5.9479232e+00
 -2.9364784e+00
 -1.2593183e-01
 -1.4564011e+00
  1.0376032e-02
  1.7814723e+00
 -3.0362036e+00
 -5.4923134e+00
 -1.3546402e+00
 -2.5011715e-01
  3.0185096e+00
 -1.1132683e+00
 -4.0476995e+00
 -2.0010676e+00
 -2.6017592e+00
  2.3741617e+00
 -1.3699036e+00
 -1.8939592e-01
 -2.4775059e+00
  3.6699572e+00
  1.4750983e+00
  5.6681788e-01
  5.3012385e+00
 -1.9626853e-01
  6.7502385e-01
 -5.9430212e-02
  8.8941626e-02
  6.3203239e+00
  1.0868192e-01
 -2.1812193e+00
  6.7172915e-02
  9.8379694e-02
 -1.9314960e-01
 -1.3134612e-01
  1.8708638e+00
  6.5910652e-02
 -3.6248967e-01
  3.4848208e+00
  1.8758453e+00
 -4.3021545e+00
 -3.9942682e-01
 -4.0146432e+00
 -3.8610392e+00
 -1.9761941e+00
 -9.0538788e+00
  5.2857661e+00
  1.0846037e-01
  8.2000589e-01
 -7.6316419e+00
  2.3566883e+00
 -3.3878927e+00
 -3.2097225e+00
 -2.0675952e+00
  1.7083459e+00
 -3.7488458e+00
  1.2991701e+00
 -1.4028756e-01
  2.5543706e+00
 -2.8402171e+00
 -4.9656491e+00
 -2.7050788e+00
  1.1371728e+00
 -1.6657817e+00
 -8.7652582e-01
  3.3847003e+00
 -4.8454223e+00
 -4.4431224e+00
  1.1125126e-01
 -1.8324517e-01
  2.8528082e+00
  4.5108184e-02
  2.3486009e+00
 -2.7130272e+00
 -9.2185259e-01
 -5.1875684e-02
 -2.4865949e+00
 -1.8772780e+00
 -9.7663957e-01
 -7.7566946e-01
  1.7943144e+00
  1.6737381e-01
 -1.4021029e+00
  1.4483956e+00
  1.0860479e-01
 -1.8154860e-01
 -2.5302839e+00
  3.3860081e-01
 -2.2854228e+00
 -3.2254789e+00
 -1.3901940e-01
  6.1968607e-01
  4.7922310e-01
 -3.9482456e-01
 -2.2993622e+00
  3.2537508e-01
 -9.8137692e-02
  9.1276966e-02
  2.5434854e+00
 -1.8150409e-01
  1.8029230e+00
  6.4512393e-03
  3.3690360e-01
  1.2888034e-01
  3.7339106e-02
  2.8949580e-01
  1.1728406e+00
  1.3656949e-01
 -6.5484859e-02
  2.6375990e-02
  1.7298999e+00
  2.2060306e+00
  7.2980444e-03
  1.0705972e-01
 -6.4908609e-02
  1.5961690e-02
  3.2266170e-02
  3.8161161e-03
  1.0043308e+00
  1.9565170e-01
  1.7076275e-01
 -2.5587305e-01
 -2.8338307e-01
  6.1633891e-01
 -1.2229374e-01
 -1.8629851e-02
 -5.9910673e-01
  2.1758457e-01
  9.8943837e-02
 -1.0838745e-01
  1.6537858e-02
  4.2318620e-02
  6.3042685e-02
 -3.7269667e-01
 -2.3822838e-02
  1.6187809e+00
 -3.0854082e-01
  2.2181373e+00
  2.7608654e+00
 -2.5800261e+00
  8.6962169e-01
 -7.5263429e-01
 -7.6593593e-02
  1.0604882e+00
  1.9739945e+00
  5.4756150e+00
 -1.6798955e+00
 -3.0885486e-02
  1.7178894e+00
  9.1646120e-02
  2.1776344e-01
  1.6875597e+00
 -1.1954343e+00
 -8.4899820e-02
 -4.6452844e-01
 -4.6605781e-01
  8.2531965e-01
 -1.6692568e+00
 -4.6518236e-01
 -1.1771070e+00
  1.9431720e+00
 -2.7911034e+00
 -6.7745843e+00
  1.7441654e+00
  3.2814986e-01
  3.6471558e+00
 -2.6878374e+00
 -2.1822395e+00
 -2.7319559e-01
 -7.6615882e+00
 -7.2905004e-02
  9.4729409e-02
  1.2248427e+00
 -1.3733752e-01
 -9.8284014e-02
  2.3132805e-02
  1.7105122e+00
 -1.4319708e+00
 -7.1405339e-01
 -2.6259867e-02
  1.5084299e-01
  1.3235985e-01
  1.2204010e-02
 -3.8709179e-02
  5.2961305e-02
  1.6486535e+00
  4.3710070e+00
 -2.0989584e-02
 -8.9195520e-02
 -8.2405522e-02
 -2.9827769e+00
  2.5136688e-01
  3.4068155e-01
 -4.1410396e-01
  1.1090317e-01
  1.3011403e-02
 -6.2243193e-01
 -1.8774055e-01
 -2.5545931e-01
  1.8691463e+00
 -1.6533734e+00
  4.1834572e-01
 -1.1240420e-01
 -2.5828007e-01
  1.1326708e-01
 -1.0073467e+00
 -1.2747410e-01
  1.8080500e-01
  4.8093461e-02
  4.3078426e-01
 -7.7772215e-02
 -2.7649282e-03
 -2.2467457e-02
 -1.8354340e-01
 -2.6705937e+00
  3.1378460e-01
 -4.6758178e-01
 -2.0406637e-01
 -7.6306708e-02
 -5.7205242e-01
 -1.3930930e+00
 -1.1491270e-01
 -5.3529918e-02
 -4.0510410e-01
  2.4244931e+00
 -6.7662966e-01
 -1.8648862e+00
  1.7955522e-01
  2.4097363e-02
 -8.8395782e-02
  1.2405841e-01
 -1.6602840e-01
  3.7862866e+00
  9.6975982e-02
 -2.6299176e-01
  1.0120632e-01
 -9.9218316e-02
 -3.4161943e-01
 -3.7125561e-01
  1.2036934e-01
  1.0844823e+00
  1.1117288e-01
 -1.7134954e+00
  2.2535720e+00
  3.3136668e+00
  1.3774579e+00
  1.4420948e+00
  2.4295590e+00
  7.2420168e-01
 -2.4393983e+00
  9.8398906e-01
 -8.6025149e-01
 -1.0130693e+00
 -2.0198055e-02
  3.8939691e-01
 -2.8689337e-01
 -2.1826530e+00
  1.2272140e+00
 -1.7147900e-01
  2.6340947e+00
 -2.0156672e+00
  1.8407687e+00
 -6.7150676e-01
  2.7943871e+00
  2.7591115e-01
  1.6593541e+00
  4.3176255e-01
  7.3187488e-01
  2.6283495e+00
 -1.5031550e+00
  9.7298008e-01
  2.2737150e+00
 -1.7288115e+00
  1.6003420e+00
 -4.3203979e+00
  8.4442592e-01
  1.2850477e+00
  6.0170779e+00
  1.6076815e+00
  7.0545918e-01
 -7.9930529e-02
  1.7185016e+00
  1.5695308e+00
 -1.7248110e-01
  1.6964798e+00
 -1.7465683e+00
  6.0655844e-01
 -1.2937174e+00
 -8.6323619e-03
 -1.5090434e-01
  1.3923246e-01
  8.5106528e-01
  2.6648390e+00
 -2.4544318e+00
  9.3577421e-01
  1.9301669e-01
 -9.3728554e-01
 -6.0379243e-01
  1.3595434e+00
 -7.6658592e+00
  3.0333507e-01
  1.1111549e+00
 -3.0300722e+00
 -2.1553452e+00
 -2.2254309e-02
  1.2427568e-01
 -3.4213539e-02
 -2.5278252e-01
  8.0358086e+00
 -1.4711939e-01
 -1.8799956e+00
 -4.2572469e-02
  6.6026323e-02
  2.0044284e-01
  1.0759474e-01
  2.0834088e+00
 -3.2702349e-02
 -1.6245613e-01
  1.6475277e-02
  5.8745104e-01
 -1.3931337e-01
  1.2754623e+00
 -2.2027833e+00
  1.5774526e-02
  1.7781821e+00
 -6.5522331e-01
  1.7977284e-01
  2.1645139e-01
  4.5077737e-02
 -1.0755037e+00
  1.1953067e-01
  2.6506763e+00
  4.7294755e-02
 -2.7702717e-02
 -1.9388710e+00
  1.3031298e-01
  3.0423449e-02
 -1.1757007e-01
 -4.1235186e-02
  5.4425158e-02
 -1.8285054e-01
  6.9604051e-01
  7.6790994e-01
  5.0555152e-01
 -1.5917788e-01
 -1.6253669e+00
 -7.3246527e-01
 -1.1713051e+00
  6.8516321e-02
  7.5840518e-02
 -1.8125577e+00
  1.3748637e-01
  6.3120377e-01
  6.5126196e-02
  6.5420514e-01
  3.9681587e-01
 -1.9284485e-01
  3.4890395e-01
 -1.7535995e-01
  9.2425513e-01
 -5.7385273e-02
  2.1374118e-02
  8.6677969e-02
  1.5742505e-02
  5.4527586e-04
  1.7971899e-01
  7.2533190e-01
 -2.3335502e+00
  2.7009183e-01
  3.2584082e-02
  3.0069771e+00
  3.9808340e-03
 -2.9703960e+00
  1.1371437e-02
 -3.9790578e-02
  2.6477563e+00
  1.7549884e+00
 -5.5699944e-02
 -4.1867796e-01
 -1.5005016e-01
 -6.6332379e-03
 -5.4760957e-01
 -1.6525194e-02
 -6.9848843e-02
 -9.5479995e-01
 -1.0320241e-01
 -1.2942871e-01
 -6.5657371e-03
 -1.8278588e-02
  6.4474322e-02
  5.4370731e-01
 -6.8729836e-01
 -1.1430841e-02
  1.6536397e+00
  1.4689683e+00
  1.0997630e+00
 -8.2386196e-01
  3.8360175e-01
  1.7079120e+00
 -1.1917703e+00
  3.7747040e+00
  3.6347706e-03
 -1.3230222e-01
 -1.1264900e-02
 -2.1452741e-01
  3.0125537e+00
  2.9846754e+00
 -2.2362871e+00
  1.1110799e-01
 -6.6076267e-01
 -4.8524842e+00
 -1.0741762e+00
 -4.5016110e-01
  3.8728160e-01
 -2.7569370e+00
  1.3282539e-01
 -2.2650065e+00
  3.3318529e-01
 -2.8134232e+00
  1.3540850e+00
 -9.5046920e-01
  3.4264078e+00
 -5.7638425e-01
 -4.5644889e+00
  3.6935399e+00
 -1.0873418e+00
  2.4934375e+00
 -2.4272401e+00
 -8.2159656e-01
  8.8418972e-01
  1.2386791e-01
 -1.3237480e+00
  2.5960943e-01
 -5.7343017e-02
 -2.3274177e-01
 -1.2248676e+00
  2.8480369e-01
  5.4465379e-03
 -3.1173095e-01
  1.6409971e-01
  5.7459885e-01
  3.2737288e-01
 -2.1038402e-02
  1.6315050e-01
  6.4013314e+00
  2.8324587e+00
 -1.9575059e+00
  5.6022663e+00
 -1.9351768e+00
 -3.5962102e+00
 -3.8425475e-01
 -8.1683836e+00
 -3.4239931e+00
 -3.1188896e+00
  3.3868856e+00
 -8.8403451e-01
 -5.4690871e+00
 -3.2976425e+00
  1.8303021e+00
  5.0615865e-01
 -1.3731844e+00
 -1.5032272e+00
  4.9037796e-02
 -7.9744065e-01
  8.8838339e-02
  2.2962864e-01
  6.6947684e+00
 -1.3216672e+00
 -3.0981050e+00
  3.3754691e-01
  4.5156918e+00
 -8.7791610e-01
 -8.3595163e-01
  2.3352921e+00
 -7.1774918e-01
 -3.7304230e+00
 -1.7177532e+00
 -2.1076243e+00
  8.4783185e-01
 -2.3165181e+00
  1.7606308e+00
  3.4525323e-01
  2.0880269e-01
 -5.1230416e-02
 -1.1345232e-01
 -3.1445920e-01
 -1.6175085e+00
 -4.7933709e-02
  3.7950999e-01
  1.4758022e+00
  9.1804318e-02
  3.7328749e+00
  1.2016611e+00
  8.0883968e-01
  3.6681373e+00
  1.9318063e+00
 -1.4075040e+00
  6.4202696e-01
  1.6200658e+00
  2.5769339e+00
  1.7209728e+00
  3.5677545e-02
  2.9773910e+00
 -5.2177701e+00
 -5.9845425e-02
  4.2380306e-01
  5.5305395e-02
 -3.9754266e-01
 -8.5689195e-02
 -2.7705413e-01
  3.3978641e-01
 -8.3956726e-02
 -2.1563044e+00
 -1.7791884e-01
 -4.3053356e-01
 -3.2926674e+00
  9.6385740e-02
 -1.8763208e+00
 -9.0190375e-01
 -9.2840070e-01
  6.2139362e-01
  2.1833120e-01
 -2.6435118e+00
  9.1409564e-02
  4.2389128e-01
 -5.4802209e-01
 -5.2822022e+00
  6.2192249e+00
 -2.8937864e+00
  3.4047771e+00
 -3.0625334e+00
 -2.5139971e+00
  1.6824120e-01
 -5.4263052e-02
  3.9406785e-01
 -2.0552831e-02
  1.2995276e-01
 -1.1102721e-01
  1.3240634e-01
  6.5430395e-02
  6.7213103e-02
 -6.8503167e-03
 -1.2463402e-01
 -1.0413043e+00
 -2.0648533e-01
  3.6685473e-01
  2.0735850e+00
 -4.3374491e+00
  1.0019375e-01
  4.0377408e-01
 -3.3589575e-01
  7.8559540e-02
  2.3274209e-01
  7.3252982e-01
 -9.0768449e-02
 -1.2089306e+00
  7.9835230e-01
 -6.3402966e-02
 -8.2762197e-02
 -1.1441450e-01
  5.2633002e-02
  1.3020617e-01
  1.0085198e+00
  1.3837436e-01
  5.2814923e-02
  2.1685077e-01
  1.8913954e-02
 -1.2075542e-01
  1.6900028e-01
  1.6779749e+00
  4.7714584e-02
  7.6160870e-02
 -1.8967873e-01
  3.2708368e+00
 -5.1031552e-02
  1.1668684e-01
  9.6081394e-01
  4.2753893e-01
 -9.8760277e-02
  1.2768041e-01
 -1.3818504e-01
  1.0552993e-01
  4.4347286e+00
 -4.3556675e-02
 -3.3407237e-02
  3.3369863e-01
  1.4130419e-02
  1.8173526e-01
  1.9373331e-02
  8.7554425e-02
  2.0290831e-01
 -1.6733704e+00
 -3.7484992e-02
 -7.1598850e-02
 -3.0018920e-01
  9.8464912e-01
 -1.6959448e-01
  6.9832313e-01
  1.9007409e-01
  3.5452797e+00
 -2.7292432e-02
 -6.7028260e-01
  4.8603332e-01
 -2.5551692e-01
 -6.1447348e-02
 -4.7444811e-01
 -6.2783964e-02
  8.1965886e-02
 -1.2830155e+00
 -1.6920608e-01
  9.1925673e-03
  1.3620010e-01
  8.0536947e-02
 -4.0259580e-03
  9.7824320e-02
  1.4691848e-01
 -1.1269923e-01
 -1.3477510e-02
 -2.2443584e-01
  5.2354109e-02
 -3.7918262e-02
 -2.6211105e-02
  1.5699251e-01
 -4.4863135e-01
  5.7039998e-02
 -4.0823771e-03
  8.8692553e-02
 -2.5366253e-01
 -1.7394285e-01
  8.8541478e-01
  2.3177269e+00
 -3.9238414e-01
  2.4482250e-02
 -4.4309773e-02
  3.7676927e-03
 -9.8938547e-02
  5.2800167e-01
 -9.8200366e-02
 -1.0494188e-01
  4.4756282e-02
 -1.1628859e+00
  4.9498010e+00
 -1.6414507e-01
  2.2662713e-01
 -3.0609479e-02
  1.3774897e-01
 -1.1405052e+00
  2.2858298e-01
 -1.6558522e+00
  8.9391673e-01
 -9.1683269e-03
  1.0654832e+00
 -2.7283015e+00
 -3.2568306e-01
 -2.0244217e+00
 -2.3151023e+00
 -3.2969618e-01
  2.3431797e+00
  6.8431669e-01
 -1.2331215e+00
  6.2733807e-02
 -1.4984514e-01
  4.8034713e-03
  3.0951872e-01
  5.5030417e-01
  7.0757008e-01
 -5.5039221e-01
  7.9608053e-02
  2.6292956e-01
  8.4126167e-02
  2.2693539e+00
  3.1007178e+00
 -8.0376321e-01
  7.7963293e-02
 -1.0181071e+00
 -5.2660961e+00
  3.3284528e+00
  2.0837440e-01
  3.2279518e-01
  1.6268386e+00
  2.4837942e-01
 -4.6924219e+00
  1.8258330e+00
  4.9498867e-02
 -8.9140996e-02
  9.3816452e-02
 -8.9417331e-02
 -2.1487226e+00
 -1.2353443e-01
  6.7491657e-01
 -1.8528606e-01
  4.4392332e-02
  2.0255027e+00
  9.3514062e-02
 -1.4454093e-02
  6.3840307e-02
  4.9642062e-01
 -2.0159627e-01
  5.6951892e-02
  1.4092448e+00
 -2.3874646e-01
  4.6851415e-02
 -6.5913700e-02
 -4.4186231e-02
  6.9161588e-01
  5.2447528e-01
 -6.9892280e-02
 -3.0409300e-04
 -9.6909024e-02
  3.1929818e-01
  4.6824263e-03
  2.8861418e-01
  3.6359724e-02
  2.1201754e-02
  2.6305271e-02
  1.7688860e-01
 -2.9949784e-01
  2.0466848e-01
  7.7472383e-01
 -2.5414020e-01
  1.3012923e-01
 -1.9467409e-01
 -2.7432421e-02
  6.9268987e-02
  6.6389027e-03
  4.4847882e-01
 -1.2165322e-01
 -6.7422390e-01
 -4.1829068e-02
  4.7575264e+00
  2.9362030e-02
  1.6492188e-01
 -1.9362072e-02
 -7.3915742e-02
 -1.5456857e-01
 -8.8225648e-02
  1.5185772e-02
  3.1185348e-02
  4.2581279e-02
 -4.7516203e-01
  3.4877473e-01
  1.9441713e-01
 -3.0107304e-02
 -1.9496186e-03
 -1.6252314e-01
 -2.7111337e-01
 -6.0504314e-02
  5.1286894e-01
  4.0955789e-02
  1.3219067e-02
 -5.0998282e-02
 -2.3602237e-01
 -3.7080789e-01
 -1.6452992e-01
  3.3221322e-01
  1.5541455e-01
  7.7036358e-02
 -2.1024771e-01
 -8.8674299e-02
 -8.9192867e-02
 -1.3086480e-01
  6.3677337e-03
 -1.3438818e-01
 -7.2493374e-01
 -3.5758361e-02
  2.5626590e+00
 -6.8065193e-03
 -7.7700973e-01
 -1.4935230e-01
  1.4204472e+00
  1.2204808e-01
 -8.9800425e-02
 -7.7850819e-02
 -2.5813672e-01
  1.6092360e-01
 -2.3592461e-02
 -1.6870598e+00
 -1.9361195e-01
  3.2857805e-02
 -3.6874905e-03
 -1.0801414e-01
  2.6409629e-01
  3.1973317e-02
  2.9696348e-01
 -5.8895457e-01
  7.8905010e-01
 -1.1487696e+00
 -1.6675128e-02
 -5.8639520e-01
  6.2105364e-01
  1.0596061e-01
 -2.9723236e-01
 -5.0483648e-02
 -3.6539353e-02
 -1.0921259e-01
 -1.2358972e-01
 -1.1779809e-01
  6.8671681e-02
  2.1378949e-01
 -2.2185825e-01
  2.1287428e-01
 -2.5095221e-01
  5.4992825e-02
  3.5996728e-02
 -9.0872608e-03
 -5.9992541e-02
 -4.1332468e-01
 -9.0438381e-02
  2.5718179e-01
 -1.0706263e-02
  1.1449275e-01
 -6.5896101e-02
  1.2526289e-01
  8.4644713e-02
  2.4397813e-02
 -4.5943108e-01
  6.6818632e-02
 -1.0655767e-02
 -6.6149336e-01
 -1.1609635e+00
 -1.8786009e-03
 -7.1219765e-02
 -1.5440238e-01
 -1.7109779e+00
 -1.0504986e-01
 -1.7901057e-01
 -1.2037613e-02
 -8.1541672e-02
  8.6956441e-02
 -9.7241408e-01
  2.5927353e+00
  9.6651465e-02
 -1.4393483e+00
  3.8983651e-02
 -1.1740122e-01
  2.4447095e-01
  4.3289415e-03
 -6.8206555e-01
  3.7289646e-02
  1.0431503e+00
 -8.3525576e-02
  7.1045086e-02
  1.2865044e+00
  2.2408245e-02
 -3.5947862e-01
 -9.2539027e-02
 -9.2895341e-01
  5.5547424e-02
  6.4668573e-02
 -1.2282934e-01
  1.2066060e+00
 -6.5413199e-02
  2.6374698e-01
 -1.1911082e-01
  1.7420527e-01
  5.1639588e-03
 -2.5207288e+00
 -1.9574203e-01
 -2.0976098e+00
  4.7357433e-02
  3.5633150e-01
  2.2373969e-02
  3.2705966e-01
 -6.1994209e-03
  1.0540085e+00
  8.5786837e-01
  2.3950409e-02
  1.3205586e-01
 -6.7034191e-01
 -4.1222417e-01
 -3.2569176e-01
  1.8807599e-01
  2.8004427e-02
 -1.5860288e-01
  1.3984293e-01
  7.0576155e-01
  1.9836159e-01
  2.3525904e-01
  5.1180899e-01
  1.1302751e-01
 -4.3124428e+00
 -1.5724527e-02
  1.7010033e+00
  9.0067992e-03
 -4.9574610e-02
  1.4222546e-02
 -4.9208686e-01
  1.5190908e-01
  1.4486483e-01
 -9.8694794e-02
 -3.4909368e-02
 -1.4868186e-01
 -7.5022757e-02
  1.0803768e-02
  8.8662647e-02
 -3.5230931e-02
  8.8869020e-02
 -2.1820586e+00
  1.8856189e-01
 -4.9947489e-02
 -2.2186899e-01
  2.0131470e-01
  5.0781120e-02
 -2.5773149e-02
 -1.7971802e+00
 -5.4681066e-02
  2.2862770e-02
 -3.0558249e-02
  1.2519966e-01
  1.8060526e-01
 -5.7229632e-01
  6.7484140e-02
  1.0649251e-02
  5.1519431e-02
  1.5739327e-02
  1.1725504e-01
  4.1214917e-02
 -1.0503912e-01
  1.7065046e-02
 -5.9832383e-02
  1.5399948e-01
  8.0515981e-02
  1.3420449e-01
 -9.0569258e-01
  1.1791933e-01
 -1.6912246e-01
 -3.3800114e-02
 -8.1074908e-02
 -2.0643585e+00
  1.7135307e-02
 -1.7894372e-01
  4.3105879e-01
 -7.7428870e-02
  7.9637066e-02
  3.4279552e-01
 -4.5246920e-01
 -1.9619688e+00
  1.1345073e-01
 -4.1763753e-02
  6.7509896e-01
  3.0209042e-02
 -3.0009834e-02
  1.3449493e-01
 -1.3382504e+00
  1.2790006e+00
 -1.2881695e-01
  2.5508809e-01
  1.0360169e+00
  7.4217483e-02
  4.5967728e-02
 -1.1427769e-01
  4.1843567e-02
 -2.1500687e-01
 -1.6498846e-01
 -3.6863151e+00
 -2.3811498e+00
 -1.3948244e-01
 -1.3098869e+00
  2.1646090e-01
  1.6391732e-01
  1.0036969e+00
 -4.5074582e-01
 -3.4220862e-01
 -3.2794278e-02
  8.3513908e-02
 -1.2130352e+00
  2.4415493e+00
 -2.4354558e-02
 -3.2492235e-01
  4.9367893e-02
 -1.4844974e+00
  8.5295066e-02
  1.9500344e-01
 -1.6179504e-01
  7.4225344e-02
 -4.8545328e-01
  2.7627179e-01
 -1.8379459e-01
  2.9042637e-01
 -1.0266604e-01
  6.2253490e-02
  3.3884591e-03
 -9.3884043e-02
  4.6940189e-02
 -1.9322576e-01
 -1.3691243e-02
 -1.3602996e-02
  4.9511546e-01
 -2.8849393e-01
 -1.9641420e-02
  2.4032502e-02
  3.9277498e-02
 -1.1103233e-01
  1.1625883e-01
  3.6455902e-01
 -1.2458529e-01
  1.6677573e-01
 -1.9013155e-01
 -6.1581120e-02
 -8.9159183e-02
  1.3484812e-01
  8.1315106e-03
 -5.3424750e-02
  1.9297250e-01
 -1.9109990e-01
  2.0310326e+00
 -7.0849520e-01
 -3.1748246e-02
  2.3636515e+00
  9.3868577e-01
 -1.4729263e+00
  2.6928887e+00
 -2.1980188e+00
  4.5423934e-01
  2.3705547e+00
  2.9208708e+00
  3.4840143e+00
 -2.7806091e+00
 -2.3789155e+00
 -3.8715758e+00
  3.0058858e+00
  1.1598972e+00
  1.1325755e+00
 -6.4226055e-01
  4.3496513e-01
 -1.2160821e+00
 -8.0455017e-01
  4.0632057e+00
  3.1580873e+00
  1.7210255e+00
 -1.4651412e+00
 -1.9201368e+00
  3.1687799e+00
 -1.6871257e+00
 -2.2948756e+00
  4.3121320e-01
 -1.2594420e+00
  1.4978685e+00
  1.1469290e+00
  7.4108474e-02
 -9.9358577e-01
 -2.8819728e-01
  6.1420703e+00
 -3.2487750e+00
  2.1021409e+00
 -1.7225628e-01
  8.3104873e-01
 -5.5445385e-01
 -6.3465171e-02
  7.1871990e-01
  1.2356794e-02
 -9.2387229e-02
  3.2195332e+00
  8.7294854e-02
 -1.0686296e-01
  1.4451385e-01
  1.4161930e+00
 -4.5145369e+00
  1.0164244e+00
  2.0298499e-01
  1.3754548e-02
  1.0367367e+00
  2.0979559e-01
  9.3378073e-01
  1.0972566e-01
  2.0362120e+00
  5.2036114e+00
 -7.5315349e-02
 -4.8812562e-01
  2.4196941e-01
 -4.4315270e-01
  2.3297917e-02
  1.6797863e-01
 -1.4172829e+00
  4.9547303e-02
 -2.0086360e+00
  1.7961912e+00
  8.0759501e-01
 -7.4898273e-01
 -2.7963154e+00
 -3.5569620e-01
 -3.8470223e+00
  9.0216297e-01
  7.7499861e-01
  2.8079280e-01
  4.2967324e+00
 -2.4901388e+00
 -2.0646752e-01
 -6.4829582e-01
 -1.9069304e+00
 -1.4628581e+00
  2.1721218e+00
  1.8438827e-02
  2.1671476e+00
 -5.7864383e-02
  4.2404860e-02
  1.2777784e+00
 -2.6774625e-03
 -1.5230258e-01
  1.2291294e-01
 -3.3763673e-02
  5.8984395e-02
 -1.6890399e-01
  1.3345326e-01
 -6.3854554e-03
  2.3669699e-01
 -2.2291496e-02
  5.8532447e-02
  8.3717316e-01
 -2.5889053e+00
 -2.2371593e-01
  3.8699129e-01
  3.9019641e-02
 -6.0318905e-01
  1.1313651e-02
 -1.7069403e+00
  4.8230209e+00
  2.8774526e+00
 -7.6964416e-02
 -2.1832857e+00
 -7.8953348e-02
  8.7876521e-02
 -5.4918677e-02
  5.0877411e-02
  5.6751490e-02
 -1.4385892e-02
  3.4058619e-01
 -2.2414835e-01
 -3.4508802e-02
 -1.0601161e-01
  2.8910311e-02
 -1.0854042e-01
  8.7458350e-02
 -1.4947075e-01
  5.9442633e-01
 -1.0963483e-01
 -2.1647628e-01
 -1.5623757e-01
 -9.4010338e-02
  1.9823811e+00
 -5.7675662e-03
  3.8468320e-02
  3.6657989e-02
  1.0193286e-01
  2.4816585e-01
 -1.8300420e-01
 -4.0810622e-02
 -1.8823353e+00
  1.3801792e-01
 -6.8438989e-01
 -1.4222474e-01
  8.6098403e-02
 -8.1292704e-02
 -2.9953581e-01
  9.7706489e-02
 -7.1986526e-02
  2.3888341e-01
  1.6889226e-02
 -1.5636106e-01
  3.7021794e+00
 -3.3471626e-01
  9.8932475e-01
  9.0071523e-01
 -1.1596276e+00
  7.2719628e-01
  2.3171754e+00
 -2.5888910e+00
  6.0819876e-01
 -1.6364406e+00
  6.0890853e-01
 -2.3680193e+00
  3.7830112e+00
  3.4286743e-01
  1.4248754e-01
 -1.0518645e+00
 -1.3619618e+00
 -3.1193140e-01
 -5.9615755e-01
  1.4054123e+00
 -1.4576905e+00
  1.6409453e+00
 -1.2374265e+00
  1.7243736e+00
  7.1174997e-01
 -1.8882371e+00
  6.5886873e-01
  3.9879811e+00
  2.5422485e+00
 -6.2654281e-01
 -2.5177555e+00
  1.3490530e+00
 -1.7170184e+00
  2.5178044e+00
  1.0659425e+00
  5.4390416e-02
 -1.9426969e+00
  1.4812070e+00
 -5.0000947e-02
 -2.7825286e+00
 -3.1775020e-02
  2.2869785e-01
 -3.0442052e-02
  8.5983747e-01
  1.2524002e+00
 -9.4608322e-02
  1.2110016e+00
  9.3416229e-02
  5.5220913e-02
  1.2997190e-02
  3.5500530e-02
  8.3450282e-01
  8.8752590e-02
 -8.7151393e-02
  1.7900857e-01
  2.2563145e+00
  1.5664085e+00
  1.5312402e-01
 -2.0073287e-01
 -8.5278206e-02
  2.2928268e-01
 -1.6121556e-01
  5.3925492e-02
  1.9270372e-01
 -1.2105478e-01
 -2.1205578e-02
  1.6493112e-01
  4.0153837e-01
 -1.2752570e-01
 -6.5651443e-03
  3.1905919e-02
 -2.6503748e-01
  2.8785439e+00
  3.8547739e-01
  2.2704679e-01
  3.8465592e-01
  3.0078596e-01
  7.8378739e-03
 -1.0257961e-01
  4.4653930e-02
 -5.3579159e-02
 -1.3053167e-01
 -2.2198055e-02
 -1.3980535e+00
  7.9891488e-02
 -1.8580340e-02
 -3.9533850e-02
  1.2072144e-01
 -7.0344865e-02
  7.2554618e-01
 -1.7675498e-01
 -1.0490238e-02
 -1.0939892e-01
  2.1758333e-01
 -1.3889063e-02
  1.0505225e-01
 -4.0268037e-02
 -7.9756632e-02
  3.9010218e-01
 -3.2732770e-01
 -1.9185716e-01
 -2.9754683e-02
 -8.2336374e-02
  8.0023166e-03
  1.3122422e-01
  4.3422420e-02
  6.8790778e-03
  7.5068200e-01
 -1.0757204e-01
  4.5754663e-03
 -1.0928556e-01
 -3.1029432e+00
  2.0972955e+00
  3.1623084e-02
  3.6193553e-02
  1.8517826e-02
  7.7661626e-02
  4.3559540e-03
  9.0481751e-02
 -2.5956756e-02
 -1.7760852e-01
  3.5969839e-02
 -1.0063859e-01
  1.1802327e-01
  1.7325282e+00
  2.1471295e-01
  2.2013351e-01
 -1.2449993e+00
 -2.7501056e-01
  2.9585307e-02
 -3.2333928e-01
 -2.0974989e-01
  5.1891975e-02
  2.7091527e-01
 -1.3219388e-02
  4.5922312e-01
 -1.1506033e-01
 -4.5263283e-02
 -3.1510851e-01
  1.3473623e-01
  1.8451919e-01
  1.6142170e-01
 -2.4087490e-01
 -5.9724373e-01
 -7.6989062e-02
  2.3288867e+00
  2.6594093e-02
  5.0756001e-01
 -3.7206188e-02
  6.7637616e-01
 -1.8945865e-01
  1.1925293e-01
 -1.8999965e+00
 -4.2497301e-01
 -5.1043835e+00
  1.2319086e-01
  3.7869483e-01
 -1.7413203e+00
  4.6599832e+00
 -2.4520931e+00
 -2.4158490e+00
  8.6650300e-01
  3.1511748e-01
 -3.0191752e-01
  6.0194260e-01
  2.0021060e+00
  5.5209339e-02
  4.4604959e-03
 -3.8317624e-01
  7.6823826e+00
 -1.7308331e-01
  3.9681218e+00
  3.6963451e-01
  1.1045877e+00
  2.2499986e+00
 -1.0181868e+00
 -9.9943089e-01
 -5.2509804e+00
 -9.4227217e-02
  3.6140060e+00
  2.4764671e+00
  1.8775333e-01
 -1.9945045e+00
 -7.5489484e-02
 -9.9398851e-02
  4.6974125e+00
 -9.9552244e-01
 -2.4014859e-01
 -1.1943716e-01
  7.1575201e-01
 -1.9810879e+00
  1.0894327e-01
 -7.5667121e-02
  2.9048527e-02
 -1.6114230e+00
 -1.8959455e-02
 -5.0730493e-02
 -5.3192587e-03
  5.6318784e-01
 -2.3126647e-02
 -1.7311965e-01
 -9.9006854e-02
  1.4875715e+00
 -2.4272420e-01
 -1.4616013e-01
 -1.5718583e+00
 -7.6708021e+00
  1.1975939e-02
 -1.1864319e+00
 -2.9615492e-01
 -3.1029469e-01
 -2.2981846e-01
  8.6531982e-02
  1.3960379e-01
  2.7958634e-01
  9.5902279e-02
  2.1188572e-01
  5.7813913e-01
  2.5228813e-01
  1.1050028e-01
 -4.7287066e-02
 -3.8487867e-01
 -2.1660929e+00
 -6.2561378e-02
  3.0850344e+00
  9.0005897e-02
 -7.1497783e-02
 -5.1147497e-01
 -8.0204052e-01
 -1.1253746e+00
 -1.6770680e-01
 -1.6781339e-01
 -5.0260347e-01
  1.0295501e+00
 -6.4707083e-01
 -7.7440418e-02
 -3.0362305e-01
 -5.7367921e-01
 -2.9903749e-01
  1.1574668e-01
  2.5370471e-02
  5.7266507e-02
  5.6429106e-01
  1.0899015e-02
 -2.7692955e-02
 -1.2855422e+00
  2.2241667e-02
 -6.4091899e-02
 -9.7728282e-02
  1.4034221e-01
 -9.7815499e-02
  1.0645017e-01
 -7.9263471e-02
  1.4392154e-01
 -5.2169138e-01
 -3.8303189e+00
  1.7702619e-02
 -4.6097850e-03
  1.0932539e+00
 -2.9321673e+00
  2.6075449e+00
  2.2606494e-01
 -6.9087386e-02
  2.6432276e-02
 -1.2696464e-01
  2.5878263e-01
  9.5499545e-01
  7.4661747e-02
 -2.8427579e-02
  1.5410448e-02
  2.6886407e-01
  1.5464325e-01
 -1.3033098e-02
 -4.3939558e-01
 -1.7304213e+00
 -7.4501291e-02
  2.5774187e-01
 -3.1370244e+00
 -7.6698017e-01
  8.0947794e-02
 -2.4409395e-01
 -4.2080429e-01
 -4.1814992e-01
  3.2862522e-02
  1.2184419e-01
 -8.9059484e-01
  2.2685258e-02
 -1.5752588e-01
 -9.5588304e-02
 -7.4668193e-01
  4.7095823e-01
 -2.7602544e+00
  8.8075876e-02
 -2.1712722e-01
  1.3830403e+00
 -2.4932061e-01
 -2.9810805e-02
  6.9239296e-02
 -2.9166627e-01
 -1.3140501e-02
  2.4073815e-01
  3.1828299e-01
 -1.2723524e-02
 -1.1428045e-01
 -5.1756322e-02
 -9.9477917e-01
 -9.6085012e-02
 -9.7982004e-02
  5.9714943e-02
  9.1451064e-02
 -5.6490015e-02
 -4.6786532e-02
 -4.2425184e+00
 -1.7467612e+00
 -2.2164859e-01
 -1.4602670e-01
 -2.1331748e-02
 -1.3083164e-01
 -1.6972121e+00
 -4.0033120e-01
 -2.5759699e-02
  1.6457908e-01
 -2.0668607e-02
 -6.9485530e-02
 -6.1647344e-01
  2.8405923e-02
 -1.4423689e-01
 -2.5716358e-01
 -1.0597589e-01
  2.0044999e-01
 -5.5111974e-01
  8.2799238e-01
  5.9094727e-02
  7.2744817e-02
 -1.0885601e-01
  2.6458114e-01
 -2.8669137e-01
 -2.5002638e-01
  5.5445820e-02
 -5.1996034e-02
 -1.5146397e-01
 -3.5608945e+00
  2.6385215e-01
 -1.8396798e-01
  5.6415483e-02
 -3.4059197e-01
  2.8431837e-02
  9.6589230e-02
 -1.0351286e-02
  1.8356407e-01
 -6.5577728e-01
  2.3432033e-02
 -8.0799013e-02
 -1.9820765e-01
  5.2882022e-01
 -2.2281845e+00
 -2.5301663e-02
  2.7108595e+00
  9.0699039e-02
 -2.4712276e-01
  1.0653709e-01
  2.8485614e-01
  5.2805358e-01
 -3.3962789e-01
 -1.4546176e-02
  6.2640704e-02
  2.8155279e-01
  3.1755187e-02
  1.2469655e-01
  8.6602814e-02
  1.3310660e-01
  1.6261091e-02
 -2.2072800e-01
 -1.4933345e+00
  1.6068456e-01
 -7.4598350e-02
  7.4318789e-02
 -2.4960525e-02
 -5.5169859e+00
 -7.6550012e-03
  2.0845732e-01
 -6.1215919e-01
 -1.2351248e-01
  1.8600383e-01
  5.5097755e-02
 -6.1688107e-02
  1.9915776e-01
 -3.9670013e-02
 -4.2501103e-02
  1.9974390e-01
  4.2692240e-02
  5.8653671e-02
  1.1713459e-02
 -2.0172210e-02
  1.6690204e-01
  1.4806651e-01
 -2.7726037e-02
  1.0205366e-01
  1.4177813e-01
 -9.9960446e-02
  8.7412930e-04
  8.1301965e-02
 -1.6318340e+00
  2.2545786e-01
  4.4421993e-02
 -1.0572594e-01
 -2.9948508e-02
 -3.2858282e-01
  1.4904672e-01
 -1.8097796e-01
  2.3235317e-01
  5.0387129e-02
  1.3458200e-01
 -1.4377230e+00
  4.0931007e-01
 -6.8061107e-01
 -5.4442582e+00
  9.7278392e-01
  5.8359846e-02
 -1.1318406e+00
 -2.6620528e-01
  4.3093868e-02
 -1.6685354e-02
 -4.1719452e-01
 -2.4327371e-01
  2.4484998e-01
 -4.6282309e-01
 -4.6940845e-01
  2.6381736e+00
  9.7147580e-03
  1.2612344e+00
  5.6359458e-01
  9.1084462e-01
  5.2883040e-02
  2.5238037e-01
 -1.4716440e-01
 -3.4118354e+00
 -3.8980544e-01
 -2.0276260e+00
 -1.4957711e+00
  1.8798191e-02
 -2.6979739e-02
  1.5105073e+00
 -4.0257448e-01
 -3.4324668e-02
  2.4736922e-02
 -2.7068243e-03
  1.5078381e-01
 -3.4259656e-01
  9.0556756e-02
  1.6458826e-01
  2.1837084e+00
  3.7798300e-01
 -1.1916441e-01
 -2.3745978e+00
 -7.0945524e-02
 -1.8271785e-02
  2.7038515e-01
 -2.0894997e+00
 -1.6134353e+00
  3.4329967e+00
  5.7581490e-01
 -3.8072410e+00
 -2.6783559e-01
 -1.7565452e+00
  1.4828742e+00
 -2.8968699e+00
  1.0029773e-01
  2.8480047e-01
 -9.8990597e-02
 -9.8570019e-01
 -5.8614260e-01
  2.1369126e-01
 -2.0942271e-01
  5.5156889e+00
  3.0544660e+00
 -7.2928935e-02
 -4.9753493e-01
  3.7010187e-01
 -6.1279669e-02
 -6.6123468e-01
 -3.0486327e-01
 -1.7348453e+00
  1.6263437e+00
 -6.0934585e-01
 -1.4658232e+00
  5.1692641e-01
  1.0919693e+00
  7.6960331e-01
  2.1726854e+00
  1.6748939e+00
  2.5117052e+00
 -4.6771212e+00
  2.2578824e-01
 -9.3774252e-02
 -6.4888977e-02
  4.5252323e-01
  1.6785605e-02
 -3.5850555e-01
  2.1542962e-01
  4.9531671e-01
  1.0266754e-01
 -1.8829335e-01
  2.7090419e-02
  8.7619852e-03
 -2.1800731e-01
 -1.2421705e+00
  2.5276121e-01
  7.5144753e-02
  5.3954124e-01
  1.6365043e+00
  2.3785820e+00
 -3.0363306e-01
  5.8103633e+00
 -1.8200612e+00
 -1.9515343e+00
  5.1387725e+00
 -1.4250251e+00
  6.7463160e-02
 -2.8730057e-02
  1.4641595e-01
 -1.0192879e-02
  6.5187991e-01
 -3.8685724e-02
 -4.8015627e-01
 -2.3742754e+00
 -3.8913209e-02
 -3.0238254e-03
  2.1248555e-02
 -8.0748880e-03
  8.8676386e-02
  1.1297508e-01
 -1.2255165e-02
 -6.7837065e-01
  1.2400347e-01
 -1.0577347e-01
  5.4017179e-02
 -1.5768124e-01
 -4.2749250e-01
  2.6077380e-02
 -1.1681061e+00
  7.4329317e-02
  1.1170679e-01
 -4.1819689e-01
 -1.0390119e-01
 -1.3367715e-01
 -7.5085835e+00
  3.7235767e-01
  1.1870794e-02
 -4.9423911e-03
  1.0274462e-01
 -8.6695707e-01
  6.6276020e-03
  1.1746392e-01
  2.8269837e-02
  1.6085361e-01
 -1.0002258e+00
 -1.0586808e-01
 -3.8465917e-02
 -4.2873020e+00
 -1.0290133e+00
 -4.1057186e+00
 -2.2981691e+00
 -5.4659820e-01
 -2.5714324e-03
 -3.1797380e+00
 -2.5287395e+00
 -2.9049187e+00
 -4.2183107e-01
 -3.5019916e-02
  1.5230238e-01
  3.5743948e-02
 -1.1320641e-01
 -2.7418166e-02
  1.4067765e-01
  7.7995318e-01
  9.3919116e-01
 -2.2858121e+00
 -3.8449588e-01
 -3.6554124e+00
  4.3321614e+00
  7.6915795e-01
  4.9039658e-02
 -5.1242771e+00
 -3.8740608e-01
  1.3973793e-01
 -1.2840161e+00
 -3.8169549e+00
 -1.8155154e-02
 -4.8518580e-01
  3.4334666e-01
 -1.0127481e+00
 -1.0814590e-02
 -3.2168704e-01
 -5.3738135e-01
  1.9299489e-01
  6.1108045e-02
 -2.5321489e-02
  4.4598889e-02
 -1.2874186e-01
  8.8820297e-01
 -3.9523944e-01
  1.9638271e+00
 -1.1531798e-02
  1.4296398e-01
  4.4483460e-02
  1.7459750e-01
 -2.9105836e-01
  3.6026251e-01
 -1.8794987e-01
 -5.4046345e+00
  1.4668255e+01
  1.4445412e+00
 -2.4539504e+00
  6.5041935e-01
 -2.5236220e+00
  6.5961227e+00
  4.1842179e+00
  8.7243338e+00
  4.5890927e+00
 -5.4436680e-02
  3.2434008e-01
  3.9994007e-01
  1.1938262e+00
  8.2794648e-01
 -2.5454840e-02
  2.9797766e-01
  4.7316261e-02
  4.0683417e+00
 -2.5796694e-01
  1.2243881e+00
  4.6892543e+00
 -3.5111234e-02
 -1.0762761e+00
  3.3974934e-01
  5.6727071e+00
  6.0948813e-03
  5.9427738e+00
  3.8734658e+00
  6.3076769e-03
  1.1720836e+00
 -5.5037707e-01
  2.1922328e+00
 -2.5103968e-02
  3.9346759e+00
  3.7107189e+00
 -4.3527520e-01
  1.4344777e+00
 -6.3925838e-01
 -1.2823449e+00
 -1.2047442e-02
  1.4804165e-01
 -1.7145973e-01
  9.0729147e-02
  1.3745630e-01
  8.9528233e-02
  2.5855902e-01
 -7.8161113e-02
 -3.3350749e+00
  3.3279049e-01
  4.1746005e-02
 -6.8908527e-02
  3.3340373e+00
 -1.6558625e+00
 -4.6284108e+00
  6.2193398e+00
  2.0265594e+00
 -2.6736350e+00
  1.9900918e-01
 -1.9133411e-01
  1.1466724e+00
 -3.5283005e-01
 -5.6204714e-02
 -2.6582065e-01
 -1.4202642e-02
  1.7132665e+00
 -1.7490833e+00
 -2.4773774e-01
 -4.8941636e+00
  1.0356365e+00
 -1.5938171e+00
 -1.7026126e+00
 -4.3507772e-03
  2.7285752e+00
  5.3705281e-01
 -3.1622808e+00
  9.1094017e-01
 -1.6809260e+00
 -2.0291703e+00
  1.1697166e+00
  1.1428453e+00
  8.8364631e-02
 -4.4719272e+00
 -1.5353081e-01
 -1.6859069e+00
 -3.8789082e-01
  1.6925119e+00
  1.2874675e-01
 -3.3183622e+00
 -3.0549455e+00
 -3.1494160e+00
  2.4871832e-02
 -8.9644915e-01
  1.0485316e-01
 -1.3266568e-02
 -5.2008647e-01
  8.0245435e-01
  8.1804645e-01
 -2.2204481e-01
  3.7091129e+00
  8.6969763e-02
 -3.9102697e-01
  1.1009614e-01
 -4.9092415e-01
  3.1568056e-01
  2.4073971e-02
 -9.8292880e-02
 -8.8574432e-02
 -1.8965071e-01
 -1.7515689e+00
  2.5833517e-02
 -1.3368073e-01
 -1.9491304e-02
 -3.7349522e-01
 -1.0172449e-01
  1.4878902e-01
 -2.1428820e-01
 -7.7914432e-02
 -8.5513733e-02
 -6.1276805e-02
  5.8876264e-01
 -2.6382712e-01
  2.7905856e-03
 -2.5724784e-01
  1.1344857e+00
  4.2938557e-03
  8.2488662e-01
  3.6401052e-02
 -1.7159683e-01
  1.0622872e-01
  1.4237508e-01
  2.4648724e-01
 -2.8108674e-01
  5.3138506e-02
  1.9242691e-02
 -2.2661890e-01
 -1.0243464e-01
  1.9572726e-01
 -4.0890330e-01
  8.7248480e-01
 -4.8357600e-01
 -2.4460080e-01
  1.1747940e-02
  1.0757578e-01
  1.6319321e-01
 -2.2679545e-01
  2.0485508e-01
  2.0684674e-01
  3.7308952e-01
 -1.3972038e-01
 -5.3112638e-01
  3.1655669e-01
 -1.6448465e-01
 -5.0860785e-02
 -1.4702721e-01
 -1.5910586e+00
  2.9874895e+00
  9.6563154e-01
 -1.0118885e+00
 -1.0384032e+00
 -2.1704416e+00
 -1.3766925e+00
 -3.5845146e+00
 -2.4344282e+00
 -1.0911264e-01
 -7.9478705e-01
 -5.5285417e-02
  2.5320941e-01
  4.4610815e+00
  9.9896446e-02
  9.6646857e-01
  1.9390037e+00
  1.2072089e+00
  7.4379110e-01
 -9.4620943e-02
 -1.7666090e-01
 -1.7944620e+00
 -5.3863708e-02
 -1.8906581e+00
  4.6275077e+00
  4.5435348e+00
 -3.1537793e+00
  4.3943998e-01
  6.8771338e-01
  1.2357929e-01
  5.0472641e-01
  2.1524174e+00
  9.2259544e-01
  1.4299588e-01
  5.0275670e-03
 -1.2368920e+00
  4.1747722e-01
 -6.0497634e-02
  1.3902925e+00
 -1.4419099e+00
 -7.1899123e-02
 -5.0861076e-02
 -4.2811062e-02
  4.5079157e-02
 -2.7295852e-01
  4.4343501e-02
 -2.1776814e+00
  3.6474743e-01
  8.4348582e-02
 -6.6875108e-02
 -2.5634256e-01
 -6.1289549e-01
 -6.0702958e-03
 -4.7499532e-01
 -2.0311946e-01
  7.2173399e-01
 -1.7888509e-02
  3.0302644e+00
 -2.7678752e+00
  2.2476301e-02
  1.2201396e-01
 -2.9745987e-02
  2.4642293e+00
 -9.9396306e-01
 -2.4019739e-01
 -5.2691184e-02
  9.3443054e-01
 -7.0005721e-01
  7.3608257e-02
 -2.3261672e-01
 -3.8672168e-02
 -2.0552116e-02
  4.8752591e-01
  9.9008900e-01
 -6.8235910e-01
  1.5499640e-01
  7.1178526e-02
  1.7921633e-01
 -3.3807985e-02
  3.4614161e-02
 -1.1577337e-01
  2.1576637e-02
 -9.4008178e-02
 -1.0296247e-01
 -1.6690800e-02
 -1.1631434e-01
  4.2343503e-03
  3.9448655e-01
 -8.8087732e-01
 -2.8002015e-01
  1.6965264e-01
  1.6455403e-02
 -7.0435122e-02
  1.4051661e-01
 -1.8084987e+00
 -9.3717620e-02
 -9.1583738e-03
  2.9995620e-01
 -2.5982359e-01
 -3.2717618e-01
  4.1125274e+00
 -2.8855047e-01
 -8.3820000e-02
  8.8563614e-02
  7.8155810e-04
  5.1971775e-01
  3.9515629e-02
  7.3321350e-02
 -2.0716863e-03
 -4.8994929e-02
  1.5670005e-02
  5.1676787e-02
 -8.7078281e-02
 -4.6512619e-02
 -1.7275041e-02
  1.5195706e-01
 -1.6959904e-01
  4.9160209e-02
  1.4111836e-01
  2.1166591e-01
  1.0903296e-01
 -9.6051604e-02
  5.1847488e-02
  4.9902577e-02
  6.2958747e-02
 -5.3919673e-02
 -1.0902847e-01
 -5.4863316e-01
 -8.8156128e-01
 -4.1319977e-02
  5.2365959e-02
  1.4946829e+00
 -3.1242484e-01
 -4.0721359e+00
  2.0020872e-01
 -1.5355755e-01
  5.6514654e-02
 -1.4849444e-01
  5.1605535e-01
  1.2987399e-01
  1.3521686e+00
  3.1295322e-02
 -2.6472786e-02
  5.7726301e-02
  9.7094066e-02
 -4.5539159e-01
  1.3763404e-01
  1.1223958e-01
 -2.4685485e+00
 -1.1068246e-01
 -1.1897429e-01
  3.9388645e-02
 -3.0789196e+00
 -4.0272312e+00
  7.3703008e+00
 -5.9277976e-01
 -2.6932423e+00
  2.0269809e+00
 -5.2749748e+00
  4.7729568e+00
  3.7819663e-01
 -1.7464894e+00
 -1.8668854e+00
 -9.4991833e-02
 -4.0379124e+00
 -2.8372395e-01
 -1.6833305e-01
  1.3097867e-01
  2.9296145e-01
 -2.3181248e+00
  1.1398625e-01
  6.9620558e-03
 -1.7074856e-01
 -1.1464789e+00
 -1.8801780e-01
 -2.1214303e-01
  2.0279986e-01
  4.7398672e+00
  1.0832942e-02
 -2.3705173e+00
  2.5113740e+00
 -2.2944379e-01
  2.1742606e+00
  2.8746445e+00
  5.3260107e+00
  3.5374362e+00
  1.4171534e+00
 -3.5093820e-01
 -6.0613298e-01
  4.2360771e-01
  1.1120859e+00
  5.5363989e-01
  5.7679319e-01
 -2.2823801e-03
  1.0756568e+00
  2.9406658e-01
 -8.5687727e-01
 -2.2270780e+00
 -4.5618020e-02
 -7.2383070e-01
  1.1514916e-01
  5.4043865e-01
 -1.4718117e-01
 -2.5064600e-01
  1.5860472e+00
 -2.4548798e+00
  2.8810787e-01
  2.1977949e+00
 -1.6352363e+00
  3.9191657e-01
  3.6442432e+00
  4.8738389e+00
 -2.0313389e+00
 -4.6897058e+00
 -4.6167970e-01
 -3.2059636e+00
  3.6790469e-01
 -1.8894456e-02
  1.7466265e+00
 -2.2644334e+00
 -7.7001743e-02
 -1.4983253e-01
 -2.2948124e-01
  1.6525372e+00
 -1.4527837e+00
 -1.2501328e+00
 -9.9895768e-02
 -2.7945843e+00
 -3.6965874e-01
 -1.3187987e+00
 -1.5946063e+00
 -2.9424696e+00
  6.5225095e-02
  4.5992737e+00
  9.4757175e-01
 -1.0364992e-01
  4.2030144e-01
  1.7684239e-01
  2.0165631e-01
 -1.6259384e+00
  2.1327600e+00
  1.5958604e+00
 -7.1616023e-04
  2.0782323e+00
 -9.2638034e-01
 -3.2231566e-01
 -1.9727197e-01
  2.2095640e+00
 -3.4610519e-01
 -2.1966136e-01
 -1.9171700e+00
  2.0010619e-01
  2.3860116e+00
  1.5259290e-01
  8.7604868e-01
 -1.8623506e+00
 -5.6290603e-01
 -2.4093046e+00
 -1.5097215e+00
  6.7622852e-01
 -9.8337191e-01
  1.5204531e+00
  6.4276612e-01
  1.1203233e-04
  4.1942495e-01
  2.2681411e-01
 -3.4569380e+00
 -2.2682788e+00
  2.1142282e+00
 -3.8569957e-01
 -4.2092028e+00
 -1.0571322e+00
 -3.1046159e+00
  5.2534995e+00
 -4.8072875e-02
  1.0779369e+00
 -1.9006866e+00
 -3.2184086e+00
  5.1613588e+00
  1.0700550e+00
 -1.6294041e+00
  3.7894897e+00
  3.6241992e+00
  9.7641513e-02
  1.0508291e+00
  6.8268180e-01
 -3.2243337e-02
 -1.9978957e-01
 -1.7306904e+00
 -1.1708548e+00
  6.2160319e-01
  2.1771345e-01
  6.6194907e-02
 -2.2283410e-01
  6.0321283e-01
 -1.6004683e-02
  2.9082608e-01
 -3.5651940e-01
  5.3574719e+00
  1.8943948e+00
  3.7847114e-01
 -4.1529623e-01
 -9.6408844e-02
  1.9150715e-01
 -3.7943244e-02
 -1.0630683e-01
 -3.5822029e+00
 -9.3416220e-01
 -3.4148741e+00
  8.0047566e-01
  3.1728425e+00
  1.3599132e-02
  6.5634146e+00
  1.4954183e+00
  1.2580788e-01
 -3.3777201e-01
 -2.2099845e-01
  4.7153215e+00
  2.1549389e+00
  3.8364978e+00
  8.6038582e-02
  2.9519904e+00
 -7.0249468e-01
 -2.4668528e-01
  1.9747797e-01
  4.1305966e+00
 -1.3976071e+00
 -7.7346683e-02
 -4.7594413e-01
 -6.5737122e-01
 -1.8909695e+00
  4.3398676e+00
 -1.7077181e-01
  1.6925755e+00
 -2.0842911e-01
 -5.3804603e+00
 -2.2562866e+00
  1.7821460e+00
  2.1195359e+00
  9.2038876e-01
 -1.1375970e-01
  5.8730090e-01
  1.1168818e-01
 -6.2959746e-02
  5.6368493e-02
  3.5638782e-01
 -6.3374829e-01
 -1.4402646e-01
  2.6022631e-01
  1.2362758e-02
 -1.3221426e-02
  2.5674475e-02
 -1.4908440e-02
  9.1146637e-04
  1.9438809e-01
 -3.9560433e-02
 -1.4200388e-01
 -1.6457342e-01
  2.3840420e-02
 -1.0692973e-02
  2.4281029e-02
  1.0886942e+00
  1.8530003e+00
  1.4145146e-01
  3.6911331e-02
 -3.1597644e-02
  7.6213494e-02
 -2.5562125e-01
 -3.6344904e-01
 -1.5125754e-01
  2.7129233e-01
  4.1998032e-01
 -1.8960774e-01
 -3.1417534e-01
  7.5614005e-03
 -1.2312565e+00
  1.6260868e-01
  6.0190290e-01
  1.3339110e-01
  2.4696030e-02
 -9.2320554e-02
  6.6587143e-02
  4.7933426e-02
 -2.4770664e-01
 -4.2463500e-02
  5.5374507e-02
  1.0612681e+00
 -1.1273376e-01
  2.7087688e-01
 -7.2650284e-01
  6.5718934e-02
 -2.9148285e+00
 -2.2416551e-01
  1.4475312e-02
 -2.3775591e-01
  2.2696023e-01
 -4.5686092e-02
 -3.2336440e+00
 -5.1288065e-02
  2.4706282e-02
 -1.7671056e-02
  9.2786796e-02
 -2.6963801e+00
  3.2462981e-02
 -9.2666142e-02
  7.7278733e-01
 -2.5886899e-01
  4.4843686e-01
  8.6606079e-01
  1.6990004e-01
  1.9114989e+00
 -1.2404478e+00
 -1.6917335e+00
 -2.1308782e+00
  1.6936177e+00
  9.7624445e-01
 -5.1087201e-01
  3.4849890e-02
 -4.0394530e-02
 -2.8002861e-01
  3.6371525e-02
  2.0312538e+00
  7.5687483e-02
 -1.2584020e-01
  1.4792196e-02
  3.6535132e-01
 -1.8797792e-01
  8.2535945e-02
  1.2901588e-01
  6.4680362e-01
 -3.6704912e+00
  4.1283775e-02
  3.5796958e-01
  3.4352690e-02
 -9.3714106e-01
 -7.2731161e-01
 -2.8575558e-02
  3.3282998e-01
  1.1759294e+00
  1.6033940e-02
 -2.2946796e+00
  1.9506085e+00
  1.2900062e-01
 -4.6547070e-01
 -8.2353828e-03
 -9.8416701e-02
  3.1569679e+00
 -9.9943578e-02
  3.4536366e+00
  4.4228920e-01
  1.6168125e-01
 -1.4805610e-01
  1.3150781e-01
 -1.7115606e+00
  1.5398073e-01
  5.5644116e+00
 -9.4461039e-02
 -7.4261494e-02
  2.3336801e-01
  3.5182035e-01
 -9.2953250e-02
 -5.9495836e-01
  8.6638600e-01
 -8.3646095e-01
  2.2015624e-01
  1.8729683e+00
 -2.5732231e-01
 -6.3421048e-02
 -1.0932574e+00
  5.5549305e-02
 -6.6933864e-01
 -1.8877779e-01
 -2.4022415e-01
 -4.2436656e-02
  1.6664860e+00
 -6.4858466e-01
  4.9997768e-01
 -3.8554803e-01
 -2.6045969e-01
  1.0671912e+00
 -5.0596565e-01
 -2.9617174e+00
 -7.7610117e-01
 -6.2907618e-01
 -3.6419645e-01
 -3.9298892e-01
  8.3309390e-02
 -6.4338058e-02
 -3.2982163e-02
 -3.3445999e-01
  1.4434025e+00
 -1.4748968e-01
 -1.3261813e-01
 -4.6124995e-02
 -1.0421117e-02
  3.4685709e-02
  1.7146681e-02
 -7.0641004e-04
 -2.8328106e-01
  1.4453475e+00
 -2.6871560e+00
  3.1904164e-01
 -1.4693372e+00
  1.2822652e-01
  8.2151011e-02
 -1.3426778e-01
  7.9432651e-03
 -1.0839036e-02
  6.7363930e-01
  2.7614527e+00
 -9.5786244e-01
 -6.4397347e-01
  2.5929168e-01
  2.6266062e-01
  2.4594522e-01
  5.3408259e-01
  2.5805237e+00
  1.8962991e-01
 -2.4343650e+00
 -3.2086366e-01
 -2.0707192e+00
 -1.0573603e+00
 -1.4036078e+00
  2.0840339e-01
 -2.7596578e-01
  1.6682225e+00
  2.2927415e+00
 -1.7937867e-01
 -8.3947968e-01
  1.2670361e-01
  5.0723143e-02
  7.7370065e-01
 -1.7316111e+00
  1.3710834e+00
  4.9675338e-02
 -3.6355884e+00
  4.3094224e-01
 -7.6890343e-01
  1.3655294e+00
 -9.8867130e-01
  2.3470953e+00
  3.6281668e-02
 -1.5985204e+00
 -3.2986382e-03
 -7.1451932e-02
 -1.8930450e-01
 -1.9801013e-01
 -7.0100695e-02
  1.7997135e-01
  1.2499461e-01
  4.9401035e+00
 -8.8254234e-04
  4.0697910e-02
 -3.1304404e-02
 -1.1599314e+00
 -4.2130776e-02
  9.1434844e-02
 -8.7830424e-02
 -2.1287408e-01
  2.8110582e-02
  4.1365750e-02
  4.0553266e-01
  5.5225329e-03
 -1.3423936e-01
 -1.0790032e-01
  1.7550410e-01
 -1.0349669e-01
  1.5895417e-02
  1.5207866e-01
 -4.5381632e-01
  1.6325195e-01
  9.2483841e-02
  1.2336294e-01
 -1.8469913e-01
 -1.9409554e-02
  1.1779318e-01
 -2.4859851e-02
  6.0834050e+00
  1.9925682e-01
  8.3525240e-02
  3.0523390e-01
 -2.1475856e-01
  2.1183262e+00
  1.7349776e+00
  1.1896803e+00
 -5.4824196e-02
 -9.7262990e-03
  5.3845521e-02
 -6.5217182e-02
 -5.8888698e-01
  7.0033103e-02
  2.1418659e-02
 -1.6671576e-02
  6.2968008e-02
  7.5250126e-02
 -1.0000808e+00
 -1.0299507e+00
  1.2427501e-01
 -6.6768840e-02
  4.1195024e-02
  7.3082596e-01
 -1.0334675e-01
 -3.3978143e-01
 -6.4397320e-02
 -4.0087147e+00
  1.0975783e-01
  1.0389480e-03
 -3.0839252e-01
  1.5861601e-01
 -6.6233866e-02
  9.7447075e-02
 -4.7045243e-01
  2.1239252e+00
 -1.1114408e+00
  9.1192621e-01
 -2.9470842e+00
  1.9636998e-01
 -2.1983905e+00
 -4.9348063e+00
 -1.8021712e+00
 -3.1127820e+00
 -6.7674863e-01
  4.1250384e-01
 -3.7316115e+00
 -2.5078499e+00
 -2.4081953e+00
  1.8987912e-01
 -1.3830103e+00
  1.8900099e+00
 -7.5157511e-01
 -5.9156771e+00
  1.3646382e-01
 -1.4195385e+00
  3.0086991e-01
 -3.7117338e-01
 -2.5943356e+00
  9.7500706e-01
  1.4264328e+00
  2.8864288e-01
 -2.2794585e-01
  1.7586155e+00
  3.3420928e+00
 -7.0638978e-01
 -2.3201077e+00
 -2.0275137e-01
 -3.2339834e-02
  7.9779560e-03
  9.8510528e-01
  2.8672132e+00
  5.2823114e+00
 -1.4321348e-02
 -3.9192696e+00
 -1.9276397e+00
  9.3356960e-02
  1.6555591e-01
 -3.1314872e-02
 -2.6491413e-01
 -2.4466604e-01
  6.7863345e-01
  1.7211586e+00
 -1.5545216e-01
 -1.7507477e-02
 -5.6883991e-01
 -5.2099954e-02
  7.5710580e-02
 -2.0301177e-01
 -6.5175198e-02
 -3.5462365e-02
  4.6205547e-02
 -6.1797637e-01
  3.2591879e-01
 -5.1754661e-02
 -2.6679236e-01
  5.1324740e-02
  5.7037774e-02
  9.0091743e-02
 -1.4938778e-01
 -8.4244329e-03
 -1.6361611e-01
 -1.1146564e+00
  2.7839406e-03
  9.6480198e-02
  5.2962839e-03
 -1.0491831e-01
 -4.9790699e-02
  3.2754523e-01
  6.5205950e-01
 -4.0099639e-02
 -1.8578956e-02
 -2.1407085e-02
 -9.1067906e-03
 -5.6652673e-02
 -3.7151095e-02
 -4.2314515e-02
 -1.3005629e-01
 -7.4710447e-01
  9.8617949e-02
  1.9055927e-02
  9.2667788e-03
  1.2586735e-01
  5.6629241e-02
  2.1623380e+00
  2.7620801e-01
 -4.9246114e-01
 -1.0606154e-01
 -1.5524463e-01
 -2.6954255e-01
  1.6557896e+00
 -7.3595745e-03
 -3.5474098e-01
 -2.8694934e-01
 -8.6324429e-03
 -6.5261431e-02
 -4.8244717e-03
 -3.8790145e+00
 -7.3626363e-01
 -4.0913105e+00
  3.1183448e+00
  2.6015682e+00
  8.5625094e-01
  3.2160993e+00
 -1.1399063e-01
  5.3739464e-01
  9.1779761e-02
  1.7724621e+00
  4.1713569e-02
  2.8250318e+00
  2.5448368e+00
  2.2457938e-01
 -2.7347648e+00
 -2.5400839e+00
  7.7794299e-02
 -3.6002882e+00
 -8.6598277e-01
  4.9441296e-01
 -3.9081061e+00
 -1.6030053e+00
 -1.4670129e+00
  3.4606922e-01
  1.7562642e+00
  5.0283808e-01
 -3.2997360e+00
 -1.0786516e-02
 -6.5446846e-02
 -1.0216229e+00
  2.8820121e+00
  2.6240518e+00
 -3.1803522e-01
 -1.4385772e-01
  1.5106507e-01
 -5.6509823e-01
  9.4647884e-01
  2.9730597e-03
 -1.6007619e-01
 -3.3697655e+00
  1.5456900e-01
 -8.3493255e-03
  1.4890319e-01
 -2.4889478e-01
 -9.5557585e-02
  2.9803392e-01
  1.5487354e-01
  1.9584222e-01
  2.4624779e+00
 -1.2378390e+00
 -2.4203254e-01
  3.5244875e-02
  3.0502540e-01
  2.5859955e-01
  7.4643478e+00
  4.2318504e-02
 -2.5398054e+00
 -1.5753005e-01
 -7.1784496e-01
 -4.4697445e-02
  1.0288603e-01
 -1.9095401e-01
  9.9712335e-02
  2.8433821e-01
  4.2582867e-01
  4.4521719e-02
  7.8531218e-01
  8.4624588e-02
  1.5323014e+00
  5.8555454e-01
  1.3529574e-02
  3.4585755e+00
  1.2091711e-01
  4.6946139e+00
  3.0219677e-01
  9.8059946e-01
 -1.3136026e+00
  2.3111672e+00
  8.0091648e-02
  1.3257742e+00
  4.2075697e-02
 -2.2187230e-01
  1.9322171e+00
 -3.8638365e-02
  3.6505041e-01
  1.0726643e-01
 -9.5984113e-01
 -1.6552889e-01
  1.0224782e-01
  3.8467520e-01
  2.3117653e-01
 -7.2705157e-02
  1.1993515e-01
 -2.0648581e-01
  7.6319329e-02
 -1.3966116e-01
  1.4771982e-01
 -2.2463426e-02
  1.3992649e+00
 -1.8646921e-01
  8.8855487e-01
  4.0058192e-02
 -5.9765529e-02
 -2.5139514e-02
 -1.7533942e-01
  2.2176697e+00
 -1.2785672e-01
 -1.8661156e-01
 -3.2422388e-01
 -1.0237604e+00
  2.1219940e-01
  2.5565198e-02
 -8.0619574e-02
 -1.3014560e+00
 -3.2141709e-03
  6.4992597e-03
  4.8848847e-01
 -1.9851062e+00
 -2.1098845e-02
  2.5001213e-01
  1.8490562e-01
 -1.0653007e-01
  3.5779564e+00
  2.1631036e-02
  3.9066941e-02
  1.1353823e-01
  8.7695986e-02
 -2.5990555e-01
  5.4285042e-03
 -1.5883456e-01
  9.7115654e-01
  1.2783504e+00
  2.8817773e-01
 -7.2368937e+00
  3.0423722e-01
  7.6464541e-02
  2.2062397e-01
 -6.4518160e-01
  2.0355256e+00
 -3.7064414e-02
 -1.2733446e-01
  1.2762141e-01
 -3.2670557e-02
  2.9587960e-02
 -2.4683531e-01
 -9.0980417e-01
 -5.2215111e-01
 -2.0490950e-01
 -4.5837253e-02
  7.1529585e-01
 -5.6014936e-02
  2.0459552e+00
  2.5232184e-01
  3.0962224e+00
 -3.4580294e-02
  2.9721816e+00
 -2.6597550e+00
  1.5325522e-01
  1.5431639e+00
  2.0483442e-01
  1.7355044e+00
 -2.4160371e+00
 -2.9742092e-01
  1.6933700e+00
  1.4817246e+00
  1.7980977e+00
  8.4112382e-01
 -3.3009739e+00
  1.5301603e-01
 -1.7870883e+00
 -1.5596426e+00
 -2.6489894e+00
  2.8093581e+00
 -1.8665508e+00
  1.1820592e+00
 -4.3606005e+00
  2.1447668e+00
 -4.2119589e+00
 -3.1829436e+00
  2.4811265e+00
 -2.6559985e+00
  2.8337009e+00
 -1.9965765e+00
  1.3385390e+00
 -2.2295046e-01
  6.3940108e-02
  2.4436829e+00
  2.4657071e+00
 -2.5623226e+00
 -6.2644583e-01
 -1.5831305e+00
  2.0935760e+00
 -1.9759141e+00
  7.6621652e-01
  1.3412559e+00
  1.6568577e+00
 -3.8200665e-01
 -3.2868113e-02
 -1.9343476e+00
  2.4739399e+00
 -4.2280400e-01
  4.9788862e-01
 -1.9843200e+00
  6.9383413e-01
  1.5279295e+00
 -3.0620021e-01
  1.1133868e+00
 -2.6052604e+00
 -2.4829214e+00
 -1.0278575e+00
 -2.3936470e+00
  2.1091793e+00
 -2.6029069e+00
 -2.5597389e+00
  1.8135103e+00
 -6.9141850e-02
  8.9900166e-01
 -2.1847427e+00
 -5.6840191e+00
 -1.4090185e+00
 -2.8141725e+00
 -2.6908004e+00
 -9.4494984e-02
  2.0945022e+00
  1.0582604e+00
  2.3884959e+00
 -2.6316553e-01
 -5.3028908e+00
 -7.4230963e-01
  1.1071702e+00
  5.7683921e-01
 -5.5749220e-01
 -3.4691238e-01
  1.5853751e+00
  6.2375929e-02
  5.6312102e-01
  4.9784982e-01
 -8.1388766e-01
  7.3971713e-01
 -2.2062337e-01
  1.2985682e+00
  3.0052879e+00
  6.0811436e-01
 -1.3747779e+00
 -5.0509936e-01
 -2.4327652e+00
 -1.2961763e+00
  2.9296598e+00
 -8.4974891e-01
 -2.8921285e-01
 -3.7190099e+00
 -4.5434351e+00
  2.8963675e+00
 -4.3072820e+00
  8.8856232e-01
 -3.6730225e+00
  9.4340849e-01
 -1.3557769e+00
 -3.0701263e+00
  1.2160666e+00
  3.3067301e-01
  4.0227790e+00
  7.1178877e-01
  1.5459163e+00
 -3.4519005e+00
 -2.1507940e+00
  6.6210920e-01
  6.1187859e+00
 -7.6792431e-01
 -4.0689042e-01
  2.9421570e+00
  2.7817135e+00
 -3.6866481e+00
  1.6553973e+00
 -2.9655750e+00
  1.1326592e+00
 -4.0994868e+00
  3.5901291e+00
  6.4050740e-01
 -1.2842515e+00
  5.2786903e+00
 -1.7542452e+00
  1.0992299e+00
 -1.3457023e+00
  3.4198167e+00
  6.8851268e-01
 -7.2473776e-01
 -8.4668750e-01
  4.3029118e+00
  1.8344529e+00
 -4.0200180e-01
 -1.7283963e+00
  6.9867535e+00
  2.1422398e+00
 -7.0748844e+00
  2.1417632e+00
  1.4934336e+00
  5.1497836e+00
  1.4489251e+00
 -4.3333769e+00
 -2.0371358e-01
  1.0441161e+00
  6.0764003e+00
  4.1618288e-01
  1.0370812e+00
  2.2097116e+00
 -1.4617957e+00
  7.5075808e+00
  4.5710187e+00
 -3.9756328e-01
  4.4084129e+00
 -1.9075594e+00
  2.1939826e+00
  6.5587811e+00
 -1.2268807e+00
  1.7518221e-01
 -3.5160856e+00
  1.5927813e+00
  9.7509546e+00
  4.5574226e+00
  2.2763138e+00
  1.7520493e+00
 -4.6514332e-01
 -4.1975269e+00
 -1.1772389e+00
 -5.4522471e+00
  7.4634433e-02
  5.3691525e+00
 -8.2943821e-01
 -4.8931259e-01
 -2.1684303e+00
 -7.3584285e+00
  9.1234243e-01
 -6.7833769e-01
  1.3731681e+00
  2.6300028e-01
 -1.3997317e-02
 -8.4096694e-01
  1.2774593e+00
  1.6713345e+00
  8.9542735e-01
 -2.2178593e+00
 -3.4788567e-01
  5.1397926e-01
  9.8465842e-01
  2.9298947e+00
 -2.5039234e+00
 -6.4320803e+00
  6.4872831e-01
  1.9219728e-01
  2.3805003e+00
 -4.1857775e-02
 -1.2820718e-01
  6.9461623e-03
 -1.3325794e+00
 -3.3469942e-01
  2.0981674e+00
  2.9914534e-01
 -4.1162062e-02
  8.0046111e-01
  5.2250683e-02
 -2.9254723e+00
 -2.3933873e-02
 -1.5785448e-01
  1.8559282e-01
  3.7415314e-01
  8.9981481e-02
 -6.6636033e-02
  7.2629140e-03
 -6.0638952e-01
  1.4581105e+00
 -1.1435264e-01
  2.4089943e-01
  8.0415435e-02
  1.1250852e-01
 -9.5668930e-01
 -7.2206371e-02
  5.7718232e-03
  2.5273619e-02
 -4.3381730e-01
  1.7069627e-01
  1.8290931e-01
  1.5202277e+00
  3.3687177e+00
 -1.6178603e-01
  2.8641542e-02
 -7.1667798e-02
  1.3104209e-01
 -9.8228224e-02
 -2.0499075e-02
 -4.5963679e-02
  3.0446130e-01
  7.6516069e-02
  2.8637913e-01
 -2.5337996e-02
  1.4420645e-01
 -1.6149553e+00
  6.7175806e-02
 -3.1641784e+00
  2.3732920e-01
 -1.1624464e-01
 -8.5525686e-01
 -2.1658218e+00
  6.3239217e-02
  5.0406651e+00
  1.6949241e+00
  4.8183622e+00
 -8.7784886e-01
  7.0352826e+00
  2.0334637e+00
  1.5692817e+00
  4.8537371e-01
  6.8852559e-02
  4.0273950e-01
  7.3289506e-02
  4.3339697e-01
  6.3844687e-01
  5.6555402e-02
  1.3285062e-01
 -4.6808779e-01
 -1.3786889e+00
  1.1068153e-01
  3.2722130e-02
  2.4893811e-01
  4.4849861e-02
 -5.8479995e-01
 -1.4535460e+00
 -4.0591916e-01
  4.5415372e-01
 -4.4190941e+00
  1.6660240e-01
 -1.7694688e+00
  8.4489059e-01
  1.5294690e+00
 -3.6551231e-01
 -7.8409934e-01
 -1.8608546e+00
  1.4446640e-01
 -1.9149488e-01
 -1.3215098e-01
  3.7393484e-01
  8.7723285e-02
 -1.2164219e-01
  3.0291173e-01
 -1.8449324e-01
 -1.3152054e-02
  1.5028200e-01
 -2.6912475e-01
 -1.8021326e-01
 -1.6072696e-02
  2.0295272e+00
  6.8243332e-02
  1.1395269e-01
  1.6420373e-01
  2.4318904e-02
  2.9325822e-01
  2.9416602e+00
  1.6576041e-01
 -1.6370848e+00
  9.6171454e-02
  1.4760649e-01
 -2.1300988e+00
  1.6710865e-01
 -2.9599056e-01
 -1.0042317e-01
  4.9451998e-01
  1.6400254e-01
  2.8237095e-02
  2.4291208e-01
  4.7346953e-02
 -3.7286416e-01
  2.5051990e-01
  2.9196367e+00
  2.4533258e-01
  3.1937260e-02
  1.8153949e-01
 -6.0272671e-02
  1.1684203e-01
  2.0882383e-01
  1.3895796e-01
 -8.8043381e-03
  1.1338050e-01
  1.6377318e-01
 -9.4957268e-01
  2.0040581e+00
  2.7109382e-01
  1.5051019e-01
  7.5840317e-02
  7.0365673e-01
  2.4928626e-02
  3.4891807e-02
  1.7136215e-01
  1.5096687e-01
  1.4874632e-02
 -1.5519899e-02
 -7.8557616e-01
 -2.5685811e-01
  4.5245175e+00
 -5.9443031e-02
 -8.8582814e-02
 -8.0619693e-01
 -2.1948864e-01
  9.3777947e-02
  1.6759258e-02
  3.4630228e-02
 -1.0140117e-02
  1.2416840e-01
 -3.9651856e-02
  3.4919135e-02
 -2.3538786e-01
  1.3746801e-01
  2.0186765e+00
 -2.4014254e-01
  1.4292346e-01
 -1.3250735e-01
  6.4311206e-01
 -2.4263637e+00
  8.2828905e-03
 -8.9898491e-01
  1.4085965e-01
  1.6647015e-02
 -2.4324226e-01
 -5.0078636e-01
  1.3854904e-01
  1.0688771e+00
 -2.5140232e-01
 -3.2814164e-02
  1.7086076e-02
 -4.1443210e+00
 -7.1812258e-03
 -1.6907282e+00
 -8.9624745e-01
 -6.1980054e-02
 -7.7599296e-03
 -4.7830838e-01
  1.5242071e-01
 -1.3231779e+00
 -4.5572750e-02
  1.3554357e+00
  1.0941727e-01
  8.8337846e-02
 -4.6650685e-02
 -5.8094941e-02
 -1.3870245e-01
 -1.4058982e-01
  7.6849468e-02
 -7.5874623e-04
  6.2372133e-02
 -6.7611128e-02
  1.4997064e-01
 -6.8022090e-04
  1.5370591e-01
 -7.9752570e-01
 -3.3394101e-03
  1.3516444e-02
 -3.2238269e-01
 -3.9687393e+00
  1.5994380e+00
 -3.7784494e-02
  1.1446237e-02
  1.8209298e-01
  3.2166576e-01
 -1.0097749e-01
 -2.4141411e-01
 -7.3852682e-01
 -8.5030723e-01
 -2.4492841e-02
  9.2827731e-01
  3.7742527e+00
 -2.6843350e-02
 -8.2797378e-02
  3.6805817e-01
 -1.6579270e+00
 -1.1294549e-02
  9.3123771e-02
 -2.6692998e-02
  5.3180116e-03
  3.4139684e-01
 -8.9595723e-01
 -1.0924236e-01
 -1.0816773e+00
  1.2845081e-01
  9.5143341e-02
 -3.7248727e-02
 -1.0555459e+00
  1.3691816e-01
  6.8382613e-02
 -2.0897092e-01
 -1.6067809e-01
 -8.3723873e-02
 -4.3214854e-02
 -6.6181958e-02
 -4.3184263e-01
  8.7699434e-03
 -2.7777904e-01
  1.0549937e-01
 -1.2084726e-02
 -4.0521309e-02
 -5.6060320e-01
 -1.3916937e-01
  2.2204330e-02
 -6.1076701e-02
 -2.3343943e-01
 -1.5763314e-01
  1.6984747e-01
 -4.8697229e-02
  1.2588389e-02
  1.1638494e+00
 -8.0960855e-02
  3.9012012e+00
  9.5190689e-02
  1.9835384e-01
 -1.0324360e-01
  1.5855584e-01
  9.8785031e-01
  5.9948724e-02
  3.5825592e-02
 -1.9113359e-01
  3.8374383e-02
  2.0175186e-01
 -1.3107665e+00
  3.4536254e-02
 -1.8923328e+00
  1.5113230e-01
  1.4291517e-01
 -1.0956311e-01
 -1.8986050e-02
  5.8161263e+00
 -3.2690567e-01
 -5.7635713e-02
 -1.9306421e-01
 -9.1533169e-02
 -4.1310299e-02
  3.6348319e-01
 -5.3601384e-02
 -1.1692218e-01
  3.9797844e-03
 -1.5266995e-02
 -1.2980796e-02
  2.6250911e+00
 -1.1236544e+00
 -4.1928306e-02
 -1.6684642e-01
  9.8217212e-02
  3.2046091e-02
  9.6872702e-02
 -1.1835305e-01
  7.1920659e-03
 -3.2730628e-02
 -1.7152851e-02
  1.6706609e+00
 -3.4388728e-02
 -1.1063426e-01
 -7.4463747e-03
  1.7692970e-01
  2.4205798e-01
 -1.0471524e-01
 -2.9507518e-01
  4.3746489e-01
  2.3479256e-01
 -3.2854156e+00
  3.4757683e-01
  3.6130419e-01
  2.1919908e-02
 -4.5666413e+00
  3.0118113e+00
 -1.3087529e-01
  1.2036486e-01
 -1.0689277e-01
  3.2703215e-01
  2.2412363e-01
 -3.4899535e+00
 -2.6191002e-01
  4.3402914e-02
  1.1032236e+00
 -6.6027468e-01
 -3.3552926e-03
  1.5974064e+00
 -2.5270820e-01
  1.4077187e-01
  4.7957067e+00
  1.8808130e+00
  1.7958699e+00
  1.3144825e-01
 -1.0946556e+00
  6.5902760e-03
  1.0376303e-01
  2.4130514e-01
  2.1352525e+00
  1.5209134e-01
  3.0526407e-02
 -6.9681948e-01
 -2.1208070e-01
  1.4879022e+00
  3.9065018e+00
  1.2063322e-02
 -2.7429426e-02
  6.6977024e-02
 -9.4110191e-02
 -9.0865123e-01
 -5.6978092e-02
 -2.6436010e-01
  2.0394745e-01
  4.3166423e-01
 -9.8927710e-03
  8.8920631e-02
 -2.8508265e-02
  4.4300083e-02
  6.3527506e-03
  7.2458573e-02
 -4.1911164e-01
 -5.1256094e-02
 -2.9742809e-03
  3.9467756e-02
 -1.1802900e-01
 -8.9974269e-02
 -1.8263340e-01
  9.5890306e-02
 -1.1022373e-01
 -3.4463879e-02
  1.1991693e-02
  1.2449534e-01
  2.0144546e-01
 -5.3194817e-02
 -5.7240192e-02
  1.7834192e-02
 -7.4491300e-02
  2.0993246e-01
  7.9129949e-02
 -4.3913607e-02
 -2.0708640e+00
  8.5382402e-01
  2.9236954e-02
  1.0450816e-01
 -2.0146072e-01
 -1.5792884e+00
 -7.6849627e-01
 -1.5991266e+00
  1.8266687e-02
  1.6698076e-01
  3.7119511e-01
 -2.4064900e-02
  1.0125001e-01
 -8.1746913e-02
 -8.0609232e-02
  3.4026447e-01
 -1.4949816e-01
 -1.2044457e-02
 -8.7779984e-02
  6.1865427e-02
  4.5672977e-01
  1.5083535e-01
  1.1446597e-02
  4.8855539e-02
 -3.9096168e-01
  1.4941736e-01
  6.5812744e-02
 -7.1576104e-02
  1.0796566e-01
  1.5909128e-01
 -2.6607678e+00
  3.2103464e-02
 -1.4588493e-01
  8.9709871e-02
 -2.0479074e-01
  1.9635297e+00
  8.0090976e-01
  3.6182714e-01
  2.8869781e-01
  7.2551399e-02
  3.1648174e-02
  3.4146182e-02
  3.7206164e-01
 -2.4596527e-01
  2.5141945e-01
 -1.7425555e-01
 -8.6473182e-02
 -3.4270633e-02
  1.8814759e-01
  1.3926430e-01
  1.1152418e+00
 -2.0635034e-01
  5.8747059e-01
  1.9147129e-01
 -4.8464492e-01
  1.2433754e+00
  4.3297714e-01
  1.3237643e+00
  7.8391112e-02
  1.2987448e+00
  2.6699090e-01
  1.7818493e-01
  2.9168396e+00
 -3.8507409e-02
 -1.1211773e-01
 -2.0953741e-02
  1.4389259e-02
 -2.8603798e-01
  1.0552412e-01
  2.7428743e-01
 -5.2703470e-02
  6.4114667e-02
  3.3805111e-01
  6.0774788e-02
 -1.8842879e-01
  5.7617098e-01
 -3.3820409e-01
  1.9662348e+00
  6.7364432e-02
  6.5859383e-01
 -7.8271270e-02
 -7.5822644e-02
 -3.1882595e-02
 -1.5925655e-01
  1.9706433e+00
  2.0736001e-01
 -2.3329601e-01
 -2.0533901e-01
 -9.8993488e-02
 -1.5655552e+00
  5.9430385e+00
  8.6622879e-02
 -1.5761214e-01
 -1.8143387e-01
 -2.0535829e-02
  5.6299295e-02
  1.0428212e+00
 -2.5195974e-01
  2.7249169e-02
  4.0095156e-01
  1.2043555e-01
 -6.2441552e-01
  1.7930917e+00
  2.6486726e-02
  1.8528749e-01
  1.9852817e-01
  2.6331515e+00
 -7.7355042e-02
  2.5164580e-02
  5.0311457e-02
  7.1354307e-02
 -2.5995126e-01
 -6.1028596e-02
  2.1652450e-01
 -9.8804064e-02
 -3.1575865e-01
 -1.8184879e-01
 -3.8129138e-03
  2.5821465e-01
  1.7604950e-01
  2.3457609e-01
  1.4167014e-01
  1.1194682e-03
  3.2786772e-01
 -2.2195093e-01
 -1.1618470e-01
  5.7945151e-02
  5.3892606e-01
 -2.0563032e-02
 -3.3290990e-02
  9.7108074e-02
  2.8011215e+00
  8.7634170e-01
  2.5097642e+00
  2.9941592e+00
  3.4616932e-01
  1.1475808e-01
  2.8438282e+00
 -1.2395754e+00
  1.6682256e+00
  3.4003712e-02
  7.4225659e-03
 -7.2872728e-02
  2.6647267e-01
  1.3447919e-01
  9.9007353e-02
 -8.6901568e-02
  1.1238300e-01
 -6.8381503e-03
  3.8794408e+00
  8.2218879e-01
 -1.0796210e-01
 -1.3931602e-01
  1.2405773e-01
 -5.0703847e-01
 -2.7192814e+00
 -1.5556705e+00
 -1.6563767e-01
 -4.9949378e-02
 -3.5132363e-01
  2.7113304e-01
 -9.4558293e-01
  5.2514788e-02
 -3.8363814e+00
  4.7012486e+00
  8.7607382e-03
 -1.0806426e+00
  2.0152324e-01
  2.7754581e+00
 -9.6458353e-02
  8.1388451e-02
 -1.5273456e-02
 -1.6608924e-01
 -1.0936172e-01
  1.8962723e-01
  1.8462738e-01
  3.6181930e-01
  5.1738694e-02
  2.3222572e-01
  1.5710114e-01
  1.7802629e-01
  1.1517638e-02
 -1.6219647e-01
  1.0408636e-02
 -4.3521214e-02
 -1.0867078e-01
 -1.1899976e-01
 -3.3384558e-02
 -1.9890614e-01
 -1.1290719e-01
 -1.7530449e-01
  2.7537281e-02
 -2.0644771e-01
  2.0167332e+00
 -4.2712286e-01
 -6.5817451e-01
 -3.6058959e-01
 -1.5846409e-01
  2.4924774e-02
 -1.0551593e-01
 -2.6664679e+00
  2.9382149e-02
  1.1494102e+00
 -3.0729375e-03
 -8.4913242e-01
  1.4852996e+00
 -1.8918560e+00
 -4.7596302e-02
  9.4751793e-01
 -2.2710040e-02
  1.2822929e-01
  1.5558700e-01
  3.4161285e-01
 -5.7733799e-03
 -2.0381195e-02
 -3.2753643e-02
  8.1750393e-02
  6.6117942e-01
  3.0024177e-03
 -6.6739470e-02
 -3.0297148e-01
  1.3845439e-01
 -1.2967782e-01
 -4.1025472e+00
  4.8782244e-01
  1.8031058e+00
 -2.4541683e-02
  6.0285181e-03
 -4.8481192e-02
  1.6289890e-01
 -1.2365763e-02
  5.8653969e-02
 -2.9999187e+00
  1.8068968e+00
  1.2367697e-01
 -9.4438612e-01
 -5.2191103e-01
 -2.9687545e-01
 -2.9190964e-01
 -9.2209566e-01
 -9.7094405e-01
  5.4738706e-01
 -2.2562830e+00
 -9.1085453e-03
  5.7552837e-02
  6.2394702e-01
  2.3393329e-02
 -3.8576937e+00
 -2.1826042e-02
 -2.8546324e-02
 -5.3632908e+00
 -7.5951535e-01
  2.4678504e-01
 -9.3175741e-03
  4.3951106e-01
  6.1830830e-02
  4.6342796e-01
  2.6610744e+00
 -2.2112602e-01
 -9.0688445e-02
 -1.7524430e-01
 -4.6608281e+00
  2.0364890e-01
 -1.8741926e+00
 -3.3567318e-01
 -2.1435911e-02
  2.0233903e+00
  6.9035667e-01
  4.7188449e+00
  1.2018028e+00
 -3.9058885e-01
 -1.8391599e-01
 -1.6851676e+00
  6.6019602e-02
  7.3851667e-02
 -1.9041756e-02
  4.9010843e-01
  3.8111782e-01
 -1.5268851e-02
 -1.0783264e-01
  1.7753062e+00
 -3.6079776e-02
 -2.2803697e-01
  3.7851572e-01
 -3.2348156e-02
 -1.3904054e-01
  7.7154286e-02
 -2.0849870e-01
  8.6550839e-02
 -7.9197168e-02
  1.3525574e-01
  9.7078316e-02
 -9.6103616e-02
 -1.0291094e+00
  2.0744474e+00
 -9.2053510e-02
 -3.9080647e-01
  8.8641264e-02
  8.3703153e-02
  1.8140313e-01
 -2.1764278e-01
  8.6506152e-01
 -2.9193499e+00
 -1.7788665e-01
 -4.9288869e-01
  2.4686578e-01
 -1.3761139e-01
 -1.1631087e+00
 -1.6728441e-01
  2.9513512e+00
  1.1946718e-01
  4.9375257e-01
 -3.9844066e-03
 -5.6966561e-01
  1.1464808e+00
  4.5069672e-02
 -6.7955233e-02
  1.8681805e-01
  5.0263215e-02
 -3.6487330e-03
  1.4311287e-01
 -1.5634410e-01
 -5.1664997e-02
 -4.0047321e-01
  1.6246000e-01
  1.0932732e-01
  1.2314811e-01
 -9.9822329e-03
  2.9108512e-01
 -2.7986455e-01
  2.6614623e-02
 -1.2104229e+00
  4.4504374e-02
  8.8971043e-01
  3.3982271e-01
 -3.7424675e-01
 -1.2349686e-01
 -5.5320717e-02
 -7.9077087e-02
  4.8206505e-01
 -1.5427359e+00
  6.5234914e-02
  4.3336023e-02
  2.4870668e-01
  4.5277208e-02
 -9.8417565e-02
  2.5608286e-01
 -1.2275195e-02
 -4.1936615e-01
 -1.7611101e-01
  1.0260022e-01
 -2.0226096e-01
  3.5183462e-03
 -3.0761609e-02
 -2.7056545e-01
  1.4071441e+00
  1.2696113e-01
 -4.7423936e-02
 -2.5791958e-01
  4.4921327e-01
 -4.2824633e-02
  3.9273966e-02
 -1.1087266e-01
 -6.4517274e-02
  1.7456761e-01
 -1.5685583e+00
 -4.9580672e-01
  1.6501975e-01
  1.4986558e-01
 -3.1688780e-02
  3.7907439e-01
 -7.9595290e-02
  1.1948084e-01
 -2.5262503e-02
  1.4068386e-01
  8.9156134e-03
  5.0936621e-02
 -7.5200677e-01
  2.1459584e-01
 -2.4583802e-01
  3.5291161e-02
 -2.8096765e-02
 -8.7737575e-02
 -1.1412702e+00
  7.1896382e-02
  1.6276090e-01
  1.0994598e+00
  9.5615193e-02
  3.3773008e-01
  5.7848472e-02
 -1.0155631e-02
 -5.2073617e-02
  4.6869427e-01
 -2.7164415e-01
 -1.3393374e-01
  2.0439926e-01
  1.8982778e-01
 -3.3505917e+00
  3.6782794e-02
  4.0909097e-02
 -1.2930277e-01
  4.2951579e+00
 -1.9161016e+00
  2.7017942e-01
 -6.2312317e-01
  4.2294461e-01
  2.7025566e+00
 -9.8077267e-02
 -2.0903550e-01
  2.7947914e-02
  6.1121609e-02
 -8.4576070e-02
  2.6457146e-01
  1.8154021e-01
  1.1786439e-02
 -6.1096811e-01
  2.2309670e+00
 -1.6462859e-02
 -7.7319533e-01
  2.8088900e-01
  1.5751973e-01
 -4.5052074e-02
 -1.1873001e-01
  1.9836649e-01
  8.1285870e-01
 -7.1198982e-01
  9.3978435e-02
  1.2211031e-01
 -5.9754148e-02
  1.6455561e-01
  1.0223025e-01
 -6.5835607e-01
 -4.8868608e-02
  3.4442849e-02
  3.1353647e-01
 -9.9181815e-04
 -6.9696233e-02
  4.1813979e+00
 -3.3164961e+00
  2.6839349e+00
 -1.2496742e+00
  8.4249669e-01
  7.8425753e-01
  3.5175688e+00
 -9.8639093e-02
  4.7036195e+00
  2.6529409e-02
  5.1406336e-01
  6.2151021e-01
  1.5872531e+00
  1.3978239e-02
  3.8615208e+00
  1.9359110e-01
 -1.9331929e-01
 -3.5995424e-02
 -1.6334680e-01
 -2.1402554e-01
 -7.7932891e-03
  1.4876071e+00
 -1.5181504e+00
 -5.7506332e+00
 -2.3638248e-01
  1.3210212e+00
 -2.7865074e+00
 -2.1762611e-02
  1.7610288e+00
  2.6824096e-01
  4.7420207e-01
  8.1399994e+00
 -3.0264544e+00
 -1.0599660e+00
  1.5996791e+00
 -2.6695957e+00
  1.8504688e+00
  7.0505679e-02
  4.0089694e-01
 -2.3895655e-02
 -3.4106922e-01
 -1.1482020e-01
 -5.1105851e-01
 -7.6129902e-03
  9.7799903e-01
  8.5129693e-02
 -7.4206865e-03
 -5.9104764e-01
 -3.4604422e-03
  2.2131376e-01
 -2.3670318e-02
 -1.2647148e+00
 -7.0329940e-01
  8.2739872e-01
 -1.6267774e+00
 -2.3082025e+00
 -2.4362924e+00
 -1.5671480e+00
 -4.9238613e-01
  2.5105488e-01
 -1.5431552e-03
 -2.1374950e-02
 -5.9383899e-02
 -3.7500635e-01
 -5.7478184e-01
 -8.0176383e-02
 -1.3877027e-01
  1.2765028e-02
  3.5572669e-03
 -5.1251795e-02
  1.1641511e-01
 -1.9855560e-01
  8.2568578e-02
 -5.9240037e-01
 -2.1387584e+00
 -3.5055017e-01
 -3.0477099e+00
 -9.2951530e-01
 -4.5664296e-01
  1.6850334e-01
  4.8176266e-02
  2.4158535e+00
  8.7660253e-02
  9.4926216e-02
 -5.7446587e-01
  3.0682306e+00
  7.8640737e-02
  2.1255729e+00
 -1.0536715e-01
 -9.0572220e-01
  8.4089452e-01
  1.0337942e-01
 -1.6376896e-01
 -4.5921774e+00
  1.0579095e+00
 -5.9602123e-01
 -4.3204734e-01
 -2.3500985e-02
  7.1032017e-02
  4.9170200e-02
  6.2245853e-02
  1.9493945e-02
 -2.9722072e-02
 -1.8740122e-01
 -1.0241599e-01
 -5.4628398e-02
  1.1852956e-01
 -9.9261127e-02
 -5.0866723e+00
  1.4387148e-02
  1.6584660e-01
 -5.8066595e-02
  1.5656596e-02
  4.3028417e+00
  7.1970290e-01
 -1.0512903e-01
  3.5861857e-02
  9.7732477e-02
  2.8697563e-02
 -7.5930111e-02
 -7.0671402e-02
  8.6273062e-01
  4.2110014e-01
  2.6890552e-01
 -2.3712709e+00
 -2.1378002e-01
 -4.2398673e-01
  1.2193662e-01
 -4.4652185e+00
 -4.4988874e-02
 -8.9452825e-02
 -6.7286320e-02
 -1.4125628e-02
 -8.3324589e-02
 -2.1455791e-02
 -3.6209527e-01
 -2.5901872e-01
 -1.3345602e-01
 -2.4689835e-01
  1.2599720e-01
 -1.0130791e-01
  4.0226031e-02
 -7.5921953e-02
 -3.8786490e-02
  8.0872841e-02
  7.2486305e-01
  1.2650408e-01
 -2.2757160e-02
  1.6249573e-01
  3.4844606e+00
  5.4280195e-02
  2.6130015e-01
  5.2295290e-02
  5.2214378e-01
 -3.2755271e-01
 -2.3946180e+00
  1.8064467e-02
  6.5641332e-01
  2.1481097e+00
 -2.7740803e+00
 -1.7836720e+00
  5.0956717e+00
 -1.0010912e+00
  4.1034007e+00
  1.2823461e+00
  2.6485085e-01
 -1.9951807e+00
  6.0587449e+00
 -1.4450583e+00
 -2.4078805e+00
 -1.4192356e-01
  2.5863147e+00
 -9.5891631e-01
 -7.8455800e-01
 -3.1348827e+00
 -4.6151441e-02
  2.8878860e+00
 -2.5509851e+00
  2.5432432e+00
  8.7906772e-01
 -7.8759521e-02
 -1.8837589e+00
 -2.2766840e+00
 -1.1637440e+00
  1.9767810e+00
  2.5753708e+00
 -7.6611137e-01
  4.2393332e+00
  1.6522834e+00
 -5.6545286e+00
  2.0808868e-01
  2.7120063e-02
  7.1913287e-02
  5.7037669e-01
  2.1743901e-01
 -1.9733153e-01
 -3.8838457e-02
  1.8535994e+00
 -5.8764017e-01
  1.6362715e-01
  5.0889575e-01
  4.8748020e-02
  5.8217660e-02
 -1.8347161e+00
  4.8803363e+00
 -6.6721358e+00
 -3.4697071e-01
 -1.0551536e+00
 -2.3511672e+00
 -1.1606992e+00
  5.0409913e-02
 -1.9541758e+00
 -9.6094900e-01
 -7.0816256e-02
 -1.0769933e-01
 -1.9456030e-01
 -2.2823569e-01
 -8.5473996e-01
  4.9082044e-01
 -1.1365259e-01
 -3.5051408e-01
  2.4281857e+00
 -1.7182857e-01
 -1.8361486e+00
  3.3806227e-02
  4.0141698e-02
  1.0461049e-04
 -6.0368514e+00
 -3.8312513e-01
 -1.5363375e+00
  1.8589793e-01
  6.6711575e-01
 -5.3512077e+00
 -1.7437290e+00
  5.6684942e+00
  2.8854771e+00
  3.6577117e+00
  1.3735906e+00
  3.4515995e-01
  1.0525162e+00
  1.3492230e+00
  1.3600922e-01
  3.6165833e-01
  5.6905098e-02
  5.9893686e-01
 -1.7518304e-02
 -9.1302109e-01
 -1.8449073e-03
  1.7910081e-01
 -9.2595741e-02
  4.5967627e-02
 -1.3432727e+00
 -4.9886674e-02
  3.3780006e-01
 -3.2364924e-02
 -2.0015806e-01
 -6.1157372e-02
 -3.1118542e-01
  6.9224171e-02
  4.8132293e-02
  1.0883545e+00
  1.3216656e-01
  4.0707022e-01
  1.7707273e-01
 -2.7891308e-01
  2.3019744e-01
  1.0082552e-01
  3.4996469e-02
  1.4478706e-01
 -9.1298237e-02
  6.9434099e-02
  1.4503419e-01
 -1.1052465e-01
 -3.7597281e-01
 -2.1152416e-01
 -5.6427889e-02
  1.7701831e-01
  2.4256299e-01
  1.2789518e-01
  4.8302170e-02
 -4.7483064e-02
  1.3253649e-02
 -1.6702999e-01
  4.7922274e-01
  1.8662453e-01
 -2.7485371e-01
 -1.0794630e-02
  5.1408434e-01
  9.1869254e-03
  2.8907797e-01
  2.0445576e-02
 -1.5951527e-02
 -3.7461340e-02
 -1.0968211e-01
  1.7201768e-01
  5.8837366e-01
  9.1332316e-02
  2.8279377e-02
 -7.0975041e-03
 -7.5990006e-02
  2.9085732e-01
  2.0923657e-02
  1.1992488e-01
 -3.8529426e-01
 -2.2994488e-02
 -4.2226557e-02
 -5.4012012e+00
  1.6344747e-01
 -3.2863584e+00
 -7.8634691e-01
  1.1542034e+00
 -4.7165927e-01
  1.1143568e+00
 -1.1956270e+00
 -1.0399789e+00
  2.0672403e-02
  1.8763553e-01
  6.5230533e-02
 -7.6993048e-02
 -3.4573052e-02
  3.9417136e-02
  1.7332803e-01
  3.0349467e+00
 -7.5938720e-01
  1.5029840e-01
 -9.2363876e-01
 -3.5093778e-01
  1.4213828e+00
  1.4781289e+00
  2.6905637e+00
  3.4931076e-01
 -1.2256052e-01
 -1.3585578e-02
  7.4436694e-02
 -1.6765124e-01
 -2.6273552e-01
  7.3492846e+00
 -1.0942312e+00
  2.9514909e-01
 -1.1751858e+00
  9.7343445e-01
  4.0695976e-02
 -3.4534979e+00
  2.6192647e-01
 -1.2433483e-01
 -5.3845223e-02
 -9.1909295e-01
  3.3887144e-02
 -4.6089943e-02
  1.2617253e-01
  4.7832586e-02
 -2.8399406e-02
  5.6520168e-02
  4.8973307e-01
 -1.8029188e-01
 -1.0510561e-01
 -5.5285722e-01
 -1.3554028e-02
  5.9032954e-02
 -5.0416127e-02
 -6.6817150e-02
 -1.3893773e-01
 -1.3155991e-02
  2.1821502e-01
  2.1182046e+00
 -2.3134568e+00
  1.1529330e-01
  2.3403699e+00
 -6.7235899e-01
 -1.1462077e+00
 -2.9777262e+00
 -5.4770477e-02
  1.3099045e-01
 -3.4946483e-02
 -5.3055084e-01
  2.4148180e+00
 -3.8846452e-02
  4.1594958e+00
 -1.5022917e-01
 -6.2475976e-02
 -3.5475865e-02
 -2.7864840e+00
  2.3111774e-01
 -3.6712993e-02
  9.6851684e-02
 -2.0405479e-01
  1.4137641e-01
  3.2443116e+00
 -2.8236371e-01
 -1.0041525e-01
 -3.2618201e+00
  4.5491615e-03
 -1.4602077e-01
 -6.0857630e-01
  5.7745393e-02
  6.8270855e-02
  8.4600471e-02
 -5.1169738e-02
 -6.8612021e-01
 -8.1620961e-02
  6.1411685e-01
 -6.1632659e-02
 -9.0578489e-02
  2.1000469e-01
  4.7636107e-02
 -7.3677681e-02
  5.1564269e-02
  1.7616607e-01
 -2.5521379e+00
 -1.2690489e-01
  3.1832010e-02
 -1.0967363e+00
 -7.6258337e-01
  7.6746941e-01
 -2.5223464e-01
  1.1671848e+00
 -1.0226463e+00
 -2.3626981e+00
 -8.3208895e-01
  1.8175127e-01
 -3.7393030e-02
  7.8394137e-02
  1.4803469e-01
 -1.1674246e-01
  3.6855209e-01
  1.3632417e-01
  1.5422919e-01
  1.3380443e-01
  7.6247007e-02
 -7.0633936e-01
 -7.5426169e-02
  6.7894638e-01
  5.5826759e-01
  5.8208313e-02
 -7.7720687e-02
 -5.2391613e-01
 -1.4956676e+00
 -1.0704324e-01
  1.8227341e+00
 -1.1581997e+00
  9.1466621e-02
 -1.6575317e-01
 -1.3337530e+00
 -3.2834377e+00
 -7.3317844e-01
  2.5791390e-02
  1.2227177e-01
 -4.9460608e-01
 -4.6254647e-01
  1.9649737e-02
 -1.7690709e-01
 -2.0695193e-01
 -1.8191800e-02
  3.9098229e-02
 -1.5332197e-01
  3.7685835e-03
  9.6915737e-02
 -2.3044246e-01
 -2.1853551e-01
  6.0710076e-02
 -2.7763891e-01
 -3.8315445e-01
  6.2976979e-02
 -5.4973052e-03
 -8.8911489e-02
 -6.1518334e-02
 -1.3406919e-03
 -4.9336527e-02
 -2.2797902e-01
 -4.8610732e-01
  3.8355508e-01
 -1.2597306e-01
 -7.2076350e-01
 -7.8633085e-02
  3.4466298e+00
 -1.1934131e-01
  8.7985033e-03
  4.2230338e-02
  6.4890996e-02
 -1.8924089e-01
 -4.9926877e-01
  7.5335258e-01
  1.7347191e-02
  9.8304143e-03
 -4.9907014e-02
  9.4774857e-02
  2.2202967e-01
  1.8219643e+00
  7.1280994e-02
 -4.2361293e-02
 -8.3260223e-02
 -1.5193001e+00
 -3.9338540e-02
  7.8464061e-01
 -1.9260612e-01
 -4.0901881e-02
 -3.7825584e-02
  8.6356896e-01
 -1.5238391e+00
  4.7020338e-02
  5.7227540e-01
 -1.0878578e-01
  7.6379009e-02
  1.0007381e-01
  2.1657060e-01
  1.7888093e+00
 -3.2880574e-02
 -5.3612445e-02
 -4.7045074e-02
 -5.0114596e-01
 -2.8488124e-02
 -6.3708760e-03
  2.3210626e-02
 -1.6493567e-03
  1.3642867e-01
  4.6238538e-02
  7.7153224e-01
 -2.6910597e-01
  1.4032719e-01
  7.6321352e-01
 -2.8654642e-02
 -1.0199773e-01
 -2.3256426e-01
 -1.6888198e-02
  7.5585723e-01
  1.1484773e-01
  1.1716350e-01
  1.7988546e-01
  3.1305697e-02
  2.6068329e-03
  2.1033671e-01
 -9.7791977e-02
  8.7077990e-02
  1.2202363e-01
  1.6195074e-01
  2.4483708e-01
 -1.8736597e-02
  1.4274110e+00
  3.7486985e-02
  1.3140589e-01
  4.7523683e-01
  3.5273187e-02
 -1.4392775e+00
  7.2788894e-02
  2.6786444e-01
 -8.0998178e-04
 -1.2390181e-01
  4.1778665e-02
  5.8006518e-02
 -2.2702654e-01
 -1.7943504e+00
 -1.2307215e+00
  8.8890873e-02
 -9.0963751e-02
  1.3403168e-01
 -1.4109233e-01
  2.1282440e-02
  1.6465017e-01
  2.6072038e-02
  4.0905681e-02
 -1.2219536e-01
  7.1574807e-02
 -4.5394349e+00
 -9.2082411e-02
 -1.4001213e+00
 -5.0843376e-01
  7.8478985e-02
 -4.0457796e-02
 -1.1594619e-01
 -1.3178709e-01
  1.4265735e-01
 -2.9896708e-02
 -1.0964289e-01
 -4.8782495e-03
 -2.7336533e+00
  6.3352293e-01
 -6.6667640e-01
 -8.6220577e-02
  2.9928321e-01
 -1.3538599e-01
 -9.2762768e-02
 -1.5733598e-01
  2.1607819e-01
  3.9108150e-02
 -2.3044166e-01
 -1.9947182e-01
  3.3246672e-01
 -2.5792850e-02
  2.7752950e+00
  2.5332691e-02
  1.2867533e-01
  2.8718734e-01
 -3.5217220e-01
  1.1654280e-01
 -3.5886988e-02
  8.9659672e-03
 -9.2469364e-02
 -6.9976268e+00
  1.0785075e-01
 -2.1390052e-01
  2.9944341e+00
  1.1010905e-02
 -9.1757216e-02
  1.2052163e-02
 -6.0366873e-02
 -2.1343184e+00
 -2.3871751e-01
 -6.0794181e-01
 -5.8602620e-02
 -1.6701253e-01
  1.8389909e-01
 -1.7202210e+00
 -4.1330439e-01
  7.2363809e-02
  1.1630127e-01
  4.8821259e-02
  1.2760733e+00
  9.5559657e-02
 -1.0083879e-01
  2.2712815e-01
  4.2129248e-02
  1.3973297e-01
  1.0062638e-01
 -1.9777392e+00
 -1.6494642e-01
  9.3564606e-01
  7.9318471e-02
  4.5628324e-02
  4.9015188e+00
  6.4562291e-02
 -2.1528830e-01
 -1.1508388e-02
 -1.5859803e+00
 -1.6684428e+00
  6.7608356e-02
  5.4083969e-02
 -4.9516359e-01
 -2.5657980e-02
 -1.5329719e-01
  5.4708046e-01
  1.3809778e-01
 -4.1289140e-02
  5.8316134e-02
 -5.1760871e-02
 -1.0912619e-01
 -4.3544173e-02
  4.8722457e-02
 -2.5294676e-01
  4.5680672e-02
 -1.1045399e-01
 -1.4518039e-01
  6.6385016e-02
 -5.9285945e-01
  8.4098451e-02
  2.3086327e-01
 -2.1955045e-02
 -1.1042083e-02
  7.0797674e-02
 -1.2539928e-02
 -2.2694932e-01
  1.2660980e-01
  2.4785342e+00
 -2.2499813e-01
  1.3268942e-01
 -4.3455712e-02
 -1.5241940e-02
  7.4460506e-02
  1.7207594e-01
  6.8832922e-01
  9.6572168e-02
 -1.4456916e-02
  7.2099462e-02
 -6.8568490e-02
 -1.8612203e-01
  3.7295038e-01
 -3.9928690e-02
  1.5833651e-01
 -1.9665349e+00
  6.3223141e-01
 -1.9691812e-01
  2.4175081e-01
  1.6607577e-02
 -2.5794125e-01
 -6.1073267e-01
  1.3713197e-01
 -1.3827335e+00
  3.7728962e-02
 -1.5456435e-02
 -3.7453610e-02
 -9.7751804e-02
  9.7524319e-03
  1.7686346e-01
  2.2899464e-02
  1.2606083e-01
 -1.4610142e-01
 -1.1178947e-01
 -1.5622942e-03
  1.0502961e-01
 -2.3895834e-01
  3.4783971e+00
 -1.9737463e-02
  4.6405319e-02
 -2.8519787e-02
  2.2513793e-01
  2.1092860e-01
 -8.4728891e-01
  4.0333354e-01
  2.3095494e-02
 -1.8417370e+00
  1.4103932e+00
  1.4178091e-02
 -1.4824215e-01
 -6.6224284e-02
  1.7916124e-01
 -1.6840497e-03
  8.1467219e-02
 -1.5565422e-01
 -1.0052171e-03
  1.3892919e-01
  1.6584940e-01
 -1.9928955e+00
  5.3404741e-02
  1.0457061e-02
 -2.5177157e-01
  2.1909389e+00
 -4.0885725e+00
  1.4479232e-01
  1.7137519e-01
  1.9058545e-01
 -3.9517201e-02
  6.9738883e-03
  1.9034659e-02
 -1.8608579e-01
 -1.4132445e-01
  3.3153197e-01
  1.8084568e-01
 -1.7564361e-01
  1.6444394e-01
 -9.7030215e-02
  2.7062887e-01
  2.5201734e-02
 -2.6546087e-02
  7.8340933e-02
 -1.4956584e-02
  9.2676125e-02
  1.4727400e-01
 -2.0613229e-01
  3.5204744e-01
 -6.5386251e-02
  3.1067944e-01
 -2.9662907e-02
  7.8487836e-02
 -2.5925091e-02
 -1.4953931e-01
 -9.3601629e-02
  4.2476425e+00
  3.4673814e-02
 -2.7789330e-02
  2.0343001e+00
  1.3193700e-01
 -1.1728259e-01
 -2.2008777e-01
 -2.7608177e-01
  5.9897161e-01
  1.5436921e-02
  8.8490129e-02
 -2.3631763e-01
  4.4692928e-01
 -4.3665594e-01
  9.3264364e-02
 -2.7402875e-01
  4.7888643e-01
 -1.7615683e+00
  1.2490685e+00
  2.2275701e-01
  8.9841098e-02
 -5.0941549e-02
  4.8455171e-02
  1.2891023e-01
 -3.3275801e-01
 -3.2162476e-02
 -1.9388026e-01
  8.0780816e-01
 -8.0727331e-02
 -7.8443736e-02
  7.9518688e-01
 -6.4767152e-02
  2.3903307e-02
 -3.9544515e-02
 -1.7080294e-02
  8.4173661e-01
 -5.6559029e+00
 -7.4377269e-02
  4.7280920e-01
  1.3983999e-01
  2.3158599e-02
  1.7887356e+00
  6.7239754e-02
 -1.6536610e-01
  2.1234581e+00
 -5.2139118e-02
 -4.9248327e-02
 -2.1786344e-01
 -1.2536447e-01
 -3.5372466e-02
  1.5154603e-01
 -7.8865923e-02
  4.2918529e-02
 -9.9492811e-02
 -5.7743418e-01
  9.8727001e-03
  1.6862345e-01
 -5.7983303e+00
  1.3314572e-01
 -5.0488144e-02
  2.3432035e+00
  4.0888339e-02
 -4.4547312e-02
  1.1142679e-01
  1.0068307e-01
  1.1763620e-02
 -1.3695279e-01
 -8.1408478e-02
 -1.8910831e-01
  9.7309792e-01
 -1.6162479e-01
  3.6050986e-02
  5.5265356e-02
  3.8259205e-01
  5.2567391e+00
  1.5370396e-02
 -1.5637495e-01
 -2.8381780e-02
  2.1006899e-01
 -5.0195079e-02
 -3.8615515e+00
 -8.1795466e-01
 -1.0041298e-01
 -4.6616516e-01
 -8.3233726e-01
 -3.2115406e-01
  3.8781580e-02
  8.2122006e-02
 -3.0112550e-02
  6.5881930e-02
 -4.6995387e+00
 -6.1796303e+00
 -4.8770025e-02
  8.3046155e-03
  1.5642075e-02
  1.7701229e-01
 -5.0932571e-02
 -2.4474509e-01
 -2.1078706e-02
 -3.3103190e-02
  2.4004949e-02
 -5.9549171e-02
  6.9976223e-01
 -6.8816587e-02
  5.8336014e-01
  2.9570045e+00
 -8.7200247e-02
 -5.3821061e-02
  2.7341378e-01
  2.9043436e+00
 -9.5429294e-02
  3.7058655e-02
  1.2035921e+00
  4.7076979e-01
 -3.2623818e+00
  5.0741392e-01
 -2.9170999e-01
 -1.0423205e+00
  1.3606325e-01
 -2.6743624e-01
 -1.1684860e+00
 -2.4745730e-01
 -9.0467578e-01
  1.7531814e-01
  8.4749669e-01
  9.5561586e-02
 -1.2156389e-01
  1.3688593e-01
 -7.1988153e-01
 -2.6165731e+00
 -2.5966263e+00
  1.5993555e+00
  5.5733293e-02
  1.0373731e+00
 -3.0760455e-01
 -4.3141744e-01
 -2.2995785e-01
  2.3044167e+00
  1.0886610e-01
  8.2319938e-02
  4.1662126e+00
  6.2177032e-01
 -1.9891566e-01
 -5.8244258e-01
 -7.5501388e-01
  1.5815339e+00
 -1.2825239e+00
  2.1654387e+00
 -1.4806975e-02
 -9.0098912e-03
 -1.0021104e-02
 -7.2346821e-02
 -2.5032997e-01
 -1.8847083e+00
 -7.9225510e-02
  1.1770194e-02
 -4.3807361e-02
  3.7952212e-03
  1.6108155e-02
  8.0091870e-01
 -7.0179462e-02
 -9.7755622e-03
 -5.5326391e-02
  5.1894367e-01
 -3.0297627e+00
 -1.6250514e+00
  6.2988591e+00
 -1.9165374e+00
  6.3158196e-01
 -3.4641957e+00
 -2.3865960e+00
 -1.6876233e+00
 -1.0738691e-01
  6.8571061e-01
  2.4562538e-02
 -2.0175295e+00
 -7.2809033e-02
  3.3514433e-02
 -3.5392854e-01
  7.7276006e-02
  9.7293800e-01
 -2.0173799e-01
 -6.5635747e-01
 -2.6880172e-01
 -4.0928572e-01
 -7.6941714e-02
  1.2056303e+00
  1.6402577e+00
  1.9733723e-01
 -3.5876371e-02
  7.6908636e-01
  7.0846063e-01
  2.3238976e-01
 -1.2117045e+00
 -4.7787741e-01
 -1.4173030e+00
 -4.9249765e-01
 -9.6207656e-02
 -2.0298235e-01
 -4.9750391e-01
  1.1317188e-01
  3.9562649e-01
  4.1488595e-02
  8.5074134e-02
  4.0868406e+00
  7.6482870e-02
  4.3207198e-02
  2.0771070e+00
 -9.9878170e-02
  1.9132127e-01
 -2.1147306e-01
 -1.0982145e-02
 -5.1806673e-02
 -1.0179874e-01
 -2.5854223e+00
  3.1467894e-01
  2.6780280e-01
  2.6087236e-02
 -2.7916303e-01
  1.1877657e+00
 -7.8361994e-01
  3.0951304e+00
  1.5293452e+00
 -4.2575698e-02
  8.7557919e-02
  2.0847023e+00
 -6.2475674e-02
  6.8318108e-03
 -2.2373359e-01
 -6.0207095e-02
 -7.7373020e-02
 -1.0756241e-01
 -2.1465760e-02
 -1.9177391e-01
  7.6601177e-01
 -2.6188296e-01
  3.3798292e-01
 -7.8230512e-01
 -3.9929800e+00
 -1.3481702e-01
 -8.5846774e-02
  9.5271260e-02
 -1.2694938e+00
 -4.2861413e-02
 -1.5726997e+00
  1.7551771e+00
 -4.9367926e-01
 -1.7729102e-02
 -2.2950151e+00
  6.8099558e-01
 -1.3422959e-01
 -7.5272158e-02
 -5.4857071e-02
 -4.3273352e-02
 -9.3269818e-02
  2.0117266e-03
 -3.9187044e-01
  6.7299291e-02
  8.2533842e-01
 -4.9328184e+00
  4.7860455e-02
 -1.1377820e-01
 -7.2070166e-02
  4.2502150e-02
  2.5480524e-01
  4.4195019e-02
  2.6271071e-02
 -2.3987760e-01
 -2.4240780e-01
 -3.6335433e-01
  1.9507377e-01
  2.1632450e+00
  1.2499106e-03
  4.3187782e-01
  1.8722583e-01
  2.4737785e-02
  1.7980717e-01
  4.6105780e-02
 -8.8535123e-02
  1.2375095e-01
  1.2530380e-01
 -1.2789032e-01
 -2.0831609e-01
  1.8725337e-01
 -7.1172014e-02
 -4.1354380e+00
  5.2508973e-03
  1.0450038e+00
 -6.8323874e-01
  4.1849315e-02
  2.9562485e-01
  9.1828510e-02
  2.4730964e-01
  2.0457400e-01
  1.2586392e-02
 -1.0182832e-01
 -1.6916167e-02
 -1.0547274e-01
 -3.3913559e-01
  1.5193100e+00
 -1.1732667e-01
 -3.2854161e-01
 -2.4897447e-01
 -2.8666562e-01
 -2.9887059e-01
  1.4998223e-01
 -2.3022594e-02
  4.8568971e-02
 -6.8744458e-02
 -9.5265977e-02
  4.1545486e-01
 -6.6248310e-01
 -9.3263779e-03
 -4.2486480e-01
 -1.9983904e-01
 -8.9846604e-02
  1.4280306e-02
 -7.0413625e-01
  1.2945946e-01
 -1.1076497e-01
  5.8735613e-02
  4.3748406e-01
  5.8940474e-02
 -5.4079086e-02
 -8.3455518e-03
  5.9289014e-01
 -6.2331166e-02
  6.7076385e-02
  1.2730840e-01
 -7.5235479e-02
  1.8589852e-02
  2.3042044e-01
  2.9905045e-01
  2.1265240e-01
 -3.2236996e+00
 -5.2742308e-01
  1.0316790e-01
  4.3730263e-02
 -2.5461501e-01
 -6.7140120e-01
 -1.8104726e-02
 -8.0172569e-02
  8.9394160e-02
 -7.7074343e-01
 -3.9547387e-01
 -3.7206838e-01
  1.9096343e-03
 -1.0541450e-02
 -1.8258506e-01
 -1.5197091e+00
 -7.8446633e-01
 -4.4541586e-02
 -2.1186717e-01
 -7.1231112e-02
  3.5970021e-02
 -9.3517500e-01
  8.7685741e-02
  1.8547453e-01
  1.2823827e+00
  7.6592147e-02
  4.1794398e-01
 -4.1526567e-02
  1.6520986e-01
  9.4430900e-01
 -2.4988945e-01
  4.5374643e-02
 -3.9440614e-01
  7.7176094e-03
 -3.5630813e-01
  3.0087695e-01
 -2.2296433e-01
 -2.4687275e-01
 -1.8621053e+00
 -6.0751126e-03
 -5.2927472e-03
 -1.7017573e-01
  2.3603618e+00
  1.1369773e+00
  8.3771504e-02
  9.9676365e-01
  1.6668681e+00
  2.0823425e-01
 -5.7873696e-01
  3.3743200e-01
 -4.3189251e-01
  4.5647410e-01
 -6.8379718e-01
  3.9300408e-02
 -1.9715234e+00
 -1.2376590e+00
  8.3768979e-02
 -1.1078520e-02
 -5.8934409e-02
 -4.7671375e-01
  1.3449101e-01
  2.6647123e-02
  2.4650917e+00
  5.5993985e-02
 -8.4308475e-02
  2.6426485e-01
 -1.3410024e-01
 -1.5868727e-02
 -9.9080795e-01
  1.5063322e-01
  4.9974990e-01
  5.6010194e-02
  3.0730460e-02
  1.3965818e-01
 -3.2471720e-02
  2.8536648e-01
 -4.5791600e-02
  1.1418366e-01
  1.2287328e-01
  4.3553835e-01
 -5.7290014e-02
 -4.2675657e+00
  2.2183501e-03
  4.5923064e-03
 -1.5619546e-01
  1.9390434e-01
 -2.1470191e+00
  8.7671280e-03
 -2.0843706e-01
  3.1646141e-01
 -1.5046605e+00
  2.5194377e-01
 -3.8479037e+00
  2.8462337e-02
  1.0814382e-01
 -9.1418719e-01
 -2.8026688e-01
  1.3941152e-01
  1.0269620e-02
 -2.1855228e-01
 -1.2321521e-01
 -6.2253393e-02
 -6.1978016e-02
  1.5459138e-02
  9.3830967e-01
 -2.4674585e-01
  2.2244900e-01
  4.3610120e+00
  6.3936887e-03
 -8.5279875e-02
 -4.0151335e-02
 -9.0613849e-02
  1.2281522e-01
  2.3483096e-01
 -1.0679382e-01
 -8.1719749e-02
 -3.1110233e-01
  2.5280070e+00
  3.7295473e-01
 -4.2215824e+00
 -1.2111576e-01
 -1.2897170e-01
  1.5218188e-01
 -1.1008209e-01
  9.0000406e-03
  2.1239567e+00
 -2.2318795e+00
 -6.6017039e-02
  5.8716346e-02
 -1.5322833e-01
  1.8654409e-01
 -1.0090530e-01
 -6.8894303e-01
 -7.3266037e-02
  2.5972262e-01
  5.3300065e-01
 -9.1089010e-02
  1.7140442e+00
 -3.9130509e-02
  4.1999713e-01
  2.4037302e-02
 -1.3507259e-01
 -4.7088765e-02
 -1.8146259e-01
 -3.6800385e-01
 -1.7508873e-01
 -4.0777050e-02
 -2.7232599e-01
  4.6939336e-02
  2.3732169e-03
  1.6325117e+00
 -2.4459513e-02
  4.3841428e-01
  1.8306975e-01
  8.8887420e-03
  3.7307165e+00
 -8.5435435e-02
  2.1112360e-01
  8.2657307e-02
 -5.0921917e-02
  8.3676883e-04
 -6.9867238e-02
 -1.2431439e-02
  1.3992901e-01
 -1.6328747e+00
 -1.5148131e-02
 -7.5257823e-02
 -1.0108464e+00
  5.4084736e-01
  2.1297264e-01
 -3.9386306e-02
 -1.2041591e-01
 -2.2872850e-01
 -3.7274919e-02
 -4.4679597e-02
  1.4909971e-01
 -1.2562086e-01
  1.6697277e+00
  8.5007292e-01
 -1.7110270e-01
 -1.2088601e-02
 -3.7846003e-02
  2.2273598e+00
 -5.4096556e-01
 -1.3648576e-01
  1.9426070e-01
  3.2914230e-01
  8.4180307e-01
 -1.3693484e-02
  3.0832577e+00
  2.0261188e+00
 -4.6556443e-02
  5.6733403e-02
  6.1858582e-01
  2.5167329e+00
 -5.4055348e-02
 -3.3603007e-01
  1.0841880e-01
  8.7615550e-02
  8.2266176e-01
 -5.6292389e-02
  1.0748744e-01
  3.7402283e-02
 -1.3554192e+00
 -3.7080344e-02
  9.9043556e-02
 -5.8029734e-02
  1.8890123e+00
 -4.8468533e+00
 -6.2525177e-01
 -3.7538576e-01
 -1.1164901e-01
 -8.6387657e-02
 -5.4654171e-04
 -1.1821026e-02
 -1.3968497e-02
 -6.9991328e-02
 -8.0843613e-02
 -3.2845329e-02
  2.2002845e-03
 -5.0818682e-02
 -4.1920641e-01
  1.3552003e-01
 -4.1518379e-02
  7.8476191e-01
  1.8060751e+00
  2.3326775e-02
  2.1096447e+00
 -4.2454500e-02
 -4.1516870e-02
 -6.9036293e-03
 -4.5887315e-01
  2.9919684e-02
 -6.5603018e-01
 -3.5868073e-01
  4.0863588e-02
  9.5262498e-02
 -1.3867350e-01
 -4.3963373e-01
  2.7002234e-02
 -4.9092662e-01
  6.2204022e-02
  1.6513669e+00
  9.8683542e-01
  1.9601916e-01
 -1.7114407e-01
  1.7212968e-01
  9.4868645e-02
 -1.9370024e-01
  4.8248895e-02
  3.9468411e-02
  6.8679944e-02
 -3.6053925e-03
  2.1912019e+00
  1.2643211e-01
  3.5862067e+00
 -1.3116549e-01
 -7.1425319e-02
  1.1664155e-01
 -3.3091169e-02
  6.1301161e-02
  8.9055233e-02
 -1.4974613e-01
  3.2761553e-01
  2.9739976e-01
 -1.4411653e-02
  8.8442862e-02
  4.4241481e-02
 -7.6467502e-01
 -6.5431096e-02
 -1.4398823e-02
 -7.6963685e-02
  2.1216929e-01
  6.2434562e-02
  3.2342201e-01
 -9.4796881e-02
  3.7481591e-02
 -3.0354012e-02
 -8.9489101e-03
 -1.8822396e-01
  1.3221057e-01
  1.7700751e+00
  2.1215673e-01
  1.8332029e-02
  4.6082693e-03
 -2.3399051e-01
 -6.5673369e-01
 -2.0727783e-01
 -1.4887980e-01
 -2.3622072e+00
 -8.9820766e-01
 -2.2237580e+00
  4.0637183e+00
 -6.8188705e-02
 -3.4014291e-01
  2.6990936e+00
 -6.4778879e-02
 -9.2782505e-02
 -9.9874097e-01
 -6.9133198e-01
  4.6227786e-01
  6.1037332e-01
 -1.1951873e+00
 -1.9048619e+00
  7.7711329e-02
 -2.7850194e+00
 -1.0348047e+00
  3.0163839e-01
 -1.7678015e-03
 -2.6466422e+00
 -2.3391483e-02
 -5.2212065e-01
 -1.8353426e+00
 -2.0395472e+00
 -1.1451542e-01
 -4.8755765e-02
  6.5631606e-02
 -4.8990837e-01
 -1.6240129e+00
 -2.2816160e-01
  3.3501792e-01
  3.1326210e+00
 -3.8888464e+00
 -8.6824083e-01
 -8.2749420e-01
 -1.2267911e-01
  4.9508563e-03
  2.3509367e-01
 -5.9070908e-02
 -7.1523286e-02
  2.6645795e-01
  5.8075584e-02
  9.7109396e-03
  2.0214561e-01
 -1.2328720e+00
  1.1026622e+00
 -3.3161399e-01
 -4.5129020e-02
  4.3828124e-01
  2.7167027e+00
  6.3735239e-02
 -4.0079333e-02
 -6.3182473e-02
 -1.2442225e-03
  3.2707818e-02
 -3.3485759e-02
  4.2425599e-02
  4.2457998e-01
  1.8811488e-01
  2.0784001e+00
  2.9266009e-01
  3.1900678e-02
  8.4985480e-02
 -2.2266251e-01
 -5.9521234e-01
 -2.3542537e-01
  1.2730172e-01
  3.9237121e-01
 -3.6194347e-02
 -2.5499243e-01
  6.3565546e-01
  2.1013599e-02
 -2.6391809e+00
 -2.5271538e-01
 -3.6539668e-01
 -1.7635295e-01
 -3.6890936e-01
 -1.9047129e-01
 -8.4098853e-02
 -1.7708030e-01
  2.7245283e+00
  8.5020140e-03
 -1.8925505e-02
  2.8196824e+00
 -1.4927160e-02
 -1.0606872e-01
 -4.7637433e-02
  1.6642043e-01
  4.5401327e-02
 -2.8252415e-02
  9.5514703e-01
 -5.5318750e-02
 -4.5007225e-02
  1.2420277e-02
 -3.9535411e-02
  8.5654974e-02
 -4.5678597e-02
 -2.1034086e+00
 -4.7155231e-01
  1.6726552e-01
  5.0456166e-01
 -1.7697370e+00
  1.9504048e-01
  1.0948725e+00
  1.5842313e+00
  1.2549663e-01
  3.4128199e+00
  2.9087329e+00
  6.7652607e-01
 -2.0224749e-01
 -6.6833377e-01
 -6.7274682e-02
 -8.3238661e-02
 -1.3006793e-01
 -5.8527444e-02
  1.2351737e-01
 -1.2074835e-01
 -1.4559978e-01
 -1.0466496e-02
 -7.5053550e-02
  3.9969903e-01
  2.1679850e-01
 -5.7420886e-01
  8.0335808e-01
 -6.1263638e+00
 -4.4388214e-01
  2.2567566e-02
  2.2088511e-01
  1.0425256e+00
  1.3098216e-01
 -2.7911291e+00
  3.6051455e+00
  2.3770496e-01
 -4.6768047e-02
 -3.3939358e-02
  1.2452955e-01
  2.0526406e-01
 -1.5497603e-01
 -1.5700781e-01
  8.7315239e-02
 -1.5154126e-01
  1.5493210e-01
  2.1577150e-01
  1.7833682e-02
 -4.3877226e-01
  3.4211335e-01
 -7.7441686e-01
 -5.8557812e-02
  6.9810629e-01
 -1.0725586e-01
  3.5217515e-01
  4.8080119e-01
 -5.6127720e+00
 -2.5345089e+00
 -1.7044569e+00
  2.7225962e-01
 -2.9994354e-01
  9.1846198e-01
 -1.5265125e-01
  3.3685482e+00
  2.5945332e+00
  6.2969637e-01
 -3.8245395e-03
 -7.9519564e-01
  8.6469226e-02
  1.6616522e+00
  6.9806740e-02
  2.1226170e+00
 -8.7907577e-01
  1.4942088e+00
 -1.5827641e+00
 -1.0465596e-01
  2.3228388e-01
  1.6747411e+00
  8.1349969e-01
 -6.7701179e-01
 -1.0906632e+00
  1.2143743e+00
 -4.2469114e-01
  5.4292661e-01
  1.1349068e+00
  4.6130732e-01
  3.3007157e+00
 -1.4194263e+00
 -6.2496269e-01
  3.0089090e+00
 -1.0071594e+00
 -3.8145233e-02
 -3.2366302e-02
  3.2843013e+00
  1.7703447e-01
  1.3882023e-01
 -1.3227597e-01
 -5.4596048e-02
 -2.6235330e-01
  2.7251202e-01
  4.9713988e-02
 -5.0047584e-02
  1.3163080e+00
 -2.0616917e-01
  2.6795772e-01
  1.7975527e-01
  7.4229455e-01
 -1.3616878e-01
 -3.7418298e-02
  1.7533486e-01
 -8.3795053e-01
  6.7094177e-02
  2.0696907e-01
 -1.3640060e-01
 -1.8780974e-01
 -5.4678723e-02
  1.5707903e-01
  1.3996485e-01
 -5.6185676e-03
  8.1398785e-02
 -6.1361208e+00
  1.2381810e-01
  1.5006474e-02
  1.8632457e-01
  1.1457004e-01
 -1.0956394e-02
  4.2864033e-03
  8.4265552e-02
 -1.0123773e+00
 -5.3094786e-02
 -2.6376275e-02
 -2.1959448e-01
 -2.5320027e-02
 -5.2430096e+00
  1.4376367e+00
 -3.1648505e-01
 -4.8566286e-02
  2.6608112e-01
  3.6462527e-02
 -6.9999345e-02
  9.9262334e-02
 -1.4042404e-01
 -9.2077121e-02
  2.5596812e-01
 -1.1667957e-01
  3.4388838e+00
 -1.1717002e+00
 -1.1949036e+00
  5.3975563e-03
 -3.5403249e-01
  1.9106761e-01
 -5.7717878e-02
  1.6357939e-01
  1.1564674e-01
 -1.0751381e+00
  3.7522238e-02
  2.0423305e+00
 -6.4547884e-01
  9.6754700e-01
  2.2042346e+00
  1.0711782e+00
  7.3544228e-01
 -3.7829787e-02
  6.4242983e-01
 -3.3667067e-01
 -1.4539276e-01
  1.2255966e-02
 -8.5043930e-02
  7.2133191e-02
 -2.8994724e-01
 -9.8680362e-02
  2.2288116e-02
 -2.4175014e-01
  6.6527772e-01
 -3.0624187e-01
  2.2218118e+00
 -1.1975269e-01
  2.2462119e-01
 -4.0635952e-01
  3.2475606e-01
  1.8529575e-01
 -1.1460145e+00
  1.4087545e+00
 -3.5209672e+00
  2.2519507e+00
  6.4047341e+00
  1.7267482e-01
  3.5647378e+00
 -1.7725708e+00
 -1.6392657e-01
  7.5576836e-01
 -1.2271584e-01
 -9.8652571e-01
  8.0716783e-01
  5.2847985e-02
  1.5188131e-01
  1.0049901e-01
  4.2121030e-02
  3.1513858e-01
 -2.8090686e-01
 -4.0072542e-01
 -1.0445912e+00
  1.4034012e-01
 -2.0273755e+00
  2.8576684e+00
  3.5544974e-01
  4.4980984e+00
 -3.5403509e-02
  9.5210987e-01
  1.0736392e-01
  6.8949890e-01
 -4.8699799e-01
  5.0574737e+00
 -2.4438820e+00
  1.6254544e+00
 -2.6647663e-01
  5.5992270e-01
 -5.6417102e-01
  4.1026852e-01
  1.1910906e-01
  9.2098379e-01
  7.9469690e-03
  2.7683198e-01
  7.8059845e-02
 -4.5633748e-02
 -9.3366727e-02
  1.9059114e+00
 -8.9218652e-01
 -2.2638422e-01
  2.0666969e-01
 -4.5331221e-02
 -5.8452988e+00
  1.9911109e+00
 -4.7535750e-01
  1.1333575e+00
 -2.0490956e+00
 -6.0586422e-03
 -4.6638080e-01
  1.1421585e+00
  2.6846726e+00
 -5.2347340e-02
  2.8582624e-01
 -1.0220410e+00
  2.1311194e-01
 -8.1035471e-01
  1.7448241e-02
  9.8507062e-02
 -4.3980628e-03
 -1.1511406e-01
  2.0098120e-01
 -2.9405341e-01
 -5.5669118e-02
 -2.6318470e-01
 -2.2114417e-01
  1.3305267e+00
  5.2826107e-03
 -2.6166821e-02
  1.8798605e-01
 -1.0535850e-01
  7.3096037e-02
  2.4363376e-01
  2.9778335e-02
 -4.2785399e-02
 -7.9167575e-02
 -2.3465453e-01
 -3.4073217e+00
 -2.2745214e-01
  1.7794298e-02
 -8.0241784e-02
 -2.1944626e-01
  2.6461855e-01
  2.3627787e+00
  8.1599200e-01
 -5.5631611e-02
 -3.7229803e-01
 -5.9472585e-01
 -1.8423547e-01
  1.6306432e-01
  3.1031322e-01
 -7.2451219e-02
 -7.9667114e-02
  6.0035604e-01
  2.0456089e-01
 -7.2820574e-02
  1.4872226e+00
  2.8199917e-01
  3.7058461e-02
  8.7399175e-04
 -1.4956933e-01
 -2.3572206e-01
  1.2966888e-01
  1.5542382e-01
  4.6507400e-01
  2.8684098e-01
 -9.5658518e-02
 -4.1674390e-02
 -7.6735705e-02
  2.4728665e-01
  2.5590302e-02
 -2.7921167e-01
 -3.9448100e-01
  7.3792800e-02
  4.0727224e-02
  7.2295740e-02
 -6.1811373e-02
 -3.4852464e-02
 -1.3898011e-01
 -1.8323652e-02
 -1.2898086e+00
 -4.5581900e-02
 -2.5849462e+00
 -2.6606131e-02
 -2.8373313e-01
 -4.1026926e-01
 -1.7374589e+00
 -8.4872745e-02
  2.2808316e+00
 -5.5621326e-01
  1.0343417e+00
 -6.0246086e-01
  3.0952983e+00
  4.2778012e-01
 -1.2994062e+00
  1.0819796e-02
 -1.2960156e+00
 -3.2761760e-02
 -1.8866831e+00
 -1.9304951e-01
 -3.5702345e+00
  1.2856003e+00
 -5.0222832e-01
 -2.5556445e-01
  2.1619716e-01
 -1.7217561e+00
 -2.2339826e+00
 -3.5882068e-01
  1.6051628e-02
  2.4563439e+00
 -8.7060893e-01
 -2.5172791e+00
 -7.9686500e-02
 -1.5911474e+00
 -1.1484419e+00
  1.0212026e+00
  2.0010018e+00
  1.1863464e+00
 -8.6956185e-01
 -4.9398880e-02
  2.4910610e-02
  2.5359216e-01
 -3.3479288e-01
 -3.3813281e+00
  1.5431699e-01
 -4.5378304e-01
  1.4348572e-01
  1.1009593e-01
 -2.1301398e-01
  2.8228620e-01
 -1.5837787e+00
 -2.3041561e+00
 -1.3619325e-01
  4.9350734e+00
  3.2390990e+00
  2.3951266e+00
 -1.6421292e+00
  3.7008199e-01
 -4.3262329e+00
 -5.2864629e-01
  3.1891501e+00
  1.5170758e+00
  7.4206948e-01
 -2.2263327e+00
 -1.1996287e+00
  4.8158097e-01
 -2.4341796e-01
  2.3830794e-01
 -3.0015543e-01
 -2.8626275e-01
 -1.5836666e+00
 -4.4433230e-01
 -1.0457433e+00
 -2.6679807e+00
 -4.4035646e-01
 -7.6328683e-01
 -1.1991116e+00
 -3.5307233e+00
  3.8701313e+00
 -2.3797660e+00
  2.7836266e+00
 -1.6450952e+00
  5.9672351e+00
 -1.5837715e+00
 -4.7818756e+00
 -1.4902509e+00
 -4.3594334e-01
 -3.6930916e+00
 -5.3753936e-01
 -4.6987823e-01
  4.5346245e-01
  3.2978061e-01
  1.7599026e-02
 -1.5857471e+00
 -1.0852185e+00
  8.4551238e-03
 -1.8533552e-02
 -1.4961144e-01
  7.8468308e-02
  3.1125924e-01
  2.3010802e-01
  7.7033147e-02
 -7.2257884e-02
 -5.0665498e-01
 -9.0108550e-01
  4.7301057e-01
  6.1881121e-02
 -2.6434090e-02
  1.6499232e-01
  8.2859345e-02
 -1.0587177e-01
  1.7838728e-01
  4.5975760e-02
  2.9774138e-01
 -2.2878294e-01
 -1.4023358e+00
  4.8632126e-02
  9.0800568e-02
  2.3959832e-01
 -3.6873031e-02
  8.6699121e-02
 -1.2409277e-01
  8.5748219e-01
 -7.8637660e-02
  1.3071701e-01
 -8.9159720e-02
 -5.1121719e-02
  9.2812195e-02
 -2.1485013e-01
  5.9433151e-02
 -1.3101182e+00
 -9.5444515e-02
 -8.7490894e-02
 -3.4091473e-01
  8.1366435e-02
  1.4072859e-01
 -6.2675022e-02
  7.8978181e-02
 -3.9012928e-02
  1.3501485e-01
  2.2882414e+00
  3.6572289e-01
 -1.6788118e+00
  4.7743615e-02
 -5.1047719e-01
 -5.3729355e-01
 -1.4589956e-01
 -2.3923460e-01
 -1.5315127e-01
  1.4308435e-01
 -8.5775450e-02
 -1.0607323e-02
  1.3901905e-02
 -3.7531747e-04
 -2.9845908e-02
 -4.3467283e-02
 -1.0810819e+00
 -1.0938221e+00
  1.6547748e+00
 -6.8521223e+00
  1.1785415e+00
  5.6018853e+00
 -1.9088751e+00
  3.3050531e-01
 -5.5638707e-01
 -2.5512928e-02
  2.3195459e-01
 -3.7267885e-01
  9.1676897e-01
 -1.8586972e-01
  1.2684407e+00
 -3.5890007e-01
 -4.3807988e+00
 -8.5427839e-01
 -9.1026235e-01
 -2.4780972e+00
  3.0644329e+00
 -1.3922994e+00
  2.6525126e+00
 -5.2300459e-01
  2.4331429e+00
 -2.9322321e+00
  1.2142464e+00
 -4.4502106e-02
  1.8998852e-02
 -5.5771408e+00
 -3.7116763e-01
  8.8482857e-01
 -8.2851037e-02
 -1.5675085e+00
 -3.6927294e-02
 -5.6367472e-02
  2.9804656e-02
 -3.6551872e-01
  4.5264328e-01
  2.6435604e+00
  1.2301955e-01
  2.3238242e+00
  1.8617664e-01
 -1.7895435e-01
  1.7269194e-01
  2.1459161e-01
  1.1710104e-01
  3.4944160e+00
 -3.2272384e-02
 -1.3998781e-01
  7.2314304e-01
  1.6729207e-01
  6.7647986e-02
  8.5199797e-01
 -2.5285129e-02
 -2.8528264e-01
  7.8253910e-02
 -2.2611721e-01
  2.6530163e-02
 -9.4260707e-02
  2.3685750e-02
  7.9978779e-02
 -3.5401733e+00
  4.9134130e+00
 -9.8159409e-01
  1.3861620e-01
 -1.0423907e-01
  6.7481533e-02
  2.1596240e-01
  8.9252427e-02
  1.5666490e-02
 -2.2658866e-02
  1.8755604e-01
 -7.4677491e-01
 -7.6304510e-02
 -7.9097794e-03
  8.2915179e-02
 -1.9706737e+00
 -8.8652569e-01
 -2.0828383e-01
  4.6778041e-01
 -3.3871949e-02
 -3.5197556e-01
 -1.2654267e-01
  4.7767657e-01
 -9.6105359e-02
  6.7827187e-02
 -9.5793672e-02
  2.5084298e-02
  2.5544575e-01
  8.2729638e-02
 -1.5880194e+00
  3.7585160e-01
  2.2619169e-02
 -3.9511940e-01
  6.3786425e-02
 -9.1840856e-02
 -4.7310925e-01
 -2.8575349e-01
  1.0253483e-01
  3.3087686e-01
  2.8847811e+00
 -9.0135202e-02
 -1.2283842e-01
 -1.0146387e-01
  1.8865964e+00
 -1.9047964e-02
  4.1638386e-01
 -9.1540670e-01
 -2.1963553e+00
  1.4547929e-01
 -5.2875161e-01
  1.9652854e-01
 -4.8992974e-01
 -7.8854084e-02
  1.4494355e-01
 -4.2293186e+00
  1.4270836e+00
  2.8546384e-02
  1.9537255e-02
  1.7443655e-02
 -4.1580510e+00
 -2.1451893e-01
 -1.6079375e-01
  4.3100018e-02
  3.5741755e-01
  4.0792695e-01
 -5.9821881e-02
 -8.4406681e-02
  2.4045947e-01
 -6.8876439e-01
  1.7730263e-01
 -5.2570634e-02
  1.3067629e+00
  3.1258947e-01
 -2.0141621e+00
  5.3766006e-01
 -2.1619054e-02
 -4.7855038e-02
 -2.9083070e-01
  2.0983881e-01
  4.4699088e-02
 -1.6078888e-02
  1.1568824e-01
  2.2913837e-01
 -1.8674718e-01
  6.9805108e-02
  3.8561065e-02
 -6.6134401e-02
  1.3731602e-02
  1.9824971e+00
 -3.1476107e-01
  3.4519538e-02
 -3.8182208e-01
 -3.8836294e-01
  5.0153181e-02
 -1.8922159e-02
  1.0044830e+00
 -2.6454479e-01
 -4.4411522e-01
  4.7242027e-02
 -4.5231916e-02
 -9.5266773e-04
 -1.3710248e-02
  2.7745923e-01
  1.1485232e-01
  1.3677676e-01
 -2.7851814e-01
 -2.8641925e+00
 -1.5610519e-01
  4.7628260e-01
  1.7291936e-01
  1.2583911e-01
 -2.9827282e-01
 -1.1328584e+00
 -1.2546672e-02
  8.8472337e-02
 -9.6775696e-02
 -6.3691556e-02
 -3.7941253e+00
  3.1580229e+00
  8.0426224e-02
 -2.6285967e-02
 -3.9925061e-02
 -1.7708207e-02
  1.8067141e-01
  7.2589040e-02
 -8.3511351e-03
  1.1069039e-01
  5.0049800e-01
  9.6628502e-02
  7.8646496e-02
  2.1246159e-03
 -1.0264579e-01
  2.4672210e-01
 -1.1054402e-01
 -1.3194019e-01
  1.2576116e-02
  3.4363196e+00
 -3.6839440e-02
  2.7102265e+00
  5.4801602e-02
 -4.6949092e-02
 -6.0348892e+00
 -1.2727934e-01
 -4.5846157e+00
 -9.8284417e-01
 -6.7250639e-02
 -3.5249839e+00
 -2.7423985e+00
 -3.7739861e-01
 -9.4609833e-01
 -3.1096837e-02
  2.6248574e-01
  5.1786156e+00
 -1.2865521e+00
  1.5882923e-01
 -2.4628026e+00
 -3.8555399e-02
  7.2214790e-02
 -2.5096151e-01
 -2.2055878e-01
  6.3350409e-02
 -7.5982539e-03
 -4.0273023e-01
 -1.2514998e-01
 -9.1318876e-02
 -6.8666625e-01
 -1.1398342e-02
  1.7097858e+00
  1.7788482e-01
  3.7051740e-01
 -1.3062011e-01
 -1.3243735e+00
  3.1018585e-01
 -1.0148406e+00
  6.3873661e-01
  2.6732841e-01
 -1.2764502e-01
 -6.7790724e-02
 -3.9638822e+00
  1.3091905e+00
 -1.3900064e-01
 -1.1925888e-01
 -1.4438409e-01
  3.6869321e-02
  7.1639758e-01
  9.8485097e-02
  6.7003362e-02
 -1.8282545e-01
 -2.9103521e-01
  3.4071650e-02
 -7.6420284e-03
 -1.3240302e-01
  3.1637681e-01
 -1.1284360e-01
  3.4338813e-02
  1.9131917e-01
 -3.1282100e-01
  3.7371126e-01
 -1.5381743e-01
 -7.3852092e-02
 -1.3943372e+00
 -2.5620263e+00
  6.6667654e-02
  9.0801399e-03
 -6.2451422e-01
 -3.8682351e-01
  1.1073035e+00
 -3.4348613e-01
 -5.4038607e-02
 -2.1596627e-01
  2.0683576e-01
 -3.7260171e-02
  2.0393255e+00
  1.4084253e+00
 -2.1892916e-01
  2.7853397e-03
  7.6419987e-02
  9.9269740e-02
 -2.4693413e-01
 -4.5384687e-01
 -1.1140563e-01
 -3.8839823e-01
  4.9022594e-01
 -1.0132432e-02
 -9.7813569e-02
 -1.1930951e+00
 -5.2878903e-03
  2.0803390e-01
 -3.5086423e-01
 -4.6993367e-02
  3.0979678e-02
 -6.4579457e-01
  1.1048015e+00
  2.1084847e+00
  1.3314500e-02
  1.5654075e-01
  1.3301624e-01
  8.6494648e-01
  6.6252254e-02
  6.3676663e-02
 -4.4662610e-01
 -1.2525785e-01
 -6.7736112e-02
  1.9156191e-01
 -9.4610906e-01
  1.5782009e+00
 -2.7527869e-01
 -1.7885807e-01
  3.1125210e-03
 -4.3220878e-02
 -9.8565295e-02
  1.6887034e-01
 -5.4779604e-02
  3.6747467e-02
 -6.5032035e-02
 -1.8847618e-01
  7.8180745e-02
  1.6563407e-01
 -2.9913753e-01
 -3.1962149e-02
 -9.8333098e-02
 -1.4455138e-01
 -6.6032950e-03
 -7.5932726e-02
  1.0745584e+00
 -2.3752768e-01
 -4.2736909e-01
 -1.4792205e-01
  3.5628152e+00
 -1.3576986e+00
  1.2002573e-02
 -1.0177165e-01
 -5.1459182e-02
 -3.6844125e-01
  9.3942448e-02
  2.0465223e-01
  3.8204849e-02
  3.1755164e-01
 -1.8634035e-01
  1.0444494e+00
 -5.4592371e-01
 -2.2643511e+00
  3.6129799e-02
  4.1633368e-01
  4.9223757e-01
  1.0223345e-01
  1.2946508e+00
 -2.6544926e-01
 -6.4730449e+00
  8.2167029e-02
  1.3384074e-01
  3.1995174e-01
 -5.7365905e-02
 -4.5745425e-02
 -2.5725387e-02
  6.8326902e-01
 -2.1619127e+00
 -2.5128279e+00
  1.1876953e+00
 -6.6958186e-03
  4.6847539e+00
  3.3853915e+00
 -4.8891538e-01
 -7.5549400e-01
  4.4731636e-02
  3.3624105e-02
  7.0294219e-01
  1.2363636e-02
  8.5246660e-02
 -1.1610705e-01
 -3.2296631e-01
  2.0330250e-02
 -2.9636276e-01
  3.7444997e-01
 -1.5937968e+00
 -3.5281494e-02
  7.4754998e-02
 -3.5444495e-01
  2.3422882e-02
  1.0922525e-01
  3.0382926e+00
 -2.2523871e-02
  3.3635446e-01
  2.2310278e-01
  7.7576530e-01
 -8.6943424e-01
  2.7375114e-01
  1.5986658e+00
  3.9720014e-01
  4.6425670e-02
 -5.3568140e-02
  8.7366201e-02
  2.1364808e-01
  2.8977755e-01
 -3.4533489e-01
  1.8234674e-02
  1.6233440e-02
  4.0461445e-01
 -2.9386546e-02
 -6.6190049e-02
 -1.9300088e-01
 -8.4573463e-02
 -1.2438773e-01
 -2.2597759e+00
  2.0440031e-02
  1.6321203e+00
  1.1225268e-02
 -2.1261377e+00
 -4.7081885e-01
  6.6744500e-01
  8.3560145e-01
  1.3620659e+00
  1.5348443e+00
  7.5204039e-01
 -4.4114599e-01
 -1.4826995e+00
  4.0818453e-01
  2.5942423e+00
  2.6874608e-01
 -1.8102225e+00
  9.1993845e-01
 -7.1416274e-02
  2.0300121e+00
  3.2363999e+00
  2.6001325e+00
 -1.2450331e+00
  1.2215991e-01
 -5.0014693e-02
 -3.1552730e+00
  6.2349015e-01
  3.4540990e-01
  4.9857483e+00
  3.2097239e+00
 -3.5046651e+00
  3.7465208e+00
  1.2956144e+00
  3.0380902e+00
 -3.1794867e-01
  4.5831194e+00
  2.8216283e+00
  1.9117978e-01
 -6.9478375e-01
 -6.3276656e-02
  1.2864617e-01
  5.6082118e-01
  8.7336880e-01
 -1.9900976e-01
 -1.2795651e-01
 -1.2692323e-01
  1.9704143e-02
 -1.5616030e-01
  1.5159300e-01
  9.8313875e-02
  1.1678106e-01
  4.2021502e-02
  5.1583752e-02
  1.9304655e+00
 -6.7057121e-01
  5.5321074e-01
 -5.7269015e+00
 -2.4724858e-01
  6.1846538e+00
  7.1402806e-01
  1.8434559e+00
  1.8486017e+00
  1.5929979e+00
  1.2453522e-01
 -1.8308778e-01
 -1.0458979e-01
 -1.8933039e-02
  3.6087480e+00
 -1.1981338e-01
  1.2504261e+00
 -5.9861723e-02
  6.0284716e-01
 -2.1793160e-01
 -2.2896543e-01
 -3.9500612e-01
  5.1073108e-02
  1.0926211e+00
 -2.0322440e-02
 -1.1535698e+00
  3.2352142e+00
 -1.1638486e+00
 -2.3227970e-01
  3.4618871e+00
  4.1076984e+00
 -4.0939111e-01
 -1.0998347e+00
 -8.5010701e-01
 -1.7812558e-01
  2.1829629e+00
 -1.1367662e+00
  1.7557599e-01
  1.3356614e-01
  2.1370171e-02
 -5.2256852e-02
  6.0233492e-02
 -1.4055204e+00
  1.4520812e-02
  3.3494272e+00
  9.9195847e-03
  1.9737934e+00
 -1.2797591e-02
  6.2098492e-02
  3.4765717e-02
 -3.9645061e-01
  5.7456100e-01
 -8.2887512e-01
 -6.6656959e-01
 -3.7124239e-02
  1.5796940e+00
  9.6275872e-01
 -9.6326941e-01
  7.5983924e-01
 -5.1637559e+00
  2.1154387e-01
  3.5589604e+00
  8.3930247e-02
  3.7635577e-01
 -1.2805252e-01
 -4.3263559e+00
  1.9600985e+00
 -3.1668913e-01
  3.0109102e-01
 -9.2638075e-02
 -1.4577532e-01
 -2.5640349e+00
 -4.3749561e+00
  5.4117505e-02
  2.7999747e-01
  1.5409818e+00
  1.2731199e-02
  6.9774594e-03
 -3.6202028e-01
  6.3532537e-01
  7.2149664e-02
  4.9703083e+00
 -7.9007186e-02
  8.5406655e-01
  2.7705392e-01
  1.3191203e+00
  8.5427535e-01
  9.3147323e-02
  7.6584682e-02
 -4.0339446e+00
  2.1924306e-02
  1.2344344e-01
 -9.3514673e-02
 -1.8595752e-01
  1.1084330e-01
 -3.2402042e-02
  1.2151916e-01
 -1.5996648e-01
 -7.2322443e-02
 -9.5457405e-02
  1.7679546e+00
 -9.3776308e-02
 -3.5936010e-01
  6.7757374e-01
  5.5614562e+00
  1.9850069e+00
  2.1328113e+00
 -4.3460461e-01
  8.2615846e-01
 -2.4529877e-01
  1.0957783e+00
  2.2201915e-01
  1.2119399e-01
  2.7715972e-02
  1.0968891e+00
 -5.9604507e-02
 -2.8796950e-01
  1.8057248e-01
 -4.0534669e-01
 -7.4662906e-01
 -8.7465145e-02
  2.3359144e-02
  4.6537947e-02
 -8.7804759e-01
  3.0523598e-02
 -2.3871770e+00
 -2.5725629e+00
 -4.3791950e-01
  1.5628882e-01
 -2.3368099e-01
 -2.0205634e+00
  3.3899032e-02
  3.8114363e-01
  2.0342853e+00
  1.3616252e+00
  4.4169796e-01
  8.0997139e-01
 -1.6586738e+00
 -3.1368276e-03
 -1.7891099e-01
 -4.1455083e-02
  1.8858961e+00
 -1.2357214e-01
 -3.4728169e-01
  5.0910965e-02
 -1.6515359e-02
  1.4296725e-01
 -1.0560789e+00
  3.0265933e-01
  3.5928139e-01
 -6.1113036e-01
 -1.5640404e+00
  1.5705317e+00
  3.0287890e+00
 -9.4646883e-01
  1.8123333e+00
  4.1503420e+00
  1.4049133e+00
  3.3409526e+00
  1.7445493e+00
 -4.3331418e+00
  5.6247818e-01
 -5.2645993e-01
 -2.5145132e-02
  4.8029122e-01
  1.8903599e+00
 -1.8755192e-01
  3.5014026e-02
  6.1462916e-02
 -2.7083384e-03
 -2.8013589e+00
 -2.1512063e-01
  1.4392701e-01
  3.7039089e-01
  3.4527475e-01
 -8.3146594e-02
 -2.4978492e+00
 -3.5692315e+00
 -1.3995543e-01
 -6.3580494e+00
  2.3052659e+00
 -9.2980158e-01
 -2.0340459e-01
  5.0239973e-02
  1.6756240e+00
 -6.9527429e-01
 -2.6296550e-01
 -1.7910858e+00
 -1.1854930e+00
  1.5707858e+00
  2.0662615e-01
 -3.0216983e-01
 -2.9008424e-01
 -1.1660275e+01
 -2.7811530e-01
 -1.1942796e+00
 -5.8117375e+00
 -7.0411846e-02
 -1.2941603e-01
 -2.4785078e+00
  5.7549685e-01
 -2.9703489e-01
  4.2186160e-02
 -9.6414611e-02
  2.6936686e-01
 -1.8340684e+00
 -1.4813536e+00
  1.6714289e+00
  7.3468667e-01
  1.1264423e+00
  2.9679291e+00
  1.0215081e+00
  2.6780751e+00
  2.2596707e+00
  7.4914807e-01
 -3.1376057e+00
 -4.4861207e+00
 -5.5289757e-01
  1.0061758e+00
 -2.6217499e-01
  7.5747591e-01
  3.3904309e+00
  1.9380333e+00
 -3.5333059e+00
 -5.8396202e-01
  4.0437288e+00
  2.7021775e+00
  4.2977101e-01
  2.6776285e+00
 -3.0355042e-01
 -3.2586036e+00
  4.8051524e+00
 -2.2639303e+00
 -9.0117049e-01
 -4.7561333e-01
  2.0899144e-01
 -9.1977853e-01
  4.2295599e+00
 -2.9810512e-01
  1.7012578e+00
 -3.2587001e-01
  2.5165973e+00
  2.3774984e-01
  1.5343356e-01
  2.2959416e-01
  3.4542820e-01
 -4.7603232e-01
  1.2149601e+00
 -5.0432261e-02
 -3.7222233e-01
 -8.3947554e-03
 -1.9829446e-01
 -9.1036536e-02
  3.7131858e-01
  2.7679358e+00
 -3.2982875e-02
 -1.9401394e+00
  1.3186696e-01
  1.3355526e-02
 -2.3183085e-01
  1.4906788e-01
 -2.7147746e-02
 -9.7310424e-02
  2.0975785e-01
 -8.3656162e-02
  1.1652616e-01
 -4.9878412e-01
  1.3341822e-03
 -2.5597063e-01
  2.2217734e-01
  5.4918859e-02
  1.1363277e-01
 -1.4800251e-01
 -3.7198290e-02
  1.7412636e+00
  2.2709598e-01
 -3.0793553e-02
  1.8007374e+00
 -1.9416133e-01
 -1.8267062e-02
  1.6095802e-01
 -4.6060184e-01
  1.8177296e-01
 -1.3116683e-01
 -4.0415488e-02
 -8.5814059e-02
 -1.3210824e-01
 -2.5315370e-02
 -1.7328165e-02
  2.7942485e-01
  1.0342336e-01
  1.2568654e-01
 -1.6490899e-02
  5.7990798e-03
 -3.1325061e-02
 -7.2622383e-01
 -1.1140633e-01
 -8.3854210e-01
  1.2473717e-01
 -1.3771559e-01
  1.6650096e-01
 -2.7675915e-01
  8.8230789e-01
 -4.9155942e-01
  1.2886811e+00
  7.7002645e-02
  2.4378383e+00
 -5.7055254e+00
 -3.5228613e-01
 -1.0648755e+00
  7.6630960e+00
 -5.2481383e-01
  5.7371205e-01
 -1.3733083e-01
  1.7826483e+00
 -1.8019672e-02
 -7.2469485e-01
 -1.6814432e+00
  7.7178812e-01
 -1.7070407e+00
  1.0457703e-01
 -3.4598723e-01
 -1.9032135e+00
  2.5791237e+00
 -1.2544827e+00
  4.9205344e-02
  3.5429828e+00
  5.4098988e+00
  1.0737348e+00
  2.3752286e+00
  1.6405889e-01
 -2.5060993e-01
  5.7528532e-01
  1.3983831e-01
  4.4527254e+00
  2.6914463e+00
 -1.4640139e+00
  3.4411104e+00
 -2.7522629e-01
  2.3637121e+00
 -3.3318853e+00
  6.0849323e+00
  7.0751268e-01
  2.4053785e-01
  5.7122156e-02
 -1.3787982e-01
  5.2244041e-02
 -8.3953679e-02
  7.3671833e-02
  7.0093051e-02
 -1.3664714e-01
 -2.2532333e-01
 -4.2702940e-01
 -7.5256415e-02
  2.4773616e-01
 -1.9061433e-01
  4.0424922e-03
  9.8608524e-01
 -1.8976045e+00
  3.6251986e+00
 -4.8293271e+00
  8.0704027e-01
 -6.5781301e-01
  3.2458539e+00
  4.0540910e+00
 -2.5481075e-01
 -3.2148836e+00
 -1.8482488e-02
  5.7812858e-01
  2.0161319e-01
  5.4171827e-04
  6.4787686e-02
 -4.5110053e-01
  4.3299310e-02
 -1.9738345e+00
 -1.6034995e-01
  2.9498699e+00
 -9.6885435e-02
 -1.4321880e-01
 -1.5505935e-01
  1.1169974e+00
  1.5773263e+00
 -7.9576379e-01
 -1.8812485e+00
  5.4475826e-01
  1.1505491e-01
  3.0596571e+00
  1.2841923e+00
  1.8517398e+00
 -6.4845063e-02
 -7.1738124e-01
 -1.5652169e+00
 -3.6975497e-01
  2.6447604e+00
 -1.5151869e+00
  1.5332549e+00
 -1.9185616e-02
 -6.0562517e-02
  2.2438179e-01
 -6.4486084e+00
  6.4383429e-01
  6.5873586e-02
 -1.5708696e-03
  1.0898390e-01
  1.8931714e-01
 -6.4616330e-02
  4.5270897e-03
 -2.7985969e-01
  6.7687526e-02
  6.7347072e-02
  3.0924119e-02
  5.7401043e-01
  5.3966618e-01
  1.0952548e+00
  1.4143740e-01
  3.8647333e-03
  4.4724923e-02
  1.1281421e-02
 -2.2078946e-01
  2.5013277e-01
 -1.9263981e-01
 -1.9822460e-01
 -2.4006991e-02
 -2.3766223e-02
  2.1019024e-01
  3.3651216e+00
  1.5182537e+00
 -2.2816958e-01
  5.2892081e-02
  2.1201643e-01
 -5.6465232e-01
  1.6459346e-01
  1.5857936e+00
  7.2674997e-02
  3.9512578e-01
 -2.8543538e-01
 -1.2445041e-01
  2.6446257e+00
  4.5619917e-01
 -2.0298748e+00
 -1.6291157e+00
  2.3949105e-01
 -1.6575797e-01
  1.6254210e+00
  3.6161337e-02
  2.6825663e-01
 -3.7890855e-02
  1.7691630e-01
  5.4657316e-01
 -9.6036289e-03
  1.7671797e-01
 -1.5352631e-01
 -3.8608741e-02
 -2.4774839e-01
  1.2727369e-01
  4.4259766e-01
 -3.0224735e-01
 -9.7709313e-02
 -5.1942788e-02
 -5.3598690e+00
  5.0803745e-01
  1.2289157e-01
 -5.8525734e+00
  8.2174677e-01
  1.4606463e+00
  5.4355627e-01
 -2.2435229e+00
 -5.2437043e-01
  1.3860444e+00
  2.9645652e-01
 -1.6558889e-02
  1.9329346e+00
  4.7977364e-01
 -2.5116872e-02
 -2.0429069e-01
 -4.7341425e-02
  5.6189902e-02
 -1.4130038e-01
  7.9789358e-01
 -3.0506542e-01
 -2.7957061e-01
  7.7514648e-02
  9.4281113e-01
 -2.7160347e-01
  1.3533926e+00
  1.5711731e-01
 -3.4774859e+00
  6.8982911e-01
 -2.0684609e-02
  3.0212123e+00
  3.5845728e+00
  5.2102244e-01
  1.2196249e+00
  4.1393179e-01
 -2.4384665e+00
 -4.1457076e+00
  2.2317998e-01
 -4.8882511e-01
  6.7708433e-02
 -2.9064602e-01
 -2.5179377e-01
 -2.6146850e-02
  2.2177996e-01
  1.0187030e-02
  1.1209355e-01
  3.3366171e-04
  1.6640592e-02
 -1.9718796e-02
 -4.4626895e-02
  1.8647045e-02
  4.3652630e+00
 -4.9690218e+00
 -6.3789082e-01
  1.7550040e+00
  2.5597686e-01
 -2.4368227e+00
 -7.6079959e-01
  2.4603972e+00
  4.1702962e+00
 -3.3115950e-01
  4.0299156e-01
  2.8657606e-01
  2.3360708e+00
  2.1194477e-01
 -2.0780180e-01
 -9.5482655e-02
  1.7992252e-01
 -2.3285988e-01
 -2.6585847e-01
  6.4355683e-01
 -1.1520780e-01
  1.7629061e+00
  1.7316368e+00
 -1.9063128e+00
 -1.1509346e+00
 -7.1104267e-03
  2.6062875e+00
 -2.4984460e-01
  1.6341333e+00
 -1.9419940e-01
  4.2341876e+00
 -4.9458486e-01
 -1.4874514e+00
 -3.8172331e+00
  3.9943412e-01
  1.5330434e+00
  7.1129313e-04
 -1.3573246e-01
 -4.5087999e-03
  1.9627905e-01
 -5.2627319e-01
  6.7443669e-02
  2.2742048e-01
 -1.0667992e+00
  2.8347574e-02
  1.8998495e-01
  4.0673625e-02
 -5.7681823e-01
 -2.4850646e-01
 -3.0343331e-02
  7.8261949e-02
  1.6608901e+00
  6.8187457e-01
 -7.7322096e-01
 -3.2312148e+00
  1.0581013e+00
  4.7856770e+00
  3.7777493e+00
 -1.2596181e-01
  1.2906214e+00
 -1.8822465e+00
 -1.3341368e+00
  1.0503217e-02
 -9.1713744e-01
  1.5388051e-01
 -7.0339888e-01
  1.0002073e-01
 -8.5068405e-01
  2.5224514e+00
  6.2103157e+00
 -9.5100135e-01
 -4.7990814e-01
 -3.9066510e+00
 -1.0083746e-01
 -4.4377998e-01
  2.1829011e+00
  1.0130055e+00
  8.3743763e-01
  6.2499385e+00
 -1.2859584e+00
 -2.6592675e-01
  3.9088988e+00
  1.3747646e+00
 -2.0048668e+00
  3.9536705e+00
  1.2934799e+00
  5.6391604e-02
 -4.0360832e+00
 -3.5754144e-01
 -4.5839269e-02
  7.3259519e-03
 -5.8266252e-01
  2.7148119e-01
  2.7146837e-01
  1.4898145e-01
 -9.8318934e-02
  2.8763559e-01
 -2.5572309e-01
  6.0054101e-02
  8.5957730e-03
 -1.4537705e-01
  3.1375915e-02
  1.0891802e+00
 -2.2193005e-02
  2.6288509e-01
 -1.0183167e-01
 -3.5721764e-01
 -3.1621513e+00
  9.8809105e-01
 -3.5807195e-01
 -1.5882960e-01
  6.3822888e-02
  2.4838035e+00
  2.8764520e+00
 -6.0997826e-01
 -1.7010517e-02
  1.7780304e-02
 -7.6567223e-03
  1.4876473e-01
  4.7660610e-01
  7.3509648e-02
  1.8588297e-01
  9.4571829e-02
 -1.5015416e+00
  1.0340666e-01
 -4.7488497e-03
  2.9644883e-01
 -1.1377695e-02
 -1.9465103e+00
 -1.6114422e+00
 -1.1330394e-01
  9.2123516e-02
  2.0072660e-01
 -1.8893030e-01
 -1.4089234e-01
  4.1874403e-01
 -1.8818605e+00
 -2.9630005e-01
 -2.0709239e-02
 -1.5361741e-01
 -6.9181792e-02
  2.4736943e-02
 -4.1957121e-02
  2.3779757e-01
  1.0620552e-01
  1.2375533e-01
  1.0311595e-01
  1.2449773e-01
 -9.9533238e-02
 -2.2263089e-01
  7.7219561e-02
 -4.7582842e-02
  3.1929815e-01
  6.9343305e+00
  3.8794665e+00
  1.9550396e+00
 -2.6092484e+00
 -1.6231794e+00
  6.5752387e-01
 -1.0284709e+01
  1.3576987e+00
  2.3692102e+00
 -5.8425754e-01
  3.4562109e+00
  3.8904124e-01
 -5.1389283e-01
 -3.4281006e-01
  8.9652412e-02
  3.2011011e-01
  2.6643913e+00
  1.1123447e+00
  3.0413845e+00
 -2.0424497e+00
  1.9196178e+00
  3.2267835e+00
  4.4598654e-02
  1.9095569e+00
  3.6197335e-01
 -3.1527531e+00
  1.9015931e+00
 -3.0900416e-01
  1.8244012e-01
  4.9318838e+00
 -2.8364537e+00
 -5.5156126e+00
  1.8337551e+00
  2.7207595e-01
  2.9265541e-01
  1.0519689e+00
 -2.3731773e+00
  1.9161278e+00
  2.7279058e-01
 -9.2726544e-02
  4.1234806e-01
 -6.7591302e-02
 -5.2657027e-02
 -1.7939149e-01
 -1.8914499e-03
  4.7365117e-01
  2.6456273e-01
  3.8532937e+00
  2.9715827e-01
  7.1130976e-02
 -4.6362777e+00
 -1.4307771e+00
 -1.1755744e-01
 -1.7579833e+00
  2.8619438e-01
  2.2192135e+00
 -3.8436991e-01
 -4.3981567e-02
 -5.3837690e+00
 -2.4658885e+00
 -2.1588118e-01
 -3.9592084e-01
 -6.1989355e-01
  5.5341911e-01
 -1.0897330e+00
  1.5278133e+00
 -2.5149387e-01
 -8.3470756e-01
  4.3241458e+00
 -1.5610689e-01
  1.4795452e-01
 -1.4942777e+00
  8.3418153e-02
 -2.1167085e+00
  7.3816550e-01
  6.6978641e+00
 -3.0527848e-01
  1.2138224e+00
  5.9283417e-01
  1.1511328e+00
  1.3260770e+00
 -3.3168602e+00
  3.4159436e+00
  1.0527617e+00
  3.9182894e+00
  2.9691427e+00
  9.9614286e-01
  2.7154715e+00
  4.9580309e-01
  6.4710772e-01
  3.9277885e-02
  8.7145850e-04
 -9.0787753e-02
  6.8843355e-03
  9.5716912e-01
 -1.7731352e+00
 -2.9956460e-01
  1.7607129e-01
  4.7575328e-01
  1.7325132e-01
  1.8910226e-01
 -1.1955867e+00
  3.7173904e-02
 -5.3605592e-01
 -1.4701822e-02
 -2.9744565e+00
  8.0587918e-01
  2.4990499e+00
 -1.0136672e-02
  1.6027841e-01
 -1.0574760e+00
 -2.4048809e-02
 -4.1592296e-02
 -6.0532620e-04
  8.5783446e-01
  3.4231004e-01
 -1.2608141e-01
 -6.4622462e-02
 -5.2573079e-01
  1.0664599e+00
 -1.2618898e-01
  4.1544351e-01
  5.8003193e-01
  1.0468491e-01
 -1.9323854e-01
 -3.5314929e+00
 -1.3467170e+00
  4.4212365e-01
  2.9757333e-01
 -1.0281311e+00
 -1.5651408e-03
 -3.1706119e-01
  7.6513290e-01
 -4.7525641e-01
 -5.2205100e+00
 -8.0196969e-02
  4.9575326e-01
 -1.2010364e-03
 -3.3221227e-01
  1.1615445e-01
  4.2272601e-01
  7.8947164e-02
  4.0309119e-01
  1.4887662e+00
  2.6645112e-01
  2.6793802e-02
 -4.5785639e-03
 -5.3119071e-02
 -3.4343037e-01
 -1.8085714e-01
 -1.8180618e-01
 -9.1249950e-02
 -2.3735921e-01
 -1.0844376e+00
 -3.5486705e+00
 -6.9738761e-02
 -2.4296606e-01
  4.4006792e-01
 -2.4313997e-02
 -2.6673991e-02
 -4.9527816e-02
 -2.3994173e-01
 -7.3331214e-02
 -7.8548633e-02
  2.1880198e-01
  3.5104156e+00
 -2.2143723e-01
 -9.7484425e-02
  2.6875272e-01
 -8.4999806e-01
  5.5134058e-02
 -6.5531898e-03
 -3.8543636e-01
  6.2882066e-02
  8.9080699e-02
  3.9322507e-01
 -2.3785655e+00
  3.5231356e-02
 -2.9179761e-01
  2.1752292e-02
  1.2419136e-01
  1.7742492e-01
 -4.9313614e-03
 -1.4843027e-01
 -1.1561602e+00
  1.9159453e-02
  4.0759489e-01
 -4.9555480e-02
  3.0642239e-02
  4.3299770e-01
 -5.2923009e-02
  1.0156189e-01
  4.1692181e+00
  3.9028853e-01
  5.1968139e-01
  2.2865419e+00
 -1.8270381e-01
 -8.0868281e-02
 -3.6156687e-01
 -3.7572503e-02
  1.1434685e-01
  1.1815393e+00
 -3.8346401e-01
  7.9973273e-02
  2.3104259e-01
 -2.6228266e-02
  6.9054239e-04
 -1.4045648e-02
  5.7724048e-03
  4.3858975e-02
 -1.7945008e-01
 -5.2019831e-02
 -1.3707522e-01
 -2.8637314e-01
 -4.4297901e-01
 -1.4954086e-01
 -9.8490101e-01
 -1.3741668e-01
  2.1991406e-02
  1.5296833e-01
 -3.0684581e-01
  1.3963109e-01
 -1.2077454e-01
 -2.4842450e-01
  9.3417689e-02
 -1.7325075e+00
 -5.3430907e-02
  2.0454528e-02
  5.4344904e-01
  1.4252841e-01
 -1.7812887e-01
  3.8552195e-01
  3.8386507e+00
  2.3877424e-01
  9.9763107e-01
 -1.1356042e-01
 -2.0444105e+00
 -2.3665318e+00
 -1.5540564e-01
  8.0052681e-02
 -3.0605502e-02
  2.8290015e-01
 -2.3664200e+00
 -4.3138716e-01
 -7.4264348e-01
  2.7078311e+00
  3.0993193e-03
 -1.2559699e-03
  5.5333186e-02
 -8.1809975e-02
  1.1331090e-01
 -1.9857809e-01
  2.8830308e-02
 -3.3962585e-02
 -1.6761287e-01
 -1.1204530e-02
 -3.1414736e-02
 -4.2174459e-02
 -4.8870060e-01
  3.2413551e-01
  2.3608020e-02
  3.0887926e-01
  7.3272943e-02
 -2.1780342e-01
  1.7078014e-02
 -5.0710573e+00
 -8.5849816e-01
  7.4945569e-01
  4.4351789e-01
  4.3815617e-02
 -3.8135430e-01
 -2.6410642e-01
 -1.4172448e-02
 -9.0302754e-04
 -2.1550597e-01
  1.0379933e-01
 -9.9880561e-02
 -3.3998415e-01
  5.4604039e-02
 -1.1927457e+00
  4.1834614e-01
  3.7148278e-02
  8.3265245e-02
 -2.3318255e-01
 -1.6958223e-03
 -3.7269760e-02
 -1.4085697e-01
  1.1641176e-01
 -1.8754902e-01
 -2.2932096e+00
  4.5444760e-01
 -7.8612469e-02
  1.0675942e+00
 -2.6204479e-01
  8.6673170e-01
  5.1000256e-02
 -2.3000050e-01
 -7.1522430e-02
 -7.3568922e-01
 -1.7240673e-01
  1.2241983e-01
 -6.5370418e-02
 -7.5068668e-02
 -1.4036572e+00
  4.0682483e+00
  9.0629630e-02
  1.6321721e+00
  3.0215374e-01
  4.3794065e+00
 -1.6900660e+00
  3.4860172e+00
 -3.6034563e-01
 -2.0427048e+00
  1.4343873e+00
  1.7233591e+00
  8.2562737e-02
 -8.1834212e-02
 -3.5510305e-02
  3.8531414e-01
  2.2476847e-01
  4.6246782e-02
 -5.6497097e-01
  1.3216454e-01
 -5.4911613e-01
 -1.8573073e-01
 -1.9962918e-02
 -7.8755334e-02
  6.3157961e-02
 -1.0568647e-01
  1.9386699e+00
  2.6213143e+00
  2.6528852e+00
 -1.5830909e+00
 -3.0801373e-02
 -4.6053883e-01
 -4.9825057e-02
  6.3108116e-02
 -1.5400953e+00
  2.5967327e-01
  6.6465813e-01
  3.2546273e-01
 -2.6576921e-01
  3.4177384e+00
 -4.8888278e+00
 -3.6158435e-02
  1.3048048e+00
 -2.3759632e-01
 -1.2334724e-02
  8.1290722e-02
 -3.3088233e+00
  1.6486762e+00
  3.2938238e-02
 -1.4729500e-01
 -1.0218636e-01
 -3.8775718e-01
  9.1226727e-02
 -1.5062311e-01
 -3.5077760e+00
 -7.0940867e-02
  2.1967369e-01
  8.5843444e-02
  5.0851353e-02
 -3.2273301e-01
  2.2350800e-01
  1.8048945e-01
 -1.0423516e-01
 -2.4261715e-02
  7.7876359e-01
  9.8648691e-01
  1.2109684e+00
 -9.1469854e-01
  2.8302807e-01
  8.3070472e-02
  1.0718413e-01
  3.6238801e-02
  6.3665342e-01
 -4.3715391e-01
  2.9152842e-02
 -6.2786206e-03
  2.3287427e-02
  7.3892787e-02
 -4.0029630e-01
  2.9513395e-01
  2.1247564e-02
 -1.2400909e-03
 -7.9314128e-02
 -2.4915475e-01
  6.8785897e-03
  4.3594010e-02
  2.4441417e-01
 -7.1829138e-03
 -2.3661751e-02
 -3.3365971e-01
  2.6110744e-01
 -3.6108717e-02
  2.9038027e-01
  7.8629285e-01
  3.9734256e-01
  1.5441050e-01
 -6.6949792e-02
 -2.6481226e-01
  2.1466626e-01
 -5.7098247e-02
  3.7388909e-01
  1.3849509e-02
 -3.2751284e+00
 -1.2832718e-01
  7.4471131e-02
 -1.0562108e-01
  1.3407229e-01
  5.3509235e+00
 -3.9292207e+00
  1.4931853e-01
 -2.5813980e+00
 -2.4007504e+00
  1.5072265e+01
  1.3109916e+01
  5.3560063e-02
  2.6293209e-01
 -3.9422625e-01
  1.6986052e+00
  7.9392880e-01
  5.4132987e-02
 -2.3728868e-01
  3.4099579e+00
 -7.4893159e-01
  1.7833596e-01
  2.0807295e+00
  1.6156986e-01
 -4.2576936e-01
  1.3483096e+00
  1.2699157e+00
 -5.7281165e+00
 -5.9164839e+00
 -1.7316349e-01
 -1.5013222e+00
 -1.5467216e+00
 -1.1548822e-02
 -1.7011373e+00
  1.1954823e+00
 -2.6351671e+00
  6.4882092e-02
 -2.2125735e+00
  1.1420947e-02
 -2.2188041e-01
 -9.7834766e-02
 -4.0684068e-01
  3.7220672e-01
  3.8592473e-01
  1.9927590e+00
  1.9350916e-01
  3.2085318e-02
 -1.8547067e-02
 -1.8194354e-01
  2.9530126e-01
 -5.6255233e-01
  6.5489881e-02
  2.0290442e-01
  3.0887377e-01
  8.7670684e-02
  6.2586389e-02
 -3.4296851e+00
  6.0077441e-01
  4.6125102e-01
 -7.3389955e-02
  3.1034918e+00
 -7.6870382e-01
 -2.7157214e-01
 -9.8870955e-02
  3.2690134e-02
  3.4209404e+00
 -1.0215937e-01
  1.8269508e-01
  9.2142880e-01
 -4.8746676e-03
  1.5818368e-01
  1.4236345e-03
  2.5319564e-01
  8.0323339e-02
  2.3989551e-02
  1.1820526e-01
  1.5436266e-01
 -5.1830894e-01
 -2.1190403e-03
 -2.6411755e-02
 -5.8702290e-01
  1.3905169e-03
  2.1708388e+00
  3.4428637e-02
 -2.2616273e-01
  5.8956838e-01
  1.2327218e+00
 -5.9046197e-01
 -2.8194857e-01
 -2.9817557e-02
  1.0857315e+00
 -1.8682254e-02
 -6.7261927e-02
 -2.0443971e+00
  2.2303252e-02
  1.0733815e-01
 -1.1538513e-01
  1.3711283e+00
 -1.1947238e-01
  2.1901946e-01
  5.6336351e-02
 -3.4655366e-02
  5.7515192e-01
  1.4762798e-01
  6.4539693e-02
  5.0787511e-03
 -4.3827374e-02
  5.5994576e-01
 -2.1848504e-01
 -1.6576391e-01
  1.5969787e+00
  3.7945446e-01
  6.5057658e-02
  6.0613465e-02
  9.1378264e-02
  9.8995976e-03
 -6.3974217e-02
 -1.3247696e-01
  1.0426342e+00
  4.1855622e-02
  3.5747042e-01
  4.4581614e-02
  3.4569269e-01
 -1.8901484e-01
 -2.8765466e+00
  1.1927992e+00
 -3.1348902e-01
  4.7099113e+00
 -2.7091801e-01
  2.9546000e-02
 -2.4179980e-02
 -6.9186009e-02
  2.5384355e-01
 -1.0788503e-01
  1.8710140e+00
  4.3083838e-01
  1.4598899e-02
 -1.7539322e-01
 -9.8049290e-02
  9.7906125e-01
 -2.7919726e-02
  3.9674960e-02
 -4.1560018e-01
  2.8914225e-01
  2.0501626e-01
  2.4806650e-01
  5.3763640e-04
  1.4509989e-02
 -8.4268071e-02
 -2.6253095e+00
  3.7556451e-02
  1.1179350e-01
 -1.9288175e-02
  1.7575707e-01
 -3.9102301e-02
 -1.9978158e+00
  2.0471907e+00
 -9.2848432e-01
 -3.9540758e+00
 -3.8457286e-01
 -3.0106227e+00
  8.1460017e-01
 -1.1627378e+00
 -2.3088622e+00
  2.5040879e+00
  8.8398945e-01
  4.3745607e-01
  2.8642931e-03
 -1.0795522e-01
 -1.0699461e-01
  2.9139578e+00
  7.0544046e-01
  5.9878240e+00
 -5.2574217e-01
  1.6054045e+00
 -1.6663654e+00
  9.4094254e-02
  1.9237286e+00
  1.6602771e+00
  6.1141744e+00
  1.5774043e+00
 -2.8085935e+00
 -1.2061514e+00
  1.6938195e-02
 -1.3623025e+00
  8.5737222e-01
  4.2221408e+00
 -1.4398515e-01
  9.2739671e-01
  5.3226423e-01
 -5.2473897e-01
 -6.2757272e-01
  1.7929310e+00
 -2.8015584e-01
  6.7731999e-02
 -1.6953719e-01
 -2.0393460e+00
 -3.4768989e+00
 -9.9883676e-01
  3.5159311e-01
 -8.7632917e-02
  4.3954454e-02
 -1.4485095e+00
 -3.2887393e-01
 -1.9462059e+00
  2.7469379e-01
  9.2931700e-01
 -8.4115833e-01
  2.0614427e-01
 -1.4954900e+00
 -4.4722466e+00
 -1.5355632e+00
 -1.7360042e+00
  2.2583873e+00
 -1.1415637e+00
  1.6181974e-01
 -2.4964327e-01
  2.7197096e-04
  4.9448919e-01
  4.9819261e-01
  5.4211223e-01
  2.4498710e-01
  2.4994349e-02
 -1.6968870e+00
  5.6884181e-01
 -4.1236911e-02
  3.5397696e-01
 -8.6593051e-03
  1.9267829e-01
  2.2132277e-01
 -2.2150555e+00
 -3.8479645e+00
 -3.4237868e-01
 -9.1585323e-02
 -1.5986359e+00
  3.6708333e-02
  1.0845689e+00
 -7.9060447e-01
 -5.2873468e-01
 -5.3564495e-01
  1.4478702e-02
  2.7142069e+00
  9.3537588e-03
  4.5093145e+00
  1.4015731e-01
 -5.1921016e-01
  5.5806812e-02
 -2.4625670e-02
 -2.4600320e-01
 -1.7852946e-01
  1.2599714e-01
 -4.5364745e-02
  3.6372969e-01
  2.8066269e-01
 -4.4041764e-02
 -1.4672802e-01
  8.4468862e-03
 -2.5201774e-01
 -8.6793613e-01
  8.9663014e-02
 -1.8880073e+00
  1.8927407e-01
 -8.8357174e-01
  2.1699722e+00
  4.4779442e-02
  3.3397932e+00
 -9.7900087e-01
  3.2078400e-01
  3.0940476e-01
  2.7040560e-02
 -1.9381946e+00
  5.4350805e+00
  1.1664517e+00
  4.7012579e-02
  3.7398136e-01
 -2.4983103e+00
  3.1082435e+00
  1.3019098e+00
 -1.2649935e+00
  3.4259667e+00
 -5.1732916e-01
 -7.5687051e-01
 -9.3698567e-01
  9.3510348e-01
 -4.6191180e-01
 -1.8897183e+00
 -1.3598839e+00
  1.1668648e+00
  3.0325723e+00
 -2.1631254e-01
 -4.7872133e+00
  1.4883217e+00
  1.1277024e+00
  3.7287121e+00
  1.0387235e-01
 -2.4221764e+00
  6.9577828e-02
  2.8670648e-01
  4.9850173e-02
  4.7218764e-01
 -1.3142404e-01
  1.9561735e+00
  8.5318103e-02
 -2.1931963e+00
  1.2295603e-01
 -3.4273082e-01
 -4.7707874e-01
  2.8457946e-01
 -2.1112436e-01
  6.2158361e-02
 -2.6985598e-01
  1.5221258e-01
 -1.2322037e+00
 -9.6003175e-01
  4.8412564e-01
  1.8672428e+00
 -1.7914913e+00
 -3.6454582e-01
 -4.3138906e-02
  1.4358643e+00
  8.5376180e-04
  1.8037325e-01
  2.6154783e-01
 -2.4321365e+00
  6.6389602e-01
  9.9636927e-02
  7.2312251e-02
 -5.1933253e-01
 -1.3192259e-01
  5.3373333e-02
 -3.6248302e+00
  1.6147662e+00
 -1.3842542e-01
  5.7777097e-03
  6.7246459e-02
 -2.0175214e-01
 -4.3334648e-02
 -4.2136598e-01
  1.7135144e+00
  5.5706269e-01
 -1.7738266e+00
  7.3462531e-02
  2.8059227e+00
  6.1821319e-02
 -3.7986547e-02
  7.9380667e-01
  1.5918499e-01
 -8.6736850e-02
  2.7101079e-01
 -9.7444281e-02
  2.3972926e+00
  1.3240097e+00
  7.1369052e-02
  7.6557193e-03
 -8.2870162e-01
  6.3396221e-01
 -2.6579788e-01
 -5.6681942e-02
 -3.4038508e-01
  1.5699963e-01
  5.1362199e-01
  2.1465527e-01
  1.0780251e-01
 -1.9680290e-01
 -9.5602411e-01
  7.3332471e-01
  1.5291878e+00
 -3.8944561e-02
  1.1424679e-01
 -1.6375934e-01
 -6.6254966e-02
 -5.1925793e-02
  1.1535005e-01
 -1.7359752e-02
 -1.1955079e-01
 -1.3355546e-01
 -1.7622524e+00
  2.8521499e-01
 -6.0451444e-02
 -3.2902062e-01
  3.3990720e-01
  2.3943049e-01
  1.6443068e-01
  2.6180208e-01
 -3.5133194e-02
 -6.5746553e-02
 -1.1926450e+00
 -1.4414089e+00
 -3.2696377e-02
  2.6614704e+00
 -1.7849444e+00
 -9.6732646e-04
  1.1767965e-01
 -1.4727023e+00
 -2.1336211e-01
 -2.0990070e-02
 -3.1218958e+00
  1.7327304e-01
 -4.5060369e-01
 -1.3092020e+00
 -5.7761338e-02
 -2.4853958e-02
 -1.2525432e-01
 -4.0848684e-02
 -7.7024490e-02
  1.4006770e-02
 -2.6112598e-01
 -2.2035077e-01
  1.1104330e-01
  3.5094209e-02
 -6.6696756e-02
 -1.2424039e+00
 -1.8471634e+00
 -1.6092019e+00
 -3.8833420e+00
  3.7861907e+00
  5.5716151e-01
  8.6349356e-01
  4.1851802e+00
  3.5314898e+00
 -4.0942063e+00
 -9.2732713e-02
  6.6622525e-02
 -1.2485389e-01
  9.3330946e-03
 -1.1486962e+00
 -1.0990275e-02
 -6.4062142e-01
 -2.1383030e+00
 -1.2778614e-01
  9.9151894e-02
 -5.9536862e+00
 -1.0768900e+00
 -3.3323917e-01
  1.8835953e-01
 -3.5257685e+00
  7.7890676e-01
  1.9845818e-03
  2.1858583e-01
 -3.1630504e-01
 -4.1510172e+00
 -1.4795710e+00
  2.6693869e+00
 -4.4278201e-02
  1.7821957e+00
 -7.5562648e-02
 -2.1992996e+00
 -1.2640291e+00
 -6.5748975e-02
 -9.1338433e-02
  1.4921609e-01
 -1.6255027e-01
  4.2217314e-02
  9.3828633e-02
  3.2800730e-02
  1.6705416e-02
 -2.5225455e-01
 -1.9868205e-01
  1.7100557e+00
  1.9308876e-01
 -2.5059322e-01
  1.4036122e-01
 -4.5852175e+00
  9.7001083e-02
 -2.9055688e+00
 -2.5936401e+00
 -4.0290669e-01
 -1.6964444e+00
  1.0042534e+00
 -6.9820040e-01
 -3.6038873e+00
 -4.0537149e-01
 -5.8424186e-02
 -1.0804228e+00
  1.4178444e-02
 -1.7331650e+00
  3.1268314e-01
 -3.2777548e-01
 -1.5530325e+00
  1.1527699e+00
  2.9149246e-01
  2.7172860e-02
 -1.4753860e+00
 -1.3681883e+00
 -5.8626994e-02
  6.8742597e-01
 -7.4524409e-01
  9.6175319e-01
  4.4995332e+00
  2.8777049e+00
  7.3866382e+00
  3.5860449e-02
 -1.1285609e+00
  1.5073973e+00
 -4.5357156e-01
  1.1420349e+00
 -3.9034295e+00
 -1.1177633e+00
 -2.3198526e+00
 -3.0820256e-02
  6.1972048e-02
  2.9048121e-03
 -5.8725446e-01
 -1.6098006e+00
 -3.2547441e-01
 -6.9521819e-03
  2.5565861e-02
  9.0291083e-02
  5.0344145e-01
  1.9138630e-01
 -1.4407051e-01
 -5.8661576e-02
  3.6954767e-01
  6.7969519e-01
  3.1425843e+00
  3.8059919e+00
  1.8869029e-02
  2.8189191e-01
  1.1606889e-01
 -9.0840403e-03
  1.8255290e-01
  3.8297477e-01
  2.7361110e-01
  2.7355202e-02
 -5.9568761e-03
 -6.8152040e-01
  2.3206194e-01
  8.2832742e-03
 -3.2793719e-02
  4.5627758e-02
 -1.3936239e-01
 -1.9744951e-01
  8.7943308e-02
 -4.3909077e-02
  1.8772659e+00
  1.1655402e-01
 -1.1298107e-01
 -1.1225836e-01
 -1.6065648e-01
 -5.0905812e-01
 -3.5473841e-01
  6.9220133e-02
 -4.8331294e+00
 -3.4392172e-01
  1.8680911e-01
  7.8051960e-01
  1.5897000e-01
  3.3927023e-01
  1.6011454e-02
 -2.0965205e-01
 -8.3100893e-02
  1.5875137e-01
 -3.8930140e-02
 -1.1693283e-02
 -2.9232034e-01
  2.4312863e-02
 -1.2501185e-01
 -3.5038650e-02
 -6.0729686e-02
 -1.3730210e-02
 -4.9146600e-02
 -4.2470489e-02
 -1.6286897e-02
  9.6529476e-02
  8.7343735e-01
  4.2608857e-01
 -5.8082503e-01
  1.5566289e+00
 -2.1365986e+00
 -1.1831753e-02
 -2.2134786e+00
 -6.4947181e+00
 -2.8201480e+00
 -1.9006342e+00
  1.3405629e-02
  1.4212167e-01
 -1.2267482e+00
 -7.1002893e-02
 -4.4970576e-02
 -8.9621663e-02
  4.0860346e-01
 -2.1061339e+00
  6.2062744e-02
  1.0893875e+00
  2.0971501e+00
 -7.3701978e-02
 -2.2612653e+00
  3.5329826e-02
 -9.7021960e-02
 -8.6553209e-02
 -1.1666691e-01
  1.8170359e+00
 -2.1466950e-01
  7.7030706e-01
  9.9417925e-02
  9.4349992e-01
  3.0355194e-01
 -2.3944185e-03
  3.4625268e-01
 -4.4133539e+00
 -3.7912494e-01
  8.8228136e-02
  4.4927463e-01
 -1.2421598e-01
 -1.0961094e-02
  1.0408802e-01
 -1.5856457e-01
 -5.5030946e-02
 -1.5632758e-02
 -1.1140212e+00
 -3.3650142e-03
  5.4497845e-03
 -9.2379355e-01
 -4.9466364e-02
 -2.8084414e-02
  2.4416775e-01
  1.0410783e-02
  3.6779504e+00
 -2.9574301e+00
 -1.5577383e-01
 -1.7490476e-02
  2.1815274e-02
 -7.8108871e-01
  1.7310996e+00
 -5.8682863e-02
 -2.1296965e-01
 -8.2491562e-02
  2.1581190e-02
 -3.1777614e-01
  8.9751959e-02
 -1.0447163e-01
 -1.3283359e-01
  1.5959173e-01
 -1.0513606e-01
 -1.7161761e-01
 -1.0875103e-01
 -4.3595687e-01
 -6.6858284e-02
 -4.4685025e-02
 -1.0999463e-01
 -7.6715567e-04
  7.1766444e-02
 -2.7685368e-01
 -1.7452948e-01
 -5.1302664e-02
  9.4952010e-02
  2.2002418e-01
 -1.6120144e+00
 -1.9704030e-01
  8.6542316e-02
 -3.0067002e-02
  2.7867132e-01
  1.3784485e-01
  9.4812229e-02
 -3.0098459e-01
 -4.6154875e-01
 -2.4754316e-01
  1.0472127e-01
  2.2180900e-01
  8.5916437e-02
  1.4159386e-01
  4.2737715e-02
  3.8229223e-02
  1.0218914e-01
  6.7675941e-02
  2.7160621e-01
 -3.3534329e-02
 -7.7733152e-02
  4.2734738e-02
 -1.2032744e+00
  2.0284297e+00
 -3.5604355e-01
 -7.5356668e-01
 -4.0507111e-01
 -4.2360941e-01
  3.2321280e-01
 -3.9968184e-01
  1.2093083e-01
 -1.8492471e+00
 -3.9110538e-02
  2.6379630e-02
  2.8928930e-01
  4.7860351e-01
  8.8866882e-02
  1.4131676e+00
 -3.1491679e-01
  1.9717066e-01
  1.9071761e+00
  3.3321800e+00
  1.0809466e+00
 -1.7347257e+00
  4.5845085e-01
  1.4212608e-01
 -1.0181328e+00
 -1.5307271e-01
  8.9423172e-02
  5.5300033e-01
  1.1284371e-01
 -2.1324172e+00
  1.3257017e+00
 -1.8543953e-01
 -1.4297616e-01
 -2.9679087e-01
 -6.0315490e-02
  2.3292835e-01
 -9.3771748e-02
  5.8495406e-02
  2.4394315e-02
  5.9727143e-02
 -3.2988238e-01
 -1.4732411e+00
 -1.7237658e-02
 -3.5466921e-02
 -3.0135348e-01
  1.1916672e-01
  5.0079226e+00
 -2.3203467e-01
  1.4313117e+00
 -2.2532926e+00
 -1.8993011e+00
  1.3482126e+00
 -1.4808502e+00
  1.3393140e+00
  3.2447293e+00
  7.8600556e-01
 -1.5150259e+00
 -2.8279337e-01
 -1.1844896e+00
 -6.7004305e-01
 -7.3672634e-01
 -1.2820618e+00
  1.7039382e+00
 -1.9418288e+00
  5.2192694e-01
  2.6174793e+00
 -2.9117305e+00
  2.8185129e+00
 -5.1684833e+00
  4.0174909e+00
 -2.3465450e+00
 -7.9774194e+00
  9.1800267e-01
 -1.9503702e+00
  1.4225881e+00
 -1.3807328e+00
  8.7962303e+00
  8.3067095e-01
  1.1201613e+00
  3.8612387e+00
 -3.5874689e+00
 -3.2442009e+00
  3.0348225e+00
  2.7861114e+00
  3.9071400e+00
  3.3986661e-01
  9.8433038e-03
  1.3448364e-01
  3.7718001e-01
  1.8045072e-02
  1.1049259e-01
 -2.5031433e-01
 -6.7465030e-02
  1.1763614e-01
  5.3760347e+00
 -2.8533402e-01
  1.8642962e-01
 -3.9474455e-01
 -3.1967857e+00
 -2.7344170e-01
 -2.8533310e-01
 -7.8465075e+00
  1.5628282e+00
 -1.8348502e+00
 -7.3337752e-01
  3.5217555e+00
 -1.8465021e+00
 -1.6335167e+00
 -1.2968436e+00
 -1.8185563e+00
 -4.0269205e-01
  9.4896115e-02
 -2.9580927e+00
  1.6212606e-01
  1.5308566e-01
  5.1211852e-01
  6.5608352e-02
  1.3719071e-01
 -1.5199617e-01
  7.3181085e-02
  3.4203591e+00
 -8.7585039e+00
  4.6482773e+00
  5.7511954e+00
 -2.9579622e-01
 -1.1070685e+00
  1.1833762e+00
 -3.6653032e+00
  4.3143593e-02
  3.5414103e-01
  2.6620427e-01
  1.6015284e-01
 -1.6220626e+00
 -4.7316068e-01
  3.0274674e-01
  1.3871939e-01
 -1.7296931e-01
  1.8708061e-01
  1.4645504e+00
  1.5695243e-01
 -3.4375671e-01
  3.0821174e-01
  3.8762391e-01
  3.3524376e-01
 -9.0473080e-01
 -1.6502008e-02
 -2.3972542e+00
 -1.4171410e-01
 -2.0026723e-01
 -2.0022550e+00
  1.5102930e+00
 -1.3458927e+00
  2.0566320e+00
 -2.4222157e+00
 -1.6645401e+00
 -2.5026960e+00
 -8.9701450e-01
  1.7700154e+00
 -1.7873535e+00
  1.8124290e+00
  8.3687347e-01
  3.3367753e+00
 -1.3647336e+00
  2.1815119e+00
  1.5362778e+00
  1.6510383e+00
  8.5279649e-01
 -7.0568305e-01
 -2.5793087e+00
  3.0248350e-01
  1.7472345e-04
  3.7662513e+00
  1.6666397e+00
 -3.7038796e+00
  1.3857809e+00
 -1.5843384e+00
  3.1079426e+00
  6.3348234e-01
 -2.8663664e+00
 -2.9583883e+00
 -2.2032900e+00
  1.5740198e-01
  2.2797198e+00
  8.3863306e-01
 -9.3412310e-01
  6.4442956e-01
  2.3966315e+00
  2.0107000e+00
  3.0396819e+00
  3.7995694e+00
 -2.8839157e+00
 -1.9609348e+00
 -2.3263381e+00
 -1.4688787e+00
  2.4359725e+00
 -5.8404183e-01
  1.9152073e+00
  2.6385231e+00
  1.0193688e+00
 -1.2243209e+00
 -1.3567634e+00
 -2.2798381e+00
  1.2628204e-01
  3.5008464e+00
  1.1270441e-01
 -2.5916061e+00
 -3.1913835e-01
  3.2925742e+00
 -2.0673878e+00
  2.1035855e+00
  2.2756867e+00
  2.9391152e-01
  8.9988106e-01
  8.8513905e-01
 -3.3237708e-01
 -5.2690886e-02
  8.1384075e-01
  2.2484408e-01
  7.3211780e-03
  2.2585127e-01
 -1.6786945e+00
  1.8547557e-01
 -3.2178524e-01
  7.3483425e-01
 -2.4679586e-01
 -6.8225491e-01
 -1.1971246e-01
  4.5717031e-01
 -1.6364007e+00
 -1.9078454e+00
 -2.7690468e+00
  2.7856536e+00
 -7.6398754e-01
  2.9362125e+00
 -5.5634683e-01
 -7.5540692e-01
 -2.0107732e+00
  1.9539295e+00
 -1.2725693e-01
  6.6333181e-01
 -6.9906354e-01
  1.5434061e+00
 -1.0169667e+00
 -1.5464529e-01
 -1.7329479e+00
 -1.4368137e+00
  3.2761323e+00
 -2.2079813e+00
 -8.2904387e-01
 -1.2977251e+00
 -2.7819106e-01
  1.4554937e+00
 -3.1125081e-01
  1.4155986e+00
 -3.8709015e-02
  6.4340992e+00
  1.4439187e+00
  1.9666389e-01
  1.1986133e+00
 -4.7138542e-01
  9.5318812e-01
 -6.6043334e+00
  7.0770626e+00
 -1.7454523e+00
 -9.7842234e-01
 -6.8793881e-01
 -1.2079024e+00
 -6.8535870e-01
  2.3102801e+00
 -1.9431812e+00
 -6.8804395e-01
 -6.7800679e+00
 -2.1190050e+00
  3.3880253e+00
 -2.9177959e+00
  6.4002043e-01
 -7.4535856e+00
 -4.0804070e-01
  1.4113460e+00
  2.0591359e+00
  2.9806693e+00
 -2.4170530e-01
 -8.8842630e-01
  1.7817577e+00
 -1.3776568e+00
  5.4742092e-01
 -3.5847945e+00
 -1.4458220e+00
 -5.1882262e+00
 -6.8760719e+00
  4.3503814e+00
  5.4671831e+00
  8.7371129e-01
  3.1969173e+00
 -4.5123377e-01
 -4.4888556e-01
 -6.2429585e+00
 -3.7887945e+00
 -2.0149071e+00
  3.7949045e+00
  1.6661006e-01
  4.3974051e+00
 -1.3462883e+00
 -2.0690725e+00
  3.3249884e+00
  4.3287296e+00
 -4.7961169e-01
 -4.6130018e+00
  5.5025392e+00
 -1.7497212e+00
 -1.8041203e+00
  4.4809744e-01
  2.0216806e+00
 -1.9812535e+00
 -6.6927648e-01
  3.7716305e-01
  1.4414322e+00
 -4.1624293e+00
  2.2668796e-02
 -2.1659560e+00
  3.2388496e+00
 -1.6237059e-01
  9.0235299e-01
  1.0682410e+00
  3.1092732e+00
  3.6237877e-02
 -1.3987806e+00
 -1.7263534e+00
  1.5897101e+00
  1.9279271e+00
  2.7796876e+00
 -5.9835501e+00
  1.2478242e+00
 -4.1361856e+00
  6.4420545e-01
  3.2953045e-01
  2.2862556e+00
 -6.4959097e+00
  9.2483091e-01
 -3.4077287e+00
  2.0418298e-01
 -1.1663294e+00
  1.4596549e+00
 -1.7268566e+00
  1.3063416e+00
 -5.9672636e-01
 -2.5184891e+00
  5.3586407e+00
 -3.1880279e+00
  6.3880485e-01
  1.6983295e+02
  2.9241979e+00
  1.0218070e+00
 -1.1290504e+00
  2.0031328e+00
  1.8719447e+00
  4.0410689e-01
  1.8545637e+00
  5.1215544e+00
 -2.5711288e+00
 -2.7118390e+00
 -1.6150682e+00
  2.7874045e+00
  7.4310637e-01
 -2.2062628e+00
 -4.6499109e+00
 -1.8738770e-03
  5.7567396e+00
  1.3950683e+00
  1.2083728e+00
 -5.1166139e+00
 -1.1362039e+00
 -7.7587241e-01
  1.3949617e+00
 -7.9996407e-01
 -6.1816049e-01
  1.5629284e+00
 -2.3850315e+00
  2.6724792e-01
  1.7469190e+00
  1.1333667e+00
  5.6022322e-01
 -6.6556997e+00
 -5.6460047e-01
 -1.5042378e+00
 -8.4403145e-01
  8.1120901e+00
  3.6274022e-01
  1.4378073e+00
  8.6915769e-02
  5.2917820e-01
  1.4993858e+00
 -8.6639804e-01
 -3.2267600e-01
  4.4107299e+00
  4.0167098e+00
  5.0125523e+00
  1.6707507e+00
  1.4424762e-01
  1.9806875e+00
 -1.5035088e+00
  1.4668978e+00
  2.2689838e+00
  2.6662908e+00
  2.4894075e+00
 -7.3785913e-01
 -1.5825535e+00
  3.8475394e+00
 -4.5901222e+00
 -9.1113317e-01
 -3.5355403e+00
 -3.2324171e+00
  1.7212547e+00
 -3.7634268e+00
 -6.3244134e-01
  2.5604823e-01
 -1.1550906e+00
 -5.8068663e-01
  6.6722274e-01
 -2.2330291e+00
 -1.3904023e+00
  3.8418457e-02
  2.4477696e+00
 -1.2526644e+00
 -4.3272236e-01
  6.0061755e+00
  2.4781103e+00
  4.6082177e+00
  2.6145625e-01
  1.6106255e+00
 -6.2707317e-01
  2.8589928e+00
  2.2100928e+00
 -2.7143462e+00
 -3.6193402e+00
  2.1482759e+00
 -6.3891673e-01
 -3.7196872e-01
  5.2401881e+00
 -4.2830920e-01
 -1.6678171e+00
  9.2081644e-02
 -7.9873174e-02
  2.1240003e+00
 -2.1073270e+00
 -7.5245309e-01
  2.4799941e+00
 -2.1447883e+00
 -1.2246583e+00
 -3.6835784e-01
  1.2679136e+00
  8.8393605e-01
 -1.2514504e+00
 -2.6248133e-01
  3.0089192e+00
 -2.6700893e-01
 -7.0534098e-01
 -3.9902547e-01
  9.9567783e-01
 -1.7006528e+00
 -2.9772627e+00
 -7.8174281e+00
  2.2698812e+00
  4.4057775e+00
  3.8736823e+00
  1.6967241e+00
  1.1368328e-01
  1.7142365e+00
 -2.2862675e+00
  1.5163410e+00
  1.1808902e+00
 -1.4017722e-01
 -3.6872318e+00
 -1.0557765e+00
 -6.1332726e-01
  2.2435491e-01
  2.3690610e+00
  1.4562013e+00
  4.4527993e+00
  5.6488891e+00
 -3.0296674e-01
  9.0377051e-01
  3.2340517e+00
 -2.1373847e+00
 -2.8362558e+00
 -1.3445752e+00
  1.9948651e+00
 -6.6648593e+00
  1.0735213e+00
 -3.5067918e+00
 -2.8187349e+00
 -1.3961635e+00
  3.3184323e-01
  7.9224992e-01
  8.8143331e-01
 -2.4426404e-01
 -9.2774469e-01
 -2.5058274e+00
  6.5223759e-01
  3.7170611e-02
  4.0070543e-01
 -3.3953788e+00
 -4.2391789e-01
  8.1455857e-01
  2.4734657e+00
 -5.2982539e-01
  4.0877810e-01
 -1.4090072e-01
 -1.4600110e+00
  5.6885872e+00
  2.1409657e+00
  3.9686232e+00
 -2.2463558e+00
  1.5095897e+00
  6.3959908e-01
 -6.8754739e-01
  1.5169779e+00
 -6.8678051e-01
  3.2747130e+00
  2.5378685e+00
 -1.8051043e-01
 -1.0193648e+00
 -2.6622546e+00
  4.6041245e+00
 -2.1128948e+00
 -8.8745975e-01
 -3.6361349e+00
  1.8004795e+00
  3.6645133e+00
  3.0475252e+00
  2.2818878e+00
  8.6965513e-01
 -2.5894115e+00
  3.0325511e-01
  1.3082916e+00
 -1.9099381e+00
  2.0569421e-02
 -2.6970129e+00
  2.4152234e+00
 -6.2055910e-01
  5.4012662e-01
 -3.2042840e+00
  4.9680820e-01
 -2.9008670e+00
  1.9865741e+00
  3.8314927e-02
 -3.8368425e+00
  2.0463417e+00
 -1.9198098e+00
  3.5864812e-01
 -6.4427280e+00
 -1.3862941e+00
  1.2726862e+00
  1.2147580e+00
 -1.5369093e+00
 -4.1534594e-01
  5.3729880e-01
  1.0398048e+00
 -1.0216677e+00
 -2.3330410e+00
  5.7158381e-01
 -1.9678326e+00
  3.1621394e+00
 -1.0937201e+00
  2.8038094e+00
 -7.5201714e-01
  2.9245820e+00
 -3.2405823e-02
 -3.6142213e+00
 -2.3576283e+00
 -1.3728759e+00
  2.3521854e-01
 -3.4427948e+00
  3.7267321e-01
  1.3608103e+00
 -6.5245527e-01
  6.1601601e+00
  3.0308013e+00
 -1.5784217e+00
  1.2242125e+00
 -4.5553513e+00
  5.5970340e+00
  1.8607016e+00
  1.3970196e+00
 -9.0969878e-01
 -2.6802218e+00
 -4.4766170e-01
 -2.3853323e+00
 -6.6307682e-01
  2.5197949e+00
  2.6204302e+00
  2.4318743e-01
  2.0047941e+00
 -2.6776719e+00
  8.7874693e-01
 -7.6149456e-02
 -1.4084052e-01
 -5.5345124e-01
  1.8693038e+00
 -7.9200226e-01
  1.0138990e+00
 -3.5218707e-01
 -1.6294440e+00
 -6.5314466e-01
 -2.1113939e+00
  5.0822644e+00
  9.9702680e-01
  4.4234633e-01
  4.7430861e-01
  1.9396707e+00
 -2.9157727e+00
  1.9733725e+00
 -1.0275297e+00
  2.4383423e+00
  1.7111601e-01
 -1.7197095e+00
  5.8164868e+00
 -7.6802145e-03
  2.3767690e-01
  2.9204931e+00
 -9.9994063e-01
  5.8231044e-01
  5.7400131e-01
 -3.8504750e-01
  1.7374723e-01
 -3.1886094e+00
  5.7561517e-01
  2.3222234e+00
  4.7091784e+00
  2.6703286e+00
 -3.2250826e+00
  5.5985045e+00
  5.6649876e+00
  5.5644304e-01
  2.9044023e-02
  1.9598292e+00
 -2.0735495e+00
  1.9628208e+00
 -3.7647750e+00
  5.3147483e-01
  7.6447207e-01
 -2.8798014e-01
 -3.4204608e-01
  8.6154938e-01
 -6.1479812e-03
 -9.9804580e-02
  2.5163630e-01
 -2.9919932e+00
 -3.5553837e-01
 -3.2919070e-01
  4.7130057e-01
  1.0909201e+00
 -3.6573645e-01
  3.7059000e-01
  1.6439162e+00
 -3.0931917e-01
  2.8819256e+00
 -2.1625833e-01
 -3.3739061e+00
 -2.6540065e+00
  1.4600110e+00
 -1.1862434e-01
  2.2459488e+00
  1.2943835e+00
 -6.9665432e-01
 -2.5954525e+00
 -1.5170906e+00
  3.7296381e+00
  5.2044120e+00
 -5.0488586e+00
  5.6212902e-02
  6.3241024e+00
 -7.2263031e+00
  2.3880754e+00
 -7.6398048e+00
 -9.3889815e-01
 -1.1840862e+00
 -1.9372629e+00
 -2.6325662e+00
  2.0073800e+00
  2.9647100e+00
 -1.0389246e+00
 -3.9487910e+00
 -2.2025216e+00
 -2.6066706e+00
  2.6566887e+00
 -5.3217721e+00
 -1.4679803e+00
 -8.0910183e-02
  1.1898578e-01
 -4.8097520e+00
 -7.0496172e-01
 -6.9423002e-01
  3.5157481e-01
 -7.2128630e-01
  5.5730140e-01
  2.1908062e+00
  2.6712618e+00
 -1.4760239e-01
  2.1208665e+00
  2.2740567e+00
 -1.2670422e-01
 -3.1859438e+00
 -7.3785138e-01
  2.5665781e+00
  1.7409551e+00
 -3.1570739e-01
 -4.4834596e-01
  1.9420681e+00
  2.8581405e+00
  2.3521695e+00
 -1.7493805e+00
  3.1800370e+00
  4.3784161e+00
  1.4757082e-01
  1.2171766e+00
  1.7421901e+00
 -4.9402194e+00
  9.3844169e-01
  3.5611075e-01
  6.9354033e+00
 -2.6472356e+00
  2.8646769e-02
  1.7816980e+00
 -4.8392634e+00
  1.8236253e+00
 -2.5846155e+00
 -1.6824509e+00
  3.9380443e+00
  5.5325198e+00
  2.2968512e+00
 -1.0248983e+00
  1.1208365e+01
 -1.1516534e+00
  5.8867674e+00
  4.3569016e+00
 -7.7777427e-01
 -4.2454224e+00
 -6.6777760e-01
 -8.0183679e-01
 -6.6272902e+00
  3.7202618e+00
  9.2997760e-01
 -3.6200953e+00
  3.0198371e+00
 -1.5397273e+00
  6.6119397e-01
 -1.5637310e+00
  6.4117017e+00
  3.1885772e+00
  1.8440748e+00
 -1.8926575e+00
  1.2754362e+00
 -3.1477931e+00
  4.0015755e+00
 -1.5263693e+00
 -1.6577950e+00
  3.1508333e-03
  3.8769557e+00
 -2.6461465e+00
  1.9089012e+00
 -3.1911688e+00
  3.2081361e+00
  1.0133997e+00
  2.7735019e+00
 -3.9524886e-01
 -1.9714663e+00
 -8.6022240e-01
  2.2592821e+00
  3.4065983e+00
 -7.4536729e-01
  6.6564143e-01
  1.1414286e+00
 -9.3665838e+00
  1.2017188e+00
 -7.6057631e-01
 -2.5651805e+00
  3.0661795e+00
  1.1664186e+00
 -7.0122421e-01
  6.2174096e+00
 -5.7774348e+00
  3.1772947e+00
 -4.8740091e+00
  2.1312227e+00
 -4.1790352e+00
  1.9849687e+00
  6.2037402e-01
 -2.2926781e+00
 -3.7080951e+00
 -3.1838300e+00
  2.8931022e-01
 -2.0814297e+00
  5.6566912e-01
 -1.6400416e+00
  1.6899436e+00
 -1.4071552e-01
  1.3970019e+00
  4.9675560e+00
  9.1058028e-01
  1.8849065e+00
 -1.8901340e+00
  6.2268841e-01
  5.0514221e-01
  2.1351452e-01
 -2.4774714e+00
  2.6787210e+00
  7.2233707e-01
 -4.1062107e+00
  2.3467472e-02
  2.5402260e+00
  5.6859428e-01
  3.6667902e+00
  1.6852858e+00
  7.5356703e+00
 -8.0329186e-01
  4.1939601e-01
  1.0072346e+00
  2.3061471e+00
  2.3877645e+00
 -4.1103595e-01
 -4.4476882e-01
 -4.2219119e+00
  3.3537381e+00
  2.1231823e+00
 -4.1438313e+00
  3.3503263e+00
 -4.6708355e+00
 -3.4760766e+00
 -1.9047624e+00
 -3.8294178e-01
 -4.0024261e+00
  1.1221064e+00
 -2.3172009e+00
  7.0058327e+00
  3.5139217e+00
  6.6377804e-02
  6.3967168e-01
  1.7211994e+00
  1.0007671e+00
  2.0614421e+00
 -8.5400659e-01
 -2.3306870e+00
  7.1645284e-01
 -1.2612910e+00
  6.9404846e-01
 -6.9578123e+00
 -5.8239424e-01
  4.0196192e-01
  1.2564917e+00
 -1.1010513e+00
  6.5856576e-01
  1.2091393e+00
  1.4496284e+00
  2.3898704e+00
  3.2322168e-01
  1.5948792e+00
  2.1040340e-01
  3.3250678e+00
  5.6796074e-01
  4.2688948e-01
  1.4251158e+00
 -5.5302143e-01
  5.0276136e-01
 -8.4699160e-01
 -1.9604214e+00
  1.1909865e+00
  5.5837288e+00
  1.3447191e+00
 -2.1537879e+00
 -3.6410189e+00
 -1.5332646e+00
 -5.2314200e+00
  2.0964282e+00
  3.2395117e+00
  1.2295455e+00
  1.1475511e+00
 -1.1731915e+00
  1.3554937e+00
  1.8243111e+00
  3.9549799e+00
 -3.5714219e+00
 -1.3230112e+00
  7.6334971e-01
  1.1359192e+00
 -1.5825138e+00
 -3.4605923e+00
  2.9624918e-01
  4.8410147e-01
  3.9454755e-01
  8.0674797e-01
 -1.6024308e-01
  1.4912068e+00
  2.3204656e+00
  1.5781703e+00
 -5.5648559e-01
  2.6360674e+00
  1.8405573e+00
 -2.2431090e+00
 -3.2242650e-01
  1.3433207e+00
  1.1004369e+00
 -2.9155078e+00
 -3.4173003e-01
  1.3271572e-01
 -3.9964369e-01
 -1.9668375e-01
 -1.4923807e+00
  3.1753469e-01
 -6.1936247e-01
 -3.0313799e+00
  2.2740223e+00
  1.2451996e+00
  2.3738980e+00
 -3.7259418e-01
  2.8641179e-01
  2.4433768e+00
  4.0074125e-01
  1.7631452e+00
 -2.5904560e+00
  8.7236071e-01
  2.1796360e+00
 -3.2475621e-01
  1.0296936e+00
 -1.9145753e+00
  3.1995383e-01
  2.8977296e+00
  1.5224372e+00
 -1.4498278e+00
 -1.1673573e+00
  1.3620990e-02
  1.9739134e+00
  1.5251626e-01
 -1.4947478e+00
  8.2159770e-01
 -1.0993677e+00
 -1.0823758e+00
 -1.1177202e+00
 -1.2695993e+00
  1.6578254e-01
 -8.3834225e-01
  9.2915893e-01
  2.6400352e+00
  6.7398304e-01
 -1.8150300e+00
  2.0959632e+00
  8.7458974e-01
  2.0951903e+00
  1.7514600e+00
  4.3988577e-01
 -7.8286804e-02
  8.9324087e-01
 -3.6089156e+00
  1.3916764e+00
 -4.3123565e+00
  4.8617282e+00
  3.8604617e-01
  2.0563509e+00
  3.8201787e+00
 -1.9061770e+00
 -8.1175148e-01
 -3.3326972e-01
 -8.5267001e-01
  1.5871443e+00
  5.8741349e-01
 -7.2915423e-01
 -4.2772551e+00
 -1.6311733e+00
  8.8090253e-01
 -3.4250286e-01
 -9.1341746e-01
 -6.4418006e-01
  1.5187401e+00
  1.1567953e+00
  3.5071714e+00
  1.5486863e+00
 -7.9665101e-01
  6.4653414e-01
 -1.2354823e+00
  2.1796982e+00
  1.2218685e+00
 -1.4483619e+00
  7.1125770e-01
  3.8990125e-01
  9.1011447e-01
 -1.4362124e+00
  1.5353016e+00
  6.5149814e-01
  5.6692117e-01
  3.8700709e-01
  2.2471502e+00
  4.2538944e-01
  1.2946951e-01
  1.1753210e+00
  4.9028873e-01
 -5.5086291e-01
 -7.9584318e-01
 -8.4685355e-01
 -2.1159253e+00
  2.1097302e+00
  3.9065993e-01
 -1.6343358e+00
 -9.6830225e-01
 -1.6213620e+00
 -8.1855035e-01
 -4.1812204e-02
 -3.5505538e+00
 -1.0270742e+00
 -1.4111848e+00
 -1.9786046e-03
 -3.2505672e+00
 -1.2482686e+00
  4.2181129e+00
 -1.3622234e+00
 -2.2578071e-01
 -1.3450545e+00
  3.0305243e+00
  3.8325757e-02
  3.0853689e+00
 -3.9569739e-01
  2.2076299e+00
  8.1560714e-03
  3.2895477e+00
  7.9257435e-01
 -7.8805333e-01
  2.7237968e+00
  4.5609193e+00
 -7.1067072e-02
  1.4119492e+00
 -5.0637436e-01
  3.2142329e-01
 -6.3004869e-01
  9.1938519e-01
 -1.1434457e+00
  3.1013119e-01
 -2.9206514e-01
  3.3453900e-01
 -1.8321832e+00
  4.3832469e-01
 -1.0351733e+00
  2.8785077e-01
  1.0829257e+00
  1.7665489e-01
 -2.6319456e-01
 -1.4378114e+00
  3.4731810e+00
 -6.4084802e+00
  6.2817235e+00
 -1.0219189e+00
 -3.2780621e+00
 -1.8221781e+00
  1.8329451e+00
 -5.1096601e+00
 -6.5492861e-02
 -1.4597645e+00
 -5.3571016e-01
  4.0980276e-01
  1.5944676e+00
 -3.5850117e+00
  3.8895535e-01
 -4.4379112e-01
 -7.1790487e-01
  4.4559613e-01
 -1.4498745e+00
  3.3763409e+00
 -2.1634631e+00
  3.8634870e+00
 -2.0007927e+00
  2.4023205e-01
  9.3985818e-02
  2.7329712e+00
 -2.0338213e+00
 -4.9679366e-01
  8.0350000e-01
 -1.1011178e+00
  2.6176211e-01
  1.8718888e+00
  7.6354820e-01
 -6.6283196e-01
  4.5351200e-02
  1.0172250e+00
 -4.1202539e-01
 -1.5441707e-01
  2.1005895e+00
  9.2600858e-01
  6.7873621e-01
  2.6880636e+00
  1.9312869e+00
 -1.2718973e+00
 -1.1685300e+00
  5.4573190e-01
  8.2144028e-01
  3.6436207e+00
 -1.2118908e+00
 -1.8419777e+00
 -9.0179831e-01
 -4.3236747e-01
 -6.1683929e-01
 -1.1591834e+00
  1.7092527e-01
 -1.3421268e+00
 -2.9692547e+00
 -8.9879233e-01
 -1.6391562e+00
 -1.6535051e+00
  9.3930745e-01
 -1.6892037e-01
 -4.4241838e+00
  4.1229529e+00
  2.6196148e+00
  2.1883513e-01
 -4.7827315e-01
  1.2786138e-01
  4.0703068e+00
 -1.5927430e+00
  3.1397533e-01
 -9.1783863e-01
 -2.7233994e-01
  1.5996075e+00
  1.2243164e+00
 -1.8675927e+00
 -3.3215538e-01
  2.8233807e+00
  1.9200784e-01
 -1.0236549e+00
 -2.2251008e+00
  6.9286931e-01
  1.8338743e-03
  1.8338743e-03
  1.8338743e-03
  1.8338743e-03
  1.8338743e-03
  1.8338743e-03
  1.8338743e-03
  1.8338743e-03
  1.8338743e-03
  3.5708311e-03
  3.5708311e-03
  3.5708311e-03
  3.5708311e-03
  3.5708311e-03
  3.5708311e-03
  3.5708311e-03
  6.2058666e-03
  6.2058666e-03
  6.2058666e-03
  6.2058666e-03
  6.2058666e-03
  6.2058666e-03
  6.2058666e-03
  5.5716210e-03
  5.5716210e-03
  5.5716210e-03
  5.5716210e-03
  5.5716210e-03
  5.5716210e-03
  5.5716210e-03
  3.7785852e-03
  3.7785852e-03
  3.7785852e-03
  3.7785852e-03
  3.7785852e-03
  3.7785852e-03
  3.7785852e-03
  1.2551631e-03
  1.2551631e-03
  1.2551631e-03
  1.2551631e-03
  1.2551631e-03
  1.2551631e-03
  1.2551631e-03
  2.7323222e-05
  2.7323222e-05
  2.7323222e-05
  2.7323222e-05
  2.7323222e-05
  2.7323222e-05
  2.7323222e-05
