nep4_zbl 2 O Ga 
zbl 1 2
cutoff 6 4 418 127
n_max 8 6
basis_size 12 10
l_max 4 2 1
ANN 100 0
 -9.2971599e-01
  1.2327760e-01
  1.0171998e+00
  1.3782313e-01
 -5.2393809e-02
  4.2968675e-02
  1.0549823e+00
  1.5289125e-01
 -6.0869839e-02
 -1.4908156e-01
 -1.1557778e-01
 -5.0106943e-01
  1.7550122e-02
 -4.6159038e-01
 -9.6671097e-02
 -4.4126857e-02
  1.4185535e+00
 -1.3181058e-01
  1.6507643e+00
 -7.2465998e-01
 -1.3925446e+00
  1.0176331e-01
  2.1384607e-01
  4.8469561e-01
  6.9141068e-02
  2.1013167e+00
  6.1115158e-01
  1.0032350e+00
  3.4354395e-01
 -2.1242595e+00
  2.6642078e-01
  5.3130839e-02
 -3.4035236e-02
 -4.3893290e-01
  1.7404627e+00
  2.6847769e-02
 -5.1640153e-01
 -1.1714573e-02
  2.8353212e-02
  5.9592241e-01
  1.5466862e-03
  3.7690247e-03
 -9.2933863e-02
  1.5055864e-01
 -1.7546387e-01
  1.7851678e-01
 -2.0781974e-01
 -3.9602679e-01
 -7.0782435e-01
  8.3328575e-02
  1.9660851e-02
 -9.2411766e+00
  3.7080412e+00
 -7.8786588e+00
 -5.6108904e+00
  1.0101831e+01
  4.3496776e+00
 -1.1673735e+00
  8.1928617e-01
 -1.8912786e+00
 -7.5023770e-02
 -1.8056214e+00
  1.1001934e+01
 -1.9410635e+00
 -7.8243599e+00
 -1.4108549e-01
 -1.1823915e+00
  1.4848807e+00
  1.8408725e+00
  2.1230257e+00
 -2.2945170e+00
 -1.5866910e+00
  1.0809102e+00
 -1.2253091e+00
  2.2602575e+00
  7.8204393e-01
 -1.7914991e+00
 -2.4210334e+00
 -5.2336890e-01
 -3.8119292e+00
 -1.4431504e+00
  1.5378640e+00
  3.3363681e+00
 -1.4262461e-02
 -1.3322468e+00
 -1.2733027e+00
  8.0820628e-02
 -1.7359242e+00
  2.7443578e+00
 -3.7354566e-02
  1.8754689e+00
 -3.8025376e-01
 -2.8985958e+00
  9.4684139e-02
 -2.8805125e-01
 -1.8600787e-01
 -9.8195367e-02
 -1.4066850e-01
  1.6753396e-02
 -4.7834199e-02
 -1.1257702e+00
  2.5796592e-02
 -9.0686208e-01
 -1.1110312e+00
 -8.4867793e-01
  1.2386538e+00
  2.1436944e+00
  6.6248119e-01
 -1.9363041e-01
  4.8511723e-01
  1.6726452e-01
 -2.1810107e+00
 -3.2359951e-03
 -1.0812109e+00
  4.7438619e-01
 -8.0478668e-01
 -4.4169106e-02
  4.1949075e-01
 -1.3756371e+00
 -5.2841592e-01
 -2.0682678e+00
  3.4050858e+00
  1.5896299e+00
 -1.5333501e-01
 -2.2320265e-01
 -9.4566852e-01
 -1.4957429e-01
  1.2613403e-03
 -4.2026956e-02
  4.3278584e+00
  5.4591499e-02
 -2.0957310e+00
 -2.6263077e+00
 -8.3104707e-02
  1.5571922e+00
  4.0342064e+00
  9.9041116e-01
  5.6842315e-01
  2.4166875e+00
  2.3872623e-01
  1.1401060e-01
 -1.0968626e-01
  2.1181552e-01
 -2.0484822e-03
  2.7614860e-02
 -6.4679392e-02
  8.6869039e-02
 -1.3772532e-01
 -2.3498209e-01
 -5.2028203e-01
  3.4273543e+00
  3.8106374e-02
  2.1520010e-01
 -6.8959184e-02
  2.5028023e-01
 -1.3589638e+00
 -9.8024987e-02
 -3.1846657e-02
 -2.7663776e-01
  2.1289343e-01
 -2.8306101e-03
 -1.3295728e-02
 -1.7210635e+00
  2.5700124e-02
  7.2387975e-01
  5.7454631e-02
 -1.1772164e+00
  8.6859316e-03
 -6.6537060e-02
  1.3505200e-01
  1.7957419e-01
 -2.0409071e-01
 -6.4354740e-02
  2.4567673e-01
  1.0723565e-01
 -2.8703311e-02
  1.4295764e+00
  1.8596929e-01
 -3.2795202e-02
 -1.0243237e-02
 -1.3424358e-01
 -3.6597822e+00
  2.2728865e-01
  1.3018294e-01
 -4.5214169e-02
 -4.1071172e-03
 -1.0828070e-01
 -6.8111217e-01
 -6.5316755e-04
  3.1351170e-01
 -8.6960241e-02
  3.9003521e-01
 -1.0158512e-02
 -5.9184778e-02
  1.7264841e-01
  1.7302509e-02
  1.8292475e-01
  1.0888684e+00
  2.3366915e-02
  3.4226052e-02
 -1.5175283e-01
 -3.2515676e+00
 -7.2572134e-02
  1.2769987e-01
 -1.7668609e-01
 -3.5173076e-01
 -1.7584995e+00
  3.9009340e-02
  4.3574527e-02
 -1.2281287e+00
 -9.0298146e-02
  7.1160072e-01
 -8.6415194e-02
 -4.1535196e-01
 -1.6298762e-01
 -1.5339087e-01
  3.3619067e-01
 -1.2747271e-01
  3.6657542e-01
  3.7179300e-01
  2.6449131e-02
  6.8829966e-01
 -8.9269027e-02
 -1.2622206e-01
 -1.0765003e-01
  1.8864493e-01
 -1.5384500e-01
 -4.3418425e-01
 -3.9033765e-01
 -7.8712694e-02
  1.0738695e-01
 -3.6166206e-01
 -3.5579953e-01
  1.9749197e-01
 -2.2013274e-01
 -1.4077817e-01
  2.1215737e-01
  4.3415736e-02
 -1.4084129e-02
  4.5599837e-02
 -7.9803926e-01
 -2.3229991e-01
 -1.4762528e-01
 -5.6518406e-02
  1.4820375e-01
 -2.9595745e-01
  1.5108765e-02
  1.2924837e-01
 -8.2005143e-02
 -9.8002486e-02
  2.7745556e-02
 -1.3692236e-01
 -3.8612509e-01
 -3.5773656e-01
  9.0446457e-02
 -3.1542140e-01
 -4.7277298e-02
  2.5230909e-03
  3.2061127e-01
  9.7496554e-02
  2.6477714e+00
  1.3083652e-02
 -2.2081621e+00
 -6.0670529e-03
 -2.5672635e-01
 -2.8157234e-01
 -2.3184967e-01
  1.5505237e-02
  1.1823363e+00
 -7.7095486e-02
  1.6971484e-02
  6.1422241e-01
  5.1998220e-02
  1.3490359e-01
 -2.4169122e-01
 -1.0556307e-01
  1.2564272e-01
 -1.1034808e-01
 -1.1565107e-01
  5.8751058e-02
  2.8389350e-02
  3.4397973e-03
 -1.7720731e-01
  1.0725046e-01
  4.5184717e-02
 -5.8052981e-01
 -6.6076867e-02
 -6.1624985e-02
  3.4405839e-01
 -8.1985788e-03
 -3.8435600e+00
 -3.6243179e-03
 -5.2421045e-01
 -8.7835148e-02
 -2.3984030e-01
  6.4086430e-02
  8.8954896e-01
  2.4999356e-01
  4.4414181e-02
 -1.9552431e+00
 -8.1704900e-02
  2.5413653e-02
 -1.6994445e+00
  2.8482324e-01
  1.0038016e-01
  7.9124206e-01
  6.5417331e-01
 -3.5112236e-02
  2.8595957e-01
  1.4639613e-01
  2.9713180e+00
  4.3729652e-02
  2.9723158e-03
  4.3366688e-01
 -9.8206766e-02
 -5.8912579e-02
 -7.4780710e-02
  1.3928950e-02
  1.3723154e-01
 -1.3714260e+00
 -2.9371664e-01
 -1.1280324e-01
 -1.1038881e-02
  9.9722810e-02
 -4.0861487e-02
 -9.6642533e-03
  1.0848582e-01
 -3.3840835e-01
 -1.6548267e-02
 -2.2600665e+00
 -9.6747363e-03
 -4.6845844e-01
 -2.6031837e-02
  8.5632009e-03
 -5.3648621e-01
  4.9002853e-01
 -5.4773938e-02
 -2.7681425e-01
 -7.3243755e-01
  9.2442602e-01
 -3.5742265e-01
 -6.1690432e-01
 -4.7209457e-02
  3.4785248e-02
 -5.7425007e-02
 -2.3015987e-02
 -2.6561183e-01
  9.5865294e-02
  2.8176150e-01
 -7.0437007e-02
 -2.4031769e-02
  2.0536891e-01
  6.4512603e-02
 -1.2097853e+00
 -2.5148612e-01
  3.2661498e-01
  4.1489270e-02
  2.8211679e+00
  2.2694373e+00
  3.5874593e+00
 -1.0541666e-01
 -8.7183571e-01
 -8.2405895e-01
 -2.4408817e+00
  1.6367570e+00
  1.4226195e-01
  2.8924942e+00
  1.9073375e+00
 -4.5412159e+00
 -4.1627881e-01
  3.2707708e+00
 -2.9577950e-01
 -4.6303554e+00
 -3.3706098e+00
 -1.0550288e+00
 -4.5169210e+00
  7.4827868e-01
  3.4544602e-01
  1.7642312e+00
 -3.5834699e+00
 -3.2004032e+00
 -1.4037753e+00
 -1.4587829e+00
  2.2751572e+00
  7.6442301e-01
 -4.2253664e-01
 -3.4086170e+00
 -3.7320375e+00
 -4.6287137e-01
 -1.1238259e+00
  2.8283875e+00
 -1.8578944e+00
 -5.9215170e-01
 -2.4359498e+00
  1.1177864e+00
  3.7783507e-01
  1.5833012e+00
 -5.5564618e-01
  1.0289382e+00
 -3.1915110e-01
 -2.7992318e+00
  2.2322576e+00
  2.8003993e+00
  3.1528733e+00
 -1.0919974e-01
  6.9369763e-01
 -5.0371051e-02
  1.6568084e-01
 -1.3099644e-01
  6.4821139e-02
  4.1470435e-03
  3.2552597e-01
 -7.4637912e-02
 -2.9218034e-03
 -5.4837015e-02
 -2.2776870e-01
  3.5884438e+00
  2.6820970e-01
  2.0963380e-02
  2.7243249e-02
  7.1628981e+00
 -7.0719250e-02
 -4.5196459e-02
 -2.7714941e-01
  2.1283640e-01
  3.2361239e-02
 -5.5676632e-02
 -1.0780412e-02
  5.9014827e-01
 -1.4230576e+00
 -1.3252889e-01
  4.4824380e-02
  8.1422091e-02
  2.0981553e-01
 -2.8614879e-02
 -5.1707249e-02
 -1.1384810e-01
 -2.2499124e-02
  2.1788200e-02
  1.5923646e-01
 -2.1047850e-01
  1.8399043e+00
  3.6659066e-02
  3.7530452e-01
 -9.2038758e-02
 -2.9184496e-01
 -5.5945800e-03
  2.0714553e-01
 -5.3210836e-02
  1.7406182e+00
 -6.2525654e-01
 -4.2039233e-01
 -1.4005081e-01
 -1.7044596e-01
 -2.8168559e-01
  1.0339016e+00
 -1.2467619e-02
 -2.0170369e+00
  1.4810632e-01
  1.2002671e+00
  2.5023279e-01
  1.4716373e-01
  5.9512180e-01
  4.8722541e-01
 -6.4456630e-01
 -7.2015721e-01
  1.7519461e+00
  1.0223472e-01
 -2.0028787e+00
 -6.3161656e-02
  2.1158630e-01
  8.7682717e-02
  1.7255519e-01
 -6.5514661e-02
 -2.8905127e-02
 -3.1959966e-01
 -1.6831052e-02
  1.4443766e-01
 -5.0540831e-02
 -2.3428648e+00
 -9.6836144e-01
  8.6441711e-02
 -1.6802956e+00
 -8.4455466e-01
 -3.9297399e-01
  5.3662367e-02
 -5.0271552e-02
  1.2746562e-01
 -2.2587856e-02
  4.2646397e-02
 -5.7744753e-01
 -1.0306370e-01
 -4.8137683e-01
 -4.5601639e-01
  3.0554900e-01
 -1.3977548e+00
 -1.1696515e-02
 -8.3727069e-02
  8.8020891e-02
 -1.7687662e-01
  8.3811440e-02
 -7.0081013e-03
 -5.0845671e+00
 -1.8221203e-03
 -2.1080878e-01
  8.6773010e-03
 -8.0683231e-02
 -1.4736928e+00
  1.2718722e+00
 -1.1944817e-01
  2.5587431e-01
 -1.5672065e-01
 -3.1897828e-02
 -4.8728541e-02
 -2.1396151e-01
  7.8920119e-02
 -1.7529119e-02
 -5.0425287e-02
 -2.4316011e-02
 -2.0343862e-01
 -1.1463366e-01
 -7.0273630e-02
  4.2814650e-03
 -2.4911982e-01
 -3.6669623e-02
  3.5252448e-02
 -1.3069721e-01
  3.3632461e-02
  7.6096080e-02
  1.4995940e-01
  1.8602376e-01
 -1.6314919e+00
  2.0582782e-02
  7.3476189e-01
 -1.0876582e-01
  8.2934991e-02
  1.1440749e-01
 -2.8046814e-04
 -8.3203152e-02
  7.1103328e-01
  1.1563971e-01
  1.1496508e-01
  1.7158897e-01
 -8.2513362e-02
 -9.8332100e-02
 -8.9028083e-02
 -3.0626819e-02
 -5.6382284e-02
 -1.1440391e-02
 -2.5044961e+00
  5.7063937e-02
 -1.0220137e-01
 -1.1348233e-01
  1.9914463e-02
 -6.7982592e-02
 -7.7837396e-01
  2.0776558e+00
 -2.5571547e+00
 -1.9119725e-01
  8.3686717e-02
  7.2977304e-02
 -2.1572757e+00
  3.1738992e+00
 -1.5506239e+00
 -4.2024095e-02
 -2.9849705e-01
 -1.2213321e+00
  2.0443413e+00
 -1.1037693e+00
 -2.9837031e+00
  1.2926998e+00
 -1.4754763e+00
  9.4553441e-01
  6.1300975e-01
 -1.2298669e-01
  1.0501308e+00
 -2.5711000e-01
  6.2037337e-01
 -9.3303874e-02
 -6.5926366e-02
  2.0385881e-01
  2.9549525e+00
 -3.3265598e-02
 -8.0275291e-01
 -3.6649897e+00
  5.2611536e-01
 -2.1495819e+00
 -4.9113486e-02
 -4.1870221e-02
 -1.6348159e-01
  3.4166098e-02
  2.8963344e+00
  1.1390573e-01
  1.6694385e+00
  4.8762284e-02
 -5.1586051e-03
 -9.5472179e-02
 -2.9920647e-01
 -1.9317361e+00
 -4.1852832e-02
 -9.6759826e-02
 -2.4613357e-04
 -3.9762610e-01
 -5.0330065e-02
  4.8745420e-02
 -8.8971156e-01
  2.0096375e-02
  8.0238685e-02
  1.4311169e-01
  4.7642335e-02
 -3.4025958e-01
 -3.9978519e-02
 -2.3784167e-01
  5.0225693e-01
  1.4723523e-01
  1.0798023e+00
  3.7027010e-01
 -1.5665439e+00
  6.8455927e-02
 -5.8035535e-01
 -1.2043867e-01
 -3.0745306e+00
 -5.7313036e-02
 -2.0831970e-03
 -6.8017565e-02
  3.6358610e-02
 -6.5144628e-02
  3.0759158e+00
 -4.4359669e-01
 -3.5695031e+00
 -5.0978380e-01
  1.1282252e+00
 -6.9605851e-01
  4.2423835e+00
  1.3513365e+00
 -2.3628452e+00
 -7.3398340e-01
  8.5852534e-01
 -4.7096318e-01
  2.0441031e+00
 -2.2518797e+00
  3.0803308e-01
  6.2609367e-02
 -1.0063314e+00
  1.3119020e-01
  3.4208682e-01
  5.8378041e-02
 -6.7044452e-02
 -4.0762725e-01
  1.5509681e+00
  5.2461064e-01
 -3.7858459e-01
 -2.0168096e-01
  1.0814102e+00
  1.4907349e-03
  7.8696603e-01
  1.5948240e+00
  9.2153203e-01
  3.1444170e+00
 -1.7909603e-01
  4.0831065e-01
  2.4138004e-01
  2.6437750e+00
  4.6987679e-02
 -2.5749939e-02
  2.4430642e-01
  7.6523018e-01
 -7.5177282e-01
  1.8615053e+00
 -2.5438568e-02
 -1.0124969e+00
  8.9571249e-01
  1.3199157e+00
 -1.7149453e-01
  3.7877083e-02
 -1.9945773e-01
 -7.3020776e-05
 -1.3193196e-01
 -2.7587813e-01
  2.9416570e-01
  1.2903259e-02
  3.4910271e-01
  5.4401498e-02
  5.1890966e-02
 -1.5544213e-01
  4.7829591e-02
  4.6092659e-01
  1.0169902e-01
  1.6718786e+00
  6.0599368e-02
  4.3266428e-01
  7.1349710e-02
 -1.6442165e+00
 -2.3341503e-02
 -3.8297528e-01
  1.5522996e-01
  7.3968299e-02
  3.1501878e-02
 -5.1060438e-02
  3.2117373e-01
  3.1386096e-02
  2.1576871e-01
 -4.4745336e+00
  1.2125657e-01
 -2.5946660e-02
  1.4656298e-01
 -1.8454492e-02
  7.1333641e-01
 -1.7744055e+00
  1.3210303e-01
 -2.0219996e+00
  2.4813928e-01
  1.5252346e-01
 -3.2981209e-02
 -4.6739039e+00
  2.6364464e-01
 -1.4338210e-01
 -2.5269178e-01
  3.1989163e-01
  3.2082948e-01
  4.9818628e-03
  1.6819376e-01
  9.8570907e-01
  2.0932724e-01
 -1.2120593e-01
 -1.3954513e-01
 -2.0341239e+00
  3.0295926e-01
 -4.6431363e-02
  6.3745946e-02
 -1.6282982e-01
 -8.8064335e-02
  2.2371840e+00
 -2.3305666e+00
  7.5496705e-03
  1.1176114e-01
  6.3789195e-01
 -1.0618302e-01
 -2.7403712e-01
 -1.8247558e-02
 -3.9930229e+00
 -1.0251320e-01
  3.7026682e-01
  3.9353911e-02
  4.2483392e-01
 -5.8877561e-03
 -4.4619763e-01
  4.5389585e-02
 -3.9833370e-03
  6.9556981e-02
  1.2124292e-01
 -1.6438760e-02
 -1.1822534e-01
  1.9324717e-01
 -8.4218018e-02
 -1.5198726e-03
 -2.5188742e+00
 -8.1277949e-01
 -6.6587442e-01
 -1.2026560e-01
 -1.0122673e-01
  5.9992015e-01
  1.3113150e-01
  4.4832181e-02
  7.3871486e-02
 -3.1244898e-02
  1.6708845e+00
  2.7472179e+00
 -7.1273965e-01
  1.9288236e-01
 -2.2702882e-02
  1.2540423e+00
 -1.0437638e+00
  6.1423862e-01
  6.1524425e+00
  4.7760591e-01
  3.7471834e-01
  3.3839974e-01
 -3.4250075e-01
 -3.0243540e-01
  2.9503119e+00
  2.7726457e+00
  1.4520770e+00
 -2.1780960e-02
  4.3060942e+00
 -2.2163568e+00
  6.0791224e-02
  3.6672459e+00
  2.3816848e+00
  1.2835108e+00
 -1.4032608e+00
  1.7614748e+00
 -1.4222440e+00
 -3.1811657e+00
 -7.1650738e-01
 -1.1732401e+00
  2.7421291e+00
 -1.8245037e-01
  5.9652019e-01
 -2.9940395e+00
 -3.2516215e-02
  8.8448870e-01
 -3.9948538e-02
 -2.2915399e+00
  3.2250869e-01
  2.5392222e+00
  1.0586712e-01
  4.6860430e-02
  2.1498340e-01
 -1.7691424e+00
  7.6890372e-02
 -2.8603157e-01
  3.1539071e-01
 -6.4964347e-02
  5.2206013e-02
  6.9432658e-01
 -1.1486175e+00
 -9.9035370e-01
 -2.6582069e+00
  8.2050657e-01
  1.2978643e+00
  2.6095593e+00
 -3.5678563e+00
  2.6331322e+00
  3.9690679e-01
  5.1881952e+00
 -4.9823847e-01
  2.2052567e+00
 -2.2390730e+00
  2.5622859e+00
  3.4270474e-01
  1.7402537e+00
  5.7254583e-01
 -1.4468211e+00
 -9.7108239e-01
 -7.8748306e-03
  5.9415503e+00
  2.7098544e+00
 -9.4613808e-01
  9.8101038e-01
 -8.0387747e-01
 -2.4133709e-01
  3.4477121e-01
  3.4319680e+00
  3.6068490e+00
 -1.0124190e+00
  2.6899354e+00
 -2.5911822e-03
  1.3590579e+00
 -9.4529647e-01
  1.1898317e+00
  1.7920556e+00
 -8.3800927e-02
 -1.5040559e-01
 -8.7676936e-01
 -8.5807793e-02
 -2.5500195e+00
  3.6116874e+00
 -5.1895607e-01
  1.5733968e-01
 -5.8763647e-01
 -9.1460085e-01
 -4.1871641e-02
  1.4613763e-02
  1.3429004e-01
  8.1705324e-02
  3.2309359e-01
 -4.2293161e-01
  2.0298045e+00
 -5.1733625e-01
 -1.1337872e+00
 -8.7254465e-02
 -9.9014390e-01
 -4.0318781e-01
 -5.6880422e+00
  9.7567946e-01
 -3.1200397e-01
 -4.5158792e-01
 -3.4020621e-01
  4.5693864e-04
  4.5045879e-02
  3.1391957e-01
 -8.5320681e-01
  1.5550510e+00
  1.7162988e+00
  7.0324701e-01
  8.3030544e-02
  8.6993808e-01
  8.1068352e-02
 -5.9458309e-01
  5.8162957e-01
 -2.1372758e-01
  1.0331470e+00
  3.1516305e-01
 -6.9495440e-02
  9.3962818e-02
 -2.7105725e-01
  4.4898179e-01
  2.6568604e-01
  5.8256650e-01
  1.3604723e-02
 -4.0138572e-01
  3.9506346e-02
  3.8584381e-01
 -9.5777258e-02
  1.4975958e-01
 -3.6041617e-01
 -5.5645246e-02
  5.8402517e-03
 -1.7109513e-01
  8.5856356e-02
  8.4057403e-01
  1.4115648e-02
 -4.3836799e-01
  3.3330962e-02
  1.6291505e-01
  2.5543926e+00
  3.2704005e-01
  4.9799447e+00
 -4.0582314e-01
 -2.9472172e+00
  1.4586278e+00
 -6.5069976e+00
  1.9295955e+00
 -2.2585084e+00
  1.2221462e+00
  8.3933860e-01
 -1.3013763e+00
 -1.3690082e+00
 -3.3695397e-01
 -3.1488521e+00
  3.9124782e+00
 -7.1498103e-02
 -4.8521147e+00
 -1.9024822e+00
  1.4267443e-01
 -1.7344365e-01
  4.4269165e-01
  3.8744869e+00
  9.2455983e-01
 -5.7787943e-01
 -8.4076244e-01
 -4.2973356e+00
 -4.4959159e+00
 -7.3135096e-01
  1.7044767e+00
 -8.3577132e-01
  1.4653741e+00
  2.5210938e+00
 -2.5585513e+00
 -2.3296745e+00
 -8.4210068e-01
 -7.2604734e-01
  1.4438604e+00
  1.6084597e+00
  1.0578526e+00
  6.3329554e-01
 -8.0233574e-01
 -1.4125043e-01
 -4.9762201e-01
  1.9565128e+00
  7.8437537e-01
  9.1160893e-02
  2.7920920e-02
  1.2502956e+00
  8.9415011e-04
  4.2968601e-01
  6.8026774e-02
 -1.2226246e-01
 -4.5524964e-01
  2.3251733e-01
 -3.1848431e-01
 -3.3428796e-02
 -5.6337900e-03
 -3.6323068e+00
 -8.5887134e-02
 -7.2266459e-01
 -3.9049309e-02
 -1.5102398e+00
  2.2903574e-01
 -1.9336035e+00
 -3.2047428e-02
 -1.1059694e+00
 -8.3686020e-03
  1.9950134e+00
  1.1722862e+00
 -1.0470256e+00
 -6.6095656e-03
 -1.8801832e-01
 -7.6515597e-01
  5.4559391e-02
 -8.7755352e-02
  6.7870349e-01
 -4.1056160e-02
  5.2204449e-02
 -1.1876218e-01
  5.1095191e-02
 -2.0910431e-02
 -1.7017890e+00
  2.3485742e+00
  2.1095796e-01
 -6.5273829e-02
 -5.2881631e-04
  7.6358221e-02
  2.0784145e-02
 -2.9836589e-01
 -3.9192177e-02
 -1.3497090e+00
 -3.4637377e-01
 -4.1573054e-01
 -2.5386786e-01
  7.6399937e-02
  5.2340245e-01
 -4.5794311e+00
  1.3590432e+00
 -9.0487474e-01
  1.2239065e-01
  3.8874090e-01
 -2.7915470e-02
  1.8447710e+00
  1.1155843e+00
  3.7126598e+00
  5.2635953e-02
 -7.1620017e-02
 -4.9347510e+00
  7.1622884e-01
  1.2746396e+00
 -1.0172313e+00
 -2.5045478e+00
  1.2583181e-02
  2.7065516e-01
 -7.1019128e-02
  1.9046620e-02
  3.4557021e-01
  1.1466151e-01
 -2.0056721e-02
  2.9558706e+00
  1.2938572e+00
 -2.4178863e+00
 -3.5320172e-01
  3.0414326e+00
  1.4589798e+00
 -8.1850469e-01
  1.1420406e+00
  2.3697326e+00
 -2.7633224e+00
  4.1324477e+00
  9.5109351e-02
  2.4174399e+00
 -2.6564624e+00
  1.2384306e+00
  5.3661877e-01
 -1.5498960e-02
 -3.8084483e-01
  8.2631104e-02
 -7.2186952e+00
 -4.1177043e-01
  1.7566139e-01
  9.6041001e-03
 -6.7015506e-02
 -1.7476286e-01
  2.4678339e-01
 -3.0997885e-02
 -4.4136983e-01
  3.8871235e-01
  2.1865594e+00
  1.1915311e+00
  5.0180111e-02
  1.3250481e-01
 -1.4876013e-02
  4.3826500e-01
  1.5534089e+00
  2.5028536e+00
  9.0100408e-02
 -2.0021042e-01
  1.6877546e+00
 -3.3099737e+00
  1.0256852e+00
 -1.3667666e+00
  3.9572957e-01
  5.3876448e-01
 -5.7419068e-01
  2.4539450e-01
 -2.9795906e-01
  6.3052908e-02
  1.3078773e-01
  3.3818927e+00
  1.9230434e+00
  3.6568925e+00
  2.5790551e-01
 -6.6925101e-02
 -1.1771801e+00
 -2.8693926e-02
  1.8401910e+00
  1.0211089e+00
 -2.0587580e-01
  1.7224361e-01
 -3.0275503e-01
 -5.6815368e-01
  2.7214989e-01
  5.4907990e-01
  8.7770659e-01
 -5.2704144e-01
 -2.0543027e-01
  2.8304191e-02
 -2.3565550e+00
 -1.0206698e+00
  2.0553110e+00
 -4.2355523e-01
 -3.4390010e-02
  8.2125030e-02
  1.7751321e-01
 -4.8354459e-01
 -4.7559720e-01
 -3.3020204e-01
  5.8220752e-02
  1.2698351e-01
 -1.0888488e-01
 -1.0124581e-03
  6.3219026e-02
 -1.9979889e+00
 -2.3090509e-03
  2.1419282e+00
 -1.1578877e-01
  1.0517998e-01
  2.0928593e-01
 -7.0995069e-01
  2.0256197e+00
  5.5907588e-02
  8.1417054e-01
 -4.3478038e-02
  3.2017539e+00
 -9.3915987e-01
  7.7324554e-02
  1.0694590e-01
 -2.2170601e-02
  5.0508964e-01
 -3.3971403e-02
 -2.6025965e+00
 -1.0168236e+00
  9.5130010e-03
 -3.1547882e-02
  4.3829959e-02
  1.2426367e-01
  1.9399769e+00
 -2.0568724e+00
 -1.6152751e-01
 -1.6744306e+00
 -7.3498094e-01
  5.3130251e-01
 -2.7530488e-02
  1.2866468e+00
  2.3163333e+00
 -9.3174648e-01
 -2.0350115e+00
  1.5832208e+00
 -4.1561419e-01
 -3.4314893e-02
  2.0852425e+00
  3.1883192e-01
  7.0568137e-02
  1.7970245e-02
 -6.3687138e-02
  7.2460175e-02
  4.5468837e-02
  3.7104654e-01
 -8.3237666e-01
 -4.3771826e-02
  6.0578716e-01
  9.4247587e-02
  2.2816038e-02
 -1.1376292e-01
 -3.0708376e-01
 -6.3477218e-02
 -2.3393472e-01
 -5.8716017e-01
 -3.7291810e-02
 -8.7574035e-02
 -6.4742774e-02
  2.9012349e-01
  9.0621829e-02
 -1.1169880e-02
 -5.2345600e-02
  5.2519232e-02
 -8.7132818e-01
 -2.9279867e-01
  4.8885893e-02
  1.0751501e-01
  1.3577884e-01
 -4.3696659e-03
 -1.8567196e-01
  2.8421521e-02
 -7.9570143e-03
 -1.3828340e-01
 -6.9493753e-01
 -1.3245682e-01
 -8.0545574e-02
  2.9305083e-01
 -2.6805460e-01
  4.4157761e-01
  5.0750565e-02
 -2.0554185e-01
 -1.6698742e-01
 -2.4788393e-01
 -7.2016108e-01
 -3.0551090e+00
  2.0561209e-01
  4.9535081e-02
  2.4157819e-01
 -5.0893050e-01
  8.6690128e-02
 -4.6933945e-02
  1.8148593e+00
 -1.0031724e-01
  2.9556185e-02
 -8.9134398e-04
  7.5879201e-02
 -6.8078414e-02
 -2.2861762e-01
  1.7188288e-01
  1.5111075e-01
  1.8609390e-01
 -1.7657451e-02
  2.2919880e-02
  1.7672649e-01
  3.8515043e-01
 -2.4775514e-02
  5.5635825e-02
  1.1836202e-01
 -1.4728422e-01
  4.9149248e-01
 -1.4962996e+00
  2.4348996e-03
  2.0382774e+00
  3.0789709e+00
  9.8997146e-01
 -8.6475881e-03
  5.8815664e-01
  1.0585652e-01
 -2.1094821e-01
 -2.1627803e+00
 -1.6403039e+00
  3.5744497e-01
  1.7433316e-02
  5.7532686e-01
  1.5478827e-01
  2.0415020e-01
  1.0993828e+00
 -3.2181826e-01
 -1.6845571e+00
 -4.3800380e-02
 -6.3454252e-01
 -1.1424138e-01
 -1.4736602e+00
 -4.3920456e-03
 -1.2140502e-01
  8.1271194e-02
 -1.4469180e+00
  2.5696486e-01
  3.5220839e-02
  8.7901793e-02
  1.1282822e-01
 -1.3239297e-01
  3.8852453e-01
 -8.5116783e-03
  4.4063203e-02
  5.7566212e-03
 -1.4235458e-01
  3.3621602e+00
 -8.1837639e-02
  8.6813711e-02
 -1.3914146e-01
  2.2379272e+00
 -1.0116348e-01
  3.4464511e-01
 -2.1063739e-01
  2.5476867e-02
 -1.8616691e-01
 -1.2381280e-01
  4.0371311e-01
 -7.1603812e-02
 -3.8381144e-01
 -4.2002521e+00
 -1.6910866e-01
 -1.0344616e-01
  6.2823057e-02
  9.6519774e-01
 -1.6022366e-01
  7.6846436e-02
 -2.0640904e-01
 -2.1065726e+00
  3.4716688e-02
  1.0552093e-01
  3.0925710e-02
 -8.9846313e-02
  1.0976702e-01
  1.2059064e-01
 -2.8325677e-02
  7.0392495e-01
 -2.7837308e-02
  1.4054880e-01
  6.9094911e-02
 -3.6463952e-01
  4.1332070e-02
 -2.9520149e+00
  8.0231154e-01
 -1.2760152e-01
  1.8832682e-01
  7.5237090e-03
 -3.3065956e-02
 -9.6355947e-03
  9.6423298e-02
  3.9069909e-01
 -5.0230913e-02
  5.9932139e-02
  3.6999501e-02
  6.4845666e-02
 -8.8445023e-02
 -4.0462250e-01
  1.3252604e+00
 -1.3353693e-01
 -1.2258161e-01
  4.6411209e-02
  1.5255705e+00
  3.4208057e+00
  1.2426770e-01
  7.9577612e-03
  3.6974967e-02
 -3.0736309e-01
  2.5095734e-01
 -2.3357809e-02
  4.9791098e-01
  1.2270728e-01
  1.0113680e-02
 -7.2712697e-02
  2.0398391e-02
  1.2915844e-01
 -4.6403497e-01
 -4.0678453e-01
 -1.1302564e-01
  1.1808912e-01
 -6.3813668e-01
  5.4776865e-01
 -5.0800300e-01
  2.0651899e-02
 -4.7143525e-03
  1.5855784e+00
 -1.7856580e-01
 -6.8222806e-02
 -1.8290029e+00
 -5.5867547e-01
 -9.7635962e-02
  1.0751347e-01
  2.4271776e-01
 -6.9376493e-01
  4.9308371e-02
 -1.4316630e-01
  2.1138339e+00
 -4.7751661e-02
 -2.1067046e-01
 -1.7503195e-01
  1.0089515e+00
 -4.1463414e-01
  2.4558544e-02
  2.8244071e-02
  6.4673495e-01
 -2.5877154e+00
  1.5706828e-01
 -8.9244768e-02
  1.1636065e-01
  1.2168719e+00
 -1.0855089e-02
 -2.7862240e-02
 -4.6416405e-01
  7.8262091e-02
 -2.5012236e-02
 -2.4030341e-01
  2.7635060e-02
 -8.7382346e-02
 -2.8697297e-01
 -9.7910069e-02
 -6.1169475e-02
 -1.9725666e-03
 -9.9306017e-02
 -4.1420126e-01
  1.2389572e+00
  6.4736640e-01
  2.4729817e-01
 -1.3083096e+00
 -1.4308624e-01
 -1.2189059e-01
 -5.1900172e-01
 -8.9135446e-04
 -1.5401067e-01
  2.2662301e-01
  9.2531931e-01
  9.1297254e-02
 -7.4473932e-02
 -3.7292235e-02
  2.1260720e-02
  2.3501982e-01
  1.9504572e-01
  2.0679756e-01
  1.2005159e-01
  9.1372281e-02
 -1.2427306e-01
 -3.6068416e-01
  4.9512774e-02
  5.9627215e-03
  7.8807801e-02
  6.4824812e-02
 -3.4530841e-02
 -8.7056337e-03
  1.3933408e-01
 -1.7474364e-01
  1.4962420e-01
 -3.0222136e-01
  2.5919294e-01
  3.3539467e-02
  6.7210704e-02
  1.0320622e-01
  3.3055816e-02
  2.3764861e-01
  2.1245874e-01
 -1.1978361e-02
  9.0764888e-02
  1.5246512e-01
  8.1447959e-03
 -1.7217967e-01
 -6.8169564e-02
  1.4820893e-02
 -1.9863816e-02
  8.0567501e-02
  2.6469842e-02
  2.7554287e-02
  1.0136080e-02
 -1.0083421e-01
  3.5775566e-01
 -9.7938225e-02
 -4.6903798e-03
  6.9420315e-02
 -5.5665806e-02
 -2.1532342e-02
 -4.4042941e-02
  6.0439836e-02
  7.3269045e-04
 -2.7176067e-02
 -7.4453019e-02
  3.0827161e-02
  1.3966125e-01
  1.5997508e-01
  1.8666759e-01
  3.1730808e-02
  2.6041228e-01
 -7.8053725e-01
  1.9471133e-01
 -4.9390766e-01
  5.7123661e-02
 -1.3843778e-01
 -2.7162695e+00
  3.6676851e-01
 -1.9616075e-01
  1.9755045e-01
  4.6323355e-02
  5.7023001e-01
  4.5529675e-02
 -2.9858279e-01
 -1.6949114e-01
 -1.4496602e-01
 -1.0387108e-01
  4.0953733e-02
  9.5889056e-01
 -7.3235683e-02
 -3.1963041e-01
  4.5906328e-02
 -3.3960491e-02
  1.6511519e-01
 -9.0210393e-02
  1.1555735e-01
 -6.9936015e-02
  2.0354681e+00
 -3.3311540e-01
 -3.6058612e-02
 -5.4111010e-01
  1.2981641e+00
 -1.6065180e-02
  1.0401038e+00
 -3.2533195e-02
 -1.6820174e-01
 -5.0064508e-02
 -1.0979818e-01
 -9.4051741e-02
 -1.9281760e-01
  7.9615928e-02
  7.7982724e-01
 -2.0690231e-01
  2.5476444e-01
 -3.5110712e-01
 -1.0197909e-01
 -2.0010301e-01
 -2.4828291e+00
 -1.0480104e-01
  8.4512636e-02
  2.8520304e-01
  1.0681009e-01
  2.7824497e-01
 -9.4905624e-04
 -2.7612007e-01
 -1.7156978e+00
 -8.4886793e-03
 -5.1326346e-02
  2.4659282e-01
 -1.5295461e-01
  1.1763477e-01
 -2.8990654e-02
 -1.5551873e-01
 -9.7078808e-02
  6.8090618e-02
 -1.4008901e-01
  3.6836003e-03
  9.1346717e-01
  4.0652268e-02
 -6.0018039e-01
 -8.9904720e-01
  2.2283268e-01
  1.6600893e-01
  1.8968914e+00
 -2.8343610e-02
  5.0476681e-02
 -8.2890970e-01
 -5.7475913e-01
  2.0456316e+00
  4.3928685e+00
 -4.0715423e+00
  2.5751169e+00
 -1.8574888e+00
 -3.6976416e+00
  1.2076187e+00
 -5.4452443e+00
 -4.8888248e-01
  2.4435829e-01
 -4.6066457e-01
  9.4230250e-02
 -3.2542512e+00
  1.1998653e-01
  3.6279726e-01
  1.4912997e-01
 -1.3358811e+00
 -5.0129681e+00
  3.2910800e+00
 -1.5296528e-01
  2.0263670e-01
 -1.2999131e-01
 -6.6462046e-01
 -4.2942882e-02
  1.4046679e-01
 -4.1006169e-01
 -2.8540674e-01
  4.0508002e-01
  3.6809194e+00
 -1.4822285e+00
  1.0946367e-01
 -1.3866174e+00
  1.1857603e+00
  4.6633562e-01
 -3.9923590e-01
  2.1452754e+00
  1.5194260e+00
 -1.1602574e-01
 -6.9574386e-02
  2.7926929e-02
 -4.1927669e-02
 -1.0914110e-01
  2.2028831e-01
 -2.3064949e-01
 -1.5069607e-01
 -1.7035566e-02
  1.7512472e-02
  1.0924678e-01
 -2.2073051e-02
  2.7247250e-01
 -3.4891841e+00
 -1.7816434e-02
  1.2057972e-01
  1.8164632e-01
  1.1256611e-01
 -7.4293131e-01
 -2.4382940e-01
 -1.6209432e+00
  1.3884299e-01
 -8.5129730e-02
  9.2388541e-02
 -7.7574901e-02
 -8.6589724e-01
  1.1030431e-02
  7.7465588e-01
 -1.6954881e-01
  1.8784237e-01
 -8.0807872e-02
 -4.7498723e-03
  3.7574370e+00
  6.6645527e-01
  1.9080684e-01
 -2.8615015e-02
  3.4278151e-01
  7.6574385e-02
  7.4448001e-01
 -1.1199556e-01
  2.9661706e-01
 -5.9064396e-02
  4.2891439e-02
  9.7995639e-02
  8.7073900e-02
  1.3939463e-01
  1.3279441e-01
  2.1667245e-01
 -3.6538190e-01
 -5.4885648e-02
 -2.3737976e-01
  6.1622422e-02
  7.7163689e-02
  1.3453210e-02
 -2.0860500e+00
 -3.4192491e-02
 -7.0117995e-02
  1.3839807e-02
 -1.2931135e-01
  2.0397682e+00
  4.9245766e-01
 -3.5075322e-01
  1.0079101e-01
 -1.1626142e-01
  1.0242953e+00
  2.2274690e+00
  1.6218112e+00
 -6.7837567e+00
  2.1126833e+00
  3.3023229e+00
 -1.2896116e+00
  6.1312951e-02
  3.7511382e+00
  1.4904665e-02
  5.6990730e-03
  2.5601637e-01
 -2.1969336e-01
  3.1023642e-01
  1.6725625e-01
 -8.2527095e-01
  7.1518791e-01
  2.6587752e-01
  3.2511726e-01
  8.2770163e-01
  1.6487519e+00
 -3.1001525e-02
 -1.8945225e-01
 -1.8457451e-01
 -9.3625510e-01
 -3.9371772e+00
  3.6812191e+00
 -6.1456394e-01
  1.2403666e+00
 -4.9172166e-01
 -1.7373487e+00
 -2.0591114e+00
  1.5155547e+00
  6.1066654e-02
 -5.9446716e-01
 -9.4524252e-01
 -1.3651472e+00
  2.9917529e-01
 -1.3167097e-01
 -5.2666301e-01
 -2.6297821e-02
 -3.2477316e-02
  7.1482070e-02
  4.6892056e-01
  5.3915311e-02
 -1.2996559e-01
  3.2975830e-03
 -4.0578574e-01
 -7.6361053e-02
 -7.5829303e-01
  6.1142210e-02
 -1.6585328e-01
  3.6187041e+00
 -8.2508601e-02
  4.7550038e-01
 -3.1094880e+00
 -6.6769737e-01
  2.0373688e+00
  2.3905773e-01
 -2.4226370e+00
  1.0039407e-01
  6.6185720e-02
  1.6623677e-01
 -6.7356698e-02
 -6.1681606e-03
  5.8761131e-02
 -1.2199023e-01
  1.3086054e+00
 -3.3548656e+00
  1.3999209e-01
 -4.1237183e-02
  1.5693147e-01
 -8.0281034e-02
  3.2689155e-03
  5.1617098e-01
  3.4248996e-01
  1.4857732e+00
  1.2735976e-01
  9.3156278e-01
  2.6548380e-01
  7.3433977e-01
 -3.1951979e-02
  1.0277121e+00
 -3.9099547e-01
  1.6333616e+00
  1.1262402e-01
  3.1282659e+00
 -1.1858969e-01
 -8.3449021e-02
  1.2719119e-02
 -1.3765894e-01
 -1.0435957e-01
  3.7548838e+00
  2.3273383e-01
  5.2431647e-02
  1.2420939e+00
 -5.9849139e-02
 -1.0959680e-02
 -1.5844541e-02
  1.1427687e-02
  3.2742508e-02
  2.6675789e-03
  1.8530793e+00
  8.4933227e-01
  7.6210380e-02
  7.7098584e-01
 -2.8459942e+00
  4.2419615e-01
 -2.0838609e-02
 -4.8620695e-01
 -3.9047860e-02
  3.7969332e+00
 -2.4741516e-01
  1.0114155e+00
  2.3429298e+00
 -7.4106567e-02
 -2.9851997e-02
 -8.9270230e-03
 -3.3712580e+00
  2.5826104e+00
 -2.2240589e+00
  2.8030020e-01
 -3.7919652e+00
  1.0595678e+00
  1.9147702e-01
 -2.4335573e+00
 -3.6019632e-01
 -4.3403859e+00
 -1.3585601e+00
  2.2750823e+00
  1.8454719e+00
  1.5823337e+00
 -3.3038003e+00
  2.0839350e-01
  6.7286134e-01
 -1.3321569e-02
  4.8419170e+00
 -1.6440931e-01
 -2.6542681e-01
  1.3711412e+00
 -8.7775644e-03
  1.4417477e+00
 -1.6676679e-01
 -1.0563200e+00
  6.0884398e-01
 -1.6063957e-01
  6.6115963e-01
  3.0098280e-01
  4.9639270e-01
 -4.0183991e-02
  1.4769323e-01
 -2.0561405e-01
  3.4798700e-01
 -3.7211485e-02
 -5.7086968e+00
 -1.5895161e-01
 -1.0920124e-01
  4.8202332e-02
  4.4490841e-01
  7.2643622e-03
 -7.4403570e-03
  2.9236110e-02
 -1.6324945e-01
  5.1488918e-03
 -1.8505559e+00
  7.3085807e-02
  3.1245163e-01
 -2.8592134e-02
 -7.5438954e-02
  6.2951423e-02
 -2.7073777e+00
 -2.4072938e-02
  2.0682827e-01
  8.6008206e-02
 -3.2053432e-01
  4.4750299e-02
 -2.3580842e-01
 -2.8485060e+00
  1.7500886e-01
 -1.8882440e-01
 -3.7310863e-01
  6.0224820e-02
 -9.7597755e-02
 -2.5173926e-01
 -1.6482854e-01
 -7.7805616e-02
  3.1271915e+00
  4.7412708e-01
  5.9303138e-02
 -4.3666206e-02
 -1.3816082e-01
 -9.5866591e-02
 -2.7434251e+00
 -2.5445454e-02
  1.3091841e-01
 -8.0387713e-03
 -1.3404550e-01
  2.9181617e-01
  1.3590269e-01
  1.8800622e-01
  6.6019554e+00
 -8.1838161e-02
 -3.4947008e-02
 -4.0847516e+00
  3.4645450e-01
 -2.2985360e-01
 -6.3594049e-01
  1.7143302e-02
 -9.0532511e-02
  1.1336258e-02
 -3.3872597e-02
  2.4654841e-02
 -1.8774632e-02
  3.4083869e-02
  6.8008952e-02
 -4.4384882e-02
  4.0709127e-02
 -9.9546719e-01
 -3.1765394e-02
  3.3982978e+00
 -1.5058179e-01
  6.6754863e-02
  3.6391858e-02
 -1.3136581e-01
  5.5399105e-02
 -1.2659385e-02
  1.1920066e-02
  9.7317010e-02
 -4.2575069e-02
  2.6457030e-02
 -6.8737995e-03
  5.2080322e-02
  2.6348710e-01
  1.0237524e-02
  7.0962209e-01
  2.3748837e+00
 -1.7032063e-01
 -4.1028768e-02
 -1.5642539e-02
 -6.8679981e-02
 -1.3291700e+00
 -9.3317956e-02
 -1.6459276e-01
  7.9487646e-01
 -1.9809979e-01
 -5.0336864e-02
  2.0369244e-01
 -1.7682957e-03
 -1.7833859e-01
 -7.3556229e-02
 -1.9120668e-01
  1.1208323e-01
 -3.1519178e-01
 -6.8944966e-04
 -4.3787912e-02
 -1.4863346e+00
  4.7876115e+00
 -1.1251273e+00
 -2.0800076e+00
  5.5079516e-02
 -2.5514619e+00
  5.5918169e-01
 -1.8374091e+00
  1.8806189e+00
  1.0964022e+00
  1.5740329e-02
  1.6268631e+00
 -3.3953887e-01
  1.6397876e-01
  2.4161765e-01
 -2.0757306e+00
  3.8091822e+00
 -2.6824703e+00
 -1.0960993e+00
  2.2381175e+00
 -4.0812828e-02
  9.8741770e-02
  1.1084020e+00
  1.4639782e+00
 -2.2300129e+00
 -2.1863863e-01
  2.4175632e+00
 -3.4728565e+00
 -1.5948898e+00
  6.6398537e-01
 -7.2763882e+00
 -9.7263056e-01
  8.3745944e-01
  5.8250535e-01
 -1.6985358e+00
 -3.8007143e-01
  1.2611060e+00
 -1.2237241e+00
 -2.8506634e-03
 -4.6830131e-03
  1.7565627e-02
 -9.3152314e-02
  4.8087362e-02
  6.7698948e-02
  3.8045713e-01
  4.7595635e-01
 -7.1911320e-02
 -7.6500185e-02
 -8.3652146e-02
  7.5227976e-02
  1.7957643e-01
 -3.5107663e+00
  3.3863297e-01
 -3.9930611e+00
 -1.3015269e+00
  4.4445143e+00
  4.7332740e+00
 -2.1435211e+00
 -7.2507977e-01
 -3.4428999e-01
  1.3250370e+00
  2.7785587e-01
  7.7237229e+00
 -4.8973989e-02
 -5.4476390e+00
 -8.0544323e-02
 -1.6726787e+00
  2.1695368e+00
  9.0020049e-01
  4.5303565e-01
 -4.5148025e+00
  1.3362879e+00
  2.2485709e-01
  1.1602529e-02
  1.7367456e+00
  1.3371246e+00
  2.4014373e+00
  6.4148819e-01
  1.0078845e+00
 -1.5776626e+00
 -1.5591322e+00
  2.9653366e+00
  1.2384416e+00
 -4.3157184e-01
 -3.2302094e+00
  7.3610985e-01
 -3.3040595e-01
  4.7534590e+00
 -9.7788697e-01
 -1.7516649e-01
 -2.0213358e+00
  1.5539356e+00
 -4.8336297e-01
  3.9240990e+00
  4.0786667e+00
 -3.6493218e+00
  2.9598955e-02
  2.9145092e-01
  7.2949012e-03
  6.8160839e-02
  6.7005262e-02
  8.9127883e-02
  6.5166450e+00
 -2.7408907e+00
  2.0031910e+00
 -8.5969707e-03
 -1.3064709e+00
 -1.8898392e+00
  1.1181538e+00
  3.9716973e+00
  3.6943150e-01
  9.0820116e-01
  1.1594314e-01
  7.3867160e-01
  2.3972087e+00
  3.4282866e-01
  4.4227841e-01
  3.5112619e+00
 -8.2645994e-01
 -5.4242933e-01
  3.0397919e-01
  1.6905884e+00
  4.5332694e+00
  9.5454496e-01
  3.2768681e+00
  1.2114010e+00
 -6.7594063e-01
  4.8301764e-02
 -1.2367638e+00
 -8.2401730e-02
 -7.5437152e-01
 -1.4802941e+00
  1.0655808e+00
 -1.4855119e+00
  5.4057944e-01
 -4.9229419e-01
 -1.6622739e+00
  1.4100866e-01
 -1.0127803e+00
  2.0656972e+00
 -1.9302741e+00
  2.5361624e+00
  1.3130612e+00
 -4.7152561e-01
 -1.7945094e-01
 -5.3166733e+00
 -2.7163944e+00
 -1.1388896e-01
 -5.4820113e+00
  6.7893349e-02
 -2.5377315e-01
  2.7292126e-01
 -7.9611427e-01
 -1.8206547e+00
  5.9137706e-02
  8.0537781e-02
 -2.1251068e-02
  8.6659640e-02
  3.7762785e-01
 -1.1473188e-01
  4.8576656e-01
 -1.0857953e-02
 -5.9109382e-02
 -1.3950205e+00
 -3.6150422e+00
  9.5235622e-03
 -5.1768512e-01
 -9.0553582e-02
 -1.1434287e-02
  9.0249658e-02
 -6.0353152e-02
 -3.8977284e-02
 -1.3264474e-01
 -7.4373543e-02
 -1.1199517e-02
  2.1501863e-02
  5.0311130e-01
  1.1136699e-01
 -7.5719827e-01
  5.9098589e-01
 -9.6028887e-02
 -1.1391367e-01
 -5.6891173e-01
  9.8150212e-01
 -2.9942832e+00
  2.5467235e-01
 -1.7866369e-01
 -9.8587728e-01
  3.5721406e-01
  1.5443689e-01
  1.6790649e-01
 -2.3224317e-01
 -1.7525402e-01
  2.2049116e-02
 -5.5427160e-02
 -6.0667522e-02
  3.6471937e-02
  5.8649946e-02
 -7.8540919e-03
 -9.0139983e-03
  6.7221187e-02
 -4.8055175e-01
  1.8730414e+00
 -4.7793690e-02
  1.8410962e-02
 -9.2351446e+00
  1.3111268e-01
  3.7043386e+00
 -4.4965501e+00
  7.9895363e+00
 -1.1093526e+00
  5.6937766e-01
 -2.5348327e+00
 -3.1841916e-01
 -7.4391358e-02
 -2.1725869e+00
 -2.2674963e-02
 -7.1762443e-01
  7.8948997e-03
 -3.7449401e-02
 -1.2035758e+00
 -2.5183048e+00
 -5.3355784e+00
 -4.9493456e-01
 -4.0027342e+00
  3.6210239e-01
 -5.9107399e-01
 -5.6580963e+00
 -2.5001979e+00
 -7.6576915e+00
 -2.0324211e+00
 -6.7987776e+00
 -9.9464917e-01
 -2.1524110e+00
 -3.3344662e-01
 -1.4510194e+00
 -3.3933799e+00
 -1.6805519e+00
 -7.7149262e+00
  4.6979234e-02
 -9.3300837e-01
 -8.7892219e-02
 -9.3992785e-02
 -5.9609555e-02
  1.1675734e-01
 -9.8316538e-01
 -2.1050662e-02
 -6.9470583e-03
 -3.0393691e+00
  4.9541035e-01
  3.6573678e-02
  3.8892391e-01
  5.1112747e-01
  9.5348448e-02
 -7.2883894e-03
 -1.3316016e-01
  2.1066007e-01
  6.6787437e-02
  1.1054514e-01
  4.5006651e-01
 -4.5843150e-02
  1.5232082e-01
  1.3220077e-02
  5.7818610e-02
  6.8614237e-02
  2.3153463e-02
 -1.2568082e-01
  7.1660712e-02
  6.3053526e-02
 -6.2258422e-01
 -1.2637830e-01
 -2.5382115e-02
  5.7191409e-02
 -1.7449997e-01
 -3.5921520e-01
 -2.1390718e-01
 -7.8223997e-01
 -3.5550211e-02
  5.3362900e-01
 -1.6254573e-01
  3.7549019e-02
 -2.0939744e-01
  1.0867591e-02
  1.1865033e+00
 -1.3108905e-01
 -3.8258240e-02
 -3.8470235e-02
  3.0197468e-02
 -3.2580343e-01
 -2.2961396e-01
 -1.6114464e-01
 -1.6650867e-01
  5.5872109e-03
  2.8442685e-03
 -1.6533010e-01
  2.0968896e-01
 -3.7529597e-01
 -1.3404243e-01
  1.0872650e-01
 -1.8766637e-01
 -1.4836764e-01
 -5.7811886e-01
 -7.6244086e-02
  1.4890559e-01
  1.0973459e-02
  5.3453680e-02
 -5.4090137e+00
  2.2851309e-01
 -1.8446757e+00
 -4.5039639e-01
  6.3379151e-01
  2.1720073e+00
 -2.8653297e+00
  2.3619443e-01
 -1.7064487e+00
 -4.1470233e-01
  1.6934447e-02
  1.2205191e-01
 -5.4461744e-02
 -7.1027100e-02
 -8.6136714e-02
  1.3941442e-02
  4.3537462e-01
 -7.0049278e-02
 -6.5627521e-01
 -1.5204988e+00
  1.6425011e+00
 -8.8083960e-02
 -2.1123469e-02
 -1.0437614e-01
  9.4391834e-03
  2.9957111e+00
 -1.2101976e+00
 -1.7483377e-01
 -2.4537154e-01
  1.9772676e+00
 -7.8170848e-01
 -2.3801027e-02
  1.7540756e+00
 -8.7247527e-01
  5.8202916e-01
 -7.5417101e-02
  1.1030575e-01
  1.0385523e+00
 -2.7896497e-01
  2.2554934e+00
 -5.3290192e-02
 -8.7148553e-01
  1.1123666e-01
  1.1343186e-02
 -9.0518855e-02
  2.9668035e-02
  1.9353528e-02
 -3.1723358e-02
 -1.4529640e-02
 -5.6005660e-02
  7.7539403e-03
 -3.1833779e-02
  3.7116954e-01
 -7.1064001e-03
  2.6121425e-02
 -2.3792900e-01
 -1.5043740e-02
 -6.5447979e-02
 -1.2959857e+00
  1.5028824e-01
  6.1913222e-02
 -1.5379484e-01
 -5.9763914e-01
  9.6015066e-02
 -1.4766793e-01
 -5.5454735e-02
  2.6845668e-02
 -1.9363207e-01
  9.3208484e-02
  8.2120560e-02
  6.9388670e-01
  2.4125223e-01
  1.0924939e-01
  9.0483069e-02
 -7.1755946e-02
  4.4145614e-02
 -9.2907399e-02
  6.7919153e-01
  2.4650771e-02
  6.5442704e-02
 -2.3802906e-02
  1.5898758e-01
 -1.6797817e+00
  1.0778902e-01
 -1.3733444e+00
  5.8058226e-03
  3.4603719e-02
 -1.5922146e-01
 -1.2493422e-03
 -2.2411220e-01
  9.5714755e-02
  2.7313143e-01
 -3.2692425e-02
 -2.6811969e+00
  1.2401895e-01
 -1.7350850e-01
 -1.3117750e-01
  1.8936314e-01
 -2.7681836e-01
  2.0319626e-01
 -9.3510103e-01
  1.6596553e-01
 -7.3698235e-01
  2.1303126e-01
  2.6276115e-01
 -1.4445009e+00
  1.8119230e+00
  1.1211380e+00
 -3.0620255e+00
 -3.5428152e+00
 -5.2327912e-02
  3.2306951e-02
 -9.8273468e-01
 -1.2311617e+00
  2.2872750e-01
  2.6901183e+00
 -3.5935972e+00
  3.4335670e-01
  5.6057334e-02
 -2.6222603e+00
  7.9942542e-01
 -4.6045059e-01
 -2.9529142e+00
 -2.5293993e-02
  1.0078266e+00
  1.4459131e+00
 -1.3048948e+00
 -6.3604803e+00
 -1.8158478e+00
  3.1827909e-01
  5.5925213e-03
 -1.0147896e+00
  4.7859135e+00
 -3.0431402e+00
  3.0613301e+00
  5.8677799e-01
  4.5508081e-01
  4.1611871e-01
  1.2116468e+00
 -3.2763478e-01
 -1.9973682e-01
  1.0220946e-01
 -5.4810766e-02
 -5.7574171e-01
 -1.0322551e-01
  8.8111438e-02
 -4.1804400e-01
 -1.1817337e-03
 -7.9198372e-01
 -4.8410833e-02
 -4.2896488e-01
 -6.6881590e-02
 -5.8394647e-01
  2.3008304e+00
 -6.7355949e-01
  3.2893833e-02
 -1.2171558e-01
  3.4967265e-01
  2.3906546e+00
 -7.3166154e-02
  3.6708879e+00
 -6.8819672e-02
  2.2900755e+00
  2.2056520e+00
  1.5180498e+00
  5.0027050e-02
  5.0661092e+00
  9.3666248e-02
  4.2664289e-01
 -3.0090744e+00
  9.5770144e-01
 -2.0450518e+00
 -2.1261162e-01
  7.7686596e-01
 -1.8357409e-03
  1.8100254e-02
 -1.8526663e+00
  5.8296740e-01
 -1.3891358e+00
 -9.3560851e-01
 -4.5999501e-02
 -6.7410648e-01
 -3.2024066e+00
  8.5207373e-02
 -3.5167745e-01
 -1.3572419e+00
  1.3808231e+00
 -2.8042338e+00
 -5.4240721e-01
 -1.2157103e+00
  8.6833310e-01
 -9.0864979e-02
  8.7467581e-02
 -2.7037659e-01
  8.0294341e-02
  5.9126431e-01
  6.0828704e-02
  2.3944061e+00
  2.1893907e-01
 -1.4283307e-01
 -1.3513672e-01
  4.7005128e-02
 -1.6305193e-01
 -1.1487704e-01
  1.9675320e-01
 -6.1338017e-04
 -6.7565024e-02
  1.4294657e-01
  2.6872244e-02
 -6.4876837e-01
  4.5042341e-03
 -5.4997880e-02
 -1.7990856e+00
 -7.9711899e-02
 -6.5593816e-02
  3.8630766e-01
 -2.8693095e-01
  7.1101762e-02
  2.8656444e-03
 -4.6517849e-02
  5.6391124e-02
  3.3979225e-01
 -9.8811828e-02
  5.5103369e-02
 -9.8163359e-02
  4.5663700e-02
 -3.0444935e-01
  3.8342309e-01
  5.7182196e-03
  2.9428640e-01
 -2.6851959e+00
  1.2769160e-01
  5.3442046e-02
 -6.6896528e-02
  8.3720114e-04
 -2.4919729e+00
  1.4485618e-01
 -7.0955494e-04
  1.9049472e-01
  6.5703299e-03
  1.9693837e-01
  1.7731456e-02
 -4.1730085e-01
 -1.2229893e-01
 -1.0688058e-01
  2.5759785e-02
 -4.0780894e-02
  1.4968404e-01
  3.8261485e-01
  5.6840580e-02
  2.3205899e-01
 -8.0053598e-02
  3.9289200e-01
 -2.0270389e-01
  8.8028413e-01
  6.9344193e-02
 -2.5147691e-01
 -6.0545165e-02
  2.2680093e-01
  1.7160779e-01
  2.0965724e-01
  4.1224745e-01
  3.4105547e-02
 -1.4761549e-01
  1.9047669e-01
 -1.5700890e-01
  4.9942587e-02
  3.0507568e-01
 -5.9194261e-01
 -7.4372582e-02
 -7.5465977e-02
 -3.8942862e-02
  2.9449750e-02
 -5.1613860e-02
 -1.9088337e+00
 -2.6310453e-01
  3.0297747e+00
  1.0150645e-01
 -1.4608905e-01
 -1.2202240e-01
  3.1842673e-03
 -1.6231909e-01
  1.4420097e+00
  3.4190086e-01
  1.1868161e-01
  8.0499873e-02
  1.1516753e-01
 -6.1610764e-01
  1.4596577e-01
 -4.4686735e-02
  3.1855631e-01
 -1.8893170e-01
  1.5676802e+00
  2.1489686e-01
  6.4185806e-02
 -2.7142046e-02
 -1.8456889e-02
 -1.3577732e-01
  8.6007021e-02
 -3.0905575e-01
  4.7137961e-03
  2.3209316e-01
  4.6923910e-03
  1.2250826e-01
  2.3052815e-01
  1.2806521e-01
 -2.1359615e-01
  2.1327819e-01
 -1.3697191e-02
  2.3399072e-02
  9.4217911e-02
  7.4367309e-01
  2.7495328e-01
 -2.1819096e-02
 -2.9597676e-01
 -1.1805904e+00
 -1.9112569e-01
 -2.2132048e-02
 -1.2148803e-01
  2.3297141e-01
  1.9572784e+00
  3.3434564e-01
 -3.1820506e-01
  5.6577125e+00
 -2.9982758e-01
  3.5597961e+00
  3.1661484e-02
  6.4541370e-02
 -7.3681176e-01
 -8.6503386e-01
 -3.2164168e-01
  1.1805401e+00
  5.1004523e-03
 -4.5136890e-01
  1.9767098e-02
 -6.9529094e-02
  6.4341241e-01
 -2.7656237e-02
  1.0632645e-01
  5.5559386e-02
 -1.3242289e-01
  5.3061303e-03
 -6.0070846e-02
 -6.1870594e-02
 -2.7646387e-01
 -5.2116483e-02
  2.7804011e-01
  5.3894231e-03
  2.7644387e-01
 -1.8719982e+00
 -1.1976911e+00
  1.8651487e-02
 -1.0975323e-03
  1.9823236e-02
  4.7749218e-02
  6.4965911e-02
 -4.2248076e-01
 -1.4174856e+00
  1.6932571e-01
 -2.1248097e+00
 -5.2362900e+00
 -2.8162713e+00
  6.1554127e+00
 -3.5952866e+00
  3.2061806e-01
  3.4511907e+00
  1.2636462e+00
  8.4230471e-01
  2.0484312e+00
 -2.2858160e-02
  6.6083294e-01
  5.5624500e-02
  5.0458634e-01
  1.6970792e+00
 -9.9023610e-01
  7.7670074e-01
  2.3135049e-02
  7.3293136e-03
 -3.6341775e-02
 -2.9147909e+00
  2.5711923e+00
  1.1831988e-01
  1.8482890e+00
 -5.5124205e-01
 -9.7531092e-01
 -2.6712611e+00
 -5.5490398e-01
  2.9335423e+00
  2.1883104e+00
  1.8091818e+00
 -6.2207747e-01
  4.3005568e-01
 -4.0241745e-01
 -1.4905798e+00
  2.2512569e+00
 -9.7627515e-01
  2.0571511e+00
  8.6991183e-02
 -7.2138572e-01
  6.5773621e-02
  6.0522243e-02
 -2.3914044e+00
 -6.4052141e-01
 -8.0148381e-01
 -1.1389326e-01
 -3.3754849e-01
  1.4647840e-01
 -3.1525803e-01
 -1.8816313e-01
 -5.7099563e-01
 -3.6900795e+00
  8.5350996e-01
 -8.6201793e-01
  5.3128843e+00
  8.9298099e-01
  1.1841737e+00
 -1.5792724e+00
  1.6739438e+00
 -2.0429976e-01
  1.3918661e-01
  9.3650101e-03
  2.6459137e-02
  8.2288151e+00
  1.1085277e-01
  2.9094932e+00
 -8.2006884e-01
  6.4885288e-01
 -9.2598158e-01
  4.2585316e+00
  7.2595350e-02
 -9.3567574e-01
 -3.7745342e+00
 -2.3144314e+00
  7.9071425e-02
 -6.6382837e-01
  3.9218860e+00
  1.8001397e-01
  6.1073643e-01
  3.3555409e-01
 -3.0515683e+00
  1.8821611e-01
 -4.5968294e-01
  4.9786752e-01
 -1.5872408e-02
  3.6929291e-01
  3.1366820e+00
 -1.0338268e+00
  1.2958076e+00
 -6.1257982e-01
  1.6296010e-01
  7.6139979e-02
  4.9783209e-01
 -2.2281234e+00
  1.0397117e-01
 -6.3727522e-01
  6.6959694e-02
 -9.6811727e-02
  3.1253055e-01
 -5.7422608e-02
  3.1982777e-01
  2.7324641e+00
 -2.9747892e-02
  2.2210586e+00
  3.1268277e+00
  1.0178632e+00
  5.7532853e-01
 -6.6752040e-01
 -1.2821598e+00
 -5.4915424e-02
  2.6383002e+00
  7.4944973e-02
 -1.6250636e-01
  4.7169298e-01
 -1.8651663e-01
  1.7474810e-02
  6.4998639e-01
 -3.2670593e-01
 -2.8788450e+00
 -1.5393428e+00
 -3.8440584e-03
 -1.7061351e-01
 -4.4936781e+00
 -3.4748886e+00
  4.9918103e+00
  3.6345011e-01
  4.5618099e-01
  1.2808158e+00
  6.4684254e-01
  2.2574617e-01
  1.6295272e-01
 -5.2038965e+00
  1.1549518e+00
  4.6147147e-01
 -1.2699070e+00
 -9.0370148e-01
  4.5070291e+00
  8.6687893e-01
  3.9116457e-02
  1.2872714e+00
  3.7330270e-02
  1.1765541e+00
  6.2186378e-01
 -1.3830458e-01
  8.5878229e-01
  3.1056264e-01
  6.8883908e-01
 -2.2029763e-01
  6.9805819e-01
 -6.0596876e-02
  9.9975571e-02
 -1.5584272e+00
 -4.4158566e-01
 -7.3628901e-03
  1.6718027e-01
 -1.0159479e+00
  9.4330795e-02
  1.0800906e-01
 -1.9864486e+00
 -4.0806955e-01
  1.8434666e-01
 -6.2493913e-02
  4.9054511e-02
  3.2679208e-03
 -3.6785655e-02
  4.1214141e-01
  1.1138739e-01
  1.2113981e-01
  2.5617936e-01
 -4.1503955e-02
 -3.9950021e-02
  1.4567312e-02
 -8.6767137e-02
  3.5904399e-03
 -6.9419348e-01
 -1.2117101e-01
  1.9046102e-02
  1.2165281e-01
  4.6807532e-03
 -1.3151240e-01
 -2.3304644e-01
  1.0710189e-02
  2.6708025e-01
  9.2733723e-01
  3.3125523e-02
  2.2878273e-01
 -9.7421241e-01
 -6.0502324e-02
  7.4024104e-02
 -2.6762218e+00
 -2.0950653e-01
 -3.1755093e-01
 -3.2880671e-02
 -2.2335835e-02
  4.7866693e-01
  9.2469141e-02
 -9.1553643e-02
 -2.9117666e-02
  1.3593955e-01
  7.5690746e-02
 -3.0875641e-01
  4.4993747e-02
 -2.3728229e-02
  1.2765315e-02
 -1.6970607e+00
 -2.3216867e-01
 -8.8542014e-02
 -1.5082957e-01
 -3.2085216e+00
  2.7903646e-01
 -1.2852187e-01
  2.9510164e+00
 -7.1647573e-01
 -1.0478354e-01
 -3.1118026e-01
  1.4956983e-02
 -8.7240122e-02
 -1.9252415e+00
 -1.5401624e-01
 -3.2404147e-02
 -3.9819445e-02
 -8.7633066e-02
 -9.9939406e-02
 -1.9176833e-01
  3.5262232e+00
 -2.9794466e-02
 -1.0734220e-01
 -2.1352448e-01
  2.5817785e-01
 -1.5221532e-01
 -2.4023517e-03
 -2.3328993e+00
 -2.4309044e+00
 -6.3449950e-03
 -2.6423341e-01
  2.5658712e-01
 -8.7854579e-02
  3.6386054e-02
 -4.5834415e-02
  4.3443237e-02
 -9.3686149e-02
 -4.4584236e-01
  3.3945393e-02
 -4.9150553e-02
  2.5200095e-02
 -1.2515576e-01
 -8.7732330e-02
 -8.7521464e-02
  1.0959922e+00
  1.4196187e-01
 -2.9184839e-01
  9.4359264e-02
 -2.6418690e-02
 -5.2374050e-02
  1.7812203e-01
  1.4932944e-01
 -8.8148236e-02
  2.6547477e-01
 -4.8414811e-02
 -1.9718707e-01
  1.6487980e-01
  1.4492689e-01
 -5.4625343e-03
  3.0763373e+00
  7.4096031e-02
 -5.4332566e-02
 -4.5515603e-01
 -2.1791952e-02
 -1.2415988e-01
  2.7576461e-01
 -1.1171193e-01
  1.9432758e-01
 -2.3670522e-02
 -1.7499918e-02
  4.5505315e-02
  3.7053291e-02
  3.2502835e+00
 -4.8182245e-02
 -1.8751152e-01
  5.9853170e-02
 -5.9329383e-03
  8.9588359e-02
  1.1228247e-01
  7.7034140e-01
  7.5800543e+00
  5.6202137e-03
 -6.2852398e-02
 -4.5924038e-01
 -7.6068752e-02
 -1.9030598e-01
 -1.0553547e-01
  6.2557593e-02
  1.7917776e-01
 -3.2676540e-02
 -5.0802147e-01
 -8.8683125e-03
 -4.4544090e-02
  2.7576104e-01
 -1.0882462e+00
  5.7699077e-02
  3.3383012e-02
 -2.2140403e-01
  1.9630852e-01
 -7.1847841e-02
  9.0606356e-01
 -8.4470904e-01
 -1.7964977e+00
 -1.2908301e+00
 -2.2912750e-02
  1.2995241e+00
 -1.4034784e-02
 -8.4959090e-01
  1.3892232e+00
 -2.1522934e+00
 -1.3205247e-01
  2.0700693e-01
 -2.5163047e+00
  3.3266990e+00
  1.8122099e-02
  1.2068512e-01
 -3.6267204e+00
  4.0729055e-01
 -7.6557964e-01
  4.8100715e+00
  4.9813027e+00
  1.1711937e+00
  5.6340251e-02
  8.3064920e-01
  2.5142665e+00
  1.9769406e+00
  1.1908841e+00
 -1.9806936e+00
 -3.3619711e-01
  1.2173840e-01
  6.5889671e-02
  1.5328906e+00
 -4.2833634e-02
  3.3480639e+00
 -1.5440614e+00
  1.2080393e+00
  2.7081571e+00
 -2.5601584e-01
 -1.4100564e-01
 -8.4624529e-02
  1.4499116e-01
 -1.1553629e-01
 -4.2052448e-02
 -5.1546961e-01
  2.8114772e+00
  3.7882328e-01
  3.2268196e-01
 -4.3218428e-01
  5.3091720e-02
  9.9340297e-02
  4.8121581e+00
 -1.2817316e-02
  2.8918931e+00
  2.0613134e+00
 -6.0053593e-01
  1.3952748e-01
 -2.2264860e+00
  2.4163499e-01
 -3.9431855e-01
  7.0083112e-01
  1.1226631e+00
 -2.0993176e-01
 -1.0747050e+00
  5.0606269e-02
 -1.0356000e-01
 -1.2559800e-01
  1.4370339e-01
 -1.0155700e+00
  7.1094520e-02
  3.7908304e+00
 -4.9527250e-02
  2.7780530e-01
 -1.2300819e+00
  1.3517213e+00
  8.8439429e-01
 -1.3374223e-01
  2.1853411e+00
 -1.8253177e-01
 -1.8703992e+00
  2.1957059e+00
  4.5509987e+00
  1.7145760e-01
  7.7276886e-01
  2.3326166e+00
  1.5278381e-01
 -4.4483557e-01
  4.9909875e-01
  1.8636631e+00
  6.9273901e-01
 -4.0211413e-02
 -3.8437960e-01
  4.2114194e-02
 -2.3426983e+00
 -3.9558157e-02
 -2.6584262e-01
  9.4781682e-02
 -2.8220644e-02
  1.2501362e-01
  1.7415496e-02
  2.2576778e-01
 -1.7118481e-01
  8.9987889e-02
 -6.8694448e-01
  4.4478148e-01
  1.2707236e-02
 -1.7017718e-01
 -8.4802203e-02
 -2.7886143e-01
 -1.6153853e-01
  8.4613824e-01
 -5.3540057e-01
  3.3252861e+00
  1.6203660e-01
  1.0935138e+00
  3.6299521e-01
  2.4801578e-01
  1.2102572e-01
  7.0717138e-01
 -1.1339928e+00
 -4.4214666e-02
  3.6354117e-02
  7.3923439e-01
  9.2775963e-02
  2.2509269e-01
  1.1152007e-01
  4.6880264e+00
 -3.4130886e-02
  7.5643122e-02
 -1.4277248e-01
 -1.0184568e+00
 -3.0374482e-01
 -7.5014994e-02
 -5.2678990e+00
 -6.7917955e-01
 -5.2285492e-01
 -1.4742978e+00
  8.7871617e-01
 -3.5879709e-02
 -2.7763000e+00
 -3.5146236e+00
  7.2962016e-02
  7.1323836e-01
 -4.5425010e-01
  2.7467918e-02
  1.3785657e-01
  1.1162568e-02
  1.9463971e-02
  1.1932202e-01
  9.3421526e-03
 -5.3784442e-03
 -1.4482376e-01
 -1.2472180e-01
  1.3517573e-03
  5.1105371e+00
 -3.1755934e+00
  1.5104859e-01
 -1.6545526e+00
  9.8667628e-01
 -1.0039202e+00
  1.8524176e-01
  3.8401120e+00
 -6.0872436e-01
 -8.3019710e-01
  3.6595639e-02
 -1.2549559e+00
  7.8323446e-02
  6.1348100e+00
 -2.9302782e-01
  1.8335311e-01
  1.1319128e+00
 -3.6433837e+00
  2.4859402e-01
 -6.4466667e-01
 -1.4444569e+00
  2.6071153e+00
  3.0473773e+00
 -1.8026016e+00
 -1.2353574e+00
  8.4744501e-01
 -1.3010728e+00
 -1.1168982e+00
 -1.7056673e+00
  3.0660179e-01
 -8.3503634e-01
  8.3917868e-01
 -7.0513405e-02
 -1.6547295e+00
  2.3671844e+00
  4.4520540e+00
 -1.5031972e+00
  6.9979482e+00
 -2.5345247e+00
  1.0268021e+00
 -6.8594944e-01
  1.7129511e+00
  5.3543651e-01
 -7.6810531e-02
 -3.7550795e+00
  4.8496154e-01
  1.9827266e+00
  1.8678273e+00
  1.3296978e+00
  2.9206795e-01
  2.4504867e-01
  1.3835959e-01
 -3.1746013e+00
 -1.2616702e+00
 -2.8854597e+00
  5.1292267e+00
 -2.7267575e+00
 -3.1515832e+00
 -1.7741618e+00
 -1.5875156e+00
 -4.9841480e+00
  1.4109868e-01
  1.2525476e+00
 -2.1481965e+00
 -1.0831079e-01
 -1.3084214e-02
  2.9982325e-01
  9.9651307e-02
 -1.4655231e+00
 -1.6939403e+00
 -1.1447721e+00
  1.0207528e-01
 -8.5531078e-02
  3.1781800e+00
 -1.1693712e-01
 -2.7811655e-01
 -1.8563098e+00
 -1.2558358e+00
  8.5624880e-01
 -1.2736739e-01
  2.1549578e+00
  2.0145884e-01
 -2.1145332e+00
 -3.3931491e-01
  8.4805703e-01
 -4.6050736e-01
 -1.0156398e-01
  1.9179428e+00
  1.7802377e+00
  1.5875152e+00
 -9.3745095e-01
  2.2531238e+00
  2.0073450e+00
  1.0071394e-01
 -1.4893794e-01
  4.3101230e+00
  4.6550792e-01
  2.3091185e+00
 -1.6011064e-01
  1.5118714e-01
 -2.4147041e-02
  1.8458273e-02
 -2.4803935e-02
  1.8496359e-02
 -1.4818779e-01
 -4.0450299e-01
 -2.2845495e+00
 -4.8511561e-02
  4.4986900e-02
  1.1343631e-01
  1.7412506e-02
 -1.0364004e+00
 -2.1042669e-01
 -1.0385405e+00
 -1.4798780e-01
  1.6812634e-01
  5.1785547e-01
  1.4429313e-01
 -1.0916730e-02
  2.0138080e-01
  1.2740319e-02
  9.5818348e-02
 -2.5600187e-02
  1.1450810e-01
  5.5723764e-02
  1.4004210e-01
  5.5233769e-02
 -1.2617023e-01
 -3.9640792e-02
  5.6791794e-03
 -1.0232878e-01
  7.3038347e-02
 -3.5117045e-02
  5.3380813e-02
  6.9545023e-02
 -7.9718707e-03
  7.5655289e-02
 -2.4159272e+00
  7.4497312e-02
  2.7361160e-02
  8.1212085e-01
  5.5442494e-01
 -3.6095683e-02
 -1.7991477e-01
  4.8836544e-02
 -1.0008651e+00
  1.0603341e+00
  1.4626758e-01
  6.1634287e-02
  1.5123111e-02
  2.2076696e-02
 -5.4269785e-01
  1.2294314e-02
 -1.1407096e-01
 -8.6540729e-01
 -1.0959533e-01
  1.8271978e-01
 -1.2110266e-01
 -1.8657515e-02
 -4.0076959e-01
  7.5589913e-01
  1.7348978e-01
  1.2548257e+00
 -9.1227269e-01
  2.7397311e+00
  3.9266333e-02
  3.1518683e+00
 -1.2789074e+00
  6.8726134e-03
 -8.5313952e-01
 -6.2378848e-01
  4.6128508e-01
  4.2189342e-01
  4.4223064e-01
  1.4375777e-02
  9.6684456e-01
 -8.6148638e-01
 -9.3194711e-01
 -4.6194576e-02
  1.9834936e-01
 -1.6594918e-01
 -1.7240445e-01
  2.0617548e-01
  7.1510780e-03
 -1.8622565e-01
 -1.1816312e+00
  2.3951023e+00
  3.0168882e-01
 -2.2181211e-01
 -1.5880732e-01
  2.6980925e+00
 -5.0535631e-01
  5.1186526e-01
 -5.4215141e-02
  3.1059705e-02
  1.4576690e-01
  3.3515531e-01
 -2.2090685e+00
 -8.6366844e-01
 -1.0746951e+00
 -2.6514720e-02
 -3.2711215e-02
 -7.1992807e-02
  5.7139520e-02
 -2.7798054e+00
  1.0134788e+00
  7.8282155e-02
 -6.7761075e-01
 -1.2919604e+00
 -3.9534596e-01
  8.4213090e-01
 -3.6521025e+00
 -1.2858063e+00
 -3.7031546e+00
 -1.1890795e-01
 -2.4854050e+00
 -5.3436255e-01
 -8.3945328e-01
 -6.9890410e-01
 -2.4340119e+00
 -2.1112838e+00
  7.8812087e-01
 -1.7117338e+00
 -1.4983617e+00
  1.9619722e+00
 -6.1346787e-01
 -6.1130188e-02
 -1.1385038e+00
 -3.5907769e-01
 -8.1536859e-01
  6.5853810e-01
 -4.3832713e-01
 -3.3931816e+00
  2.4269991e+00
 -3.1536651e+00
  1.3095300e+00
  1.1806966e+00
 -5.1928186e+00
  4.6578285e-01
 -1.0898452e+00
 -1.8589865e+00
  5.4904938e-02
  1.7490517e-01
  1.0720844e+00
 -1.7672560e-01
 -2.2146127e-01
 -1.2547227e-03
 -4.7127804e-01
 -6.8523425e-01
 -3.3081774e-02
 -5.4047596e-02
 -9.0381503e-02
 -3.2782819e-02
  9.1009021e-02
 -6.2646814e-02
  3.7315983e-01
 -1.3423964e+00
 -2.5787313e+00
  9.2584461e-01
 -8.1898749e-02
 -2.0004189e+00
 -1.1594401e-01
  3.9476253e-02
  1.3283899e-01
  5.6429510e+00
 -1.7251484e+00
  5.0191951e-01
  2.8946227e-01
  4.3336082e+00
 -1.1599267e+00
 -5.5591421e+00
 -2.1259700e-01
 -3.2058015e+00
  1.1491663e+00
  2.5841646e+00
 -3.8231969e-02
 -1.6395953e-02
  6.0284477e-01
 -1.1378108e+00
 -2.2042987e-01
  1.3049798e+00
  8.9563298e-01
 -7.4399644e-01
 -4.8650163e-01
 -9.3377727e-01
 -9.0230864e-01
  1.0017101e-01
  5.8705166e-02
  1.3154353e+00
  2.5757143e-01
  2.4715102e+00
  4.4862136e-01
  1.1837853e+00
 -8.9602721e-01
  7.2028339e-01
 -1.0008888e-01
 -1.5231721e-02
 -2.3014742e-01
  7.7130377e-01
 -1.3321553e+00
 -3.0324547e+00
  1.2612921e+00
 -5.2614915e-03
 -3.0587685e+00
  5.5464095e-01
  1.4255883e-02
  3.0680743e-04
  1.8258621e-01
 -2.4679821e-02
  5.5676899e-03
  7.1068354e-02
 -1.1758478e-01
  3.4502625e-01
  2.5822489e-02
 -4.7539935e-02
 -6.2894411e-03
 -7.0590839e-02
 -7.1632028e-02
  5.2822119e-01
 -3.1791151e-01
  4.3207759e-01
  1.9915538e-02
  8.7742037e-01
  3.6448829e-02
 -3.3384329e-01
  1.8877456e-01
 -1.1583383e-01
 -7.2683166e-03
 -9.6448064e-02
  6.7499441e-01
  1.8101825e-01
  3.9570653e-03
 -1.0154578e-01
  1.1153931e-01
  2.0685226e-01
 -1.9644037e-01
 -6.8342499e-02
  3.3316964e-01
  1.9917150e-01
 -9.8250096e-04
  6.2925130e-02
 -4.1805092e-02
  1.4006482e-01
 -7.1996933e-01
  2.8796953e-01
 -4.4394201e-01
  9.3171716e-02
 -1.8538123e-01
  2.1935989e-01
  1.8312529e-01
  3.9805412e-01
 -3.7455093e-02
 -1.9559890e-01
  2.7887819e+00
  3.3999726e-02
 -2.0960115e-01
 -1.1038908e-01
  1.1828821e+01
 -5.3671312e-01
  6.2203461e-01
  1.1975008e+01
 -5.6688261e+00
 -2.2001681e+00
  2.2066183e+00
 -4.0982819e+00
  4.6142907e+00
  3.3712848e-03
 -4.4399629e+00
  8.4016567e-01
  7.8460181e-01
  2.2607319e+00
  8.4263925e-03
 -1.2136490e+00
 -5.2362633e+00
 -1.4806364e+00
  1.9687521e+00
  4.3616135e-02
 -5.2848011e-01
 -3.6254216e-02
  1.7129238e+00
 -7.5480115e-01
  3.3291070e+00
 -1.2618212e+00
 -1.3456055e+00
 -2.3292232e+00
 -9.6647799e-02
 -1.8602746e+00
 -3.8345461e+00
  3.2825865e-02
  2.4030784e-01
 -1.2445297e+00
  1.0330942e+00
  1.2519200e-01
 -2.1352928e+00
 -7.0204534e-02
 -1.3200371e-01
  1.8916148e-01
  1.9338396e-01
 -8.3880171e-02
  8.2249410e-02
  1.1940574e-02
 -5.5289942e-01
 -1.6584149e-01
 -4.2843625e-01
  3.5343045e-01
 -1.4441458e+00
 -1.2351024e-01
  3.0797923e-01
 -1.5128807e+00
 -7.8202099e-01
 -9.6648552e-02
 -3.3815882e-01
 -6.5196939e-02
 -4.9928952e-02
 -1.1949995e-01
  1.8622093e-01
  2.2991486e-02
 -3.1865609e-01
  8.9320607e-02
  2.9175328e-02
  7.8441789e-03
 -5.5411175e-02
  1.7581062e+00
  1.9071873e-01
 -2.3888272e-01
  9.6653432e-02
 -2.6900609e+00
 -4.3932945e-01
 -1.7003341e-01
 -1.5978110e-01
  3.0876540e-02
  1.3407147e+00
  2.3352340e-02
 -5.7057858e-01
  1.2715785e-01
  1.9686884e+00
 -1.6167858e-01
  1.7303328e-01
  1.2579748e-01
 -1.3841243e-01
 -3.4180143e-01
  1.7169064e+00
 -3.1428654e-02
 -4.0026892e-02
  7.3992707e-02
 -1.0949323e+00
 -3.0811673e-01
  1.4956808e-01
 -4.2144649e-02
 -7.8571886e-02
 -4.6837952e-02
 -1.7720301e-01
  1.2108303e-01
 -1.0925246e-02
 -2.1130352e+00
 -3.0328888e-01
  1.6185742e-02
 -3.1819575e-02
  3.1465650e-02
  1.6293073e+00
 -1.1800724e+00
 -2.7986503e+00
 -1.1740528e+00
  2.9136803e+00
  1.4141780e+00
  2.8566687e+00
 -2.2483893e-01
  3.1734216e+00
 -6.0000873e-01
 -1.5856139e-02
 -8.7265998e-01
 -1.3028311e+00
  2.7481475e+00
  1.5720187e-01
 -1.3172847e-01
 -1.9084316e+00
 -8.4974968e-01
 -3.7877566e-01
  3.5496190e-01
  5.4950318e+00
  1.8282908e+00
 -4.6317849e+00
  1.0562955e+00
 -2.7227535e+00
 -1.2559357e+00
 -9.1470307e-01
 -3.7129250e-01
 -1.1931714e+00
 -2.8813241e+00
 -3.9060107e-01
  1.9440165e-01
 -2.7215457e-01
 -4.0249538e-01
 -2.4830441e+00
  2.0219958e+00
 -5.1921020e+00
  3.7090063e-01
  2.0773394e-01
 -2.1536484e-01
  1.7951822e-02
 -2.1163712e-01
 -7.3755175e-02
 -5.4392051e-02
 -7.4223667e-02
 -1.8585391e-02
  7.7512734e-02
 -4.3007829e-03
 -1.9686677e-01
 -2.0071492e-01
 -2.0681391e-02
 -1.3561869e+00
 -1.1448106e+00
  5.2331667e-02
  2.3036072e+00
  3.4603405e+00
 -2.2817228e+00
 -3.3101460e-01
  6.1940444e-01
  7.8623283e-01
 -8.8190198e-01
 -2.2756845e-02
  9.9148661e-01
  1.8474698e+00
 -1.5337943e+00
 -5.4301560e-02
  2.1745842e+00
 -1.7037027e+00
  7.6300632e-03
 -1.8246742e+00
  2.6879802e+00
 -1.8103729e+00
  1.1126154e-01
  1.5933040e+00
 -2.0829096e+00
 -2.2114778e+00
 -1.4158916e+00
  1.3740056e+00
  2.0486045e+00
  1.8163129e+00
  2.0799723e+00
 -2.6580813e+00
 -4.5878452e-01
  1.1031331e+00
  1.8233910e+00
 -2.4824932e+00
 -2.7911082e-02
  2.9779029e+00
  2.3433995e-01
  1.0767828e-01
 -2.3491107e-01
  3.3065103e-02
 -4.1365277e-02
  7.3906563e-02
 -4.4466835e-02
  2.7671415e-02
 -1.0547186e+00
  1.5739556e-01
 -1.2367304e-01
 -3.3915572e+00
 -3.4218103e-01
  2.0674949e+00
  6.5445280e+00
  3.2933536e+00
  3.7658501e-01
  1.6551000e+00
  6.1588997e-01
  4.6371710e-01
  5.9346661e-02
  5.6896818e-01
 -1.1233729e+00
 -1.0927910e+00
  7.7919430e-01
 -2.7380735e-01
 -2.5931304e-02
 -4.2436460e-01
 -6.9683351e-02
 -3.2642063e-01
  1.9990127e+00
  7.3295638e-02
  5.1869969e+00
 -1.8877898e+00
 -5.8094013e-01
 -8.6068809e-01
  2.3510504e+00
  4.3051252e+00
  5.8926243e-01
 -2.6339051e-01
 -3.9685738e-01
 -2.4243879e+00
  1.9947776e+00
  2.9767003e+00
  1.3696445e+00
  1.4992400e+00
 -1.8017697e+00
  1.1164726e-01
  1.1626104e+00
  3.1256285e+00
  3.9847291e+00
 -1.1115763e+00
  2.7632916e-02
  2.7351642e-01
 -2.6840933e-02
 -2.3604141e-01
 -2.9106839e-02
 -1.0464469e-01
  3.2467279e-01
  2.0009543e-01
 -3.3063428e-03
 -2.6197355e-02
 -4.5575004e-02
 -1.2275239e-02
 -1.6392311e+00
 -9.6985412e-01
  3.4842551e-01
  5.5062723e-01
 -1.0319198e+00
  1.2460726e+00
  4.1041708e+00
 -8.4065452e-02
  3.1500216e+00
 -1.4603140e+00
  6.4529079e-01
 -2.6578901e+00
  4.8190901e-01
  2.6613336e-02
 -7.8847863e-02
  3.0023241e-01
  3.8640881e+00
  1.3948424e+00
 -8.4159887e-01
  1.8910080e+00
 -2.1515620e+00
 -2.8199687e+00
  4.5558047e+00
  1.4863005e+00
 -4.4293141e+00
  6.5619938e-02
  2.3499839e+00
 -1.8319001e+00
 -1.2563937e+00
 -6.5791541e-01
  7.1994667e+00
 -5.7448417e-01
  4.6803758e-01
  2.1849771e-01
 -1.7155983e-01
  3.7888199e-02
 -1.8565290e-01
  3.4648297e+00
 -1.5280671e+00
 -4.0296421e+00
  2.4349062e-02
  9.5289908e-02
 -1.0791148e-02
 -2.3403113e-01
 -7.2249717e-01
 -2.7178931e+00
 -3.6979067e-01
  2.8989285e-01
 -1.1543099e-02
  5.0431777e-02
  1.3359791e-01
 -1.0233899e+00
 -1.0328562e+00
 -6.7016115e+00
  2.7529345e+00
 -3.5529873e+00
 -8.9632111e+00
  5.9590697e-01
 -3.2463241e+00
 -3.3732798e+00
 -1.9917574e+00
  2.8820038e-01
 -1.7506590e+00
 -1.9604179e+00
 -4.4205034e-01
  4.4868512e+00
 -5.5758130e-02
  1.0127987e-01
  9.0056527e-01
  6.3311584e-02
 -4.7783756e-01
  5.9036452e-01
  5.4640967e-01
  1.7667148e+00
  1.8095745e+00
 -2.8380604e+00
 -5.4402238e-01
  1.6150569e+00
 -1.0326953e+00
 -3.3735034e+00
  1.3152438e+00
  1.0648379e+00
 -1.1506524e+00
  6.1800997e-03
 -1.5438646e+00
 -2.9972632e+00
 -1.0299289e+00
  2.4203715e+00
  1.4087716e+00
 -3.5072750e-01
  9.7494882e-01
  7.2598568e-04
  5.7302643e-02
  4.1120636e-01
  4.1297942e-02
  1.0238628e-01
  2.7263205e+00
  2.1973473e-01
  1.8735797e+00
 -6.8139277e-02
  5.0561959e-01
 -4.8892599e-02
  2.5880045e-01
 -5.5598384e-01
 -1.2582791e-02
  6.2775499e-01
 -2.4423678e-01
 -6.5204158e-02
 -1.0966061e+00
  6.6514736e-01
  9.2631239e-01
  2.0006042e+00
 -1.0358839e-01
 -7.0009448e-02
 -1.3143040e-01
 -7.4152207e-01
  2.2508955e+00
 -1.7840123e-02
  5.6730080e-02
  2.6782849e+00
 -3.8152527e-02
 -3.8309716e-02
 -2.9029620e+00
 -9.0089209e-02
  1.3455811e-01
  4.3963056e-02
  7.3992687e-01
  1.0985187e-01
 -2.6018280e-01
 -1.9780705e+00
  3.5586628e-01
  2.1806177e-01
 -1.0227769e-01
 -1.8346770e-01
  1.0701487e-01
 -6.5955579e-02
 -7.9577647e-02
 -1.7419449e+00
 -3.3001816e-01
 -1.5175289e-01
  6.4567991e-02
  8.1818503e-01
  3.3418357e-01
  4.7852304e-03
 -3.0673802e-01
 -1.6083950e-01
  4.9086384e-02
  5.1091507e-02
  2.3784943e-02
  8.7331850e-03
  7.9424769e-01
 -3.2507133e-02
  4.9526360e-02
  2.1127748e-01
  3.4707680e-01
 -5.6885844e-01
 -5.0879353e-01
 -4.7227976e-01
 -4.6809986e-01
 -7.8126825e-03
 -7.7069193e-02
  7.5964993e-01
 -2.0765947e-02
 -1.3346119e+00
 -6.3605267e-01
  8.8703215e-01
  4.4099385e-01
  2.5638965e-01
  4.6570167e-02
  4.8754089e-02
 -1.4219452e+00
 -1.2185293e+00
  4.0210001e-02
 -2.5597382e-01
 -9.6127599e-01
 -4.8160598e-01
 -4.6004257e-01
  1.9400933e+00
 -2.2268687e-01
  2.8219411e-01
 -2.1317793e-01
 -4.4218457e-01
  2.0260300e-02
  6.7700440e-01
 -2.3251392e-01
  6.4146719e-03
  1.4826225e-01
  1.3782690e-01
  1.6411487e+00
  3.3090183e-01
  1.2219237e+00
  5.4864419e-01
 -1.1364925e-03
 -1.6521424e-01
  1.4715131e-02
  2.1542455e-01
  9.0224840e-02
 -2.2964105e-02
 -5.0429356e-01
  3.6974143e-02
 -2.6650760e-01
 -1.8950804e-01
  9.8179412e-01
 -8.0606925e-01
  1.6129440e-01
 -1.4307527e-01
 -9.1724694e-01
  1.5421875e-01
  2.6658374e-01
 -1.1579485e+00
 -7.9705405e-01
 -7.6949224e-03
  5.9201982e-02
 -1.0457648e-01
  1.1382476e+00
  1.3689187e+00
 -9.2403144e-03
 -1.1443514e-01
 -1.3560465e-01
 -1.2073442e-02
  6.5485157e-02
 -7.4556805e-02
 -6.2720552e-02
 -4.1858830e-02
 -1.0200476e-01
 -1.6503017e-01
 -1.4466548e-01
  1.0422181e-01
  1.2922357e+00
 -9.1989584e-02
 -2.7976358e-01
 -3.3434708e-02
 -3.8605204e-01
  1.0539090e-01
  3.2827073e-01
 -1.4674379e+00
  8.5118515e-03
 -6.4543046e-02
 -7.9417060e-04
  2.4574210e-01
 -1.2445211e-01
  1.6686432e-02
 -3.0671079e-02
  3.0397767e-02
  9.0080230e-03
 -2.7652666e-02
  1.0672988e-01
  2.1147607e-01
 -8.5832104e-02
 -2.4357263e-02
 -6.3008890e-03
 -8.3066046e-04
 -1.8490207e-01
  3.5206996e-02
  1.8309083e-02
  1.9530371e-02
  2.1323357e-02
  3.0914110e-01
 -5.4535042e-02
  1.7571454e-01
  2.9739868e-02
  8.0871433e-02
  8.3675519e-02
 -2.0634551e-02
 -2.1607745e-01
  8.7768078e-02
  2.1563388e-01
  4.0404882e-02
 -1.2029973e-01
  2.8599309e-02
  9.8448291e-02
  1.4354047e-01
 -4.2075705e-02
  1.7886212e-02
 -3.0598918e-01
  9.2272505e-02
 -1.6294913e-02
  1.2781425e+00
  2.4842909e-01
  2.5104231e-01
  1.3825265e-01
  7.3798224e-02
 -1.3299537e-01
  2.2633183e-01
 -4.8941512e-02
  4.8387745e-01
 -9.0442784e-02
  2.2161794e-01
 -2.0169064e-02
  8.8535706e-03
  8.2385249e-02
 -2.1833487e-02
  2.5442910e-01
  4.8583440e-02
 -6.8021178e-02
 -2.8149092e-01
  9.2010975e-02
  7.5898141e-02
  1.1539038e-01
  8.9926504e-02
 -9.4459265e-01
 -1.1872189e-01
  9.4353678e-03
  6.9392532e-02
 -1.5340680e-01
  3.6114588e-02
 -1.2250315e-01
 -1.0349526e+00
 -1.5586078e+00
  1.3330740e-01
  6.5156557e-02
  7.3941365e-02
  1.3090183e-01
 -2.1835090e-01
  6.3249385e-01
  6.6483474e-01
  4.2777281e-02
 -3.7893167e+00
  5.1165324e-01
  3.3570775e-03
 -1.4492846e-01
 -8.1035756e-02
 -1.2152932e-01
  3.0147763e-02
  3.9092995e-02
 -2.0725814e-01
 -2.1598537e-01
  5.3473169e-01
  1.4152870e-01
 -2.1920001e-02
  2.1456795e+00
 -1.8478512e+00
 -6.6591352e-01
  1.8328552e-01
  5.8019298e-01
  8.8606574e-02
  4.1429460e-02
 -4.2016745e+00
 -4.0438186e-02
 -1.0473351e+00
 -2.3053107e-01
 -7.8476064e-02
 -6.1868869e-02
 -1.7236832e-01
  1.3152629e-01
  2.3110858e-01
 -1.1079994e-01
  4.0859610e-02
 -6.2689535e-02
  1.8792188e-02
  3.4186415e-02
  3.4882318e-02
 -1.6887091e-01
 -1.2113916e-01
 -3.1199908e-01
 -1.0317120e-01
  2.6694420e-01
 -2.1576899e-01
  1.0516985e-01
  1.2180195e-01
  2.3864903e-02
  2.2728834e-02
 -1.0333499e-01
 -7.0050240e-02
 -1.7948934e-01
 -1.8782370e-01
  3.9100651e-02
  2.2300014e-02
 -9.4453163e-02
 -1.0013361e-01
  9.3187951e-02
 -1.8350407e-01
  1.1167829e+00
 -1.9178035e-02
 -8.0758922e-02
 -4.4131540e-02
 -1.3099851e-01
  2.3740071e-01
  2.5470811e-01
 -8.7657735e-02
  7.9205416e-02
 -1.7609422e-01
  7.6038148e-03
  1.9103318e-02
 -3.8603786e-02
 -6.5340526e-02
 -2.6836049e-02
 -9.6401572e-02
 -2.8563055e-01
 -1.5773422e-03
  2.2792028e-01
 -1.2376059e+00
 -5.6611151e-02
 -4.9444497e-02
 -2.5803143e-01
  2.1027075e-01
  5.6905355e-02
 -8.4756114e-02
  1.7952403e-01
 -1.1823269e-01
 -1.4138335e-01
  9.4190864e-03
 -1.5452160e-02
 -2.3080939e-01
 -1.1553477e-01
 -5.6138333e-02
  4.0734384e-02
  9.4952341e-03
 -1.4449689e-01
  1.6111894e-01
  3.5613218e-01
  5.1728811e-02
  3.1024766e-01
  1.4364295e-02
  5.5611956e-01
 -1.8185066e-01
 -2.0567617e-01
 -9.4285319e-03
 -3.4005019e-01
 -5.5961501e-02
 -1.4648145e-01
  3.8350426e-02
 -7.3774703e-02
 -6.4883061e-02
 -2.1185100e-02
  1.3664837e-01
 -9.6414655e-02
  2.4421282e-02
 -4.6248168e-02
 -9.7645158e-03
  1.5426999e+00
 -2.8629395e-01
  2.1655867e-02
  7.5748242e-02
  4.6038240e-01
 -1.6882733e-01
 -1.2019534e-02
 -4.4920361e-01
  1.8807903e-01
  2.1903013e-01
 -2.1121018e-01
  2.1218550e-01
 -1.3982061e-01
 -1.2879276e-01
 -2.7604103e-01
  1.9502632e-02
  5.9656627e-02
 -5.2643642e-02
 -1.3217588e-02
  5.1527116e-02
  9.1727199e-03
 -1.9510303e-01
  1.7652726e-01
 -1.7073514e-02
 -3.9121803e-02
 -7.8587472e-02
  5.5502098e-02
 -1.5506862e-01
 -3.5137855e-02
  1.6647831e+00
 -1.3224041e-01
  7.5708157e-03
 -4.1350089e-02
 -7.1767265e-01
 -1.4241442e-01
  1.5124359e+00
 -3.5970670e-01
  9.9195796e-01
 -2.3924099e-01
 -3.3227775e-01
 -6.7955285e-01
  1.9969313e-01
 -6.0085255e-01
  4.0357432e-01
 -1.7266477e+00
  2.7875514e-03
 -1.8413635e-02
  1.1103266e+00
  2.3370302e-01
 -2.9894739e-02
  6.2875032e-01
 -1.3985598e-01
  6.0044175e-01
  1.3271304e+00
  4.3935710e-01
 -2.1782224e-01
 -2.9118967e-01
  1.5229726e+00
  1.0447166e-01
 -1.7472866e-01
  2.4296865e+00
  5.2784449e-01
  4.8533395e-01
 -7.2477669e-01
  3.9288712e-01
  1.2247265e-02
 -1.0620170e+00
  3.2072235e-02
 -1.1180768e-02
  7.0532894e-01
 -1.0752941e-01
  1.4132857e-01
  3.8537677e-02
  1.4766465e-02
 -7.8834242e-01
 -2.0124897e-01
  1.6485661e-01
  1.1979643e-01
 -3.4972560e-01
 -3.9700156e-01
  3.8041722e-02
  1.6765647e+00
  1.8191436e-01
  5.9651738e-01
  8.8816255e-01
 -6.3535136e-01
  2.9648998e+00
  4.1139355e+00
  2.3349072e-01
 -3.0182333e+00
 -2.2710358e-01
 -7.7427183e-03
  2.4330689e-01
 -4.3277907e-01
 -3.1218022e-01
 -2.3752163e-01
 -4.7267447e-03
  3.4973130e-01
 -3.0391176e+00
 -9.5551662e-02
  1.0421782e+00
  7.6324743e-01
 -3.8115615e-01
 -3.5887837e-02
  4.4451323e-01
  9.3041837e-02
  1.7109380e+00
 -1.7214435e+00
  5.6039777e+00
 -2.6939222e-01
 -4.3737409e-01
 -7.0397101e-02
 -4.7016761e-01
 -9.5483553e-01
  1.3785370e-01
  3.6141293e+00
  4.0130109e-01
 -7.5722560e-02
 -6.1140966e-02
  2.2720732e-01
  1.3623129e-02
  1.2875426e-01
  7.4875034e-02
 -1.8546914e-01
 -1.9288283e-02
  1.5338943e+00
  3.5128012e-01
  4.7954953e-01
  3.2376224e-01
  1.2761796e-02
  8.4074706e-02
  1.4856991e-01
 -1.8807859e+00
 -1.9521155e+00
 -8.1323397e-01
  1.8605549e-02
  1.2584945e+00
  1.1676277e-01
 -4.5635432e-02
  3.2487398e-01
 -1.5855062e+00
 -4.0262159e-02
  4.9232364e-01
  2.9972506e-01
  8.4277473e-02
 -2.7376804e+00
 -5.6267101e-02
 -7.7318192e-02
 -1.0340817e-01
  1.9680822e+00
  2.8564613e+00
  2.0439017e-01
 -9.3762174e-02
  1.9147927e-01
  1.0547776e+00
 -4.6544024e-01
  3.7723094e-01
  5.9207580e-03
  7.4864268e-01
  9.6987477e-03
  5.1328140e-01
 -1.3658807e-01
  7.3871142e-01
  9.6988732e-01
 -6.9529569e-01
  1.3511215e+00
 -2.8074555e+00
 -2.5900188e-01
  3.7014220e-02
 -8.1313826e-02
 -9.5307624e-01
 -4.6622124e-02
  1.8804211e-02
  3.4233734e-01
 -1.0151909e-02
 -7.8079575e-03
  1.3562249e+00
  2.5617791e-02
  2.1528673e-01
  8.3437867e-02
  4.3729059e-02
  6.7003787e-02
 -2.6718248e-02
  3.6793385e-02
  9.1652066e-02
 -5.6317892e-02
  1.6253218e-02
 -5.6916419e-02
 -7.4732465e-01
  1.5922919e-01
 -3.1697416e-01
  9.8450027e-02
  3.5036769e-02
  2.3597758e-01
  9.3015760e-02
  4.5713190e-02
 -1.3479799e+00
 -4.0440059e+00
 -9.6178345e-02
 -2.5621408e-01
 -4.7293223e-02
 -4.0333398e-02
 -1.1618123e-02
 -1.2573206e-01
 -2.7205938e-01
  2.9079432e+00
  1.1583308e+00
 -7.9123424e-03
 -1.2133568e-01
  7.4688107e-04
  4.1494336e-02
  4.4716887e-02
  1.1672243e+00
  1.1199177e-02
  4.5907146e-01
 -1.9532527e+00
  1.4870916e-01
 -1.6973186e-01
 -1.4950858e-02
  4.1195780e-02
 -8.0839992e-01
 -1.0736081e-01
 -2.0630392e-01
  1.5352455e-01
  4.1079873e-01
 -1.2561710e-01
  7.0894554e-02
  5.7828635e-01
 -5.3986844e-02
  1.5317698e-01
 -2.7888787e+00
 -2.5235882e-01
 -1.5935785e+00
  3.9558634e-01
 -2.5694543e-02
 -5.3625263e-02
  2.0793438e-02
 -1.7774151e-01
  1.6382480e-01
 -1.8064503e-01
 -1.3244393e-02
 -7.3671423e-02
 -4.5713842e-02
  5.0862219e-02
  2.1869702e-02
 -6.7175537e-02
  1.9091759e-02
  3.0969372e-01
  6.9985958e-03
 -7.6050943e-01
 -1.3864964e-01
 -4.6934057e-02
  7.6291271e-02
 -2.9672882e-01
  3.3684142e-02
 -1.4602521e-02
  4.8175637e-02
 -4.3309554e-02
 -3.4643143e-02
  6.8320237e-02
 -5.3314313e-02
 -3.5479568e-02
 -1.6408585e-01
  5.3569162e-01
 -1.0797401e-02
  2.8030577e-01
  1.1128945e+00
  4.0432174e-02
 -1.0299718e-01
 -2.9914698e-02
  4.8451565e-02
  1.0434107e-01
  1.4303434e-01
 -6.5604582e-02
  1.3800831e-01
 -1.1898652e-01
 -3.9272729e-02
 -1.0004839e-01
 -1.7975950e-01
  2.2394635e-02
 -5.4686598e-02
  4.0562134e-02
 -1.1372341e-01
 -1.9357584e-01
  3.8571523e-03
  1.0506024e-01
  7.7214651e-02
 -1.5944014e+00
  2.0535418e-03
  2.1914834e-01
 -3.2731611e-01
 -9.2023426e-01
 -9.8375812e-02
  2.0283110e-02
  1.6462445e-01
 -2.5052225e-02
  1.0942846e-01
 -1.6923560e-02
  8.8337541e-02
 -1.5185796e-01
  2.2369742e-01
  1.6051181e-01
  2.7444353e-02
  6.1344527e-02
 -1.2326497e-01
 -1.6942565e-01
 -5.0871935e-02
  8.8507056e-02
  3.8726610e-01
  1.6778001e-01
  1.6352424e-02
  8.7381996e-02
  1.3861276e-01
 -2.1443063e-01
 -1.0920627e+00
  1.1726305e-01
 -3.7801366e-02
 -9.1784060e-02
 -1.7612253e-01
 -1.8804813e-04
  3.2211076e-02
  6.1721951e-01
 -2.0038079e-02
  3.0900526e-01
  2.9309744e-02
 -6.1095172e-01
  4.9910486e-02
 -3.0854238e-02
  1.5533553e-02
 -2.1438766e-02
 -8.7581679e-02
  1.9742975e-01
  5.0103772e-02
  2.0932315e-01
 -1.4509901e-01
 -3.6440477e-02
 -2.8763089e-01
 -4.1799910e-02
  3.4178140e+00
  1.2493806e-01
 -4.2731855e-02
  1.5217365e+00
 -1.1675261e-02
  1.1526180e-03
  2.1928304e-01
 -4.6097497e-03
  4.8362324e-01
 -1.1587567e-01
  1.4281988e-01
 -1.3867974e-01
 -9.0684736e-01
 -7.4714571e-02
  3.4992972e-01
 -2.6702493e-01
  2.9743076e-03
  3.6779627e-01
  5.4835635e-03
 -3.3658513e-01
 -3.9864417e-02
 -9.2052424e-01
 -3.1677777e-01
  5.6226764e-02
 -1.6125271e+00
 -1.3870010e-01
  2.8057754e-01
  1.1789718e+00
 -1.9471623e-01
  4.1396651e-02
 -1.3321924e-01
  3.4197682e-01
 -3.7146814e-02
 -2.3926654e+00
 -4.6100363e-01
 -1.4068973e-01
  6.2475365e-01
  5.1122487e-02
  8.8836573e-02
  3.8950062e-01
  6.6882186e-02
 -1.9074018e-01
  7.2614163e-02
 -1.1840363e-01
  4.0923990e-02
  8.3182290e-02
 -1.2781899e-02
 -4.6927038e-01
  3.0084354e-01
  6.2668309e-02
  4.5015518e-02
  1.8467102e-02
  7.4326448e-02
  3.0795645e-02
 -2.9697695e-01
 -2.5910622e-01
  4.0045768e-02
 -7.8842700e-02
  1.1570769e-01
  4.5884064e-01
  1.4113843e-01
  1.2383313e-01
  1.7509572e-01
 -1.0627685e-01
 -9.8887682e-02
 -1.8209535e-01
 -2.3203117e-01
  1.3439249e-01
  1.0761344e-02
 -9.3707144e-02
  1.2210964e-01
  2.5553361e-02
  7.8674562e-02
  4.6713199e-02
  4.5990005e-02
  7.5161733e-02
 -1.8113320e-01
  2.0337704e-01
  1.4262386e-01
 -2.4353974e-02
  2.1587318e-01
  1.9738774e-01
 -6.5703504e-02
 -3.9628395e-01
  1.9008560e+00
  2.5588561e-02
 -3.2690810e-03
  1.9928615e-01
 -1.4180166e-01
  3.8391311e-02
  8.9991286e-02
  6.0730811e-02
 -2.9494914e-01
 -7.4535370e-01
 -2.3101537e-01
  3.9270420e-02
 -3.0128166e-02
  6.4511055e-01
 -7.9259731e-02
  1.6263370e-01
 -1.2972364e+00
 -6.6766149e-01
  1.1816978e-02
 -8.4062785e-02
  5.7216752e-02
  2.4851780e+00
 -1.9176348e+00
  1.1427066e-01
 -1.3199158e-02
 -5.7946235e-01
 -7.6933962e-01
  1.2963298e-01
 -1.8990397e+00
 -5.1788546e-02
 -1.7235608e-01
 -1.3383591e+00
  9.9411017e-01
 -4.3973827e-01
  3.9177388e-01
  1.1659776e-01
  1.0102159e+00
  2.9834822e-01
  8.0598885e-01
 -4.0087977e-01
  5.3260460e-02
 -4.2882180e-01
 -3.2879269e-01
 -4.2307496e-01
  3.6651224e-01
  7.3225743e-01
 -1.6290803e-02
  1.8135413e+00
 -2.8626006e+00
 -7.1070172e-02
 -1.4783112e+00
 -8.0131501e-02
  2.0951657e+00
 -1.1585629e+00
  4.0716667e+00
  3.1106803e-01
  7.2824240e-02
  2.2463784e+00
  9.7349092e-02
 -5.0367987e-01
 -4.6381390e-01
 -8.9035302e-02
 -1.6967170e-01
 -1.4225139e-01
  3.3364710e-01
  6.0839701e-01
 -4.2168133e-02
 -2.8731146e+00
 -5.5503249e-01
  3.5098991e-01
  2.8000312e+00
  1.7341658e+00
 -2.9863521e-01
 -4.0115323e+00
 -1.1335586e+00
  6.8433458e-01
 -2.8457279e+00
  1.2784030e+00
 -1.0181669e+00
 -1.2841864e-01
  1.1441189e+00
  1.0047919e-01
  1.0699375e+00
  4.1409123e-01
 -1.1059983e-01
  7.1614049e-02
 -2.6686624e-01
 -1.9772847e+00
  1.5329628e+00
  5.5108202e-01
  1.6823821e+00
 -1.2879232e+00
 -1.2555470e+00
 -1.8564612e-01
 -1.1810490e+00
 -4.9489203e-01
 -1.1287405e+00
 -7.6554674e-01
 -1.5506496e-01
 -2.8072134e-01
 -5.6586027e-01
  6.7440909e-01
 -1.4106401e+00
 -6.8821663e-01
  1.2030770e+00
  9.4110414e-02
 -9.5206928e-01
 -2.9855940e+00
  4.0919489e-01
  4.6186624e-03
  1.1645013e-01
 -9.1725886e-02
  2.2485765e-02
  5.2748606e-02
  1.3852301e-01
  1.3249817e-01
 -1.2893724e-02
  1.9113897e-01
  1.0700248e+00
  2.1123683e+00
  8.6560428e-01
 -1.8661193e+00
 -4.4535532e+00
  8.4919500e-01
 -2.3429508e+00
  7.3580801e-01
  2.6375523e+00
 -3.2371831e+00
  6.2588561e-01
  8.7692916e-01
 -5.8698404e-01
  4.2228932e+00
 -1.4192858e-01
  7.5985622e-01
 -2.0324765e-01
 -6.5660882e-01
 -1.6515669e+00
  3.9610906e+00
  5.2993293e+00
 -5.3443480e-01
 -5.2565098e+00
 -3.5689836e+00
 -1.4652086e+00
 -7.6724607e-01
  1.9114865e+00
  1.3796418e+00
  2.5173647e+00
 -4.6986672e-01
 -4.5456414e+00
  1.9582049e+00
  2.8089123e+00
 -3.0349228e-01
  7.5672710e-01
  1.3066214e+00
  4.4191626e-01
 -1.2343475e+00
  1.5311098e-01
 -2.0427799e+00
 -9.0039915e-01
  1.1201952e+00
  2.9011214e-01
 -6.1320705e+00
  1.1221173e+00
 -1.8968843e-01
  2.4489646e+00
  1.1359084e-01
 -1.2617458e-01
 -7.8834873e-03
 -3.4422841e-02
  1.5111360e-01
  7.5890400e-02
 -2.0699258e+00
  3.3139534e+00
 -6.9075865e-01
 -6.6755497e-01
  1.8888998e-01
 -3.3465421e+00
  1.0288519e+00
 -2.1501918e+00
  8.6118060e-01
 -1.7707562e+00
  1.3391688e-01
 -3.9575642e-01
 -2.7125869e+00
 -2.3360205e+00
  3.3268220e+00
 -1.0395367e+00
 -1.5382568e+00
 -2.4484036e+00
 -9.4878936e-01
 -1.3746537e-01
 -8.1993334e-02
  1.0304445e+00
 -2.1676269e+00
  6.4373559e-01
 -3.5221305e+00
 -1.3772079e-01
  1.0599428e+00
  1.2375326e+00
 -1.5790093e+00
 -5.3085423e-01
 -1.0033015e+00
 -5.2950132e-01
 -1.1406386e+00
 -3.8084464e+00
 -1.0017751e+00
  7.1038204e-01
  9.9425323e-02
 -2.4840173e-03
 -1.2454858e-01
 -1.6162613e-01
 -3.4495332e+00
  1.7979811e+00
 -3.2367055e+00
  5.7156843e-01
  2.7239046e+00
 -4.2737111e-02
 -1.7033558e-01
  3.1933453e-02
  3.2889210e-02
  7.6767796e-01
  3.8883051e-01
  5.2676183e-01
 -4.9112156e-02
  2.2765307e-03
 -1.2859811e+00
  2.3360651e-02
 -2.8274921e-01
  2.1887018e-01
  6.1886430e-01
 -1.5233341e-01
  7.2053677e-01
 -7.6102116e-04
  4.3190169e-01
  7.9851151e-02
  6.4503729e-02
 -5.1091440e-02
 -2.0381352e-01
  2.4739282e-01
  1.3112120e-01
  7.6673947e-02
 -5.4522801e-02
  3.2015978e-03
  9.7289723e-01
 -3.5402641e-02
  8.8016137e-02
 -7.3694348e-02
  1.4826548e+00
 -2.3028514e-01
  1.1297569e-01
 -1.5635881e-01
  6.8885893e-02
 -3.5374179e-02
 -2.3553205e-01
 -6.5306026e-01
  7.8259267e-02
  3.3531570e-01
  1.1150567e-02
 -1.5536296e-01
  4.4335118e-01
  1.6090660e-01
  3.1834739e-01
  5.3955186e-02
 -5.8581576e-02
  2.8180206e-01
  1.5018427e-01
  5.9630588e-02
 -5.2981205e-02
  1.6491249e-01
 -5.8145202e-03
  3.3461931e-01
 -1.4867844e-01
  1.7864430e-01
  4.0838525e-02
  8.2124509e-02
 -1.7352174e-01
 -2.2325586e-01
 -1.8448221e-02
 -2.0008178e+00
  1.1836455e-01
  6.6587878e-03
 -2.5465274e-01
 -2.9058423e-02
 -3.4483796e-01
 -5.9507710e-01
  1.4796279e-01
 -6.8031728e-02
  4.1313136e-01
  4.1723862e-01
  9.8343365e-02
 -5.7595029e-02
 -1.1522593e+00
  2.9376389e-02
  1.6712935e-01
  1.3726780e+00
 -1.0077818e-01
  2.7566892e-01
 -1.8458713e+00
  2.8778951e+00
 -1.1543977e-01
  4.2049866e-02
  1.1919735e-01
 -1.5386999e+00
  1.0309456e-01
  8.1608310e-02
 -2.4600128e-02
  9.8572038e-02
  5.5525312e+00
  4.3558944e-02
  5.0425804e-01
 -2.1644808e-02
 -1.5501265e-01
 -5.6994766e-01
  2.2593545e-02
  4.6353590e-01
 -1.4271785e-01
 -3.4268636e-02
  2.8572297e-01
 -4.3699082e-02
 -3.2815656e-01
  1.0639516e-01
  4.3659267e+00
  1.0700489e-02
 -1.2597734e+00
 -3.0176332e-02
  5.8774106e-02
 -1.3691188e-01
  1.7251263e+00
  5.6078476e-01
 -2.0768323e+00
 -9.0664148e-01
 -6.4958131e-01
 -8.5070789e-01
  1.5997054e-01
 -1.4602976e-01
 -1.3656002e-01
  6.4993843e-02
  9.5041968e-02
 -4.6914652e-01
 -1.9759755e-01
  1.0075314e-01
 -1.3269778e-01
  2.0408179e-01
 -2.2863145e-01
 -5.8847970e-01
  1.5345626e-01
  4.1781692e-03
  6.4652103e-01
 -6.1808544e-01
 -3.5044882e-02
 -1.9767727e-01
  8.3286121e-02
  4.5204036e-02
 -2.3869328e-02
 -1.0082889e-01
  6.9515575e-03
  8.2151398e-02
  8.2490094e-02
  4.9551935e-03
 -3.2534451e+00
  4.4840081e-03
 -5.1974781e-02
  3.0344462e-02
  3.2633394e-03
  1.3897665e-02
 -3.4434825e-02
 -1.9664107e-02
 -2.5133470e-01
  2.4017808e-03
  1.6560616e-01
 -9.8734260e-02
 -2.9202476e-01
  7.0114508e-02
  6.7326894e+00
  5.1120648e+00
  2.1109090e+00
  2.9792774e+00
 -1.0281788e+00
  4.1600084e+00
 -8.0369788e-01
  3.2431383e+00
 -1.6041224e+00
  1.8086293e+00
 -5.9260362e-01
 -2.9086380e+00
  9.8744088e-01
 -6.1661524e-01
  3.0290088e-01
 -7.2299278e-01
  1.7925458e+00
  1.4623994e+00
 -6.6836822e-01
  1.5680165e+00
  4.1125521e-02
 -3.0126199e-01
  1.6134298e+00
 -1.7069832e+00
 -2.1024401e+00
  1.6687360e-01
 -9.6816880e-01
 -2.6804066e+00
 -3.8834410e+00
 -3.9238226e+00
 -5.8530378e+00
 -1.9908268e+00
  1.6219598e+00
  2.6635664e+00
 -5.7045364e-01
  3.8915219e+00
 -3.4870050e+00
 -2.5139144e-01
 -7.5703681e-01
 -1.5546275e+00
 -1.5851533e-01
 -5.4731604e-02
 -1.4488626e-01
  1.2748712e-01
  1.2873129e+00
  9.3209267e-02
 -2.0647873e-01
 -2.3057919e-02
 -5.9480590e-01
 -3.2592167e-03
 -3.4356338e-01
  2.5266478e+00
  1.2223597e+00
  2.6156042e+00
 -6.9426477e-01
 -1.2681838e+00
  3.1392281e+00
 -1.5548816e+00
  3.5227275e+00
  1.3785057e+00
 -2.9265139e+00
  3.0200925e+00
 -1.9985094e+00
  7.8954957e-02
  1.9971572e+00
 -3.3346075e-01
  4.6460342e-01
 -9.5838485e-03
  1.0332036e+00
  2.6816154e+00
 -6.3152564e-01
  9.4276381e-01
 -6.7044723e-01
  2.4462769e+00
 -5.2525158e+00
  2.0843725e+00
  3.8426244e-01
  7.9078794e-01
  1.3214186e+00
 -4.7120159e-03
 -2.2369680e+00
 -1.0130200e+00
 -8.4424496e-01
 -7.0808780e-01
 -1.2050912e+00
  1.1828524e+00
  1.2269301e-02
  8.9884657e-01
 -2.1700640e+00
  4.3595120e-02
 -1.0681531e+00
 -7.1050182e-02
 -9.6183024e-02
 -4.7414288e-02
 -4.2648870e-01
 -1.5317843e+00
  3.4772837e-01
  1.3856411e-01
  1.0653493e-01
  5.5907875e-01
  3.4508051e-03
  1.6450772e-01
 -5.9084159e-01
 -3.1915121e+00
 -3.3961219e-01
  6.8310660e-01
  6.0916722e-01
  3.7034874e+00
  3.3505139e-01
 -2.5443828e+00
 -7.3913217e+00
 -3.7808638e+00
 -5.8000679e+00
 -2.9925787e+00
 -1.3901764e+00
 -2.0690932e+00
 -2.3685250e+00
  1.4003192e+00
 -2.7195492e+00
  1.4616758e+00
  1.1292557e+00
 -2.6054847e-01
 -1.2548764e+00
 -1.6377790e+00
 -1.6663210e+00
 -1.4645915e+00
  1.1401521e-01
  1.1155164e+00
  3.1960309e-02
  2.1671954e-01
 -2.3508599e-02
 -5.3140306e-01
  6.1498624e-01
  3.3370683e+00
  6.0557431e-01
  2.6519391e-01
  2.9724756e-01
 -6.3031232e-01
  1.1356010e+00
 -2.7983472e+00
  2.7049389e-01
  1.9066672e+00
 -1.7779508e-01
 -2.9205108e-01
  3.0681668e-02
 -9.0492588e-01
  1.1665040e-01
  2.6789802e-01
  1.2300412e-01
 -2.7622027e-02
 -2.0134845e-01
  1.4685905e-01
 -2.3835368e-01
  2.0912392e+00
 -1.5628802e+00
 -6.2445288e+00
 -7.2592026e-01
 -5.8803682e+00
  2.3194157e-01
  1.0745093e+00
  1.5417502e+00
 -7.6504600e-01
  2.6508164e-02
 -2.2570290e-01
  1.8689660e+00
  1.6491415e-02
  5.8942658e-01
 -2.1955830e-01
  3.4164423e-01
 -5.8520265e+00
  7.4266389e-02
  4.0342865e+00
  1.3590442e-01
 -1.0507797e+00
 -2.0865989e-01
  1.2142665e+00
 -2.3656998e+00
 -1.2383009e-01
  2.1597216e+00
  3.1960170e+00
  2.3284717e+00
 -8.3094603e-01
 -1.3705835e+00
  2.0428793e+00
 -1.6515735e+00
 -9.8040116e-01
  1.8735950e+00
 -9.0968627e-01
 -1.0093400e+00
 -6.1314631e-01
 -1.6443803e+00
  2.0046116e-01
 -3.0716395e-02
 -1.5440756e-01
  2.4729556e-01
  3.5296384e-02
 -8.5004371e-01
  1.3398744e+00
  3.3805873e-02
  3.7031016e-01
  1.2440360e-01
  1.4868061e-01
 -7.0931441e-01
  1.1287514e-01
 -3.2848034e+00
  2.2221715e+00
  1.1570321e+00
 -7.1883786e-01
  3.8872254e+00
  1.2104379e+00
  1.4307355e+00
 -6.4221877e-01
  2.1927505e+00
 -4.7206354e-01
 -1.9949552e+00
  6.6530118e+00
  6.0681754e-01
 -1.9029860e+00
 -3.1697440e-01
  3.8677540e-01
  9.8382547e-02
  2.6075273e+00
  2.6170065e+00
 -4.8454375e+00
  2.1424499e+00
 -6.1768103e-01
  6.8838841e-01
  6.4711815e-01
  4.6020532e+00
  2.3319228e+00
 -4.3946719e+00
 -3.7987682e-03
  9.4562203e-01
 -1.1439196e+00
  7.6013750e-01
  1.7928960e+00
  6.4613439e-02
 -1.5450692e+00
  4.0086162e-01
  2.8808186e+00
 -1.2843207e+00
 -1.3495847e+00
 -1.8811606e+00
  6.9947433e-01
  6.8618365e-02
 -1.1027453e+00
  1.0433267e-02
 -5.3497467e+00
  1.6182473e+00
 -1.4234697e-02
  4.6781410e-02
 -2.0098867e-02
 -5.3980529e-01
  1.9379315e-01
  1.1164787e-01
  2.1061318e+00
  2.2224259e+00
  2.1001520e+00
 -1.7968857e+00
  2.8699331e+00
  2.8984759e+00
  2.8701112e+00
 -1.0421184e-01
 -4.3162818e+00
  1.3746012e+00
 -3.1481919e+00
  7.5293529e-01
 -2.6116245e+00
 -3.5809090e+00
  3.0160944e+00
  2.0233412e+00
  1.8667033e+00
 -1.9754895e+00
  1.1614648e-01
 -4.1854405e+00
 -8.6929336e-02
 -1.6121370e+00
  3.0940466e+00
  3.4494071e+00
  5.0828857e+00
 -2.4356737e+00
  2.6083469e+00
 -1.7959338e+00
 -2.7418222e+00
  6.9553041e+00
  1.0269160e+00
 -2.2239807e+00
  2.8849216e+00
 -1.7470099e+00
 -7.5523442e-01
  3.3569071e+00
  3.8853624e+00
  5.7401651e-01
  3.5061914e-01
  1.7645789e+00
 -1.4543719e+00
  2.3329531e-01
  3.2854714e+00
  3.9461127e-01
 -4.2359195e+00
 -7.1810299e-01
  8.7252921e-01
 -3.1854765e+00
  3.4246554e+00
  3.5883393e+00
  1.6517065e+00
  1.1979496e+00
 -8.9859545e-02
  2.5974717e+00
  3.7475977e+00
 -4.0005078e+00
 -6.6207480e-01
 -1.3061728e+00
 -1.2558720e+00
 -7.3843294e-01
 -6.0316396e-01
 -2.7975166e+00
  2.3860934e+00
 -8.2648820e-01
  3.4018984e+00
 -3.3709955e+00
  3.7796655e-01
  3.1473796e+00
  1.9434872e+00
  2.0964637e+00
 -2.2277079e+00
  1.7323587e+00
  5.1533226e-02
 -2.2436099e+00
 -2.6683252e+00
 -3.3329780e+00
  4.2084222e+00
  2.7062833e+00
 -6.6489754e+00
  3.7057514e+00
 -2.9093876e+00
 -1.1938831e+00
  5.1129913e-01
 -2.4174759e+00
 -1.9401726e+00
 -2.2765584e+00
  2.4372115e+00
 -2.7043750e+00
  2.3235326e+00
  2.2606015e+00
  7.0609534e-01
 -1.7453392e+00
  2.0544596e+00
 -2.8692436e+00
  3.4153044e+00
 -2.2409115e+00
 -3.3737937e-01
 -1.1731742e-01
 -6.7089248e-01
  1.1376681e+00
 -1.3324673e+00
  1.9778968e+00
 -3.4832201e+00
  5.0309712e-01
 -9.3798008e+00
 -1.2595057e+01
 -7.8216705e+00
  2.8301702e+00
  1.5441704e+00
 -2.1912889e+00
  2.0035889e+00
 -3.7146080e-01
  6.6067266e+00
  9.7904634e+00
 -6.0766826e+00
 -1.0316895e+00
  1.3911246e+00
  8.9694366e+00
  1.5381124e+00
  5.6993346e+00
  6.8390471e-01
  6.3895111e+00
 -1.1114005e+01
 -9.4874296e+00
 -1.2772960e+01
  4.3260016e+00
 -6.3714876e+00
  1.7514746e+00
  6.1143315e-01
 -1.0852585e+00
 -2.7492476e+00
  1.0320910e+01
 -8.5240526e+00
  4.0543718e+00
  7.5444996e-01
 -1.2120731e+01
 -7.5222220e+00
  2.6896775e-01
 -2.3799469e+00
 -2.9774692e+00
 -3.9661449e-01
  4.9214854e+00
 -5.4942141e+00
 -3.7740865e-01
  3.1626112e+00
 -4.0147677e-01
 -1.6207724e+00
  9.6441641e+00
 -1.4351268e+01
 -5.3207541e+00
 -2.0937152e+00
 -3.8274884e+00
  6.3578612e-01
 -1.8005571e+00
 -9.5277071e+00
  8.5249939e+00
  2.0202405e+00
  7.1004214e+00
 -3.0353022e-01
  1.2164626e+00
  1.7117413e+00
  3.9072189e+00
 -7.1368589e+00
  1.3534286e+00
 -1.0157298e+01
  8.0372362e+00
 -7.6000100e-01
 -2.6471047e+00
 -6.8077397e+00
 -3.9195111e+00
  6.1864748e+00
 -1.6354629e+00
  1.6675273e+00
  8.2564926e+00
  3.9612787e+00
  9.7415648e+00
 -7.6266179e+00
 -8.6378336e+00
  8.7625780e+00
 -1.0327506e+01
  1.0462392e+01
  7.2318870e-01
  4.1881153e-01
  1.3168780e+00
  9.9539524e-01
  2.0443196e+00
 -8.1807356e+00
  3.2872603e+00
 -1.0073182e+01
 -6.5537047e+00
  2.1166735e+00
  1.8516790e+00
  2.1855979e-01
  8.9915266e+00
 -1.1486032e+01
 -6.6887677e-01
  1.0498973e+00
  2.8695352e+00
  1.1522837e+00
  2.5127878e+00
  3.9535013e-01
 -8.4855574e-01
  1.5413314e-01
 -1.5139297e-01
 -1.2560614e+00
  5.9642297e-01
  3.5851409e+00
  7.1571864e-02
 -9.6256191e-01
 -8.4493436e-02
  1.1388814e-01
 -1.2563380e-02
 -7.6784492e-02
 -1.1139857e-02
 -2.5236645e-01
  1.0659210e-01
  7.4714576e-03
  3.4328195e-01
  4.1937545e-01
 -5.2067313e+00
  5.0763261e-02
 -1.6251758e-01
 -4.8007154e-01
 -2.0931673e+00
  2.0775278e+00
 -7.2896592e-03
 -1.8876166e+00
 -3.3176327e+00
 -6.0947669e-01
 -3.6167684e-01
  1.0745562e+00
  7.6258975e-01
 -2.7790433e-01
 -7.8486401e-01
  1.1824555e-01
 -4.0194645e+00
  1.2861184e+00
 -4.7422338e-01
  5.5691313e-02
  1.8231219e-01
 -1.2520537e-02
 -3.7996270e-02
  2.0401718e-01
 -4.4489042e-03
  2.3799688e-02
 -2.1914983e-01
  4.6998616e-02
 -1.0741477e-02
 -1.6564438e-01
  2.4420509e+00
 -3.2614458e-02
 -4.9813527e-01
 -2.4919569e-01
 -7.0788115e-03
 -9.5466658e-02
  5.4776024e-02
 -1.4737551e-01
 -8.0632336e-02
  1.0956504e-02
  9.2029959e-02
 -1.2004453e-01
 -8.5287422e-01
  3.2325588e-02
  1.2800349e-02
  1.8641955e-01
 -1.0686084e+00
 -5.1607233e-01
  7.1259841e-02
 -1.4101116e-01
 -1.4524813e-02
  1.9271930e-01
 -2.8003803e-01
  8.4055042e-01
 -1.9673368e-02
  2.2054152e-01
  5.9058815e-03
 -2.8141549e-01
  1.1165831e+00
  2.1235962e-01
  8.1312425e-02
 -8.6190134e-01
  2.2836351e+00
  3.5660747e-01
  1.4115817e-02
 -1.8591243e-01
  4.0519887e-01
  1.1192762e-01
  1.5772741e-01
  3.6416173e-02
 -2.4976647e-01
  1.4061993e-01
  2.8118562e-02
 -4.6810117e-02
  7.5665987e-01
 -1.3993051e+00
 -8.9639455e-02
  7.8484803e-02
  1.8813269e-01
  2.2665370e-01
 -4.2434841e-02
 -9.6741458e-03
 -3.2099774e-01
 -1.4716544e-03
  4.8512090e-02
 -2.4913169e-01
 -2.0116410e-01
 -2.1406118e-02
 -3.4897175e-01
 -1.0226810e-01
 -1.2937056e-01
  7.5012439e-01
  2.1256641e-02
  1.5334665e+00
  3.5833415e-02
  1.0093753e-01
 -8.5596796e-03
  2.9938418e-01
 -7.4238509e-02
 -1.3444285e-02
 -9.6343857e-01
 -3.3390380e-02
 -6.6274948e-02
 -6.2585361e-02
 -2.5441355e-04
  3.9211449e-01
  1.9452052e-01
  5.4700851e-02
  1.6398349e-01
 -1.2049536e-03
  2.8152519e-01
 -1.5695664e-01
  9.4246857e-02
  3.7994438e-01
 -1.5805532e-01
 -3.4400952e-01
 -3.2516348e-01
 -1.4749954e-02
  7.2411457e-03
  2.1864632e-02
  4.0262088e-01
  1.1363633e-01
 -7.8173332e-02
 -4.1591045e-02
  7.3405534e-02
 -9.3629920e-01
 -3.7071732e-01
  6.2209360e-02
  1.4144584e-02
 -4.7284793e-02
  8.1069782e-02
 -3.0696195e-02
 -9.2641786e-03
 -9.2866518e-02
  1.2105881e+00
  1.4435220e-01
  3.2519516e-01
  2.2865983e-03
  1.4058466e+00
  1.4980616e-01
  7.3506236e-02
  2.9847622e+00
 -5.2098906e-01
 -2.8412485e-02
  7.5928889e-02
 -1.1007148e-01
 -1.4211354e-01
 -2.3573439e+00
  1.0938235e-01
 -9.0598208e-01
  8.9933015e-02
 -1.1140058e-01
 -2.0066326e+00
 -1.3735633e-01
 -4.8221830e-02
  2.3398376e-01
 -2.3009236e-01
  2.2052315e-01
  6.8358429e-02
  1.3330995e-01
 -1.7139001e-01
 -1.4181463e-01
  8.7241061e-02
 -3.0049467e-01
 -3.9130470e-01
  2.9048512e-02
  5.4829550e-04
  5.3465441e-03
  7.2458133e-02
  5.8681540e-02
 -1.2176983e-02
  3.6022177e-01
  4.9195293e-02
  5.7169106e-02
 -6.1323538e-02
 -3.5667770e-02
 -8.2109429e-02
  9.1114782e-02
 -4.0536385e-02
 -5.2191786e-02
 -6.8914518e-02
 -4.6640903e-01
  6.3594095e-02
  9.9510603e-02
 -1.7127496e-01
  2.2526314e+00
  3.6109362e-02
 -3.4987715e-01
 -9.8131841e-01
  3.5717897e+00
 -1.6735586e+00
  2.0064192e+00
  2.8047031e-01
 -1.0752645e+00
 -4.5691963e-02
 -9.5207119e-01
 -2.4829093e-01
  6.2835164e-02
 -7.7372022e-02
  5.7731640e-01
  4.9720752e-01
 -1.8804584e-02
  1.5673093e-01
 -4.6429154e-02
  3.7693180e-02
 -6.8194878e-01
 -9.9120282e-02
 -6.5822534e-02
 -2.5981537e-01
 -1.3705746e+00
  1.8945189e-01
  1.1367183e+00
 -8.3423650e-01
  1.1936362e+00
  3.3213921e+00
 -4.5641299e-02
  1.1730497e+00
 -2.1243887e+00
  2.9283416e+00
  2.9607090e-01
  7.6012281e-03
 -3.8379866e-01
  2.3346981e-01
 -2.2286956e+00
 -1.9529684e-02
  7.1962789e-02
 -1.1117457e-01
 -3.1176153e-01
 -1.2141544e-01
 -3.4847462e-01
 -2.4179563e-01
 -6.5607592e-02
 -3.0966747e-01
  1.7035152e-01
  6.7538607e-01
 -1.1203535e-01
 -2.8346083e-01
 -5.9552792e-02
 -1.1935954e+00
 -1.7311121e+00
  3.9200136e-01
  9.8668927e-01
  2.8001721e+00
 -2.7846725e+00
 -2.2582270e-01
 -4.8532438e-02
 -6.1457254e-02
  1.0707216e-02
 -5.8161509e-01
 -5.2888304e-02
  7.0773214e-02
  2.0195399e-01
 -2.8717020e-01
  2.1228960e-02
  6.9493994e-02
  1.1047396e-01
  1.5979156e+00
 -3.9244330e-01
 -1.2258341e+00
  3.6072600e-01
 -3.0043451e-02
 -1.5995642e+00
  2.5376339e+00
 -9.0498841e-01
 -1.0149605e+00
 -7.2891223e-01
  3.4113011e-01
  4.8743984e-01
  3.3708885e-01
  5.7272273e-01
 -1.8764594e-01
 -2.2807479e+00
  3.9647919e-01
 -6.7831606e-01
  3.8075786e-02
  1.0662285e+00
 -4.5229260e-02
  1.7831959e-01
  9.3602547e-03
  1.1123942e-01
 -2.7280631e+00
  3.0480766e-01
 -4.9591579e-02
 -2.1494904e-03
 -1.8175635e-01
  1.1448123e-01
 -3.7414970e+00
  1.1864110e+00
 -1.7308271e+00
 -2.8220859e+00
  7.4380666e-02
 -2.2409060e+00
 -2.9698443e+00
 -8.0622512e-01
  6.4011974e+00
 -3.0100434e+00
 -5.7573849e-01
  2.3600020e+00
  2.5347497e-02
 -5.3861964e-01
  6.1223499e-02
 -3.4911051e-01
  1.4810754e+00
 -6.8515921e-01
  5.4172051e-01
 -1.1932806e-01
 -7.6662034e-01
  5.1704437e-01
  9.8425406e-01
  2.8553660e+00
  6.3461256e-01
  3.2014890e+00
  3.0764833e-02
 -6.1157358e-01
  3.1581044e+00
 -1.4731882e+00
  8.1919551e-01
  1.5295820e+00
  1.1242927e+00
  1.4314510e+00
  5.1330882e-01
  1.8039424e+00
  1.0426497e+00
  3.6228687e-01
  1.3516027e-01
 -5.0452154e-02
  2.4544111e-01
 -2.4175237e-01
 -4.0396269e-02
  3.7293172e-01
  4.4272655e-01
  3.3990335e-02
 -8.9801729e-02
 -5.7845872e-02
 -1.7615786e-01
 -1.0089584e-01
  1.5382144e-01
  1.4958787e-01
 -3.1746987e-01
 -1.7844819e+00
  1.2468981e+00
 -7.1229585e-02
 -6.6240735e-02
 -3.1026691e-02
 -3.4043450e-02
 -7.5218044e-03
 -3.1939352e-01
 -6.0676925e-02
  5.5706430e-02
 -1.7662297e+00
  3.1826252e-01
  3.0759526e-02
 -7.8777492e-02
 -1.8093882e-02
  2.3777824e-02
  3.5377659e-02
 -9.4159186e-02
 -5.8936846e-02
 -4.3242577e-02
  1.1122444e-01
  9.2994148e-01
 -3.4291449e-01
  7.6828189e-02
 -1.3529985e-01
 -2.9351983e-02
  1.0645184e-01
 -2.7619854e-01
 -1.2330484e-01
 -9.5416881e-02
 -1.7558831e-01
 -3.3322445e-01
  1.9264415e-01
 -2.7179618e+00
  1.7374357e+00
 -1.0752460e-01
  1.9016454e-01
 -2.5830513e-01
 -4.1476374e+00
 -1.9893575e-02
 -3.9808068e-02
 -7.3103450e-02
  3.7006903e-02
  2.4281235e-03
  1.3264425e-01
 -8.8568509e-02
 -4.3557012e-01
 -7.3989160e-02
  1.6519059e-01
 -1.6719924e-01
  2.1565759e+00
 -9.8589295e-01
  2.9903713e-01
 -2.5313046e+00
 -5.3844390e+00
  5.4230213e-01
 -2.2417047e+00
 -7.9880327e-01
  8.8338506e-01
 -5.1038346e+00
  2.0057082e-01
 -1.6721972e+00
 -1.1950037e+00
  1.2424303e-02
 -3.8910314e-01
 -6.1104602e-01
 -3.3411164e+00
  7.1438748e-01
  1.1383459e-01
 -2.7978096e+00
  5.6912202e-01
 -1.7165599e+00
  1.4462504e+00
 -1.7314931e+00
  1.1989088e+00
  1.9213314e+00
  6.3341588e-01
  2.1009804e-01
  1.7322508e-01
 -2.0550805e-01
 -2.5724988e+00
 -2.0615139e+00
  1.0538775e-01
 -8.5968357e-01
 -3.5244367e-01
  7.5267988e-01
  1.1806335e+00
  1.0389777e+00
 -1.4895871e-01
  3.4836745e-01
  4.7917370e-02
 -1.9042823e+00
 -5.9908837e-02
 -8.5781239e-02
 -2.4388942e-03
  1.6349442e-01
 -1.6107874e+00
 -1.9952928e-01
 -9.6455947e-02
 -4.3816700e+00
  8.5047853e-01
  9.5221095e-02
  2.5908611e+00
 -2.1726592e-01
 -2.0315504e+00
  1.7091371e-01
  7.0486709e-02
 -2.9456628e-02
  5.2993014e-02
 -2.5003105e-01
  3.2261867e-02
 -8.4842697e-02
  2.8022620e-01
  6.7414127e-02
 -9.1723204e-02
  2.0207731e-01
  1.3226126e-01
  5.0959922e-02
 -2.1562026e-01
 -1.6679838e+00
  2.8273892e-01
  1.5536630e-01
  9.2981331e-02
 -9.3779570e-01
 -2.1918608e-01
  2.6225069e-01
  4.4129041e-01
 -4.4577506e-01
  3.6047533e-02
 -6.1320430e-01
  5.8855546e-01
  7.1115679e-01
 -1.3578711e-01
  5.3857189e-01
  1.3299337e-01
  3.4745406e-02
 -1.0579810e+00
 -1.9176021e-01
  6.9503292e-02
  8.2286811e-03
 -1.1626277e-01
 -1.4503348e-01
  8.4951353e-01
  4.2670321e-02
  1.3096358e-01
  7.4245960e-02
 -3.8775986e-01
  2.5287956e-01
  1.1978637e+00
 -8.9881923e-03
 -9.4715385e-03
  4.9196424e+00
  4.1589230e-02
 -4.1893765e-02
  1.3068603e-01
  1.1591940e-01
 -3.9284319e-01
 -2.9616725e-02
  1.2445849e-01
 -9.0707112e-03
 -2.1416186e-01
  4.4867870e-01
  1.4808282e+00
  4.5963711e-01
  3.5457801e-02
 -2.6946953e-02
 -3.9615870e-01
  3.2523873e+00
 -1.1979885e+00
 -1.1652604e-01
 -1.6507012e-01
  2.3966381e-02
 -5.6274956e-01
 -3.5434641e-04
  2.3408969e-01
  1.6981749e-01
  1.5361071e-02
  1.9884680e-01
 -4.8163366e-01
 -1.6062574e-01
  5.3859640e-02
  7.1422592e-02
 -1.5082902e-01
 -9.9475235e-02
  1.5286167e+00
 -2.0571603e-01
  2.5264466e-02
 -6.2658943e-02
 -1.6261976e+00
  3.4430797e+00
 -4.5583108e-01
  1.0821909e-01
 -1.3890297e-02
  1.4812509e-02
  3.8200594e-02
  1.0808691e-01
  4.4182912e-02
  1.0771685e-01
  7.8147240e-03
 -1.5013137e-01
  2.0918505e-01
  1.6476019e-01
 -7.7180654e-02
  4.3205526e-01
 -3.5943374e-01
 -3.8783932e-01
  2.4973319e-03
 -2.3654875e-01
 -4.1904315e-02
 -9.2345163e-02
  2.3159100e-01
  2.4715157e-01
  6.2308449e-01
  2.9359293e-01
 -6.0424782e-02
 -3.8290441e-02
 -4.6070840e-02
 -6.9345930e-03
 -1.8474533e-01
  3.4050858e-01
 -2.3487082e-02
 -1.2071509e-02
  1.4609680e-01
 -7.3938876e-02
  5.1692562e+00
  3.6519831e-01
  1.4555758e+00
 -3.3555901e-01
 -8.3589286e-02
  4.3467239e-02
  1.4911626e-01
  1.4837983e-01
  5.7228804e-02
 -6.3716032e-02
  3.8467828e-02
  1.0646583e-01
  8.8904448e-02
 -1.5510453e-01
  6.5434003e-01
 -4.5775029e-01
  2.8593411e+00
  1.0225046e-01
  4.5295365e-02
 -8.5071281e-02
  8.2180642e-02
 -3.2196882e-01
 -3.5388529e-02
 -8.5586876e-02
  2.4482052e-01
  2.5398745e-03
 -4.8998319e-02
  2.0336141e-01
  5.5100572e-01
  2.6410419e-01
  3.5203934e+00
  4.2641246e-01
  5.7732042e-02
 -2.1096003e+00
  7.8164749e-02
 -2.4186519e-01
 -2.1097643e+00
  2.0679843e-02
  1.6986251e+00
  1.2739711e-01
 -2.9107547e-01
  4.9791001e-02
 -3.7794635e-02
  1.1155277e-02
  5.4992273e-02
 -1.9416630e-02
  1.5497522e-01
 -4.5374039e-01
  9.2160620e-02
  6.5245765e-01
  1.7001355e-01
 -7.4414074e-01
  8.7599449e-02
  1.1398192e-01
 -8.2300730e-02
  2.2488400e-01
  4.8727646e-01
 -1.9330981e-01
  3.0937210e-02
  1.1164241e-01
 -1.4680307e-01
  1.1260258e-01
 -4.8661038e-02
  7.0362441e-02
  8.8635860e-03
 -4.0894940e-02
 -6.9764242e-02
  2.6699988e-02
  3.0593880e-02
 -1.8085819e-01
 -1.0553552e-01
  2.2755343e-02
 -1.2450006e-01
 -1.1065063e+00
  3.7718561e-02
 -2.9741624e-01
 -2.7416930e-01
  1.2885408e-01
 -1.4668681e-01
  1.0246405e-01
 -3.0861137e-02
 -1.9556974e-01
  2.2433414e-01
  1.8390657e+00
  4.8130620e-01
  3.2694038e-02
  1.6065121e+00
 -1.8747684e-02
 -2.5298184e-01
  3.6531830e-01
 -4.4865065e+00
 -6.9463834e-02
  6.2551647e-02
 -6.3896356e-03
 -6.1180991e-01
  6.0168940e-01
 -1.1885709e-01
  2.7026725e-01
 -2.4036236e-01
  9.5130271e-01
 -6.8400198e-01
 -2.5349343e-01
  1.8665247e-01
  3.1858641e-01
 -3.0058294e-03
 -3.9739823e-01
  7.4630864e-02
 -1.8677596e-02
 -2.5350541e-02
 -3.0164397e-01
 -3.3106247e-01
  7.2025008e-02
  6.7670465e-02
 -1.0122506e-01
  6.2645443e-02
  6.1459694e-02
 -4.9383219e-02
  8.3889514e-02
 -4.6297890e-01
 -9.6194655e-01
  2.4782145e-01
  5.1178765e-03
  5.2768160e-02
 -1.9988220e-02
 -3.2565229e-02
  8.1737258e-02
 -2.0831661e+00
 -6.2298179e-02
 -7.1381509e-01
 -2.8705932e-02
 -2.9884105e+00
  2.9600683e-01
  2.1447605e-01
 -3.7881169e-01
  3.1872526e-01
 -1.4972318e+00
 -3.2325676e-01
 -1.4958012e-01
  1.8603995e-01
  3.7193388e-01
 -4.5375938e+00
 -1.7840138e-01
  4.1492581e-03
 -4.9752742e-02
 -1.9317230e-02
  4.0685061e-01
 -1.1659907e-01
 -3.2686886e-01
 -5.8952451e-01
  1.4117112e+00
  2.6730150e-01
  3.6879249e+00
 -2.0584438e+00
 -1.3621745e-02
 -1.6860042e+00
  1.2429759e-01
 -1.1786176e-01
  1.3495742e+00
  1.5950123e+00
 -3.5000432e-01
 -2.2058141e-01
  3.9752692e-02
  7.5472587e-01
  2.9450753e-01
  1.3773936e+00
  1.8894319e-01
  2.0083956e-01
  8.6890912e-01
 -3.0472124e-01
  1.5474527e-02
 -1.8438822e-01
  5.0752246e-01
 -1.0202265e-01
 -2.8194910e-01
 -9.0671495e-02
  1.9806914e-01
 -1.1235264e-01
  4.0290704e-01
 -6.4133161e-01
  1.2234933e-01
 -2.5330544e-02
  8.0147656e-03
 -2.5173908e-01
 -8.5174489e-01
  1.7585381e+00
 -3.1676576e-01
 -2.2915457e-01
  4.9950134e-02
  2.5845915e-01
 -1.2501332e-01
  2.8963877e-02
 -4.2428026e-01
 -2.3577657e-01
 -3.0872178e-01
 -3.9980505e-02
 -1.6548234e-01
  1.0350522e-01
  2.9693170e+00
 -3.2668078e-01
  2.1285145e-01
  5.3103153e-02
 -1.4152993e-02
  1.2367230e-02
  6.2193036e-02
  1.4203370e-01
  1.7747842e-02
  8.6148113e-02
 -5.1399376e-02
  1.8165110e-01
 -8.9270987e-02
  2.7061209e-02
 -3.4201238e-02
  3.1358403e-01
  6.9185063e-02
  7.1795702e-02
  3.6376777e-01
  1.7629267e-01
 -4.2104882e-01
 -1.0116310e+00
  4.5254707e-02
  1.7370112e-01
  2.6972774e-02
  1.6114496e-02
 -1.2375530e-01
  3.0344349e-01
  1.5178345e-01
 -9.5589064e-02
 -8.6608566e-02
  4.2904925e-02
 -1.0956381e-02
  9.7836619e-03
 -2.0796300e-03
  2.1289733e-01
 -3.8412149e+00
 -1.2909573e+00
  4.5996305e-02
 -2.6413113e-01
 -1.1596369e+00
 -2.7699955e-02
  1.6409613e-02
 -5.0678957e-01
 -3.1501126e+00
  3.0160880e-01
 -1.3025451e-03
 -1.5230907e-01
 -1.8562263e-01
  8.4764403e-01
  2.1849260e-01
  2.7295632e+00
 -3.5543058e-02
  3.3566296e-01
 -5.5580735e-01
 -4.3840617e-02
  2.6690635e-01
 -2.1366005e-01
 -2.4320959e-01
  2.1789895e-02
  2.1168444e-01
  1.1187532e-01
  1.6521662e-02
 -1.0996187e-02
  2.3798746e-01
  4.6277192e-01
 -3.5971910e-01
  4.4268243e-02
 -1.3517387e+00
 -2.6318893e-01
  9.0245694e-02
  6.9367848e-02
 -1.5511444e-01
 -2.3082694e-02
  1.4782983e-01
 -8.3380097e-01
 -1.1402076e-02
  3.0753000e-02
  2.1107723e-01
 -1.0876878e-01
  4.6050191e-02
 -9.6537903e-02
  2.0952192e-01
  1.0389702e-01
  3.3215899e-03
  9.1898747e-02
 -1.0561651e+00
  2.5615498e-01
 -3.1071651e+00
  4.3544988e-03
 -2.6039424e+00
  2.2861700e+00
 -5.3419864e-01
  4.1637502e+00
  2.9645739e+00
  2.0216324e+00
  7.9349571e-01
  6.2516384e+00
  5.5439588e-02
  4.9009201e-01
  6.1167657e-02
  2.2636375e-01
 -1.2870574e+00
 -1.7955209e+00
  8.0512702e-01
 -1.9414847e-01
  1.7308198e-01
 -1.8001071e-01
 -2.8587369e-02
 -2.1658376e-02
  3.0805185e+00
 -5.0022058e-02
 -3.6487377e-01
  8.0948013e-01
 -1.0661553e+00
  2.5767040e+00
 -5.7077794e+00
 -5.5380452e-01
 -8.4730953e-01
 -5.5205238e-01
  1.1895380e+00
 -8.8056140e-02
 -4.0540905e+00
 -2.6366982e-01
  1.4879388e-01
 -1.8434918e-01
 -1.9226816e-02
 -2.2694783e-01
 -1.4013560e-02
  9.8113589e-02
  2.0926967e-02
 -1.6811700e-01
 -9.6635379e-02
  3.2746068e-01
 -2.0245324e-01
 -5.7788368e-02
  1.2939261e-01
 -2.2551494e-03
  2.0394003e-01
  3.7557554e-01
  4.9750800e-03
  8.7246992e-02
 -1.1199496e-01
  4.0236618e-03
 -1.0189401e-01
  4.7319885e-03
 -2.3888249e-02
 -3.4363818e-01
  4.4656105e-02
  2.0983744e-02
  2.0171139e-02
  1.2260027e-02
  3.3720747e-01
  8.8987373e-02
 -2.7003291e-01
 -1.3305452e-03
  1.8339685e-01
  2.3517687e-02
  2.8005746e-01
  7.2195865e-02
  3.8556062e-02
 -1.0972352e-01
  4.9637888e-02
 -2.8703466e-02
 -6.7957886e-02
  2.5785837e-02
 -3.4712094e-01
 -2.1993766e-02
  7.2802678e-02
  1.6567296e-01
 -9.0454027e-02
  1.0314357e-01
  7.3070422e-02
  5.3307869e-02
 -1.8037511e-01
  1.8766552e-01
  3.0932337e-01
  9.7045377e-02
  2.5646986e-02
 -1.9694524e-01
 -6.1764676e-02
  2.3989057e-02
 -4.5031375e-01
  2.0237137e-02
 -6.3444585e-02
 -5.9649465e-04
 -2.7301591e-02
  1.0671512e+00
  1.4242569e-01
  8.8775195e-02
  1.1470811e+00
 -1.9265226e-01
 -2.0868449e-01
 -2.7161565e-01
 -2.2777727e-01
  3.6377332e-01
 -7.3144160e-02
  2.8710136e-01
  2.4833685e-01
  1.3574742e-01
 -7.2455868e-02
 -2.8823597e-02
  1.1914961e+00
  1.6964405e-03
  5.2960594e-03
 -8.2139224e-02
  6.0166296e-02
 -1.0148613e-01
  9.1620696e-01
 -7.5630955e-02
 -6.2016346e-02
  2.4661565e-01
  1.6136652e-01
 -6.6232041e-02
  5.4196197e-01
  6.9702014e-02
 -5.1869845e-01
 -1.0722378e+00
 -1.1284416e-01
 -3.9087094e-02
  3.7085390e-01
  1.8021134e-01
 -1.2869208e-01
 -1.2873639e+00
 -1.0651909e+00
 -5.3474331e-01
 -2.3738176e-01
 -3.9688736e-01
  1.9168874e+00
  2.9377740e-02
  7.6494999e-02
 -1.7675610e-01
 -3.9622986e-01
 -3.4250894e-01
 -3.3642587e-01
 -1.7248774e+00
 -8.4972125e-01
 -1.4210504e+00
  3.5205239e-01
  9.7677678e-02
  4.3454838e-01
 -2.2645995e-01
  5.6424499e-01
  3.4869209e-01
  3.1085858e+00
  1.4008695e+00
 -2.3482208e-01
  1.3823698e-01
 -3.4548476e-02
 -3.6572623e-01
 -1.8601967e-02
  3.2290792e-01
  2.8675538e-02
  2.9801937e-02
  2.8670570e-01
 -3.0250575e-02
 -6.0445480e-02
 -1.1517525e-01
 -3.0165997e-01
 -6.2882058e-02
  1.3382155e-01
 -4.0086251e-01
  1.5187098e-01
  7.4061863e-02
 -1.2085054e-01
  3.9809246e-02
 -3.5255593e-03
 -2.0023726e-01
  2.9289369e-02
 -3.7843141e-01
 -2.3267103e-02
 -1.3844919e-01
  8.7622955e-02
 -5.2795857e-02
  1.5775184e-01
  5.6462377e-02
  5.2789953e-02
  2.0776684e+00
  3.5953784e-01
 -1.5592615e-01
  9.6509822e-02
 -1.7131679e-01
 -4.3033008e-02
 -8.6138338e-02
 -2.5775856e-01
  6.7367804e-01
  1.2828852e-01
  1.0813496e+00
  2.5315467e-01
  1.0474402e-01
 -3.8628113e-02
 -2.8465468e-02
  9.8032624e-02
  3.5421023e-01
 -3.1896520e-02
 -3.2864641e-02
 -3.8756490e-01
  6.4280614e-02
 -5.5109477e-01
  4.0335491e-01
  2.6559114e-01
  1.0769652e+00
 -2.8268097e-02
  2.3833938e-01
 -1.0641925e-03
  1.9599672e-01
 -6.7574694e-03
 -8.8391872e-03
  8.9549176e-02
  6.5740861e-02
 -9.2694119e-02
  7.5044846e-03
  6.9821119e-02
 -1.7552310e+00
  7.7702838e-01
 -3.0049140e-02
 -5.3759441e+00
  1.9541006e-01
  9.2886716e-02
 -2.9631652e-02
 -5.7486552e-01
  1.9895150e-01
  6.9801539e-02
  4.8317824e-02
  1.9200498e-01
  3.2396287e-02
 -1.6612801e-01
 -2.5170764e-01
  3.2412493e-01
 -9.7538950e-03
 -2.9139540e-01
 -3.7486327e-01
  7.9119883e-02
  6.3006330e-01
 -5.4205322e-01
  6.5671191e-02
  2.0057985e-01
  2.4859796e-01
  1.2934463e-02
  2.4426786e-02
  4.9580336e-02
 -5.9709851e-02
 -2.1688194e+00
 -4.1322333e-01
  6.3113555e-02
  5.3323910e-02
 -2.7587548e-01
  4.7617379e-01
 -2.9679281e-01
 -3.0807400e+00
  1.1963863e-01
  1.0970806e+00
  1.4748278e-02
  7.1476644e-01
 -8.3921868e-01
 -6.2224191e-01
  2.6263515e-02
  1.8242367e-02
 -7.2113715e-02
 -2.4547599e-01
 -1.5990525e+00
  3.0363060e-03
  1.5240045e-01
  1.0904144e+00
  2.0206621e+00
 -7.4030149e-01
 -9.6767646e-01
 -2.6840491e+00
 -1.1470311e-01
  8.3807093e-01
  3.8535810e-01
  7.2591759e-02
 -1.3823161e+00
  1.4487015e-01
  1.4062539e-01
 -4.1060123e-01
  3.6819711e-01
  4.2077786e-01
 -3.9454885e-03
 -3.5722095e-01
  8.5463785e-02
 -7.1621165e-02
 -4.8309710e-02
 -6.6633388e-02
  1.9538698e-01
  1.0413796e-01
 -1.6097687e-01
  2.0417748e-01
 -2.8809719e-02
  1.4109324e-02
  6.0591057e-02
  3.7190660e-03
 -1.4170500e+00
 -1.5947701e-01
  6.5556049e-02
  5.7170849e+00
 -2.2363560e+00
 -5.2792964e+00
  4.3888369e-01
 -9.4642282e-01
  5.3769833e-01
 -1.8828905e-01
  5.4037094e+00
 -3.0614299e-01
  4.9451666e+00
  5.1798183e-02
  1.3776058e-01
 -9.5374726e-02
 -2.5917635e+00
 -3.6819154e-01
 -2.5748200e+00
  9.1302770e-01
 -1.0905905e+00
 -5.7415915e-01
 -5.2712321e+00
 -3.0400714e-01
 -4.9165626e+00
 -1.8005266e+00
 -1.3587834e+00
  2.2155881e-01
 -3.6362407e-01
  8.4952939e-01
  7.0688087e-01
  6.4806538e+00
 -2.8076226e-01
  1.2218699e+00
  5.0282311e-01
  1.5821182e+00
  1.3597378e+00
 -6.6380548e-01
 -1.3273982e+00
 -1.0340041e+00
 -2.3126632e-01
  5.3167319e-01
 -6.6213630e-02
 -1.1781891e-01
 -1.3616210e-01
 -1.4484157e-01
  1.9376273e-01
  9.4743088e-02
 -1.0951173e-02
 -1.6179813e+00
  5.8696013e-02
 -7.1422202e-03
  1.1610684e-02
 -1.4226857e-01
 -9.3246186e-01
  8.1944041e-02
 -4.9943337e+00
 -2.2997566e-01
  1.9256179e-01
 -1.7047586e-01
 -1.3885948e-02
 -6.9123998e-02
  6.6347343e-01
 -2.7006140e-01
  1.8412390e-04
  1.2890076e-02
  5.1162615e-02
 -7.7000810e-03
 -4.5705938e-01
  2.8852218e-01
  6.4373620e-02
  5.1645730e-02
  7.3783822e-02
  1.0399017e-02
  3.6462903e-01
  4.8260322e-01
  2.3561963e-01
 -1.2593947e-01
 -1.1465777e-01
  4.1600293e-01
 -8.9575392e-01
  5.4157678e-02
 -2.8064048e-01
  2.5848622e+00
 -9.7337782e-02
 -2.9246158e-03
 -4.2286713e-02
  3.0901918e-01
  4.3603171e-02
  2.0744121e+00
  3.7972644e-01
  1.3299487e+00
  4.7268514e-02
  2.0092474e-02
 -1.0346702e-02
 -6.7135077e-03
  3.7883231e-03
  2.1762396e-01
  9.8902388e-03
  2.7673396e-01
  1.1173906e-01
 -3.0773452e-01
 -4.3256436e-02
 -8.7287106e-02
  2.0877017e-01
 -2.1328849e-01
 -4.0205400e-02
  2.4104701e-01
 -5.8603294e-02
 -5.5948073e-01
 -1.6107541e-01
  1.1356939e-01
  7.4785876e-01
 -4.3796520e-03
  4.0939353e-02
 -1.3356375e+00
  2.4466649e-01
 -4.7517784e-02
 -4.1489318e-01
 -7.6457870e-01
  2.5150663e-01
 -6.5597664e-03
  3.3329576e-01
  1.8238697e-02
  1.9898064e-01
 -4.1025349e-01
  7.4500762e-02
 -1.0687952e-01
 -2.2558289e+00
  1.2962748e-01
 -1.0173890e-01
 -1.0737936e+00
  7.0408249e-04
 -2.9019964e-01
  1.3439971e-01
  2.0422338e-02
 -2.1902943e-01
 -1.0308091e-02
 -7.7756965e-01
 -5.9843067e-02
  7.2120868e-02
  3.8100663e-01
  5.7988521e-02
  2.1697849e-03
  1.8969193e-02
 -1.2911043e+00
  2.6253827e-02
 -1.2464622e-01
 -4.3573674e-02
  1.3371253e-02
 -1.0085771e+00
 -1.0206169e-02
  7.6111323e-01
 -1.1708026e-01
 -8.5445270e-02
  3.0008564e+00
  1.8053999e-02
  1.9254931e+00
 -5.0332131e+00
  8.1465110e-02
  6.1126638e-02
 -9.0561885e-01
 -7.5132388e-01
  3.7367772e-02
 -1.8159297e-01
  7.4627256e-01
 -1.4977783e-01
 -5.5324815e-02
  1.1851417e-01
 -5.2473490e-04
 -2.6125373e-02
 -4.1943660e-04
 -5.0559455e-01
 -2.8950274e-03
 -8.5951194e-02
  6.5222234e-02
  2.0621344e-01
 -1.1388990e-01
 -6.3575543e-02
 -1.0371637e+00
  4.1350219e-01
  4.7714107e-02
  1.0962465e-01
  1.1806576e+00
  7.4831754e-01
  9.3436297e-03
 -8.4634507e-01
 -2.9082641e-02
  9.1070585e-02
  1.2205524e+00
  2.1343899e-01
  8.2981521e-01
  2.4789413e-02
  3.8643379e-02
  1.4669222e-01
  1.4027277e+00
  2.0653087e-01
 -1.3522147e-01
 -6.2229700e-02
 -1.7346963e+00
  9.5151357e-02
  1.0378452e-01
  1.0310621e-01
 -8.0944486e-03
 -2.6364201e-01
  2.1323538e-01
 -2.2063161e-01
  6.0733473e-01
  7.2720963e-01
 -9.9310625e-01
  4.4782919e-01
  3.7493810e-02
 -9.9565819e-02
  4.5236883e-01
 -1.4592193e+00
  5.9123095e-02
 -8.4201378e-01
  6.0314476e-01
  3.6574414e-01
 -2.0500170e-01
  8.3936267e-03
 -1.9153722e-01
 -4.0050372e-01
 -1.2915777e-02
 -4.8892172e-03
 -1.2928668e-02
 -3.4666210e-01
  5.4189181e-01
  8.9997929e-01
 -5.5720981e-02
 -2.0792051e-01
  2.9651637e+00
  2.6946019e-02
 -9.1248459e-01
 -1.5081793e-01
  1.7365847e-02
  1.7909154e-01
  4.2912841e-01
  9.2970532e-01
  9.1085143e-02
  1.0852221e+00
 -1.0534240e+00
  1.7097760e+00
  1.0435350e-02
  2.4206726e-01
  1.4068924e-01
 -3.1014147e+00
  8.2645550e-02
 -4.0651950e-01
 -1.1860146e-01
 -3.3104986e-02
 -7.0572056e-02
  2.4623124e-01
  3.8774401e-01
  3.1280959e-01
  4.1584067e-02
  1.6287136e-01
 -1.3927653e-01
 -1.0162497e-01
  1.1553929e+00
 -5.8429152e-01
  7.3536509e-01
  1.2786955e-01
  4.2139715e-01
  1.2993900e-01
  4.8415832e-02
  8.5497431e-02
 -1.5633658e-01
 -8.6073793e-02
 -6.5306120e-02
 -1.4400698e-02
  1.7866364e-01
  4.2573277e-02
  1.6436644e-02
 -3.6889002e-01
 -4.8194081e-02
 -1.3720600e-01
 -2.8543599e-02
 -5.5125338e-01
  4.6161792e-01
  1.4631073e-01
  3.9072119e-02
  3.2493898e-01
 -1.1539540e-01
 -1.8042699e-01
 -1.4854529e-03
  1.3253364e-01
 -1.8555200e+00
 -3.8166878e-01
 -5.2484091e-02
  1.0777606e+00
  1.6275188e-01
 -8.1904940e-02
 -3.9206810e-02
  4.4541456e-02
  9.4609594e-01
  1.9940709e-01
 -2.7776182e+00
  2.4606603e-01
 -8.1301428e-02
  3.2533103e-01
 -1.2160734e+00
 -9.4254181e-02
  1.7732479e-01
  5.1529922e-02
  3.1161167e-02
 -3.1903532e-01
 -1.3084736e-01
  4.9185219e+00
 -4.1091436e-01
 -2.1147046e+00
 -2.4487867e+00
 -1.6274970e+00
  4.6152205e+00
  3.0414870e-01
  1.2293558e+00
  5.7660265e+00
  7.4562752e-01
 -4.8514348e-01
  1.5589383e+00
  3.1489038e-01
  3.5528567e-02
 -1.9754386e-01
  4.9406409e-01
  2.5310469e+00
 -2.3209822e+00
  3.5228174e+00
 -4.6757355e-01
  3.9805129e+00
 -1.7071624e+00
  2.5356543e+00
  1.9301139e+00
 -3.8489368e+00
  7.3058069e-01
  1.2008058e+00
  2.4628694e+00
 -1.3554001e+00
  1.0461611e+00
  1.7730682e-01
 -1.2561427e+00
  7.9563491e-02
 -4.1252971e-01
  2.4211092e+00
 -5.1222110e+00
 -2.1765671e+00
 -1.2940869e-01
 -1.8785532e-01
  3.7723637e-01
  8.2705431e-02
  3.6863583e-01
  1.5150286e-01
  3.1719050e+00
  4.9917728e-02
  1.9655876e-02
  4.9791831e-01
 -1.1297661e-01
  6.3249774e-02
 -5.1085907e-01
  1.3523108e-01
 -8.4382989e-02
 -7.2489476e-01
 -4.5299597e-02
  6.8376637e-01
  2.7324535e-02
 -2.3502427e-01
 -1.8198490e-01
 -8.3062842e-02
  5.1373601e-01
 -2.7157934e-02
  1.1587261e-01
 -9.1524237e-01
 -4.3905754e+00
  1.0062103e-02
  7.8122929e-02
 -1.2840852e-01
 -1.4708263e-01
  1.3823417e-02
 -7.6863043e-02
  1.2748687e+00
  1.7894566e-01
  1.4923435e-01
  2.7460825e-01
 -1.4835978e+00
  5.1043320e-01
 -9.7310908e-02
  5.9035558e-01
  2.8645104e-01
 -1.4795931e-02
 -3.9929606e-02
  4.4811551e-02
  2.0657511e-01
 -1.4853411e+00
 -2.0173371e-01
 -6.1407432e-02
 -1.3011132e-01
 -1.1236628e-01
 -1.8084347e-02
 -3.1657577e-02
 -2.7029592e-01
  5.0114498e-02
 -4.9239185e-02
  5.1830880e-02
  2.5491986e-02
  2.8775403e-02
  2.5233649e-02
  1.0111097e-02
 -1.0466634e-01
 -6.6509977e-02
 -1.1299848e-01
  5.4368202e-02
 -1.7276989e-01
  8.1685647e-02
 -4.2790487e-02
  3.3582622e-01
  2.2499019e-01
  1.1380319e-01
  2.5906780e-01
 -3.4109793e+00
  1.7173474e-01
  2.5709391e-02
  1.3164696e-01
  4.0675661e-01
 -3.4867185e-01
 -5.9294640e-03
 -3.9333516e-01
  4.3475235e-01
  6.4761144e-01
  1.1347553e+00
  2.1860090e-01
  1.7758196e-02
  1.5067440e-01
 -1.7793182e-02
  3.3028916e-01
  8.1038199e-02
 -1.8611187e-01
  5.4358333e-02
 -6.3762063e-01
 -1.2757127e-01
 -3.1064497e-02
  1.4053556e-02
 -2.2995980e-01
  3.3093482e-01
 -2.4330793e-02
 -1.6305099e-01
 -1.2620911e-02
 -5.1417556e-02
  2.1686880e-01
 -7.3475711e-02
  3.0638593e-01
  8.9868098e-02
 -2.4220085e-02
  1.5403694e-01
 -2.5873828e-01
  1.4500847e-01
 -1.0741001e-01
 -1.3223964e-01
  3.2534392e+00
 -9.6577309e-02
  2.9563528e-01
 -6.1281506e-02
 -9.5198847e-02
 -1.1802745e+00
  5.6283939e-01
 -2.7023354e+00
 -2.9356894e-01
  2.5423104e-01
 -1.9928988e+00
 -6.2226588e-01
  2.4439814e+00
 -1.9606210e-01
  1.5731037e+00
 -1.3582288e+00
  1.3873193e+00
  5.9919590e-01
 -3.3468490e+00
  2.0911083e+00
  1.2342516e+00
  3.3486660e+00
  1.4866126e+00
  1.7345147e+00
 -1.5708065e+00
 -1.4198395e+00
  2.5925130e-01
  4.9812498e+00
  3.4799819e+00
  1.6214225e+00
  3.2114794e+00
 -2.7062521e+00
  5.1387167e-01
 -3.1200860e+00
  4.0967932e+00
 -6.0397136e-01
 -3.0899969e-01
  9.6549678e-01
  2.1665797e+00
  1.8826824e+00
 -3.9462512e+00
 -1.0357437e+00
  1.2115047e+00
 -3.3780345e-01
 -1.4230151e+00
  2.9326364e-01
 -1.5501444e-02
 -6.5087795e-01
 -2.9157317e-01
 -2.3437839e-02
 -3.8278859e-02
  4.5596015e-02
  1.1784281e-01
  6.7877509e-02
 -2.4702224e-01
 -1.6219501e-01
 -3.8293558e-01
 -1.2449437e-01
  2.5381187e-01
  1.4356485e-01
  4.1686282e-02
 -2.7429774e-01
 -1.8696930e-01
  2.0984758e-01
 -9.8905452e-02
  1.9578809e-01
 -4.2212652e-03
 -7.1013696e-02
 -5.2710216e-02
 -7.5071380e-02
 -1.6800547e-01
  1.0992946e-01
 -8.4902882e-04
 -1.3805392e-01
 -2.4357703e-02
  1.0500899e-01
 -9.6059665e-02
  3.8321339e-02
  1.2165298e-01
 -8.3564445e-02
  1.3706392e-01
 -3.1549718e-02
  1.4789881e-02
 -1.7681429e-01
 -3.2342249e-01
  2.8538149e-02
  2.4553293e-03
 -3.0592527e-02
  4.0344882e-01
 -5.5143796e-02
 -1.4191107e+00
 -1.0152657e-01
  3.9807555e-01
  4.2366069e-02
  1.1979123e+00
  1.4278086e-01
 -5.3101766e-01
  1.0338997e-02
 -3.7857465e-02
  1.3816649e-01
 -1.3239597e-01
  2.3896465e+00
  8.6360238e-02
 -1.1924446e-01
 -4.9713288e-02
  3.6072426e-02
 -4.7040481e-02
 -1.5527971e-01
 -1.2313547e+00
  1.9597894e-01
  1.8610828e-01
  5.4363512e-02
  4.2632468e-02
  4.7499065e+00
 -1.7303462e-01
 -5.4933983e-01
 -4.5834133e-01
  2.4489670e-01
 -4.5771794e+00
 -5.0917709e-01
  7.1899220e-02
 -1.4569059e-01
 -2.1651953e-01
 -6.7238450e-02
 -2.3000931e-02
  4.3553081e+00
 -7.2842658e-02
  3.5469554e-02
 -9.9679150e-02
  5.3185362e-02
  1.5092821e-01
 -1.2971878e-01
  1.9589838e-02
 -5.5851537e-01
 -6.3002354e-01
  1.0829946e+00
  4.5534462e-02
  2.4773683e-02
  2.3123097e-01
 -1.7854871e-02
 -1.4021482e-01
 -2.1931536e-01
 -1.9785598e-01
  1.4670087e-01
 -1.9904040e-01
 -3.3039570e-02
  2.8441739e+00
 -3.8625654e-02
 -5.8949582e-02
 -8.7601103e-02
  9.4639815e-02
 -1.4321233e-01
 -2.5599909e-01
  5.5045601e-02
 -2.8347030e+00
 -7.9529740e-02
 -1.5205112e-02
  3.1159593e-02
 -6.8035526e-03
 -8.2600318e-02
 -1.5797138e-02
  1.8293443e-01
 -4.6846420e-02
  4.0007639e-01
 -5.8955628e-02
  1.7982663e-01
 -1.8394680e-01
  1.3352346e-01
  2.2344968e-01
 -6.6048257e-02
 -2.0840496e-01
 -2.4655069e-01
  7.8304434e-01
 -3.7168588e-03
 -3.2920122e-01
  7.1712956e-02
 -1.9085190e-01
 -3.1380702e-02
 -6.2199872e-02
 -1.0530815e-01
  2.4545034e-02
 -8.9757025e-02
 -1.4447152e-02
  8.6379267e-02
  7.8515470e-02
  2.0614831e-01
  1.1492936e-01
 -5.4442029e-02
  1.8705599e-01
  5.2222133e-01
  1.7345530e-01
 -1.0573564e-01
 -1.0846394e-01
 -1.1954222e-01
  1.7100152e-01
  3.0342199e-02
  6.8932496e-02
 -5.6575455e-02
  9.6352044e-03
 -3.7884018e-01
  7.7332355e-02
  2.3489946e-01
  7.2538026e-02
 -2.6557506e-03
  3.7360620e-02
 -5.9825187e-03
 -8.5117621e-03
  1.8996131e-01
 -1.6475543e-01
  2.2186615e+00
 -7.8711832e-01
 -2.0462039e+00
  3.9571123e+00
 -3.0548491e+00
  4.6917409e-01
 -1.9459125e+00
  2.9575689e+00
  5.4150290e+00
  3.6743519e-01
  8.6779878e-02
 -5.9999019e-02
  4.3513522e-01
 -2.3642147e+00
 -6.7641109e-01
  1.7153901e-01
  3.5454047e-01
 -3.4586751e-01
 -2.5987513e-02
  3.1763356e-02
  1.3128961e-02
 -2.4215186e+00
  2.5293736e-02
  9.2388314e-01
 -1.3827561e-01
  2.1888244e+00
  2.6822512e+00
 -1.2538942e+00
  3.0018702e-01
 -1.0930313e+00
 -3.1721623e+00
 -4.0201297e+00
 -3.3290157e-01
  5.6210059e-01
 -2.2179482e+00
 -3.3699627e+00
 -1.7574257e-01
  9.8754495e-01
 -1.3075535e-01
  9.7640216e-02
  8.0604563e-03
 -1.1659016e-01
  2.8376785e-01
 -1.0781649e-01
 -3.3513656e-01
  4.6216555e-02
 -3.3995964e-02
 -4.6310142e-02
 -8.1687979e-02
  1.2690517e-01
  1.7823826e-01
 -3.0755308e-02
  6.6849977e-01
  5.2857175e-02
  1.3261396e-01
  1.3356829e+00
 -8.8936359e-01
 -2.3231889e-01
 -5.1790074e-02
  3.7839255e-01
 -2.3920404e-02
 -1.6343005e-01
  1.9246233e-01
 -2.1956554e-01
 -7.9593909e-01
 -1.9993186e-02
 -2.1702750e-01
 -4.8961587e-02
  2.8320354e-01
  2.0668397e-02
  1.4275438e-02
  1.1427046e-01
 -1.4200708e-01
 -4.1456572e-03
 -8.2446873e-02
 -1.9013111e-01
 -5.2759111e-02
  1.6785437e-01
  4.1950025e-02
 -2.4483462e-01
  5.1184058e-01
  3.1009918e-01
 -2.8181680e-02
 -4.4472008e+00
  3.8166788e-01
  5.2406704e-01
  1.2064743e-01
  2.1820976e-01
 -9.5414869e-02
  1.5602572e+00
 -3.5458218e-02
 -2.4467486e-01
 -3.3143993e-02
  8.5078709e-02
 -8.6283810e-02
 -2.6860306e-01
 -1.7211832e-01
 -2.8426754e+00
 -3.3085498e-03
  1.7853245e-01
 -3.2700360e-01
 -8.3156124e-02
 -1.6423053e+00
 -1.8772371e+00
 -9.1029741e-02
 -4.7927570e+00
  3.9672048e+00
 -2.7662250e-01
 -1.0434088e+00
 -4.6508102e+00
 -2.5828340e+00
  6.0150164e-01
 -2.0236228e-01
  4.5953494e-01
 -1.8633850e-01
  5.9693400e-02
  2.1018109e-01
  6.7311007e-01
 -1.1055979e+00
 -3.4419253e+00
  2.5051462e-02
 -1.3139839e-01
 -1.2691374e-01
  8.6172354e-01
  3.9026225e+00
 -2.6232487e-01
 -1.6413212e-01
  1.1719880e-01
  3.9507813e+00
  8.7815666e-01
  3.1415567e-02
  2.2954183e+00
  4.6119156e+00
  2.0203674e+00
 -7.5476336e-01
  1.9285960e+00
 -3.2197440e+00
 -1.4432348e-01
  2.2584870e-01
  1.1433730e+00
 -1.4942696e+00
 -3.7008807e-01
 -5.6430912e-01
 -1.8113756e-01
 -5.3497541e-01
  1.5973245e-01
 -1.2243858e-01
 -1.2845826e-01
 -7.5390413e-02
 -1.6872965e-02
  7.1116343e-02
  4.7557202e-01
 -2.5559020e-01
  5.6013882e-01
 -1.8254642e-01
 -2.7299854e-03
  9.3152195e-02
  5.9892904e-02
  6.9503365e-03
  2.2139369e-02
 -7.9657868e-02
  2.6354459e-01
 -1.6399628e-01
 -7.5218968e-02
 -5.9967208e-01
  7.9645030e-03
 -1.0915687e-01
  4.3142293e-02
  9.6758321e-02
 -1.3575546e-02
 -2.9632133e-01
  9.5686782e-03
 -2.7284501e+00
 -1.8869220e-01
 -2.2532700e-02
 -2.0535260e-01
  2.0326824e+00
 -1.9487379e-02
  3.5555027e-02
  2.1731064e-01
 -1.4533481e-01
  2.8547695e-01
  1.4632788e-02
 -9.3120439e-03
 -6.1888710e-02
  7.8922771e-02
  1.2611021e+00
  1.9249512e-01
  1.3805479e-01
 -4.7318578e-01
  1.9300665e-01
 -1.4039515e-01
  1.2795626e-01
  4.8197857e-03
 -1.0058757e-02
  1.4748730e-01
 -4.7105551e-02
  3.9268989e-02
 -7.2918281e-02
  3.1720847e-02
 -6.2473392e-01
 -2.1272089e-02
 -2.9161334e-02
 -4.3522561e-01
  1.3632545e+00
 -2.4658270e+00
  1.3736246e+00
 -2.6166842e+00
 -7.0275778e-01
  1.6022718e+00
 -3.6470473e+00
  9.9583250e-01
  7.5947607e-01
 -1.9702690e+00
  2.4755800e+00
 -1.5874780e+00
 -1.9186435e+00
  5.4017222e-01
 -2.5746521e-01
  1.4511604e-02
 -7.6276012e-02
  8.2125115e-01
 -1.9525392e+00
 -1.4284120e-02
  1.5853481e+00
  6.5622558e-03
 -4.9507623e+00
  2.4817617e+00
  4.5115695e+00
  3.0950193e+00
  2.7769389e+00
  8.3666164e-01
 -3.7779949e+00
 -2.7973235e+00
 -3.4712262e+00
 -1.0948815e+00
 -1.3745364e+00
 -7.7658397e-01
  2.0718059e-01
 -5.0579733e-01
 -1.2201501e+00
  4.6148846e-01
  6.4342864e-02
  2.3003716e-02
  4.0862400e-02
 -2.3612786e-02
  2.0212124e-01
  5.3097792e-02
 -6.2228166e-02
 -4.3389928e-01
 -3.5220340e-01
 -1.0922724e-01
  1.3681950e-01
  1.5314142e+00
 -2.5603503e-01
  4.5867834e-02
 -4.5674399e-01
  3.5589391e-01
  4.7094139e-01
 -8.4974870e-02
 -1.7959039e-01
 -1.7280157e-01
 -7.7685997e-02
  1.9765442e-02
 -1.4933710e-02
 -9.9224520e-01
 -1.2371376e-02
 -9.5866129e-02
  5.1323783e-02
  3.5235086e-01
 -2.0720515e-01
  1.1120032e-01
 -1.5812202e-01
 -7.4687735e-03
  1.6966735e+00
  3.0994272e+00
 -2.9370427e+00
  1.0072932e-01
 -5.9384495e-01
 -1.7021945e-01
  9.7654061e-04
  1.1385567e-01
  2.2316196e+00
  1.7501952e-02
  3.7333362e-03
 -2.5036490e-01
  9.0896420e-02
 -4.1975617e-01
 -3.5987043e-01
  1.5523485e+00
 -3.7408207e-02
  4.1662213e-01
  7.1520224e-02
  2.8257588e-02
  6.2974262e-01
 -1.1516333e-01
 -3.1672359e-01
 -8.6448491e-02
 -1.7261960e-01
 -2.6975507e-01
  3.4008429e+00
  2.0000014e-02
  5.0980471e-02
  1.5177941e-01
  9.6533075e-02
  1.5680023e-01
  1.5974499e+00
 -4.8052987e-01
  8.6651845e-03
  1.0132527e-01
 -2.4674461e+00
 -3.2369811e-03
  6.9830842e-02
 -2.3362011e-02
  5.8870010e-02
  5.6004770e-02
 -1.4474127e-01
  1.4510708e-02
 -2.7442524e-01
  9.5309712e-02
  2.2154522e-01
  2.5451938e-02
  1.0558896e-01
 -2.6395008e-01
  5.9037235e-02
 -1.1320680e-01
  5.2939624e-02
  2.7335593e-02
 -9.8366702e-01
  2.2299670e-02
 -2.0168412e-01
 -2.7692853e-04
 -5.3269990e-02
  3.5094078e+00
  2.2850306e-01
 -2.7562317e-02
 -1.8910455e-02
  3.0832776e-01
  3.6421621e-03
 -1.6526500e-02
 -1.9025989e-01
 -1.1661936e-01
 -3.5461966e-02
  4.4833440e-02
  9.2173286e-02
  1.1003106e-01
  1.1440474e+00
 -1.2007759e-01
  2.9279208e-01
 -9.0032689e-02
 -2.9989064e-01
  1.9624953e-01
 -6.5360345e-02
 -3.0766566e+00
  1.6321729e-01
 -1.2523384e-01
  7.6468095e-02
 -1.4722712e+00
 -1.5166709e+00
 -8.5956631e-03
  7.5158678e-02
  7.1236547e-03
 -1.2708388e-01
  1.0966199e-01
  9.9672034e-02
 -6.9167793e-02
  1.6206338e-01
 -1.9842993e-02
  3.1670615e-01
  3.2824039e-01
 -5.2843042e-02
 -9.8070167e-02
  1.9600192e-01
  1.9577889e-01
 -1.2212327e-02
  3.3897974e-02
  3.5057444e-02
  1.8984459e-02
 -3.8993016e-01
 -2.8244317e-01
  1.2403079e-01
  1.4347270e-01
  2.7317239e-02
  4.5136161e-02
  2.5935754e-01
  8.7442523e-01
  4.1376218e-02
 -1.6627587e-01
 -1.2271040e-01
  1.1487368e-01
 -2.1823792e-01
  6.2100399e-02
  2.4274701e-02
 -3.0236861e-02
  2.0473678e-02
  1.0550010e-02
  2.7578312e-01
  2.7442223e-01
 -2.9716375e-01
  1.5619458e-02
  4.2471516e-01
  1.9174321e-01
  9.6837059e-02
  6.0583055e-02
 -2.4500969e-01
 -1.1076763e-01
 -9.5392011e-02
 -3.8327437e-02
  2.8908309e-01
 -7.8814530e-01
  1.5675974e-01
 -7.7489442e-01
  6.3224630e-03
 -7.7580810e-02
  7.9893835e-02
 -1.4037482e-01
 -1.1536663e-01
 -3.4102759e-01
  1.0404082e-01
  1.0921898e-01
  1.1898822e+00
  3.0530590e-01
 -1.5848486e-02
  1.4987585e-01
 -2.1756420e+00
  1.8769935e-01
  1.3612039e-01
 -2.2908400e-01
  3.3532107e-01
  1.9332741e-01
 -7.3215174e-03
 -4.4944726e-02
 -8.2911149e-02
 -2.0606486e-01
  3.4800640e-01
 -5.9516687e-02
 -4.1000340e-02
 -6.7651458e-02
  2.1758629e-01
 -1.9537121e-02
  1.5868858e-01
 -9.7022332e-02
  4.1557904e-02
  7.0177011e-02
 -1.0942209e+00
 -1.2920779e-01
 -2.6417432e-02
  5.0628620e-01
  1.8262959e-01
 -6.0385555e-02
  2.2466749e-02
  4.0652484e-02
 -8.2262568e-02
 -1.0047829e-01
 -6.5545261e-02
 -2.9539475e-01
  7.1181118e-02
  1.8358374e+00
  7.5872149e-03
 -1.7706249e-02
  2.5376621e-01
  8.5009634e-02
 -9.3809469e-03
 -5.2412939e-03
  1.0950254e-01
  6.1386153e-03
 -1.0158752e-01
 -2.9369131e-01
 -1.1530767e-01
 -1.6702391e-01
  5.9415273e-02
 -3.0757123e-01
  2.1552730e+00
  2.4307844e-01
  2.6054183e-02
  1.6119431e+00
  4.1960366e-02
 -6.3554384e-02
 -1.2923418e-02
  1.3446991e-02
  2.2339069e-03
 -2.8712675e-01
 -7.4138343e-02
 -9.9810511e-02
 -1.5185180e-01
  1.6409528e-02
  1.4896381e-01
  1.8634655e-02
  1.8262519e-01
 -2.8394062e-02
  4.4474296e-02
  3.4964327e-02
  1.0141742e-02
  4.1722532e-02
 -1.2452798e-01
 -7.9167172e-02
 -6.0005691e-02
 -5.3620495e-02
 -1.6203199e-01
 -9.9244423e-02
  1.8392405e-01
  1.1404063e-01
  2.1028949e-02
  1.1365035e-01
  7.6304874e-03
 -8.0325983e-02
  1.1990300e-02
 -2.6337852e+00
 -1.5170997e-01
 -5.8877650e-03
  2.2888765e+00
 -2.1534513e-01
  3.8873455e-03
  5.1134929e-02
  1.2747022e-02
 -7.8968763e-02
  4.0118450e-01
  2.6188338e-01
  2.2122889e+00
 -3.2645071e-01
  1.1475309e-01
  5.9602201e-02
 -1.9105338e-01
 -1.9580045e-01
  3.8505126e-02
  1.0619076e-01
 -3.6364406e-01
  3.4650731e-01
 -4.9233902e-02
 -3.3295694e-01
 -8.2227349e-01
  7.9354957e-02
  1.9636445e-01
  1.5196298e-02
 -1.9225621e-01
 -3.6513147e-01
  1.2994972e-01
 -4.3975342e-02
  3.2472858e+00
  9.9670887e-03
 -5.1307070e-01
  1.7203517e-01
 -6.0426090e-02
  2.5130889e+00
  2.0464452e-03
  1.0436135e-01
  3.2737147e-02
 -2.1585615e-01
 -6.0173389e-02
 -3.4307864e-02
  5.3213108e-02
  6.0780793e-03
  9.7424820e-02
  1.0810157e-01
  1.6160968e-01
 -1.0077813e-01
  1.0254000e-01
 -3.9727798e-01
 -6.2263012e-01
 -8.2289346e-02
 -2.3788450e-02
  1.4813869e-01
  4.0520632e-01
  2.3470291e-01
  6.7412078e-01
  1.5312061e-02
 -1.4487784e+00
 -5.9550153e-03
  3.6142498e-01
  2.8128716e-01
 -6.7059986e-02
 -1.0544300e+00
  1.2903404e-01
  3.4060106e-02
 -2.6313153e-01
 -1.2575305e-01
  1.8868497e-01
 -2.5035322e-01
  8.3523691e-02
 -1.0840650e-01
  8.4107272e-02
 -1.3939963e-02
 -6.1369330e-02
  4.2120421e-01
 -1.3206188e-01
 -1.7998256e-01
 -5.7278950e-02
 -1.6763148e-01
 -5.2154902e-02
 -3.7258515e+00
  2.1741733e-01
  1.5603274e+00
 -1.5216896e-01
  8.0461651e-03
  3.1020664e-02
 -6.4623421e-01
  2.7010545e-01
 -4.3210736e-01
  7.7990085e-02
 -3.0261407e-02
  9.5726967e-02
 -7.0692085e-02
 -1.3762074e-02
 -1.5948789e+00
  2.9799188e-02
  2.1256136e-02
  4.2145178e-02
  1.0080932e+00
 -4.9818482e-02
 -1.5502964e-01
  2.3915492e-01
  9.1067332e-01
 -1.3320859e-01
 -1.0669821e-01
  5.9527326e-01
  1.9965751e-01
  5.6472331e-02
  2.8993651e-01
  1.1779768e-01
 -9.5058661e-03
 -2.7376699e-01
  3.1492320e-01
 -1.8130881e-01
 -1.7072818e+00
 -6.3847482e-02
  2.8519938e-02
  5.4397680e-02
 -9.0119496e-02
  5.6294769e-02
  5.2702550e-02
 -6.0699198e-02
 -1.6011423e-01
 -6.7009829e-02
  5.4044731e-02
 -8.1141397e-02
 -2.6048714e-01
 -7.5540185e-02
  1.9521926e-01
 -4.8231113e-01
 -1.7778662e-01
 -1.9196847e-01
 -1.1543011e-02
  7.7676982e-02
 -4.0708009e-02
 -1.1011506e+00
 -2.2626221e-02
 -8.6108886e-02
  7.5747758e-01
 -1.6151339e+00
  6.6064829e-01
  1.0647398e+00
  6.2021002e-02
  4.9622808e-02
 -3.9119469e-03
  2.7105543e-01
  3.1297716e-01
 -3.9279070e-02
  5.7400033e-02
  3.4824222e-01
 -3.7389170e-02
 -6.4930938e-02
 -8.9352816e-02
  3.4412587e-01
 -2.1299224e-01
 -5.4816055e-01
  1.0632836e+00
  1.9601210e+00
 -7.1270180e-01
  2.7161047e-03
 -5.5151558e-01
 -1.1199036e+00
 -3.0422884e-01
  3.5013002e-01
  1.0036113e-01
  6.7461394e-02
 -1.4708978e-01
  3.5507849e-01
 -3.6171055e-01
 -6.2753625e-02
 -5.7706870e-02
  1.5221626e-01
 -5.8975283e-02
  4.5224663e-02
 -1.1348346e+00
 -2.1633664e-02
 -2.7111578e+00
 -9.9332976e-01
  1.7129986e-01
  3.8097231e+00
 -9.2790276e-03
 -6.5419579e-01
 -4.7893414e-01
 -5.7559335e-01
  6.5831357e-01
  1.1090496e+00
 -1.9970210e-01
 -9.8878676e-01
 -8.2919395e-01
 -2.1482082e-01
 -1.6808840e+00
 -1.5912868e-01
  9.2406020e-02
 -2.0664247e-02
  2.5259900e-01
 -1.2416394e-01
 -2.9210228e-01
 -1.6068016e-01
  3.5918873e-02
 -1.0671841e-01
  5.8319267e-02
 -1.3548157e-01
  3.1978285e-01
  6.4130418e-02
 -7.2451341e-01
 -2.9030684e-01
  9.2422211e-01
 -3.1526458e-02
  1.9824822e+00
  1.2467171e-01
  1.5233015e+00
  2.1364932e+00
 -1.6928548e+00
 -1.6545651e+00
 -6.2915646e-02
 -2.6065558e-01
  6.6301949e-02
 -1.5879190e-02
 -2.5499954e+00
  2.8538029e+00
 -2.3331594e-01
 -4.6408206e-02
  1.8548614e-01
 -9.9196412e-02
  4.5342791e-01
  3.1400626e+00
 -2.3722703e+00
  2.6616886e+00
 -5.5065122e-02
  5.1450197e-02
 -3.7134571e+00
 -2.4066253e+00
 -1.1418000e+00
 -3.8763624e-01
  1.9623290e-01
  3.0289128e-01
  5.3076887e-01
  2.3876591e-01
 -2.3100320e-01
 -1.0232301e+00
 -8.6024565e-01
  5.9104723e-01
 -9.1661230e-02
  3.5313673e+00
 -7.7893813e-03
 -1.7403482e-01
  6.8875149e-02
  4.9111997e-03
  1.9092977e-01
  1.2317560e-01
  4.9474183e-02
  1.2570350e-01
  1.4355400e-01
 -1.1005340e-01
  1.1532914e-01
 -2.4224824e-01
 -4.0035360e-02
  4.4871333e-01
  7.0949923e-03
  1.8976922e+00
  4.8064630e-02
 -2.8062696e+00
 -3.2311965e-02
  5.4279375e-01
  1.1935385e+00
  1.5734456e-02
 -2.2622564e-01
 -1.1243911e-01
  9.1557598e-01
 -1.5075381e-01
  1.2187200e-03
  1.7072691e-01
 -1.6916187e+00
 -4.1081131e-01
 -7.6199740e-01
 -2.2854589e-01
 -1.7413250e-01
 -5.8169216e-01
  2.0643383e-01
 -3.7533510e-01
 -1.4242378e-01
  2.1489397e-01
 -6.3199723e-01
  5.5259532e-01
 -9.0808100e-01
  3.1687679e+00
  1.0447208e+00
  1.5479373e+00
  2.7816627e+00
  4.5228094e-01
  2.0109820e+00
  5.7343867e-02
  6.4383346e-01
 -7.3603652e-02
 -3.5958543e+00
 -6.2939994e-02
 -1.4711134e-01
  3.2216497e-02
  3.9394736e-02
  1.6480985e+00
  1.3351503e-01
  9.4140405e-03
  1.9442443e+00
 -1.1636992e+00
 -1.2227496e+00
  4.4174843e-02
  5.1464546e-02
 -1.5475483e-01
  8.4911424e-01
  2.0677435e+00
 -3.8593346e-01
  9.8051429e-02
 -2.1182997e+00
 -4.0191917e+00
 -4.4955339e+00
  1.5707625e-01
 -8.8876742e-01
  1.8825851e-01
  1.2024261e-01
 -1.1633868e-01
  1.7205344e-01
 -8.8075542e-01
 -3.4495893e-01
 -1.2403657e+00
 -2.7295300e-01
  1.4547452e+00
 -3.7544349e-03
  3.1071307e-02
 -1.3688418e+00
 -1.4030755e+00
  4.1790977e-01
  4.6698529e-01
  1.2845720e+00
  6.7700732e-01
  6.3673145e-01
 -4.1942258e+00
 -1.0579336e+00
 -3.9629745e-01
  6.3213754e-01
  3.1551371e+00
  4.6163690e-01
  2.4018066e-01
 -1.6425837e+00
 -1.9288859e+00
 -3.6658075e-02
 -6.5510981e-02
  1.4296866e-02
  8.8081919e-02
  1.3585734e-01
  1.3956721e-01
 -1.7881029e+00
  6.9554448e-02
  7.2939888e-02
 -6.8499258e-04
  1.0235897e+00
  1.1664269e-01
 -1.8807766e-01
  2.3789905e-02
  1.6448099e-02
  8.8842124e-02
  1.0028627e-02
  5.8284992e-01
  2.2407407e-01
 -7.1974057e-01
  1.5492204e-01
 -3.2274108e+00
 -8.1207079e-01
 -1.8654193e-03
  4.9166596e-03
  1.8862773e-01
 -4.9489698e-01
 -4.0371455e-02
  1.1281103e-02
 -2.1110200e-03
 -9.3267125e-04
 -6.7914896e-02
 -6.4120509e-02
  1.3104409e-02
 -1.2361701e-01
  2.3753145e-01
 -2.3143324e-01
  1.3564268e-01
  8.8919275e-02
 -2.5034764e+00
 -2.5425002e-03
 -3.3356586e-01
  3.7895959e-02
 -2.3458393e-02
 -1.2971449e-01
 -2.4069752e-01
 -2.4095878e-01
  3.4078717e+00
  5.8316458e-03
 -9.2789732e-02
  1.1807111e-01
 -6.3272335e-02
  1.7546288e+00
 -8.8432945e-02
  1.8582015e-01
  3.0270391e-03
  4.8711328e-03
 -3.9601991e-01
 -1.4090343e-01
  1.5966551e-01
 -1.3960761e-01
  3.7960451e-02
  4.3089706e-02
  5.4759223e-02
  3.2972425e-02
 -1.2287723e+00
 -2.2563670e-02
 -2.2862285e-01
 -1.3834609e+00
  6.9289124e-01
  1.0473778e-01
  3.2519954e-01
 -7.6317692e-01
  1.5753807e-01
  1.4322425e-01
 -2.2689503e-01
 -1.5637885e-01
  3.4916230e-02
  7.2625667e-02
  1.0246424e-01
  1.6315274e-01
  2.3103878e-01
 -4.4961932e-01
 -1.7254308e-01
 -6.4561069e-02
 -1.7846671e-01
  1.0259654e-01
  3.1793261e-01
  1.9075084e-01
 -4.7555608e-03
  6.5299846e-02
 -3.8265329e-02
  1.7122374e-01
  3.9776093e-01
  4.1083146e-02
 -1.0230536e+00
  8.8680811e-02
  2.4231330e-02
  3.7014052e-02
  3.8114065e-01
 -1.2129611e+00
  2.3328671e+00
 -1.0276055e-01
 -1.2160487e-02
 -6.2376242e-02
  1.8841682e-01
 -7.1310878e-02
 -2.7503790e-02
  5.9485961e-02
 -2.4866280e-01
 -1.3024014e-01
  1.4676992e-02
 -1.3959603e-01
 -1.1532819e+00
  9.5460445e-01
  2.1229682e-02
 -9.2058510e-01
 -2.7107180e-04
  1.4909987e-01
  1.3978249e+00
  2.4000029e-01
  1.2244897e-01
  3.8761891e-02
  5.8172204e-02
  1.4055561e+00
  2.5849001e-02
  1.3340756e-01
 -4.0792346e-02
 -5.8446378e-01
 -2.8766528e-01
  8.6477496e-02
 -1.8872944e-01
 -6.5655932e-02
 -1.0601749e-01
 -6.9768482e-01
 -1.0407139e-01
 -4.2400059e-01
 -4.8365241e-01
 -1.0168678e-01
 -4.5353389e+00
  1.2224674e-01
 -3.4401417e-02
 -8.3328432e-01
 -1.5392445e-01
 -1.0386460e-01
 -5.6011021e-01
 -1.4381140e-01
  6.1660725e-01
 -1.8864589e+00
 -9.0757713e-02
 -2.6463896e-01
  5.0614971e-01
 -4.4358820e-01
  1.6507089e-01
 -1.4564660e-01
 -1.5377332e-02
 -6.7691587e-02
 -5.8210187e-02
 -1.4654744e-01
  2.5090298e-01
  4.0633723e-01
  2.5890777e-01
  1.5934801e-01
 -2.9632622e-01
  3.9300555e-01
  1.5733792e-02
 -2.0568524e-03
  4.4466708e-02
  4.7350314e-01
 -5.1722646e-02
  2.5813887e-01
  2.9807612e-01
 -1.7072067e-01
 -1.7301354e+00
 -7.8708649e-02
  1.4290484e+00
  2.1446195e-01
 -1.3739538e+00
  2.2289884e-01
 -1.3201607e+00
 -9.4596958e-01
 -1.7608559e-02
  8.4041081e-02
  8.7878574e-03
 -2.5857803e-01
 -1.9587141e-01
 -6.1367512e-01
 -9.1763534e-02
  2.0309022e-02
  1.9811327e-04
  1.6136372e-01
 -4.8792098e-02
 -3.2400975e-01
  3.6930826e-01
 -9.5143244e-02
  4.1803289e-02
 -5.8529913e-01
 -7.2873706e-01
  7.6315165e-01
  1.4321456e+00
 -4.1524861e-03
  2.6841082e-02
 -1.8906674e-01
  3.8997284e-01
  6.1764166e-02
 -7.9541676e-02
  1.6360666e-01
  1.0144138e-01
  2.8025124e+00
 -2.1309314e-02
 -4.2568639e-01
  3.0319884e-01
 -1.3522954e-01
 -6.1339140e-01
  2.2239116e-01
  4.0480322e-03
  6.8503588e-01
  2.9444598e-02
 -9.8155606e-01
 -2.7599301e+00
 -4.9073510e-02
 -3.0103645e-01
 -2.2462733e+00
  5.2303481e-01
  1.0822349e+00
 -4.1444665e-01
  2.8387122e+00
 -1.5169563e+00
  9.3206829e-01
 -1.7346203e+00
 -1.0628420e+00
  6.7827672e-01
  3.6182452e-02
 -9.4995159e-01
 -3.0723464e-01
  2.1906463e-02
 -1.4129385e-01
  5.5088239e+00
 -5.7048512e-01
 -4.8817736e-01
 -5.7464790e+00
  1.6979633e-01
 -2.1075683e+00
 -5.1594448e-01
  3.5007519e-01
 -4.6198812e+00
 -4.5117717e-02
 -5.8549583e-01
 -2.8622715e+00
 -1.6460885e+00
  5.3550749e+00
 -2.4837720e-01
 -5.7486806e+00
 -1.4660397e+00
  3.1087273e-01
 -6.3542730e-01
 -3.4068368e-02
  1.0868937e-01
 -5.1433139e-02
 -3.1957819e+00
  1.9272979e+00
  8.9107966e-01
  1.7426422e-01
  2.0597628e-01
  3.6905158e-01
 -6.9911601e-03
 -1.2862935e-02
 -4.4779889e-02
  9.7121544e-02
  3.3095920e-01
  2.6390925e-01
  1.2254039e+00
 -9.3143046e-01
  1.1329513e-01
 -2.9383392e+00
 -1.7506221e-01
 -2.1191481e-01
 -7.9361016e-01
 -3.1821404e-02
  1.5929295e-02
  2.7514270e-01
  3.6957759e-02
  1.0516948e-01
  2.2464257e-01
 -2.5765019e-02
  2.9650891e-02
  4.5650655e-01
 -2.3930937e-02
 -2.9123566e-01
  2.9145792e-01
  7.5863241e-03
 -1.9090103e-01
  7.1592575e-01
  8.4319748e-02
 -1.8216772e-01
 -1.3494128e-01
 -2.5174734e-01
  1.4569775e+00
  1.8760842e-01
 -2.4666697e-02
 -5.3703915e-02
  3.5976431e-01
  2.9404123e+00
  1.2968739e+00
  3.9819518e-01
  2.5416026e-01
  1.8520746e-01
 -6.1194405e-02
 -2.4949413e-02
  5.5580579e-02
 -4.9471021e-02
 -1.6821098e-02
  7.1486033e-02
 -3.1688910e-02
 -3.5320234e-01
  1.0403571e-02
 -3.8486559e-02
  6.6866592e-02
  1.7800169e-01
 -1.8535581e-01
  1.3398442e+00
 -2.1557905e-01
 -5.2220609e-02
  3.0049095e+00
 -5.3906817e-02
  7.1794428e-02
 -7.4444723e-01
 -1.6330557e-01
  6.4236820e-02
 -7.0713498e-02
  6.0154043e-02
 -5.0440244e-02
  3.6266860e-02
 -2.9028437e-01
 -5.8108147e-02
  4.3540770e-01
 -1.9597778e-01
  3.7389457e-02
 -7.2146848e-02
 -2.1822543e+00
 -1.5080142e-01
 -3.6934761e-03
  1.0866266e-01
 -4.2900298e-02
  2.5546420e+00
 -4.2938450e-01
  1.1464239e+00
  9.2503172e-01
 -1.9805102e-01
  9.7190045e-02
  2.0817412e-02
 -3.3149578e-02
  2.0843425e+00
  1.3791676e-01
  7.7856943e-02
 -1.4997355e-02
  1.8563813e-02
  6.3898206e-02
 -4.4138384e-01
 -7.8075871e-02
 -1.3272387e-02
 -1.3082053e-01
  1.3107975e-01
 -1.5718088e-01
 -1.7040493e+00
 -2.9932633e-02
 -3.9518675e-01
  3.9863061e-02
 -6.0753521e-02
 -1.8769620e-01
 -7.9364322e-02
  3.4587514e+00
 -5.1948088e-01
  3.4649920e+00
 -1.4885920e+00
  8.6201005e-02
 -3.8757914e-01
 -1.2034379e+00
  3.4199455e+00
  6.5562625e+00
  7.1763851e-02
  2.9065874e-01
 -2.6920983e-01
  1.2900480e+00
  1.0535604e+00
  1.8209265e+00
  2.3929000e-01
 -3.5933140e-01
  2.2683064e-02
  1.8162096e-01
 -2.6336136e-01
  1.8718674e+00
 -1.0081161e-01
 -4.1862321e-03
 -9.0669584e-01
  1.6439816e-03
  9.6871245e-01
 -7.6946622e-01
  1.1728902e-01
 -3.3101377e+00
  4.4926581e-01
  1.4636035e-01
 -5.1477003e-01
 -2.3104796e+00
 -2.5050929e+00
  4.6638706e-01
 -2.8799758e+00
  1.6523688e-01
 -2.1065848e+00
  3.4593992e-02
  1.7573344e-02
  9.6608125e-02
 -1.9051498e-01
  8.2368886e-01
 -8.9790833e-01
  9.0488955e-02
 -2.5388867e-02
 -1.1750172e-01
 -2.9154912e-02
 -2.8639287e-01
  6.1938584e-02
 -1.4819381e-02
 -2.9120809e-01
 -9.4811660e-01
  9.4107632e-03
  3.8422957e-01
  1.4473790e-01
 -3.2265708e+00
 -7.7417195e-01
 -2.6664233e-01
 -2.6208109e-01
  2.1908572e-02
  3.8563234e-03
 -1.2877356e-01
  6.6811964e-02
  1.1366413e-02
 -1.7361578e+00
 -4.8611313e-01
 -2.0105195e+00
 -9.2735058e-01
  4.9272429e-02
  3.8261998e-02
 -1.4249961e-01
 -3.4857360e-01
 -1.1896573e+00
 -3.0014338e-02
  2.6381588e-02
 -1.5327336e-01
 -1.5746399e+00
  1.6895557e-02
 -1.5223512e-01
 -4.3821210e-01
 -1.5516531e-01
  1.1797160e+00
 -6.2236688e-03
 -1.1663733e-01
 -1.1492535e-01
 -2.0401359e-01
 -8.0298275e-01
 -1.2019161e-02
 -3.2268934e-02
  1.3422126e-01
  1.6143594e-02
 -1.4759945e+00
 -1.6335905e-01
 -4.3650547e-01
  2.7740121e-01
  1.0236551e+00
  2.7508694e-01
  7.9623021e-02
  9.1128759e-02
 -1.9500014e-01
 -4.2466428e-02
  1.1469284e+00
  3.0050275e+00
  9.0700889e-01
 -2.1523336e-01
  1.5146805e+00
 -7.3973960e-01
 -5.4741678e+00
  5.8168715e-01
  3.2495687e+00
  1.8727124e-02
 -1.9052270e-01
  1.7896682e-02
  2.0119996e-01
  7.1952157e-02
  2.5637376e-01
  5.7573402e-03
  5.4274166e-01
 -4.1628587e-01
  9.1551468e-03
  2.9154284e-02
  1.5067704e-01
 -1.8005149e-01
  2.3628297e+00
 -1.2817118e+00
 -8.1184298e-02
 -2.2451140e-02
  7.1247089e-01
 -2.1250317e+00
 -8.2467087e-02
  1.5055136e-01
  2.7485001e-01
 -9.9341601e-01
 -3.2877263e-01
  3.7373742e-01
  1.9762090e+00
  1.4120406e-01
  3.6991918e-01
  7.5261009e-01
 -4.5152001e-02
  1.2837180e-01
  1.0348452e+00
 -4.3634295e+00
 -4.3035382e-01
  3.6854693e-01
 -3.7298381e-02
 -1.3037417e-02
 -1.3901809e-01
 -6.4595543e-02
 -8.4504783e-02
  2.6451187e+00
  7.0950024e-02
 -2.0811658e+00
  8.9900619e-01
 -2.3471358e+00
  9.8200625e-01
  6.7350298e-01
 -5.8789742e-03
 -7.3604554e-01
 -1.6785742e-01
 -4.3653771e-02
  3.9116595e-02
  7.4415244e-02
 -8.8586867e-02
 -3.9601576e-01
  1.2171072e-04
  3.1054375e-01
 -2.0159228e-02
 -1.3380656e-02
  1.6492870e-01
 -7.7549763e-02
  6.9999896e-02
 -2.0599020e-01
 -9.0827549e-01
 -2.0355398e-02
  1.0485141e+00
  6.0770940e-02
 -5.3326689e-02
  2.4565615e-01
  6.7263550e-01
  3.2248519e-02
 -2.6273254e-01
  2.2106225e-02
  5.3132128e-02
 -9.6226001e-01
 -6.3742837e-03
 -8.4107059e-01
  1.7188156e+00
  1.3654965e-01
 -3.5549212e-02
  1.8239182e-01
 -2.7922559e+00
  1.3743900e-01
  1.6037495e-01
 -7.9048127e-02
 -1.1462822e-03
 -1.2014895e-01
 -7.6386683e-02
  1.1333032e+00
  2.9426347e-02
  1.4817014e-01
  3.4570688e-01
  3.3198904e-02
  4.6211812e-01
 -1.4429817e-01
  1.4548409e-01
 -3.0627695e-01
  1.3767833e-01
  6.0105000e-02
  4.9769080e-01
 -1.0709432e+00
  2.1352522e-02
  1.0821859e-01
 -2.0381546e-02
  4.2125262e-02
 -1.8570215e+00
  7.2555768e-01
  6.6212118e-01
 -2.0651573e-02
  5.6763422e-02
 -8.1657991e-02
  8.7033935e-02
 -1.7070651e-01
 -3.3667956e-02
 -2.2177751e-01
 -8.1340540e-03
  1.9221466e+00
 -1.0535692e-01
  8.0999441e-02
  3.0361094e-02
 -1.1028894e+00
  2.7309051e-01
  2.6218876e-02
  1.0085081e-01
  3.8451605e-02
 -2.2515085e-01
 -1.1343101e-01
 -6.7279689e-02
 -1.6220143e-01
 -3.6975712e-02
 -2.7601820e-05
  1.0673855e-01
  4.1854348e-02
  1.2428447e+00
  6.2708870e-02
 -6.7992419e-02
 -1.1735135e-01
  1.0882555e-01
 -6.9523621e-01
  1.0039167e-01
 -2.2491019e-02
 -7.6494426e-02
  7.9273868e-01
 -1.8322445e-02
  2.1105435e+00
  2.4721602e-01
 -8.9233005e-01
  6.9504887e-01
 -2.2475107e-02
 -8.3374679e-01
 -2.5791705e+00
  1.8768153e-01
 -2.5851348e-01
  2.1158193e-01
  3.7887611e-03
  5.0586891e-01
  1.5526980e-01
 -3.1059501e-01
  3.4167059e-02
 -3.9446703e-01
  4.8884544e-01
 -4.8873284e-01
  2.0414469e-01
  6.4416915e-01
 -6.5545298e-02
 -1.1055171e-01
  8.5144818e-01
  9.5890880e-01
  4.1447423e-02
 -9.4692349e-01
  2.3591861e-01
  2.5320482e+00
 -1.3200028e+00
 -9.9089861e-01
 -4.5056248e-01
 -5.3630185e-01
  1.1091547e+00
  3.9401120e-01
 -8.6203122e-01
  5.3430891e-01
 -1.1675197e+00
 -2.9279521e-01
  2.2098964e-01
 -9.5219088e-01
  5.3120393e-01
 -1.0418745e-01
  2.8246811e-02
 -1.3417405e-01
 -1.6652611e-01
 -1.3714474e-01
 -5.3796999e-02
  9.9632569e-02
 -3.0855793e-01
  6.9165953e-02
  7.4631023e-01
  8.3839256e-01
 -6.1573553e-01
 -1.8984227e-01
 -2.4180701e+00
 -1.4989911e-01
  8.8042724e-01
  4.9894147e-02
 -2.7266171e-02
 -7.7922779e-01
  3.4087725e-02
  1.1542103e-01
 -2.5386503e-01
  1.2019708e+00
  3.4879434e-01
 -2.4148807e-01
  2.0542137e-01
 -6.9862477e-02
  2.5233228e-02
  9.8457918e-02
  3.8126562e-02
 -8.8291377e-02
 -1.0296675e-01
 -1.1749487e-01
 -2.1876697e-03
 -9.4681442e-02
 -3.4577739e-03
 -1.7734541e-02
  1.3597572e-01
 -4.4131350e-02
  2.1152016e-02
  2.4405369e-03
  1.2863436e-01
  2.4400088e-01
 -8.2693398e-02
  1.2506102e-01
 -1.5935924e+00
 -3.3129644e-02
 -9.3458883e-02
  3.2157917e-02
 -3.0929582e+00
  1.3051650e-02
  1.0308503e-01
  1.1978241e-02
 -1.8785140e-02
 -1.1265619e+00
  3.7510654e-01
 -7.1038328e-02
 -3.1718276e-02
 -1.8255091e+00
 -8.0946468e-02
  5.8266308e-02
 -1.5541831e-01
 -3.1317067e+00
  1.7964129e+00
 -3.1134859e-01
  1.4042002e-01
 -1.4159251e+00
 -2.5255265e+00
  6.2390083e-01
  1.2362292e-01
 -3.1014627e-01
  2.1665750e+00
  2.4128585e+00
 -5.9398955e-01
  5.7757556e-01
 -1.8964087e+00
 -2.6694839e+00
 -2.2501692e-01
  1.2784175e+00
  5.2577591e-01
  2.5086781e-01
  2.2531769e-01
  1.1034901e-01
  1.2326630e+00
 -1.6176378e+00
 -1.6533646e-01
 -1.6566484e+00
 -1.7336869e+00
  3.3924842e+00
  2.3062387e+00
 -1.0206778e+00
  1.6873242e-02
  5.0358281e+00
  5.1535118e-01
 -2.6751465e-01
  3.1517928e+00
  3.9552712e-01
 -3.4805970e+00
  5.7655624e-03
  1.0793811e-01
  3.9523181e-01
  6.2519908e-02
 -1.7369354e-01
  2.1557155e-01
  2.9949391e-01
 -2.6477745e-01
  2.0611867e-01
  1.4040147e-01
 -5.5697787e-05
 -1.9932571e-03
 -1.7772260e-01
 -1.5341166e-01
 -8.9488797e-02
 -5.6927675e-01
  9.6094646e-03
 -2.5399390e-01
  3.8494173e-01
 -1.7380400e-01
  2.2223172e+00
 -8.1206895e-02
  6.1709650e-02
 -9.2637084e-02
 -1.6114458e-01
 -1.1606862e-02
 -4.3220481e-01
  4.5446966e-02
 -1.4196819e+00
  9.7030863e-02
  2.3105886e+00
  3.1064838e-01
  3.3505217e-03
 -3.3000845e-02
 -1.1498249e-01
  4.1109003e-02
 -1.1124917e-03
  1.2508291e+00
  2.8939730e-02
 -1.0609606e-01
 -1.5103544e-01
  1.0175233e+00
  3.5217637e-01
  8.9715898e-02
  2.2952864e-02
 -3.3515655e-02
 -1.9661553e-01
  5.6627765e-02
  1.3102886e-01
  2.0749739e-01
  9.2829026e-02
  8.2341336e-02
  7.5450823e-02
 -2.4013388e-01
  1.7052588e+00
 -9.1545023e-02
  1.5274716e-02
  1.7528875e-01
  1.0678072e+00
 -8.1046127e-02
 -2.4137584e-02
  4.5878223e-01
 -1.2698343e-01
 -2.9292247e-01
  4.9230613e-02
 -1.6155022e-01
  1.1256723e-01
  6.6400066e-02
 -1.0498066e-01
  9.8917186e-02
  8.3568834e-02
 -4.0898778e-02
 -1.1005154e-01
 -1.5233700e-01
  1.2535615e-01
  2.1573643e-01
 -1.7296052e-01
  8.5334480e-03
  1.6163817e-02
  3.3046599e-02
  5.2039659e-01
  1.5429680e-02
  1.4671271e-01
 -5.4176444e-01
  1.8703496e-01
 -1.7518276e-01
  1.1131368e+00
  2.4392916e-01
 -7.8602642e-02
  1.1080700e-01
  1.2619622e-01
 -1.1799740e-01
 -7.6769519e-01
  5.3534307e-02
 -1.1786632e-01
 -1.4320302e-01
  1.4399645e-01
  9.7784132e-02
  1.1869358e-01
  4.8889752e-02
  7.9099741e-03
  3.9397530e-02
 -1.1074603e-01
 -2.0493142e-02
 -1.0292834e-01
  2.4131915e-01
 -4.3394133e-02
  1.6596422e-02
  1.8363429e+00
 -1.7840469e-01
 -1.9736335e-02
 -4.6801376e-01
  4.2328462e-03
  1.2511524e-02
  2.5298610e-01
  5.5201147e-02
 -2.8483523e-02
 -2.4044381e-02
  8.8275529e-02
 -1.5288366e-01
  7.2865434e-02
 -2.2238730e-02
  8.6676419e-02
  4.3331925e-02
  2.3703024e+00
 -1.2141439e-02
 -7.7075906e-02
 -2.5263354e-02
 -2.5499508e-02
 -5.1593876e-01
 -9.7198822e-03
 -1.1745309e+00
  7.1179345e-02
  1.1018477e-02
 -5.8833390e-02
 -3.7437525e-02
  1.0324417e-01
  4.6262678e-02
 -2.8152665e-01
 -9.2231311e-02
  2.0718269e-02
 -2.3690893e-01
  8.0343926e-01
  1.1668010e+00
 -1.9347982e-01
  1.0665189e+00
  1.9506051e-01
 -1.2071875e-01
  1.6524448e-01
  1.3757814e+00
  5.0209329e-02
  7.0654314e-05
  1.2099652e-01
 -4.6478193e-03
  1.8334131e-01
  1.2604094e-01
  6.2241219e-02
  9.5895641e-02
 -3.7088528e-01
 -4.1588433e-03
  1.2827587e-01
 -2.9251972e-01
 -2.1906173e+00
  1.3791783e-01
  5.7658190e-01
 -3.2706197e-02
  1.7394888e-01
 -1.0286791e-01
  8.6438425e-02
  2.3385921e-01
  8.8793933e-02
 -3.4689125e-02
  1.7642243e-02
 -9.5499158e-02
 -7.2342359e-02
  2.0897897e-02
 -6.2145133e-02
 -3.6066413e-01
 -6.1181979e-03
 -6.4108178e-02
 -3.0654314e+00
  4.0384080e-02
  4.3421516e-01
  1.5219413e-01
 -1.0473860e-01
  2.3223268e-02
  1.4727622e+00
 -2.4280241e-01
  5.3034108e-02
  1.5680195e-01
  4.2840235e-02
 -1.3895849e+00
  3.2450560e-01
  1.0312417e-02
  3.1544200e-01
  3.4347069e-02
  7.5730041e-02
  2.0119691e-01
 -1.2747059e-02
 -4.6022136e-02
 -2.7364768e-02
  1.2558626e-01
  1.6895117e-01
 -4.8979089e-02
 -2.8081751e-01
 -1.9710343e-02
 -1.0806395e+00
 -1.5198408e-01
  1.0655273e-01
 -9.4706371e-02
 -8.3705343e-02
  2.4031615e-02
  2.5281524e-02
  6.5648943e-02
  1.3439405e+00
  1.3599366e-01
  2.5258865e+00
 -3.2983932e-01
  8.0135912e-02
  1.0184430e+00
 -5.6525916e-01
 -8.2117379e-02
  3.5273889e-01
  1.0168138e-01
  8.8481873e-02
  2.3341555e-02
 -4.0773875e-01
 -1.7542000e-01
 -2.0943594e+00
 -9.4289321e-01
  1.9142707e-01
 -2.8741566e-02
 -7.1798310e-02
  1.1625156e-01
  3.3900365e-02
 -2.9695132e+00
 -8.2003940e-03
  5.3016976e-03
  1.8780443e-01
 -1.2175307e-01
  6.1292611e-02
  2.4443818e-02
  4.8422846e-01
 -1.4701338e+00
 -1.2768652e-01
 -8.9903437e-02
 -7.9334639e-02
 -7.1931593e-02
 -2.4484155e-01
 -9.7570166e-02
  1.3416016e-01
  4.3715194e-01
  4.2005160e-01
  9.5459092e-03
  8.0015503e-02
  7.1450770e-01
 -2.2446071e-01
 -6.8719044e-02
 -4.3765336e-01
 -8.5443698e-02
  1.8064690e-01
 -1.3295312e-01
 -2.6438916e+00
 -1.0741988e-02
  2.0546773e-01
 -2.2304653e-01
  1.1343139e-01
  9.1628961e-02
 -1.5427238e-01
  1.2207148e+00
  7.0657724e-01
 -9.0957200e-03
 -6.8467897e-01
 -4.0455207e-02
  3.8442662e-01
  1.1770022e-02
 -1.9194424e-01
 -1.3327540e-01
  6.5606527e-02
 -2.9414976e-01
 -4.2562548e-02
 -2.1351923e-01
  2.6130617e+00
  3.1380906e+00
  9.5008202e-03
 -9.9681318e-02
 -5.2633248e-02
 -3.9990037e-03
 -4.5255337e+00
  9.7818412e-02
  2.8094375e-01
 -1.2195961e-01
 -1.9134147e-01
  3.5888467e-02
 -8.0636993e-02
  2.3885342e-04
  1.9565879e-03
  1.5641442e-01
 -3.7593704e-02
  1.5268208e-01
  2.6732860e-02
  2.0174670e-01
 -5.1141314e-02
  2.6863733e-01
 -1.7121325e-01
  3.6608648e-01
 -1.3038717e-01
  3.7286353e-01
 -6.0873624e-02
  1.2838735e-01
 -4.9555853e-02
 -8.8571563e-02
  1.5190376e+00
 -1.4378531e-01
  4.0620165e+00
  2.4892943e+00
  5.2912708e-02
 -1.2851939e+00
  3.4693608e-01
 -1.6841704e-02
 -5.8183976e-02
 -2.0356847e-02
 -2.8099274e-02
  2.0044882e+00
 -3.4281978e-01
 -7.6636538e-02
 -3.0892858e-01
  8.5128725e-02
 -1.2571089e-02
 -8.8505238e-01
 -5.1201177e-01
  5.3149484e-02
 -5.1289205e-02
  2.5054222e-01
 -3.8993612e-01
  3.2081384e-02
  1.8561696e-01
  1.1246059e+00
 -5.1469002e-02
 -2.4085297e-01
  2.7666098e-01
 -9.0002745e-01
  3.7315130e-02
 -1.4013996e+00
 -4.3567008e-01
 -1.5775546e-01
  3.0178660e-01
  2.1303153e-01
 -1.8284870e-02
 -1.8751250e-01
 -6.1281543e-02
  5.8873124e-02
 -1.6503208e+00
  6.0950375e-01
  3.4083405e-01
  4.7458547e-01
 -4.8453990e-01
  2.5913534e-01
  2.8830873e-02
 -6.7427360e-02
  1.7145865e+00
 -1.1986989e-01
  7.2855400e-03
 -4.5680352e-03
  1.7962145e+00
 -8.2632147e-02
 -1.9184912e-02
 -1.6826854e+00
 -7.4216612e-02
 -3.1292304e-02
 -1.3261923e-01
 -3.0844722e+00
 -5.0301089e+00
 -3.3034258e-02
 -1.6263645e+00
 -8.0382830e-01
 -1.0015347e+00
  4.5689006e+00
 -1.0730945e+00
 -9.3131578e-01
 -4.9749225e-01
  4.4417816e-01
 -1.0121328e-01
 -2.5161505e+00
  2.0177956e-01
  8.0961958e-02
 -6.8777911e-02
  3.8184450e+00
 -2.3850849e-02
  7.4218780e-02
  2.2248113e-01
 -2.0465257e+00
  1.3154635e-01
 -3.2888305e-01
  3.7290534e-01
  4.5934360e-02
  2.4059904e+00
 -3.0717757e-01
 -4.3952912e-03
  7.2686678e-01
  8.6203521e-01
 -1.2701242e+00
 -7.4625887e-02
  3.9656762e-02
 -8.1441171e-02
 -1.2057377e+00
 -3.2775769e-01
  6.0091227e-01
  1.3230488e-02
 -2.3610762e-01
  1.5031092e-01
  4.6540156e-02
 -1.2959592e-01
  3.8371989e-01
  3.7629073e-04
 -1.0851012e+00
  9.9977523e-02
  2.5444993e-01
  1.8805476e-01
 -2.0106819e-01
  3.9540866e-01
  2.3530281e-01
 -3.0881864e-01
  1.3197260e+00
 -4.1545983e-02
  3.9596146e-01
 -6.0456701e-02
 -3.1555709e-01
  4.8607471e-03
  2.6524344e-01
 -1.0968393e-01
 -5.7530541e-02
  1.4375822e-01
  2.6705655e-01
 -1.3307554e-01
 -3.4572306e-01
 -1.3827163e-01
  9.4597384e-02
 -2.4985026e-01
 -1.4267952e-02
 -1.0159089e-01
 -1.3021427e-03
 -4.8926737e-02
  9.0025194e-02
  5.4487079e-01
 -5.2576616e-02
 -1.0137657e-01
  6.8252846e-03
 -4.4676411e-01
 -6.3695222e-01
 -1.3143709e-01
  1.1781597e-01
  2.4058092e-01
 -8.5651524e-02
 -4.3730378e-02
 -5.4288972e-02
 -4.0209526e-01
 -7.0868753e-02
  2.0802656e-01
  1.5137680e-03
  4.3470468e-02
  3.0825824e-01
  2.1606903e-01
 -2.7625076e-02
 -1.0389148e+00
  1.1509363e-01
 -2.5538044e-02
  1.6490674e-01
 -1.0001331e-01
  6.9724768e-02
  8.4394313e-02
  1.0101351e-02
 -8.2794331e-02
  3.0545259e-01
 -8.5599899e-01
 -1.5476762e-01
 -1.0724942e-01
  1.9737399e-01
 -8.3269939e-02
  6.6882849e-02
  9.5022218e-03
  1.9459388e-01
 -9.5466569e-02
 -7.7781700e-02
  1.1662714e-01
  2.2901196e-02
  1.9217117e-02
  1.5225946e+00
 -1.0983739e-01
  1.7947114e-01
 -3.0406243e-01
  6.2234354e-01
  4.4440895e-01
 -3.7012750e-01
 -3.4175981e-02
  2.7949008e-01
  3.1202009e-01
  8.7087765e-02
 -4.9610395e-02
  1.3422270e-01
 -1.6302456e-01
  1.1600608e+00
  2.1791661e-02
 -1.4769302e-01
 -3.0828878e-01
 -1.9751625e-01
  7.7026874e-02
 -3.1676337e-01
 -3.5627730e-02
 -8.1782214e-02
  2.7476072e-01
 -5.5418777e+00
 -5.2633011e-01
 -2.4238127e-01
 -3.3949450e-02
 -7.0059118e-03
 -2.7354475e-02
 -1.4052023e-01
  1.6677878e+00
 -8.9360261e-03
  3.5468265e-02
 -1.0911408e-01
  7.0979536e-02
 -1.6674542e-01
 -1.0209616e-01
  1.3081068e+00
 -1.3145272e-01
  7.9021108e-01
  8.0426270e-03
 -1.5331309e-01
  6.1486617e-02
  1.7569081e-01
 -8.7907296e-01
  2.1279009e-01
 -5.3567171e-01
  2.0424088e-02
 -2.2604766e-01
  1.6921512e+00
  5.5862360e-02
  3.4411531e-02
  1.1416121e+00
 -5.0725747e-02
  3.4724556e-02
 -7.6617375e-02
 -1.6250934e-02
 -1.3002551e-01
  5.5277418e-02
 -2.6585972e-02
  1.3807994e-02
 -6.1368924e-02
  9.7339086e-02
 -1.6946355e-02
  2.4125111e-01
 -2.3636831e-01
 -1.9998410e-01
 -7.0522339e-03
  2.5277227e-01
  5.6989286e-02
 -9.4924726e-02
  1.1136270e-01
  6.0372785e-02
 -6.0883064e-02
 -3.2768399e-02
  1.7142342e-01
 -7.8139557e-03
 -8.1270844e-02
 -8.2619019e-02
  8.4952936e-02
  4.6312768e-02
 -1.8479837e-01
  1.7611822e-01
  6.7322031e-02
 -2.3671170e-03
 -1.2086566e-02
  1.3780214e-01
 -6.3319397e+00
 -1.3254586e+00
  1.2398269e-01
  3.1878474e+00
 -2.8304746e+00
  1.7475125e+00
  9.4665742e-01
  4.3103237e+00
  2.0893619e+00
 -7.2098219e-01
  2.4030180e-01
 -1.3358756e+00
  2.1374772e+00
  9.7742446e-02
  7.0854515e-02
 -2.0035623e-01
  1.8350755e+00
 -2.1604651e-01
 -1.2332680e+00
  2.5993907e-01
  2.4586353e-01
 -5.5067211e-01
 -3.1470108e-01
 -2.1089676e-01
  7.2154641e-02
 -4.4348666e-01
  4.4083491e-01
 -5.8521545e-01
  7.4576661e-02
 -5.0571662e-01
  1.8326490e+00
 -1.2107353e+00
 -2.8457114e-01
  1.6320615e-01
 -9.3517685e-01
 -4.1285446e-01
  1.8142154e+00
  1.3667455e-01
  5.7535741e-02
 -4.4058729e-02
 -3.2985445e-02
  1.4504904e-01
  1.3076381e-01
 -2.3214824e-02
  2.6430580e-01
 -1.1511911e-01
 -1.0349221e-01
  7.9588853e-02
  1.7999443e-01
  4.1508149e-02
 -1.7862157e+00
  3.0792780e-02
 -5.1858801e-01
  1.3843741e-01
  1.5070790e-01
 -8.9490406e-02
 -4.4879045e-02
 -2.3162404e-02
 -1.5750478e-01
  1.2516546e-01
  1.1752222e-01
 -7.5360984e-02
 -8.1556002e-03
 -1.8455313e-01
 -2.2080208e-01
 -2.2923651e+00
  3.5860788e-02
 -1.1442447e-01
 -1.8200311e-01
  2.4891950e-02
  1.9165161e-01
  2.4171092e-03
 -2.6263872e-01
 -5.1287627e-01
  1.8737894e-01
  2.3407330e-01
  1.3502449e-01
 -2.6509324e-02
  2.2570433e-01
  2.3438951e-02
  8.1383400e-02
  3.4373054e-01
 -9.3910193e-01
 -7.5133729e-01
  1.0195339e-01
  5.9017669e-02
  1.6669698e-01
  4.2289212e-02
  6.5723099e-02
  5.5143476e-02
 -1.0730451e-01
 -1.6781795e-01
 -8.3409570e-02
  8.6223356e-02
  4.8570894e-02
 -1.0529756e-01
  5.1959284e-02
  3.7972038e-03
 -4.1152821e-03
 -1.6996166e-02
  1.8611491e+00
  2.6811482e-02
  6.4917618e-01
 -5.4324907e-01
  5.9687723e-03
 -2.5130601e+00
 -1.0922365e-02
  2.0480700e-01
 -5.6741804e-02
 -5.9785789e-01
 -7.7276073e-02
  6.1159842e-02
  1.1566799e+00
  7.2226413e-02
  2.0483291e+00
 -2.1197386e-02
 -1.5023007e-02
 -2.5313643e-01
 -6.5494768e-02
 -2.2767003e-01
 -1.1424757e-01
  6.1604238e-01
 -6.8353683e-02
 -7.3101383e-01
  1.5259135e-01
  2.3359120e-02
  1.7536631e-02
  1.1533204e-01
  6.3560739e-02
 -2.4832595e-02
 -1.3431561e-01
 -1.5395979e-02
 -1.6574624e-01
 -1.1090655e-01
 -1.0116739e-01
  1.6362961e-01
  1.6966626e-02
  3.6968008e-02
  2.7873157e-02
 -6.2688746e-02
 -4.5600072e-03
 -1.5726595e-01
 -1.8451561e-01
 -2.4956977e-01
 -5.2045319e-02
  1.4760356e-01
  2.1255127e-01
 -1.8246603e-01
 -3.7737973e-02
 -1.1284162e-02
 -2.5102141e+00
 -5.6442861e-02
 -8.1796896e-01
  9.3032606e-02
  3.4441166e-02
  2.1831708e-01
 -1.1458921e-01
 -9.7630203e-02
 -1.0201662e-01
  2.9274207e-02
 -5.3945985e-02
  1.0870045e-01
 -6.4241007e-02
  2.0288577e+00
 -1.5870802e+00
 -1.6497275e-01
 -1.5986311e-01
 -5.0759926e-02
  6.8458505e-02
 -4.7247637e-02
 -6.1226255e-01
 -1.1056381e-01
  1.3442871e-01
 -3.2281543e-03
  3.1665333e-02
  1.2789921e+00
 -2.5898354e-02
 -4.1747811e-01
  3.6764789e-02
 -3.1605810e-02
 -3.4691148e-02
 -5.7179495e-03
 -3.5752168e+00
 -4.7748417e-02
  2.3225816e-01
 -2.5279569e-02
  2.8308395e-02
 -1.2555058e-01
  1.7874746e-02
 -6.1894629e-02
 -6.7260332e-02
 -4.2505306e-01
 -2.9920259e-01
  4.2694765e-01
  1.4866643e-01
  1.2084670e-01
 -5.2999709e-02
 -6.3657917e-02
  6.6661090e-02
 -9.8926894e-02
 -1.4211468e-01
 -1.7249356e-01
 -3.1170189e-01
  7.3421739e-02
  2.9045157e+00
  9.7754651e-01
 -4.1484895e-01
  2.5754807e+00
  2.9033880e+00
 -4.6425667e+00
  6.3738084e-01
 -5.6583676e-02
 -1.0845026e-01
  9.2685096e-02
  1.1881313e+00
  4.8433760e-01
 -7.5271356e-01
  2.0557096e+00
  2.0787090e-01
 -2.4022615e-02
 -5.0014663e-02
  2.1369667e+00
  5.6315345e-01
 -2.9912291e+00
 -1.5057317e+00
 -2.0880713e+00
 -5.3100502e-01
 -2.2074337e+00
 -8.2959789e-01
  2.2229474e+00
  1.9484978e+00
 -8.1004614e-01
 -2.9193261e+00
 -1.4943309e-03
 -1.6755104e+00
  6.4634636e-02
  6.3673115e-01
 -1.1359119e-01
 -1.4787436e-01
 -7.8719801e-01
  7.6832479e-01
  1.4996557e-01
 -9.6702725e-02
  1.0887351e+00
  1.2284467e-01
  2.2714715e-02
 -6.9950294e-01
 -4.9536088e-03
  3.0594440e-02
  2.3551528e-01
  1.5844710e+00
 -3.9394248e-01
  1.3587239e-01
  1.5914747e-01
 -1.5994038e-01
 -1.7344121e+00
  5.6813412e+00
  8.5872099e-02
 -5.0818217e-01
  7.4225150e-02
  3.4144351e-01
  2.6719832e-01
 -1.9797646e-02
 -4.7410645e+00
  8.4428847e-02
 -4.3544922e-02
 -1.4528641e-02
  5.6608338e-02
 -7.5663604e-02
 -3.1146888e-02
  4.0285343e-01
 -7.5806744e-02
 -2.0242763e-01
  1.5611675e+00
 -6.9711236e-03
  1.3276510e-01
  2.8272918e-01
  1.9821973e+00
  2.4246898e-01
 -3.3168338e-02
  3.7389556e-01
 -1.6232322e-01
 -2.2187497e-01
  1.8404126e+00
  6.3169032e-01
 -6.6022620e-02
 -7.5433359e-02
  5.6511992e-01
  2.2219942e+00
 -7.0301719e-02
 -4.3555055e-02
  7.3524964e-01
  1.5193474e+00
 -1.6785848e+00
 -8.2569979e-02
 -2.7101803e-01
 -4.9313321e-03
 -2.9493693e-02
  1.3478355e-02
  1.0934533e-01
 -1.8617652e-02
 -9.9360226e-03
 -1.0885223e-01
 -6.6066720e-02
  1.2917876e-01
  9.8476835e-02
 -2.3402317e-01
 -2.0153236e-01
 -1.7224121e-01
  9.7606176e-01
  7.3264450e-02
  1.5888882e-01
 -6.9741786e-01
 -1.0229908e-01
  2.4648139e+00
 -5.4325707e-02
  1.2109026e+00
  1.2383623e-01
 -2.3894101e-02
 -1.3470623e-01
  1.9970976e-01
 -2.6856935e-01
  3.6348978e-01
  3.5150114e-01
 -7.8302413e-02
  3.6172864e-01
  8.3941445e-02
 -1.0158918e+00
 -1.1061881e+00
 -3.5709176e-02
 -3.5180133e-02
 -1.3617188e-01
  1.9690481e-01
  7.3192693e-02
 -8.1099309e-02
 -1.3833471e-01
  1.2913985e-02
  1.6174734e-01
  6.6735931e-02
 -4.7529304e-01
 -7.9501122e-01
  2.2399822e-02
  7.8020506e-02
 -4.9160782e-02
  2.6233506e-01
  2.8118486e+00
 -9.7828627e-02
  5.7175457e-02
 -5.7469126e-02
 -1.4297922e-01
  3.2237703e-01
  3.5369538e-02
 -8.7520671e-01
  2.1872163e-01
  2.8346974e-01
 -6.7946717e-02
 -3.0690163e-01
 -6.1462983e-02
  3.4922817e-01
  1.7646478e-01
  4.4818550e-02
  4.1475102e-01
 -9.1399923e-02
  3.6518395e-02
 -4.5615297e-02
  7.2298914e-02
  3.7387100e-01
  9.2335038e-02
  5.7724835e-03
  2.3319778e-01
  7.0801377e-03
  1.1208423e-01
 -1.9846222e-01
 -1.2169477e-01
 -6.3094646e-02
  1.1908785e-01
  3.3852682e-02
 -2.9448343e-02
 -1.5652075e-01
 -1.0375669e-01
 -3.9721187e-03
  1.6859318e+00
 -3.9783108e-01
 -5.8253977e-02
  6.4012118e-02
  3.1559911e-01
 -1.4995004e-02
  1.3400720e-01
 -2.4456282e-01
 -5.1763169e-02
  1.9870076e-02
  1.5698113e-01
 -1.3194267e-01
  7.4037118e-03
 -7.4631654e-02
  4.2324983e-02
 -2.2996234e-02
 -2.5196161e-02
 -2.2526646e-01
 -5.1917054e-02
 -8.0365784e-02
 -5.2668285e+00
  8.5565694e-02
  5.1581927e-02
  1.2961049e-01
  5.4824697e-03
 -6.9989093e-02
  3.0968329e-01
  1.4671512e+00
  1.1271460e-01
 -1.3025247e-01
  1.0057157e-01
 -2.4486043e-01
 -3.0478585e-01
 -1.1699967e-01
 -1.2053113e-01
 -1.4576319e-01
  1.0190343e-01
 -5.8564913e-01
  1.7558666e-01
  4.4700228e-02
 -3.5584237e-02
 -1.8527794e-01
 -1.1776989e-01
 -4.8959605e-02
  6.9395864e-01
  1.1198606e+00
  9.8814756e-02
  1.4941740e-01
 -4.8213513e-03
  1.0260999e-01
  1.1485884e-01
 -1.5803152e-01
 -1.7479848e-02
  3.3308424e-02
  2.9665148e-01
 -1.1339390e-01
  1.9416317e-02
  1.7812437e+00
 -2.4459982e-02
  1.2541160e-01
 -1.6268101e-02
 -1.2245337e-02
 -5.7390284e-02
 -3.5368420e-02
 -6.9314465e-02
 -1.4826058e-01
  5.6508936e-02
 -3.5742015e-01
 -8.4965497e-02
 -8.0139235e-02
 -3.4850112e-01
 -1.9232665e-01
 -6.6013625e-03
  2.3767680e-02
 -1.0799418e-01
  7.8858644e-02
  8.6750977e-02
 -2.7823145e-02
 -2.4026591e-01
 -4.6696500e-03
 -1.5114421e-01
 -2.3070651e-01
 -1.1308413e-01
  5.8883268e-02
  5.5164922e-02
  1.3900863e-01
 -2.7003643e-01
 -9.3494039e-03
  1.0410965e-02
 -1.6891706e-01
  5.0009985e-02
 -1.1540813e-01
 -5.6912497e-02
  2.1523413e-01
  8.0108121e-02
  1.5077196e-01
  1.5153301e+00
 -8.5429899e-02
  8.5643947e-01
  3.4753360e-02
  6.1998375e-02
 -6.3865930e-03
  9.3286261e-03
  4.8318812e-01
 -8.2891695e-02
 -1.9510090e-01
 -2.8650671e-01
 -4.6847489e-02
  6.8793786e-01
 -2.0987438e-02
  6.1334733e-02
  1.0076386e-01
  7.7236444e-02
  1.3680585e-01
 -1.5706975e-02
  2.5728342e-01
  2.3802374e-02
  3.6968939e-02
 -2.3085515e-01
  5.7364458e-01
 -1.1230178e-01
  1.0354701e-01
 -5.9542384e-02
 -2.0563255e-01
  1.1347679e+00
  2.5196505e-01
  1.9384137e-01
  1.7413126e-01
 -7.7706610e-04
 -3.4211668e-01
  3.1812221e-01
  3.5137542e-02
  2.3651585e-02
  2.4047609e-02
  1.1986654e-01
  7.2047762e-03
  3.8143869e-02
  4.6364263e-02
  7.4297547e-02
  1.9961697e+00
 -1.2456723e-01
  1.6923918e-01
  2.0404774e-01
 -1.0161117e-01
  1.4452840e-03
  2.0159028e-01
 -2.8626111e-01
  8.9908473e-02
  3.8233957e-01
  6.8106256e-02
 -7.7269739e-03
  4.3816820e-02
  3.7207637e-02
 -2.1156861e-02
 -4.4624138e-01
  3.0632192e-01
 -7.9732649e-02
  5.8542840e-02
  1.1251390e+00
  1.4795749e-01
 -2.5986055e-02
  2.3126820e-01
 -1.7333955e-01
  5.5121303e-02
  4.3324152e-01
 -3.5659838e-02
 -1.9313012e-01
 -1.7627750e-02
 -3.3021811e-01
 -1.6785686e-01
  1.3605797e+00
  3.7118010e-02
 -6.1802313e-02
  2.4401918e-01
 -1.2818016e-01
  1.7711399e-01
 -1.9700931e-02
  2.8280455e-01
  9.1162130e-02
 -3.2529399e-01
 -3.5954744e-01
  2.5664040e-01
 -1.5455383e-01
 -2.1558152e-01
  1.5256737e-02
 -7.9750098e-02
  3.4323028e-01
 -4.2274544e-01
  1.2929563e-01
  3.6985904e-02
  1.3214774e-01
 -7.9831891e-02
  1.2329661e+00
  1.2488221e-01
  6.6556282e-02
  1.0752451e-01
 -4.0247634e-02
 -4.7011107e-02
  1.2837340e-01
  5.4855328e-02
  1.4414093e-01
 -3.2641296e-03
 -8.6965621e-02
  2.5882919e+00
 -1.1524585e-01
 -1.4589004e-01
  1.3530400e-01
  2.4254192e-02
  6.2554312e-01
  1.9213381e+00
  1.0632520e-01
 -3.1709667e-02
  2.1535251e+00
  7.0482701e-02
  1.5769893e-01
 -8.1486851e-02
 -8.3408237e-01
 -5.8737457e-02
  2.3654349e-02
  1.4893603e-02
  6.2316757e-01
 -1.1150049e-01
  1.3235430e-02
  2.6585035e+00
 -2.9246259e-02
  1.0999638e-01
  2.7976576e-03
  3.8517836e-02
  1.1420514e-01
  1.0370715e+00
 -1.4482871e-02
 -1.0269097e+00
 -2.8428674e+00
 -1.8212148e+00
 -5.7560199e-01
 -2.1164203e+00
  4.4038853e-01
  1.3112953e+00
  2.2287452e+00
 -4.6896356e-01
  3.8439462e+00
 -3.7783220e-01
  3.3000002e+00
  2.7006354e+00
 -4.6726575e-01
 -3.8145180e+00
  7.0281929e-01
  7.7740902e-01
 -1.4119871e+00
  1.0662560e+00
  1.2117579e+00
 -3.2330172e+00
  1.0120074e+00
  6.8111736e-01
  3.3001743e-02
  3.8755053e-01
  1.5622007e+00
  3.0057340e+00
 -1.4170464e+00
  6.4271316e-02
  6.2427324e-01
  4.4187284e-01
  1.1124126e+00
  1.1328343e+00
 -4.4073763e+00
  1.0321764e+00
  2.1605246e+00
  3.6442184e+00
  1.1488028e+00
 -1.1614660e-01
 -6.7626975e-02
 -6.0712114e-02
  9.0170026e-02
 -8.7780768e-01
 -3.3581620e-01
  3.2092929e-02
  2.6968333e-01
 -2.8567063e-03
 -2.1927975e-01
 -1.7219175e-01
 -6.0259216e-02
 -7.7678777e-02
  3.8655844e-02
 -2.0166354e+00
 -3.7627679e-01
 -3.6030298e-01
  7.5495899e-02
 -2.9017612e-01
  4.2994767e-03
  1.7394198e-01
  5.5084658e-01
  1.3049275e-01
 -1.8070735e-01
  2.1406728e-01
 -9.3353778e-02
  5.6641079e-03
  3.7458720e+00
  1.6048230e-01
 -3.0610358e-02
  6.2501706e-02
  1.6512774e-02
 -6.4084619e-02
 -4.3842133e-02
  8.1515685e-03
  4.5085296e-01
  2.1593070e+00
  1.0746010e-01
 -8.3019048e-02
  2.0999642e-01
  1.7832037e-02
  2.8308535e-02
 -2.4112074e-01
 -2.1273330e-01
 -6.7941383e-02
 -3.5103753e-01
  7.0634687e-01
  2.0901561e-02
 -2.2775039e-01
 -8.6476952e-03
  1.7775171e-01
  1.9071656e+00
 -1.1331400e-01
 -2.8305216e-02
 -4.9138542e-02
 -7.7626012e-02
 -1.0144460e-01
 -1.6620185e-02
  9.1380537e-02
 -2.3439720e+00
  3.8225088e+00
 -1.2255823e-01
  7.7926971e-02
  2.9096527e+00
  5.3474464e-02
  2.1022581e-01
  1.8129270e-01
 -1.5330033e+00
 -5.4307199e-01
 -7.7374168e-02
 -2.7738880e-02
 -2.6750244e-02
  2.2798395e-02
 -4.5883458e-02
  6.6297598e-02
  1.6828869e-01
  6.9281622e-03
 -2.9801508e-02
 -1.0367490e+00
 -3.5965282e-02
  6.9823450e-01
  3.2907654e-02
 -2.2406616e+00
 -4.4450903e+00
  2.0835178e-03
  2.9224870e-01
 -1.6579135e-01
 -7.8879660e-03
 -7.9361321e-03
  3.0436140e-01
  5.5040468e-02
  2.0118989e-01
  7.4397385e-02
  1.7887123e-02
 -1.2107956e+00
  4.5627445e-01
  1.9553322e-01
  1.1075724e-02
  1.1594637e-01
 -7.2065884e-01
  2.2388222e-02
 -5.8058523e-02
 -4.4657872e-03
  9.3729168e-01
 -1.7440207e-01
 -2.7130162e-02
  9.3231648e-02
 -1.1156505e-01
  6.5596881e-03
 -1.0563689e-01
 -5.7770077e-02
  3.7809551e-02
 -2.3232868e-02
  3.8138390e-01
 -1.1886525e-01
  2.3959156e-02
 -5.4785544e-01
  1.4646432e-01
 -1.6799668e+00
  5.8244586e-01
 -1.3577306e-01
 -4.7196928e-02
 -4.0982142e-01
 -3.0610485e-03
  1.1641118e-02
  1.3994287e-01
 -9.9372849e-02
 -2.3799276e-02
  1.7350799e-01
  1.7854249e-01
 -1.9570939e-01
  3.7386484e-02
  2.8175076e-02
 -2.6812640e-01
 -6.2666118e-02
  2.2946157e-02
  1.5030557e-02
  8.5027158e-02
  5.7199657e-02
  1.4482069e-01
  1.2532107e+00
  6.1398443e-02
 -2.3523021e-01
  9.4653703e-02
 -2.0158052e-01
  1.7561328e-01
  3.1704716e-02
 -4.7179323e-02
  9.0358444e-02
 -1.9586869e-01
  8.7344521e-01
 -1.6666347e-01
 -3.5871696e-01
  4.2901200e-01
  2.5827041e-01
  1.7863298e-02
 -1.2118945e-01
  1.0822288e-01
 -7.3673987e-01
 -3.7933707e-01
  3.3991979e-03
 -1.0612716e-02
 -7.2183080e-02
  3.0405021e-01
 -2.2712088e-01
  8.8991046e-01
  7.6714847e-03
 -7.0115399e-01
 -1.5151153e+00
  4.3815583e-02
  1.0482562e-01
 -1.8536728e-02
 -2.1121241e-01
 -1.4053708e-01
 -9.5410205e-02
 -9.2992359e-01
 -2.4493480e-01
 -2.2935405e-02
  1.8441039e-01
 -1.1761143e+00
 -1.5267096e-01
  1.6298922e+00
 -2.1111999e-01
  1.2339779e-01
  3.5240867e+00
 -9.6299835e-03
  3.0959827e-01
 -1.7366371e-01
  2.3207322e-02
  7.9852599e-01
 -1.6327171e-02
  1.7474461e-01
  1.5954611e-01
 -6.0351741e-02
 -3.6072329e-02
  2.7245006e-01
 -7.9077385e-02
 -4.9011488e-02
 -3.4768364e-01
  1.1082365e-01
  6.4135745e-02
 -1.0880669e+00
 -3.0218724e-03
  2.1799538e+00
 -2.9032991e+00
 -2.3013543e-02
 -6.4612858e-02
 -4.1057217e-01
  1.9577725e-01
 -2.0766430e-02
  7.0198409e-02
 -1.1109959e-01
  8.4827766e-02
 -3.7280500e-01
  2.1445440e-01
  1.3774399e-04
  1.7848112e-01
 -8.1603593e-01
 -1.1150223e-01
  1.8872713e-01
 -5.1239133e-02
 -4.5051388e-02
  1.3296565e-01
 -6.6044712e-01
 -1.2551772e-02
  1.8439975e-01
  4.8402329e-03
 -3.2610619e+00
 -2.5280383e-01
  1.4932188e-01
  7.6705210e-02
  2.2881944e-03
  1.0499539e-01
 -1.2172093e-01
 -2.1662587e-02
  1.9442850e-01
  5.0027981e-02
  7.6867804e-02
 -5.3565778e-02
  1.7127787e-01
 -1.2413657e-01
 -4.9542865e-01
  1.6733521e-01
  2.1474363e-02
 -8.6169213e-02
 -8.3160521e-03
  4.4806585e-02
 -3.8929388e-02
  1.3002709e-01
  2.3494730e-02
 -3.3434179e-01
  2.0928955e-02
  7.1029201e-02
 -4.6661711e+00
  3.5764083e-02
 -1.1646300e-01
  1.3999514e-01
  8.4707879e-02
  3.4352392e-01
  2.8577363e-01
 -1.8482848e-01
  5.6093492e-02
 -1.6579117e-01
 -1.9529687e-01
 -1.2812398e-02
 -9.8165765e-02
 -3.7119493e-02
  2.7604997e+00
  4.3605259e-03
  7.8255403e-01
  2.9826519e-01
  5.7423408e-03
  5.9119727e-02
  1.0917635e-01
 -7.1251057e-02
 -1.2240952e-01
  2.8669611e-01
 -3.0769728e-02
  8.3040953e-02
 -2.0773787e+00
  8.5200727e-02
  1.2229741e-02
 -9.4749801e-02
 -1.3806927e-01
 -4.7831926e-02
  2.3173566e+00
  1.5008532e+00
 -6.4879440e-02
  5.1907521e-02
  7.2274670e-02
  5.0495639e-02
  5.5788651e-02
 -3.2118864e-02
  8.5470265e-01
  1.5870747e-01
 -1.7059992e-01
 -6.1567868e-03
 -5.4253671e-02
  3.3519767e-02
 -7.0646620e-01
 -9.7674794e-02
 -1.9913259e-01
  7.7783309e-02
 -1.5912706e-02
 -4.0749509e-02
 -1.6501798e-01
 -2.0243805e-02
  7.7206172e-02
  6.6965923e-02
 -3.3300228e-02
  1.9145027e-01
  7.9393998e-02
  5.6419206e+00
  3.1444352e-02
  8.7286122e-02
  1.4012037e-01
  1.1333338e-02
 -1.3856597e+00
 -6.9767676e-02
 -1.3250121e+00
 -8.8166523e-01
  6.9234020e-01
  2.0276897e+00
 -2.3363886e+00
 -5.9685484e-02
 -6.7552865e-01
 -2.5052340e+00
  1.6559790e+00
  6.2107545e-01
 -5.5599469e-01
 -4.2039481e-01
 -9.9706948e-02
  1.5867580e-02
  1.1405446e-01
 -5.4906368e-02
 -3.0739123e-01
 -1.9310516e-01
 -3.9609358e-01
  7.7026688e-02
 -5.4992083e-02
 -1.3245840e-01
 -1.2412441e-01
  5.9500068e-01
 -1.4395237e+00
 -2.3041353e+00
  6.6087708e-02
  2.8761661e+00
  1.3505762e+00
 -4.9134937e-01
 -4.7331005e-03
 -5.5997759e-01
 -7.5643301e-01
 -1.0497864e-01
  1.1372992e+00
  5.9024626e-01
 -1.0091683e+00
 -1.2513637e-02
 -3.0914154e+00
 -5.7083881e-01
 -2.8115106e-01
 -4.4337344e+00
 -3.0582873e-03
  1.5927845e-01
 -2.6823232e+00
  1.8285406e-01
  4.9123857e-03
 -7.4911974e-02
  4.2336455e-01
 -2.5150505e-01
 -1.6277336e-02
  2.6885955e+00
 -2.5098574e-01
 -1.2025114e+00
 -2.4943142e+00
  2.2511458e+00
  9.3498927e-01
  5.8733702e+00
 -1.9517885e+00
  7.8745561e+00
  1.0429472e-01
 -4.7140634e-01
  9.4812445e-02
 -1.8236729e+00
  4.3894917e-02
 -5.8398306e-02
  4.3765582e-02
  8.4335497e-03
 -2.3934102e+00
  9.0183890e-01
 -7.7120863e-02
  3.1634681e+00
 -4.5143154e-01
 -2.0111845e+00
  1.5349373e+00
  2.9415101e-01
  1.9887929e+00
  1.1557904e+00
  1.1169039e+00
 -1.1111110e+00
 -4.0474176e-01
 -1.2183487e-01
 -7.0082635e-01
 -1.5987766e+00
  2.5072832e+00
  6.7845669e+00
 -8.6833439e+00
 -1.6770722e+00
 -1.3070796e-01
 -6.1597798e-02
 -1.9643693e-01
  1.4789252e-01
  1.6542605e-01
 -2.8802402e-02
 -3.0193463e-01
 -2.4421230e-01
  3.2940471e-01
  2.3614341e-01
  1.2430120e-01
  2.8489610e-02
 -9.5532246e-02
  1.2224091e-01
 -8.9039147e-01
 -2.5564480e+00
  2.4752309e+00
 -2.4000251e+00
  1.0122250e+00
 -8.0796641e-01
  1.2595029e+00
 -2.2531211e+00
 -2.4133003e+00
  5.3038053e-02
  2.1617410e+00
  2.7446067e+00
  2.8890727e+00
  2.6071463e+00
 -2.0162082e+00
  2.3849025e+00
  2.3195748e+00
  6.8847740e-01
 -2.7096791e+00
  2.1316116e+00
 -1.9658558e+00
  2.0756795e+00
 -1.8353683e+00
 -4.9675796e-02
  2.7504652e+00
  2.9441314e+00
 -2.7167547e+00
  1.7377551e+00
  2.6221163e+00
  1.9957550e+00
 -2.9055877e+00
 -2.4708023e+00
  1.9488382e-01
 -1.7441437e+00
 -2.8890698e+00
 -2.4959683e+00
  9.0668574e-02
 -2.4068701e+00
 -1.0964940e-01
 -2.8624091e+00
  8.7187213e-01
 -4.2722458e-01
 -2.6408713e+00
  5.3490577e+00
 -1.9968386e+00
  2.3681161e+00
 -3.1583827e+00
  1.2073174e+00
 -3.1240685e+00
 -1.6663694e+00
  1.9589329e+00
 -2.8797668e-01
 -1.2508044e+00
 -1.9184382e+00
  2.2164295e+00
 -1.9043826e+00
  2.9008932e+00
 -3.1004956e-01
 -1.1940910e+00
  5.7907289e-01
 -7.3388880e-01
 -2.2714186e+00
  1.1805917e+00
 -2.5515578e+00
 -2.2813416e+00
  2.7435284e+00
 -1.8610127e+00
  1.2020538e+00
 -2.8213651e+00
  1.9040872e+00
  2.1774323e+00
 -2.4946589e+00
 -3.0641961e+00
 -2.7245677e+00
 -2.2165310e+00
 -1.9726460e+00
  2.3602087e+00
  2.6515040e+00
  1.1092306e+00
 -1.5919857e-01
 -2.5880425e+00
  2.8505604e+00
  2.9158323e+00
 -6.7076051e-01
  1.6959685e+00
 -2.3726921e+00
  5.0283041e+00
 -2.7772965e+00
  2.5467527e+00
  3.1379879e+00
  2.6138675e+00
  6.9230622e-01
  1.5758805e+00
  3.1091318e+00
 -2.9052029e+00
 -3.2187712e-01
  2.5274849e+00
  1.9169266e+00
  1.9628987e+00
 -6.7184007e-01
  1.1178801e+00
  5.5757470e+00
 -6.4671330e+00
  3.2936847e+00
 -1.0990083e+00
  1.1315109e+00
  1.5513294e+00
  2.9793971e+00
  7.7771392e+00
 -1.1485874e-01
 -4.3101082e+00
 -2.5401409e+00
 -4.7624874e+00
 -6.1723971e+00
  1.0079035e+01
 -4.6731548e+00
 -1.0496758e+01
 -1.2156572e+00
  9.1829939e+00
 -5.3494167e+00
  3.6137612e+00
 -3.0284665e+00
  5.4040117e+00
  1.9962515e+00
 -9.9072428e+00
 -1.2590372e+01
  7.8750463e+00
 -4.1726179e+00
 -4.3033748e+00
 -8.6701641e+00
  9.6147327e+00
  4.7649016e+00
 -3.3774030e+00
  1.8552245e+00
  6.1553202e+00
  5.6586952e+00
 -9.6081948e-01
  3.5254278e+00
 -1.2939948e+00
  5.4479551e+00
  2.4996750e+00
 -4.7908213e-02
  7.5434084e+00
 -4.1263156e+00
  2.3478410e+00
 -2.8823819e+00
  5.8103456e+00
 -5.2621269e-01
  8.0345402e+00
  4.1274652e+00
 -6.0658312e+00
 -1.1451893e+00
  3.0571129e+00
  3.1656618e+00
 -7.5613580e+00
  3.4416687e+00
 -1.2951396e+01
  1.2000877e+00
  7.5008893e-01
 -3.8775828e-01
  1.0461936e+00
  8.9900150e+00
 -1.3296055e+00
  7.8725085e+00
  1.9899497e+00
 -1.0668663e+01
  1.1283820e+00
  1.8763236e+00
  5.0739174e+00
 -1.5121069e+00
 -1.5911123e+00
  5.6716001e-01
  7.5222073e+00
  1.0591984e+01
  2.1618779e+00
  2.6635025e+00
 -1.1777743e+01
 -5.3459191e+00
 -7.1299165e-01
  7.8176183e-01
  6.8162866e+00
 -7.5183153e+00
 -3.5618830e+00
  2.7098074e+00
 -4.0788732e+00
  4.6043668e+00
 -5.8089375e+00
  5.4090695e+00
 -3.3103759e+00
 -6.6393809e+00
 -4.8813782e+00
 -3.3486178e+00
 -9.0823716e-01
 -9.8717556e+00
  6.6610456e+00
  1.7105421e-01
 -6.8555479e+00
 -3.2791965e+00
 -7.7521882e+00
  1.0158411e+00
  4.2025943e+02
  1.7353461e+00
 -1.2397454e+00
  1.1373600e+00
 -7.8138959e-01
  2.4395695e+00
 -7.2015314e+00
 -3.5977937e-02
  3.9055428e-01
 -4.9522319e+00
  2.0886755e+00
  5.8561816e+00
  1.2560824e-01
  2.6580656e+00
 -8.0879605e-01
  2.2451122e+00
  2.1096911e+00
  7.0054607e+00
 -9.0134535e+00
  4.2950669e-01
 -1.1359301e+00
 -1.4460695e+00
  1.2891035e+00
 -4.7805133e+00
 -2.1048791e+00
  2.7907553e-01
  1.6702536e-01
  1.6007850e+00
  3.8293388e+00
  1.5507071e+00
 -6.4717221e-01
 -2.8768680e+00
 -1.3776171e+00
 -1.8046850e+00
 -5.0148034e-01
 -8.4984380e-01
  9.8932311e-03
 -1.8574578e+00
 -3.5165539e+00
  1.2082958e+00
  1.0863240e+00
  2.3898659e+00
 -2.7927178e-01
  9.0766668e-01
  3.9038000e+00
  2.5454462e+00
 -2.7538626e+00
  3.1974924e+00
  3.6749225e+00
 -5.6222898e-01
 -3.0967946e+00
  6.5940630e-01
  2.2160079e-01
  9.5142639e-01
  4.3956409e+00
 -3.3362851e+00
  1.6201499e-01
  7.2523236e-01
 -5.9694970e-01
  3.8297565e+00
 -3.2114155e+00
 -2.9203928e+00
 -6.6212554e+00
  3.0751723e-01
 -6.3789386e-01
 -6.5555342e-02
 -3.6270234e-01
 -1.3816595e+00
 -2.2686696e+00
  2.4910583e+00
  2.7292037e+00
 -1.8835663e+00
 -3.5112343e+00
 -2.3729946e-01
 -9.3001431e-01
  2.5400789e+00
 -1.9555037e-01
 -8.0768186e-01
  3.1454020e+00
  5.4788910e-02
 -2.9480648e+00
  1.8438224e+00
  1.1391535e+00
 -1.1733276e+00
 -3.3991768e+00
 -1.6275901e-01
  1.9652379e+00
  5.7527453e-01
 -2.4039946e+00
 -3.1015654e+00
  5.0076437e-01
  1.3421551e+00
 -3.4038838e-02
 -6.1845940e-01
  1.0366538e+00
 -2.0302677e+00
 -1.7968674e+00
  3.4154861e+00
  2.0688353e+00
 -7.5670469e-01
 -2.8786325e-01
  9.2848241e-01
  3.3257040e-01
  4.1679964e+00
 -1.4002864e+00
  1.0090213e+00
 -1.1555923e+00
  3.3640101e+00
  1.1398519e+00
  1.0087142e+00
  1.1629390e+00
  1.0107813e+00
  3.8007305e+00
  1.3553567e-01
  4.7161522e+00
 -2.5548160e+00
 -2.9148493e+00
  8.7850428e-01
 -1.8941295e+00
 -2.0501850e+00
  3.4472370e-01
  1.7706828e+00
 -3.7482674e+00
 -3.7331159e+00
 -1.2963761e+00
 -2.7151947e+00
  2.7767022e+00
 -1.3494314e+00
  1.3668348e+00
 -1.9206476e+00
 -1.5565611e+00
  2.0242713e-01
 -3.1847045e+00
  2.7916918e+00
 -3.0769365e+00
  5.2340454e-01
 -5.1007164e-01
  1.6599282e+00
 -5.8543549e+00
 -2.7205497e-01
  3.1784767e-01
 -2.3993821e+00
  1.0863705e+00
  1.2800463e+00
  3.0658069e+00
  6.6701367e-02
 -3.0780237e+00
 -2.0423830e+00
 -1.8250419e-01
  5.4394156e-01
  1.2723233e+00
 -1.0316247e+00
 -8.0460054e-01
  1.4676726e+00
 -7.2177041e-01
  3.1656554e-01
 -1.5950835e+00
 -1.5851569e+00
 -7.0644007e+00
  1.7020221e-01
  1.9784478e-02
  4.4874349e-01
 -1.3488835e+00
  2.2498019e+00
  3.3289914e+00
 -3.6401546e-01
 -7.5055546e-01
 -7.0660621e-02
  4.5943294e+00
  1.8626913e+00
 -1.6259335e+00
  5.0976354e-01
  4.3558197e+00
 -3.2181466e+00
 -3.1378329e+00
 -2.3045504e+00
 -1.5306642e+00
 -3.3957469e-01
  8.1450731e-01
 -6.8163902e-01
  7.1211398e-01
  5.4730635e+00
  2.1045151e-01
  2.3565664e+00
  3.7568359e+00
  3.1500964e+00
 -5.3202343e+00
  1.9567151e+00
 -3.8178459e-01
 -9.5001197e-01
  1.0467150e+00
 -2.4998765e+00
  2.3364844e+00
 -4.7870946e-01
 -1.8749516e+00
 -7.2330281e-02
 -1.5577526e+00
  1.1623583e+00
  1.2894559e+00
  5.0740004e+00
  2.3021581e+00
  4.1582580e+00
  4.4039515e-01
  1.3362681e+00
  8.0734903e-01
  1.5077075e+00
 -1.9298433e+00
 -1.7598706e+00
 -7.4873132e-01
 -1.1386876e+00
  4.0574188e+00
  2.9552212e+00
  8.2959509e-01
 -5.9667889e-02
  5.7026720e+00
 -1.5762718e-01
 -7.8571001e-03
  2.2016845e+00
 -9.6327200e+00
  2.0223787e+00
  2.1741095e+00
 -3.5479715e+00
  2.0412607e+00
 -1.2440851e+00
  2.0489542e-02
 -1.7044026e+00
  1.0867518e+01
 -1.0872445e+00
  6.3006991e-01
 -1.4889657e+00
  1.2867613e+00
  5.0059781e+00
 -1.8316205e+00
 -1.9454370e+00
 -4.2413049e+00
  1.2445520e+00
 -2.8366728e+00
 -1.4582947e-01
  1.4025073e+00
 -9.6791387e-02
 -1.4851088e-02
  3.2336774e-01
  3.7017729e+00
 -9.9513572e-01
 -5.6066734e-01
 -1.3273662e-01
 -1.2044290e+00
  2.9393106e+00
 -3.2603645e-01
  1.8557539e+00
 -2.2655358e+00
  2.2673705e+00
  5.3664112e-01
  5.4613316e-01
  3.9825928e-01
 -1.2647759e+00
 -1.5186692e+00
 -5.6574650e-02
  3.7530717e-01
 -3.9270241e+00
  2.0465965e+00
 -1.1694854e+00
  2.5086243e+00
  9.1961640e-01
  9.5874250e-01
 -7.5931940e+00
 -1.2080044e-01
 -5.1361465e-01
 -2.0496351e-01
  2.8742633e+00
 -6.2154055e-01
  2.4505310e+00
  1.0102371e+00
  5.1001352e-01
 -1.1976459e+00
 -6.6873336e-01
 -7.1117562e-01
 -7.1662397e+00
  1.4436580e+00
  1.5631456e+00
 -3.6853566e+00
 -2.8633818e-01
  3.3386915e+00
 -3.9813309e+00
  1.4511073e+00
  4.3350086e-01
  1.3853635e+00
 -7.9634941e-01
 -2.3921912e+00
 -5.6126895e+00
 -9.8905712e-01
  1.9100505e+00
  2.1680682e+00
 -6.0418568e+00
  3.1261098e+00
 -7.4084353e-01
  6.9533151e-01
 -3.6640246e+00
  5.2227726e+00
 -1.6647288e+00
  2.0428934e+00
 -7.4063182e-01
  1.9557634e-02
  3.0664572e-01
  5.6888217e-01
 -3.5726091e-01
 -2.5129001e+00
  6.8973356e-01
  4.4228429e-01
 -1.6629055e+00
 -1.2450967e+00
  9.5919907e-01
  5.2854878e-01
  1.6109616e-01
 -1.0317702e+00
  2.6298041e+00
 -1.6185597e+00
  2.7262387e+00
  5.1009792e-01
  2.4297061e+00
 -2.5613744e+00
  1.4350971e+00
 -7.9472053e-01
 -8.3359283e-01
  1.6509472e-01
  3.5971251e-01
  6.8484944e-01
 -1.8546465e-01
  3.1946056e+00
  1.5399072e+00
  1.3848548e+00
  5.0838411e-01
 -1.5544901e+00
  7.7776277e-01
 -4.6028790e+00
 -1.8905894e+00
 -8.1347532e+00
 -3.7608600e+00
  4.2655101e-01
 -8.8494277e-01
  7.0614874e-01
 -4.1299837e-04
  1.7072384e+00
  1.2816075e+00
 -3.4348841e+00
  2.7652307e+00
  1.3716929e-01
 -1.8564745e+00
 -5.5708623e-01
 -2.4398522e+00
  1.5905122e+00
 -1.8292923e+00
 -5.2091271e-01
 -1.7531036e+00
  6.7474848e-01
 -3.5271925e-01
  2.3644786e+00
  1.0678411e-01
  1.5513368e-01
  2.5745675e-01
 -2.3114920e+00
  6.3635176e-01
  1.5760621e+00
 -1.5628759e+00
 -5.4441053e-01
  2.5615200e-01
 -1.5969256e-01
  1.6527392e+00
 -2.5074847e+00
  3.7332135e-01
 -2.2203331e+00
  2.2469689e-01
  1.6451405e-01
 -2.3462410e-01
  1.6924016e-02
 -5.5729605e-02
 -1.8305397e-01
 -2.8326058e+00
 -3.4669356e+00
 -1.8836358e+00
 -3.0573514e+00
 -3.3499259e-01
 -1.4516915e+00
  5.0796872e-01
  1.7052653e+00
 -2.9048910e+00
  4.0820891e-01
 -2.2752314e+00
  8.6290932e-01
  1.8007270e+00
  7.5445294e+00
  1.6810337e+00
  3.3663137e+00
 -1.5722911e+00
 -2.9978549e+00
  2.4563737e+00
  8.6054212e-01
 -3.1076210e+00
 -5.8518881e-01
 -1.7091030e+00
 -3.4900906e+00
  3.4866112e-01
  1.2787093e-01
  1.4133716e+00
 -1.6697759e-02
 -2.2134252e+00
  2.8344193e+00
 -9.6553344e-01
 -1.0348864e+00
 -1.0643193e+00
 -4.6051127e-01
  6.5902555e-01
  3.4557371e+00
 -1.9533439e+00
  1.1716285e-01
  2.0983133e-01
  5.0002110e-01
  2.1462195e+00
  1.0744978e+00
  1.7511228e+00
 -3.5972221e+00
  2.9201458e+00
  3.8853988e-01
 -1.6005963e+00
 -2.7738476e-01
 -2.3679910e-02
 -4.1639051e+00
  2.2542661e-02
 -7.1103156e-01
  9.9498546e-01
  3.1124821e+00
  2.4377348e-01
 -2.6071305e+00
  1.7451745e+00
  1.4607418e+00
  3.1808617e+00
 -2.0671262e-01
 -5.3771794e-01
 -2.0431213e+00
  6.6108495e-02
 -8.5601157e-01
  1.0339459e+00
  8.3616579e-01
  3.2378118e+00
 -4.5035167e+00
  8.5355461e-01
 -3.1365997e-01
  4.5066476e+00
  1.1190116e+00
  4.6849018e-01
 -3.8342674e+00
  1.0163954e+00
  1.2770978e+00
  2.1631420e-01
 -9.9296749e-01
 -4.7634015e+00
 -5.5441051e+00
 -3.6236158e-01
 -1.8458350e-01
  5.3340536e-01
 -6.3264689e+00
 -7.5543904e-01
  3.4988174e+00
 -2.0555907e-01
 -2.8893206e+00
 -8.7357104e-01
  1.8053713e+00
  1.8376772e+00
  1.8458965e+00
  1.3777450e+00
  7.0411801e-01
  2.0565708e+00
  1.1550252e-01
  5.0870557e+00
  5.0582871e+00
 -1.8546644e+00
 -1.6486701e-01
 -3.9437468e+00
 -4.1090012e+00
 -3.3052962e+00
  3.5590215e+00
 -2.2127209e+00
  1.6592544e+00
 -3.0533075e+00
  1.5019900e-01
  3.5084288e+00
  2.3213208e+00
  2.3961844e+00
 -3.2974696e+00
  1.8118496e+00
 -3.4645304e-01
 -1.7316480e-01
 -2.0185242e+00
  1.2115935e+00
 -5.5011404e-01
 -4.1370595e-01
  2.8702488e+00
  3.9879013e-02
  5.6060874e-01
 -2.9830141e-02
  2.0349842e-01
  5.0373626e-01
  1.9207562e+00
  1.0979379e-01
 -3.0502052e+00
  4.3798971e-01
  7.4706560e-01
  6.7280537e-01
 -3.1363742e+00
  3.9344019e-01
 -1.4531207e-01
 -1.5975007e-01
  4.2692295e-01
 -1.3698712e-01
 -4.3739939e-01
 -8.0078912e-01
 -8.1912053e-01
 -1.1593438e+00
  4.6414256e+00
  4.7120386e-01
  1.3894315e+00
  3.7474160e+00
 -1.2458755e-01
  3.5538197e-01
  1.0452821e+00
 -3.2324381e+00
  1.4675252e+00
 -3.4573728e-01
  4.2621870e+00
  1.5311061e+00
 -1.0531971e+00
 -1.9008306e+00
 -1.3117747e-01
  2.4805691e+00
  1.0723941e+00
 -1.4442821e+00
 -2.9642243e+00
 -7.7299672e-01
  1.1843257e-01
  2.5928017e-01
  2.5174162e+00
 -2.0309312e+00
 -3.6360058e-01
  1.9289615e+00
  1.0105635e+00
 -9.8764879e-01
 -2.0790129e+00
  1.2230338e-01
  1.2350626e+00
 -1.1381207e+00
 -1.7614675e+00
 -6.8497127e-01
  2.5936946e-01
 -1.0383675e+00
 -9.6996647e-01
 -7.6572794e-01
  1.0377945e+00
  3.9427445e+00
 -2.5780861e+00
 -4.3343714e-01
  2.7397892e+00
 -3.9519475e+00
  2.4098117e+00
 -7.1253568e-01
 -4.0680733e+00
 -3.8505151e+00
  2.7879057e+00
 -2.7333629e+00
  6.7555046e-01
 -9.3284732e-01
  1.3902956e+00
  6.8774712e-01
 -4.3990245e-01
 -5.2898085e-01
 -7.3217463e-01
 -4.4332770e-01
 -3.7310524e+00
  4.1937980e-01
 -1.0399104e+00
  3.9527795e+00
  7.1020335e-01
  2.7799723e-01
  3.9243507e-01
  4.8010666e-02
  1.7023365e+00
  1.9644513e+00
  4.5578280e-01
 -4.1124299e-01
 -1.8579696e+00
  2.6662576e+00
 -2.2069652e+00
 -1.7921446e-01
 -2.8871038e+00
  1.7119830e+00
 -3.3479812e+00
  1.9168546e+00
 -1.1870590e+00
  8.0586356e-01
 -1.3834366e+00
 -7.0146763e-01
  1.2345128e+00
 -7.9198062e-01
  8.0108565e-01
  5.6077462e-01
  3.7375459e-01
  8.4818460e-02
  5.0239015e-01
 -2.1419506e+00
  4.3425289e-01
  2.4524925e+00
  1.9828082e+00
  1.1171920e+00
 -2.7400653e+00
  2.3811276e+00
  1.2998667e-01
 -8.6071688e-01
 -6.7661099e-02
 -2.0311401e+00
  1.8024367e+00
  2.4077609e+00
  2.1941280e+00
 -1.2122877e+00
 -1.9686847e+00
 -8.0669826e-01
  5.7370877e-01
  5.7950097e-01
 -1.8110070e+00
 -1.1569614e+00
 -6.2558264e-01
  3.1639211e+00
 -2.7612507e+00
 -4.7762325e-01
 -5.6970072e-01
 -1.4338872e+00
  2.1410065e+00
 -1.8398384e+00
  3.1257303e+00
 -2.9062146e-01
  3.4352269e+00
 -2.4921104e-02
  6.2436950e-01
 -1.2469426e+00
  1.4587253e-01
 -4.5385140e-01
 -2.0129786e+00
  1.4028115e+00
  1.0094887e+00
 -7.0227355e-02
  3.0390611e+00
  2.5877839e-01
  1.7658161e+00
  2.7523861e+00
  2.3976161e+00
  8.7377900e-01
  5.0622594e-01
 -1.2797358e+00
  4.3448272e-01
  9.8908758e-01
  1.4096079e+00
 -8.5819638e-01
  2.0068383e-01
  1.8344740e+00
  1.2687949e+00
 -7.6786503e-02
 -1.1662685e+00
 -8.6952823e-01
 -4.3605730e-01
 -1.2905895e+00
 -5.4121809e+00
  1.3590293e+00
  1.3194494e+00
  1.2246486e+00
 -1.4321200e+00
  7.8687358e-01
  1.8819839e-01
  1.8518218e-01
 -1.5072596e+00
  8.2168651e-01
  3.7864891e-01
  1.6198691e+00
  2.2583330e+00
 -5.6779957e-01
 -1.6448256e-01
  1.1727740e+00
  2.1794400e+00
 -3.5088170e-01
 -1.5252273e-01
  1.2475436e+00
  8.8806051e-01
  2.1617973e+00
  1.1230584e+00
  1.4753197e+00
 -7.1694806e-02
  2.4823005e+00
  2.3012836e+00
 -5.3969622e-01
 -2.0377556e-02
  1.2691971e+00
 -4.3042812e-01
  6.7993039e-01
 -1.1404752e+00
 -2.6951904e+00
 -2.6352534e-01
  1.9095097e-01
 -7.8085756e-01
 -4.0598753e-01
 -1.3930056e+00
 -8.0772209e-01
 -9.3250424e-01
  5.5981767e-01
  2.7504754e-01
 -2.3669865e+00
 -2.6310945e+00
  1.5035263e+00
  2.9961216e+00
 -4.5950723e-01
  4.2082772e+00
  1.2019131e+00
  1.1069567e-02
 -1.6504154e+00
  3.0934703e+00
 -7.0796615e-01
 -1.5272604e+00
 -2.3495040e+00
  4.6395249e+00
 -2.5694976e+00
 -7.0477778e-01
  9.8155552e-01
 -2.5848091e+00
 -1.1180406e+00
 -6.3719106e-01
  2.0415876e+00
  4.5453629e-01
 -7.5904123e-02
 -1.7119449e+00
 -8.8673186e-01
 -1.4820967e+00
  3.2184553e-01
  1.4881613e+00
 -2.6072600e+00
 -1.3122914e+00
 -3.0682566e+00
  2.6367677e-02
  3.3178117e+00
  1.6052548e+00
  7.9834443e-01
 -1.7860958e-01
  1.6776285e+00
 -1.5056659e-01
  3.9202313e+00
 -6.8854070e-01
 -3.1643670e+00
 -1.1426624e-01
 -7.6183772e-01
  1.2816088e+00
 -3.8503334e-01
  3.2280573e-01
 -2.3290527e+00
 -1.0520455e+00
  4.5907870e-01
  1.1091695e+00
 -6.1800611e-01
 -1.1672859e+00
  1.1290849e+00
  1.4931765e+00
  1.9350303e+00
  4.6402320e-01
 -1.6450833e+00
 -9.1495287e-01
  1.6995819e+00
 -4.1796499e-01
 -1.3848143e+00
 -2.2353010e+00
  1.2862420e+00
  4.0539341e+00
 -8.7882304e-01
 -7.2350949e-01
  1.8338743e-03
  1.8338743e-03
  1.8338743e-03
  1.8338743e-03
  1.8338743e-03
  1.8338743e-03
  1.8338743e-03
  1.8338743e-03
  1.8338743e-03
  3.5708311e-03
  3.5708311e-03
  3.5708311e-03
  3.5708311e-03
  3.5708311e-03
  3.5708311e-03
  3.5708311e-03
  6.2058666e-03
  6.2058666e-03
  6.2058666e-03
  6.2058666e-03
  6.2058666e-03
  6.2058666e-03
  6.2058666e-03
  5.5716210e-03
  5.5716210e-03
  5.5716210e-03
  5.5716210e-03
  5.5716210e-03
  5.5716210e-03
  5.5716210e-03
  3.7785852e-03
  3.7785852e-03
  3.7785852e-03
  3.7785852e-03
  3.7785852e-03
  3.7785852e-03
  3.7785852e-03
  1.2551631e-03
  1.2551631e-03
  1.2551631e-03
  1.2551631e-03
  1.2551631e-03
  1.2551631e-03
  1.2551631e-03
  2.7323222e-05
  2.7323222e-05
  2.7323222e-05
  2.7323222e-05
  2.7323222e-05
  2.7323222e-05
  2.7323222e-05
