nep4_zbl 2 O Ga 
zbl 1 2
cutoff 6 4 418 127
n_max 8 6
basis_size 12 10
l_max 4 2 1
ANN 100 0
 -2.7441785e-02
  1.5599315e-02
 -1.0659033e-01
  8.8569775e-02
  7.2524808e-02
 -2.0902689e-01
  4.6506681e-02
 -6.6341475e-02
  8.6665027e-02
 -1.2661290e-01
 -8.3163820e-02
 -2.9170735e-02
  4.8051659e-02
  2.5048772e-01
  7.8212515e-02
  3.0340955e-01
 -1.2150023e-02
 -5.2156325e-02
 -4.9459744e-02
  6.1305787e-02
  2.3596640e-01
 -8.4996000e-02
 -2.9782528e-02
 -2.2871611e-01
  7.9414487e-02
  8.6617447e-02
 -9.3610905e-02
 -5.3971635e-05
 -1.6766284e-01
  7.5937882e-03
  7.9819877e-03
 -2.0990062e-01
  1.1065987e-01
 -9.6742414e-02
 -5.2120000e-02
 -4.4756380e-01
 -6.9956042e-02
 -8.6966783e-02
  6.2311642e-02
  1.1317211e-01
 -1.5600018e-02
 -1.9889973e-02
 -3.3796795e-02
  1.3305847e-02
 -4.6354473e-02
  1.5840124e-02
 -1.5917507e-01
  7.5752862e-02
  9.7614666e-04
  2.4271567e-01
 -5.0606050e-02
 -2.2508943e-01
 -1.5933189e-01
  2.5949506e-02
  8.7814182e-02
 -6.3532129e-02
  1.9216502e-02
 -3.0439833e-01
  8.7359652e-02
 -6.1937969e-02
  6.6133432e-02
  1.0174161e-01
  1.2151022e-01
  7.6641388e-02
 -2.0813830e-01
 -8.2390398e-02
 -7.1534865e-02
 -7.7385031e-02
 -3.7017569e-04
  1.1192286e-02
 -5.4571159e-02
  4.5200221e-02
  1.4152170e-02
 -4.6256661e-01
  2.0380098e-01
 -1.0999974e-01
  1.3489273e-02
  6.0853854e-02
 -2.7839994e-01
  6.4456291e-02
 -2.9130615e-02
 -7.8795619e-02
  1.6853161e-02
  4.3353006e-02
 -1.7308474e+00
  3.4626730e-02
 -1.7987369e-02
  5.1645814e-03
 -3.0265459e-01
  1.2966286e-04
 -7.4366797e-03
 -1.4114550e-01
 -1.9053277e-01
 -6.2356047e-02
 -5.3337073e-01
 -1.8598357e-01
 -1.8047330e+00
 -2.9070729e-01
 -8.4323008e-03
  1.1255484e-01
 -5.8639210e-02
 -1.4432077e-01
 -1.1404392e-01
  7.6451483e-03
  1.2618273e+00
 -8.9917801e-02
  4.6097003e-03
  2.2738552e-01
 -4.0049902e-01
 -4.0913008e-02
 -6.5556157e-01
  2.2528356e-01
 -1.9091339e+00
  1.7334688e-01
  1.8691535e-01
 -1.5206407e-01
 -7.8749582e-02
 -2.9798478e-02
 -1.5765262e-01
 -1.2858935e-01
  7.6971598e-02
  7.2924182e-02
 -9.7015932e-02
  2.0387810e-01
  1.1090340e-01
 -7.6713365e-01
 -4.5047667e-02
  3.8704269e-02
 -1.0084938e-02
  2.6998645e-01
  1.5893745e-01
 -5.5109415e-02
 -1.5164664e+00
  7.0312783e-02
  1.2952846e-01
  2.0863818e-02
 -5.8487296e-01
 -5.0658160e-01
 -1.1550470e-01
  4.8324957e-02
  7.5622126e-02
  1.1502207e-01
 -6.2665187e-02
  1.7210428e-02
 -2.3524497e+00
  1.1711663e+00
  1.6932252e-01
  1.5430671e-01
 -2.3105381e-01
  7.0527837e-02
  1.3100693e-01
 -1.1208552e-01
  1.0131656e-01
 -4.8271722e-01
 -4.3385425e+00
  1.1244147e+00
  1.2308491e+00
 -1.6346003e+00
 -4.8220072e+00
  1.9260905e+00
  1.9406972e+00
 -6.6807133e-01
  2.5664914e+00
  1.6460907e+00
  3.1868346e+00
 -2.5853927e+00
  1.1053509e+00
 -2.9041326e+00
 -3.3081234e+00
 -3.7143877e+00
 -1.4034469e+00
  7.1330482e-01
 -1.2545213e-01
  3.4380931e-01
 -4.4259388e-02
  1.1790657e+00
  6.2830508e-01
  6.3029373e-01
 -2.9798932e+00
 -7.1909428e-01
 -3.4430287e+00
  2.2643554e-01
 -3.2160451e+00
  5.0155342e-01
 -1.9932815e+00
  6.5454209e-01
 -8.0733871e+00
  1.7519167e-01
 -1.7980078e+00
 -1.5384375e-01
  2.3960806e-01
  1.6757601e-01
 -3.8925004e+00
 -2.8802067e-01
  8.6245984e-02
  1.5844567e+00
  8.5328174e-01
 -1.8346972e+00
  1.5834863e-01
  1.9703217e-01
  1.3503790e-01
  2.3969522e-02
  2.9058103e-02
  7.7860856e-01
  2.2584744e-02
  1.1160132e-02
  5.7208531e-02
 -3.6436304e-02
 -1.9404626e-01
 -5.8438104e-02
  3.9851986e-02
 -4.2353110e+00
 -3.8106378e-02
  1.9112991e-02
 -7.5991550e-03
 -2.2370894e-01
 -3.1539902e-01
  4.2006422e-02
 -5.0887454e-01
  6.8444297e-02
  5.5900324e-02
 -5.8400504e-02
 -5.9066113e-02
 -3.4539631e-01
  2.7721817e-02
  2.4696739e-02
  3.6526617e-01
  7.6184511e-02
 -5.1645566e-02
  6.2242273e-02
 -9.3101719e-03
  8.5488688e-03
  5.4920889e-02
  8.6797011e-01
  1.0395351e-01
  6.8931334e-02
 -5.6122965e-01
  2.2627208e-01
 -1.4872168e-01
  1.9865924e-01
 -1.3107158e-01
  7.0888653e-02
 -5.7752129e-02
  8.7523675e-03
 -7.1781670e-04
  2.9298261e-01
  1.7079860e-01
  3.6960349e+00
  9.7644217e-02
 -5.8160715e-02
  2.6081305e+00
  8.6198322e-02
 -1.4428425e-01
  5.9539601e-05
 -4.6121910e-02
  3.5666244e+00
  1.4321287e-01
  4.6818333e+00
  1.5487252e+00
 -2.0110300e+00
  1.0039682e+00
 -4.2060181e-01
  2.1740575e+00
  6.2512593e+00
  1.0487521e-01
  3.5776175e-03
  2.0358755e-01
 -5.7811432e-02
 -1.6597763e-01
  7.8262872e-01
  1.3007369e+00
 -1.3047185e+00
 -6.3626444e-01
 -1.2962632e+00
 -2.4732816e+00
 -5.0014167e+00
 -6.1492413e-01
  2.5156772e+00
  7.5172991e-02
  2.5598111e+00
 -1.8043140e+00
 -1.3949205e+00
  3.3227120e-02
 -7.5977641e-01
  3.7420729e-01
 -2.6718874e+00
  4.0429991e-01
  5.9405595e-01
  2.1027682e+00
  1.6384530e+00
  2.5593262e+00
 -1.6810046e+00
  8.9539550e-02
 -1.3186521e-02
  1.6413252e-01
 -3.8600525e-01
  3.0270672e+00
 -7.0996624e-01
 -3.6096886e-01
  1.5099184e-01
  6.6342391e-02
  4.5488581e-02
  2.3474317e-02
  1.0693629e-01
  6.7476369e-02
  2.2746939e-02
 -3.5682923e-01
 -3.1685582e-01
 -2.2473920e-03
 -1.5137622e-02
 -8.8814206e-02
  7.9989590e-02
  1.0750701e-01
  5.2585591e-02
  1.0482374e-02
  4.9989097e-02
  2.2834089e-02
  9.5150359e-02
  6.0288066e-01
  9.7050732e-03
 -6.7480403e-01
 -7.6362193e-01
 -2.5567696e+00
 -2.1373869e-01
 -6.0408926e-01
  4.3893659e-01
  3.3356707e+00
  7.5818491e-01
 -6.9112279e-02
  2.0850942e-02
  5.7975728e-02
 -1.7909711e-02
  1.0716462e+00
 -6.0321949e-03
  2.2341998e-01
  6.4856328e-02
  2.2191458e+00
  7.1549185e-02
 -1.5065297e-01
 -1.2751937e+00
  1.5340781e-01
 -9.5529091e-01
 -1.1004521e+00
 -3.3899555e-01
  1.6917805e-01
 -2.2681716e-01
 -6.9586903e-02
 -5.3499740e-02
  4.9767405e-02
  1.9257076e-01
  3.2851163e-02
 -4.3639936e-03
 -5.3524387e-01
 -1.3228259e-02
  9.5399350e-02
  3.4189317e-01
 -1.4910616e+00
  6.6589479e+00
  4.8383226e+00
 -5.5896168e+00
  3.2621975e+00
  2.2564385e+00
  1.4357294e+00
  1.2698051e+00
  7.8880709e-01
 -6.2272205e+00
  1.6997064e+00
 -4.2015638e+00
 -1.0583673e+01
 -9.8291483e+00
 -1.5633437e+01
  1.2612456e+00
  1.3161120e+00
  1.4157259e+00
  3.2121405e-01
 -2.6831558e+00
 -1.7936757e+00
 -6.2063575e+00
  1.3651131e+00
 -1.3712631e+00
 -8.3501518e-01
  2.2595155e+00
 -1.7636487e+00
  1.6799597e+00
 -2.2130582e+00
 -1.8608016e+00
 -2.9726064e+00
  3.2645550e-01
  4.9884060e-01
  1.8824550e+00
  6.2592250e-01
 -3.0178533e+00
 -2.2007694e+00
 -1.8785067e+00
  2.7522855e+00
  4.5968899e-01
 -1.3987417e+00
  1.1363616e+00
  1.4945319e+00
 -9.6817219e-01
  1.9395852e-02
  2.6376117e-02
  1.8951306e-01
  7.8347188e-01
  3.2620645e-01
 -3.0626290e-02
  1.6583095e-01
  2.4326565e+00
 -7.4272285e+00
  4.4626483e-01
 -6.0031037e+00
 -4.8503618e+00
  1.5563053e-01
  3.9724612e+00
  9.1066221e-03
  3.7436025e+00
  1.0733963e-01
  5.5039173e-01
  2.2465427e-01
 -1.0605874e-01
  1.1950581e-01
  5.4729402e-01
 -1.1702190e-02
  3.1252596e-01
  6.1896330e-01
 -1.5053850e+00
 -4.6175882e-01
  2.7339166e-01
  6.4465785e-01
  3.0649452e+00
  5.2320337e+00
 -3.1214044e+00
  1.8809946e-01
  2.9360549e+00
  1.7464857e+00
 -2.8641305e+00
  1.1817929e+00
 -3.9074857e+00
  1.2624723e+00
 -2.4220018e+00
 -2.8581188e+00
  1.8099339e+00
  2.1175117e+00
 -1.2086700e+00
 -1.9948416e+00
 -1.8036828e+00
  2.1910865e+00
  1.1765065e-01
  1.5662298e-01
  8.2502788e-04
 -2.3091158e-01
  7.6181746e-01
 -3.8769642e-01
 -1.3612099e-01
 -2.6777238e-02
  1.0266597e-01
 -4.7737654e-02
  7.1343914e-02
 -2.9578373e-01
  1.3621433e+00
 -1.2775366e+00
  2.2798243e+00
  8.1921625e-01
 -2.0843031e+00
 -1.0302857e+00
  2.4579146e+00
  6.5142245e+00
  2.2888543e-01
 -3.9549732e-01
 -1.4905554e-01
 -1.3831549e+00
 -1.2697476e+00
 -1.3721065e-01
  1.4231923e-01
 -2.9772906e+00
 -5.4654062e-01
  9.5449817e-01
  2.3804448e+00
  1.6009988e+00
 -6.8268925e-01
 -4.3003932e-01
 -2.3835628e+00
  1.2642625e-01
 -1.4895836e-01
  7.2689354e-01
 -1.0229838e+00
  2.3093300e+00
  1.5010950e-01
  1.8087072e+00
  1.6331419e+00
  1.2923693e-02
  4.0938983e+00
 -1.9995339e+00
  1.3784425e-01
  1.5456352e+00
  1.8839013e-02
 -2.5162789e-01
 -8.1178933e-02
  1.3727790e-01
 -1.1976867e+00
 -1.9011045e-02
 -9.1000998e-01
 -3.0671865e-01
  7.4839741e-03
 -8.8256240e-02
  2.7575290e-02
  4.7677395e-01
  2.7777944e-02
 -2.0776791e-02
 -5.9629601e-01
  9.8893940e-01
  3.7573066e-02
  6.3566379e-02
 -8.2033806e-02
  8.9050466e-01
  2.8883156e-01
  5.0440669e-01
 -3.6157694e-01
  5.2887321e-01
 -1.1011705e+00
 -3.6262825e-02
 -2.0819743e+00
  2.5881965e+00
 -7.2529003e-02
 -2.8055522e-01
  1.3365878e-01
 -1.7399195e+00
  4.6432290e+00
  9.8298323e-01
  7.0874661e-01
  1.8528093e-01
 -1.2387090e+00
 -3.0197230e-01
 -1.2459038e+00
  6.1885935e-01
  1.7870902e+00
  1.3645087e+00
  1.4317203e+00
 -1.7408965e+00
  9.1817819e-02
 -6.5263593e-01
 -2.0743164e-01
 -1.1983227e+00
  6.7153174e-01
  1.2047224e-01
 -6.6793865e-01
  1.8016751e+00
  6.7481303e-01
  1.3382891e-02
 -2.7540484e-01
  1.1327262e-01
  2.6785389e-02
  3.0911098e+00
 -3.1693342e-01
  4.6831004e-02
  1.4560535e+00
  3.0741155e+00
  2.6344426e-02
  1.2721373e-01
 -2.0629548e-02
 -3.4548172e-01
  2.5408107e-01
  1.1149799e-02
 -8.8246129e-02
 -1.2214832e-01
 -4.7088781e-01
  2.2069771e-02
  7.3719166e-02
  2.0076804e-02
 -6.5032162e-02
  4.4620555e-02
 -8.9349877e-03
  2.5692847e+00
 -4.5199696e-02
 -4.3896418e-02
 -7.5519359e-01
 -1.0646602e-01
 -1.0905980e-01
  2.2462606e-01
 -1.9855328e-02
 -6.0720854e-03
  2.1414804e+00
  7.4067656e-03
 -7.1784385e-02
  1.6909457e+00
  2.2170746e-01
 -5.9200920e-02
  3.1798477e-03
  7.0451900e-02
  5.4325539e-01
  4.3586090e-01
  4.9091276e-02
 -1.4437693e+00
 -7.4520595e-03
 -4.3858279e-02
  1.4030969e-01
  1.9876909e-02
  3.3916097e-02
 -1.3094482e-01
 -2.0909195e+00
 -8.6487018e-02
 -1.0184571e+00
  7.3889248e-02
  8.7041937e-02
 -9.6976444e-02
 -9.0304799e-02
 -1.5448730e-01
 -7.9606019e-02
  4.4321129e-01
  1.7255251e-01
  4.5801768e-01
  4.9484424e-02
 -2.4770529e+00
  1.8879838e+00
 -3.1506736e+00
 -5.0757714e-02
 -4.0085959e+00
  2.7485850e-01
 -3.3523273e-01
 -3.2300976e-01
 -6.4030856e-02
  3.3599293e-01
 -1.0712873e-01
 -3.4543894e-02
 -7.5964309e-02
  1.3347024e-02
  1.3308677e-01
 -7.1617514e-01
  2.2829978e-02
  8.7864719e-02
  1.3098316e-01
  9.0281409e-01
  2.4663359e-02
  3.1199658e-01
 -1.1096977e-01
 -4.6152344e-01
 -4.3347865e-01
 -7.1737401e-02
  9.8046362e-02
 -6.0627538e-01
  1.3076952e+00
 -7.8137445e-01
 -1.2200531e-01
  7.3802225e-02
 -1.2209320e+00
 -2.8337172e-01
 -9.4514854e-02
 -4.3193078e-01
  2.1111790e-02
  8.8925689e-02
 -2.1772630e+00
  3.9289049e-03
  1.3115925e-02
 -7.6958939e-02
  6.4167425e-02
  1.3814115e-02
  1.9271445e-02
 -1.2783660e-01
  2.9208796e-02
  6.4024262e-02
 -2.0931908e-03
  1.4547992e-02
 -4.0031247e-02
 -5.1785585e-02
 -1.7705016e-01
  3.6648595e-01
  1.8632821e+00
 -2.4129270e-01
  1.9515985e-01
 -1.5464314e+00
 -2.0297882e-01
  4.1559026e-01
 -3.2044552e-02
  3.8828680e-01
 -2.3256402e-02
 -1.0956025e-02
  1.5472405e-01
 -2.1007840e-01
 -1.7068593e-01
  7.1753629e-02
 -2.4174637e-01
 -1.4474551e-01
 -1.3243384e-02
  2.0185242e+00
  1.7732605e+00
 -1.1802771e+00
 -4.7182977e-02
 -2.3809975e-02
 -3.6318645e-02
 -3.3529449e-01
  5.8950138e+00
  1.4338485e+00
 -2.2438071e-03
 -1.1945215e+00
 -1.2699236e+00
 -8.5466374e-03
 -5.4528110e-02
 -3.8481200e-01
 -4.1572589e-01
  1.3096813e+00
  2.9688960e-02
  1.5071574e-02
 -1.4636874e+00
 -1.1758494e-01
  4.3557368e-02
 -2.0768888e-02
  6.1356286e-03
  7.3728710e-02
  3.4378402e+00
 -6.2998518e-02
  2.0712574e+00
  6.3397765e-02
  1.4266302e-01
  1.3039490e-02
 -7.9818802e+00
 -3.9779040e-01
 -8.2468754e-01
 -1.7525210e+00
 -5.6826496e+00
  2.8249381e+00
 -3.9343779e+00
  1.2912350e+00
 -1.8219748e+00
 -1.2123728e+00
 -2.4381341e-01
  3.1139410e+00
 -1.7745021e-01
 -8.9844599e-02
  2.3452580e+00
  5.4940772e+00
 -4.4035053e+00
  1.2311504e-01
 -9.2001960e-02
  8.3287828e-02
 -1.3824455e-01
 -2.4264449e-02
  4.4395622e-02
 -6.0582514e+00
  1.2370750e-01
  3.6465762e+00
  1.8228687e+00
  2.7570075e-01
  2.3161085e+00
  1.5233195e+00
 -2.0277882e+00
 -1.0151076e+00
  1.7854445e+00
  2.2572672e+00
  3.7315097e-01
  5.3280687e+00
  1.4334152e+00
 -1.0829719e-01
 -1.3340214e-01
 -1.4569808e+00
  7.7966914e-02
 -2.7882220e-02
 -2.7315387e-01
 -1.3914759e-02
 -1.5101562e-01
 -4.0723975e-03
  1.7399028e-01
  7.2362334e-01
  2.8170416e-01
  1.1590760e-01
  1.4980742e+00
 -3.4174139e+00
 -4.1372281e-01
  3.6780388e+00
 -4.2065367e-01
 -2.1015923e+00
  1.7240691e+00
 -9.9258554e-01
  4.9763310e-01
  1.1770251e+00
 -6.3530810e-02
  8.6642683e-01
  3.0780621e+00
  3.4778155e-02
 -1.4137702e-01
  2.5851851e+00
  2.0774975e+00
  1.7391994e+00
  1.6580930e+00
  1.0265158e-01
  9.3709290e-02
  1.0228667e+00
  6.2709123e-01
 -5.7255316e-01
 -1.0205734e-01
  1.2920907e-01
  5.6796562e-02
 -7.4337059e-01
  2.9240379e+00
 -1.2073902e-01
  6.5582390e+00
  1.4929457e+00
 -2.1014597e+00
  4.7555995e+00
 -1.3007399e-01
  2.6081953e+00
 -1.5348513e+00
  1.2834529e+00
 -6.1530605e-02
  5.7273585e-02
  4.8915546e-02
 -8.1804976e-02
 -8.8595712e-01
  1.6102636e-01
 -8.9720213e-01
  5.0132866e-03
  2.8593285e-02
  2.8891798e-02
 -2.4846444e-02
 -1.0033447e+00
  3.9821498e-02
  2.3138203e-01
  9.5420748e-01
  1.7813271e-02
  6.4688629e-01
 -1.6736774e+00
  2.6634988e-01
 -4.2760469e-02
 -1.3908771e-02
  4.9244532e-01
  1.2160321e-01
 -4.8814400e-05
 -1.0688478e-02
 -6.5034635e-02
  2.8772941e-02
 -3.6041625e-02
  8.6384350e-01
 -1.6599558e-02
 -5.0372072e-02
  6.4200431e-02
 -5.8397502e-03
  6.7684126e-01
  6.1228421e-02
  2.0326167e-02
 -9.0742353e-03
  1.1188354e-01
  9.7272620e-02
 -8.3544053e-02
 -3.6560491e-02
 -3.5403587e-02
  1.0099708e-01
  9.7789161e-02
 -1.4570501e-01
 -1.4663705e-02
 -1.4116132e-01
  5.3746741e-02
  5.0212801e-02
  4.9009091e-01
 -1.4126205e-01
  1.6409038e-02
  1.9681019e+00
  1.7854890e-01
 -1.0054178e-01
 -5.1903665e-02
 -3.5862323e-02
  1.4141045e-03
 -6.9812679e-01
  9.7149201e-02
  1.6612723e-02
 -5.9431354e-03
  3.1591956e-02
 -1.8863373e-01
 -1.8754371e-02
 -3.8520081e+00
  2.2394639e-02
 -1.3566910e-01
  3.2421011e-02
 -4.6548177e-02
  4.4281542e-02
  3.6096729e-02
 -7.0523098e-02
 -1.2512159e-01
  1.7504568e-01
 -8.8465430e-02
 -6.4044788e-02
  5.2500605e-03
 -3.9581459e-02
  1.2976147e-01
 -1.4615924e-03
 -8.1196725e-02
 -1.9945839e-01
 -2.6826756e-03
 -2.2759132e-02
  4.0832467e-04
  5.3056467e-02
 -5.6356569e-03
 -1.6353469e-01
  2.2745982e-02
 -3.4195002e-02
  1.9599585e-01
 -3.2695547e-02
 -1.0770253e-02
 -4.3730695e-02
  2.2683245e-01
  6.8447068e-02
  2.3189958e-03
  1.1529686e-02
  5.4473467e-03
  7.9702005e-02
  2.6181740e-01
 -1.1878665e-01
 -1.4338891e-01
  2.0923276e-02
 -1.1443877e-01
  5.5679675e-02
  3.2384582e-02
  6.4280085e-02
 -1.9686002e-02
  7.0553504e-02
  1.4854069e+00
  3.8944334e-02
 -1.2799634e-01
 -2.2048561e-01
  1.3815258e-02
 -2.8854001e+00
 -2.0600574e+00
 -7.2775936e-01
  3.1542215e-01
 -1.9700235e+00
 -1.4213060e+00
 -2.0236173e+00
 -2.2858114e+00
 -7.4420662e+00
  3.6011071e+00
 -1.3020314e-02
  1.6069797e+00
  3.3175629e-02
 -9.2447147e-02
  1.0205961e+00
 -3.0690470e+00
  8.7524623e-01
  1.0136949e+00
 -1.2612587e-01
  2.4699457e+00
 -1.7616467e+00
  1.0084985e+00
 -6.6926801e-01
  2.1466758e+00
 -1.4813020e+00
  1.6012107e+00
 -3.5059752e+00
 -7.0381337e-01
 -4.5098442e-01
  3.6683699e-01
  1.9364154e+00
 -2.3473766e+00
 -5.0982243e-01
  1.0853668e+00
  9.7807282e-01
  6.5695196e-02
  4.6091285e-01
 -5.5382340e-03
 -1.1096036e-01
 -2.0023281e-02
  1.0953255e-01
  1.2841271e-01
 -3.3362085e-01
 -1.1661341e+00
  9.0917632e-02
 -8.1147566e-02
  2.4327669e-01
  1.1617702e-03
  4.0642399e-02
 -2.6595434e-02
 -5.7600014e-02
 -1.1653452e+00
 -1.2786333e-01
 -6.7247830e-02
 -1.9716294e-02
  2.3091321e+00
 -6.8169668e-02
 -1.2944326e-01
  8.5995883e-02
  4.0403745e-01
 -2.6628574e-02
  1.1016230e-01
  2.6465178e-02
  1.0612402e-02
 -9.3881927e-02
 -1.0294027e+00
 -1.3681144e-01
 -2.0008217e-01
 -4.1726115e-03
  2.0301269e-02
  8.0646746e-02
  2.6897386e-01
 -1.3741447e-01
 -1.9461103e-03
 -4.6097413e-03
 -5.1889434e-03
  2.5492247e-02
  5.3812251e-03
 -1.3214032e-01
 -5.1428157e-01
  2.1085658e+00
 -1.5025976e-01
  1.2045930e-02
 -7.9397991e-02
 -1.1621966e-01
 -4.3345973e-02
  1.2400988e+00
 -8.6670262e-01
  1.7332095e-01
  5.3144287e-02
  2.1084882e-01
  3.8981784e-02
 -1.0478214e-01
  8.9844413e-02
 -1.4776497e-01
 -7.0861220e-02
  1.2469820e-01
 -2.5762653e+00
 -2.6087081e-01
 -1.2704746e-01
 -6.1099881e-01
 -1.2617564e+00
  2.3385844e+00
 -5.0464406e+00
  6.5712905e+00
 -6.0926086e-01
 -4.6265283e-01
  2.4192352e+00
 -3.0724019e-01
  3.5824935e+00
  1.5417931e+00
  2.5364671e+00
  2.0812354e+00
  3.3375108e+00
  3.8260632e+00
  3.5721149e+00
  2.4460933e+00
  5.9982357e+00
  2.2292125e+00
 -1.9032562e-01
  2.7767125e-01
  1.0168357e+00
 -1.1612637e-02
  5.5717821e+00
  3.6919053e+00
 -1.6050796e-01
 -2.3206006e-01
 -1.6094764e+00
  4.8443995e+00
  2.3673711e+00
  2.4024343e+00
  3.4945586e+00
  3.1264585e-01
  6.3316710e-02
 -3.8801601e+00
  3.8995628e+00
 -1.4701295e+00
  2.8884530e+00
  1.1222239e+00
  1.3424575e-01
  2.7465129e+00
  7.7511203e-01
 -2.1054488e-02
 -1.4218895e-01
 -9.4871297e-02
  2.6641857e-02
  7.6599471e-02
 -8.4675968e-02
  9.7420730e-02
 -7.6235118e-03
 -2.1709111e-02
  1.5404728e-02
 -1.8075647e+00
  8.9345980e+00
  5.2783167e-01
 -6.9784393e+00
  2.8355403e+00
  3.5053599e+00
 -5.5114508e+00
  3.5700068e+00
 -1.5641699e+00
 -1.0281596e+00
  1.5538708e+00
 -1.4225160e+00
 -6.1323462e+00
 -5.3852873e+00
 -4.8040433e+00
  1.5036809e+00
  3.6823275e+00
  5.3099352e-01
 -2.7238760e+00
  6.6293535e+00
  3.2429321e+00
 -3.6584914e+00
  4.5732176e-01
  5.4524237e-01
 -2.8762755e-01
 -2.8938789e+00
  1.9626031e+00
  4.9049168e+00
 -2.0401402e+00
 -3.4433291e+00
  3.0627897e+00
 -9.4009070e-03
  2.4299252e+00
  4.0552548e-01
  1.8426569e+00
 -2.4738318e-01
 -1.4399346e+00
 -8.8149041e-02
 -2.8648732e+00
  2.6362336e+00
 -1.2544644e+00
  9.8357505e-01
  5.1090282e-01
 -4.2521110e+00
 -3.0517423e-01
  3.0376685e-01
  1.0517102e-01
  1.4681184e-02
 -5.9352603e-02
  6.3124612e-02
 -5.6959275e-02
 -2.1635957e-01
 -1.3491223e+00
 -2.3140438e+00
 -2.2333386e+00
 -1.1352425e+00
  3.2659130e+00
 -2.9665918e+00
 -1.5623406e+00
  5.0038667e+00
 -6.0532298e+00
 -1.6274102e+00
 -5.6157293e+00
 -2.3942671e+00
 -1.8129082e+00
  2.8387063e+00
 -2.7842191e-01
 -2.1524961e-01
 -8.8420761e-01
 -1.8871762e-01
  4.1447349e+00
 -3.3693969e-01
  8.5316978e-02
  2.6097510e+00
  1.4466637e+00
 -1.7849890e+00
  5.3264841e-02
 -3.4497878e-01
  1.8083568e+00
  1.3283591e-01
  2.3821301e+00
  5.5301303e-01
 -7.0790607e-01
  6.9088870e-01
  9.7871518e-01
 -3.6493042e+00
  3.5781677e+00
 -2.2437845e-01
 -2.7635617e+00
 -2.7551923e+00
 -6.7338243e-02
  5.5963905e-03
  2.3098454e+00
 -8.9369729e-02
  4.3385735e+00
 -2.7731919e+00
  7.9089291e-02
  1.5167524e+00
 -5.2152407e-01
 -6.8517089e-01
  4.1900167e+00
 -6.8845934e-01
  3.0402228e-02
 -4.2994962e+00
 -1.4463768e+00
 -3.2187688e+00
 -1.5508273e+00
  2.8584547e+00
  1.4824243e+00
  4.0503278e+00
 -2.9006298e+00
  2.8745589e+00
  5.0736518e+00
 -3.4608269e-01
 -4.8555455e+00
  1.2256448e+00
  1.1954579e-01
  1.3732234e+00
 -3.3085561e+00
  1.0593699e+00
 -4.0574288e+00
 -7.6937878e-01
  1.7013361e+00
 -1.1130304e+00
  4.2191296e+00
  4.3685455e+00
  2.0498239e-01
  3.3627954e+00
 -1.3570230e-01
  3.2261891e+00
  1.9274607e+00
  4.9338537e-01
 -1.7829446e+00
  1.4198962e+00
  6.9448769e-01
  8.8377267e-01
  9.6951818e+00
 -8.6802997e-02
 -1.3002717e-01
  3.9275429e+00
 -1.8689657e-02
 -1.5613357e+00
 -3.9916956e-01
  2.9902073e-02
 -5.7881352e-02
 -7.7720028e-03
  6.6238284e-01
  2.2544211e-01
  2.1040874e+00
 -1.2397358e-01
  1.8944055e-01
 -3.2592572e-02
 -1.9354980e-01
 -1.7329149e+00
 -4.0111172e-01
 -4.9920410e-02
  2.2178097e-01
 -4.7546696e-02
 -1.3205649e-01
 -7.0107520e-02
  5.5001326e-02
 -3.0209693e-01
 -1.3824143e-02
 -1.5162335e-01
 -3.6437314e-02
  1.5151098e-01
 -1.9944932e-02
  9.0470262e-02
 -1.3824081e-01
  2.1900481e-02
 -7.6801908e-01
 -1.0799676e+00
 -2.0549440e-01
  4.7393948e-01
 -1.4358993e-01
 -1.3537860e-02
 -4.3671232e-02
 -6.1187848e-02
  3.1198913e-01
  9.3147010e-02
 -1.7152555e-01
 -7.1483560e-02
  9.1226310e-02
 -1.5362003e-01
 -6.4231999e-02
  4.1672803e-02
 -1.3728782e+00
 -5.1205195e-02
  2.1453595e-01
  9.8479383e-02
 -3.1156862e-02
 -2.7082970e+00
 -1.1375384e-02
 -8.7190330e-02
 -7.2135955e-02
  1.5803958e-01
 -1.3412087e-01
 -2.9991126e-02
 -4.0799373e-01
 -6.1476219e-02
  3.6000904e-02
  4.3952800e-02
 -1.9922459e-02
 -3.4711100e-02
  8.4156357e-02
  6.8675262e-01
  2.9449018e-03
  6.3721210e-02
 -2.2790319e-01
 -5.5182271e-02
  3.7323359e-02
  1.2553300e-01
  2.3702350e-03
 -1.9270316e-01
  5.2894931e-03
  9.8928466e-02
  8.8075131e-02
 -3.3532560e-02
  5.0862402e-02
  2.9318857e+00
  3.8801953e-01
 -1.8619075e-01
  7.7887729e-02
  3.8029861e-01
  2.8307325e-01
  9.4198269e-01
 -9.8654747e-02
  3.7684299e-02
 -2.6750803e-01
  2.1852040e-01
  5.2422941e-01
  1.9645542e-01
 -1.4778957e-01
 -3.6274366e-02
 -3.0190630e+00
  2.5632367e-02
  8.4225945e-02
  3.1678411e-01
 -4.6161509e-01
  1.6489283e+00
  1.0877171e+00
 -1.2194891e-01
 -7.3304549e-02
 -1.1849502e-01
  1.5030744e-02
  1.6384305e-01
 -2.7170572e-02
  8.4167439e-01
  8.3735771e-03
 -1.0833077e-01
  1.2173929e-01
 -4.5605958e-02
  6.4130992e-01
  2.0394330e-01
  1.0087737e-02
  9.7185478e-02
 -3.9905632e+00
 -1.7535648e-01
 -1.2505379e-01
  1.2017655e-01
 -4.5077920e+00
 -7.3143631e-01
 -2.4831826e-02
 -8.9143950e-01
 -6.9905633e-01
  2.1212242e+00
 -1.7287941e-01
  2.8357676e-01
  1.6838481e+00
  3.0575573e-01
  3.7957110e+00
 -5.4660672e-01
  1.5751632e-01
  8.3846658e-02
 -1.6378045e+00
 -4.5106773e+00
  8.1758402e-02
  2.4887441e-02
  2.3303890e+00
 -3.0805826e-01
 -6.2792923e-04
  1.6438246e-01
  4.8568273e-01
  6.9197029e-02
 -2.4706095e-01
  3.2738359e+00
  2.7339668e+00
  5.2400476e-01
  6.7445233e-02
  1.9402753e+00
  1.3788472e+00
  2.0652816e+00
  2.8562422e+00
 -8.8680156e-02
 -2.7235754e-02
 -3.6791832e+00
 -1.4678648e-01
 -4.1955605e-02
  3.8378152e-01
 -8.9106929e-01
  1.8611038e-01
  4.2175077e-02
 -2.9337632e-02
  2.2588348e+00
 -2.4008986e-01
 -2.2165442e-01
 -2.2951121e+00
 -1.6905092e+00
  1.9861855e-02
 -3.3230572e+00
  1.1261134e+00
  6.5351439e-01
 -1.6223265e+00
  3.2266991e+00
  9.2702264e-01
  1.0354925e+00
  9.9160844e-01
  1.7269377e-02
  1.1724607e+00
  2.2467549e+00
 -4.3022817e-01
 -5.1028192e-02
  1.7086555e+00
 -5.2737030e-03
  2.0716174e-01
 -8.2198781e-01
  7.0669830e-01
 -7.2479326e-01
 -2.4025865e+00
  2.5216120e-01
  8.2747117e-02
 -1.3568592e+00
  4.7016788e+00
  1.5496805e+00
  2.9692873e-01
 -2.9830888e-01
 -2.3265557e+00
 -4.0606121e-03
  3.2818375e+00
  2.0149028e+00
  2.6361029e+00
 -1.6656929e+00
  1.8929255e+00
  4.7235936e-03
  1.7611869e-01
 -1.9551629e-01
 -8.0816567e-01
  1.5231514e+00
 -9.3555422e-03
  2.4680665e-02
 -3.1586117e-01
  1.4721002e-01
  1.7457534e-02
 -6.0092854e-01
  4.1590881e-02
 -2.5298707e+00
 -8.2638580e-01
 -2.6204753e+00
 -5.4663366e-01
 -4.4705544e-02
 -6.8476218e-01
  4.5945454e-02
 -7.6956851e-03
  5.6705464e-02
 -1.1990982e-01
 -1.3872473e-01
 -2.1874660e-01
 -1.3899724e-01
 -6.5978654e-03
 -1.0921597e-02
  5.5615947e-02
 -9.6375078e-02
 -2.2014420e-01
 -6.9865751e-01
 -3.4950431e-02
 -1.5878893e-02
  1.6657805e+00
 -7.9122722e-02
  4.6108890e-02
  2.2337215e-02
 -5.0749034e-01
 -1.3095400e-02
 -1.0909663e-01
 -1.5113120e-01
 -1.7353687e-02
  1.5748310e-01
  1.1577526e-02
 -1.6913173e-01
 -3.4544244e-02
  1.3829133e-01
 -1.7653327e+00
 -4.3795113e-02
  2.9496392e-02
 -3.5039868e-02
  5.9322387e-01
 -7.4012238e-01
 -1.6199918e-01
  9.2922407e-01
 -3.3172797e-02
  8.0235519e-02
 -1.7199919e-02
  7.7474816e-04
 -1.1065006e-01
  3.3659708e-02
  1.6173050e-02
 -2.3327789e-01
  1.4633337e-01
 -2.9993740e-01
 -5.1721599e-02
 -3.2568324e-01
 -1.7272264e+00
 -2.7376347e+00
  6.5647330e+00
  1.7868446e+00
 -2.3391445e+00
 -3.0269027e+00
 -3.6028616e+00
  5.4065847e+00
  1.0004821e+00
 -4.6715978e-01
 -1.6678481e+00
  3.8435378e+00
 -3.3407360e-01
  2.7825625e+00
 -6.4398928e+00
 -2.3386438e+00
 -6.8070751e-01
 -5.5369228e-01
 -1.1627812e-01
 -3.0656880e-01
 -3.5103608e-02
 -6.8337755e+00
 -9.0500915e-01
  5.9808090e-02
  1.2120472e+00
 -3.3183131e+00
 -4.7579810e-01
  2.5682297e+00
 -1.4669327e+00
  6.1731905e-01
 -3.0955412e+00
  1.6309478e+00
 -8.1491107e-01
  1.2132448e+00
  3.5162628e+00
 -1.6656246e+00
  5.1275039e-01
  6.9857270e-02
 -4.8850826e-03
 -1.1008083e-01
 -1.1543936e-01
 -2.5033674e+00
 -1.3873239e-01
  1.8247148e-02
  1.3509601e-01
 -7.1850628e-01
 -1.6492823e+00
 -9.2214473e-02
 -4.8050933e+00
 -4.0779120e-01
  3.5305519e-02
 -1.9745551e-02
  1.0211731e-01
 -2.2575381e-01
 -1.9268641e-01
  6.7177741e-04
  4.1688192e-03
  1.2213647e-03
  1.7875451e-01
 -2.2028407e-01
  1.5514030e-01
  5.7561420e-02
 -8.6420877e-03
 -4.3579001e+00
  1.4673216e+00
 -1.0520400e-01
 -1.2360683e-01
  4.8745352e-01
 -5.1939458e-02
  1.7448297e-02
  1.8179949e-01
 -3.1561902e-01
  1.2083343e+00
  1.4106317e-01
 -5.8204897e-02
 -6.5859663e-03
  4.1297588e-02
 -2.7709396e+00
 -2.3830315e-02
  1.5372412e-01
  3.3878632e-02
 -1.1141619e-01
  1.9846959e+00
 -3.0812183e-02
  2.9780107e-02
  8.4768251e-02
  7.8233466e-02
 -1.7953151e-01
 -5.0602448e-01
  1.1406959e-01
  4.2152703e-01
  3.5353150e-02
  1.1238506e-02
 -1.8915448e-01
 -2.2698346e-01
  1.1187870e-02
  2.1608751e-02
  2.3096043e-03
 -5.1735152e-02
 -2.2801830e-01
 -1.9620557e-03
 -1.4788324e+00
  1.7600617e-01
  5.7468209e-02
  4.4289544e-02
  2.0446737e+00
 -7.4377739e-01
  6.9503939e-01
 -1.3674445e-02
 -1.8459506e-01
  1.9434583e+00
  1.2500907e-01
 -1.6942430e+00
  9.1646701e-01
  2.8613013e-01
 -2.6327926e-01
  7.4800444e+00
  7.8755355e-01
 -2.0017929e-01
 -1.0435356e-01
 -5.4646033e-01
  1.7578941e-03
  2.9851813e+00
 -3.6168139e+00
 -1.0608729e-01
 -6.1334679e-03
 -6.5961897e-02
 -5.2061373e-01
 -1.5105635e+00
 -2.7103555e+00
  1.7827290e+00
  1.0730819e+00
 -3.4999434e-02
 -1.2087052e+00
  1.8144765e+00
  1.2818384e+00
 -1.1517556e+00
  1.3436185e+00
  1.8458259e-01
 -1.9554021e+00
  3.5287298e-02
  3.6815779e+00
  9.3797082e-01
  5.3768486e-02
  4.5167785e+00
  2.0659337e-02
  3.4008317e-02
 -2.0064154e+00
 -2.2350125e+00
  1.3903407e-02
 -4.6242710e-02
 -1.4110260e+00
  6.3509709e-01
 -1.2504070e-01
  7.5618744e-02
 -1.6423286e-01
 -7.0372981e-01
 -3.5338834e-01
  6.6313636e-01
 -3.0581999e-01
  9.5038638e-02
  5.8889616e-02
  3.7859923e-01
  8.5569389e-02
 -1.3554545e-01
  1.2777799e-01
 -7.0322357e-02
  1.8329740e-01
 -5.1405566e-04
  2.9218836e-02
  7.3595494e-01
  8.6696923e-01
 -6.4165877e-05
 -1.0392100e+00
  1.0456963e+00
  4.6905792e-01
 -9.8664075e-02
 -6.0587983e+00
  1.4365466e-01
  1.4617242e+00
  9.7887786e-03
  1.3209260e+00
  1.5353899e-02
 -7.1372673e-02
 -5.7286795e-02
  5.5725741e+00
 -1.6839322e-01
 -5.0294504e-02
  3.7322250e-01
 -2.4436998e-01
 -6.0159594e-02
  2.6865554e-01
 -1.0366710e-01
  2.3889637e-01
 -2.6977810e-01
  1.2290553e+00
  8.8924840e-02
 -4.2993531e-01
 -6.5982328e-03
 -4.3587714e-02
  1.2099762e-01
 -3.9307421e-01
 -9.7903442e-01
  7.7444583e-01
  2.4065134e-01
  9.6369140e-02
 -8.3937086e-02
 -2.8211124e+00
  4.5131007e-03
  9.0806723e-01
  6.7592271e-02
 -7.7925310e-02
  5.2332872e-01
  9.8888189e-01
  7.5653845e-01
 -2.7430022e-01
  1.0331114e-02
  1.4053588e-01
  2.5723672e-01
  2.8516006e-01
 -2.0106863e-02
  1.3577509e-02
 -3.3444694e-01
 -7.3778309e-02
 -2.0275338e-02
  1.6915798e-01
 -2.7389616e-01
 -5.4318823e-02
  3.8313173e-02
 -7.3269092e-02
  6.9045112e-02
 -7.6565570e-03
  1.9693369e-01
  6.3188556e-03
  6.4479008e-02
  2.3658659e-02
 -2.0924221e-01
 -2.8462168e-02
  3.1824729e-01
 -6.3471776e-01
 -7.3034368e-02
  5.3406399e-02
 -6.4418942e-02
  4.8512498e-01
  1.5022591e+00
 -7.9439711e-03
 -1.4586234e-01
  4.0464147e-04
  2.6220769e-02
  5.6472246e-02
  7.8113629e-03
 -8.6984292e-02
  4.7200095e-02
  3.4759592e-02
 -1.0970680e-01
  8.5110307e-01
  1.2490574e+00
  4.1759741e-01
  3.2576299e-01
  2.0706565e+00
  1.2081220e+00
  1.9481625e-01
 -4.2861643e+00
  1.7608104e+00
 -1.0113505e-02
 -4.3546134e-01
  2.7062964e-02
  1.4312533e-02
  2.4148628e-01
 -1.0206169e+00
  2.6243703e+00
  2.0965905e-01
  3.9708206e-01
 -2.1573031e+00
  3.4173343e+00
  1.1848171e+00
 -9.1530073e-01
 -9.4882506e-01
  2.1062982e+00
  3.3744443e-02
 -2.3467240e+00
 -2.2439318e+00
  3.1152329e+00
 -4.1358534e-01
  9.6043772e-01
  3.0980963e-01
 -1.5215786e-01
 -1.3209172e+00
 -2.2844589e+00
  2.6412413e+00
 -4.8072788e-01
  4.5522064e-02
  3.7089443e-01
 -3.2753106e-02
 -5.3458822e-01
 -1.8275738e-02
 -1.1827809e+00
  2.1272972e+00
  1.7052889e+00
 -4.9537178e-02
 -3.5708457e-02
  4.3545663e-01
 -2.6146996e+00
  2.2754109e-01
  2.1606050e+00
 -3.1678505e+00
 -1.1755544e+00
  4.5962730e-01
  1.9645869e+00
 -8.8092846e-01
  7.9117849e-02
  2.9723687e+00
 -3.3866303e+00
  1.9938953e+00
 -7.5099707e-01
  1.3927686e+00
  1.3155240e+00
 -2.2998545e+00
  2.5667276e+00
 -3.4405372e+00
  1.5504330e-01
 -2.7268617e+00
 -3.2582292e-01
  2.7434442e+00
 -2.3085959e+00
 -2.9497665e-01
 -2.8911524e+00
  4.5656281e+00
 -8.8325632e-01
  3.9443141e-01
  3.7147734e+00
 -4.6274848e+00
  5.2115865e+00
  9.8622161e-01
 -5.1065236e-01
 -3.1534705e+00
  1.2545451e+00
 -1.6637995e+00
  3.8121784e+00
 -4.3461806e-01
  1.7159609e+00
  7.1566236e-01
 -4.5461440e-01
  5.3577438e-02
  6.2699533e-01
  7.6499158e-01
  7.3793393e-01
  2.8643439e+00
  5.1132882e-01
 -4.1066162e-02
  8.4089458e-02
 -1.2828827e-01
  1.6724247e-01
 -6.6607818e-02
 -1.3886428e+00
 -1.7386888e-01
 -2.1467179e-01
 -4.5487289e+00
 -1.8973559e-01
  4.5397572e-02
  2.2269428e-02
 -1.5239592e-01
 -2.6117879e-01
 -1.5066616e-01
 -8.0037326e-02
  5.1909238e-02
  4.1097902e-02
  2.6213276e-01
 -2.6201949e-01
 -7.6764077e-02
  2.7311619e-02
 -5.3400099e-01
 -3.2006435e-02
 -4.1711342e-01
 -7.4604712e-03
 -3.6507218e+00
  1.6294694e-02
 -3.9946444e-02
  4.9300868e-02
 -3.8680997e-02
  1.5561847e-02
 -3.1499732e-02
 -5.0166789e-02
 -5.5773795e-02
  6.7430452e-02
  1.4523001e-01
 -2.7965646e-02
  7.8807563e-02
 -1.6015870e-02
  3.3888244e-03
  1.2215716e-01
  1.7684519e-01
  2.7576777e-01
  2.6360974e-01
 -6.2482939e-03
  1.2585124e-02
 -2.1943797e-01
  1.9426312e+00
 -1.6778302e-01
 -4.6125088e-02
 -1.6876979e-01
 -3.4299500e-02
 -1.2630267e-03
 -1.4505462e-01
 -5.5587643e-01
  7.4654752e-03
 -3.6099676e-02
 -1.2078630e+00
  4.1777872e-02
 -2.7922517e-02
  2.5687706e-02
  6.8159558e-02
  9.4312586e-02
  1.1883770e-02
 -5.8020998e-02
 -1.3916911e-01
  1.2034287e-01
  1.4190286e-01
  4.9462241e-01
  1.0365649e-01
 -4.5051789e-03
  6.8521574e-02
  5.9136122e-01
 -1.2579842e+00
 -4.0072866e-02
  5.3957644e+00
 -7.1695764e-03
  1.7462196e-02
  2.8370438e+00
  2.9879193e+00
 -6.7553148e-02
 -1.6772944e+00
  7.5470626e-01
 -6.4337049e-03
  4.0232038e-01
  1.1343723e-02
  8.7869948e-01
  9.7010946e-01
  4.7442812e-02
 -1.8997686e-02
 -4.2018443e-02
 -8.2937427e-02
 -1.5576215e-01
 -3.8455330e-02
  3.1892446e-01
 -1.8534909e-01
 -9.1991499e-03
  6.0171757e-02
 -6.8795376e-02
  5.2168977e-01
 -9.7319317e-01
  8.3059542e-02
  6.8292290e-02
  5.4112282e-02
 -1.0640603e-01
  2.9507449e-01
  1.9348197e-02
 -9.5147580e-01
  5.8610056e-02
  1.5694726e-01
  1.3827099e-01
 -1.2434134e+00
  1.3447900e-01
  8.5069463e-02
 -5.9598919e-02
 -3.9381437e-02
  1.0618011e-01
 -9.1797076e-02
 -1.1253241e-01
 -7.9153068e-02
 -5.1315022e-01
 -1.4465380e+00
 -1.2385385e-01
 -4.2234872e-02
 -6.4271711e-02
  5.5834698e-03
 -8.0248833e-02
  1.8867073e+00
 -2.2239320e-02
 -2.0338482e-01
  9.2561310e-03
 -1.4679852e-01
 -4.7570997e-01
 -1.8437023e-01
  3.9324425e-02
  1.7114002e-02
  1.0557374e-01
 -7.0640850e-01
  1.7747898e-02
 -1.0841236e+00
 -1.9657269e-01
 -2.0216273e-02
 -2.1831956e-02
 -3.8049288e-02
  2.1761192e-01
 -1.4954652e-01
 -1.7259510e-01
 -3.2798231e-02
 -3.6065890e-03
 -7.4628639e-01
 -6.9266960e-02
 -7.3698318e-01
 -1.8366314e-01
 -4.4509273e-02
  1.1315512e-01
  2.0488443e-02
  6.3747920e-02
  2.7834272e-02
  2.9236385e-01
  6.8792897e-01
  2.4003112e+00
 -3.2681611e+00
  1.1282021e+00
 -4.3114657e+00
  3.7440009e+00
  2.1229954e+00
  1.6847535e+00
 -4.9407658e-01
 -6.2023395e-01
 -2.9192543e+00
 -4.7303030e-01
 -6.9632357e-01
 -1.0723581e+00
  8.8686660e-02
  1.8858392e+00
 -4.1861433e-01
  2.1293638e-02
 -2.0302076e+00
 -4.6872774e-01
 -1.2223423e+00
  2.1017112e-01
 -1.9084661e-01
  1.1522549e+00
 -2.2129217e-01
  1.6936645e-02
 -1.2668619e+00
  4.4465873e-01
  7.1831745e-01
 -3.6128068e+00
 -4.0391603e+00
  7.6796585e-01
 -2.4171495e+00
 -9.6272099e-01
  2.1737936e+00
  1.8430716e+00
 -2.9485586e-01
  9.9849749e-01
 -4.2145702e-01
  1.3215851e+00
 -2.2617276e+00
  1.8090455e-02
 -3.1945387e-01
 -3.9165247e-02
  7.1882536e-03
  2.5414538e-02
 -3.7854757e-02
  2.3993496e-02
  2.8428833e+00
 -2.9429454e-01
 -5.3175569e-01
 -3.3119138e-02
  7.5625919e-02
 -1.9927333e-01
  1.5401326e-01
 -1.1123224e+00
 -1.4021266e-01
 -1.1252530e-02
 -4.5622531e-02
  9.9693149e-02
  2.0533418e-02
 -1.0492311e-01
 -1.8659277e-01
 -2.3894841e-02
 -2.3845510e-01
 -1.2618430e-01
  2.0125568e-02
 -3.8744643e-01
 -9.5450886e-02
 -1.7519820e-02
 -4.1614920e-02
 -4.0278658e-02
 -3.5249535e-02
 -2.9820876e-02
  4.5074910e-02
  4.1938633e-02
 -3.4677830e-01
  2.7391100e-02
  1.5485785e-02
 -3.5777998e-01
  6.2567577e-02
  3.4405503e-02
 -6.6253290e-02
  1.3347161e-01
  4.3967601e-02
  7.4822828e-02
 -6.7496389e-01
 -6.5760863e-01
 -1.9129492e-02
  4.1094106e-03
 -1.0982449e-03
  3.1159986e-02
  1.0826931e-01
  1.2692913e-01
 -2.7009053e-03
 -2.1676548e-01
  7.8322500e-02
  2.4936639e-01
 -7.0388407e-02
 -1.5007262e-01
 -1.4178908e-01
  2.6993297e-02
 -9.0181792e-01
  5.9285730e-02
  6.3763075e-02
 -5.6341525e-02
 -5.0747687e-01
  1.5027502e-02
  1.7450456e-02
 -8.5046917e-02
 -8.4664658e-02
  1.4550297e-01
 -6.7456222e-01
 -1.2024615e+00
  1.5335994e-02
  7.5189507e-01
 -5.7023212e-02
  7.8740603e-01
  2.4650837e-01
  6.5770768e-02
 -4.3151710e-02
  2.9839588e-02
  1.5671607e-02
  2.5876587e-02
 -3.8454539e-01
 -1.5652452e-01
 -5.9621155e-01
  7.6612122e-02
 -1.2398459e-01
  8.3694510e-02
 -2.6821136e-01
 -1.2773362e-01
  1.0310619e-02
 -3.5552502e-01
 -6.8331480e-02
 -3.2113318e+00
  6.1093616e-01
 -8.5413355e-01
 -3.2252663e-01
 -1.5475297e-01
  1.0333698e+00
  1.6477139e-01
 -2.8854977e-02
  1.8441218e-01
 -2.0802167e-01
  1.4837952e-01
  1.6447578e-02
  1.7696908e-01
 -8.6816698e-01
 -2.8536892e-02
 -1.5484169e+00
  2.9012889e-02
  3.5621967e+00
  4.5858531e+00
  1.0094107e+00
 -3.6063230e+00
  1.4727741e-01
  1.8471267e+00
 -9.4911516e-01
  5.4921991e-01
 -1.9933459e-01
 -2.9831722e-01
 -5.3983261e-03
 -2.3661226e-01
  1.6859730e-01
 -4.3891679e-02
 -1.1224510e-01
 -7.1505010e-02
  3.2305568e-01
 -6.7120874e-01
  4.1703545e-02
 -2.9616931e-01
 -1.9627133e-01
 -2.1788406e-01
  2.1604481e-01
  3.7394383e+00
 -4.2697944e-02
 -6.7853290e-01
 -1.5854108e-01
 -3.7684832e+00
  1.8797822e+00
 -9.2310911e-01
 -2.8832207e+00
 -2.6676512e+00
 -2.8619235e+00
 -1.3778571e+00
 -3.9679199e-01
 -3.9974805e-02
  3.8787034e-01
 -2.8982344e+00
 -1.3750448e+00
  2.4220799e-01
  1.0761810e-01
 -1.4690873e-02
  7.2770022e-02
 -1.6862895e-02
  1.2897998e-01
 -2.8225128e-02
 -1.9557942e-02
  1.1475815e+00
  7.4695200e-02
  9.6791402e-02
 -4.5534130e-02
  2.2747654e-03
  3.2481327e+00
 -3.9934400e-02
  1.7722847e+00
  1.7420818e-01
 -1.4771432e+00
  5.6643211e-03
 -6.0987372e+00
  2.2431467e-01
  1.2030900e-01
 -9.7303763e-03
  2.5166377e-01
  4.7777021e-01
 -9.3950190e-02
  9.7249700e-03
 -5.3554215e-02
  8.5231178e-02
 -1.9592832e-01
  7.8849427e-02
 -9.3575001e-01
  5.9773596e-03
 -3.2578766e-01
  2.0425422e+00
 -2.2097204e-02
  2.5318348e-01
  6.6484317e-02
  3.0797535e-01
 -6.5066171e-01
 -1.8724291e-01
  1.5985979e-01
  3.1073153e-01
  7.3703639e-02
  1.2707964e+00
  6.0202187e-01
 -4.6903156e-02
  8.6951517e-03
  1.9379891e-03
 -2.5287855e-01
  2.1341282e-01
  1.8725921e-01
 -6.2362856e-01
 -6.9744006e-02
  3.3578607e-01
 -3.5850141e-02
  4.4379387e+00
  3.5538073e-03
  5.4507088e-02
 -5.1959813e-02
 -8.1907816e-02
  1.6336110e-01
  3.8634652e-01
  5.8304876e-01
  2.3949218e-01
  5.9384942e-01
 -4.1032430e-02
 -4.4413173e-01
 -3.8269135e-01
 -2.5234160e-01
  5.1696133e-02
  2.6508242e-02
  1.1554322e-02
  2.9475692e-01
  3.4051806e-01
  2.6916789e-02
 -3.2804024e-01
  2.4333742e-01
 -8.4721873e-04
  4.1657540e-01
  1.9901523e-02
 -4.0858239e-02
 -1.8957190e-02
  1.2322468e-01
 -1.2168214e-01
 -2.7605036e-01
 -1.2026826e-01
 -1.5400686e-02
  7.9419203e-02
 -9.9732220e-02
  1.7346500e-01
 -7.8638420e-02
  1.0594795e-01
 -2.5895709e-02
 -1.0230121e-01
 -2.1157149e-02
 -3.0624285e-02
  1.9157475e-02
  9.8837197e-02
  1.0329240e-01
 -3.1583738e-02
  5.4630313e-02
  3.3470964e-01
  1.2395707e-01
  1.8334803e-01
 -4.7843173e-02
 -1.0984346e-01
  3.3782624e-02
  2.5909044e-02
  3.8165513e-02
 -7.3263027e-02
  2.5963098e-01
 -1.3317284e-01
  6.5739617e-02
  2.5599331e-01
  2.4448602e-02
 -2.0274657e-01
  5.5396482e-02
  4.3976650e-02
 -3.7676424e-01
 -2.8168970e-01
  5.8004391e-01
  6.7715511e-02
  1.4702086e-01
  3.7633339e-01
 -2.8712809e-01
 -5.7314104e-01
  4.9417842e-02
 -1.7012769e-01
 -3.8262330e-02
  5.3439487e-02
  1.4828123e-01
  4.8191226e-01
 -2.2889553e-01
  3.9781123e-02
  2.5674403e+00
  2.5607663e-01
 -1.6875538e-01
 -6.3253902e-02
 -2.1544398e-01
  2.2494488e+00
 -3.4314305e-01
 -2.5049058e-01
  1.9165108e-01
 -5.9755541e-02
  1.0467297e-01
 -4.5730762e-02
 -4.7258787e-02
  1.3218713e-02
 -1.8959087e-01
  3.0808473e-01
 -1.0283467e-01
  6.7793489e-02
 -3.2219176e+00
  4.5341901e-02
 -1.0860091e-01
 -8.6618222e-02
  9.4676487e-02
  4.5949515e-02
 -2.0810688e-02
  2.0345878e-02
  5.8124088e-02
 -4.2578420e-01
  8.4148891e-02
  9.8342605e-02
  8.3147243e-02
 -1.6398178e+00
  8.1454587e-01
  1.3952515e+00
  1.9585227e+00
 -1.2209781e+00
  7.8103495e-01
 -3.1094394e+00
 -2.3833552e-02
  6.3563831e-02
  1.3722503e-01
  1.5225573e+00
  2.7812558e-01
 -2.1703383e-01
  2.0453169e-03
 -7.9088728e-05
 -7.8719765e-02
 -7.7065200e-02
 -5.5495687e-02
 -3.1641531e-01
  1.5205592e-01
  2.2860983e-01
  1.4009993e-01
 -1.8256518e+00
 -1.1750168e-01
  2.5430205e+00
 -1.9116075e-01
  7.4369080e-02
 -4.4551668e-01
 -1.0337439e+00
  3.6258314e-02
  1.3367411e+00
  9.3586564e-01
 -3.5425860e-02
  2.4876715e-01
  1.5897715e+00
 -3.2455940e+00
  1.9432005e+00
  2.9949133e+00
  2.2867788e-02
 -4.4287830e-03
  3.9357781e-02
  5.5474307e-02
  2.9255855e-03
  5.8357972e-03
 -1.3463436e-01
  5.3055231e-02
 -9.2282640e-03
  2.7100999e-02
 -5.1282208e-02
 -8.5992783e-02
  3.9043047e-02
  1.0826933e+00
 -6.7653602e-01
  2.8419745e-01
  1.3282698e-01
 -3.4996653e-01
  4.4347076e-03
  1.9751405e-02
 -4.7563589e-03
  1.7462288e-01
 -1.9623816e-02
 -4.1798625e-02
  4.5308195e-02
 -1.3084106e-01
  2.4172506e-01
  5.3461961e-02
  6.9924764e-02
 -2.4153981e-02
  2.5630138e+00
 -7.4599588e-01
  1.1975507e-01
 -1.6160363e-01
  6.7740150e-02
  2.4285188e-02
  1.2912826e-01
  3.5742971e-01
 -1.6437894e-02
  9.5524684e-02
 -1.9348243e-01
  1.0833400e+00
  2.1993600e-01
  1.0455365e-01
 -9.0664156e-02
 -4.0177487e-02
  4.7995776e-02
 -3.2636890e-04
  3.9458364e-02
 -3.3701390e-02
 -1.2990062e-01
 -8.1926453e-01
  2.5659939e-03
 -7.7712260e-02
  3.1421092e-01
  3.1193832e-02
  3.8951170e-02
  2.6556581e-01
 -1.0449465e-01
  5.5831343e-02
 -1.2679617e+00
  1.9623971e-01
  1.3134079e-01
  4.7645200e-02
 -2.6813817e+00
 -9.3583614e-02
  6.4268298e-02
 -8.0592819e-02
 -8.4076147e-04
 -2.5614753e-01
  1.0876427e-02
 -1.7270030e-02
  9.7677983e-02
 -3.2000405e-01
  1.2090580e-01
 -1.4031271e-03
 -3.1522859e-02
 -1.9819169e-01
 -5.7803057e-02
 -6.3419059e-02
 -2.2528102e-03
  2.4974864e-02
  8.2634464e-02
  8.6188793e-02
  5.0379199e-01
 -5.0654681e-03
 -2.0329650e-01
  6.5379985e-02
  1.3209663e-01
 -2.9807929e-02
  1.3201806e-02
 -1.9517329e-02
  4.6043831e-01
  9.3025956e-03
  2.8733557e-02
 -8.8429339e-02
  1.9994501e-02
  4.6101194e-02
 -1.5590411e-01
 -2.1621730e-02
  1.3447542e-01
 -5.4864630e-02
  8.7226182e-02
  5.3237647e-01
 -3.2371953e-02
 -9.3374580e-02
 -8.5969412e-01
 -1.5344759e-02
  2.8124578e-02
 -5.5449527e-02
  4.8507709e-02
  3.0010107e-01
  2.8527221e-01
  2.8413596e+00
  1.4937648e-01
 -1.7627687e+00
 -1.0561781e-01
 -9.0274757e-01
 -8.0987114e-01
 -2.5906496e+00
  1.0514411e+00
 -9.0284288e-01
  3.6055806e+00
  7.8668848e-02
 -1.7271261e+00
 -3.4013897e-02
 -2.6793066e-01
 -1.9546585e+00
 -4.2755172e-01
 -2.3323643e+00
 -4.8926321e-01
 -9.8924983e-01
  1.4794439e+00
  5.8196753e-01
 -2.2026532e+00
 -3.1410739e+00
 -6.8625277e-01
 -9.9096820e-03
 -9.4271344e-01
  3.9884403e-01
 -3.2258112e+00
 -8.0019367e-01
  1.1966593e+00
  8.3815330e-01
 -2.3316135e+00
  7.5778909e-02
  2.3868396e+00
  1.8189063e+00
  7.8424397e+00
  2.3128066e+00
  1.5991589e+00
  2.5586109e+00
 -1.5747547e-02
  5.6004096e-02
 -4.4046227e-02
  2.7899728e+00
  1.5858416e-01
 -2.7086207e-01
  1.2461802e+00
  1.0135813e-01
 -6.0972624e-02
  1.1161524e+00
 -3.1979528e-01
 -3.3446707e-02
 -3.7325636e-01
  5.4581636e-01
 -2.0897764e-01
  5.2368384e-02
 -1.1472541e-02
  1.3583073e-01
 -1.0310023e-01
  4.9981149e-03
 -6.2829189e-02
 -8.4240902e-03
 -6.4246185e-02
  1.2690772e-01
 -4.0916845e-02
  1.1130231e-01
 -4.0002514e-02
 -1.8847752e-01
 -5.0274413e-02
  4.0534776e-02
  1.2165879e-01
 -8.1526287e-02
  5.3323191e-02
  5.0208177e-03
  5.6356505e-02
  8.1756786e-03
 -1.3356203e-01
 -1.6097255e-02
  2.1793410e-02
  2.8628519e-01
  4.3482441e-01
 -2.0441091e+00
 -4.8190281e-02
 -2.7129135e+00
  9.6682385e-02
  2.0013463e-02
  3.9776471e-02
  5.2484386e-02
 -3.3784218e-02
 -2.7350527e-01
  2.3696190e-01
  6.0876934e-03
  1.9796680e-01
  2.0894811e-02
 -9.2808783e-02
  9.6167773e-02
  1.0161795e-01
 -8.9482337e-02
  6.0348351e-02
 -2.6501584e-01
  1.8572533e-01
 -2.1872172e+00
  2.1569259e-02
 -1.7891908e-02
 -1.1767138e-01
 -4.2010486e-01
 -5.7290874e-02
 -1.0528374e-01
 -3.9938767e-02
  3.4066193e-02
 -4.2471826e-01
 -1.9290455e-01
  1.5712397e-02
  9.5615871e-02
  1.8940175e-02
  2.1849561e-02
  2.0016328e-02
 -7.6517135e-02
 -6.4243507e-01
  5.1647205e-02
 -1.3043323e+00
 -2.2356614e-01
  1.0903936e-01
  2.2418222e-01
  3.6908265e-02
  5.1083196e-02
 -1.8359991e-02
  5.3505085e-02
  1.1909990e-01
 -5.9116889e-02
 -8.0284990e-02
  4.6197347e-02
  5.1937807e-02
  8.2734324e-02
  3.2878691e-01
 -3.8920335e-02
  7.3890118e-03
 -1.4924734e-02
  1.0476704e-01
  5.1878514e-03
 -6.6899627e-01
 -1.5692772e-01
 -1.9504286e-02
 -1.1332811e-01
  6.8244651e-02
 -2.1338798e-01
 -1.2746422e-01
  4.6185085e-01
 -1.1140843e-01
  6.0339026e-02
 -7.5887248e-02
  5.4586675e-02
 -4.2281682e-03
  1.4968300e-02
  1.6078922e-01
  1.8401662e-01
  4.2470959e-01
 -8.9586604e-01
  1.2394155e-01
  7.3431128e-01
 -2.1750147e+00
 -1.4380070e+00
  1.6715634e+00
  5.2666694e-01
  3.3215449e+00
  4.5853224e-02
 -3.4761585e-02
  2.9405942e-02
  1.3211062e+00
 -2.2223602e-01
 -4.6765700e-01
 -1.4481974e+00
 -3.4562733e-02
  1.7717242e-01
 -2.6184902e-01
  1.4944520e+00
  1.3125929e-01
  6.4181204e+00
  1.0734307e+00
  1.3720644e+00
 -5.7058291e+00
  8.6510968e-01
  6.2815708e-01
  5.6987500e+00
  1.2792352e+00
 -2.6907653e-01
  6.6136467e-01
 -1.3779945e+00
 -4.8626032e-01
  9.7625947e-01
 -2.8205922e-01
 -2.0743163e+00
 -7.5320357e-01
 -4.3273178e-01
  1.8959661e-03
  2.9544535e+00
  1.5539770e-01
 -2.1894376e+00
  3.1196779e-01
  7.7056296e-02
 -3.8788822e-02
  2.0547546e-01
  5.6322413e-05
 -2.6246110e-02
  3.9962308e+00
 -3.4234140e-02
 -1.5372574e-02
  7.0211720e-01
  3.3313119e+00
  2.5017917e+00
  1.3920238e+00
 -8.7989444e-01
 -1.0167300e+00
 -3.0324474e-02
 -2.5732633e-01
  5.9349804e+00
  7.3478246e-01
 -5.4117352e-02
 -9.6399683e-01
 -5.9923868e+00
 -1.5876873e-01
 -2.6977441e-01
  3.7646484e-01
  4.4148085e-01
  4.5624587e-01
 -6.1544412e-01
 -7.0777470e-01
 -4.2145791e+00
  2.0109317e+00
 -3.8586637e-01
 -8.5111701e-01
  3.1022990e+00
 -1.9625229e+00
 -4.9049439e+00
  2.6292999e+00
  2.0634594e+00
 -4.2499876e+00
  7.5354367e-02
  1.3961284e+00
 -1.2797187e-01
 -1.4928449e+00
  3.4555265e-01
  8.7313050e-01
 -1.2375604e+00
  6.8604487e-01
 -1.9395642e-01
  1.7452652e+00
  6.4436603e-01
 -2.7089140e-01
 -1.3792196e-01
  3.5620654e-01
  2.6635721e-01
 -3.3693295e-02
  1.6437243e-01
 -6.2100857e-02
 -2.7018644e-02
  3.0634778e-02
 -2.9650280e-02
  3.0540061e-01
  4.6631645e-02
  5.9645068e-02
  2.9126013e-02
  4.1635998e-02
 -5.7441895e-03
  2.3754849e-01
 -6.3609734e-02
 -3.5411553e-03
 -1.3410789e-01
  1.8248314e-02
 -5.5288930e+00
  5.9999311e-01
 -4.0702936e-03
  7.8032559e-01
 -2.3634277e-01
 -2.8195862e-02
 -5.3839013e-02
  5.4376745e-01
  1.5189439e-01
 -1.2040749e-01
  1.2828691e-01
  2.3316544e-01
  1.6005960e-01
 -3.4517159e-03
 -3.1884633e-02
  7.2425330e-01
  1.5915167e+00
  4.0588927e-01
  3.8176499e-02
  1.2212740e-01
  2.1291982e-02
 -6.9509134e-02
 -1.5049231e-01
 -3.3944082e-02
  1.1815367e-01
  3.3603740e+00
 -2.6056916e-01
 -8.1087515e-02
 -3.4990337e-02
 -7.0483483e-02
 -4.9339108e-02
  1.4529383e-02
 -9.1464601e-02
  2.9878752e-02
  5.8672819e-02
 -8.9398867e-01
  1.2397943e-02
  8.7201744e-02
  2.3536134e-01
 -7.9794890e-01
 -6.9808841e-02
 -4.9794677e-01
 -5.9483894e-03
  3.7733275e-01
 -2.6018119e-01
  7.8598583e-01
  6.2147593e-01
  2.9912295e-02
  2.3656808e-01
 -1.0810362e-01
  1.1047273e-02
 -1.3335796e-01
 -3.6807027e-02
 -5.9751175e-02
  2.1119023e-02
 -1.6429266e-02
 -1.5144547e-02
  6.0942560e-02
  5.7660408e-02
  4.1713331e-02
  8.2854740e-03
 -1.2761010e+00
  3.8609114e+00
  1.3343536e-02
 -5.8469426e-02
  4.4790346e-02
 -3.1526051e-02
 -2.5742820e-02
 -1.8659368e-02
  9.1404237e-02
 -8.4907033e-02
  8.9309767e-02
  1.2169931e-01
 -1.9903151e-02
 -6.9295220e-02
  1.5563654e+00
  7.1113035e-02
 -7.0448957e-02
 -8.0991283e-02
 -3.2146461e-02
  2.0702934e-01
 -7.1661669e-01
 -4.4741463e-02
 -1.1329118e-01
  5.5049106e-02
  1.8599913e-01
  2.4629061e+00
 -1.3027710e-03
 -1.1770473e-01
 -5.5467892e-02
 -9.0762593e-02
  1.7660800e+00
 -1.6133900e-01
  7.2327435e-02
  3.2898195e+00
 -1.0043184e+00
 -3.1284586e-02
  3.8984540e+00
 -9.9817801e-01
 -1.0610669e+00
  8.7148964e-01
 -7.1836203e-02
  3.1658420e-03
 -1.3169494e-01
 -1.1929420e-01
  2.0270097e+00
  1.6280921e-01
  2.1535583e+00
  1.5391924e-02
  1.4661618e-01
  3.7213700e+00
  5.9354242e-02
  3.8454254e+00
  1.0475671e+00
  2.2439678e+00
  5.3192610e-01
 -5.3983011e+00
 -1.1001180e+00
 -6.9576432e-03
  5.4403214e+00
 -3.4919832e+00
  3.4073886e-01
 -1.9267760e-01
 -1.4931554e+00
 -2.3467369e+00
 -4.2738998e-01
 -4.0369115e+00
 -5.2662449e+00
 -1.1515137e+00
 -9.4849095e-03
  4.3315768e-01
  1.5877551e-01
  1.9114327e-01
  1.4960769e+00
 -2.4655139e+00
 -6.9186799e-02
 -9.3054799e-03
 -1.1896064e-02
  2.2213098e-01
 -2.7673340e-01
  7.1613634e-01
  3.3046719e-01
 -2.8051263e-01
  3.6425505e-02
 -4.5076922e-02
 -5.6000942e-01
  6.5239149e-01
 -7.8292817e-02
 -8.1630424e-02
  2.5625452e-02
  3.7861186e-01
 -4.5863602e-02
  2.9951718e-01
 -7.4164641e-01
  1.4827392e-01
 -3.1033927e-01
  1.2608959e-01
 -3.7524538e+00
 -9.9839352e-02
 -6.7097470e-02
  7.2701353e-01
  8.7624155e-02
  7.0001584e-01
  5.5507946e-01
  2.8346533e-01
  1.2796009e-01
 -3.4882680e-02
 -9.0668254e-02
  1.0582305e-02
  5.0290197e-01
 -1.1437552e-01
 -4.3352339e-02
 -5.8426636e-01
  1.9477988e-02
 -1.1297269e+00
  3.6341462e-02
  9.7660283e-03
 -1.3432531e-01
 -1.3946697e-02
 -5.5947814e-02
 -4.8080387e+00
  6.4658582e-02
  2.2675800e-03
 -9.8113373e-02
 -3.5268542e-01
  9.1333454e-03
 -1.8757645e-02
  3.4272406e-01
 -6.6192254e-02
 -2.7029505e-01
 -1.0642362e-01
 -6.7153953e-02
 -8.9506549e-01
  1.4314802e+00
  6.0597770e-02
 -2.3546718e-02
  2.7620850e+00
 -1.1096974e-01
  9.3018234e-01
  1.0951108e+00
  8.5770369e-01
 -1.4793569e-02
 -5.3174246e-02
 -7.6722622e-02
 -2.1596158e+00
  9.6050367e-02
  1.0286471e-01
 -3.7961812e+00
  1.4353373e+00
  5.5110526e-01
  3.8550827e-01
 -1.0043352e-01
  1.2029694e+00
  2.8396674e-02
  3.4696198e-01
  7.5282669e-01
  4.6522599e-01
 -2.2209075e-03
  4.3368977e-01
  5.0680172e-02
  7.5711727e-01
  2.5239569e-01
  4.1391575e-01
  1.6216601e-01
 -1.1624315e-01
  4.5479274e-01
  7.4550563e-01
  1.3923417e-01
  2.8600753e-03
  1.9890158e-02
  1.3845506e-02
 -5.8954437e-03
  1.1659750e-02
  1.2562983e-01
 -1.1553545e-01
  7.8835711e-02
 -3.9527774e-02
 -5.8832172e-02
  7.2826929e-02
  4.9472723e-02
 -1.7360551e-02
  8.3722487e-02
 -1.1774457e-01
  6.0768211e-01
  5.6982785e-01
  8.1063038e-01
  7.1058325e-02
 -3.1093559e+00
 -1.0042421e+00
 -3.6799598e-01
 -9.4008422e-01
 -2.2389369e+00
  2.9360983e+00
 -6.2915370e-02
 -1.4846891e-01
  7.4944198e-02
 -7.3074454e-01
  7.2111267e-01
 -1.1976075e-02
 -2.9374876e+00
  1.1666903e+00
  1.5074699e+00
 -2.8743329e+00
 -5.2854757e+00
  7.5141060e-01
 -3.4680405e-01
 -7.2490007e-02
  7.2236693e-01
  9.6485806e-01
 -2.1441922e+00
 -3.3576984e+00
  1.8952235e+00
 -6.2644780e-01
  2.0459821e+00
  1.1436594e+00
  1.9513918e-01
 -2.4615249e-01
  9.4625169e-01
  3.1520100e+00
 -1.4532185e-01
 -3.2369664e-01
 -8.3999306e-02
  2.2168888e-04
  5.1180732e-02
  4.5590615e+00
  3.1455684e-01
  3.0515022e+00
 -5.0701231e-01
 -4.5133656e-01
 -8.2402900e-02
  1.6812238e+00
  8.7924409e-01
 -1.0794590e-02
  5.5127110e+00
  7.2127910e+00
 -1.2896544e+00
 -3.3246160e-01
 -5.2500143e+00
 -1.1786318e+00
 -3.1595838e+00
 -1.1013123e+00
  1.3971223e+00
  1.7598332e+00
 -1.8623434e-02
  2.1988311e+00
 -2.8672591e-01
  9.8326378e-02
 -1.0713923e+00
 -3.4767812e-01
  2.3514250e-02
  5.4869205e-01
  1.0972742e+00
 -2.8915998e-01
 -1.9655772e-01
  5.8688110e-01
  1.4883851e+00
  6.2463975e+00
  4.3576236e+00
 -1.0175304e-02
 -2.4669554e+00
  1.4073914e+00
 -2.4047706e-02
  1.5430413e+00
  2.5341375e+00
  3.2825592e+00
  2.9210263e-01
 -3.6860042e+00
  4.5405838e-01
 -9.9408627e-01
  4.2579403e+00
  1.1666191e+00
  2.8173087e+00
  5.4515610e-03
 -6.7558326e-02
  3.0299671e+00
 -1.7523699e-02
  3.9280879e-01
  1.6627703e+00
 -1.1439016e-02
 -1.9688694e-02
  2.8999459e-02
 -4.8942510e-02
  6.6933423e-02
 -1.4799847e-01
 -1.3872962e-01
 -1.4879985e-01
  3.0091219e+00
  2.0420887e+00
 -1.5799819e+00
  6.0354561e-01
  5.0446472e+00
 -4.3024049e+00
 -7.5868899e-01
  1.7195718e-02
  8.1607836e-01
 -3.1298608e-02
 -1.0507016e+00
  1.6690661e+00
 -6.9384730e-01
 -5.8447170e-01
 -7.5618953e-01
 -5.1388521e+00
 -1.3834094e+00
 -2.3041649e+00
 -1.4992720e+00
 -2.3407996e+00
 -2.9886081e+00
  8.4320146e-01
  1.3493532e-01
 -1.1949902e+00
 -5.2316070e-01
  5.6468844e+00
  1.0753069e+00
 -3.2260797e+00
 -8.2262719e-01
  3.9236453e+00
  1.3282136e+00
  1.5199020e+00
  3.3295265e-01
 -1.6877977e-02
  8.5974568e-01
 -7.8803569e-01
  6.6110623e-01
  1.2010738e+00
 -1.1624507e+00
  1.1056376e-01
 -3.4377851e-02
  6.9269858e-02
 -9.9843013e-01
  8.8723749e-01
  6.8659008e-02
 -1.3986409e+00
 -3.6594018e-02
 -7.2736466e-01
  5.9043378e-01
 -1.0502695e+00
  9.5775044e-03
  1.3776993e+00
 -5.3363111e-02
  2.7403936e-01
  7.8651428e-01
 -8.8064924e-02
  4.5791105e-03
  7.9664022e-01
  2.7515414e-01
 -5.1598409e-03
 -1.3114072e-01
 -1.2470066e-02
  1.3075231e-01
 -3.1772941e-02
  3.2000642e-02
 -6.6373095e-02
  2.8576460e-01
  3.9806294e-01
  4.2123431e-01
  9.4107250e-03
 -2.4388963e-01
 -1.9433291e-01
 -1.2022626e-01
 -1.9881345e-01
  1.2766358e-02
  5.0078511e-01
  2.2854769e-01
  1.5092210e-01
  4.6038312e-01
 -1.5816288e-01
  7.3262765e-03
  1.8877874e-01
 -8.2746886e-02
  2.5947702e-01
 -5.8841342e-03
  1.2947088e+00
  1.6589612e-01
  1.0124779e-01
  5.4086186e-02
 -3.6580868e-02
  8.4532730e-02
  1.5763983e-01
  6.2039871e-02
  1.4538628e-01
  8.1393041e-02
 -1.1296143e-01
 -5.4486532e-02
  1.5428415e-02
 -2.6318073e+00
 -7.6336853e-02
  5.1288549e-02
 -1.2174874e-01
 -4.5945076e-03
 -7.6392315e-02
  1.6354754e+00
 -1.1118671e-01
 -1.6550311e+00
  3.4964268e+00
  4.3905673e+00
  3.9182210e-01
 -1.0254821e+00
 -1.7555681e-01
 -1.8613836e-01
 -3.9012787e-01
 -3.4806378e-02
 -7.4157959e-01
 -1.5557010e-01
  6.0656691e-01
 -9.6023053e-01
 -6.5031406e-03
  4.4809881e-01
 -1.4110254e+00
  2.4131340e-01
 -2.3848464e+00
 -6.1014384e-01
 -1.8104616e-01
  1.3597959e+00
  1.1170412e+00
  7.4416655e-01
 -3.4531973e-02
 -2.3480663e+00
  3.2310295e-03
 -4.9350703e-01
 -2.2100434e-02
  1.2469867e-02
  2.1442182e+00
  1.1693069e-01
 -1.6991322e+00
 -1.0044862e-01
 -2.0154756e-03
  7.3018029e-02
  5.2181240e-03
 -6.6383876e-02
 -1.4279608e-02
  5.0666496e-02
  2.6322724e-04
 -9.7171283e-01
 -6.5855660e-02
  5.2334968e-02
  8.1264526e-02
  7.3538772e-03
 -1.0282036e+00
 -4.5166865e-02
  1.4283397e+00
  1.5927548e+00
 -1.7067441e-01
  3.1889806e+00
 -4.3349876e+00
 -2.0838989e-01
 -2.8153136e-01
 -1.9706497e+00
 -6.5980822e-01
  9.5441896e-01
  1.6054469e-01
  1.0346495e+00
 -2.4716975e-02
  2.7308282e-01
  7.8409426e-02
  4.8732862e-01
  9.4775371e-02
 -7.9379523e-01
  2.2589695e+00
 -1.0933529e+00
 -3.5397158e+00
 -7.7735710e-01
  1.1329819e+00
 -3.0947992e-01
 -1.8417534e-01
  4.8989630e-01
  4.5758599e-01
 -1.6304941e-01
 -8.4539276e-01
 -1.1524425e-01
  8.5093451e-01
 -7.8341573e-02
  9.5862031e-01
  3.5392386e-01
  3.7527559e+00
 -1.3478185e+00
  3.4473400e+00
 -1.7320228e-01
  1.1577649e-01
 -4.4488534e-02
  2.5364986e-01
 -3.1887543e-01
 -8.1224477e-01
 -1.2251022e+00
  6.1421432e-03
  6.7228071e-02
  2.8243805e-03
 -1.4560030e-01
 -2.8870406e+00
  3.2323325e-01
 -1.3251449e-01
 -1.3184649e+00
  1.0152748e+00
  8.0253023e-01
  2.7105057e+00
  1.9713511e+00
 -1.6621820e+00
 -1.9690009e+00
 -7.3128551e-01
 -4.8088171e-02
 -3.0352788e+00
  2.8634009e+00
  3.0270967e-01
 -2.6316376e+00
  2.5473876e+00
 -1.4188976e+00
  8.0576026e-01
  1.2748116e+00
  2.4140234e-01
 -1.0703484e+00
 -1.8630176e+00
  1.8122745e+00
 -4.2893033e+00
 -1.7469913e+00
  3.3591551e-01
 -1.4087719e+00
  2.2563539e+00
 -7.4250035e+00
 -3.6548729e+00
 -2.1906424e+00
 -1.5502352e-01
 -6.3831466e-01
 -1.0042346e+00
  2.0266440e+00
  2.0210493e+00
  7.4769819e-01
 -4.2770621e-01
  1.1570610e+00
  4.6291155e-01
  3.7543606e-02
 -1.8627589e+00
  1.4451535e-01
 -2.1159405e-01
  1.2266436e+00
  1.6111806e-01
  2.1404827e-02
  1.9557776e-01
 -3.1970456e-02
 -2.4230158e-02
 -5.0482728e-02
  5.8375198e-01
  7.3633045e-01
 -3.1852689e-02
  1.5450263e-01
  8.0929555e-02
  6.4874828e-01
  1.2127086e-01
  1.6005749e-01
 -4.4898503e-02
 -7.9274885e-02
  1.0177256e-01
 -8.3046034e-02
  1.1873128e-01
 -7.6466069e-02
 -1.5171383e-01
 -7.5912826e-02
  4.0839195e-02
 -4.6530645e-02
 -2.0129383e-01
  5.0153226e-02
  2.0761220e-01
  4.0891558e-02
 -6.4098015e-02
 -1.2381274e-01
  8.7037367e-01
 -2.8371662e-02
 -4.8256401e-02
  9.2666149e-02
 -1.3796218e-01
 -3.8966682e-02
 -2.6369145e+00
  7.3965311e-02
  5.0597534e-02
 -2.1788925e-02
 -1.0869999e-01
  8.8256449e-02
  3.1655110e-02
 -8.1232684e-03
  9.9059105e-02
  7.7652358e-02
 -3.2568265e-02
 -9.8715704e-03
  6.4918068e-03
  2.2622243e-02
  2.5206346e-02
  5.9906621e-02
 -1.0596334e+00
 -1.6623063e-01
 -6.6026121e-02
 -9.6006596e-01
 -2.1983376e-02
 -5.7208367e-02
  4.5235876e-02
 -8.2893763e-03
 -4.1212838e-02
  8.0146275e-02
  6.5111443e-02
 -8.0461040e-02
  3.0841318e-01
  1.2201974e-01
  3.0036373e-02
 -1.0496244e-01
  4.8638385e-02
 -1.0015110e-02
  1.2489139e-01
  9.2212848e-02
  3.9422393e-02
 -9.7538233e-02
  3.7988905e-02
  2.6075903e-02
  5.1171660e-01
 -2.4020132e-01
  8.9596771e-02
  3.1261095e-01
  4.2410216e+00
 -4.4051103e-02
  1.0021612e-01
 -1.4593959e+00
  5.7940614e-01
 -2.0171091e-02
  1.4912166e-01
  1.8728741e-01
 -4.4133071e-02
  5.8920138e-02
  7.3631860e-02
  9.9992931e-02
  3.7658634e-03
  8.2024261e-02
 -2.4239030e-01
 -8.7723687e-02
  1.1469917e-02
  1.1000800e-01
 -1.8458905e-02
 -1.8328792e+00
 -9.4053619e-02
  5.4076795e-02
  1.9619659e-01
  1.8229295e-02
 -4.3011237e-02
 -3.1645317e-02
 -9.2450275e+00
  1.6871268e-02
 -1.0942662e-01
 -4.9513523e-02
  1.0493934e+00
  1.0452017e-02
 -7.1214616e-02
  8.3425328e-02
 -1.8840672e-01
  3.3796921e-02
 -4.9015202e-02
  6.1879265e-01
  2.6490706e-01
  1.9236936e-01
  5.4807696e-02
  1.7706451e-01
 -5.1284213e-02
 -2.0942358e-02
 -2.4921863e-01
 -4.7438059e-02
  2.1688376e-01
 -9.2620157e-02
  1.5202291e-02
  6.9078518e-04
 -2.4261630e+00
 -3.1148410e-01
  6.1860915e-02
  5.5777896e-02
  5.2623328e-02
  5.5450696e-02
  6.6858165e-02
 -6.2554039e-02
 -5.5918586e-02
  4.9068746e-01
 -1.0904283e-01
  2.1221206e-01
 -1.0292502e-03
  4.8461609e-02
  3.6427692e-02
  5.6118041e-01
 -4.9089798e-01
  5.7436798e-02
  1.6024277e-01
 -5.1528193e-02
  9.0976492e-02
 -2.2283383e-03
 -4.1424751e+00
 -4.1173093e-02
 -3.1417351e-02
 -7.4363500e-02
 -3.9095391e-02
 -3.5725173e-02
  1.4778215e-02
  5.0931759e-02
  4.0129237e-02
  2.3644352e-01
 -2.6182160e+00
  8.3885096e-02
  1.1979076e-01
 -2.7364144e-01
 -1.5834399e-01
  2.0480898e-01
 -7.3780902e-02
 -6.6514060e-02
  8.2602724e-02
  5.8562241e-02
 -3.5834564e-03
 -2.7515911e-02
 -1.0869374e-01
 -4.0091928e-02
  1.9006191e-01
  2.5964904e-01
  1.1400542e+00
 -8.7453656e-02
 -8.1995517e-02
 -4.3703850e-02
  5.7602197e-02
  3.1551680e-01
  2.8673705e-02
  1.2871528e-01
  2.8350046e-01
 -4.8331264e-02
  3.4140460e-02
  1.1484741e-01
  3.0742409e-02
  6.6511710e-03
 -2.0756605e-01
  2.1513861e-01
 -1.4995246e-01
  2.8355923e-02
  8.5870903e-03
 -1.1843458e-01
  1.6196440e-01
  3.8591716e-02
 -1.5023517e-03
  7.1016918e-03
  9.8811120e-02
 -6.4419009e-02
  2.1897925e-02
 -8.9847349e-02
 -7.2513022e-02
 -1.8329068e-01
  5.0016719e-01
 -7.2942811e-01
  8.7262161e-02
  1.2510133e-02
  3.5351440e-02
 -6.5640457e-02
  5.3162664e-02
 -5.2080482e-02
  4.9975944e-01
 -3.3198792e-02
 -2.1712075e-01
 -1.0752842e-01
 -3.5869099e-02
  5.2874286e-02
  9.3320282e-03
 -6.9947699e-03
  8.8258199e-02
 -9.8460922e-03
  1.1404208e-02
  1.0567225e-01
  1.7340865e-02
  4.5207288e-02
 -4.4235005e-03
 -2.6350176e+00
  4.2847347e-02
 -5.6624655e-02
 -1.8082821e-01
 -7.5748354e-01
 -1.8478757e-01
  1.4568518e+00
 -2.6646560e-01
  2.3704492e-02
 -2.3259680e+00
 -1.2392139e-01
 -5.7751141e-02
  3.0483029e+00
  1.4347801e+00
 -3.0756909e-02
  1.6828734e-01
  9.7251711e-03
 -2.4763730e-03
  4.8887968e-02
  2.1858864e-01
 -5.6753259e-02
 -1.8918457e-02
  5.3684674e-02
  2.7139671e-02
  3.8022571e-04
  4.4594237e-01
  1.4858000e-01
 -1.1739003e-01
 -1.5138704e-02
  3.1349504e-01
  1.5093648e-01
 -2.4323039e-01
 -7.0571727e-01
 -7.3412560e-02
 -2.6012519e-01
 -1.0725038e-01
 -4.2580754e-02
  8.7414259e-01
 -8.7734438e-02
  4.7715992e-01
 -9.7582743e-02
 -4.1687444e-02
 -1.4768176e-01
 -1.0404658e-01
  3.4803256e-02
 -1.4590997e-01
 -2.0995395e-01
 -7.3361956e-02
  5.5942714e-02
 -1.6681910e-01
 -2.9917338e-01
  3.9345751e+00
  7.5150347e-01
 -5.2235442e-01
 -5.6133289e-02
  9.3661532e-02
 -3.4632647e-01
 -8.1008472e-02
 -4.8810980e-01
 -5.4161102e-01
 -1.8147543e-02
 -2.2872636e-02
 -1.0427669e-01
 -2.7536843e-02
 -5.2144611e-01
 -2.7108457e-02
  5.1260269e-01
 -4.9539575e-01
  3.9930943e-02
 -1.0609879e+00
 -7.2601962e-01
 -1.8538991e-02
  2.6878011e-01
  6.8760797e-02
 -3.7250412e-01
 -1.6133243e-01
  2.7381329e-02
  2.4522962e-01
 -6.7423712e-03
  1.5816489e+00
 -2.0030569e-01
 -2.9823336e-01
  1.8669827e-01
  6.2372983e-01
  4.2822395e-02
  1.8460624e-01
 -2.4947662e-02
  2.3297247e-02
 -2.8504338e-02
  1.8288193e-02
  1.0467119e-01
  1.1555934e-01
 -5.4157984e-02
  2.7411494e-03
  2.8689250e-01
 -1.2018871e-01
  8.4932409e-02
  7.2196454e-02
  5.9104574e-01
 -4.8857663e-02
  5.2781045e-02
 -2.0140405e+00
  9.5762260e-02
 -2.9153788e+00
 -9.6843012e-02
  3.5353303e-01
 -6.8765968e-02
  6.4645362e-01
  4.8172727e-02
  2.2575056e-02
 -9.3316525e-02
  2.2459307e-01
 -9.5792145e-02
  1.8470229e-01
  4.3547120e-02
  1.1643455e-01
  5.4578871e-01
  1.1459975e-02
  3.7744644e-01
  4.9109656e-02
 -4.7271722e-03
 -1.6553497e-01
 -1.4921916e-01
  2.7845395e+00
  2.9036062e-02
  1.1717752e-01
  1.4270371e-01
 -6.7570962e-02
 -1.0383347e-01
 -1.2769669e-01
  8.1195480e-01
 -6.1374861e-01
 -1.7245395e-01
  3.0338189e-01
  9.4672725e-02
 -4.5909095e-03
 -1.4574015e-01
 -3.8389966e-01
 -6.8870798e-02
  9.1773957e-02
  3.3964038e-01
  1.7303376e-01
  7.0689791e-01
 -5.8952197e-02
  8.8172287e-02
  2.4083152e+00
  1.7504551e-01
 -2.9999015e-03
 -9.3968108e-02
 -8.1860758e-02
  5.1847808e-02
  1.6833609e-01
 -1.3679200e-02
 -1.1711951e+00
 -5.9719724e-03
 -1.3932087e-01
 -8.0563195e-02
  1.0294167e+00
  1.7552772e-01
  6.0667768e-02
  6.2819093e-02
  8.8446334e-02
 -1.9415864e-01
  1.5995988e+00
 -1.3760355e-02
  1.7493296e-01
 -1.7148174e-01
  3.2762330e-02
  2.3736179e-01
  1.3813390e-01
  8.2832903e-02
 -1.3238965e-01
 -5.8456939e-02
  3.4311064e-02
  7.2133943e-02
 -6.7039520e-02
 -2.7325792e-02
 -4.4064350e-02
  3.4282971e-02
  1.0541067e-01
 -7.6664023e-02
 -4.4703525e-02
 -7.0851749e-01
  1.8002884e-01
  1.4075239e-01
  6.7860901e-01
  1.8516878e+00
 -2.2639065e+00
 -5.8717413e+00
  1.0620559e+00
  9.5497859e-01
  4.3517813e-01
  1.0385837e-01
 -5.9722418e-01
 -1.7258310e-01
  7.6041710e-01
 -1.1467901e+00
  1.7692086e+00
 -4.1266987e-01
 -6.8882659e-02
 -4.2698991e-02
  1.7489601e+00
  8.2991011e-02
  7.6854908e-01
  6.3693488e-01
 -2.5522217e-01
 -2.8577480e+00
 -2.1875162e-01
  2.3247933e+00
  2.8641050e+00
 -1.0976715e+00
 -1.3200558e+00
 -6.1582500e-01
  1.3939514e+00
 -1.2896657e-01
 -4.6773127e-01
 -1.6337961e+00
  6.4194149e-01
  1.4356094e-02
 -1.1065469e+00
 -1.0269526e-01
  5.3583932e-01
 -3.2393344e-02
 -3.2271940e-02
  1.0850237e-01
 -2.1535583e-02
 -5.8889580e-01
  4.2306173e-01
  2.3082540e+00
  1.4069016e-01
  2.1255973e-03
  9.5993295e-02
 -2.4350513e-02
  5.4315854e-02
  6.2638867e-01
  8.9183450e-01
  2.8232005e-01
 -1.5844734e-01
  3.0112579e-01
 -7.3830239e-02
 -2.4694405e-01
 -5.2870017e-02
 -3.2964181e-02
 -3.8726680e-02
 -1.5783448e+00
  4.9264461e-01
  6.2333286e-01
  3.8684791e-01
 -2.0588063e-02
 -9.1705814e-02
 -1.4757825e-01
  3.9388998e+00
 -1.7808430e-01
 -1.1946557e-01
 -6.4054593e-02
 -2.8703487e-01
 -6.8031996e-02
 -1.2611793e-01
 -1.7891704e-01
  2.2595952e+00
 -1.0507450e-01
  3.0389501e-04
  7.0136987e-02
 -7.9481173e-03
 -1.6381963e-01
  8.8277377e-02
 -4.9744572e-02
  8.5610099e-04
 -1.5095989e-02
  9.5164753e-02
 -8.4850274e-02
  1.6045796e+00
  1.8177275e-02
  3.2805737e-02
 -9.0444900e-02
  1.2411285e-02
 -5.1696703e-02
  3.4369390e-02
 -5.0092027e-02
  1.2386819e-02
  6.1093356e-02
 -1.8581770e-02
 -3.4309176e-01
  1.4530422e-01
 -1.2636229e-01
  2.0570223e-01
 -1.0117158e-02
 -1.4516338e+00
  6.1572766e-01
 -1.3525153e+00
 -1.6427946e-01
  3.2198913e+00
 -1.6499310e+00
 -7.5292772e-01
 -3.4352238e+00
 -7.4227947e-01
  3.1044252e+00
  4.9754038e-02
  5.5114722e-01
  6.9096607e-01
 -2.5970989e-01
 -1.4127283e+00
  2.7031520e-01
  1.1993589e+00
 -4.2686148e+00
 -6.2313658e-01
  5.7699800e+00
 -2.3692389e+00
  1.5817845e+00
  5.6980842e-01
  3.2070069e+00
  4.3793573e+00
 -9.3323684e-01
  3.8524299e+00
 -4.4640708e+00
  8.0763173e-01
  1.1448911e+00
  1.3873485e-01
 -6.6146880e-01
  3.4897811e+00
  3.2998619e+00
 -2.5218866e+00
  5.2756500e-01
  2.1278754e-01
  2.2477121e-03
  2.3352981e-02
 -5.6364769e-01
  1.1761624e-02
  1.4180308e-02
 -1.2826039e+00
  3.1892622e+00
  1.1789590e-01
 -3.8159985e-02
  1.3092946e-01
  5.4062370e-02
 -8.8206726e-01
  3.2849491e+00
 -3.2021761e-01
 -7.4333653e-02
  1.2491836e-01
  4.6376863e-01
 -1.9314941e-02
 -5.2221823e-01
 -1.0490776e-01
  1.1721127e-01
  1.0511228e-01
 -1.6381381e-01
  2.9977795e-01
  1.6644914e-01
 -9.8122627e-02
  1.3063833e-02
  6.3440106e-03
  2.3621315e-01
  5.2856702e-02
 -1.9529323e-01
 -7.2167180e-02
  2.3138897e-02
 -1.0385784e-01
 -3.7843678e-03
  7.1116304e-01
 -2.4312090e-02
  1.8696157e-02
 -3.8161527e-02
 -1.1911586e-02
  6.6746838e-02
  6.9001622e-02
  1.2318700e-03
 -6.1623819e-02
  1.5055528e-01
  1.8194739e-02
  1.7585212e-01
  1.7593304e-02
  5.3585076e-01
  8.8108126e-03
 -2.7890163e-02
  8.1987804e-01
 -7.7714726e-02
 -4.6369225e-02
  4.1651342e-04
  1.0034704e+00
  2.2742415e-02
 -2.2160325e-02
  6.7822866e-02
  2.0816097e-02
 -6.5491483e-02
  5.0400689e-02
 -2.7128255e-03
  6.2584840e-02
  1.3578108e-02
 -5.3605332e+00
  2.6964002e+00
  1.4999405e-01
  2.2590966e+00
 -1.9394208e+00
  1.5995119e+00
  4.5827041e+00
  2.1806933e-02
 -1.5672333e+00
 -1.3521125e+00
  8.8197351e-02
  1.0698762e+00
 -2.5185859e+00
  9.5725209e-02
 -7.1409017e-01
 -1.4678206e+00
  6.5875053e-01
  3.0264637e+00
  1.2207217e+00
 -1.4804655e+00
  2.1119983e+00
 -1.4308798e+00
  1.8205874e+00
  2.1124613e+00
  1.2786105e+00
  4.5734963e+00
  5.1295624e+00
 -1.4456539e+00
  6.7076790e-01
  2.4743538e+00
  1.6761527e+00
  2.9369289e-01
 -1.5823706e+00
 -6.1465859e-01
  3.2264607e+00
  3.4880814e-01
  1.0464410e+00
  6.3055523e-02
  3.5817510e-01
 -2.9113675e-02
 -7.0266896e-01
 -2.9916340e-01
 -2.3878483e-02
 -1.6654825e-02
  1.1627275e-02
 -1.5215045e-01
  5.8687292e-02
  1.9498086e+00
  6.0899071e-03
  1.1929593e+00
  1.2981216e+00
 -2.9136899e-01
  2.0001720e-01
 -3.1126976e-01
 -6.7149460e-02
 -1.2153808e-02
  1.6443600e-01
 -7.2473332e-02
  1.2725302e-03
  1.6944450e-01
 -1.3052021e-01
  9.6790209e-02
 -5.3708594e-02
  9.2880957e-02
  2.5439216e-03
  7.1579781e-03
 -4.7373168e-02
  6.7440793e-02
  1.6728377e-01
 -9.8248847e-02
  3.6140651e-02
 -1.4266743e-02
 -9.9823095e-02
  3.2963789e-01
  2.4992451e-01
  9.9229318e-01
  2.1385424e+00
 -4.1859420e-03
 -3.0931488e-01
 -2.6797388e+00
  2.3452859e-02
 -5.8795314e-02
 -1.1003182e-01
 -3.8113657e-02
  4.1855872e-02
 -2.1594465e+00
 -1.2612166e-01
  9.9636698e-01
  5.3161200e-02
 -7.8128502e-02
  5.6922115e-02
 -8.2068577e-02
  3.8643103e-02
 -1.0294516e-01
 -3.4940820e-02
 -9.2048675e-02
  7.9365350e-02
 -3.6293164e-02
 -2.5336210e-02
  1.4803126e-02
  1.9267647e-02
  1.0921179e-02
 -4.3895283e+00
  4.0121540e-01
 -1.1341058e+00
  4.8078036e+00
  2.7721766e-01
 -1.8560096e+00
 -3.5329316e-02
  4.8003915e-01
 -3.9345055e+00
 -1.6226937e+00
 -1.1958590e+00
 -9.9586785e-01
 -1.4024027e-01
 -1.4550394e+00
 -2.2260754e-01
 -1.9530394e+00
 -1.6405146e+00
  1.5700283e-02
 -5.3250249e-02
 -6.4804144e-02
 -6.6005081e-01
 -2.0713086e+00
 -4.7094302e+00
  5.4858665e+00
  3.2437915e-01
  1.4939760e+00
 -3.7650172e-02
 -1.1918445e+00
 -1.3562685e-01
 -5.3588228e+00
  1.9895961e+00
 -4.9761066e+00
 -4.1097440e-02
  3.0150063e+00
 -5.2930312e+00
  1.0449872e+00
 -3.2663918e-01
  7.3788887e-01
 -6.6578276e-03
 -1.4781664e-01
  1.5740910e-01
  9.6920850e-03
 -3.0151017e+00
  2.3783524e-01
  9.9489057e-01
 -1.0778973e-01
  4.3311864e-01
  9.0489406e-03
  2.1495602e+00
 -1.7766914e-01
 -5.8474487e-01
 -2.5811167e+00
  9.5763791e-01
  8.7739825e-01
 -1.9597491e+00
 -4.3509941e+00
 -3.5652149e-01
 -3.1295307e+00
  1.7798877e-01
 -2.3247893e+00
  6.2655121e-02
  2.5410128e-01
  2.8078699e+00
  2.4245052e-01
  1.6488191e-01
  5.2348573e-02
  9.8667169e-01
  1.4830628e-01
 -4.5648690e-02
  5.7456594e-02
 -4.3858176e-01
 -2.8481090e-01
  5.5759620e-02
  5.1208758e-01
  6.6294599e-01
 -2.1639538e+00
  7.6850659e-01
  9.6460432e-01
 -5.0629896e-01
 -7.8496951e-01
  5.6650466e-01
  2.0459962e+00
 -1.7545606e-01
  1.8916452e+00
  4.2463355e-02
 -1.3525584e-01
  1.0854889e+00
  1.1642393e+00
 -2.0382483e-02
 -2.2010131e+00
 -4.8175037e-02
 -1.3787130e-02
  7.5830951e-02
  4.7538099e-01
  3.1892362e-03
  1.9310635e-02
  4.0530283e-02
  2.7118940e+00
  1.0925424e-01
  1.1693004e-01
  9.2621468e-02
 -3.9532956e-02
  1.0790454e-01
 -8.0242640e-01
  4.8442931e+00
 -1.8279994e-01
 -2.7420945e+00
 -3.4154148e+00
  6.6969075e+00
  9.7874498e-01
 -9.1498423e-01
  4.9948117e-01
  2.6992345e+00
  2.7124774e+00
  3.8000901e+00
  2.2433186e+00
  3.5523243e-02
  5.8419937e-01
  3.1307635e+00
  4.4546022e+00
  5.9763279e+00
 -2.0698959e-02
  3.8409309e+00
  2.2088158e+00
  5.3983984e+00
  4.8400264e+00
  2.0579884e+00
  1.7696556e+00
  2.6137951e-01
  2.5132475e+00
  2.3119776e+00
  5.0709262e+00
  6.2079344e+00
  9.7165179e-01
  9.6767491e-01
  1.7683094e+00
  6.0899243e-02
  7.5036764e+00
  4.7302966e+00
  2.8393236e-01
 -6.4617157e-02
  2.4104351e-01
 -6.1162293e-02
 -2.3235102e-01
  9.4618338e-01
 -1.5859735e-01
  1.8964070e-01
  1.4847362e-01
 -5.3018012e+00
 -2.5118008e-02
 -1.6143277e-03
 -6.5756738e-02
  1.9189435e+00
  3.2380971e-01
 -5.6547010e-01
 -1.0027789e+00
 -1.8730046e-02
  5.5383321e-02
  3.6105856e-01
 -3.8463593e-01
  1.7463564e+00
  1.5317378e+00
 -2.2398174e+00
  2.1218091e-01
  4.3114462e-01
  3.8320243e+00
  5.1983293e-02
 -2.5756857e+00
 -1.2406331e+00
 -1.5857438e+00
 -3.1358134e-02
  1.3736479e+00
  1.9843732e+00
  8.0273569e-02
 -2.4012321e-01
  1.7974612e-01
 -5.8938634e-01
  1.4937266e+00
  9.2492014e-01
  1.6476041e+00
 -2.0310503e-01
 -3.0885141e+00
 -1.2846400e+00
 -2.9627606e-01
 -3.2458477e-02
 -1.0517425e-01
  2.1979172e+00
  4.3315607e-01
 -2.4897032e+00
  2.3750241e-01
  5.8238423e-01
 -5.5215569e+00
  1.4144267e-01
 -8.8876486e-02
 -1.1541380e-02
 -1.3826966e-01
 -9.2943206e-02
  7.8420468e-02
 -4.2393217e-03
  1.2685388e-01
 -3.3298917e-02
  1.3478913e-02
  3.8900129e-02
  1.8857495e-01
 -6.1723173e-01
 -7.8532541e-01
 -1.0880672e-01
  1.2303067e-01
  1.8899888e+00
 -9.7170984e-03
 -6.2290654e-02
 -4.3028545e-02
  3.4524500e-02
  1.2667166e-01
 -2.4277134e-01
 -1.6290208e-02
  4.2512640e-02
 -2.6401830e-01
 -1.4107616e-01
 -1.1234928e-02
  1.4436928e+00
 -3.9516274e-02
 -7.7938065e-02
 -2.4656279e-02
 -7.6669145e-01
 -1.0940395e-01
 -6.5821403e-01
  3.5559926e+00
  8.9436747e-02
 -1.0763972e-01
 -1.7911661e-01
  2.4956821e-02
 -1.2487397e-01
 -1.5052219e-01
 -1.2448209e-01
 -4.7176454e-02
 -3.6842343e-01
  4.5727580e-03
 -1.1566894e-01
  2.0186448e-02
 -1.1523995e+00
 -2.7116815e-02
 -2.5475755e-01
 -4.0693912e-03
 -2.6107845e-01
  8.0343917e-02
  6.8883970e-02
 -1.8897715e-01
 -7.4500844e-02
 -3.7578924e-03
  2.8407827e-02
  6.3294820e-02
  1.7704709e-01
  9.7359065e-03
  5.9624549e-02
  4.1448927e+00
 -4.7413433e-01
 -1.9294031e+00
  5.5740637e-01
 -1.3585123e+00
  2.1705282e+00
 -4.0566316e+00
  9.6508086e-01
  9.2703742e-01
 -1.7582682e+00
 -9.5606053e-01
 -3.8890197e+00
  1.2729858e-01
 -9.8570949e-01
  1.5349413e-01
  5.2029490e-01
  3.8651938e+00
 -8.3593732e-01
 -3.2941806e+00
  2.4444079e+00
  5.5256200e-01
 -1.0054605e+00
  1.3883156e+00
 -1.8336514e+00
  4.1855040e+00
 -3.6491814e+00
 -1.2371811e-01
 -1.5180922e+00
 -2.0696215e-01
 -3.7223935e-01
  3.4363334e+00
  8.7038809e-01
  7.3856759e-01
 -2.3483279e+00
 -1.1489223e+00
 -1.1603178e+00
 -2.6442473e+00
  1.4591525e-01
 -1.1422097e-01
 -2.1814244e-02
  1.0078759e+00
  9.0957005e-03
  9.8897648e-01
  3.2782683e+00
  2.8100771e-01
  7.8022346e-02
 -8.9886606e-02
 -6.6471505e-01
  3.0388772e+00
 -6.9669276e-02
  1.2485820e-03
 -3.5226300e+00
  1.0037214e+00
  2.4565522e-01
  3.4792976e+00
  1.0425496e-02
  9.7321457e-04
 -2.8645217e-01
  4.6247423e-01
 -5.2222125e-02
 -6.0608320e-02
  6.7850077e-01
 -1.3457967e-01
  8.1623020e-03
 -3.0301917e-01
  2.7603788e-02
  6.9868706e-02
  4.5921758e-02
  1.9471172e-02
 -2.3587212e-02
 -4.3130882e-02
 -3.6327429e+00
 -3.9111670e-02
 -1.0861942e-01
  4.3987736e-02
 -4.6683013e-02
  3.1084460e-01
  5.9432898e-02
 -2.4408571e-01
  1.3149650e-01
 -2.7950060e-01
  2.4845870e-03
  7.2169945e-02
  2.6236877e-01
 -1.5877953e-02
  1.6341483e-03
  1.7360376e-02
  3.5047829e-02
 -1.8103080e-02
 -4.3192960e-02
 -1.5635437e+00
  5.8815710e-02
  1.0090107e-01
 -8.8519111e-02
  1.5234992e-01
  2.2922173e-02
  1.4837022e-01
 -2.4735954e-02
  4.0573543e-03
 -3.8321987e-02
  3.4629323e-03
 -7.3284197e-01
  1.1041486e+00
  1.3300733e-02
  4.1582678e-02
  4.4792548e-02
  2.3943027e-02
 -3.8772359e-02
 -1.8506606e+00
  6.1245516e-02
  1.6871758e-01
 -2.3373920e-03
  1.6192682e-01
  3.4632090e-02
  7.6131836e-02
 -3.7534535e-02
 -2.2336738e-02
  1.5488832e-01
  2.3677579e-01
  1.3682412e-01
  1.2226536e-02
  3.9499350e-02
  6.5101450e-03
  1.3956356e-01
 -6.9754601e-02
  4.0264609e-01
 -1.1503698e-01
  7.0713788e-02
 -1.1954745e-01
  5.4673817e-02
  1.1549560e+00
 -3.2291381e+00
  5.4955084e-02
 -2.1336426e-01
  8.9452371e-02
  1.0647430e-01
 -3.6414362e-02
 -2.3812790e+00
  2.7279359e-01
  2.7668396e-01
  1.8350939e-01
  1.8828375e+00
  1.3075783e+00
 -7.1347363e-02
  2.2932959e-01
  1.0167407e-02
 -7.8799874e-02
 -1.2003592e-01
  7.0424818e-02
 -8.9455910e-02
  1.3612913e-01
  8.5087009e-02
  9.9230446e-02
 -4.4699721e+00
 -5.1999617e+00
 -2.8122196e+00
  4.0664496e+00
 -6.2866693e+00
  2.5862634e+00
  2.7445512e+00
 -1.7874138e+00
  2.8450646e+00
  1.2251733e-02
  1.0720127e+00
  1.5279497e+00
  2.1286587e-01
 -1.4730713e+00
  4.5977983e+00
  4.0128648e-02
  3.1011562e+00
  3.9000931e-01
 -1.1347691e+00
  1.7855828e+00
  7.7514583e-01
 -2.3423409e+00
 -5.8338952e+00
  1.2930819e+00
  3.1788700e+00
 -7.6473631e-02
  1.6667467e+00
  3.9589200e+00
  1.0721796e+00
  2.2306657e+00
  6.3673191e+00
 -1.2778859e+00
  1.5875380e-01
  1.7509686e+00
  3.7794795e+00
  1.8401411e+00
  1.2545387e-01
  1.7452391e-04
  7.1776375e-02
  1.2604344e-01
 -2.4214281e-01
  1.3413705e-01
 -3.2853112e-01
 -2.5635302e-01
  6.3994914e-01
  6.9160298e-03
  1.1184710e-01
 -7.0305832e-02
  1.4870134e-01
  2.8055707e-01
  7.1703225e-02
 -4.2378258e-02
  5.2162670e-02
  4.5713224e-03
  2.5311199e-01
 -2.1168435e-02
  3.7420385e-02
  2.8714471e-02
 -1.6231380e-01
  1.7407663e+00
  1.1778420e-01
 -1.2469770e+00
  5.1787216e-03
 -3.4183830e-01
  8.5205108e-01
 -1.2279146e-02
  2.7611071e-01
 -8.9589603e-02
 -1.2859657e-01
 -1.4759214e-02
 -9.7774826e-02
  2.1837153e-02
 -4.8887726e-02
  6.1998521e-03
 -6.2198989e-02
 -2.1902634e-01
 -3.3078898e-02
  1.4425877e-02
 -5.2036811e-03
 -1.1197230e-01
  7.2632611e-02
  1.2513024e-01
  6.8878874e-02
  9.4926003e-03
 -1.5900309e-01
  5.2425385e-02
 -2.1512920e-02
  1.6337675e-01
 -2.1182735e+00
 -3.6779904e-01
 -6.5845281e-02
 -2.9203799e-02
 -1.7576725e+00
 -3.3553857e-02
  1.4430307e-02
 -5.7071924e-02
 -8.7323405e-02
  4.9367260e-02
 -1.3243691e-02
 -3.0351568e-02
 -2.7103847e-01
  4.7221437e-01
  2.3731284e+00
 -1.1506321e-02
 -2.0704250e+00
  6.6651970e-01
  1.2896359e+00
 -6.3310647e-01
  5.1926417e+00
  6.7123401e-01
  1.8054529e-01
  1.3604012e-01
 -1.9805307e-02
 -1.4725392e+00
  6.1095495e-02
  1.3630238e-01
 -2.2455161e+00
 -8.7163895e-01
 -6.2866324e-01
 -3.2080859e-02
 -1.1391585e-01
 -2.8649282e-01
 -6.2540367e-02
 -4.2818975e+00
 -1.6361370e+00
 -2.8220752e-01
 -8.3358788e-01
 -5.4024774e-01
  3.4711301e-01
 -2.8703687e+00
  4.7401490e+00
  1.1981739e+00
  4.0660129e+00
 -3.8119480e-02
  8.5602701e-02
 -1.0955049e-02
  1.3956145e+00
 -9.6203983e-02
 -8.4379447e-01
  4.2632046e+00
  2.8531396e-01
  6.2220404e-03
 -2.4500047e-03
 -4.7801536e-02
 -7.5462431e-02
 -3.4877852e-01
 -1.2948166e-01
  1.8563695e-01
  3.8306337e-02
 -4.6208907e-02
 -8.4973024e-03
 -2.0544587e-01
 -1.9111481e-01
  7.8028548e-03
  3.8533670e-01
 -1.8861897e-01
 -4.2373523e-02
 -3.0771513e-02
 -6.0173921e-02
 -4.5972344e-01
  4.7891889e-02
 -6.9463067e-02
 -5.0411862e-01
  2.7518520e-01
 -2.7831826e-02
 -1.0442587e-01
 -6.3170552e-02
  6.5924540e-02
 -1.9031981e-01
  7.4995667e-02
  6.2936991e-02
  2.4978558e-02
  9.2677549e-02
 -1.4558302e-02
  2.8842203e-03
 -2.2360105e-02
  1.4402059e-01
 -1.4962420e-03
 -1.1319833e-01
  5.0983965e-02
  5.8596153e-02
 -1.2052782e-01
  4.7705531e-02
 -1.0630871e-01
  1.9076917e-01
  1.9839387e-02
  1.8204552e-01
 -1.8142737e+00
 -5.4320974e+00
 -3.5657287e-02
 -2.2540334e-01
  4.3623719e-02
  1.2545244e-01
  4.8387885e-02
 -1.5956791e-01
  2.7024567e-03
 -8.9755133e-02
  2.1132693e-02
  2.0273992e-01
 -1.4088117e-01
 -1.3760891e+00
  6.7074102e-01
  4.2052247e-02
  6.1168260e-04
 -6.0820165e+00
 -3.2431464e+00
 -3.9518580e-01
  5.7206774e-01
 -2.2088752e+00
  7.5057641e-02
  1.3783857e-01
 -1.2843285e+00
  9.0550965e-01
 -8.4363031e-01
 -1.4382286e-01
 -4.3290219e+00
 -7.2172093e-01
 -2.6930783e+00
 -4.0097227e+00
 -2.3928086e-01
 -1.6273050e+00
  1.1972277e+00
 -9.0719797e-02
  8.3280104e-01
  1.5053648e+00
  2.1290007e-01
  6.8210915e-02
  7.8215927e-01
 -3.6349602e+00
 -2.3663706e-01
 -9.4472581e-01
 -1.5876943e+00
 -4.5972195e+00
 -2.5915214e-01
  2.3469467e+00
 -6.4506310e-01
 -1.5673723e+00
  5.6956983e+00
 -3.0647452e+00
  1.7763079e+00
  1.9389419e-01
 -9.9664205e-01
  1.5173076e-01
 -1.7696583e-01
  2.3786719e+00
 -3.3908400e-01
  7.1169996e-01
 -4.5600858e-01
 -6.5095700e-02
  1.2695603e-01
  1.6106568e-02
  8.3766669e-02
  8.7352462e-02
  9.3758404e-02
  5.8851060e-02
  1.1124011e+00
  5.5395669e-01
  1.1998544e+00
 -1.5518924e+00
 -3.7374396e-02
 -2.8505623e+00
  4.2881432e+00
  1.8737764e+00
 -2.3263006e+00
 -8.8190514e-01
 -6.5414852e-01
 -2.4454787e+00
  2.1435480e-01
 -1.0589584e-01
 -1.1332788e+00
 -2.2542579e+00
 -7.0900404e-01
 -9.8946619e-01
  1.2944078e+00
 -7.5304866e-01
  3.0448279e+00
  3.1337266e+00
 -1.1627842e+00
  2.0634882e-01
  4.4715719e+00
 -3.3702142e+00
  2.1293852e+00
 -3.1281035e+00
 -5.9396219e-01
  3.9737698e-01
  2.2948027e+00
 -7.7934557e-01
  6.1949915e-01
  7.6327848e-01
  2.7029753e+00
 -9.6756738e-01
  8.9848733e-01
  8.0113359e-02
 -1.0070515e-02
  1.4253859e-02
  1.0775258e-01
  1.3720986e-01
  1.0781465e-01
 -2.3939390e+00
 -5.9903283e-02
 -9.4789773e-02
 -2.6194230e-01
 -1.0398862e+00
  2.0035250e-02
 -2.0775001e+00
 -5.0662130e-01
  1.9577386e+00
 -2.9367824e+00
 -1.3338060e+00
  2.1495974e+00
 -2.1822701e+00
  3.1006214e-01
 -6.9016129e-01
  3.8370702e+00
 -5.9726906e+00
 -6.1748989e-02
 -5.8015868e-02
 -7.1672387e-02
 -2.2363206e-02
  5.9768729e-02
 -6.6656280e-01
 -5.3302974e-02
  1.2208737e+00
 -1.3709618e-01
 -4.0512688e-02
 -7.2184205e-01
  9.4343317e-01
 -3.5683277e+00
 -7.9501010e-03
  1.0979167e-01
 -9.7190762e-01
 -2.1668169e-01
 -1.2591405e+00
  1.4936500e+00
 -2.2689292e+00
 -1.5202455e-01
 -1.9894850e-01
  5.9540167e+00
 -4.1969288e-02
  6.8375185e-02
 -3.7513331e-01
 -5.0112492e-01
  7.5306832e-03
  2.5940455e-02
  6.8880141e-02
  5.5056226e-02
  2.0288433e-01
 -2.8060368e-01
 -9.6894734e-02
 -3.8923134e-04
 -7.1719259e-02
  6.7330033e-02
 -4.4220385e-01
 -4.4532571e-02
 -7.0375673e-02
 -1.7636118e+00
  3.5597552e-02
 -4.0955299e-01
 -2.2364769e-02
 -3.6727852e-01
  5.5195502e-04
  4.0097287e-01
  7.2294578e-02
  2.2495588e-02
  7.5720847e-02
  6.6407651e-02
  9.0281755e-02
 -1.0668540e-03
 -2.1733096e-01
 -3.2623955e-03
 -9.7249513e-03
 -5.1423419e-02
 -2.4621108e-01
  5.1106159e-02
  1.1399870e-01
 -1.5634296e-02
 -1.8250324e-01
 -2.9976597e-02
  1.9017730e-03
 -8.4504440e-02
  5.2420139e-01
 -1.1150674e-02
 -4.6186045e-02
 -2.5387751e-02
 -3.1829845e-02
 -8.4017497e-01
  5.0392356e-02
 -2.4747547e-02
  8.0051348e-02
  1.3338081e-02
  1.0267301e-01
 -1.8402198e-01
 -8.7047137e-02
 -2.0195445e-02
 -1.5339646e-02
 -2.8624387e-02
  1.5274647e-01
 -1.0817774e-01
 -1.5885670e-01
 -4.6081562e-02
  1.6652426e-01
 -2.8237697e-01
 -6.4068377e-02
 -1.2605792e+00
 -8.8894509e-02
  1.1461160e-01
  5.4307431e-02
 -6.8554595e-02
 -2.3278932e-01
  1.8483412e-02
 -3.1824684e-01
 -4.9391270e-02
 -1.1900275e-02
  1.4342493e-01
 -2.3291378e+00
 -8.3360046e-02
 -3.0405185e-01
  8.1184983e-02
  4.1222651e-02
 -2.5803369e-01
 -1.6756760e-02
  7.9332478e-03
  2.3564929e-02
 -4.4853359e-02
  2.7965773e-02
  6.2926472e-03
 -3.7176073e-02
  3.5866838e-02
  6.1162926e-02
  2.2278810e-01
 -1.1633144e-01
 -4.6951052e-02
  1.4269854e-01
 -8.2374521e-02
 -3.9017718e-02
 -1.0765515e-01
  3.1058255e-01
 -1.7475961e-01
  3.2661962e-03
 -3.2623228e-02
  1.7459223e-01
  1.7130367e-01
 -1.3367769e-02
 -2.0521698e+00
 -3.3206768e+00
  2.7209276e-02
 -2.0266396e-01
  6.2300354e-02
 -1.3551635e+00
  3.0364752e-01
  4.5401208e-02
  1.6526734e-02
 -2.9800199e-02
 -9.3091197e-02
 -1.8593341e-01
  1.7531498e-01
  1.1387917e-03
  2.7636999e-01
  1.3025896e-01
 -3.8990450e-01
  4.7961216e-02
 -7.5205788e-02
 -2.5915024e+00
  2.5052416e-01
 -6.8591990e-02
 -1.2350600e-01
 -2.7065828e-02
  8.9564845e-02
 -1.9323164e+00
  7.9224259e-04
 -6.9077834e-02
  4.4566147e-02
 -5.1570076e-02
  1.0131285e-01
 -1.9610494e-01
 -2.7965167e-01
 -2.6844308e-02
  1.0293823e+00
 -4.3313678e-02
 -6.9614753e-02
 -1.3591249e-01
 -1.3831375e-02
  1.8910059e-01
 -2.0863323e-02
 -3.2036591e-02
 -1.3354683e-02
  1.0693976e+00
 -1.8257417e-02
  1.9741668e-03
 -4.6458427e-02
 -5.0795134e-02
  1.1402189e-01
  4.1245639e-02
  3.9681777e-01
 -1.1940308e-01
 -4.4879408e+00
  4.7424272e-01
 -7.2412305e-02
  2.2914259e-01
 -1.8932514e-01
 -9.8937476e-01
 -5.1862677e-03
 -1.5788676e-02
 -1.2890922e-02
  2.0399237e-01
 -7.5523555e-02
  1.5860127e-02
  4.4167005e-02
  8.1241995e-02
 -1.2705582e-01
 -3.8772531e-02
 -2.5409868e-01
  2.4084663e-02
 -8.9360559e-03
  4.4619661e-02
  7.8679159e-02
  1.1718617e-01
 -1.6535355e-01
 -9.9643394e-03
  1.4144315e-01
  2.1763138e-02
  4.8261620e-02
  7.7741049e-02
 -8.7731175e-02
  5.9019916e-02
  9.7976364e-02
 -8.4468544e-02
 -7.2729921e-01
  2.6645139e-03
  1.4390645e-02
 -1.2666459e-01
 -6.1198948e-03
 -2.1701179e-02
  4.9508877e-02
  5.8807236e-01
 -9.9253841e-02
 -5.7899229e-02
 -1.6791721e-01
  4.2405453e-02
 -3.9789638e-01
 -1.0500798e-01
 -1.4394438e-02
 -5.4805828e-03
  9.6092910e-02
  5.6443121e-02
 -1.6969796e-01
  2.1938683e-02
 -1.2325836e-01
  1.2261083e-02
 -7.3973522e-02
  3.6654618e-02
  4.7744140e-02
  6.1020188e-02
 -1.1546201e+00
  2.1317094e-03
 -9.9758303e-01
  2.1922415e-01
 -2.9755238e-02
  2.0293819e-02
 -1.1219665e-01
 -7.1580715e-02
  5.4143149e-01
  1.8978572e+00
 -1.0836132e-01
  2.4964785e-02
 -1.0105929e-01
  7.2609670e-02
 -2.6612518e+00
 -2.7492025e-01
  2.2238405e+00
  1.4027244e+00
  1.1978084e+00
 -9.4609201e-02
  2.5655332e-01
  1.1708193e-01
  1.8050690e-01
  1.5869837e-01
  7.6300904e-02
 -3.7454147e+00
 -3.6854219e-01
 -8.5335726e-01
 -4.4748552e-02
  1.6675910e-04
  6.6150635e-02
 -1.3789567e+00
  1.4111778e-01
  5.5123061e-01
 -1.2130169e-01
  1.8664534e+00
  1.3706920e-01
  2.6832256e-01
 -2.3439276e-01
  7.4184164e-02
 -2.3865070e-02
 -7.3095657e-02
 -1.5018023e-02
  3.6612585e-02
 -1.7183757e-01
 -9.4215862e-02
 -1.0449222e-01
  1.3241870e+00
 -4.4079795e-01
 -2.2984726e-02
  1.5544714e-02
  7.0086762e-02
  4.0492896e-02
  8.2904929e-01
  4.7186967e-02
 -2.9760292e-01
 -1.2312059e+00
 -7.8236245e-02
 -1.0379869e-01
 -3.7948260e+00
  3.3584595e+00
  2.5473707e+00
  4.3679588e-02
 -3.8764119e+00
 -1.4878433e+00
 -3.7241309e+00
 -2.6039940e-01
 -9.7524559e-01
 -8.3128661e-01
  2.2909334e+00
 -2.8001962e+00
  1.8899449e+00
  3.1950998e+00
 -8.3077657e-01
  1.2911589e+00
 -2.5445955e+00
  2.9897690e+00
  9.9781746e-01
  3.0092161e+00
  1.0479298e+00
 -2.8439525e-01
 -1.6895476e-01
 -4.3402213e-01
  5.0187325e+00
 -3.2672825e+00
  3.3806863e+00
  9.9212706e-01
  2.4678605e+00
 -1.1345252e+00
 -2.9818141e+00
  2.6908045e+00
 -7.7215087e-01
 -2.3920918e+00
 -1.7883675e+00
  6.8843460e-01
  3.0681078e+00
  2.8037381e+00
 -3.6709187e+00
  6.0148156e-01
  3.6380236e+00
  2.7583785e+00
 -1.1237562e+00
 -2.7184041e+00
 -2.6544271e+00
 -2.6980250e+00
  1.0042277e-01
 -2.8067801e+00
 -1.8200615e-01
 -5.5679286e-01
  2.4279416e+00
  2.6114142e+00
 -1.5939105e+00
 -1.0164000e+00
 -3.8521967e+00
 -2.8959637e+00
 -1.0633231e+00
  2.1208773e+00
 -2.4581347e+00
 -5.9529084e-01
 -1.5331758e+00
 -6.9964302e-01
 -2.0664730e+00
 -9.0781607e-02
 -2.0664139e+00
 -8.9081043e-01
 -2.9229341e+00
  5.3247604e+00
 -2.3018990e+00
 -2.0803881e+00
  3.9475269e+00
  2.8471482e+00
 -2.7511954e+00
 -2.9189649e+00
 -2.4727910e+00
 -3.1287062e+00
  6.6307914e-01
 -3.4029794e+00
  2.0143442e-01
  3.3870056e+00
 -1.8570220e+00
 -7.8355610e-01
 -2.7678269e-01
  2.4252157e+00
  2.4974470e+00
  3.8770586e-01
  2.5151143e+00
 -4.2582011e+00
  8.8581061e-01
  4.2772818e+00
  5.6919318e-02
  2.5338106e+00
 -4.7673262e-03
  8.1309962e-01
  2.7238886e+00
  2.9416342e+00
  2.9562738e+00
  4.4377103e+00
 -4.7921715e+00
  3.7206011e+00
  1.2121470e+01
 -1.3661992e+01
 -7.8666229e+00
  1.6979609e+00
  3.6911609e+00
  1.1875118e+01
  1.5048161e+01
  4.1461153e+00
  8.8870215e-01
  3.1849406e+00
 -3.2677758e+00
  1.0699601e+01
 -3.1538351e+00
 -5.5121331e+00
  6.7193353e-01
  4.4680658e-01
  3.1277349e+00
 -7.7505221e+00
 -4.3257971e+00
 -6.1223583e+00
 -1.1813996e+00
  2.4255621e+00
 -1.2147765e+00
 -1.2166544e+00
 -2.4748664e+00
  1.0254767e+01
 -7.3395705e+00
 -1.1869928e+00
 -7.4606209e+00
 -9.5422626e-01
  2.0333672e+00
 -7.6350193e+00
  3.1588668e-01
  2.7935159e+00
  7.3415051e+00
  1.4256663e+00
 -5.8710237e+00
 -8.2640612e-01
  1.6556267e+01
 -1.6504059e+00
 -1.1709735e+01
 -3.0389118e+00
 -3.1466687e-01
  7.7557244e+00
  5.3218279e+00
  7.8784189e+00
  2.4627663e-01
  1.3800812e+01
  5.6116406e-02
 -9.7469908e-01
 -9.5870191e-01
 -7.3467250e+00
  8.6095772e+00
  2.1575198e+00
  5.8729315e+00
  6.7311497e+00
 -8.8466465e-01
 -7.1803594e+00
  1.0863601e+01
  2.6173425e+00
  5.0330567e+00
 -1.1873327e+00
  5.3177638e+00
 -3.2047859e-01
  8.8577147e+00
  1.6134048e+00
  7.1878418e-02
 -6.9041982e+00
  5.5253444e+00
  2.8642578e+00
 -4.2751842e+00
 -7.6100340e+00
  9.1755791e+00
  1.1598410e+01
  1.4018305e+01
  1.4042625e+01
 -1.5951297e+00
  9.9279289e+00
  1.3324795e+00
 -7.2422390e+00
 -5.5725187e-01
  7.9227859e-01
 -7.0049176e+00
 -7.5192938e+00
 -2.5531790e+00
 -2.1149626e+00
 -6.2850528e+00
  5.5164714e+00
  7.3316735e-01
 -8.3568783e+00
 -3.2882917e-01
 -3.1421349e+00
  9.7000283e-01
 -1.4500961e+00
 -8.4157267e+00
 -1.0075504e+01
 -7.4434509e+00
 -5.4475636e+00
  1.0349687e+01
 -1.0496591e+01
 -1.6128811e-01
  1.2063880e-02
  1.2058841e-01
 -9.1267072e-02
  2.1998341e-01
 -9.0652399e-02
 -5.0157076e-01
 -4.6520767e-01
  2.9380815e-02
 -6.5514453e-02
 -4.1744977e-02
 -1.1357005e+00
  9.8258808e-02
  7.7492081e-02
 -1.0615006e-01
  7.9197943e-02
 -3.1122787e-02
  1.1912008e-01
 -1.2183696e+00
  1.1200225e-01
 -1.1048694e-01
 -1.6065450e-01
  3.3806510e-02
 -3.9705504e-02
 -1.0727225e-01
  8.7905258e-01
 -3.1246766e-02
 -1.7266268e-01
 -4.7501974e-02
  2.2495802e-02
  6.1357421e-01
 -1.5535536e-02
  3.0193009e+00
  1.0915269e+00
  6.1233295e-03
 -6.3341126e-02
  1.1150154e-01
  5.9933268e-04
 -1.9404000e-01
  1.7402101e-01
  2.2559656e-02
 -4.1270021e-02
  1.2431621e-02
 -2.5592151e-01
  8.6860508e-03
 -4.5161606e-03
 -5.7598494e-02
  8.9713760e-02
  2.0505904e-01
  1.2314501e-01
  1.1856426e-01
  4.1296221e-02
  1.1508467e+00
  6.2654629e-02
 -3.1395726e-02
 -7.1268273e-03
 -1.1526288e-01
 -4.1734703e-02
  1.9618739e+00
 -2.6374772e-02
 -2.3187341e-01
  2.0522827e-01
 -1.8723477e-02
  1.2289128e-01
 -5.9312146e-02
  1.3926004e-01
 -1.6733187e-01
  1.2647297e-02
 -2.6073870e-01
 -8.1708595e-02
 -1.1983159e-02
 -7.3412240e-02
 -2.0238747e-01
 -5.6542665e-02
 -2.9359799e-02
 -1.1815085e-02
  2.3136444e-02
  9.8111806e-03
  2.3806384e-01
 -6.2082391e-02
  2.2667210e+00
 -3.1551686e-01
  3.3374298e-01
 -2.7252471e-01
 -1.9574378e-01
  4.3772634e-02
 -3.7365790e-02
  2.4829824e-01
 -1.8788858e-01
  1.2640494e-01
  8.5163534e-02
 -8.6252177e-03
  1.3721451e-01
  1.1690693e-01
  5.2834164e-02
  4.5291597e-01
 -9.2538156e-02
 -5.6394392e-01
 -1.7534230e-02
  8.8706292e-02
 -1.2914908e-01
 -1.0932134e-01
 -6.7265830e-03
 -3.9934473e+00
 -1.8571652e-02
  1.1762328e-02
 -1.1556950e-01
 -5.7789955e-02
  3.1767588e-03
 -6.1376043e-02
  4.3746251e-01
 -6.1060365e-02
  1.3707353e-01
  5.6434213e-03
  1.2296666e+00
 -1.2066063e-01
 -9.2449956e-02
  4.4236675e-02
  3.0625534e-01
  8.5224167e-02
  3.4056224e-02
 -4.5468536e-01
 -4.8112471e-02
 -7.5243190e-02
 -2.8236842e-02
 -7.3013544e-02
  1.9116400e-02
  1.1053279e-01
 -1.3347089e-01
 -2.2936219e-02
 -1.7142592e-01
  3.2562532e+00
  6.3028127e-02
  1.1791577e-01
  2.7243374e-02
 -8.4995344e-02
  2.8165105e-01
 -2.0309646e-02
 -2.0963325e-01
  7.2172575e-02
  1.3088717e-01
  1.0901897e-01
  1.6075765e-01
  2.9500699e-01
  2.0158604e-02
  9.0596460e-02
  4.1690223e-02
 -5.0089434e-03
 -1.0189908e-01
 -2.4288130e-01
 -1.4851633e-01
  5.5160946e-01
 -1.6500494e-02
  4.5772247e-02
 -6.8149261e-02
  1.6848493e-01
  2.4164147e+00
 -1.8453361e-01
 -2.0137732e+00
  5.8275566e-02
  2.1047674e-02
 -4.0867818e-03
  1.1109310e-01
 -2.0061639e-01
  3.0050090e-02
 -6.4696319e-02
 -1.9647765e-01
 -1.4593570e-02
  3.5618454e-01
  2.2882109e-03
  9.1041792e-03
 -2.5543919e-02
 -1.0377929e-01
  3.2181721e-02
  5.1797710e-02
 -3.8204867e-01
  2.0628657e+00
  1.0692065e-01
  6.2877662e-02
  1.1950991e-01
  1.2466384e+00
  1.6631050e-01
 -2.7877337e-01
  7.4880108e-02
  2.7480924e-01
  5.7689689e-02
  5.0366275e-02
  7.5689375e-02
 -7.2742812e-03
  1.4938340e-02
  3.8439646e-02
 -1.2638557e-01
  2.1323083e-02
  6.2701434e-02
  2.3695527e-01
 -3.7055165e-01
  7.3366389e-02
  4.0517956e-02
  6.9899790e-02
  7.7929292e-03
 -4.0207267e-02
 -6.5643564e-02
  4.2610021e+00
 -9.4884355e-03
  2.6208246e-01
  1.7667269e-02
 -1.1742461e-01
  7.0759854e-03
 -1.9875433e-01
 -4.3214455e-01
  2.0937710e-03
  1.0280939e-01
 -1.7185308e-01
  7.4774820e-01
 -4.3112524e-02
 -4.2714798e-01
 -1.2545612e-01
 -5.2091487e-02
  1.6156021e-01
 -7.6602221e-02
 -7.0955604e-02
 -1.2169939e-02
 -2.9770732e+00
  9.2446171e-03
  1.9174896e-02
  3.1348657e-02
  3.9983701e-02
  3.3779514e-01
  2.1123573e-02
 -2.4891818e+00
  5.6738045e-02
  3.2856245e-02
 -3.4513675e-02
 -5.2489382e-01
  8.0149926e-02
  1.3401374e-01
  2.0803815e-02
 -4.0112227e-02
 -1.4596457e-02
  3.3638511e-02
 -2.5858040e+00
 -2.7405226e-04
 -1.1510561e-01
 -7.6365016e-02
 -1.2918633e-01
 -4.1606415e-02
 -1.7401531e-02
  1.6272500e-01
 -1.2692131e-01
  5.4488804e-02
 -4.6455223e-02
  3.0682739e-02
  8.6896308e-03
 -5.5526998e-02
 -5.2976273e-02
  1.1307049e+00
  6.5781795e-03
  2.8361866e-01
 -1.7867956e-01
  3.3520074e+00
  1.0423537e+00
 -8.0566776e-01
  2.1053529e+00
 -2.1107109e+00
 -9.6360099e-01
 -3.8767431e-02
 -9.2082629e-03
 -4.3500895e-03
  5.9791129e-02
 -7.1835354e-02
  3.7970543e-02
 -8.6381328e-01
  4.6545044e-02
  1.2162743e-01
  2.1244874e+00
 -7.5656086e-02
  4.0658731e-02
  5.8736004e-02
  1.5624978e-01
  2.0974337e-01
 -1.1394245e-01
  1.5057826e-01
 -1.7180383e-02
  2.1518606e-01
 -2.8713338e+00
 -6.9002998e-01
  1.9238794e-01
 -6.5347713e-01
 -4.7678825e-01
  9.6246397e-01
 -8.1675105e-02
 -2.0865374e+00
 -1.2490842e-01
 -6.7144141e-02
  2.2678016e-01
  3.3823824e-01
  4.0579036e-02
  5.1483709e-02
 -1.6207026e-01
 -7.1253091e-02
  2.1649832e-03
  1.6191223e+00
 -4.8930906e-02
 -2.9589990e-02
 -1.9427510e-02
  7.4507981e-03
 -7.1889019e-01
  2.3749361e+00
 -2.9289839e+00
  8.0761749e-01
  1.6523379e-01
 -2.2127030e+00
  2.5742295e+00
 -1.5994571e+00
 -4.8361641e-01
  2.0962214e+00
 -1.6715918e+00
 -2.8588703e-01
  7.8224130e-03
 -9.8410711e-02
 -7.5705178e-02
  3.4282047e-02
 -2.1413790e-01
 -1.7604513e-01
  3.0961630e-01
  1.2554207e+00
 -1.4418010e-01
  1.4100988e+00
  1.4668698e+00
  1.1417950e-01
 -1.2758148e+00
  2.4554238e-01
  1.2793717e+00
 -1.4058055e-01
 -2.4216848e-03
  5.2958930e-01
 -2.4720386e-01
  1.6857284e-01
  5.9571016e-01
  1.4981365e-01
  9.5669529e-04
  2.0667069e-02
  1.0144472e+00
 -4.7441013e-03
 -5.4008228e-01
 -9.6350133e-02
 -1.0704559e-01
 -4.5245476e-03
 -3.2729834e-02
  1.4641254e-01
 -4.3336686e-02
  1.3475193e-01
 -2.4978325e-03
  1.3199817e-01
  3.7498239e-01
 -3.9140042e-02
 -2.6517275e-01
 -3.8252633e-02
 -2.5158446e+00
  4.2984031e-02
  2.4157827e+00
 -2.0319682e-01
 -8.2531232e-01
 -5.5607170e-02
 -3.1573329e-02
 -2.4791262e-03
 -1.6959207e-02
 -2.8046891e-02
 -3.6883306e-02
 -5.4575067e-02
  1.2075043e-02
  1.9716848e-02
  8.5060067e-02
 -5.6747478e-02
 -4.6655361e-02
  1.7548122e-01
  1.1457755e-01
  2.4502414e-01
  2.2455548e-01
  1.2507519e-01
 -3.4058023e-02
  6.6952191e-02
 -6.3699514e-02
  1.0036954e-02
  7.1082853e-02
 -3.4739871e-02
 -1.4668114e-01
 -1.2195751e-02
 -2.4580615e-02
 -5.4375376e-03
 -7.8727059e-02
 -1.8300958e-01
  3.1130670e-02
 -2.3946287e-02
  4.1938640e-02
 -5.2733209e-02
  1.6906326e-01
 -6.4196266e-02
  1.3675596e-01
 -4.6661712e-02
 -1.4806354e+00
  1.3840161e-02
 -4.4667307e-02
  3.9375100e-02
  8.7113595e-01
 -2.5021918e-02
  2.5321445e-03
 -5.1725739e-01
  3.2432145e-01
 -3.8892164e+00
 -2.1832068e+00
  2.3558798e+00
  1.8532009e+00
 -2.5665593e+00
 -2.5250626e+00
  4.2830363e-01
 -7.6686746e-01
  3.2627136e-01
 -1.7507158e-01
 -6.4184469e-01
  1.7547473e-02
  1.0591133e+00
 -6.2079679e-02
  2.2155960e+00
  6.4311838e-01
 -5.5462074e-01
 -4.9052876e-01
 -1.9175242e+00
  3.1887379e+00
  2.4698553e+00
  7.4375463e-01
  4.6056995e-01
 -2.5641215e+00
 -4.1834575e-01
  8.2152838e-01
  2.4615142e+00
  1.4067024e-01
  3.5193858e+00
  3.8636148e+00
  9.2962831e-01
 -8.0579543e-01
  1.9680127e+00
 -1.8338686e+00
 -8.0855203e-01
 -1.4944693e+00
 -2.2482835e-02
 -1.1187154e+00
 -1.2809101e-02
 -1.4781865e-01
 -4.9899545e-01
  5.5365986e-01
  7.4139866e-04
 -1.2507567e-01
 -1.4425955e+00
  1.3863342e-01
 -6.0436234e-02
  9.3766473e-02
 -2.6394557e-02
  2.2731443e-01
 -3.6868894e+00
  4.0228552e-01
  5.5978054e-01
  2.1069411e-02
  1.1429445e+00
  1.9372519e+00
 -9.9663138e-01
  7.8682971e-01
 -7.9741257e-01
 -8.7454081e-01
 -6.3268089e-01
  3.3949597e+00
  4.2963251e-01
  1.1668106e+00
  3.8548538e-01
 -2.8043702e+00
 -1.7029150e+00
  2.3661976e+00
 -6.1280571e-02
 -8.1041768e-02
 -3.6644506e-01
  1.8758901e+00
 -3.0503720e-01
  3.3618262e-01
  3.4367764e-01
  1.9275412e-03
 -3.7025160e-01
 -2.5404940e+00
 -5.2362347e-01
 -4.7852829e-01
  2.4623551e+00
  4.0077767e-01
 -2.1965559e+00
  2.2964609e+00
 -1.0402256e-02
 -1.1749270e+00
 -1.8108900e+00
  6.4812429e-02
  2.2266001e-01
 -1.7135768e-01
  2.6085846e-02
 -2.4859759e-01
  1.7891327e-02
  7.1172214e-01
 -7.5644655e-03
  4.9997333e-02
  2.9832143e-01
 -1.0918587e-02
  3.3799788e-01
 -2.5060968e-02
  5.5218413e-02
 -1.5839839e-02
  9.7829951e-03
  9.9276535e-02
  1.3994543e-01
  2.3360300e+00
  2.7307309e-02
 -1.3416542e-02
 -9.0494873e-03
  6.3977933e-01
  1.3750665e-01
 -1.6849166e+00
 -4.0595286e-02
  1.5670680e-02
 -2.9479903e-01
  9.5815085e-02
 -1.7474607e-02
  1.1696242e-02
  2.5293812e-01
 -1.4376462e-01
 -1.9336796e-01
  5.5979431e-02
  1.9470027e-02
  1.6167115e-01
 -2.9890709e+00
 -7.1692191e-02
 -4.5453586e-02
 -9.7449683e-02
  1.5042972e-02
  2.1217532e-01
 -2.1677810e-01
 -1.9132818e-01
  1.6616645e+00
 -1.6346667e-02
  3.1048380e-02
  5.1975910e-02
  5.5020113e-02
  5.3845543e-01
  1.6546807e+00
  2.0910063e+00
  2.0017542e-01
  1.6023439e-01
 -1.1696149e-01
  9.1413725e-03
  1.2727630e-01
 -6.1902094e+00
 -2.4276108e-01
 -3.1184146e-02
  3.1711429e-01
  9.4170711e-04
 -6.8285093e-02
  1.4948328e-02
 -1.0143587e-01
 -9.4300890e-01
 -1.4565690e-01
  4.8359547e-02
 -8.3498977e-02
 -5.6619567e-01
 -1.3055507e+00
  6.7504686e-01
  4.3087119e-01
  1.2770060e-01
 -5.6013484e-03
  3.7508476e-01
 -1.2652254e-01
 -2.0364441e-01
 -6.2742300e-02
 -5.2723277e-01
 -7.3984712e-03
 -1.2712416e-01
 -1.6540746e-01
  1.7260066e-01
 -2.0010034e-02
 -1.2865117e-01
  7.5291246e-02
  9.0756841e-02
 -6.8565971e-01
  4.8916817e-01
  4.0174976e-02
  9.5771208e-02
 -5.2865218e-02
  1.1144589e-01
  2.4819478e-01
 -6.9914073e-02
 -5.9403386e-02
 -2.8413752e-01
 -2.3018463e-02
 -7.6515689e-02
  8.5836984e-02
  1.2846125e+00
 -1.9608350e-02
  2.3615946e-01
  3.1127384e-01
 -6.1939815e-03
 -1.0234258e-01
 -1.5040350e-01
  9.6430425e-03
  1.4281219e-01
  4.9971245e-02
  1.3498418e-02
  4.2785950e-02
 -1.6389257e+00
 -1.2176143e-01
  7.8895575e-01
 -4.3768077e+00
 -4.2615604e+00
 -1.1390809e+00
 -1.0897304e+00
 -9.5208302e-02
 -1.4955959e+00
  1.0504637e+00
  1.0911974e-01
 -6.3774788e-01
 -1.8860484e+00
 -3.0822548e-01
  2.3610549e+00
  1.9291220e+00
  9.4959700e-01
  6.7294993e+00
 -1.1147957e-01
 -2.4992726e+00
  4.5863700e-01
  1.4455936e+00
  2.9762115e+00
 -2.3719166e-01
  1.3667825e+00
  3.9020103e-01
 -1.2944143e+00
 -9.4897693e-01
  1.9622531e+00
  5.3252637e-01
  2.8818946e+00
  1.2784543e+00
  9.3408054e-01
 -1.6944807e-02
  2.0122347e+00
 -1.7618028e+00
 -2.7709827e-01
  2.1817222e+00
  1.9400215e-01
  1.0008135e-01
  4.5331348e-02
  1.3021080e-02
 -1.6596900e+00
 -1.9812685e+00
  3.0211544e-02
 -2.1246295e+00
  3.7551995e-02
 -1.6306047e-01
 -8.0184653e-02
 -3.3830103e-01
  1.6249985e-02
 -3.3802204e-02
  3.4677956e-02
  6.6723339e-02
 -8.1355963e+00
  1.0542206e+00
 -4.3579671e-01
  4.3664651e+00
  8.7405398e-02
  3.6689703e+00
  4.5771018e-02
 -1.4443421e+01
  1.4270308e-02
 -7.9355747e-01
  1.3845544e-01
  5.5577651e-02
 -2.4581860e-01
 -7.0550479e-02
 -4.7393508e-02
  7.1903080e-01
  3.4546487e-02
 -6.7222726e-01
  6.7476380e-01
  4.9701309e-01
 -1.9086407e-01
  1.3589833e+00
  1.5100163e+00
  1.0118694e+00
  1.8743271e-01
  2.0479844e+00
  1.6645181e-01
 -4.5829821e+00
 -1.0483071e-01
  2.2824576e-02
  4.4791612e-01
  2.1386254e-01
  1.3162074e+00
  1.6998044e-01
  2.9124906e-02
 -1.0321689e-01
  1.4985727e-01
  1.1925236e-01
  1.6893871e-02
 -9.1481134e-02
  3.3248402e-02
 -9.2048355e-04
  2.0067903e-01
 -1.5121715e-01
  2.7349601e-02
  3.4380519e-01
  2.2993073e-02
  1.8723783e-01
 -4.7552355e-02
 -3.1279940e-02
  3.3802569e-02
 -4.9907207e-01
  1.7363809e-02
  5.7569408e-01
  4.4934205e-03
  3.3922803e-01
 -3.1826208e+00
  8.0036774e-02
 -3.1795773e-01
  5.2256640e-02
  1.3184720e-01
  1.9250056e-02
 -1.3786914e-02
 -2.0101550e-01
 -3.8676438e-01
  3.0460489e-01
 -2.1730049e-01
 -2.5931386e-02
 -2.9065120e-01
 -4.2565227e-02
  1.1853137e-01
  4.4609077e-02
 -9.5388032e-02
 -1.5458940e-01
  9.1804996e-02
  3.4497759e-01
 -6.5207673e-04
 -5.8564692e+00
  8.7751567e-02
  4.1495952e-01
  7.9302333e-02
 -1.8123065e+00
 -2.9533897e-03
  7.4431747e-02
 -3.7058238e-02
  5.8757786e-02
  1.9506261e-01
 -1.9547319e+00
  2.1123512e+00
  3.8283109e-04
  3.8360413e-03
 -1.4622714e-01
  5.2449126e-02
  3.5159868e-01
  1.3812358e-02
 -4.1280291e-03
 -6.7868605e-03
  3.3945903e-02
 -8.6683236e-02
  1.4235117e-01
 -1.0204155e-01
  2.5080848e-01
 -2.0387873e-01
  1.2788491e-02
  4.9446329e-02
 -1.6004817e-01
  1.9991796e-01
  1.3619590e-01
  5.4376233e-02
 -1.1004317e-02
  6.1482620e-01
  2.3440996e-02
  1.2326286e+00
 -2.2580146e-03
  2.0446447e-01
 -2.8842766e-02
 -7.2986530e-03
 -6.2231474e+00
 -1.8090945e-03
 -1.2208378e-01
 -1.0354915e-01
 -1.1099007e-01
  1.0658043e-01
 -1.3147618e-01
  1.0362943e+00
  3.6148016e+00
 -9.7430600e-03
  4.3353692e-02
 -3.9660677e-02
 -1.3193719e-01
 -3.1672984e-02
  1.3933310e-02
  1.7355645e-01
 -3.4053657e-02
 -5.4374542e+00
  1.5369797e-02
  4.8569191e-02
  1.8312225e+00
  4.4547138e-01
 -9.6056499e-02
  1.4354062e-01
 -1.8056123e+00
  1.1588064e-01
 -6.7763716e-02
  8.7010257e-02
 -7.7182129e-02
 -2.6225273e-02
 -1.0722262e-02
  1.6649731e-01
  1.6548350e-01
 -1.7005883e-02
 -1.3535126e-01
  6.9284672e-01
 -3.7168460e+00
  3.7707078e+00
 -1.7937471e+00
 -1.9934983e+00
 -1.1217039e-01
 -4.9664679e+00
  3.4141254e-01
 -2.1333170e+00
 -2.2177270e-02
  1.0330937e-01
  1.1214967e+00
 -1.5984120e+00
 -4.7179899e-01
 -8.5258916e-02
 -1.5843515e+00
  5.4556465e+00
 -7.7993132e-02
  4.0190148e+00
 -2.6579313e+00
 -3.3158586e+00
 -1.6423231e-01
 -6.2786393e-02
 -2.8741698e+00
  5.9728052e-02
  3.1160512e+00
  5.9414095e-01
 -7.6705420e-01
 -1.2684361e+00
  1.5436902e+00
 -3.7461162e-01
 -1.9637569e+00
 -8.9010471e-01
  5.5742234e-01
 -1.8930772e-02
  4.5010906e-01
 -2.1811633e+00
 -1.4727637e-01
  3.3459610e-01
 -1.5654083e-01
 -5.9806928e-02
 -7.0954040e-02
 -3.1856779e-02
 -2.1243058e-01
  8.4401608e-02
 -1.4310871e-02
  5.2253652e-02
  5.6102175e-02
 -7.3702589e-02
 -6.5391555e-02
  7.3627591e-02
  5.9613103e-01
 -1.5194825e+00
  9.1645353e-02
  7.6888132e-01
  4.0488485e-01
 -3.8271252e-02
 -2.1035226e-01
  9.3349122e-02
  3.2126722e-01
  7.3288240e-02
 -1.7969050e-01
 -6.4369485e-02
 -3.2846306e-02
 -5.4988340e-02
  1.8345456e+00
  4.1577703e-01
 -3.1735122e-01
 -1.8723674e-02
 -8.5524963e-03
  1.2332541e+00
  9.5823826e-03
 -2.0219469e-01
 -8.9926994e-01
  2.0059356e-01
  2.3935288e-01
 -2.8724477e-02
 -2.5690305e-01
  1.6053148e-01
  4.0950995e-02
 -1.1389102e-01
  5.2758671e-02
  1.8482479e-01
  1.5521006e-01
 -8.0188904e+00
 -6.5738790e-02
 -1.7819898e-01
  5.2920618e+00
  5.0550159e-02
  3.5342751e-03
  1.9264447e-02
 -3.8471449e-02
 -5.8079749e-02
  1.3407511e-02
 -1.0962778e-01
 -7.8760266e-02
  1.9742894e-01
  7.2198525e-02
  1.2205937e-01
  1.1374797e-02
  9.8682672e-02
 -3.4696657e-02
 -1.0657276e+00
 -1.7989175e+00
  1.1786146e+00
  5.5955005e-01
  1.4514328e+00
  1.2255634e+00
  4.4469295e+00
  1.0583920e+00
  1.6040268e+00
 -1.2709696e-03
 -2.1672168e+00
 -4.9402967e-01
  5.5843668e+00
  2.1973877e+00
  1.7045587e-02
  1.8331691e+00
  1.7594762e+00
 -7.9635119e-01
  5.4549109e-02
  1.8729414e+00
  2.3540567e-01
  2.0087489e-01
  1.1521987e+00
  2.5962582e-01
  1.0604411e+00
  3.2601163e+00
 -1.7090826e+00
  1.6394030e+00
 -2.7683513e+00
  3.4762945e+00
 -4.8989935e+00
 -3.7243035e+00
 -6.5814509e+00
  1.7671304e+00
  5.0275964e-01
  4.4657855e+00
 -1.0226510e-01
 -1.4122705e-01
  1.1642846e-01
  8.7162994e-02
 -8.6177278e-01
  4.5679770e-02
  2.6654884e-01
 -2.6348107e-02
  2.7573986e-03
 -5.4427903e-02
 -9.1143735e-02
 -5.5802274e-02
  1.0012403e-01
  1.0109147e-01
 -1.1691009e-01
 -1.5019386e-01
 -2.1459324e+00
  1.1176306e-01
  1.5337542e-02
  3.1253746e+00
  1.4006555e+00
 -3.8113147e-01
  8.4647916e-02
  3.1025076e-01
 -1.2422572e-01
 -1.3643052e-01
 -1.5046369e-01
  5.8579557e-03
  1.7943652e-03
  1.2772319e-01
 -1.0636078e-01
 -2.6680402e-02
 -1.5843672e-01
  1.2044786e-02
 -1.8755564e-01
  2.5999386e-02
  1.9878480e-01
  1.2994669e-02
 -4.3961685e-02
 -4.9872065e+00
  1.0421629e-02
 -6.6853777e-02
  1.7525703e-01
  3.1138247e-02
  2.0134696e-01
 -1.3315436e-01
  1.2214496e-01
 -5.5365252e-01
 -6.9006830e-01
  1.6654523e-01
  5.1107552e-02
  5.3450310e-01
  7.3437974e-02
  6.9944316e-01
  5.1382866e-02
 -2.8097209e-02
 -7.3656976e-02
 -2.0431146e-02
  7.0534074e-03
 -7.3954292e-02
  4.8931267e-02
  5.2722409e-02
 -6.4857192e-02
  3.8803694e-01
  5.1094979e-02
  1.2620558e-01
 -2.3639109e-03
  8.1311040e-02
  1.1728986e-02
 -2.8516425e-02
 -6.2972340e-03
 -1.7408550e-01
  7.1304582e-02
 -1.9816571e-01
  8.8739358e-02
  1.1461490e-02
  1.5704104e-01
  4.5603216e-02
  3.7781645e-02
 -3.3082712e-01
  8.2175821e-02
 -1.2361383e-01
 -6.3638538e-02
 -1.1371817e-01
  7.9562545e-02
  3.3886620e-01
  8.2130991e-02
 -1.9293094e-01
  1.5252893e-02
 -1.6331332e-02
  3.1443024e+00
  9.0885796e-02
  6.7337640e-02
 -3.1991822e-01
 -2.6850456e-03
  4.1060052e-03
  3.9049562e-02
  1.7168048e-01
  7.6569664e-01
 -1.7096987e-02
  1.1044031e-01
  1.3358091e-01
  3.6750874e-01
  3.7361779e+00
  2.1919649e+00
  5.9984952e-02
 -1.7219734e-01
  1.0291431e-01
  1.3404235e-01
 -1.5858060e+00
 -2.1623728e-01
  9.5226439e-03
  1.5590154e-02
 -8.1168771e-02
  4.8114762e-02
  6.1674893e-01
 -5.6086637e-02
 -1.8056376e-01
 -6.3991547e-02
 -6.4789630e-02
 -6.4966001e-02
 -9.1647625e-01
  5.4744744e-01
 -6.0613226e-02
  2.1766875e-02
  3.1040356e-01
  1.5482993e-01
 -8.7400623e-02
 -7.7841364e-02
 -6.7350917e-02
  1.0665501e-01
 -1.6951497e-01
 -2.3497585e-03
 -2.2258408e+00
  3.1985372e-02
 -6.1542269e-02
  1.1539187e-01
 -4.7101103e-02
  8.1454553e-02
  3.5926113e-01
  3.8762331e-02
  2.0043310e-02
 -5.3439552e-01
  6.6401936e-02
  1.4420367e+00
 -1.4930863e-02
 -2.6772577e-01
 -5.7590706e-03
  1.6463530e-01
 -1.0890245e-01
 -7.8085855e-02
 -6.6258572e-02
  2.7015030e-02
 -2.1490717e-02
  2.8079848e+00
  1.0299716e-01
  4.9034044e-02
  1.6184953e-01
  3.5143208e-03
 -3.4274107e-01
 -1.3123207e-01
  1.3575919e-01
  1.9158641e-01
 -5.0088102e-01
  4.7281070e-04
  2.7857456e-02
 -7.8315049e-02
 -1.3219957e-01
 -1.1324004e-02
 -6.0613630e-03
  1.8202657e+00
  7.7171105e-01
  1.1880727e-02
  2.2359001e-02
 -2.3714777e-02
  4.3072402e-02
 -3.4977549e-01
 -8.4868535e-02
  7.9045959e-02
 -3.6011353e-01
  2.8986279e-02
 -6.0218260e-02
  8.8516384e-02
  3.2422908e-02
  1.9753647e-01
  4.3610457e-02
 -7.2735965e-02
  2.2888328e-01
  5.9411537e-02
  2.0882266e-02
 -9.3816824e-02
 -1.2613383e-01
  1.5791364e-01
  3.1622201e-02
  1.0300577e-01
 -4.0542845e-02
 -1.7638607e-01
 -8.1000058e-03
 -6.7330271e-02
 -4.3002032e-02
 -8.5146226e-02
 -1.5838470e-01
 -7.6957509e-02
  1.4704572e-01
 -6.1897635e-01
 -3.7424147e-02
  2.8406402e-02
  5.2718703e-02
 -2.5182593e-01
  3.4019509e-01
  6.4772391e-03
  2.6274636e-01
 -3.6741488e-02
 -9.0230420e-02
  1.1996027e+00
  8.4286317e-02
  1.4619678e-01
 -7.9621710e-02
 -3.5329983e-02
 -7.6170117e-02
  1.5355778e-01
 -8.2861990e-02
  5.8287838e-03
 -8.6558394e-02
 -2.5257582e-02
 -2.5009555e-01
 -1.0683351e-01
 -2.1192467e+00
 -1.0229891e-01
 -8.0372192e-02
  3.0869562e-02
 -1.0048582e-01
  6.3872496e-03
  1.9091599e-02
  4.8846163e-02
 -3.9674097e-01
 -6.0191852e-01
  4.1048199e-02
 -9.0787542e-01
  2.1123910e-02
 -6.6652961e-02
  3.6748737e-02
 -1.7935194e-01
 -8.5196510e-02
 -9.5276482e-02
  2.8181782e-01
 -1.1140823e-01
  2.3849435e-01
 -3.2393102e-02
 -4.1105017e-02
  3.0669811e-01
  1.0515249e-01
 -4.9401674e-02
  1.0003762e-01
 -5.9018128e-02
 -6.9123909e-02
 -7.7775538e-01
  1.4627345e-01
  3.2253295e-02
  2.1347038e-01
  1.4044941e-02
 -1.4668442e-01
 -1.5286115e-03
  2.7194473e-01
 -1.8018019e-01
  2.2022884e-01
  2.5132705e-02
  6.0725551e-02
 -9.2395641e-02
 -1.1266975e+00
  2.2952920e-01
 -1.9228263e-01
 -1.9591683e-01
  2.6836680e-02
  5.9550222e-02
 -5.6696817e-02
  2.9109338e-02
  1.0052640e-01
 -2.4382935e+00
 -1.8885730e-02
  7.7115268e-02
  1.0741917e-01
 -3.2042086e-02
 -1.9969842e-04
 -7.0839512e-01
 -1.0151924e-01
 -1.3240660e-02
 -1.6108243e-02
  8.9275442e-02
  1.0217003e-01
 -2.3006354e-02
  3.2320019e-02
  1.0639687e-02
 -2.4558872e-01
 -2.7320898e-01
 -1.5436389e-02
  5.8280945e-02
  5.5924442e-02
 -1.5393835e-01
 -6.4805575e-02
 -1.0432383e-03
  3.8731135e-02
 -1.2973204e-01
 -8.9571118e-02
 -8.1734262e-02
 -5.2988596e-02
  1.5791391e-01
 -6.0766969e-02
  1.5341899e-01
  2.3140411e+00
  4.7258142e-02
  1.2127253e-01
 -2.5402581e-02
  9.3415773e-01
  2.9833918e-02
 -7.7860832e-02
  1.0878821e-01
  3.4710493e-02
 -8.4423959e-02
  1.3887089e-01
 -3.9406851e-01
  9.0827398e-02
  4.8270516e-02
  5.3820740e-02
  4.3555155e-02
  9.6110404e-02
 -3.1683162e-02
 -1.4000985e-01
  8.4919997e-02
 -1.9925622e-02
 -2.5776127e-01
 -2.6501730e-01
 -1.1348042e-01
  8.3954263e-01
  1.2130634e-01
 -4.9942575e-02
  1.7540091e-01
 -1.9414660e-01
 -1.6696867e-02
 -7.9583533e-02
  1.5713233e-01
  2.5607087e-02
  4.5829389e-02
  1.1042958e-01
 -2.0976122e-02
 -3.1320568e-02
 -1.6916493e-01
  9.8073232e-01
  2.7828920e+00
  6.3856855e-02
 -1.8393066e-02
 -1.2446584e-01
  4.3941952e-02
  7.5891063e-02
 -1.3018364e-02
 -8.7123238e-02
 -1.3069482e-01
 -9.2961118e-02
  1.3117349e-01
  9.5632024e-02
  2.3003289e-01
  4.2605442e-03
  1.5766849e-01
 -1.6430803e-02
 -7.3590226e-02
 -4.7588971e-02
  2.2901470e-02
  2.9695813e-02
  3.8699489e-02
 -2.3437829e-01
  9.8270901e-02
  3.5977680e-02
  5.3054662e+00
  2.9951289e-01
  3.3938675e+00
 -5.9827371e+00
 -1.9709414e+00
 -4.0216770e+00
 -3.5038109e+00
 -3.6789339e+00
 -1.9423625e+00
 -9.8838276e-01
  1.2828696e-01
  1.0516239e-01
  1.3590719e-01
 -1.7642303e-01
 -1.7625056e-01
  3.2355049e-01
  1.8908747e-02
  1.5521992e+00
 -2.7140460e+00
  2.0253168e-01
  1.9382175e+00
 -3.4134607e+00
 -3.0777076e-01
 -3.2846324e-02
 -4.6742007e-01
 -5.3449267e-01
  1.1838117e-01
  3.2877418e-01
 -3.4955990e-01
 -5.7090026e-01
  3.0935678e+00
  4.6988496e-01
  7.3230183e-01
  1.0615051e+00
  7.9042989e-01
 -1.8746009e+00
 -5.3051561e-01
  4.1370100e-01
  3.7902962e-02
 -1.0897317e-01
  5.2731955e-01
  3.9045572e-02
 -1.2056030e-01
 -1.7655963e-02
  5.2668460e-02
  2.3846698e-01
  2.6517028e-01
  9.5062636e-02
 -1.2897731e-01
  2.9217474e-02
 -7.8274243e-02
  5.9869491e-02
  1.9413850e-01
 -9.1627002e-02
 -2.6648620e-01
  8.9082253e-01
  9.9216357e-02
 -3.2853916e-02
 -2.4892868e-02
  5.3711072e-02
  1.0309451e-02
  1.3977471e-01
 -1.6166313e+00
  2.6847655e-01
  8.0346027e-03
 -2.7911842e-01
 -5.9457049e-02
  7.0570358e-03
  1.1192206e-01
 -2.2035134e-01
  6.3078666e-01
  1.3385285e-01
 -1.9184327e-02
  7.2932340e-02
  7.8717828e-02
  8.6198950e-01
 -6.1558846e-02
 -1.0962819e-01
 -7.8780368e-02
  2.2281176e-01
 -1.2315639e-02
  3.1756517e-02
 -5.1923834e-02
  1.2804502e+00
 -1.7418921e-01
 -1.3094249e-01
  7.3962748e-02
 -2.8433137e+00
  2.7538866e-01
 -4.1950852e-02
 -3.4368984e-02
 -1.7207761e-01
  1.7388927e+00
 -4.3197609e-02
 -8.2377288e-03
  5.3373417e-03
  2.2429882e-01
 -1.2824532e-01
 -2.8714234e-02
 -7.8341174e-01
  1.1154988e-01
  3.0911094e-02
 -1.6779850e-01
 -3.3362679e+00
  2.7030176e-02
  2.6255021e+00
  7.8361839e-02
  6.4200625e-02
  2.0541742e+00
  1.2356756e-01
  2.4931216e+00
  2.3478700e-01
  1.4376087e-01
 -3.2078814e-02
  6.5781124e-02
  8.0530953e-01
 -7.5793177e-02
  1.1876041e-02
  1.9325845e-01
 -2.9776271e-05
 -2.1126412e-01
 -6.3479386e-02
  5.6564908e+00
  3.5852146e-01
 -1.8788765e-01
 -1.7935802e-01
 -9.1836624e-02
  1.0678696e-02
  2.2974603e-03
  4.3234853e-03
 -1.2306483e-01
 -1.3599151e+00
 -7.0462054e-01
 -5.9704993e-02
 -2.3056688e-03
  1.0057275e-01
 -1.9105712e-01
 -1.0042286e-01
 -2.6324564e-01
  2.0424585e-01
 -1.5494515e-02
 -5.6823894e-02
 -6.5990891e-03
 -4.9573243e-02
  1.0439807e+00
  1.0235067e-01
  1.0704684e-01
  6.4105719e-02
 -2.0672498e-02
  4.4067759e-02
 -1.9701684e+00
 -1.9999385e-01
 -3.7168410e-02
  1.3814193e-01
  1.6158256e-01
  5.4667909e-02
 -1.7944386e-02
 -2.1186426e-01
  4.7751848e-02
  2.6314455e-01
 -2.8981102e-01
 -4.2449936e-01
  6.9377750e-02
  7.1734749e-03
 -2.4929948e-01
  4.8088688e-02
  7.1266115e-02
 -2.0545112e-02
  8.5070468e-02
  3.8742099e-03
  4.5481905e-02
 -3.0926673e-02
  2.8182054e-01
 -2.2607595e-01
 -4.2219590e-02
  1.6719623e-02
  2.6082364e-01
  4.0448703e-02
  2.6747825e-02
 -3.6825605e-02
 -1.8286692e-02
  1.2883341e-01
 -7.7302903e-01
  9.4790809e-02
 -1.5034470e-01
 -3.0922501e-03
 -3.5766002e-02
  5.5646431e-02
  1.3093975e-01
  1.7786112e-01
 -4.7782558e-01
  7.3644005e-02
  1.7200759e-02
  9.2807271e-02
 -1.0599329e+00
 -2.0348782e-02
  2.7249393e-01
 -1.4093526e-01
  3.6370090e-01
  3.6073390e-02
 -4.6122979e-02
  7.4520878e-02
  2.3709402e+00
 -5.4412119e-02
  7.4660635e-01
  1.1814523e+00
  3.7475829e+00
  5.6603384e-01
 -1.7095456e+00
 -5.5400032e-01
  8.9464557e-01
  6.2096316e-01
  6.3991114e-02
  1.6380366e+00
 -3.7732430e+00
  1.9822322e+00
 -2.9661593e+00
  1.1686785e+00
  3.7021393e-01
  2.1791689e+00
  2.9323511e+00
 -4.8395154e-01
 -1.3555136e+00
 -1.6600530e+00
 -3.2809284e-01
  4.4613314e+00
 -1.4087076e+00
  3.7961847e-01
  4.4283533e-01
 -1.7755345e-02
 -1.3308585e-01
 -1.3251345e+00
  1.1985722e+00
 -2.8086257e+00
  2.0808794e+00
 -8.0381477e-01
 -2.0092317e-01
 -1.6050462e+00
  1.2993264e+00
  6.4561623e-03
 -9.1815096e-01
 -4.9552128e-01
  2.4831726e-01
  4.0537324e-02
  1.6627824e-01
 -2.3821421e-02
  3.2545099e-01
  1.5256709e-01
  2.4287035e-01
  9.0561591e-02
  2.0799696e-01
  1.4487742e-01
 -1.2790375e-02
 -3.1085529e+00
 -5.3081725e-02
  1.1452883e+00
 -5.2681985e+00
  1.2954754e-01
  1.6535562e-01
 -5.2660145e-02
 -2.5094523e+00
 -5.5412310e-03
 -3.4584049e-02
  3.6477488e-01
  6.4789034e-02
 -3.5737238e-03
  4.7702108e-02
  2.9632388e-02
 -8.3569154e-02
 -5.1368631e-02
 -1.2091932e-01
 -1.8238184e-01
  6.9845110e-02
 -6.8264224e-02
 -7.9552919e-02
 -1.2018493e-01
  1.4478298e+00
  9.9960618e-02
 -1.4706044e-01
 -1.4365180e-01
 -6.2506661e-02
 -6.1067998e-02
 -1.5718150e-01
  9.5800772e-02
  5.0569922e-02
  1.6420791e-01
  3.2524191e-02
 -3.5437984e+00
 -1.5779147e-01
 -1.1243338e-01
  1.6018538e-01
  2.7546033e-01
  1.7052242e-01
  4.3297553e-01
 -4.8716511e-03
  2.2801807e+00
  1.7569885e-02
 -9.9497221e-02
 -1.5739838e-02
 -3.0001292e-02
 -6.1426170e-02
 -4.1495025e-02
  6.3017413e-02
 -2.1275447e-03
  5.2876908e-02
  2.1272311e-01
  2.1239740e-01
  2.2937755e-01
 -2.8872542e-02
 -1.0146346e-01
  2.6789345e-02
 -1.3597010e-01
  4.6771616e-01
 -1.8295588e-01
 -1.3344179e-02
 -9.4452858e-02
  4.4603315e-03
  4.7207087e-02
 -9.7315684e-02
 -9.6768074e-02
  7.1725719e-02
  6.8500668e-02
  8.8282570e-02
 -1.2576627e+00
  2.1022905e-01
  2.5317173e-02
 -7.7052475e-03
 -8.2432576e-02
  3.1595360e-02
 -1.0943108e+00
  6.6483247e-01
 -6.0653083e-02
 -6.2070813e-02
 -3.4584764e-02
  3.3457294e-02
 -2.0594090e-02
  1.6625379e-01
 -3.3552638e-01
 -4.6791375e-02
 -4.0256470e-02
 -8.8959998e-03
 -5.9497982e-02
  7.3527200e-03
 -1.8723881e-01
  2.5151983e-02
  2.0597847e-03
  2.6020721e-01
 -4.1464829e-01
 -2.2647621e-01
 -7.4633085e-03
  8.5011542e-02
  1.0506100e-02
 -2.1040142e-01
 -1.3851048e-01
 -1.3472633e-01
 -2.1266016e-01
  1.3314649e-01
  2.2018332e+00
  4.3637324e-02
  1.6295370e-01
 -3.1542376e-02
  3.0339379e-02
 -5.4028220e-02
 -6.1854590e-02
 -4.6047205e-01
 -2.7885294e-01
 -4.9202994e-02
  4.6992004e-02
 -6.1128292e-02
  1.2041546e-01
 -1.2824467e-01
  3.5301588e-02
  1.7634539e-02
 -8.5193820e-02
  8.4557801e-02
  4.5062121e-02
  2.2927126e-01
  6.9882549e-02
  1.2194252e+00
  4.5543954e-02
 -1.3967788e-01
  7.3605672e-02
 -2.5975237e-02
  2.0809501e-02
 -8.1193171e-02
  1.4252831e+00
 -8.3429091e-02
 -7.7795321e-01
 -1.3345116e-01
  1.1141969e-02
 -6.7205742e-02
 -3.6118083e-02
 -6.1537229e-02
 -1.2858745e-01
 -6.9226837e-03
  6.1751220e-02
  3.3300918e-02
  2.0945023e-03
 -1.4063336e-01
 -3.7103854e-02
 -2.3807030e-02
 -1.5503176e-01
 -1.2193864e-01
 -6.3986674e-02
 -1.6737143e-03
  7.0761301e-02
  1.5578105e-01
  1.9112700e-01
 -1.8765171e+00
  6.3534415e-01
 -5.1220696e-02
  2.1838931e-02
  5.2027619e-01
  2.7272433e-01
  1.9103644e+00
  4.3961763e+00
  8.8837087e-01
 -1.1815643e-01
 -7.7259511e-02
  1.6400939e-02
 -9.1389883e-01
 -1.2773456e-01
 -1.4986072e-01
 -7.2779600e-03
 -1.4923497e-01
 -1.0964029e-01
  1.4957969e-01
  8.3803624e-02
 -1.1813494e-01
  2.4101804e-01
 -2.8081460e-02
  2.5928696e-03
  2.4658862e-01
 -6.8001710e-02
 -3.1450561e-01
 -1.4664333e-01
 -1.3427652e-01
 -9.1310596e-01
 -8.8430148e-01
 -1.0472586e-01
 -1.2695279e-02
 -7.3371685e-01
  2.8013127e-02
  1.5459040e-01
  6.8426734e-01
  1.0357534e-01
  1.3219878e-01
  1.0084876e-01
 -1.2441961e-01
  9.0757586e-02
 -1.2281063e-01
 -3.0139184e-02
  2.2892904e-02
  2.1145551e-01
 -5.2347623e-02
  1.6309896e+00
 -3.2275006e-01
 -1.2985349e-01
 -1.3849625e-01
  2.5381205e+00
  5.2274269e-01
 -6.1034668e-02
 -4.4475356e-01
 -1.3201660e-01
  8.2213663e-02
  2.6948011e-02
  1.3036075e-02
 -1.0462213e+00
  5.2702915e-02
 -3.1844292e-02
  6.4765505e-02
  2.6036698e-01
 -1.7898992e-02
  5.7362147e-02
 -2.0117779e-01
  2.4056983e-01
  1.7184463e+00
 -4.1448446e-03
 -4.8757441e-02
 -3.9955215e-03
  2.0047433e-03
 -2.2928056e-01
 -4.1980259e-02
  5.0808217e-02
  3.3187274e-02
  1.3657071e-01
 -1.3888755e-02
 -8.1045866e-02
 -1.6891276e-02
 -9.1545224e-02
  3.1265357e+00
  4.7887217e-02
 -1.2886328e-01
  5.9831575e-02
 -7.7436596e-02
  1.6237940e-01
 -7.5254239e-02
 -7.2300538e-02
 -2.5793383e-02
  1.0118897e-01
 -1.1000175e-01
 -1.9712636e-01
 -8.5417172e-03
  2.5556119e-02
 -2.2334652e-03
  4.6964217e-02
 -5.9334576e-02
  7.7526677e-01
  1.0804190e-01
 -1.6064689e-02
  6.8369108e-01
 -1.3256294e-01
  7.9709264e-03
  2.0243928e-03
  4.5257521e-01
  5.6203816e-02
  8.9095294e-02
  1.5361317e-01
  7.3521115e-02
 -2.2168543e-02
 -1.9407833e-01
 -3.2127535e-01
  8.0084175e-02
  1.9099182e+00
  3.6402126e-03
  5.2960832e-03
  1.3020946e-01
 -5.9795503e-02
 -3.5505265e-02
  8.6276326e-03
 -2.2446644e+00
  1.2374425e+00
 -6.2557876e-02
  2.9121800e-03
 -5.0321162e-02
  9.9749282e-02
 -6.1467940e-01
 -2.4387326e-02
  7.3108904e-02
 -7.0744060e-02
  4.5661569e-02
  1.8484368e+00
 -1.7979736e-03
 -2.1849322e+00
 -5.8382113e-02
 -4.9856298e-02
 -7.4147340e-03
 -1.1472348e-01
  5.3037065e-03
 -1.3455395e-01
 -1.8045823e-03
 -8.2015872e-02
  2.4795592e-02
  5.8667684e-01
 -5.5984952e-02
  2.9658053e-02
 -1.8596512e+00
 -1.9248348e-02
 -3.9868298e-01
 -2.2501690e-02
 -6.3866481e-02
  1.2527986e-01
 -8.8854529e-02
 -1.0097779e-01
 -6.4262711e-02
 -7.1723506e-02
  1.0563289e-01
 -2.0659432e+00
  1.6772281e-02
  2.3416112e-01
  2.8869644e-02
 -2.4963962e-01
  5.6939278e-02
 -1.0609970e-02
 -3.5227153e-02
  6.8211966e+00
 -1.5263709e-02
 -3.5447013e-02
 -2.6397228e-01
 -7.3529631e-02
  1.7744662e-01
  1.7552592e+00
 -4.2693761e-01
 -2.6386559e-01
 -2.8388364e-02
  4.9763674e-01
 -3.5351908e-01
 -1.6943702e-01
  2.3300799e-02
  8.8806653e-01
 -3.2525184e+00
 -6.6817137e-03
  2.3521829e-02
  3.5303541e-02
 -2.1392334e+00
 -5.4559514e-02
  7.4081635e-03
  8.3499318e-01
  1.0287669e+00
 -9.9019893e-02
  3.6887635e-02
 -7.8648217e-03
  8.0198549e-02
 -7.2776824e-02
  1.5898600e-01
  6.0413193e-02
 -4.3101802e-02
  6.8967544e-02
  3.2821319e-01
  6.0919799e-02
 -5.1720843e-02
  1.9984610e+00
  4.5633525e-02
  1.7793435e-01
 -2.5849372e-02
 -1.3361210e+00
 -8.5405380e-02
  5.2796572e-02
 -9.8313652e-02
  2.2295710e-01
  2.3578487e-02
 -6.6963829e-02
 -2.7827189e+00
 -1.2544367e-01
  1.5914956e-02
 -1.1608325e-03
  6.0837746e-02
  1.0452487e-01
 -8.1364565e-02
  6.4168274e-03
  1.5035580e-01
  2.3123192e-02
 -6.9198623e-02
  6.9266357e-02
 -2.2241582e-01
  2.0821846e-01
  1.1461683e-01
 -2.8268939e-01
  7.9339188e-01
 -3.5693113e-02
  1.5329094e+00
  7.8209348e-02
  3.8214296e-01
 -8.9791767e-02
 -1.7558904e-02
 -9.0715563e-01
  1.0213223e-01
  4.0005101e-03
  8.9710452e-02
 -1.8183908e-01
 -1.3833068e-01
  7.5775743e-02
 -4.8931396e-01
 -3.8415842e-02
 -1.8156127e+00
  2.7542017e-02
  4.2876925e-02
  5.3502101e-02
  3.9346519e-01
  1.1212573e-01
 -1.1448704e-01
  8.0338614e-03
 -1.1717739e-01
 -4.4159698e-01
  9.0541452e-01
  3.6241393e+00
 -4.5127435e+00
 -2.4326365e+00
 -6.5480475e+00
 -1.9509523e+00
 -1.8253908e+00
  6.5673876e+00
 -3.3414360e-02
  3.6201475e+00
  3.7319298e+00
  2.3737591e-02
 -1.8485168e-01
 -4.6333308e+00
  1.9945092e-02
  5.9914064e-01
 -1.1100595e+00
 -7.7686208e-01
  9.6396811e-02
 -1.8819866e+00
 -4.1473415e-02
 -3.8473174e-02
 -1.0043657e+00
 -2.8266439e-02
  6.4522016e-01
 -1.6996621e+00
  7.1890730e-01
  1.3376279e-01
 -2.6362222e-01
 -2.9383513e-01
  1.4185521e-01
  5.2218799e-02
 -1.2426455e-01
  1.7577603e-01
 -1.7776440e-01
 -6.0794705e-01
 -2.1804679e-02
  2.3585500e-01
 -1.7900638e-01
 -2.0865960e-01
 -1.8349877e-02
  9.9234939e-02
 -3.8437515e-02
  9.2229062e-01
 -7.3559828e-02
 -4.9409676e+00
 -6.7369165e+00
  5.6454528e-02
  1.9130379e-01
  1.6274551e-01
 -8.0568798e-02
  7.2683222e-03
  4.2383213e+00
 -3.1550384e-01
  5.8561351e-02
  3.5819657e+00
  6.9290493e-03
  2.5212202e+00
  5.9327883e-01
  1.5637301e-01
 -1.6576923e-02
  3.3593912e-02
 -1.7969105e+00
  1.2193795e-01
 -2.3781252e-01
  7.5176224e-02
  4.7254395e-02
  2.6560837e-02
  1.4908054e-01
 -1.4778205e+00
  2.4958672e-02
 -2.3372963e-02
 -2.2959230e-02
 -1.7721297e-01
 -4.1719493e-02
 -1.7422298e+00
  9.5475718e-02
 -2.5947839e-02
  9.9447660e-02
  2.2744162e-02
 -9.4816901e-02
 -8.1358664e-03
 -4.8667321e-01
 -2.2155693e-01
  2.9413976e-02
  1.8227616e-01
 -7.5354248e-01
 -2.5487369e-02
 -1.2310302e-01
  1.4691974e+00
  2.4461609e-01
  2.5852682e-02
 -9.8105511e-03
 -1.2368371e-02
 -7.8174502e-02
  2.3755972e-01
  5.1441234e-01
 -8.5969299e-02
  1.0698193e-02
  3.0264113e+00
  1.0200368e-02
 -4.0515695e+00
  4.4177730e-02
 -1.8288924e+00
  2.1816876e+00
 -4.8305619e-01
 -1.7325814e+00
  3.3630437e-01
 -2.9541667e+00
  2.8242643e+00
 -6.6505975e-01
  6.4841837e-01
  6.9444194e+00
  6.2627745e-01
 -6.4235717e-01
  1.1816403e-01
  6.3179232e-02
 -7.7867150e-02
 -3.3821460e-02
  3.7120070e-02
  9.5978290e-01
 -3.0508411e+00
 -3.7820740e+00
 -5.7604855e-01
 -1.2278719e-01
 -3.3507280e+00
 -2.0904131e+00
  2.3731634e-02
 -2.7651527e+00
 -2.0051601e+00
 -2.0583184e+00
 -3.3086514e+00
 -9.4295001e-01
  8.9248735e-01
  7.8237402e-01
 -3.1794872e+00
 -2.5594261e-01
  9.1243929e-01
  2.2913015e-01
  4.8790973e-01
  9.4202483e-01
  5.1123521e-04
 -6.8405378e-01
 -1.1646602e-01
  4.0411022e-02
  1.1255494e-01
  2.5200257e+00
 -3.4955364e-02
 -4.9833031e-03
 -1.4283623e-01
  1.2802038e-01
  8.7972544e-02
  5.9959972e-03
  1.1799905e-01
  1.4412589e-01
 -1.9522448e-01
 -4.4957036e-01
  1.3429651e-01
 -1.2447827e+00
 -3.6908755e-01
 -6.9730677e-02
  1.0576895e-01
 -2.7701980e-02
  3.3564888e-02
  2.7221259e-01
  3.1091025e-02
 -2.2572953e-02
  7.4623370e-01
 -9.7789988e-02
 -1.8375721e-02
  7.3657730e-03
  1.6250562e-02
 -2.9204208e-01
 -4.3591222e-01
  1.8286449e-01
 -1.9259417e-01
 -6.1110057e-02
 -5.1861453e-01
 -4.5861402e-01
  5.8002464e-02
 -1.4515433e-01
 -7.7373728e-02
  2.7415276e-01
 -9.7483493e-02
  6.5392423e+00
 -1.1010346e-01
 -9.2999190e-02
  5.3841706e-02
  1.9549001e-02
 -1.1384350e-01
 -1.4236358e-01
 -1.9118105e-01
 -4.1177876e-02
 -1.9804777e-01
  3.4966286e-02
 -1.4691631e-01
  2.4927497e-02
 -3.5249610e-02
 -2.0436053e-01
  4.9488556e-02
 -1.3563238e-01
 -1.1035100e-02
  7.8883111e-02
  1.2019522e-01
  8.3864379e-01
 -8.3496667e-02
  1.3947029e-01
 -4.2110184e-01
 -9.0576988e-01
 -3.4062117e-01
 -4.5691088e-01
 -2.9721043e+00
 -1.6133105e-02
 -3.7644741e-03
 -8.6796107e-03
 -1.4259987e-01
 -2.8148174e+00
  3.1231927e-02
 -1.4481490e-02
  2.5923705e-02
  4.0870868e-02
  9.4769903e-02
 -6.7040987e-02
  2.8896201e-02
 -1.4049307e-01
  1.7609686e-01
 -9.0866134e-02
  2.0882504e+00
  2.1426128e-02
 -9.1552027e-02
 -1.6789891e-02
 -1.1881205e-02
 -2.6195621e-01
  9.2785254e-02
 -4.7948056e-01
  1.6365327e-01
  2.2869453e+00
 -5.8403056e-02
 -1.3244176e-01
 -7.5396365e-01
  2.6758084e-01
 -2.9306028e+00
  4.2522135e-01
  1.3661198e-02
 -1.6851859e-01
  4.1188251e-02
 -4.2186610e-02
 -4.0108230e-02
 -4.3042254e-02
 -9.3922026e-02
 -7.2519946e-01
  2.4994609e-01
  5.9670098e-02
 -2.0316377e-02
  1.3814538e+00
 -3.0330807e-02
  1.6033509e-01
 -3.1989999e-02
 -9.1682617e-03
 -2.4166903e-02
  2.3242450e+00
  1.3552231e-01
 -1.6387863e-01
  3.9286423e-02
  1.0502586e-03
 -7.4096903e-02
 -1.1122648e-01
 -1.0561717e-01
  8.6106703e-02
 -2.9634833e+00
 -1.7380515e-01
 -2.8203014e-01
  7.5906679e-02
 -2.1127546e-02
 -4.5810208e+00
  1.6853353e-01
  5.3159501e-02
 -2.5172973e-01
  3.3708334e-02
  1.4578701e+00
 -1.2824231e-01
  2.4523592e-01
  1.1028729e-01
 -2.7679620e-02
  6.7546375e-02
  1.4102802e-01
  1.4852738e-01
  2.4613962e-01
  5.1798634e-03
  1.2055902e-01
  2.1686664e-01
  1.6887435e-01
  1.9784380e-02
  9.6449368e-03
 -3.8262893e-02
  2.1608958e+00
 -7.9579419e-03
  5.7087891e-02
 -2.1977174e-01
  1.1042073e-01
  1.1551309e-01
  1.2763199e-01
 -2.3218940e-01
 -2.3799174e-02
  2.6570258e-01
  1.0199904e-01
 -2.4383646e-01
  2.0405021e+00
  1.1002211e-01
  9.6028782e-03
 -3.3200841e-02
 -4.1700470e-01
  3.3742294e+00
 -4.6146223e-01
 -8.8517189e-02
 -2.1918945e-01
  5.5418883e-02
  1.0890369e-01
 -1.3258246e-01
 -9.9722549e-02
 -1.6089560e-01
 -6.9082016e-01
  5.6261979e-02
 -5.2829328e+00
  2.2136301e-02
 -4.2415768e-02
 -9.5959291e-02
  2.0085585e-01
  3.2800697e-02
  1.9421263e-01
  2.0156997e-01
  1.7345642e-01
 -1.7122433e-02
 -2.2967052e-01
 -7.8464977e-02
 -2.7645295e-03
 -1.5401804e-01
 -1.4886835e-01
 -1.5958935e-01
 -2.5074437e-01
  7.5061768e-02
 -1.0260228e-01
  1.0173094e-01
  1.1081160e-02
  1.0653065e-01
 -8.8309035e-02
 -1.9356973e-02
  6.7210849e-03
  2.2168925e-01
 -1.8273465e-01
 -3.1190589e-02
  3.3505853e-02
 -9.5763363e-02
  3.5600532e-02
 -1.2356970e-01
  2.3512064e-01
  1.0314644e-02
 -1.4542724e-02
  1.6744863e+00
 -4.7274776e-02
 -3.8195109e-01
 -1.2342141e-02
 -1.4022446e-01
  4.3962270e-02
  3.2153700e-02
 -5.2629735e-02
 -2.4002885e-02
  4.3616670e-01
 -6.2986170e-03
 -7.9537421e-01
 -5.7786264e+00
 -1.1769712e-01
  2.0287969e-04
 -1.2032264e-01
 -1.2062702e-01
  5.1401138e-02
 -1.9120668e-01
  1.0424101e-01
 -1.4623725e+00
  8.7285630e-02
  1.1006799e-01
 -2.5016245e-02
 -3.0049816e-02
  2.7780098e-01
  1.4204223e-01
  1.3919489e-02
  5.8653142e-02
 -2.0333380e-02
 -7.6283775e-02
  2.0477235e-01
  2.7611297e-02
  4.0510374e-01
 -8.6374030e-02
  9.8235399e-02
 -5.0282288e-02
  3.7778600e-03
  2.3895834e-02
  2.5794409e-02
  4.7883365e-02
  1.6146232e-01
 -9.0973014e-01
 -6.8861626e-02
 -1.1666903e+00
 -2.8535838e+00
 -1.3417590e-03
  3.9147168e-02
  3.8061118e-01
 -1.6406681e-01
 -4.5551816e-03
 -6.5436882e-01
 -1.5093425e-02
 -3.6611834e-01
  4.1294325e-02
  3.5786300e-03
  7.9754911e-02
  5.8812180e+00
 -1.9755578e-02
  7.6228343e-02
 -5.5523497e-01
 -1.8060723e-01
  1.3766148e+00
  2.4170694e+00
 -1.7994829e-01
  2.0505154e-01
  7.0985764e-02
  8.8802141e-01
  2.6457137e-01
 -6.1714135e-02
  1.5945135e-01
  1.1822525e-01
 -4.3285474e-02
 -4.0227890e-02
 -1.8121834e-01
  4.2006776e-02
  1.3895872e-01
  1.7297324e-02
  7.5745828e-02
  3.9427254e-01
 -9.0776068e-01
 -7.3291115e-02
 -2.4867913e-01
  8.3841693e-01
 -1.3469316e-01
 -9.0338476e-03
  2.2030193e-01
 -1.7116589e-02
  7.9126514e-02
 -1.1765095e-01
 -2.6805146e-02
  2.9385285e-03
 -8.2180947e-03
 -1.4411360e-01
  1.2985168e-01
 -5.5167168e-02
  1.2401707e-01
 -2.8868059e-03
 -5.4820824e-01
 -1.9894004e-01
  4.4406476e+00
  4.6385498e+00
 -2.9807758e+00
 -4.3074727e+00
 -3.6570969e+00
  9.4543703e-02
  4.4383531e+00
  5.7014668e-01
  5.2087774e+00
  4.6435684e-02
 -2.5174428e-02
 -4.7169037e-02
 -6.2352654e-02
 -6.6334807e-04
  3.2703099e-03
  2.1970198e-02
 -4.1301462e-01
 -1.9573356e+00
 -7.2870696e-01
 -3.8394725e+00
  3.0017078e+00
 -4.5257676e-02
  3.1384017e-02
 -4.9947584e-01
  9.5524329e-01
  3.1089671e+00
 -1.2068156e+00
  2.0777073e+00
 -2.1885423e-01
  4.8166567e-01
  2.1693170e+00
  9.4309402e-01
 -5.1595807e+00
  1.0142975e-01
  1.2448642e+00
 -2.3420085e-01
 -2.5693254e+00
 -1.8642780e-01
 -7.5538673e-02
 -6.1546735e-02
 -1.1917730e-01
  8.0776215e-02
  9.4237618e-02
 -1.4763811e-01
 -2.0686933e-01
 -1.0307144e-01
 -9.6399911e-02
 -7.2427645e-02
  1.5123805e-01
  1.4685063e-02
 -1.3810682e-01
 -2.2128186e-01
  1.9227055e+00
  2.2945750e-01
  3.2949522e-02
 -9.9988244e-02
 -4.3096313e-01
 -2.7429187e+00
 -4.4671416e-01
 -6.1580867e-01
 -4.5620371e-02
  3.0684043e-02
  3.6724874e-01
  9.7563311e-02
  6.0324326e-02
  4.0459948e+00
 -8.9888582e-03
  7.1914718e-02
  1.4597139e-01
  7.7254750e-02
 -1.9292641e-01
 -4.0032482e-01
 -5.8648676e-01
 -1.2848411e-04
  3.8694128e-01
 -2.2971883e-01
  3.3176830e+00
 -1.6413193e+00
 -2.5858490e+00
 -2.9161453e-01
  2.3087337e+00
  2.3066874e+00
 -3.6263531e-01
  1.0303512e+00
 -2.0248311e-02
  1.5197132e+00
 -1.4410578e+00
 -5.3775346e-01
 -5.9374202e-02
  4.4061248e-03
  2.5701401e+00
  8.5846260e-02
 -2.2199454e-02
  7.1014293e-02
 -3.6641508e-02
 -1.0230418e-01
  1.8511045e+00
  9.2601031e-02
 -2.7581385e-01
 -2.0833323e-02
  2.7225769e-01
 -3.2821271e-01
  4.9525078e-02
 -7.5146735e-02
 -1.8904383e-01
  4.5673363e-02
 -2.6987836e-01
  4.1191477e-01
 -3.6321208e-02
 -1.0454356e-01
  1.8210913e-01
  3.4823235e-02
  1.2433874e-01
 -1.3355566e+00
 -1.4426810e-01
 -1.3596778e-01
  1.7138529e-03
 -1.8075049e-01
 -1.2305044e+00
  1.4633243e-02
 -1.0053510e-01
  5.1536236e-02
  2.4152723e-01
 -5.4750264e-02
 -1.4391162e-01
  2.5342895e-02
  4.0230267e-02
  4.4073185e-01
 -4.0476069e-01
  1.1628463e-01
  5.2535674e-04
  9.6960150e-02
  1.8047999e-01
 -9.8947085e-02
  1.6040932e-01
  3.5777818e-02
  3.3228305e-01
 -1.6304572e-01
 -1.7137064e-01
  1.7703283e-01
  1.2404314e-01
  7.5478390e-02
 -1.1221342e-01
 -5.0395536e-01
  2.2908829e-01
 -1.7811482e+00
  5.0377440e+00
 -1.3592039e-01
 -5.3499922e-02
  7.1747497e-02
  6.0979259e-01
  1.2822917e-01
 -3.4493944e-01
 -1.0418615e-01
  1.7540962e-02
  5.4877665e-02
  9.7773327e-03
 -4.5928770e-01
  1.0377301e-01
 -4.5022064e-01
  3.3937708e-01
 -6.9668584e-02
  4.7826070e-02
  6.7109324e-02
  1.1843664e-01
 -3.2809862e-01
 -3.9935415e-03
  2.6704080e+00
 -2.5326999e-02
  5.2012295e-02
 -1.1763448e-01
  5.2129488e-02
 -2.8997129e-01
  2.6030527e-02
 -8.4127450e-01
  3.0483190e-02
 -6.5894546e-03
 -6.7421615e-02
  1.9898903e-02
  4.8895562e-03
  1.5009871e-01
 -7.1849474e-03
 -5.8834117e-02
  9.5792270e-01
  1.0358018e-01
  7.8524038e-04
  3.1845339e-02
 -5.4736976e-02
 -3.5261281e-02
  1.3877167e-01
 -1.7789528e-01
  1.4835106e-01
  1.0019281e-01
 -9.4969831e-02
 -6.3354477e-02
  9.7872317e-02
 -1.5276207e-01
  6.5238766e-02
  1.3166786e+00
 -1.0515769e-01
  3.8680211e-01
 -1.0575486e+00
  2.2031373e-01
  2.2649604e-01
 -1.9043807e+00
  2.2650986e+00
 -5.1544958e-01
  1.4008768e+00
 -2.6332510e+00
  4.9408284e-01
 -6.3518643e+00
  3.8194969e+00
 -1.7457112e+00
 -2.0094013e-01
  2.6077172e-01
  1.0209786e+00
  3.7361563e-03
 -2.4187171e+00
  6.0583699e-02
  1.0119808e-01
 -1.3491321e-01
  2.5047425e-02
  5.1089209e-02
  2.0298315e-02
 -3.0144190e-02
 -1.3042338e+00
 -5.4329857e-02
  1.3691614e+00
  1.2013664e+00
 -2.1555610e+00
  1.1696938e+00
  1.3812714e+00
 -6.5066606e-01
  9.2039961e-01
  1.4981799e+00
  2.1379616e+00
 -1.3952075e-01
  1.2653143e+00
 -1.3402744e-02
  6.4270961e-01
 -7.9517341e-01
  3.8861319e-01
 -1.0218859e-01
 -1.0286056e-01
 -7.4458659e-01
  3.5034083e-02
  4.6576560e-01
 -1.8650874e-01
 -1.0136165e-01
  2.1773204e-01
 -3.6405485e-02
 -6.2190086e-02
  3.5477318e-02
 -1.8639930e-01
 -6.9514535e-02
  1.6069077e-01
 -1.2624756e-02
  1.3324399e+00
  6.1348859e-02
 -3.3475676e-01
 -9.2254266e-02
 -2.4077643e-01
  1.1683923e-02
 -1.1514958e-01
 -4.2026749e-01
  9.8776305e-03
  1.4227678e-01
  8.4238082e-02
  4.1897211e-02
  1.6013200e+00
  6.3494824e-02
  3.2598890e-02
  5.5697966e+00
 -2.3613915e-01
 -2.2056267e-01
 -6.2438916e-02
 -1.3798818e-01
  1.8469501e-02
 -3.9826551e-01
  1.9343915e+00
 -5.2214468e-01
  1.5403371e-02
 -1.0665876e+00
 -9.8055944e-02
 -4.3938439e-02
  1.4166591e-01
 -1.0260552e-01
 -3.6816042e-02
  6.0360715e-02
 -3.9533991e-02
  4.3587085e-02
 -2.9874602e-01
 -9.6262462e-02
 -7.6648794e-02
  5.1978067e-02
  1.6566451e-01
 -1.4564647e-01
 -6.7665577e-02
 -6.9642201e-02
  3.7602767e-02
 -1.3317209e-01
  8.5796066e-02
 -2.8363636e-01
 -7.6606415e-02
  1.2693763e-01
  8.4146746e-03
 -2.1268217e-01
 -1.7853811e+00
 -3.2911572e-01
  2.3155284e+00
  1.3966882e+00
 -3.8842514e+00
  1.2899586e+00
 -6.8613154e-01
  9.1528946e-01
  1.3980801e+00
 -2.4542046e+00
 -2.4391298e+00
 -2.3732636e+00
  1.2356297e+00
 -2.3780683e-01
  9.8190641e-01
 -1.0140765e-01
 -3.6901444e-01
 -1.7735600e+00
 -7.7146089e-01
  1.4111960e+00
  1.8913351e+00
  5.3383899e+00
  1.3620174e+00
 -4.8652263e+00
 -1.6273566e+00
 -1.4465067e-01
  1.4686956e+00
  3.2022107e+00
  3.1383801e+00
 -1.4073185e+00
 -4.1793051e+00
 -3.4602497e+00
  1.4728111e+00
  1.1217600e+00
 -6.0573941e-01
  4.4612619e-01
 -1.0181499e-01
 -5.6326590e-02
  1.1197241e-02
 -5.9948087e-01
  1.2070701e-01
  3.9203593e-01
  3.1947486e-02
  1.7226939e-01
 -4.0796113e-01
  2.0851216e-01
 -5.8190033e-02
  3.3356544e-02
  2.3292894e+00
 -4.1347694e-02
 -1.0286960e-01
  9.7644426e-02
  8.7974772e-02
 -3.9770794e-03
 -1.1928436e-02
 -1.9882503e-01
 -2.2056054e-01
  2.4757576e-01
 -4.4685750e+00
  7.2544932e-01
 -1.6127685e-01
 -4.5585814e+00
 -1.1287241e-02
 -4.3829727e-01
 -1.1588418e-01
  1.2976167e-02
  3.4816682e-02
 -4.0347278e-03
  6.5299243e-02
  9.2546612e-02
 -7.9137534e-01
  4.9959701e-01
  1.3426602e-02
 -3.0365689e-02
 -1.1874829e-02
  6.2687755e-02
 -2.1006986e-01
 -1.3080023e-01
 -4.9747210e-02
 -5.4301947e-02
  3.9379245e-01
 -3.5360437e-02
 -1.0314050e-01
 -3.0329483e-02
  4.2436354e-02
  7.6431729e-02
 -2.1249865e-01
  3.1149071e-02
  7.8262091e-02
  1.3663920e+00
 -6.5476373e-02
 -6.1754946e-02
 -1.9007306e-01
  2.2363774e-02
  1.3958018e-01
 -8.9625027e-03
  1.2273970e-02
 -6.0074240e-02
  1.6248638e-02
 -4.5439098e-02
  2.2588124e-02
 -1.0522677e+00
  2.1537414e-02
  1.5857030e-01
  2.1178270e-02
  6.4892061e-02
 -8.8803150e-02
 -9.2154831e-02
  6.5262914e-02
  1.6757692e+00
  7.8862607e-03
  1.1827108e-01
  1.7440616e-01
 -2.2140956e-03
 -5.3262650e-03
  5.2598942e-02
 -1.7201887e-01
 -3.7011940e-02
  5.8218485e-01
 -4.4055977e-01
 -6.2360555e-01
  1.1290307e-01
 -3.2107558e-02
  1.8993293e-01
 -9.8141722e-02
  6.4837784e-02
  7.0613332e-02
 -2.2892324e-02
 -3.9984067e-03
 -5.1586851e-02
  1.6543837e-01
 -6.9713831e-02
  8.2613237e-02
 -2.4427402e-01
 -2.9545536e-02
 -2.1521504e+00
  8.5300975e-02
 -1.6561706e-01
  9.8135890e-03
  2.2851071e-01
 -6.1689552e-02
 -1.2892087e+00
 -1.1555579e-01
  1.6155423e+00
 -2.2824128e-01
  1.5854893e-02
 -7.8147776e-02
  1.2481756e-01
 -9.9732988e-02
  1.0473460e-01
 -2.0908751e-01
 -1.2000581e-03
 -5.1172823e-02
  7.7535443e-02
  3.8416150e-01
  1.8980409e-01
  1.7810768e+00
  1.0239825e+00
 -2.6590478e+00
 -6.8626398e-01
 -6.8493414e-01
  1.1870300e-01
  8.7003924e-02
 -1.3308923e-01
 -8.8334121e-02
 -1.6491628e-01
  9.8108637e-01
 -3.1605870e-01
  2.5327051e-01
  2.8668061e-01
 -1.6411167e+00
 -7.9552121e-02
  2.6781207e-01
 -5.7886082e-01
 -1.0725619e+00
  1.7550346e-02
  3.8798940e-01
  4.6826556e-02
 -2.9283398e-01
  3.2008063e-02
  8.1227414e-02
 -1.2367532e-01
  1.7595753e-01
 -5.6104630e-01
 -2.7635062e-01
 -6.5241337e-01
 -5.0041795e-01
  8.1583090e-02
 -3.9027330e-02
 -1.7263578e-01
 -1.7468198e-01
 -1.5505423e-01
  2.8030491e-01
  4.2266649e-01
  3.1854573e-03
 -1.5763799e-02
 -2.8495577e-03
  1.4220669e-02
  1.6515569e-03
  3.4253679e-02
  9.6358983e-03
 -1.7253760e+00
  1.0715646e-01
 -2.8367584e+00
 -4.3316919e-01
  4.6843033e+00
 -7.6522332e-01
 -1.4509573e+00
 -2.9485710e+00
 -3.0859584e-01
 -7.6982832e+00
  5.2504897e+00
 -2.2471729e-03
  8.0725902e-01
 -2.1618992e-01
  2.7963939e-01
  3.7016895e-02
 -4.1827655e-01
 -1.8694657e+00
 -2.0827734e+00
  1.4128504e+00
 -2.0936789e-01
 -2.0362777e-01
  2.2652537e-02
 -1.5812890e-01
  3.5392004e-01
 -7.1448170e-02
  1.1989613e+00
 -1.4678939e-01
 -8.3533384e-02
  4.8625950e-02
 -1.3767734e-02
 -9.3780300e-03
 -2.2088382e-02
  6.5655833e-01
 -3.9087421e-01
  2.0586632e-02
  9.6009141e-03
  4.8093066e-02
  2.9178572e+00
 -1.2329501e-01
  1.6393627e-01
 -4.7653455e-02
 -8.7696509e-03
 -2.1439001e-02
  3.1229776e-01
  5.9581980e-02
 -4.0511549e-03
 -1.2023690e-01
 -1.9934133e-02
 -1.4829670e+00
  8.3600916e-02
  1.5861404e-01
 -1.4424330e-01
 -4.3087564e-02
 -1.3996090e+00
  1.8442179e+00
  6.3824929e-02
 -4.8578209e-01
 -1.3110976e+00
 -5.7933223e-01
  1.4358696e+00
  7.1183246e-01
 -2.5350845e-01
  2.5556631e+00
 -8.1273206e-02
  4.0924776e-01
  1.8420154e-05
 -5.4193716e-02
 -1.1107700e-01
  3.1209681e-02
  9.0780044e-01
  4.0131200e-02
 -1.5173082e-01
  7.3753476e-02
  1.4807654e-02
 -9.0455942e-02
  1.2173667e+00
  9.7398527e-02
  1.2306636e-01
 -9.4371535e-02
 -7.8529373e-02
 -1.4790958e+00
 -1.2186337e+00
  9.2075074e-01
 -2.1023870e+00
 -2.1101528e-01
  2.5281325e-01
 -6.2521957e-02
 -1.2247306e-02
  2.4530677e-02
  1.9177122e-01
 -1.3242625e-01
  8.6237127e-01
  2.2797611e-01
  4.9142294e+00
 -1.7599212e-01
 -8.8460557e-02
  6.2073015e-02
  2.4877222e-02
  1.9557042e+00
  6.6800460e-02
 -3.8727742e-02
  5.0598554e-02
 -6.5139145e-02
 -6.5750554e-02
 -1.3594891e-01
  5.6850899e-02
  1.0926186e-02
 -1.4705372e-01
 -8.7978758e-02
 -5.3960407e-01
 -3.8385674e-01
  2.1784283e-01
  3.9968360e-04
  6.9600229e+00
  2.7119476e-04
 -2.7492039e-02
 -1.9864418e-01
 -2.0826814e+00
  2.8574924e+00
  8.2221463e-02
 -1.6863325e-01
 -3.8045693e-02
  7.6119606e-03
 -2.1000888e-02
 -1.0657732e-01
 -1.2727758e-01
 -2.2384441e-01
 -2.7532539e-01
  1.1198483e-01
  3.2483727e-02
 -2.8091881e-02
 -1.7580737e-01
  1.2178944e+00
  1.6297983e-01
  1.3481902e-01
  7.7881575e-01
  8.3545439e-02
 -6.2719330e-02
 -9.1771791e-03
  1.2576663e-01
  1.5734736e+00
 -1.6086544e-01
 -3.3542115e-02
  5.5705267e-01
 -8.5108439e-03
  2.3761182e-01
  9.4926253e-02
 -1.0265876e-01
  3.1178379e-01
 -5.3693738e-02
  4.4296078e-02
  2.2708569e-01
 -9.1688740e-01
 -1.7212137e+00
 -2.1160643e-01
 -3.9846370e+00
  2.2419703e-01
  1.8193817e-01
  1.1333868e-01
 -5.6684071e-01
 -2.1575022e+00
  5.5686146e-02
  6.9397524e-02
  5.8662975e-01
 -1.7935549e-01
 -5.4348860e-02
 -1.9392139e-01
  1.5150096e-01
 -5.2411268e-03
 -4.4282846e+00
  1.6591167e-01
  1.2813523e-01
 -6.0789156e-01
  2.2856219e-01
  1.6421583e-01
 -1.9829249e-01
 -4.4474206e+00
 -1.2745013e-02
  1.4440356e-01
 -6.5034324e-01
 -4.7930572e-02
  1.9887011e-01
  3.9108258e-01
  6.2660374e-02
 -7.1165338e-02
  1.1100090e-01
 -1.2410167e-01
 -2.2350225e-01
  5.4468844e-02
 -8.9853280e-04
  5.6631502e-04
  3.0957820e-02
 -2.3488578e-01
  4.7853124e-01
  4.6577714e-02
  2.2805634e-01
 -9.5892232e-05
  4.7051303e-02
 -4.6607424e-02
  2.0753217e-01
  3.0149223e-02
  1.0526373e+00
  2.4609268e-04
 -6.1818045e-02
  7.0937932e-02
 -6.7939615e+00
  3.1595075e+00
  6.6334052e+00
 -3.4236274e+00
  3.1843836e+00
 -9.1195593e+00
 -6.7979103e-01
 -2.8056509e+00
 -4.1814628e+00
  8.3707838e-04
  3.0307739e+00
  3.7568908e+00
  7.6002276e-01
  9.8579222e-01
 -5.3407388e+00
 -5.0129957e-02
  2.7849525e-01
  4.0187583e+00
 -3.3406427e+00
  3.9259771e-01
  2.1452317e-01
 -3.9549410e-01
  8.4561801e-01
 -1.4846663e+00
  2.1077870e-01
  4.1196408e+00
  1.7720281e+00
  2.4291678e-01
 -9.7423887e-01
 -1.3718141e+00
  2.2202696e-01
  4.4188666e+00
  7.0858258e-01
  1.3320074e+00
  1.3048998e+00
 -2.7157439e-02
  3.6344102e-01
  2.6770218e-03
  5.8942132e-02
 -5.1936276e-02
 -4.4394830e-01
 -5.3614967e-02
  5.3144872e-02
 -3.3951737e-02
 -3.0290181e-02
  1.2457983e+00
  2.2082472e-01
 -1.1243873e-01
 -4.3612912e-02
  8.9814715e-02
 -7.5663619e-02
 -4.3333033e-01
  1.7641178e+00
  3.4663182e-01
 -3.3426222e-01
  7.3296964e-01
 -1.8281603e+00
 -2.7255324e-01
  3.3456996e-01
 -9.2162222e-01
  3.7565461e-01
  3.4343830e-01
  3.4128860e-01
 -1.8159199e+00
 -1.1312585e+00
  1.3736518e-03
 -8.0399454e-01
 -1.3569070e+00
  1.3549268e-01
  4.6569843e-02
 -5.7630839e+00
  8.0905801e-01
 -2.5493145e+00
 -5.4987830e-01
  8.1193119e-01
  1.0433184e+00
 -1.6444571e-01
 -2.9992208e+00
  3.8604751e-01
 -1.1918937e+00
 -1.0396659e+00
  9.4824815e-01
  1.1240199e+00
 -2.2883573e-01
 -6.0685525e+00
  2.1317929e-01
 -5.1095700e-01
  1.4111371e+00
 -3.1965092e-02
  2.0121175e-03
 -1.1887366e+00
  2.0318189e-01
  4.0590785e-02
 -4.2131814e-01
 -2.5993085e-01
  9.9722959e-02
 -6.1571717e-02
  3.6480732e-02
 -2.0921905e-02
 -5.2137394e-02
  1.7789956e-02
  7.2071767e-01
  9.1101182e-01
  6.0295727e-02
 -3.7989818e-02
 -4.8377123e+00
 -8.0533169e-02
 -1.4203912e-01
 -1.5349597e-02
 -1.1682147e-01
 -1.3700267e+00
  1.3967928e-01
 -1.3220084e-01
  4.7882047e-02
 -7.9749897e-02
  2.0746166e-01
  1.4351127e-02
  3.1106830e-02
  1.3582715e-03
  1.7040640e-01
  4.9566865e-02
 -1.9469464e-01
 -2.4639933e+00
 -3.8883992e-02
 -2.0913436e-01
 -2.1718621e-01
 -5.0049694e-03
  4.0665876e-02
 -2.6717195e-02
  2.8100887e-01
 -7.9888999e-02
 -1.2916867e-01
  8.0814235e-02
  5.9643671e-02
 -9.6050680e-02
  1.6451952e-01
  5.8146093e-02
  1.3984811e-01
  1.4276133e-01
  6.8184286e-02
 -3.9316285e-02
 -2.8108554e-02
  4.5488667e-02
 -1.2947829e-01
  9.8725721e-02
 -1.4248343e-01
 -8.9506432e-02
 -9.2779649e-03
 -4.5489249e-01
 -1.9581504e-01
 -2.3030069e-02
 -6.9350474e-02
  5.8330677e-02
 -2.2626843e-01
  1.8132720e-02
 -4.5833763e-01
  4.1581102e-02
  1.5934637e-03
 -8.5538551e-02
  2.3188374e+00
  1.7674154e-02
  3.6239180e-01
 -1.8306893e+00
  2.2449072e-02
 -1.3373921e+00
 -7.0919968e-02
  9.3704575e-01
  2.1373814e-03
  4.7483996e-02
 -2.6695460e-02
 -7.5963825e-02
 -1.6807608e-01
 -3.4497097e-01
 -1.7239695e+00
 -6.7125075e-02
 -3.9034922e-02
 -2.0121406e-01
 -3.1807095e-02
  1.3331684e-01
 -8.0664754e-03
  3.9020813e-01
  1.5782300e-01
  1.0925792e-01
 -2.2801502e-02
 -1.3256083e-01
 -1.0140138e-01
 -8.9854173e-02
  2.3043172e-03
 -1.6719629e-01
 -5.4335557e-02
 -1.8988042e-01
 -6.3816272e-02
 -3.1471681e-02
  2.9376995e-02
  1.0965402e-01
  1.1839634e-01
 -2.8846633e-01
  2.3497719e-02
  6.9172651e-02
  1.5034877e-01
 -2.2666730e-01
 -1.2450539e-01
  1.2191842e-01
 -1.5494041e-01
 -6.5556794e-02
 -2.3042715e+00
  2.2106875e-02
 -1.6540049e-02
  2.7678141e-01
  6.8343425e-01
 -7.7774924e-01
 -1.1304498e-01
  4.7940588e+00
 -1.2130305e+00
  6.6977009e-02
 -1.1157029e-01
  1.2199978e-01
 -2.5608230e-02
 -1.6117873e+00
 -2.0162326e-01
  2.7012978e-02
  3.6493397e-01
  1.2534773e-01
 -3.9679766e-02
  1.9625668e-01
 -6.9646889e-01
 -7.8929419e-04
  1.6904831e-02
  1.8494976e-01
 -6.0498476e-02
 -4.1370690e-02
  2.2374852e-01
 -1.0420696e-02
 -1.0531725e+00
 -4.5965534e-01
 -5.6250524e-02
 -1.0681038e-01
 -6.7610067e-01
  1.2384631e-02
 -1.9442086e-01
  1.7661220e-01
 -3.2937247e-02
  2.6393229e-01
  9.9108212e-02
  8.9005317e-04
  3.6988324e-01
  3.9076261e-02
  1.1297155e-01
 -6.4184211e-02
 -4.1249596e-02
  8.8253077e-03
  7.6116085e-02
  1.2751938e-01
  1.3267304e-01
  1.6209151e-01
  3.0258420e+00
  2.0530936e-01
  7.0631361e-01
 -3.5328772e-02
 -3.3078218e+00
  2.5870612e-02
  2.0201590e+00
 -1.4119219e+00
 -7.5561404e-01
 -2.7027074e-01
  2.0209114e-01
  1.8406630e-01
  1.1663710e-01
 -8.2532310e-01
  1.2057593e-01
 -4.1554996e-01
  2.2895321e-02
 -1.8943286e+00
 -3.2913718e-02
  1.3966028e-01
 -9.2173509e-02
  2.9905860e+00
 -1.6016018e-01
 -3.6221811e-01
  3.7688521e-01
  5.5503242e-02
  9.2172146e-02
  1.4760148e-02
  2.1314147e-01
 -1.3733032e-02
 -3.8279399e-01
  2.7839255e-01
 -2.9003832e-01
  1.7115036e-01
 -3.1044081e-01
 -5.3640395e-01
  2.8076291e+00
  1.1783073e+00
 -2.6778942e-01
  8.7355524e-02
  3.4741968e-01
 -1.2139781e-01
 -1.3831042e+00
  9.2115793e-03
  9.3038112e-02
 -6.0360595e-03
 -1.5480283e-02
 -1.8239489e-01
  1.0653250e-02
 -5.5641975e-02
 -1.0079775e+00
 -4.5043506e-02
 -1.5804756e-01
 -3.5534668e+00
 -4.8856467e-01
 -4.0549102e-01
 -1.0729556e-01
  1.2964731e-01
  1.7845665e+00
 -2.7245715e-01
  6.1979018e-02
  8.8931210e-02
 -4.0882386e-02
 -5.0201770e-02
 -1.2668081e-01
 -7.7774394e-01
 -4.7726791e-02
  1.0144241e+00
  2.0663318e-01
 -1.5498718e-02
  5.3527471e-02
  1.1163280e-02
 -7.4371643e-02
  8.7926555e-03
  8.0265678e-02
  2.9608570e-02
 -2.3898639e-02
  1.2973891e-01
  2.8924042e-01
  2.6061183e-01
  2.1863800e-01
  4.0192597e-02
 -8.5091598e-02
  1.9436248e-01
 -7.4264497e-02
  1.9600618e-01
 -1.9760855e-02
 -2.0423024e+00
 -3.5862301e-02
  1.9555634e-01
 -1.7787524e-03
 -1.8209459e-02
  5.3026682e-01
 -2.1633686e-01
  2.6165909e-01
 -1.4565894e-01
  1.3814510e-01
  3.8629358e+00
 -1.1650819e-02
 -4.7142357e-03
 -1.3068502e-01
  5.3268933e-01
  7.8488700e-02
 -3.4185972e-02
  3.2342911e-02
 -1.1518672e-01
  3.7503209e+00
 -2.4549469e-02
  2.5883066e-03
 -3.2446343e-03
 -6.4248186e-01
 -3.6898139e-01
 -8.0591969e-02
  3.1557996e-02
  2.0022676e-03
  5.2689269e-02
  4.7243997e-01
  4.4827495e+00
  1.4173092e-01
  6.7428894e-02
  2.8003808e-03
  6.0207997e-02
  8.9587281e-03
  1.0953623e-01
  4.5997178e-04
 -9.0327449e-03
 -2.9820344e+00
 -1.1610935e+00
  1.8971980e-01
 -6.4119749e-02
  1.1767037e-02
 -2.7236757e+00
  3.7085231e-02
 -3.7638493e-02
 -9.8092176e-02
 -9.1410009e-03
  1.3906580e-01
  4.4015359e-02
 -1.3788079e-01
 -6.5711424e-02
 -8.1479594e-02
 -1.6860278e-01
  1.8028238e-01
  1.3258706e-01
  5.7224226e-01
 -1.2938040e-01
  2.4351685e+00
 -1.5009449e-01
  6.2580936e-02
 -1.6039285e-01
 -1.4941022e-01
 -1.9294733e-02
  3.9362231e-01
  1.2955122e+00
  4.7635403e+00
  4.4558992e+00
 -4.0233579e+00
  1.2039528e+00
  1.6068363e+00
  7.4514627e-01
 -1.0797300e+00
 -1.4030132e+00
  6.7226225e-01
 -1.4379263e+00
  8.5429549e-02
  3.3602312e-02
  3.6145926e-01
 -2.4662337e+00
  4.4628110e+00
 -2.4573743e+00
 -1.5709902e-01
  7.7645457e-01
  4.1463545e-01
  7.9692349e-02
  2.4119821e-01
  4.6499044e-02
 -3.6289546e-01
 -3.0690639e+00
  1.2492026e+00
 -4.5730491e+00
  2.7815908e-01
  7.2343349e-02
  7.0258504e-01
  1.0328406e-01
 -5.4583395e-01
  8.2138264e-01
 -4.2296430e-01
  1.5950389e+00
  4.7980839e-01
 -9.1344506e-01
 -1.3477036e-01
  2.0911463e-01
  2.0918321e-02
 -7.6497614e-02
  8.3305314e-02
  3.4502184e-01
  6.0671292e-02
  4.5476623e-02
 -9.8247575e-03
 -3.6289713e-03
 -5.1689334e-02
 -6.0285167e-03
 -1.8608335e-01
  2.0744631e-01
  3.5620561e+00
  2.0846497e-02
 -4.3018270e+00
 -2.8840535e+00
  2.4691723e-02
 -1.7307727e+00
  7.9156846e-01
 -5.5860259e-02
 -1.9496900e-01
 -2.6358277e-01
  5.9480602e-01
  2.9743353e-01
  1.2628368e-01
 -5.1641531e-02
  1.9950515e-02
 -1.7575538e-01
  2.5558987e+00
  9.9192339e-01
  1.3727440e+00
  7.8960925e-02
  1.3747668e-01
  1.1805864e-01
 -1.7259251e+00
  1.8228371e+00
  1.8698190e+00
 -5.3207761e-01
  1.5685384e+00
 -3.4591708e-02
 -9.8680252e-01
 -1.1345820e+00
 -4.7601449e-01
 -8.8225323e-01
 -6.9621010e+00
 -3.5473967e+00
 -1.4236581e+00
  6.5483041e-02
 -6.2534249e-01
 -7.7847959e-03
  1.6631259e-01
  1.2290284e-01
 -1.3895661e-01
 -4.9975745e-02
 -1.9253154e-01
  2.6774397e-01
  1.7368823e-02
  1.3012546e-01
 -1.1812369e-02
  4.0950157e-02
 -2.8127128e-02
 -3.0748716e-02
 -2.2774296e-01
 -3.2402003e+00
  5.1449949e-01
 -6.2499475e-03
 -6.7515828e-02
  4.7728963e-02
  5.9387069e-02
  2.4778206e+00
 -1.1287536e-01
 -8.8418949e-01
 -2.6564872e-02
  2.6522115e-02
 -9.3834475e-02
 -1.4303242e-01
  4.1120496e-02
 -5.5310708e-02
  6.7077607e-02
 -8.4534012e-02
  5.6612734e-02
  4.1254085e-01
  1.1554277e-01
  2.3866115e+00
 -9.3508638e-02
  1.1939191e-01
 -1.3697895e-01
  1.5599866e-01
 -2.8506195e-02
  7.4770994e-02
  2.7877750e-04
  2.2290453e-02
  4.1056164e-02
  1.2806582e-01
  5.6641910e-02
  1.5742514e-01
 -2.5139351e+00
  1.7726915e-01
 -3.5038880e-01
 -1.5786016e-02
  2.2805327e-01
  1.9239958e-01
 -1.2449110e+00
  4.6889505e-01
  7.0303632e-03
  1.6401207e+00
  4.2232286e-02
  3.6545526e-02
 -1.4486159e-01
  5.0306186e-02
 -6.8538725e-02
 -1.9942684e-01
 -1.1691704e-01
 -5.1988535e+00
 -6.0762409e-03
  1.5337196e-01
 -1.3004670e-01
  1.1067949e-01
 -8.2942627e-02
 -2.6566684e-02
 -4.5846958e-02
 -3.2329461e-01
 -7.6069731e-01
 -1.4819138e-01
  4.6287049e-03
  2.8080275e-02
  9.0273477e-02
 -1.7316252e+00
  6.9501883e-01
 -4.8871525e-02
  1.7416856e-01
 -4.4655249e-02
 -1.7889820e-01
  5.3022709e-02
 -3.9158103e-01
  2.3321128e-01
  9.9252963e-01
 -2.2394100e-02
  4.7565330e-02
  1.6170320e-01
 -4.0897194e-01
 -9.3868062e-02
 -1.4214650e-01
  4.3898847e-02
  2.5300100e-01
  5.0452210e-02
  1.7744255e+00
  4.4170652e-02
  1.4720538e-01
 -7.0560443e-01
 -1.0261305e-02
  2.5991037e-02
 -8.6439969e-03
 -1.3354795e+00
 -1.3048661e-01
 -9.1296576e-02
  3.1457515e+00
 -1.9271222e-01
  5.2019816e-02
 -1.4470993e-01
  1.2838314e-01
 -1.2962779e-01
  1.7990265e-02
  1.0396076e-01
 -9.6910499e-02
 -9.7219467e-02
 -2.7566497e+00
  1.0890752e+00
  1.5823373e-01
  4.0428337e-01
  1.6231862e+00
  1.0150328e+00
  1.2528941e-01
 -2.3916025e+00
 -5.5942535e-01
 -7.3410191e-02
  2.1138472e-02
 -8.3577164e-02
 -2.8839760e-02
 -1.4477396e-02
 -3.1339597e-02
  3.2420859e-02
 -5.7510614e-02
  9.1702975e-03
  2.1398978e-02
  3.2489527e-02
  6.7037016e-01
  2.6844034e+00
  4.1840762e-01
  3.5031717e-02
  2.0042473e-01
 -7.3019870e-02
  8.1287026e-02
  2.5525376e-01
 -9.4561316e-02
 -4.0941691e-01
 -1.5065399e-01
  7.2452538e-02
  1.4416941e-01
 -7.1860738e-02
 -1.4738619e+00
  2.1996032e-02
 -1.7149770e-01
  1.6113648e-01
 -5.1753458e-02
 -6.0406398e-02
  5.9500404e-02
  4.9500936e-03
 -2.4495296e-01
 -2.0484283e+00
 -1.9391421e-02
  1.0015956e-01
 -2.8922582e-02
  8.8931285e-03
 -1.1353736e-01
 -6.2541910e-02
  2.5179029e-01
  4.6100047e-01
 -8.8634759e-02
 -1.7224130e-01
 -1.2692215e-02
  9.2354622e-03
  1.9158016e+00
  9.1230407e-02
  1.5941751e-01
  1.9925719e-03
  3.8845934e-02
  1.8813503e-01
 -2.9922089e-02
 -8.5826248e-02
  7.3923576e-01
 -5.6991994e-02
  1.3162667e-01
 -1.4257394e-01
 -1.4838326e-01
  1.9903518e-01
 -8.7346528e-03
  2.2281024e-01
 -1.5456697e-01
  7.8464292e-02
 -1.3983087e-01
 -1.1628476e-01
  4.2581622e-02
  4.3234110e-02
  1.8122070e-01
  2.5049046e-01
  1.5099896e-01
 -1.1740571e-01
 -1.6708295e-01
  5.8884822e-02
  4.8912443e-02
 -5.9312731e-01
  1.2704383e-01
  1.3963644e-01
  8.5717641e-02
 -4.8488278e-02
 -2.2587939e-01
  6.2586335e-03
  6.5207079e-02
 -8.6375721e-02
  1.2408845e-02
 -3.9330278e-02
 -7.8572206e-02
 -1.1273316e-01
 -1.5179619e-01
 -7.4118100e-02
 -4.4226709e-01
 -1.4753985e-01
  1.1365545e+00
 -3.5200149e-02
  1.6784603e-02
  2.0611101e-01
 -5.6085195e-02
 -8.8191086e-01
  7.1752578e-01
 -3.6994833e-01
  6.5044872e-02
 -1.1913519e-01
  6.6992366e-03
  9.0478346e-02
 -6.7351438e-02
 -6.5835610e-02
  8.1644446e-02
  5.5683449e-02
  5.5460613e-02
 -1.0621355e+00
 -2.3505790e-02
 -1.2757400e-01
  2.2549765e-02
 -9.7208731e-02
 -2.8977603e-02
 -1.5821922e-01
 -1.0546032e-01
 -6.3478839e-01
  4.8995435e-02
 -7.4634314e-02
  1.7739829e-01
 -5.2191250e-02
  9.3395546e-02
 -5.2189231e-02
  8.6213209e-02
  2.6798220e-02
 -1.9601777e+00
 -6.7085072e-02
  2.5426857e+00
  6.1810434e-01
 -9.4886935e-01
 -2.3137274e-01
 -4.6976518e-02
  8.4598936e-02
  1.6976368e-01
  7.0231705e-04
  2.8360398e-02
 -1.4450461e-01
 -1.8745072e-01
 -1.1268926e-01
  1.1701186e-02
 -1.1104170e-01
  5.1278450e-02
  7.4333251e-02
 -1.2955679e-02
 -3.2358688e-01
  1.4657474e-01
 -1.6376477e-02
 -9.2866138e-02
  8.2352869e-02
  8.6761424e-03
 -5.6943063e-02
  1.0437610e-01
 -1.5338797e-03
  5.5140096e-01
 -1.9545785e-01
 -1.1763766e+00
  2.2714101e-02
 -1.7094111e-02
  5.8116775e-02
 -6.2817916e-02
  2.4931929e+00
 -9.7919598e-02
 -4.7583893e-02
  1.1421528e-01
  5.5487361e-03
 -1.8404564e-01
 -2.5832179e-01
 -1.2183172e-01
 -5.9458438e-02
 -1.0390692e+00
 -2.6846361e-01
  2.2029385e-01
  1.1485356e-01
  3.0304467e-02
  1.1637627e-01
 -2.1553526e-02
  2.4977494e-02
 -4.4298297e-01
  2.6284637e-02
 -1.0695314e-01
 -9.3746046e-03
  1.7967968e-01
  8.2601599e-02
 -2.8007520e-02
  1.0051192e-02
 -3.4684651e-02
  2.0234007e-02
  7.8090668e-02
 -1.4968221e-01
  6.6599906e-03
 -2.1906739e-02
  1.8266423e-01
  8.8775206e-01
  2.7925634e+00
 -4.9568129e+00
  5.2788024e+00
 -4.3668395e-01
  5.3538436e-01
 -2.6875937e-01
  1.0082044e-01
  3.2777014e+00
  1.2252098e-01
 -1.6714619e-01
 -9.9399582e-02
  3.3583291e-02
  2.6094315e+00
  2.5295939e-02
  1.6838582e-01
 -4.7178397e-01
 -1.6127221e-01
 -4.8484954e-01
  1.4940178e-01
 -5.9846569e-02
 -1.3902639e-01
  3.6023301e-01
 -8.6490862e-02
  1.6225861e+00
  1.0901210e+00
  3.3665642e-02
  1.9578097e+00
  5.0782603e-03
 -6.6557959e-02
  1.9070209e+00
 -2.8271744e+00
 -1.4619099e+00
  3.1311426e-01
 -7.1220710e-03
 -6.8387628e-02
 -6.1058277e-01
 -8.1386119e-02
 -8.1567168e-02
 -5.6598026e-02
  1.1945766e-01
  2.1323764e+00
  5.8738731e-02
  7.4541946e-03
  2.1180494e-01
 -4.3923609e-02
  1.4523306e-01
 -2.0356352e-02
 -1.0267147e-01
 -5.3594750e-03
  1.2354264e-03
 -5.6026731e-02
 -1.9834545e-01
 -1.0948441e-01
 -1.3241388e-01
  1.8999724e-02
 -2.8434196e-01
  3.8756799e-02
  3.0104861e+00
  4.4192171e-01
 -4.5851741e-02
 -2.9653797e-01
 -1.5027593e+00
 -1.1021177e-01
 -9.6840687e-02
  1.6187462e+00
  1.4793922e-01
 -3.4182817e-02
 -3.2907271e-01
 -1.0951450e-01
 -4.6264898e-02
 -7.9330795e-02
  3.9191622e-02
 -4.0849034e-02
  7.7219710e-02
  4.1415589e-03
 -6.0653068e-02
  2.4173945e-01
 -8.1363440e-02
  1.0365929e-01
  8.1495136e-02
 -6.2655315e-02
 -4.5154300e-02
 -3.4771603e-01
  2.9493825e+00
  1.5032350e-01
 -2.6428914e-02
 -5.1367313e-01
  8.0044731e-02
  1.1503922e-02
 -8.1653818e-03
  2.4748418e-02
 -1.1232769e-01
 -1.5024148e-02
  8.9767836e-02
 -1.7838887e+00
  1.3680959e-02
  4.8136988e-01
  2.2916201e-01
  1.0198755e-01
 -3.1759407e-02
 -1.5671389e-01
 -5.9802461e-02
  3.2787693e+00
 -3.1557448e-02
 -1.4620360e+00
  3.5727286e-01
 -1.1022713e+00
 -5.3601241e-01
 -3.0107927e-01
 -1.3427403e+00
  2.5382445e+00
 -1.9816481e-02
  2.5015412e-02
  6.7029811e-02
 -1.8573697e-01
 -1.2713042e-02
 -7.9925964e-03
 -6.9495365e-02
  3.3022153e-01
  3.8785732e-01
 -3.3374413e-04
 -5.8856077e-02
 -4.1661649e-03
  3.5179529e-02
  5.5627947e+00
 -1.9095443e-01
 -6.7986183e-02
  5.7671890e-02
  5.9436101e-02
 -4.8123795e-01
 -1.4128068e-02
  1.0671000e+00
 -5.9839350e-01
 -1.9099158e-01
  4.7107208e-01
 -1.3362189e-01
 -1.8486568e-01
  1.9246553e-01
  1.1566975e-02
  9.0828583e-02
 -1.5615714e-01
 -2.8058084e-02
 -2.0331468e-02
  1.0422546e-01
  1.0752632e-02
 -9.0808475e-01
 -3.3534873e-02
 -2.9491086e-02
 -5.6454532e-02
 -3.5118084e-02
  3.5178840e+00
  8.9345612e-02
 -3.1000778e-02
  8.5452050e-03
 -9.2760678e-03
 -5.1377904e-02
 -1.9939058e-02
  9.9993430e-02
 -1.7302150e-01
  2.9575944e-02
  3.4807545e-01
 -1.2358685e-01
 -2.0622870e-02
  1.3635074e+00
 -9.1807209e-02
 -1.6072903e-02
 -1.3854350e-01
 -2.9871511e-01
  1.2274060e-01
  1.0530617e-01
 -6.2165879e-02
 -7.1167499e-02
 -2.6399536e-02
  1.1747937e-01
  6.8209946e-02
  1.4125736e-01
  1.1154284e+00
 -5.0485689e-02
  7.4581432e-01
 -9.9000365e-02
  1.7228885e-01
 -6.1254159e-02
 -4.3215211e-02
  6.1503109e-02
 -6.7328298e-03
 -1.0268721e-01
 -5.0473237e-01
 -1.8183564e-01
 -1.5962681e-01
  8.7581664e-02
  6.3026167e-02
  1.9486445e-01
 -1.1664824e-02
 -2.4186350e-01
  1.6442318e-02
 -1.5518910e-01
 -2.0774116e-01
 -1.2720635e-02
 -1.2967478e-01
  1.8798424e+00
 -1.4931323e-02
  6.0371432e-02
  8.1720516e-02
 -5.1180784e-02
 -1.3549423e-02
 -2.0924716e-03
 -3.1979807e-02
  1.2907766e-01
  6.2465501e+00
 -1.8362692e-01
 -3.5567965e-02
  1.1277621e+00
 -7.2388843e-02
 -1.1455802e-02
 -6.4060755e-02
 -7.5463927e-01
  2.5308931e-01
 -6.3319199e-02
  1.6467915e-01
  1.3980912e-02
 -1.0868604e-01
  3.7346700e-01
 -3.3119100e-01
 -8.0987699e-02
 -9.1072414e-03
 -9.3422219e-02
  1.1237068e-02
 -1.7651752e-01
 -2.0695013e-01
  5.9703261e-01
  2.9207096e-02
  4.2141683e-02
 -1.0837460e-01
 -5.9317708e-02
 -8.2767054e-02
 -1.4474466e-01
 -3.8056254e-01
 -2.7321544e-02
 -9.1816455e-01
 -2.5507340e-01
  2.9075999e-02
 -5.1394131e-02
 -2.2160489e-02
 -2.0133257e-02
  3.2178947e-01
  2.5910848e-01
  2.6266065e-01
  1.1031490e-01
  1.2933744e-01
  2.5310075e-01
 -2.5229454e-01
  2.8321877e-02
 -5.2387446e-02
  1.6290589e-03
  5.8096085e-02
  2.0866032e-01
  2.7065704e+00
 -1.9229154e-01
  4.7624021e+00
  3.2358193e-01
 -2.2166306e-02
  2.8081250e-01
  8.9968818e-01
  7.9742946e-02
 -1.0361835e-01
  5.0345790e-01
  8.2044723e-03
 -1.7301492e-01
  1.7588142e-01
  1.1644095e-01
  8.5464850e-02
  5.1391441e-02
  9.4133653e-02
  4.9367730e-02
 -7.9866737e-02
  1.6285637e-02
 -2.9885193e-02
  5.2668964e-03
 -6.6516459e-02
  8.2166754e-02
 -4.0184837e-02
 -1.1796378e-01
  4.8261175e-01
  2.6524395e-02
  4.1780055e-02
 -2.3371802e-01
  6.7851362e-03
 -1.0626331e-01
 -1.9253053e-01
 -9.3852304e-02
  1.0208282e-02
  7.6669417e-02
  4.5600187e-02
  7.5119577e-02
 -3.1848192e-01
  1.5724905e-02
  6.1081445e-01
  1.0465999e-01
 -1.0137051e-01
 -3.2913246e+00
 -2.0524340e+00
 -4.7432490e-02
 -4.5477912e-02
 -7.9563828e-03
 -1.0260321e-01
 -3.2866995e-03
 -5.4853316e-02
  3.1851855e-01
  5.3308237e-02
 -3.7634935e-02
 -9.3524337e-02
 -3.3101358e-02
 -4.3029349e-02
 -1.1484250e-01
 -4.2170659e-01
 -1.2491082e-01
  1.0956049e-02
 -1.2229714e+00
  5.4850048e-01
  9.9834390e-02
 -4.9304787e-02
 -1.5182644e-02
  5.5860870e-02
  3.8275003e-02
 -5.6075384e-03
 -1.6263738e-01
 -7.8893341e-02
  5.4165896e-02
  1.3874857e-01
 -8.6049074e-01
  1.9771500e-01
  4.4780782e-01
 -7.2454840e-02
  3.5794566e+00
  1.3553202e-02
 -1.5329655e-01
 -1.5682250e-01
  5.0753627e-02
  3.9739925e-02
 -5.0295129e-02
 -8.5458159e-02
 -4.4071328e-02
 -4.6922807e-03
  8.0210871e-01
  3.8708791e-02
 -5.6299094e-02
  5.4197457e-02
 -3.0858597e-01
  2.3875792e-02
 -1.6530307e-01
 -2.7580779e-02
 -5.7079528e-02
 -1.5463829e-02
  1.9395261e+00
  1.8503481e-01
  4.9121305e-02
  9.8907918e-01
  2.0671837e+00
  1.7583785e+00
  1.0711732e-01
 -9.3087995e-01
 -1.2245733e-01
 -5.6636173e-01
 -6.6400510e-01
 -1.4358102e-01
  2.1810050e-01
  3.3943272e-01
  8.3660620e-01
  1.7882566e-01
 -1.2914230e-01
 -2.0435320e-01
 -2.3682518e+00
 -1.6719900e+00
  4.2569673e-01
  3.8010702e-02
 -7.8314513e-01
 -2.7260995e-01
 -9.1728365e-01
 -3.6896256e-01
  1.7316010e+00
 -1.6394153e-01
 -4.2465381e-02
  1.4965739e+00
 -2.9613504e-02
 -1.3986658e-01
  1.2866707e+00
  1.6089363e+00
  4.6664226e-01
 -4.0434003e+00
 -4.3755555e-01
 -8.2609974e-02
 -4.7885588e-01
 -2.1643586e+00
 -2.7158152e-02
  1.9501026e-01
  9.5821731e-02
  2.7352283e-02
 -5.6066744e-02
  1.8116143e-01
 -6.5951921e-02
  1.0245601e-01
  5.4173702e-01
 -1.0571217e-02
  2.6148517e+00
 -1.1283220e-01
  3.1491005e-01
  8.1502557e-02
 -1.5582367e-02
  4.9690759e-01
  3.0056190e-02
 -1.7360480e-01
  1.0249601e-02
  5.1567037e-02
 -7.2215206e-04
 -2.0042422e-01
 -6.6602645e-03
  9.1792367e-02
  8.5748397e-02
 -1.1430810e-01
 -5.2301403e-02
  1.5044655e-01
 -1.4408626e-01
 -2.0112646e+00
  6.6622525e-02
 -4.6165213e-02
 -2.4961848e+00
  1.8277007e-01
  2.0274267e-01
 -3.4177825e-02
  2.8382251e-03
  9.5155083e-02
  9.9211589e-02
 -1.5186195e-01
  1.8819506e-01
 -1.4587671e-02
  1.2502258e-01
  1.7595107e-02
 -1.3611146e-02
 -1.5528814e-03
  4.5795438e-01
  3.0345520e-01
  7.9519165e-01
  4.9996241e-03
  6.0286772e-02
 -1.2923241e-01
  1.2153257e-01
 -1.2200656e+00
  2.0992595e-03
 -4.4406623e-01
 -5.9352461e-02
  7.8261241e-02
  7.8852408e-02
 -1.6400305e+00
  1.3113622e-05
  1.9784901e-02
  9.6331328e-02
 -5.1609382e-02
 -6.9639415e-02
  8.6895108e-02
  1.2454947e+00
  6.6780068e-02
 -1.6633078e-01
  3.9072137e+00
 -5.3925770e-03
  3.4443980e-01
  8.0600929e-01
 -8.1970960e-02
  1.5464082e-01
  6.0792547e-03
 -4.9083686e-01
  1.3063064e-02
  1.2955067e-01
  8.4378713e-01
  8.1865557e-02
  1.3026497e-01
  4.0788598e-02
 -2.7059497e-02
 -1.0570914e-01
 -1.3688797e+00
 -2.6243248e+00
  2.7721903e-01
  3.5361297e-02
 -9.3128318e-01
  9.5632225e-02
  5.6465981e-03
  4.4404056e-02
  8.5690469e-02
 -1.8009967e-01
 -1.2593299e-01
 -6.6905551e-02
 -6.9383979e-01
 -7.9458900e-02
 -7.5893211e-01
 -3.5776681e-01
 -3.8602177e-02
 -7.1756750e-02
  5.2814487e-02
  5.9675232e-02
  3.1814523e-02
  8.3734468e-02
 -7.8792751e-02
 -7.7186567e-01
  1.2798767e-01
 -3.0322865e-02
 -2.1553743e+00
  4.0414914e-02
 -9.7567588e-02
  6.8313822e-02
 -2.4928233e-01
  1.3474275e+00
  3.7818837e+00
  3.6696179e+00
  1.9544963e+00
  5.4885979e+00
  1.6068255e+00
 -2.3813007e+00
  2.0674410e+00
  9.8922741e-01
  2.2392367e-01
 -9.6760333e-01
 -2.2680192e+00
  3.8634510e+00
  1.3597278e-02
 -1.3460492e+00
  1.5787065e-01
  5.6541536e-02
 -2.3056984e+00
  1.6645682e-01
  1.2741307e+00
 -2.0928547e-01
  1.4697915e-01
  1.4206369e-01
 -6.2986249e-01
  1.5602687e-01
 -3.5691004e+00
  3.6063664e+00
  3.2566842e-02
  9.2334472e-02
  2.1637688e+00
 -1.0825157e+00
  1.9873161e+00
  3.8278925e-01
 -1.1637777e+00
 -5.3384017e-02
 -9.7646379e-01
  1.4117100e+00
  4.9118674e-04
 -2.5008548e-02
 -1.7043412e-01
 -7.2840607e-01
  1.1073855e+00
  6.9536897e-03
 -1.0498173e+00
 -4.0641531e-02
 -7.7231906e-02
 -5.9257779e-02
 -1.5930983e-01
  6.4271656e-03
  2.1026535e-01
 -7.1934047e-03
  1.8951986e+00
  1.2047904e+00
 -3.0140748e+00
 -3.0698254e+00
 -1.6534591e+00
  1.7453200e+00
  3.7024925e+00
  5.8568192e+00
  3.6242194e+00
 -1.3872966e+00
 -2.6508993e-01
  1.8285441e+00
  3.3578351e-01
 -7.0637578e-01
 -4.6233895e-01
 -2.1385171e+00
 -4.9071111e-02
  4.2816340e-03
  2.8817329e-01
  1.3871822e-01
 -2.2062149e+00
 -6.9007564e-01
 -2.4647610e+00
 -1.0486237e+00
 -2.1758184e+00
 -2.6426308e+00
  2.3295240e+00
 -2.1948244e-01
 -2.9118807e+00
 -6.8349785e-01
 -1.6047339e+00
 -2.7657003e+00
 -1.5095561e+00
 -2.0024168e+00
 -4.9367225e-01
  6.4607221e-01
 -3.2695720e+00
  1.0483834e-01
 -1.2980351e-01
  1.5554079e-02
  3.1647503e-01
 -1.2963451e-01
 -7.1609354e-01
  6.2290564e-02
  4.3261814e+00
 -5.2562930e-02
  7.6015398e-02
 -5.4323692e-02
  8.5242236e-01
  8.7245805e-03
  6.8298660e-02
  1.9651802e+00
 -1.3346215e-01
  3.9498348e-02
 -3.3678919e-02
 -1.3893554e-01
  2.1074100e-01
  3.3797562e-01
  1.8626477e-01
 -3.7028518e-01
  2.0617843e-02
 -2.3454873e-01
  1.3117246e-02
  2.1288013e+00
 -4.0545464e-02
  3.4162712e-01
  2.2007744e-03
  1.2611291e-01
  2.6561491e-02
  1.8748134e-01
  6.6783026e-02
 -7.4220963e-02
 -1.4590576e-01
  3.9316341e-02
 -3.3640915e-01
  1.9738632e-01
 -1.5991282e-02
 -1.3667558e-01
  1.1320220e-01
 -2.3333494e-02
 -1.5501028e-01
  5.8741461e-02
  1.1502750e-01
 -2.4329790e-01
 -2.8252161e-01
 -3.0819034e-02
 -1.6047102e-01
 -6.4808363e-01
 -5.1232982e-02
 -2.1537807e-02
 -3.3254223e-03
 -2.0341948e-02
  5.4979276e-02
 -3.3127782e-01
 -8.4466048e-02
 -2.0084138e-01
 -4.7919292e-02
  5.4260366e-02
 -6.8027857e-03
  3.7800554e-02
  1.0333690e-01
  8.4145181e-02
 -3.0706894e+00
 -4.7566471e-01
 -2.3660748e-01
  6.4406930e-03
  1.2708222e+00
  4.1141949e+00
 -1.1754509e-01
  5.1573598e-01
  3.1541462e+00
  1.0524294e-01
  8.3803628e-03
 -7.0025995e-02
 -9.6023809e-03
 -7.2500274e-02
  1.3149786e-01
  5.4352894e-02
 -1.4512516e+00
  2.0649612e-02
  9.9537069e-01
 -1.7065809e+00
  1.6443667e-01
 -2.7521615e+00
 -1.0027332e-01
 -7.9290919e-02
 -3.9042303e-01
 -1.2965460e+00
 -9.4759834e-01
  1.3687460e-02
 -1.2120348e-01
 -7.4177761e+00
  3.6452441e+00
  2.1928418e+00
  7.1184641e-01
 -4.8159795e+00
 -8.6994213e-01
  1.3499340e-02
  1.4858951e-01
 -9.8389409e-02
 -6.0090087e-02
 -7.1699560e-02
 -8.9748390e-04
  1.4699616e-01
 -6.2298227e-02
  1.9131638e-01
  1.4362343e-01
  7.1331494e-02
 -1.1429709e-02
  7.1670406e-02
  1.3370898e-01
 -1.3370111e-02
  1.5054582e-01
  9.5219009e-02
 -2.9860416e-02
  2.8889421e-02
 -3.3975173e-02
 -1.1444687e+00
 -9.7434931e-02
  1.0310787e-01
 -8.9566059e-02
 -5.3235078e-01
  2.7170306e-02
 -1.6573961e-01
 -7.4049165e-03
 -1.9721196e+00
  1.5966564e-01
  4.3476453e-01
 -2.7068486e-02
  7.2094184e-01
  8.1601880e-02
  3.4650873e-02
  3.2587871e-02
  4.5537269e-01
 -3.0070717e-02
 -4.8606899e-03
  2.0681612e-01
  1.5803175e-01
  1.0980730e-01
 -1.8759605e-01
 -3.3497423e-02
  5.1969872e-03
  4.1274898e-02
 -1.7954577e-02
  3.8533907e-02
  2.5170144e-01
  9.3125008e-02
 -6.1763104e-02
  1.0042255e-02
 -7.1092173e-02
 -1.6977707e-02
  1.5114085e-01
  3.6125775e-02
  4.2216420e-01
  6.7690443e-03
 -1.0525700e+00
 -2.2823133e-03
  2.0336573e+00
 -1.3313220e-02
 -4.5022115e-02
 -2.4501774e-02
 -1.5674691e-01
 -3.3421165e-01
 -8.9109790e-01
  4.4051930e-03
 -1.0562192e-02
  1.1705025e+00
  4.7520590e-03
 -1.5475330e-01
  1.8100315e-01
 -2.5081890e-02
 -3.0312848e-01
 -1.4332834e-01
  9.6142277e-02
 -2.0020057e-01
 -1.8824508e-02
 -1.2874934e-02
 -1.9757645e+00
  5.5151720e-02
  1.0028116e+00
 -2.8355551e-01
  4.0670801e-03
  1.0474515e-01
  4.2601734e-01
 -4.6023104e-02
  1.2604052e-01
  1.7873286e-01
 -8.9892633e-02
 -5.5920899e-01
 -6.2943287e-02
 -3.3615258e-02
 -1.2126232e-02
  1.9379647e-01
 -3.8385466e-01
 -6.7672968e-02
  3.6729342e-01
  2.8227065e+00
 -4.0771298e-02
  2.0041928e-01
 -6.3098706e-02
 -1.8420473e-02
 -7.5284041e-02
  1.0144566e-02
 -1.9074125e-04
 -1.0676007e-01
 -2.6421821e-01
 -1.2468139e-01
  8.4778294e-02
  1.3364916e-01
  9.4331801e-03
  1.1668488e-01
 -1.4477445e-01
  1.2113977e-02
 -9.7532049e-02
 -1.3043179e-01
  5.6563541e-02
  6.7126557e-02
 -1.5557602e-01
  1.9653766e-01
  6.7317402e-01
  1.1998768e-01
 -6.3427794e-01
  6.3463554e-02
  3.4052827e+00
 -2.0466497e-02
  6.8179643e-01
  1.3480441e-01
  3.2599371e-02
  1.7693794e+00
 -4.4489343e-02
 -3.4279368e+00
  4.5504183e-01
 -1.3813846e-02
 -2.0895813e-02
  4.1710347e-01
  5.7238030e-01
 -8.3423257e-02
  1.3659379e-01
  8.2380977e-03
  9.3913414e-02
  5.0099153e-02
  2.6719114e-01
  1.7044587e+00
 -9.0260133e-02
 -1.4739150e-01
  1.0646701e-01
  1.2471702e-01
  5.0834972e-02
 -2.9843828e-01
  4.0843919e-01
 -9.2435054e-02
  1.9445421e-02
  6.6930458e-02
 -5.7673045e-02
  2.8194125e+00
 -9.5740005e-02
  2.5938241e-02
 -6.3770682e-02
  8.6267516e-02
 -1.6741762e-01
 -4.4610547e-03
 -3.4541991e-02
  3.5890177e-01
 -7.6279604e-01
  4.1239145e-01
  1.9210985e-02
 -1.0269824e-01
 -7.0527665e-02
  3.9495554e-02
  2.2378546e-01
 -1.1284049e-01
 -1.6430528e-01
 -3.2436785e-01
 -1.2635128e-01
 -1.1869766e+00
  1.5251741e-01
 -1.1374645e-01
 -1.9720027e-02
 -4.8385717e-02
  1.0825020e-01
  7.4302614e-01
  4.1994192e-03
  3.4376827e-01
 -2.6250998e-02
 -3.5992771e-02
  1.3865103e-02
  3.5020199e-01
 -2.1486188e-01
  7.1506877e-03
 -2.6496202e-01
 -2.0907786e-02
  3.3250308e-01
  9.8388530e-03
 -1.5864120e-01
 -4.5765656e-01
 -6.9800042e-02
 -1.6012261e-02
 -3.0484921e-01
  2.7631300e-02
  1.3764277e-01
  5.1820733e-02
  5.0294172e-02
  3.9651557e-03
  1.3597114e-01
 -1.6007102e-01
 -4.0552989e-02
  2.3826130e-01
 -4.2839024e-02
 -2.6304998e-02
 -3.3531446e-02
 -9.5897950e-02
  6.0982537e-01
 -1.2499829e-01
 -7.2993807e-02
 -7.3687479e-02
  1.4400106e-02
  1.2638833e-01
 -1.3546267e-01
  3.7076525e-02
  1.0318704e+00
 -1.2542696e-01
  1.7960984e-01
 -7.1630073e-03
 -2.7401766e-01
 -6.7574948e-01
  5.9511137e-01
  7.2636157e-02
  4.3714600e+00
 -7.6321937e-02
  8.7935649e-02
 -2.0076931e-02
  1.0585286e-01
  4.1810803e+00
 -3.7874244e-02
 -4.7079474e-02
 -3.2592034e-01
 -1.7517036e-01
 -1.2224098e-01
 -1.5076744e-02
 -2.0550928e-01
  2.5882918e-02
  8.0231934e+00
  1.4575195e-02
 -4.3195479e-02
 -9.5489904e-06
 -1.8258137e-01
  1.2662077e+00
  1.6010722e-02
 -7.4821182e-02
 -2.1682759e-03
 -5.1612645e-01
 -2.6179647e-01
 -1.5853488e+00
  1.3932937e-01
  7.4622738e-03
 -1.6729733e-02
 -9.6498832e-02
 -2.7603604e-02
  1.7458116e-01
  1.5301894e-01
  2.2401942e-01
 -9.5763244e-03
  9.0343989e-02
  9.9129334e-02
 -5.1821038e-02
  1.4388655e+00
  1.8452238e-02
  1.7800352e-02
  2.3304055e+00
 -2.4312015e-01
  1.7981266e+00
  1.1803899e-03
 -7.7237552e-01
 -5.9741253e-01
  1.0315590e+00
 -6.2376058e-01
 -4.7102290e-01
  7.7482331e-01
  2.7181157e-01
  4.0403181e-01
 -2.1822634e+00
 -1.8063829e+00
  2.4784040e-01
 -3.9279613e+00
 -4.1514468e-01
 -1.2187205e-01
  6.4440168e-02
  6.8034348e-03
 -4.9481578e-03
  1.5414325e-02
 -6.4239633e-01
  1.1905160e-01
  1.0677726e+00
  6.1752337e-01
 -6.5284228e-01
 -7.1663111e-01
  4.5544761e-01
 -8.3649981e-01
 -1.0741323e+00
  6.3137537e-01
  2.5768653e-01
 -8.6828941e-01
 -2.8184783e-01
 -5.0342284e-02
 -4.1239336e-01
 -3.0837499e-03
  1.5788434e-02
  4.4952374e-02
  7.4815311e-02
 -3.9328611e-01
  5.8891572e-02
  7.6526165e-01
 -1.2127442e-01
  1.7163013e-01
 -1.5400669e-01
 -2.6106542e-01
 -5.6899089e-01
 -9.6380197e-02
  1.1793221e-01
 -7.9350024e-01
 -6.0612434e-01
 -8.2714949e+00
  2.2935781e+00
  5.2445287e-01
  2.9906850e+00
 -4.6776587e-01
 -2.9464657e+00
  7.3516607e-01
 -1.6185034e-02
 -6.6885380e-03
 -1.1383417e-01
 -3.3100724e-02
 -5.1141876e-01
 -1.2636164e-01
  2.6793990e-01
  2.5887029e+00
 -1.0424035e+00
  8.5715763e-02
 -1.8658807e+00
  4.7513723e-02
  7.9950279e-01
  2.5257236e-01
 -1.6286545e+00
 -4.6880597e-01
 -1.8186059e+00
 -2.5096533e-01
 -1.3757937e-01
  1.0909704e+00
  1.5989259e-01
 -2.1558495e+00
 -4.8854628e+00
  1.0530279e+00
  5.9092385e-01
  2.1803530e-01
 -3.6225740e-02
 -1.0817337e-01
 -3.9935108e-02
  5.4484114e-02
 -7.3232986e-02
 -3.0480185e+00
  1.9926706e-01
  4.5341301e-01
  7.4826874e-02
 -8.7768190e-02
  2.4469353e-01
 -6.1276410e-02
  7.1459979e-02
  1.9390558e-01
 -8.8152207e-02
 -1.5853225e-01
  8.7921850e-02
 -1.5099220e-02
 -2.9492369e-01
  3.9043467e-02
  7.4267763e-01
 -1.0824136e-01
  4.2944528e-02
  1.6711797e-01
  1.1808109e-01
 -5.7290955e-03
  7.4862957e-02
 -7.6234005e-02
 -3.2215354e-01
  1.3186882e+00
 -4.1807752e-02
 -4.9018365e-01
  1.8555681e-01
  1.2944512e-01
 -8.3503745e-02
 -4.7184259e-02
 -9.9001855e-02
 -2.9291946e-01
 -5.8500681e-02
  2.1661742e-01
  7.8660345e-01
  1.0598548e-01
  1.5508881e+00
  3.0364497e-02
 -1.2477466e-01
  2.7545350e+00
  1.4772640e-01
  3.2887027e-01
  1.9724719e-01
  3.1475332e-02
 -1.6172095e-01
  2.2608157e-02
  8.4658023e-03
  1.1231847e-02
 -1.2803175e-01
  6.5565549e-02
  3.7987597e-02
  6.8504944e-02
 -2.7034611e-01
 -2.1443650e-02
  1.2954977e-01
 -4.8347414e-02
  3.3765025e-02
  5.5399552e-02
  7.7828161e-02
  7.0510626e-02
  1.6771765e-01
 -3.2155704e+00
 -2.7845960e+00
 -2.5250828e+00
 -3.0304298e+00
  2.4271114e+00
  4.1762738e+00
  1.0393432e+00
  3.4176691e+00
  4.5390499e-01
 -1.2073497e+00
  2.9971437e+00
  2.5303106e+00
  1.5409266e+00
 -9.2832275e-02
 -2.9235771e+00
 -3.3304639e+00
  9.7803265e-01
 -2.7064729e+00
 -1.4294930e-01
  2.1662564e+00
  2.5251913e+00
  2.1515570e+00
  2.7645481e+00
 -2.3961251e+00
 -2.4489100e+00
  2.3264985e+00
 -1.3849407e+00
  2.5954509e+00
 -3.5156558e+00
  2.3923469e+00
  8.1100649e-01
 -2.5851071e+00
  2.9372373e+00
  2.7353375e+00
  2.6030893e+00
 -2.5741045e+00
  2.6196811e+00
  3.3932199e+00
 -1.3277204e-01
 -2.3977964e-01
  3.3631923e+00
 -7.4894798e-01
 -2.3849216e+00
  4.8763227e+00
 -2.6846623e+00
 -1.9327437e+00
 -1.9150468e+00
 -2.8909096e-01
 -2.4235070e+00
 -2.6899068e+00
 -2.7452874e+00
 -2.5394247e+00
 -9.6985704e-01
 -2.6927197e+00
 -7.6758611e-01
 -2.5204418e+00
  3.3394141e+00
 -1.7333515e+00
 -9.4076675e-01
 -2.5159941e+00
 -2.4535728e+00
 -2.1399236e+00
  1.9376862e-01
 -1.7823826e+00
 -2.1890955e+00
  2.3391240e+00
  2.2831149e+00
 -2.2411592e+00
 -3.2660763e+00
 -2.8998914e+00
  5.9999335e-01
 -4.3880594e-01
 -3.5694194e+00
 -3.1062171e+00
  2.5871937e+00
  3.2206631e+00
  2.8803725e+00
 -2.7194154e+00
 -1.8763205e+00
  2.8788230e+00
 -2.2252867e+00
  2.8620243e+00
  3.7723620e+00
  3.3259730e+00
 -2.9519963e+00
  2.3904698e-01
 -3.2857645e+00
  2.8075762e+00
  9.4423163e-01
 -6.0847938e-01
  2.4505200e+00
  1.8749390e+00
 -2.5303192e+00
 -2.9729922e+00
  1.8853470e+00
 -2.6331885e+00
  3.8764842e+00
 -9.8913592e-01
  1.1427969e+00
 -3.2340341e+00
  1.0133308e+01
  7.2666693e+00
  7.7618151e+00
  6.9184172e-01
 -2.6255393e+00
 -9.5431452e+00
 -3.0731640e+00
 -5.7745900e+00
 -1.0468953e+00
  6.4200749e+00
 -7.5435123e+00
 -7.2575402e+00
 -5.7953248e+00
 -1.7643243e+00
  3.0115082e+00
  3.9361815e+00
  1.3774472e+00
  2.6061234e+00
 -1.5370734e+00
 -6.3154602e-01
 -2.7997611e+00
 -1.8349944e+00
 -9.1970186e+00
  3.9605098e+00
  4.9816580e+00
 -2.3360221e+00
  1.5389845e+00
 -4.5471969e+00
  9.5118723e+00
 -2.8570924e+00
 -5.3149190e+00
  8.3830824e+00
 -6.0056391e+00
 -5.0926600e+00
 -8.3795128e+00
  4.2399044e+00
 -7.2834888e+00
 -4.6943722e+00
 -1.7323922e-01
  1.3759649e+00
 -9.4182253e+00
  1.5389400e+00
  3.7153883e+00
 -6.9608464e+00
  4.9037471e+00
  2.4926047e+00
  1.2094805e+00
 -1.7797503e-01
 -5.9695947e-01
  3.7067215e+00
  6.2819877e+00
  7.9674850e+00
  1.0508511e+00
  8.6649332e+00
 -1.9011347e+00
  8.3302069e+00
 -1.2092349e+01
  5.3178883e+00
  5.1806426e-01
  5.2144909e+00
  8.0803423e+00
  5.6161599e+00
 -7.5486690e-01
  4.9415126e+00
  4.6151276e+00
 -1.9363616e+00
 -3.3554828e+00
  8.5296240e+00
  9.0529394e+00
  4.1619253e+00
 -1.1541495e+00
  1.0046469e+00
  6.3183160e+00
  9.6118469e+00
  1.9030766e-01
 -1.1483791e+01
 -1.0560231e+01
  5.4132943e+00
 -4.6015272e-01
 -6.6059632e+00
  2.2166004e+00
 -7.0818415e+00
 -4.4440627e+00
 -7.7815819e+00
  1.2381307e+01
  9.2982793e-01
  1.2086359e+01
 -7.6093693e+00
 -4.6970286e+00
  1.2165506e+00
 -2.4190316e+00
 -9.9131193e+00
  4.1639624e+00
  1.2538389e+01
 -4.8298092e+00
  7.6778626e+00
 -7.4718199e+00
  3.2682662e+00
 -1.7843914e+00
  1.0315241e+01
  4.7729086e+02
  3.7881064e+00
 -1.6725172e+00
  3.0633559e+00
 -2.4756198e-01
  6.1633043e+00
 -7.8302045e+00
 -1.0074197e+00
  2.7136865e-01
  9.5500261e-01
  3.2161958e+00
  3.7051435e+00
  2.5328405e+00
  2.5769622e+00
 -3.9142485e+00
 -1.7518884e+00
 -1.9219946e+00
  3.6441162e+00
 -5.7587953e+00
 -2.1108346e+00
 -1.7761871e+00
  1.1188840e+00
 -4.2830238e+00
  4.6661153e+00
  5.3360021e-01
  1.7716042e+00
 -8.7942463e-01
 -3.7346108e+00
 -6.7615163e-01
  4.8746519e+00
 -2.2970755e+00
 -8.1434435e-01
 -2.1706507e+00
  2.9369955e+00
 -2.6160367e+00
 -3.6765580e+00
 -1.3682486e+00
  1.4515197e+00
 -7.6502275e-01
 -1.5530651e+00
  4.0402699e+00
  2.8535217e-01
 -2.0970546e-01
  2.2674951e-01
  2.7240880e+00
  2.3861723e+00
 -1.4771209e+00
  4.5714235e+00
 -3.5418332e+00
  1.4667141e+00
 -1.5809840e+00
  2.7340453e+00
 -2.2360747e+00
 -4.8840538e-01
 -2.3790514e+00
 -1.5226871e+00
 -3.8891008e+00
 -1.2150856e+00
 -2.4906332e+00
 -4.5490697e-01
 -2.7418005e-01
 -6.4018267e-01
  3.7705419e+00
 -2.7704790e+00
 -3.6562639e-01
  2.4496417e+00
  1.4765587e-01
 -2.2071789e-01
  1.4910882e+00
  1.8902136e+00
 -1.3025434e+00
 -6.2744679e+00
 -2.0240753e+00
 -3.4709935e+00
  2.0350964e+00
  9.7187245e-01
 -4.9475317e+00
 -1.4153429e+00
 -2.5341713e-01
 -3.8148911e+00
 -9.8440129e-01
 -1.3275557e+00
 -3.1461434e+00
 -2.5684454e+00
  5.0381289e+00
  2.2061908e+00
 -1.3654160e-01
  1.5483454e+00
 -1.5709432e+00
 -6.6309303e-01
  2.9413338e+00
  3.4448957e+00
 -3.0795717e+00
  1.5446510e+00
 -4.8049957e-01
  1.5895988e+00
  5.9702796e-01
  2.4253480e-01
  7.1737908e-02
 -1.9259251e+00
  2.5166312e-02
  1.6450801e+00
 -5.3134936e-01
  7.2021759e-01
  1.8534789e+00
 -1.1755757e+00
 -2.5355226e-01
 -2.1610990e+00
 -7.4639976e-01
 -3.2527580e+00
  5.1514049e+00
  6.1084218e+00
  1.0185604e+00
  3.2642372e+00
 -5.2059135e+00
  2.5485134e+00
  1.9637173e+00
  1.2052276e+00
  1.1361419e+00
 -2.8280406e+00
  3.0528514e+00
  2.0879242e+00
  9.1737223e+00
 -1.1346397e+00
  1.4342951e+00
  2.6959338e+00
 -9.4686508e-01
 -5.3095067e-01
 -3.1085353e+00
 -5.2345163e-01
  2.0149574e+00
 -7.0964754e-01
  2.8770781e+00
 -1.8810842e+00
  3.5641904e+00
  2.0155392e+00
  1.1795512e+00
  7.2031671e-01
  1.2206848e+00
 -1.0090039e+00
  6.5955167e+00
  7.6813851e-03
 -5.9638184e-01
 -1.6455928e+00
  2.6777623e+00
 -2.4602751e-01
 -1.0961571e+00
 -3.0185659e+00
  1.4709728e+00
 -3.9800808e-01
  1.1302994e+00
 -2.1845715e+00
 -5.0325561e-01
  2.3477490e-01
  1.4535185e+00
 -8.4687245e-01
 -8.7818336e-01
  1.7336403e+00
 -2.6117277e+00
  2.3811556e-01
 -5.3514142e+00
 -2.2427258e+00
  4.8744410e-01
 -2.2233560e+00
 -2.5346162e+00
  1.3319510e-01
  6.6921906e+00
 -4.0903468e+00
  5.3324389e-01
 -1.5568638e+00
 -1.9364510e+00
  3.9607018e-01
 -8.7707654e-02
  1.9050178e-01
 -7.1574869e+00
 -1.8990318e+00
 -3.2760739e-01
 -2.6397152e+00
  1.8854749e+00
 -3.1547213e+00
  2.7488810e-01
 -1.0983154e+00
  2.9449663e+00
 -9.5998108e-01
  2.8923309e-01
  2.5056350e+00
  5.7659880e-03
 -7.0978709e-02
 -3.9782107e+00
 -3.0395021e+00
  2.3539381e-01
  2.5231805e+00
  1.8989614e+00
 -9.3662983e-01
 -3.4923103e-01
  1.7134798e+00
  2.0881040e+00
  2.3031414e+00
  1.8589361e+00
  2.1952126e+00
  1.2234918e+00
  1.2708751e+00
  1.7790584e-02
  4.5970993e+00
  7.0343405e-01
  2.1073990e+00
 -8.3212984e-01
  2.6157551e+00
  8.6432585e-04
 -8.2897556e-01
 -6.2807732e+00
  8.2121038e-01
  4.2642469e+00
  7.7618861e-01
 -5.4652414e+00
  2.7599759e+00
  1.2441183e+00
  3.3682888e+00
 -3.2237307e-03
 -1.9492638e+00
 -1.9671118e-01
  1.1728311e+00
 -2.8005984e+00
 -2.8780951e+00
 -4.4585929e+00
  1.5789893e+00
 -4.4717689e+00
  6.4492016e+00
 -2.0466139e+00
 -6.0216194e-01
  4.3791647e+00
 -9.3875617e-02
  7.4197632e-01
  1.0049442e+00
 -8.8431442e-01
 -2.2215464e+00
  4.8712940e+00
 -4.1298026e-01
 -2.3317974e+00
 -1.7577392e+00
  2.3411944e+00
  5.4118431e-01
 -6.3534510e-01
 -2.5189276e+00
 -4.8084986e-01
  2.5525773e+00
 -2.8572702e+00
 -1.2063454e+00
 -5.7700557e-01
  2.2428658e+00
 -3.0930324e+00
  2.2995818e+00
 -4.6776783e-01
  2.1882970e+00
 -3.0064654e+00
  5.1039171e+00
 -1.1133595e+00
  9.7251153e-01
 -3.2857580e+00
  1.3338490e-01
 -5.3980872e-02
  1.8590549e-02
  1.7796707e+00
  4.1957154e+00
 -3.5773924e-01
 -3.6514378e+00
  2.7634862e-01
 -7.7599549e-01
 -3.5089636e+00
  1.2417309e+00
 -2.2378304e+00
  2.6975957e-01
 -3.4164057e+00
 -4.4745091e-01
  1.6760708e-01
 -6.1331475e-01
  1.5978588e+00
 -1.6000495e+00
  4.3571548e+00
  9.3174553e-01
 -4.8225031e+00
 -1.0618111e+00
  1.9283265e+00
  5.0243091e-02
 -1.9636269e+00
  1.1873207e+00
 -1.9410753e+00
  4.6529703e+00
 -2.4360824e+00
 -3.5776863e+00
 -1.9537377e+00
  1.7793527e+00
  6.2417018e-01
 -2.8729963e+00
  3.2295227e+00
 -2.0582321e+00
  3.0536628e-01
 -5.4102653e-01
  3.7500122e-01
 -2.6566169e+00
 -3.2258403e-01
  9.6260297e-01
  1.7889551e+00
  4.5148835e+00
 -1.4159933e+00
  1.6230261e+00
  5.0013196e-01
  2.7901344e+00
 -2.5811028e-01
 -1.3542075e+00
  3.1182316e-01
  4.4697361e+00
 -5.5198336e-01
  1.4649564e+00
 -1.8364064e+00
  4.7042724e-01
 -4.8932925e-01
  5.1588340e+00
 -2.5139275e+00
  1.1073993e+00
 -3.3231826e+00
 -1.3509727e+00
 -1.7390653e+00
 -2.2049274e+00
  6.5218663e+00
  2.8784029e+00
  1.9435552e+00
 -7.9347782e-02
 -1.2597706e+00
  4.1321006e+00
  2.6263673e+00
  2.6539271e+00
 -5.4877858e+00
 -6.7946625e-01
 -4.2232962e+00
  1.4560319e+00
  3.6902016e-01
 -1.9913253e-01
  4.1016049e+00
 -6.6537279e-01
  1.1790707e-01
 -1.5129264e-01
  6.5530676e-01
 -7.1878165e-01
  1.4874392e+00
  2.2344730e+00
  6.8472320e-01
  1.7431399e+00
  1.8348639e+00
 -1.6038394e+00
 -1.5573038e+00
  4.1254129e+00
  2.0993202e+00
 -5.2055866e-01
  1.4803978e+00
  3.2534308e+00
  7.6042563e-01
  3.1491449e+00
 -1.5404873e+00
 -1.0938754e+00
  4.5053074e-01
  2.3412800e-01
  1.4458215e+00
  1.7193260e+00
  1.3075876e-01
  2.6616430e+00
 -7.7331699e-03
  1.7634525e+00
 -4.3678951e-01
 -1.1159446e-01
  7.0937824e+00
 -1.6713658e-01
 -2.1605007e-02
  1.1922408e+00
 -3.8884630e+00
  3.2985396e+00
  3.3882734e-01
 -4.1005579e-01
 -1.5547206e+00
 -2.2954342e-04
 -2.2947798e+00
 -1.8950908e+00
  1.3550457e+00
  1.2797111e-01
 -7.2359401e-01
  1.8153018e-01
  1.3440841e+00
  2.6510007e+00
 -2.7482402e+00
  3.0573945e+00
 -8.3904451e-01
  2.5790030e-02
  3.6453094e+00
 -1.3118720e+00
  1.3394725e+00
 -4.0991974e+00
 -1.0488474e+00
  3.9931130e-01
  4.1432890e-01
 -1.3795789e+00
 -3.1761708e+00
 -1.5751821e+00
  5.6451124e-01
  2.2050054e+00
  1.3225955e-01
 -8.0637789e-01
  3.2490606e+00
  5.3997364e+00
  1.3214887e+00
 -1.7301453e+00
 -7.7788800e-01
  2.6054695e+00
 -1.9740695e+00
  1.4615138e+00
  8.3968663e-01
 -3.6924116e-02
 -7.0133799e-01
  1.0918901e+00
  2.9808717e+00
  7.1027064e-01
 -8.4165221e-01
 -5.2810603e-01
  6.0414143e+00
 -6.5217751e-01
 -1.0443624e+00
  3.6374884e+00
 -7.3596387e+00
  9.2784178e-01
  2.0405018e+00
 -2.0791130e+00
 -8.2304025e-01
 -8.9506543e-01
 -7.0993853e+00
 -3.5280305e-01
  1.5997152e+00
 -3.1553056e+00
  4.0033162e-01
  2.8632314e+00
  2.7337508e+00
 -1.4494847e+00
 -2.4290495e+00
  4.1525325e-01
 -1.6750677e+00
 -6.9393396e-01
 -2.5586812e+00
  4.6760029e-01
 -1.6102196e+00
 -4.4287624e+00
 -4.6925554e+00
 -5.3064382e-01
  2.0947239e+00
 -4.3022618e+00
 -2.0433419e+00
 -2.7971500e-01
 -1.8579882e+00
 -5.7366776e-01
 -2.6912885e+00
 -6.8154824e-01
 -7.1323693e-01
  1.3110831e+00
 -6.2010503e-01
  3.1027269e-01
 -1.8294400e+00
 -3.8810787e+00
 -4.3956375e+00
  9.5986515e-01
 -1.6052066e+00
  5.7554442e-01
 -7.4236572e-01
  3.4329083e+00
  3.1989506e-01
  2.1337020e+00
  7.5743657e-01
  2.7066932e+00
 -3.6232851e+00
 -1.4134833e+00
  3.1465611e-01
 -9.8716812e+00
  3.8715911e+00
  1.1463460e+00
  2.9613330e+00
 -1.7624878e+00
  1.3816773e+00
 -1.8723421e-01
  1.7990236e+00
  1.3248864e+00
 -1.1997877e+00
  3.0339189e+00
  1.1815099e+00
  2.4440114e+00
  2.9831064e-01
 -3.8772478e+00
 -2.3456435e+00
 -1.3373638e+00
 -1.5691783e+00
  1.2100765e+00
 -7.3670954e-01
  1.2202582e-01
  1.0135649e+00
 -1.3995819e+00
  2.5988129e-01
 -1.7428291e+00
  2.1123340e+00
 -1.2088931e+00
  1.9075874e+00
 -2.4381192e+00
  3.2518667e-01
 -1.6119764e+00
 -8.7589163e-01
 -8.3802646e-01
 -1.2073278e+00
 -4.6007473e-02
 -1.9610641e-03
  8.7789716e-03
 -1.6490847e+00
  7.3452199e-01
 -1.3149359e+00
  1.2039098e+00
 -3.8452785e+00
  4.3686194e+00
 -2.3719129e-01
  1.9641994e+00
 -3.2101099e+00
 -3.3722189e-01
 -1.5109235e+00
  9.6936059e-01
  1.1378058e+00
 -1.1908343e+00
  4.9322495e+00
 -3.5203570e-01
  5.7167304e-01
 -2.5842953e+00
  5.4957092e-01
  9.1568696e-01
  1.0336893e+00
 -6.6599137e-01
 -1.3588512e-01
 -8.3140123e-01
  6.1018509e-01
 -1.9176393e+00
  3.4158762e+00
 -1.0242054e+00
  8.8618308e-01
 -1.6371901e+00
  2.0448513e+00
  1.6575123e-01
 -7.4345315e-01
 -6.1929233e-02
  2.0750393e-01
  1.0246857e+00
 -1.1054046e+00
 -1.0979968e-01
 -1.9822703e-01
  3.3160159e-01
 -5.9185636e-01
  1.9417694e+00
 -4.4214648e-01
 -5.3544545e-01
 -5.7917571e-01
 -3.4068722e-01
  1.3331273e+00
 -2.6909480e+00
  1.1096079e+00
  5.0426087e+00
 -3.5410579e-02
  2.0989129e-01
  2.1384959e+00
  4.3280582e+00
 -2.2924066e-01
 -2.2662842e+00
  1.3464538e+00
 -2.1140158e+00
  6.0511559e-01
 -1.9053970e-01
  1.5235935e-01
 -2.3907986e+00
 -8.5542977e-01
  5.3081107e-01
  1.3439584e+00
 -2.9286015e+00
 -9.8372161e-01
 -8.3187675e-01
  3.9794061e-01
  6.1731625e-01
  1.1646038e-01
  3.5146508e-01
  6.1186150e-02
  7.9627998e-02
 -3.5352039e-01
 -1.4294599e-01
 -8.4673518e-01
  2.3168724e+00
  2.3444345e+00
 -6.8448216e-01
  2.9321554e-01
  2.6372623e+00
 -3.7852168e-02
 -6.0771370e-01
 -1.0933999e-01
  1.7789620e+00
 -2.6558905e+00
  1.3556527e+00
 -5.6416112e-01
  1.6984226e-02
 -2.6363865e-01
  3.1476533e+00
  2.2665992e+00
 -8.9901596e-01
 -1.3264196e-01
 -2.3169208e+00
 -2.7801648e-01
 -3.5185750e+00
 -9.4684327e-01
 -3.7926929e+00
  1.3835285e+00
  3.3167779e-01
  5.1599756e-02
  3.4776866e+00
  5.8362645e-01
  1.3134345e+00
 -3.6826480e-02
  1.4789032e+00
 -1.4839216e-01
  3.1757929e+00
  1.5956500e+00
  2.4128810e-01
  4.5662794e-01
  2.8695369e-01
 -4.9829221e-01
 -1.0715638e+00
  8.2118887e-01
  2.2259806e-01
 -9.9987172e-02
  8.5629866e-02
  3.8888660e-01
 -1.2297623e+00
  2.1658890e-01
  2.9531333e-01
 -1.2680736e-01
  2.3292856e+00
 -1.5726767e-01
  5.7225960e-01
 -1.5872614e+00
 -2.7969925e+00
 -1.8494405e+00
 -1.4906987e+00
  2.3047851e-01
  9.6044943e-02
 -3.6904652e+00
 -1.7660356e+00
  3.5094635e+00
  3.4716597e+00
 -4.2410202e+00
  2.4492960e+00
  4.8416386e+00
 -2.5033277e-01
  4.3822908e+00
  2.6265354e+00
 -2.3308322e+00
  6.8586594e-01
 -1.2176460e+00
 -2.3721988e+00
 -7.9153198e-01
  2.2353394e+00
 -4.9500635e-01
  4.6463115e-03
 -1.2860671e-01
  1.7953022e+00
 -3.4238002e+00
 -1.6999781e+00
 -1.6102159e+00
 -1.7501583e+00
  1.7063652e-01
 -2.7277285e-01
 -2.6189644e+00
 -2.5944132e-01
  1.5886655e-02
  1.4009519e+00
 -1.0039994e+00
 -1.4483774e+00
  2.5346932e-01
  1.8895696e+00
  3.2365757e-01
  1.6812301e-01
  7.2443563e-01
  3.9861467e-01
  2.9343867e-01
 -1.8350804e+00
  3.0062077e+00
 -9.7229975e-01
 -9.0702385e-01
  1.5982890e+00
  1.4091102e+00
 -2.4366834e+00
  4.5754427e-01
  1.6833901e+00
 -4.9367990e+00
  3.4996252e+00
  6.0526533e+00
  2.4914351e+00
  9.4497091e-01
 -1.6218207e+00
 -2.0653205e+00
 -2.8684893e-01
  7.2665828e-01
 -1.9307574e+00
 -3.5582764e+00
 -9.8558372e-01
  4.5031956e-01
 -9.2199638e-02
  1.5926035e-01
  1.9111279e+00
  1.3540531e+00
  1.4069699e+00
  1.7473998e+00
 -3.2400817e-01
  1.7708449e+00
 -1.2632248e-01
 -1.3308735e+00
 -2.9212406e+00
  2.2529445e+00
 -7.4106020e-01
 -2.5997174e+00
 -3.5415046e+00
 -2.0001383e+00
 -1.1575638e+00
 -1.4374452e+00
 -1.8593566e+00
 -5.0053353e+00
 -5.5987053e-02
  1.6651347e-01
 -7.6248311e-02
 -2.3803244e+00
  3.0615420e+00
  1.3668258e+00
  2.2925699e+00
  5.5789018e-01
  1.2820117e+00
 -2.3708808e+00
  2.1023521e+00
  1.6739739e+00
 -3.9286976e+00
  1.5999728e+00
 -1.7728245e+00
 -7.1172941e-01
  2.2756498e+00
  6.4259797e-01
 -1.0994895e+00
 -2.1837697e+00
  2.4716024e+00
  5.6681663e-01
  3.3905735e+00
  1.9360905e+00
 -2.2027974e+00
 -1.4830769e+00
  2.9146609e+00
 -1.2509949e+00
  1.9395365e-01
  2.6974824e-01
 -1.3078672e+00
 -4.7683058e+00
 -7.7658480e-01
 -3.7287086e-02
 -1.9059287e+00
 -1.5465972e-01
 -2.3298365e-01
  3.4542850e-01
 -3.2617700e-01
  4.7933817e+00
  4.6591423e-02
  6.8362916e-01
  6.5702271e-01
  3.5521517e+00
  5.5761433e-01
  6.3152003e-01
 -9.0852028e-01
  1.0926727e+00
  1.8338743e-03
  1.8338743e-03
  1.8338743e-03
  1.8338743e-03
  1.8338743e-03
  1.8338743e-03
  1.8338743e-03
  1.8338743e-03
  1.8338743e-03
  3.5708311e-03
  3.5708311e-03
  3.5708311e-03
  3.5708311e-03
  3.5708311e-03
  3.5708311e-03
  3.5708311e-03
  6.2058666e-03
  6.2058666e-03
  6.2058666e-03
  6.2058666e-03
  6.2058666e-03
  6.2058666e-03
  6.2058666e-03
  5.5716210e-03
  5.5716210e-03
  5.5716210e-03
  5.5716210e-03
  5.5716210e-03
  5.5716210e-03
  5.5716210e-03
  3.7785852e-03
  3.7785852e-03
  3.7785852e-03
  3.7785852e-03
  3.7785852e-03
  3.7785852e-03
  3.7785852e-03
  1.2551631e-03
  1.2551631e-03
  1.2551631e-03
  1.2551631e-03
  1.2551631e-03
  1.2551631e-03
  1.2551631e-03
  2.7323222e-05
  2.7323222e-05
  2.7323222e-05
  2.7323222e-05
  2.7323222e-05
  2.7323222e-05
  2.7323222e-05
