nep4_zbl 2 O Ga 
zbl 1 2
cutoff 6 4 418 127
n_max 8 6
basis_size 12 10
l_max 4 2 1
ANN 100 0
 -4.8304753e+00
 -3.6272361e+00
 -6.2318673e+00
 -1.7126262e+00
  7.4955004e-01
  6.2976012e+00
 -4.0951953e+00
  1.4909823e-01
  2.8419902e+00
 -4.4794235e+00
 -1.0772501e+00
  6.1697356e-02
  7.9371738e-01
 -1.5125787e+00
  4.0980444e+00
  4.4767618e+00
 -3.5444107e+00
 -1.4593905e+00
  6.4285386e-01
 -1.2067280e+00
 -3.3163843e+00
  4.8706732e+00
  3.3665297e+00
  1.4925476e+00
  5.6748497e-01
 -2.7112930e+00
 -3.5668290e+00
  2.2515148e-01
  4.5636654e-01
 -1.8845789e+00
 -3.3431071e-01
 -2.5715282e+00
 -1.9238824e-01
 -7.1825333e-02
  9.4998986e-02
  7.7559733e-01
  3.1308532e+00
  1.3032365e+00
 -1.0951239e-01
  2.5609207e+00
  7.6755536e-01
  3.0610650e+00
  2.1093678e+00
 -5.7637066e-01
  5.1397774e-02
  2.0813143e-02
  1.2354513e+00
  3.8698837e-01
  4.4964886e+00
 -6.1408490e-02
  1.2465250e-01
  3.5758253e-02
  1.8808823e-02
 -1.6197233e+00
 -2.9725861e-03
  8.1058182e-02
  5.3234160e-02
 -1.6615095e-03
  2.0547232e-01
 -5.8302367e-01
  6.8638445e-04
 -2.2299594e-01
  9.0574726e-02
  1.4096628e-02
 -4.3631964e-03
 -4.8600331e-02
 -4.7422163e-03
  3.6774217e-03
 -9.4224942e-01
  1.4638894e-02
 -1.0274292e-01
 -4.0067637e-01
 -1.9718935e+00
  1.1988297e-01
 -2.9725721e-01
 -3.6580831e-02
 -7.4982956e-02
 -2.5848266e-01
  1.2216083e-01
  8.8218987e-02
 -1.6236037e-03
 -1.0009508e-01
  7.0342675e-02
 -3.3001982e-02
  5.7885680e-02
  2.0133557e-02
 -1.2490016e-01
 -3.0144054e-01
 -1.3652774e+00
  3.1119866e+00
  4.9703654e-02
 -1.8506562e-02
 -1.3564822e-01
 -1.7819902e-03
 -9.7172573e-02
  4.2021510e-01
 -2.4774557e-01
 -1.5149049e-01
 -6.7196421e-02
 -7.5483300e-02
  8.6542554e-03
 -1.3600144e-01
  1.1727619e+00
  1.7281827e-01
  2.7952401e-02
  2.9800621e-01
  1.1215734e-01
 -4.0718824e-01
  1.2928544e-01
 -4.2629592e-02
 -1.1114513e-01
 -6.5126516e-02
  3.3203065e-02
 -1.5968051e-02
  2.0164877e-02
  4.3261211e-02
  1.9880676e+00
 -2.1819334e+00
 -6.2366944e-02
  1.6385353e-01
  1.7129610e-01
  7.7724080e-03
 -1.4527059e-01
  3.6190138e-03
  1.1232321e-01
 -1.3038467e-01
  2.6173644e-02
 -8.6679943e-02
 -2.5978586e-02
 -6.8183267e-01
 -3.3175904e-01
  1.3692367e-01
 -1.5458182e-01
 -4.5449175e-02
 -6.2999621e-02
 -4.6789106e-02
 -1.1711664e-01
 -2.4116502e+00
  5.7315427e-01
 -1.3913189e-01
  2.1331141e-02
 -6.0920648e-02
 -3.6478393e-02
 -3.0347368e-01
  7.6306798e-03
 -1.3309476e-01
  8.3260924e-01
  2.1034012e+00
 -1.3188878e-01
  2.4766392e-01
  4.8633158e-02
 -1.4568427e-01
 -9.2538528e-02
 -6.6141193e-03
  6.5136528e-01
 -1.8689291e+00
 -1.8303746e-02
 -4.9267874e+00
  6.0122382e-02
  1.0101866e-01
 -1.9725691e+00
 -1.9709995e-01
 -2.3120809e-02
 -1.3211682e+00
 -8.8780835e-02
 -2.2532164e-01
 -1.6115043e-01
  8.6503081e-02
  3.0259753e-02
  1.6539158e-01
 -8.4291214e-01
  6.5123007e-02
 -5.0963581e-02
  2.9461699e-02
  6.1146179e-03
 -1.0470586e-01
 -3.8345184e-02
  1.8456951e-02
 -8.3402850e-02
  8.9303368e-01
 -2.7610901e-01
 -2.8579384e-01
  8.0639072e-02
 -4.6624184e-02
  4.9699467e-01
 -3.9381334e-01
 -2.1142759e+00
  5.0995868e-01
  7.8737587e-02
 -5.6213123e-01
 -1.3216500e-02
  9.4587840e-03
  1.2348264e-02
  8.7018674e-03
 -3.4692580e-01
  3.6166728e-01
 -1.4079108e+00
  6.7214593e-02
  2.1907438e-01
 -1.4835046e-01
 -2.0722753e-01
 -3.5081044e-01
 -5.8130778e-02
 -2.3518367e-01
  7.9187058e-02
 -2.2071788e-01
  3.9715481e-01
 -1.8280689e-02
 -6.9003850e-02
 -2.6241949e+00
  5.3650528e-02
  5.1491570e-02
  1.2302796e-01
 -1.0403223e-01
  1.0900724e-01
 -1.4080261e+00
 -9.2503326e-03
  8.5264906e-02
 -5.8076270e-02
  3.9119837e-01
  2.5060287e-02
 -8.5786432e-03
  1.4718376e-01
  1.2423916e-01
 -1.1755628e-01
  9.5270097e-02
 -4.9353624e-03
  5.3123865e-02
  4.5760818e-02
  1.1123329e-01
 -5.1018469e-02
  1.7083292e-01
 -1.6486668e-03
  3.2592821e-01
  8.7382913e-02
 -6.1567134e-01
 -3.3081402e-03
 -1.6021403e-02
 -1.7561327e+00
 -1.0744727e-01
  1.4095386e-02
  6.7239702e-02
  3.3407307e-01
  1.1122293e-01
  1.3202675e-01
  5.5376053e-01
  1.7564068e-02
  3.5951059e-02
  2.0248783e-01
 -2.8842494e-02
  1.2335248e-02
 -2.6987305e-02
 -6.1789919e-02
 -1.2389895e-02
 -2.5591193e-02
  1.9613467e-01
 -1.0627700e+00
 -5.0864320e-02
 -1.8240009e-01
 -4.4540753e+00
  4.2045126e+00
 -5.4754820e-02
  2.9989166e+00
 -3.7052095e-01
  2.5787702e-02
 -5.4706819e-02
 -6.4855337e-01
 -2.3229495e-01
  1.9301053e-02
 -1.3400011e-01
  1.6681963e-01
 -2.9858034e+00
  4.9496695e-01
  1.6809309e-01
  1.7526608e+00
  5.9610534e-01
 -4.8259661e-01
  1.2848442e+00
 -1.5205798e+00
 -2.3455569e-01
 -1.0431324e+00
  1.8515414e+00
  1.3686377e+00
 -2.0805044e+00
  4.1916419e-02
  6.4933270e-02
  1.9109018e-01
  1.2668556e+00
 -1.6428320e+00
 -5.2038455e-01
 -5.0044650e-01
 -1.5531929e+00
 -1.0398524e-01
 -3.2441188e-02
  2.9805565e-01
 -2.1594782e+00
  4.7424387e-02
  1.0382486e-01
 -2.3455201e-02
  2.1418197e-02
  1.2515658e-01
  4.0787127e-02
  1.8434481e-01
  5.2212067e-02
 -5.1744591e-02
 -9.8112240e-02
  2.7257714e-02
  2.0447868e-01
  7.8380667e-02
  3.5677773e-01
 -4.2494200e-02
 -9.4959639e-02
 -2.3900048e-01
  8.1628211e-02
  1.1530242e-02
 -2.9572181e-04
  1.5626028e-02
  6.6954784e-02
 -3.8752764e-02
 -4.2921741e-02
  8.6255737e-02
 -1.1986913e-02
  2.1844658e-01
 -3.0094894e-02
  1.2940153e-01
  1.7074680e-01
  1.8550517e-02
  1.5793480e-01
 -3.2935522e-02
  3.0988639e-02
  4.5177869e-02
  1.1128629e-01
  4.0242493e-02
 -1.0055964e-01
 -3.5701014e-02
 -9.2371359e-02
 -1.3456550e+00
 -8.5377142e-02
 -8.3581012e-01
  1.2182592e-01
 -1.3426484e-02
 -3.7723333e-02
 -7.6196110e-01
 -1.7549111e-02
  3.9447811e-02
 -1.0927870e-02
  1.9066156e-01
  1.2085852e-01
  5.6030031e-02
  2.9740539e-01
 -4.9199644e-02
 -4.5320291e-02
  6.4430438e-02
 -5.1055476e-02
  2.3571972e-02
  1.2261492e-01
 -5.8099896e-01
  3.4718454e-01
  1.2090478e-01
 -2.3298517e-01
 -2.2075900e-01
 -6.7759693e-02
  9.6289778e-01
 -1.3727817e-01
 -3.5271026e-02
  3.0515844e-02
 -1.3164715e-01
  3.5003819e-02
  8.3478473e-02
 -1.7435099e-01
 -9.6966662e-03
  6.1940186e-02
 -5.3726383e-02
 -1.1369528e-01
  1.7023356e-01
 -5.4265611e-02
 -3.6896122e-01
 -1.1339165e-01
 -1.0664726e-01
 -3.8552713e-02
 -4.8292753e-01
 -2.9506117e-01
  5.9393537e-01
 -1.3428521e+00
 -1.0916739e-01
  3.2266639e-02
 -3.3367760e-02
 -2.2796635e-02
 -1.0206897e-01
  9.4850615e-02
 -2.7936680e-02
 -5.5972475e-01
  6.8692163e-02
  1.6486858e-03
 -2.0978598e-01
 -1.0919012e+00
  1.6701150e-01
  2.6277462e-01
  9.3349256e-03
 -5.1882878e-02
 -1.7349076e-01
  4.0893182e-01
 -3.7197936e-02
 -3.6647022e-03
  7.8441180e-02
  1.7902043e-02
  3.0045910e-02
 -6.0337212e-02
  4.9009833e-01
 -9.5151067e-03
  2.1568890e-01
 -2.5897121e-02
  1.2777802e-01
 -1.6468701e-01
 -1.1422463e-01
 -9.6083403e-02
 -4.7580905e-02
 -3.9821380e-01
 -4.1222429e-01
 -3.9248043e-01
  1.3601729e-01
  1.3769014e-01
  2.0234853e-01
  8.4913678e-02
 -5.5661565e-01
  1.0878272e-01
 -1.1941947e-01
 -3.5562602e-01
 -9.3231492e-02
  3.5159584e-02
  1.8682361e-01
  1.1977361e+00
 -1.0734124e-01
  2.4890226e-01
 -1.6359605e-01
  1.4466637e-01
 -1.2346974e-01
  2.4639258e-02
 -7.5413175e-02
  5.8556668e-04
 -1.4434982e-02
 -6.1233591e-02
  1.0019268e+00
  2.4723897e-02
  3.8602307e+00
  1.0860282e-01
  1.6061405e-02
 -7.9248063e-02
 -9.2301756e-02
 -3.0178884e-01
  5.4107696e-02
  3.0243734e-01
  1.4052623e-02
  1.0238402e-01
 -7.8344373e-03
 -2.2481664e-01
 -7.4628121e-03
 -9.7597569e-02
  5.8404946e-01
  4.6734009e-02
 -4.0713564e-02
  4.9630482e-02
  6.5995760e-02
  1.7454070e-01
 -7.6160379e-02
 -2.4379041e+00
  7.6213412e-02
  9.1582470e-02
 -4.1824631e-02
 -1.3128315e-01
  1.2769520e-02
 -7.5047590e-02
  6.7848720e-02
 -4.9284864e-03
  4.9652634e-03
  9.8805851e-04
  8.2937211e-02
 -5.0799854e-02
 -5.6159399e-02
 -6.6948824e-02
 -1.6385878e-02
 -1.3006206e-01
  8.9499600e-02
 -7.5218797e-02
 -1.6614404e-02
  2.9010976e-02
 -7.6656586e-05
  4.7742116e-01
  2.1012528e-01
 -3.7047427e-02
 -3.8224564e+00
 -9.0891653e-01
 -1.6583988e-01
  1.4866582e-01
  2.2418415e-02
 -8.0886576e-03
 -2.2236173e-01
 -6.1556865e-02
 -6.9205775e-03
 -2.6457399e-01
  6.5367423e-02
  1.6345564e-02
  6.1632581e-02
 -3.0178485e+00
 -4.1953564e-01
  3.0251713e-02
  2.7838882e-02
  3.8618233e-02
  1.1167778e+00
 -8.3953775e-02
 -8.5247345e-02
  1.3398455e-01
 -2.7030002e-02
  7.6954925e-01
 -3.1846251e+00
  1.2902465e-01
 -6.6564061e-02
 -1.6627250e-02
  4.0688459e-02
 -6.7585707e-03
 -5.1132169e-02
  4.4011623e-02
 -2.9598691e-02
 -1.0007866e-01
 -3.9800662e-01
 -6.0620123e-01
  1.3273017e-02
 -1.6104290e+00
 -2.3908205e-03
  1.2098008e+00
  7.9981941e-01
  1.2741541e-02
  1.7114466e-02
  5.4838855e-02
 -9.4829910e-02
  1.2218878e-01
  5.6808114e-02
 -1.1161074e-01
 -4.5269184e+00
  4.9103609e-01
 -3.5803440e-01
  7.6861084e-01
  6.5345600e-02
 -2.2785069e-01
 -2.0460764e-01
  2.7449098e-01
 -9.1918312e-02
 -6.7583717e-02
  8.3117867e-03
  5.6453940e-02
 -5.9983723e-02
  1.6302910e-01
 -1.0770451e-01
  2.5419384e-01
  1.6813591e-01
 -7.8784890e-02
  4.4053908e-02
  1.4962332e+00
 -3.5645243e-02
  2.2863278e-01
 -9.6111983e-02
 -3.7999122e+00
  5.2684317e+00
 -5.4646688e+00
 -1.3381739e+00
  2.5663311e+00
  4.3546462e+00
  3.6394544e+00
  4.5525422e+00
 -1.6022421e+00
  1.7022655e+00
  4.2572945e-02
 -8.3677369e-01
  2.2817285e+00
  2.7209144e+00
  8.6547595e-01
 -1.1572384e-01
 -4.9829546e-01
 -1.1262760e+00
  5.0970225e+00
  1.0485592e+00
  2.0389560e-01
 -1.8306355e-01
 -2.0135305e+00
 -3.9508789e+00
  7.0400149e-01
  3.7985973e+00
  2.3351567e+00
 -4.8090699e-01
  2.4564882e-01
 -6.9964820e-01
  2.6381638e+00
  3.5578680e-01
  2.9026120e+00
  2.5176210e+00
 -3.0725816e-01
  2.6566872e-01
  1.4350468e-01
 -1.2596145e+00
  2.1743251e-01
  1.8271719e+00
  6.5696813e-02
  4.9849343e-01
  1.1319644e-01
 -2.4835862e-01
  2.8208058e-02
 -1.1338822e-01
 -3.1289005e-01
 -2.6356602e-01
 -3.0346658e+00
 -8.4546003e-03
 -8.0847329e-01
 -1.2015956e-01
 -1.1095214e+00
 -4.8681685e-01
 -5.8642597e+00
 -2.5125375e-01
 -1.6981496e+00
 -5.6096549e+00
  7.0958012e-01
  3.9062152e+00
 -1.3739359e-01
 -2.0373650e+00
  2.9555148e-02
  7.1698859e-02
  2.1151226e+00
 -3.0317571e+00
 -6.0121555e-02
  2.7600293e+00
 -1.6392032e+00
 -1.8439335e+00
  7.1071906e+00
  2.7258394e+00
 -2.2198460e+00
  7.6550525e-01
 -1.4163435e+00
 -3.3245940e-02
  3.0868301e-01
  2.5076745e+00
  3.1608620e+00
  2.8941255e+00
  3.5163036e-01
  2.8141239e-01
  6.4891577e-02
  1.6419064e+00
  4.5530791e+00
  1.4077437e+00
  6.0755663e+00
  7.4601316e-01
  4.2750135e-02
  8.2678623e-02
  1.2926218e-03
 -4.0465943e-03
 -4.2150697e-01
  2.5181055e-01
  5.9395663e-02
  2.0397171e-01
 -3.9521847e+00
  4.0864278e-02
 -1.1252147e-01
 -9.6659295e-02
 -5.0702643e-02
  3.4976095e-02
 -3.0573541e-01
 -1.0287334e+00
  2.9946523e+00
  1.0311365e-01
 -9.6758343e-02
  1.8254174e-02
  2.0377533e-01
 -1.5252292e-01
 -1.9622341e+00
  4.2460642e+00
  1.2279493e-01
 -4.1541796e+00
 -1.3559704e-01
 -2.6217177e+00
 -3.2203486e+00
 -2.9421082e+00
 -1.5408622e+00
  7.0232701e-01
  1.6019527e+00
 -3.5756631e+00
  1.0509989e+00
 -9.4124332e-02
 -1.3646327e+00
 -1.8575948e+00
 -1.2495877e-01
 -4.1330191e-01
 -1.9516984e+00
  1.6469582e+00
 -2.8317571e-02
  1.6308875e+00
 -1.1471560e+00
  1.6710128e-01
 -1.0773705e+00
  1.5189925e-01
  9.6839374e-01
 -1.8008022e+00
  1.5157777e+00
  9.1221355e-02
  4.6099897e-02
 -1.8712130e+00
  2.1147493e-01
  1.0951917e+00
 -3.1576407e-01
 -4.6177339e-02
  6.4215951e-02
  3.6767401e-02
  5.9618268e+00
  4.3903895e-02
  3.3462162e+00
 -4.0174402e-02
  1.7748712e-01
 -3.5729355e-01
 -1.3925781e-02
  1.0371979e+00
  4.3981528e-01
 -5.7935172e-01
 -4.8627362e-01
 -6.4245157e-02
  7.7051044e-01
 -7.3940742e-01
 -7.8034139e-01
 -1.4045529e-01
  7.1888216e-02
  9.2547253e-02
 -3.6300671e-01
 -2.0375263e-02
  1.8898392e-01
  7.7439047e-02
 -8.9080548e-01
 -5.3232726e-02
  1.2787241e-01
  5.9467033e-02
  2.8630111e+00
  6.4351477e-02
 -1.0384202e+00
  8.4211126e-02
 -1.0938865e+00
 -5.3580523e-01
  2.3275380e+00
  1.4792794e+00
  1.6319473e-01
 -1.8072240e-01
  2.5744477e-01
 -2.7011776e-01
 -1.2335969e-01
  4.3832397e-01
 -5.2938834e-02
  1.0067287e-02
 -2.2153100e-01
  4.6720225e-03
  3.6964270e-01
 -2.7379230e-02
 -5.8206968e-02
 -2.5354227e-02
  6.3364649e-01
  3.9577920e-02
  4.7407784e-02
  1.7319158e-02
 -4.5274697e-02
 -5.2842587e-01
 -1.4408159e-01
 -2.2953478e-01
 -1.0316628e-02
  1.2986317e-01
  1.5793817e-01
  2.7991438e+00
 -1.0188407e+00
 -1.3932459e-01
 -5.2160770e-02
 -1.1176408e-02
  2.3450257e-01
  2.1146980e-01
  7.1382052e-01
  9.7218297e-02
  7.3883452e-02
 -8.0002427e-02
  5.7697140e-02
  9.5902480e-02
  2.6330687e-02
 -1.0723815e-01
  3.2735801e-01
  3.9289989e-02
  4.3091092e-01
 -2.7470855e-02
 -2.6529579e+00
 -1.4425181e-01
 -5.4396763e+00
  5.3888638e-02
  3.5566010e-02
 -1.7564167e-01
  5.4694667e-02
  8.3328760e-01
  1.5025586e-01
 -2.1107385e-02
 -1.6431195e-01
 -2.7190775e-01
 -1.7500627e-01
  1.1081423e+00
  1.0892089e-01
 -3.2261375e-01
 -9.0029940e-02
  5.9887014e-02
  2.5689334e-02
 -7.3147326e-04
 -3.7926082e-02
 -7.6789355e-01
  5.3568864e-01
  2.0580750e-02
  1.5428384e-02
 -1.4880519e-01
 -6.2293969e-02
  3.9611243e-02
 -6.2937357e-02
  3.1459975e+00
  3.5110357e+00
  9.6822506e-01
 -2.5398254e+00
  3.1136699e+00
 -6.7114067e+00
  6.6678324e+00
 -1.2945193e+00
  1.0630471e+00
  1.5553417e+01
 -3.8299673e+00
 -1.6060792e+00
  1.6561908e+00
  2.8136303e+00
 -2.2659812e+00
  3.3197510e+00
  3.7780140e-02
 -9.5014982e-02
  2.5344312e+00
  1.3096460e+00
  1.4568061e+00
 -1.0625893e+00
  2.2492676e+00
 -1.2578219e+00
  2.2241452e+00
  3.9524386e+00
 -3.9129010e-01
  2.0407627e+00
 -6.5898049e-01
  4.3608713e-01
 -1.4697924e+00
 -3.1380242e-01
  3.8738995e+00
  1.6907349e-01
  7.4302846e-01
  1.1127533e+00
  1.0181535e+00
  6.3217890e-01
  3.4363534e-02
  2.2665930e+00
  1.0147810e+00
  1.5991792e-01
 -3.7112734e-01
  5.2713189e+00
 -1.1449347e-01
  1.1240785e-01
 -3.4168819e-01
  1.3173408e-02
 -5.3162842e+00
 -1.2439952e-02
 -1.1347771e-01
 -6.7661774e-01
 -2.0912387e+00
 -1.5600275e+00
  2.4054310e+00
 -2.1570525e+00
 -2.1062682e+00
  3.2035911e-01
 -7.1713132e-01
 -7.4024105e-01
  4.5075677e-02
  5.4206061e-01
 -2.7380157e+00
  4.2635174e-03
 -3.1589916e+00
 -1.7887309e+00
 -5.2971435e-01
  4.2379155e+00
 -1.9548585e-01
 -9.3293774e-01
 -1.0998495e-01
 -2.9073495e-01
 -1.4665529e+00
 -5.8639139e-01
  2.9000461e+00
  1.2348796e+00
  6.3390303e-01
 -1.3957454e+00
  6.4395875e-02
  1.4543935e+00
  1.1434565e-01
  3.7126274e+00
  6.4062148e-01
 -1.7677748e+00
 -8.4536992e-02
 -2.1940098e+00
  4.2156272e+00
  1.5635622e-01
  2.3073889e-01
  1.1433887e-02
  4.2568627e-01
 -2.1559846e-02
 -1.3272820e-01
 -1.5086833e-01
 -9.6973307e-02
 -3.7035462e-03
 -7.0203610e-02
  5.6882310e-01
  3.9266841e-03
 -6.6456702e-03
  1.9463782e-01
  4.3730192e-02
  4.0146027e-02
  1.7543282e-01
 -2.0608127e-01
  1.9028720e-01
 -2.0594621e-01
 -1.2428819e-01
  3.1095800e-01
 -2.3405584e-02
  8.5955888e-02
 -6.4964972e-02
 -1.1235853e-01
 -1.7142080e-01
 -3.5378483e-01
  2.4828923e+00
 -2.3274271e-02
 -6.9478923e-01
 -2.9919146e-02
 -2.2701706e-01
 -2.7886719e-01
 -3.5926265e-01
  4.9756253e-03
 -6.8735398e-02
 -1.8902051e-01
 -2.5525668e+00
 -9.4163328e-01
 -9.9728107e-03
  2.8588293e-02
 -3.4136119e-01
  6.0353477e-02
 -9.5494017e-02
  1.0806737e-02
 -5.2972909e-02
 -1.1023089e-01
  1.2409418e-03
 -1.4010455e-01
 -6.9397233e-02
 -2.1074460e-01
  1.7217496e-02
  5.3464185e-02
  8.2673645e-03
 -2.6784617e-02
  9.9129982e-02
  1.3334967e-01
 -6.3478395e-02
  4.5290090e-02
  9.6291006e-02
 -2.5221214e+00
  4.8699923e-02
  5.9143864e-02
  1.8167038e-02
  7.2239349e-03
 -4.8347805e-02
 -1.8124004e-01
 -4.6602178e-01
 -9.1128312e-02
  4.9495488e-02
  1.0351538e-01
  1.3775145e-01
  1.3902618e-01
 -2.0181997e+00
 -1.8018125e-01
  1.1253055e-01
  3.1140868e-02
  1.7030071e-03
  2.0264825e-02
  1.2004502e-01
 -8.7626237e-01
  4.2821113e-02
 -4.5452997e-02
  8.9125529e-02
 -5.5352513e-02
  1.5709943e-01
  9.0990774e-02
  1.7652215e-04
 -2.0340747e-01
 -5.0828416e-02
 -2.9415732e-02
  3.1216249e-01
  2.5432836e-02
  3.3230637e-05
 -6.8410975e-01
 -1.9189430e-02
 -6.1153226e-02
 -1.0394274e-01
 -5.8826278e-03
 -4.6064886e-01
  7.7454492e-02
  9.4511405e-02
 -4.8322976e-01
 -9.1581412e-02
  1.1715828e-02
 -6.0816478e-02
 -1.1723039e-01
 -1.6344762e-01
 -6.9491498e-02
 -5.9550321e-01
 -1.7976806e-01
 -1.4675980e-03
 -6.0114097e-03
 -1.3588924e-02
 -9.6730791e-02
 -6.3677090e-03
 -1.3961029e+00
  9.5207334e-01
  9.2806441e-01
 -1.8809474e+00
 -1.0868888e+00
  1.9219731e-01
 -1.8400680e-01
  1.0132037e+00
  4.6520481e-01
 -2.0343376e-02
 -3.3568036e-02
 -4.3127206e-01
  3.3631697e-02
  2.5272267e+00
  2.7752537e-02
  3.4401517e-02
 -1.2616138e+00
 -4.7479961e-02
 -2.9793218e-01
  1.0264758e+00
  3.1304877e-02
  1.1109092e+00
 -6.5428294e-02
  6.1117049e-02
  3.9032958e+00
 -9.2917079e-01
  7.0825630e-01
  5.9391749e-01
 -8.9494544e-01
  8.6070263e-01
 -6.1043912e-01
 -2.1153988e-01
  1.7527704e-01
  1.1422347e+00
 -2.6236098e+00
  1.0245831e+00
  1.1376333e+00
 -2.8818879e-01
  1.0411505e-01
  1.1706480e-02
  5.8355667e-02
  7.6769853e-01
 -3.5399385e-02
 -1.1164798e-02
  1.9615784e-01
 -8.8174604e-02
  9.2265327e-03
  3.3346720e-02
  4.0774214e-01
  4.6853449e-02
 -5.8659078e-03
  1.4988390e+00
  2.4727762e+00
  1.2854639e+00
  1.2290092e+00
  1.9179936e-01
 -1.6595376e+00
  1.4476101e+00
 -3.3612163e+00
 -1.9206117e-01
 -7.9212922e-01
 -3.1920195e-01
 -9.3915880e-01
  2.8923988e+00
  3.0147250e+00
  1.4672099e+00
 -4.3970537e+00
 -1.5890594e+00
  6.5151310e-01
 -4.4625163e+00
  6.3208818e+00
 -1.4293432e+00
 -3.5455799e+00
 -2.6990700e+00
 -1.0604671e+00
  4.8325098e-01
 -1.7166997e+00
  1.7407384e+00
  4.8961556e-01
 -1.7206595e+00
  4.0194932e-01
 -3.4053448e-01
 -2.4187098e+00
 -7.5487715e-01
  2.4764519e+00
 -7.6320010e-01
 -7.4381363e-01
 -8.2951814e-01
 -2.4282327e+00
  1.2166424e+00
 -2.0861082e+00
  5.3215510e-01
  5.6079602e-01
  1.5973791e+00
 -2.5558460e+00
  5.6069382e-02
  1.8311756e-02
  5.7017293e+00
  6.5682858e-01
  7.2517622e-01
  2.8476188e-01
  5.3350814e-02
 -2.1367145e+00
  2.3431258e+00
 -1.2665379e+00
  3.6842225e+00
  7.4768551e-03
 -4.5065427e+00
 -3.7763515e-01
 -1.6756733e-01
 -1.2746633e+00
 -7.4441159e-01
  2.2107706e+00
 -3.7069563e-02
  7.0244662e-02
  6.5738283e-02
  1.9517264e-01
  1.8989970e-01
 -1.9043678e+00
  1.4311391e+00
  4.4534421e-03
 -3.6565738e+00
 -2.8440156e+00
  2.2525084e+00
  3.8242903e-02
  2.4644866e+00
 -2.1780317e+00
 -1.0198680e+00
 -6.4824657e+00
  2.2072808e-01
  9.9776661e-01
  3.5267871e-02
  4.6175151e+00
  2.4296382e-01
 -2.6004977e+00
 -1.8244414e+00
  1.0042906e+00
 -2.7145071e+00
  7.6072961e-02
 -2.5871572e-01
  2.4484901e-02
  5.6446916e-01
 -8.2852192e-02
  2.6807231e-01
  1.1714551e-01
 -6.0693584e-02
 -1.3569393e+00
  1.7069107e-02
  5.8715984e-02
 -5.7094797e-02
 -2.3008506e+00
 -2.4118584e-01
  1.2721808e-01
  2.3959637e+00
  6.8464927e-02
 -9.9821575e-03
 -1.8503472e-02
  2.8409291e-02
  1.0732252e-02
 -3.7950473e+00
  1.9660769e-02
 -1.7932672e-02
  5.1937710e-02
 -1.2782114e-02
  2.1101657e-02
  2.5842845e-01
  4.1830797e-02
  3.6432803e-02
 -1.5514207e-01
  1.4059485e-01
 -1.0115615e-01
  3.0512983e-02
  9.1207266e-02
 -5.3481035e-02
 -2.6489684e-02
 -8.9872070e-02
  8.1373143e-01
  3.8935076e-02
  7.0249319e-02
 -1.0692216e-01
 -2.5932387e-01
 -4.8193369e-02
  9.3258046e-02
  1.0254901e-01
  2.3040442e-01
 -1.9649790e-01
  4.2296372e-02
 -4.0646687e-02
  1.6593759e-01
  1.3061049e-02
  4.4693552e-02
 -1.1332766e-01
  2.2821140e+00
 -3.9537277e-02
 -3.8540906e-01
 -3.0127963e-01
  1.6836773e-01
 -4.7270142e-02
  4.9689435e-03
 -7.0305385e-02
  2.3399018e-01
  1.9087553e-01
 -8.4283233e-02
 -2.2668824e+00
  3.7167079e+00
 -2.4139493e+00
 -2.3625152e+00
  4.5298684e-01
 -1.9306479e+00
 -5.4693274e-02
 -3.1503460e-01
  9.3131012e-01
 -2.0405073e+00
  3.3012865e-04
  1.1712357e-01
 -3.4982141e-02
 -2.7488124e+00
 -1.1330192e+00
 -2.5221135e-02
 -6.1757971e-02
  2.9625654e+00
  2.9039609e+00
 -1.4484420e-01
 -1.7299862e-01
  2.9099262e-01
  1.0481647e-01
 -1.2426063e+00
  2.3032665e+00
 -2.2422216e+00
  1.6218814e+00
 -1.1267569e+00
 -3.0612988e+00
  2.0761371e+00
  5.1289425e+00
 -2.6598930e-01
  1.5718842e+00
  4.8959756e+00
  9.6984327e-01
  2.3598561e+00
 -1.9082144e+00
  6.3842015e+00
 -5.3883418e-03
 -2.2204822e-01
  2.2651513e+00
  8.2179642e-01
  1.0526023e-01
  1.4432907e+00
  2.5174037e-01
 -6.6305302e-02
  1.0225710e-01
 -4.4454951e-02
  5.3455126e-01
 -1.2132671e+00
 -9.2146158e-02
 -3.5808602e-01
  2.2369592e+00
 -3.0164145e-02
 -1.7783151e+00
 -4.4021109e-01
 -3.1907372e-02
  1.6482790e-01
 -1.2799586e-01
 -5.1329229e-02
 -1.0718918e+00
  1.1678466e-02
 -9.7244076e-02
  9.1320552e-02
  1.0232709e-01
 -7.4807829e-01
 -2.5281365e+00
 -6.4216461e-03
 -1.4061411e-01
 -2.4650902e-02
 -1.4120910e-01
  1.9744922e-01
 -1.7035028e-02
  8.5144460e-02
  5.5791285e-02
  9.9375331e-01
  2.3765536e-02
 -2.3264671e-02
  1.2204957e-01
 -7.9160385e-02
 -1.6203344e-01
 -2.2055787e-01
 -3.3428762e-02
  1.4123110e-01
  6.8145737e-02
 -7.2998099e-02
 -4.5141559e-02
 -3.4634155e-01
 -2.4561203e-01
 -3.0142388e-03
 -1.0198022e-01
  6.1313737e-02
 -2.0059989e-01
 -2.6212552e-01
  3.2297093e-02
 -1.4364265e-01
  9.7053662e-02
 -2.6069486e-01
 -9.1391727e-02
 -1.2877342e-01
  1.3455200e-01
 -2.8487116e-02
 -2.1858214e-01
  2.2310908e-01
 -1.3969612e-02
  7.1784395e-01
 -5.5983689e-02
  3.8845962e-01
  9.6124865e-02
 -6.7348885e-03
  2.5154629e-01
  2.4987009e-01
 -3.3543821e-02
 -7.1052633e-02
  1.6810963e-01
  2.0791074e-02
  5.3552344e-02
 -2.1108219e-01
 -8.1363998e-02
 -2.3625486e+00
 -3.3179147e+00
  5.4145161e-02
 -3.3828013e-02
  1.0316321e-01
 -1.7289793e-01
 -3.1582919e-01
 -4.5607944e+00
 -1.9131805e-01
  7.1497339e-01
  2.9419169e-02
 -2.5090915e-01
 -1.5810552e-01
  2.3103821e-01
  4.1592430e-02
  2.5922419e-03
  7.2280043e-01
  3.8230991e-01
 -3.2154832e-02
 -6.1022200e-02
 -1.6384977e-01
 -2.6794944e-02
  2.3320550e-01
 -2.4152248e+00
  2.5049827e-01
  1.8616419e-01
  1.5977992e-01
 -3.0274832e+00
  6.3603753e-03
 -6.4222284e-02
  1.5753459e-03
 -8.7665659e-01
  3.5017270e-01
  1.1049089e-01
 -1.5287217e-02
 -1.3160954e-01
 -1.2678163e-02
  9.1766143e-01
 -2.0316090e-01
  9.4401725e-02
 -2.3729103e-02
 -6.1465003e-02
 -9.1038418e-01
  8.1843674e-02
  1.3015394e-01
 -3.6915607e-04
  1.4693026e-01
 -5.9095856e-02
 -3.4954842e-02
  4.2673033e-02
 -9.5862821e-02
  1.8880017e-01
 -1.9136807e+00
 -5.2201170e-02
  9.6835783e-03
 -5.3852599e-02
 -1.0925628e-01
 -1.9273268e-01
  1.1852483e-01
  9.8948166e-02
 -3.4874931e-02
  4.1155793e-02
  5.2765176e-02
  3.1241016e-02
 -2.2201993e-01
 -4.2136323e-02
  2.1853909e-01
 -1.4417530e-02
 -1.1247877e-01
  9.5289350e-02
  7.2725780e-02
  7.2823590e-01
  4.8908062e-02
  1.3378073e+00
 -2.9815886e+00
  1.0453056e+00
 -1.2511905e+00
 -1.9442991e+00
  1.0042934e-03
  4.6733826e-02
  4.1677948e-02
 -8.4412545e-02
 -1.4610708e-03
 -2.4061387e-02
  5.1525354e-02
  8.6903684e-02
 -2.5775480e+00
  1.2206433e+00
 -1.6025400e+00
  2.3900523e+00
  6.1979192e-01
 -2.6486351e+00
 -4.5486915e-01
 -9.0325803e-02
 -8.1035668e-01
  1.7605756e-01
 -2.9700402e-02
  8.1089061e-01
  5.6837726e-01
 -1.0568761e+00
  5.5286024e-02
  1.3765895e-01
 -1.6476768e+00
 -4.6295667e-01
 -6.6347194e-01
  2.1191522e-01
 -2.7066202e+00
  5.9955722e-01
  5.5101126e-01
 -1.2607852e+00
 -4.8839111e+00
  2.8428857e+00
  1.0690290e+00
 -1.1212649e-01
 -1.0518882e-02
  1.1849056e+00
 -3.0484543e+00
 -2.0981368e-01
  2.2813395e-01
  9.4835365e-01
 -7.1138572e-03
  1.2982205e+00
 -9.3128145e-01
  3.1775489e-02
  1.8946958e-01
  1.3940369e+00
  3.0881615e-02
 -1.4985058e-02
  2.9511959e-03
  1.3876836e-02
  1.0752463e-01
  5.1600342e-03
 -2.5423491e-01
  1.2742302e-01
 -1.8709822e+00
 -4.2942181e-02
  1.4008923e-01
  2.6703589e+00
 -2.6314704e+00
  4.3001715e-02
 -5.7120496e-01
  1.5031954e+00
 -2.9617054e+00
 -3.5344836e-01
  2.2510960e+00
  5.1774007e-01
  1.7074199e-02
 -5.9512749e-02
  1.2553594e+00
 -2.4380164e-02
  8.1002347e-02
 -1.2390741e-01
  5.8281090e-02
  4.0137202e-01
  1.8995133e-01
 -8.4841216e-01
 -1.8336682e+00
 -9.7827935e-01
  2.3144010e-02
 -1.2395999e-01
 -2.3826945e+00
 -8.8243894e-02
 -1.4529230e-01
 -4.2727990e+00
  2.5522692e+00
  1.3289353e-01
 -1.6977745e+00
  3.8258836e-02
  3.8252875e-02
  5.1251698e-01
 -6.7716950e-01
 -8.6602038e-01
  4.2008100e+00
 -4.1918001e-01
  1.1046654e-01
  1.2065579e-01
 -8.2155389e-01
  9.6747443e-02
 -2.8831655e-01
  1.3387731e-01
 -6.0856894e-02
 -1.8947793e-02
  3.0282021e-01
  1.0004984e+00
  1.8039764e-01
  2.6923963e-01
  2.0899281e-02
  1.0539883e-01
 -1.9678572e-01
  1.8586998e-01
 -3.5440927e+00
  8.6321063e-02
 -6.0359848e-01
 -5.7758325e-01
 -5.1927023e-02
 -1.1151977e-01
  1.4733091e-01
  1.0364949e-03
 -1.2795627e-02
  2.8321765e-02
 -7.9400793e-02
 -4.8822141e-01
 -7.6051399e-02
  1.6791481e-01
  2.3946421e-01
  2.2149470e-01
  7.9786010e-02
  1.7420780e-02
 -9.2394061e-02
 -1.6659947e-02
  1.1259923e+00
 -7.7793676e-01
  5.8755737e-02
 -5.6317526e-01
  5.0224543e-02
 -4.3647189e-02
 -9.2704631e-03
 -5.0097203e-01
  4.1568950e-02
 -2.6037669e+00
 -7.7406824e-01
 -4.4946659e-01
 -1.6368388e-01
  1.1595248e-01
  2.9773653e+00
 -7.4709773e-02
  3.6285426e-02
 -3.5280228e-01
  9.1517761e-02
 -2.7410206e-01
 -1.1602738e-01
 -3.4453809e-02
 -1.1082899e-01
  5.6246275e-01
  1.5390232e-02
  1.3462207e-01
 -5.5237799e+00
  4.2397477e-02
 -4.7517300e-02
  4.4361018e-02
  2.1210034e+00
  1.5163040e+00
  2.9287488e+00
 -1.5425719e+00
 -7.7351546e-01
  7.4566376e-01
  1.1911122e+00
 -1.7821753e+00
 -3.3929682e-01
 -2.1710396e-02
 -3.2614360e+00
 -1.8842285e+00
  7.4259245e-01
 -1.4961861e-01
 -8.9943248e-01
  1.5347826e-01
 -4.5567277e-01
 -5.3990760e+00
 -4.5854383e+00
 -3.6781538e+00
 -5.3153306e-01
  3.3895952e-01
  2.8509359e+00
 -1.2731276e-02
 -3.2400270e+00
 -4.3244347e-01
  2.8062269e-01
  1.1893426e+00
 -4.4415027e-01
 -4.1369653e+00
  1.4691764e-02
  5.4863262e+00
 -5.4130259e+00
 -3.7225788e+00
  6.8353271e-01
  3.3486905e+00
  1.2988126e+00
  8.0079012e-02
  2.4035944e-01
  2.4700086e-03
  2.7837869e-02
  5.0888665e-02
  1.3641729e+00
 -2.8575775e-01
  2.4901759e-02
  7.4363992e-02
 -2.0715939e-01
  6.6372864e-03
 -1.8130304e-01
 -4.8686892e-02
 -2.4692146e-01
  7.5281823e-01
 -3.9420640e-01
 -2.5024869e-02
 -3.8473099e-04
 -9.9227233e-03
 -2.2794499e-01
  7.7132499e-01
  3.9636135e-02
  7.3788241e-02
  8.6329952e-03
 -7.2174847e-02
  4.0704478e-02
  1.0146356e-01
  2.2808044e-01
 -9.2643142e-01
  9.6427754e-02
  2.1934348e-01
  8.3709337e-02
 -6.9426149e-02
  3.6085740e-02
  1.3949066e-01
  5.5778727e-02
 -1.1854419e-02
  1.0036774e+00
 -3.1986597e-03
  5.4737914e-02
  1.3866141e-01
 -6.9805227e-02
 -2.7993076e-02
 -1.0249879e-01
  3.6509573e-01
 -5.6769770e-01
 -7.7994704e-02
  4.1945365e-01
 -4.6031848e-02
 -1.7451572e-01
 -1.3948467e-01
 -1.0020785e-01
  7.5168777e-01
 -4.7610540e-02
 -3.7134446e-02
 -4.7348790e-02
  5.8665574e-02
  4.8247255e-02
  1.1487304e-01
 -3.4687571e-02
  1.5400753e+00
 -5.5538241e-02
 -9.9685729e-02
  7.8054118e-01
 -1.1949570e+00
 -3.7031180e-01
 -4.3630252e+00
  1.4156763e+01
  2.9184372e+00
 -1.1372303e-01
 -3.6477888e+00
 -6.6213980e+00
 -2.5427160e-01
 -4.0473661e+00
  2.8362665e+00
 -2.3603086e+00
 -7.3146856e-01
 -1.5277181e+01
  1.0788146e-01
 -3.8721371e-02
 -2.9583275e+00
 -1.6685444e+00
 -1.5879211e+00
 -6.0733275e+00
 -7.5495687e+00
  2.6525293e-02
  8.4245002e-01
  2.7113178e+00
 -1.6694729e-01
 -1.1803846e+00
  4.0720165e-01
 -4.7868190e+00
 -5.0342708e+00
 -4.3393001e-03
  1.7086060e+00
 -6.3885349e-01
  1.8225981e-01
 -1.8118985e+00
 -4.5738373e+00
 -8.5088472e+00
  8.2246400e-02
  1.7412196e+00
 -6.2375151e-02
  1.4812937e+00
  3.4124199e-02
  1.7628479e-01
  6.6645879e-01
  2.0192750e-02
  2.4829328e-01
  2.3260248e-01
  3.7979284e-01
  1.0153720e-01
  2.1764034e-01
  5.0077461e-02
  5.3172342e-02
 -1.2766439e+00
 -1.2683818e+01
 -2.0374064e+00
 -2.8083231e+00
  4.2351227e+00
  2.7970507e+00
 -2.3956025e+00
 -6.2676868e+00
  2.9308447e-01
 -4.0760937e+00
  1.3951139e-01
 -5.5828178e-01
  1.1589070e-01
 -3.6523678e+00
  2.4024754e+00
  3.0059245e+00
 -3.7114208e+00
 -2.8298268e+00
 -1.3709267e+00
 -1.7417436e+00
  4.5495173e-01
  7.4266654e-01
  1.0798730e+00
 -2.9181573e+00
  1.0416058e+00
 -3.7915308e+00
  1.9595451e+00
 -1.8876987e+00
  2.4595749e+00
  2.4433069e-02
  2.7069108e+00
  2.7696180e+00
 -3.2641525e+00
  1.6510791e+00
  2.4269331e-01
 -1.4738787e-02
 -2.1943586e+00
 -4.7851047e-01
  3.6472086e-02
  1.0312165e-01
 -1.9755993e-02
  1.2907568e-01
  1.6804507e-01
  1.0985018e-01
 -3.5502885e-02
  2.0842776e-01
 -1.1924243e-01
 -2.0598722e-01
  3.1536776e-01
 -7.5786568e-02
 -4.5815180e-03
  1.8711360e-02
 -4.3854184e-02
  1.1908485e+00
  7.6879278e-02
 -4.5389917e-01
  2.8915581e-01
 -1.6267882e-01
 -2.5419718e-01
 -6.0504484e-03
 -6.8262815e-02
  4.9893249e-02
  4.2471796e-02
  2.8763035e-01
 -1.4863228e-02
  2.1319859e-01
 -1.6435219e-01
  1.6300343e-01
 -6.3838713e-02
  4.1587465e-03
 -2.3929630e-01
  2.0255148e-02
  5.2720688e-02
  2.2946754e-01
 -1.4285389e-01
 -2.7424473e-01
  2.7846041e-01
  4.5264423e-02
 -8.7488331e-03
  5.3825658e-02
  1.4509875e+00
  4.1044703e+00
 -1.8859901e-01
  8.5887872e-02
 -3.9637953e-01
  1.6354691e+00
  2.6511469e-01
  1.9699972e-02
  6.6350773e-03
  2.5132307e-01
  1.9418830e-03
  3.3526339e-02
  1.3741842e-01
 -1.3236338e-01
 -2.6868138e-01
  3.8080588e-02
  4.3174800e-01
 -5.9264019e-02
 -2.2013412e-01
  7.3016769e-01
  5.6558512e-02
  1.2247051e-01
  7.6494597e-02
  8.5091720e-05
  5.8952713e-01
 -3.2968715e-02
  6.5417700e-02
  1.1908071e-01
  2.0648980e+00
 -4.9686082e-02
 -1.0563881e-01
  5.6759834e+00
 -5.7603266e-02
 -3.4015641e-02
 -2.3228605e+00
  5.5421490e-02
 -2.2023740e-01
 -5.4981537e-02
 -2.1963108e-01
 -2.1610314e-01
 -1.1918792e-02
 -4.8598754e-01
  3.2161133e+00
 -4.0788451e-01
  1.1054770e+00
 -1.2596903e-02
 -2.3889014e-01
 -5.2897040e-02
  4.7654711e-02
  3.0564271e-02
  2.8497227e-02
  1.7150070e-01
  3.1398371e-01
 -3.7474775e-01
  1.1159049e-02
 -2.7279404e-01
 -7.3218390e-02
  1.0493180e-02
 -4.8472825e-03
  1.1237988e-01
  2.5959268e+00
 -1.6911106e-02
  7.7474457e-03
 -6.3330449e-02
 -7.2746396e-02
  1.5109142e-02
 -1.9716891e-03
 -8.1434231e-03
  6.1673436e-02
 -2.5650287e-01
  2.5963619e-01
 -8.5315078e-02
 -1.5391733e-02
 -2.0629375e-01
 -2.6442635e-01
 -7.1940947e-01
 -1.2161368e-01
  6.8657956e-04
 -2.2301236e-01
 -2.3172574e-01
  1.3642300e+00
 -1.4840350e-01
  1.2414666e-01
 -8.6238481e-02
 -1.7688931e+00
  3.7203390e-02
  9.2649765e-02
  1.4431247e+00
  2.7960025e-02
 -2.8642764e-02
  3.3514166e-01
 -9.0233117e-02
 -2.6410257e-02
 -2.7218100e-01
 -2.4899723e-01
  1.3265480e-01
  1.8311091e-01
  4.2286031e-02
 -7.0639417e-02
 -2.3972590e-02
 -1.4213813e-02
 -3.9037898e-02
 -1.1668855e-01
 -1.1248250e-01
  1.6877060e-01
  1.4634029e-02
  3.9469846e-02
  2.3616783e-01
 -4.0756445e-02
 -1.9598441e-02
 -7.3754698e-02
 -2.6274823e-02
 -3.1908292e-01
 -6.3568726e-02
  2.2232293e-01
  5.5573396e-02
  1.6691618e-01
 -1.8184906e-01
  1.0350757e+00
 -4.1303281e-02
 -7.2323039e-02
 -1.1486630e-01
  9.0283239e-03
  1.5655437e-01
  1.4282490e-01
  1.3992190e-01
  8.4167942e-02
  2.8737137e-01
  7.2999947e-02
 -2.3758082e-01
 -6.3537553e-02
 -3.2239830e+00
  1.5142729e-02
  3.3154629e-02
  4.3275137e-03
  1.1580091e-01
 -6.7020141e-02
  1.7317939e-01
  2.4164466e-02
 -2.3322368e-01
 -5.0272423e-01
  8.0485500e-02
 -2.7194184e-01
 -5.2564606e-02
 -1.0559088e+00
  5.0347198e-02
 -1.6567548e-01
 -2.9753711e+00
 -2.5865236e-01
 -4.2088766e-02
  7.1541145e-02
 -2.0372891e+00
  4.1163734e-01
 -5.0931070e-02
 -5.5571878e-03
 -1.4881009e-01
 -1.6784719e-01
  2.0452529e-02
  4.5502659e-02
 -3.9488986e-02
 -7.9398438e-02
  1.3038941e-01
  1.4357086e-02
  1.0184681e-01
  1.1472940e-02
 -1.8641515e-01
  7.2911912e-01
 -3.8824376e-02
  6.4713262e-02
  2.0596984e-01
  1.3984390e-01
 -5.5826556e-02
  4.6014674e-02
 -7.3325902e-02
  6.0974580e-01
  2.1888995e-01
 -3.6613591e+00
  1.3973725e+00
  1.1805672e-01
 -1.5015868e-02
  1.5473233e-02
  2.2760667e-02
 -6.1921465e-01
  3.8248911e-01
  7.1046976e-03
 -4.3979594e-03
 -2.0182500e+00
 -4.0424228e+00
 -1.5973481e+00
 -1.9848475e-01
 -4.8668054e-01
  3.1262193e-02
  1.2489995e-01
  3.0749512e-01
  4.7725609e-01
  9.1419286e-01
 -1.5214869e+00
 -2.0163345e-01
  1.2468553e+00
  3.6066521e-03
  6.9083869e-02
 -3.5141714e-02
 -1.5713384e+00
 -7.0874912e-01
  8.8485140e-01
 -1.5846207e+00
  6.5919377e-02
 -6.1968726e-01
  8.7113971e-01
 -1.0749675e+00
 -3.1278751e+00
 -5.1616903e-02
  3.8372640e-02
  1.4520952e-01
 -9.0478057e-01
 -1.5006121e-01
 -1.9215403e+00
 -1.1400815e-01
  2.6497343e+00
 -4.3415237e-02
  6.2557735e-02
  2.5807621e+00
 -2.2215610e+00
 -7.0967898e-02
 -9.1468297e-02
  2.6452541e-03
  4.5591999e-02
 -1.3671254e-01
 -6.6902183e-02
  7.3947065e-02
 -6.1841775e-02
 -7.9838529e-02
 -5.6381822e-01
 -2.1645331e-01
 -3.5402733e-01
 -1.9741930e-02
 -8.5412733e-02
 -1.5912950e-01
  4.6507637e-03
 -6.8047237e-01
 -3.8117118e+00
 -5.3327151e-02
  9.6822459e-01
  3.5108943e-02
 -1.8268375e-02
 -3.3297896e-01
 -2.2351664e-01
 -5.1387012e-01
 -2.7336942e-02
  3.4918872e-01
 -9.7266518e-02
  4.0345989e-02
 -1.7294554e-02
  4.1073555e-01
 -1.4476012e+00
 -9.1341965e-02
  3.7215924e-01
  2.7388895e-01
 -2.8727701e+00
  1.0413802e-01
 -3.3986106e+00
  1.5069322e-02
 -4.5216670e-03
  2.0140234e-02
 -3.1327404e-02
 -8.2571814e-03
  4.2888541e+00
 -1.0989604e-02
 -4.1951627e-02
 -5.2211169e-02
  9.8651964e-03
  1.3907298e-01
 -1.3994922e-01
 -5.1516596e-02
  4.8935051e+00
 -1.6424520e-01
 -5.8949847e-02
 -3.7413351e-03
 -3.8230467e+00
  1.4473031e-01
  2.1306124e-02
 -3.3312270e-01
 -1.9569311e-01
  7.3170401e-02
  1.7166279e-01
  2.1376119e+00
  2.1424172e+00
 -1.0892649e-01
 -1.1978135e-02
  1.0744901e-01
 -1.2892830e-01
  5.1918857e-02
 -2.1149763e-01
  1.4842583e-02
  2.4497521e-01
 -1.0075340e-01
 -5.7943858e-02
  1.0583021e-01
 -8.4994215e-01
  1.6113743e+00
  4.7460780e-02
 -4.3755818e-02
  5.7028551e-02
  2.9050267e-01
 -2.3733463e-02
 -4.0009994e-02
  1.8166777e-02
 -3.3444081e-02
 -6.8958384e-01
 -4.7769632e-02
 -4.7835764e-03
  3.4475997e-01
  3.6409560e-01
  4.5457520e+00
  6.2686199e-01
 -8.5917339e-02
 -4.5147866e-02
 -3.2237548e-02
  1.6412652e-01
 -9.5859960e-02
  3.1285057e+00
  1.6400674e-02
 -1.1946826e-01
  5.6759543e+00
 -8.2462287e-01
  1.6595487e-01
 -2.1436282e-02
  1.3002154e-01
  3.7361816e-01
 -3.8845744e+00
  3.9496366e-02
 -3.9751165e-02
  5.0422546e-02
  1.1231288e-01
  1.5458305e-01
  7.5476646e-01
  6.2940276e-01
  1.4453604e-02
 -2.1076523e-01
  1.4020365e-01
 -9.3359742e-03
 -1.4806740e-01
  1.9507861e+00
  1.0988480e+00
 -9.5355483e-03
  2.6433364e-01
  2.9141295e-01
 -1.7004317e-01
 -5.3259093e-01
 -1.3389132e+00
 -1.1733864e-01
  4.0094703e-01
  2.1555403e-01
  3.6298475e-01
 -2.2274368e+00
 -9.6673213e-02
 -2.6137977e+00
  1.1705685e-01
  5.8021885e-01
  1.2345035e-01
  4.7054592e-01
 -2.2426724e-01
 -3.9832082e-01
  1.2573136e-01
 -2.0245039e-01
  1.3352725e-01
 -1.5782234e-01
  1.1987476e-02
  1.2302510e-02
  1.1008112e+00
  7.9835474e-01
 -5.5500887e-02
  5.2537587e-02
 -7.6643020e-02
 -2.4642436e-02
  1.7862490e-01
  3.5697547e-01
 -2.8082035e-02
  8.5038289e-02
 -4.6279859e-02
  3.5447667e-03
  2.5363401e-01
 -5.4770887e-01
 -6.2323022e-01
  3.8393393e-02
 -3.5905730e-02
  2.7802762e-02
 -4.7036674e-02
 -1.9037750e-01
 -1.3063690e-01
  1.9217235e-01
  2.6761038e-02
  1.6670254e+00
 -1.1387590e-01
 -1.9732086e-01
  1.3795148e-01
 -1.0627611e-01
  1.2526348e-01
  1.4636266e-02
  7.3662311e-01
  1.5488937e-01
  9.1904795e-01
 -2.5774949e+00
  2.9998835e-02
  2.3606174e+00
  2.8550512e-01
 -2.9605231e-01
  4.7866291e-01
  3.3801712e-02
  2.1917703e-02
  3.1505149e-02
  5.4898244e-01
 -9.0997621e-02
  6.2319016e-01
 -7.7322498e-02
  1.1450829e-01
  2.5194117e-01
 -3.2804500e-02
  7.3443696e-02
 -3.5271865e-01
 -7.5780071e-02
 -2.7672922e-02
  1.1924270e-01
 -2.5084724e+00
 -3.3253214e-01
  4.1206099e-02
 -7.6572895e-01
 -4.2776165e+00
 -1.5849181e-02
 -1.6323719e+00
 -2.5497282e-01
 -2.0590720e-01
 -1.9520082e-01
 -1.1631106e-02
 -7.5328046e-01
  7.2051972e-01
 -1.0194946e-01
  4.0590815e-02
 -3.8286126e-01
  2.4350522e-02
  1.1364543e-01
 -5.5656448e-02
 -1.2725556e+00
  1.3486052e-02
 -1.0101246e-02
  4.3143958e-02
 -1.1280309e-02
 -8.5658990e-03
  3.8126886e-02
  1.6797473e-01
 -2.0513410e-02
  5.7702072e-02
  9.0231255e-02
 -4.5025577e-03
  4.4456184e-02
 -1.9395147e-01
  8.2173735e-02
 -3.0135706e-02
 -3.0222481e-01
 -2.5884065e-01
 -7.0951015e-02
  4.4526942e-02
 -1.4916234e-01
 -6.4631186e-02
 -3.4855860e-01
  3.9434340e-02
  1.5871330e-01
  9.2227302e-02
  8.4437408e-02
 -1.7995590e-02
 -1.5548732e-02
 -2.9026942e-02
 -5.7569151e-03
 -2.2150156e-01
  1.9816298e-02
  1.8158250e-01
  7.4185692e-02
  5.1693138e-02
 -1.7912333e+00
 -1.3199255e-01
 -2.0351803e-01
 -4.9215403e-01
 -6.1620452e-02
  6.6411294e-02
  1.0643880e+00
 -6.6147717e-03
 -8.7317176e-02
 -6.1772287e-02
  5.0163191e-02
 -1.0649871e-01
  2.7839309e-01
 -6.6600931e-03
  4.8993942e-01
 -8.5008755e-02
  1.2171256e-02
  3.8151547e-02
 -2.0868035e-01
 -2.8592512e-01
  8.4282756e-02
 -1.0285344e-01
 -4.8594184e-02
 -2.2878931e+00
 -5.6200586e-02
  1.3946048e+00
 -3.0303547e-01
 -5.4461200e-02
  9.2821580e-01
 -2.3442990e-01
 -4.6628016e-01
 -1.2352220e-01
 -6.8872422e-01
  3.9989956e-02
  2.4176745e-01
 -5.1741559e-02
 -4.3210089e-02
 -9.0617418e-02
  1.6600806e-02
 -7.1335934e-02
  5.1398408e-02
 -1.3265207e-01
 -3.5587525e-01
 -2.0577637e-02
  1.2590295e-01
  1.5866894e+00
 -1.9091738e-02
  2.8591791e-02
  8.7626976e-01
  9.8282024e-02
  3.1368058e+00
 -1.5309474e-01
  1.9199522e-01
 -2.7195516e-01
 -4.4434762e+00
  5.0213945e-01
 -1.2821614e+01
  2.6636174e+00
  3.8854024e+00
 -9.1445570e+00
 -6.5082393e+00
 -6.6010229e-02
 -2.9919767e+00
 -6.6943307e+00
  7.7784747e-02
 -2.2576170e+00
 -2.9973371e+00
 -4.4602232e+00
  1.4872528e+00
 -3.4848660e-02
 -6.6681552e-01
  1.0322169e+00
  9.4073600e-01
  2.6127210e+00
  4.8033509e+00
 -1.9933263e+00
 -1.1094826e-01
  2.7061715e+00
  8.2247525e-02
 -1.6602665e+00
  1.3805766e+00
 -7.2273070e-01
 -3.9817274e+00
  3.4408360e+00
  1.7165724e+00
  9.6852010e-01
  2.2400258e+00
  5.2693880e-01
 -6.2450522e-01
 -2.7903357e+00
 -5.7975805e-01
 -1.0549881e-01
 -1.3738543e-01
  4.5191183e+00
  8.1552364e-02
 -1.2120483e+00
  1.7801057e+00
  9.3906417e-02
 -1.4810781e-01
 -4.0719718e-02
 -6.2286294e-01
  4.1326914e-02
  2.5351095e+00
 -5.7080600e-02
 -3.3560982e-01
  1.2758952e-01
 -2.6365653e-01
  2.3573151e+00
  9.9215515e-02
 -6.8923676e-01
  1.7888124e+00
  2.0651378e-01
  1.9145370e+00
  1.6108288e-01
  1.1606692e+00
  3.8380962e-02
  4.6878099e-02
  2.2383548e-02
  2.5965133e+00
  1.9777578e-01
  1.2537745e-01
 -1.6625491e+00
  5.1557910e-02
 -2.0577426e+00
  5.9977733e-02
  1.7060503e-01
  7.2514850e-01
  8.4608603e-01
 -2.5483394e+00
  1.4066105e-01
 -2.7319207e-03
  3.5685897e-02
  1.0772916e+00
  8.6065847e-01
  1.3013976e+00
 -1.5447283e+00
 -3.7250053e-03
 -6.3737318e-02
 -1.2198605e-02
  2.7767792e-01
  3.9931729e-01
  3.1908343e+00
  3.7029988e-01
 -4.7881182e-02
  3.8994280e-01
 -1.2981209e-01
 -3.9884597e-02
 -1.0040656e-01
 -1.3401811e-01
 -4.8504770e-01
  9.1393322e-02
  1.8185639e-01
  2.1117780e-01
  9.7688446e-03
  2.4969902e-02
  4.2973790e+00
  5.3983164e-01
 -5.8624923e-01
  7.7757317e-01
  1.0553297e-01
  9.8286504e-01
  2.8144515e-01
 -1.1612066e-01
 -1.3742644e-01
  1.4619720e+00
  4.6583903e-03
  1.8648395e-02
 -2.4444089e+00
 -1.6030613e-01
 -1.7763101e+00
 -8.5209152e-03
  2.0714357e+00
  9.0607302e-03
  5.7374809e-02
 -5.7245928e-01
 -1.5566131e-01
  3.1148150e+00
 -5.7483237e-02
 -1.5563073e+00
  1.2404778e-02
  1.0917226e-01
  5.7425613e+00
  4.5509931e-02
 -7.1194106e-01
 -3.5724945e-02
  6.8908137e-01
  1.9864681e+00
 -2.0570111e-02
 -2.5623596e+00
  8.9309901e-02
  9.6406013e-01
 -5.2863544e-01
 -1.3218792e-03
 -2.4527675e-02
 -6.1740357e-02
 -2.4479745e-02
  1.6625714e-02
  2.1214823e-01
  9.6970037e-02
 -8.6817645e-02
 -1.1977898e-01
  7.2401855e-03
 -6.5326695e+00
 -1.1560879e-01
  2.9417768e-01
 -3.2620016e-02
 -8.2967505e-03
  2.4059296e-02
  1.3897316e-01
  7.7264920e-02
 -3.5524551e-02
 -9.4070099e-04
 -8.3375387e-02
  1.5902175e-01
  2.5303790e-01
 -1.9887529e-02
  1.0633993e-01
  5.9409231e-02
 -6.3383773e-02
 -2.8770751e-01
  2.6894373e-01
 -1.9126002e-01
 -1.0267148e-01
 -1.4435199e-01
  4.5988254e-02
 -1.5862697e-01
  1.1751520e-01
 -1.9835852e-01
 -8.4878728e-02
  2.4812133e+00
 -1.5022907e-01
 -2.6436422e+00
  1.1329229e-01
  1.1508324e-01
  2.1219435e+00
  1.7473551e-02
  3.1087870e-02
 -2.4681963e-02
 -1.8483405e-03
 -2.8070292e-01
 -1.0952416e-02
  3.0590151e-02
  1.8747520e-01
  1.0439337e-02
  7.2817981e-02
  3.4252316e-01
  3.9061002e-02
  9.0951741e-02
 -2.2948890e+00
 -6.1931181e-01
  1.8632225e+00
 -2.4774250e-01
  7.8127426e-01
  6.2343355e-02
 -4.5023460e-02
  1.8314956e-01
 -4.1431569e-02
  1.0635739e-01
  9.5812929e-01
 -2.4284513e-01
  1.7985846e-01
 -2.7672067e-01
 -1.0614698e-02
  4.3286955e-01
  2.7345979e-01
 -2.9873755e-02
 -7.3904693e-03
 -1.1331201e-01
 -1.9368307e-01
 -1.9778812e-01
  8.4792875e-02
  1.0438681e-01
 -4.9647726e-02
 -9.0544097e-02
 -1.0062015e-01
 -4.1916508e-02
 -3.3326253e-02
 -4.6404831e-02
  1.4825496e-01
  3.0661883e-02
  2.7551431e-02
  4.5604524e-01
 -2.3761598e-02
  2.1757498e-01
 -1.4216726e-01
  6.9740430e-02
 -4.0345010e-01
 -1.6935376e-02
  3.7972398e-02
  1.1356419e-01
 -1.5879801e-01
  3.7958787e-03
  4.1017935e-02
 -4.3107539e-02
  1.1397424e+00
  1.0341210e-02
  4.1832428e-02
 -2.0135641e-03
  1.4425699e-01
  9.1379277e-02
  1.8260281e+00
  2.7378390e-02
  7.7166086e-01
 -2.4910295e-01
  5.7243582e-02
 -1.4014789e-02
  4.3302797e-02
 -2.1774200e-01
  1.9459930e-01
  1.4886072e-02
  2.6117161e-01
  6.2927824e-01
 -1.9066904e+00
 -1.4060246e+00
  1.2779462e+00
  3.0095053e+00
  3.2260782e-01
 -2.3089092e+00
 -1.4132582e-01
  5.1410317e-02
 -5.8884329e-01
  9.2009461e-01
  2.9907134e+00
 -2.0626812e-01
  3.1577121e-02
 -2.6080520e+00
 -1.0948747e-01
  4.1050524e-01
  1.2367122e+00
 -7.1982676e-01
 -4.0868804e-02
  7.2109886e-02
 -1.4533608e+00
  2.2341195e-01
 -1.4538010e+00
  5.3405728e-02
 -1.2963499e-01
 -1.8788183e-01
  1.2661539e+00
 -3.5687119e-02
 -5.6791924e-02
 -7.8351356e-02
 -8.0644190e-01
 -6.2997043e-01
 -5.0755703e-01
 -5.1394280e-02
 -8.9211297e-01
  1.7861898e-01
  5.0274813e-01
 -6.3666500e-02
  1.8656101e-02
 -5.0687723e-02
  1.3402192e-01
  1.6025904e-01
  1.7712212e-01
  6.9397949e-02
  1.3825510e-01
  6.0903136e-02
  9.8394936e-01
 -2.1104500e+00
  9.5188694e+00
 -9.7927797e-01
  4.8758313e-01
  2.1577723e+00
  3.4231184e+00
  4.2475510e+00
 -4.5485024e+00
 -1.8662752e+00
 -2.2136993e+00
 -1.2114423e-01
  7.8658462e-02
 -1.3515689e+00
  5.6435007e-01
 -2.3503869e+00
 -4.1498031e-02
 -1.2664600e-01
  5.2448857e-01
  2.6393822e-01
 -1.8407000e+00
  1.8293433e+00
  7.5117290e-01
 -1.0193671e+00
 -2.1219990e+00
  3.4618335e+00
 -8.9526767e-01
  6.0208535e-01
  1.4996314e+00
 -4.3122408e-01
 -1.8270355e-02
 -1.0990738e+00
  8.9078456e-01
  1.3392855e-01
  2.9536383e+00
  2.7406460e-02
  9.1706961e-01
 -5.0181650e-02
  1.7401939e-02
 -7.1901746e-02
 -1.1138205e-01
 -2.3227441e+00
 -3.8089940e-01
 -2.3692625e+00
 -1.3682643e-01
 -1.8984964e-01
  2.1858485e-02
 -8.6824149e-02
  2.8992972e-01
 -1.5232513e-02
 -2.6689923e-01
 -6.5263044e-03
  3.0170402e-02
  9.0971179e-02
 -7.4362084e-03
 -7.2039224e-02
  2.2525558e+00
 -2.4468088e+00
 -2.5803719e+00
 -2.5152626e-02
  1.2844125e+00
  1.1545164e-02
  8.7839097e-02
  6.2534392e-02
 -1.2224444e+00
 -1.5492217e-02
 -7.9764366e-02
 -2.0368566e-01
  7.4155681e-02
  8.4677778e-02
  4.0873266e-03
  1.4643987e-01
  1.9530047e-01
 -1.4676197e-01
  7.8083083e-02
  1.0240958e-01
  1.5494056e+00
  2.1880355e+00
 -2.3721414e-02
 -9.0999570e-04
 -1.0970955e-01
 -4.3380129e-01
 -1.1476544e-01
  4.4281149e-01
  3.0432069e-01
 -2.1106081e-01
  4.0455139e-01
 -1.2810540e-01
  2.3448080e-02
 -1.0039591e+00
  8.2832187e-02
  1.0334302e-01
  2.4830773e-02
  2.1250254e-01
 -2.6882908e+00
  7.7236826e-03
  5.2956652e-02
 -5.2094784e-02
 -1.3757612e-01
  1.7971871e-02
 -1.7391517e+00
  9.8281819e-03
 -6.9367150e-03
 -3.6935147e-02
  5.6132875e-02
  2.5826403e-01
 -1.3129508e+00
  1.6188310e-02
  1.0932149e-02
  2.4999714e-02
 -3.5261732e-01
  1.6450766e-01
 -6.5875642e-02
  7.1137108e-02
  1.1495395e-01
 -7.4971721e-02
 -4.1452083e-03
  9.8715678e-02
  5.3217862e-02
  3.0297062e-01
 -3.8323607e-02
 -1.0603739e-01
  1.1447121e-01
  4.8391517e-02
 -1.3489103e-01
 -1.0366037e-01
  9.3093049e-03
 -9.6817687e-02
  8.6812258e-02
 -4.1452470e-01
  9.4891004e-02
 -3.3584875e-01
 -1.3031596e-01
 -1.8523981e-01
  2.5914732e-01
  3.1154677e-02
  8.5044605e-01
 -2.2545559e-02
 -8.6343307e-03
 -6.6340990e-02
 -1.1926559e+00
  1.4097381e-01
 -1.1496563e-02
  8.8975262e-03
 -1.4234017e-01
  3.5461628e+00
 -2.0336344e+00
 -2.1330257e-01
 -2.3885304e-02
  4.9824517e-02
  6.2774889e-02
 -8.3840214e-02
  5.1667858e-03
  8.2470661e-01
  2.1145414e-01
  1.7785843e-01
 -1.1973948e+00
  2.7726889e+00
 -4.6859863e-01
  8.8007259e-01
 -2.3850005e+00
 -1.2234967e-01
 -8.7235999e-01
  1.9310467e+00
 -1.7126350e-02
 -3.6285204e-01
  4.9994373e-01
  1.0746007e-01
 -8.5714832e-03
  5.9921287e-02
 -2.6517197e-01
 -4.4715565e-01
  2.3956507e-01
  1.6780196e+00
  1.8285844e-02
  2.2205879e-01
  1.1514086e-01
  2.0618044e-01
 -1.9333124e-01
  1.4873452e-02
  7.3337436e-01
 -2.3561275e+00
 -1.2961288e-01
 -2.3763697e+00
  9.5261469e-02
  1.9269274e-01
 -5.1924706e-02
  3.9846013e+00
  8.9773335e-02
 -2.6907763e+00
 -6.6707313e-02
 -5.4648924e+00
 -1.0088331e-01
  1.9147644e-02
 -1.8662570e-01
 -1.1939380e-01
 -3.3988282e-01
  1.4321156e-02
  4.7072303e-02
 -2.4150899e-01
 -4.1046882e-01
 -3.3227715e-01
  4.7048088e-02
  5.6442142e-02
 -1.7182396e-01
 -1.9732025e-02
  1.6753503e+00
 -5.8644480e-01
  3.8659971e-02
 -2.4892375e-01
  1.5494981e-01
  5.5860439e-03
 -2.0122929e-02
 -1.3856204e-01
 -9.1754895e-01
  3.0520305e-01
 -1.5198241e-01
 -3.0192907e-04
 -6.2110838e-03
  1.0268509e-01
  9.7637109e-02
 -2.2253618e-02
  7.6181516e-02
 -4.0560514e-02
 -4.1384675e-02
  1.8396946e-02
  2.4951206e-01
 -4.7297448e-02
  2.5351591e-02
 -1.6654019e-01
 -3.0182710e-01
  2.8302556e-01
  1.6125497e+00
 -6.3439840e-01
  2.4181150e-01
 -5.4200846e-01
  7.9816677e-02
 -1.8922506e-02
 -1.4145196e-02
  4.8819408e-02
  9.0300933e-02
  9.1210576e-03
  2.2650474e-01
 -1.9930130e-01
  7.1257211e-02
 -4.8840256e+00
  5.2612320e-02
  1.7909499e+00
  1.7277107e-01
  6.2710866e-02
  1.3280010e-01
  1.2234654e-01
 -2.3503344e-01
 -8.4792799e-04
  4.2898992e-01
  1.5808642e-02
  1.8868166e-01
 -1.1167221e-01
  9.1175562e-01
 -1.0017524e-01
 -3.1952463e-02
 -1.7612621e-02
  3.6551027e+00
  1.9083070e-02
 -2.3942487e-01
 -3.1899933e-02
  1.6494509e+00
 -6.8420577e+00
 -3.9229202e-01
  6.9792442e-02
  1.7764323e+00
 -6.1960727e-02
  5.6779653e-02
 -6.6759668e-02
 -3.8618925e-01
  5.3389296e-02
 -5.7451107e-02
 -5.0240260e-02
  3.6787596e-02
  1.9865774e-03
  9.7933936e-01
 -3.9999951e-02
 -7.5830512e-02
  4.5514381e-01
  2.4378832e-01
 -2.7053452e+00
  1.0747713e-01
 -3.5288748e-01
 -5.2987840e-02
  5.1284820e-01
  1.5000913e-01
 -2.8656586e-03
  6.2011868e-02
 -8.5806362e-02
 -3.7230536e-02
 -2.8344917e-01
 -6.7105502e-02
  2.6446469e-02
 -8.2196318e-02
  5.0661325e-02
  2.1454795e-01
  8.6912408e-02
  1.1814323e-01
 -1.3206413e-02
 -4.1241112e-01
 -4.8376051e-01
 -1.0632755e-01
  9.7189695e-02
 -1.3187450e-01
 -4.1393094e-02
 -4.7480425e-01
  7.8343645e-02
 -1.3230053e-01
  2.2387262e-04
  9.0521365e-02
 -1.2435304e-01
 -3.1304273e-01
 -3.3868575e-01
 -1.8264784e-02
  3.5234354e-02
 -1.5558799e-01
  1.3955130e-01
  1.1963155e-01
 -1.0073974e-01
  5.1228162e-02
 -4.6046618e-03
  1.6064000e-01
 -1.3451865e-01
 -9.4159275e-02
  6.2441293e-02
  8.5974851e-04
  7.9390176e-02
  6.2922709e-02
 -1.3316365e-01
  1.5172410e-02
 -1.2116747e-01
  4.8769018e-01
 -1.4159884e-01
  4.4912197e-02
 -1.5122499e-01
  3.7298549e-02
 -3.2253504e-01
 -6.3805945e-02
 -7.8420624e-02
 -1.1576960e-01
 -8.3816824e-03
 -1.0820547e-01
 -1.5989987e-02
 -1.6436835e-03
  2.2815447e-01
 -1.9336730e+00
 -1.6171800e-01
 -2.1377936e-01
 -3.8585788e-01
  9.7728610e-02
  5.6750510e-02
 -1.1565154e-01
  1.0299875e-01
  1.5076129e-01
 -3.8749740e+00
 -4.4709601e+00
 -4.0815945e+00
  3.7623932e+00
 -1.5283761e+00
  6.2912378e+00
 -2.4619356e-02
  2.4112811e+00
  3.1116984e+00
  1.0377736e-02
  3.7374067e+00
  3.9925137e+00
 -1.6693069e+00
 -4.3075442e+00
  4.3155223e-01
  4.0841932e+00
  2.1066317e-02
  7.7836031e-01
  3.3374608e+00
 -1.4839230e+00
 -4.8662496e+00
 -1.6185230e+00
  8.0208284e-01
 -2.1187997e+00
 -2.6457100e+00
 -1.6501385e-01
 -2.5377991e+00
 -3.4428632e+00
  2.9627803e-01
 -2.0260241e+00
  2.4377329e+00
 -1.4261439e-01
 -4.3516951e+00
 -7.9494721e-01
 -2.2109110e+00
 -2.3444366e+00
 -4.4002011e-01
  1.2189354e+00
 -3.1186286e-01
 -7.0593619e+00
  3.9083251e-01
 -5.4683149e-01
  1.5915743e-01
 -7.9441415e-03
 -2.0938537e-01
 -1.9861773e-02
  7.9369560e-02
  1.7157996e-01
  2.4067922e-02
 -8.8731693e-03
 -3.7730512e-01
 -7.8807332e-02
  2.4872960e-01
  5.2053191e-02
 -2.2132092e+00
  8.1794284e-02
  1.8776251e-01
  3.6896363e-01
 -6.5209076e-02
  6.0626075e-02
 -9.1667853e-02
  2.9817131e-01
  6.4201862e-01
 -5.5559075e-01
  4.5030698e-02
  1.6019691e-02
  1.0496164e-03
  8.4578134e-02
 -4.3394722e-02
  2.8599086e-03
  1.1283606e-01
  3.8621657e-02
  2.5457725e-02
  3.0804452e-01
  1.2040056e-01
 -5.5793948e-02
  9.3790543e-01
  2.7715239e-01
 -1.2467916e-01
  2.5614160e-01
  1.2118120e-01
  1.0192962e-01
  8.4553786e-02
  3.6995286e-01
  4.1096494e-02
  1.5576474e-01
  1.1293122e-01
 -2.5660675e+00
  4.9074825e-02
 -5.0971322e-02
 -9.2526026e-02
  1.4799055e-01
  4.3428726e-02
 -1.0520474e-02
 -7.4193877e-01
  1.0094965e-01
  9.6694313e-02
  6.4531676e-02
  1.3955472e-03
 -9.8503180e-02
  6.6490568e-02
  2.3378732e+00
  1.5361094e+00
 -1.5322526e+00
  1.3725995e+00
  3.5922894e+00
 -5.0379682e-02
 -1.6338950e-01
  9.7960818e-01
 -7.7661914e-01
  9.9535990e-01
  2.7092260e-01
 -7.7700302e-02
 -5.3440638e-02
  2.4501969e-01
 -2.7627003e-01
 -1.1231539e-02
 -3.0096559e-02
 -5.2001781e+00
  3.2194039e-01
 -8.3699840e-01
 -1.9992650e-01
 -2.4452934e-01
 -1.0074898e+00
  2.9498792e-01
  6.7137152e-01
 -2.6941893e-01
  1.2506666e-02
  8.9552444e-01
  8.0302912e-01
 -1.1055707e+00
 -7.2339959e-02
  8.3502603e-01
 -1.0875831e+00
  6.5370463e-02
 -1.0749850e+00
 -1.6102091e+00
 -2.3902304e-01
 -1.7738743e-01
 -1.5340185e-01
 -1.2237055e+00
  8.2419366e-02
 -1.7556782e-01
 -9.7520873e-02
 -1.0432189e+00
 -7.4791694e-03
  5.1471096e-02
  3.2089889e-02
 -3.7949547e-01
 -1.9210808e+00
  3.2302238e-02
  1.6550657e-03
  2.2124395e-02
 -7.4168466e-02
 -3.4754388e-02
 -5.1710701e-01
  3.9617706e-02
  1.6734509e+00
 -8.3556689e-02
 -4.2031813e-01
 -1.8320066e-01
 -2.5811666e-01
  6.4908937e-02
  6.7304027e-01
 -5.5598032e-02
 -8.5704274e-02
  1.5542592e-01
  8.8213749e-02
 -8.9003906e-02
 -1.4683217e-02
  6.7853026e-02
 -3.2227483e-01
 -7.3493994e-03
 -2.8297561e-01
  2.7637780e-01
  6.4747341e-02
  1.9367720e-01
 -1.2602718e-01
 -5.3526651e-02
  1.5800397e-01
 -1.3431331e-02
 -1.8567070e+00
 -6.7543760e-02
 -1.7704900e-01
 -4.3885808e-02
 -5.0938267e-02
  2.1735895e-01
 -1.0047345e+00
  5.5657681e-02
 -3.1998031e-02
  9.1090836e-02
 -4.7698250e+00
 -6.9359496e-02
 -7.4541301e-01
  5.7036220e-03
 -2.6925141e-01
  7.2429553e-02
  1.6353907e-01
 -5.3625468e-02
  1.4781922e-02
  8.1628218e-02
  3.6020998e-03
 -7.0013607e-01
 -1.1511474e-01
  3.6766622e-02
  7.4351475e-02
 -3.5578787e-02
  2.7471497e+00
  7.0828639e-02
 -4.5585003e-02
  2.3810674e-01
 -1.9099120e-02
  1.4218326e-01
  9.1819488e-02
  6.0295284e-01
 -1.4772537e-01
 -1.1852758e+00
 -2.5768631e+00
  5.4222632e-02
 -1.2481068e-02
  3.6007017e-02
 -1.6082210e-02
 -1.3283597e-01
  4.2432051e-02
  2.2964985e+00
 -7.1926504e-02
 -1.8115314e-02
  2.3999447e-02
  1.3136669e-02
 -1.7469458e-02
  1.5270190e-01
  7.9273239e-02
 -1.0112978e-01
  1.4662877e-02
  1.5152635e-03
  1.2448653e-01
  2.0617415e-01
 -2.6850602e-01
 -3.3498651e-01
 -4.5842317e-01
  1.5252568e-01
  6.7462392e-02
  3.1678904e-02
 -1.4384683e-02
 -5.7653531e-02
 -6.0595494e-02
 -9.2336096e-02
 -9.6322596e-02
 -8.2315110e-02
 -8.3128877e-02
  4.1486621e-02
  5.6231916e-01
  2.6716583e+00
 -4.0616158e-02
  6.6982195e-02
 -3.8919696e-01
  1.8023766e+00
 -2.0493007e+00
 -5.4959245e+00
 -2.3119028e+00
  3.6372168e+00
 -1.7282484e+00
  9.8127723e-01
 -1.3682449e+00
  8.5987580e-01
  5.0866857e-02
  2.1785754e-01
  6.3786942e-01
  5.6836641e-01
  5.6032187e-01
  8.0061299e-01
 -5.3048843e-01
 -2.6039990e-02
  2.5738704e+00
  3.3860662e+00
  1.6225593e+00
  2.3017857e+00
  2.2785477e-01
 -4.7494044e+00
 -1.5967962e-01
  1.3041840e+00
  8.9076239e-01
 -1.4261943e-03
  1.2616591e+00
  4.1784229e+00
 -7.3775941e-01
  3.4101024e+00
  5.2123791e-01
 -1.5128062e+00
  7.7514470e-01
 -1.2138722e+00
  2.1818676e+00
  7.4191511e-01
 -2.0221883e-02
 -6.9021004e-01
  1.0101638e+00
  1.5573951e+00
 -3.6217411e+00
 -2.0205581e-03
 -1.4543569e-02
  2.4641251e-02
 -1.2861074e+00
  2.2164465e-01
  3.0512881e-02
  1.2069727e-01
  7.7556543e-02
  2.0613514e-01
  2.9690698e-01
  1.6193036e-02
  9.5054485e-02
  5.6935988e-02
 -2.8702520e-02
 -6.5241978e-02
  1.0240433e-01
  5.8917165e-02
  3.7008542e-01
  1.6046458e-01
 -8.2921630e-01
  1.8583271e-01
  2.5774720e-01
  8.3442426e-01
  9.4198681e-02
  3.1799188e-01
  4.1101374e-02
  3.4224063e-02
  4.9968639e-01
  1.1188980e+00
 -1.4012966e+00
 -4.7225475e-01
 -7.7119790e-02
  1.8116949e-01
  3.0900959e-03
 -1.1091920e-01
 -9.6253594e-03
 -2.0541272e+00
  3.5566330e-02
  3.1200932e-02
  1.9515944e-03
 -1.5396217e-01
 -6.8447657e-02
  9.1592304e-02
  2.4119886e-02
  1.0314806e+00
  8.9547366e-02
 -3.7463214e-02
 -3.1904772e-02
  1.8397378e-02
 -3.7508734e-02
  2.6663170e+00
 -3.1197187e-01
  1.1044725e-02
 -1.1177267e-01
 -7.3131954e-04
 -1.3152662e-01
 -1.4667771e+00
 -4.7160670e-02
  7.8189988e-03
  3.9019310e+00
 -7.1223462e-01
  1.6260521e+00
  1.2070394e+00
 -2.3929696e-01
 -7.3002535e-01
 -6.9292307e-01
 -1.9335721e+00
 -1.4750204e+00
 -3.4047624e-01
 -5.4900146e-01
  5.8583312e+00
  1.9054803e+00
 -2.2598709e-01
  1.8867190e+00
 -2.6100523e+00
  2.2586622e+00
  3.1711016e+00
  7.1864717e-02
  9.5062262e-01
 -4.5188424e-01
 -3.3901572e+00
  3.1922755e-01
  1.0717003e+00
  2.4082501e+00
  8.1075895e-01
 -2.4963574e+00
  1.4188980e+00
 -3.7748063e+00
  1.0609767e+00
  4.4242024e-02
 -9.7905940e-01
 -2.3527665e-01
  9.7428918e-01
  1.0075805e+00
 -1.9398426e+00
  1.0554640e+00
  1.5673991e+00
 -1.6523852e+00
  1.0289052e+00
 -1.1753683e+00
  8.7148678e-01
  1.2020981e+00
 -1.4023596e+00
 -1.1311150e-01
 -7.9699695e-02
 -3.1727188e+00
 -1.9753847e+00
 -1.2211479e+00
  5.8850024e-02
 -1.9129417e+00
  1.3608906e+00
  2.5157773e+00
 -1.5752794e+00
  5.5355150e-01
 -5.0090802e-01
 -9.0109944e-02
  1.9592117e-01
 -7.1897499e-02
  1.2454970e-01
  3.6602922e-02
 -3.2399377e-01
  7.7726841e-02
 -1.0981258e-01
  1.1174808e-01
  3.0736167e-02
 -2.3397870e-01
  1.3436575e-01
 -4.2780718e-01
 -3.4335284e+00
 -1.7263386e-01
 -1.3948026e+00
  1.0689051e-03
 -2.1549394e+00
 -4.9511448e-01
  6.8906802e-01
 -3.5274723e-01
 -1.3068776e-01
 -8.2961130e-01
 -1.1753962e+00
 -1.7946095e+00
  2.4765546e+00
  1.7674308e+00
  2.1481755e+00
  8.7655716e-02
  4.1316257e+00
 -1.3919923e-02
  1.3225907e+00
 -2.2404949e-01
  2.4130272e-02
  4.8518091e-01
  1.0555261e-02
 -1.4277948e-03
 -7.1832523e-02
  4.4470489e-01
  3.1456754e+00
 -7.0019186e-02
  2.6395497e-01
 -3.0588482e-02
  1.2976204e-01
 -8.7613069e-02
  8.5253462e-02
 -7.5288187e-03
 -5.9774853e-02
  8.1244814e-01
 -2.1998781e-01
 -6.0828291e-02
 -5.1414717e-02
  6.2462538e-02
 -3.9828074e-01
  1.3656062e-01
 -1.8259954e-02
  2.0169783e-01
  3.8302723e-02
 -4.3704408e-01
  2.1893387e-01
 -3.7081438e-01
  1.1625343e-01
  2.2395926e-02
 -4.7652140e-02
  9.2147663e-02
  1.9800110e-02
 -7.2790198e-03
  3.6494587e-02
 -1.0609905e+00
  2.6117785e+00
 -8.5546702e-02
  2.3026666e-02
 -3.2208568e-01
  5.6626953e-02
 -8.4175450e-01
 -6.2185801e-03
 -6.2737662e-01
  3.9114738e+00
  4.3337870e-02
 -1.2340994e-02
  1.9602944e-01
  1.2129858e-01
  6.3151307e-03
  1.9506566e-01
 -5.1539570e-01
  4.0931813e-02
 -1.5069644e-01
 -3.2942254e-02
  2.5926068e-02
 -5.1667865e-02
  4.6290707e-02
  6.2685691e-02
 -3.5290763e-02
  1.8067761e-01
  7.7144623e-02
 -4.5478672e-01
 -2.2897811e-01
 -2.2765176e-01
  2.0264630e-01
 -5.5863131e-02
  2.2188498e-02
  7.2428755e-02
 -1.4354531e-01
 -8.3691791e-02
 -7.8235999e-02
  5.6507170e-01
 -2.1102524e-01
 -7.5977251e-02
  3.3038822e-01
 -2.1323733e-01
 -8.5550703e-02
 -1.7068077e-02
  1.4562249e-01
 -1.4369227e-02
 -1.9565249e-02
 -2.2093294e+00
 -5.2822169e-02
 -5.4493644e-03
 -2.7502554e-02
  4.3912381e-01
 -1.3732360e-02
 -1.6408984e-02
  2.0238434e-01
 -1.4543222e-01
 -3.3119074e-01
  6.7148991e-02
  7.4681766e-02
  3.0431267e-02
  5.9590265e-02
 -1.5066487e-02
  3.0627590e-01
 -6.7761787e-03
 -3.7681721e-02
  1.5336095e-01
  4.2637125e-01
 -1.5036690e+00
 -6.6280626e-03
 -1.0822670e-02
 -1.1558935e-01
 -1.9912308e-01
  3.0061448e-01
  6.2909544e-02
 -3.6492508e-02
 -1.0601230e-01
 -7.2677895e-02
 -9.5912397e-02
  1.4000769e-01
  4.3918125e-02
  9.0323925e-02
 -2.2544336e+00
  1.2951758e+00
  4.1992726e+00
 -1.3983873e-01
 -4.1041827e-01
  4.9175505e-02
 -3.7088600e-01
  8.2728891e-03
  1.3618320e-01
  2.0464817e-02
 -3.6884651e-02
 -3.4179556e-01
  1.2141031e-01
 -7.6405637e-02
 -1.7799562e-01
 -2.8843366e-02
 -5.4538214e-01
  2.3753714e-02
  2.9039407e-02
  2.6700847e-02
 -3.6448479e-02
  3.5227157e-02
  3.7895581e-01
  4.6833012e-02
 -2.7044085e-03
 -1.2886316e-01
  2.5267571e-01
  4.5060653e-02
 -6.5621799e-03
  2.4675450e-01
  9.6390033e-03
  1.8812092e-01
  5.7051843e-01
  1.7993809e-01
  8.3873764e-02
 -8.1825964e-02
  4.5655164e-01
  3.3749390e-02
 -3.5016651e+00
  2.1626741e-02
  7.8318641e-02
  2.5556588e+00
  4.2879924e-02
 -2.3135936e-01
  1.0700148e+00
  5.8939837e-02
 -6.8189658e-02
  4.4893754e-01
  1.2884592e-01
  1.1017567e-01
 -5.5003052e+00
  4.0155749e+00
 -6.4109364e+00
 -5.6959872e+00
 -1.0370914e+00
 -6.5205723e-01
  8.7370267e-03
 -2.7105162e-01
 -6.2528114e+00
  5.4821532e-02
 -1.6932901e-02
 -1.5370879e+00
  2.3423411e-02
 -5.2242155e+00
 -2.1924788e-01
 -1.5405145e+00
  6.3360724e+00
 -9.5572436e-01
 -1.7469101e+00
 -1.0418800e+00
  1.8890207e-01
 -1.4767067e-01
 -2.0425556e+00
 -3.6298129e-01
  8.2310718e-01
 -6.4794149e+00
  6.4864256e-03
  3.2956884e+00
 -3.0497162e+00
 -7.7627319e-01
  5.5553484e-01
  1.2031666e+00
  1.0779235e+00
 -1.4821572e+00
  1.6828918e+00
 -2.3149189e-02
  3.9130273e+00
 -3.2809049e-01
  3.5627112e-02
  1.8147737e-01
 -3.1123027e-02
 -1.9710679e+00
  1.7946627e-02
 -1.9872463e-01
 -9.1138594e-02
 -7.2886176e-02
  4.9626678e-03
  2.0919742e-02
  3.1800628e-02
 -3.7520751e-02
  7.8766853e-02
  6.1792701e-02
  7.0989102e-02
  2.1583868e-02
  1.9372482e+00
 -3.8069222e-02
 -2.2109835e-01
 -2.5687924e-01
 -8.7340690e-02
  7.5602792e-02
 -5.8021776e-02
 -1.8581804e-02
 -6.1330505e-02
  5.1845605e-03
 -7.6644331e-02
 -1.9662045e-01
  9.0484723e-02
 -1.1733614e-02
  7.1778350e-02
 -8.6961975e-03
  1.7335622e-02
  6.2626936e-02
 -1.1689068e-02
  6.9064908e-02
  1.6630337e+00
  2.7349386e-01
 -3.3666661e-01
  2.1694355e-01
  6.1927415e-02
 -2.0841309e-01
 -5.6141298e-03
 -7.3479220e-02
  9.3048352e-01
 -6.9707030e-01
 -2.8520126e-02
 -3.6611706e-02
 -5.8139458e-02
 -2.7860563e-02
 -4.4150424e+00
  2.2734264e-03
  4.4675547e-01
 -9.4163096e-01
 -1.0870385e-01
  5.2012349e-03
 -3.5176793e-01
 -3.9065272e-02
  1.4356981e-01
 -1.0096307e-01
 -8.5559867e-02
  8.6645968e-02
 -2.9928235e-02
 -9.6944906e-02
 -3.6787686e+00
  1.3609412e-01
 -1.9662763e-01
  1.6848439e+00
  5.8136278e-01
 -4.5183773e+00
 -2.5743771e-01
 -2.3751776e+00
  2.6990297e+00
 -4.5722026e-02
 -4.7648412e-01
  9.6909739e-02
 -2.0854594e-01
 -1.2372346e+00
 -1.4215875e+00
 -9.5839478e-02
 -1.7216885e-01
 -1.6228169e+00
 -3.2667637e+00
 -3.0814066e+00
 -1.0545435e+00
 -3.3421764e+00
 -5.0758106e-01
 -1.0607641e+00
 -1.0775248e+00
  1.0930275e+00
 -1.5224205e+00
 -2.4913946e-01
  2.6427120e-01
  5.5384655e-02
  4.2879903e-01
  1.8911004e-02
 -7.7455764e+00
 -2.2385309e+00
 -7.8621060e-01
  3.5722625e+00
  9.9974461e-03
  1.3191023e-01
 -1.2609610e-01
 -1.4103845e-01
 -7.8611267e-01
 -2.7929932e-01
  1.5586130e-01
 -5.3702611e-02
  4.5455983e-01
  2.3777269e-02
  4.6942485e-03
  1.8364808e-01
 -7.3419631e-02
 -1.1218132e-02
 -8.2923763e-02
 -1.6828026e-01
  6.1900847e-02
 -1.7371395e-01
  4.5983631e-02
  1.2710429e+00
  1.7519072e-01
 -8.4399515e-01
 -5.5554416e-02
 -1.3626951e-01
 -7.3923421e-01
 -7.8531019e-02
 -3.9891422e-02
 -7.0139170e-02
  6.8852119e-02
  2.3908052e-01
  1.8527158e-01
  6.7297950e-02
  8.1053518e-02
 -1.4275680e-01
 -2.6269767e-01
  6.3742466e-02
  2.6832685e-01
 -3.7154723e-02
  5.2262466e-02
  2.0494951e-01
  1.7672919e-02
 -9.8095901e-02
  9.4508052e-02
  5.5331897e-02
  1.7371048e-01
  7.7280111e-04
  2.2837032e-02
 -1.3146223e-01
  1.8393196e-01
 -1.4675844e-01
  3.1552050e-02
 -1.2188367e-01
  6.2675089e-01
  1.6981955e-01
 -1.0495679e-01
 -1.6073802e-01
 -1.9049689e-01
 -4.5669012e-02
  4.5649722e-01
 -2.2603031e-01
 -5.8705056e-01
  2.1965555e-03
 -1.4960219e-01
  1.2726745e-01
  1.2928895e+00
  2.7977901e-02
 -6.5852654e-01
  2.4113679e+00
  1.4612662e+00
 -3.6957541e-01
 -3.2118627e-01
 -1.8226908e+00
 -1.2444869e+00
 -4.6203971e+00
  5.5030514e-02
 -1.4061656e+00
  1.3079335e-02
 -1.2988047e-01
  2.7543336e-01
 -2.8639328e-01
 -2.6509327e-01
  4.0333457e+00
  9.0935808e-01
  6.3504106e-01
  4.4572954e+00
 -6.6678576e-02
 -6.3239431e-01
  1.5797610e+00
 -1.4508663e-01
  5.8893061e-01
  1.9540736e-01
  3.7828834e+00
  4.7462699e-01
 -8.4032494e-01
 -2.8413016e-01
 -3.2472763e+00
 -1.8034171e-01
  6.9447018e-02
  1.5150623e+00
  3.0862117e-01
  7.2427811e-03
  7.6272115e-02
 -2.9016626e-01
 -5.0082948e-02
  1.4089288e-02
  7.1164981e-02
  2.0173746e-01
  2.6056272e-01
 -9.4347425e-02
  2.3234800e-02
 -4.7738116e-02
  3.2769760e-01
  1.4568533e+00
  1.7578462e-02
  7.1756817e-02
 -7.2551601e-02
  8.6987704e-02
 -1.6873035e-01
 -5.2000624e-01
  1.5806389e-01
 -6.2873341e-02
  1.7770256e-01
 -4.3796871e-02
  1.7648885e-01
  6.9006048e-02
  5.0265379e-02
  7.9733960e-02
 -2.1137275e-02
 -1.5302201e-02
  7.9303510e-02
  2.0255979e-02
 -5.4501049e-02
 -3.5660364e-02
 -1.5642793e+00
  2.3496312e-01
  2.5972834e-01
  1.5530561e-01
  1.5941431e-01
  8.8880353e-02
 -1.2654705e-02
  3.3398040e-02
 -4.3923265e-01
  9.0927595e-01
  2.6151847e-02
 -1.2654841e+00
 -8.5298568e-02
 -9.4276071e-02
 -1.8552387e-01
  2.8796677e-02
 -3.0889273e-01
  9.2672721e-02
 -8.6702853e-01
 -4.6409763e-02
 -8.4969485e-01
 -3.5090689e-04
  6.5363564e-02
 -1.1319504e-01
  1.5822211e-02
 -1.3719754e-01
 -3.9848875e-02
  1.1124399e+00
 -1.4829200e-02
  2.5650693e-02
 -9.4787516e-02
 -4.0905569e-02
  8.8394642e-02
 -6.1707469e-03
  3.8305975e-02
 -1.1857637e+00
  3.8623407e+00
  1.4600420e+00
  2.4003895e-01
  1.8651634e-01
  3.0775616e-01
 -2.3829031e+00
 -4.0941814e-01
  9.9072409e-01
  4.6192141e+00
  1.1529654e-01
  9.0197206e-01
  5.0319624e+00
  3.1802635e+00
  2.5874159e+00
 -2.8462467e+00
 -4.4561396e+00
 -2.7268195e+00
  2.7519506e-01
  3.0554161e+00
  1.1851041e-01
  2.7092113e+00
  2.2389175e-01
 -2.1683159e+00
 -4.5507174e+00
  1.6204361e+00
  2.1407530e+00
  7.8620784e-02
  4.1681316e-01
  1.4282946e-02
 -4.3012500e-02
  7.5879622e-01
  1.5510444e-01
  2.8665817e+00
 -6.2776428e-01
 -2.5643055e+00
  6.0875764e+00
  1.7945255e-01
  4.3183908e-02
  2.1434864e-01
  3.4212575e-03
  2.9919989e+00
 -5.5263642e-02
  5.5166882e-02
  6.3409872e-02
 -2.8573385e-02
  3.9087981e-01
  1.3062689e-01
  6.8924084e-02
  4.0575184e-02
  9.6951053e-02
 -1.4928689e+00
 -1.3155253e-01
  2.9525871e-03
  6.0293749e-02
 -1.8256198e+00
  2.6800615e-01
 -1.3541057e-02
  2.1775808e-02
  6.5573238e-02
  6.5001376e-02
  2.6919441e-02
 -2.3169829e-02
  1.3213147e-02
 -1.7987387e-02
  3.0364439e-01
  8.0873340e-02
  1.4474948e-01
  8.5108477e-04
 -8.4075006e-03
 -1.4538378e-01
 -5.0786708e-02
 -9.5292956e-02
  1.3877901e-02
  5.6599301e-01
  2.5246911e+00
  3.4727648e-02
  1.2317903e-01
  5.6511641e-02
  2.0367007e-01
  1.9317448e-01
  2.5578642e-02
  6.6205986e-02
  8.7756783e-02
 -1.1643135e-01
  1.1537722e-01
  2.0828957e-02
 -3.5495487e-01
 -3.1544071e-02
  4.6381097e-02
  2.0208814e+00
  5.7274751e-02
  1.0303353e-01
 -5.8593519e-02
  9.7294465e-02
 -1.3315096e-01
 -1.4562668e-01
 -7.9947390e-02
  2.2591088e-02
  3.5202226e-01
  3.1889841e-01
 -2.0121011e-01
  1.4255376e-01
  3.0760067e-03
  3.9112601e+00
  2.8592164e-02
 -9.1497761e-01
  1.8647198e-02
 -2.2253616e-02
 -2.5972159e+00
  2.8028814e-02
  1.0787849e-01
  1.1108164e-03
  9.2507705e-02
 -3.3274087e-01
  1.7289461e-01
  1.0158379e-01
  1.5344076e+00
 -5.3542957e-02
 -6.4882621e-02
 -3.8991977e-02
 -3.8478463e+00
  2.7042401e-01
 -5.5390829e-01
  2.6441514e-02
  3.3573458e-01
 -2.9186428e-02
  6.8542302e-02
 -2.2715239e-01
  8.8131698e-03
 -2.9794058e-02
  5.0495517e-01
 -2.9031098e-01
 -9.1132276e-02
  2.7304111e-02
 -2.6096242e-02
  6.1388927e+00
 -1.0001713e-01
 -4.7646191e-02
  1.8555982e+00
  3.0803438e-02
  1.7981376e-01
  4.0381309e-02
 -1.0117807e-01
 -2.1946152e-01
 -2.2941308e+00
  9.2680578e-04
  1.5163593e-01
  3.4577364e-01
 -1.5288423e-01
  1.8414453e-01
  6.3083851e-01
  1.0565511e+00
  3.1306622e+00
 -6.9701236e-01
  8.3333230e-01
 -8.2030885e-02
 -2.8784711e+00
  4.9958739e+00
 -1.6776648e+00
 -2.2796200e-01
 -2.4718888e+00
  3.8478713e+00
 -1.9624040e+00
 -5.3899689e+00
 -6.3248917e-02
  6.1506991e+00
 -2.0947544e-01
  5.2823794e-01
 -1.4272074e+00
  1.5194838e+00
 -3.0083990e-01
  8.4080142e-01
  2.3073664e+00
 -5.6513314e+00
  3.2544107e+00
  3.5052598e-02
  3.3663130e-01
  1.4604961e+00
  2.2343922e+00
 -6.6891497e-01
 -2.3248210e+00
  1.3225515e+00
 -7.6351899e-01
  2.6647913e+00
 -3.9916319e-01
  4.3858304e+00
  2.1985655e+00
  1.0007056e+00
  3.2119793e-01
 -4.6923101e-02
 -1.2667036e+00
  2.6439924e+00
  1.0760641e-02
 -3.3272176e+00
 -4.7262184e-02
 -2.1714041e-01
 -2.2001265e-02
  4.4493885e-03
  1.2291263e-01
 -9.5744945e-02
 -3.3913884e-02
 -3.9114293e-02
  1.2263787e-01
  3.7418753e-02
 -3.4195721e-02
 -6.7606097e-01
  3.0128466e-02
 -3.0535865e-01
 -2.6152266e-02
  1.1229474e-02
  3.0138907e-01
 -9.7486742e-02
  8.5898983e-01
 -2.6676813e-01
 -6.8824716e-02
 -2.3805791e-01
 -3.7079322e-01
 -2.5906330e-03
 -3.2119352e-02
 -7.6577850e-02
 -1.3907373e-02
 -1.5306492e-01
 -3.0851403e-02
 -2.7490041e-01
  1.5077728e-01
  6.5221220e-02
 -3.8754296e-02
 -4.2137244e-01
 -3.0319449e-02
  7.4186295e-02
  8.2915556e-01
  3.2422572e-02
 -1.1728916e-01
  2.1037421e+00
 -1.5432724e-02
 -1.4340159e+00
 -1.2899105e-01
 -2.8014877e-01
  7.9146408e-02
 -5.9144635e-02
  8.7083481e-02
  2.1509349e-02
  1.0208914e-01
  7.3071703e-02
 -1.3864529e-01
 -1.9721971e-01
  1.9840655e-01
  2.6841233e-03
  4.9767885e-02
  6.4007021e-02
 -1.9584145e-02
 -3.5283964e-02
 -1.1009283e-01
 -6.3437998e-01
  7.9337850e-02
  8.0369189e-02
 -3.8979566e-03
  1.8520299e-02
  1.6972683e-03
  9.9189633e-01
 -6.6460767e-03
 -1.5881962e-01
 -7.2050941e-01
  4.8486069e-03
  6.0716712e-01
  1.8972278e-01
 -1.1481133e-01
  2.7425108e-02
  1.8661930e-01
 -8.4484406e-02
  1.9208418e-01
 -3.4313519e-02
  4.7279779e-02
  1.1096277e-02
  1.4417686e-01
 -2.2406685e+00
 -4.3543440e-01
  1.7626517e-01
 -8.2913212e-02
 -8.7974012e-02
 -6.0611036e-02
  1.6088650e-02
  1.1440483e-01
  3.1520218e-01
 -7.1444564e-02
  6.8449676e-02
 -2.2304535e-01
 -6.2562078e-02
  1.7466467e-02
  1.7468256e-01
  6.1237842e-01
 -4.4420447e-02
  9.1017745e-02
 -3.2944024e-02
  2.6894060e-01
 -3.3811182e-02
 -2.4388254e-01
  2.7030190e-02
  1.6421298e-02
  3.2061487e-02
 -2.7310336e-01
  1.8069349e-01
 -9.0735413e-02
  3.0038235e-01
  4.8460743e-01
 -8.5590325e-02
  1.1495098e-01
 -2.0524995e+00
  2.0737040e-01
  2.7815316e+00
  5.0528836e+00
  1.3341280e+00
  1.6102347e+00
 -3.2105213e-01
  8.3494252e-01
 -4.7512356e-02
  6.4628547e-01
  4.9118895e-02
 -1.5569161e+00
  9.8795034e-02
  2.6948503e-01
  2.2131350e-02
 -2.2550374e-02
  1.8160158e+00
  1.3121736e-01
  1.5698237e+00
  2.9575509e-01
  2.7164376e-01
 -1.7689781e+00
  1.0105891e+00
  1.7188878e+00
 -8.6026108e-01
 -5.2561200e-01
 -2.0817740e+00
 -1.3396469e-01
  3.2311741e-01
 -7.2051144e-01
 -6.1169267e-02
  1.4532415e+00
 -2.7910712e-01
 -1.1026155e+00
 -5.1088105e-03
  1.5187217e+00
  1.3304089e+00
  8.9971000e-01
 -1.7700087e-02
 -1.7722319e-01
 -4.0232155e-02
 -2.8184919e-02
  9.9201828e-02
 -1.1449338e-01
 -3.4406489e-01
  1.1196101e+00
 -6.8088748e-02
  1.1527450e-01
 -2.4107117e-02
 -5.0148971e-02
 -1.5362458e-01
  4.8853207e-01
  7.1533322e-02
  3.5173491e-02
  1.5477499e-01
 -2.3764303e-01
 -2.8124370e-02
  6.5535825e-01
  3.2478347e-01
 -3.6229959e-01
 -7.6013478e-03
  3.3612568e-02
 -1.1223859e-01
  1.1059410e-01
  3.7019394e-02
 -9.1875549e-03
 -2.5742942e-02
  6.2042320e-01
  4.3676712e-02
  1.8894587e-02
  5.9266109e-02
  5.4194486e-01
 -4.7361042e-02
  2.2558577e-02
  1.3621616e-01
 -4.6743229e-02
  1.6094434e-01
  2.0749399e-02
 -9.7086368e-04
  1.2846860e-01
  4.6098084e+00
  3.6765937e-02
 -1.1674311e+00
  3.1746641e-01
 -3.2381174e-01
 -1.9130377e-01
  3.7040156e-03
 -2.9688573e-01
  1.2890866e-01
  2.2914839e-01
 -9.2525929e-01
 -7.8449167e-02
 -3.5880569e-01
  1.2742428e-01
 -1.1020631e-01
  4.4176064e-02
 -4.1293077e-02
 -5.2449342e-02
 -2.3783175e-02
  1.8308433e+00
 -1.3262033e+00
 -1.0328576e+01
 -1.4701602e+00
  2.5652065e+00
 -2.8875434e+00
 -3.5142139e-01
 -4.2418952e+00
 -2.7751198e+00
  2.4298670e+00
 -7.6119184e-01
  6.3441486e+00
 -4.2954546e-01
  8.0902547e-01
 -5.4030104e+00
  5.1004343e+00
  3.4643702e-02
 -4.2170210e+00
  1.2149669e-01
 -9.9803138e-01
  3.8176858e+00
 -7.2639031e+00
  1.1770049e+00
  1.3171604e+00
  4.7728481e+00
 -1.3842248e+00
 -4.8550552e-01
  2.3039510e+00
 -2.0012679e+00
 -1.3682126e+00
 -1.8325491e+00
  1.0852246e+00
  3.7747169e+00
 -2.8809312e-01
  1.8839946e+00
 -1.1290648e+00
 -3.4394464e+00
  6.9410129e+00
 -1.2257984e-01
 -7.4761879e-01
  1.0240537e+00
 -1.6851552e+00
 -5.6108212e-01
  2.6779756e-01
  8.7049706e-03
 -1.7201842e-01
 -2.3629302e-02
 -3.3425899e+00
 -5.7574505e-01
 -1.1558349e+00
  3.4754060e-02
 -8.0799885e-02
 -2.4680096e-01
 -1.2051287e+00
 -1.3434024e+00
  1.5528527e+00
  3.5978699e-01
  7.9689832e+00
 -2.1467664e+00
  1.1963758e+00
 -5.2746892e+00
 -2.8729132e-01
  7.2576240e-02
  2.0829442e+00
  1.3952085e+00
 -3.9511075e+00
  5.5372875e-02
  2.9492280e+00
  2.5435662e+00
 -1.9833512e+00
  2.5019374e-01
 -4.3841963e+00
  7.3126537e-01
  2.5805452e-01
  5.7292948e+00
  5.1027641e+00
  2.2321789e-01
 -1.5437442e+00
 -4.6578163e-01
 -1.8057586e-01
 -5.0424023e+00
  4.7372155e+00
  2.6688621e+00
  2.3706007e+00
  5.0759804e-01
  8.6173004e-01
 -3.4056206e+00
  1.0351691e+00
  5.2235942e+00
  1.6905944e-01
 -1.5022603e-01
 -2.5281683e-01
 -2.6581809e-01
  7.2453544e-02
  1.3788772e-01
 -1.1834607e-01
  1.1678455e+00
 -5.0622809e-01
 -7.0990577e-02
 -2.8835618e-01
  7.9257362e-02
  4.3554512e-01
 -7.8079817e-03
 -3.9994678e+00
 -3.2472530e-01
  1.8290106e+00
 -4.1416401e-01
  3.1027424e+00
 -1.4133425e-03
 -6.6101986e-01
  5.5819783e+00
  8.9498156e-01
 -5.5661516e+00
  2.1026611e-01
 -5.6900134e+00
  7.4848396e-01
  7.6028824e-02
  3.4530008e+00
  1.9526143e-01
 -5.8195835e-01
  4.2087358e-01
 -1.4579470e+00
  7.8024483e-01
 -2.4960232e+00
  3.2044663e+00
 -1.4642059e+00
 -1.3421659e-01
 -8.4531063e-04
  4.5876321e-01
 -2.2009258e+00
  1.6158125e+00
  4.0324917e+00
 -1.8826852e+00
 -3.5255120e+00
 -2.3432755e-01
 -2.9248435e+00
  2.1274023e-01
  2.2559540e+00
  5.1918187e+00
 -1.2698790e+00
  1.2545917e+00
  3.3977166e-01
  3.4558684e-01
  4.7712831e+00
  8.4332585e-02
  1.7765793e-01
  6.2003814e-02
  1.7647660e-01
  1.3654999e-02
  3.2778550e-02
  5.4240352e-01
  1.7323380e-02
 -2.2509316e-02
  2.7231205e-01
  1.3901475e-01
 -3.8606760e-01
 -5.0163887e-02
 -1.2016961e-01
  1.6724010e-01
 -5.8359116e-02
  8.0321305e-02
 -3.3832502e-01
  3.0702183e-01
  1.7732270e-01
  1.3420226e-01
  6.0958624e-05
  9.2168607e-02
  9.0037314e-03
  1.6085921e-01
 -1.9815560e-02
  1.4796919e-01
  5.5952765e-02
  3.5673056e-02
 -1.2856414e+00
 -4.2751641e+00
  1.3287681e-01
  8.2717961e-01
  1.6391251e-02
  6.5728582e-02
  2.4216230e-01
  1.8826494e-01
  1.0303611e+00
  3.9833974e-02
  2.4213016e-02
  5.6275837e-02
 -1.0353522e-02
 -1.4185926e-01
  9.5625237e-02
 -2.1707598e-02
 -4.3206438e-02
 -1.6244620e+00
  4.8937924e-02
  9.3476534e-02
 -3.5455627e+00
 -1.2801275e-01
 -4.5178523e-03
 -2.4802645e-01
  1.3165654e-01
 -1.0250965e-01
 -3.3942915e-03
 -8.3852373e-02
 -5.6767024e-02
  3.2188140e-02
 -2.2062339e-02
 -1.2498302e-01
  5.2853483e-01
  1.1203398e+00
  6.9352013e-01
 -1.9083096e-01
 -5.6815368e-01
  2.4538288e-01
  1.8748522e-01
 -2.1818940e-02
 -8.4299576e-03
 -1.0714320e-01
 -1.3982722e-01
  3.8994487e-02
  1.9170055e-02
  4.0870449e-01
  1.4109828e+00
  1.6355060e-02
 -5.9527522e-03
  1.4580028e-01
  8.6796850e-01
  4.9609596e-01
  2.3748133e+00
  6.3300568e-01
 -3.5824406e-01
 -3.3054575e-01
 -9.6454996e-01
 -7.8254603e-02
 -2.1891105e-01
  3.1316388e-01
  3.6409199e-02
 -8.7097846e-02
 -2.5347719e-01
  2.9229842e-02
  7.3946983e-02
 -6.3623083e-01
  9.3500865e-01
  2.8054723e-01
  3.1310223e-02
 -2.4576309e+00
  3.1197500e+00
  1.0237372e-01
 -2.3739491e-02
 -2.8898232e-03
 -9.4206028e+00
  9.1404520e-02
 -9.5162863e-01
 -6.7224495e-02
  1.3779666e+00
  5.2433991e-01
 -2.7805560e+00
 -9.7120829e-02
  2.7135193e-02
 -2.1738432e-01
 -6.2936521e+00
 -9.8124646e-02
 -8.6919892e-01
  8.9095181e-01
 -1.1924447e+00
 -1.2194254e+00
 -5.0467381e+00
  2.7601786e+00
  3.2408509e-01
 -3.5237963e+00
 -4.6386931e-02
 -1.4284658e+00
  3.9562542e-02
 -3.8933201e+00
 -2.0805824e+00
 -1.2275501e+00
 -2.0151899e+00
  9.3351972e-01
  1.4971230e+00
 -9.2610568e-01
 -2.4053660e-01
 -2.4404785e-01
 -2.0140975e+00
 -4.8515711e+00
  2.0183764e+00
  2.6996448e+00
 -2.0108593e+00
  4.2288561e+00
 -7.4646652e-02
 -7.1848136e-01
 -1.3742417e+00
  2.6173513e+00
 -4.4562654e+00
  2.1376669e+00
 -1.7075266e+00
  1.4668732e+00
 -7.9261221e-02
  8.4676757e-04
 -3.9516333e-01
  1.3531771e-01
 -1.6052991e+00
 -5.9730202e-01
 -1.1042693e+00
 -7.1734369e-02
  4.3950650e-01
  1.3320857e-01
 -9.4100887e-01
 -6.4879030e-02
  3.7019610e-02
 -3.4722608e-02
  1.3586022e-01
  3.9487015e-02
 -7.9723164e-02
 -9.6559580e-03
  8.3686835e-01
 -1.8047339e-01
 -3.8326275e-01
  1.6304436e-01
  2.4097259e-01
  4.7509350e-02
  3.7162685e+00
 -5.0180901e-02
  1.4366989e-01
  7.7615447e-02
 -2.3827476e-02
  1.6703225e+00
  1.0295765e-02
 -1.1291419e-02
 -1.5872629e+00
 -2.3959293e+00
  7.5992209e-01
 -2.0181260e+00
  4.9174824e-01
  9.6804976e-02
 -5.1006757e-02
 -8.4813774e-02
  6.0153060e-02
 -1.9192226e-01
  2.2782913e-01
 -3.5799429e-02
  2.5586523e-02
 -1.9175705e-02
  8.7607659e-02
  1.2949589e+00
 -2.2998176e+00
 -3.5180030e+00
  8.7620103e-01
 -2.4480978e-02
 -3.3571165e-02
 -8.1060302e-01
 -1.1779064e-01
 -3.1795070e-01
 -2.2434950e-02
  8.7065928e-02
  2.5602674e+00
  2.9952468e-03
  1.0624190e-01
  2.5142717e-01
 -4.0041360e-01
 -7.2435148e-02
  6.3443691e-02
  8.3842888e-02
  4.0198973e-01
 -4.0415031e-01
 -1.0852582e-01
  5.0199423e-02
 -1.6354240e-01
 -9.4810367e-02
  2.1234150e-01
 -5.5281255e-02
 -3.5002097e-01
  7.1139261e-02
 -3.9908662e-03
 -2.4961917e-01
 -2.1968830e-01
  3.4451747e-01
  5.3117923e-02
 -2.4798376e-02
 -9.6615806e-02
  3.0479925e-03
  6.0362078e-02
 -1.9175446e-02
  5.4627609e-01
 -1.7370993e-01
 -1.5428375e-01
 -2.6141563e-02
  5.5156983e-02
  5.0411679e-02
  2.5813425e-01
  5.3665176e-02
 -3.5730633e-01
 -8.2003668e-02
  6.6334166e-02
 -6.0243737e-02
  4.2849947e-03
 -5.8906126e-01
  1.8644774e-01
 -3.0908182e-01
 -4.2487040e-01
 -2.9133418e+00
  8.7651253e-02
  2.9809158e-02
  3.0492970e-01
  1.5294698e-02
 -3.3703092e-02
 -1.2845078e+00
 -1.6315376e-02
 -7.4753925e-02
 -1.7296989e-01
  4.1148249e-02
  3.7919633e-02
 -1.4508997e-02
  7.3204343e-03
 -1.2511419e-01
 -4.3253809e-01
  2.9069573e-01
  1.1698419e-01
  9.5111448e-03
  6.1249930e-02
 -1.4656236e+00
  1.7526992e-02
  6.5401688e-02
  3.4285719e-03
 -6.1956510e-02
 -2.5666071e-02
  4.3597110e-02
 -5.2129287e-02
  4.0451448e-02
 -6.5108448e-02
  1.5710002e-01
  1.3206795e-01
 -9.7456174e-03
 -3.7871388e-01
 -7.5014688e-02
 -4.9294448e-03
  5.2143387e-02
 -4.4601265e-02
 -7.3730968e-02
  2.9854212e-02
 -5.1538654e-02
  3.5077101e-01
  1.2859824e-01
 -2.6171222e-02
  1.8990075e-02
  2.0901638e-01
  5.0295409e-02
 -3.7716404e-03
  1.0034983e-01
 -1.1554883e-01
 -1.2600227e-01
 -8.0576581e-01
 -5.3510264e-02
  8.4260881e-01
 -2.1930922e-02
 -8.1295796e-02
 -1.3576925e-01
  2.0005929e-01
  4.9638432e-02
  9.4618902e-02
 -1.1827994e-02
  5.8780257e-02
  1.1247548e-01
 -5.7255797e-02
 -1.5975394e+00
 -1.7005554e+01
  5.4669399e-02
 -9.0874016e-01
  1.2510852e+00
  1.0461764e+00
 -5.9015441e+00
 -5.7975740e+00
  3.1409743e-01
 -8.8957292e-01
 -8.0325311e-01
 -1.7824050e+00
 -2.1288033e+00
 -6.7203426e-01
  2.0684657e+00
 -1.8666378e-01
  6.1075914e-01
 -2.7866697e-01
 -2.8134128e-01
  1.0919613e+00
  1.4249135e+00
 -2.2923279e+00
  1.4842583e+00
 -1.5019113e+00
 -3.5379894e+00
  2.6356468e-01
 -2.9431546e-01
  3.4736899e-01
 -1.3831362e+00
 -1.2074890e-01
  1.8125393e+00
  2.8784373e+00
 -1.6780902e+00
  1.6235840e+00
  1.9228053e+00
 -2.9282448e+00
  1.0189189e+00
  3.2019019e-01
 -2.6304288e-02
  5.6772494e+00
  6.3549370e-01
  6.8975312e-01
  1.3564122e+00
  6.3004166e-01
 -3.6104251e-02
  1.2756725e-01
 -8.7043419e-02
 -6.7410693e-02
 -2.3049051e-01
 -4.7602508e-02
 -1.1045181e-01
  9.3333113e-01
 -5.9163529e-01
  5.7864469e-01
 -9.1675423e-02
 -9.4803199e-03
  7.5343795e-02
  3.6397155e-02
  3.7063915e-02
 -4.2365037e-02
 -3.9168973e-02
  1.1737772e+00
 -2.7042327e-03
  3.5051617e-01
  1.3686076e-01
  7.6996654e-02
  1.4068074e+00
  2.7781282e-02
 -1.3866326e-01
 -2.9464928e-02
 -1.4525613e+00
 -5.4632463e-03
  1.5587229e-01
  1.6574782e-01
  1.8283911e-01
 -1.2323125e-01
  4.5410371e-01
  2.2143416e-01
  8.7816685e-02
  1.4135745e-01
  4.4831872e-01
  5.2679613e-02
 -1.3570088e-01
  7.2199625e-01
  6.1168510e-01
 -5.0778265e+00
 -3.1644136e-01
  9.9192135e-02
 -2.8712916e-01
 -2.3299758e-01
  2.7626681e-01
  9.8679028e-02
 -7.4706366e-03
 -1.6752785e+00
  1.5748972e+00
  5.0350070e-01
 -7.8905351e-02
 -4.0029368e+00
  1.9200543e-01
 -9.8983280e-02
  9.6461456e-03
 -5.9933156e-02
 -2.1094272e-02
  2.3772307e-01
 -1.5623394e-02
 -1.5996497e-02
  2.8575116e-01
  4.2540792e-04
  1.8625541e-02
  2.0991825e-02
 -2.2545056e-01
  5.2411711e-01
 -1.5049155e-03
 -1.1142784e-01
  2.0487670e-02
  1.1776575e-01
 -1.3018259e-01
  9.2291981e-02
  2.0169217e-02
 -9.7818449e-02
  3.6307594e-01
  1.0174606e-02
 -1.1127071e-01
 -1.0592401e-01
 -2.4255377e-01
  4.7952618e-02
  3.1511620e-02
 -1.0754216e-01
 -3.5778128e-02
 -2.0488333e-02
 -8.6053282e-02
  3.5745449e-02
 -2.8126938e-02
 -1.1281113e-01
 -1.4963247e-01
  3.7705414e-02
 -8.5479066e-02
 -2.4216704e-02
 -1.7504927e-02
 -1.0088454e-01
  5.8580630e-02
  5.7885494e-02
 -6.6148259e-02
  3.1879831e-02
  2.2104470e-02
 -1.2474821e+00
 -1.4815539e-01
 -7.2420742e-03
 -1.6774364e-01
 -4.3305513e-02
  3.9679036e-03
 -3.7592478e-02
 -3.0818708e-02
  6.3721404e+00
  8.5317030e+00
  4.4171433e+00
 -4.1903591e-01
  4.0155973e+00
 -1.4824866e+00
 -1.8468243e-01
  8.5813016e-01
 -8.4891027e-01
  1.1024626e+00
 -8.4707022e-02
 -1.0369283e+00
 -7.5359464e-01
  1.8086822e-01
 -7.2976425e-03
  2.6730327e-02
  6.1848122e-01
  3.4690123e+00
  2.3163335e+00
  5.5440009e-01
  1.1160790e+00
  5.0699401e+00
 -2.8383729e-01
 -1.7054344e+00
  1.7980816e-02
  7.3592204e-01
  8.7182844e-01
  1.2045676e+00
 -2.1868122e+00
  1.6486822e+00
 -8.9853895e-01
 -1.0948735e+00
 -8.3402000e-02
 -2.4017510e+00
  3.6351490e+00
 -2.1775517e+00
 -5.2304500e-01
  4.7426991e-02
  3.4990806e-02
 -4.9672171e-01
 -4.3170816e-01
 -4.6552625e+00
  2.2768410e-01
 -1.0480685e-01
  7.8131229e-02
 -2.4512596e-02
 -5.1943386e-01
 -2.9122857e-02
 -8.2218027e-01
 -3.3244073e-02
  2.6414258e-02
 -7.1080700e-03
 -7.5366907e-02
  1.7124228e-01
 -5.6004960e-02
 -3.2611209e-01
 -7.0828646e-02
  1.8376172e-01
 -7.2236054e-02
 -7.6573887e-03
 -4.1292578e-02
  3.5440188e-03
  1.4530110e-01
 -1.0179081e-01
  9.7739302e-02
 -1.5915871e+00
 -3.5119984e+00
  3.4859794e-01
 -1.8742043e-01
  2.9069517e-02
  4.4246279e-02
 -1.6921761e-02
 -2.1531972e-01
  1.6506897e-02
  1.4272119e-01
 -9.4822161e-02
 -1.6837586e+00
  6.5005288e-02
  3.2952565e-01
  5.5468123e-02
  8.0639325e-02
 -4.0351581e-02
  1.5036084e-01
  1.6278666e-01
  1.4881897e-01
  1.9434708e+00
 -3.1111971e-01
  4.5727193e-01
  2.2578917e-01
  1.1171013e+00
  1.5720166e-01
 -3.0319827e-02
  1.3936362e-01
  1.4402643e-01
  1.1562169e-02
 -2.6972008e-01
 -9.5699197e-03
 -1.3269564e-02
 -3.6484271e-02
 -1.0222062e-01
 -8.9999743e-02
  8.8359609e-02
  1.9873099e-02
 -1.6348128e+00
 -5.1846868e-01
  2.5611160e+00
  5.4422259e-01
  5.4421144e+00
 -1.0271133e-02
  8.1201184e-01
 -9.2503065e-01
  1.9190196e-02
  2.1236589e-02
  7.0995009e-01
  1.8304133e+00
 -6.0384297e+00
  5.9730709e-01
  7.9740649e-01
 -1.6672952e+00
 -3.7442127e-01
  3.8212118e+00
  2.3647215e+00
 -3.6214507e-01
 -1.6897788e+00
 -3.7388799e-01
  3.9560475e+00
  5.1752007e-01
 -2.2686462e+00
 -6.1330301e-01
  4.7219453e+00
 -3.4831155e-02
 -1.7873520e+00
 -8.8972670e-01
  3.0691187e+00
 -1.7949246e-01
  3.8664739e+00
  3.8659692e+00
 -1.6161199e+00
 -4.3375220e+00
 -4.4992737e-02
  2.0726442e-01
  6.9238760e-02
  2.5202912e-01
  1.9779673e-02
 -7.7399142e-02
  2.0060869e-01
  3.7355829e-02
  2.7142172e+00
 -2.1100110e-01
  1.8798618e-02
 -2.4073780e-01
  2.7931469e-02
  1.7329754e-02
 -6.4233613e-01
  3.1273422e+00
  3.4926496e+00
  2.2920384e+00
 -4.8758054e+00
  2.0700996e+00
  3.2706206e+00
  3.3284857e+00
 -2.7167668e+00
 -4.7279639e+00
  2.4488306e+00
  1.4896083e+00
 -1.7323048e+00
 -3.0389414e+00
  3.6380928e+00
 -7.3447580e+00
  3.8411582e-01
  2.1132736e+00
  3.9057016e+00
  2.4558597e+00
 -2.1015739e+00
 -3.4659320e-01
  2.3115501e+00
 -3.6908424e+00
 -3.4802109e-01
  2.7936444e+00
 -4.1487823e+00
 -2.5698214e+00
  2.1108663e+00
 -3.1499527e+00
  2.6583200e+00
 -2.6647534e+00
  3.3604963e+00
  7.9116650e-02
 -1.6824212e+00
 -4.0059991e+00
 -2.9234436e+00
  3.1033425e+00
  3.6655023e+00
 -3.7593524e+00
  4.0245466e+00
 -3.6752570e+00
 -1.2275026e+00
 -3.6044574e+00
  2.5307395e+00
  3.2978370e+00
  2.5068617e-01
 -2.0053644e+00
 -3.7667513e+00
 -3.6033313e+00
 -3.3012338e+00
 -2.8930748e+00
 -2.0658967e+00
  3.8708293e+00
  2.8808124e+00
 -1.6857280e+00
 -2.7071524e+00
 -3.3865991e+00
  4.3270602e+00
 -1.2785398e+00
 -3.1794369e+00
  2.4275601e+00
  3.1867402e+00
  5.1501002e+00
  1.3426454e+00
 -3.9776287e+00
  1.4215951e+00
  3.5013473e-01
 -2.6149664e+00
  3.0328231e+00
 -3.3745406e+00
 -7.8755951e-01
  3.6159430e+00
  1.5912629e+00
  4.6215992e+00
 -2.5123019e+00
 -3.9084907e+00
 -1.7602460e+00
 -3.9624307e+00
 -2.7221463e+00
 -1.8252853e+00
  3.1537828e+00
  3.5655034e+00
  3.7417059e+00
 -2.0971351e+00
 -1.4464034e+00
 -1.0089849e+00
 -9.7264832e-01
 -5.9748993e+00
 -2.5569844e+00
 -3.0848284e+00
  3.3797708e+00
  2.7949817e+00
 -4.0761094e+00
 -8.2830071e-01
 -5.0048246e+00
  2.9581223e+00
  1.1743761e+00
 -3.9632802e+00
  2.4170142e-01
  1.4729124e+00
 -1.6088518e+01
 -1.0724792e+01
 -1.0204534e+01
  2.2358473e+01
 -6.1822205e+00
 -1.2991149e+01
 -1.6848286e+01
  3.7584805e+00
  1.8770498e+01
 -1.2608869e+00
 -1.1591966e+00
  3.7575395e+00
  1.3514051e+01
 -1.1760540e+01
  2.1534603e+01
 -5.7096658e+00
 -8.1519012e+00
 -2.3322083e+01
 -5.5641875e+00
  3.2972441e+00
  1.6723722e+00
 -1.6590120e+01
  9.1497669e+00
 -1.3936839e+00
 -9.3196115e+00
  1.1725965e+01
  2.8076029e+00
 -1.2162803e+01
  2.6403175e+01
 -1.9515509e+01
 -6.8334752e-01
 -1.3739243e+01
  4.8756328e+00
 -6.7136657e-01
  8.8903008e+00
  1.2895009e+01
 -9.9962177e+00
 -1.4333743e+01
  1.0731793e+01
 -1.4241316e+01
  8.6261387e+00
  3.4476948e-01
  2.1160948e+01
 -9.2959270e+00
 -1.0102429e+01
  1.9562393e+00
  5.9137936e+00
  1.4209319e+01
  1.3812033e+01
  2.0199442e+01
  3.1677072e+00
  1.6113211e+01
 -2.0857132e+01
 -1.5308204e+01
  1.1626672e+00
  6.5550065e+00
  7.8834558e+00
 -1.8542259e+01
 -1.6151049e+00
  4.3583970e+00
 -6.2531624e+00
 -1.8148167e+01
 -1.3986157e+01
 -1.4243786e+00
  1.6927052e+01
 -4.2143526e+00
  2.1170843e-01
  7.3669767e+00
 -1.2871859e+01
  1.3192619e+01
  5.2147555e-01
 -1.0942879e+01
 -1.1390557e+01
 -7.9798417e+00
  1.2562372e+01
  1.0146831e+01
  1.2031378e+01
  5.9509330e+00
  7.8720217e+00
  7.9423070e+00
 -1.3976690e+01
 -1.5075899e+01
 -1.4181864e+01
  2.1184177e+00
 -1.3458689e+00
 -7.4557590e-01
  9.4551611e-01
  2.1768284e+01
  1.6512156e+01
  2.4988312e+01
 -1.0656626e+01
 -1.0502871e+01
  1.8552998e+01
  1.3544413e+00
  5.7421002e+00
 -7.9272026e-01
 -6.0235214e-01
  5.7708950e+00
 -4.7244850e-01
 -1.0584459e-01
  2.3855999e-02
  6.1475541e-02
  3.1435941e-03
 -6.5572828e-04
 -1.3661796e-04
  1.0419128e-02
 -1.2574582e-01
 -3.4383252e-02
 -2.4942166e-01
 -1.1119509e-01
 -1.8999655e-02
  7.4399851e-02
  9.0697601e-02
 -2.2385517e-01
  1.4672099e-01
  9.4105057e-02
 -5.5708535e-02
  3.7551485e-02
 -3.9167002e-02
 -4.6937543e-01
  4.8381083e-02
 -1.1509524e-01
 -3.6516700e-02
 -2.1889894e-01
  6.0102776e-02
  2.4630678e-01
 -4.7011220e-01
 -1.0378004e-01
  2.3559110e-02
  9.4224140e-02
 -2.7313576e+00
  1.9267095e+00
  3.6054993e-01
  1.5834292e-02
 -2.6143464e-01
 -5.7193939e-02
  3.2715473e-01
  8.3616897e-02
 -5.2780235e-01
 -1.7475729e-01
  7.5117573e-02
  4.5610033e-02
  1.9406436e-02
  2.4577925e-02
 -7.6129064e-02
  2.8292644e-01
 -1.1783160e-01
  3.2494384e-01
  6.0665242e-02
  8.6708292e-02
  1.9842465e-01
  1.4880820e-01
  5.3531419e-02
  6.2112402e-02
 -8.0030257e-01
 -1.3979499e+00
  2.4666248e-01
 -4.8121300e-02
 -1.0027071e-01
  2.7496306e-02
  1.3669856e-01
 -7.2903670e-02
  4.1051781e-01
  1.1008523e-01
 -7.4076675e-02
  3.1075485e-02
  3.3330049e-03
  4.8183993e-02
  1.6682577e-01
 -1.5505603e-02
 -1.0855737e-01
  5.3631991e-02
 -1.2075324e-01
 -1.2618188e+00
 -1.4887866e-01
  2.5329368e+00
  5.9937600e-02
  7.1610555e-02
 -2.9437594e-02
  1.2383091e-01
  6.1689760e-03
  7.9055846e-02
  9.0106942e-02
  2.4795385e-02
  1.4989136e-01
  1.4243168e+00
 -2.3545701e-02
  3.6340639e-02
  1.4475344e-01
  1.3071625e-01
  5.7624865e-02
  1.5248748e-02
  8.6061627e-02
 -4.7958550e-01
  1.3308153e-01
 -2.0031158e-02
 -4.7749620e-02
 -7.6134413e-02
 -3.9095903e-04
 -7.3017995e-03
  1.1054961e-01
 -2.2908962e-01
 -5.7929838e-01
  4.5777079e-02
  1.5226103e-02
  3.1447005e-02
 -1.3652360e+00
 -6.2752254e-03
 -1.6619181e-02
 -1.3178924e-01
 -4.1944729e-03
 -5.6908615e-02
 -2.6625782e-01
  1.2800674e-02
 -2.3998816e-02
 -1.9890672e-01
  1.0580306e+00
  1.5508673e-01
  6.6210084e-02
  2.0555256e-01
  1.8107522e-01
 -1.8453382e-01
 -1.4884710e+00
  1.0742626e-01
 -6.8812981e-02
 -7.6798829e-03
 -1.9203196e-01
  1.2415039e-01
 -2.5126899e-02
  9.1607504e-02
 -6.0272638e-02
 -7.4313486e-01
  3.5433933e-02
 -6.9501111e-03
  5.3642098e-02
  1.1623513e-01
  4.8103731e-02
 -2.9516327e-01
 -2.1726838e-01
  8.2825467e-02
 -1.7969165e-02
  6.9405907e-01
 -2.4264861e-02
 -5.1805567e-02
  5.0092191e-01
  6.9161512e-02
 -3.9342299e-02
  4.2443687e-01
 -7.8305441e-01
 -6.3861258e-02
  1.5703300e-02
 -2.9255649e-01
  4.5863858e-01
  1.4138414e+00
  7.2278571e-01
 -2.0495630e-03
 -1.0465104e-01
 -8.3588839e-01
  8.1717688e-01
  1.0168033e+00
  1.4648803e-01
 -1.0806265e-01
 -4.2047296e-02
  6.3027340e-01
 -8.9447731e-01
 -3.5845163e-01
  6.7822790e-01
 -2.6104125e-01
  5.3636080e-01
 -1.5672987e+00
  3.9399594e-01
 -1.8703285e-01
 -3.6801954e-03
  3.9585313e-01
 -3.1800954e+00
 -2.5871947e-01
  1.2565130e-01
 -1.0426527e-02
 -3.6682270e-02
 -1.3533373e-01
  5.4476924e-02
  2.3580362e-01
 -1.0835943e+00
 -1.0135471e-01
 -6.7882806e-02
  1.8055470e-01
  2.2667220e-01
  6.9996337e-03
  1.6791707e+00
  3.1295066e+00
  1.5415663e-02
  5.6306469e-01
 -4.2796217e-02
  3.7249655e-02
  4.7788229e-02
  7.5987154e-01
  8.5275337e-02
 -3.3584857e-01
  5.3338323e-02
  1.7113438e-01
  1.1650371e-02
  1.5846637e-01
  2.2094920e-01
 -8.1583358e-02
  1.8579838e+00
 -3.0888513e-01
 -4.4896097e+00
  1.8010864e+00
 -5.0747570e-02
 -6.9383675e-01
  6.1355140e-02
  8.7677248e-02
 -1.0454164e-01
  9.7958647e-02
 -9.4856694e-02
 -1.2443037e-01
 -1.1450750e-02
 -1.0721824e-01
  3.3402526e-01
 -1.7063046e-02
 -2.5678296e+00
  3.7426758e-03
 -1.4072892e-02
 -7.7008462e-01
 -6.8233073e-02
  8.7342784e-04
  3.6570120e-01
  2.6366504e-02
 -5.3391123e-01
 -2.9720014e-02
  1.2822700e+00
  2.0614167e-01
 -1.5042940e-01
  1.1237825e-01
 -2.8094208e-01
  9.0605649e-04
 -3.8463466e-02
 -4.2266902e-02
  2.6778787e-01
  2.7835935e-01
  2.9891792e-01
  9.6716680e-02
  3.1907372e-02
 -4.7885367e-01
  1.8941416e-01
  3.9221287e-01
  1.5220413e+00
 -7.6430216e-02
 -1.7771183e-02
 -3.1971228e-01
 -9.6852764e-02
 -1.4379853e+00
  3.7643772e-02
 -2.8030279e+00
  1.8533520e+00
 -1.1660250e-01
 -1.1766888e-01
 -3.7276199e+00
  1.0674663e-01
  4.2603150e-02
 -1.1640807e-01
  2.2524361e-01
 -9.7101115e-02
 -9.2834406e-02
 -6.0760170e-02
  9.8077776e-03
  3.0706601e-02
  7.1172565e-02
 -1.4445679e-02
 -1.1085118e-01
  2.6208034e-01
  2.3225611e-03
 -4.7437180e-02
 -1.3700345e-01
 -1.4292231e-03
  4.0779419e-02
  1.5043041e-01
  2.1280451e-01
 -5.7148817e-03
 -6.3767531e-03
  1.9507971e-02
  1.7449245e-01
 -1.0054377e-01
  5.6329593e-03
  1.6083312e-01
 -2.8072743e-02
 -1.3930598e+00
 -4.3838777e-02
  4.8441298e-02
 -1.7569134e-02
  2.4356416e-01
  1.6357705e-02
 -5.8545172e-02
 -6.7313083e-02
  6.0189176e-01
 -6.6081531e-02
 -1.1188435e-01
  1.2933885e-01
 -7.8930326e-02
 -4.2339254e-02
 -5.4749627e-02
  1.1429946e-02
  1.6385214e-02
  4.3196064e-01
 -2.5845709e+00
 -1.5656229e-02
 -8.8500723e-02
  3.5045978e-01
  4.0499035e-01
  2.9815301e-01
  4.5700349e-02
 -1.6007390e-02
  2.2439288e-01
  1.0281791e-01
 -1.3018063e-02
 -2.2637485e-04
  3.9838332e-01
  1.9575572e-01
 -6.1030251e-01
 -1.2898782e-01
 -5.1368535e-02
  8.8337123e-02
  1.2782620e-01
 -2.7104404e-03
  7.2879416e-01
  3.9316390e-02
  2.3086846e-02
 -1.8043756e-01
  8.9517996e-02
  1.8713811e-04
 -8.6575344e-02
 -1.6803998e-01
  4.5521148e-02
  1.2933780e-02
  4.7357640e+00
 -3.2108352e-02
  9.0439701e-03
  1.8744721e-01
 -1.0627558e-02
  1.5847336e-01
 -3.7545450e+00
 -1.2171287e-01
 -8.0622733e-02
  2.7737427e-01
 -1.1223760e-01
  8.2796805e-02
  1.8297926e-03
 -6.1542995e-02
 -1.3032261e-01
 -2.9969126e-01
 -1.5783368e-01
 -1.0360271e-01
  2.1962605e-02
  2.0603471e+00
 -2.7326766e-01
  3.7206131e-01
 -1.0901258e+00
 -1.9748525e-01
 -1.1448240e+00
  3.8458392e-02
  1.9896589e-01
 -3.5349041e-02
 -2.2974398e-02
 -7.9424761e-05
 -2.4179433e-01
  8.6143456e-02
  3.8198519e-02
  2.8329629e-02
 -1.9416012e-01
 -1.3313704e-02
 -4.6788567e-01
 -2.9396374e+00
  8.4624095e-03
  2.0617752e-01
 -3.3261545e-02
 -1.7089583e-02
  8.9367386e-03
 -9.3735270e-02
  5.1391933e-02
  2.2177550e-01
 -3.5785273e-01
 -1.6171910e-01
 -2.1373841e-01
 -4.5462593e-02
  1.4927751e-01
  3.4154704e+00
  1.3222986e-01
  7.8300707e-02
  1.5034795e-02
  8.4146462e-02
 -3.4829754e-01
 -2.4329925e-02
 -2.1369556e-01
  3.6590353e-02
 -1.9427389e-01
 -1.3466620e-01
  1.3342873e-02
 -6.3662976e-02
 -1.2834570e-01
 -5.5050582e-02
  7.3858604e-02
 -1.9450647e-01
 -1.1165553e-01
 -9.0986356e-02
 -1.5448685e-01
  3.6318816e-02
 -3.2963432e-02
 -1.0419953e-02
 -5.5204947e-02
  2.6432300e-01
 -1.5969354e-01
  8.0420204e-02
  8.7062955e-01
  3.5960901e-01
 -6.1272189e-02
 -3.0662000e-01
  3.0391535e-02
  1.2612185e+00
 -3.2637201e-02
 -1.8889102e-01
  5.3178314e-02
 -1.1486241e-01
  1.2976320e-01
  4.8327994e-01
 -7.4011814e-03
 -6.8370937e-03
  4.7139093e-02
 -9.6441932e-02
 -3.3714559e+00
 -1.3532989e-01
 -2.2246292e-01
 -1.6352147e-02
 -1.6259283e-01
 -3.3064920e-02
 -6.4346656e-02
  2.4882032e-02
  1.5158741e+00
 -5.0570313e-02
 -1.4371167e-01
  8.5244641e-02
  3.6522913e-01
  1.7222829e-02
  1.8460369e-02
 -2.8319883e-01
  3.2758033e-01
 -1.1860900e-01
 -4.3507227e-01
  5.8473788e-02
  3.5170637e-02
  2.5344575e-02
  5.4233264e-02
 -2.0002894e-01
  2.6356319e-01
 -1.8329112e-01
  4.1845448e-02
 -6.2173549e-02
  4.1768574e-03
 -4.5471057e-02
 -3.7201345e-02
 -2.0826329e-01
 -1.6180561e-01
  2.1140632e-01
  2.7068150e-01
  1.9132005e-02
 -2.2761311e-02
  2.6595462e-02
  3.9760280e-02
 -1.1093371e-01
  9.4987819e-04
 -6.0504448e-02
  3.6163807e-02
  2.9563332e-01
 -9.6625113e-01
 -2.0357454e-01
  1.1241501e-01
  5.3948816e-02
  2.1342065e-02
 -5.8005873e-02
 -5.2498154e-02
 -1.4364719e-01
  3.1033510e-01
 -1.8411548e-01
 -2.9208153e-02
  6.1587576e-02
  6.1648890e-02
  7.7835359e-02
 -1.7096744e-01
  1.2907258e-01
  6.0702763e-03
 -9.1027617e-02
  2.3290584e-02
  4.3281955e-03
 -2.3023600e-02
 -3.2155186e-02
  2.3265149e-01
  1.2380843e-01
  1.6024017e-01
 -1.2513417e-01
  2.9628290e-02
 -1.0853074e+00
  5.0964888e-02
  2.3722351e-01
  3.0708361e-02
  1.2977023e-01
 -2.8233178e-02
 -1.4012426e-01
 -7.9170138e-02
  2.8576886e-02
  1.6201656e-01
 -8.1603803e-02
  3.2792222e+00
 -1.3865170e+00
 -5.2938032e+00
 -1.1212620e+00
  4.6895380e+00
  2.9731241e-01
 -1.7259786e+00
 -1.3766240e+00
 -4.0772590e-01
 -2.5773656e+00
  3.0687499e+00
 -1.1588192e+00
 -4.5600905e+00
  7.5851578e-01
  3.4679282e+00
 -2.1575985e+00
 -3.0520022e-01
  3.2121651e-02
 -2.8701580e+00
 -1.3383529e+00
  9.0344888e-01
 -5.2136976e-01
  1.3875867e+00
 -2.6543486e+00
  1.1828325e+00
 -3.6363115e+00
 -2.4694705e-01
  3.5351881e-01
 -1.8237400e+00
 -3.6242552e+00
 -1.0799623e-01
  1.1203953e+00
 -1.6138316e+00
 -5.3968358e+00
  3.5594370e+00
 -1.2507999e+00
 -1.1730465e-02
 -4.3637803e-01
  1.2624226e+00
 -1.0426812e+00
 -1.5151688e+00
 -7.3381788e-01
  1.5842143e+00
  4.9244620e-02
  3.0301258e-01
 -2.4345608e-02
  9.0977681e-01
  8.4958977e-01
  1.3566068e-01
  1.6604674e-01
  2.0913929e-03
 -4.6738950e-03
 -6.6514686e-02
  3.7559161e-01
  2.1017325e+00
 -8.8874236e-02
  8.8930368e-01
 -3.4392152e-02
  1.8927552e-02
  2.2987483e+00
 -2.9132023e+00
  8.4303454e-02
 -6.7998216e-02
  9.7915821e-02
  1.1685627e-01
  6.2796378e-01
  3.6957206e-03
  5.2476946e-02
 -6.9342203e-02
  9.5933206e-02
 -3.0691926e-03
 -8.4096752e-02
  5.4067597e-02
 -6.5189436e-02
 -5.5900753e-02
 -1.6092861e-01
  2.0803343e-01
 -1.2132834e-01
 -7.0432097e-02
 -2.1164460e-01
 -4.4369642e-02
  4.8615479e-05
  1.4271462e-01
 -1.2920076e-01
 -1.1004864e-02
 -1.0278704e-01
 -1.5174794e-02
 -1.6254592e-01
 -1.3361798e-01
 -1.0095119e-01
 -4.4306777e-02
 -5.4845545e-03
 -5.4679127e+00
  6.3502789e-02
  3.9252829e-02
 -8.5739672e-02
 -2.5111115e-01
 -8.5405437e-03
  1.0010186e-02
 -8.1453674e-02
  1.0801362e-01
 -3.0828218e+00
  9.2531812e-01
 -1.0281426e-01
  9.0991634e-01
  3.0626185e+00
 -1.2439015e+00
 -3.3788457e+00
 -2.0163782e+00
 -1.4133226e+00
 -4.8697931e-01
 -4.1175812e-02
  3.5586619e-01
 -4.5931497e+00
 -1.1789601e-01
  8.4414113e-01
 -2.0503232e-01
 -5.5903979e-02
  2.8250322e-02
 -1.6821772e-01
 -6.4751096e-02
 -9.8645598e-01
  1.0225089e+00
  1.9345574e-01
 -5.9714967e-01
  3.5071358e-01
 -3.3444738e-01
  5.1191941e-02
 -1.4341733e-01
  6.8067876e-03
  2.1521628e+00
 -3.4365341e-01
 -2.6783423e-02
 -1.5029277e+00
  1.1995192e-02
 -1.2912484e+00
  1.1592712e+00
 -9.8014569e-01
 -2.3615308e-01
 -2.8609204e-01
  6.2936568e-01
  2.5533957e-02
  7.7109866e-02
 -1.2706587e-01
 -1.0884048e-01
 -3.7924913e-03
  7.6038934e-02
 -1.5510589e-01
 -2.0726600e-01
  3.8372785e-02
  3.3301812e-01
  1.3119645e-01
 -7.2829330e-01
 -2.7637595e-01
  2.5576890e-01
  4.0904589e+00
 -1.2953480e-01
  2.4902098e-01
 -1.7137827e+00
 -1.1107195e-01
 -1.7369561e-02
  1.5891096e-01
  4.6505383e-01
 -8.4018447e-02
  5.5362158e-03
  1.5657408e-02
  4.8198272e-02
 -6.2742621e-02
 -1.9471487e-01
 -9.4665578e-03
  1.6962402e-01
 -7.6277733e-02
 -2.0299573e-01
 -9.7709060e-02
  8.2678599e-03
  1.1444186e-01
 -6.6139534e-02
 -1.4370053e-01
  2.0301051e-01
 -5.9017424e-02
 -2.9907001e-03
 -9.4771951e-02
  1.4128185e-02
  1.4603296e-01
 -2.0790692e-02
  9.4837211e-03
 -3.3528650e-01
  1.6786157e-01
  1.1326750e-01
  3.2012534e+00
 -5.6628911e-03
 -1.2811122e-02
 -3.5067946e-01
  5.0409976e-02
  3.1818515e-01
  2.0533780e-02
 -7.9929315e-02
 -8.1531949e-02
 -1.1008044e-02
 -1.1245792e-01
 -1.8391530e-01
  1.3407486e-02
 -9.9962905e-02
  5.2671959e-03
  3.2918422e+00
  1.8544132e-01
 -1.4610045e-01
 -1.1309977e-01
  2.7999468e-02
 -1.0541075e-01
 -2.4076054e-01
 -1.5480873e-01
  2.7310479e-01
  4.7368035e+00
  3.2634714e-01
  1.6175704e-02
 -4.9371388e-02
  1.2137800e-01
  1.9272831e-01
  7.7489533e-02
  1.4151602e-02
 -1.0311393e-01
  1.0624058e-01
 -2.2510722e-01
  4.9210582e-02
  3.1678628e-02
  1.5495495e-01
  1.1287076e-01
  5.9232887e-02
 -3.1640238e-01
 -6.2272733e-01
 -3.9603245e-02
 -5.2688837e-01
 -1.9851610e-01
 -2.1414557e-02
  1.4121969e-01
  1.0283229e-02
 -4.7001746e-02
 -7.7940094e-01
 -1.8696827e-01
  1.1639598e-01
  4.1808378e-02
  1.7281255e-02
  4.2338919e-02
  4.6765846e-01
 -9.0409303e-03
 -9.4931223e-04
 -1.2790686e-02
 -9.3835965e-03
 -5.2923465e-01
  6.2314659e-01
  6.6743159e-01
  4.1413143e-02
  1.7931721e-01
  1.2844838e+00
  6.6728175e-02
 -2.5142736e+00
  4.7560825e+00
 -3.3202112e+00
 -3.0372062e-01
 -1.2590183e-01
 -3.1665237e+00
 -2.7161698e+00
 -3.3034220e-02
  1.6446593e-03
 -1.0079548e-01
 -2.0022595e-03
  4.9876529e-01
 -1.2660775e+00
  1.5648901e-01
  6.3381207e-01
  9.0387188e-02
 -5.3514570e-02
  8.8543588e-01
  8.9222696e-03
 -4.6255730e-02
  2.9528428e-02
 -4.0926275e-01
 -7.3268712e-01
  8.6784191e-02
  2.9478794e-01
  2.1670296e+00
 -8.2174921e-01
 -3.3303342e+00
 -2.7263706e+00
 -4.1197553e-01
  4.2451194e-01
 -7.2268373e-01
 -7.6853365e-02
  4.3417398e-02
  2.5804148e+00
  1.0372924e-01
  2.5582492e-02
  6.5100282e-02
  1.5904850e-01
  1.2657503e-02
  1.8171810e-01
 -8.8546090e-02
  3.6179265e-01
  1.0250903e-01
 -3.4053484e-01
 -1.4546615e-02
  2.2196089e-01
  2.5466022e-01
 -1.7572726e+00
  9.5993593e-02
 -3.4648091e-01
 -4.0226135e-01
 -1.2068401e-01
 -9.9216579e-03
  1.5015504e-01
  1.3280427e-01
 -5.5465591e-04
  3.9253872e-02
 -1.4873923e-01
 -3.5446350e-02
 -9.8628365e-02
 -1.1512257e-01
 -6.2855631e-02
 -1.7550704e-01
  1.6779684e-02
 -5.1434107e-02
  2.9597536e-01
  1.9488615e-01
 -5.2593000e-02
  6.0237810e-02
  1.3034141e-01
 -3.7811339e-02
  2.7526196e-02
 -3.1624213e-02
 -5.7418521e-02
 -1.4871522e-04
 -7.4658632e-02
  8.1449442e-02
  1.6429339e-02
 -1.5460275e-02
 -5.4391928e-02
 -7.5067323e-01
  1.6043985e+00
  9.8991469e-02
  3.3735663e-02
  7.0144236e-02
  1.0808324e+00
 -4.5515010e-03
 -1.5627913e-01
 -2.6921159e-02
 -6.8037711e-02
 -2.0260504e-02
 -3.5187904e-02
 -3.9751228e-04
  3.2164898e-02
  1.1330542e-01
  1.1856331e-02
  6.2274627e-02
  4.3350928e-02
  2.3311829e-02
 -1.9055592e+00
  1.5294355e+00
 -1.7384666e+00
  1.6264518e-01
  4.1853476e+00
  6.0317978e-02
  4.0232120e+00
  3.3804073e+00
 -3.8052392e+00
 -2.7520913e-01
 -7.7209987e-02
  1.9279530e+00
 -1.0296443e-02
 -1.1259727e+00
 -6.1716035e-02
 -2.0161809e-01
 -2.4471577e-02
  4.1267026e-02
  2.4209237e-02
 -6.0422666e-02
 -4.6647061e-02
  1.7228696e+00
  3.8317046e-01
 -2.1951144e+00
  7.6467535e-03
 -1.8534290e-02
 -8.8562205e-02
  2.3127344e-02
 -1.2614510e+00
 -3.4524348e+00
 -3.9845324e+00
  3.3847574e-02
 -1.1390187e+00
 -1.0560755e-01
 -9.3652558e-01
 -8.2453623e-02
 -8.2994741e-01
 -1.3019791e-01
  2.7816826e-01
  2.3064673e-01
 -2.9930938e-02
  1.6695476e-01
 -2.3921249e-03
 -2.3509855e+00
 -8.2592048e-02
 -4.2516932e-02
 -1.6322825e-02
  2.1991518e-01
 -2.9733963e-02
 -1.9930290e-02
  5.0738525e-01
  2.8761595e-01
  4.6337511e-02
 -9.8669626e-02
  1.0577965e-01
  2.8040517e-02
 -1.4545366e-01
  4.7557604e-02
 -7.3416844e-02
 -3.7480377e-02
 -1.2357717e-01
  4.5209718e-01
  1.2963441e-01
 -2.7693376e-01
 -1.8485157e-02
  1.0644393e-01
  1.5740668e-02
  5.5321101e-02
  1.7403832e-01
  5.3013200e-03
 -3.8285907e-02
  5.3243418e-03
  2.4280876e-02
  1.5577219e-01
  5.2661948e-02
 -1.0597999e+00
 -1.5296421e-02
  8.8989711e-01
  1.1097341e-01
  1.1529028e-01
 -1.7940798e-01
  9.0371877e-01
 -1.5062436e-02
  1.9467030e-02
 -7.5842485e-02
  1.1039819e-01
 -1.2645489e-02
  2.8875723e-01
 -2.7543221e-02
  7.8865644e-03
 -1.5451989e-02
  1.5464018e-01
  6.6647776e-03
  1.1402215e+00
  1.8666016e-02
  4.3656674e-01
 -2.5033986e-02
  8.5410431e-02
 -1.3238837e-01
  4.4618342e-02
  4.0643901e-02
  1.0431931e-01
  2.4655741e-01
 -1.1210021e-02
 -5.1546600e-02
 -7.9646215e-02
  1.1333980e-01
  4.5791645e-02
  4.4650580e-03
  1.1766898e-02
  4.9807724e-01
 -1.3076536e-01
 -7.2528757e-02
  2.4214575e-02
 -2.0957362e-02
  3.6199862e-01
 -1.2854877e-02
  9.4132617e-02
 -6.2008604e-02
  1.7134476e-02
  1.4329010e+00
 -2.6001418e-01
 -1.8620558e-01
 -2.7614275e-01
 -7.3240303e-02
 -6.1864448e-03
  9.8587908e-02
  1.5940404e-01
 -1.2191784e-01
 -1.6567879e+00
  1.2622923e-01
 -2.0241238e-02
  8.7889060e-02
 -1.1021563e-01
 -1.5249033e-01
  1.2778443e-01
 -1.6112916e-02
 -6.0351875e-02
 -2.2062492e-01
  1.3888505e-01
  5.5070168e-01
  1.1890209e-01
  5.8671918e-02
 -1.3851371e-01
  1.1768419e-01
  1.3621782e-01
  4.7804408e-02
 -2.7288361e+00
  2.9798353e-02
  2.7471701e-02
 -5.9353013e-02
  1.2797645e-01
 -1.3726602e-01
  5.1835877e-01
 -5.6451881e-01
 -2.2286315e+00
 -4.2462649e+00
  1.9769351e+00
  2.3669245e+00
  3.1046031e+00
  2.8033304e+00
 -2.7152822e+00
 -2.6608643e-03
  1.4271933e-01
  1.8159200e-01
 -5.6528550e-02
 -3.4374878e-01
 -2.7958766e-01
 -2.8003770e-01
 -9.4096519e-02
 -6.7463294e-02
 -8.2116216e-02
  1.0984005e-01
  2.9928441e+00
 -1.3621338e-01
 -4.5304108e-02
 -7.7046230e-02
 -1.7031178e-01
  9.1134541e-02
 -1.4823983e+00
 -4.8489917e-02
 -4.0522754e-02
 -3.3554319e-02
  2.8199117e+00
  3.0617979e-01
 -1.7664323e-02
 -1.2418906e-02
  2.1148117e+00
 -1.4074726e-01
 -1.2678452e-01
  3.3482812e-02
 -2.9057753e-01
 -1.3583081e-02
  5.9678708e-03
  1.2385738e-02
 -9.5771529e-02
 -5.3047147e-02
 -9.7217068e-02
 -2.1390462e-01
  5.9405632e-02
 -6.5788239e-02
 -1.8855050e-02
  2.8704813e-02
 -6.7054942e-02
  8.2832523e-02
  2.3111697e-02
 -1.7911839e-01
 -1.7268153e+00
  3.3860285e-02
 -1.5855528e-02
  5.4144487e-03
  4.2626522e-02
  1.5596104e-01
 -4.8292805e-02
 -2.0652430e-01
 -3.4988511e-02
 -2.1191102e-02
  4.1947760e-02
  3.6653750e-02
  3.2850098e-02
  4.2080615e-02
 -3.1490419e-02
  1.1538213e-01
  8.8529252e-02
  8.9727946e-02
  5.3434949e-02
  7.1594483e-01
  2.0504232e-01
  1.7225321e-02
 -8.3641887e-02
 -1.5029417e-01
  1.1531890e-02
 -4.4012513e-02
  1.2865491e-01
 -1.1569551e+00
 -2.2375991e-06
 -6.4963065e-03
  3.6367476e-01
 -1.4265944e-01
 -2.8006341e-02
 -3.9029576e-02
 -6.9665410e-02
  5.6079298e-01
 -1.2717059e-01
  6.8723816e-01
 -7.1993656e-02
 -9.4375305e-02
  2.1267299e-02
  8.4722772e-02
 -5.6486544e-03
 -5.2134763e-02
 -7.4418440e-02
 -1.6456923e+00
 -6.5419152e-02
  5.1085792e-02
  8.4715532e-03
  3.5507761e-02
  1.7070293e-02
  9.9044941e-02
 -2.6185313e-01
  1.1181649e-01
  1.0849626e-01
 -1.6555469e-01
 -2.2370367e-01
  4.6281248e-02
 -4.5809913e-02
  4.3880831e-02
  3.3661535e-01
  1.3271864e-01
  6.9871098e-02
 -8.8856071e-02
  5.4762747e-02
  1.5626390e-02
  1.6365437e-01
 -1.4381848e-01
 -2.9660267e-01
 -9.8451018e-02
 -2.1142431e-01
 -3.3032943e-02
 -3.8929787e-01
 -5.0918525e-01
 -1.0275687e-02
  1.0576447e-01
  1.8544310e-01
 -8.9975819e-02
 -2.2523749e-01
 -1.9247535e-01
 -1.8710819e+00
 -2.0314445e+00
  7.3831379e-01
  1.8858342e-01
 -2.3518607e-01
 -6.3466858e-03
  5.6644239e-02
 -8.7131150e-02
 -1.0182550e-01
 -2.4313502e-02
 -2.5126153e-01
  6.4184926e-02
 -1.1691026e-01
 -6.0081460e-02
 -2.4837860e-01
  2.5837541e-01
 -1.7349254e-01
 -6.2948726e-02
  1.4517123e-01
  2.0202208e-01
 -9.2267454e-01
 -4.8693653e-02
 -2.7703797e-03
 -8.5322231e-02
  5.8008190e-02
  1.6933227e-01
 -1.7219150e-02
  1.0684695e-01
 -9.8742321e-03
 -3.0986646e-02
  7.3576701e-01
  1.0857260e-01
  2.9205447e-01
 -4.0077645e-02
  1.1532879e-02
  4.1380887e+00
  1.5312091e-02
 -2.2241871e-01
  3.7899077e+00
  8.2234545e-03
  1.0618152e-01
  1.4958117e-02
 -2.2451255e+00
 -3.0039552e-01
 -3.3232930e-01
 -1.2144040e-01
 -5.7860231e-03
 -2.7415922e-01
 -4.8058216e-02
 -2.5086266e-01
 -5.0901417e-03
  5.4459017e-02
 -6.1351013e-01
 -1.2812395e-01
 -1.4477284e-01
 -7.4565315e-01
 -2.7824965e-01
  1.7318057e-01
  5.1976655e-02
  7.4797831e-02
  1.5475647e-02
 -2.0747114e-02
 -2.0421678e-01
  1.2941210e-01
  2.3634057e-02
  1.0963775e-01
  5.4030120e-02
  7.3714338e-02
  4.3148823e-02
  8.5171342e-02
 -3.7874132e-03
 -1.2452942e-01
 -1.2657441e-01
 -1.8537079e-01
  2.9013252e-02
 -1.8739380e-02
  7.7829599e-02
  1.6217936e-02
 -1.2492057e-01
 -1.1487911e-01
  2.2048902e-02
 -1.1300843e-02
  3.5176609e+00
 -1.6458811e-02
  1.8300958e-01
  1.9713964e-01
  4.2846382e-01
 -5.0176308e-02
  8.1959352e-02
 -2.8559480e-02
  2.2384651e-02
 -3.6815414e-01
 -2.4226287e-03
  1.0770383e-01
 -4.2147674e-02
  3.1354654e-01
 -3.0649349e-01
 -4.2404477e-02
  5.3891044e-02
 -4.8406705e-02
  1.9650010e-02
 -1.1591654e-01
 -1.3535920e-01
  7.1730320e-03
  1.5828755e-02
 -1.8191944e-01
 -1.9958793e-01
  1.2504699e-02
  6.2784674e-03
  1.6865125e-02
  7.5793907e-02
  2.2372566e-02
 -1.5629094e+00
 -1.7535177e-01
 -1.3123937e-01
 -1.4015325e+00
 -1.6028427e-01
 -1.0411717e-02
 -2.8796673e-01
  6.7401387e-02
  4.1480860e-01
 -7.8130950e-04
 -3.4771528e-02
 -1.0806458e-01
  5.6926776e-02
  5.6211435e-04
 -8.6620986e-02
 -2.7251741e-01
  1.3288494e+00
 -3.1854831e-02
  2.1180891e-01
  2.8357819e-02
 -1.7511845e-01
  1.0321942e-01
  7.0960142e-02
 -8.3296467e-03
  2.6990977e-01
  8.4702354e-03
  1.4155546e-01
  4.3497797e-02
 -1.2556047e-03
 -1.5200306e-02
 -8.2067445e-02
  2.1367383e+00
 -6.8691909e-02
  1.3148528e-01
 -1.7488021e-01
 -6.9304623e-02
  5.2700110e-02
  1.1227318e+00
 -2.1288118e-01
  1.2928542e+00
  1.1179198e-01
 -2.4130942e-01
  5.5301972e-02
  2.3570156e-01
  7.7728197e-02
 -1.5687117e-02
 -1.7892860e-01
  1.0001409e-01
 -1.6985357e-02
 -1.1752987e-01
 -3.7104613e-01
  1.1996598e-01
  3.6242869e-02
 -2.8829929e-01
 -1.5432891e-01
 -5.9674102e-01
  8.0834009e-02
 -3.0246815e-02
 -7.1609968e-01
  7.1511841e-03
 -1.9864256e-02
 -1.6119357e-02
 -1.3389638e-01
  3.4985235e+00
 -1.9794522e-01
  1.0887381e-01
 -7.5145988e-03
 -9.7939290e-02
 -1.4741342e-01
  5.0185990e-02
 -4.1878711e-02
  2.3315285e-01
 -9.4196610e-02
 -1.4953145e-01
 -8.4207779e-01
  4.4069644e-02
  1.5206954e-02
  6.2713778e-01
 -2.3247302e-02
 -5.8102585e-02
  1.3680488e-01
 -1.9199461e-02
 -1.0015221e-01
 -6.5212497e-03
 -2.6498644e-02
  5.2813165e-02
  7.0202261e-02
  2.3065591e-01
 -1.8348275e-01
  1.1906327e-03
  5.6870759e-02
 -1.5022601e-01
 -1.7752753e-01
 -8.0276422e-02
  3.5883479e-02
  2.2018287e-02
 -1.5533967e-01
  2.2904858e-02
 -2.1809286e-01
  1.8493317e-01
  7.7356368e-02
 -8.0035597e-02
  5.9671556e-03
  5.2125924e-03
 -2.1606278e-01
 -2.8481302e-01
  9.3254760e-02
  3.0588407e-02
 -8.8451207e-02
 -1.3399756e-01
  3.1275790e-02
  1.4150993e+00
  5.8051735e-02
  2.2375576e-01
 -3.1878519e+00
 -3.1703225e-01
 -1.7391620e+00
  3.9770255e+00
 -1.6227657e-01
  1.0254004e+00
 -8.7693691e-01
 -9.3798049e-02
  3.3935028e-01
 -2.3473893e-01
  4.2836990e-02
 -6.1219681e-02
 -3.7295619e-01
 -1.1562990e+00
  2.6265547e-01
 -2.2956922e+00
  9.7352189e-01
 -7.3289774e-02
 -1.1600007e+00
 -1.7919222e+00
 -3.2501271e-01
 -3.9776051e-01
  2.9797761e+00
  4.6531144e-01
  3.6407404e-02
 -1.8399765e+00
 -1.4846181e+00
  7.0851725e-01
  1.2837264e-01
  1.5020093e-01
  6.5022886e-02
  1.9123229e-01
  1.0692061e+00
 -2.7859430e+00
 -1.3998872e-02
 -6.5952331e-02
 -1.4926960e-02
  2.0801194e+00
  1.8016968e+00
 -7.9414271e-02
  5.2102416e-05
 -6.6917703e-02
  1.0092415e-01
 -1.4984682e-01
  3.4428230e-01
  6.7833059e-02
 -7.9268187e-02
 -2.2996549e-02
  8.7726697e-02
 -1.5122754e-02
 -1.0920887e-02
 -1.5224457e-01
 -3.0346531e-01
 -3.0352025e+00
 -1.3227440e+00
  4.5052130e-02
  1.8092316e+00
 -6.4731263e-02
  9.6326046e-02
  2.6513913e+00
 -1.0706944e+00
 -1.4416306e-01
  1.1618634e-01
 -7.4997306e-02
 -1.0785769e+00
 -8.0534346e-02
  4.6508525e-02
 -7.9128975e-01
 -9.0455085e-02
 -1.2148487e-01
 -1.6544209e-01
  6.8659626e-02
 -6.1972272e-03
 -1.5768865e-01
  4.5982417e-02
  5.2882906e-04
 -3.5087928e-01
  2.7442913e+00
  1.1579151e+00
 -2.4103697e-02
  1.0125320e-01
  2.5141561e-01
 -1.6521681e-02
  9.5381267e-02
  9.6193120e-02
 -8.6644311e-03
  9.9209249e-02
  3.6392635e-01
  7.9837248e-02
 -2.1924205e-01
  1.3849036e-01
 -1.3252200e-01
  1.6696329e-03
 -7.8652538e-02
  4.8510518e-02
 -1.8037016e+00
  5.1965468e-02
  3.8225800e-02
  1.7153470e-01
 -1.3464621e-01
  2.6939845e-02
  5.6408193e-02
  7.8960814e-02
 -7.5984299e-02
 -1.2580660e-01
  2.3003930e-01
 -1.0608059e-01
  2.3883039e-01
 -2.0883636e+00
  3.0521184e-01
  4.9421578e-03
 -2.3738530e-01
 -8.0030918e-02
 -6.4533748e-02
 -1.7106043e-02
  5.3251665e-02
  5.2507743e-02
 -1.3194788e-01
 -8.3511546e-02
 -9.8327339e-01
 -1.4466728e-01
 -1.6311987e-01
  2.7384806e-01
  1.4808460e-01
 -2.6436530e-02
 -1.5530188e-01
  1.4431096e+00
  1.9362912e-02
 -1.2507974e-01
 -1.0522377e-01
  9.4643652e-01
 -1.4545150e-01
  7.9156101e-01
 -1.6928579e-01
  4.2704865e-02
 -7.2611921e-02
 -6.0536657e-02
  1.9537319e-01
  1.1674039e-01
  1.3309546e-01
  5.1642958e-02
 -9.7886331e-02
 -6.0067207e-02
  8.1125297e-02
 -1.3296037e+00
  1.0344730e-01
 -3.9445139e-02
  2.4894157e-01
 -1.9579607e-01
  5.6423418e-02
 -4.2905834e-01
 -3.3116953e+00
 -5.8503091e-02
  8.5647810e-01
 -2.1644835e-01
  8.0991864e-02
  1.3386129e+00
 -3.0219440e+00
 -7.1547158e-02
 -7.0038877e-02
  2.0928113e-01
 -6.5071124e-01
  5.9334774e-02
  2.0358929e-01
 -4.0976331e-02
 -8.2163565e-02
  5.3781845e-02
 -4.2829260e-02
 -8.3006248e-02
 -7.6367171e-03
  8.0958284e-02
 -1.2173569e-01
  1.3527323e+00
 -2.3590237e-01
 -7.3104697e-01
 -6.1934793e-01
  2.6496997e-01
 -2.8570113e-01
  8.6324222e-02
  1.4468260e+00
  1.0994224e-01
  1.8386142e+00
 -3.8509873e-01
  2.2431080e-01
 -3.9819490e-02
  1.4139530e-01
  4.4651294e-01
 -4.5925442e-02
 -3.2218453e-02
  9.8716423e-02
 -4.5098104e-02
  4.9021531e-02
 -2.1925044e-01
  8.6473721e-01
  6.3421503e-02
  1.4293112e-02
 -1.7810868e+00
 -1.0348938e-01
  4.8802927e-01
  1.2035474e+00
  1.0128150e-01
 -4.0370199e-01
  3.7375608e-01
 -2.0422814e+00
 -8.0826920e-01
  3.2372737e+00
 -7.2346324e-01
  1.3756195e+00
  1.9787939e+00
  3.3959304e-03
 -1.3427211e-01
 -2.4878556e-02
  3.5679672e-02
 -1.8519846e-01
  6.6787899e-02
  1.0203137e+00
 -2.2929630e-01
  1.8950349e+00
  7.7826363e-01
 -2.3335388e+00
 -4.1708457e-01
  4.4399939e-02
  1.4007365e+00
  1.0383784e-01
  1.4532609e+00
  1.6964271e+00
  1.8908329e+00
 -1.7679083e+00
 -1.4683590e+00
  1.6398522e+00
 -1.6089786e+00
  5.9362292e+00
  2.4296818e+00
  1.7296124e+00
  5.0442427e-01
 -2.1520596e-02
  5.0095768e+00
  2.8248580e+00
 -1.4315170e+00
 -2.8046822e-02
  1.1357834e-01
  4.7307301e-02
 -3.6503781e-02
 -1.0311197e-01
 -1.7156225e-01
  3.0704526e-02
 -2.6443210e-01
 -3.3630814e-02
 -1.0891974e-01
  1.9013865e-01
  1.7616294e-02
  5.0626965e+00
  9.0747699e-02
 -4.5377210e-02
  1.0186984e-01
 -5.1810272e-02
  9.1471396e-02
  4.2275231e-02
 -5.0865255e-02
 -1.8081343e-02
  6.7703836e-02
  3.4084347e-01
 -2.0291096e-01
 -8.0200896e-02
  3.5252154e-02
  1.5610032e-02
  4.0355835e-02
  1.4988756e-01
  5.1615544e-02
 -1.3386987e-01
  1.7437421e-01
  1.4237203e-01
 -1.9445053e+00
 -5.7762533e-02
 -3.5300905e-01
 -5.3582408e-02
  1.0216708e-02
  1.7130239e-01
  1.3380186e-01
  8.1417561e-02
 -6.5648620e-04
 -3.7302249e-03
 -1.7981127e-02
 -2.1164377e+00
 -2.2156714e-01
  1.9670544e-02
  5.1863841e-03
  3.7910853e-02
  5.1282585e-02
  6.8359584e-02
 -2.0568207e-01
  3.7435532e-02
 -4.6311922e-02
  1.5081646e-01
 -1.2284228e-01
  1.3992377e-01
 -4.1004490e-02
 -7.4979216e-02
 -4.1388240e-01
  2.9845476e-01
 -3.6960167e-01
 -8.0874443e-02
  1.3325845e-02
 -6.8004645e-02
  3.8405821e-02
  7.0551544e-02
  6.4552672e-02
 -2.4220884e+00
  1.4822015e-01
 -2.4847780e-01
 -1.3192680e-01
 -7.2295949e-02
  1.2305795e-01
  1.1234175e-01
 -4.3246499e-03
  2.5329486e-01
 -2.2388554e+00
 -4.9333051e-02
  1.1601392e-01
 -2.1134211e-02
  6.4601839e-02
  9.3864113e-02
 -7.3304199e-02
 -6.7551494e-02
 -2.6560634e-01
  1.0081043e-01
  3.8657489e-01
 -2.0206204e-01
  2.0391424e-01
  8.7031119e-02
  1.5673584e-01
  1.9922724e-02
  6.7730196e-02
  7.9646215e-02
  3.1901192e-02
  1.8132220e-01
 -2.6066774e-01
  1.1704551e-01
 -1.0684472e-01
  5.3498335e-02
 -1.2683828e-01
 -1.0782308e-01
  1.0889970e-01
  1.1641699e+00
  1.4137080e-02
 -5.8991347e-02
 -3.0465403e-01
  4.3032102e-02
  1.7185386e-01
 -9.0333082e-02
 -4.5948181e-01
  2.4874114e-01
 -5.6308057e-02
 -1.3268841e-02
  8.5695237e-01
 -1.7905545e-01
  3.7573732e-02
  5.0194964e-02
 -1.6503522e-01
  1.0492525e-01
 -1.2922266e-02
  1.2857349e-01
  1.5205513e-01
 -4.2484379e-01
  1.3135659e-02
  1.0495151e+00
 -3.6840561e-01
 -4.5854563e-01
 -6.0475629e-02
  1.9970495e-02
 -6.1137524e-02
 -1.0984775e-01
  1.1895175e-01
  8.1777252e-02
 -7.3150262e-02
  8.6752206e-02
  1.8736567e+00
 -4.0658249e-04
 -2.2250839e-01
 -2.5841480e-01
 -3.7659194e-02
  7.4760184e-02
  4.0187158e-02
 -4.4852041e-02
  2.7867675e-02
 -6.0185339e-02
  1.2498090e-02
  1.2451402e-01
  6.7194276e-02
 -2.5949688e-04
  7.5534242e-01
 -7.7114266e-01
 -2.0600781e-01
  1.1886591e-01
 -5.0814256e-02
 -1.6440159e-01
 -9.0430327e-02
 -9.3119425e-01
  1.0976424e-02
  3.0897143e-01
 -2.3547028e-01
 -3.5868619e-02
  5.0980389e-02
 -5.2999560e-02
  6.4655662e-02
 -2.9295462e-01
  2.2808839e-01
 -3.2005072e-01
  2.6791918e-01
  2.9402148e-02
  2.9936290e-01
  2.4915403e-02
 -1.0735878e-02
 -1.1417628e-01
  1.7816234e-02
  4.3368059e-01
  7.4338101e-02
  3.4374015e+00
  3.3066010e-01
  2.1492724e-01
 -6.3021861e-02
  2.3025937e-01
  3.0699316e-01
  1.2215685e-01
  8.7502852e-02
  3.8921034e-01
  1.3970239e-01
  2.5233964e-03
  5.6635343e-02
 -3.2133284e-01
  1.4695989e-02
 -4.9746394e-02
 -7.8525640e-02
 -7.1826763e-02
 -8.4060371e-02
  8.1643738e-02
  6.8501979e-02
 -2.1985637e-01
  1.3614545e-02
  1.5058321e+00
 -1.7084841e+00
  3.4649375e-01
 -1.0568855e-01
 -5.6600440e-02
  5.3407904e-02
  2.4812816e-01
  1.2210567e-01
 -1.1625770e-01
  6.7030556e-02
  3.2594764e-01
 -1.0121662e-01
 -2.0449413e-01
  6.1879549e-02
 -2.0262034e-01
  1.9529950e-02
 -1.0435573e-01
  1.0156376e-02
  3.2943541e-01
  1.8324932e-02
 -5.0372916e-01
 -1.1583383e-01
 -8.2472086e-02
 -5.0774319e-03
  1.0349230e-01
 -9.2572182e-01
  5.2508056e-01
 -7.7765441e-01
 -2.1118258e-01
 -9.7379044e-02
  3.2383736e-02
 -1.5085186e-02
  1.6254947e-01
  9.7795598e-02
 -3.7175731e-03
 -6.0277611e-01
  8.0738835e-02
  1.1093373e-01
 -8.6351618e-02
  1.4747806e-01
 -1.4785954e-01
  3.6167875e-02
 -4.8451222e-02
 -7.9974091e-01
 -3.5442666e-03
 -2.5970023e-02
 -2.0007545e-01
 -3.4561813e-01
  1.8073177e-01
  3.1354812e-01
  3.1023957e-03
  6.8411462e-02
 -4.9450932e+00
  1.3267267e-01
 -1.5622185e-01
  1.4724013e-01
 -6.9249499e-01
  3.4033501e-01
 -4.7341397e-01
 -2.5016686e-01
  2.0083460e-01
 -3.5197484e+00
 -7.7076547e-02
 -5.4202061e-02
 -2.4812140e-01
 -1.4722218e-02
  1.0360566e-01
 -6.8390700e-03
 -9.6774608e-02
  1.0718057e-01
  3.7911633e-01
  3.5890851e-03
 -4.4181135e-01
  9.4643114e-03
  8.3054654e-02
  7.4934848e-02
 -3.7320960e-02
  7.1184561e-02
 -1.4012556e-01
  2.3295397e-02
 -2.2173110e-01
 -9.0939462e-02
  3.0716984e-02
  8.5844561e-02
  1.2214886e+00
 -9.2261799e-02
  6.9231874e-01
  7.3249683e-02
  1.9604447e-01
 -2.1648952e-03
  2.6542718e-02
 -9.0287082e-02
  4.9822949e-02
 -6.6504464e-02
  2.0946598e-01
  3.1193959e-02
 -5.5002443e-02
 -3.5276642e+00
  8.5031521e-01
  7.3226444e-02
  3.7652305e-01
  7.1093358e-02
  1.5593059e-01
  1.3191839e+00
 -6.2509701e-03
  3.3748531e-01
 -6.2191981e-01
  7.2007008e-02
 -2.4863240e-01
  1.1418933e-02
 -1.7613021e-01
  4.2562619e-02
  1.4031456e+00
 -7.1078040e-02
 -6.0053002e-03
 -4.0931845e+00
  1.0623165e+00
 -3.0983638e-02
 -4.5471378e-02
 -4.7041558e-02
  3.0429628e-01
 -5.7615753e-02
 -2.6742053e-01
 -1.9472286e-02
 -5.6635989e-03
  2.7254969e-01
  2.3099583e-01
  1.1261760e-01
  7.5811327e-02
  2.5403616e-01
 -1.0800919e-02
 -3.8929962e-02
  1.7081110e-01
 -1.1162061e-01
 -1.2506267e-02
 -1.8721248e-04
 -1.8759718e-02
 -7.5270288e-04
  1.0792229e-01
 -6.1251740e+00
 -5.5176686e-03
 -1.8530426e+00
 -5.0455966e+00
 -1.5679830e-01
 -1.7196776e-02
  4.6128724e-02
  1.2166345e-02
  4.4567294e-02
  1.4961940e-01
  4.3087643e-02
 -4.7425371e-02
  4.0642276e-01
 -1.7116824e+00
  2.1150970e-01
  1.4855367e+00
  1.5451488e-01
 -5.0426055e-02
 -1.1531411e-02
  2.0454353e-01
 -5.7854537e-02
 -6.8514526e-02
 -3.1984355e-02
 -8.4232002e-02
 -8.0387332e-02
 -6.6540934e-02
 -2.1912886e-02
  8.0833726e-02
  1.2630683e-01
 -1.5222815e-02
 -2.7843595e-01
  1.8398897e-01
 -9.3396795e-01
  2.9286377e+00
  3.0144098e+00
 -1.8990133e+00
  2.5221071e-01
 -7.1964037e-01
  2.1279706e-02
 -6.7861855e-02
  2.4860680e-01
  2.2702781e-02
 -5.9410936e-01
  6.1497405e-02
 -6.4150387e-01
 -1.0913040e-01
  1.5723546e-01
  3.3608526e-01
  3.1758386e-01
  6.0097789e-03
  1.6510886e-01
  7.2510816e-02
 -1.4971173e-01
  1.4455360e-01
  1.2443158e-02
  1.2943559e+00
  1.2598210e-02
 -1.2088799e-02
 -1.0564958e-01
 -2.1242259e-01
 -1.1546190e+00
 -8.1356406e-02
  4.9798530e-02
  2.0216094e-01
  3.8494181e-02
 -7.2134101e-01
 -1.0928831e-01
 -2.2327578e-02
 -2.5192913e-01
 -8.8561073e-02
  6.9667019e-02
  1.9545840e-01
 -5.5390969e-02
 -1.9533291e+00
  7.4919991e-02
  3.0185318e-01
 -5.1845953e-02
 -2.8826705e-01
 -3.5107205e+00
 -7.1244180e-02
  3.7803728e-02
 -2.8270362e-02
 -7.5637084e-03
  1.9936842e-01
 -1.0939064e+00
 -3.3826238e-01
  1.3229033e-01
 -4.0017161e-01
  1.8446790e-01
  1.3491800e+00
 -2.1759290e-02
 -1.4053640e-01
 -6.3824944e-02
  6.1849348e-02
  1.8494370e-03
  2.4398635e-01
  3.5673239e+00
 -3.3883360e-01
 -1.0684387e-01
 -1.8356851e-01
 -3.0073622e-01
  1.3401924e+00
 -3.7147608e-02
  6.2174600e-02
 -1.1235239e-01
  5.8469135e-02
 -4.4265786e-01
 -3.7006271e-01
 -2.0014393e-01
  3.1833485e-01
 -9.5350504e-02
  4.7632796e-03
  4.1632466e-02
 -1.6237341e-01
 -1.5052041e-01
  7.7641509e-02
  2.3641363e-01
  9.7352582e-01
  5.1755071e-02
 -1.6968504e-01
 -4.6901036e-02
 -1.0991555e-01
 -9.3016230e-02
 -1.0066715e-01
  1.2995481e-01
 -1.8872111e-01
 -2.3049119e-01
  2.7764492e-02
  2.5002664e-01
  1.3317911e-02
  6.7352526e-02
  4.3800354e-02
  2.4960844e-03
 -7.6717936e-02
 -4.4325437e-02
  1.6450922e-01
  1.7316908e+00
 -5.9671249e-02
  2.5404746e-02
  1.3508014e-01
 -3.5123608e-01
 -7.3157555e-01
  1.0814452e-01
  2.0853141e-01
 -7.2079979e-02
  2.3064207e-01
 -6.0147092e-02
 -1.1931039e+00
 -1.7041266e-01
  7.7604009e-03
 -2.7202263e-03
  1.0797597e-01
 -8.9183323e-02
 -9.9134505e-02
 -3.0404823e-02
 -6.0701571e-02
 -4.4823277e-01
 -1.3350847e-01
  7.6247746e-01
 -4.7992337e-02
  2.2519943e-01
  1.2561476e-01
 -2.8388119e-01
 -2.0282282e-01
 -2.3855139e-01
  9.2079639e-01
  2.4918528e-02
 -9.2152971e-01
  2.4075739e-01
 -7.3788837e-02
 -4.4531240e-03
  1.3893380e-02
  1.1785124e-02
  1.6415682e-01
  3.4118898e-02
  1.4427842e-02
 -3.1601745e-01
  6.3788421e-02
 -4.4637442e-02
 -1.2090108e-01
  4.1615527e-02
 -2.2939053e-01
 -1.4831074e-01
 -1.0527291e-01
 -2.1327007e-01
 -4.9805283e-03
 -7.4391313e-02
  5.1109999e-02
  4.0856630e-01
  2.1560498e-02
  2.3400772e-01
 -1.6944659e+00
 -2.6382068e-01
  1.1744258e+00
 -1.3162142e-01
  3.5827830e-02
  1.1185808e-02
 -1.7749682e-01
 -1.2445691e-02
 -1.7865831e-01
  1.4770590e+00
  4.2975150e-04
  8.6803354e-02
  6.5518469e-02
  2.3403738e+00
 -2.5952533e-01
  3.1714103e-01
  3.4463864e-03
  2.1548438e-01
 -6.9279753e-02
  4.7357831e-02
  1.5342760e-01
  4.5836654e-02
  3.7367395e-01
 -1.6165001e+00
  1.7307909e-01
 -6.9927998e-02
 -7.3555067e-02
 -1.8356024e+00
 -1.9154522e-01
 -1.8069388e-03
  2.4086880e-03
 -1.0159238e-01
 -5.5904508e-02
 -1.1464728e-01
  7.5895585e-02
  9.1096066e-02
  9.7229429e-02
 -5.9658907e-02
  4.7798891e-02
  5.2963343e-02
  1.1611386e-01
  1.1086622e+00
 -2.1555300e-03
 -8.7123275e-02
  4.5330486e+00
  3.5662609e-01
 -1.9541522e-02
 -3.5265019e+00
 -1.2969854e-01
  3.5349138e-02
 -1.7095340e+00
 -5.0838321e-01
 -8.8562164e-03
 -1.3216712e-01
 -3.4390324e-01
  5.5668186e-02
  8.5848525e-02
 -1.5798765e-01
 -1.4678875e-01
  1.4521015e-01
  1.8321812e-01
 -2.7257456e-02
 -2.0425549e-01
  6.7760646e-02
  9.6666608e-03
  2.4331562e-02
 -1.1865372e-01
 -8.0174321e-01
 -2.4465278e-01
 -1.0532708e+00
 -6.4578980e-02
  4.1694655e+00
 -3.2335818e-01
  8.0000415e-02
  2.2296970e-01
 -1.2455771e-01
  1.4430073e-02
 -7.3320501e-02
  1.0686436e-01
 -2.2348393e-01
  2.5319742e-02
  4.0892463e-02
 -2.1696683e-02
  7.0721567e-02
 -5.6189843e-02
  2.2853354e-01
  4.8251137e-01
 -2.2274478e-01
 -7.6892935e-02
 -6.0199093e-02
  9.2688747e-02
  9.6183255e-02
  3.3723321e-02
  7.3498368e-02
  1.1939622e-01
  1.9339801e+00
 -2.3148086e+00
  1.6675806e+00
 -1.2405996e+00
  1.2163634e+00
 -2.1144364e+00
 -1.0350968e+00
 -1.7100383e+00
 -3.9317602e-01
 -2.8923476e+00
  1.5451035e+00
 -5.0758749e-01
  3.3475170e+00
  2.4468112e+00
 -1.8970727e+00
  6.2214130e-01
 -1.8041658e+00
  1.3350031e+00
  1.3213341e+00
  4.2563844e+00
  8.4540200e-01
 -3.0945022e+00
  1.2320752e-01
  5.2642924e-01
  3.2223189e-01
 -1.6486996e+00
  7.2578090e-01
  3.8222271e-01
  4.7583976e-01
  1.1889627e+00
  1.2473330e-02
  2.2960467e+00
  4.1582012e-01
 -1.8935636e+00
 -1.9854633e+00
  1.2835293e+00
  2.9627144e-01
  3.6918956e-01
  2.1443258e-01
 -1.7286520e-01
 -1.2345336e-02
  1.9641041e+00
  2.8474101e-01
 -5.7340276e-01
  3.5413614e-01
 -1.7516281e-02
  2.8002486e-02
  1.4824224e-01
  4.3759575e-01
  1.0588232e+00
  1.2394560e-01
  2.0732675e-01
  2.6277319e-01
 -1.0065484e-01
 -1.4112733e-01
 -6.4699329e-02
 -3.2706210e-01
 -1.8281270e-02
  2.2922277e+00
  8.9501947e-01
  1.9495548e-01
 -1.6325432e-01
 -7.3704995e-02
  5.4006066e-02
  1.1904877e-01
  3.5228866e-01
  5.2142818e-02
  7.9260252e-02
  1.0137272e-01
  2.9889831e-01
 -1.5909430e-01
  1.4287756e-01
 -1.6803595e-01
  1.1038495e-01
 -6.7082912e-02
  5.2512862e-02
 -4.1099578e-01
  3.2899790e-02
  9.8620927e-01
 -9.6840486e-03
  9.5124561e-03
 -2.3410346e-01
  7.9854977e-01
  1.3689031e-01
 -3.8603559e-01
  7.7695996e-02
 -1.1661412e-01
  2.4060953e-01
 -1.2772700e-01
  1.2376980e+00
  3.7948766e-01
 -2.0338107e-02
  7.2999097e-02
  6.5232213e-03
  1.5676026e-01
  2.8424278e-01
  3.1724475e-02
 -9.2010334e-02
  1.5478107e-01
 -2.8308499e-01
  1.5497867e-02
  6.3699316e-03
  5.5612314e-01
  6.8143703e-02
 -4.0469091e-02
  1.6914156e-01
  3.0342224e+00
 -1.6532151e-02
  2.9033482e-01
 -2.0966402e-01
  8.0621171e-01
  2.4265669e-01
  2.6261473e-01
 -2.1551640e-01
 -1.7917228e-01
 -3.8748756e-03
  2.5021727e+00
 -1.4765196e-01
  7.2615733e-03
 -1.7295034e-01
 -5.3266436e-02
 -1.5427722e-02
  8.0935456e-02
 -5.9655745e-02
 -1.2181206e-01
 -1.2829272e-01
  1.6198806e-03
  7.4895412e-02
  1.1868359e-01
  1.8245215e-02
 -6.8829311e-03
  2.6121018e-02
 -1.0766502e-01
  1.6024962e-01
 -3.8441867e-02
  1.1715938e-01
 -4.9394250e-02
 -3.8476985e-02
  1.1031339e-01
 -2.0536976e+00
 -1.0301597e-01
 -1.1842557e-01
  6.3246407e-02
 -2.1272939e-01
 -3.1371903e-02
 -2.4637997e-01
 -1.5866956e-01
  2.8539367e-03
  2.0117724e-01
 -1.1660241e-01
 -8.6023830e-02
 -2.6155519e+00
 -1.0437788e-01
  3.0944424e-02
 -2.8340099e-02
  5.3605288e-01
  4.8717117e+00
  2.2455564e-01
 -1.1278338e-01
 -1.3172920e-01
  2.0765795e-03
 -4.2628162e-02
 -5.6704946e-02
 -1.4931679e-01
 -7.9827774e-03
  4.5770511e-02
  4.3718755e-02
  1.1036164e-01
  3.0984648e-02
  5.3047832e-02
 -3.6608450e+00
  6.2406664e-03
  2.6925758e-01
  1.0531065e-01
 -1.5994546e+00
 -6.5373383e-02
 -6.6315246e-01
  1.5024495e-01
  4.7245078e-02
 -3.6914042e-01
 -1.7372910e-02
  1.0577741e-01
  2.3902366e+00
 -1.1721536e-01
 -4.6028924e-01
 -6.3451603e-02
 -1.8707423e-01
 -1.9473428e-01
  1.4320001e-01
  8.8967063e-02
 -2.0265225e-02
  1.7388211e-01
  3.8291410e-02
 -1.0974929e-01
 -2.1659805e-02
 -9.6284468e-03
  9.1484743e-01
 -2.5380278e+00
 -2.8364182e-02
  2.2961389e-01
  4.3890220e-03
 -1.0940002e-01
 -6.7374933e-01
  2.3860666e-01
 -1.3768047e-01
 -2.1535041e-02
  2.3478164e-01
  3.5074187e-04
  1.6956907e-02
  8.8050324e-01
  2.6078063e-01
 -1.7769493e-01
  6.0825605e-02
 -7.0519540e-03
  1.0282625e-01
  1.7429115e+00
  1.7084259e-01
 -5.7482835e-02
  1.8929406e-01
 -1.8490013e-01
 -1.1380759e-01
  2.0681186e-01
 -5.6006625e-02
 -4.0028326e-02
 -8.4329955e-02
 -2.7052468e-02
  2.8523996e-01
 -1.4891948e+00
 -4.9042102e-02
  2.0205465e-01
  6.0189929e-02
 -1.4819796e-01
  3.4041005e-01
 -1.5364490e-02
 -1.0489082e-03
  1.6616833e-01
 -9.2316262e-02
  1.5431119e-03
  2.4145946e-01
  1.2468243e+00
  6.8886124e-02
 -2.8389098e-02
  9.2520066e-02
  2.5535342e-01
 -7.3581999e-03
 -2.0039212e-02
  7.8602023e-02
  1.2750638e-01
  4.8041638e-02
 -3.4460664e-02
  8.0892700e-01
 -1.0811623e-01
 -2.3656064e-01
  3.2405978e-01
 -1.5244716e-01
 -4.1969156e-01
 -1.4265710e-02
  1.8916330e-01
 -2.1842606e-01
 -5.3823447e-01
 -1.4706175e-01
 -1.5167320e-01
  2.4289196e-02
 -2.2194910e-01
 -8.2192908e-04
 -7.9708308e-02
 -2.7409654e-02
  3.4413375e-02
 -7.6319580e-03
  2.0545581e-02
  8.3028674e-03
  4.1805182e-02
 -8.2044579e-02
 -3.3476662e-02
  8.3618291e-02
  1.5179460e-02
  8.0712765e-02
  1.6784845e-01
 -5.6826985e-01
  9.4939850e-02
  1.3233540e+00
  4.5307088e-01
  1.2608244e-01
  2.6823256e+00
  5.4081149e-02
 -2.2231837e-01
 -1.3873617e-01
  2.5368959e-01
  1.8971188e-02
 -5.0771251e-02
 -4.6979453e-02
 -9.3492586e-04
  2.0690398e-01
  1.0636565e-01
  5.1480234e-02
  1.3623887e-01
 -5.7563004e-03
  1.3235478e-02
 -2.4008931e-01
 -1.2333230e-01
 -4.7082137e-03
  1.3624561e-01
  2.0531723e+00
  1.2872403e-02
  6.1663825e-02
 -4.1869818e-03
 -1.7033237e-01
 -1.8455355e+00
 -3.2795775e-01
  2.9358656e+00
 -1.8878918e+00
  3.7739658e+00
  4.8530933e-01
 -4.7773570e-01
  1.4846545e-02
  7.0898607e-02
  5.2397650e-02
 -2.1841483e-01
 -7.7240537e-03
  3.0191010e-01
 -1.7213981e-01
 -7.8926228e-02
  1.4631879e-01
  6.4498472e-01
 -3.6773742e-03
  1.3523915e-01
  1.9357568e-01
 -5.1626872e-02
 -2.5575858e-01
 -1.5867718e-02
  2.7394727e-01
  9.1182297e-01
  1.1303923e+00
 -8.6931694e-01
  7.4402237e-01
 -2.1306343e+00
  2.1811461e+00
 -2.3777137e+00
 -1.0619452e+00
  1.6092816e-01
 -2.7363825e-01
 -5.9566658e-02
  4.8600474e-01
 -4.8465263e-03
  2.5079511e-02
 -1.2072047e+00
 -2.4254410e-01
  3.4680810e-02
 -2.0973887e+00
 -9.1882330e-01
  7.2585449e-02
 -1.4181565e-02
  7.0564605e-02
 -2.1225677e-01
  3.8128749e-03
  1.3571332e-01
  2.0902735e-01
 -2.8064637e+00
 -3.4600645e-01
  4.4113162e-01
  6.5192968e-01
 -1.7960921e-01
 -4.5427643e-03
  4.7855058e+00
 -9.7702926e-01
 -2.3127529e-01
  8.7812595e-02
 -8.8171348e-02
  4.5726903e-02
 -1.9682746e-01
  2.9012810e-02
  4.7604844e-02
 -5.3367007e-01
 -6.8595290e-01
 -2.2400627e-01
  2.9350402e-02
  1.9967325e-02
 -5.8720995e-02
  1.9029364e-02
 -8.8828206e-02
  9.6123457e-02
  2.8290709e-02
  9.1323569e-02
 -5.9880123e-02
  1.0169623e-02
 -4.7235738e-02
 -1.2838332e-01
 -3.7333331e-01
 -8.8777803e-02
  1.2360714e-01
 -8.9192384e-01
  9.8455951e-02
 -4.2394986e-03
 -1.5185447e-01
 -2.3934747e-01
 -9.4162650e-02
  9.7429775e-02
  7.3650397e-02
 -5.1416043e-02
 -4.6764800e-01
  3.2448390e-01
  6.8743955e-03
 -9.1765366e-02
  4.1426104e-03
 -7.1640819e-02
  1.0374444e+00
  2.4496818e-01
  6.4681895e-02
 -5.4464068e+00
 -5.8217112e-02
  1.9341134e-01
 -2.1669822e-02
  1.9076094e-02
 -1.4543184e+00
  2.4117202e-02
  3.4533229e-02
 -2.5222045e-01
 -1.0081929e-01
  2.5225186e+00
 -2.7838778e-02
  2.0577782e-01
 -4.9495395e-02
 -5.0216243e-02
  2.3068301e-01
  2.7791185e-02
 -2.4479431e-01
  3.2187134e-02
 -5.0321393e-02
 -4.5107253e-02
  1.4962128e-01
 -1.1004354e-01
  8.9210391e-02
  1.5009180e-01
 -1.4804878e-02
  2.2690795e-02
  1.5103363e-01
  9.2530042e-02
  5.0773466e-01
 -8.9622468e-02
  8.4461398e-02
 -3.8099762e-03
 -1.7917506e-01
  6.0072392e-02
  1.1006846e-01
 -1.7736074e-02
 -1.6786404e-02
  4.9104471e-02
  2.5308535e-02
  3.0908206e-01
 -4.6712711e-02
  9.0626933e-02
  7.4235328e-02
 -1.9589067e-01
 -4.4663590e-01
  1.6434798e-01
 -9.0731108e-01
 -2.6446015e-01
  6.8383902e-01
  2.0955059e-01
 -7.2513990e-02
  7.5592555e-02
 -7.4756756e-02
  1.3185713e-01
  6.2333856e-02
  4.6091908e-01
 -7.5591487e-01
 -4.6612732e-02
  2.5649041e-02
  7.3643357e-02
 -8.5717998e-02
 -3.4732351e-01
 -4.3052115e-02
  1.9519928e+00
  1.0933812e-01
  6.8088859e-02
 -1.0645363e+00
  8.7340564e-02
  2.8527982e-03
 -1.9677162e-01
 -9.0242205e-03
 -1.3354953e-02
 -6.7829780e-02
 -1.7699542e-02
  8.9679502e-02
  5.3319395e-02
 -1.8469441e-01
 -1.5116702e-01
 -1.0717498e-01
 -7.3561631e-02
  3.6923841e-02
 -2.5500702e-02
 -3.9700647e-03
 -4.4184040e-02
 -4.4923718e-03
  7.4660227e-02
 -6.8182696e-04
  4.2739093e-02
 -5.2787203e-02
  6.1238728e-02
 -4.7842629e-02
 -5.5475775e-02
 -4.9387936e-02
 -3.9425883e-01
  3.3973292e-02
  1.2652577e-02
  8.9440808e-02
 -8.0637485e-02
  1.4488263e-02
 -1.3334630e-01
  2.9129878e-01
 -2.5107825e-01
 -2.6283756e-02
  2.3786958e-02
 -5.6762987e-01
  2.6945075e-01
  5.9696025e-01
 -7.1458930e-01
 -1.5301390e-01
  3.2557867e-02
 -1.0654336e-03
  4.6938178e-01
 -3.2243121e-01
  5.0511140e-01
  3.0167216e-01
 -2.9040578e-01
  7.1503282e-02
  6.8034226e-04
 -1.1978777e-01
  6.4797692e-02
 -3.4677599e-02
  1.3549772e-01
 -3.7808605e-02
 -9.1588721e-03
 -1.0721788e+00
 -2.1085463e-01
  1.4846333e-02
  1.2956491e-01
  2.3831263e+00
  3.1443220e-01
 -2.2760229e-01
 -2.3872908e-02
  1.0028921e-01
  9.7121768e-02
  8.5091284e-03
 -3.4207888e-02
  1.2230404e-01
  4.6805795e-02
  3.6501851e+00
  2.0302031e+00
 -6.9109343e-02
 -3.1067932e-02
  3.7106076e-01
 -6.9080614e-02
 -1.1130323e-02
 -3.0598283e-02
  3.6334875e-01
  9.0550013e-02
  2.6487570e-02
  1.6619820e-02
 -1.4909013e-01
  4.1426420e-01
 -2.1905675e+00
  3.4925010e+00
  1.8380782e-02
 -1.6785562e+00
  8.2754779e-01
  5.1465068e+00
  1.3941079e+00
  1.7673414e+00
 -6.4986334e+00
  5.7297701e-01
 -2.6284996e-01
  3.3217497e-02
 -1.4789255e-01
 -4.7094470e-01
 -6.8050690e-02
  8.7183543e-02
  2.0285478e-01
 -4.5390854e+00
 -7.0183299e-02
  3.2288539e-01
 -2.2169497e-02
  1.3099223e-01
 -9.6271545e-02
  6.1546635e-02
  4.8858137e+00
  1.5825523e-01
  6.3807227e-02
  3.9104304e-01
 -7.4718636e-01
 -5.8175910e-02
 -1.6426930e+00
  3.8294766e+00
  1.1394576e+00
  5.5555069e-01
  4.1949647e-03
 -7.8147125e-01
 -3.6556262e-01
 -1.4568532e-01
  2.1119183e-02
  2.5804911e-02
  2.2127222e-02
  1.2057180e-02
 -2.7665994e-01
 -3.5910059e-02
 -5.2146053e-01
  5.8931131e-03
 -1.1167084e-01
  8.2399368e-02
  4.6373285e-02
  1.5840976e-02
 -7.7968404e-02
 -3.4106106e-02
  3.1819865e-02
 -3.0900247e+00
  1.3722955e-01
  1.9490014e-01
 -1.9141173e-01
 -1.1424617e-01
 -4.1813594e-01
  4.4269659e-02
  2.7515534e-02
 -1.2885138e-01
  6.2438333e-03
 -1.7582051e-02
  1.2547578e-01
 -1.6865632e-01
 -2.5993709e-02
 -7.3057194e-03
 -5.2985302e-03
 -4.7654577e-02
  1.4534730e-02
 -7.5181358e-02
 -1.7074893e-01
  4.9923740e-02
 -5.0158632e-01
  7.8843348e-02
  1.7310980e-01
 -3.3766083e-02
 -7.3836334e-02
  2.0874852e-01
 -4.6444359e-01
 -2.2775885e-01
  1.2693502e+00
  4.1405577e-02
  2.6077023e-03
 -2.9421061e-02
 -1.2401628e-03
  6.0698807e-02
 -4.7250688e-02
  6.8010852e-02
  6.4930655e-02
 -7.0428365e-01
 -4.4755518e-01
 -2.4181136e-01
 -1.2423608e-01
  2.0138854e-02
 -1.3325252e-02
 -1.7811620e-01
  3.5414822e-02
  1.3169469e+00
 -1.2686652e-01
 -1.0358217e-01
  1.1312309e-02
  6.2809614e-03
 -4.4356126e-02
  5.3326845e-01
  2.2716616e-01
  1.4792995e-01
  2.3711444e-01
 -2.1924284e-01
 -2.2080711e-01
 -3.1329566e-01
  3.9870970e-02
 -3.9001167e-01
  3.5807464e-01
 -3.2796636e-02
 -1.0509794e-01
 -8.9773409e-02
 -4.3401271e-02
  1.1888244e+00
  6.4137451e-02
 -5.0020754e-01
 -7.7922456e-02
  1.4922692e-02
  2.3740859e-01
 -2.1083043e+00
  3.4428369e-02
  2.3316093e-02
  9.2585695e-01
  6.2534682e-02
 -4.1576318e-02
 -3.7791495e+00
 -3.5643835e+00
  1.1367149e-01
 -1.1012710e-01
 -4.7240082e-02
 -5.3544432e-02
 -6.4617135e-02
 -5.3182099e-02
 -1.5819821e-01
 -1.4541493e-03
  4.8541192e-02
  3.4851414e-01
  6.1174788e-02
 -1.5293249e-01
 -3.6502552e-01
  1.3426628e+00
 -8.9159474e-02
  6.4935416e-02
 -4.1355681e-01
  2.0220122e-01
 -1.3101025e-02
  8.5536754e-03
  7.1931057e-02
 -1.2602007e+00
  1.5252352e+00
 -1.4772949e+00
 -8.3924782e-01
  1.4525867e+00
  1.2453730e+00
 -1.7740099e+00
 -5.7733673e-01
 -2.8310725e-01
 -4.1845855e-01
  5.7013044e+00
 -3.2541758e-01
 -3.4818487e+00
  7.9696763e-01
  8.5536959e-03
  1.3073562e+00
 -3.9615829e+00
  1.6775679e-02
 -1.6568044e-02
 -5.0627513e+00
  1.8817758e-02
  1.8926218e-01
  1.6254519e+00
 -4.2922935e+00
 -1.2615706e+00
  2.0876908e+00
  2.7889678e-01
  5.5812321e+00
  7.4832433e-01
  8.0702895e-01
 -2.9496152e+00
  2.3949304e-01
  2.0386765e+00
 -1.9351391e-01
  4.9926659e-01
  2.2837787e+00
 -4.9054036e-01
 -1.0028392e+00
  2.0849888e+00
 -6.4459503e-02
 -1.8196099e-02
 -1.3571392e+00
  2.2837865e-01
 -7.7660076e-02
 -1.7749761e-01
 -1.6088647e+00
 -1.0826155e-01
 -7.3702812e-02
 -2.0046160e+00
  1.7805369e+00
  1.2136244e-01
  1.3213041e-01
 -2.5282657e-01
 -1.2251014e-01
 -1.4565152e-01
 -1.0882357e-04
 -2.3439640e-02
  1.0888517e-01
  1.5482928e-01
 -2.7776282e-02
 -1.0219665e-01
 -2.2022661e-02
 -2.1799436e+00
 -7.3128575e-03
  2.4150048e-01
 -8.1261694e-02
 -1.7779301e-01
 -3.4698803e-02
 -8.5176952e-02
  7.0757520e-01
 -2.9032999e-01
 -5.5941448e-02
 -5.5550700e-03
 -8.0412338e-03
 -5.7543619e-03
  1.2631153e-01
 -1.2685806e-01
  6.1973220e-01
  1.0012484e-01
  8.3517976e-02
 -3.9288499e-03
 -6.4726166e-02
  2.6561230e-01
 -6.9397382e-02
  1.7960776e-02
  2.4587193e+00
  1.8564640e-01
  1.6226210e-01
 -1.6888055e-01
  1.2673131e-01
  1.1972277e+00
 -5.9844635e-02
  2.6408415e+00
  5.2789859e-02
  2.1041892e+00
 -3.1497687e-02
  2.0963704e-02
 -1.6670262e-02
  5.5547073e-02
  1.5828179e-02
  2.0352159e-01
 -1.7623590e-01
  1.0121007e-01
 -1.2497950e-01
 -9.5594019e-02
  3.8252413e-02
 -3.6265731e-01
 -5.7799509e-03
 -1.6475055e-01
  1.2165577e+00
 -1.1962767e-01
  1.4876388e-01
 -2.6317013e-02
 -2.2495428e-01
 -7.3071666e-02
  2.1103747e-02
  2.1098727e-02
 -5.8639113e-02
  7.5896926e-02
 -1.0156454e-01
  4.0064935e-02
  2.2409858e-02
 -9.8041445e-02
 -1.3729406e-03
  2.6786125e-01
 -7.1655652e-03
 -3.2198578e-01
 -1.0677358e-02
  1.1617546e+00
  9.4941325e-02
 -7.6218605e-02
 -4.5551029e-03
 -1.8816183e+00
 -1.1189689e-02
 -6.9136882e-01
 -7.3101353e-03
 -6.1646089e-02
  7.8324385e-02
  1.0503782e-02
 -1.1191281e-04
  1.5670447e-01
  4.6490005e-01
 -1.6357982e-01
 -1.1326025e-01
  1.8125141e-01
 -1.4042568e-01
  1.7331672e-01
 -3.3280022e-02
  2.0952693e-01
  6.8500054e-01
  1.4927843e-01
 -4.1780496e-01
 -3.6517624e-02
  3.8356122e-02
  2.2003815e-01
 -1.1395142e-01
  4.3023978e-03
  1.8886557e-01
 -1.8286185e-02
 -5.7059273e-02
 -4.1153684e-02
 -8.9865893e-02
  7.5601101e-02
 -8.6902166e-03
  1.0343780e-01
 -1.3529735e+00
 -1.7371963e+00
 -1.4592527e-01
  2.3973460e-01
  3.5944548e-01
 -2.1190774e-01
  1.8547691e-01
  1.3263766e-02
  1.7572767e-01
  2.7760394e-02
 -8.6359836e-02
 -6.7321554e-02
  1.9390794e-02
 -5.4801083e-03
  1.4396863e-02
  2.0921879e-02
  1.7032237e-01
 -1.6051944e-02
 -2.7474466e-01
  7.8722090e-02
 -5.9975266e-02
 -1.1732785e-01
 -8.1348270e-02
 -1.2767866e-01
 -3.7898891e-02
  2.0233302e-03
  1.1852995e-02
 -1.9319271e-01
 -7.7162988e-02
 -2.0405945e-01
 -2.4678631e-02
  1.3743372e-01
 -2.9166794e-01
 -1.3609877e-01
 -1.2042080e-01
  4.5028099e-01
 -5.0231606e-01
  1.1371852e-01
  1.5192109e-01
  1.4348164e-01
 -1.2506777e-01
  2.5223589e-03
 -1.3178213e+00
  6.8691529e-02
  5.8755219e-01
  2.2933630e-03
  2.3051658e-01
  1.6616952e-01
 -4.0779646e-02
 -1.0889790e+00
  6.7096829e-02
  1.9879591e+00
 -8.2322532e-01
  1.8859167e+00
  3.4120724e-02
  4.8437420e-02
  2.5334477e-01
  1.3439189e-01
 -3.2911174e-02
 -2.2851215e-01
  6.7274258e-02
  1.7271593e-01
 -9.0798843e-01
 -1.7895902e+00
  5.1760230e-02
  8.7551169e-02
 -1.0362604e-02
  1.1849764e-01
  8.8435657e-02
 -5.3749904e-03
 -1.5441336e-01
 -8.7055802e-02
  2.8193334e-01
  5.2383836e-02
  1.0274307e-01
 -2.0274861e-01
 -2.9411727e-01
 -1.3043159e+00
  2.7986631e-01
 -6.0622457e-02
 -1.8999567e-02
 -3.4471646e-02
 -9.1842748e-03
 -6.8670161e-02
  9.2528015e-02
 -3.8982429e-02
 -5.2538339e-02
 -1.3358406e-02
  8.7381346e-04
  4.5080777e-02
  9.0192892e-03
  1.2199851e-01
  6.5027140e-02
 -7.3015280e-02
 -6.0342956e-01
  3.0287138e-01
  1.8545848e-01
  1.9996871e-01
 -2.3445535e-01
 -9.1500826e-02
  1.6072872e-01
 -1.7529587e-01
 -1.3444544e-02
 -9.5838066e-03
  6.2642619e-02
  8.7050349e-01
 -2.7599680e-01
  7.1374647e-02
  5.2888297e-02
  6.4996183e-02
  1.9856836e-01
 -1.0559217e-01
 -9.3027703e-02
 -3.7212774e-02
  1.5293235e-01
 -4.1308261e-02
 -5.6261852e-02
  2.4883777e-03
  1.2953463e-01
 -3.1388929e-01
  1.2218104e-01
 -1.7807499e-01
 -1.5953751e-02
 -1.8452896e-02
  1.0903941e-02
  2.3559934e-01
 -6.7342748e-03
 -3.5308775e-02
 -4.1569859e-02
 -3.3565633e+00
 -1.8341941e-01
 -1.7406652e+00
  2.2837806e-04
  3.2556311e-03
  5.5367224e-02
  1.5691187e-02
 -4.0260296e-02
  2.0179538e-01
 -1.5008128e-01
  5.1179998e-02
 -1.1203264e-01
 -4.0000866e-04
  1.4882459e-02
  4.0871742e-01
 -1.3899378e-01
 -1.0580888e-01
 -2.6488733e-01
  1.0726141e-01
  7.5086594e-02
 -2.6627578e-04
  4.0893359e+00
  1.5026398e-01
  4.1021392e-02
  4.4051948e-01
  1.2022853e-01
  5.0777342e-02
  2.3446314e-01
 -2.0398632e-01
  3.3280519e-01
  1.2408535e+00
  1.7366099e-01
 -1.1394224e-01
  3.2617550e-02
 -8.5275024e-02
 -1.3699648e-01
  1.6944870e-01
  2.6483489e-02
 -1.1446816e-01
  2.6573048e-03
  3.0545736e-02
 -1.3562676e-01
 -1.8883885e-01
 -7.4367426e-02
  7.1312147e-03
 -8.6758748e-02
 -6.7138327e-03
 -1.6711006e-02
 -2.8256291e-01
 -9.2526888e-03
 -1.0388685e-01
 -2.2592861e-02
 -1.0153712e-01
  1.6000441e+00
 -5.0708368e-02
  8.3313054e-01
 -5.1205702e-02
 -9.3968995e-03
 -6.2860943e-02
  3.7976754e-01
 -1.6971514e-02
  6.8852052e-02
 -2.5455410e-02
 -4.6655033e-02
 -1.0872310e-01
  3.2664821e-02
  9.8966449e-02
  8.7177247e-02
 -2.4819242e-02
  6.6870332e-02
 -1.0221542e-01
  3.7526090e-02
 -1.9876331e-01
 -1.3684176e+00
 -1.4710064e-01
 -5.6078155e-02
  5.1105678e-01
  7.2156794e-02
  1.0254326e+00
 -5.7433948e-02
 -4.1166484e-02
  6.0785037e-02
  2.1585183e+00
  1.5149349e-01
 -3.0666602e-01
 -2.4946412e-01
  6.5882035e-02
  9.7015977e-02
  1.7598313e-01
  4.0796399e-02
  6.8007082e-02
  3.6091898e-03
 -7.0109427e-02
 -5.7565782e-02
 -4.8371587e-02
  4.6952967e-02
  7.3358595e-01
 -9.4605371e-04
  3.9022353e-02
  1.7718605e+00
  1.1294493e-01
 -2.5307935e-02
  3.3048469e-01
  6.7978010e-02
  1.9047678e-01
 -1.3241886e-01
 -4.3351822e-02
 -4.9689982e-02
  4.1067600e-01
 -1.4920779e-02
  6.6644780e-02
 -5.0796881e+00
  4.3197107e-02
 -2.6993365e+00
  2.1521866e+00
  1.0389836e+00
  1.5383401e+00
  4.1986585e+00
  3.2374511e+00
 -1.2857629e+00
 -7.7643764e-01
  9.5710602e+00
  3.6991623e-01
  8.4122539e-02
 -1.1241001e+00
  2.9595563e-01
  2.2648312e-01
 -1.7662483e-01
  2.1767010e-01
 -2.6679316e-01
  1.8990860e+00
  2.8590984e+00
  4.6845922e+00
  3.6411350e+00
 -1.9705371e+00
 -5.7640111e-01
  4.3431253e+00
 -5.3731215e-01
  1.4734155e-02
  3.0298054e+00
  3.9613396e-01
 -2.6576552e-01
  5.1141288e-03
 -1.9084868e+00
 -1.2771242e+00
  1.1674873e+00
  1.8418640e+00
  3.4750867e+00
  3.5336211e+00
  5.1959974e-01
 -3.0212253e-01
 -1.2961642e-01
 -2.2462384e-01
 -3.3167358e-02
 -1.3478168e-03
  4.3372247e-02
 -1.0791193e+00
  2.8784955e-01
  4.1661367e-02
  2.2386436e-01
  8.3282508e-02
 -8.9478921e-03
 -1.2202224e-01
  6.1680809e-02
  9.0372302e-02
  1.9004216e-02
  4.7879380e-01
  2.5634018e-01
 -4.2690290e-03
  1.0816881e-01
 -9.7378463e-02
  1.0298898e-02
 -2.5055581e-01
 -7.4552180e-04
  4.8259467e-01
  4.0451223e-01
  3.0988317e-02
 -2.0305961e-01
 -8.8967606e-02
 -1.4257517e-01
 -2.0847568e-01
  6.9311112e-03
  2.2543198e-01
  1.5847051e-01
  4.6574798e-01
 -3.1178829e-01
 -6.3967235e-02
  2.4048446e-01
 -1.1064916e-01
 -1.0778656e+00
  1.6884285e-01
 -4.2316247e-02
  1.5326193e-01
  4.4368684e-01
  6.2271424e-02
  3.1433996e-02
  1.9626207e+00
 -1.9982220e-01
 -1.4036036e-02
  4.8087013e-01
 -4.9570259e-03
  3.1596249e-01
  2.6918305e-02
  5.3251430e-02
 -3.4492914e-02
 -4.0590599e-02
  1.6058666e-01
  3.2089874e-01
 -2.9099606e-02
  1.5638581e-01
  1.7278446e-01
  2.0856695e-02
  5.6838874e-02
 -7.1224880e-01
 -2.1300535e-01
  5.4585010e-02
 -5.4520506e-02
  3.3352256e-02
 -9.2423037e-02
  2.9201236e-01
 -2.1381231e-01
  8.6815422e-03
 -5.5928558e-02
  2.3707187e-01
 -8.5393794e-02
  6.2329523e-02
 -4.4471970e-01
  6.7136828e-03
  4.3569345e-02
 -1.8758781e+00
 -5.7926927e-02
 -2.0275243e-01
  2.3983907e-02
  5.4139677e-02
  1.5051958e-01
  8.3307736e-02
 -2.9362637e-01
 -5.1705759e-02
 -1.0902418e-01
 -1.1448430e-02
  1.0145759e-02
 -1.2697427e+00
  1.8749319e-02
  2.7407503e-01
 -3.8507547e-02
 -4.4452604e-02
 -3.3694685e+00
  1.0035528e-01
  4.5943656e-03
  7.8110822e-02
 -1.0903901e-01
  2.0879076e-01
  5.8428013e-01
 -4.1649729e-02
  1.2393598e-02
  8.5223836e-01
  1.6229247e-01
 -1.4054753e-01
 -3.3752221e-01
 -3.9346509e-02
  2.5249831e-02
  1.8271644e+00
 -1.7098529e-02
  1.5315759e-02
 -1.2192778e-01
  5.6736682e-02
 -6.2906779e-02
  7.8920223e-02
  1.5039490e+00
 -9.9956602e-02
  7.1300291e-02
  1.4875537e-01
 -2.3303277e+00
  2.1522544e-01
  1.2236063e-01
 -1.0649233e-02
 -4.0365499e-02
  1.2813263e-01
  2.3075819e-01
 -2.8141364e-01
  5.0449025e-02
 -1.9405332e-01
  5.6515060e-02
 -2.7787976e-02
 -2.8738478e-01
 -5.2738551e-02
 -2.7214044e-03
 -9.9344209e-02
 -1.0859356e-01
  4.4791681e-01
  3.2340038e-01
 -1.2154962e-02
  1.6152071e-02
 -4.5702137e-02
 -4.2650452e+00
  9.1652505e-02
 -4.4519342e-02
 -3.7255821e-01
 -8.0886149e-01
 -2.1856773e-01
  1.4942537e-01
  1.9283326e-01
  9.4234623e-02
  4.6701834e-02
  4.1147485e-02
 -1.2083340e-01
 -8.0142636e-04
 -1.4555666e-01
 -1.0956940e-01
  1.1020192e+00
 -4.0294938e+00
  4.1173768e+00
  2.1464621e-01
  8.3787626e-01
 -5.2907667e-03
  2.2243649e-02
 -2.0561647e-01
 -3.3968624e-02
  6.5470532e-02
 -4.8486814e-02
 -1.1875349e+00
  6.0057449e-01
 -1.4115246e-01
 -1.7407890e-02
  2.6501982e+00
  1.8884794e-01
 -8.7999746e-02
 -1.1197330e-02
  9.7158176e-01
 -6.4431533e-02
  5.7817437e-02
  8.3124584e-01
  4.0451491e-01
  1.4427306e-01
  1.9466417e-02
  1.1538725e-01
  8.9449257e-02
 -4.6397471e-01
 -6.4536999e-03
  1.4505428e-02
 -2.0959079e-02
 -1.2249248e-01
  4.1599281e-02
 -4.7973689e-02
  9.0002157e-03
 -6.5333031e-02
 -2.2119656e-01
 -1.7553302e-02
 -1.5489723e-01
 -6.2917266e-03
 -2.2298589e+00
  1.3527675e-01
 -3.4838538e+00
  1.7002837e-01
  1.5899666e-01
 -6.3726658e-01
  1.3692203e-01
  1.6746345e+00
  7.1829192e-02
  2.9760635e-02
  9.1678277e-02
  6.6452183e-02
 -4.7997497e-02
  1.9576238e-01
  3.5338709e-01
  4.9877048e-01
  2.5447121e-01
 -5.1225491e-02
 -1.2668920e-01
  3.7550709e+00
 -1.7510471e+00
 -1.8391696e-01
 -6.8946803e-01
 -1.7606397e+00
 -1.2983352e+00
  7.9540175e-01
  8.5809439e-01
  1.6457264e+00
 -1.8803740e+00
 -1.2645564e-02
 -1.5408294e+00
 -4.5460515e+00
  1.6575525e+00
 -1.7109084e-01
 -4.1746408e-01
  1.3251026e-01
  1.9747722e+00
 -1.0302966e+00
 -8.4409165e-01
  1.6883017e-01
 -4.0447760e+00
  1.5547201e-01
  1.1739959e+00
 -8.1795558e-02
  4.6361259e-01
 -4.1456742e+00
 -1.2304513e-01
  1.3157364e+00
 -2.0043176e-01
  9.7585790e-02
 -3.2227068e+00
 -8.7763190e-01
  3.8866368e-01
  1.7859087e+00
  9.2833644e-01
 -1.1140522e-01
 -8.2250156e-02
  1.8597592e+00
  2.0739933e-02
 -1.4406338e-01
 -3.8668010e-01
  1.9258723e-01
  1.3880548e-01
 -6.5153115e-04
  1.3876941e-02
  5.4887041e-02
 -1.4707027e-02
  6.6285670e-02
  1.7681947e-02
 -3.3779845e+00
 -2.2547340e+00
 -3.2531314e+00
 -9.6919954e-01
 -1.9867655e+00
  3.2142656e+00
  2.3627274e+00
 -4.0342984e+00
  3.0761881e+00
 -8.1264788e-01
  9.5883787e-02
  5.2409839e-02
 -4.4770098e-01
 -4.2401528e-01
  5.7123575e-02
  3.2061827e-04
 -1.5119198e-01
  8.1419116e-01
 -7.6059562e-01
  5.5318987e-01
 -3.0220261e+00
 -6.7076787e-02
  1.7530643e+00
 -1.2807347e-01
  2.7099564e+00
  6.1191179e-02
  3.6058560e-01
 -3.3877227e-01
 -3.5916905e+00
  2.6281447e+00
  9.8442256e-02
  1.7699562e+00
  4.8377907e-01
 -1.1621118e+00
 -7.0923559e-02
  2.0639491e-01
 -2.3299820e+00
 -3.6867344e+00
  4.2712111e-03
  2.0968667e-01
  3.1707227e-02
 -9.3256205e-02
  3.2791100e-02
  8.3337992e-02
 -1.1282273e-02
 -7.2873816e-02
 -8.5488334e-02
  8.0196122e-03
  4.6251778e-02
 -6.8938197e-03
  1.9399182e-01
  3.5543709e+00
  6.3857298e+00
  6.0128814e-01
  1.5206147e+00
  3.6344237e+00
  3.4290679e+00
 -3.8876281e+00
  1.1686456e+00
  1.0442878e+00
  2.3660665e+00
 -5.2614594e-01
  1.1108374e-01
 -4.6073937e-01
 -4.5681351e-01
  4.7407135e-01
 -8.0645859e-02
 -1.3858288e-02
  5.4904666e-02
 -1.4302919e+00
 -5.7572424e-01
  1.6724465e-02
  2.0885100e+00
 -1.4009963e+00
  1.5899684e+00
  1.6148422e+00
  7.2808877e-02
 -2.8447801e-01
 -1.1971863e-01
 -6.0226226e-01
 -5.0385937e-02
  2.4807799e+00
  1.8267777e+00
  1.0002016e+00
 -1.5263239e+00
 -2.7190536e-01
  2.4004261e-01
 -1.5124532e+00
  1.2928448e+00
 -4.8848532e-02
 -1.8826853e-01
 -3.7708646e-03
  2.4174062e-04
  5.4749459e-02
 -1.4090049e-02
 -4.8854627e-04
  2.0663235e-02
 -5.8786112e-01
 -2.2667017e+00
  1.7463583e-01
 -1.0904084e-01
  3.1816423e-02
 -7.8118593e-02
  1.4088970e-01
  2.2469415e-01
 -2.2388067e-02
 -2.4302515e-01
 -3.2806050e-02
 -1.4227839e-01
  3.9845246e-01
  3.6777985e-01
  1.9498732e-02
  3.0290771e-01
 -2.2566192e-01
  3.1849135e-02
 -6.6907004e-02
  2.1489270e-02
  6.0146898e-01
 -6.2484801e-02
 -3.4119198e+00
  3.6445029e-02
 -1.2757382e-01
 -3.1030193e-02
 -4.7656596e-02
  6.7434587e-02
 -1.2247486e-01
  2.1063484e-01
 -9.9744841e-02
  1.2104072e-01
 -3.3871833e-02
  6.2988505e-02
 -8.6863011e-02
  7.3853284e-01
  7.3088698e-02
 -1.6679710e-01
  1.4723843e-01
 -1.4664419e+00
 -2.1986273e-01
  5.9610400e-02
 -3.9575401e-01
  6.3436627e-02
 -1.1605992e-01
 -2.1163134e-01
 -1.7857179e-02
  2.8837906e-02
 -1.1537544e-01
  1.7723137e-01
 -1.6423720e+00
  2.7036800e+00
  1.6840097e-01
 -8.0610171e-02
  3.1238806e-02
  3.0108505e-01
  9.3425922e-02
  7.0949876e-01
 -2.4669336e-01
 -2.4003099e-01
  9.1152698e-02
 -9.5649678e-03
  9.6648687e-01
  1.4474019e+00
 -4.6494290e-01
 -2.1647090e-01
 -1.4315705e-01
  6.1585642e-02
 -5.0710356e-03
  6.5845154e-02
  5.1067454e-01
  7.2684616e-01
  5.1444296e-02
 -8.1858672e-02
  2.9412954e+00
  6.3146241e-02
  1.4456037e-01
 -1.9116756e-01
  1.0036251e-01
 -1.3416694e+00
  1.8723135e-01
 -7.3214883e-01
  1.4296567e-01
  1.0994898e+00
  1.3472386e-01
  1.2340011e-01
 -7.3036975e-01
 -8.2827300e-02
  2.8536320e-01
  1.8304585e-01
  9.4765007e-01
 -1.5648389e-02
  1.8388761e-02
 -8.3343938e-02
 -1.1232923e-02
  2.3892291e-01
 -7.6056764e-02
 -1.3982834e-01
  7.2605446e-02
  3.0028727e-03
  1.6505428e-02
 -3.0981584e-02
  1.3300154e-01
 -3.5290593e-01
  5.3154714e-02
 -2.2836428e-02
 -1.0195000e-01
 -2.1600651e-02
  6.2885560e-02
 -3.9428979e-02
 -6.8951744e-01
  3.2766663e-02
 -4.0832106e-03
 -1.4073877e-01
 -2.1029934e-01
  3.4237170e-01
 -1.3173047e-02
  4.6711737e-01
  7.2589137e-02
  2.8788713e-01
 -1.9319000e-02
 -3.1571802e-02
  3.7374195e-02
  2.6362851e-01
  4.3592677e-02
  3.5384139e-01
  7.3692255e-02
 -7.2149023e-02
 -5.2346617e-02
 -1.1925735e-01
 -3.0877113e-02
 -7.2144628e-02
 -1.8677302e-01
 -2.9891843e-01
 -3.2969121e-02
 -2.9958081e-01
 -2.2196780e-01
  5.0747633e-02
  3.6645547e-02
 -3.7097801e-02
  4.1636623e-02
  6.0669714e-01
 -2.5677463e-02
 -3.7394617e-02
  2.2386403e-01
 -1.8191655e-01
  6.4765485e-03
  6.3336834e-02
  1.6951937e-02
 -1.0784081e-01
 -7.5217299e-03
 -1.2950127e-01
  6.3373465e-03
 -8.9026496e-02
  8.5755028e-02
 -1.1540574e-03
  6.5825291e-02
 -1.1013152e-01
  2.2078829e-02
  1.2645510e-01
  9.2928636e-01
 -1.0399248e-01
 -1.0210279e-01
  7.5805306e-02
  1.2784213e-01
  4.9196985e-03
 -6.5853909e-02
  1.6263425e-02
 -3.8520976e-03
  1.2350988e-01
 -1.3189541e-01
  9.7131222e-02
  3.8066395e-02
  1.8148424e-02
 -1.2113103e-01
 -3.0549409e-02
 -1.3994870e-01
  2.1281783e-01
 -2.3380889e-02
  1.7605180e-01
  3.5154067e-02
 -3.9258298e-02
 -1.0993098e-01
 -2.7325213e-01
  2.0357156e+00
 -5.7547831e-04
 -1.3567084e-01
  4.3520755e-03
 -1.3167968e-01
 -3.7496692e-01
  3.4098201e-02
  2.1026233e-02
 -5.6931131e-02
  2.3965226e-01
 -1.2183053e-01
  1.4038823e+00
 -1.2288002e-01
 -3.2389566e-02
  5.7235535e-02
 -3.1099007e-02
 -4.7464047e-02
  2.6787529e-03
  1.1466025e+00
  1.0492352e+00
 -2.5199190e-01
 -1.0040196e-01
 -1.7431466e-01
 -1.5914744e-02
 -9.9243626e-02
  3.5946123e-02
  3.1334564e-02
  1.9059370e-01
  6.2193856e-02
  1.3983087e-01
 -1.9695897e-02
  3.0621761e-01
 -4.1576974e-02
 -4.4295022e-01
  7.8042097e-02
  2.2794244e-01
 -7.5720531e-01
 -1.8544975e-03
  1.3228333e-01
  1.5444189e-01
  2.6090426e-02
 -3.9660919e-01
  1.2157330e-01
  5.4011453e-02
 -7.1562126e-02
  4.1687733e-01
  3.2975662e-02
  2.1649045e-03
 -2.7364200e-01
 -2.6324964e-01
 -6.7485794e-02
  4.1186902e-01
  2.1558934e-01
 -9.9933647e-02
 -7.3645204e-02
 -3.7546530e-02
 -1.4324594e-01
 -2.3864609e-01
  4.5575481e-02
 -9.4638124e-02
 -2.6882297e-01
 -4.8016816e-02
 -5.8755238e-02
 -3.5064239e-02
  3.1619903e-02
 -1.4106686e-01
 -2.9401256e-02
  1.1607133e+00
 -2.1814892e+00
  1.3981959e-02
 -1.9032481e-01
  6.3086458e-02
 -5.3133249e-01
 -2.6203430e+00
  8.1389500e-03
 -8.4954105e-02
 -1.6262243e-04
  9.1908067e-02
 -3.6937345e-02
 -5.8338583e-01
  7.4765566e-03
  4.5030370e-01
 -1.6230203e-02
  7.0545666e-02
 -3.6948701e-04
  1.8358927e-02
 -6.7273006e-02
 -4.3989986e-02
 -1.5501408e-01
 -4.1259304e-01
 -3.0050847e-01
  6.9647156e-02
  2.7815893e-01
 -1.4325692e-03
  1.8518254e-01
 -2.1490391e-02
 -2.9715559e-02
 -1.4266364e-01
  4.4739347e-02
  5.0400976e-02
  4.6729463e-01
 -4.0979865e-01
 -1.0165986e-01
 -7.3429924e-01
  3.0444509e-01
  2.6062065e-01
  2.6822105e-01
  2.4568701e-02
 -1.2572674e-02
 -1.0848342e-01
 -2.4061465e-01
  2.4925849e-01
  3.8526118e-02
 -1.1764076e+00
  3.3553138e-01
 -9.4878800e-02
 -3.7840754e-03
  1.2385724e-01
 -8.3581999e-02
 -1.8784121e-01
  2.7074146e-01
 -1.4691006e-01
 -3.4531098e-02
  4.0860390e-03
 -1.0891030e-01
  3.2338405e-01
 -2.9210482e-02
 -1.0060319e-01
 -5.4140911e-02
 -1.5840322e-01
  1.3059387e-01
 -1.9382798e-03
  6.1000329e-02
 -3.4770510e-01
  2.4119724e-01
 -1.2416940e+00
 -5.0491202e-01
  1.3994059e-02
  2.8356332e-01
 -3.8166037e-03
  2.4488047e-01
  1.1625135e-02
 -7.4046493e-02
  1.5032867e-01
  1.3390760e-01
 -5.9799727e-02
  1.0206821e+00
  1.0163771e-01
 -7.9767294e-02
  1.3532028e-02
  1.4030887e-01
 -4.5371331e-02
 -1.4557044e-01
  7.3764767e-03
 -1.1799815e-01
 -4.2639691e-02
  1.5974975e-01
 -1.0348332e-01
  9.1845170e-02
  2.8051686e+00
 -5.7248011e-02
 -5.4424447e-03
  2.6801631e-01
  9.1712512e-02
  1.1458966e+00
 -1.1859161e+00
 -1.1758465e-01
  1.1319778e-01
  7.7380873e-02
 -4.5830468e-03
  1.6146079e-01
 -2.2503784e-01
  1.6783619e-01
 -6.7475159e-03
 -2.6445955e-01
  2.0585506e-01
 -1.7189707e-01
  8.4170747e-01
 -5.8167958e-01
  3.1018330e-02
  1.1938308e+00
  6.1421281e-01
 -3.5774288e-01
 -3.3152800e+00
 -1.2361248e+00
 -1.3675503e-02
  1.4680984e+00
  1.8742949e-02
  9.6713290e-02
 -1.4001892e-02
  6.6317096e-02
  5.4296650e-02
 -3.9920318e+00
 -1.7049512e-01
 -1.1234463e-01
  2.0246758e+00
 -1.2276977e-01
 -4.0701922e-02
 -2.1697274e-01
 -1.9235080e-01
 -3.5512283e-01
  5.7000969e-02
 -9.6605197e-02
 -2.9062886e-02
 -8.0561331e-03
  5.1435612e-02
 -1.9181208e-01
  1.9426771e-01
  7.1549904e-01
 -6.0082298e-02
  2.2894610e-02
 -1.7257798e-02
  9.0652454e-01
  5.4778796e-02
 -5.6558261e-03
  3.4579036e-01
 -3.5543640e-03
 -1.1059184e-01
  1.0536692e-01
 -1.4724550e-01
  1.5072621e-02
  7.4551463e-02
  1.4402737e-01
  5.5511989e-02
 -2.1141477e-02
  2.5286812e-02
  2.7692411e+00
 -1.9896511e-02
 -4.3632209e-02
  6.4118132e-03
  1.7442986e-02
  2.2478625e-01
 -1.8408334e-01
 -2.0837712e-01
 -8.0557525e-02
  9.2542395e-03
  1.3414665e-01
 -5.0711232e-01
 -1.3941358e+00
  8.5619045e-03
 -3.9806832e-02
 -1.5252090e-01
  3.4361720e-02
  2.8688899e-01
  7.9136007e-02
  8.5313395e-02
  1.4694092e-01
  2.0310826e+00
  1.8055271e+00
 -1.1896413e-01
 -9.4954923e-02
 -1.0683783e-01
  8.0401212e-02
 -3.0731177e-01
  1.1430747e-01
 -5.4193143e-02
  6.4232074e-02
 -1.0341323e-01
 -1.4392531e-02
 -1.8818593e+00
 -1.0168436e+00
 -1.6330498e-01
  2.0851377e-01
 -4.1097581e-02
  1.3005553e-01
  2.1304908e-01
 -2.2493613e+00
 -1.2400486e+00
  5.7826791e-02
  6.7363694e-02
  6.9467463e-03
  6.2985101e+00
 -2.5434229e-01
 -8.2782008e-02
  7.2418936e-02
  4.1981019e-02
  5.3220343e-02
 -1.2122656e-01
 -3.4885544e-02
 -4.3773867e-02
 -6.3778698e-02
 -3.2129791e-01
  2.2928258e-02
 -1.2524080e-01
  2.5727722e-01
  5.9537411e-01
 -3.3096701e-01
  1.2381675e+00
  2.3195714e-02
  2.5390321e-01
  8.6072870e-02
 -5.1980335e-02
 -1.8448383e-01
  1.9254605e-01
 -5.5305012e-02
 -7.0148788e-02
 -2.0188839e+00
  1.4961411e-01
  2.5012913e-01
  3.3917602e-02
  1.4415184e-01
  2.8774714e-01
  2.2353673e+00
 -4.8398588e-02
  4.5002606e-02
  2.4252450e+00
  4.8839737e-02
  7.2301835e-02
  3.2480960e+00
 -2.1950550e-02
 -2.4751401e-02
  6.1751246e-02
  4.4897519e-02
  1.5806554e-01
  2.5217140e-01
  3.9665002e-02
  3.1168330e-03
  3.6157091e+00
 -4.2611104e-02
 -1.2237588e-01
  4.6870302e-02
 -8.3201140e-02
 -3.3038344e-02
  2.8131732e-01
  3.1983931e-02
  1.6535271e-02
 -2.8546022e-03
 -1.8013734e-01
 -3.2167930e-02
 -9.2147693e-02
 -6.2451586e-02
 -1.2056948e+00
  8.7666970e-01
 -2.3971310e+00
  2.7232797e+00
 -2.4309549e+00
 -6.8556438e-03
 -5.4357095e+00
 -1.0227377e+00
  2.1232505e+00
 -1.4081804e-01
 -5.7909712e-02
  3.3719465e-02
 -1.7761543e-01
 -5.0063644e-02
 -2.9453531e-01
 -3.1639986e+00
  8.3168320e-02
 -1.7286469e+00
  5.3169603e+00
 -1.6078953e-02
 -2.6545744e+00
  2.3216012e-01
 -1.5694958e+00
 -1.9443153e-01
  1.6887896e-02
 -6.9524860e-01
 -1.5205233e+00
  1.3301635e+00
  4.3727217e+00
  6.7380205e-02
 -3.3748353e-01
  1.2760613e+00
  2.5375118e+00
  3.2314312e-01
  6.9182601e+00
  3.9097900e+00
  1.3965003e+00
 -9.3826205e-03
  2.6651874e-02
 -4.5122463e-02
  1.9309732e-01
 -5.4537199e-02
 -1.7699012e-01
  1.1142232e-01
 -5.0519812e-03
  1.1160304e-02
  5.3063147e-02
 -3.4784809e-01
 -4.5027617e-01
  6.7816027e-02
 -1.9287165e-01
  9.4948988e-03
  6.7801648e-01
 -5.9109323e-02
 -1.0894194e-01
 -1.0285729e+00
 -2.2337243e-01
  5.0940509e+00
  1.8957125e-02
  1.2017572e-02
  1.7766571e-01
  1.2801194e-01
  1.3290218e-01
  4.7455709e-02
  3.6229331e-02
  5.9196688e-02
 -7.4681282e-02
 -3.6545956e-01
  3.6049407e-02
  7.8552894e-02
  5.2717910e-04
  8.0407821e-03
  1.0032579e-02
 -1.9171391e-01
 -9.8471552e-02
 -9.5678657e-02
  4.6694271e-02
 -5.7880861e-01
 -1.5573387e-02
  2.0953754e-02
  9.1040339e-03
  1.3048634e-01
 -1.5695953e-04
 -2.3036183e-01
  7.2947547e-02
 -7.6929085e-02
 -1.1036888e+00
 -2.0488238e-01
  2.4586671e-04
 -1.6848183e-01
 -4.7399852e-02
 -1.0705589e-02
  6.3564397e-02
 -1.2997547e-01
 -3.3958230e+00
 -4.5639981e-02
 -2.8020450e-01
 -5.6026388e-02
 -2.3590319e+00
 -4.4970751e-02
  3.9506521e-02
  1.1699769e-02
 -1.5410033e-01
 -2.3187660e-02
 -1.6183868e-02
 -8.6398400e-02
 -1.5568829e-01
  1.5413488e-02
  3.6499920e-01
  3.9925762e-03
  1.7973979e+00
  1.0262473e-02
 -1.0740168e+00
 -9.3096666e-02
  1.0751381e-02
  4.1369867e-02
  1.0439670e+00
 -6.2089194e-02
  1.2963772e+00
  3.2811856e-01
  3.4499127e-02
 -2.3763545e-03
 -5.4994266e-02
 -6.4442940e+00
  1.2617643e-01
  8.1789583e-02
  5.6773551e-02
 -8.8941187e-02
 -1.9017072e-01
 -2.5316997e+00
  1.8014212e+00
 -1.2618561e-01
  6.6505448e-04
  6.2755980e-02
  2.2186371e-02
 -6.6838702e-03
 -7.7727459e-02
  3.2113048e-01
  9.7568691e-02
 -8.2836926e-02
 -1.6091250e+00
 -1.4983788e-02
 -6.0608715e-02
 -1.6370459e-02
 -3.7708972e-02
  2.8328294e-02
 -9.0670452e-02
  2.6284081e-01
  1.7163463e-02
  1.7456257e-01
  1.3831377e-01
 -4.7508806e-02
 -1.6427281e-01
 -1.7475456e+00
  1.8863220e+00
 -1.9593247e+00
  3.0963094e+00
 -7.8563571e-01
  7.2646391e-01
  3.2174438e-01
  1.6629404e+00
  1.1542002e+00
 -9.6688211e-01
 -2.2793214e+00
  2.7959442e-01
 -1.4370294e+00
 -3.4137769e+00
  1.9399002e+00
 -5.1134534e+00
  1.1315926e-02
  5.3140461e-01
  2.5764387e-02
  3.7701461e-02
 -1.1546849e+00
  1.0566019e+00
  1.1482016e+00
  1.6414489e-01
  1.2277420e+00
 -1.3726157e+00
  6.4427274e-01
 -2.2577181e+00
  1.8970621e+00
 -7.9977649e-01
  1.6301271e+00
 -2.3193123e+00
  3.1169975e-01
 -8.3789593e-01
  6.9436300e-01
 -1.2494084e+00
  9.3416464e-01
 -2.3169950e-01
 -2.2557417e-01
  3.0996788e-01
  3.8467556e-02
 -4.3277971e-02
 -6.2940590e-02
  8.1443590e-01
 -4.9670763e+00
  3.1049060e-02
  7.1406871e-02
  9.3358522e-03
  1.1979795e-01
 -8.6791150e-02
  1.2397882e-01
 -1.0846173e-01
 -3.8492885e-01
  2.5993658e-02
 -1.3498232e-01
 -1.2234988e-01
  3.0699077e+00
 -1.0946669e-01
 -7.8430042e-02
 -1.9269690e-01
  8.6317705e-03
  2.0323278e-01
 -1.0351758e-01
  3.4516484e-02
 -3.5204259e-01
  2.8958182e+00
  3.9612349e-02
  3.7173193e-02
  2.8443286e-02
  6.6566700e-01
 -1.9121263e-02
  1.0981418e-01
  2.0319624e-01
  1.4928478e-02
  1.7096624e+00
 -2.9070130e-01
 -5.9065634e-01
  3.2653421e-02
 -1.2050339e-02
 -6.7794546e-02
 -5.1155812e-01
  5.3754705e-03
 -7.2434679e-02
 -3.9022002e-02
 -1.8225601e-01
 -1.6366303e-02
  6.8011928e-01
  1.5156575e+00
 -7.5083815e-02
  3.5194231e-03
  2.7059972e-01
 -4.9665920e-02
 -1.2127094e-01
 -2.2778933e-01
 -3.2146022e-02
 -9.6364796e-02
 -2.4469011e-02
 -2.8592390e-01
 -5.3671505e-02
  1.0146078e-01
  3.4295300e-01
  3.4691515e+00
  6.7217406e-03
 -2.3458621e-01
  2.0112146e-01
  7.4319750e-02
  2.0714676e-01
 -9.6839428e-02
 -8.7518591e-01
 -7.9354987e-02
 -2.2087145e-01
 -1.1113703e-01
  7.0226584e-03
 -6.4591840e-02
 -1.0973027e-01
  6.7158807e-03
 -1.7621160e+00
 -7.5042951e-03
  3.5551693e-02
  1.4368579e-01
  1.8738087e-02
 -7.6151311e-02
  2.3303043e-02
 -4.5850247e-02
  2.2838265e-01
 -2.8478913e-02
 -6.7729771e-02
  1.5280157e-01
 -1.3354733e-02
  6.9560982e-02
 -9.4508511e-01
  8.5031316e-03
  2.1070772e-01
 -1.9139807e-01
  3.0835824e-02
  1.3743189e-02
 -4.6024946e-03
 -8.7914273e-02
 -7.8488551e-02
 -1.4333801e-03
 -5.4826230e-01
  2.1309498e-01
 -8.8243084e-03
 -1.8867576e-01
  5.3803846e-03
 -1.7180963e-01
  1.8689212e-01
  4.6623230e-01
  2.5305241e-01
  3.6775863e-01
 -7.2410375e-02
 -2.2926641e-01
  7.0589061e+00
 -2.4804588e-01
  3.3194295e-01
 -2.7373388e-01
  6.5887296e-03
 -1.0136230e-01
 -1.8833625e-01
  2.3982250e-03
 -3.3190146e-02
 -5.3837234e-01
 -1.3244912e-01
  6.6991575e-02
 -7.2632447e-02
  1.2158966e-02
  2.2319491e+00
 -1.0231165e-01
 -2.8913535e-02
 -3.4405655e-01
  1.1698142e-01
 -1.3256690e-01
 -1.2436568e-02
 -1.6000789e-02
  3.1981325e-01
  6.7386134e-03
 -6.0710300e-02
  9.6730813e-02
 -9.5124282e-02
  1.9600162e-02
  1.1213994e-01
  6.8437524e-02
 -1.0903750e-01
  3.3987537e-02
 -2.5440540e-02
  9.1763195e-03
 -5.5260349e-02
  4.6099178e-02
  3.1411281e-01
  1.2204341e-01
  1.2280673e-02
  2.3943454e-02
  8.8041604e-01
 -3.8428504e-02
 -1.1978964e-02
  1.6409067e+00
  2.7143601e-02
  3.1460783e-01
 -7.0966661e-02
  8.2103007e-02
  1.2752622e-01
  2.9681334e-02
  1.3457893e-01
  2.6984289e-01
 -4.4214189e-01
 -1.1366975e+00
  4.0294266e+00
 -3.7539277e+00
 -2.3964882e+00
 -7.5488262e-02
  1.0451254e+00
  9.2615187e-01
  1.6494438e-01
 -1.7478426e-01
  4.3506670e-01
  1.1148678e-01
  4.2712845e-02
  1.8681630e-01
 -2.6759079e-01
 -3.6562793e-02
  6.5018229e-02
  1.0620389e+00
 -2.0481892e+00
 -2.9849715e+00
  3.6276735e-02
  2.0418966e-02
  1.4680313e-01
 -1.2540102e+00
  6.3127077e-01
 -1.3800128e-01
 -1.8312104e-02
 -3.0984548e-01
 -8.5761160e-01
  1.7093279e+00
 -2.0193210e+00
 -1.1795959e-01
 -4.9525282e-01
  1.5777382e-01
  5.3714108e+00
  1.2965381e+00
 -8.4027398e-01
  4.9536905e-01
  4.0196225e-02
 -1.2125649e-01
 -1.7994335e-01
  6.6371597e-02
  6.2718645e-02
 -1.1117430e-01
  1.0130211e-01
  9.4864517e-02
  6.4146675e-02
 -2.5890073e-02
 -1.5819134e-01
 -8.9800008e-02
 -4.8571210e-02
 -7.3099643e-02
  9.4069965e-02
 -2.1208797e-02
 -1.2322267e-01
  3.0298652e-02
 -1.9453293e-01
  9.8265558e-02
  6.7193180e-01
  3.2310341e-02
 -2.5926185e-01
  3.5370834e-02
  2.4566306e-01
 -1.0261804e-01
  2.8474781e-01
  1.4162932e-01
 -2.3560872e-02
  4.1465040e-02
  2.4975953e-01
 -1.4995445e-03
 -2.9725009e-01
  6.5839326e-01
 -1.3642624e-01
 -2.7193764e-01
 -2.3078652e-01
  3.6841476e+00
  1.7923899e-02
 -7.3423065e-02
  2.2943707e-02
 -3.1257185e-01
  5.4224934e-02
 -7.4904233e-02
  2.9891120e-02
  2.0387831e-01
  6.8011634e-02
 -3.4534782e-02
  2.9002432e-02
 -6.0847238e-02
  1.8780788e-03
 -9.7926576e-03
  4.4271817e+00
 -1.6344266e-02
  1.0094598e-01
  4.0559921e-02
 -7.4905455e-02
 -1.2761036e+00
 -9.6974634e-03
 -3.9675435e-01
  2.3144856e-01
  7.2653331e-02
  4.1738778e-02
  7.2296201e-03
 -1.2967865e-01
 -3.4234321e-01
 -1.2328696e+00
  7.9336092e-02
  5.7635814e-02
  1.1652645e-02
 -5.0653450e-02
  2.6872075e-01
  1.3178004e-01
 -1.8717755e-01
 -8.7469250e-02
  1.5256932e-02
 -3.3190885e-01
  1.4051066e-01
 -1.4355758e+00
 -1.5929209e-01
 -1.8625714e-01
  1.8388589e-01
 -1.3320966e-01
 -2.0008670e-02
 -3.8525444e-01
  6.7076765e-02
  1.8382326e-01
 -2.4454945e-01
  7.4975446e-02
  2.3722388e-01
  1.2901986e-01
  5.2265453e-01
 -3.7388574e-02
 -2.5682384e-02
 -1.8947256e-01
 -1.2713621e-02
  1.6705546e+00
 -1.5202479e+00
  8.6749613e-02
  8.5458502e-02
 -2.0385978e-01
 -3.6052809e-04
 -5.1300548e-02
  2.5505748e+00
 -6.5645725e-02
  1.6022325e-01
 -6.1985839e-02
 -2.5091949e-01
 -9.8675244e-02
 -4.2441145e-02
 -1.8387094e-02
 -3.7913561e-02
 -2.4921687e-03
 -1.3261308e-01
  2.3985462e-02
  2.0485115e-01
  3.8433440e+00
 -3.9775071e+00
 -2.4159360e+00
  2.5757959e-01
 -1.1471577e+00
 -2.9206887e-01
  9.8581749e-01
  1.8840395e+00
 -4.5489204e-01
 -2.1736425e-01
 -5.3172889e+00
 -9.3172044e-01
 -1.2734710e+00
  1.2278701e-01
  2.4391001e-01
 -1.1465157e-01
 -7.7518100e-01
  8.8622081e-01
  2.9478624e-01
  8.8546202e-02
  8.9098491e-02
 -1.9722198e+00
  8.8235271e-01
 -1.3855276e+00
 -1.6185687e+00
  1.9120920e-01
  5.3575385e-01
  9.3155015e-01
  5.0852478e-02
 -1.8937418e-02
 -6.8522319e-03
  2.7230680e-01
 -1.1190506e+00
  2.1369149e-01
 -1.1515528e+00
 -1.8228810e+00
 -4.4493139e-02
 -1.9672908e-01
  7.7752131e-03
 -5.3595616e-03
  2.4912314e-02
  3.1062439e-03
  5.0966758e-01
  5.3313870e-02
 -1.5378626e-01
 -1.1750436e-01
  4.7568008e-02
  1.0757614e-01
  1.6846502e-01
  7.4385500e-01
  1.5272701e-02
  1.9115335e-01
 -7.4374087e-02
 -9.3540192e-01
 -9.7105525e-02
 -2.8460699e-03
  9.1899383e-01
  2.2259280e-02
 -5.4369872e-03
 -3.4291916e-02
  1.2084646e+00
  4.7890048e-02
 -1.6009398e-01
  6.8810694e-02
  5.4494906e-02
  1.7008718e-02
 -2.9337865e-01
 -4.4865616e-02
 -1.5172459e-02
  2.4101041e-01
 -2.0556967e-01
 -2.8941097e-02
  5.0451440e-01
 -8.8384070e-02
  8.0247660e-04
 -3.3405893e-02
 -1.0995498e-01
  1.3661726e-02
  1.1677262e-01
 -7.4179210e-02
  1.3406377e-01
 -6.8734102e-02
 -3.2629737e-01
 -1.8781228e-01
 -7.9370067e-02
 -1.7288314e-02
  1.8809402e-02
  1.1798020e-01
 -1.3075962e+00
 -2.0535564e-02
  1.6124423e-01
  7.3497832e-02
  3.4172393e-02
  1.5117426e-01
 -1.4336827e+00
 -1.2956999e-01
  1.0731281e-01
  2.7580133e-01
 -1.1339671e-01
 -9.9387333e-02
 -3.3595290e-02
  3.5594447e+00
 -1.3937898e+00
  6.7088097e-01
  2.8504949e+00
  8.4115875e-01
  4.8130333e-02
  8.2518047e-01
 -1.8387642e+00
 -1.3021737e+00
  9.2130199e-02
  4.2202096e-02
 -1.0049614e-01
  9.0211675e-02
  1.4777555e+00
 -1.7322718e-01
 -1.2857433e-01
 -1.9037764e+00
  1.3945781e+00
  2.1285191e+00
  2.1247222e+00
  2.2398736e+00
 -5.3955573e-01
 -2.2805375e-01
  1.4573809e+00
  5.4088444e-01
 -1.5715797e+00
  7.3723000e-01
 -5.4164809e-01
 -2.3636909e-02
 -1.8485894e+00
 -1.1760232e+00
 -2.6188282e-02
  4.5072101e-02
  5.3328726e-02
 -6.5364249e-02
  9.0980124e-01
 -5.9351283e-01
 -1.2449834e-01
  2.3583457e-01
 -2.8757471e-01
 -3.0692486e-02
  2.0578769e-01
  1.2934937e-02
  1.3457356e-02
 -1.3476630e-01
 -1.2940763e-01
  1.9569022e-03
 -4.0978134e-02
 -1.8307689e-01
  8.0304570e-02
 -1.1920246e-01
  8.5016070e-03
 -3.3493194e-01
  3.4998798e-01
  1.2797913e-01
 -4.9196991e-01
 -5.3268079e-02
 -1.4344726e+00
  1.1648310e-02
  2.2159964e-02
 -1.1386650e-01
 -1.5362871e-01
 -1.0872560e+00
 -1.8650439e-01
  1.1753579e-01
  3.2289617e+00
 -1.4627326e-01
 -2.6442915e-02
  7.5173065e-02
  3.3373544e-01
  1.8990140e-01
 -4.3787545e-01
  1.8790521e-02
  7.2715893e-02
  3.6441676e-02
  1.5775573e-01
 -1.2413882e-01
 -7.2412349e-02
 -4.2128861e-02
 -1.3488741e+00
  1.3092321e-01
  3.0008963e-01
  2.8880183e-02
  1.3339560e-01
  6.5144703e-02
  1.8022288e-01
  4.1085253e+00
  3.3868566e-01
  1.1164896e-01
 -8.8823944e-02
  5.4235063e-02
 -1.9129519e-01
  7.9216756e-02
  4.8170850e-02
  2.5817864e-02
  3.0509303e+00
  2.8549188e-01
 -3.4545159e-01
 -1.5992076e-03
  2.1892568e-02
 -4.2795472e-02
  7.7953897e-02
  7.5807196e-01
 -9.3919760e-01
 -1.6724074e+00
  2.5465844e+00
  3.6041563e+00
 -1.2776465e+00
  2.0462291e+00
  1.1750222e+00
  2.5398586e+00
  4.3446183e-01
 -2.0508900e-01
  1.8395488e-01
 -1.0499218e+00
 -2.1391609e+00
  1.9442703e+00
 -8.3296522e-02
 -1.0908288e+00
  3.2726460e+00
  2.3620381e+00
 -6.1464810e-01
 -2.0912831e+00
  3.7726729e+00
  4.3944912e+00
 -2.6058583e+00
  6.9269103e-01
 -3.0502772e+00
 -6.3545856e+00
 -3.8860033e+00
  1.5777585e-01
 -9.3437868e-01
 -2.4476769e+00
  2.4072218e+00
 -2.1776159e+00
 -5.5679054e+00
  2.6633825e+00
  1.9967964e+00
  1.9531146e-01
  8.7828571e-03
 -4.7480649e-01
  6.5755963e-01
  1.5479264e+00
  1.0001285e-01
 -8.5012275e-01
 -5.6548685e-02
 -6.8159647e-02
  1.2018406e-01
 -4.6039108e-02
  1.5897468e-01
  2.1333051e-01
 -3.7846799e-04
  3.6805097e-02
 -1.4078188e-01
  3.2971542e-02
  3.2616775e-02
  7.1083426e-01
  6.9396377e-02
  6.3456607e-01
  2.9807615e-01
 -6.1599340e-02
  2.7380561e-02
  1.5738076e-01
 -1.7481677e-01
 -8.3456647e-01
 -7.7456392e-02
  5.6498203e-02
 -1.9972809e-01
 -6.3637927e-02
 -5.2641641e-02
  1.7207794e-01
 -4.8996001e-02
 -2.2728771e-01
  1.6198665e-03
  2.3998970e-03
  1.1568081e-01
 -1.6927993e-01
  1.7945738e-01
  6.1341487e-02
 -3.9003666e-02
 -1.7535899e-02
 -7.7108152e-02
 -4.1701684e+00
 -1.5291677e-02
 -1.4924118e-01
 -6.6936858e-02
 -8.5372128e-02
 -7.1980730e-02
 -2.6220244e-01
  1.6045037e-01
 -9.0345033e-02
  1.8664968e-01
  7.1450368e-02
 -1.7067977e+00
 -3.1841972e-01
 -6.6497636e-01
 -8.0260798e-02
  5.0595915e-01
  1.1754163e-01
  8.0187753e-02
 -3.0827105e-02
  8.6998269e-03
 -3.9233092e-02
 -1.8812995e-01
  3.1896834e+00
 -2.9371250e+00
  2.6428699e+00
 -1.6854953e+00
 -2.2895806e+00
 -2.5482123e+00
 -3.7608976e+00
 -3.1959352e+00
  2.9129493e+00
  3.1840138e+00
 -6.3331395e-01
 -2.9350863e+00
 -4.0637973e-01
  2.5994906e+00
 -3.2593784e+00
 -1.3338901e+00
 -2.8368037e+00
 -2.2586942e+00
 -3.4782600e+00
  3.5906165e+00
 -1.2341887e+00
 -2.5529718e+00
  2.8821132e+00
 -3.4647515e+00
 -3.3552227e+00
 -3.2611642e+00
  3.4219339e+00
 -1.8112670e+00
  2.7510095e+00
 -3.7036808e+00
  2.1743002e+00
  1.4292271e+00
 -3.1034436e+00
  4.6552787e+00
 -2.5591848e+00
  3.9688253e+00
  3.1111293e+00
 -4.3456955e+00
 -3.0868390e+00
  1.6587579e+00
 -2.9828627e+00
  2.4403689e+00
  3.5192301e+00
  3.3473015e+00
  1.4846537e+00
 -1.8176419e-01
  4.3724051e+00
  3.7787733e+00
  1.4328090e+00
 -3.1474035e+00
  1.9398533e+00
 -2.8619881e+00
 -2.9639075e+00
 -3.3318384e+00
  3.2304187e+00
 -2.9534836e+00
  2.6440017e+00
  2.9069743e+00
 -8.0835521e-01
 -2.8796427e+00
 -3.0613604e+00
  3.2335985e+00
  2.9694037e+00
 -2.6250761e+00
  2.3410988e+00
 -4.6514678e+00
  1.0182672e-01
  2.3659973e+00
  4.1019239e+00
 -4.1528187e+00
 -3.2175953e+00
 -1.0785671e+00
 -1.5481468e+00
 -2.1047170e+00
 -3.0699768e+00
  2.6489372e+00
  3.0889924e+00
 -3.8123732e+00
  2.2777474e+00
 -2.3859158e+00
  2.8044324e+00
  1.3453724e+00
 -4.8997021e+00
 -3.5307088e+00
 -6.3333255e-01
 -2.5404294e+00
 -2.7084439e+00
 -1.2254370e+00
 -3.3419316e+00
  3.2152410e+00
 -3.5352156e+00
  1.6273222e+00
  3.7527266e+00
  3.7636521e+00
 -1.7010196e+00
 -3.0840464e+00
  1.1878731e+00
  3.1851077e+00
  7.0786178e-01
  2.6885579e+00
 -1.2854420e+01
  9.4615183e+00
 -1.0377777e+01
  1.0660903e+01
  8.1824942e+00
  9.9009457e+00
  1.8773256e+01
  8.2488899e+00
 -1.4910628e+01
 -1.0436813e+01
  4.1185045e+00
  1.4289382e+01
  8.5594249e-01
 -8.8990688e+00
  7.6266723e+00
 -7.8854901e-01
  1.4211256e+01
  1.1789475e+01
  1.3495233e+01
 -1.5238929e+01
  2.5190990e+00
  5.7995939e+00
 -5.2266545e+00
  4.1213460e+00
  1.3788775e+01
  1.6618662e+01
 -9.6296167e+00
  2.2225548e+01
 -1.0946123e+01
  1.2416604e+01
 -6.4011683e+00
  5.3898752e-01
  6.2486811e+00
 -6.6250052e+00
  9.7172003e+00
 -8.1428461e+00
 -1.1661198e+01
  1.2609921e+01
  3.5081191e+00
 -6.7238426e+00
  1.3980441e+01
 -8.9336805e+00
 -1.2772915e+01
 -8.7955446e+00
 -1.1204343e+01
  2.8976607e-01
 -1.0620604e+01
 -1.4706675e+01
 -3.1618983e-01
  1.1996461e+01
 -1.5994943e+01
  1.4510273e+01
  7.0385461e+00
  1.6397303e+01
 -1.6870686e+01
  9.9196854e+00
 -6.0530996e+00
 -5.4356484e+00
  8.1977444e+00
  8.9988775e+00
  1.2518544e+01
 -1.4963047e+01
 -8.4108257e+00
  5.7319713e+00
 -7.0921979e+00
  1.8334705e+01
 -1.7351828e+00
 -6.2227569e+00
 -8.8617506e+00
  1.6627750e+01
  9.0010214e+00
  2.2045777e+00
  1.2000440e+01
  5.4251313e+00
  1.0804293e+01
 -1.2282207e+01
 -1.0181702e+01
  6.9972920e+00
 -5.7261615e+00
  1.0078083e+01
 -1.0281716e+01
 -1.3502463e+00
  1.4366709e+01
  1.5019422e+01
  1.0933677e+00
  1.0147308e+01
  3.9242320e+00
  5.1038690e+00
  1.3426924e+01
 -2.1248011e+01
  1.5440210e+01
 -1.8184701e+00
 -1.3839076e+01
 -1.2015798e+01
  1.3578569e+01
  1.0849076e+01
 -5.5480504e+00
 -1.3761788e+01
  2.0440798e+00
 -9.6588860e+00
  9.3871625e+02
 -1.3509187e-01
  3.5606272e+00
  2.4345455e+00
  1.6000896e+00
  6.8706374e+00
 -5.0078535e-01
  1.9025241e+00
  2.4219409e-01
  3.1253352e+00
 -6.4878221e+00
 -7.3629212e-01
  2.2241335e+00
  3.6675718e-01
  4.1308084e+00
  4.0323758e-01
 -1.7799301e+00
 -8.4331197e-01
  1.3278731e+00
 -2.4515462e+00
 -5.9618516e+00
  8.8077110e-01
  1.5092198e+00
  2.6586080e+00
 -1.8496455e+00
 -1.7923051e-01
  5.0924820e-01
  1.7960019e-03
  3.4699883e+00
 -1.0238438e+00
 -6.1688340e-01
 -1.2700298e+00
  2.4618919e+00
 -4.9464592e-01
  1.7312834e+00
  3.2848597e-01
  2.0873451e+00
  3.5312831e-01
 -3.1776977e-01
 -1.9200134e+00
 -2.6250556e+00
 -6.5561819e-01
 -1.7501684e+00
 -5.9477681e-01
  7.3679405e-01
 -8.2629722e-01
 -1.8482988e+00
 -1.2221128e+00
  5.2800828e-01
 -9.5641857e-01
 -4.0336201e-01
  4.4211519e-01
 -1.1163436e+00
  9.9776709e-01
  2.1249182e+00
 -2.2041571e+00
  3.8121614e-01
 -1.6299376e+00
  9.7500057e+00
  2.5347733e+00
  2.3883374e+00
 -5.0768504e+00
 -1.1373706e+00
 -1.5497820e+00
 -1.9519314e+00
 -3.4137247e+00
 -3.3246167e+00
  9.0934396e-01
  1.0684812e+00
 -3.9050033e+00
  4.8674617e+00
  2.3982587e+00
  1.2848175e+00
  1.0473348e+00
 -2.2303581e+00
  7.9554379e-01
 -5.6738257e-02
 -2.9672661e+00
  6.8498921e+00
 -6.3337791e-01
 -5.4971180e-03
 -4.0926509e+00
  4.0592089e+00
  1.0180093e+00
  1.5717238e+00
 -2.6823628e+00
  7.2522230e+00
 -2.6600649e+00
 -1.0990009e+00
  3.8075444e-01
  8.4045058e-01
  5.9462871e-02
 -9.3652880e-01
 -6.3079447e-01
  2.9601045e+00
 -2.3571692e+00
 -5.6086016e-01
 -1.7874779e+00
 -3.3505190e-02
 -3.1552949e+00
  1.3946080e+00
 -5.8771527e-01
  3.2813630e+00
  1.9402614e+00
  8.0381088e-02
  7.3116046e-01
  2.1123114e+00
  2.0614662e+00
  2.4338751e+00
  6.7902225e-01
  2.8980622e+00
 -6.0711355e+00
 -1.0520972e-01
 -6.5793169e-01
 -7.5045233e+00
 -1.8731426e+00
  2.4766614e+00
 -1.9172753e+00
  7.5207800e-02
 -1.9462692e+00
 -2.9233830e+00
  7.8664458e-01
  2.6896639e+00
 -3.1258371e+00
 -2.8824480e+00
  3.1845875e+00
  5.4262938e+00
 -2.2100754e+00
  1.2494720e+00
 -2.0709178e-01
  3.2476106e-01
 -4.7865790e-01
  4.9890590e-01
  5.0595397e-01
  9.3674450e+00
  5.0871408e-01
  1.3143158e+00
  1.8613948e+00
  2.1655157e+00
  5.1600230e-01
  4.9542584e-02
 -2.6823503e-01
  3.3570640e+00
  1.5673789e+00
  1.6985106e+00
 -1.6240696e+00
 -7.6974475e-01
  5.1173365e-01
  1.3610895e+00
  2.3837137e+00
  3.1917796e+00
  6.6605218e-02
  1.8459563e+00
 -1.9135209e+00
  1.4920171e+00
  1.5114244e+00
  9.4446754e-01
 -1.9070750e+00
  2.8631811e+00
  9.8772991e-01
  2.9309180e+00
 -2.9462562e+00
 -5.4650230e+00
 -2.6611817e-01
 -6.4188738e+00
  5.3354139e+00
  5.7135811e+00
 -1.5945387e+00
  1.1775477e-01
  3.4152696e+00
 -2.4325087e+00
 -4.3695726e+00
  2.3386178e+00
 -8.9510717e+00
 -2.8001328e+00
 -3.0527143e+00
  1.9785095e+00
 -2.7042503e+00
  6.0986261e+00
 -2.5877854e-01
  5.8356148e-01
  2.2410288e+00
 -5.3076954e+00
  9.7011459e-01
  2.6530530e+00
  4.6844978e-02
  1.3660617e+00
  2.3468728e+00
 -2.5597577e+00
 -2.1424494e+00
 -4.5983739e+00
 -2.7302270e+00
 -1.6520400e+00
  1.6516504e+00
 -1.1292937e+00
 -2.6207604e+00
 -1.2774704e+00
 -1.1730146e+00
 -1.3850441e+00
 -1.3874695e+00
  3.3134240e-01
 -1.4745808e+00
  4.1712866e+00
 -1.5745217e+00
 -1.8742321e+00
 -1.9075838e+00
  1.3254417e+00
 -3.9269105e-01
 -8.9110948e-02
 -1.7270344e+00
  8.6219460e-01
 -4.6322206e-01
  1.9576043e+00
 -1.0692964e+00
  2.8024752e+00
 -2.7854545e+00
  2.9341094e+00
 -1.5892761e-02
  4.4289765e-01
  1.3640890e-01
 -2.6690321e+00
  7.5128585e-01
 -5.5363977e-01
 -1.3873000e-01
  3.6586595e+00
  1.2866708e-02
  7.1893239e-01
  4.7667850e-02
  1.0024695e+00
  6.1085606e+00
  2.5007470e+00
 -2.0737824e+00
 -1.3243730e-01
  1.9729496e+00
  4.9773744e-01
 -2.6484327e+00
 -4.4132897e-01
 -2.0048909e+00
 -4.2017508e+00
 -5.7872277e-01
  3.4037049e+00
  2.0944974e+00
 -1.2767346e-01
 -3.1536572e+00
  1.4018791e+00
  1.4232595e+00
  2.2086833e+00
  2.4804372e-01
  1.8420759e+00
 -2.9264300e+00
 -5.5031145e-01
  2.6826074e+00
  9.3257499e-01
  2.0917320e-01
 -1.5847452e+00
  3.3605640e+00
 -6.3618749e-01
  2.1608455e+00
  1.7023376e+00
  7.2003293e-01
  1.6295187e+00
  1.9312712e+00
  1.7734243e+00
  2.7484889e+00
 -2.4189463e+00
  8.1891125e-01
 -5.4832089e-01
 -8.3270329e-01
  3.9905433e-02
 -2.4792366e+00
  4.9590287e+00
  4.5647573e+00
  2.8652364e-01
  6.5802372e-01
  1.7025144e+00
 -2.6477559e+00
  3.7519081e+00
  3.0683358e+00
 -5.4365239e+00
 -9.9809825e-01
  1.3480659e+00
 -3.9935126e+00
 -7.1015090e-01
  6.7188066e-01
  4.1334769e-01
  1.1302937e+00
  5.9271307e+00
 -3.9819354e-01
  1.0008531e+00
  7.8797624e-02
  1.7345854e+00
 -1.4200636e+00
  1.8638129e+00
 -1.4413855e+00
 -1.7765602e+00
 -7.0169598e-01
  1.3139180e+00
 -1.4735630e+00
  7.7348250e-01
 -2.0141869e+00
 -1.1269444e+00
  4.8633912e-01
  3.6944726e+00
  3.5171743e-02
  1.8829442e+00
  7.0337009e-01
 -1.5095013e+00
 -3.3263823e-01
  3.7434426e-01
 -1.6607156e-01
  9.7936213e-02
 -3.3448308e+00
  1.7367448e+00
 -3.1726522e+00
 -1.6831858e-01
  2.3535588e+00
  4.8217177e+00
 -3.5909060e-01
  5.2094779e+00
  2.9667690e-01
 -9.4423437e-01
  1.8423953e+00
 -3.4114838e+00
 -1.6914512e-01
 -1.2491800e-01
 -2.1701348e+00
  2.6668465e+00
  6.3133486e-02
 -1.2021390e+00
  6.9204247e-01
  9.7425699e+00
  3.9631047e+00
  9.8063225e-01
  1.3552449e+00
  1.3200887e+00
 -9.3949604e-01
 -2.1851287e+00
  2.8676312e+00
 -2.2085464e+00
 -2.5265086e+00
 -1.6059555e+00
 -1.9292279e-01
  2.9262090e+00
  2.5333972e+00
 -2.9113822e+00
 -6.7767602e-01
  3.7950820e-01
  2.5175898e+00
  4.1029647e-01
  1.3766011e+00
  7.0629865e-01
 -1.6489143e+00
 -6.4733672e-01
  9.2778838e-01
  1.0082889e+00
  3.7277055e+00
  2.6419699e+00
 -1.1230425e+00
 -2.2126603e-01
  2.0759523e+00
 -1.4367765e+00
 -1.2842875e+00
 -2.1437669e-01
  1.7901855e+00
 -4.7772345e-01
  5.7805616e-01
  1.5424871e+00
  1.6716106e+00
  4.2229261e+00
 -3.4437811e+00
  3.8646436e+00
  2.7072682e+00
  6.9540608e-01
 -5.6660980e-01
  8.8215625e-01
  5.6130571e+00
 -4.8257699e+00
 -1.1864325e+00
  2.5921881e+00
  5.9450543e-01
 -2.9169874e+00
 -3.5866332e-01
  8.2442217e+00
 -1.3614224e+00
 -3.0900130e-01
 -4.1130238e+00
  3.0132551e+00
  6.6442221e-01
  1.9332037e+00
  2.7305323e-01
  1.7233900e+00
  3.0062902e-01
  3.0686233e+00
 -2.2822900e+00
  5.3619713e-01
 -1.5527920e+00
  3.4088268e+00
  1.0432649e+00
  7.0617110e-01
  6.9035125e-01
 -7.3234928e-01
 -2.2323565e+00
  1.7319838e+00
 -9.2229950e-01
 -3.6697199e+00
 -1.3226967e+00
  9.2012011e-02
 -2.8808506e+00
  9.5893955e-01
  1.5699180e+00
  9.4210798e-01
  2.4733527e+00
  5.3302497e-01
  5.4825068e-01
 -1.8408533e+00
 -1.8729494e+00
 -1.0759957e+00
  2.1020396e+00
 -1.1147600e+00
  1.4829341e+00
 -1.6079989e-01
  1.2827315e+00
  1.3110645e+00
 -1.4910203e+00
  3.0181584e+00
  1.1218750e+00
 -6.4059234e-01
  2.8486025e+00
  1.8552624e+00
 -3.9329393e+00
 -3.7505054e+00
 -2.8170011e+00
  7.5489247e-01
  2.7217606e-01
  1.4219332e+00
 -4.5063031e-01
  3.6230218e+00
  2.0744072e-01
  1.2742167e+00
  1.6456805e+00
  2.8456354e+00
  1.2697836e+00
 -3.7005374e+00
 -1.0409225e+00
  2.9496112e+00
  1.6433736e+00
  3.1844524e-01
  9.0114701e-01
  1.1188465e+00
  2.6285074e+00
 -5.0595272e-01
  9.6985054e-01
  6.1916795e+00
  4.1963372e+00
 -2.0599961e+00
 -1.4701418e+00
  1.1795628e+00
  1.9037947e-01
 -1.9276425e+00
  1.0393693e+00
 -2.3385005e+00
  1.1422292e+00
 -1.6917993e+00
 -2.9004696e-03
  1.1954316e+00
  1.9180791e+00
  2.5426593e-01
 -2.4376628e+00
  4.1929767e-01
  1.8991257e+00
  4.2973609e+00
  8.4563392e-01
  6.5579313e-01
  2.0380206e+00
  2.3639059e+00
  1.6773653e-01
  2.2212291e-01
  1.0713675e+00
 -4.3424845e+00
 -9.9336165e-01
  5.1990337e+00
  9.0247798e-01
 -1.3085254e+00
 -5.3216070e-01
 -1.0292040e+00
  3.2250947e-01
  2.9520285e+00
  5.1963061e-01
  2.8186150e+00
 -3.4876707e+00
  1.2791839e+00
  8.2629400e-01
 -3.1757202e+00
 -1.9772422e+00
 -7.3047745e-01
 -5.1371878e-01
  1.8112653e+00
  8.6483198e-01
 -2.5076027e+00
 -2.0989735e+00
 -1.3651088e+00
 -1.4913790e+00
  4.1683730e-01
  7.2807175e-01
  3.9399168e+00
 -2.9045072e+00
  1.2238224e+00
 -1.2828270e+00
 -7.4260481e-02
 -1.7350940e+00
  2.2354849e-01
 -8.6701624e-02
  3.4902185e-01
 -2.2995825e+00
 -2.8838830e+00
  3.6813786e+00
 -1.7272817e-01
 -1.2150284e+00
  3.6133053e+00
  2.4846518e+00
 -2.5614514e+00
 -1.4371928e+00
  2.0763953e+00
 -3.4233071e-02
 -2.9357328e+00
  1.4185908e+00
  4.7343132e-01
 -1.3240905e+00
 -7.5491625e-01
  4.2384062e+00
 -1.5219286e-01
 -2.9505491e+00
  1.0357867e+00
  1.0533574e+00
  1.7020029e+00
 -1.6042453e+00
 -1.5291542e+00
 -1.0953035e+00
 -2.7984756e-01
 -2.6909800e+00
 -1.9432820e+00
 -1.5833653e+00
 -1.8706141e+00
 -4.0250084e-01
  1.4143696e+00
 -9.6573597e-01
 -1.4242482e+00
 -2.8247815e-01
  5.4303259e-01
 -9.3756658e-01
  2.0643264e-01
  8.9621967e-01
 -4.0771082e-01
 -4.9846377e-02
 -1.9551219e-01
 -1.7575668e-01
 -7.3872191e-01
  1.1798152e+00
  4.5286056e-01
 -1.1532668e+00
 -8.9549488e-01
  3.7146494e+00
  1.8076699e+00
 -2.4555302e+00
  1.6459610e+00
 -5.1654291e+00
 -5.7487264e+00
 -6.4875728e-01
 -5.1507950e-01
 -2.8062713e+00
  2.2979274e+00
  2.3142273e+00
  1.6390942e+00
  3.3125396e+00
  2.9935544e+00
  4.6346717e+00
 -3.3395727e+00
  2.0589325e+00
  6.3733774e-01
  1.6722130e+00
 -1.2361424e+00
  1.6339843e+00
 -1.4674705e+00
 -1.2473064e-01
  1.5455213e+00
 -8.9903772e-02
  7.7410358e-01
 -1.2313662e+00
 -2.3721514e+00
  3.6032864e-01
  1.5964381e+00
  2.3582985e-01
  7.4020940e-01
  5.2925372e-01
  1.0367216e+00
  6.6029942e-01
  3.5287707e+00
  7.5392985e-01
 -3.8020113e-01
  7.7693117e-01
  1.2499985e+00
  2.8917366e-01
  7.0788133e-01
  1.3915529e+00
  2.1373825e-01
  1.7745624e+00
 -1.6588384e+00
 -4.7952312e-01
 -5.6635380e-01
 -1.5063440e+00
  1.3324227e+00
 -8.9232033e-01
 -1.9343110e+00
  2.2848668e+00
 -3.5092199e-01
  3.3831453e-01
  1.3951676e+00
  6.5466553e-01
  1.2092141e-01
 -2.1413374e+00
 -3.9755967e-01
 -8.2890695e-01
 -6.0433567e-01
 -3.1029069e+00
  8.0798692e-01
  1.6771492e+00
  2.8245327e-01
 -8.1490839e-01
  3.1380601e+00
  1.4129558e+00
  1.0477587e+00
  2.0769118e-01
 -3.8476646e-01
  1.3228287e-01
  1.1402119e+00
  1.3415641e-01
 -3.4064894e+00
  3.7474805e-01
 -1.7683898e+00
  1.4117475e-01
 -1.1804572e+00
  5.5749059e-02
 -1.6726645e+00
  1.4773335e+00
 -2.5594193e-01
  7.7553487e-01
 -3.1079278e+00
  1.8418437e+00
  9.7378021e-01
  2.9214051e-02
  7.4129200e-01
 -2.0501815e-01
 -3.9479818e+00
  2.6049538e+00
 -1.7949287e+00
  3.7909317e+00
  3.1662226e+00
  2.2470217e+00
  2.2637112e+00
  2.6797453e-01
  4.1152021e-01
  2.0053003e+00
  2.3345318e-01
 -3.0749371e+00
 -2.6676381e+00
 -1.4167225e+00
 -9.9337840e-01
 -7.3619056e-01
 -1.4054563e+00
 -9.6817362e-01
 -2.0720122e+00
  4.5215982e-01
  2.3282952e+00
  9.5646590e-01
 -1.0429178e+00
 -1.5089861e+00
  3.3176970e-01
  1.0860566e+00
 -9.7652686e-01
 -2.1072311e+00
 -3.1616695e+00
  1.3944263e+00
  4.1784918e-01
 -1.3305225e+00
 -3.0706434e+00
  1.4904737e+00
  2.5502121e-01
  5.4978877e-03
  4.9684923e-03
 -8.2222837e-01
  3.1082428e+00
 -6.5338641e-01
 -1.3284197e-02
 -6.0692835e+00
 -2.4656878e+00
  3.3740778e+00
 -3.9068067e+00
  5.4729943e+00
  4.9379449e-02
  1.3033845e+00
 -2.0476785e+00
  1.6111486e+00
  1.0117462e+00
 -1.0039825e+00
 -1.8137994e+00
  9.7498782e-02
 -1.1959754e+00
 -7.4576360e-01
  5.3275681e-01
 -1.2569979e+00
 -2.0036485e+00
 -1.7271399e-01
  7.0164859e-01
 -8.9100458e-02
  1.8121686e+00
  6.1823487e-01
 -1.9592839e+00
 -2.6553113e+00
  1.1049209e+00
 -7.9567373e-01
  5.9722358e-01
  8.7265188e-01
  6.6615009e-01
  8.5895634e-01
  1.0604612e+00
  2.8032458e+00
 -1.3503011e+00
  1.5577331e+00
 -3.1644940e-01
  1.6692166e+00
 -1.5020843e-01
  1.8032725e+00
 -1.3249948e+00
  3.6747437e+00
 -3.2413299e+00
 -5.5786413e-01
 -3.1621454e+00
  2.7159326e+00
  4.2090588e+00
  6.5086067e-01
 -3.2322495e+00
 -4.6828647e+00
 -2.1798317e+00
 -2.1195118e+00
  2.4541338e-01
 -2.2300062e+00
  2.3271794e+00
  6.1876982e-01
  3.4033394e+00
  7.8364134e-01
 -1.3182050e+00
  8.4026910e-02
 -2.7864480e+00
  4.6299893e-01
 -5.8299810e-01
  7.3049575e-02
  5.0505239e-01
 -2.6260498e+00
 -2.4563410e+00
  1.5124807e-01
  1.8485096e-01
 -1.5980452e-01
  3.9769535e+00
 -1.4566808e+00
  4.0511270e-05
  8.3065689e-01
  6.2493932e-01
  6.6941613e-01
 -6.8660128e-01
  1.1649458e-01
  2.0052760e+00
 -7.3427701e-01
  1.5832332e+00
  2.3170316e-01
 -2.5840497e+00
 -6.6633487e-01
 -2.3181221e+00
  1.8338743e-03
  1.8338743e-03
  1.8338743e-03
  1.8338743e-03
  1.8338743e-03
  1.8338743e-03
  1.8338743e-03
  1.8338743e-03
  1.8338743e-03
  3.5708311e-03
  3.5708311e-03
  3.5708311e-03
  3.5708311e-03
  3.5708311e-03
  3.5708311e-03
  3.5708311e-03
  6.2058666e-03
  6.2058666e-03
  6.2058666e-03
  6.2058666e-03
  6.2058666e-03
  6.2058666e-03
  6.2058666e-03
  5.5716210e-03
  5.5716210e-03
  5.5716210e-03
  5.5716210e-03
  5.5716210e-03
  5.5716210e-03
  5.5716210e-03
  3.7785852e-03
  3.7785852e-03
  3.7785852e-03
  3.7785852e-03
  3.7785852e-03
  3.7785852e-03
  3.7785852e-03
  1.2551631e-03
  1.2551631e-03
  1.2551631e-03
  1.2551631e-03
  1.2551631e-03
  1.2551631e-03
  1.2551631e-03
  2.7323222e-05
  2.7323222e-05
  2.7323222e-05
  2.7323222e-05
  2.7323222e-05
  2.7323222e-05
  2.7323222e-05
