nep4_zbl 2 O Ga 
zbl 1 2
cutoff 6 4 418 127
n_max 8 6
basis_size 12 10
l_max 4 2 1
ANN 100 0
 -3.5026057e+00
 -8.2572621e-01
  5.9770918e+00
 -3.8113604e+00
  1.3122971e+00
 -1.9351778e+00
  1.3200560e+00
 -3.4761906e+00
 -1.5255339e+00
  3.2632706e-01
 -1.0474629e+00
 -3.5573287e+00
  1.7554736e-01
  1.2597358e-01
 -4.2323256e+00
  1.7762169e+00
 -1.1029429e+00
  1.3592474e+00
 -4.7014299e-01
  5.6885529e+00
 -2.1439025e+00
  1.4560032e-01
  6.8051660e-01
  2.5614793e+00
  8.2651430e-01
 -2.1018782e+00
  2.0277774e+00
  1.4630109e+00
  5.9918129e-01
 -8.7931365e-01
  1.1795794e+00
 -2.5712206e+00
  1.3729411e-01
  2.2631295e+00
  2.8288922e+00
 -1.6722908e+00
 -1.3766090e+00
 -2.5573045e-01
  6.8482631e-01
  7.6630330e+00
 -1.2167358e+00
 -3.3066638e+00
 -6.9750226e-01
 -9.9125914e-03
  2.8641599e-01
  2.0867245e-01
 -1.8864106e+00
 -7.5081050e-01
 -1.9352819e-01
  1.8271567e+00
  2.3909172e-01
  4.8658672e-01
 -1.0013065e+00
  2.1607850e+00
  9.6593276e-02
 -2.3378043e-01
 -6.4319408e-01
 -3.1112295e-01
 -6.4375013e-01
 -1.0936608e-01
  1.4337472e+00
 -1.0098541e+00
 -4.4778875e-01
 -1.4805588e-02
  9.7350039e-02
 -1.7838933e+00
  2.2807417e+00
  6.3857782e-01
 -3.8440457e-01
  8.8203776e-01
  2.8992707e-01
 -2.0844561e-01
 -2.0027871e+00
  1.0589900e+00
  1.7605932e-01
  6.0301077e-02
 -1.5896518e+00
 -4.4930187e-01
  1.7175967e-01
  1.8712969e-01
 -2.7785079e+00
 -1.2801401e-01
  2.1361179e+00
 -1.6649067e+00
 -9.0407360e-01
  1.2855427e+00
 -1.9909777e-01
 -1.1191128e+00
  2.8884809e+00
  4.1242879e-02
  1.3931020e-01
  1.3655384e-01
 -6.1997437e-01
  3.3929661e-01
  2.9155129e-01
  5.7830679e-01
  4.0437305e-01
  5.9097409e-03
  4.6423338e-02
 -2.4366361e-01
 -2.1336764e-02
  2.9645312e-01
 -9.0600234e-01
 -9.7517896e-01
  1.2517580e+00
  2.9082041e+00
 -1.7870424e+00
  1.1836118e+00
 -2.0425160e+00
 -4.5840602e+00
  2.8343484e-02
  1.8333843e-01
  5.2818837e+00
  6.5282335e+00
  1.3401703e+00
  1.1704972e+00
 -1.1956245e+00
 -1.5526007e-01
  2.4506562e+00
  6.5617919e-01
  6.0570848e-01
 -1.9742212e+00
 -8.6032206e-01
 -4.9107069e-01
  2.7109189e+00
  2.9512768e+00
  3.2982674e-01
 -1.4657557e+00
  3.6484826e+00
 -2.9964820e-01
  1.0790635e+00
 -1.2566382e+00
  1.7689067e-01
  2.1860557e+00
  1.1865817e+00
  1.7610829e+00
 -4.7598347e-01
 -5.2212429e+00
 -3.9180517e-01
  1.7658192e-01
  2.3797796e+00
 -2.4319029e+00
  2.7053735e-01
  6.0155761e-01
 -2.8309646e+00
 -3.5061303e-01
 -6.0416367e-02
 -3.2798493e-01
  1.2857943e+00
 -1.6608654e+00
  4.4020367e+00
 -2.3215877e-01
  1.5212451e-01
 -1.7283334e-01
 -1.7402287e-01
  1.5947124e-01
  2.6704136e-01
 -2.0913081e-01
  2.9895312e-01
 -6.5918344e-01
  2.2657262e-01
 -2.1164089e-01
 -2.1179043e-02
  2.5060776e-01
  9.1033727e-01
 -2.8392479e-01
  1.4052050e-01
  2.2159018e-02
 -1.4855048e-01
 -1.1881490e+00
 -8.2433365e-02
 -3.5791430e-01
 -1.2851778e+00
 -2.7079543e-01
  7.3976949e-02
 -9.3375847e-02
 -2.3928496e-01
  2.6156202e-02
  1.8338654e+00
 -2.5261526e+00
 -7.2846973e-01
  3.3330995e-01
 -2.7801968e-02
 -7.8521866e-01
  1.4847606e-01
  1.7600116e-01
 -5.3938504e-02
  5.6423140e-01
  1.8775757e-01
 -3.8514227e-02
  6.3507281e-02
 -1.6167540e-02
  1.3308031e-02
  3.4202212e-01
 -2.2702926e-01
  4.2058304e-01
  1.6476515e-01
  2.7477298e+00
 -2.4271290e-01
 -2.4365662e-01
  6.1298668e-02
  6.9121018e-02
 -8.9477412e-02
  1.1962955e-01
 -2.5525278e-01
 -2.2965868e-01
 -4.4495371e-01
  1.7801099e-02
  4.9368222e-03
 -6.0588133e-01
  5.9667385e-01
 -6.4546697e-02
  8.7781417e-01
  3.5617441e-01
  3.0320752e-01
 -8.0333877e-01
  2.5629316e-02
  3.0826230e-02
 -3.3642164e-01
 -2.5251886e-01
  2.2185303e-01
 -8.7212086e-01
 -3.1442794e-01
  9.9280842e-02
  8.3574973e-02
  1.4010092e+00
  8.6713380e-01
  2.4493687e+00
 -9.7815800e-01
  1.4119730e+00
 -1.1744045e-01
 -2.2071390e+00
 -1.1558513e-01
  5.0666645e-02
  7.9564601e-01
 -8.7817675e-01
  4.1281492e-01
  1.5135451e-01
 -6.5206274e-02
  1.0449461e+00
  6.6078141e-02
 -1.4243522e-01
  1.0769477e+00
  5.1886458e-02
 -1.8389274e-01
 -2.4933246e-01
 -6.8001604e-01
  3.4218922e-01
  1.2324434e-01
  5.1401677e-03
 -2.8898196e+00
  4.9421579e-02
  2.1235722e-01
  5.7806661e-03
 -5.9198145e-02
 -2.5015077e-01
 -6.2465686e-01
  3.3341086e-01
 -4.7730753e-01
 -1.9048911e-01
 -1.6300911e+00
 -1.9857648e-01
  2.5692689e-01
  1.0640907e-01
 -7.4801934e-01
 -2.7730908e+00
  1.0405325e-01
  2.6319325e-01
  8.1466228e-01
 -2.3295145e-01
  3.9992961e-01
  1.3604176e-01
  3.0454895e-01
 -5.0482001e+00
 -1.8010412e+00
  4.7802269e-02
  1.2898778e+00
 -2.5668431e-02
 -6.5407693e-01
 -4.6852717e-01
  9.4070840e-01
 -2.5569534e-01
 -9.3153316e-01
 -1.2027318e+00
  1.0954480e+00
 -5.1996041e-02
 -2.8550416e-01
  5.8327532e-01
  7.3704350e-01
  5.0990301e-01
  5.4824114e-01
  3.0711570e-01
  2.5486652e-02
  3.2392618e-01
 -1.7095865e+00
  3.3971325e-01
  1.7139703e-01
 -2.8293535e-01
 -9.1902632e-01
 -5.3990531e-01
 -8.1493825e-01
  3.5054803e+00
 -1.7884037e-01
 -2.4194211e-02
 -5.0334509e-02
  1.0448407e+00
  1.6561840e-01
 -4.7196898e-01
 -2.4679978e+00
  2.7817649e-01
 -8.2241470e-01
  1.2287265e+00
  6.2606883e+00
  3.1557896e+00
 -6.2142920e+00
 -6.3606896e-02
 -1.1252955e+00
  2.8300524e+00
 -8.1766069e-01
 -1.1096701e-01
 -3.8314717e+00
  1.3266572e+00
  4.9027677e+00
 -2.4061296e+00
 -2.5309873e+00
 -2.3919113e-01
 -4.9391313e+00
  2.1881156e+00
  2.6567326e+00
 -4.2831826e-01
  1.1682314e+00
 -9.2489138e-02
  7.5113767e-01
 -1.6986128e+00
 -7.4520744e-02
  2.2253466e+00
 -2.1487391e+00
 -3.5637670e+00
 -1.7007504e+00
  2.6171172e+00
  3.0242736e+00
  3.0358927e+00
 -6.4409775e-01
  4.8767831e-02
  3.8746807e-01
 -1.8803568e-01
 -1.2680775e-01
  6.5911441e+00
 -1.8577561e-02
 -5.6904912e-01
  2.5480272e-02
  2.8226113e-02
  7.3892179e+00
  2.2349870e+00
  5.9746747e+00
  1.0565303e-01
 -1.2158758e-01
  1.3097961e+00
 -3.4969905e-01
 -5.7270873e-01
  8.2589751e-01
  1.6810521e+00
 -6.9978334e-02
 -6.6843647e-01
  6.0354501e-01
  8.7282628e-01
 -2.2947124e-01
 -2.3721144e+00
 -1.1993699e-01
  2.3731677e-01
  4.2200941e-01
  1.7260779e+00
  4.0316802e-01
 -5.1213849e-01
  1.9357170e+00
  1.5701504e+00
 -3.3885005e-01
 -1.0417026e+00
  5.3575438e-01
  6.3890779e-01
  6.2674858e-02
 -1.6080269e+00
  1.0980768e+00
 -2.0978826e-01
  6.4754081e-01
 -8.4552383e-01
 -1.3855956e+00
  1.5270732e-01
  1.1055767e-01
 -7.6971960e-01
  8.6357969e-01
  9.9806595e-01
  6.1546236e-01
  2.1779816e+00
  1.6358595e-01
  3.2710700e+00
  9.0330184e-01
 -2.7534616e-01
 -2.5994530e-01
 -4.2506203e-01
  3.3422574e-02
 -1.4695994e+00
 -6.8081176e-01
 -1.9814546e-01
 -2.7785511e+00
  1.0470268e-01
 -1.3460530e-01
  5.6464531e-02
  7.6042265e-01
 -9.5706403e-01
 -6.0077542e-01
 -1.0944751e-01
 -1.5968000e+00
  4.4782585e-01
  7.0801266e-02
 -1.5097044e-01
  1.0758536e-01
 -1.0034609e+00
  3.8383722e-01
 -8.6317974e-01
  4.4763404e-01
  8.2968897e-01
 -1.1249708e-01
 -9.2844170e-01
 -8.4098077e-01
 -5.4972544e-02
 -1.4161877e-02
 -2.8094640e-01
  4.5564601e-01
 -4.2310363e-01
  1.0673972e+00
 -3.6098009e-01
 -6.3759178e-01
 -2.7976006e-01
  1.6607822e-01
 -3.3757976e-01
  4.7207710e-01
  3.9899117e-01
 -2.3680207e-01
 -1.5346338e-01
  1.6815412e-01
 -1.5784453e-01
 -7.1491852e-02
 -1.0016831e-01
  6.4498201e-02
 -3.1592366e-03
  8.8578331e-01
 -3.8054448e-01
 -5.5746931e-01
 -4.1806975e-01
 -1.7662370e-01
 -3.8216802e-01
 -3.5782401e-02
 -8.6800337e-02
 -1.0077133e+00
 -1.6096945e+00
  2.2175150e+00
  2.1972043e-02
  3.2023025e-01
 -4.0998080e-01
  3.4096270e-04
 -3.8302753e+00
 -2.3395331e+00
  1.3140813e+00
 -3.4050856e-02
  1.3653985e-01
  1.2198658e-01
 -6.6369885e-01
  1.7616972e-01
 -1.4982313e-01
  2.2583330e+00
  5.6063235e-01
  1.6997744e+00
  1.9197142e-01
  2.5155046e+00
 -1.9327293e-01
  3.0113540e+00
 -3.2520139e-01
  1.2426759e+00
 -1.0393624e+00
  8.5361630e-01
 -2.2498146e-01
 -1.9656396e-01
  2.0074699e+00
 -8.7656915e-01
  1.2183659e+00
  2.5621176e-02
 -1.1050074e+00
 -5.4059878e-02
  4.6465564e-01
 -1.3516232e+00
  2.8958382e-02
  4.0815882e-02
 -5.0049863e+00
  2.0076007e-02
  3.5305335e-03
  1.2559396e-01
 -5.3219098e-01
 -4.9024618e-01
 -2.5280538e-01
 -2.6996281e+00
  3.9766496e-01
  2.3281765e-01
 -4.5028334e+00
  2.0895578e-01
 -1.9579931e-01
  3.3024088e-01
  3.0985606e-01
  1.0496771e+00
 -8.7004846e-01
 -1.8214850e+00
 -4.1483092e+00
 -3.2418091e+00
  2.1182103e-01
 -3.9621215e+00
  1.6752826e+00
 -4.7448477e-01
 -7.8317386e-01
  6.6964954e-01
 -6.7047797e-02
  5.1642799e-01
  2.2067681e-02
  8.6886942e-01
 -4.9041697e-01
 -6.5704197e-01
  1.2275535e+00
 -7.9257214e-01
 -3.8610619e-01
 -7.2918728e-02
  3.0159125e-01
  8.5931098e-01
 -2.1296031e+00
  6.7175946e+00
  5.3181571e-01
 -1.5395334e-02
 -1.1299422e+00
 -4.3265261e-02
  2.8490093e+00
 -4.8299736e-01
  3.7712315e-01
  8.8467729e-01
  1.4306018e+00
  9.5943943e-02
 -5.7417110e-02
 -4.2123008e+00
 -2.4268646e+00
  1.1716378e+00
 -2.4891520e-01
  3.2081288e-01
  6.1178309e-01
 -3.0209872e-01
  1.1501940e-01
 -2.8892997e-01
  1.1178046e+00
 -2.1654687e+00
 -2.8474711e-02
 -2.3153012e-01
  5.5538621e-02
  7.1464270e-02
  3.6987075e-01
  1.8289554e-01
 -4.2928391e+00
  2.2649665e-01
 -3.3620831e-01
 -1.2101672e+00
 -2.5527232e+00
  6.5660852e-01
 -4.7633451e-01
 -3.0128038e+00
 -2.1379631e+00
  6.5894663e-01
  1.3626626e+00
 -2.4483538e+00
 -1.2154409e-01
 -1.8289047e-01
 -8.7035108e-01
  5.4621887e-01
  1.4336299e+00
 -2.1490576e+00
  6.0498786e-01
 -1.3344789e+00
  1.7630086e+00
 -3.1592650e+00
  1.1685551e+00
 -1.2873006e+00
 -3.7076351e-01
  2.2374301e+00
 -1.2903571e-01
 -3.1075153e-01
 -7.8606510e-01
 -4.8766308e+00
 -5.7295990e-01
 -4.7168592e-01
 -1.1834133e+00
  1.0671923e+00
  1.9398915e+00
 -5.8725796e+00
 -1.6075388e+00
  2.0361176e-01
  4.7033012e-01
 -3.6290146e-02
  2.8330573e-01
 -1.7560571e+00
 -1.1702938e+00
 -3.3877033e-01
  1.3547270e-01
 -2.9175768e+00
  1.4033160e-01
 -4.3956521e-01
 -9.1351688e-01
 -1.5746973e-01
  1.2038834e-01
 -1.8038306e+00
  1.8688900e+00
  1.1287636e-01
 -4.2228837e-02
  2.0623915e+00
  9.1521698e-01
 -1.9244026e+00
 -7.7965963e-01
 -8.2960755e-01
  7.0074715e-02
  2.2059672e-01
 -1.7650051e+00
 -5.2835214e-01
  2.3641817e-02
  3.6929774e-01
  4.7088861e+00
  2.0831862e-01
 -4.4601464e-01
 -9.9763429e-01
  6.8155056e-01
 -5.1290302e+00
 -6.5580016e-01
  1.1938308e+00
  1.7434902e+00
  3.0607479e+00
  6.5788704e-01
  3.4469171e+00
 -4.8398118e+00
 -7.0165300e-01
  9.7372085e-01
 -5.8425999e-01
 -6.0691535e-01
  8.5260028e-01
  1.0070212e+00
 -1.2506337e+00
 -7.8792751e-01
  8.0374934e-02
  2.6733041e-01
 -2.4626212e+00
  1.5573516e-01
 -6.0046476e-01
 -2.6130930e-01
  1.8590991e-01
 -6.5463051e-02
  3.7045401e-01
 -6.3962653e-02
 -3.1829771e-01
 -2.3004560e+00
  2.0624228e-02
 -2.7795654e-02
  6.1674893e-02
  4.6181187e-01
  2.1327863e+00
 -1.9330510e+00
 -1.6558022e+00
  1.9740343e-01
 -1.5070015e+00
  3.0395844e+00
 -7.9122388e-01
  4.8119527e-01
 -1.3269509e+00
 -1.0776825e+00
 -1.3189554e+00
  1.3415339e+00
 -2.1529353e+00
 -2.4470381e-01
 -1.0308571e+00
 -4.8155370e+00
 -1.5775996e+00
  1.6339283e+00
  7.7946693e-01
  2.0404725e+00
 -1.6046193e-01
  1.5919323e+00
 -3.1581689e-02
 -5.7443058e-01
  8.2673180e-01
  1.0828801e+00
  9.9689424e-01
 -7.0797443e-01
  1.4773861e+00
  2.7126036e+00
 -1.3129455e+00
 -3.3571661e-01
  4.0629745e-01
 -1.0215011e+00
 -1.1511809e+00
 -1.1999687e+00
 -2.3305640e-01
 -5.4159451e-02
  2.7919858e+00
  9.1709971e-02
 -2.0024874e+00
 -7.5350285e-01
 -6.0708255e-02
  6.2547493e-01
  1.8743034e-01
  4.9660987e-01
  2.4155004e+00
 -4.1540846e-01
  3.5816464e-01
 -5.4414934e-01
  1.7811498e-01
  1.9149411e+00
 -2.0120122e+00
  5.4336226e-01
 -2.5204251e+00
  1.4281127e-01
  3.4451883e+00
  1.9992624e-01
 -1.4848943e+00
  2.6445827e-01
 -1.1210703e+00
 -5.7212882e+00
 -7.4919617e-01
 -3.6697929e+00
  1.5918571e-01
 -3.8364857e-01
  1.1777238e+00
 -8.6857176e-01
 -4.4420333e+00
  1.0453503e+00
 -2.4185414e+00
 -4.8764560e-01
 -1.8924476e-01
 -2.4144104e+00
 -1.6310943e+00
 -2.1140118e+00
 -8.8543820e-01
 -1.1565837e+00
  5.0910225e+00
 -1.1979997e+00
 -2.4836554e-01
  2.2401526e+00
  4.5587888e+00
 -9.5841712e-01
 -1.3908144e+00
 -4.0856857e-02
 -3.6298886e-01
  5.3824224e-02
 -6.7775091e-04
 -3.6528605e-01
  1.8574908e+00
  7.2991776e-01
  1.8368304e-01
 -4.2523566e-01
  3.7617683e-01
 -2.3090135e-02
  1.9968386e+00
 -8.5745879e-02
 -9.5820171e-01
 -1.0915968e+00
  8.5551463e-02
 -2.6828516e-01
  1.9456302e+00
 -6.8399113e-01
  3.7422969e+00
 -1.4550675e-01
 -2.6359487e-01
  2.1719573e+00
  8.4671122e-01
  3.0358788e-01
 -1.5120895e-01
 -3.7506068e-01
 -2.9513955e+00
 -1.1490469e-01
 -2.1184697e+00
  6.2436295e-01
 -2.6250033e+00
 -5.7094932e-01
  3.3175084e-01
 -1.6846414e-01
  6.6431874e-01
 -7.0094228e-01
 -9.1307443e-01
 -1.0258174e+00
 -8.4808874e-01
  2.8772888e+00
 -8.2741684e-01
  6.2774974e-01
  1.5780135e+00
  6.0014462e-01
 -1.2787765e+00
  3.6721906e-01
 -7.0751801e-02
 -1.7726587e+00
 -1.7855939e-01
 -5.8373243e-02
  1.4687221e-01
  3.1217459e-01
 -1.4038756e-01
  1.2832536e-01
 -6.1609560e-01
 -5.9183463e-02
  1.5147223e+00
  1.6403295e-01
  2.1823419e-02
  6.2381399e-01
 -1.1185790e-02
 -1.6352729e-01
  8.2344837e-02
 -1.9635382e+00
  5.0380148e-02
 -4.2200932e-01
 -6.4419085e-01
 -8.2877272e-01
 -6.1601758e-01
 -3.1588197e-02
 -4.0048182e-02
 -7.5626716e-02
 -3.7218277e+00
  1.0866616e+00
 -2.3593941e+00
 -4.0266833e+00
 -3.1403884e-01
  1.9321912e-03
  2.4417399e-01
 -2.1227102e-01
  6.7378509e-01
 -7.9781087e-03
  7.3655739e-02
  8.5669331e-02
  1.9586164e-01
 -5.4467648e-02
 -2.7126813e-01
 -1.0769089e+00
 -4.1091561e-01
 -1.5555494e-01
  2.9481652e-01
  5.4533273e-01
  1.3915113e-01
  2.9536523e-02
 -6.5868926e-01
  2.2176545e+00
 -1.0770413e-01
 -4.0892180e-02
 -2.0719673e-01
 -1.1025181e+00
  1.6211593e-01
 -1.4892231e-01
  4.2721990e-01
 -8.0329021e-03
  1.1181310e+00
 -8.3853698e-01
 -3.0226175e-02
  8.8038541e-02
  1.8390876e+00
  1.9184941e-01
 -6.4375311e-02
 -2.0794960e-02
  4.3279690e-01
 -6.6535667e-02
  6.8227053e-01
  2.0714810e-01
 -2.9073066e-01
  2.6281800e+00
 -3.5688660e+00
  2.1610980e+00
 -2.2924857e+00
  1.8953618e+00
 -2.3649349e+00
  3.2113636e+00
  6.5095508e-01
  2.1964798e+00
  2.8450044e-02
 -5.7696953e-02
 -3.2759732e-01
  7.5556648e-01
 -1.4216908e+00
  1.2630067e+00
 -2.9958847e-01
 -2.6425672e+00
  1.5695903e+00
 -1.2110081e-01
  1.1639870e+00
  1.2035763e+00
  1.8330994e+00
 -3.1140907e+00
  2.3409808e+00
  2.7386475e+00
  5.0550997e-01
  1.3367751e+00
 -5.5042845e-01
  3.8882978e+00
  2.9101410e+00
  2.6696985e+00
 -6.8513060e+00
  1.0994102e+00
  2.1037490e+00
  1.1321646e+00
  2.4130907e+00
 -5.0507557e-02
  1.1611696e-01
  6.1831719e-01
  7.7771038e-01
 -4.2606658e-01
 -5.7675910e-01
 -6.7328960e-01
  4.7835150e+00
 -7.6463230e-02
  5.9153843e-01
  4.7733277e-02
 -1.3414687e-01
 -3.6645553e+00
 -1.1073102e-02
 -1.5794119e-01
 -4.4628203e-01
 -3.4752295e+00
  6.8533611e-01
  7.1563953e-01
 -3.3486712e+00
 -1.5420188e+00
 -2.3911555e+00
 -2.4969369e-01
  5.0604830e+00
  9.8394074e-02
  4.5360275e-02
  6.4595973e-01
  9.0791905e-01
  6.3140815e-01
 -2.1519303e-01
  4.7714680e-02
 -1.0684481e+00
  3.8753128e+00
 -1.1280624e+00
  1.0811981e+00
 -1.0237573e+00
 -1.3546489e+00
  3.5548451e+00
  1.2768703e+00
 -8.3220667e-01
 -3.1608820e-01
  1.2365286e+00
 -1.4740664e+00
 -1.1184285e-01
  1.2311419e+00
 -9.3527913e-01
 -1.5175683e+00
  1.4770503e-01
  1.2772495e-01
 -9.1519833e-01
 -2.6207843e+00
  2.1358531e+00
  1.4842166e-01
  1.9487011e-01
  5.6681943e-01
 -3.1841293e-01
  1.1748438e-01
  1.0520623e+00
 -2.9383153e-01
  3.6818686e-01
  9.0807609e-02
  6.0703650e-02
  2.3422244e+00
  3.4181437e-01
 -6.8188024e-01
  5.5308264e-01
 -1.5555050e+00
 -1.4974728e-01
  4.9105972e-01
  1.5568640e+00
  4.8564765e-01
 -3.3206882e+00
 -3.6903434e-02
  2.9062504e-01
  9.1964442e-01
  1.7435291e+00
 -1.0366753e-01
  1.3991801e+00
 -1.0939307e+00
  3.0378067e-01
  9.9594963e-01
  8.9853036e-01
  2.2665770e+00
  2.9019780e-02
  2.2835705e+00
 -9.4462287e-01
  6.0140383e-01
  1.3619330e+00
  4.9650913e-01
  6.0413852e+00
  1.1848137e+00
  1.7930241e-01
 -6.5092427e-01
 -1.6125584e+00
 -6.5329415e-01
 -4.2906837e+00
  1.7558566e-01
  1.8277792e+00
 -1.7648946e+00
 -1.6738150e+00
 -3.0421648e+00
  4.5278814e-01
 -6.1623996e-01
  3.1786382e-02
  2.9858771e-01
  6.0607278e-01
  1.0481776e+00
 -7.1539593e-01
  4.5372602e-01
 -1.9311440e-01
 -1.9708867e-01
  2.1814861e+00
  7.4372858e-01
  1.9907293e-01
  1.0052135e+00
  5.0597233e-01
 -9.3909866e-01
  1.0458436e+00
 -1.1109384e+00
 -2.8945799e+00
 -1.4843693e+00
 -1.1681875e+00
 -2.2300147e-01
 -6.6209823e-01
  6.4559901e-01
  5.5441513e+00
  4.0449801e-01
 -1.6167884e-01
 -6.7381752e-01
 -2.0351732e+00
 -2.9232049e+00
 -1.7864126e+00
  5.4109244e+00
 -6.7627603e-01
 -1.0316540e-02
  7.3797619e-01
  7.3276109e-01
 -2.1332195e+00
 -1.0315377e+00
 -1.2152013e+00
  1.5426042e+00
 -1.4171939e+00
 -3.0278640e+00
 -1.1648732e+00
 -2.3140886e+00
 -3.0474310e+00
 -8.3144820e-01
 -5.0080496e-01
  1.0245527e+00
 -3.8734839e+00
  8.0504298e-02
  1.2882434e+00
 -3.2833526e+00
 -2.2960514e-01
 -4.8907071e-01
  4.2446768e-01
  3.7492914e+00
 -3.2059669e-01
 -9.2132777e-01
 -1.4652424e+00
  1.2978545e-01
 -8.8161761e-03
 -5.3956110e-02
  6.9588107e-01
  3.2378256e-01
 -7.8365266e-01
 -5.0567547e-03
 -8.4741063e-02
  4.8414778e-02
  1.0884198e+00
  1.2667918e+00
  7.5223362e-01
 -2.4351280e-02
 -2.5383207e-01
 -1.6552371e+00
 -6.4327550e-01
 -2.8749153e-01
 -4.8547190e-01
 -2.8354508e-01
  7.7257204e-01
  1.8901888e-01
  1.7643428e+00
 -1.0041636e+00
  3.3626798e-01
  6.4829600e-01
 -2.8048735e-02
  1.6063585e+00
 -2.4161372e+00
  6.8315931e-02
  1.9209472e-02
  1.0177953e-01
 -3.1419292e-02
 -3.3102226e-02
  7.3641688e-01
  1.4801525e-02
 -7.6185977e-01
 -3.3953104e-02
 -1.7273569e+00
 -4.0447906e-02
  9.4996370e-02
 -2.4324160e+00
  1.3868582e-01
  1.7251420e+00
 -1.1640373e+00
 -2.0621932e+00
  5.5876029e-01
 -1.1100419e+00
  1.2175161e+00
  2.8466329e-01
 -5.6098783e-01
 -2.9513046e-01
 -1.5027605e-01
 -2.3760237e-01
 -7.0116585e-01
  4.1023862e-01
 -3.2200697e-01
 -2.2996688e+00
  9.9872082e-01
 -8.5977875e-03
 -7.4782634e+00
  7.5266204e+00
  4.1903911e+00
 -4.8028316e+00
  9.7321692e+00
  4.7937484e+00
 -2.0021593e-02
 -1.0913721e+01
 -5.7903619e+00
  8.3588973e-02
  1.2100612e-01
  4.6710505e+00
  1.5077956e+00
  5.5301700e+00
  1.1996554e+00
  3.5198483e-01
  2.6690376e+00
  2.4309348e-01
 -3.9354384e+00
 -1.6865803e+00
  3.9599010e-01
 -9.8840231e-01
  2.8999028e+00
  2.1078613e+00
  3.2849383e+00
 -1.4726720e+00
 -8.8743955e-01
  6.1708295e-01
 -1.4337959e+00
  4.0918326e-01
  7.0728379e-01
  9.1299665e-01
  2.5222073e+00
 -2.2775967e+00
  2.4423344e+00
 -3.7092276e+00
 -3.3686385e-01
  1.6640738e+00
  4.7068194e-02
 -9.8273128e-02
  1.1256779e+00
  7.7471781e-01
 -5.8709949e-01
  1.0582291e-01
  6.4458169e-02
  1.4188065e-01
  9.5019454e-01
  2.0606492e+00
  2.1157818e+00
 -2.1325059e-01
 -9.9893734e-02
  6.1204767e+00
 -5.5509129e+00
 -2.8663964e+00
  3.2733879e+00
 -2.0822616e+00
 -2.3862884e+00
 -9.0480797e-02
  3.6419957e+00
  4.1292224e+00
  3.5718713e+00
  1.1774323e+00
 -4.6108932e+00
  3.6914830e+00
  8.7112683e-01
 -3.8908485e-01
  7.7142706e+00
 -4.3173432e+00
  5.9275460e-01
 -2.9817584e+00
 -4.5409217e+00
 -1.1181649e+00
 -1.2489810e-02
  6.1441336e+00
 -1.0341849e+00
 -3.0785093e+00
 -1.1378503e+00
 -6.3154000e-01
 -3.6054885e-01
 -2.6982269e-01
  6.6306460e-01
  1.3267612e-01
 -2.1877971e+00
 -1.2682873e+00
 -1.2896971e+00
 -1.7740461e+00
 -1.9314337e-01
 -6.1246336e-01
  2.0457428e+00
  2.0710129e-01
  9.2548960e-01
 -1.8419722e+00
  8.3303330e-03
 -1.5899643e+00
 -3.5128973e+00
  2.8516638e-01
  1.3759267e-01
 -3.0548217e+00
 -2.7054983e-01
  5.7446251e+00
 -2.0937328e+00
 -1.2477519e-01
 -2.3013108e+00
  3.0784965e+00
  2.6966622e+00
 -5.8036180e+00
  1.1955509e+00
  3.4930080e-01
  3.4236190e-01
 -8.5428131e-01
 -2.0372000e+00
  6.4910855e-03
  6.8262565e-01
 -5.7098035e-02
  3.0967214e+00
 -2.8809583e-01
 -5.7599276e-01
 -6.6563684e-01
  3.9177939e-01
  1.1010233e-01
 -2.2137749e+00
  1.4323011e-01
  3.8254275e+00
  9.5988754e-03
 -3.7904397e-02
  2.0465300e+00
  9.1488993e-01
 -1.6061615e+00
  2.9915311e+00
 -3.0669198e+00
  6.8429041e-01
  2.4204616e-02
 -3.0787084e-01
  1.8446486e+00
 -5.2567387e+00
 -1.7471647e-02
  8.3986297e-02
  4.9236562e-02
 -2.5233869e-02
 -2.6784685e-01
 -1.6018990e-01
 -2.8902560e-02
 -1.0754209e-01
 -1.5626823e+00
  2.0102653e-01
  2.2526922e+00
  2.1757364e-01
  1.0324189e-02
  8.2850552e-01
  1.0780833e+00
 -2.3427168e-01
 -6.3953692e-01
  2.8630754e-02
  3.6838797e-01
 -2.3267762e-01
  1.7647834e-01
  4.8433267e-02
 -1.3180512e-01
 -1.8456261e+00
  9.3099779e-01
 -1.5680043e+00
  8.4223825e-01
  3.3053753e+00
  1.3203001e-01
  6.2086146e-02
 -7.9148570e-03
  3.7437227e-01
  1.0798516e-02
  3.2695055e-01
  4.5684063e-01
  4.4525389e-02
  8.3510868e-02
  3.5683323e-02
 -2.1929537e-01
 -2.8604981e-02
  1.6968706e+00
 -1.0540489e+00
 -2.0316808e-01
 -1.8745790e-01
 -2.2318051e+00
  1.5421587e-01
  1.3499585e+00
 -8.1845382e-03
 -2.7103809e-01
 -4.1523267e-02
  4.5001068e+00
 -2.6912045e-01
  2.9109696e-01
  5.4550987e-01
  1.2805928e+00
 -9.6605130e-02
  1.7826843e+00
 -2.3208930e-01
  5.9308237e-01
  8.4821177e-01
 -4.1534986e+00
  1.3242857e-01
 -4.8435944e-01
 -1.4053886e+00
 -3.0110257e+00
 -1.2434716e-01
  3.0921808e-01
 -3.6485577e-01
 -6.5159999e-02
 -2.0857456e+00
 -1.6237581e+00
 -4.0413966e+00
  1.9343072e-01
 -9.3373615e-01
 -1.6611933e+00
 -2.6930901e-01
  8.0146557e-01
  1.1662359e+00
 -2.6142028e-01
  8.4130280e-03
 -9.0821944e-02
 -4.7354472e-01
 -9.1385975e+00
  4.1537771e-01
 -5.2867216e-01
 -2.1866770e+00
 -2.3325567e+00
  1.6607203e+00
  2.5406983e-01
  4.3292274e+00
 -1.0924785e-02
  4.3098936e+00
 -2.0679455e+00
 -2.1707020e+00
  2.5006649e+00
 -1.0335749e+00
  2.0688934e+00
 -1.5828228e+00
 -1.0521479e+00
 -3.2059576e-02
 -2.8782377e-01
 -4.8883791e+00
  6.6159636e-01
  2.1647811e+00
  9.4407791e-01
 -9.7645777e-01
 -6.5067768e-01
  1.1114135e+00
  2.3650959e+00
  3.5545120e-01
 -2.7226484e+00
  1.4168016e+00
  1.2453252e+00
  5.7653809e-01
  6.7892507e-02
 -1.2782370e-01
  3.6071429e+00
  4.2613144e+00
  2.5784876e+00
 -5.4396071e-02
  6.5757933e+00
  2.7383680e+00
 -9.1798581e-02
  4.9883556e+00
 -2.3199258e+00
  3.5713041e+00
  4.1125340e+00
 -3.2978019e-01
  5.3910804e+00
  1.5311044e+00
 -1.7815869e-01
  2.1209571e+00
  5.9361285e-01
  2.7012193e+00
 -2.4939433e-03
  4.1350803e-01
 -2.9190204e-01
 -3.9087186e+00
  3.4624026e+00
 -3.3064463e+00
 -1.2028426e+00
 -2.3074417e+00
 -3.1852448e-01
 -2.5162120e+00
  1.0594104e-02
 -7.3524892e-01
  8.2837278e-01
 -3.6982515e+00
 -4.5567766e-01
 -2.1175969e+00
 -9.4211626e-01
 -2.1129310e+00
 -2.0129972e+00
 -1.2870049e+00
  5.5779868e-01
 -2.4283206e+00
 -1.2347235e-01
  1.1713149e-01
 -1.3205957e+00
  1.5391162e-01
  7.2356516e-01
  1.9163222e+00
  1.2342883e+00
  2.2161965e-01
  1.8848604e-01
 -7.9348868e-01
  4.0728667e-01
  1.5259649e+00
  2.3015716e+00
  1.2362816e-01
 -4.5462981e-02
  6.7664230e-01
 -5.7247553e+00
 -2.9389358e+00
 -2.9853582e+00
 -1.9800990e+00
 -4.1616836e+00
 -4.3003744e-04
 -9.4994414e-01
  4.3240312e-01
  5.3401834e-01
 -1.3368233e-01
  1.0858468e+00
 -7.7620283e-02
  1.1627400e+00
 -1.4439928e-02
  5.6728244e-01
  2.3047206e+00
 -3.6906594e-01
  1.3343161e-01
 -1.8775840e+00
 -5.0902185e+00
 -1.2677878e+00
  9.5725703e-01
  2.2668333e+00
 -1.8266350e+00
  2.6460519e-01
 -6.9812721e-01
 -2.5891345e+00
 -1.1611896e+00
  2.8147244e+00
  1.8815573e+00
  1.7063378e+00
 -2.8709835e-01
  4.5547131e-02
  1.1598097e-01
 -2.2039032e+00
  2.8129661e-01
  2.1717508e-01
  3.7182319e-01
 -5.9914406e-02
 -1.1849117e+00
  3.0048805e-01
 -5.6541377e-01
  1.1155055e+00
  4.6538278e-02
 -9.0538406e-01
 -1.9320067e+00
 -9.6408647e-01
  3.1237721e-01
  2.8581105e-02
 -1.1158196e-01
  9.4466425e-02
  7.0119739e-02
 -9.0943229e-01
  5.9076605e+00
  7.7578390e-01
 -6.0645074e-01
  5.5424862e+00
 -2.0054042e+00
 -6.8648934e-01
  1.6774146e-01
 -1.5617025e-01
 -2.3052620e-03
  4.5560889e+00
  5.6839210e-04
 -6.4057261e-01
 -9.2541677e-01
  1.5512850e+00
  2.2651494e+00
 -1.8498131e+00
  4.7265177e+00
  4.4297395e+00
  3.0027707e+00
 -8.6986327e-01
 -2.2126327e-01
  5.9915566e-01
 -3.8836995e-01
  3.8077163e-03
  7.7565080e-01
  2.7248037e-01
  1.9255321e+00
 -2.7832234e-01
 -1.3637117e+00
 -3.7647599e-01
 -4.2199168e-02
  2.2589290e+00
  4.4667193e-01
 -3.2042709e-01
 -8.2078445e-01
  3.1167798e-02
  2.7233467e-01
 -5.8801472e-01
  1.5370666e+00
  3.4355712e-01
  4.3904826e-01
 -8.9841805e-02
 -5.1986748e-01
  3.1886427e-04
 -6.3079819e-02
 -3.2438639e-01
  2.4920769e-01
  2.5210831e+00
  2.3196859e+00
 -5.5167899e+00
 -7.5845442e+00
  5.8988523e-02
 -2.8317409e+00
 -2.5428424e+00
 -4.3511205e+00
  1.9991894e-01
  1.9697309e+00
 -1.9990581e-01
 -1.5991728e-01
  2.9866997e-02
 -7.4869297e-02
 -2.3740984e-01
  8.2340914e-01
  1.3044226e-01
 -2.7186720e+00
  1.1226940e+00
 -1.4221449e+00
 -1.0592702e-01
 -1.6601218e+00
 -7.4774498e-01
  2.5458944e+00
  2.4117584e+00
 -7.3227024e-01
 -7.4884301e-01
 -8.1061885e-02
  8.2399809e-01
 -5.4625118e-01
  5.6297958e-01
  6.1322242e-01
 -4.7141632e-01
 -3.0406971e+00
 -2.4140048e-01
 -2.1670141e+00
 -1.4314829e+00
 -2.0888584e+00
  3.1823441e-01
  9.2682466e-02
  5.1427554e-02
 -8.2941484e-01
 -4.5258358e-01
  7.5089651e-01
 -1.7396432e-01
  9.5587933e-01
  1.9670211e-01
  9.5379166e-02
  1.9872198e-02
  3.3462846e-01
  5.7566769e-02
  2.0096187e-01
  1.0436572e+00
  1.3625840e+00
 -1.1291416e+00
  8.2321835e-01
 -1.1393846e-02
  4.3356946e-01
  1.1374140e+00
  2.0164363e-01
  7.5581346e+00
  9.7636290e-02
 -1.5927520e+00
  4.3484192e-02
  1.8433828e+00
  2.6033347e+00
 -2.1863153e-02
 -2.5006580e-01
  1.0361469e-02
 -4.2182067e-01
  1.5672385e+00
  3.2735465e+00
 -9.3615942e-02
 -8.2694925e-02
  4.8094073e-01
 -4.3784434e-01
  3.5946026e-02
 -3.4305432e-01
 -1.9636395e+00
 -1.5306081e+00
 -3.7599313e-01
 -1.6282362e-01
 -3.6938126e+00
  8.1915088e-02
 -1.1636037e-01
 -5.2599084e-01
  1.7199627e+00
 -2.2835857e-01
  3.2294441e-02
  1.5629176e+00
  1.9145617e-01
  6.7158252e-01
 -8.1505340e-01
  5.3464639e-01
 -3.9252925e-01
  7.5755864e-01
  4.0106941e-02
  1.2305295e-01
  1.3657740e+00
  1.7140374e-02
 -5.2296933e-02
  1.9256227e-01
  2.6928145e-01
 -8.9413663e-03
 -7.5162597e-02
  6.1653334e-01
  6.1086744e-01
  4.2185131e-01
 -1.1208959e-01
 -1.4406076e-02
 -3.2405305e-01
  1.9127223e+00
  6.4142033e-02
  1.6018366e-02
 -1.3724707e-01
  4.2187613e-01
  1.3177758e-01
  8.5719869e-02
  6.3178740e-02
  9.1051912e-01
 -5.6223953e-01
 -1.2798980e-03
  2.7595165e-01
 -2.8410253e-01
 -9.3350224e-02
 -1.1119994e+00
  3.4615225e-01
  2.2317832e+00
  9.9293494e-01
 -1.8228893e-01
  5.2683789e-01
 -6.4799033e-02
 -6.1369341e-02
 -5.5510062e-03
  1.0936506e+00
 -7.4896514e-01
  4.3489981e-01
 -7.0411757e-02
  3.3592573e-01
  1.0010513e+00
  2.6714370e-01
 -9.2134565e-02
 -5.5000716e-01
 -5.0752467e-01
 -7.2501469e-01
  1.4649600e-01
  1.6580067e+00
  5.4034472e-01
  1.0057227e-01
 -2.0803432e-01
 -1.1124690e+00
 -1.4809263e-01
 -3.8742331e-01
  5.0245781e+00
 -5.2568382e-01
  4.7069862e-02
  3.1012911e-01
 -7.9782575e-02
 -5.8940191e-02
  1.1422795e+00
 -4.4988409e-01
 -6.7522436e-01
 -4.0190861e-01
  1.4622967e-01
 -2.0154968e-01
  2.2269444e-01
 -2.7121805e-02
 -1.0333244e+00
 -6.8279171e-01
 -2.6011476e-01
 -2.6868865e-01
 -6.5337694e-01
  6.3819087e-01
 -5.6105608e-01
  1.5563272e+00
  3.5649273e-01
 -2.5338238e-01
  2.1716382e-01
  3.4745544e-01
 -8.7067771e-01
 -6.9860242e-02
 -7.4665833e-01
  2.8789194e+00
 -7.8455471e-02
 -7.1761496e-02
 -1.7093454e-01
  4.8071831e-02
  9.9677950e-02
 -1.0583009e+00
 -9.0175599e-02
 -1.5618688e-03
 -2.2355612e-01
 -2.4715854e-01
 -3.2249370e-01
 -5.8286212e-02
 -4.7359686e-02
  1.7883493e-02
  2.8093418e-02
  6.3033678e-02
 -3.6798809e-02
 -1.4897305e-01
  9.6318990e-02
  9.1957450e-02
  6.7248040e-01
  1.5672179e-02
 -2.1042775e-01
  4.0909737e-02
 -3.7909737e-01
  1.4443268e-01
  4.1704679e-01
  2.8832574e+00
  1.2677798e+00
  2.9088724e-01
 -1.6000259e-01
 -1.2702724e-01
  8.8172168e-02
  3.9155191e-01
 -4.2534479e-01
  2.9346292e+00
  3.7732057e-02
 -9.1727644e-02
  1.0375336e+00
 -3.9519686e-01
 -1.5233199e-01
 -8.0337650e-01
  1.3769622e-01
 -3.8109460e-01
 -3.5281071e-01
 -2.1946073e-01
 -1.9909823e+00
 -4.3537468e-01
  1.3573211e-01
  2.9024044e-01
 -4.2634666e-02
  1.4269444e+00
  1.5649879e-01
 -7.2014526e-02
  1.0330422e+00
  2.5519606e-01
  4.9535307e-01
  2.8184547e+00
  2.4986308e-02
  2.9524809e-02
  6.1954874e-01
 -1.8770171e+00
  5.1012623e-01
  2.6094311e-01
  4.4716233e-01
 -1.5424776e-01
  2.9431853e-02
 -7.2905466e-02
 -1.8787510e+00
 -9.6276077e-03
  6.1555967e-02
  1.0858981e-01
 -2.2440323e-01
 -1.0948886e+00
 -1.4758441e+00
  1.8295476e+00
  9.8376495e-01
  1.3874421e+00
 -7.7966851e-01
  4.9872684e-01
 -3.8889136e+00
  1.1011853e+00
 -4.9999483e-02
  1.7668610e+00
  1.1449221e+00
  5.4713707e+00
 -1.4080873e+00
 -3.2801381e-01
  4.1631508e-01
 -3.5676644e+00
  1.5445479e+00
 -5.0703001e-01
  2.9515672e+00
 -5.5186906e+00
 -3.3446865e+00
 -4.1944775e-01
 -7.4120778e-01
 -1.4622900e+00
 -2.0039973e+00
  4.6073470e+00
 -2.7473385e+00
 -3.4807947e+00
  1.4921684e+00
  7.9210967e-02
 -3.5452745e+00
 -5.0554693e-01
 -2.7869585e-01
 -5.1321155e-01
  1.4383173e-01
  2.3906779e+00
 -9.0822810e-01
 -5.3870261e-01
 -3.4285626e-01
 -1.4357723e-03
 -8.1803763e-01
 -5.6276566e-01
 -1.4836532e+00
  1.9986898e-02
  2.5378881e+00
 -2.6005948e-01
  3.2240114e-01
  2.6522983e-02
  2.7919236e-01
 -1.5765345e-01
  2.8493509e-01
 -1.0630380e-01
  1.0513078e+00
  3.6490936e-02
  1.2806745e-01
  6.9813454e-01
  1.7282052e+00
 -3.2849672e+00
 -3.8170749e-01
 -1.4938067e-01
  9.0444021e-02
 -3.2081327e-01
  3.5059401e-01
 -1.8238129e-01
 -2.8116974e-01
 -1.0051131e-01
  2.0624247e-01
 -1.3307903e+00
 -1.5780011e-01
 -6.8138004e-03
  2.8783372e-01
 -5.7365066e-01
 -3.6284337e+00
  3.6168128e-01
 -1.9796605e-01
 -3.8666072e+00
  9.8502547e-01
  6.8499190e-01
  1.0002189e+00
  8.4880199e-03
  2.8898245e-01
  3.4316108e-02
 -5.0588620e-01
 -4.9099731e+00
 -1.9417679e+00
 -1.4003117e+00
  2.9444623e-01
  4.9774489e-01
 -2.6250334e+00
  3.6313990e-01
 -8.6768356e-04
  3.2352593e-02
 -9.6293598e-01
  2.2050694e-02
 -6.4461023e-01
  1.4515275e-01
  1.6754566e-01
 -1.5274213e-01
  2.7092817e-01
  3.9885049e+00
 -1.3829863e-01
  2.6655350e+00
 -1.3385581e+00
 -4.1841006e+00
  2.0114587e-01
  3.5197837e+00
 -3.2968173e+00
  1.6277075e+00
  9.3026841e-01
  7.5411439e-02
 -1.3373579e+00
  1.4129875e-02
 -2.4866087e+00
  3.8424328e-02
 -3.7225142e-01
  6.9357300e-01
 -1.7009295e+00
  2.7626069e+00
  1.1488015e-01
  4.9043121e+00
  4.4339771e+00
  1.4973448e-01
  2.8106050e+00
  1.2649869e+00
  3.2498548e+00
  2.9885992e-01
 -1.0658848e-01
 -2.2191198e+00
  4.2350945e+00
 -5.9050488e-01
 -6.8760556e-01
  1.4769548e+00
  2.4337946e-01
  5.2981520e-01
 -7.2904813e-01
  1.4751077e+00
  2.9002094e+00
  6.4459056e-01
  1.1603503e+00
  2.1523297e+00
  4.0718359e-01
 -1.2545183e+00
  5.0098604e-01
  3.2794020e-01
 -2.1932740e+00
 -2.2620426e-01
 -4.0799910e-01
  5.3386164e-01
 -8.3455481e-02
  5.6065347e-02
 -5.1762894e-02
 -3.5155952e-02
 -8.8471109e-01
 -1.4805092e-02
 -6.2531316e-01
 -9.1205078e-01
 -2.0753576e-01
  2.2102581e-02
 -1.6411711e-01
 -4.5442444e-01
 -6.8802524e-01
 -6.0035843e-01
 -2.1981332e-01
 -7.1821474e-02
 -6.7780763e-03
  1.0794329e-02
  2.4009982e-02
  8.7726764e-02
  1.7745309e+00
 -1.7687400e-01
 -2.8421628e-01
  1.7821616e-02
  2.4582328e-02
  4.5345140e+00
  4.9161023e-01
  3.6062676e-02
  2.5705883e-01
  9.3262118e-01
  4.3152852e+00
  1.8185409e-02
  7.1425813e-01
 -5.6449538e-01
 -1.3735971e-02
  1.4406630e-02
  1.3958515e+00
  4.7227364e-02
  9.7794048e-02
 -8.9807713e-01
 -3.1174181e+00
  4.2063195e-01
 -4.4820914e-01
  3.4378663e-01
  7.5134200e-01
 -2.1599739e+00
 -7.4947998e-02
 -4.0918243e-01
  5.8604788e-02
  1.8595873e-01
  9.5191276e-01
 -1.3246535e+00
 -1.6944636e-01
  4.9500332e+00
 -1.0017685e-01
  3.6460149e+00
 -1.1386985e+00
  6.3723749e-01
  2.1465335e+00
  4.2782631e+00
  1.6958556e+00
  4.1111428e-02
 -1.1065890e+00
  2.5789824e+00
  7.4547315e-01
 -1.4094964e+00
 -7.9207891e-01
  1.4495537e+00
  4.3811163e-01
 -3.2501707e+00
  7.3085451e-01
 -6.8017521e+00
 -1.7285879e+00
  4.0641281e-01
 -1.2456473e+00
 -3.0462637e+00
 -1.0052008e-02
 -6.5535361e-01
  1.2475561e+00
 -1.2489755e+00
 -7.2526598e+00
  9.2825681e-01
 -7.7137761e+00
 -1.1891606e+00
  1.4052687e+00
 -8.5612845e-01
 -3.4689374e+00
 -4.7120982e-01
  1.3314358e+00
 -2.2076013e+00
  2.4647982e+00
  2.0170264e+00
 -1.4652373e-01
  6.7111087e-01
  3.0410917e+00
  2.8398001e-01
 -3.1766405e+00
  3.3659863e-01
  1.0043974e-01
  3.4879982e-02
  4.3146601e-03
  1.6753332e-01
  2.0650294e-01
  1.5709665e+00
  3.8606927e-02
 -2.5053772e-01
  8.3616644e-02
 -1.1225091e+00
 -2.5766027e-01
  2.1889770e-01
  5.5848967e-02
 -1.7465305e+00
  1.8788262e-01
  2.0041625e-01
  1.3692127e+00
  2.6688999e-01
 -6.7235492e-02
  1.6620573e-01
  4.7656903e+00
  9.5569253e-02
  2.3541141e+00
 -2.0770228e+00
 -1.0246725e-01
  1.2907456e-01
 -2.0338883e+00
  3.4549639e-01
  3.8364301e+00
 -3.2705393e-01
 -8.0164576e-01
  2.2362244e-01
  2.5070530e-01
 -1.7993070e+00
  1.0373517e-01
  4.9474022e-01
 -9.3494302e-01
 -1.0142956e+00
  2.3088360e-03
 -3.7903258e-01
  7.4876159e-02
  5.0457680e-01
 -7.5035775e-01
 -1.1906104e+00
  2.0528950e-01
  2.4678919e-02
  7.4293393e-01
  8.9470126e-02
 -1.3801004e-02
 -3.9306867e-01
 -4.1263750e-01
  4.6557161e-01
  3.1932890e-01
 -7.8554392e-02
 -2.1727760e-01
 -1.1017659e+00
 -1.2562432e+00
  3.4017529e+00
  1.6335921e-01
 -1.1622402e-01
 -8.3727181e-01
  1.9098294e-01
  1.0936837e+00
 -1.7463772e+00
  7.4682760e-01
  7.2856259e-01
 -3.3985731e-01
  1.6659611e+00
  4.0027019e-01
 -9.8612957e-02
  1.6452160e-01
 -3.1525010e-01
 -1.0616362e+00
  1.2004951e+00
 -3.6578652e-01
 -3.2070553e-01
 -7.8193411e-02
  2.8042276e+00
  2.7934262e-01
  5.9710555e+00
  1.1244426e+00
 -9.2867509e-02
  7.2802985e-01
  8.6819708e-02
  6.5687418e-01
 -3.3849482e-03
  1.5572305e+00
  4.1631123e-01
 -2.9102126e-01
  5.0497520e-01
 -9.5686281e-01
 -9.8442870e-01
  1.1036120e-01
  2.5630031e+00
 -4.2600828e-01
 -6.5682840e-01
  6.0442421e-03
 -9.5719188e-01
 -5.4122351e-02
  1.0664925e-01
 -8.1030481e-02
  6.4217627e-01
 -1.0052361e-01
  1.4364548e-01
  5.3986740e-01
 -2.0376605e-01
  6.9885164e-01
  1.8642446e-01
 -7.0076734e-02
  6.2153138e-02
 -3.5974486e+00
 -7.4053818e-01
 -2.3029337e+00
 -4.4292865e+00
 -3.3224339e+00
  9.7436959e-01
  3.8560846e+00
 -7.6302946e-02
 -5.1594055e-01
  6.1171275e-01
  1.1712646e+00
  1.5015193e+00
 -3.8177457e+00
 -5.6371824e-03
 -2.7144647e+00
 -9.0700042e-01
 -6.8229800e-01
 -2.6263397e+00
  1.0835454e+00
 -8.3344680e-01
  2.6202970e+00
 -4.7802031e-01
  1.5638934e+00
  4.0004936e-01
 -1.8923442e+00
 -1.9476799e+00
  8.5621238e-01
  2.1762682e-01
 -1.7036407e+00
 -1.9093902e+00
  1.2663226e+00
 -1.2127720e+00
  5.0429642e-01
 -2.0898008e+00
  7.1974735e+00
  2.6478093e+00
 -4.4270701e+00
  3.1839892e-01
 -7.2643405e-01
  6.5694749e-01
 -7.7961987e-01
  5.0337780e-02
 -2.5585526e-01
  3.5055661e-01
 -1.8029677e+00
 -2.6903909e-01
 -1.3421129e-01
 -5.0134456e-01
 -1.5175813e-01
 -1.9399444e+00
 -5.8229721e-01
 -6.4735279e+00
  1.5166012e+00
  2.7926526e+00
 -4.7651744e+00
  3.4259650e-01
 -6.1274248e-01
 -6.9357091e-01
 -5.1936769e+00
 -1.6858159e+00
 -1.4425476e+00
 -6.5706307e-01
  9.0570098e-01
  1.5857860e+00
  1.6409882e+00
 -2.5904653e+00
 -1.6774825e+00
  1.9458953e+00
 -8.1569153e-01
  8.4867394e-01
  6.6800684e-01
  3.0850825e+00
 -2.6325541e+00
  1.1991125e+00
  8.3980078e-01
  9.3319792e-01
  6.1733460e-01
 -1.5594382e+00
 -1.9432933e+00
 -1.1589769e+00
  1.1689141e+00
  1.6995518e+00
  1.6070895e+00
 -7.4109578e-01
 -3.0705231e-01
 -6.7522395e-01
  1.8460803e-01
  7.6828057e-01
 -7.2669625e-02
 -9.1228348e-01
 -1.5703590e-01
  1.3008542e+00
  7.3499911e-02
  1.9487509e-01
 -1.8688385e-01
 -9.5127001e-02
  6.1776374e-02
  2.5088124e+00
  9.1692859e-01
  3.0966430e+00
 -1.0821568e-01
  9.0531927e-01
  6.6977370e-01
 -3.3014190e-01
 -2.8018230e-01
 -4.2139700e-01
 -3.3945319e-01
 -1.4628870e+00
  1.3845249e-01
 -1.1770037e-01
  4.6834884e+00
 -3.8412429e-02
  1.1999850e-01
 -3.4414515e-02
 -1.3047212e-01
 -6.8212789e-01
 -1.2167923e+00
  7.2654867e-01
  1.1660046e-01
 -1.0184712e-02
  2.5607440e+00
 -3.8865772e-01
 -9.5027423e-01
  2.6531756e-01
  7.2060281e-01
 -1.5700925e-02
 -2.9281554e-01
  1.3865178e+00
  7.1340644e-01
 -2.0171504e+00
 -7.4689645e-01
  1.3165943e-01
 -2.8885305e-01
 -2.5932816e-01
 -2.8356114e-01
 -2.6580405e-01
 -1.2855532e+00
 -2.0506494e-01
  3.6115551e-01
 -4.9144065e-01
 -3.1332123e-01
  4.8715897e-02
 -1.4032873e-02
  5.0578911e-02
 -3.6482848e-02
  2.1726851e+00
 -1.2541346e-01
  5.4216936e-02
  1.4827573e-01
 -4.2424121e-01
  5.4748714e-01
 -1.8803471e-01
  2.1848114e-01
  2.6062521e-01
  6.2406853e-02
  1.7561826e+00
 -1.6744266e+00
 -1.3410033e+00
 -2.0989905e-01
  1.1429826e+00
  2.0858763e-02
  3.7737492e-01
  1.7512275e-01
  1.4536153e-01
  1.5985474e-01
 -1.9198351e-01
  2.9610384e+00
  1.8054360e-01
 -5.2728796e-01
 -4.7716141e+00
 -4.0886539e-01
 -8.5851587e-02
 -5.3416055e-01
  3.0866930e-01
  1.1299263e-01
  1.2903219e+00
 -2.2928670e-01
 -4.2915430e+00
 -9.6230865e-01
  1.8275994e+00
  5.2450454e-01
 -1.5415320e-01
 -1.3953033e-01
  5.4819918e-01
 -1.1434470e+00
  7.8052664e-01
 -4.6322513e-01
 -4.9988201e-01
  2.7805448e-01
 -2.7956415e-02
  1.1371689e-01
 -1.6186585e-01
  1.1421924e-01
  3.4613177e-01
 -7.6747104e-03
  2.0803981e-02
  1.4991009e-01
  2.2077860e-01
 -1.8971266e+00
  8.5876113e-01
 -2.7640054e-02
 -3.9273158e-02
  4.5703421e+00
  1.3628691e-01
 -9.2767507e-01
 -6.7499220e-02
 -3.7317371e-01
 -9.3298867e-02
 -9.3362957e-01
  3.9834180e-01
  4.7137430e-01
  3.9589685e-01
 -4.2149138e-01
 -2.1937568e+00
 -4.0618691e-01
 -7.6419517e-02
 -8.0313867e-01
 -1.3128740e+00
  4.9400592e-01
 -3.3902684e-01
  4.4603455e-01
  1.4767638e+00
  4.5691410e-01
  9.3079966e-01
  4.2104632e-01
 -8.8191813e-01
  1.1392716e+00
  1.8088907e-01
 -2.5075993e-01
  1.6554890e+00
 -7.2267771e-01
 -3.7659773e-01
  5.2188557e-01
  2.8220561e-01
  2.2591232e-01
  1.1821598e-01
 -6.8483233e-01
  1.1677179e-01
  1.2547031e-01
  7.3937252e-02
  1.2574451e-01
 -1.1589047e-01
 -1.0445966e-01
 -2.5214845e-02
 -1.5019234e-01
  9.2589563e-01
  3.6139884e+00
 -3.0454609e-01
 -7.6511927e-02
 -2.2938424e-01
  1.2172324e-01
  4.0090629e-01
  1.1057635e-01
 -1.5049930e+00
  1.1503536e+00
 -1.4535434e+00
  2.4780660e+00
  1.2502307e+00
  6.4519686e-01
 -1.6970242e+00
 -3.6057084e+00
  2.4935973e+00
  1.0499082e+00
 -2.5086027e-01
  1.2493194e-01
 -2.1918935e-01
  1.0496383e+00
 -3.4830466e-01
  2.2165674e-01
  1.2441705e-01
  1.1327147e-01
  2.6118044e-02
  2.4752922e+00
 -2.8706155e+00
  1.0363439e+00
 -3.6705527e-01
 -1.1633538e+00
 -2.4280287e-01
 -5.0017480e-02
 -5.1010418e-01
 -2.4901595e+00
  8.2399637e-02
  9.3399930e-01
  3.6358601e-01
  9.8830324e-01
 -1.0100276e-01
 -3.0906844e-01
  2.4494569e-01
  3.4016731e-01
 -2.1104217e+00
 -1.6250455e-01
  3.5672719e+00
  3.5798401e-02
  8.1557006e-01
 -2.1939637e-01
 -4.4954393e-02
  1.7137658e-02
 -2.9562013e+00
  1.8566883e-01
  1.3531268e-01
  1.4178847e-01
 -1.5026961e-01
 -8.2650930e-01
  7.1758434e-02
  3.8889763e-01
  1.1347967e-01
 -4.8597661e-01
 -6.2142944e-01
  2.3454790e+00
 -7.7501869e-01
  4.5169549e+00
 -8.1716549e-01
 -5.1069123e-01
 -6.6635489e-01
 -2.7462578e+00
  1.9561433e+00
 -4.6071869e-01
 -8.4928101e-01
 -6.4585128e+00
 -3.4648912e+00
 -1.5280579e+00
  6.1002784e+00
 -1.7459442e-01
 -3.9417014e+00
  1.0490001e+00
 -2.3432569e-01
  1.7100630e+00
  8.7782733e-02
  2.2301550e+00
  2.0408311e+00
 -6.1629969e-01
  3.1147847e-01
 -3.1382847e+00
 -6.1190838e-01
 -2.6792405e+00
  1.6813500e+00
 -1.9082883e-01
 -1.6333359e-01
  1.1813980e+00
 -3.8407876e+00
 -1.8694960e+00
 -4.7403842e-01
  1.6220610e+00
 -1.2449020e-01
 -3.2829502e+00
  2.5603214e-01
  1.1067007e-01
  3.0095160e+00
  3.7608841e-01
  1.2614206e+00
  4.8393507e-02
  1.6579184e-01
 -2.1983334e-01
  7.3333599e-02
  4.3280423e-02
  2.1724276e-01
  4.0395886e-01
 -3.5255361e+00
  7.4897122e-01
  2.3639178e+00
  7.6055855e-02
  1.7572284e+00
 -2.6416395e+00
  7.3041278e-01
  3.5454009e+00
 -3.6949158e+00
 -6.1328804e-01
 -7.1622908e-01
 -2.8810290e-01
 -1.6071143e+00
  3.8241461e-02
  2.4690275e+00
  9.3067996e-02
 -1.3608536e-01
 -2.1635034e+00
 -1.0601648e+00
 -1.1371477e-01
 -1.7470244e+00
 -8.4000036e-02
 -1.2468930e+00
  1.3112136e+00
 -2.7098868e+00
 -3.1521604e+00
 -7.8056580e-01
  4.7680101e+00
  4.1383653e+00
  3.7776229e+00
  4.5856169e-01
 -2.3676491e+00
 -1.1227121e+00
 -1.5184242e+00
  9.9715161e-01
 -2.7806220e+00
  1.0219291e-01
  2.4539347e-01
 -7.1369910e-01
 -8.7711789e-02
 -1.3766338e+00
  4.6440554e-01
 -2.9432407e-01
 -2.3801956e-01
 -5.4406953e-01
  6.2755895e-01
 -4.1913262e-01
  7.9126090e-02
 -1.0220480e+00
 -2.8094938e-01
 -3.0101180e-01
 -5.2247381e-01
 -8.7781209e-01
 -5.0209951e-02
  1.7787478e+00
 -8.3513796e-01
 -9.3130255e-01
 -6.2759012e-02
  2.8916979e-01
  5.3216380e-01
  2.9341930e-01
 -9.1472423e-01
 -3.2089579e-01
  5.9668398e-01
  1.3140268e+00
 -1.0640632e+00
  8.0797486e-02
 -3.8286677e-01
 -1.1499970e+00
 -1.5031937e+00
 -6.0116225e-01
 -1.1436404e-01
  1.0290356e+00
  5.1904148e-01
  2.9208851e-01
  3.9055997e-01
 -1.0295736e+00
 -3.9026031e-01
 -8.1780124e-01
  1.8218179e-01
  1.2145147e+00
  7.6431043e-02
  1.2935215e+00
 -2.6599617e+00
 -8.2915729e-01
 -7.0927605e-02
  3.5921609e-01
 -8.6701829e-03
  2.7519223e-01
 -7.3829964e-02
  1.9717557e+00
 -2.9829815e-01
 -1.6952015e+00
  1.2990658e-02
 -3.1876229e-02
 -8.1898534e-01
 -2.1439709e-01
 -2.6960173e+00
 -2.1040811e-01
  4.8595583e-01
 -2.2902299e-01
 -4.6096739e-01
 -3.1919815e-02
  1.4838384e-01
  5.6996429e-01
  1.5883107e+00
  2.4173848e-01
 -8.5265911e-01
 -2.4667733e+00
 -6.1597838e-03
  5.8349264e-03
  1.2021295e+00
 -2.5703880e-01
  8.1534261e-01
 -6.2948740e-01
  6.1311454e-01
 -1.3353421e-01
  4.5888536e-02
 -6.2869847e-01
  2.7999235e-03
 -6.3544792e-01
 -7.5632602e-01
 -1.9234099e+00
  2.8289345e-01
  1.2661105e+00
 -8.4957707e-01
 -1.8329320e+00
 -1.2732573e-01
 -2.1785989e+00
 -4.0519151e-01
  1.0475950e+00
  3.8474880e-02
  2.0959189e+00
 -3.1531504e-01
  4.8029818e-02
 -5.7019538e-01
 -2.3587844e+00
 -1.1164997e-01
 -1.2735777e-01
 -1.6169769e+00
  1.0279881e+00
 -3.1166449e-02
 -9.1441381e-01
  6.8161517e-01
 -1.8900645e-01
  9.7281712e-01
  3.2646742e-02
 -8.4924296e-02
 -8.5022740e-02
 -2.2336358e-01
 -8.8079438e-02
  6.9916981e-01
  2.2451723e-01
 -1.8065029e+00
 -6.1577600e-01
  6.4428020e-01
  2.1616855e+00
 -3.1083314e+00
  3.0187947e-01
  1.6759636e-02
  2.2076089e+00
 -5.1314559e+00
 -3.5641831e-01
  7.9789367e-03
 -5.0468445e-01
  2.4389322e+00
 -6.6783080e+00
  4.3667207e+00
  1.5439429e+00
 -9.2682058e-01
  1.1340849e+00
  3.2627575e+00
  8.8104135e-01
 -7.7161103e-01
 -1.5378516e+00
  7.3256671e-01
 -2.0206547e-01
  3.3385510e+00
  2.3159521e+00
 -1.6593673e+00
 -2.1342285e+00
  1.7142973e+00
  2.8247538e+00
 -3.9241164e+00
 -2.6220647e-01
  5.2755857e+00
 -2.0166712e+00
 -2.9745240e+00
  3.7536424e-01
 -1.6469679e+00
  2.0728512e+00
  7.5919650e-02
 -1.4971181e+00
  9.5468879e-02
 -2.0447338e+00
  1.2279523e-01
 -8.7938130e-02
  2.5328532e-01
 -1.0811354e-01
  4.3597043e-01
 -5.4745901e-02
  8.0311984e-02
 -3.1294367e-01
  1.0592476e+00
  2.2614971e-01
 -3.9190076e-02
  1.1704785e+00
  1.6047367e+00
  3.9065676e+00
  2.1732353e-01
  4.6253479e-01
 -2.8683540e-01
 -5.6920234e-02
 -1.2180324e-01
 -6.6605514e-01
 -4.8236173e-01
 -1.9759689e-01
 -1.4658339e+00
 -8.6346066e-01
 -1.7482929e-01
  6.7165464e-01
 -3.1177834e-01
 -1.9737515e-01
 -9.9862397e-01
  8.9839175e-02
  2.5941157e-01
 -5.9730834e-01
 -1.1249554e+00
  2.1706512e+00
 -3.1816963e-02
  4.2533430e-01
  5.3868157e-01
 -1.7383053e+00
 -3.9692470e-01
 -2.5591213e-01
 -2.5586373e-01
 -1.0671115e-01
 -1.3546774e+00
  1.1032818e-01
  2.3881590e-01
 -4.0786779e-01
 -3.7576616e-01
  3.3228287e-01
  2.0048581e-01
 -3.4665710e-01
  1.7521950e+00
 -2.6926200e+00
  2.1759556e-01
  5.7545621e-02
  4.0016759e-02
  2.3775301e+00
 -4.2133671e-01
 -2.5479892e-01
 -1.1162318e-01
 -7.1138613e-02
 -5.8646750e-01
  1.9105309e+00
 -1.9975294e+00
  1.6224656e+00
 -3.4677217e+00
  1.8092853e+00
  1.3997371e+00
  2.7385762e+00
  9.7873867e-02
 -4.3900342e+00
  7.3480338e-01
  3.3727700e-01
 -5.5203074e-01
  2.4085178e+00
  1.9011643e+00
  2.3011761e+00
 -4.3789718e-01
  1.9827977e-01
 -1.4738094e+00
 -1.2314773e+00
  4.1631193e+00
  3.4110728e-01
 -1.5533030e+00
 -6.5510762e-01
 -4.7890086e+00
  1.9368198e+00
 -9.6597970e-01
 -3.5368714e+00
  2.8782271e-02
  5.2844483e-01
  2.5865397e-01
 -1.8356420e+00
 -2.1071794e+00
 -3.3481178e+00
  1.4142914e+00
 -3.6717510e-01
 -8.8509434e-01
 -4.0332878e-01
 -5.4378307e-01
  7.3749971e-01
  4.4212157e-01
  3.6649280e+00
 -1.4329927e+00
  3.0806187e-01
  1.7636442e+00
 -2.9653779e-01
 -2.6080790e+00
  1.7669038e+00
 -3.5554907e+00
 -7.3489434e-01
 -3.1396565e-01
  1.5796168e-01
 -1.7191911e-01
 -4.7572765e+00
  1.2091222e+00
 -6.8049067e-01
 -4.2010882e-01
 -1.8844887e+00
  1.9117071e-01
  3.5363875e-02
  7.4538484e-02
  1.2101544e-02
  3.3950315e+00
  1.1355202e-01
  1.6318998e-01
 -9.6591371e-01
  2.9956281e-01
 -3.6983961e-01
  1.1201973e+00
  9.1908939e-02
  1.5949528e+00
  2.5319891e+00
  3.4350698e+00
 -1.0525799e+00
 -7.1557659e-01
  4.5717946e-01
 -8.4892178e-01
 -5.4690140e-01
  1.9386299e+00
 -3.4548995e-01
 -1.1738715e-01
  2.7605885e-01
 -1.3509030e+00
 -2.5958204e+00
  3.5573348e-02
  2.2936282e+00
  4.8474646e+00
  3.0111632e+00
  2.2498690e-01
 -2.0348494e-01
  3.2533669e-01
  6.4266669e-03
  6.1362527e-02
  4.7582227e-01
 -5.8074132e-02
  9.8554835e-02
 -2.4515702e-01
 -2.0667517e-01
 -4.1404527e-01
 -4.7704434e-01
 -2.3024270e-01
 -3.2685413e-03
 -1.0834491e+00
  6.9553757e-01
  3.1402557e+00
  1.0428734e+00
 -2.9333893e-03
 -2.6672833e+00
  2.0862296e-01
  2.3653299e-01
 -3.1532598e-01
 -1.0440834e-01
 -2.8666589e+00
 -7.4318695e-01
 -4.8702753e-01
 -2.8354137e+00
 -7.7116781e-01
  1.1472803e+00
  8.6709929e-01
 -4.9172953e-01
 -1.1239091e+00
  3.3529875e-01
  7.5635493e-01
 -7.6912475e-01
 -1.6104343e+00
  5.7103461e-01
 -2.1996947e-01
  4.1211423e-01
 -1.7178010e+00
  2.0620126e-01
 -2.7433257e+00
 -2.1761504e-01
  6.5571135e-01
 -1.2040682e+00
 -5.0638360e-01
  1.8900011e+00
 -1.8462576e-01
  2.8896992e+00
 -1.5434402e+00
 -6.3191992e-01
  2.5153372e-01
 -1.1701908e+00
 -1.2963083e+00
 -2.3362190e-01
  1.4344603e+00
 -2.0026622e+00
  2.8739512e-01
  1.3149388e+00
  4.2931682e-01
  1.7992169e+00
  5.1591744e+00
 -1.1033792e-01
  6.4380550e-01
 -9.3889967e-02
  1.6446247e+00
  1.6710769e+00
  1.9790912e-01
 -8.1139058e-01
  1.6670963e+00
 -5.3690456e-02
  2.4830816e+00
  1.3717724e-01
  1.5890157e-01
 -1.2538083e+00
  7.3295897e-01
 -5.4055493e-02
  5.6435972e-01
  1.4693357e+00
 -1.2850127e+00
  1.2678239e-01
 -1.0023061e+00
  1.3329287e-01
  1.8765543e+00
 -6.4477816e-02
  3.0974340e-01
  6.9319405e-02
  2.9492992e-01
 -1.7938903e-01
 -9.1041452e-01
  1.0209382e+00
  6.8043232e-01
  3.7954688e-01
 -8.9491382e-03
  9.0048283e-02
 -1.9886918e-01
 -5.0935531e-01
 -1.1025236e+00
  2.2658941e-03
 -7.6450300e-01
 -3.9409670e-01
  5.7187933e-02
  2.5107081e+00
  1.9772227e-01
 -1.8874203e+00
 -1.7668287e-01
 -1.1415907e-01
 -2.5964612e-01
 -5.0251041e-02
 -6.8192905e-01
 -7.5827771e-01
  5.5760659e-02
  5.4707813e-01
 -1.5840338e-01
 -1.5969330e-01
  9.2573367e-02
  2.5801456e+00
 -2.4654872e+00
  4.8164001e+00
  3.5749626e+00
 -3.8687851e+00
  1.9977715e+00
 -7.5619578e-01
 -8.8311869e-01
 -1.4382776e+00
 -9.0449935e-01
  2.7523870e+00
  1.8685758e+00
 -3.2094786e-01
 -2.0552206e+00
  1.3903244e+00
  1.0853358e-01
  1.7273676e-02
  1.4576032e+00
  1.0867038e+00
 -5.4614940e+00
 -3.4995275e+00
  7.5870359e-01
 -3.0714151e-01
 -4.9375000e+00
 -1.2518048e+00
 -2.7176132e+00
  8.5862494e-01
  2.1940170e-01
  1.1128877e+00
  2.9512098e+00
 -2.8286715e+00
  4.5744896e+00
  7.6370396e-02
 -2.3896792e+00
 -8.6903423e-02
  3.8227502e-01
 -9.6507534e-02
  2.6760815e-02
  1.8590773e-02
 -1.0242131e+00
 -3.4046278e+00
 -1.0330659e+00
  5.1562321e-01
  7.0087945e-01
  4.3801448e-01
  4.5504293e-01
  1.8075246e-02
  5.9237725e-01
 -1.6420612e+00
  3.4604236e-02
 -3.9582989e-01
 -2.2875552e-01
 -1.1765874e-01
  1.0843664e-01
  4.4159871e-02
 -9.2199355e-02
 -9.7240746e-02
 -1.6754005e+00
 -2.2195856e-01
 -6.5106177e-01
  2.0638536e-01
  2.5561392e+00
 -7.8143299e-02
 -3.7591973e-01
 -6.0656887e-01
  1.9391751e-01
  2.0481198e+00
  1.2390325e+00
 -2.6976714e-02
  3.9801994e-01
  2.7075823e-02
 -1.4684105e-01
  3.0116069e-01
  2.8705471e+00
  4.6684105e-02
 -9.3680656e-01
 -2.7714980e-01
  7.6564774e-02
  7.0333377e-02
  1.0999821e-01
 -7.3824957e-02
  2.8928734e-02
  1.1883419e-01
 -4.1730282e-01
 -5.7724643e-01
 -1.6077129e-02
  8.1087053e-02
  2.3222787e+00
  1.7865700e-01
  5.4299071e-02
 -1.0593709e-01
  3.2966185e-02
 -6.4016885e-01
  8.2177502e-01
 -1.1109910e-01
 -7.8199774e-02
 -4.5002791e-01
  1.4815214e-01
  1.4464116e+00
  1.9355714e-01
 -8.1487648e-02
  3.7475774e-01
  2.2542121e+00
 -1.5363098e+00
 -4.0483031e+00
 -3.0563480e-01
  3.3301318e+00
 -2.9715231e-01
  2.0156021e-01
  2.9968014e-01
  1.6057964e-01
 -3.2946033e+00
 -1.1824356e-01
 -2.1918651e-01
 -5.1683849e-01
 -1.0199004e+00
  2.4826307e+00
 -2.5109974e-01
  4.6596268e-01
 -2.6043665e-01
 -1.2459198e+00
 -7.2630125e-01
 -1.5568016e-01
 -1.9429357e-01
  3.5734947e+00
  1.7998351e-01
  3.4174182e-02
  3.6509514e-01
  4.4046141e-02
  9.4519436e-01
 -4.1773012e-01
  2.7914482e-01
  4.1007739e-02
 -1.2810476e-01
  7.0572391e-02
 -1.5445606e-01
  8.8924870e-02
 -6.4342462e-02
 -5.5122748e-02
  1.2805589e-01
  3.0482012e-01
 -4.2042381e-01
  2.6601291e+00
  1.6558391e-01
  2.6955551e-01
 -1.9412631e-01
 -2.0607190e-01
 -9.4449364e-02
  2.7939138e-01
 -1.1521193e-02
  4.2768300e-02
 -2.7403009e-01
 -3.4080651e-01
  6.2795871e-01
 -6.4018393e-01
 -5.4006130e-01
  2.7013326e+00
 -1.2699885e+00
  5.8470974e+00
  5.5832405e+00
  5.2082890e-01
 -6.2074667e-01
 -6.8558127e-01
  2.4290500e+00
 -9.7318113e-01
 -3.3685783e-01
  6.3847393e-02
  7.9416476e-02
 -1.3095782e+00
 -2.0681889e+00
  4.8470102e-02
  1.0530764e+00
  7.7237564e-01
  1.8812029e+00
 -4.2705211e-01
 -1.1222723e+00
 -5.7188374e-01
  3.0466588e+00
  5.7884759e-01
  1.6396921e+00
  2.5064559e+00
 -9.4386160e-01
  9.0321350e-01
  4.3265529e-02
  2.7862084e+00
  3.6654839e-01
  2.2120631e+00
  2.1410949e+00
 -1.5629193e+00
 -2.9790362e-02
 -1.3735387e-01
  2.2957668e+00
  8.1631464e-01
 -8.2788981e-02
  1.6995515e-01
  1.0182306e+00
  1.6968194e-01
 -3.2735676e-01
  3.2872477e-01
  3.0141890e-01
  4.6016209e-02
 -8.5375458e-03
  3.6381465e-01
  2.3637928e-02
 -9.9069610e-02
 -4.7070786e-01
 -1.5149573e+00
 -7.2729737e-01
  2.1410397e-01
 -8.0937386e-02
 -9.0757096e-01
 -7.8909266e-01
  1.1305702e-01
 -1.4378674e-01
 -8.2734150e-01
 -2.3622875e+00
 -9.4051445e-01
 -8.1528270e-01
 -2.9877251e-01
 -6.0823027e-02
  9.0036906e-02
 -1.8954316e-01
  3.5385254e-01
 -3.8222629e-01
  4.5346716e-01
  2.3786433e+00
 -5.0052983e-01
  1.1070796e-01
  1.7682777e-01
  3.5343271e-02
  2.1389098e-01
 -4.8019433e-01
 -4.7096002e-01
 -6.3987815e-01
 -3.9033797e-01
  2.4928997e-01
 -7.8127420e-01
  3.2355171e-01
  1.8507751e-02
 -4.1382751e-01
 -8.5987711e-01
  3.2535490e-02
  3.9725122e-01
 -6.3160485e-01
 -1.2038060e-01
  5.3326916e-02
  2.4411993e-01
  3.3962697e-02
  4.3944952e-01
 -3.9678041e-02
 -1.4865360e-01
  3.4395037e+00
  1.6111416e-01
  5.9486777e-01
  1.1927431e+00
  1.6065927e+00
 -1.9471172e+00
 -3.8711998e-01
  3.6549947e-01
  2.9039773e-01
  4.0317056e-01
 -4.6090651e+00
 -2.5344865e+00
 -1.9948258e+00
  8.9299073e-03
 -4.7002903e-01
 -3.3940229e-01
 -3.5266405e-01
  1.2650016e-01
 -5.0998896e-01
  3.5344634e+00
 -5.3720395e-03
 -1.1610468e-01
 -9.9647158e-01
 -4.5393613e-01
  1.1766881e-01
 -2.1079066e+00
  1.5892980e+00
  2.5552177e-01
  1.0374206e+00
  5.3118098e-01
 -1.1232561e+00
  2.0170175e-01
  3.4703078e+00
 -3.4003747e+00
 -1.0016120e-01
  3.8305240e+00
  2.3295543e-01
 -2.3815491e+00
 -1.1424488e+00
 -3.4098560e-01
  9.4414696e-02
 -4.4197556e-01
 -2.5303081e-01
 -4.6395704e-02
  1.3516149e-01
 -4.7450927e-01
 -1.2877663e-02
 -3.2840340e+00
 -1.5287317e-01
 -8.6752184e-02
  9.0788506e-02
  5.1984143e-02
 -6.7779857e-01
  5.1555204e-01
  3.1465101e+00
  1.1616024e+00
  6.6235000e-01
 -1.5871118e+00
 -1.5588642e+00
  8.5414620e-03
 -7.2164822e+00
  2.4103210e+00
 -1.5393379e+00
 -1.0339408e+00
 -2.9930758e-01
 -8.3276600e-01
 -7.4702191e-01
 -3.6656823e+00
 -3.7685611e+00
  6.5832824e-01
  8.9428473e-01
 -1.2999914e+00
  1.8669199e+00
  5.1139361e-01
 -1.5516908e-01
  2.8987830e+00
  1.9175191e+00
  1.6076301e+00
 -3.1436166e-01
  8.7966752e-01
  8.6870307e-01
 -1.8184167e+00
 -9.0541130e-01
 -2.6447731e-01
  2.1264153e+00
 -3.2861362e+00
  2.0133045e+00
  2.5679293e-01
  1.6259187e+00
 -9.0546340e-01
 -9.3413168e-01
 -2.3787675e-02
 -1.6538051e-01
  3.0697483e-01
 -5.6344330e-02
  3.6461055e+00
 -4.8365146e-01
  6.8114698e-02
 -6.0772306e-01
  5.7565093e-01
 -6.3135736e-02
  4.1358703e-01
 -1.3484283e-01
  1.4548030e-01
  1.6312190e+00
 -1.3478731e-01
 -2.2129340e-01
 -6.5664017e-01
  1.3162882e+00
 -8.2649851e-01
  1.1016440e-02
 -2.6226854e-01
 -6.9910094e-02
 -5.0412945e-02
  1.9652365e-01
 -3.3159533e+00
 -1.1878100e-01
  1.7673387e-01
  4.4959989e-01
 -1.8332125e-01
  1.2139975e+00
 -7.8440338e-02
  1.0766192e-01
  1.1116141e-01
 -4.6142459e-02
 -1.1167508e-02
 -2.5274035e-01
  8.3768773e-01
  1.3829712e+00
  1.2448747e+00
 -7.4961585e-01
 -3.1623619e+00
  1.0694049e-01
 -3.1269825e-01
 -1.1850115e-01
  2.9386958e-01
  7.3618257e-01
 -1.1133202e+00
  5.9019076e-03
  2.3904440e-01
 -5.1852316e-01
  3.8126868e-01
  6.4804429e-01
 -4.7561714e-01
 -2.3830043e-02
  2.0488502e-01
  1.2374249e-01
 -8.3987361e-01
 -2.4553064e-01
 -7.3430359e-02
  3.5869950e-01
 -2.7637792e-01
  2.3333441e-01
 -1.4493153e+00
 -2.8296995e-01
  4.1089533e-04
  2.7171153e-01
 -1.3927077e+00
 -3.2625419e-01
 -6.1509585e-01
 -1.2506719e-01
  1.1179730e-01
 -6.3730592e-01
  1.1704467e-01
  1.7564204e-01
  3.1716311e-01
  8.2227230e-02
 -4.6169963e-02
 -3.7736847e+00
 -1.3438231e+00
  3.4338301e-01
 -5.3683203e-01
  1.5986569e-01
 -2.8524752e+00
 -1.5642481e-01
  2.1592836e-01
 -8.2940109e-02
  1.5838864e-01
 -7.7856481e-01
 -1.0354099e-01
  3.4731668e-01
 -8.4841654e-02
 -5.4784678e-02
  7.9081774e-01
 -8.5829264e-01
 -3.1812996e-01
  5.4023325e-01
  8.4427893e-02
 -3.5588214e+00
  6.0744148e-01
 -1.4834167e+00
  2.0385198e-02
 -9.0440787e-02
 -4.6285212e-01
  7.0869355e-03
 -4.9015403e-01
 -1.5118930e-01
 -4.1874770e-02
 -1.8222909e-02
 -1.0776468e-01
 -5.0714783e-02
 -2.2273529e-01
 -2.3101671e-01
  1.2737644e+00
  2.0040867e+00
 -1.0623684e+00
 -3.8322559e-01
 -6.6895455e-02
  4.8620474e-02
  8.7923154e-02
 -5.9945816e-01
 -1.8466873e+00
 -1.4943621e-01
 -2.6071432e-01
 -1.5084134e-01
 -2.7248934e-01
  7.9995453e-02
  4.6000409e-01
  4.3241981e-02
  1.3457099e+00
  1.5933891e-01
 -1.5060755e+00
  1.1833224e-01
 -1.6486406e-01
  1.0132729e-01
 -7.3357403e-02
 -1.3798596e+00
  5.9015107e-01
 -1.9181453e-01
  8.0770892e-01
 -2.6061618e-01
  8.3394058e-02
 -5.7948029e-01
 -1.1556118e+00
  1.2721162e-01
  1.8578900e-01
  2.0845319e-01
  1.9686785e-01
 -4.8831677e-01
  6.2232196e-01
 -6.4486839e-02
 -2.6160806e-01
 -1.2301939e-01
  4.4957203e-01
 -2.8650656e+00
 -9.3183897e-02
  1.8264875e-01
 -1.0170249e-01
  1.4360818e-01
  1.9879758e-01
  2.8552693e-01
 -5.6291517e-02
 -1.5850571e-01
  2.7902016e-01
 -1.8367002e-02
 -8.9071846e-01
  2.5980109e-01
  3.1729317e-01
  8.3555229e-02
  2.6483312e+00
 -2.9815445e+00
 -1.9722497e-01
 -6.9754920e+00
  1.4074723e+01
 -8.9619941e-01
 -2.8656647e+00
  3.1132202e+00
  5.1538132e-02
 -1.5055044e+00
 -3.0267704e+00
  1.8068483e-01
 -8.2593079e+00
 -9.8701131e-01
  3.8803157e-01
  5.7411659e-01
 -1.1994662e-01
 -4.8339474e-01
 -5.8067477e-01
  4.1163149e+00
 -4.6052518e+00
 -2.8263395e+00
  5.5370611e-01
 -4.9811797e+00
  1.2451708e+00
 -2.4773352e+00
 -2.5268195e+00
 -3.2316661e+00
 -7.4913816e+00
  4.8306143e-01
 -1.1435255e+00
 -1.9188744e+00
  1.1588225e+00
 -1.0919416e+00
 -3.5747149e+00
 -8.0080843e+00
 -6.4779885e-02
 -1.3861005e+00
 -5.0758462e-02
  5.4039615e-01
 -4.3810090e-01
 -6.2853411e-02
 -9.8118775e-02
 -1.4495407e-03
  1.8228866e-01
 -2.0349121e-01
 -1.9522823e-01
  6.8207455e-01
 -3.8642500e-02
  4.4777328e-01
  3.7908918e-01
 -1.5173048e+00
  1.1976509e-01
  4.8382482e-01
 -7.2706468e-02
 -9.3756157e-01
  1.3639012e-01
  5.1045984e-01
 -2.3410167e-01
  1.5327780e-01
 -1.1405212e-01
 -1.1937888e+00
  4.1440796e-02
 -1.0024145e-01
  3.9088443e-02
 -1.0444617e-01
 -1.1413474e+00
  3.0193781e-02
  4.6712333e-01
  2.1197633e-01
  2.3041148e+00
 -2.1834619e-01
  1.0591944e-01
 -1.1817635e+00
  2.7938252e-02
 -1.9301690e+00
 -6.6609936e+00
 -3.5838139e-01
 -6.7730233e-02
 -3.8272861e-01
 -1.4617394e+00
 -8.0543928e-02
 -7.4928528e-01
 -3.1069946e-01
  1.4065381e+00
  3.3939779e-01
  3.2440434e+00
 -3.7643787e-01
  1.1092172e-01
 -1.3022054e-03
 -1.2004790e-01
 -9.5083272e-01
  3.9048505e-01
  2.0853918e-02
 -3.3392584e-01
  1.2370069e-01
 -5.2376945e-02
 -8.7589598e-01
  4.1309249e-02
 -3.0712765e-02
  5.6654197e-01
  1.0269123e-01
 -3.3414571e-03
 -8.2791579e-01
 -7.5929081e-01
 -2.1243428e-01
 -1.6614468e+00
 -2.5616571e-01
  4.8506204e-02
  1.8201264e+00
  5.4606658e-01
 -8.3639562e-02
 -3.7432712e-02
  4.8176345e-01
 -2.7676457e-01
 -1.3239508e-02
 -5.6220794e-01
  3.1905904e-01
 -3.2779527e-01
 -4.0382648e-01
 -4.6107817e-01
  4.1914273e-02
  1.3009353e+00
  2.0472422e-01
  4.6892413e-01
  1.3932043e-01
 -6.9691014e-01
 -1.0678557e-01
  2.2007921e+00
 -3.6645907e-01
 -4.9089417e-01
 -1.5597433e-02
  4.4975781e-01
  1.4578431e+00
 -3.8267899e-02
 -3.3292252e-01
  1.8414597e-01
  9.8604232e-02
  1.4749135e-01
  2.1568534e+00
  1.3464443e-01
 -2.9105195e-01
 -1.7833076e-01
  8.5975915e-01
 -2.4106166e+00
  1.3568066e-01
 -3.5450924e-02
 -7.9106964e-02
 -5.5231217e-02
 -5.7297379e-01
  1.0431858e-01
 -5.5475527e-01
  1.8267251e+00
  1.9076468e-01
  1.9669735e+00
  2.0466213e-01
  4.0334787e+00
 -8.0093706e-01
 -4.0045136e-01
  3.0317767e+00
  1.3064271e-01
 -4.5895856e-02
  9.0608031e-02
  6.1859079e-02
  1.7745894e+00
  1.0620284e-01
  3.1134953e+00
  5.9727967e-01
 -2.2188677e-01
 -3.7667179e-01
  1.2576742e-01
  3.5079330e-01
 -2.0229673e+00
  8.6319500e-01
 -1.0070397e+00
  2.1538825e+00
 -1.7048779e+00
  1.0549150e+00
  1.1021136e-01
 -7.2935638e+00
 -3.0679891e-01
  2.3824291e+00
  1.5419512e+00
  2.0424261e+00
 -1.8422085e+00
 -3.5989327e+00
 -4.7875962e+00
 -6.7062694e-01
  4.5153883e-01
  1.9982448e-02
 -3.5326350e-02
 -1.4240482e-01
  9.2526567e-01
 -4.3577138e-02
 -1.5469389e-01
  5.3287905e-01
  4.1957110e-01
  4.1162425e-01
 -2.6982516e-01
 -1.5302326e-01
 -8.3036411e-01
 -2.7289143e-02
  6.0739684e-01
 -1.3307554e-01
  1.5480782e+00
 -7.2468078e-01
  1.4153678e+00
  6.6079640e-01
  1.6241682e-01
 -1.5907792e+00
 -1.7922361e-01
 -3.2299873e-01
  3.5686192e-01
 -9.3819857e-02
 -4.1416222e-01
 -7.8165993e-02
  1.2395965e+00
 -2.0641984e-01
 -3.4811014e-01
  3.5753751e-01
 -3.5534899e+00
  1.4309471e+00
 -3.0726725e-01
 -1.4298019e+00
 -2.9724307e-02
  1.4159095e-01
 -8.2776356e-01
  2.9028549e+00
 -1.5704884e-01
  1.4024405e+00
  1.3560612e+00
 -1.4947250e+00
 -7.7684909e-01
 -4.2831379e-01
 -1.2900357e-01
 -1.4182929e+00
 -1.7831154e+00
  1.3011529e+00
 -6.8899596e-01
 -8.9898133e-01
 -7.2188534e-02
 -4.4176176e-02
 -2.3511244e-01
  8.7105709e-01
  1.1240245e+00
 -2.9938111e-01
 -6.8503954e-02
 -5.4534322e-01
 -4.5242187e-01
 -1.8319778e-01
 -1.4353201e+00
 -3.8012293e-01
  1.1807150e+00
  1.0954466e-01
  7.1864977e-02
  6.7552376e-01
  1.8942657e+00
  1.3587074e-01
 -1.0292777e+00
  1.0200005e-01
 -9.4991422e-01
  3.2103188e+00
  2.7881114e+00
 -1.3231736e+00
 -3.9833298e-01
 -1.4617088e-01
  2.4695055e+00
  4.7841838e-01
  2.7049894e+00
 -1.1091309e+00
  4.9967098e-01
  5.2098411e-01
  2.4558585e+00
 -5.6483374e+00
 -2.0148709e+00
  1.7122357e+00
  1.5951587e+00
  4.5332808e+00
 -8.7784298e-02
 -8.2578552e-01
  5.0860059e-01
  9.4711077e-01
  9.5379531e-01
 -1.4467146e-01
  3.0225050e-01
  2.7954179e-01
 -1.0354391e+00
 -1.4469974e+00
  1.7179251e+00
  1.7293404e+00
  1.9519269e+00
  1.7280769e-01
  1.2783509e-01
 -2.4471346e-01
  2.0414080e-02
 -6.7054343e-01
  5.2077096e-02
 -6.2769651e-02
  1.3483304e-02
  6.1520915e+00
  4.3854278e-01
  5.7590806e-01
  3.7036401e-01
  2.8650576e-02
 -3.2482119e+00
 -2.6151445e+00
  4.1094941e-01
 -6.0575002e-01
  3.3609980e-01
 -3.0763879e-01
 -8.2705545e-01
  7.7884358e-01
 -4.7710377e-01
  2.9159936e-01
  1.2285768e+00
  1.4579616e-02
  5.6541342e-02
 -3.6663973e-01
  7.2489716e-02
  3.9714080e-01
 -5.0404210e-02
 -3.3583450e-01
  5.1913287e-02
  2.2360411e-01
  5.2150697e-02
 -7.7584952e-02
  1.6517414e-01
  4.0117183e-01
  2.3142840e-01
  2.9368046e-01
  1.0334352e+00
 -1.7143769e+00
 -2.4211553e-01
 -1.6414395e-01
  3.5363600e-01
 -1.8871053e-01
  5.6325638e-01
 -1.0690208e-01
 -1.1107816e-01
 -5.6245983e-02
 -1.7320740e-01
  2.3939870e-01
 -3.2618186e-01
  8.0894046e-02
 -3.2579952e-01
  5.3260779e-01
  4.2362991e-01
 -1.5818949e-01
 -5.1993543e-01
 -6.6065180e-01
 -1.0727403e-02
 -2.8818494e-01
  5.7458732e-02
 -8.7603025e-02
  3.2030082e-01
 -9.2261575e-02
  3.5745740e+00
  1.1345587e+00
 -2.0772512e-01
  3.6178701e-02
 -1.0481790e-01
  2.7291942e+00
 -2.8300786e+00
  9.3683827e-01
  4.0799111e-02
 -2.1733628e-01
  1.2231451e+00
  1.0999649e+00
 -1.3948084e-01
  1.0062211e-02
  1.3937675e+00
  2.6060233e-01
  2.0148660e-01
 -2.4486020e-01
 -1.9785994e-01
 -1.8230647e+00
 -5.4940271e-01
  7.2567940e-01
 -2.5903988e-01
 -2.3695552e-01
 -7.9649167e+00
  1.7211136e-01
  3.8219571e+00
  1.8870816e+00
  3.0470589e-01
 -7.7471727e-01
 -8.1225348e-01
  4.2232302e-01
  2.0553999e+00
 -4.9249756e-01
 -2.0190954e-01
 -1.2505344e+00
 -1.5209581e+00
  7.5447075e-02
 -1.6439973e-01
 -1.7699085e-01
 -7.0609379e-01
 -4.2700216e-01
  1.2304229e+00
  1.1952682e+00
  1.0034160e-01
 -4.3618116e-01
  7.7565199e-01
 -9.5675766e-02
 -1.4190320e-03
 -1.6057011e-01
 -4.9216720e-01
  3.8519990e-01
  1.7161486e-01
 -1.1727022e+00
 -8.4084734e-02
 -1.1971467e-01
  9.1389067e-02
 -3.0817065e-01
 -1.7312141e-01
  3.5847622e-01
  2.4036802e-01
 -6.0889523e-02
 -2.4087646e+00
  8.4950006e-01
 -2.1678050e-01
  1.8128732e-01
 -2.7601372e-02
  3.6717933e-01
  4.9237782e-01
  1.5271626e-01
  3.2162815e-02
  1.0204984e-01
  2.6465219e-01
  9.2486627e-02
  4.3159768e-01
 -5.9788406e-01
 -9.4087861e-02
 -5.2626920e-01
  3.6810990e-02
  6.9728774e-01
 -4.5148468e-01
  4.0812769e+00
  1.0048916e-01
 -1.3555133e-01
 -8.3641581e-02
 -4.6912903e-01
  6.9531932e-02
 -4.4016587e-03
  1.1676231e-01
  1.0925148e+00
  7.6057607e-01
 -1.7112567e-01
 -4.9094461e-02
 -3.7716329e-02
 -3.8493425e-02
  1.7687204e-01
  3.6071503e-01
  2.7010754e-01
  1.8867518e-01
 -2.5059709e-01
  4.8829250e-02
 -3.7103355e-02
 -2.0438179e-01
 -6.7747211e-01
  1.5523818e+00
  2.6412106e-01
  5.6654036e-01
 -1.8965639e+00
  4.0242133e-01
  2.8812018e-01
 -3.1136930e-01
 -1.1436974e-01
 -1.0222389e+00
 -3.1994860e+00
 -5.5600041e-01
  1.9302479e+00
 -5.5198517e-02
  7.6113343e-01
 -3.1385395e-01
 -1.7700595e-01
  1.8377861e-02
  1.9961941e+00
 -1.1001401e+00
 -7.8446381e-02
 -1.6189921e-01
  2.2459315e-01
  1.7415535e+00
  5.2843583e-01
 -3.7527454e+00
  3.6929342e-01
  1.3700043e-01
 -1.4941386e-03
 -5.2636668e-02
 -3.2004672e-01
 -3.3228225e-01
 -4.1358775e-01
  4.7671589e-01
 -4.5042571e-02
  2.4338110e-01
 -1.6301802e+00
 -1.1913955e-01
  3.8008869e-01
  5.2057147e-01
 -2.1223471e-01
  2.8676739e-01
  3.0821118e+00
 -5.4423545e-02
 -8.3269775e-03
 -7.4691778e-01
  6.9102049e-03
 -9.1228098e-01
 -6.2288034e-01
 -4.6878114e-02
 -6.2039077e-01
  2.7789817e+00
 -5.5165780e-01
  4.5726839e-01
  4.3212676e+00
  2.6677806e+00
  4.7156534e+00
 -9.1218077e-02
  3.6979154e-01
 -4.7045881e-03
 -6.0797685e-01
  1.4397708e+00
 -2.9524162e-01
  5.5581493e+00
  6.3091850e-01
 -1.0802452e-01
  4.2678485e+00
 -2.0622938e+00
  1.3339314e+00
 -1.6121219e+00
  1.0597738e+00
  2.8215319e-01
 -1.4290667e+00
  3.0121238e+00
 -3.5069850e-01
 -2.2299147e+00
 -2.3557317e-01
 -4.1965885e+00
  3.6019170e-01
 -6.8021822e-01
 -1.6946571e-01
  5.3427756e-01
 -1.0331986e+00
 -1.4592344e+00
 -3.1660712e-01
  1.6331997e+00
 -1.2822609e-01
  1.2617449e+00
 -5.8850350e+00
 -4.3575119e-02
  4.2482801e-02
 -3.8554463e-01
  4.9639218e-02
 -1.4406066e-01
 -7.5287321e-03
  1.3805789e-01
 -3.3091748e-01
  2.3069888e-01
 -1.4293435e-01
  1.9338547e-01
  1.3211296e-01
  5.5422157e-01
  2.9656103e-01
 -1.6669783e-01
  1.3457324e-01
 -2.1027379e-01
 -1.9744127e+00
 -8.0316037e-02
  2.1538073e-01
 -2.1107954e-01
  2.2891300e+00
 -4.9386963e-01
  1.8415149e+00
 -3.9584257e-02
 -3.1045654e-01
 -1.2812367e-01
  2.9284904e+00
 -4.4149065e-01
  2.3938563e-02
 -1.4884802e+00
 -2.0402235e-01
  2.7606819e+00
  6.3644826e-01
  6.5663522e-01
 -1.3997857e-01
 -6.7064159e-02
 -8.7974973e-02
  2.0086657e-02
 -5.0766307e-01
 -1.8781661e+00
  7.1835783e-03
  1.7181302e+00
 -3.7881190e-01
  1.3527085e+00
 -3.3142257e-01
 -7.3433749e-02
 -8.7882522e-03
 -1.6778293e-01
  3.6097130e-01
  4.8914307e-01
 -1.1773342e-01
  5.3929913e-01
 -2.9281411e-01
  5.1008433e-01
 -1.0439373e+00
  9.2354375e-01
 -2.8526804e-01
 -2.4999982e-01
 -1.2605350e+00
  8.0483472e-01
  4.1645240e-02
 -3.0591452e-01
 -1.2384526e-01
 -3.4991434e+00
  1.5562509e+00
 -1.6313264e+00
  1.0993263e+00
 -1.0429496e+00
 -1.6664414e-01
 -9.5938283e-01
  2.0466042e+00
 -3.5759968e-01
 -1.6218033e-02
  1.8916722e-01
 -3.4063549e+00
  8.2348609e-01
 -9.6359235e-01
  3.9099899e-01
 -1.7045805e+00
  1.6668887e+00
 -2.6225476e+00
  4.5599577e-01
  2.4895404e-01
  6.8290645e-01
 -4.4507151e+00
  7.5017470e-01
 -9.1738081e-01
  2.3091326e+00
 -1.9921145e+00
  4.2650554e-01
  1.5059485e+00
 -4.6567842e-01
  4.5716391e+00
  6.1016172e-01
 -1.9735919e+00
  1.1992950e-01
  1.6452318e+00
  1.7627560e+00
  4.1357601e-01
 -3.0415088e-01
  3.8556051e-01
 -1.0812473e-01
 -1.0079326e-01
 -1.7955779e+00
  7.6365221e-01
  1.0849639e+00
 -3.3516330e-01
  4.8702833e-01
  2.0148325e+00
 -1.8561704e-01
  8.9722581e-02
 -1.3222321e+00
  2.5465809e-02
  1.6319984e-01
 -5.0576484e-01
  2.2605610e-01
 -9.9953991e-01
  3.9101136e-01
  5.1307219e-01
  1.9618336e-02
  2.9262717e+00
  3.6829591e-01
 -3.6473030e-01
 -5.0724306e+00
  8.8144273e-01
  8.0842368e-02
  6.8257082e-01
 -1.7911536e-01
  1.7399820e+00
 -1.0617775e+00
 -8.4479682e-02
  1.4115463e+00
 -3.0501211e-01
  4.5359887e-02
  1.2757274e+00
 -1.7813955e-01
 -8.5179174e-01
 -4.5584619e-02
 -3.1271020e-01
 -2.1358517e-01
  1.7221221e+00
 -2.4953208e+00
  4.0478715e-01
 -5.6884214e-02
  1.4259100e+00
 -1.3178231e+00
  3.9218092e-01
  2.7060682e-02
  1.2088804e+00
  1.7193356e+00
 -6.5001793e-02
  1.4813685e-01
 -8.5531779e-02
 -2.4303896e+00
 -3.0206141e-01
 -1.8088888e-01
 -1.8421166e+00
 -8.8958004e-03
 -3.2783407e-01
  5.7597381e-01
 -2.3344340e-02
 -1.9275925e+00
 -5.2641064e-01
 -3.6419048e+00
 -3.5167551e+00
  3.9925740e+00
  1.9385737e+00
 -1.7332201e+00
 -2.2978039e+00
 -2.3780704e+00
  1.4262241e-01
  3.2538049e+00
  3.8849227e+00
 -6.6748857e-01
  2.7533969e-01
 -4.4761527e-01
 -2.6202507e+00
 -1.5769541e-01
 -2.8177216e+00
 -1.7836189e+00
 -2.4073775e-01
  2.2672789e+00
 -3.2532867e-02
 -6.7867899e-01
  4.8393500e-01
  3.6864619e+00
 -4.5046380e-01
  6.2423348e+00
  4.5446777e+00
 -3.1817327e+00
  1.1826431e+00
  2.3219435e-01
 -1.8635732e+00
  7.9182982e-01
  1.9078143e+00
  2.3401277e+00
 -6.8183464e-01
  7.2980486e-02
  4.4592590e+00
  7.5047910e-02
 -2.6850247e-01
 -7.2164273e-01
  2.4198925e-01
 -7.6844442e-01
  1.0126152e+00
  2.6438165e+00
  1.3827440e+00
  2.0617375e+00
 -7.0610321e-01
 -3.2526556e-02
 -1.5900699e+00
 -1.4438152e-01
 -5.6645508e+00
  3.6982730e-01
 -5.9426564e-01
 -2.4260354e+00
 -5.6008089e-01
  3.8724756e+00
 -1.2643557e+00
  2.4583654e+00
  5.0870795e-02
 -1.4832778e+00
  1.1003591e+00
  5.1156487e-02
  9.4453579e-01
  1.1082045e+00
  6.4102423e-01
 -4.7657222e-02
 -9.2285252e-01
 -2.9798944e+00
  1.1037780e-01
 -1.6939123e+00
  3.7315446e-01
 -3.0838925e-01
  8.5008925e-01
 -2.0626563e-01
  1.0621133e+00
  1.4714605e+00
  1.3296149e-02
  1.4245536e+00
  6.9144535e-01
 -2.5433013e-01
 -1.2224528e+00
  5.0389260e-01
  1.1306196e-01
  7.7470773e-01
  8.1966883e-01
 -1.0964469e+00
  1.6520500e-01
  2.0757704e+00
  1.4964971e-01
  6.2256795e-01
 -2.2199011e+00
  2.0777836e-01
  8.2833014e-02
  1.4047265e+00
  4.0592647e-01
  1.0611892e-01
  3.3640859e-01
  5.9095013e-01
  1.4088842e-01
  5.2012557e-01
  2.6008579e-01
  1.0501677e+00
 -1.1299826e-01
 -9.7918743e-01
 -2.4281285e+00
  6.6718686e-01
 -2.7018771e+00
 -6.2775856e-01
  1.0201825e+00
  1.2045842e-01
  2.0560651e-01
 -1.1739131e+00
 -1.0800500e-01
  1.6707180e+00
 -5.4937062e+00
 -5.8700871e-01
  1.5293797e+00
 -3.5047948e+00
 -2.5716946e-01
 -5.7571042e-01
  2.6656815e-01
  6.7984033e-01
 -1.8121943e+00
  1.8565845e+00
  6.4349484e-01
 -5.5505127e-01
 -2.3464282e+00
 -1.2170005e+00
  9.4534343e-01
  6.0087973e-01
 -1.0674504e+00
  5.1886141e-01
  2.8336525e+00
  9.2998169e-02
  4.0690050e-01
  5.6037349e-01
 -1.0235891e+00
 -9.8286420e-01
 -1.7983485e+00
  7.4211365e-01
  7.9529476e-01
 -2.6501536e+00
  1.4338332e+00
  1.2223819e+00
 -1.1631379e+00
 -1.3636271e+00
 -5.3552169e-01
  2.9363057e-02
 -1.6666168e-01
 -1.8215534e-01
 -1.2752298e+00
 -3.0423221e-01
  7.7428699e-01
 -4.2775008e-01
  4.3454266e+00
  4.5782852e+00
 -2.4687417e+00
  6.1933818e+00
  7.1132765e+00
 -1.7813432e-01
 -3.3547564e+00
  4.0972185e-01
  1.0257998e+00
  5.0909525e-01
 -2.8219408e-01
 -8.2211739e-01
 -6.3717091e-01
  4.7775013e-03
 -5.4323274e-01
 -9.6525975e-02
 -1.2438303e-01
  3.8575479e-01
  2.2661610e+00
 -3.1826575e+00
  6.0326850e-01
  9.7610526e-02
 -1.0714465e+00
 -2.6479766e+00
 -6.5752262e-01
  6.5190589e-01
  1.9130205e+00
 -6.3995165e-01
 -1.0720927e+00
  1.0732423e+00
 -3.8753606e-02
  5.1575551e+00
 -1.5050573e+00
 -3.8176134e+00
  4.9580712e+00
  2.1803107e+00
  1.0980771e+00
  1.5497476e+00
 -2.4760327e-01
  7.1855003e-01
 -1.1728670e-01
  4.5168790e-01
 -1.6449338e+00
 -2.9995313e-01
 -4.6352550e-01
 -6.7303978e-02
  4.8859042e-01
 -7.4879819e-01
  1.1666389e+00
  8.5691804e-01
  2.4758294e-02
  1.6200061e-01
  1.0540088e-01
  9.4221848e-01
  7.3921478e-01
 -2.1302794e-01
  9.8333126e-03
 -5.6724435e-01
 -1.8595691e-01
  1.7601326e+00
  3.7417373e-01
 -9.7234063e-02
 -3.1107625e-01
 -1.3201050e-01
  5.2381325e-01
  1.0719331e-01
 -2.8366378e-01
 -3.6718225e-01
  4.2091277e-01
 -2.2965851e-01
  1.3113604e-01
  7.5999123e-01
  9.1805184e-01
 -1.1995825e+00
 -2.6832358e-03
  7.3588297e-02
 -5.9974068e-01
  2.3775797e-01
 -5.5133592e-02
 -3.2587227e-01
 -2.3678197e-01
  2.5504437e-01
  1.4421493e-01
 -2.4293204e-01
 -5.9055358e-01
 -5.8055329e-01
 -4.7615829e-01
 -3.9329946e-01
  1.3546744e-01
  1.6298871e-01
 -3.9527106e-01
 -7.2151646e-02
  6.2725410e-02
  1.7702840e-01
 -4.1007899e-02
 -4.6162364e-01
  1.1221209e-01
 -4.7378173e-01
  1.2378065e-01
 -4.4794109e-01
  5.1617551e-01
  3.5196695e-01
  3.4954184e-01
  1.0935373e+00
 -1.6417884e+00
  1.0491811e+00
  2.9950523e-01
  3.0974698e+00
 -2.5520790e+00
 -2.3992854e-01
 -4.0090549e-01
  3.0512612e-02
  1.4448397e+00
 -6.2648997e-02
  2.2119129e+00
 -8.6324472e+00
 -1.3588599e+00
 -3.5466537e-01
 -4.2457029e-01
  9.3041259e-01
 -9.2081100e-02
  3.1916669e-01
 -1.5680295e-03
 -8.5865177e-02
  1.7920587e+00
  2.2992294e-01
  1.2617104e+00
 -1.5687540e-01
  1.9731821e+00
 -6.3829798e-01
  9.4027805e-01
  2.3655975e-01
 -2.8231624e-01
 -2.1125619e+00
  3.4365609e-02
  1.3499128e+00
  9.1106510e-01
  4.0898794e-01
  2.4223177e-01
 -1.9550826e-01
  3.8750365e+00
  1.7941564e-01
  9.6988177e-01
 -3.9148983e-01
  5.4673910e-01
 -1.8208663e-01
  6.5947667e-02
  8.1631303e-02
  4.3800497e-01
  1.9801712e+00
  3.5767508e-01
  4.0831169e-01
 -5.2364492e-01
  1.8528390e-01
 -2.6201904e+00
  1.4704183e+00
 -1.9226317e+00
 -2.9492250e-01
  1.4152324e+00
  3.4400477e+00
  5.5671161e-01
 -3.6471460e+00
  6.8461472e-01
 -4.1840153e+00
  1.1751109e+00
 -1.5088679e+00
  9.3624920e-01
 -1.8121243e+00
 -9.0031046e-01
  2.2674820e+00
  4.9164483e-01
  1.1988645e+00
 -1.5125743e+00
  6.6227090e-01
  2.6053140e+00
 -1.9043322e+00
  4.5468144e+00
 -2.5005360e+00
  1.6367635e-01
 -3.5498455e-01
  1.7491579e+00
 -1.4925718e+00
 -2.2742229e+00
  1.6857700e+00
 -3.2400544e+00
  1.3364012e+00
  3.6357764e-02
 -3.7644582e+00
  8.0834514e-01
  5.8868265e-01
  1.8377265e+00
  3.2313061e-01
 -6.2824005e-01
  6.4378029e-01
 -2.7224705e-02
  2.2178817e+00
 -2.0950441e-01
  4.8284790e-01
  2.8239438e-01
  2.0413589e+00
  2.7760845e-01
  3.9505154e-01
  1.4898813e-01
 -3.5154659e-02
 -4.1011477e-01
  3.0267809e-02
  3.6821660e-02
  3.0416021e-01
  2.6734154e+00
  3.4597158e+00
 -1.4846465e-01
  3.7297934e-01
 -3.9109522e-01
 -2.1395018e+00
  2.0366960e+00
 -4.4548315e-01
  2.2968831e+00
  7.1737945e-01
 -6.1210901e-01
  1.3966625e+00
  1.0132594e-02
  1.4095089e-01
 -3.2873726e+00
  3.8363453e-02
 -3.6764977e+00
 -2.4596779e+00
 -8.6386420e-02
 -3.1575006e-02
  3.2171860e+00
 -2.0904694e+00
  1.2164267e+00
  7.4566782e-01
 -8.9343512e-01
  3.4815471e+00
 -2.2118952e+00
  2.4372454e-01
  2.2364838e-01
  4.8869405e+00
 -2.2996128e+00
 -3.6659851e+00
  9.7942460e-01
 -8.3567375e-01
 -9.4759285e-02
  1.1031645e-02
 -4.2065689e-01
  1.5854305e-01
  1.2439588e+00
  2.8945473e-01
  1.1375171e-01
 -1.4790729e-01
 -2.9475987e-01
  1.3785569e-01
  1.6241419e+00
  2.9915173e+00
 -3.4017149e-01
  3.1719744e-01
 -6.2856972e-02
 -4.9844906e-01
  3.0242687e-01
  3.0790485e-02
  1.8414279e-02
 -5.1237058e-02
  8.3887145e-02
 -1.7011034e+00
  1.2638203e-02
  2.0308056e-01
  2.9684553e-01
 -1.2092939e-01
 -3.3215644e+00
  2.0284553e-01
 -1.1853302e-01
 -4.3242005e-01
 -2.0709030e-01
  1.6899306e-01
 -5.5655259e-01
  1.5050520e-01
 -3.0252010e-01
 -3.9946837e-03
 -1.0201583e+00
 -3.1875929e-01
  6.7754990e-01
 -2.6664674e-01
  4.0222791e-01
 -8.7285742e-02
  1.1035194e-01
  3.0150239e+00
  3.0514581e-02
 -2.3368493e-01
  5.8049536e-01
  4.6839738e-01
  8.1874472e-01
  7.6564825e-01
 -1.4260662e-01
  3.5477139e-04
  3.7084621e-01
  9.8188227e-01
  1.6392381e-01
 -1.5372449e-01
 -1.0054313e+00
 -2.7031839e-01
 -4.1951127e-02
 -9.8725811e-02
  1.4829859e+00
 -1.2548788e+00
 -5.2340906e-02
  1.3514833e-01
  1.4875865e-01
 -2.5452092e-01
 -3.7871936e-01
  4.6954978e-01
 -4.0105674e-01
  5.1616259e-02
 -3.2275698e-01
 -1.1651293e-01
 -3.9679772e-01
  1.0753949e+00
 -4.6018547e-01
 -2.4759208e-01
  4.3128842e-01
 -1.8512619e-01
  2.3392925e-01
 -5.1706725e-01
 -1.5453956e-01
  5.7922632e-01
 -6.1331820e-01
 -3.9714459e-02
  1.2545457e-01
 -1.0122287e-01
  8.0993064e-02
  9.5440872e-02
 -3.1180862e-01
 -3.4207143e-02
  1.0285389e-01
 -1.4163265e-02
 -8.5083194e-02
  5.3958725e-02
  4.1523561e-01
  8.3077021e-02
 -2.7702415e-01
 -1.8251397e-01
  2.7885668e-02
 -8.0474168e-02
  3.5889667e-01
  2.7858523e-01
  2.3943318e-01
 -4.9072644e-01
  2.3036081e-01
  1.3429026e-01
  1.1041796e-02
 -1.0913844e+00
 -8.9064538e-02
  7.2434020e-01
 -5.3003025e-01
 -8.3101638e-02
 -1.9623223e-01
 -6.0650152e-01
  1.3666044e-01
 -4.8423591e-01
 -2.3318937e-03
  7.9717875e-02
  4.9220286e-02
 -3.0002216e-01
 -4.0485922e-01
  1.3536231e-01
 -1.2107611e+00
 -5.2212334e-01
 -2.0912056e+00
  9.7482048e-02
  1.2441521e-02
  2.3812380e+00
  5.9795523e-01
  2.1542393e-01
 -5.5099230e-02
 -2.5061497e-01
 -2.4835330e-02
 -1.4490540e-01
  6.7476030e-03
 -8.7029390e-02
  1.8711200e-02
  3.7139851e-01
  2.9867778e+00
 -9.6322455e-02
 -2.2995942e+00
 -4.3263617e-01
 -1.7253883e-01
  1.5572074e-01
  4.5775497e-01
 -2.2264813e-01
  8.6195135e-01
 -1.5273572e-02
  1.6213369e-01
  4.7441146e-01
  2.2996663e-01
  1.9441275e-01
 -3.4566817e-01
 -1.3018935e+00
 -9.4877118e-01
  8.2611151e-02
 -1.5993293e-01
 -1.5573809e+00
 -2.0226945e-01
 -3.6241990e-01
 -6.2020046e-01
 -2.7933586e-02
 -1.3174769e-01
  1.2806496e-02
  1.3708085e-02
 -2.0004556e-01
  2.6561129e+00
 -2.4933138e+00
  2.8514550e+00
 -7.1464825e-01
 -6.1911587e-02
  2.4302559e+00
  2.3488333e+00
  2.2600541e+00
  2.0343173e+00
  2.2989538e+00
 -9.6092716e-02
 -1.8263682e+00
 -1.4583138e+00
 -2.5619755e+00
 -7.1882849e+00
  1.5739304e-01
  7.0902437e-02
  7.7026904e-01
 -4.4075087e-01
  2.2867920e+00
  5.7606274e-01
 -2.8090265e+00
  1.9643520e-01
 -2.8701053e+00
 -2.8170238e+00
 -2.9024684e+00
  3.7555835e-01
 -5.3990026e+00
 -2.0735722e-02
  2.0601016e-02
 -2.0937576e+00
 -1.1399896e+00
 -1.9059674e+00
 -3.5510433e+00
  1.7323773e+00
  1.3259090e+00
 -5.1697087e-01
 -1.4022138e+00
  1.5880654e+00
  1.1504495e+00
  2.6650810e-01
 -2.8960526e-01
 -8.7356740e-01
  1.2352092e+00
 -8.4294695e-01
  1.1751578e-02
  1.0857505e+00
 -7.0089769e-01
 -9.2077866e-02
 -1.2405726e-01
 -4.4193637e-01
  8.7037218e-01
  5.6089191e+00
  1.9930044e-02
 -9.1862541e-01
  1.0239463e+00
  4.3006558e+00
  1.5313791e+00
 -1.6054624e+00
 -1.1578612e+00
  1.6110210e+00
  1.5037497e+00
 -2.8153104e-01
 -1.4647294e+00
  4.6720186e-01
 -2.4379601e+00
  3.2098963e+00
 -6.2597197e-01
  2.3626583e+00
  4.6415138e-03
  3.6974570e-01
 -1.6626650e+00
 -5.8823597e-01
  3.7215848e-02
  9.7980130e-01
  1.4543351e+00
 -2.1320488e-01
 -1.7855937e+00
 -3.4242487e-01
  3.6206019e-01
  5.5304241e-01
  6.6828090e-01
  2.4549029e+00
  3.0789623e-02
  1.8358591e+00
 -2.9276007e-01
 -6.8865252e-01
  5.1878631e-01
 -2.3065977e-01
  3.6000717e-01
  2.2280210e-01
 -3.2028182e+00
 -5.8423859e-01
  4.2892033e-01
  1.4333472e+00
 -1.8795424e+00
 -2.1018727e-01
 -5.4871553e-01
  2.9519184e-02
  4.0079250e+00
  2.2071381e+00
  8.4597987e-01
  3.9813604e-02
  4.6165076e-01
 -1.5975481e+00
 -4.2572036e+00
 -2.0676870e+00
 -2.8833466e+00
  2.3044233e+00
 -2.4327633e+00
 -4.8133006e+00
  5.9769359e+00
  1.2407264e+00
 -4.0143476e+00
 -6.5718327e+00
 -2.0002129e+00
 -4.7872462e+00
 -1.5582488e+00
  8.6667734e-01
  5.1020277e-01
 -1.3983508e+00
 -1.7757421e+00
 -2.2802224e+00
 -4.6941338e+00
 -1.9224787e+00
  1.0483143e+00
 -1.2812030e+00
  4.7753628e-02
 -3.7728758e+00
 -2.3347280e+00
 -3.5376296e+00
 -3.7816975e-01
 -2.1798422e+00
 -4.6950316e+00
 -7.5930977e-01
 -2.8238211e+00
  1.8753343e+00
  1.4412394e-01
 -6.2731881e+00
 -4.0975938e+00
 -9.6128799e-02
  2.1692334e-01
  3.2675936e+00
 -1.9608560e+00
  3.1483762e-02
  9.0495145e-01
 -3.8466825e+00
  4.1256329e-01
 -1.1013441e-01
 -2.1056347e-01
  2.5749803e-02
  1.2114798e-01
 -3.8244142e-03
 -7.2260946e-01
  1.6781201e+00
 -3.6760037e+00
 -1.9991769e-01
  2.6402929e+00
 -3.1607745e+00
 -1.9021195e+00
  4.8554683e+00
  2.9626379e+00
  7.4948115e+00
  4.5759115e+00
 -2.4313376e+00
 -7.6377213e-01
 -3.5799088e+00
 -1.5875095e+00
  7.7959186e-01
  2.2141554e+00
 -1.7088553e+00
 -1.7747163e+00
  2.1695445e+00
  7.3704071e-02
 -2.9061389e+00
  2.1774929e+00
  3.3775916e+00
 -1.5543075e+00
 -2.1814914e+00
  6.1017752e-01
  8.9369506e-01
 -2.4053023e+00
  1.9886445e+00
  5.0224267e-02
  9.5407641e-01
  9.1965282e-01
 -9.1921431e-01
  1.6351561e-01
 -3.9354786e-01
  2.6427278e-01
 -1.5420245e+00
  2.4643469e-01
 -8.1115037e-01
  8.0010986e-01
  1.6388236e+00
 -1.1463112e+00
 -2.1752381e+00
  9.3076527e-01
 -1.0466828e-01
  9.2269167e-02
 -1.7312779e-01
 -1.7619925e+00
 -5.5790806e+00
  2.1241222e-01
 -7.6747644e-01
 -1.6345192e-02
  2.6214671e-01
 -2.8769922e-01
 -5.4069215e-01
  1.8530758e-01
  3.4191096e-01
  1.7878330e-01
  3.2360934e-02
 -9.5814168e-02
 -7.7023223e-02
 -5.3975850e-01
 -7.4207026e-01
  3.9913103e-02
 -2.7474043e-01
 -1.1366210e-02
 -1.1645214e-01
 -1.0229057e-01
  2.6666319e-01
 -2.2137201e-01
  6.7692012e-02
 -4.5734543e-01
  4.4970721e-01
  2.0918516e-03
 -2.1277120e+00
 -5.9682518e-02
  3.9064558e-03
  1.0069019e-01
  1.7545078e+00
 -1.6435679e-02
 -1.0612995e-01
 -1.9502538e-01
  3.1396487e-01
  1.8545318e-02
 -1.1138228e+00
 -5.8562942e-02
  1.5722095e+00
  1.6109924e-01
  3.2062191e-01
  7.7087849e-02
 -4.2130418e-02
  3.0865977e-02
  4.0698984e-01
 -2.2353795e-01
  8.5527755e-02
  4.2807004e-01
 -7.2954470e-01
 -1.8197187e+00
  1.2504961e+00
  2.0546269e+00
  4.8938206e-01
  1.3931033e-01
 -9.9372280e-01
 -1.3477430e+00
  2.4693043e-03
 -3.2752755e-01
  7.7354568e-01
 -8.7937015e-01
  1.9914683e-02
  3.5561192e-01
  1.8187210e-01
 -4.9244738e-01
  2.4842591e+00
 -4.9342167e-01
  1.5016104e+00
  1.2637250e-01
  4.2253336e-01
  3.1620133e-01
  1.2307948e+00
 -1.8065788e-01
 -1.8156061e-02
  3.3015826e+00
 -4.0838331e-01
 -7.8392349e-02
 -1.6392000e-01
  1.3557979e+00
 -1.4120056e-01
 -1.8339040e+00
  2.2720208e+00
  1.9256725e+00
  8.8056928e-01
 -2.6368079e-01
  7.9109162e-01
 -1.6924825e-01
 -7.8530157e-01
  4.5074287e-01
  5.6119257e-01
  1.4964731e-01
  2.7197731e-01
 -5.2579623e-01
  9.2876963e-02
 -2.1097705e-01
  6.3588314e-02
 -2.6899576e-01
  5.7042801e-01
 -1.4926898e-01
 -4.9769324e-01
  1.3686633e-01
  7.6696180e-02
  2.2441198e-01
  1.2873894e-01
  1.3011873e-01
  2.2118905e+00
 -1.3597713e+00
  7.8287977e-01
  5.0696976e-02
 -1.3460224e+00
 -1.4430535e+00
 -5.6954420e-01
  1.9227040e-01
 -3.5165790e-01
 -2.2650483e-01
 -1.0726072e-01
  1.2013517e-01
 -3.7168112e-01
  3.3533627e-01
  2.6419206e+00
 -4.3922949e-01
  2.9628584e-01
 -7.4460797e-02
  1.1755378e-01
 -1.1449814e+00
 -1.5979189e-01
  6.3220978e-02
  5.0557751e-02
 -4.7108883e-01
 -4.1963997e-01
 -2.1498613e+00
 -8.3549535e-01
 -2.1170475e-01
  2.1200383e+00
 -8.6732894e-02
 -5.9889719e-02
 -1.8717806e+00
 -2.2592874e-01
 -1.7326377e-02
  2.1223491e-01
 -6.4311916e-01
  1.0021668e-01
 -1.3437662e-01
  3.1555313e-01
  1.3167001e-02
  3.1060988e-01
 -2.2177508e+00
 -1.1825012e+00
 -1.6836441e+00
  2.5760481e+00
  6.3431792e-02
 -3.9023295e-01
  2.0904173e-01
  2.5970826e-01
  4.5431748e-01
  9.6933328e-02
 -1.0386726e+00
 -1.2552170e+00
 -1.7698935e+00
  6.4258575e-01
  2.5340056e+00
 -1.4805818e+00
 -2.4266284e+00
  2.0996520e-01
  3.9271691e-01
  2.0104284e+00
 -2.9642000e+00
 -4.9364942e-01
 -3.2993104e-02
 -1.7816215e+00
 -2.5757174e+00
 -3.2170225e-02
 -1.8568208e+00
 -1.8122169e+00
  1.3742961e+00
 -1.7832823e+00
  3.9640245e-01
  2.1224856e-01
  2.1910117e+00
  8.3906308e-02
 -1.3866057e+00
 -1.5933546e+00
 -1.7270432e+00
 -2.1571734e+00
 -1.6131394e+00
  3.8983020e-01
  1.2905390e+00
 -1.7866056e+00
  4.3237419e+00
  6.9697967e+00
  2.0401006e+00
  1.3246993e+00
  2.1115763e-01
  2.0504644e+00
  1.4228283e+00
 -2.2485375e+00
 -2.7360052e-01
  1.1620713e+00
 -1.8319833e+00
 -1.0453627e+00
  2.4444950e+00
 -1.7792290e+00
 -2.4607387e+00
  1.7692847e+00
  2.8890388e+00
 -1.1568847e+00
 -4.9047276e-01
 -1.9761511e+00
  1.5441077e+00
  5.5759460e-01
  2.1506233e+00
  7.4150014e-01
 -2.2817395e+00
 -1.7827400e+00
 -2.8799918e+00
  1.1668222e+00
 -3.7753003e+00
 -1.6040273e-02
 -1.3707573e+00
 -2.1628218e+00
  9.7198957e-01
  5.7377142e-01
  1.2465367e+00
 -2.1399786e+00
  1.7574568e+00
  2.8449351e-01
  3.9656228e-01
 -3.1309712e-01
  4.7331023e-01
  1.7027084e+00
 -1.3467308e+00
  1.7927102e+00
  1.3099198e+00
  3.9833789e+00
 -1.3762218e+00
 -2.3369831e-01
 -2.3426192e+00
 -1.4187044e+00
 -2.2098663e+00
 -2.6173463e-01
 -1.5825928e+00
 -2.4717584e+00
 -1.2289529e+00
 -2.2598860e+00
 -1.3051080e+00
  1.1971676e+00
 -1.5463066e+00
 -5.1442471e+00
 -1.9879646e+00
 -1.4260942e+00
  2.3563254e-01
 -2.0081527e+00
  1.4949621e-01
 -2.8715801e-01
 -2.5916567e+00
  1.2947304e+00
 -1.7197006e+00
  5.4251761e+00
  7.3929877e+00
  1.1621959e+00
 -2.4359837e+00
 -2.2534224e-01
  1.5766495e+00
  1.0984294e+00
 -4.3524340e-01
 -6.7315421e+00
 -4.9893808e-01
 -4.6700469e-01
 -6.2439227e-01
  3.0944011e-01
  1.5974292e+01
  9.4955844e-01
 -3.1048882e-01
  2.9069867e+00
 -3.3716697e-01
  4.7946606e+00
  8.2554233e-01
  1.2577806e+00
 -7.4007125e+00
  5.3379232e-01
 -2.9197621e+00
  5.7416230e-01
  3.2954831e+00
  3.7240865e+00
  5.3012836e-01
 -2.8356409e-01
 -1.0054765e+00
  5.3736144e-01
 -3.3100512e+00
 -3.0986469e+00
 -5.7009001e+00
  1.1332460e-01
  9.4444090e-01
 -6.6616945e+00
 -5.2222621e-01
  3.6786005e+00
  9.3792397e-01
 -8.4399007e-02
  3.0978684e+00
 -1.2382122e+00
  9.5811212e-01
 -2.6766971e-01
  4.1366062e+00
 -3.0349917e+00
 -6.1025624e+00
  9.9233818e-01
 -8.7042636e-01
  3.6115534e+00
 -2.8713858e+00
  1.2213434e+00
  9.0918779e-01
 -2.5731816e+00
  2.3327076e+00
  7.5314369e+00
 -1.5735226e+00
  9.9501032e-01
  3.4780381e+00
  4.6879627e-02
  3.2604342e+00
  6.2897153e+00
 -4.7254720e-01
  1.3513229e+00
 -3.2183714e+00
 -8.8642500e-02
 -5.7671347e+00
  3.9484198e+00
 -1.4164712e-01
  1.8172307e-02
  5.3110343e-01
 -3.6671121e+00
  2.7903125e+00
 -1.1506957e+00
 -1.3612223e+00
 -8.5688436e-01
  4.2654085e+00
 -4.6663809e-01
  8.2485123e+00
  4.2575750e+00
  9.7401972e+00
 -1.1818975e+00
  5.5702524e+00
  3.1880252e+00
  3.1518173e+00
  1.4724720e+00
  3.8792272e+00
 -3.0525012e+00
  4.7670630e-01
  5.3133595e-01
 -6.1752641e-01
 -2.3194519e-01
  2.0113764e+00
  8.1440506e+00
  4.4587383e+00
  2.1812983e+00
  7.9049319e-01
 -1.5816297e-01
  1.0115671e+00
 -9.0755120e-02
 -1.6603463e+00
  2.2120893e+00
  3.7269139e-01
 -3.3810425e-01
  1.7005271e-01
 -4.9297467e-02
 -1.7354816e+00
 -1.9235212e-01
  1.5702915e+00
  2.7251172e-01
  7.4061230e-02
  4.5597926e-02
 -2.4740294e-01
 -3.6077797e-03
  7.1054435e-01
  6.9988674e-01
 -5.8927827e-02
  1.2596622e-01
  3.8288154e-02
 -4.9016405e-02
 -6.0086113e-01
  3.4092289e-01
  7.3492438e-02
 -3.0405182e-01
 -8.4883034e-02
 -5.7585651e-01
 -2.0792662e-01
  2.8191979e+00
 -2.9769570e-01
 -1.1980215e-01
 -5.9284824e-01
  1.8464839e-01
 -1.7008324e-01
 -1.2082911e-01
 -1.2088684e-01
  4.0539655e-01
 -3.0456555e-01
  4.5583844e-02
  2.0318523e-01
  1.7797466e-02
 -3.8961855e-01
 -6.4964578e-02
  2.5051084e-01
 -5.5532891e-01
  2.5020200e-01
  1.6006157e-01
 -7.2512656e-02
  2.4763479e+00
 -2.8233960e-01
 -2.1085429e-01
  4.3856901e-01
  1.7205826e+00
  1.6314902e+00
 -6.0554266e-01
  5.2494365e-01
  2.8599447e-01
 -3.7827185e-01
  9.6543498e-02
 -1.9703019e+00
 -7.8964382e-02
 -3.0427532e-02
  5.6613177e-01
 -6.1536334e-02
 -1.5113916e+00
 -4.0192929e-01
  2.4819087e-02
 -2.2045113e-02
  1.6695140e-01
  1.8701365e+00
 -3.9786655e-01
  2.7761640e-02
 -1.0613576e-01
  1.4559904e-01
 -1.0202996e-02
  1.8760113e-01
  7.4115135e-02
  1.0386275e-01
  2.3112264e-01
 -6.1854327e-01
 -1.1070659e-02
 -2.0382088e-01
 -4.7580946e-02
 -1.2562291e-01
  1.3379990e+00
  6.3001089e-02
 -6.1991408e-02
  6.2889673e-02
  8.8871755e-02
 -4.1709857e+00
 -2.8683078e-01
  4.0187836e-02
 -1.5316558e-01
 -5.3247261e-01
 -1.3437827e-01
  1.6351578e-01
 -1.8809780e-01
 -7.6142144e-01
  3.9797045e-02
 -5.3408939e-01
 -2.6305318e-01
 -8.5182214e-01
  3.8933009e-01
 -4.4310841e-01
  5.7986891e-01
 -8.7601796e-02
  1.0434519e-01
  3.2569095e-01
 -2.6391652e-01
  3.6386716e-01
  9.0374975e-03
  8.7336645e-02
  1.0439455e-02
  9.0520233e-03
  2.5684959e-01
 -4.3437159e-01
  2.9280272e-01
  2.9080961e+00
  4.9175080e-02
  9.3893902e-03
  1.3286921e-01
 -5.7530813e-02
 -1.9349819e+00
  2.2800300e-01
 -5.0663668e-01
  2.2692242e+00
  9.0697587e-01
  3.3663270e-01
 -2.2712941e+00
 -4.8103827e-01
 -1.0846421e-01
 -7.1521379e-02
  1.8247743e-01
 -1.7392483e+00
 -5.1315892e-01
 -1.6222477e-01
 -7.1223140e-02
 -2.0137715e-01
  3.1676266e+00
  2.9441041e-01
 -9.9517718e-02
  1.1596252e-01
  6.1863476e-01
  3.3563771e+00
  1.5832372e-01
  2.1457890e-01
  3.4419560e-01
  5.9201658e-02
 -6.0442263e-01
  1.0608252e-01
 -3.8842854e-01
  3.0409357e-01
 -2.2276931e-01
  1.0620908e+00
 -1.6586893e+00
  1.1691475e+00
  3.5862336e-01
  3.5443966e+00
 -6.1754424e-02
 -1.9726387e+00
 -1.5361435e+00
  2.1755010e-01
 -1.6744533e+00
  3.5943440e-01
 -7.8033455e-02
 -3.0991223e-01
 -4.7175640e-01
 -5.3035688e-01
  5.6903001e-02
  1.1250229e-01
 -3.0845225e-01
 -1.1789374e-02
  9.3634129e-01
  6.1419523e-01
 -3.6380020e-01
  3.1734195e-01
  2.2340643e+00
  1.5938370e-01
 -3.9068727e+00
  1.9215919e+00
 -6.4606446e-01
 -2.3473765e-01
 -3.2966283e-01
  1.8510576e-01
 -6.9836867e-01
 -6.2544072e-01
  7.6806568e-02
 -2.0496184e-01
 -6.1258875e-02
  1.3553680e+00
 -2.4711718e-01
  7.8282706e-02
  1.0842116e+00
  4.5612964e-01
 -7.4120931e-02
 -6.1449963e-01
 -3.1616066e-02
  2.1110694e-01
  5.9277529e-01
 -5.6732607e-01
  1.0217277e-01
 -4.1659026e+00
  4.9470402e-02
  1.5436503e-01
 -8.5523508e-02
  5.1877183e-01
  2.7065952e+00
 -9.5933318e-01
 -5.2899146e-01
 -2.5700184e-02
 -1.8422293e-02
  6.2061065e-01
  2.7236784e-02
 -1.4230943e-01
  3.6949903e-02
 -2.9528329e-01
 -3.1665200e-01
 -3.1269121e-01
 -1.0369642e+00
 -1.3901103e-01
  1.3601997e-01
 -5.2159417e-01
 -8.5094608e-02
 -4.6852195e-01
 -9.9040009e-02
 -1.0255022e-01
  1.1516784e-01
  5.2707776e-02
 -5.2058194e-02
  2.6328301e-01
  2.7435663e-01
  1.9720443e-01
 -5.9211206e-01
 -3.9568907e-01
  4.0043133e-01
 -6.1305028e-01
 -3.1853709e-01
  9.6082911e-02
  1.0740654e+00
 -1.0602493e-02
 -5.1689941e-01
 -3.4418188e-03
  2.8372111e+00
  3.5716337e-01
 -2.4330580e+00
  1.2372785e-01
 -3.1648183e-01
 -1.6980259e+00
 -1.7119706e+00
 -3.4478686e+00
 -2.7294564e+00
  2.4199810e-02
  4.3078922e-02
 -4.6008715e-01
  9.8800099e-01
 -3.0782133e-01
 -6.2512630e-01
 -2.7012122e+00
 -1.8358494e-01
  6.7976594e-02
  1.3398284e-01
 -7.2536349e-01
  1.0764875e-01
 -4.7228355e-02
 -7.3861890e-02
  1.8991036e+00
 -2.4585670e-01
 -2.0077696e-01
  3.5066637e-01
 -8.0443853e-01
  3.6963171e-01
 -5.2022266e-01
 -2.6105136e-01
  1.1262671e-01
 -3.4181872e-01
 -2.4410626e-01
 -2.0880318e-01
  3.6027043e+00
 -1.5251252e-01
  1.8998846e-01
  7.8736734e-01
 -1.0916715e-01
  5.9905689e-02
 -1.0233364e-01
  6.0217822e-01
 -1.0406267e-01
  6.9107848e-01
 -2.5207686e-01
 -2.0116514e-01
  2.5029173e-01
 -9.9196613e-01
 -7.1630016e-02
  3.0185637e-01
  4.4406936e-01
  4.3590933e-01
  3.7506536e-01
  1.4541584e-01
  3.9326143e-01
  7.5968969e-01
 -2.1904852e+00
 -2.4739735e-01
  3.6300486e-01
  2.5831828e-01
  1.2651770e-01
 -3.9905655e-01
 -8.8412237e-01
  1.7471009e+00
 -1.2802441e+00
 -7.2654492e-01
 -1.6363776e-01
 -5.2351111e-01
  1.6389485e-01
  5.6187594e-01
  7.3847020e-01
 -5.6554612e-02
 -6.4525598e-01
 -3.1566238e-01
 -1.6738307e+00
  6.7431206e-01
 -1.0523237e+00
 -2.1137128e+00
  1.1586467e-01
 -7.4078240e-02
 -2.7574868e+00
  4.5594926e+00
  3.6732134e-01
 -6.3354939e-01
  4.5585796e-01
 -5.5995643e-01
  1.5418050e+00
  2.2250709e-01
  3.7878165e-01
 -1.0993370e+00
 -5.8680940e-01
  2.2312634e-01
 -1.5647966e+00
  4.8176271e-01
 -1.2553577e-02
 -8.2850635e-01
 -5.2111667e-02
 -1.1386909e+00
 -5.0685138e-01
  9.4761228e-04
 -6.6975516e-01
  2.0533864e-01
  1.3857715e-01
  5.7778630e-02
  1.4732350e+00
  4.6818699e-03
 -1.4834820e-01
 -4.3350774e-01
  3.5004678e-01
 -1.8260905e-03
 -3.8304996e-01
 -3.9036566e-01
  6.3539064e-03
 -1.3028942e+00
 -2.8344551e-02
 -2.3291824e+00
  9.7663522e-01
 -7.1246213e-01
 -5.5468869e-01
  4.8575726e+00
 -2.3976523e-01
 -1.3863728e+00
  3.8715381e-02
  4.1357923e+00
  2.7807799e-01
 -2.3670295e-01
 -2.1232469e-01
  1.1114936e-01
 -2.4664053e-01
 -2.7556795e-01
 -1.6866571e-01
 -1.1099697e+00
 -9.2113070e-02
 -1.5027250e-01
 -1.4753777e-01
 -3.1304998e+00
  2.6525888e-01
 -4.9181765e-01
  4.0154569e-03
 -3.7533367e-01
  4.3032899e+00
  3.3231124e-01
 -6.1476242e-02
 -6.1455840e-01
  5.6063336e-01
 -6.9600695e-01
  1.7892540e-01
 -1.4181920e+00
  1.7067054e-01
  1.1484390e-01
  8.7910897e-01
  2.6065999e-01
  4.0440077e-01
 -1.7758147e+00
 -1.3168526e+00
  2.9262322e-01
 -7.1933731e-02
  1.2178278e-01
 -1.3163139e-01
  5.1556540e-01
 -1.5127177e-02
  6.6832012e-01
 -6.1482163e-03
  1.1168379e-01
 -6.2913716e-02
 -9.2692047e-02
 -8.7734766e-02
  3.4462139e-01
 -9.6055474e-03
  2.7575490e-01
  1.4296661e-01
  6.3852441e-01
 -1.5391485e-01
 -3.6949996e-02
  6.7708325e-01
  6.6040361e-01
  1.5658425e-01
 -3.0064529e-01
  2.0543332e+00
  2.8166607e-01
  6.0017586e-02
 -1.9996528e-01
  6.1995137e-02
 -1.0815179e-01
  3.6662394e-01
  3.0345691e-02
  9.6419267e-02
 -1.3235271e-01
  2.3418468e-01
 -9.6048042e-02
  6.8051212e-02
 -3.9784219e-02
  1.7392001e-01
  4.8157659e-01
  1.9864449e-01
 -1.5121876e-01
  2.9290724e-01
 -7.3982233e-01
  5.6858462e-01
  4.2188102e-01
 -3.6230081e-01
  3.2932666e-01
 -7.4710077e-01
 -2.9452845e-01
  3.6663654e-01
 -1.6760685e-01
  1.0708981e-01
 -1.3875698e+00
 -7.0861973e-02
 -5.5845034e-01
  5.0629038e-01
 -1.4530049e-01
 -4.2472560e-02
  1.5261327e-01
 -1.7172658e+00
  9.6124165e-02
  1.0645155e+00
 -3.2902855e-01
  5.9915200e-02
 -3.2328874e-01
  8.9290619e-02
 -2.6967956e-03
  8.2358867e-01
  1.4723372e-01
 -1.2446585e-01
 -5.5681849e-01
 -1.8688887e-01
  2.5794375e-01
 -2.1265666e-01
  2.8207693e-01
  1.6852568e-01
  2.5188696e-01
  1.3804176e-01
  5.7209611e-01
  6.0966846e-02
 -1.5867248e-02
 -7.7609044e-01
 -1.8761463e-01
  9.9726987e-01
  2.7714226e-02
 -1.9062740e-01
  4.5116320e-01
 -4.8914942e-01
 -3.6300726e-02
 -3.1393629e-01
  7.1033502e-01
  5.6255138e-01
 -3.5718185e-01
  2.2816232e-01
 -7.3119104e-02
  2.5147750e+00
  7.1406798e-03
 -5.9546042e-02
  2.5876927e-01
 -2.9757390e+00
 -4.2910802e-01
 -7.0252454e-01
  1.7863202e+00
  3.1759971e-01
 -2.0447375e-01
 -3.1018174e-01
 -2.5920277e+00
 -1.9856633e-01
 -7.2307855e-02
 -2.3330688e-01
  4.1755229e-02
 -7.3479436e-02
  5.0076988e-02
 -1.0321811e+00
 -2.3694961e+00
 -2.2614393e+00
  2.5937784e-02
 -2.6939752e+00
  1.1193498e+00
 -1.8755177e+00
  3.6800606e+00
  1.8133819e+00
 -2.0723703e+00
  2.4619226e+00
  3.0552912e-01
 -1.5352669e+00
  2.0688365e+00
 -1.0469711e+00
  3.5156267e+00
  3.7372321e-02
  6.1730665e-01
  1.6353539e+00
  4.4060904e-01
  4.5674220e-01
 -3.2349420e+00
 -2.7676660e-01
 -5.3826342e+00
  4.1303682e+00
 -5.1027679e+00
  4.4352356e-01
 -3.0834682e-02
 -3.9104560e-01
  1.7241873e+00
  1.1165620e+00
 -2.4247787e+00
 -3.0838883e+00
 -3.8906196e-01
 -2.3527369e+00
 -2.6884890e+00
  5.1430780e-01
  1.1712126e+00
  2.0118830e-01
 -1.4088350e-02
 -5.4522949e-01
 -4.2314167e+00
 -1.1180519e-01
  9.4291323e-01
 -5.9589874e-02
  1.1223653e-01
 -9.2575066e-02
 -4.0065083e-01
 -1.0266100e-01
  1.2335371e+00
  1.1273561e+00
  1.0220213e+00
 -1.0963873e+00
  5.5792785e-01
  5.2872163e-01
  3.8016057e-01
 -2.0647080e+00
 -7.6543245e+00
 -3.0920217e+00
 -1.2424389e+00
  2.4667192e-01
 -4.1642261e-01
  4.9630189e-01
 -2.8621712e-01
  5.6669243e-02
  5.1814926e-01
 -1.7212953e-01
 -3.0027999e-02
  6.4335398e-02
 -9.9540919e-01
 -2.3654683e-01
 -9.9949712e-01
 -4.6326351e-01
 -2.7323132e+00
  1.6424404e-01
 -2.7450812e+00
 -2.2580127e-01
 -8.5977608e-01
 -8.9297837e-01
  3.8897565e-03
 -6.8722025e-02
  7.7582914e-01
 -5.3121608e-01
  2.0192187e+00
 -1.8048779e+00
 -1.7886546e-01
  3.8135013e-01
 -8.5841723e-02
  8.9585930e-02
 -5.8643650e-02
 -2.5144193e-01
 -1.1520552e-01
  3.1719532e-02
  6.4402577e-03
  1.7618920e-01
  2.7707648e-01
  1.4925079e-01
  2.1061585e+00
  3.1875596e+00
 -6.6238858e-02
  1.8688571e-01
  6.5958858e-02
 -8.9410669e-01
  9.5764950e-02
 -1.0665739e-01
  1.8389336e+00
 -2.7309686e-01
  3.7028569e-01
 -5.7934623e-02
  1.7695605e+00
 -2.6577394e-02
 -2.0128195e-01
 -2.9342983e+00
 -2.1067485e-01
 -1.6858069e+00
  8.0583721e-02
  2.8412120e-02
 -4.1631919e-01
  5.9214419e-01
 -1.0456761e+00
 -4.1118136e-01
 -4.4580764e-01
  9.5376760e-02
  1.7691675e+00
 -1.2523034e+00
 -1.2386796e+00
  8.4869725e-01
 -3.5898683e+00
 -1.1610234e+00
  2.4703279e+00
 -1.7175559e+00
 -3.9691016e-01
  1.0675886e-02
  1.8616736e-01
 -1.8130989e+00
 -1.3152891e-01
 -1.3484833e-01
 -3.8607892e-01
  3.6510783e-01
  9.9743977e-02
  6.6500688e-01
  9.5619597e-02
 -1.6477118e-01
  5.6008238e-01
 -2.6611710e-02
 -1.0183553e+00
 -9.9940047e-02
 -3.3287194e-01
  1.4411546e+00
 -5.4217583e-01
 -1.3412209e-01
 -3.2939278e-02
 -1.6147941e-02
  2.4695559e+00
 -3.0320058e+00
 -3.7446976e-02
  4.9458417e-01
  5.2611417e-01
 -8.6806703e-01
  4.1458738e-01
 -2.9591441e-01
  2.6559591e-01
  3.2097134e-01
 -1.0921483e+00
 -3.1844102e-02
  1.4299656e-01
 -5.7363403e-01
 -1.2269007e+00
 -6.6436958e-01
  3.5948077e-01
 -1.1679651e+00
  5.5281466e-01
  2.6846170e-02
  1.6310255e-01
  2.8450943e-03
 -2.0585920e-01
 -2.3106496e-01
 -3.0316076e-01
 -1.0542558e+00
 -4.5124188e-02
  5.1520526e-02
 -2.8200579e+00
  6.3198060e-01
  3.7671119e-02
 -4.8141998e-01
 -1.5540278e+00
 -2.9196638e-01
  2.0389988e-01
 -4.3486700e+00
 -9.7324081e-02
  4.4665393e-01
 -5.4746848e-02
 -1.4561994e-01
  4.7054115e-01
  1.9614613e+00
 -6.4172752e-02
 -2.9647041e-02
  8.3457008e-02
  6.4883582e-02
  4.6888721e-01
  3.6621142e-02
  1.8492131e-01
 -3.3807313e-01
  1.2519705e+00
  2.3903154e-01
  2.1840174e+00
 -1.2999298e-01
  1.7586635e+00
 -3.4185982e+00
 -4.1623864e+00
  1.5714608e+00
  8.1589594e-03
  1.6337517e+00
 -2.5020249e+00
 -7.4767828e-01
 -2.2273886e+00
 -4.5347977e+00
 -2.6407418e+00
 -3.1445852e-01
 -2.2159149e-01
 -3.7205660e+00
 -1.3371722e+00
 -6.5777743e-01
 -2.4861953e+00
 -1.1238661e+00
  6.5911692e-01
  6.9125354e-01
 -6.2640820e+00
 -2.5956874e+00
 -3.1459105e-01
 -3.4694786e+00
  3.6091368e+00
  5.1840291e+00
  1.2710308e+00
 -1.9628568e+00
 -1.5947704e+00
 -1.4193767e+00
 -4.1591291e+00
  2.8190413e+00
 -3.2788473e-01
  3.0437717e-01
 -1.6098014e-01
  1.6440916e-01
  3.0909422e-01
 -2.8329915e-01
  6.2360364e-01
 -3.1055936e-01
  4.3599818e-02
 -2.8302425e-01
 -7.3448896e-01
 -3.1296596e-01
  1.6420710e-01
 -6.8327695e-01
  2.1216688e-01
 -8.8284653e-01
 -6.2071460e-01
  4.5556748e-01
 -3.7561025e-02
 -2.9455575e-01
 -1.4618807e-01
  9.0038675e-01
  3.7993945e-02
  8.8627653e+00
 -7.2336751e-01
 -8.7194264e-02
  3.0296946e-01
 -8.1899621e-02
 -3.8343608e+00
 -2.3946726e-01
  3.4891450e+00
 -1.4310163e-01
  4.0865064e-01
 -6.5581352e-02
 -1.7611486e-01
  1.5818755e-01
  8.1825143e-01
  8.1613773e-01
  6.3507423e-02
  1.5180564e-01
 -2.0530932e-01
 -6.6193461e-01
 -5.7207590e-01
 -1.0509253e-01
  2.9816240e-01
  5.2241061e-02
 -5.2269471e-01
  1.3946998e-01
 -2.7287784e-01
  7.4025512e-02
  7.6955039e-04
 -1.0548831e+00
  5.2364385e-01
  6.4548172e-02
  5.5802876e-01
  3.7508893e-01
 -8.5072346e-02
  4.8925680e-01
 -1.0866593e-02
 -2.0941764e-01
  8.7034650e-02
  1.7241700e-01
 -2.7386100e+00
  1.2020180e-01
 -1.3695560e-02
 -5.6848284e-02
  1.9435754e-01
 -9.4574648e-01
  1.1168979e+00
  1.0354061e+00
  3.8808382e-01
 -2.1741645e+00
 -5.0331783e-02
 -7.2479963e-01
  1.1039869e+00
  3.1544074e-02
 -4.4683841e-01
 -1.1115311e-01
 -1.8500683e-01
 -2.7926922e-01
 -1.9877429e-01
 -1.3416481e-01
 -1.9845465e-01
 -2.3257945e-01
 -1.4355271e-01
  1.1288223e+00
  1.9831464e-01
 -7.2237605e-01
 -1.1184897e+00
  2.8803930e+00
 -8.3337593e-01
  2.0483924e-02
 -9.1812629e-03
 -1.4772099e+00
 -1.7612473e+00
 -5.4276484e-01
  5.9724802e-01
 -3.1656861e-01
 -1.9143473e+00
  3.0855331e-01
  1.4658432e-02
  6.8347442e-01
  2.1477982e-01
  7.0241785e+00
  1.4622599e-01
  8.7025285e-02
 -4.1815966e-02
  1.3201590e+00
 -2.5554329e-01
  2.3919368e-01
  6.0730708e-01
 -1.1387154e+00
 -1.2253509e-01
  6.7142785e-02
  2.6328702e-02
 -2.8672290e+00
  4.5154911e-01
 -5.0552428e-01
  5.3203607e-01
  8.0498254e-01
 -4.9455922e-02
 -6.8054634e-01
  1.6789839e-01
  1.1808167e-02
  5.9932280e-01
 -9.4312602e-01
  1.1008920e-01
 -1.5461795e-01
 -8.7722129e-01
 -5.5662151e-02
  3.9580951e+00
 -5.4644048e-01
 -4.9905011e-01
 -4.6530310e-02
  2.5352979e-01
 -7.2379202e-01
  3.9922404e-01
 -5.8291560e-01
  4.2561513e-01
  1.1108390e+00
 -2.4137451e-01
  2.0042399e-01
  1.0090132e-01
 -1.3581111e-01
  4.0140897e-01
  9.6245199e-02
 -3.1084225e-01
  3.1814995e-01
  2.2434142e-01
  4.6608120e-01
 -5.8136154e-02
 -1.7670693e-01
  1.6856648e-01
 -2.9116955e-01
 -1.0086619e-01
 -1.5919123e-02
  1.2396618e+00
  1.1572173e-01
 -2.3050235e-01
  3.4028206e+00
  1.2575449e-01
  2.9724085e-01
  1.7124432e-01
 -4.1859382e-01
  4.7740608e-02
 -9.2328556e-02
 -5.4699782e-02
  4.0369412e-01
  1.0335053e+00
 -8.1813879e-02
  3.8997450e-01
  2.1835391e-01
 -1.3287430e+00
  7.3202354e-01
 -1.1704736e+00
 -2.8463036e-01
  1.9687502e-02
  1.6387753e+00
 -9.0638608e-01
  1.5038383e+00
  4.1471181e+00
  2.3410004e-01
  2.2844383e-02
  6.6773999e-01
  5.6878817e-01
 -4.0255201e-01
  5.3558791e-01
 -4.5222402e+00
  2.5308507e-02
 -3.0881935e-01
 -7.9134472e-02
 -1.5537216e-01
 -4.6108559e-01
 -4.6954561e-02
 -4.0821927e-03
  1.9942555e-01
  2.5296801e-01
 -7.2705097e-02
  1.1594261e+00
 -2.6980562e+00
  1.6989210e+00
 -3.6793080e-01
  1.2801472e+00
 -6.3257307e-01
 -2.2919505e+00
  2.2321801e-01
 -1.3467145e-01
  3.5710785e-01
  1.8220897e-01
  5.4552838e-02
 -2.9946187e-01
 -5.2969223e-01
  3.6874744e-01
 -4.1851517e-02
  1.8700527e-01
 -8.6197428e-02
 -1.5647647e+00
  1.6427092e-01
 -7.3919219e-01
 -7.4246921e-02
 -1.4928088e+00
  6.3047802e-01
  5.6167954e-01
  6.4263600e-01
 -2.2884433e-01
 -2.1789598e+00
  1.1737750e+00
  1.8158919e+00
  2.3568915e-01
 -1.8276922e-01
 -9.0141112e-01
  3.2189143e-01
 -7.8397465e-01
 -1.3559337e-01
  2.1828358e+00
 -1.3769873e+00
  6.2291783e-01
  5.4369879e-01
  1.5398455e-01
 -3.5593206e-01
  4.1612762e-01
 -3.9976764e-02
 -1.7144614e+00
  1.2053191e-01
 -1.3249084e-01
  2.6825833e-01
  9.3954509e-01
 -1.9569837e+00
  2.7386658e-02
  2.1250717e-01
  2.1485088e-03
  3.4193221e-01
 -7.3245227e-01
 -6.7160600e-01
  6.8191789e-02
  3.9665556e-01
  8.5860662e-02
  8.9923060e-01
 -1.6380569e-01
 -3.4749627e-01
 -4.6967156e-02
  2.0534041e+00
  2.3131950e-01
 -6.2731080e-02
 -8.9701265e-02
 -6.4040530e-01
 -1.7914008e-01
  3.0637167e+00
  2.7161262e+00
 -3.1595193e-02
 -2.1808853e+00
  6.5584213e-02
  5.6261752e-02
  5.0850970e-01
 -4.7238407e-01
 -1.2684238e+00
  2.4465781e-02
  1.2356739e-01
  1.1808565e-01
  3.4039764e-04
  2.2590518e-01
 -1.9752361e-01
  3.1909242e-01
  3.9928716e-01
 -6.7496262e-02
 -1.2368732e-02
  1.2424689e-01
  7.4542486e-03
  1.0535452e-01
 -7.8349287e-04
  1.2397758e-01
  2.5371237e+00
  5.7466072e-01
 -2.7914557e-01
 -5.3197229e-01
 -2.7150911e-01
 -1.2374676e-01
 -7.1987188e-01
 -5.0421292e-01
 -2.7086407e-01
  1.0166916e+00
  1.1400899e+00
  8.2333255e-01
  1.4810883e+00
 -5.9738837e-02
  2.6033071e-01
  6.7145938e-01
 -2.4708876e-01
 -1.9612068e-01
  1.9860913e-01
 -4.1274499e-02
  2.6942149e-01
 -1.4680886e-02
  3.1811279e-01
 -2.7729890e-01
  3.1393719e-01
 -1.1503323e+00
 -3.5643766e-03
 -5.3064585e-01
 -3.0894667e-01
  2.2538330e-01
 -7.7463913e-01
  8.9095700e-01
  8.0872047e-01
  3.3211282e-01
 -5.2379578e-01
 -1.7258787e+00
  2.8115565e-01
  1.2530571e+00
  1.5746408e+00
  4.5630299e-02
 -7.5898588e-01
  1.5363304e-01
  9.7612202e-02
  8.7227166e-02
 -4.8079103e-01
 -7.3427773e-01
  4.3946916e-01
  3.3898804e-01
 -1.4555539e+00
 -3.4011326e+00
  1.1279417e+00
 -5.1300371e-01
  1.6024022e-01
 -5.0218707e-01
  9.8703885e-01
 -5.4906797e-01
  2.2557518e+00
  9.4411254e-02
  7.5283468e-01
 -3.0161363e-01
 -9.4713885e-01
 -1.8487610e-01
  6.3362998e-01
  7.9016453e-01
 -2.1361035e-01
  1.0927887e+00
  1.6741011e+00
  1.1139646e+00
  7.7969484e-02
 -2.9329270e-01
  3.2463384e-01
 -3.5968001e+00
  1.3077731e-01
  4.6961602e-02
  8.3726197e-02
  4.5767661e-02
  1.3025906e+00
 -2.4294837e-03
 -8.6711226e-03
 -2.7395579e-01
  6.9100720e-01
 -2.5586598e-02
 -2.4496444e-02
  2.7363470e-02
  1.6651611e-01
  2.6033095e-01
  7.2440788e-02
 -1.5991322e+00
  7.5003184e-02
 -1.1363672e+00
 -3.7103843e-02
 -3.8846176e-02
 -2.2883122e-01
  3.7059933e-01
  6.6054124e-01
  1.7413968e-02
 -3.4480986e-01
 -2.1337349e+00
 -5.0011903e-02
  9.5416313e-01
  3.9521717e-02
 -7.7803750e-03
 -4.6250141e-01
 -8.5922569e-02
 -1.9846873e-01
  1.3280252e-01
 -7.0036925e-02
  3.3150467e-01
  3.4911290e-02
  4.3938184e-01
  1.7285430e+00
 -6.0395819e-01
  2.6496716e-02
 -2.4107321e-01
 -2.4128178e-01
  6.0613647e-02
  4.7870487e-01
  7.4272871e-01
  1.1338641e-01
  1.4400302e-02
  2.0028044e-01
 -9.6339576e-02
  2.2386605e-01
  1.5141644e-01
 -3.8777000e-01
 -1.0146692e+00
  5.6104434e-01
  2.8721983e-02
 -8.5033007e-02
  2.6698965e-01
  1.4676099e-01
 -6.2043816e-01
 -6.9776130e-01
  5.3142074e-02
 -8.8719726e-02
  1.1839807e+00
  4.0025190e-01
  3.2380965e-01
  2.9980347e-01
  7.4689049e-01
 -1.4508784e-01
  3.4240713e+00
  8.3227205e-01
 -1.3102778e+00
  1.3880676e-01
  2.7928399e-02
 -1.3797711e-01
 -1.0744752e-01
 -4.3726119e-01
  3.6740981e-02
 -2.0463859e-01
 -1.2868909e+00
  9.0310109e-01
  6.2269367e-02
 -1.2666768e-02
  1.2415447e+00
  1.9806908e-01
 -2.8761691e-01
 -3.9403294e-03
  2.5819844e-02
 -2.3807913e-01
 -9.3670152e-02
 -4.7274894e-01
 -2.2802168e-01
  1.8146536e-01
  6.3903761e-01
  2.4255216e-01
  7.3177949e-02
 -8.9890614e-02
 -2.4247406e-01
 -2.9040697e-01
  4.8259008e-01
  8.4243909e-02
 -5.3696435e-02
 -4.4282064e-01
  1.3310181e-01
 -4.0284812e-01
 -1.3734841e-01
 -6.8290883e-01
  4.3379638e-01
  1.9263011e-01
 -2.8163981e-01
 -1.0916206e-01
 -3.8198471e-01
  1.1326026e+00
  4.0589148e-01
  3.4303926e-02
 -9.4038373e-01
 -3.9495134e-01
 -4.4230033e-02
  1.2357233e+00
 -2.5909476e+00
 -2.3159609e+00
  3.0301172e-01
 -1.0072340e+00
 -2.8812262e-01
 -2.0304798e-01
  4.9206176e-01
  2.1506675e-01
 -2.6494925e+00
  9.0035826e-02
 -3.8944106e+00
  1.9578131e-01
 -1.6523142e-01
 -8.8904893e-01
  4.2086059e-01
 -3.1719923e+00
  2.2583904e+00
  1.9793322e+00
  2.9613784e-01
 -1.0012772e+00
  1.6124582e+00
  8.0840176e-01
 -2.4601492e-01
 -2.5531337e-02
 -2.7176361e+00
  8.4842372e-01
  6.5829891e-01
  2.8609723e-01
  1.3159111e+00
 -3.3624813e-01
 -3.8592646e-01
  9.3245167e-01
  9.5694256e-01
 -4.5168358e-01
 -6.3978809e-01
  4.9335405e-01
  1.3177671e+00
 -9.4236910e-02
  6.7631972e-01
 -4.8731680e+00
  7.1353030e-01
 -9.6681789e-02
  5.8332914e-03
 -7.9046386e-01
 -2.7155776e+00
 -4.4675487e-01
  1.4199399e+00
  2.9008739e+00
  1.4943773e+00
 -2.0347726e-01
 -1.2374524e+00
  5.9173250e-01
 -6.1563201e-02
 -4.2919338e-01
  4.3628716e-01
 -4.1676637e-02
  7.9235181e-02
  2.6234412e-01
 -5.7096052e-01
 -3.9750773e-01
 -2.2423662e-02
 -6.4819175e-01
 -3.5477479e+00
 -3.1748351e-02
 -1.0260538e-01
  5.2356735e-02
 -2.8492284e-01
  1.1644756e-01
  4.0075949e-01
  2.0388589e+00
 -3.6925033e-02
 -2.5081050e-01
  3.4864479e-01
 -1.3576210e+00
 -2.3845783e-02
 -4.4530243e-01
  2.3808625e+00
 -4.7562640e-02
 -1.0508991e+00
  1.8201793e+00
  2.9475552e-01
  3.8045079e-01
 -1.9258615e-01
  3.6302629e+00
  2.2273092e+00
  7.6108888e-02
 -3.1894687e-01
 -4.7577951e-02
 -1.1084541e-02
 -1.7975777e-01
  2.2605179e-01
 -3.4656981e-01
 -2.4721244e-01
 -8.7010652e-02
  3.3589935e-01
  3.7259665e-01
  3.7689701e-01
  3.2189277e-01
  2.8821284e-01
 -2.6573876e-01
  6.9081396e-01
  3.1971797e-01
 -2.5337342e-02
 -6.1493538e-02
  1.7431429e-01
 -1.8065178e-01
  1.1852463e-01
 -4.3721956e-01
  7.7768482e-02
  6.7183316e-01
 -1.4086866e-01
 -1.6688524e-01
 -4.4412696e-01
  2.6098597e-01
  6.3988015e-02
  2.2677985e-01
  8.5792249e-01
  3.4774968e-01
  6.0677773e-01
  7.0555262e-02
  6.3904980e-03
  1.4036973e-01
  6.1341512e-01
  6.3051373e-02
 -6.3163239e-01
  2.5432449e-02
 -8.4383756e-02
  1.6045238e-01
  2.5617680e-01
 -9.8564565e-02
  1.0775704e+00
  3.0401403e-01
 -2.6703802e-01
 -3.9320123e-01
 -4.9120998e-01
 -6.1870646e-01
 -1.0691386e-01
 -2.4264309e+00
  6.8495971e-01
  1.2664203e-01
 -7.3435080e-01
  2.0754118e-01
 -1.5087438e-01
  2.9174355e-01
 -2.6256366e+00
 -2.8618123e-02
 -3.9168816e-02
  2.7922022e-01
 -3.8223118e-02
  3.3087936e-01
 -1.1222513e-01
 -1.4420572e-01
 -8.9155114e-01
  2.9885331e-01
 -5.4834348e-01
  1.8502645e-02
  2.1279304e-01
  5.9649843e-01
  2.7127308e-01
  1.3071974e-01
  4.9144241e-01
  9.6187830e-02
  5.7665166e-02
  2.8672495e+00
  1.3112287e-01
 -6.8414550e+00
 -1.2790234e-01
  5.4870564e-01
  1.2085966e+00
  4.0759377e-02
  5.1944160e-01
 -1.0020509e-01
 -1.3843298e-01
  3.1739309e-01
  3.0301327e-01
 -9.0252541e-02
  1.2750675e-02
 -4.5859799e+00
  6.4056039e-02
 -1.6086089e-03
  1.6577040e-01
  1.0862007e-01
 -2.3186784e-02
 -2.5049186e+00
  3.7893313e-01
 -9.8536825e-01
  1.4728412e-02
  2.6073316e-01
 -1.2922300e-01
 -2.2191236e+00
 -3.3246636e-01
  1.5010990e+00
  1.6777403e+00
  3.4144849e-01
 -4.2665888e-02
  9.8333526e-01
 -6.3069440e-02
 -3.4523883e-01
 -5.9515452e-01
 -3.5065433e-01
 -2.6529130e-01
 -3.7565711e-01
 -9.9439210e-01
  3.8253281e-02
 -2.7352500e+00
  2.0330365e-01
  1.3921056e+00
  2.1810207e-01
 -1.1326412e-01
  2.0041160e-02
  1.3741310e-01
 -1.4946361e-01
 -5.5439001e-01
  7.0078172e-02
 -3.2082641e+00
 -4.3238086e-01
  3.7411311e+00
 -1.7145012e-01
 -2.8605364e-02
  6.0283172e-01
  4.9050707e-01
 -6.2579565e-02
 -9.6148036e-02
  6.9303950e-03
  1.8515517e+00
 -8.8962901e-01
 -6.2590567e-03
 -2.3915222e-01
 -1.3869967e+00
  3.9862755e-01
 -1.1614325e-01
  3.9335099e-01
 -9.4740547e-02
 -1.3145830e-01
  1.9171792e-01
 -9.7670931e-01
  9.8851942e-02
  1.1542481e-01
  4.9070392e-02
  1.9279908e-01
 -9.1866262e-02
 -4.7889951e-01
  7.0828551e-01
  5.4945592e-02
 -6.4544901e-02
 -3.8413044e-02
 -8.7656736e-02
 -1.6475263e+00
 -5.3539615e+00
  6.8214583e+00
 -3.5737057e+00
 -1.1908627e-01
  4.6394044e-01
  1.4799471e-01
  1.6583776e-02
 -1.4000319e-01
 -9.4640657e-02
 -3.2815233e-01
 -4.7047833e-01
 -1.5754049e-01
  4.4671389e-01
  1.9063066e-01
  6.5527105e-01
 -7.5964071e-02
 -1.6252947e-01
 -8.1005555e-01
 -2.4380197e-01
 -3.8134694e-01
 -1.1848272e+00
 -3.8528940e-01
 -3.8672957e-01
  2.4114911e-01
  6.7370349e-01
 -1.8005779e-01
  1.1567831e+00
  1.2477288e-01
 -2.7368173e-01
 -1.5150485e+00
  1.2939830e-01
 -1.5869215e-02
  1.9904890e+00
 -1.0231103e+00
  9.2267376e-01
  7.4729645e-03
  4.0460113e-01
  2.6915902e-01
  9.1462150e-02
  1.3497020e-01
  1.2891695e-01
 -1.1866444e-01
  3.3631516e-01
  1.6444279e-01
 -1.3832402e-01
  2.4765091e-02
 -1.1885779e+00
 -1.4685547e-01
 -7.6604985e-02
  8.2542711e-01
  2.6812947e+00
  2.6324564e-01
 -1.5028093e+00
  1.7244528e-01
 -5.2287331e+00
 -2.0388170e-01
  1.9701545e+00
  3.0959854e+00
 -2.8165081e-01
 -1.6270535e+00
 -5.7887524e-02
 -1.0332785e+00
 -2.5332056e-02
 -1.2279450e+00
 -1.9025600e-02
  3.8029328e-01
 -1.2885418e-02
  3.1467918e-01
  4.2351007e-01
 -1.2276514e-02
  6.3483886e-02
  2.0017621e-01
  4.1200328e-01
  3.6868196e-02
 -3.6234075e-01
  1.8187116e+00
 -1.5186489e+00
  6.7579424e-01
  2.0451659e-01
  3.2023770e-01
  2.8716977e+00
  5.8902338e-02
  9.4732618e-01
 -6.6735756e-01
 -2.5769064e-01
  1.1147337e+00
 -8.8155784e-02
 -1.9565395e+00
  5.2255672e-01
  3.2574644e+00
 -1.2858199e-01
  3.0454332e-01
  1.2845419e-01
 -1.7926821e-01
  2.9276884e-01
  2.9929003e-01
 -2.8731647e-01
 -8.7863541e-01
 -2.9441240e-01
  1.8052307e+00
  1.8979003e-01
  6.7370814e-01
  8.4107953e-01
  7.1325350e-01
 -1.0867261e+00
 -3.1419668e-01
 -5.3791020e-02
  4.7683445e-01
 -7.1175240e-02
 -3.5566375e-01
  4.6175069e-01
  6.9348669e-01
 -9.8994154e-01
  1.2779661e+00
 -3.0040748e-02
  7.9623200e-02
  4.6649081e-01
  1.3510264e+00
  1.2875870e+00
  1.6882376e-01
  4.8274240e-01
 -3.9775848e-02
 -2.7000383e-02
  2.0253828e-01
 -6.2699270e-01
 -2.8359187e-01
  2.0171796e-01
  4.1958550e-01
 -1.2541151e+00
 -1.2873140e-01
 -8.1613652e-02
  2.4091128e-02
  3.7126625e-01
 -4.9814335e-01
  4.2091364e-01
  4.5174759e-02
  2.3848610e-02
  3.0078948e-01
  1.5941541e-01
  4.8029655e-01
  5.8920515e-01
  5.0652122e-01
 -7.8547984e-02
 -2.1562466e-02
 -1.2250171e-01
 -5.0172436e-01
 -1.4485718e-01
  1.4019139e-01
 -1.2710471e-01
 -6.1011082e-01
  1.1740664e-01
 -5.4573962e-03
  3.7673768e-01
  2.2622001e-01
 -5.5684006e-01
 -8.4905446e-01
  6.3508749e-01
  1.9712648e+00
  8.5391176e-01
 -1.7082995e-01
  1.2372336e+00
  1.8677504e-01
 -1.2628299e-01
 -3.4267515e-01
  6.6705638e-01
 -2.3352297e-01
 -5.8687544e-01
  3.1320760e-01
 -2.8316231e+00
  4.5302491e+00
 -2.6502717e-02
  3.4833816e-01
  2.0730951e-01
  4.7956806e-01
  5.3467732e-02
 -5.9962280e-02
 -1.5708119e+00
 -5.1277131e-02
  1.3580809e-02
 -1.6659820e-01
 -2.2031015e-02
  1.2208083e-02
  3.2252747e-01
  4.1658375e-01
 -4.7539372e-02
  1.0457497e-01
  4.9412493e-02
  4.0239688e-02
 -1.0468985e-02
  5.0921589e-01
  2.5975785e-01
 -1.0287242e-01
  1.2829895e+00
 -5.6444183e-02
  1.3303176e+00
 -4.2330217e-02
 -1.7716219e-01
 -4.8785102e-01
  2.6423609e-01
  8.9107491e-03
 -2.0236364e-01
 -4.7209609e-01
  1.4710085e-01
 -1.8712573e+00
  1.7001570e+00
  1.8237194e+00
  2.4246360e-01
 -7.7166790e-01
 -1.2378403e+00
 -3.4767327e+00
  3.1030192e+00
 -2.1386151e+00
  2.0018904e+00
 -2.5537914e-01
  1.2864897e+00
 -1.9510798e+00
  1.2893167e-01
  2.5694898e-01
  2.7323706e-02
 -1.0250499e+00
 -1.8433214e+00
 -5.8605903e-01
 -4.3079457e+00
 -1.7463475e+00
 -1.7307630e+00
 -3.4933367e-01
  5.6419420e-01
  6.4673908e-02
 -9.3001761e-02
 -4.2902155e+00
  3.6795053e-01
 -8.7646854e-01
  4.1686413e-01
 -1.8481618e+00
  8.3615512e-01
  2.1441770e+00
  3.5776097e-01
 -2.3135645e+00
 -2.2901903e-01
 -1.8915186e+00
  3.0893630e-01
 -1.5091142e-01
 -3.0725882e+00
  1.4569396e-01
 -3.6613777e-01
 -6.2910244e-02
  1.2244064e-01
 -2.2669446e-01
  9.0518653e-02
 -3.4523081e-02
 -4.4130999e-01
  4.1520972e+00
  2.6886642e-01
 -2.1193509e-01
 -1.0658051e-01
  1.3852519e-01
  8.7577438e-01
  3.5816506e-02
 -4.2448330e-01
 -3.8455781e-02
 -4.9110842e-01
  1.9362575e-01
 -5.0879151e-02
  2.1751130e-01
  1.1904601e-01
  1.2011237e-01
 -1.0617946e-01
 -4.7873902e-01
 -7.0929788e-02
  3.4004027e-01
 -5.3061211e-01
 -3.2278082e-01
 -3.6703806e-02
  2.7629331e-01
  5.5410117e-02
 -2.4954310e-01
 -5.5744551e-02
 -2.2502457e-01
 -6.5807682e-01
  1.6478686e-01
 -1.0488665e+00
 -3.2845825e-01
 -9.2371866e-02
  6.0305953e-01
 -2.3053283e-02
  2.1725410e-01
 -5.6579995e-01
 -6.9706106e-01
  5.1887095e-01
 -3.0611590e-02
  1.8522376e-01
  3.3421323e-01
 -1.9131741e-01
 -2.7445847e-01
  4.2651141e-01
  1.7466038e-02
  2.3270881e-02
  9.3932778e-01
  1.2551144e-01
 -1.2786087e-01
  1.0210429e+00
  2.2272554e-01
 -4.3593934e-01
 -2.8944895e-01
 -4.9402355e-03
  1.4301090e+00
 -1.6434864e+00
  5.0265509e-01
 -5.2413672e-01
  3.7605698e+00
  4.1791658e+00
  1.5529032e-01
 -2.6680031e+00
  5.2136511e-01
 -1.8252502e-01
  1.7251356e-01
  2.5936753e-02
  3.2553983e+00
  2.6402898e+00
  4.3464093e+00
 -8.9020604e-01
 -2.8206557e-01
 -7.5392830e-01
  3.4813268e+00
 -1.0125272e+00
  5.7710474e-03
 -1.1042062e+00
 -2.0708993e-01
 -2.8880992e+00
 -1.6285318e+00
  3.9858682e+00
  5.4545379e-01
 -2.5934991e-01
  4.5638967e-01
 -1.0706596e-01
  5.1477402e-03
  4.6219099e-01
  2.2596042e+00
  6.8192786e-01
  1.6063932e+00
  6.0285908e-01
 -1.6162151e-01
  5.3088313e-01
 -5.6567665e-02
  5.5712599e-01
  6.9514877e-01
 -6.5488845e-01
  1.1296059e+00
 -2.5250236e-02
 -7.2921073e-01
  2.3492180e-01
  2.4952032e-01
 -1.7620914e+00
  5.5963188e-01
 -9.9490069e-02
  5.2755915e-02
 -4.0250614e-02
  3.3639830e-01
 -1.1689745e+00
 -5.4576057e-01
 -5.8180752e+00
  1.9130009e-01
 -7.1570921e-01
 -1.3847076e-02
 -4.6225098e-01
  3.5134685e-01
 -3.1591326e-01
 -1.8944016e-01
  2.9775579e-02
 -2.9619441e+00
  1.2899193e-01
 -1.0918145e+00
  4.4789173e-02
 -1.9514626e-01
  2.8098899e-01
 -2.4390742e-01
  2.8691974e-01
 -1.2270163e-01
 -2.0797162e-01
  1.6595958e-01
 -1.2495582e+00
  1.3571040e-01
 -6.2712979e-01
 -1.0892234e-01
  6.9163240e-02
  1.1795723e+00
 -2.7773511e-01
 -5.4156011e-01
  2.9704320e+00
 -1.3859264e+00
 -3.2198268e-01
  1.4364950e-01
 -7.7748048e-01
  1.5453379e-01
  1.2979500e+00
  3.0358791e+00
 -4.2979228e-01
 -2.9949820e-01
 -2.9055929e-01
  7.0330369e-01
  3.2378590e-01
  9.8511612e-01
 -3.2811230e-01
 -3.9567167e-01
  8.3354391e-02
  2.0304544e+00
  5.9031606e-01
 -2.8733442e+00
 -1.2629750e+00
 -1.1653791e-01
 -8.7992948e-01
  1.7302732e-01
  5.5682451e-01
  3.4364754e-01
 -3.5492148e+00
  7.1686006e-01
 -1.3957676e+00
  2.9419279e-02
 -7.8755490e-02
 -4.8750538e-02
  1.9731112e-01
 -1.1430662e+00
  1.9633944e-01
 -6.7860025e-01
  1.0476609e-01
  9.1234289e-02
  1.2044477e-02
  1.3732632e-01
 -2.4029348e-02
  1.2176775e-01
  1.4138649e+00
 -6.0972619e-01
  2.7028394e-01
 -2.3340806e-01
  1.0179153e-02
  6.6367634e-02
 -5.2249366e-01
 -2.8306862e-02
 -3.3670145e-01
  7.0340954e-02
 -4.6842605e-01
 -2.1490134e-01
 -7.9985505e-01
  3.0844298e-01
 -1.6286561e-01
 -2.1290436e-02
 -1.6543837e-01
  3.9811099e-01
 -3.7198627e-01
 -1.5382296e+00
 -7.3634201e-01
  3.9287260e-01
 -3.4658138e-02
 -8.6143620e-02
 -4.0358278e-01
 -4.5851406e-01
  3.7050611e-01
  2.3742655e-01
  1.5955584e-01
 -2.2223840e+00
  1.8179492e+00
 -7.2256619e-01
  7.2765726e-01
 -4.5927376e-01
 -4.8745313e-01
 -9.9178511e-01
  2.5896761e-01
  2.2930169e-02
 -2.0040469e-01
  6.6082872e-02
  1.1129728e-01
 -8.9822692e-01
 -2.1549414e-01
 -5.5526191e-01
 -3.8942033e-01
  2.9311964e-01
  1.0728987e+00
 -7.1155131e-02
 -3.2213109e+00
 -4.6081379e-01
  8.8391334e-01
  1.1324219e-01
 -7.7779703e-02
 -3.0827388e-01
  5.0665690e-03
 -2.5100690e-01
 -6.9303578e-03
  1.0282524e-02
 -1.3869643e+00
  3.9067941e+00
 -3.5889512e-01
  4.2340693e-01
  3.7283707e-01
 -2.2067194e-01
 -1.6209891e-01
 -9.3627304e-01
 -1.5818188e-01
  2.3899699e-02
 -1.0028502e-01
 -3.0196792e-01
  9.3451299e-02
 -4.2429140e-01
  5.7799313e-02
 -6.1955851e-01
  1.2771106e-01
 -1.7186552e-02
 -2.4734442e+00
 -7.9993084e-02
  2.0179687e+00
  6.0048020e-01
  6.1214817e-01
  2.9843333e+00
  3.2433760e+00
  3.7587258e-01
 -2.1153724e+00
 -4.9480228e+00
  2.5244188e+00
 -1.6590127e-01
  3.1590700e+00
 -2.4073547e-01
  1.6829237e+00
 -1.0663812e-01
  4.6525556e-01
  1.2592494e+00
  3.5797387e-02
 -7.2131687e-01
  3.8184652e+00
 -2.2934256e-01
 -4.3606529e+00
 -1.4666516e+00
  5.6187582e-01
  2.4548457e+00
 -2.0038159e+00
  1.9300272e+00
  2.0711391e+00
 -2.7855235e-01
 -2.8358319e-01
 -1.6964724e+00
  6.8126184e-01
  6.7454219e-01
  1.3956524e+00
  2.7223616e+00
 -1.2999681e+00
  1.1581036e+00
  1.2344930e+00
 -1.9810971e+00
 -1.6629067e-01
 -7.8465670e-02
 -1.2292559e-02
  1.8510057e-01
 -3.9200073e-01
  1.8301504e+00
  3.6468321e-01
  1.6812658e-01
  1.4854069e+00
 -1.6096570e-01
  1.4516890e-01
 -2.3045126e-01
 -4.0292215e-01
  7.7877015e-01
  2.3305629e-01
 -7.3070574e-01
  4.3624297e-02
 -6.4877534e-01
 -2.7741266e-02
  4.6465188e-01
 -6.2716115e-01
 -3.3276498e-01
  1.2565903e-01
 -1.1090368e+00
  1.6469158e+00
 -2.0133750e+00
 -8.0911654e-01
  4.8058364e-01
 -1.2504852e-02
 -3.0044403e-02
  3.2685500e-01
 -7.4309361e-01
 -4.1045371e-01
 -1.4382629e+00
 -6.8963811e-02
 -1.0490294e+00
 -4.4273686e-01
  1.4721461e-01
 -2.3824668e+00
 -7.0592128e-03
 -6.4375329e-01
  1.6287412e-01
 -4.2345118e-02
  7.6420903e-01
 -4.5556778e-01
 -6.9776595e-01
  4.8713002e-01
 -7.9214829e-01
  3.5755688e-01
  2.7075701e+00
 -7.2638050e-02
  1.4584517e+00
  7.5046964e-02
 -8.5363843e-02
 -1.3547347e+00
 -8.2781017e-02
 -3.0703396e-01
  2.4018462e+00
 -2.0578783e-02
 -6.9108032e-02
  1.7302957e-01
  4.5310367e-02
  7.0744997e-01
 -3.3666882e-01
 -9.7996734e-02
  1.7437147e-01
 -1.1045974e-01
  1.8055834e+00
 -9.6504658e-01
  4.5362040e-01
  6.5379745e-01
 -3.3427858e+00
  1.1859691e+00
 -4.7276481e-03
  4.7813734e-01
  2.8970039e-01
  3.7447578e-01
  2.6106414e-01
 -2.8156180e-02
 -1.1357330e-01
  6.2304061e-02
 -2.2100601e-01
 -1.3526350e+00
 -1.4474005e-01
  2.6623312e-01
 -1.5388140e-01
  8.2269110e-02
 -3.2516885e-01
  2.0465957e-01
  9.8708612e-01
 -3.6457155e+00
 -7.2878784e-01
  4.3727967e-01
 -8.3721906e-02
 -2.1820450e+00
  1.2400907e-01
 -3.3059913e-01
  1.8024850e+00
  2.4329202e+00
  6.9924492e-01
 -4.9157402e-01
 -1.8340163e-01
 -1.7897490e-01
  2.8265295e+00
  3.7977681e-02
 -4.0049084e-02
 -4.4332859e-01
  5.7753849e-01
 -9.5208801e-02
 -8.2235835e-02
 -1.9373235e+00
  1.8763870e-01
  5.4710995e-02
 -4.9579803e-02
 -2.3048956e-02
  2.0347942e-02
  3.9278591e-01
  8.5571873e-01
  3.4386613e+00
 -1.4789689e-01
 -2.4612660e-02
  8.5835516e-02
 -1.5006779e+00
  1.6882279e+00
  3.4546682e-01
  2.7110335e-01
  2.3646194e-02
  1.6865522e-01
  1.7734854e+00
  9.7654827e-02
 -2.4181267e-02
 -5.2552289e-01
 -1.9881961e-01
  1.2861903e-01
 -2.3154353e-01
 -3.0154112e-01
 -3.7079948e-01
 -1.2449318e-01
  2.7763712e+00
 -1.4085979e+00
  1.2162457e-01
  2.4137549e+00
  1.9607894e-02
 -6.2123829e-01
 -1.1037994e-01
 -9.4278492e-02
  1.7920123e+00
  1.3719679e-02
  5.7734642e-02
 -7.3346615e-02
 -1.1503746e-01
  1.1068600e+00
  4.8935592e-01
 -1.3674022e-01
  1.5491836e-01
  6.1567198e-02
  5.1331669e-01
  1.2701305e+00
 -7.0299703e-01
  2.1673886e-01
 -5.0593990e-01
  8.0892134e-01
 -2.4820571e+00
 -8.3203727e-01
 -4.5464835e-01
 -1.0846012e-01
 -3.5169058e-02
  9.0263212e-01
  3.1174701e-01
 -3.7878641e-01
 -3.6932385e-01
  7.4271423e-01
  2.4899799e-02
  1.6938382e+00
 -4.0867352e-01
  6.8565172e-01
  1.8468798e+00
 -4.3758371e-01
  2.2170813e-01
 -2.7992498e-02
  1.7084070e-01
  6.0822695e-01
  5.2154624e-01
 -5.7172053e-02
 -3.9174688e+00
  2.8662044e-01
  6.6203994e-01
  9.4841194e-01
 -8.4627651e-02
 -2.4320948e-01
 -2.5196514e-01
  3.4368795e-01
  5.0991595e-01
  6.0358718e-02
  1.3714167e-02
  3.4586740e-01
  7.9851252e-01
  1.0445888e-01
 -1.1365993e+00
 -9.4639160e-02
  6.2644802e-02
 -7.6946214e-02
 -2.2243692e-02
  2.5689306e+00
 -4.2729970e-02
  2.3685561e-01
  1.3104925e-02
 -5.5729628e-01
  3.0965583e-02
 -2.4102905e-01
  7.4903321e-01
  2.4436000e-01
  6.5000576e-01
 -8.6165644e-02
  1.5908784e-01
  1.1091977e-01
  2.3298113e+00
 -5.7112731e-02
  1.5209894e+00
 -2.5875676e+00
 -2.8046715e+00
  2.2125707e+00
 -1.4661284e-01
  2.3611100e+00
 -2.0979080e+00
  8.8609755e-01
 -1.3063173e+00
 -2.4212236e+00
  1.0688493e+00
 -3.6944875e-01
  1.4798637e-01
  5.4410917e-01
 -8.0487317e-01
  3.1587037e-01
 -1.5810095e-01
  8.2335234e-01
  4.2528912e-01
 -6.1378115e-01
  6.1101305e-01
 -2.0996780e+00
 -5.9264332e-01
 -6.0852301e-01
  3.5305580e-01
  3.5310202e+00
  1.8022454e-01
 -1.2271587e+00
 -1.5492862e+00
  1.2222241e-01
  1.3184366e+00
  2.9830422e+00
  1.7521576e+00
 -9.6455359e-01
 -6.6470438e-01
 -2.8789358e+00
 -1.2033073e+00
 -5.4716416e-02
 -5.1121366e-01
 -1.1621903e-02
  9.5883960e-01
  4.8958138e-01
 -2.6446867e-01
 -9.6128307e-02
  2.9362796e-02
 -7.4153706e-02
  4.8115838e-02
 -5.4802948e-01
 -6.6112119e-01
 -5.3338981e-01
  3.3632770e+00
 -4.8615565e+00
  3.7206107e-01
 -1.0387144e+00
  1.2425634e+00
 -5.0370030e-02
 -3.9571335e+00
 -2.5403430e+00
 -1.0214548e+00
  5.3292227e+00
 -3.1969348e-01
  3.0388065e-02
  7.0096888e-02
 -1.2817780e-02
  1.1287454e+00
  5.5190933e-01
  1.0117895e-01
  2.4269993e+00
 -4.5407969e-01
 -1.8946990e-01
 -4.7423720e+00
  1.8260036e-01
  2.2646244e+00
  3.3169243e+00
  2.2987974e+00
 -1.8960328e+00
 -9.8693281e-01
  2.8552124e-01
 -5.4671741e+00
 -2.2013350e-01
  9.9412596e-01
  1.8305889e+00
  1.0706059e+00
  4.4483504e+00
  1.0052096e+00
  2.8955710e+00
  1.2119275e+00
  1.2183710e+00
 -1.6719694e-01
  3.1045521e-02
  1.5155490e-01
 -5.2631751e-02
 -3.1747246e-01
  1.8479913e-01
  2.3229821e+00
 -1.0178005e-01
  3.0979520e-01
 -3.8715214e-01
 -3.5178950e-01
  3.1060797e-01
 -1.7287983e-01
  2.1739182e+00
 -5.6773770e-01
  1.1032832e+00
  8.4823024e-01
  1.2584241e-01
  1.4787259e+00
 -2.2486016e-01
 -4.7416040e-01
 -2.4170189e-01
 -9.7393739e-01
 -1.2060475e-01
  1.8665786e-01
  3.8449060e-02
 -1.5501964e-01
 -3.3324602e-01
  9.8601021e-02
 -1.7710719e+00
 -3.2800752e-01
 -1.9642247e-01
  2.0377932e+00
  2.4864058e+00
  7.3171586e-01
  8.7188356e-02
 -6.9531067e-03
 -9.2759818e-01
 -2.8773968e+00
  2.8864661e-01
 -1.5197970e+00
  3.6737451e-01
  5.7192582e-01
  2.5452856e-02
  1.1951106e+00
 -1.2815990e+00
 -1.2246155e-01
  1.3384836e+00
 -3.9971295e-01
  4.9001627e-02
 -9.1730058e-01
 -3.2559520e-01
 -1.0639320e-01
  2.2642776e-02
  1.0678134e-01
  1.0823600e+00
 -1.0234755e+00
 -8.8878199e-03
 -1.5911869e+00
  3.6069654e-02
 -2.7788849e+00
 -3.2077268e-02
 -7.0178008e-01
  5.6001525e-02
  4.5579582e-01
 -3.0388091e+00
 -1.8755984e+00
 -6.2848598e-01
 -5.3482133e-01
 -5.9827459e-01
  3.0418167e-01
  4.7363308e-01
 -3.9143705e+00
 -1.9236668e+00
 -4.5455933e-01
 -2.9788163e-01
  2.8209183e+00
  2.8545794e+00
 -7.7946045e-02
  1.0790963e-01
 -7.9012674e-01
 -3.8893766e+00
  9.4085962e-01
 -4.5030015e-03
 -5.7429762e+00
  3.0483532e-01
 -9.9264801e-01
 -4.4674505e-03
 -1.4235911e-01
  1.4055474e+00
 -3.0648713e+00
 -2.1607172e+00
 -1.9962265e-01
  2.2363167e+00
  6.0296267e-01
 -8.6337246e-02
  7.3237270e-01
 -2.4132279e-01
 -2.2747152e+00
 -7.4016318e-02
 -2.6928036e+00
 -4.4841967e+00
  1.3210797e+00
  8.0495417e-01
 -1.2633355e-01
 -8.6572480e-01
  2.9196662e-01
 -5.2936935e-01
  1.1470892e-01
 -8.5770853e-02
  3.4856322e-01
  7.2538726e-02
  1.4515041e-01
 -2.7677611e-01
 -5.1700082e-02
 -1.6367128e-01
  1.5195315e+00
 -4.4890657e-01
  6.7530215e-01
 -9.2636280e-02
 -2.6508743e-01
  1.2581633e-01
  3.1972805e-01
 -1.0192503e-01
 -3.6469750e-02
 -2.5541770e-01
 -4.2966715e-01
  8.7224349e-02
 -1.5885669e-01
  3.3969391e-02
  1.4387651e-01
  8.0989532e-02
 -1.6083711e-01
 -7.9233550e-02
 -3.0720106e-01
  3.7290296e-01
  1.9478805e-01
  5.7121569e-01
  7.3435485e-01
 -5.2430487e-01
 -2.7744997e-02
  6.5354264e-01
 -3.1959672e+00
  5.5442081e-04
  4.3220520e-02
  1.0767124e+00
  1.5906487e+00
 -9.7968870e-01
 -4.1558757e+00
 -8.8603206e-02
  4.4047374e-02
 -6.2878117e-02
 -4.0103626e-02
  8.7655520e-01
  4.8100978e-02
  7.7277315e-01
 -1.2925375e-01
  1.8209305e-02
  1.1341517e+00
  6.7670487e-02
  2.7865359e-01
  3.3231971e-01
 -1.2481532e-01
  3.1640097e-02
  8.1410222e-02
 -1.3097890e-01
  4.5273289e-02
  9.9077564e-01
  5.0869977e-01
  2.5720945e-01
  5.4546326e-01
  2.9876533e-01
  1.2185642e+00
 -1.4072203e-02
  7.0783192e-01
 -6.5968299e-01
 -4.9089346e-02
  6.9431156e-02
 -1.3224738e+00
  9.8673560e-02
  2.0105420e-01
  7.7482849e-02
 -3.4300071e-01
  1.0775749e-01
  4.3863292e+00
  1.9041795e-02
 -2.0504873e-01
  7.0798349e-01
  3.4413707e-01
  7.7079251e-02
 -2.7764586e-01
  1.8056097e-02
 -1.6393631e-03
  1.4465843e-01
  3.3390257e-01
 -2.5127915e-01
  1.1574287e+00
 -3.7894223e-02
  2.3709586e+00
 -4.5720914e-01
 -4.7982991e-02
 -1.0432483e-01
  1.1286997e+00
  1.1055137e-01
  8.2343125e-01
 -8.5384235e-02
 -2.3064187e-02
 -9.6449003e-02
  6.6879165e-01
  1.0596948e-01
  1.0286870e-01
 -6.7646003e-01
  9.0510154e-01
 -1.3612221e+00
 -6.6094823e-02
  3.7615567e-03
  7.9457283e-01
 -1.1399314e-02
 -1.8744972e+00
 -6.7172939e-01
  7.0682299e-01
  1.8216203e-01
 -1.1201114e-01
  3.9773303e-01
  1.3097695e+00
 -1.3378075e+00
  2.5595343e+00
  5.8144397e-01
  9.3804546e-02
 -3.3419588e-01
 -1.8892215e-01
  3.1408605e-01
  3.0450600e-01
 -5.8398139e-01
  3.8026574e-01
 -2.4290279e-01
 -1.3276633e+00
  3.3369200e+00
 -1.0781450e+00
  2.2820143e-01
 -1.6464837e-01
 -1.1239992e-01
  1.9113281e-01
 -2.8375027e-01
 -8.5445178e-01
  4.1165692e-01
 -7.3823518e-01
 -1.2704802e-01
 -8.2472885e-01
  4.1656699e+00
 -1.9265133e+00
 -3.8421303e-01
  8.7247360e-01
  3.5152382e-01
 -3.6698693e-01
 -5.9105110e-01
  1.7374001e+00
 -4.5146134e-01
 -3.8337541e-01
  2.8792962e-01
  2.8902283e-01
  9.7952783e-02
 -3.1836662e-02
  1.4691678e+00
 -6.0367007e-02
 -1.6737519e-01
 -1.0026116e-01
 -2.8433812e-01
  4.1268679e-01
 -1.2502295e+00
 -3.3870123e-02
  1.9947174e+00
 -1.6030532e-01
  1.6115205e+00
 -6.4114028e-01
  8.1342965e-01
 -9.0188898e-02
  2.2910054e+00
 -1.0073461e-01
  1.5598586e-01
 -4.1324008e-02
 -1.2719113e-01
 -2.0272072e-01
 -2.2814631e-02
  2.1558312e-01
 -5.9106540e-02
  3.0954528e-01
  8.5940808e-01
  6.4156985e-01
 -2.4577827e+00
  1.3943317e+00
 -2.3121182e-02
  9.1909111e-02
 -2.8548894e-02
  2.5096467e-01
 -1.4816155e-01
  4.9177878e-02
 -6.6229649e-02
 -1.9433324e-01
  1.4149712e-01
 -5.9418708e-02
  9.8153107e-02
 -2.0732670e+00
  3.4534448e-01
  3.1983984e-01
  6.5556830e-01
  9.6917963e-01
 -1.8565680e-01
  1.6665077e-01
 -2.1013953e-01
  3.5313804e-02
 -1.1547915e-01
 -2.0258310e-01
  2.2039752e-01
  6.1014843e-01
  2.3182088e-01
 -1.7445701e-01
  7.2097278e-01
 -3.9294264e-01
 -1.0648761e-02
  2.2858366e-01
  2.9096677e+00
  4.2722721e-02
  2.4462562e+00
  3.6633348e-01
 -2.1116410e-01
  1.1094342e+00
 -3.3142987e-01
 -4.4699261e-01
  9.1897666e-02
  9.6568692e-01
  3.6572220e-03
 -2.9325715e-01
  1.2076958e-01
  4.2375508e-01
  2.4283242e-01
 -3.9470103e-01
 -1.6151124e-03
 -2.9242358e-01
 -1.8648432e-04
 -1.3771027e-01
 -1.7351811e+00
 -2.7108884e-01
 -3.8155265e-02
  1.4439797e-01
  1.6559036e+00
  2.1709424e-02
  3.8011990e-02
 -7.0635355e-01
  1.3088948e-01
  2.7827764e-01
 -1.0393374e+00
  8.9789534e-01
 -3.1325981e-01
 -5.8462373e-03
  2.1882883e-01
  5.3992003e-01
  8.0544442e-01
 -1.1239648e+00
  9.9478632e-01
 -3.7834200e-01
  2.2361198e-01
  4.1651756e-01
 -2.2085327e-01
 -4.5954022e-01
 -6.4407766e-01
  1.7076559e-01
  5.4893261e-01
 -4.4871268e-01
 -2.5201228e-01
  5.6062692e-01
 -1.2449701e+00
  1.2494894e+00
  3.4611733e+00
  3.8468382e-01
  1.5295670e+00
  2.4528399e+00
  1.2533799e+00
  8.5364252e-02
 -3.7562898e-01
 -9.3933530e-02
 -3.0731216e-01
  4.3424448e-01
 -6.9078989e-02
 -2.6232562e+00
 -4.2745799e-01
 -4.7549373e-01
  2.8628882e-03
  3.0722842e-01
  2.0726292e-01
 -1.3290867e-01
 -3.6145845e-01
  8.7338507e-02
  1.9428143e-01
 -2.1121992e-01
  1.3118238e+00
  1.1599823e+00
  1.3620753e+00
  1.5124097e+00
  4.7310674e-01
 -5.3373790e-01
 -4.6472806e-01
 -3.2390267e-01
 -1.3705878e-01
  6.5535104e-01
 -2.9969790e+00
  7.3913473e-01
  4.9347851e-01
 -5.7204468e-03
  4.4166303e-01
 -3.5980707e-01
 -1.0802942e-01
 -5.5576958e-02
 -8.2600296e-02
  1.2239424e-01
  4.2449939e-01
 -6.7400938e-01
  6.8323117e-01
  3.5501829e-01
 -5.9495986e-01
 -1.4796813e+00
  1.3691479e-01
 -1.6428457e+00
  6.8875879e-01
  6.0706048e+00
  1.3475150e+00
 -2.6681952e+00
  2.2464397e+00
  1.8136020e+00
  4.8879108e-01
 -2.7840970e+00
  2.2929314e-01
  2.7175078e-02
  1.5563022e-01
  4.8019977e+00
 -1.0941343e+00
  2.8873985e+00
 -1.7021393e-02
 -7.3368198e-01
 -1.1332808e+00
 -3.4425911e-01
 -1.3655249e+00
 -1.9360077e-01
  3.8008228e-01
  6.6339169e-03
 -9.3321377e-01
  3.3833382e-01
  9.0649348e-01
  4.0092227e-01
  2.7382541e+00
 -4.1804771e+00
 -7.0572466e-01
  7.6064956e-01
  3.5311553e-01
  2.7100030e-01
 -1.5865503e-01
  7.4230013e-03
  5.3183782e-01
 -4.8805240e-01
 -2.0439400e-01
 -3.2942632e-01
  2.2083317e-01
  4.8798759e-02
 -3.6213923e-01
  8.5397798e-01
  1.1670186e-01
  5.1105984e-02
  3.9214891e-01
 -1.2660538e-01
 -9.6719176e-02
 -4.4197142e-01
 -2.2368400e-01
  6.2165785e-01
 -6.3357037e-01
 -1.3711512e+00
 -1.2287124e+00
 -1.5763476e+00
 -1.2137030e+00
  7.3010439e-01
 -1.0988550e+00
 -3.0878103e+00
 -1.6091063e+00
 -4.8914593e-02
  6.7489570e-01
 -5.9486610e-01
 -4.5131600e-01
  1.0589496e+00
  7.5024873e-01
 -2.2286470e-01
 -1.6286888e+00
  3.3461564e+00
 -6.9245088e-01
 -2.0639496e-01
  1.9462211e+00
  3.3040605e+00
  7.6551592e-01
  6.1507303e-01
  6.8449345e+00
  1.1425771e+00
 -3.6606458e-01
 -1.7395814e-01
 -3.1246513e-01
 -2.0210268e+00
 -2.7671044e+00
  4.9986415e+00
  1.3913949e+00
 -2.4038821e-03
  2.2778027e-01
 -3.1668899e+00
  1.6736592e-01
  3.1528849e-02
  1.1085932e-02
  1.4684023e-01
  3.3776104e-02
 -1.6845402e-01
  1.1820853e-02
 -7.3135793e-01
 -5.5199802e-01
 -3.3163437e-01
 -1.0950099e-01
 -8.7526552e-02
  1.6555024e-02
  4.6459313e-02
 -3.8714308e-01
  4.3990746e-01
  7.8560460e-01
 -5.4961503e-01
 -2.1082132e+00
 -5.5384129e-01
 -2.5363917e+00
 -1.1185819e+00
  2.2075882e+00
  7.5265437e-01
 -2.6355144e-01
 -2.4167869e-02
 -2.1736997e-01
 -5.0085640e-01
  5.7141483e-01
 -4.1575555e-02
  3.9856353e+00
  1.8036208e+00
  1.4962637e+00
  1.6044208e+00
  4.3703228e-01
  6.0931873e+00
  6.9290984e-01
  1.6597085e-01
  1.3532807e+00
 -1.4471864e+00
  8.0919946e-03
 -1.0866044e-01
 -7.6192832e-01
  7.7379131e-01
 -1.0135745e-01
  4.4423556e-01
 -1.6978596e+00
 -9.0701640e-02
 -1.1907966e+00
  7.8807540e-02
  1.4539530e+00
  3.4369129e-01
  9.0257984e-01
  1.3281813e-01
  4.0448409e-01
 -2.9392308e-01
 -2.1116637e-01
  5.9241241e-01
  1.0911148e+00
  1.9760747e-02
 -2.0189829e-01
 -8.7316787e-01
 -9.2784658e-02
 -3.7609499e+00
  4.8284802e-01
 -1.7514126e-01
  2.5330629e+00
 -3.3485803e-01
 -5.4065710e-01
  1.4141546e+00
 -2.0544185e-01
 -1.8996398e-01
 -1.4497658e+00
 -2.5176222e+00
  4.7399852e-01
  1.3174493e+00
  7.0851433e-01
  4.1357884e+00
 -6.9332561e+00
 -2.5508964e-01
 -8.2502228e-01
 -2.7067988e+00
  5.7505876e-01
 -1.2905109e+00
  3.8343749e+00
 -5.1613488e+00
  1.7585568e-01
  7.1342930e-02
  3.6139175e-01
 -8.1832096e-02
  2.0869720e+00
  5.2936572e-01
  9.6806359e-01
 -1.1771094e+00
 -2.7281437e+00
  5.6887883e-01
 -3.0525112e-01
 -3.3987226e+00
 -7.9101413e-01
  1.1006987e+00
  2.3442521e+00
 -2.2284703e-01
  6.6169634e+00
 -1.1525306e-01
  2.8326416e+00
  2.2382315e-01
 -2.1030223e+00
  1.1989781e+00
 -6.1314332e-01
  2.0173341e-02
  3.7501788e-01
  3.7138808e-01
 -3.0575809e-01
  1.3359280e-01
  2.0498402e-01
 -6.5433472e-01
  3.7192661e-01
  5.8452445e-01
 -9.2138827e-01
 -1.0893545e+00
  5.2764517e-01
  4.3242437e-01
  1.9669968e-01
 -1.5939334e-01
 -6.2890536e-01
 -1.6839787e+00
  1.0868704e-01
 -6.5442540e-02
 -2.8319600e-01
  1.4518203e-02
  1.2970697e+00
  3.6321506e-01
 -2.1189454e+00
 -2.7841592e-01
 -2.3170264e+00
  3.9253810e-01
  1.6471220e-02
  1.8255113e-01
 -3.0167598e-01
  3.3669344e-01
  1.7280536e+00
 -1.3086060e+00
  6.2976873e-01
 -4.7842133e-01
 -1.1158019e-01
  6.0149856e-02
 -7.6946896e-03
 -1.0881589e-01
 -9.6271247e-02
 -1.7499250e-01
 -2.0816609e-01
 -4.8468766e-01
 -1.9548729e-01
 -1.0384851e-02
 -4.9569923e-01
 -6.1092675e-01
 -1.1899028e-01
  5.4624841e-02
 -1.6047356e-01
  1.2686348e-01
  1.5708412e+00
 -1.0272381e-01
 -1.0820876e-01
  3.1642714e+00
 -1.3809642e-01
 -5.7255156e-02
  4.6145234e-01
  2.0729645e-01
 -1.3684283e+00
 -2.2779553e-01
 -4.6912402e-01
  7.8489137e-01
  2.3585631e-01
 -9.5966625e-01
 -2.0039789e-01
  6.8905033e-02
 -1.3172201e+00
  4.1439743e+00
 -2.1455369e+00
  7.4469054e-01
  9.4008267e-02
 -4.2313221e-01
  7.0422009e-02
 -3.0213015e-02
 -5.2018058e-01
  2.3318397e-01
 -1.0727875e-01
 -4.6009070e-01
 -4.6809990e-02
  4.2283720e-01
 -9.7072981e-02
  1.0611423e-01
 -6.7152870e-01
  5.8127093e-01
 -3.2496670e-01
  3.4460816e-01
  4.6313528e-02
 -1.1081585e+00
 -5.0341934e-01
  5.8790155e-02
  8.3194673e-02
 -3.1934216e+00
  4.3933508e-01
 -6.1213458e-01
 -1.9906509e-01
  1.9678690e-01
 -7.9463118e-01
  1.9229461e+00
  1.8192388e-01
 -5.6112397e-01
 -8.1394738e-01
 -2.0818334e-02
 -1.9645314e-01
 -3.6170483e-01
 -4.5272794e-01
  1.3392186e+00
 -1.0023663e+00
 -9.3889534e-01
  1.7013273e-03
  1.5596768e+00
 -3.4046218e+00
  6.9858533e-01
 -2.3024142e-01
  1.4710778e+00
 -4.3935246e+00
  1.2490566e+00
 -1.7707490e+00
 -3.7954125e+00
  7.4588257e-01
  2.2410953e-01
 -6.7440933e-01
 -6.3678962e-01
  1.6851263e-01
  2.9225162e-01
  7.1280527e-01
  1.5567551e+00
 -1.2929889e+00
 -4.5396519e-01
  3.1452087e-01
 -3.6791596e-01
  3.3095837e+00
 -2.5205961e-01
  9.3688712e-02
  6.2702545e-03
  1.6648412e-01
 -1.9549410e-01
  6.2705845e-02
 -1.1857884e-01
  4.7413088e-02
  5.3877819e-02
  1.4635490e+00
  1.1272503e+00
 -3.8801077e-01
  2.2585211e+00
 -9.6212707e-02
  1.0631053e+00
 -2.6504630e-01
 -3.0876672e-01
 -1.2896760e-01
 -4.2122754e-01
  2.9636812e-01
 -5.3838223e-01
 -2.1231059e-02
  5.4977649e-01
  1.7459176e-02
 -6.1167866e-02
  2.3451765e+00
  1.9676945e-01
  1.2200491e-01
  1.0514321e-01
  2.0088153e-01
 -8.2189953e-01
  7.9077941e-01
  3.4797247e-02
  7.9494998e-02
  1.2602405e-02
 -7.1265586e-02
 -2.9979918e-02
  1.3113358e+00
 -1.2841737e-01
  1.2614857e-01
  4.1642562e-01
  4.0827286e-01
 -1.3569509e+00
  9.2528820e-02
  2.6787434e+00
  6.2544076e-03
  4.5562425e+00
 -9.1161793e-01
 -4.9043257e-02
 -1.1122220e-01
 -5.7957478e-02
 -3.1332555e-01
  2.0627713e-02
 -1.2213534e-01
 -1.9297333e-01
 -6.1241668e-01
 -3.9120898e-01
 -5.1669288e-02
  8.6984307e-02
  9.1494817e-01
  1.4355871e-01
  8.7971590e-02
 -8.7454545e-01
  2.1942465e-01
 -8.0413449e-01
 -2.3270687e-01
 -1.9388707e+00
  5.3326625e-02
 -2.5345197e-01
 -4.3756716e-02
  1.6764751e-01
  3.1386349e-01
  4.2816788e-01
  1.3568720e-01
  4.9061581e-02
 -3.0810836e-01
  4.6315612e-03
  4.3870771e-01
 -1.0801389e-01
 -1.8653209e+00
  6.3435465e-01
 -1.8540480e+00
 -5.2795362e-01
  5.6473386e-01
  6.0633069e-01
  3.2179347e-01
 -2.2275709e-01
 -2.7720809e-01
 -8.1626862e-02
  1.2814912e-01
 -1.3032410e-01
 -7.0495680e-02
 -2.0583051e-01
  1.5747187e+00
  6.6637057e-01
 -3.8568678e-01
 -1.8712677e-01
 -2.8258924e+00
 -4.0795338e-01
  2.5386852e-01
 -2.2456729e+00
 -2.3418036e-01
 -4.4654629e-01
  5.6496108e-01
 -4.5094262e-03
  1.2247144e-01
 -6.5404749e-01
 -5.9845132e-01
  2.3319305e-01
 -4.4307575e-01
 -6.0351974e-01
 -2.6615456e-01
 -9.7330892e-03
 -9.0980387e-01
  2.3492649e-01
  7.6995894e-02
  7.8620575e-02
  3.2011190e-01
  9.7736251e-01
 -2.7962312e-01
 -1.9028245e-01
 -2.1342067e-03
 -1.4003128e-01
 -8.4725910e-01
  2.2155333e-02
 -1.3331868e-01
  6.5966696e-02
  1.7801769e-01
  7.8623325e-02
 -3.6359739e-02
  2.9282847e-01
 -2.4914671e-02
 -1.5505265e+00
 -4.3983907e-02
 -3.9181334e-01
 -6.7212403e-02
  2.5892475e-01
  2.4941528e-01
 -5.8222651e-01
  1.5004920e+00
  1.4715195e-03
  1.9127931e-01
  1.4600494e+00
  9.6920274e-02
 -6.6389328e-01
 -3.5468528e-01
  6.8295586e-01
  2.5175884e-01
  5.7402796e-01
  2.2628981e-01
 -4.9912581e-01
 -2.0969412e-01
  1.2416191e+00
  7.7050692e-01
 -2.7723179e+00
  4.1224566e-01
 -4.4619288e-02
  5.0917321e-01
  1.9119009e-01
 -8.9505851e-02
 -5.2546811e+00
  7.1185082e-02
  2.5812790e+00
  6.2042665e-02
  1.5543605e-01
  1.4667036e-01
  5.1219541e-01
  1.0990930e-01
  2.3459962e-01
  1.8239863e-01
 -9.2220533e-01
  2.7173555e-01
  5.2346349e-01
  3.8807757e-02
  3.2300493e-01
  4.2196944e-01
  7.2760338e-01
  4.1036408e-02
  2.1753546e-02
 -8.0140382e-02
  4.3924016e-01
  4.5981932e-02
 -5.1251864e-01
 -1.3054649e+00
  7.7619195e-01
  8.3668602e-01
  5.7828951e+00
  2.1015418e-01
 -7.0240760e-01
  3.7668891e-02
 -1.8467066e-01
  4.4118431e-01
  3.2332087e-01
  9.2663437e-01
  6.9462574e-01
  2.4145514e-01
  2.8195957e-02
 -6.0473096e-01
 -9.6197695e-01
 -1.5801623e+00
  1.4126250e-02
 -1.0889100e+00
 -8.2621086e-01
 -6.5585792e-01
  2.0202261e-01
 -1.4417300e+00
  1.0507885e-01
 -2.0867441e+00
 -6.0128708e+00
 -7.7653784e-01
  1.7836215e+00
 -2.0783967e-01
 -4.0173984e+00
  1.7747350e+00
 -5.3413934e-01
  1.9402804e+00
 -4.4205527e+00
 -8.4585750e-01
 -1.2342517e+00
 -3.0048141e+00
 -3.6715022e-01
  4.5419395e-01
 -1.4106427e+00
  1.2049869e-01
 -4.2081274e-02
  5.7159647e-02
  2.6538607e-01
 -5.6955773e-01
  6.5475404e-01
 -3.8797313e-01
 -3.5502878e-01
  8.7117767e-03
  7.5583249e-01
  1.9923954e-01
  1.7516927e-01
 -1.1856713e+00
 -1.3732381e+00
 -5.3016867e-02
 -1.8692309e+00
 -4.0650621e-01
  1.5291208e-01
  2.9208129e-02
  5.0768393e-01
 -9.7940855e-02
 -7.5671655e-01
  2.9581338e-01
  5.9685282e-02
 -5.4420838e+00
 -7.6341569e-02
  4.2840308e-01
 -1.8049355e+00
  4.3815147e-02
 -1.8963586e-01
  2.4921356e-01
 -1.4570624e-02
 -3.8234514e-01
 -3.1295416e+00
  1.6817056e-02
  2.3579739e-01
  4.0582156e-01
  7.1330130e-01
  1.9633062e-01
 -1.0287776e-01
  1.7508182e-01
  1.3260281e+00
 -1.7377630e-01
  1.6623740e+00
  1.7403288e-01
 -1.1349194e+00
 -1.7570132e-01
 -1.2195495e-01
  9.5250674e-02
  1.8778399e-01
 -1.4785420e-02
 -3.1337481e-02
  2.1159181e-01
  3.2027689e-01
  5.2871466e-01
 -3.6300421e-01
  1.4003115e+00
 -1.1323018e-01
  3.1561467e-01
  1.1182907e-01
  2.6223567e-01
  3.2428354e-01
  9.8509151e-01
 -1.4629495e+00
 -1.3544254e-01
 -2.0938742e-01
  3.4858054e-01
 -5.2387744e-01
 -1.7671388e-01
 -2.5227382e+00
  2.4918146e-01
 -2.5246149e-01
  2.8883991e-01
 -1.5633965e-02
 -7.4440032e-01
  1.9618303e-02
 -1.0889863e+00
 -1.4501333e+00
  1.0288318e+00
 -1.0977333e+00
 -3.5869405e-01
 -2.3970945e-01
 -2.1665313e+00
  6.4804596e-01
 -9.1715926e-01
  1.9509051e+00
 -7.6978958e-01
 -3.5213643e-01
  9.8916548e-01
  3.7371737e-01
  2.4565423e+00
 -2.7375982e+00
  1.4680829e+00
 -4.9560109e-01
  1.7112565e+00
  1.6406026e-03
  4.8897225e-01
  4.5281452e-01
  2.2556293e-03
  2.2698587e-02
 -2.2934499e+00
 -8.5068840e-01
  9.5260991e-03
  1.6514645e+00
 -1.1219199e-02
 -1.0063172e-01
  3.2390518e+00
 -8.9691007e-01
 -9.2747971e-02
 -1.5436411e-01
  1.0943762e-01
  8.4934250e-02
 -1.9844869e+00
 -1.2749325e+00
 -1.1361330e+00
  4.2671365e-01
  2.8058282e-01
  8.1559855e-01
  2.0342860e+00
 -1.6923423e+00
  1.7905602e+00
 -1.2164676e-01
  2.9903799e-01
 -2.6258114e-01
 -6.9696695e-01
  1.8272985e-02
  1.4324673e-02
 -1.6804735e-01
 -6.8863720e-02
  4.2816266e-02
 -4.3567985e-01
 -2.8629635e-02
 -4.3299365e-01
 -1.8227594e-01
 -3.3169974e-02
  9.0661403e-03
 -3.0863845e-01
  6.6524011e-01
 -2.7601063e+00
 -2.4397030e-02
 -9.3727499e-02
 -3.3582214e-01
 -6.8843529e-02
 -3.8408387e-01
  1.7065041e-01
 -9.5663375e-01
 -4.2356396e+00
  4.8220530e-01
  1.2973788e-01
  7.2208685e-01
 -7.7907711e-02
  1.0882204e+00
  2.8147733e-01
 -1.9807740e-01
 -1.6680966e-01
 -1.2022056e-01
 -5.0841653e-01
 -1.2579697e-01
  4.1759286e-02
  9.7297497e-02
 -2.5154259e-02
 -7.8722239e-02
 -1.4155459e-01
  7.4925810e-01
  7.4268591e-01
 -5.7206593e-02
  1.8020134e-01
 -2.4927403e-01
  7.2165287e-01
 -1.2510489e+00
  4.3118262e-01
  3.2992807e-01
  2.1420459e-01
 -2.3371410e-01
  2.9158866e-01
  1.6478066e-01
 -6.6122904e-02
  5.6527708e-02
  9.0956151e-02
 -1.4787360e+00
  8.1386220e-01
 -1.8988599e+00
 -2.9445494e-02
 -1.7280799e-01
 -6.7217809e-01
 -9.0049662e-02
 -8.3388692e-01
  2.2837263e-01
  5.1616526e-01
  4.2353648e-01
 -4.6609344e+00
  3.9039868e-01
  7.8859985e-02
 -1.9310645e+00
 -1.2026966e+00
 -1.3072005e-01
  2.0756432e-01
 -2.5002160e+00
 -2.4616902e-03
 -4.7231975e-01
 -2.1120258e-01
 -4.2811010e-02
 -1.5058166e+00
 -4.8390050e+00
  9.1522969e-02
 -3.5581267e-01
  1.2693046e-01
  3.6411110e-01
 -1.6832350e-02
  8.6512759e-02
 -2.5695723e-01
  2.2263648e-01
  8.2562828e-01
 -2.8109002e-01
 -8.9274460e-01
 -1.4832925e+00
  4.0941581e-01
 -3.8784526e-02
 -2.4491770e-02
  2.0220252e-02
 -1.3768870e+00
  3.3083882e-03
 -1.3306240e+00
  9.1726951e-02
  1.0119637e-01
 -1.7219193e+00
 -2.0784543e-01
  2.4722372e-01
 -4.7219661e-03
 -2.7314445e-01
 -2.0587392e-01
  8.3595604e-02
 -4.8286077e-01
 -6.4543658e-01
  7.1803868e-02
 -7.5148934e-01
 -2.0377156e-01
 -2.6155235e-02
  2.8138027e-02
 -1.4264808e+00
  1.1936099e-01
  7.2925314e-02
  1.6337834e-01
 -1.5164939e+00
  5.2083492e-01
  1.1759058e-01
 -1.4414199e-01
 -1.8005532e-01
  2.0028429e+00
 -6.0716110e-01
 -1.4840033e+00
  4.8977461e-02
 -1.1392505e-01
  1.6394205e-01
  2.4285349e-01
  9.8697793e-01
  6.5123685e-02
  3.4400967e-01
  4.4267911e-01
 -6.5020315e-02
 -1.9137532e-01
  6.2480545e-01
  1.8468287e+00
  2.2443157e-01
  8.2416467e-02
 -6.5102734e-02
 -1.6622628e+00
  7.0877069e-01
 -4.3295732e-01
 -1.8235008e-01
 -2.2880849e-01
 -3.2050169e+00
 -1.3285530e-02
 -2.3677523e+00
 -1.0766241e-01
  5.3784001e-01
 -3.6254153e-01
 -2.4847060e-02
  4.3439308e-01
 -4.9837120e-02
 -2.0570884e-02
 -8.8958524e-02
  1.8660721e-01
  5.6991845e-01
  1.6764526e-01
  2.7232593e-01
  9.6975639e-03
  2.0575057e-01
 -7.0059337e-02
  9.2879230e-01
 -1.9634997e+00
 -3.0004957e-01
 -2.1061211e+00
  2.2692634e-01
  1.4473205e-02
 -3.0101803e-01
 -5.1717746e-01
 -5.2871752e-01
 -2.9776819e+00
  6.5714329e-02
  3.2073221e-01
  1.8604016e-01
 -3.3286348e-01
  9.5644936e-02
  7.3390889e-01
  5.6884146e-01
 -6.3433371e-02
 -3.5957426e-01
  6.0228431e-01
  1.2154933e-01
  4.7049376e-01
  1.4821380e+00
 -6.7983323e-01
  5.9915494e-02
 -7.7505159e-01
 -2.0204382e-01
  1.0188431e-02
 -2.3214924e+00
  4.7104959e+00
 -1.3677611e+00
  3.0364158e+00
  4.7277521e-02
 -3.2099912e+00
 -7.2770375e-01
  1.9869600e-01
 -1.7932525e-02
  7.6258641e-01
 -6.0482991e-01
 -2.2463691e-01
 -9.4603866e-02
  8.6888123e-01
  3.8987696e-01
  3.7786148e-02
  8.2687753e-01
  1.0150858e+00
 -5.9639573e-01
 -1.3836947e-01
 -1.4818949e+00
 -9.4892293e-01
  6.0821369e-02
 -2.2578308e-01
  1.5100946e-01
 -2.4457125e-01
 -3.3946815e-01
 -7.9677749e-01
 -7.3729020e-01
 -8.2211196e-01
  1.5692329e-01
  6.9390714e-01
 -4.1222396e-01
  2.0609487e-02
 -6.2270626e-02
 -9.8153211e-02
 -3.3819680e+00
  4.5145717e-02
  1.7665692e-02
  7.3246324e-01
 -2.3438329e-01
  4.3192906e+00
 -1.5965295e-01
  1.3367330e-01
 -5.6495529e-01
 -1.2038383e-01
  1.8727202e-02
 -5.3125778e-03
  5.4813433e-01
 -4.5937550e-01
  1.1472658e-01
 -4.1497624e-01
 -4.4937566e-01
  5.6938356e-01
  2.7202788e-01
 -9.1391522e-01
 -6.4430274e-02
  2.2794515e-01
 -5.3030837e-01
  4.6491465e-01
  3.0235058e-01
  5.3519469e-01
 -1.1207489e+00
 -8.9356631e-02
 -4.5315738e+00
 -9.6319276e-01
 -2.5198054e-01
  1.2901663e+00
 -1.3171964e+00
 -2.1279907e+00
  1.3003396e+00
 -7.1476334e-01
 -3.6423883e-01
  5.5650103e-01
  1.8633300e+00
  1.1022298e+00
 -2.3478022e-01
 -3.9670814e-02
  1.3804017e-01
 -2.6378574e+00
  9.5354301e-01
  2.2261001e-02
 -1.6150507e-01
 -1.9652674e-01
 -4.4831964e-01
 -3.1796193e-01
  1.0966687e+00
 -1.4083862e-01
 -1.2058027e-02
  2.0206037e+00
  7.3261142e-02
 -2.1703486e-01
  2.5508276e-01
 -1.5562871e-01
 -2.8542101e-01
  9.5457917e-01
 -4.1563803e-01
 -1.7767982e-01
  3.5555961e+00
 -4.1003197e-01
 -1.3725446e+00
 -8.9149797e-01
 -4.9972671e-01
 -4.3741569e-01
 -9.2520081e-03
 -2.3816723e-01
  2.6162988e-01
 -1.4628048e-01
  6.6682480e-02
  9.2210209e-01
  1.0679419e-01
 -1.3280185e+00
  2.6172000e-01
 -6.6229247e-02
  8.5441011e-01
 -8.1108706e-03
  7.1091270e-01
  1.2088592e-01
  9.7372293e-01
 -5.0954568e-01
 -7.1256983e-01
 -6.5222180e-01
 -2.4732795e-01
  1.2779565e+00
 -2.1252063e-01
 -8.8423347e-01
 -1.1430977e-01
 -3.6887527e-01
  4.0397993e-01
  3.3077410e-01
  1.5210421e-01
  4.6643099e-01
 -2.3772626e-01
  2.0264528e+00
 -8.8825881e-02
 -6.7702973e-01
 -1.5301023e-01
  4.5609465e-01
 -7.3191382e-02
 -2.7732456e-01
  4.5622000e-01
  5.5200942e-02
  1.2176459e-01
  4.1268458e+00
  6.6787407e-02
  1.8567631e-01
 -7.1327046e-02
 -1.6529772e+00
 -3.8327685e-01
  1.3450670e-01
 -5.9702682e-01
 -5.3361523e-01
  3.7598911e-01
 -3.8737574e-01
 -6.9916070e-02
  2.6004565e-01
  7.8882433e-02
 -3.9809188e-01
 -6.6482082e-02
 -1.5980004e-01
  1.6564912e-01
  1.7875090e-01
 -4.4179103e-01
  1.4955999e+00
 -3.9872859e-02
 -3.5651747e-02
 -2.2543733e-01
  6.7395198e-01
 -3.9649808e-01
  2.2925231e-01
 -9.2772895e-01
  6.6449136e-02
 -4.9927983e-02
 -6.8119675e-01
 -2.2187520e-02
  2.5315654e-01
  6.1970014e-02
  5.7925892e-01
  1.0694794e-01
  1.8739265e-01
 -4.8695889e-01
  1.2537612e+00
 -1.2986447e-01
 -2.8585424e+00
  2.2790970e-02
  2.7607268e-01
  4.6623077e-02
  1.2615259e-01
 -4.6017924e-01
  1.4661895e-01
  1.0361858e-01
 -3.8916910e-01
  2.8907850e-01
  5.9423718e+00
  2.7024394e-01
  4.4089317e-01
 -5.0533992e-01
 -8.1218559e-01
  1.3422075e-01
  2.3695500e-01
 -1.1489411e-01
  4.0408000e-01
  2.2078958e-01
  5.0293740e-02
 -1.2391594e-01
 -4.2671103e-02
  1.8023325e+00
  5.0624810e-02
 -1.6369663e+00
  3.5736543e-01
  1.3457192e+00
 -1.0367371e+00
 -4.0387580e-01
  4.4821568e-02
 -3.2380469e-02
 -3.8798727e-02
  2.1508833e-02
 -1.9801723e+00
  2.0626980e-01
 -2.7239582e-01
  2.8042012e-01
 -4.2536327e-01
  1.5561599e-01
  2.4578591e-01
  3.0553204e-01
  6.1932439e-01
 -1.7208803e-01
  1.4846662e-01
 -3.8705550e-02
  9.9998921e-02
 -1.7026585e-01
 -4.9149394e-03
  7.1844041e-01
 -1.1401185e-01
  1.4977875e-02
 -3.8232133e-01
 -4.4535875e-01
 -8.4001655e-03
 -7.0191628e-01
 -1.0123975e-01
  5.4959744e-01
 -2.0972257e+00
  6.1556512e-01
 -3.8632575e-01
  2.2800617e-01
  3.0440545e-02
 -1.1106472e-01
  7.9716086e-02
 -1.6107456e-01
 -2.3348388e-01
  1.8820946e-01
 -5.5912763e-02
 -1.2686594e+00
 -7.3366642e-01
 -1.6431961e+00
 -3.3198383e-01
  6.1360206e-02
  2.6939625e-01
 -6.3889176e-02
  1.1827514e+00
  3.2344988e-01
  6.0576075e-01
  1.8172911e+00
 -2.1499540e-01
 -5.1442206e-02
  2.1408764e-01
 -3.5894594e-01
 -1.0043155e-02
 -9.7328477e-02
  2.6554990e-01
 -1.5102977e-01
 -3.6195275e-01
 -2.2243775e-01
 -3.2605311e-01
 -3.8175341e-01
  2.6184019e-01
 -6.0703848e-02
 -3.4372348e-02
 -6.6354655e-02
  6.1758477e-02
 -1.0528557e+00
  3.0186856e-01
  2.9036453e-01
  9.7424138e-01
  3.1091602e+00
  5.6749368e-01
  5.7054430e-02
 -2.4736777e-01
 -1.6182129e+00
 -3.9153257e-01
 -1.5052109e+00
  1.0926751e+00
 -3.7150756e-02
  2.3071454e-01
 -2.0703353e-01
 -6.8017982e-02
 -2.4877543e-02
 -4.8344350e-01
  8.3526351e-02
  4.1879377e-01
 -2.9274160e-01
 -1.5681231e-01
 -1.4517249e-01
  2.7786034e-01
 -2.3643720e+00
  1.6540512e+00
  4.7447139e-01
  5.3075922e-01
  6.1109316e-01
  7.3671557e-02
 -7.1775459e-02
  1.1333777e-01
  5.2965581e-01
 -2.3195153e-01
 -5.3837323e-01
  5.2074271e-01
  1.1056934e-01
  9.3754053e-02
  2.8372601e-01
 -1.6815680e+00
  1.7633708e-01
  3.1242254e-01
  3.2995054e-01
 -5.9038013e-01
 -9.4445431e-01
 -3.9718783e-01
 -7.2354831e-02
  2.6815781e-01
 -6.1903644e-02
  4.6580094e-01
 -9.3890405e-01
  2.4416950e-01
  1.1873132e-01
 -3.7804508e-01
 -3.9950684e-03
 -1.7700389e-01
 -8.7544642e-02
  1.6310743e+00
  3.7212621e-02
 -1.1117101e-02
 -6.1186451e-02
  4.3755576e-02
  1.1364087e-01
 -5.2875024e-01
  1.5552105e-01
  2.0120910e-01
  4.4641387e-02
 -2.1574569e-01
 -1.8837096e-01
  3.3944726e-01
  1.0740478e-01
  6.5689683e-01
 -1.6821676e-01
 -5.3944802e-01
  1.1049498e+00
 -2.8433220e+00
  1.6188117e+00
  4.0841457e-01
  8.4512407e-01
 -8.5865036e-02
 -6.9746834e-01
  1.9364969e-01
  9.1634370e-02
  1.8765055e+00
  1.3390386e-02
 -7.2582011e+00
 -4.2581567e-01
  1.9315198e-02
  7.9117548e-01
  2.1072021e-02
  2.5920288e-03
  8.8835664e-02
  7.8546077e-01
  6.5353900e-01
 -2.0990146e-02
  8.0731280e-02
 -1.5844759e+00
 -2.2534024e-02
  6.8164968e-01
 -3.6674947e-02
  2.1233992e-01
  1.6051744e-01
  3.2542050e+00
  1.7747119e-01
  3.0353621e-01
 -8.5518777e-02
  1.1909170e-01
 -2.3192306e+00
  3.1282093e-02
 -1.0781174e+00
  2.7127159e+00
 -2.0134334e-02
 -5.6238949e-02
  3.5638323e-01
  3.9081905e-02
  2.1240646e-01
 -1.4993016e-01
 -1.9152942e+00
  1.0655995e-01
 -2.3042517e+00
  5.7898358e-02
 -1.1359344e+00
  6.7683349e+00
  5.8371991e-01
  5.9571650e-02
 -5.0105017e-01
 -2.1154737e-01
 -2.7486486e-03
  1.0789936e-01
 -8.4916407e-01
 -1.7031580e-01
 -8.5966863e-02
 -1.8770974e-02
  1.2302428e+00
  1.6495237e+00
  2.4084370e-01
  1.9496973e-01
  6.5670684e-02
  1.0434272e-02
 -3.5215372e-01
 -6.4500868e-01
 -3.2071710e-02
 -2.0325536e-01
 -4.4287375e-01
 -1.2607704e-01
 -3.9593455e-01
 -6.3670121e-02
 -8.3835173e-01
 -3.6693685e+00
  7.5370021e-02
  2.2639075e-01
 -6.7558330e-01
  3.2850066e-01
  6.0041096e-02
 -1.3612171e+00
 -2.8997019e-01
  1.5989420e-01
 -2.4056570e-01
  2.8564782e+00
 -2.1448040e-01
 -2.7535867e-02
  1.0047561e-01
  7.8177996e-02
 -5.7965803e-01
 -3.6578041e-01
 -3.2203549e-01
 -1.8666311e-01
 -4.8367870e-01
  1.3318016e-01
 -1.3206945e-01
 -2.1097018e-01
 -1.8449727e-02
 -3.0296627e-01
 -9.2021219e-02
 -1.7507467e-01
  6.0479432e-01
 -1.2622869e-01
  4.7589687e-01
 -5.1339768e-02
  1.4241321e+00
 -1.4875504e+00
 -8.5646158e-01
 -4.0779614e-01
  3.2913241e-01
  2.5547678e+00
  6.9209886e-01
 -8.0546349e-01
 -2.6476543e+00
 -5.1695991e-01
  1.0143850e+00
  1.0503783e-01
 -3.1470799e-01
 -3.9586264e-01
  2.7033502e-02
 -2.9179950e+00
  1.3553035e-01
  4.8475401e-03
  1.6760164e-01
  2.4851471e-01
 -1.8335792e-01
 -8.2070905e-01
  3.5734850e-01
  2.9500103e-01
  3.3332711e-01
  7.0577699e-01
  3.0289504e-01
 -2.5729492e-01
  9.5057529e-01
 -1.7434289e-01
  8.6435562e-01
 -3.3294356e-01
 -2.6256358e-02
  3.0056465e-01
 -1.3440494e-02
  1.3204869e+00
 -2.7963868e-01
  6.9949709e-02
 -1.1740945e-01
 -1.0687695e+00
 -3.2030067e-01
  2.2677467e+00
  4.5470312e-02
 -1.1113410e-01
  1.1679959e+00
  2.7585190e-02
 -5.4162437e-01
  1.3392847e-02
  2.3085451e-01
  2.8482121e-01
  1.7032093e+00
  7.8567576e-01
 -1.5519294e+00
  4.3197179e-01
 -1.2266155e+00
  9.5584297e-01
 -9.8836052e-01
 -5.4290086e-01
 -2.4484761e-01
 -1.6120801e-02
 -8.4909610e-02
  6.4627939e-01
  1.3914493e+00
 -2.9466060e-01
 -6.6883320e-01
 -1.7810057e+00
  2.4861507e+00
  7.3972511e-01
  8.3565675e-02
  2.2797327e+00
  1.4123828e+00
 -1.2084076e+00
  7.6816939e-02
  2.3965461e+00
  2.9860741e-02
 -1.7736973e-01
 -2.2722340e+00
  5.4444671e-01
 -2.1084531e-01
 -1.8029934e-01
 -5.6149477e-01
  1.9802165e-01
  1.7576039e+00
  1.9268813e+00
 -5.1185322e-01
  1.1326031e-01
  1.7057406e+00
  1.4232728e-01
  9.2065006e-01
  1.6040814e-01
 -3.2489090e-03
  1.9124189e-01
  2.0306994e-01
  5.6066072e-01
 -4.6858411e+00
 -2.9324776e-01
  5.9075680e-02
 -1.6025789e-01
  2.1082483e-01
 -4.6574411e-01
 -3.9487299e-01
  7.7443683e-01
 -6.9247866e-03
  2.5524470e-01
  8.2593337e-02
  5.2377772e-01
  1.9668828e-01
  5.9180659e-01
  2.6935198e+00
  1.3483630e+00
 -9.7583020e-01
 -8.0099113e-02
  7.6219749e-01
 -1.4394364e-01
 -1.9177681e-01
 -6.6041595e-01
  4.7213584e-02
 -5.5032462e-01
 -9.4413298e-01
 -9.9841513e-02
  1.4814918e-01
  1.6560296e+00
 -1.1665181e+00
 -9.9118754e-02
  4.6948446e-03
 -1.9927628e-01
 -2.4633783e-01
  1.8401558e-02
 -4.6940708e-01
 -4.1956368e-01
 -1.1880494e+00
  7.3964517e-03
  2.7173941e+00
  1.3238364e-01
  1.5602547e-01
 -4.2962790e-01
 -5.3823972e-01
  2.1747139e-01
  3.4723375e-02
 -1.3254063e-01
  1.0931350e-01
  1.4700955e-01
  4.6728700e-01
  7.0457019e-02
 -5.2458417e-01
 -5.4740824e-02
 -4.4071749e-02
 -1.1079575e-01
 -1.3174494e-01
  1.1964775e+00
 -2.5486043e-01
  3.1283554e-01
  5.9333265e-01
 -1.0425024e+00
  1.6937883e+00
 -6.4628077e+00
 -5.5798898e+00
 -1.0087819e+00
 -9.9865454e-01
  1.1383612e+00
  1.3954066e+00
  6.7604125e-02
 -2.3476951e-01
 -4.2063338e-01
 -4.6140388e-01
 -2.9266603e-02
 -5.5418164e-01
 -5.9717573e-02
  1.7461911e-01
 -1.7653015e+00
 -4.1322699e-01
 -7.1410261e-02
  1.0511876e+00
 -7.0585281e-01
  8.6821914e-01
 -2.4080009e+00
  3.8056457e+00
  2.5018909e+00
 -2.6292019e+00
  7.0116393e-02
  1.0570515e+00
  1.5766720e-01
  2.4604814e+00
  4.9397941e+00
  8.8255811e-01
 -1.0235323e-01
  1.7190720e+00
  3.0691876e+00
 -4.4280592e-01
 -1.2184565e-01
  2.8462496e-02
 -5.4202616e-01
  4.1058302e-02
 -4.5991212e-01
  5.7378225e-02
 -4.1306915e+00
  4.8853803e-02
  5.7137895e-02
 -5.6128502e-01
 -5.0929439e-01
  6.9258086e-02
 -2.4239533e-01
  3.7937243e-02
  4.6157664e-01
  1.8644753e-01
 -1.1197811e-01
 -3.2343205e-02
  2.9348254e-01
 -9.2598632e-02
 -3.1133917e-01
  4.3513704e-02
 -6.4983809e-01
 -5.3410891e-02
  2.8251605e+00
 -2.6028755e-01
 -1.7848729e-01
  2.7401380e-02
 -4.3705362e-01
 -6.1531242e-02
 -2.1843197e+00
  6.1669624e-01
 -6.8065077e-02
  1.0469503e+00
  3.0118454e-01
  9.6677810e-02
 -3.6557335e-01
  2.2531242e+00
 -6.1931378e-01
 -3.7906909e-01
 -3.6395025e-01
 -5.2589793e-02
 -4.9799523e-01
 -7.6352239e-02
  1.0738226e-02
  3.7920663e-01
  7.4365383e-01
  6.4281330e-02
  9.6340472e-01
 -1.2008637e-02
  1.2204904e-01
 -1.2372333e-01
  4.7091553e-01
 -4.9808878e-02
 -3.6661950e-01
  6.6125381e-01
 -1.3988791e-01
  2.8245246e-01
 -1.3098073e+00
  1.3777450e-01
 -3.5504897e+00
 -5.6360299e-03
  2.2573696e-02
 -7.6969147e-01
  3.8142386e-01
  1.7061929e-01
  3.5146677e+00
 -1.3734444e+00
 -6.1652546e+00
  1.8712773e+00
 -2.2666266e+00
 -2.5262840e+00
  1.6288000e-01
 -3.4332561e+00
  4.1404157e+00
  9.9049824e-01
  6.6873366e-01
  1.6651963e+00
  3.9619249e-01
  5.8302131e-02
 -6.2657744e-01
  1.2046045e+00
  2.2540727e+00
 -2.6262646e+00
 -6.0380483e+00
 -6.5701768e-02
 -3.5967443e+00
 -3.6951695e-03
  4.1288362e+00
  1.5017084e+00
 -5.1161975e-02
  3.1294508e+00
 -3.7274611e+00
 -2.1810542e-01
 -3.3486730e-01
 -1.5274264e+00
 -6.4090246e-01
  9.0243125e-01
 -2.0025539e+00
 -1.0938419e-01
 -4.2104311e+00
  3.4533091e+00
  1.4220917e+00
 -3.5943266e-02
 -1.9384575e-01
 -3.9772626e-02
 -8.6138934e-02
  2.4244528e-02
 -1.4669473e+00
 -3.6039979e+00
  2.3440144e+00
  7.6001710e-01
 -1.5471989e-01
  4.4504751e-02
 -3.9863569e-01
 -5.1914852e-02
  1.5768068e-02
  7.3600328e-01
 -1.7173860e+00
 -1.2037127e+00
  4.5486957e-02
  3.9899155e-02
 -6.8238366e-01
 -1.1199814e+00
 -1.5600193e+00
 -1.3971736e-01
  4.8261389e-02
 -8.0982493e-03
  2.2245854e-01
 -5.5471234e-02
 -8.0677085e-02
  9.5977835e-02
 -6.7302179e-01
  3.7417978e-02
 -1.6270961e-01
 -2.6926056e-01
 -2.2567458e+00
 -2.3551580e-01
 -2.2693808e-01
 -1.7067215e-01
  6.7000645e-01
  1.5093005e-01
 -1.1659518e-02
  2.7857494e-01
  1.0468917e+00
 -1.1930323e+00
 -1.8737815e-01
  7.0261784e-02
 -2.5410268e-01
 -2.7060461e-01
  4.5128064e+00
 -2.2325486e-01
 -1.2689978e+00
 -3.2018125e-01
 -3.8763919e+00
  4.9507950e-02
 -9.1870701e-01
 -4.8889300e-01
 -3.4693846e-01
 -1.9664869e-01
  4.3313470e-01
 -1.4378662e-01
  2.4309061e-01
 -4.7714558e-01
 -1.6985551e-01
  1.2236656e-01
  8.6239837e-02
  4.8200843e-01
  1.8294220e+01
 -9.5326996e+00
  4.3848624e+00
  5.3828368e+00
 -1.5267034e+00
 -3.6992869e+00
 -6.4329882e+00
  9.4171792e-01
  4.7659555e-01
 -1.8100552e-01
 -4.9588151e-02
  3.3847505e-01
  1.9731089e+00
  2.0539689e-01
  1.3827439e-01
 -1.8396489e-01
 -2.6082188e-01
 -8.6879842e-02
  2.9312236e+00
 -2.4318989e-01
 -6.6927755e-01
  1.7513661e+00
  4.1855961e-02
 -1.5479410e+00
 -2.5909156e-01
 -1.8501664e+00
 -4.2650810e-01
 -2.6192634e+00
 -3.8621216e+00
  1.5702331e-01
 -5.6198224e-02
  6.1367244e-02
  3.2077842e+00
  3.6079922e-01
  5.6608032e-02
  1.0164995e+00
  1.2966125e-01
  2.5548512e-01
  3.6229679e-01
 -1.3406817e+00
  3.4305435e-01
 -4.9546845e-02
  5.7268236e-02
 -5.0280299e-02
  3.9924961e-01
 -1.6054714e-01
 -4.5856670e-02
 -4.7187948e-01
 -3.5916829e+00
 -2.5229162e-01
  1.2314787e+00
  6.6983122e-03
 -1.3158571e+00
  3.8919639e-05
  3.5606630e-02
 -3.3625126e-01
 -7.9080783e-02
  2.8397734e+00
 -2.6640457e-01
  2.6550376e-01
 -2.4161019e+00
  1.8861864e+00
  1.2104748e+00
 -2.7169448e-01
  1.2426952e-01
  1.2878800e-02
 -2.3696196e-01
 -6.4163364e-02
  2.2470708e+00
  2.6712641e-01
  9.5791000e-01
  8.5710979e-01
 -1.0159929e-01
 -6.3241053e-01
  1.1497930e-02
  1.7614867e-01
 -1.2426751e-01
 -4.8370591e-01
  4.0515168e-03
 -1.9935958e-01
  1.8887226e-03
 -2.1006390e-01
 -3.6485970e-01
  5.8245301e-01
 -1.4669275e-01
  3.4953403e+00
 -3.8863131e-01
  4.1645792e-01
 -1.9276862e-01
  9.3921763e-01
  6.3742094e-02
  2.4807897e-01
 -2.5934720e-02
  1.0281313e-02
  1.5776269e-01
  1.9187343e-01
  3.3395506e-02
  1.2903571e-01
 -6.0263861e-02
  1.7177272e+00
 -7.1544312e-02
  2.0072076e-02
 -4.7454965e-01
 -1.6050622e-01
 -3.2072142e-01
 -2.3551078e-01
  4.8377316e-02
  9.8926961e-01
  2.0437598e-01
  1.2288040e+00
 -6.9210458e-01
  2.6409104e-01
  1.2212230e-01
 -1.3533913e-01
 -4.7247386e-01
 -1.3553404e-02
  3.6979802e-02
 -2.6131594e-01
  1.1460176e-01
  1.0995837e-01
 -2.5225013e-01
  8.4783238e-01
 -7.0485306e-01
 -9.9313200e-02
 -4.8596451e-01
  9.5654905e-02
  9.9553652e-02
 -1.8840738e-01
  4.0760571e-01
 -8.6595321e-01
  2.1080401e-02
 -1.1430696e+00
  7.7639729e-02
 -1.0788272e-01
  3.8015101e-02
 -3.5969082e-02
  4.5357659e-02
  2.1755399e-01
  3.0094144e-01
  2.8250098e-01
 -1.8498278e-01
  4.3214405e-01
 -4.9502362e-02
 -7.7832109e-01
  1.4994285e-01
 -1.9628952e-01
  5.1084954e-01
 -1.0811169e-01
 -6.9105464e-01
  5.4766491e-02
 -2.2927685e-01
  3.4037411e-01
  8.3741617e-01
 -9.2912871e-01
 -9.9597925e-01
  1.1877801e-01
  4.8673466e-01
 -1.9464360e+00
 -1.9975185e+00
  1.7108634e+00
  2.7612904e-01
  2.6504159e-01
  2.7791342e-01
  2.8969796e-02
 -9.2188627e-01
  1.6404038e-02
  4.8453504e-01
 -5.3801620e-01
 -3.2435748e-01
 -2.6460609e-01
 -8.1798607e-01
 -1.3919175e-01
  7.2705573e-01
 -7.8977913e-01
  4.3967092e-01
 -8.4206909e-02
 -4.9955878e-01
 -1.3875468e-01
  1.1477761e+00
 -5.1043224e-01
  8.4643774e-02
  1.9651558e-01
  1.4053421e-01
  2.4641277e-02
 -2.7572185e-01
  6.3625672e-03
 -6.9517279e-01
  8.4775245e-01
  2.3093882e-01
  1.8096900e-01
  9.9636406e-02
  3.4698196e-02
 -1.6406651e-01
 -1.3040027e-01
 -6.9375432e-01
 -6.3693494e-01
  1.8241246e-01
  7.1587369e-02
 -8.0558234e-01
  2.7478669e-02
  4.3543687e-01
  1.1657781e-01
  1.7815952e-01
  1.7901091e-01
  1.1094297e+00
  4.6780735e-01
 -6.2233675e-01
  1.6183216e-02
  3.6057219e-01
  3.0264598e-01
  7.3025070e-02
 -3.8937002e-01
  1.4107270e+00
 -3.3552104e-03
 -2.0862795e-01
 -1.7666668e-01
  3.3542734e-02
 -1.8773152e+00
 -3.5357299e+00
 -7.5959074e-03
 -4.0664095e-01
 -9.3194060e-02
  1.2671820e+00
 -1.3040636e-01
  5.5406892e-01
  1.4690387e+00
 -6.3586074e-01
  1.3432488e-01
  2.5579807e-01
  9.5939362e-01
  9.1411936e-01
 -4.7053072e-01
  2.8767043e-01
  1.0183553e-01
 -1.1232696e-01
 -4.6433964e-01
  2.8259179e-01
  1.2253027e-01
 -1.1828083e-01
  3.7049150e-01
  8.2665727e-02
  8.4469117e-02
  1.8446226e-01
  5.8115024e-02
 -1.6867585e-01
 -1.7092366e-02
  2.6979831e-01
 -5.8327127e-02
 -4.5485514e-01
 -5.2263314e-01
  1.9418088e-01
  3.2618385e-02
 -3.8636038e-01
 -2.9750621e-01
 -7.6349273e-02
  8.1313914e-01
  9.1571271e-02
  1.3916252e+00
 -1.1084359e+00
  2.2799416e+00
 -1.2466074e+00
  4.3829089e-01
  1.4796416e+00
 -7.7274412e-01
  2.7308193e-01
  1.4245646e+00
  2.5503041e-02
  7.7291572e-01
 -2.5616711e-01
  4.3281908e+00
 -3.4136134e-01
  3.9509407e-01
  8.2056582e-01
  2.4361026e-01
  5.7070559e-01
 -5.5577539e-02
 -1.9001129e-01
 -1.4627971e-01
 -3.9955986e-01
 -6.0943556e-01
 -8.5239731e-02
 -5.1498419e-01
  3.3869205e+00
 -1.0254161e-01
  6.7538284e-03
 -1.3918959e-01
 -1.5262465e-01
  6.4785767e-01
 -5.4359150e-01
  5.5960625e-01
 -1.2996624e-01
  1.8056175e+00
  1.7855611e-01
 -3.5165679e-02
 -2.2806709e-01
  2.7533635e-03
  5.0319564e-01
  3.5226014e-01
 -1.2581119e-01
  6.4224201e-01
 -2.9679838e-01
  1.6994138e-01
  1.6306927e+00
  3.1083727e-01
 -3.3473873e-01
 -4.0549064e-01
  1.3994290e+00
  1.4935716e+00
  2.0487203e-01
  6.8374470e-02
  1.7402586e+00
  1.7138240e+00
  8.2520503e-01
  1.4980695e+00
 -8.5608535e-02
  9.2026609e-01
  7.2586857e-02
  2.1480739e-01
 -3.0627424e-01
  2.8040311e-01
  1.0089573e+00
  6.4258200e-01
  5.7370758e-01
  1.1036422e+00
 -2.7828535e-01
  3.0801764e-01
 -1.7509397e+00
 -5.4126225e+00
 -4.0466872e-01
  3.9443621e-01
  4.7630379e-01
  6.6572577e-02
  2.4618881e+00
  3.2282460e-01
 -7.0669323e-02
 -3.1316769e-01
 -2.7319840e-01
 -7.5615007e-01
 -6.4916486e-01
 -2.3634043e+00
 -1.1003062e+00
 -3.2841916e+00
 -3.7297866e-01
  2.0471057e-02
 -9.0835460e-02
 -6.0969353e-01
 -2.5546387e-01
 -5.5428427e-03
  4.8936255e-02
  2.3017520e-01
 -3.7378710e-02
  1.6968200e-01
 -2.8490299e-01
 -1.9308265e-01
 -2.6101413e-01
 -4.9959525e-01
 -7.0472151e-02
  2.3134084e+00
  2.3827984e+00
 -1.0997308e+00
  7.2587353e-01
 -7.7889639e-01
  2.1101182e+00
 -1.3548300e+00
 -1.2605108e+00
  5.4024059e-01
  4.5866573e-01
 -9.6740532e-01
 -6.3087606e-01
 -5.1882017e-01
  8.3270617e-02
 -2.0873792e+00
 -9.2234951e-01
 -1.7700289e+00
 -2.8170202e+00
  3.3665559e+00
  1.0845267e+00
 -1.7339283e-01
 -9.0233314e-01
  1.7827843e-01
 -3.4210539e+00
  1.3068678e+00
  7.4679559e-01
  5.9620921e-02
 -6.0977012e-01
  2.5313167e-02
  1.6628120e+00
 -2.9458272e+00
  2.3720860e-02
 -2.0700073e+00
  1.1293075e+00
 -1.7205807e+00
 -2.8971827e+00
 -8.5654832e-02
  1.1468174e-01
 -9.9730879e-02
 -6.2777370e-02
  6.3519162e-01
 -4.2586133e-01
 -8.4823918e-01
 -2.8368729e-01
  2.1129534e-01
 -9.8968640e-02
  1.9315194e-01
 -5.7783127e-01
  2.3361942e-02
  1.5613633e-01
  1.2843251e-01
 -2.5735559e+00
  5.0311226e-01
  2.0842978e-03
 -6.3040358e-01
 -5.0233964e-02
 -2.2449992e+00
  1.2295607e-01
 -5.8808148e-01
 -2.7741099e-02
  1.1076199e-01
 -6.2481582e-02
  4.6744829e-01
  2.7028980e+00
 -1.9101955e-01
 -2.3342183e-01
 -1.1194502e-01
 -9.1166064e-02
  5.6373181e+00
  1.4101678e-01
 -1.8873176e-01
 -1.1833043e+00
 -1.2750205e-01
  7.3028725e-01
 -4.5347054e-02
  1.7420360e-01
  5.7518083e-01
  3.8127062e-01
  9.0167716e-02
  2.1657176e+00
 -1.2143936e-01
 -2.1775186e-01
  4.2225093e-01
  5.1367050e-03
 -2.2510028e-02
 -9.8224662e-02
  7.8031218e-01
  8.7897070e-02
 -1.2801388e-01
  1.7947510e-01
 -4.4316387e-01
  2.1320101e-02
  2.0519337e-02
  1.1899997e-01
  1.5324630e-01
  3.8320211e-01
 -7.8376807e-02
 -1.7584409e-01
  2.9841878e-02
 -1.2353086e+00
 -4.6831645e-02
  4.4279056e+00
  8.6108875e-01
  5.1475590e-01
 -1.0923362e-01
  8.2372218e-01
  2.4713081e-01
 -5.8191228e-01
  4.4149257e-02
 -1.3537554e-01
 -1.2334086e-02
  3.5202455e-02
 -2.1483670e-01
 -3.7985066e-01
  4.6348897e-01
  3.4837570e-02
 -6.1180651e-02
 -3.9007080e-01
  7.1014515e-03
 -1.5950093e-01
  2.2707742e-02
  6.2110126e-01
  1.0776355e+00
 -3.6616375e+00
 -8.7780809e-01
 -1.2834677e+00
  1.9511311e+00
 -1.3929740e-01
 -1.1374675e+00
 -1.5427253e-01
 -4.1496177e+00
  5.0398395e-03
 -9.8922089e-02
 -9.2307143e-02
  3.5917897e-02
  2.3443721e-01
  6.2552928e-03
  3.4104174e-01
  5.3256192e+00
  2.6906866e-03
 -1.3029428e-01
  3.1287426e-01
 -5.9412873e-01
  3.8705647e-01
  7.4039054e-01
  1.9928172e-02
 -7.3182464e-01
  6.6510141e-02
 -2.2495711e+00
  2.1977438e-01
  8.7576956e-03
  8.4025264e-02
  4.9814001e-01
  2.9338989e-01
 -5.8123030e-02
 -1.3594017e+00
  6.8575603e-01
  3.8855132e-02
 -4.1603312e-01
 -6.0777861e-01
 -1.9758998e-01
 -8.4869988e-02
 -2.9366443e-01
  1.5813951e-01
  3.2037102e-02
  9.3223296e-02
  2.0130251e-01
 -9.9793032e-02
  1.7587234e-01
  2.6721540e-01
 -1.7640921e-01
  6.2727561e+00
 -2.6955086e-01
 -2.3811176e-02
  2.1597689e-02
  3.6537078e-01
  1.1421123e+00
 -1.5984049e-01
 -1.7972954e-01
  2.1653612e+00
 -1.1855347e+00
  9.6318436e-01
  2.0614894e-01
  2.6282531e-01
 -3.1481064e-03
 -9.8929860e-02
  9.8446614e-01
 -3.0152810e+00
 -8.0071366e-01
  3.3424300e-01
  7.7377088e-02
  4.9856937e-01
 -7.6796897e-02
 -6.7539984e-01
 -6.9593869e-02
  7.8315585e-04
 -7.9903656e-01
 -2.1322196e+00
 -1.1961257e+00
  2.7678028e-01
  3.9171243e-01
 -2.3553696e-01
  3.0849347e-01
  6.0856616e-01
  1.0043826e+00
  1.3356602e+00
  1.1549917e+00
 -3.1970768e+00
  1.0068671e+00
  1.7037503e+00
  2.7808216e+00
 -5.6870806e-01
  8.9995927e-01
  6.2002391e-01
 -1.4884261e+00
  2.9013102e+00
 -1.0337574e-01
  2.1034768e+00
 -2.2803122e-02
 -4.3989483e-02
  9.1238774e-02
 -2.5923896e-01
  2.4377429e-01
 -8.6444426e-01
  9.8474242e-02
  1.3603351e+00
 -1.4808300e+00
  2.0205398e+00
 -1.1056583e+00
  2.5275202e+00
  1.8145324e+00
 -2.5774879e+00
 -1.4638126e+00
  1.6024386e+00
  4.7915509e-01
 -9.4772495e-02
  4.7748104e-01
 -9.1031104e-02
  4.6169259e-02
 -4.3407112e-01
  2.1471532e-01
 -2.9052126e-01
  6.3851440e-01
 -9.5660806e-02
  6.4910650e-02
 -5.6429937e-02
  4.4109210e-01
  1.1192442e-01
 -1.8037517e-02
  8.4415776e-01
  1.0355295e+00
 -4.1225746e-02
 -1.0419348e+00
  1.8804961e+00
  5.2078128e+00
  5.1881015e-01
  1.0338200e+00
 -1.3821328e-01
 -2.6506728e-01
 -1.3694271e-01
 -1.3626848e+00
  4.3258548e+00
  2.3637850e+00
  9.6549886e-01
 -3.6011450e+00
  1.5727399e-01
 -4.4999775e-02
 -1.3712115e+00
  1.6800470e+00
 -1.2799101e+00
  1.9308456e+00
 -3.2075813e+00
 -2.5779052e+00
 -9.4856715e-01
 -1.5917872e+00
  1.3671784e+00
  3.2712981e-02
  2.4376602e+00
 -2.2121062e+00
  6.0361654e-01
 -8.8813365e-01
 -3.1211593e+00
  2.2725689e+00
  2.6292336e-01
 -3.2567244e+00
 -1.0364921e+00
 -1.3353185e-01
  9.9074572e-01
  7.2438169e-01
  2.1521289e+00
  1.1884724e+00
  3.1122608e+00
  3.6858039e+00
  2.0005462e-01
 -7.6298928e-01
 -7.0445426e-02
  5.5315650e-01
  8.4109508e-02
  2.3492255e+00
 -3.2104191e-01
 -1.9962052e+00
  1.2384239e-01
 -1.9611346e-02
 -3.2007758e-02
  2.3290525e-01
 -2.0387404e+00
  1.7260035e+00
 -1.4964739e+00
  1.4545531e+00
  1.9274681e+00
  1.4306630e+00
  2.1920419e+00
 -9.5764822e-01
  1.4002372e-01
 -5.9066594e-01
 -1.6275917e-01
 -1.9701930e+00
  1.6834316e+00
 -5.3747195e-01
 -1.3375485e+00
 -2.9209173e+00
  8.4747291e-01
 -1.5603409e+00
  1.9973136e+00
 -1.9261537e+00
  1.6663073e+00
 -9.6815383e-01
 -2.6275783e+00
  2.0332334e+00
  1.3505834e+00
  1.9093531e+00
  2.3391395e+00
 -3.1353362e+00
  1.9486855e+00
  1.8637066e+00
  1.4716146e+00
  1.7713865e+00
  2.1937574e-01
  2.9648406e-02
  2.0462992e+00
  2.0041511e+00
 -1.4755772e+00
  1.7841443e+00
  2.6229379e+00
 -1.0011619e+00
  9.9470413e-01
 -2.4784794e+00
  2.5372951e+00
 -1.4247977e+00
  1.3273553e+00
  5.4158747e-01
 -1.5121758e+00
 -6.4527035e-02
 -2.0991201e+00
  1.8155625e+00
 -6.3535511e-01
 -1.6596726e+00
  1.4765371e+00
 -1.7882247e+00
 -6.8380970e-01
  1.8386623e+00
  8.6932343e-01
 -7.1554989e-01
 -2.1970246e+00
  1.4091518e+00
  1.4187934e-01
  1.3739979e+00
  1.6816404e+00
 -1.9280843e+00
  2.0551765e-01
 -8.0648088e-01
 -5.9570754e-01
 -9.2073059e-01
 -1.8179774e+00
 -1.8336710e+00
 -2.9386930e+00
  1.8300166e+00
 -1.5127214e+00
  1.4798114e+00
 -9.0029460e-01
  1.6255572e-01
 -1.7550288e+00
  1.8214973e+00
 -2.9180088e+00
 -1.5271217e+00
 -2.6830385e+00
 -1.5585134e+00
  2.5179701e+00
  1.9158851e+00
  1.7820814e+00
 -5.6236702e-01
 -1.7525156e+00
  2.4707481e-01
  2.6982872e+00
 -1.0163826e+00
  1.9209125e+00
  1.7233114e+00
  1.1381670e+00
  9.8584288e-01
  1.1638588e+00
 -2.5606930e+00
  1.0252080e+00
  3.8415954e+00
 -4.0841475e-01
 -8.8262868e-01
  4.1026597e+00
 -4.7899227e+00
  1.3902916e-01
 -3.1687143e+00
 -1.4477043e-01
 -2.4865470e+00
 -1.5392764e+00
  1.8040090e+00
 -1.4515823e-01
 -3.3012947e-01
  3.4520030e+00
 -8.6661685e-01
 -4.9705510e+00
  2.6572546e-01
  2.2470767e+00
  4.0352831e+00
 -1.0475674e+00
  3.8908165e+00
 -4.3419976e+00
  3.6005290e+00
  1.6013360e+00
  2.4503617e+00
  9.7326601e-01
 -2.6110613e+00
 -4.6745644e+00
 -1.2231369e+00
 -4.1490273e+00
  2.2476437e+00
 -4.2479138e+00
 -1.7145380e-01
  5.8524489e-01
 -3.7662494e+00
  2.9702139e-01
  1.6543862e+00
  6.1836481e-01
 -4.9577866e+00
  2.9870632e+00
 -4.7712464e+00
 -1.5033825e-01
  3.6470227e+00
 -1.5465738e+00
  2.1336460e+00
 -5.7367330e+00
  3.2289078e+00
 -4.5633297e+00
  2.2794428e+00
  1.2951846e+00
  2.7341084e+00
  2.5669129e+00
 -6.6101532e+00
  1.1419082e+00
  2.3593221e+00
 -2.3952234e+00
  4.5597253e+00
  2.0173013e+00
 -5.7767448e+00
  9.8030186e-01
  4.3614688e+00
  4.9153352e+00
 -2.1937985e+00
 -3.8729683e-01
 -7.7075899e-01
 -2.4548736e+00
  1.1559010e+00
  5.8963794e-01
  3.9574137e-01
  7.8747618e-01
  4.1742817e-01
 -5.8215922e-01
  1.2887748e+00
  1.2806159e+00
 -5.1149035e-01
  3.9128275e+00
 -3.4385722e+00
 -1.3730465e-01
 -3.8865295e-01
  5.6160674e+00
 -3.0974050e+00
  7.9902525e+00
  5.9676003e-01
  2.5627439e+00
  2.3140173e+00
 -4.9879389e+00
  9.0741122e-01
 -8.3349866e-01
  1.6845946e+00
  5.2421969e-01
  4.0612221e+00
 -3.5003860e+00
 -1.3470687e-01
 -4.5537400e+00
 -4.8583908e+00
  1.2452172e+00
  7.5600970e-01
 -5.7202868e+00
  1.1099681e+00
  6.7523789e-01
 -3.6189346e+00
  3.0754821e+00
  2.8749771e+00
  1.9039101e+02
  4.0514636e+00
 -2.3027949e+00
  1.3433191e+00
 -1.6037548e-01
  7.3987526e-01
 -5.5935030e+00
  2.9350698e-01
  4.9848762e+00
 -2.8393412e+00
  7.8617424e-01
  2.9885800e+00
 -8.9108253e-01
  1.3440238e+00
 -2.7033857e-01
 -2.1948740e+00
 -1.7694965e-01
  4.7653627e+00
 -4.6516180e+00
 -1.8894155e-01
 -1.0752183e+00
 -1.5473125e+00
  3.3481655e+00
 -2.6923902e+00
  1.7076089e+00
 -2.8538275e+00
 -2.4301313e-01
 -5.4796690e-01
  4.0741634e+00
 -8.5312831e-01
 -2.9330933e+00
 -4.2772465e+00
  2.8160856e+00
 -1.6337682e+00
 -9.7066104e-01
 -9.6316618e-01
 -2.2472355e+00
 -8.0537343e-01
  1.6930709e+00
  3.8167787e+00
 -9.0388137e-01
  1.0349280e+00
 -1.1012299e+00
  5.7108264e+00
  7.1487969e-01
 -9.7696297e-02
 -2.0794351e+00
  3.9534485e-01
 -2.8137529e+00
  2.0216730e+00
 -1.2494265e+00
  2.0321987e+00
 -2.7131634e+00
 -3.7552340e+00
  1.7283258e+00
 -3.6285479e+00
  1.2394511e+00
 -1.3774229e+00
 -1.8926593e+00
 -4.6269984e+00
  3.8514075e-01
  2.2038357e+00
 -5.9829021e-01
  1.8267007e+00
 -3.1888037e+00
 -9.9773645e-01
 -2.2207818e+00
 -9.2569578e-01
 -8.6611301e-01
 -3.8472290e+00
  8.8078833e+00
 -9.7386751e+00
  2.2075884e-01
  2.2441971e+00
  1.0301685e-02
  1.3408382e-01
 -2.1901904e-01
 -7.4277334e+00
  1.5263133e+00
  8.1394982e-01
 -2.5352995e+00
  9.6486911e-02
  2.3398194e+00
 -2.5329626e+00
 -3.7616692e+00
 -5.2021317e+00
  7.6241260e+00
  1.9136384e+00
 -2.8779814e+00
 -1.5768745e+00
 -2.7201733e-01
  2.7865043e+00
 -3.3394990e+00
 -3.0621674e+00
  2.4422963e+00
 -2.5357950e-01
 -3.5480762e-01
 -1.8526777e+00
 -2.2862067e+00
 -5.9591579e+00
 -3.5128149e-01
 -1.8617368e+00
  1.3693352e+00
 -4.4491029e+00
  7.4398375e-01
 -7.0974737e-01
  1.0839288e+00
 -1.0979601e+00
 -1.5638448e+00
 -1.7139540e+00
  4.2592506e+00
  2.2339292e+00
  1.5821877e+00
 -1.1967289e+00
  2.0816545e+00
 -1.1875780e-01
  3.7734864e+00
 -4.2101642e-01
  1.6161929e+00
 -2.3451231e+00
  5.6041541e+00
  3.2084286e+00
  5.0274949e+00
 -2.2612889e+00
 -3.4569623e+00
  3.3430307e+00
 -4.6989232e-01
  3.5748250e+00
  2.3797045e+00
 -5.1451385e-01
  3.6109841e+00
  1.0778016e+00
  5.8713603e-01
  2.0076127e+00
  3.3181701e+00
 -1.2038760e+00
 -1.2610395e+00
  1.3533249e+00
  2.6624093e+00
  7.2359420e-02
  3.2282610e+00
 -2.5822690e+00
 -4.2073770e+00
  2.7310884e+00
  3.0747585e+00
 -3.2898841e+00
 -2.7518371e-01
  6.4529538e-01
  1.5128545e+00
 -2.5403433e+00
  3.0669150e+00
  6.8767152e+00
  2.3124404e+00
  6.1870706e-01
  2.8386230e+00
  1.5509570e+00
 -2.1267022e-01
  2.5178325e+00
 -2.5642488e+00
  1.9407644e+00
 -1.2055967e+00
 -3.8311526e-01
 -7.8570926e-01
 -9.8873061e-01
  4.8775753e-01
 -7.6376104e+00
  8.1776333e-01
  5.5086160e-01
 -3.1151707e+00
 -1.2028574e+00
 -1.6203885e+00
  9.1380996e-01
  3.6993783e-02
  7.8874409e-01
 -2.9546597e+00
  1.2028797e+00
  3.5432363e+00
 -5.6787717e-01
  1.1189553e+00
 -1.0451349e+00
 -3.1000471e-01
 -1.8260025e+00
  3.8694777e+00
 -3.7830091e-01
  7.6477866e+00
  1.2083104e+00
 -9.8954058e-01
 -3.6517127e+00
 -2.7198303e+00
  9.4424486e-01
  1.6289849e+00
 -1.5605046e+00
  1.2290193e+00
 -4.0593924e-04
  7.1042848e-01
 -2.7123554e+00
  1.5617467e+00
  1.8652964e-01
  2.9986876e-01
 -2.0737419e+00
  5.1095235e-01
  1.5328645e+00
 -5.9081548e-01
  7.3343897e-01
 -1.9713305e+00
 -8.0388105e-01
 -2.3147490e+00
 -5.0168502e-01
 -1.1171385e+00
  1.0077242e+00
  5.1889930e+00
  1.5025864e+00
 -6.2238288e-01
 -9.8139358e-01
  7.5133252e+00
 -6.9569850e-01
 -3.5609839e+00
  2.2078402e+00
  1.6693529e-01
  2.0371690e+00
 -2.1113913e+00
 -4.5808372e+00
 -1.8277065e+00
 -1.9685298e+00
 -7.6994605e-02
  1.8002859e+00
  4.8961306e+00
 -4.8966455e-01
 -3.6714087e+00
  1.3741765e+00
  2.5393858e+00
 -3.1117656e+00
  6.5902478e-01
 -6.3371313e-01
  2.6269224e-01
  1.1859984e+00
  4.1997969e-01
 -2.1335196e+00
  2.0183589e+00
 -2.0192817e-01
  1.9719207e+00
 -2.7421421e-01
  5.9863532e-01
  1.5197210e-01
 -2.9376161e+00
 -2.3543753e-01
  4.1560254e+00
 -5.7408953e-01
 -3.7229021e+00
  9.2571217e-01
  7.9508269e-01
  1.1550878e+00
 -1.5352132e+00
 -4.3695310e-01
  3.4930048e+00
 -1.8156989e+00
  6.6634673e-01
 -8.3352625e-01
 -6.5824151e-01
 -2.7386591e-01
 -6.3136017e-01
 -4.6972680e+00
  1.0596106e+00
  1.0861299e+00
  3.8558400e+00
 -3.3541546e+00
 -1.4623594e+00
  8.0268741e-01
 -3.5493755e+00
  1.7615943e+00
 -1.3292590e+00
  4.4592538e-01
  2.1092744e+00
  1.9156609e+00
  5.4279771e+00
 -4.2914033e+00
 -3.9294105e+00
 -7.2617903e+00
  1.4048473e+00
 -3.7253448e-01
 -4.8076787e+00
 -9.7830564e-01
  4.9497614e+00
  7.5021994e-01
  2.8407934e+00
  2.8854364e-01
  2.9553025e+00
  8.0484104e-01
  4.6687107e+00
 -3.6156561e+00
 -5.8099875e+00
 -4.1677227e+00
 -3.3276703e+00
 -5.4413333e+00
  2.1284339e-01
 -9.0378463e-02
  6.9184668e-02
 -1.5591336e+00
 -5.4007047e-01
  1.0256534e+00
  6.1885142e-01
  2.2295613e+00
 -2.8413670e+00
 -7.9216468e-01
  1.4550239e+00
 -4.8936691e+00
 -1.4575785e+00
  1.1256804e+00
  6.6429633e-01
 -9.9042010e-01
 -1.6646698e+00
 -1.8999990e+00
  1.3923924e+00
  2.8285913e+00
 -9.2253482e-01
 -8.1155300e-01
 -5.1682538e-01
  2.6363412e-01
 -4.3012128e+00
  6.0747367e-01
  2.3171513e+00
  3.0450003e+00
  1.7683239e+00
  1.2005433e+00
  1.5199888e+00
  9.9233526e-01
  4.5298666e-01
  4.2701812e+00
 -1.3438675e+00
 -2.8054123e-03
 -2.5497372e+00
  9.0557563e-01
  3.4922965e+00
 -4.4066644e+00
  1.2718866e-02
  8.8285565e-01
  4.8055914e-01
  6.1761969e-01
  6.3533344e+00
  4.0774074e-01
  2.0542436e+00
  6.7037683e+00
  2.0875782e-01
  4.2324371e+00
 -3.7987328e-01
 -6.1629672e+00
 -3.7825134e+00
 -1.3696608e-01
  2.7458543e-01
 -5.4937649e-01
  1.6745481e+00
 -2.8443749e+00
 -1.8847364e-01
 -1.8802462e+00
  5.1923263e-01
  7.9572576e-01
  3.7065896e-01
  1.2835186e+00
 -3.4464529e+00
 -3.7054338e-02
 -6.4005202e-01
 -1.3387390e+00
 -5.9911948e-01
  1.4511876e+00
  1.2720837e-01
 -5.3019053e-01
  8.4995294e-01
 -7.3217750e-01
  1.9131820e+00
  4.1272869e+00
 -3.7229614e+00
 -2.0953749e-01
  1.4578681e-01
 -3.3526924e-01
 -2.3262019e+00
  1.7963151e+00
  2.9655821e+00
 -1.0071161e-01
 -1.7329915e-01
 -3.5423095e+00
  3.1805062e+00
  3.4504387e+00
 -6.0484066e+00
 -2.0681875e+00
  1.6682293e-02
 -4.8808270e+00
 -1.2529906e+00
 -1.5447026e+00
  1.2284909e+00
 -3.2236812e+00
  9.3078381e-01
  2.2674043e-01
 -1.2052961e-01
  1.2093574e+00
  3.2945397e-01
 -4.0223825e-01
  1.4024935e+00
  2.7204201e+00
  6.7555273e-01
  2.9764304e+00
  4.0464644e+00
  7.2883224e-01
 -2.0408432e+00
  1.1211065e+00
  1.6120661e+00
  5.2380872e+00
  2.3575063e+00
  4.3558083e+00
 -2.0173779e+00
 -6.1854792e-01
 -1.2167376e-01
  9.6442826e-02
 -4.1527510e+00
  9.1963440e-01
 -5.3272548e+00
  5.3690809e-01
 -2.1263120e+00
 -2.4582543e+00
 -8.1153500e-01
 -4.4058776e-01
 -2.8662074e+00
  1.3861971e+00
 -9.6389713e+00
  8.4180959e-02
  3.8655522e+00
 -3.6901481e+00
  1.1913600e+01
 -1.1816761e+00
 -1.5529584e+00
  4.9611846e-01
 -1.3916248e+00
 -3.0579290e+00
  2.4719534e+00
  9.1241401e-01
 -5.9629278e+00
  2.4625738e-01
 -1.4126576e+00
  7.6339358e-01
  8.6931092e-01
 -1.6763356e+00
 -1.6397620e+00
  2.9717016e+00
 -1.0048635e+00
  1.2964612e+00
  1.2573630e+00
  3.6126111e+00
  1.1511319e+00
 -2.6474652e+00
 -9.4273180e-01
  2.2499149e+00
 -2.1275641e-01
 -1.9865242e+00
  3.8208256e+00
 -9.3059689e-01
 -4.3343039e+00
  2.8290820e+00
  4.0749307e+00
  3.6363980e-01
 -1.2096531e+00
 -1.6841612e+00
  4.7664495e+00
  8.4518504e-01
 -1.7499280e+00
 -1.4716043e+00
  4.3467236e+00
  4.3962866e-01
 -6.6043222e-01
 -1.5973182e+00
  1.6586359e+00
 -1.6867940e-01
  7.4429858e-01
  5.0552398e-01
  8.4043723e-01
 -3.8677332e-01
 -4.2663016e+00
  1.1611556e+00
  4.1143141e+00
 -2.4526017e+00
  3.0630534e+00
  2.4159826e-01
  6.8936509e-01
 -9.6413028e-01
 -9.4971842e-01
  7.0972055e-01
 -1.6510452e+00
  4.4505015e-01
  4.2649493e-01
  6.5199071e-01
 -1.5485812e+00
 -2.3126633e+00
 -7.9079992e-01
 -5.4510272e-01
 -6.5014946e-01
 -2.2579708e+00
 -1.1626670e+00
  4.7301748e-01
 -3.1589386e+00
  1.2276839e+00
 -1.0482960e+00
 -5.0748396e-01
 -3.0485243e-01
  1.5841581e+00
  2.3041505e-01
  7.2270143e-01
  9.9480584e-02
  1.6730043e+00
 -1.2334051e+00
 -2.4839906e-01
 -2.2820902e+00
  1.9355814e+00
 -1.3896161e+00
  6.1755604e-01
 -2.8749213e+00
  1.7350912e+00
  9.5668060e-01
  5.7902873e-02
 -2.7989874e+00
 -8.7174338e-01
 -5.6632853e-01
  4.2155045e-01
 -2.0551997e-01
  3.6306863e+00
  3.2090998e-01
 -3.2672236e+00
  2.7069814e+00
  4.5747355e-02
 -1.4832510e+00
  1.4688691e+00
  1.8075696e+00
 -1.1925201e+00
 -3.9891586e+00
 -6.2375909e-01
 -5.9523970e-01
 -2.0563734e+00
  2.0179987e+00
  6.5231329e-01
 -1.4159133e+00
 -5.7973275e+00
 -8.5221791e-01
 -7.7437770e-01
 -1.5153878e+00
 -4.7088094e+00
 -5.8395016e-01
  8.8469690e-01
 -5.1186031e-01
  1.0543368e+00
  3.0338719e-01
  2.2317089e-01
 -6.9938734e-02
  3.5025694e+00
  1.7455045e+00
  1.6815683e+00
  2.4206273e-01
  1.8892243e+00
 -4.3232712e-01
 -2.5914083e+00
  4.7083890e-01
 -9.8497099e-01
 -2.1662045e-01
 -2.1272343e-01
 -5.9009606e-01
 -1.5815902e+00
 -1.9450667e+00
 -2.9603982e+00
 -1.5628859e+00
  7.1532316e+00
 -2.3342927e+00
 -1.3007942e-01
  2.7824826e+00
 -3.7645206e-01
 -1.2079713e-01
  1.3559684e+00
 -3.5345542e+00
 -2.2875814e+00
 -6.0082334e-01
  8.0692285e-01
 -5.6108518e+00
  1.9616288e+00
  9.3441480e-01
 -6.3777751e-01
 -4.7801590e-01
 -8.1692137e-02
  6.6719431e-01
 -3.2302327e+00
 -2.1188507e-02
 -1.5364854e+00
  6.9713479e-01
 -1.2360835e+00
  2.1969578e+00
 -1.5394413e+00
 -1.9125291e+00
 -1.4807670e-01
  5.2190386e-03
 -9.3544573e-01
 -2.1514025e+00
  6.7664337e-01
 -4.1661781e-01
 -9.4381101e-02
 -1.0479839e+00
  9.7746199e-01
 -1.1944339e-01
  1.9402702e+00
  7.7393705e-01
  1.0512310e+00
 -6.3509587e-03
  6.5262346e+00
 -6.3021231e-01
  2.8368533e+00
 -9.7048044e-01
 -3.1195254e+00
  2.7500090e-01
 -2.9364052e+00
  2.6939337e+00
 -3.8775337e-01
 -3.4578022e-01
 -2.0101197e+00
  2.3689315e+00
 -1.0800149e+00
 -7.3840335e-02
  3.1740923e+00
 -3.8540576e+00
  6.4348197e-01
 -9.5843226e-01
  5.9606767e-01
  1.8633170e-01
  2.6280320e+00
 -2.8494575e+00
 -2.0342068e-01
  5.0609126e+00
  3.2258046e-01
 -1.9418627e+00
 -8.9667398e-01
  9.9644226e-01
 -1.7494349e+00
  1.0084004e+00
  1.2221309e+00
 -3.7293620e+00
 -6.8119478e-01
  1.1498327e+00
  1.2343158e+00
 -2.9339640e+00
  6.9642437e-01
  1.7819463e+00
  7.1722943e-01
 -7.5908762e-01
  1.4146935e+00
  1.4962184e+00
  1.1616889e+00
  1.5935054e+00
  5.5844145e+00
  2.2930832e+00
 -5.9909921e-02
 -1.9711365e+00
 -4.6670356e+00
 -4.0508556e+00
  1.7583817e+00
 -2.2278933e-01
 -2.2575212e+00
  2.6590508e-01
 -1.0194620e+00
  1.1704888e+00
  3.9572496e+00
  2.0923555e+00
 -9.3849266e-01
 -1.8839853e+00
  2.8211010e+00
 -4.7412795e-01
 -1.1854860e+00
 -2.9934535e+00
  2.8129536e-01
 -1.6681257e+00
  6.7955691e-01
  3.4306088e-01
 -7.3450226e-01
  8.2189298e-01
  2.6103899e-01
 -1.1777322e+00
 -5.2700216e-01
  2.8884895e+00
 -1.4235101e+00
 -3.9382732e+00
  2.3524029e-02
  1.6969482e+00
 -2.4061162e+00
 -2.4946518e+00
 -6.7164198e-02
  9.5425010e-02
  4.9898648e-01
 -2.6881099e-01
 -4.0701967e-01
 -2.3934569e+00
  1.4565814e+00
  2.5238614e+00
  3.5656714e-01
  3.3422132e+00
 -3.9021018e+00
  4.6394715e+00
  1.4856699e+00
  6.2113100e-01
 -9.0144873e-02
 -2.4055526e+00
 -2.9618645e+00
 -3.3381051e-01
 -1.3028151e+00
  2.1750607e+00
  1.4338881e+00
  1.6240619e+00
 -1.8101998e-01
  5.5799589e+00
 -3.7526825e-01
 -1.7011052e-01
 -1.8003750e+00
  1.8967569e-01
 -4.6968703e+00
 -1.2396009e+00
 -1.1228520e+00
 -1.6938515e+00
  3.8130665e-01
 -3.4853528e+00
 -6.2166703e-01
 -3.8753614e+00
  1.7857766e+00
 -3.3805177e-01
  2.9154813e+00
 -6.6511565e-01
  1.6540257e+00
  2.9264607e+00
  6.7453784e-01
 -3.1714993e+00
 -3.2351243e-01
  4.2231998e+00
  5.5441910e-01
  2.5245872e-01
 -8.4632748e-01
  2.7674079e-01
 -6.5390581e-01
  9.9021864e-01
  3.6353841e+00
 -3.0201926e+00
 -4.0562168e-01
 -2.8176790e-01
 -5.6966227e-01
 -3.0802301e-01
 -4.0829018e-01
 -1.6493597e+00
  4.7099704e-01
  1.8286259e+00
 -2.0608311e+00
  3.0205295e+00
 -8.8998598e-01
 -2.8240714e+00
  1.6550332e+00
 -3.2405632e-03
 -1.2219273e+00
 -1.4765949e+00
 -1.0915570e+00
  1.9653178e+00
 -2.9660203e+00
 -3.3126776e+00
 -3.7163195e-01
  4.0325615e-01
 -1.5295821e+00
  1.0599502e+00
 -1.4397824e+00
 -3.2099278e+00
 -1.1186105e+00
 -1.7789822e+00
  1.2712618e+00
 -1.4854496e+00
 -2.9386690e-01
 -2.6807189e-01
  1.4621421e+00
  3.2749891e+00
  2.5392720e-01
 -1.4965364e+00
  1.8027952e+00
  8.6344391e-01
  1.8338743e-03
  1.8338743e-03
  1.8338743e-03
  1.8338743e-03
  1.8338743e-03
  1.8338743e-03
  1.8338743e-03
  1.8338743e-03
  1.8338743e-03
  3.5708311e-03
  3.5708311e-03
  3.5708311e-03
  3.5708311e-03
  3.5708311e-03
  3.5708311e-03
  3.5708311e-03
  6.2058666e-03
  6.2058666e-03
  6.2058666e-03
  6.2058666e-03
  6.2058666e-03
  6.2058666e-03
  6.2058666e-03
  5.5716210e-03
  5.5716210e-03
  5.5716210e-03
  5.5716210e-03
  5.5716210e-03
  5.5716210e-03
  5.5716210e-03
  3.7785852e-03
  3.7785852e-03
  3.7785852e-03
  3.7785852e-03
  3.7785852e-03
  3.7785852e-03
  3.7785852e-03
  1.2551631e-03
  1.2551631e-03
  1.2551631e-03
  1.2551631e-03
  1.2551631e-03
  1.2551631e-03
  1.2551631e-03
  2.7323222e-05
  2.7323222e-05
  2.7323222e-05
  2.7323222e-05
  2.7323222e-05
  2.7323222e-05
  2.7323222e-05
