nep4_zbl 2 O Ga 
zbl 1 2
cutoff 6 4 418 127
n_max 8 6
basis_size 12 10
l_max 4 2 1
ANN 100 0
 -4.8599583e-01
 -6.4028031e-01
  9.4960779e-01
 -7.9656929e-01
  5.5143075e+00
 -1.7527269e+00
  3.3613408e+00
  5.7684975e+00
  3.4138882e+00
 -4.3218222e+00
 -1.3601406e+00
 -4.1347966e+00
  1.0132610e+01
 -5.1477188e-01
 -1.7517384e+00
  1.9558252e-01
 -2.6965649e+00
  9.4162345e-02
  1.4136375e+00
  1.5263729e+00
  8.7404227e-01
 -2.3577769e+00
  4.2096057e+00
 -2.7376423e+00
  4.8605084e+00
 -6.7578626e-01
  1.9131627e+00
 -6.2111154e+00
 -5.5422964e+00
  2.1142073e+00
 -1.8339837e+00
  1.4434114e+00
 -1.4305843e-01
 -1.8224543e-01
 -4.4493384e+00
 -3.0598145e+00
  2.0760073e-01
  1.0719390e+00
 -4.7805347e-02
  3.6730978e-03
 -9.3199062e-01
 -5.8346377e-03
  9.7310334e-02
 -3.0152157e-01
 -1.0946653e+00
  1.7115551e-04
 -2.0310384e-01
  4.1138427e-03
 -3.6737386e-02
 -3.1870953e-03
  3.7821803e+00
  4.3823663e-03
  5.4406426e-03
  2.6197989e-02
 -2.0062068e-01
  9.7202629e-01
  1.4189100e-01
 -2.2743803e-02
  4.1184634e-02
 -9.7488128e-03
  8.5692536e-03
  1.9422263e-01
  1.0495132e+00
  1.9888589e-04
 -2.3560198e-01
  5.0753951e-02
  1.4338680e-02
 -2.7811265e-02
  2.9931294e-02
 -4.9965791e-02
 -6.9119550e-02
 -3.6660705e-02
  1.4708535e-01
  1.0877577e-02
  2.6169207e-02
 -4.2175982e-02
 -4.1010477e-02
 -6.4757541e-02
  2.4551831e-01
  1.1862199e-02
  2.9011115e-01
  5.2253902e-04
  1.7071104e-01
  3.9159465e-03
  1.5329064e-01
  7.6168843e-02
  1.3654082e-02
 -5.4027222e-02
 -3.4757622e-02
  4.6033744e-02
  2.1226231e-03
 -9.4622262e-02
  3.5631666e-03
 -1.5903014e-03
  8.8059485e-02
  6.3279971e-02
 -5.1541538e-03
 -1.0705008e-02
 -8.6478867e-02
 -5.6594148e-02
 -2.2289779e-02
  1.5509459e+00
 -3.0212492e-02
 -1.7416036e-01
 -2.6698285e-01
  1.0985659e+00
 -4.3607816e-02
 -1.8161209e-02
 -2.4997087e+00
 -9.9959495e-03
  3.3751514e+00
 -1.0564820e-01
 -8.0527097e-02
  3.6534615e-02
 -4.8318151e-02
 -2.8476942e-02
  8.3465669e-03
  7.4346058e-02
  4.3610880e-01
  1.2883154e-01
  1.2442226e+00
  2.0450494e+00
  1.1152061e+00
 -3.4795182e+00
 -2.1125033e-02
 -5.3791758e-02
 -9.2188297e-03
 -3.6127114e-01
 -4.8094377e-01
 -1.0253288e+00
 -3.4941784e-01
 -5.7339919e-01
 -1.1332667e+00
 -2.4030602e+00
  2.7796354e+00
 -1.1281646e+00
  3.8978779e+00
 -1.9985552e+00
  2.0264762e-02
  2.8777593e-01
 -3.5941619e-02
 -7.7551452e-04
 -1.2347497e+00
 -3.0604458e+00
  4.1149274e-02
  3.5943553e-02
 -1.1927375e-01
  1.1982394e-01
  4.0783492e-01
 -9.4473794e-02
  4.1799270e-02
 -4.0397938e-02
  1.8157231e-02
  4.0544906e+00
  2.2376065e+00
 -2.2680693e+00
 -2.3979957e-01
  3.0242243e+00
  4.1042743e+00
  2.8469234e+00
 -1.6247692e+00
  4.5681424e+00
  5.1554213e+00
 -1.0263211e+00
 -4.7465253e-01
  2.4248490e+00
  4.3077383e+00
  6.6209716e-01
 -6.1020106e-01
  4.2425795e-03
 -4.3874633e-01
 -1.6948074e+00
  3.6296874e-01
  1.3751572e+00
  3.3546093e+00
 -7.7346313e-01
  7.9899859e-01
  2.5140977e-01
  1.3666809e+00
 -1.3953005e+00
  5.1646459e-01
  6.2526876e-01
  2.3735614e-02
 -7.3070687e-01
  2.5710574e-01
 -4.5813432e+00
  1.1715493e+00
 -3.5961917e-01
  1.4969000e+00
  1.0433517e-02
  1.2720295e+00
  1.5353597e+00
  1.4693285e+00
  7.8234553e-01
 -8.1161547e-01
  1.1829808e+00
  1.8873888e+00
 -1.4562935e+00
  2.0640878e-02
  5.6027640e-03
 -2.5953548e+00
 -3.6556649e+00
  3.6633840e+00
 -1.3351710e-01
  3.2236607e+00
 -4.6690536e+00
  1.1197093e+00
  1.8242121e+00
  4.6904202e+00
  2.5891435e+00
  7.7784630e-03
 -2.3558447e+00
 -1.3954068e+00
  3.4672840e+00
  1.1745856e+00
  5.0525188e-02
 -3.0776191e+00
  3.4976743e-02
  2.4068529e-02
  7.1559958e-02
  3.6099542e-02
 -9.1837704e-01
  8.7305862e-01
  2.9524904e-01
 -2.1003873e+00
  1.5127946e+00
  2.7893457e+00
  1.2463317e+00
 -3.0045722e+00
  1.0707351e+00
  1.1177231e+00
  6.7142777e-02
  1.3380656e+00
  6.2001805e+00
  9.4453174e-01
  7.6514140e-02
 -1.6751440e+00
 -4.8162761e-01
 -1.5315706e+00
  5.2666512e+00
  2.1381686e+00
  1.2169707e-02
  4.8271678e-02
 -1.5383238e-01
  7.1465500e-02
  6.0133308e-02
 -7.7291809e-02
 -4.3166524e-01
 -5.3832895e-04
  2.7664137e-01
 -6.1856322e-03
  2.8975215e-02
  6.0249418e-02
 -6.6021204e-02
 -4.5929328e-02
  3.5069212e-02
 -7.7221096e-02
  9.8135523e-02
 -3.7517034e-02
 -2.6665258e-01
  8.3774455e-02
 -1.9857474e-02
 -8.6233445e-02
  9.2251085e-02
  1.4074734e-01
  2.0043630e-02
 -4.7124673e-02
 -1.7074155e-02
 -4.9855739e-02
  7.5532608e-02
  2.5416054e-03
 -1.4505919e-02
  7.8019562e-05
 -4.8774816e-02
 -3.2993872e-02
  2.2440758e-02
  7.5410940e-02
 -4.3419776e-03
 -1.3247766e-01
  1.7001361e-01
 -2.3981517e-03
  1.0961965e-02
  6.0822349e-03
 -1.3125328e-02
 -1.2563400e-01
  5.4226480e-02
 -4.4002247e+00
 -5.2844372e-04
  1.3909238e-02
 -8.5963935e-02
 -9.6161097e-02
 -1.3902759e-02
  6.6947396e-04
  7.8889303e-02
 -3.8468044e-02
  3.9630707e-02
  1.2539490e-01
 -1.1428937e-02
  1.5955539e-01
  3.9293125e-02
  6.5093018e-02
 -1.9353282e-02
 -6.1152939e-02
  4.3397494e-02
 -2.9274145e-02
  2.7902655e-02
  1.2412632e+00
 -7.6626199e-01
  1.8995132e-01
  5.4335260e-01
  3.2342610e-01
  4.4364944e+00
  2.4600166e-01
 -1.2115743e-01
 -2.6391418e+00
  5.1985431e-02
  9.8865032e-02
  1.0766764e-02
  6.1577242e-02
 -2.8448284e-02
 -1.1791206e-02
  8.5463785e-02
 -1.1787685e+00
 -6.0246509e-02
  7.6402754e-02
 -3.6216915e-02
 -3.4731534e-01
  2.1925724e+00
 -2.2081285e+00
 -2.1772045e-01
  1.4931233e-01
 -4.1648136e-03
 -3.7691441e+00
 -1.7112685e-02
 -7.3427695e-01
 -1.2377622e+00
  2.0705138e-01
  3.2775741e-02
  5.1942207e-03
 -1.7120230e-03
 -1.3392240e+00
 -1.4686330e-01
  5.0018497e-02
  2.8130377e-02
  1.2938405e+00
  5.9984013e-02
 -1.4327640e-02
  6.5620452e-02
  4.1242946e-02
 -8.7719329e-02
  7.2018653e-02
  7.3670764e-03
 -7.0079111e-02
 -4.9591932e-02
 -7.6767504e-02
 -1.1714898e+00
  2.8471636e-02
  7.8318447e-02
 -2.4242900e-02
  1.3877937e-01
  1.2946096e-01
  4.7801636e-02
  1.8397047e-03
  3.3121563e-02
  1.6041987e-01
  7.1149391e-01
 -1.5660526e-01
 -2.3124339e-02
  5.7273386e-03
 -1.1761297e-01
 -2.2328200e-02
  3.4669390e-01
  1.0032205e-01
 -5.4005537e-02
 -2.2472670e-02
  1.7435107e-02
 -5.4385517e-02
 -1.3431957e-02
  2.8647183e-02
  6.7354403e-03
  1.6792738e-01
 -6.7623265e-02
 -1.9307051e+00
 -5.8631826e-02
 -1.1019719e-01
  3.1337634e-02
 -1.5430285e-01
 -3.1949431e-01
 -1.0292672e-01
  1.7473951e-03
 -5.6308180e-01
  2.6860523e-01
 -7.4183762e-02
 -6.6767582e-03
 -1.2352376e+00
  1.3152932e-01
  2.2857213e-02
  5.1317755e-02
 -1.7712815e-02
  5.5612676e-02
  9.3865913e-01
 -1.1625952e-01
  2.0111913e-02
 -5.3643264e-02
 -8.5347630e-02
  9.6233673e-03
  3.9865799e-02
 -4.6225686e-02
 -9.0731192e+00
  2.4333758e-02
  4.3561010e+00
 -2.4572460e-02
 -1.9725404e+00
 -2.1105504e+00
  4.7362685e+00
 -3.7658396e-01
 -3.8329930e+00
 -8.8273297e-04
 -1.2326154e+00
 -1.9647259e+00
 -8.3662981e-01
  3.9533627e+00
  9.3955761e-01
 -1.5988146e+00
  7.5287060e-03
  8.0873561e-01
 -1.9244744e+00
  3.1994569e+00
 -1.0521854e-01
 -8.6154127e-01
  1.3718912e-02
 -4.9452130e-02
 -2.1213357e+00
  1.6788529e+00
 -2.4467811e-02
 -6.9520712e+00
  6.4831531e-01
  1.1668629e-01
 -1.7683132e-02
 -8.7715894e-01
  1.1445241e+00
 -2.0389154e+00
 -8.9448786e-01
 -2.0309484e-01
  2.1732376e+00
  1.4819880e+00
  3.5602856e-01
 -9.2445529e-04
  2.4478505e+00
  2.5419688e+00
 -1.7852168e+00
  2.1385789e-01
  6.7267132e-01
  6.3533910e-02
 -3.6804825e-02
 -1.0042421e-02
  6.7553714e-02
 -6.9563664e-03
  3.0471839e-02
  3.3495024e-02
  2.7461736e+00
 -1.7019603e-02
  1.0052338e-02
 -1.8751903e-03
 -3.0665532e-02
  3.2090228e-02
 -3.0829934e-02
  5.0875610e-01
  2.7026506e-03
 -3.2373894e-02
  1.3087375e-01
 -6.9979777e+00
  1.5240872e-02
 -1.9664497e-03
  7.3879757e-03
 -1.2599459e-01
 -4.8890701e-01
  1.7966424e+00
  3.0129053e-02
  6.8054765e-02
  2.3780655e-02
 -6.6500492e-02
 -2.7166212e+00
 -7.1093142e-02
  4.1395627e-02
 -1.1877983e-01
 -2.1136917e-02
 -9.8549739e-02
 -2.7933842e-01
  1.3397956e-02
  1.0799317e-02
 -1.6061810e-03
 -2.1758878e-01
 -8.2631335e-02
  3.8597840e-03
 -1.3366898e-03
 -1.1061925e-02
 -2.9798487e-02
 -1.7049982e-01
 -9.7928392e-03
  4.7480756e-01
  8.3784377e-03
 -8.6011449e-03
 -3.6055478e-01
  2.9877501e-02
  9.7418010e-02
 -4.4956639e-02
  1.5004252e-01
  1.4903239e-02
 -4.1766405e-02
  8.0765327e-03
  2.6227305e-02
  1.4886546e+00
 -5.8294165e-01
  1.1966152e-02
  3.2552294e-04
 -2.4035817e-02
  1.2222277e-01
 -4.0434265e-01
  1.1051848e-01
  1.5146767e-01
  3.3449411e-02
 -5.7081580e-02
  3.5887178e-02
 -8.0706105e-03
  7.0027173e-02
  2.0945172e-01
  5.2049726e-02
 -2.6630945e+00
  3.2750165e-01
 -1.0953834e+00
 -8.0806054e-02
  1.3491698e-01
  1.0146233e-01
  1.4286918e-02
 -1.1217957e-01
  2.1428909e-04
  1.2802492e-03
 -3.2100949e-02
  1.0372415e-01
  2.1606468e-01
  4.5580328e-02
  4.2072386e-02
 -8.9114040e-01
 -1.6220968e-02
 -6.4614877e-02
 -4.6817698e-02
  3.0974276e-02
  2.1745904e-01
 -1.1647153e-01
 -1.1732556e-01
  1.1432903e-01
 -3.5821512e-02
  3.0918965e-02
  1.3043043e-01
 -2.4209978e-02
  5.6677829e-02
 -1.6184740e+00
 -2.6668878e-02
  1.1249310e-01
  9.5390351e-03
 -1.3062429e+00
 -2.1375036e-02
 -5.1232878e-02
  2.0259972e-01
 -7.1057335e-02
 -2.2643827e-01
 -1.1926997e-02
 -9.5146745e-03
 -4.2595234e-02
 -1.2977954e-02
 -2.7194828e-02
  8.6872862e-04
 -2.7008655e-02
  4.5971683e-01
  1.5455200e-02
  2.5360186e+00
 -1.0386692e-01
  6.5822139e-02
 -1.3756949e-01
  4.4721972e-02
 -3.6699145e+00
  9.4141606e-03
 -2.9611083e-02
  2.7713247e-03
 -1.1194614e-02
 -3.3292842e-01
 -2.8103499e-03
 -2.2454299e-02
 -2.2159971e-02
 -6.4537123e-02
 -7.4084844e-03
 -5.2878320e-02
  3.6585838e-02
 -2.1496977e-01
 -3.3099681e-02
 -4.7645038e-03
 -5.2365460e-02
 -9.1890103e-01
 -1.6467068e-02
  5.6506507e-02
  1.8948906e-03
 -5.6325510e-02
 -1.4027799e-02
 -2.2153123e-01
 -5.3788174e-02
  2.9253295e-02
 -4.9831741e-02
 -1.4377239e-01
 -1.7074440e-02
  1.3292009e-01
  1.4400108e-02
 -4.9919147e+00
 -2.2382393e+00
 -5.3491993e+00
  9.0194309e-01
  2.2417233e+00
  3.0016832e+00
 -5.7903037e+00
  2.0398488e+00
 -1.7845583e+00
 -1.3584464e+00
  1.4553841e+00
  1.3645384e+01
  5.9715896e+00
  5.4511714e-01
  1.4946220e+00
 -2.6642067e+00
 -1.9697968e+00
  4.2194414e+00
  1.2871016e+00
  3.2661049e+00
  7.6759785e-01
  4.7234440e+00
 -6.0560322e-01
 -1.1218042e+00
  8.0343550e-01
 -1.9801319e+00
  4.2134247e+00
  2.9342332e+00
  7.6092768e-01
  2.5159180e-01
 -3.7196233e+00
  1.6579384e+00
 -1.7128794e+00
  2.7886331e-01
  2.8422196e+00
  1.3109350e+00
  2.7494316e+00
 -9.3253076e-01
 -3.4160674e-02
 -1.1775922e+00
  2.4985698e-01
 -2.3955982e+00
 -1.1419562e+00
 -1.4436479e-01
 -2.8376973e+00
 -1.8216264e-01
 -1.5802918e-02
 -4.7170192e-02
 -2.4272645e+00
 -3.6187831e-02
 -2.0707932e-01
  3.5648204e-02
 -6.3663885e-02
  5.2648336e-01
 -5.4957297e-02
  3.7059598e-02
  3.9902443e-01
 -3.7471786e-01
 -2.4405262e-02
  6.9640499e-01
 -6.4005327e-01
 -6.3776195e-01
  2.1353382e-01
  7.4506634e-01
  2.1596971e+00
  6.8237001e-01
 -8.9923613e-02
  3.8336068e-02
 -1.4698628e-01
  1.5025293e+00
  1.7573254e+00
  7.1229923e-01
 -1.9922312e+00
 -5.6696236e-01
  2.1700239e+00
 -1.8465850e-01
  5.6901300e-01
 -1.3357759e+00
 -1.3044073e-01
 -6.4268783e-02
 -1.6416368e-01
  1.1295046e+00
  9.2944287e-02
  5.6137308e-02
  5.6526827e-04
  1.2059795e-01
  2.5982445e-02
  6.9511347e-02
  7.1841335e-01
  1.9310816e-01
 -3.7485242e-02
  3.9059472e-01
 -1.9712006e+00
  6.1819392e-01
  5.8341551e-01
 -8.0541730e-01
 -8.9794081e-03
 -1.2506678e+00
 -2.4106648e+00
  9.0361059e-01
 -5.6379098e-02
 -2.1069946e-02
  1.6380695e+00
 -2.3935566e+00
 -1.5264478e-01
  1.2256337e+00
 -8.5394305e-01
 -3.4662724e-01
  4.9131030e-01
  9.3026936e-01
 -1.4761288e+00
  1.3237490e-01
  5.9501433e-01
 -1.0773941e-01
  5.9676468e-02
  1.0573059e-01
  2.7308403e-02
  9.1772050e-02
  1.8645920e+00
 -5.8447188e-03
 -6.4893878e-01
 -1.5817218e-02
 -1.6438639e-02
 -2.2958446e-01
  5.1376026e-02
  8.0460066e-01
 -1.1884961e-01
 -3.1169197e-01
 -1.6051338e+00
  3.9841577e-01
 -7.7218449e-01
 -2.3808651e-01
  1.0330372e+00
 -2.9030672e-01
  9.5496827e-01
  2.8127382e+00
  3.6685293e+00
 -1.9485767e-01
 -4.2388854e+00
  8.3621060e-03
  2.2774453e-03
  4.2585436e-02
  1.0195960e-02
 -4.8099119e-02
 -2.0963702e-02
  3.3202048e-03
 -1.8338075e-02
 -4.0805575e-02
 -1.0902380e-02
  1.1629449e-01
  1.4075425e-03
  2.5063407e-02
  5.2906554e-02
  8.4622461e-01
  1.9601732e-03
  5.8758494e-02
 -1.5656875e-01
  2.3848692e-02
  5.0243665e-02
  1.6736478e-02
  1.9011071e-02
 -3.6337730e-02
  2.4142970e-01
 -2.0676125e-03
  2.2689966e-02
 -1.9142348e-02
  6.3239247e-02
 -8.3316505e-02
  8.9339517e-02
  6.6741831e-03
  2.1707848e-02
  5.0131691e-01
  6.8263069e-02
 -8.0753222e-02
  2.1005923e-02
 -7.5831294e-02
 -6.4277635e-03
 -1.3650186e-01
  1.2445495e-01
  3.7369877e-02
  3.5826653e-02
  3.1248447e-02
  9.1100663e-02
  2.1892928e-02
 -1.7897852e-02
 -3.3713572e-02
  4.8106793e-02
  1.2757367e-02
  3.0307204e-02
 -1.0588658e-02
  2.1363571e-02
 -2.0606005e-01
 -9.0597281e-03
 -1.0898782e-01
  1.1691070e-02
 -1.4879090e-02
  3.0828379e-02
 -8.5980095e-02
  1.2453930e-02
 -4.9183708e-02
 -5.2574359e-02
  8.6250775e-02
 -2.1042649e-02
 -6.3032937e-01
  2.0452921e-01
  2.5384319e-01
 -5.7937163e-01
 -1.9216820e+00
 -1.6867788e+00
  2.3427719e-01
 -3.6578283e-02
 -8.5687047e-01
  7.6917636e-01
 -1.0219976e-01
  6.3200130e+00
 -7.0006627e-01
 -5.9967833e+00
 -4.1045012e+00
  4.6298771e+00
 -4.5328732e+00
 -4.1713750e-01
 -7.6811790e-01
  8.6575329e-01
 -6.3608570e+00
 -1.0852358e+00
  4.1845508e+00
 -7.6555896e-01
 -7.5632000e-01
  3.2641882e-01
 -2.9746749e+00
  2.2591989e+00
 -1.7477796e+00
 -4.9431649e-01
 -1.2671660e+00
 -8.6773342e-01
 -1.1900631e+00
  1.7195166e+00
 -1.9578756e+00
 -8.1463641e-01
  1.5217469e+00
  4.3715920e+00
  4.7057587e-01
  1.2685772e+00
  2.6932139e+00
  5.0891256e-01
  2.8911928e-02
 -6.2297177e-02
 -8.0313897e-03
  9.8944068e-01
  3.1798758e-02
 -1.6382369e-03
  1.4507778e-01
  5.2224855e+00
  3.7767287e-02
  1.3401662e-01
 -1.1027970e-01
  7.2128797e-01
  5.9306449e-01
 -1.2445048e+00
 -2.6556711e+00
 -2.7621377e-01
  4.6582576e-02
 -1.7024666e+00
 -8.4380239e-01
 -1.5896542e+00
 -1.7013034e+00
 -3.7853363e+00
  6.8875939e-01
 -1.0623242e+00
  7.2414975e+00
  2.7218313e+00
  6.4406729e-01
 -3.3615208e+00
 -7.9897785e-01
  1.3518741e+00
 -8.2925397e-01
  1.2638520e-01
  1.4355427e+00
 -4.1668987e-01
 -2.0736132e+00
 -1.8782257e+00
  2.5273032e+00
 -1.4002792e+00
 -4.0538642e-01
 -3.3486557e-01
 -3.3321494e-01
 -1.2067768e-01
 -1.6411365e+00
  1.7974659e+00
  1.1200107e+00
  1.6736157e-01
  7.0476955e-01
 -7.9191424e-02
 -1.2447209e+00
  4.0790696e+00
  7.1064241e-02
  2.1338382e-01
 -6.3299316e-01
  7.7610713e-01
 -3.4115405e+00
 -1.9234871e-02
 -7.0463784e-02
 -4.0293279e+00
  1.8264017e-01
 -4.5445591e-02
  7.1183972e-02
 -2.8258479e+00
 -4.2757213e-02
  3.1957819e+00
  8.8098091e-01
  2.9228339e+00
 -3.3201563e+00
 -3.6132541e+00
 -5.5475455e-02
  4.2268181e-01
  4.3656158e-01
 -9.8054610e-02
  1.5217941e-01
  2.6196287e+00
 -3.1892680e-02
 -4.9724270e-02
 -2.7518325e-02
 -2.3684204e+00
 -5.6679589e-03
  4.6699900e-02
  2.4692445e+00
 -2.7465501e+00
 -8.6883867e-01
 -2.7224472e-01
 -5.4039979e+00
  1.4943550e+00
  1.1677371e+00
 -6.0590219e-01
  2.0840371e+00
 -5.1857438e+00
 -6.5423483e-01
 -8.2758832e-01
 -9.3962413e-01
  4.3303251e-01
  7.9033516e-02
  1.2110369e+00
 -8.7876874e-01
 -4.4753276e-02
 -3.0258503e-03
  1.2169101e-02
 -4.4737056e-02
 -2.1030688e+00
 -1.4466333e-03
  5.5316798e-03
  1.4664013e+00
  9.2196256e-02
 -3.6636787e-03
 -1.6758454e-01
 -7.7647334e-01
 -1.3031338e+00
 -1.0442382e-01
 -4.7604758e-02
 -1.1926495e-01
  5.3136253e-01
 -4.0628347e-03
 -5.7598829e-02
  2.3528077e-02
  2.1656662e-02
  5.8777951e-02
  1.3244238e-02
 -9.2307717e-02
  7.6968066e-02
  4.6676233e-02
  1.5880422e-01
  3.5092399e-02
  4.0067506e-01
 -2.0409034e-01
 -2.5928246e-02
  3.3924427e-02
  2.6878214e-02
 -8.7367535e-02
  8.1661910e-02
  1.4054891e-01
 -1.6011261e+00
  2.2168882e-01
  6.4331330e-03
  1.8222874e-02
  4.8727237e-02
 -8.9813061e-02
  1.4038984e-01
  2.0170182e-03
 -1.4607012e-01
  1.9262448e-01
 -1.0987827e-01
  1.3470926e+00
  3.0911062e-02
  1.5541992e-02
 -7.9440698e-02
  8.2960479e-02
 -4.9278964e-03
 -1.0928693e-02
 -1.0365344e-02
 -1.4476842e-01
  8.6731531e-02
 -3.9810546e-02
 -1.5928672e-01
  2.2973932e-02
  3.3311926e-02
  1.6363570e-01
 -3.7800923e-03
  3.7992861e-02
  4.2609321e-03
  1.1136686e-01
  4.9409330e-02
 -5.7023786e-02
  7.3115267e-02
  1.6345084e-01
  1.5483351e-02
 -1.7643068e-02
  1.8608384e-03
 -2.1592220e-03
  1.2683550e-01
 -2.7755281e-01
 -2.6595496e-02
  8.7722398e-02
  3.1249309e-03
  5.0455364e-03
 -5.6069776e-02
 -3.9772280e-02
 -8.7324187e-02
 -4.2432092e-02
  6.3958302e-02
 -5.0918415e-02
 -7.4090749e-02
  2.9117622e+00
  1.5921135e-02
  2.7570175e-02
 -1.9535959e-02
 -3.3963889e-02
 -1.6184384e-03
  1.1126497e-01
 -1.8481936e-02
 -2.4171976e-02
  1.3459657e-02
 -4.3587498e-02
  1.3650642e-03
 -1.3018535e-02
  1.7439995e-02
 -3.6541033e+00
 -1.9471341e-01
  2.6755232e-02
  1.2297354e-01
 -1.4614305e-02
  8.5582405e-01
 -5.5803455e-02
  3.1313740e-02
  1.3875008e-02
 -4.5383740e-02
 -1.7024485e-02
 -3.5533261e-02
 -2.0172605e-01
 -1.2075208e-01
 -3.2800909e-02
 -1.7016958e-02
  3.2756515e-02
  2.1689312e+00
  5.7170773e-01
 -2.0522566e-01
 -2.0154372e-02
 -2.1064837e-01
  2.4159697e-01
 -2.1456792e+00
  7.7521037e-03
 -2.0903705e-02
 -2.1450618e-02
 -2.4194856e-01
  2.6700518e-03
 -1.3978053e-02
 -7.9567686e-02
  4.4043288e-02
 -4.5083329e-01
 -5.9433645e-01
  2.3048958e-01
  1.4324042e-02
  2.0100568e-01
 -8.8841729e-03
 -1.3630886e-01
  5.3834217e-03
  1.7304793e-02
 -5.7674825e-02
 -5.3689498e-01
  8.2711890e-02
 -2.9919478e-01
 -2.2847567e-02
 -1.0578484e-01
  2.1817556e-02
 -8.3188988e-02
  2.6031755e-02
 -1.1738098e-01
  7.3002622e-02
  4.9606983e-02
  2.2026451e-02
  1.8279914e-02
 -1.8054022e-02
  9.5794201e-02
  7.5071894e-02
  5.2990254e-02
 -6.3358766e-01
 -2.0377040e-01
 -1.0940168e-02
 -2.2847924e-02
 -3.3717610e-02
 -4.1699681e-02
 -1.1185222e-02
  1.1810318e-01
 -9.8994249e-01
  1.9072143e+00
  3.0564973e-01
 -6.0573566e-01
 -2.6981447e+00
  7.2067671e-02
  8.2458144e-01
 -3.4083619e+00
 -8.2802492e-01
  8.7549144e-01
 -3.9235299e+00
  1.6974679e-01
  4.0055823e+00
  5.2577603e-01
  2.5716195e+00
  1.8635825e+00
 -6.4908707e-01
  8.0723301e-02
  2.1345308e+00
  7.7612104e+00
 -4.0092497e+00
  3.4805317e+00
  2.2997051e-01
  1.2568782e-01
  3.5107419e-01
  2.3828702e-01
  1.5681655e+00
 -2.6158769e+00
  1.1082467e+00
  2.5175855e+00
  3.7458172e+00
 -3.8650210e+00
  6.7650447e+00
 -8.6628687e-01
 -1.4953560e+00
 -1.2694576e+00
  2.0062816e+00
  8.1542325e-01
 -2.6612045e-02
 -2.5140681e+00
  1.8984290e-02
 -3.3111680e-01
  1.0359931e+00
  1.3149780e-01
 -3.9059943e-01
  2.6869535e-02
  2.0498490e-02
 -4.2327957e+00
 -3.0326087e+00
 -4.4364324e-03
 -5.9772760e-02
 -2.3480449e-02
 -4.1339560e-03
 -2.0762718e-01
 -1.3570112e-02
  1.8854957e-02
  7.2331294e-02
  8.3573960e-02
  6.4726300e-03
 -1.0192174e-01
  6.7574508e-03
  1.0537146e-01
 -5.7961354e-03
  6.3755289e-02
  4.1781254e-02
  1.7244713e-03
 -4.0349696e-02
  1.1605717e-01
  3.2079984e-03
  5.6737158e-02
 -3.4153257e-02
 -1.5696280e-02
 -3.7867720e-03
  6.9271758e-02
  1.2792033e-01
  4.3409850e-02
 -1.1512381e-02
  2.8476721e-01
 -7.8535877e-02
  5.8431219e-02
 -2.1470778e-01
 -1.0143120e-02
 -3.0430922e-02
  1.5248418e-03
 -7.8831678e-03
 -8.9602796e-03
  1.6429951e-02
  5.2854627e-02
 -7.3061965e-02
  5.5820409e-02
  1.0582791e-01
 -1.5869044e-02
  1.7330701e-02
 -4.6432432e-02
 -4.3549504e-02
  1.1318960e-01
 -1.1313699e-02
 -1.2393919e-01
 -3.2947857e-02
 -1.6385707e+00
 -1.0654262e-02
 -2.5939820e+00
  1.2793206e+00
 -3.0758301e-02
 -1.1365189e-01
 -1.8354384e+00
 -5.3269835e-03
  1.0206539e-01
 -2.3280266e-01
 -4.9817584e-02
 -1.3597879e-01
 -1.9333422e-01
 -4.9790520e-02
  6.3013442e-02
  1.9767998e+00
 -3.9894149e-02
 -4.1072615e-03
 -9.3028702e-02
  2.4231372e-02
 -7.2530061e-02
  5.9628643e-02
 -1.0527120e+00
 -8.5177161e-02
  4.2342064e-03
  2.1166816e+00
 -1.1792073e-02
  8.2027592e-02
 -2.9202843e-02
  1.0436077e-01
  2.0151166e-02
  1.2386515e+00
 -3.1517003e+00
 -1.7897559e-02
 -8.2723178e-02
  7.0301808e-02
  4.1884121e-02
 -1.8614624e-03
 -6.3929498e-02
 -8.6575197e-03
 -1.1130303e-02
  7.6861442e-03
 -1.2612326e-02
  2.0110590e-02
  1.4745414e-02
  7.2970100e-02
 -3.9812565e-02
  1.2719263e-01
  6.8944782e-02
  6.9234557e-02
  1.1190679e-01
  6.8664424e-02
  6.3098148e-02
  7.0037362e-03
 -7.3675491e-02
  6.4776540e-02
  9.0614250e-03
 -4.2929510e-03
 -1.1602912e+00
 -3.2089498e-02
 -3.9455492e-02
  1.5165602e-02
  1.1361799e-01
 -3.5408627e-02
 -6.2982619e-02
  2.3461823e-01
 -8.5574709e-02
 -3.9823838e-02
 -2.2898493e+00
  7.1094945e-02
 -1.9069577e-02
  2.4389685e-03
 -3.9045449e-02
 -5.4585084e-02
 -9.4180673e-02
 -1.2105232e-01
 -4.9255352e-02
  1.1906739e+00
 -9.5844176e-03
 -2.2356127e-01
 -7.6402798e-02
 -1.2311744e-01
 -3.0139959e-04
  1.3312900e-02
  3.0657487e-02
 -6.9966033e-02
 -2.0863283e-03
 -1.6328309e-01
 -9.6137971e-03
 -1.6244533e-02
  3.8535886e-02
 -1.1511087e-02
 -3.1778365e-02
 -2.1423750e+00
  2.7410467e-03
  3.2015882e+00
 -2.9638142e-03
  5.2961923e-02
 -3.5500839e-02
 -1.0599852e-01
  5.0522955e-03
  7.2358407e-02
 -2.9233741e-02
  1.5861244e-01
 -5.4398132e-03
  2.0108068e-02
 -1.3882665e-02
 -1.8699456e-02
 -1.1033789e-01
  2.9686850e-01
  9.5323674e-02
 -3.9908640e-02
 -3.1698763e-02
 -2.3419090e-01
 -5.7362735e-02
  5.9125401e-02
 -9.5481873e-02
  9.0570882e-02
  2.6080564e-01
  3.9254483e-02
 -3.2943889e-02
  2.0452031e-01
 -1.7272903e-02
 -3.0183796e-02
  6.1393935e-02
 -3.1340867e-02
  6.3507676e-02
 -7.9271652e-02
 -1.7902967e-02
  1.0541289e-01
 -1.2461845e-02
 -1.1535179e-01
  5.8183473e-02
  2.6119824e-03
 -1.9750252e-02
  7.5526208e-02
  3.0248511e-01
  9.5357122e-03
  8.4905401e-02
  4.6244326e-01
  5.4069940e-02
 -1.5503621e-01
 -1.0277963e-01
 -3.8543248e-03
 -2.6109379e-02
 -6.0778064e-01
  2.3203112e-02
 -1.4259050e-02
  2.6930429e-03
  5.6376386e-02
 -2.0623615e-02
 -4.3947041e-02
 -9.4311321e-03
  3.9466634e-02
 -7.7785991e-02
  6.7970914e-01
 -1.0110245e-02
  6.0796611e-02
 -2.4704866e-01
  2.6255064e-02
  7.2331894e-03
  7.0417374e-02
  2.3136189e-02
  2.1675187e-01
 -2.8461435e-01
  8.5313069e-03
 -6.6982522e-03
  1.3947280e-02
  6.6910781e-02
 -7.2618738e-02
  2.2628152e+00
 -7.8968275e-03
  6.5367622e-03
 -2.0665983e-02
 -1.0507870e-01
  3.1864181e-02
  2.1886760e-01
  1.5207286e-01
  3.4044385e-02
  2.3910996e-02
  7.2268307e-02
  3.4614928e-02
  6.4364351e-02
 -1.7430644e-02
 -4.3039754e-02
  9.9967889e-02
  1.5909683e+00
 -3.4259972e-01
  9.2952535e-02
 -1.3567825e-02
  1.1036979e+00
 -2.9398227e-02
 -4.0736768e-02
  3.8600153e-01
 -8.4718773e-03
 -4.3820646e-02
 -4.7469176e-02
 -8.7571844e-02
 -2.6791772e-02
  2.4265144e-02
  1.0832088e-01
 -3.4334533e-02
 -2.4825210e-02
 -1.2147778e-02
 -2.0921788e-04
 -4.7128312e-03
  5.8099493e-02
 -4.1377439e+00
  2.0211870e-02
 -6.3383067e-01
  1.2603979e-01
  9.5164716e-02
  4.8205848e-03
  9.0901303e-01
 -7.5100303e-02
 -6.5113920e-01
  1.6676109e-02
 -6.9404938e-03
  2.0068834e-02
 -2.4122233e-02
  1.7831901e-02
  3.5679396e-02
 -5.4173302e-02
  3.4029945e-03
  9.0058684e-02
  2.0666906e-01
 -3.6450353e-02
 -5.4025745e-01
 -3.5055824e-02
  1.5832283e-02
 -1.6928156e-01
 -2.9505847e+00
  7.6066300e-02
 -1.8402448e-01
 -1.2857836e-01
  4.8140973e-02
  8.6336946e-01
  8.1925504e-03
  1.0291401e-01
 -4.5703430e-02
  3.9692719e-02
  3.9710771e-02
  4.8950877e-02
  2.0789430e+00
  1.3475938e-02
  9.0303071e-02
 -2.6178684e-02
  1.4777197e-02
 -3.1516153e-02
 -5.0282627e-01
 -1.3514704e-02
  1.4612983e-01
 -6.8835884e-01
  3.0286789e-02
 -1.3513212e-01
  8.8939331e-02
  1.0776450e-01
 -4.8054501e-02
 -3.9964271e-01
 -4.5507866e-01
 -1.6119167e+00
 -9.4382870e-01
  2.6141164e-01
  1.1044286e+00
 -2.5748894e-01
 -3.4958632e+00
 -3.5972068e-01
  5.5427545e-01
  2.2549260e+00
  3.2302871e-02
  4.4125531e-02
 -1.1001696e-01
  1.3221185e-01
 -1.9182119e+00
 -8.7674394e-02
  7.7599901e-01
  2.4487387e-01
 -8.8668013e-01
  3.6761434e+00
  2.1894234e-01
 -1.1133820e+00
  2.3581550e+00
 -3.5916150e-01
 -2.9028440e-01
  2.8905640e+00
  3.5684278e+00
  7.3950773e-01
 -2.9448040e+00
 -2.8243691e-01
  1.4884040e+00
 -8.5933894e-01
  1.0294169e+00
  1.0257210e+00
  2.7423799e+00
  1.9517182e+00
  1.3496188e-02
 -2.0432510e+00
  1.1279616e+00
 -6.6523457e-01
  3.0953619e-03
  1.2012893e+00
  1.0051080e+00
  1.4241993e-02
  1.0661181e+00
 -1.5304456e-02
 -6.6526443e-02
  4.0078741e-02
 -1.5137979e-02
  1.5007880e-01
  1.0245482e-01
  6.5731118e-03
 -1.1367044e-01
  1.3118124e-03
 -3.8356800e-02
  1.9901109e-01
  8.3312634e-03
  1.2946153e-01
 -3.7971029e-01
  7.5819388e-02
 -5.7263011e-01
 -8.9156982e-03
 -2.5433693e-02
  3.3316724e-02
 -9.1390468e-02
  1.5628148e-02
  1.0079117e-02
  8.6188711e-02
 -5.9877753e-02
  4.2586975e-02
  4.1186457e+00
 -3.1811211e-02
  2.0134525e-02
  1.1612011e-01
  1.8210235e-01
  4.7984254e-02
  1.2286878e+00
 -2.0483123e-02
  1.0768004e-01
  1.1492743e-02
 -2.8081160e-02
  1.3288158e-01
  6.4140998e-02
 -1.1590689e-01
  6.2735192e-02
  1.1224104e-01
  2.2711940e-03
  2.1734662e-02
 -2.7913354e-02
  7.6616086e-02
 -6.5119281e-02
  2.4798969e-02
 -6.5975465e-02
 -1.1570350e-01
 -5.7506165e-03
  6.9304305e-04
  6.7153603e-02
  4.4156622e-02
  2.9444471e-02
 -1.6538717e-01
  1.0908961e-02
 -1.0219421e+00
  2.4328194e+00
 -3.4018195e-01
 -6.6751325e-01
  6.2960154e-01
 -6.5821797e-01
  1.7009839e+00
  7.9108246e-02
  1.3053715e+00
 -3.3775373e+00
 -3.0842519e+00
 -1.6548800e-01
 -4.6375800e-02
  1.7171641e-01
 -2.7377522e+00
 -8.8526770e-02
 -4.1559353e+00
 -3.7703949e-01
  1.5375007e+00
  1.1292886e+00
 -4.4561327e-01
 -5.0265632e+00
 -8.0638129e-01
 -1.6839881e+00
  1.2109084e+00
  3.7594528e+00
  1.4660172e-01
 -6.9468820e-01
 -2.0991297e+00
  2.0778070e-01
 -3.5525179e+00
  2.6912859e-01
  1.1012881e+00
 -2.1895590e+00
 -1.8971444e+00
 -1.5621176e+00
  2.8855925e+00
 -8.5443825e-02
 -9.7797275e-02
 -4.7984108e-01
  6.3815638e-02
  7.1843572e-02
  2.7607948e-02
  1.6586633e-01
  2.3716727e-02
 -4.1299304e-01
 -6.2341685e-03
 -5.8565330e-02
 -4.0024225e-02
  1.3750535e-02
 -4.4225594e-03
  2.4691826e-02
  9.6512310e-02
  4.6658573e-01
  5.2137304e-02
  2.8452000e-02
  1.7957510e-02
 -4.5886013e-01
  1.5294930e+00
 -1.6867550e-01
  4.8842721e-02
 -1.1909247e-02
 -2.0875156e-02
  7.8540832e-02
 -2.0660240e-02
  1.4345558e-01
  7.0478179e-02
 -3.9664615e-02
 -7.5911462e-02
  2.3147415e-02
 -2.2532258e-02
  2.6056221e-02
 -1.7338518e-02
  2.1542722e-02
  3.1020198e-02
  4.8860200e-02
 -2.2037443e-02
  1.0532486e-01
 -8.9070685e-02
 -7.0342943e-02
 -1.6730942e-02
  5.5095050e-02
  3.0909935e-02
  4.1435871e-02
  1.0141049e-01
  5.5696968e-02
 -1.0303183e-01
  2.0167768e-02
 -1.0792945e-01
  3.5603700e+00
  2.2900965e+00
  1.3391667e-02
 -5.1305708e-02
 -1.8022604e-02
  2.7636308e-02
  9.2698045e-02
  6.4370644e-01
  1.2963377e-01
  2.6499320e-02
  3.3007118e-01
  1.1940292e-01
  2.0569131e-01
 -1.2885702e-01
  8.9762323e-02
  2.4415591e-01
  1.6388989e-03
  5.4379929e-02
  2.9019063e+00
  1.9113895e-01
 -1.0692419e-02
 -4.3574106e-03
  1.4680265e-02
 -4.7600023e-02
 -5.7101858e-01
  9.3674876e-02
  1.8117666e-01
  9.8132841e-02
  1.3425138e-03
 -9.5877075e-01
 -5.9561346e-02
  7.6757921e-03
  1.1962561e-01
  8.1910916e-02
 -3.3325992e+00
 -2.2773089e-02
 -2.6780085e-03
  4.8294663e-02
  9.9634780e-03
  3.4032345e-01
 -5.7526689e-02
  2.0908076e-02
  2.4915032e-02
  1.1167895e-01
 -8.6714458e-03
  1.4648395e-02
 -6.6364720e-02
  1.4185724e-01
  2.4068145e-02
 -2.4355467e-02
 -1.2988216e-01
  1.2668051e-02
 -1.2773284e-01
  7.1789034e-02
  8.9737825e-02
  5.2659761e-02
  1.4983878e-01
  7.7627435e-02
  3.6069546e-02
  1.0773810e-01
  1.0522035e-01
  2.3016419e-02
  1.6118398e-02
 -2.4269197e-02
 -1.3543442e-02
 -8.3577119e-02
  1.1558938e-01
  1.5556176e-02
  1.8906103e-02
 -5.4698311e-02
 -3.0165555e-02
 -4.4670249e-03
  9.1827273e-01
 -4.5794562e-02
 -2.0926230e-02
  1.3166791e-01
  5.4208759e-02
  2.5529096e-02
 -8.2426739e-01
 -1.1942173e-01
 -1.5994571e-01
 -1.6884744e-02
  4.4757584e-03
 -2.8990066e-01
 -1.2539001e-01
 -1.6099083e-01
 -1.9277635e-01
  5.9605402e-01
  2.0766760e-01
  2.8443706e-01
 -1.2217049e-01
  7.0462763e-02
 -2.1325843e-02
  2.7574876e-03
 -3.0596364e+00
  4.6256453e-02
  3.3732940e-02
 -5.7656672e-02
 -1.2245198e-01
 -1.2249624e+00
 -1.5111762e-02
 -7.3201880e-02
  1.5432243e-01
 -3.7474409e-02
 -2.7925644e-02
  2.1601375e-03
 -3.7883215e+00
 -2.1073809e+00
 -2.9855546e-01
  2.9232190e+00
  2.0002010e-01
  1.8602755e-02
  7.2761923e-02
  9.0920454e-01
 -6.6295892e-02
  2.5394281e-02
  7.3950507e-02
 -4.8178810e-01
  3.8732175e-02
 -1.7216615e-03
 -5.6341045e-02
  1.8110432e-01
 -8.6748797e-01
  6.8591975e-02
 -7.8030317e-03
  1.4012499e-01
  1.6766696e+00
  2.9309060e-02
 -1.5258229e-02
 -9.4095161e-03
 -3.8855787e-02
  3.3637049e-04
  1.0834242e+00
  1.1040901e-01
 -4.2824113e-01
 -4.7619354e-02
 -1.7272735e-01
  7.1651330e-06
 -8.7518394e-03
  2.5746137e-02
  6.3825913e-02
 -3.3366483e-02
 -6.3887425e-02
 -3.8162556e-02
 -1.9683817e-02
  6.1266694e-02
 -9.1865966e-03
 -4.1303873e-02
 -8.3318343e-03
 -6.6599160e-02
  4.2609721e-02
  5.0100368e-02
 -9.8604545e-02
 -2.1537513e-02
 -1.9030343e-01
  2.0365482e-02
  6.5909900e-02
  2.4183659e-02
 -2.1306096e-02
 -1.2358648e-01
 -1.2048943e-01
  2.2088431e-02
  1.5623881e-01
 -5.7167858e-03
  3.2451175e-02
 -3.0882949e-01
 -1.4558455e-01
 -3.4901503e-02
 -9.0259090e-02
 -3.7586674e-02
  5.3777196e-02
 -1.1078898e-02
 -4.2831644e-02
  8.8065438e-02
 -1.3592370e+00
  8.4502570e-02
  6.5776338e-03
  2.0460169e-01
  4.7666192e-02
  2.0663151e-01
  1.0454936e-01
 -4.7949564e-02
  6.7318112e-02
  3.5777856e-02
  9.5342976e-01
 -9.3000578e-03
  1.0623220e-01
  1.5729688e-01
  2.8006222e-02
  1.7336361e-01
  7.1039230e-01
 -2.4151795e-02
  6.1195744e-03
  1.5792675e-01
  2.4372925e-01
  5.5254534e-02
  1.7047988e-02
  1.0938241e-01
  2.6786542e-03
  2.8096523e-02
 -1.7490480e-02
 -1.7141164e-03
  2.3433976e-02
  1.2656155e-02
  7.5572066e-02
  4.4646055e-02
 -3.3341151e-02
 -2.9708382e-02
  7.8572258e-02
 -1.9399496e-03
 -2.0598099e-02
  9.8521430e-03
  2.6779374e-02
  1.4807191e-01
  5.5857655e-03
  2.3071287e-02
  5.7207197e-02
 -2.6769454e-02
 -3.1444421e+00
 -2.6350749e-01
 -2.1522269e-01
 -1.2198840e+00
 -2.7123396e+00
 -6.9920018e-02
 -1.9909312e-01
 -3.5433016e+00
  2.4920969e+00
  3.0840473e+00
  1.6792635e-02
  1.6919944e+00
 -6.4305717e-01
  1.3293011e-01
 -2.2401929e+00
  4.5967951e+00
  8.0413115e-01
 -1.7399411e+00
  2.8924048e+00
  2.0009239e+00
 -4.4307671e-02
 -4.8618844e-01
  1.7864574e-01
  6.1766785e-02
 -2.6662498e+00
  9.1300708e-01
  8.6857110e-01
 -4.0971864e-02
 -3.1409054e+00
  1.3782531e+00
 -5.4504461e+00
  9.4459075e-01
  1.0851060e+00
  6.9277203e-01
 -1.2940701e+00
  6.6156584e-01
 -1.2345336e-03
  6.1463583e-02
  8.4538616e-02
 -2.7022986e-03
  4.0451318e-02
 -2.5973907e-01
 -2.0485792e-02
 -2.9564161e-02
 -1.5365648e-02
 -4.3257888e-02
  6.9430284e-02
  8.0330603e-02
 -1.1196037e-01
  3.0488420e-01
  2.6669314e-02
  2.3237845e-02
 -7.7526435e-02
  2.3644494e-01
 -1.8294020e-02
  3.2819381e-01
  1.6826512e-02
  1.5969086e-01
 -8.9068246e-01
 -9.6206939e-01
  1.0533183e-01
 -6.3185126e-02
  1.3663663e-01
  6.0018640e-02
 -6.5912253e-01
  2.9005397e-02
  1.7053013e-01
 -8.5894885e-03
 -8.5638270e-02
 -6.8375655e-02
  1.9686928e-02
  1.0215002e-01
  8.5919194e-02
  2.6947281e-01
  9.0795897e-02
 -5.3100297e-03
  4.3520767e-02
  3.4216177e+00
 -1.5173577e+00
  1.4065674e-01
  1.0524036e-01
 -5.1934559e-02
  3.0669726e-02
  7.3429838e-02
  1.3560693e-02
  1.8595983e-01
 -3.9796624e-01
  4.2279530e-02
 -7.3363736e-02
  6.9915658e-01
  1.6638234e-01
 -1.5542308e-03
 -3.2392479e-02
  2.8892992e-02
  2.0230226e-01
  1.0280015e-01
  1.7038688e-02
  4.4493783e-02
  6.1023369e-02
  1.2373604e-01
 -1.6588560e+00
  1.7617288e+00
  5.1820316e+00
  3.2399565e-02
  1.6950963e-02
  4.1472311e+00
 -2.4876263e+00
  9.7602825e+00
  2.2490411e+00
 -1.2955055e+00
 -1.7422469e-01
 -1.2898730e-01
  5.8655429e-01
  4.9883018e+00
  2.0000254e-01
 -5.6900829e-01
  1.4400061e+00
  5.0579168e-02
  1.4965479e+00
  6.8233836e-01
  4.5090698e-02
  1.6181109e+00
 -3.9802737e+00
  6.1434674e+00
 -7.7076346e-01
 -3.0281961e-01
 -1.1428517e+00
 -7.2631365e-01
 -3.5258136e+00
 -2.4611257e-01
  8.2554869e-02
  3.4419131e-01
 -6.7580849e-01
  1.2811046e+00
 -2.0131707e+00
 -1.3110447e+00
  2.1610465e+00
  2.5742662e+00
  3.2511158e+00
  8.7922417e-02
  1.2023205e+00
  3.1555326e+00
  1.2400194e+00
 -1.3105747e-01
  1.4795029e+00
 -4.5574007e+00
 -5.1068217e-02
  1.1930753e-01
 -2.6299575e-01
 -4.2118278e+00
  5.4709524e-02
 -5.6269926e-01
 -1.4900887e+00
 -9.2060548e-01
  1.5646462e+00
  3.4482023e-01
 -4.5035255e-01
  8.6302078e-01
 -2.9625809e+00
 -2.6448157e-01
 -1.1274449e+00
 -7.2312409e-01
  1.8118292e+00
  4.8699135e-01
 -2.8918464e+00
  2.5971899e+00
  5.8813524e+00
 -1.7861249e+00
 -9.4087762e-01
  2.6234114e+00
  8.4344769e-01
  2.8847101e+00
 -4.5685623e-02
  2.7426484e+00
 -9.0355486e-02
 -3.0937299e-01
 -3.4452492e-01
  2.7176630e+00
 -4.1584459e-01
 -4.1617766e-01
  2.2628238e+00
  1.5519639e+00
 -1.9979566e+00
  4.8428804e-01
 -2.3432097e-01
  1.4635503e+00
  2.2825763e+00
  6.6947252e-02
  1.7699125e+00
  2.0520407e-01
  1.0348078e-01
  4.4248447e+00
  2.7079818e+00
  6.8835098e-01
  9.6904141e-01
 -5.0326824e+00
  2.3149247e+00
  1.4724626e-01
  4.5937383e-01
  2.5396037e+00
  1.4723012e-01
  1.9884435e-02
  2.1816325e-01
  1.2381282e-01
  4.1733943e-02
  9.0931989e-02
  3.4027526e-01
 -6.3440716e-01
  1.9389072e-02
 -3.6396146e-02
  2.9051177e-02
  7.9252058e-01
 -2.9716238e-02
  7.3058635e-02
 -1.1160468e-02
 -3.9056197e-02
 -2.7647499e-02
 -1.9623293e-02
  4.8242249e-02
 -3.3861089e-02
 -1.7636603e+00
  8.3015531e-02
  1.0410739e-02
 -8.8628829e-03
 -3.6724754e-02
 -6.2177954e-03
 -2.2381373e-02
  1.1640837e-02
  4.0941983e-02
  1.4380693e-01
 -2.2552921e-02
 -8.3198607e-02
 -7.8596294e-02
 -9.7734392e-02
  9.5420405e-03
 -5.3836104e-02
 -1.5078012e+00
  6.8770413e-04
 -1.2523378e-01
  6.3361479e-03
 -1.1458244e-01
 -5.7111800e-02
 -7.7317486e-04
 -1.1203758e-01
  9.5594712e-02
  5.0509032e-02
 -4.2138837e-02
  1.5348375e-02
 -1.9575445e-02
 -1.8214187e-02
 -1.9039076e-03
  1.4783342e-02
  7.4915504e-03
 -1.3954948e+00
  2.0995717e-02
 -4.0819377e-02
  4.2873856e-02
  9.4122337e-03
  2.4595214e-02
  9.9326253e-02
  1.0801537e-01
  3.5238504e-01
 -1.0576186e-01
  4.4071832e-01
  1.8774044e-02
 -4.0548220e-02
  1.5329780e-01
  1.4198299e-01
 -7.5124425e-01
 -5.1120225e-02
  4.2096886e-01
 -4.0903136e-02
 -7.6535479e-03
  1.1152741e-01
  8.6232662e-02
 -1.1709343e+00
  7.7143349e-02
  2.7362464e-03
  4.9798670e-01
  7.2779700e-02
 -8.2318372e-01
  1.6114846e-02
 -7.6689966e-02
  2.3925601e-02
  1.4252434e-02
  9.3233317e-02
 -1.2333996e+00
  1.9884068e-01
  5.6616195e-02
  1.9583704e-02
  1.9074555e-01
  3.6771115e-02
 -3.2285955e-02
 -4.4574678e-02
 -8.9768767e-02
  5.6437943e-02
 -1.0289203e-01
 -1.0740900e-01
 -1.1090784e-02
 -5.6324963e-02
  2.1103410e-01
  1.4020559e-01
  8.0257222e-02
 -7.3926672e-02
 -2.0290330e-01
 -1.8871532e-01
  1.6976351e-02
 -4.3304114e+00
 -3.6887199e-01
 -1.6996689e+00
  2.1659021e-01
 -8.8868761e-01
 -8.1429207e-01
 -2.1674603e-01
  1.4931128e+00
 -1.4116460e-03
  1.1311313e-01
 -1.5087479e-01
  5.6186799e-02
 -1.3553553e+00
  8.3999723e-01
  5.9508687e-01
 -1.3911141e+00
  1.2745806e+00
  1.3252795e+00
  6.6938534e-02
  2.8197125e-01
 -1.5432128e-01
 -6.5982109e-01
  1.4348392e-01
  1.3982828e+00
  5.8671129e-01
  4.9226835e-02
 -1.1320101e+00
 -4.1754785e-01
 -4.0998462e-01
  5.2467514e-02
  1.0126501e-01
 -1.3553455e-01
  7.4883479e-01
  3.4089372e-01
  1.2718698e-01
  1.1072019e-01
  2.4626635e-02
  1.3797957e-02
  2.4433949e+00
  9.1935908e-03
 -5.7302129e-01
 -7.5486249e-01
 -1.3083039e-02
  3.8817849e-02
  4.1751478e-02
 -2.2901388e-02
  4.9262852e-03
  3.6813892e-02
  7.0314512e-02
 -3.0919926e-02
 -2.9736182e-02
 -1.1204255e-01
  5.1088870e-02
  5.7640929e-02
  2.4248077e-02
 -6.0617868e-02
 -1.1770515e+00
  1.6826777e-01
 -1.4157782e-02
  4.7977386e+00
 -9.0184174e-02
 -5.2323055e-02
 -2.5951359e-01
 -2.7308615e-02
  4.0339470e-02
 -7.7070154e-02
 -1.4425944e-02
 -3.6863521e-02
 -5.1593934e-03
 -1.6424952e-01
  1.8561708e-02
 -1.7940901e-01
  2.9420929e-02
  3.4551661e+00
 -7.8242697e-02
 -4.9962866e-01
 -1.0085660e+00
  4.9226899e-02
 -2.3515590e-01
 -2.1024955e-02
 -5.0115999e-02
  7.8934897e-03
  9.2118077e-02
 -6.1782414e-01
 -6.9685043e-03
 -1.0376393e-01
 -3.5372708e-02
  4.0034674e-02
  2.4430087e-04
  9.9513799e-01
  9.2867445e-03
  1.4134483e+00
  3.6668200e-03
 -4.0090013e-02
  1.1345984e+00
  3.6141300e-03
  2.5833111e-02
 -9.3232915e-03
 -8.4831819e-02
 -1.0362845e-02
  8.8523351e-02
  1.5307104e-02
  3.4664471e-02
  3.2645095e-02
  2.7301997e-01
  4.6681732e-01
 -3.0220737e+00
  3.6541567e+00
 -2.9052606e-01
 -7.4264115e-01
 -1.5893044e+00
  6.0739863e-01
 -3.5224104e+00
 -4.6978077e-01
 -9.7502090e-02
 -4.2453527e+00
  1.5021689e+00
 -2.6165831e-01
 -4.0816501e-01
  1.1363008e+00
  1.4404565e+00
  2.5308019e-01
 -4.4253464e+00
  8.3122063e-01
  3.6194420e+00
 -1.1415710e+00
  1.5454432e+00
 -9.8399431e-01
  1.7317834e+00
  1.4495975e-01
  2.6194349e-02
  1.2069319e-02
 -8.4128924e-02
 -2.7986507e+00
  3.0424159e-02
 -1.8376298e-01
  1.1121870e+00
 -5.8906710e-01
  6.5141827e-02
  9.9314293e-03
 -2.0146677e+00
 -1.2081775e-02
 -1.1260710e+00
  8.1883296e-03
  1.4787202e-01
 -4.6070170e-02
  1.0221716e-01
 -5.9908426e-01
  6.2352151e-01
 -3.6725381e-01
 -2.2895450e-02
  2.1411014e+00
 -1.5038315e+00
 -7.5123377e+00
  2.1865451e+00
 -2.2055969e+00
  1.7950200e-01
 -3.4831071e+00
 -1.5564834e+00
  1.7552036e+00
  9.1685098e-01
  1.9869076e-02
  5.2406397e-02
  4.3937117e-03
  3.3121660e-01
 -4.4803275e-03
  7.9992282e-01
 -6.7732769e-01
  3.6348358e-02
 -3.5693810e+00
 -1.8493036e+00
  1.6488338e-01
  3.6115324e-01
  2.0337167e+00
  3.5243909e+00
 -3.1080822e-02
 -1.6976202e-01
  2.2775427e-01
 -1.6896094e+00
 -4.2388706e+00
 -1.7238659e+00
 -6.7510641e-01
 -1.9060005e+00
 -1.9601926e-01
  6.8839431e-01
  4.5986626e-01
  4.3446040e+00
  1.3013979e+00
 -1.3252217e+00
 -1.0647659e-01
  3.0751066e-02
  2.5990857e-02
 -8.3344929e-02
 -1.3406992e-01
  1.6302966e-02
  2.0922774e-02
 -3.5468325e-02
 -1.1224100e-02
 -1.1037670e-01
 -3.5362858e-02
  3.9828833e-02
  1.2439281e-03
 -2.0811144e-01
  8.8137883e-01
  2.6850262e-01
  6.6540575e-01
  6.4579296e-01
 -9.4474986e-02
 -2.0744017e-01
 -8.8274553e-02
 -4.4918793e-01
  7.1872139e-01
  2.0137005e-01
  4.9416464e-02
 -5.3097829e-02
  4.6881461e-01
 -4.0490445e-02
 -7.4021322e-01
  6.6919029e-01
  6.0006123e-02
 -4.0864828e-03
  1.0403373e+00
 -2.6465662e-02
 -9.6784960e-03
 -3.6212680e-01
  3.9685968e-01
 -2.0649408e-03
 -7.9689801e-02
 -1.2245463e+00
  5.6235933e-01
 -2.5304725e-02
 -1.4474498e-02
  3.0470175e-01
 -3.7784625e-02
 -9.1261059e-01
 -5.4908144e-01
  1.9678240e+00
 -1.2875931e+00
 -4.1103743e-02
  1.1044990e-01
  2.1200632e-01
 -2.4538198e-02
 -3.3507559e-03
  6.1662052e-02
  4.8852949e-03
 -8.7146693e-01
 -3.0050090e-02
  3.5228360e-02
 -2.7721629e-01
  2.3239121e-01
  2.2126284e-01
 -3.0396251e-02
  1.4622037e-01
  1.4426792e-01
  1.8002528e-01
 -3.0803051e+00
  2.5269210e+00
  2.5676486e-01
 -3.5417926e-01
  9.0380353e-01
  2.3737316e+00
 -4.6941352e-01
 -1.3206847e+00
 -5.6000315e-02
  1.0632260e+00
 -3.3238273e+00
  7.5845581e-01
  8.2029068e-01
 -9.8921502e-01
 -3.6912009e-02
 -1.3308982e+00
  1.8910053e+00
 -2.0374007e+00
  3.4438479e+00
  1.6179807e-01
  1.6453991e+00
  4.7763838e-03
  5.0374621e-01
 -1.6111761e-01
 -9.7232960e-02
  3.5210719e+00
  1.2749313e+00
  1.4438905e-01
 -3.2359821e-01
 -1.0773224e-01
  6.0711104e-01
 -5.9610552e-01
  3.2920070e+00
 -1.9792844e+00
  2.8195620e+00
  3.8680694e-01
 -8.5165620e-01
 -1.6582998e-03
 -6.0842669e-01
 -3.8058441e-02
  4.8673481e-02
  4.1530322e-02
  9.8360859e-02
  1.6929107e-02
 -1.7706860e-02
  1.8842733e+00
  1.8753079e+00
  1.8463347e-02
  1.4437889e+00
 -1.9456241e-01
 -5.9639966e-01
 -1.6356951e-02
 -1.3651308e-01
 -1.6985260e-02
 -8.6740907e-03
  1.3880183e-02
 -1.5544656e-02
 -9.6929148e-02
 -1.0798099e-02
  5.5148233e-02
 -2.4430717e-03
  1.6505038e-02
  2.1639697e-03
 -2.6551776e-02
 -1.5905114e-02
 -2.1188250e-02
  4.0418688e-02
  1.8141685e+00
 -1.7389617e-03
 -1.8208005e-02
 -2.8031791e-02
 -7.8246545e-04
  4.4915643e-02
  1.9387115e-02
  1.6778955e-01
 -3.1331379e-02
 -1.3826011e-02
  2.4407275e-03
 -1.6834657e+00
 -3.7057370e-02
 -4.2735502e-02
  3.5879523e-02
  2.5843892e-01
 -8.0859825e-02
 -5.8812504e-03
  2.3267951e-03
  1.9771716e-02
 -1.1124794e-01
 -6.3265979e-02
  2.0409008e-03
  6.6815428e-02
  1.1313476e-02
 -5.0559604e-01
  8.6387563e-01
  6.2883466e-02
 -8.7346144e-02
 -1.2315816e-02
 -4.3629073e-02
 -1.7927501e-02
  3.3325061e-02
  1.3641994e-02
  1.0539853e-02
  1.0669508e-01
  2.2359723e-02
  2.2303171e-02
 -6.3704163e-02
 -3.1400910e-03
  4.0040452e-02
 -4.3346427e-02
  1.8502761e-02
 -9.6759796e-03
 -3.6545899e-02
  2.1583082e-01
 -1.5194325e-01
 -2.9654920e-04
  8.0114365e-02
 -3.2142024e-02
 -1.2173447e-01
 -7.1291707e-02
 -1.5788922e-02
  1.4010688e-02
  1.5413611e-01
 -1.4564851e-01
 -5.1082171e-02
 -8.4738299e-02
 -1.1884654e-02
  2.8441444e-02
  3.5645917e-02
 -1.6070779e-01
 -1.8427446e-02
  1.1643605e-01
 -5.6333020e-02
 -3.3180974e-02
 -4.5431624e-03
  7.3498702e-03
 -9.9164456e-02
 -1.6239497e-01
  3.3248212e+00
  3.9885644e-02
  1.9128567e-02
  7.1592040e-02
 -2.0286906e-01
  2.3776516e-02
 -1.4387174e-02
  3.6429159e-02
 -5.0120801e-02
 -2.9913049e-02
  2.7151659e-02
 -3.9715618e-02
 -1.0468983e-01
 -7.3715068e-02
  1.0910035e-01
  5.2409288e-02
  1.2461198e-01
  3.8182912e+00
 -4.5084175e-02
 -6.5284155e-02
  2.4800900e-02
 -5.3328115e-02
  4.7935475e-02
 -7.5348362e-02
  1.3317802e-02
 -4.0925145e-02
 -2.0032878e+00
 -6.5647051e-02
  3.5042574e-03
 -3.2555591e-02
 -2.6532313e-01
  1.6780302e-02
 -9.0478730e-01
  6.6917531e-02
 -9.2088163e-02
 -7.2710551e-02
 -2.6249437e-02
 -2.1242121e-02
 -1.2587509e-01
 -5.3411438e-03
 -3.8971703e-02
 -1.3116600e-01
 -4.6012211e-01
 -7.8830302e-02
  6.6651525e-03
  2.7876429e-02
 -5.0570426e-04
 -4.4992648e-02
  1.3274402e-02
 -8.6496703e-02
 -1.2069385e-02
  2.0761563e-02
 -3.8941827e+00
  1.2719340e-02
 -3.4359656e-02
  2.2873113e-02
  4.6730496e-02
  7.6937002e-01
  1.8749337e-03
  8.4952295e-02
  3.9708489e-04
 -2.2281107e-01
 -1.6072145e-02
  1.7186466e-01
  6.8765894e-02
  2.5647873e-04
 -9.7512007e-01
 -1.8177025e-02
 -1.6767588e-03
 -4.8042260e-02
  4.5751510e-03
  7.2790658e-01
 -1.5091652e-03
  2.5467120e-02
  1.4060950e-01
  1.8477563e-02
  7.6834939e-02
  4.1796775e+00
  1.0856950e-01
  9.2621316e-04
  5.2048201e-03
  7.7282889e-03
 -2.0623310e+00
  3.4282431e-02
  3.8680762e-02
  1.3193673e-02
 -7.0629753e-02
 -4.7914136e-02
  3.4230094e-02
 -9.9830562e-03
 -1.9935267e-02
 -9.4714791e-01
  7.2425976e-02
  6.5098040e-02
 -1.5681418e-02
  2.6241951e-02
  2.0377630e-02
 -1.1963837e-01
  9.1540357e-03
  8.0731794e-02
 -3.1385548e-02
 -2.6206145e-02
 -4.0826883e-02
  2.8208748e-02
  2.3566354e-02
 -2.2794893e-03
  2.7864899e-03
  2.1474850e-03
 -6.1176836e-02
  6.9952078e-02
  3.7234534e-02
 -3.9487846e-02
 -2.1104313e-02
 -1.6894221e-01
  8.1541544e-01
  1.8524062e-02
  1.5312000e-01
 -1.7819209e-02
  2.0893270e-02
  3.1224650e-01
  8.9692483e-03
 -1.2613543e-02
 -4.3126423e-02
  3.4646068e-03
  2.1632403e-01
 -1.0659932e-01
 -5.7796162e-02
  1.7422887e-02
  4.2435933e-02
 -1.1697826e-01
  7.3744491e-02
 -1.3210515e+00
 -2.0244315e-01
 -1.0825732e-02
 -1.2293637e-01
  1.0190617e-01
 -1.0331558e-01
  1.7543484e+00
  1.5281537e-01
 -2.2509423e-01
 -1.1665946e+00
 -8.3891280e-02
  1.7334606e-02
 -2.6871221e-02
 -1.1166809e-01
 -1.3654836e-03
 -1.0213806e-02
  2.7934955e-02
 -1.5983142e-02
 -2.2022440e-03
 -5.0864920e-02
 -3.2781858e-02
  1.1585121e+00
 -7.8596529e-03
 -2.9339675e-02
  6.9595063e-01
 -6.6664875e-03
 -7.1935721e-02
  4.6418127e-02
 -4.3757204e-02
 -3.2720748e-02
  2.1546382e-02
  3.0807404e-02
 -3.1466591e-01
 -4.8510499e-02
 -1.6836492e-02
  4.2425953e-02
  4.4195547e+00
  1.6666502e-01
  2.0698495e+00
  3.4456676e-01
 -3.5868749e-02
 -2.4332321e+00
  8.1948310e-01
 -1.0837809e+00
 -1.0315493e-01
  3.9871135e+00
  2.2580338e+00
  1.7021770e+00
  1.6337025e+00
  1.2851803e+00
 -1.6910969e-01
 -6.9886885e+00
  3.1390507e+00
  3.5514443e+00
  3.6400378e+00
  5.4539757e+00
  5.2470624e-01
 -1.9002610e-01
 -3.3106406e+00
 -1.7543401e+00
  2.7031953e+00
 -2.8012063e-02
  1.7389009e+00
  4.8991895e+00
  1.7157389e+00
 -2.3992705e+00
 -1.1608912e+00
 -3.0846374e+00
  2.2704561e+00
 -2.1602743e+00
  2.1381567e+00
  1.6810442e+00
 -5.8035512e-02
  4.8746471e-03
  1.1537775e-01
  4.0049892e-02
 -1.8094528e-01
  9.0202475e-01
 -9.2778015e-01
  7.7975453e-03
 -2.9255807e-01
 -1.5011337e-01
 -8.3965220e-04
  2.2080167e-01
 -4.0920284e-02
 -2.6973542e-02
 -7.9682488e-03
  1.8328114e+00
  6.0240740e-01
 -1.7983702e+01
  4.1339426e+00
  4.5469890e+00
  1.2893838e+00
 -4.6862984e+00
  6.8729955e-01
  1.7570662e+00
  3.6650264e-01
  9.9361601e+00
  7.9992590e+00
  1.2357762e+00
  1.0958073e+00
  3.7782797e-01
 -1.1137852e+01
  3.6241141e-01
 -8.3034173e-02
 -2.9608576e+00
  4.9226489e+00
 -2.8412828e+00
  2.0605381e+00
 -1.3723085e+00
 -6.1443657e-01
  1.1409423e+00
 -8.4706420e-01
  3.9291043e+00
  1.2578427e+00
  1.6056954e+00
  3.6077070e-01
 -3.5689671e+00
  1.1358366e+00
  2.6611933e-01
  2.3272583e-01
 -9.5426625e-01
  1.4233084e+00
  2.3893394e+00
 -9.5003158e-01
 -7.5675553e-01
  2.4750337e-01
 -2.8863542e+00
 -9.3008518e-01
 -1.8398644e-01
 -3.5102310e+00
  1.0480130e+00
  9.0517938e-02
  6.2332451e-01
  2.2875516e+00
  3.4565823e+00
 -4.3325648e-02
 -5.4345276e-02
  8.7022290e-02
  1.0169215e+00
  4.9332097e-02
  1.4256011e-01
 -7.1694329e-02
  1.6252341e-02
 -9.2097111e-03
 -4.1111040e-01
  1.1158933e-01
 -6.3201919e-02
  5.6036428e-02
  1.5376173e-01
  1.4432175e+00
 -1.8120671e-02
  3.6916120e-03
 -3.6361194e+00
 -1.2092699e-01
 -1.8525975e-03
  3.2157142e-02
 -2.3108004e-01
 -2.0819098e-01
  7.5795399e-03
  5.7750560e-02
 -2.0579847e-02
 -7.6832813e-03
  2.0419663e-02
 -3.8487926e-02
 -6.5673202e-02
  1.9949887e-02
  6.8442151e-03
  7.7723157e-01
 -1.3257060e+00
 -1.4852159e-01
 -5.2747220e-01
  1.1366148e+00
 -1.6596207e-01
 -2.3832958e-02
  2.5876123e-02
  3.2869210e-03
  9.8171197e-03
  5.5336583e-02
  9.8540820e-02
 -1.1421487e+00
 -2.4916632e-03
 -1.3755141e+00
  1.3328141e+00
 -3.9767206e-02
  4.9583089e-02
 -3.6393352e-02
 -6.2770575e-02
 -1.7481776e-01
 -2.0886093e-02
 -2.5079165e+00
 -4.2773628e+00
 -3.8663372e-01
  4.0307245e+00
 -1.7726299e-01
  3.5678160e+00
  1.4211663e+00
  4.5264993e+00
 -4.7812894e-01
  4.4737574e-02
 -1.4884410e+00
 -1.7823099e+00
  1.2118025e+00
 -1.3974977e+00
  4.3711023e+00
 -4.3322392e+00
 -2.4829965e+00
 -1.5709977e+00
  7.1917003e-01
 -2.7884343e+00
 -2.6799345e-01
  3.9138145e+00
 -3.5775442e+00
 -3.0508518e+00
  1.6423448e+00
 -1.8691726e+00
 -1.6629202e+00
  3.6785561e-01
 -6.3482624e-01
  6.0892606e-01
 -1.4097794e+00
  7.1171574e-02
 -7.1652162e-01
 -1.1797395e+00
 -1.5876654e-01
 -2.3964419e+00
  2.4549788e-02
 -4.6028569e-02
 -3.3006248e-01
  1.2602993e+00
  6.6827931e-02
  2.4933065e-01
 -2.3815758e+00
  2.5676014e-02
  6.7989945e-02
 -2.2495652e-03
 -2.9113764e-04
  5.9083220e-02
  1.4583490e+00
  4.2986958e-03
 -2.0331025e-01
  8.8185906e-01
  5.0738225e+00
  1.0056512e+01
 -2.4915135e+00
 -2.6573269e+00
  7.9050756e-01
 -4.7019506e+00
  1.0842463e+01
 -6.2159419e-01
 -8.4842667e-02
 -9.9576759e-01
 -6.7905550e+00
 -4.0686126e+00
 -1.0472728e-01
 -2.7055627e-01
 -2.8769376e+00
 -2.7628298e+00
 -3.1637766e+00
 -4.8721766e-01
  1.1399474e+00
  2.1763876e-01
 -2.1865044e+00
 -7.3291554e+00
 -1.0624782e-01
 -1.5416536e+00
  1.9713727e+00
 -5.1752920e+00
  3.9469448e-01
 -6.8719559e+00
 -5.3292459e-01
 -4.9528983e-01
 -1.0377804e+00
  8.1246157e+00
 -3.0202332e+00
 -3.3067608e+00
 -6.1699042e+00
 -6.7368411e-02
  2.8105374e-02
 -1.5875419e+00
  1.8402693e+00
 -1.7975572e-02
 -8.0006635e-03
 -9.2175812e-02
 -7.1343765e-02
 -1.4659029e-02
  4.1270474e-04
 -5.9408303e-02
 -9.4700023e-04
  1.2909399e-02
 -3.8492945e-03
  5.6324448e-02
  2.8670918e-02
 -2.4370490e-02
  3.1137014e-02
  1.9792266e-02
  2.4603269e-01
  4.2662162e-02
  1.3896276e-02
 -6.8821669e-02
  1.9378881e-01
 -3.8729072e-02
  7.8650378e-03
  2.9203184e-02
  1.6914798e-02
  7.1305230e-02
  1.1235074e-01
 -9.7558282e-02
 -9.8874502e-02
  1.3918261e-01
  3.1918409e+00
 -7.6967247e-02
  1.9423967e-02
 -2.3643864e-02
 -2.6609560e-02
 -3.8518719e-02
  1.8612952e+00
 -2.0783456e-02
  1.4210028e-02
  2.5549691e-04
 -4.5711730e-02
 -4.1098267e-02
 -7.2750626e-03
  9.2960419e-03
  8.8460412e-04
  1.5917800e-02
 -5.4570317e-02
 -1.5449514e+00
 -5.1097538e-02
 -2.6369123e-02
 -8.9332461e-02
  2.9555187e-03
  3.2828182e-01
  5.4923166e-02
  1.6440351e-01
 -2.4484275e-02
 -1.0215395e-01
 -2.5424294e-02
 -1.4979430e-02
  1.1388504e-01
 -1.1587898e-01
  3.0029990e-02
 -1.4958721e-01
 -2.2880383e-02
  2.5659753e-02
 -9.6844040e-02
  9.8332949e-03
  2.9279877e-04
  1.1134741e-01
  5.4352533e-02
 -2.5482699e-01
  1.0115542e-02
  2.5476542e-01
 -1.0060279e-03
 -3.2613911e-02
 -8.6696371e-02
 -6.8277062e-04
  7.4432820e-02
 -6.3148856e-02
  3.5819426e-02
  1.1687081e-01
  3.9849519e-03
  3.6860621e-03
  5.1912554e-02
  1.0534576e-01
  6.5006954e-03
 -6.7125969e-02
 -6.4517453e-02
  2.0351155e-02
 -5.8201123e-02
  2.8831594e-02
 -2.4899562e-01
 -4.4857822e-02
  4.4672886e-01
 -8.2818784e-02
  8.8901505e-02
  8.6107992e-02
  1.8539917e-02
 -3.6334205e-01
 -5.4119632e-02
 -3.4624077e-02
 -4.3705958e-03
  3.0266775e-03
 -3.5134389e-03
  8.7322310e-02
  1.1333354e+00
  1.0500918e-01
 -7.9294510e-02
  1.9762812e-02
  2.3819091e-02
  8.9154385e-02
  1.6056674e-02
 -1.1350261e-01
  8.5133128e-03
  2.1014886e+00
 -6.1767393e-01
 -2.4891787e+00
  2.5103763e-01
  1.8786937e+00
  2.5519016e-01
 -5.6191416e+00
  1.9651172e+00
 -2.3206640e-02
 -3.5246408e-01
 -1.4007930e+00
 -4.9276409e+00
 -3.6800256e-01
  1.1342683e+00
  9.0090431e-02
 -1.9978391e+00
  2.2041793e+00
 -2.5779495e+00
  9.5229131e-01
  1.1884363e+00
  4.5960240e+00
 -1.8980920e+00
 -1.7190531e+00
 -1.6344064e+00
 -2.2148743e+00
  3.1544855e+00
  1.2714560e+00
  8.9589924e-01
  1.0207462e-01
  3.1498358e-01
 -8.2598710e-01
  9.0667859e-02
 -7.9015285e-01
 -8.5677743e-02
 -1.2608092e-01
 -4.4190952e-01
 -5.4536343e-02
  1.6256951e-01
 -5.8050666e-02
  9.4779223e-01
 -2.9980949e-01
 -1.6431892e-01
  7.4486961e-03
 -7.4975669e-02
 -1.6912049e-02
  1.2092359e-01
  1.7991523e-03
 -5.9175438e-01
 -3.2198954e-01
 -4.7001850e-02
 -1.6561722e+00
  5.2597404e+00
 -2.9199445e-01
  3.6831040e+00
 -4.6118230e-01
  1.0070468e+00
 -8.2833886e-01
 -5.4779194e-02
  5.0356334e-01
  1.0650443e+00
 -2.1265190e-02
  1.1063370e-01
 -2.5966427e-01
  1.1113700e-01
  1.1849952e-01
 -2.8030107e+00
 -1.2207693e+00
  3.2964385e+00
  2.9105434e-01
  4.1469154e+00
 -2.5748422e+00
 -2.2780119e-02
  2.4111800e+00
 -2.6126058e+00
  3.8803623e+00
 -2.5140078e+00
  9.6985614e-01
 -1.7501737e+00
 -1.0519708e-01
  8.0274351e-02
 -4.2164400e-01
 -6.5580672e-01
 -3.2088038e-01
 -2.4649112e+00
  7.6951456e-01
 -1.1222523e+00
  9.3493420e-01
  1.7300558e-01
 -2.3729582e+00
  5.3159095e-02
  9.8631448e-01
  2.2989464e+00
  4.4378065e-02
 -3.2259074e-01
 -1.1112156e+00
 -1.1295122e-01
 -3.6389798e-02
  3.0635817e+00
  1.5545788e-01
  6.9365248e-02
  2.2732770e-02
 -1.4252611e+00
 -3.1904280e-02
 -2.4227830e-02
 -9.3645221e-01
 -1.4083197e-02
  2.1366302e-02
  1.5858440e-02
  1.5033501e-01
 -7.3488450e-01
  2.7112961e-01
  8.4151432e-02
  2.8002048e-03
  2.6193941e-01
  1.3131268e-01
 -2.8370790e-02
  3.6793854e-02
  3.5212538e-01
 -5.8374889e-02
  1.1933490e-02
  3.1142180e+00
 -2.1744758e-02
  1.3747375e+00
  8.6007655e-01
 -2.3585480e-02
  2.1321514e+00
 -2.5438121e-02
 -5.7683937e-02
 -2.7205240e-02
  4.9471233e-02
  7.0357703e-02
 -2.2440273e-02
  7.7615208e-03
 -3.4774888e-02
 -3.0619889e-02
  2.6567023e-02
  1.5451024e-02
 -1.9836729e-02
 -7.3399387e-02
  4.0854011e-02
  3.0325830e-01
  1.4802285e-02
  4.1091830e-02
  2.1168973e-02
 -6.4379334e-02
 -3.1900408e+00
 -4.4359803e-02
  6.5474615e-02
  1.9961106e-02
  8.0218032e-02
 -1.6886028e-02
  8.1962105e-03
  5.8101793e-03
 -5.6415509e-02
  3.5789518e-03
  3.3109844e-02
 -2.6627569e-02
 -1.5642352e-02
  7.8439549e-02
  8.2833134e-02
 -2.0752748e-02
 -3.8696028e-02
  1.3445018e-02
 -1.4631222e-01
 -8.8739144e-03
 -1.1933075e-01
 -3.3937290e-02
  8.4747570e-03
 -1.7530954e-02
 -1.7929225e-01
 -1.5368387e-02
 -1.7383665e-02
 -1.3260397e-02
 -1.6164159e+00
 -2.6252907e-02
 -8.4108030e-03
 -3.5097845e-02
 -5.4941013e-02
 -5.5755731e-02
 -8.1661724e-02
  3.2290485e-02
  5.1654771e-02
 -1.0602786e-02
 -7.8656636e-02
  7.0176914e-02
  1.4070301e-02
  1.1724136e-01
  3.1573016e-03
 -1.1451652e-03
 -7.1026467e-02
 -1.6188426e+00
  9.6787437e-04
 -4.4860419e-02
  4.8914578e-02
 -4.1447986e-02
 -2.3203099e-03
 -9.3074091e-02
  5.9137601e-02
  5.0310005e-04
  1.8869354e-01
  2.2678031e-02
 -2.3503799e-02
 -3.5148969e-01
  1.1414850e+01
  2.3087485e-01
 -1.8061195e-01
 -3.3181174e+00
  6.0258710e-01
  3.5458660e-01
  3.7343758e-01
 -1.5608119e+00
  1.8943086e-01
 -3.1824234e-01
 -1.8668895e+00
  4.0514447e-02
 -1.1581923e-01
 -1.1866935e+00
 -3.9838802e-02
  1.7359910e+00
 -8.5736734e-01
 -2.0353623e-01
 -1.3950357e+00
 -9.7784722e-01
  6.4440936e-01
  6.2971294e-02
 -2.5853971e-01
 -2.0502375e-01
 -3.6554651e+00
  2.9351397e+00
  2.8712771e+00
 -1.4469901e+00
  3.3041391e-01
 -1.8808563e+00
 -6.3255888e-01
 -2.8171048e-01
 -8.1537598e-01
 -1.5255629e+00
 -2.7623181e+00
  3.5397026e-01
  3.3269172e+00
  8.0949180e-02
 -1.1317210e-02
 -4.8049483e-02
  2.0189855e+00
  3.4860041e-02
  1.3856241e-02
  1.1039640e+00
 -7.6719791e-02
 -6.4805508e-02
 -7.1562700e-02
 -4.3617394e-02
  3.1687934e-02
 -4.5021712e-03
 -3.7505660e-02
  5.5171633e+00
 -7.3003778e+00
 -8.6667852e+00
 -5.6838965e+00
 -1.1534317e-02
  5.9573684e+00
 -1.8273373e+00
  6.3031292e+00
 -7.7358999e+00
  5.5750008e+00
 -1.3114294e-01
 -2.8393450e+00
 -3.9296281e+00
  2.0802708e-01
  4.0234375e-01
 -1.7536790e-03
 -7.9806700e+00
 -2.7461114e+00
  1.6860188e+00
 -8.1724435e-02
 -8.0736214e-01
 -5.6016798e+00
 -8.8721043e-01
  5.8020763e+00
  1.0531785e+00
 -4.0423141e+00
  9.3062162e+00
  5.9885631e+00
  2.7516093e+00
  4.8406110e+00
  3.9197798e+00
  1.5268155e+00
  5.3169360e+00
  2.6709149e+00
  1.0483042e+00
  1.5237417e+00
  5.2882676e+00
 -1.5062870e-02
 -1.2845146e-02
  1.3047059e-02
  3.3782620e+00
  1.4835123e+00
  4.4087220e-02
  4.0741310e-02
  8.2050323e-01
  3.7821610e-02
  1.9026830e+00
 -1.3551428e-02
 -3.6650296e-02
  1.4192292e-01
 -1.2883516e-01
 -4.8082318e+00
  2.0866008e+00
 -3.2880658e-01
  2.7360138e-01
 -1.1638999e+00
  2.6046225e-01
  6.1376894e-01
 -2.1669309e+00
 -4.6008549e+00
  1.3372524e+00
  1.1016121e+00
  5.9374768e-01
 -2.7047627e+00
 -3.2989826e+00
  4.8673194e-02
  3.0274836e-02
  2.9121473e+00
  6.6867572e-01
 -3.2263675e+00
  1.6962838e+00
  8.7448381e-02
  1.7644790e-01
  1.1182661e-02
 -2.2501032e-01
 -1.5572518e+00
 -4.8376745e-01
  2.2061455e+00
 -1.3709598e+00
 -9.5690483e-01
 -2.8279014e+00
  6.8213314e-01
 -2.2126645e-01
 -1.5043298e+00
 -1.4962223e+00
 -1.7959978e-01
 -4.6300523e-02
  1.6662053e+00
 -9.6664089e-01
 -2.8009599e-02
 -1.8841298e-01
 -1.1104069e+00
 -3.8842916e+00
 -1.4680791e+00
 -4.6459150e-02
  6.7685850e-02
  6.2694363e-02
 -1.1311948e-02
  1.1516161e+00
  4.7525153e-02
 -1.7310040e+00
  2.1723527e-02
 -1.5442438e+00
 -2.8214414e-02
  4.6324700e-02
  1.3258271e-01
  4.3797437e-02
  4.1634671e-02
 -3.6828160e-02
  1.4843118e-01
 -9.1425622e-01
  4.5556944e-02
 -3.8161541e-03
  1.8469752e-01
 -2.7328011e-02
 -4.5382202e-02
  7.1470648e-02
  1.3040463e+00
  1.0706235e-01
  4.6266321e-02
 -9.1252893e-02
  3.5990417e-02
 -2.2936964e+00
  2.7576216e-02
  6.6911548e-02
  9.6834879e-03
 -5.9257459e-02
 -2.1417089e-02
  5.4801267e-01
  2.6414739e-02
  1.2652116e-01
  1.3639425e-01
 -4.9274381e-02
  2.7998177e-02
  1.2248235e-01
  2.6208133e-01
 -7.3538325e-04
  2.9092652e-01
  3.4673940e-02
  1.2222241e-01
 -4.5493689e-01
 -1.4012672e-01
 -4.3054231e-02
 -4.2763848e+00
 -6.2772468e-02
 -2.5483081e-02
  2.9157796e-03
 -5.6942170e-03
 -7.9666618e-03
  4.9921345e-02
  5.6048162e-02
  6.2199138e-02
  1.5461735e-02
  3.1103065e-02
  1.9229781e-02
  8.6614834e-03
  1.4599199e-02
 -2.0005783e-01
  5.1820898e-01
 -4.3738571e-01
  1.3611651e-03
  3.7567563e-02
 -2.6276588e+00
  1.1082161e-01
  3.2609276e-02
 -4.4764566e+00
 -5.7243929e+00
 -6.0642302e-01
 -1.1517022e-02
 -1.4261738e+00
  2.8004777e+00
 -2.0939146e-01
 -2.5269553e-02
  1.9938967e+00
 -2.8580465e+00
  6.7717701e-02
  2.6771259e+00
  7.2151229e-02
 -6.6016294e-02
 -1.7253119e+00
  2.8878930e+00
 -7.2067785e-01
 -9.2206314e-02
 -8.2654518e-01
  2.2734392e-01
 -2.7672349e-02
  4.8492680e+00
 -4.4650018e-01
 -1.0860360e+00
 -3.1162959e-01
  1.4546578e+00
 -5.5531096e-02
  2.4044003e+00
  3.8919039e-02
 -2.0941701e+00
  2.4131386e-02
 -2.4682231e+00
  1.0084331e+00
  5.3518530e-02
  9.8286808e-02
  5.7172584e-03
 -1.9124512e-01
  5.9528664e-02
  4.2046299e-03
  1.1180413e-01
 -8.6980744e-04
  8.7382589e-03
  1.3222392e-01
  2.0665990e-02
  1.9610712e-02
 -3.2855280e-02
  6.3054889e-01
  2.4527410e-01
 -4.0647686e-02
 -8.1662960e-02
  3.3991907e-02
  2.9214332e-02
 -6.8848021e-02
  1.1554720e-01
 -6.8795726e-02
 -6.5558846e-03
 -1.4491577e-01
  1.6188654e-01
 -2.0971471e-02
  3.7794194e-01
 -5.9369689e-01
  3.6602501e-02
 -2.4815129e-02
 -1.6916541e-02
  1.5853044e-02
  6.3240319e-02
 -1.6918938e-01
  1.0579358e-01
 -3.1786996e-03
 -6.7368345e-03
 -3.3028770e-02
  9.0022095e-02
  4.3463551e-02
 -2.4135806e-02
  2.9533107e-02
  3.4701258e-02
  2.6568403e-02
 -2.2679526e-02
  9.5355488e-02
 -5.3344425e-02
  8.3086109e-03
 -1.4906225e-02
 -3.6399785e-02
 -3.6942609e-02
 -1.7647669e-02
  1.8543560e-02
  1.4520912e-02
  1.2832585e-02
 -8.7496238e-03
  2.9793404e-02
 -3.4573209e-01
 -5.5997400e+00
 -1.0021259e+00
  5.4221547e-01
  2.1915309e+00
 -3.0599849e+00
 -5.0657134e+00
 -5.0423309e-02
 -7.4885583e-01
  6.4483654e-01
  3.4062953e-03
 -1.6803829e-01
  1.8841535e-01
 -2.9337387e+00
 -1.3560264e+00
  2.1991784e-02
  1.5037160e+00
 -2.6422510e-02
  1.7416658e-01
 -2.9190376e+00
 -3.5080454e+00
 -5.5912632e-01
 -2.7994967e+00
  5.3782678e+00
  2.7387259e+00
 -9.7989881e-01
  1.4936997e-01
 -7.6332206e-01
 -3.1559840e-02
  5.6151289e-01
  1.1144425e+00
  3.2110217e+00
  2.9072887e-01
  7.2790661e+00
 -3.2135699e+00
 -4.4536325e-01
 -3.0099680e+00
  1.3746023e-03
  1.5174150e-01
  4.4427466e-02
  1.2715462e+00
 -2.4957146e-02
  5.6260839e-02
 -6.6938084e-01
  7.5305426e-01
  2.2361686e-02
 -7.1133375e-01
  1.1570861e-01
 -1.5579919e+00
  2.9542162e-03
  6.0244903e-02
  2.8210673e-02
 -4.4462517e-02
 -1.8563721e-02
 -1.2901857e-02
 -1.8559875e-02
 -1.8732050e-01
 -1.4754921e-03
  3.3882048e-02
  1.8098107e-01
  6.2251735e-02
 -1.2891517e-02
 -2.5668603e-01
  2.2763979e-02
 -1.7987515e+00
 -2.3689144e+00
 -2.5189124e-02
 -1.0332593e-01
  6.8658017e-02
  1.0395028e-01
 -1.8932552e-03
  2.2133410e-02
 -1.7689332e-02
 -3.4973424e-02
 -3.2158114e-03
  2.0132476e-02
 -1.0726472e-03
  1.4971771e-02
 -4.4825748e-02
  1.5316737e-01
 -3.8181324e-02
  4.0294115e-02
  1.4658825e-02
 -5.6644466e-02
  2.9721005e-02
 -3.0806214e-01
 -4.5930859e-04
  5.9450276e-02
 -4.7605727e-02
 -1.1738213e-01
 -9.4590497e-01
  2.0211015e-02
 -1.7210335e-02
  4.4905834e-02
 -3.7997130e-02
  3.6148883e-02
  3.2800529e-02
  2.7211627e-02
 -1.4235892e-02
 -1.5159698e-03
  1.0620544e+00
 -3.5153378e-02
  1.0216935e-02
 -3.1139208e-03
  1.3419513e-03
 -1.1344121e-01
 -2.2871261e-02
 -1.7456035e-01
  1.0486751e-02
 -5.8844071e-02
  5.8948070e-01
 -1.5965098e-01
 -2.1700077e-02
  2.7298557e-02
 -1.4805359e-01
 -8.7790199e-02
 -2.0989168e-02
  1.2488251e-02
 -1.7169367e-01
  2.3606425e-02
 -2.2863965e-02
  1.0054667e-01
  2.5587410e-01
 -1.3401017e-01
 -1.7027873e-01
 -1.6140033e-02
  3.8837004e-02
 -1.7505586e-01
 -2.1682765e-01
  2.0094556e-03
 -1.7593598e-01
  1.1995738e-01
  5.6185331e-02
 -1.3429180e-01
  5.4158866e-02
 -1.6282955e-02
  4.3527256e-03
 -2.5656568e-02
 -8.6874038e-02
 -8.6677838e-03
  1.4438215e+00
  2.2236783e-02
  5.1124706e-03
  4.0122740e-02
 -7.4786516e-03
  3.6541091e-03
  8.7157995e-01
 -1.2345153e-01
 -1.9044658e-02
 -5.0248759e-04
 -9.8402658e-03
  5.4555245e-02
  5.2240558e-02
 -1.0059853e-02
  1.0564645e-01
  2.1462446e-01
  6.2253490e-02
 -6.1295044e-02
  2.3246679e+00
 -3.1364200e-01
 -1.9639841e-01
  3.8286141e-01
 -7.2659189e-03
 -3.2193262e-02
 -5.1384085e-01
  2.4227563e-02
  4.5400195e-02
  6.1464541e-02
  8.5535822e-03
  7.1288675e-02
 -2.5815187e-02
  8.3415829e-02
 -9.2887722e-02
 -2.9329696e-01
  9.0349317e-03
 -1.1822843e-01
 -8.8388093e-02
 -2.1087194e-02
 -2.1770677e-01
  5.6001078e-02
  4.2086456e-02
  4.4308845e-02
  1.9567248e-01
 -6.1164185e-02
 -6.5472543e-02
  1.9738559e-02
 -1.0734814e-01
 -3.9096110e-02
  3.5405940e-01
 -1.3898984e-02
  5.9963558e-02
 -2.6789540e-02
  2.2109019e-02
  1.0436112e-01
 -1.3972410e-02
  1.5974462e-02
 -1.5453334e-03
 -1.3375953e-01
 -9.0738834e-04
  6.4866297e-02
 -3.0602928e-02
 -8.0190964e-02
 -1.2595541e+00
 -3.2409720e-02
  1.8572645e-02
  3.7456298e+00
 -1.0733154e-01
 -2.2861013e-02
 -2.0731222e-02
 -6.0795888e-02
 -4.5681685e-02
 -1.8914589e-01
  3.2400835e-02
  6.3624927e-03
 -2.4791889e-02
 -4.2371973e-02
 -9.7749203e-02
 -9.8219700e-02
 -8.1360094e-02
 -2.8248418e-02
  1.0190693e-02
  3.6551226e-02
 -2.0742412e-03
 -7.8708708e-02
  2.2799192e-01
 -6.0229108e-02
  4.6014390e-03
  2.4924314e-02
  2.9429749e-01
 -7.2572686e-02
 -7.6566465e-02
 -1.8787177e-02
 -3.9303459e-02
  1.5462508e-02
  3.4936935e-01
 -5.4337014e-03
 -1.2855335e-02
 -6.4648256e-02
 -1.6624551e-02
 -3.2103218e-02
  2.2870535e-02
  2.5003599e-02
 -1.0129220e-02
 -8.6106238e-04
  3.9546350e-01
 -9.6895345e-02
  1.6940922e-02
  4.9980067e-02
 -3.5574634e-02
 -1.5480587e+00
  1.8527020e-02
  3.3654198e-03
  1.5086435e-02
  4.7790115e-03
  1.5984699e-02
  1.0656639e-02
  4.7766715e-02
  2.7032612e-02
 -1.9250606e-01
 -2.1844235e-01
  5.9124947e-02
 -4.4884019e-02
 -1.8985858e-02
 -3.2497206e-01
 -6.6721372e-02
 -6.6433646e-02
 -6.4463168e-01
 -4.9372073e-03
  3.4365177e+00
  1.7152203e+00
  1.8269584e-02
  3.9402664e-02
  8.6160131e-02
  5.7830676e-02
  3.0940874e-02
  6.6424347e-02
 -2.0131004e+00
 -2.2100400e-02
  5.0017554e-02
 -9.2568204e-02
  2.0287716e-01
  3.6492810e-02
  1.0223776e-03
 -1.4321064e-02
  1.7488476e-02
 -7.8283045e-03
  5.3588357e-03
  3.8848016e-02
 -4.4318769e-02
 -5.1230085e-03
 -1.5765470e-02
  2.3651028e-01
  1.2882966e-01
 -5.9239931e-02
  8.4211752e-02
  3.7597436e-01
 -4.4709738e-02
 -1.6709794e-01
  1.9737178e-02
  2.2350268e-01
  1.2387371e-01
  4.5236466e-03
  8.1932522e-02
 -1.0825691e-01
 -1.6593757e-03
 -6.5002561e-02
 -2.9945183e+00
 -3.9690447e+00
  6.6659995e-03
  2.9491391e+00
 -6.3646160e-02
  3.0503345e-03
 -1.1349515e+00
 -1.4607345e-01
  2.1762869e+00
 -4.7250506e-01
 -3.1216769e+00
 -1.6083648e-02
  7.9487705e-01
 -3.9796916e-01
 -1.6719501e-01
 -2.9756305e-01
  8.4586382e-02
  2.4437971e-02
  5.0201405e-02
  4.2090258e-01
 -3.5902345e-01
 -5.0140047e-01
 -2.6414305e-01
 -9.9772900e-02
 -3.8785037e-02
  1.0827925e-02
 -1.1321640e+00
 -5.0108987e-01
 -4.1959628e-02
 -8.7321820e-03
  2.4943827e-02
 -2.3944226e-01
  3.5154279e-03
  7.9889899e-01
 -3.1833088e+00
  1.7500017e-02
  1.0986692e-02
  3.0792961e-01
  1.3556754e-02
  1.6941028e-02
  1.3055984e-02
  1.6851451e-01
  7.7710614e-02
 -1.4114184e-02
  8.7255983e+00
  1.8095432e-02
  3.7645739e-02
 -2.2899816e+00
 -5.9238100e-01
 -1.4945090e-01
  1.1377560e-02
  5.1138020e-01
 -6.9832914e-02
  5.5724734e-01
  4.0279746e-02
 -1.0225205e+00
  8.4634727e-01
 -5.1885265e-01
  5.5637330e-02
  9.0723239e-02
 -4.5974120e-02
 -1.4016235e-01
  2.2338866e-01
  6.6589274e-02
 -1.5704632e+00
  1.4621736e-02
 -6.2333088e-02
  5.7350981e-01
  1.8923978e+00
  1.5697712e-01
 -9.8572075e-02
 -1.7527781e+00
 -1.2609988e-01
  1.7372875e-01
  6.4690691e-01
 -6.3852489e-01
 -5.0350952e-01
  1.9397784e+00
 -7.1216208e-01
  1.0855931e+00
  1.1018194e-02
  4.7912812e-01
 -5.9383309e-01
 -1.4250901e+00
 -3.9342386e-01
  1.2150385e+00
  6.3693655e-01
  3.9763540e-01
 -4.1006845e-03
 -8.8126051e-01
  3.4933202e-02
 -4.9111247e-01
 -1.5570036e-02
  2.8273175e-02
  4.6159217e-01
 -1.6166206e-01
  5.6295474e-03
  7.8216106e-02
 -2.6033379e-02
  3.5986239e-01
 -1.8072281e-02
  3.2700838e-03
  8.9636946e+00
  4.3653999e-02
  1.0165932e+00
  1.9190646e+00
  1.9959398e-01
 -1.5370831e+00
  9.2641145e-02
  1.9458663e+00
  3.8799090e+00
 -3.7598186e+00
 -1.2177260e-01
  1.6948637e-01
  3.4363881e-02
  3.0869393e+00
 -4.1087645e-01
 -1.4539352e-01
 -1.3928531e+00
 -1.1289501e+00
  1.3610270e-02
 -5.2230964e+00
  5.1738062e+00
 -2.5985429e+00
 -8.3320057e-01
  3.5074658e+00
 -3.2595627e+00
  9.3982643e-01
 -5.1902833e+00
 -4.3114302e-01
 -3.2089148e+00
 -1.1149102e+00
  3.7754645e+00
 -1.4873866e+00
 -5.0967789e-01
 -1.4815875e+00
 -8.8916318e-03
 -1.7235713e+00
 -4.6806955e+00
  4.1404751e-01
 -4.8422486e-02
  3.0639309e-02
  4.4569197e+00
  3.3599169e+00
  8.2933202e-02
  9.3438768e-01
 -4.2586125e-02
 -2.3733890e-01
  1.2974916e-03
 -1.2482883e-01
 -1.1963086e+00
 -1.7710473e-01
  1.3112857e-03
  6.1003942e-02
 -1.0745678e-02
 -2.3784218e-02
  3.0128185e-02
  1.5548155e-02
 -7.3211327e-02
  8.3702970e-03
 -6.5211639e-02
  4.7023404e-01
 -9.9349953e-04
  4.9572606e-03
  1.1399770e-02
  5.4945633e-02
 -6.7014284e-02
  4.2404741e-02
 -2.0920462e-03
 -2.3417789e-02
 -8.1557343e-03
  7.2492160e-02
  2.1462375e-02
 -6.1181094e-02
 -1.4955473e-02
 -1.1003129e-01
  2.3250692e-03
 -4.8450079e-02
 -6.7329690e-02
 -5.0469674e-02
 -2.5623744e-02
 -1.4338295e-01
 -5.6590196e-02
 -4.3171342e-04
 -6.8065370e-03
 -5.4791714e-03
 -8.7927669e-02
 -4.3585082e-04
  5.2695114e-02
 -1.2582571e-02
 -9.1455072e-02
 -1.2759632e-01
 -1.1529098e-02
 -9.0012103e-03
  8.0893457e-02
 -5.1100510e-03
 -1.1991736e-02
 -1.4903462e-02
  3.0563979e-03
  6.3595138e-02
  1.0871629e-01
  2.9633870e-02
  3.6295138e-03
 -3.1713795e-02
 -2.9953690e-02
 -1.3898406e-02
 -4.7368266e-02
  6.8784797e-01
  5.1162955e-03
 -6.1427366e-02
 -1.7809907e-02
 -1.1524384e-01
  7.4790381e-02
 -1.2007258e-01
 -8.1925616e-02
 -8.5484952e-01
  4.5988867e-03
 -1.5243785e-01
 -4.0357109e-02
 -3.1257376e-02
 -1.9317085e-01
  9.7999193e-02
  3.0238969e+00
  5.4009583e-02
  1.7824677e-03
 -3.8954017e-03
 -8.8757006e-03
 -2.0709857e-02
  1.4064533e-01
 -9.2131421e-02
  1.1689840e-02
 -1.1859847e-02
 -1.4075499e-02
  1.3932268e-01
  3.2507357e-01
  1.9056383e-03
  3.8669467e-02
 -9.4826572e-02
  2.4489863e-02
  5.2334923e-02
  8.1736177e-01
  1.5602200e-01
  1.1711931e-02
 -2.1917738e-03
  2.0799274e-02
 -2.0805109e-02
  1.6626090e-01
  1.8651402e-02
 -6.2390644e-02
  7.5851955e-02
  4.6606479e+00
 -2.1466678e-02
 -9.8146327e-02
  3.5168689e-02
  1.0222971e-02
 -1.0100764e-02
 -1.5815686e-01
 -7.7692874e-02
  9.8931968e-02
 -2.7441498e-02
  2.2498305e+00
  8.0381997e-02
 -7.7666570e-03
 -2.4364822e+00
  1.5230771e-03
  5.9482753e-02
 -3.4469884e-02
  9.8327264e-02
  1.3781787e-03
 -3.7546882e-01
  5.7287171e-02
  2.2175996e-02
  1.3415031e+00
 -1.0242527e+00
  4.0476668e-01
  2.5688635e-02
 -1.8940784e-02
 -2.5772674e-02
  3.1536356e-01
  1.2043006e+00
 -5.6108680e-02
  3.5825040e-02
 -8.3954573e-02
  1.2542292e-02
 -1.4535167e-02
 -5.1644292e-02
 -2.2258332e-02
 -1.1798923e-02
  5.6981228e-02
  5.9696515e-03
 -9.6534908e-02
 -1.1383005e-01
  6.0858469e-02
  3.1262938e-02
  1.8280342e-02
  4.0674530e-02
 -6.4647317e-01
 -5.4550119e-02
 -6.6460535e-02
 -3.7895662e-03
  9.4585425e-01
  7.1856314e-03
 -5.9329249e-02
  5.7409808e-02
  4.6221297e-02
 -1.5642552e-02
 -1.7996413e-01
  3.4707446e-02
 -1.9319554e-01
  1.0029635e-01
 -9.5455267e-02
  2.3169784e-01
 -7.5803095e-01
  1.7182177e-02
 -1.0069424e+00
  3.6657479e-01
  8.3819993e-02
 -1.1467231e-02
  7.9470795e-01
  6.0793459e-03
  2.1814570e-01
  7.8045152e-02
  1.9814973e+00
  1.3616039e+00
 -2.5080448e-02
 -6.4077139e-02
 -2.7834322e-02
 -4.5816097e-02
  1.1452215e+00
  2.8272814e-03
 -4.1441000e-01
  3.6164983e-03
  1.5187907e-01
 -1.1948733e-01
 -9.0435825e-02
  3.9126538e-02
  4.7756153e-01
 -1.6396898e-01
 -1.4405066e-01
 -6.9584765e-02
 -2.8845007e-02
 -1.3521265e-03
 -1.5702976e-02
 -6.1192113e-01
  2.0609140e-02
 -4.8131283e-02
 -7.3273047e-03
 -8.9264652e-03
  1.9260156e-01
  4.4274788e-02
 -8.7567464e-02
 -1.8760186e+00
  2.3583734e+00
  1.4819893e-02
  1.5950603e-02
  2.5601021e-03
  5.5030763e-02
  4.6757922e-02
 -7.2579399e-02
 -6.1486602e-02
 -1.5893202e-01
 -1.4213984e-01
  3.8416363e-02
  1.9984547e-02
  2.3872499e+00
 -6.9362432e-01
  4.7212304e-03
 -2.4783624e-02
 -1.5822586e-02
  1.3784314e-02
 -8.9834988e-02
 -1.3414497e-02
  1.0895332e+00
 -1.3987868e-02
  3.1242247e+00
  2.6347451e-03
 -1.9303918e-01
 -1.7054805e-01
  3.7360799e-02
 -4.9782418e-02
  2.4586302e-01
  1.1224953e-01
  2.8338172e-02
 -3.5447198e-01
  1.0858325e-01
 -2.3186000e-02
  1.0696562e-03
  5.8651108e-01
 -2.2557853e-02
 -1.1304101e-01
  4.3682504e+00
  5.0491706e-02
 -9.4671212e-03
 -1.1188217e-01
 -5.5418763e-02
  5.3361461e-02
  6.5329708e-02
  6.0736383e-03
 -5.4458928e-01
 -7.1659714e-02
 -2.2800218e-02
  1.8389622e-02
 -3.5207064e-03
 -3.8580995e-02
  4.4138327e-02
  1.0528943e-02
  1.1349636e-02
  1.5347101e-02
  2.4067531e+00
  7.7791476e-01
  1.0940770e+00
 -6.4594948e-01
  3.7172878e+00
 -2.2009332e+00
 -5.4664356e-01
  2.3724527e+00
  3.5799124e+00
 -2.5308371e+00
  4.7475916e-01
  5.1049310e-01
  8.2885587e-01
 -8.4126508e-01
  5.7626045e-01
  2.1773803e+00
  3.9716856e+00
 -3.7117824e-01
 -2.3496301e+00
 -1.1577733e+00
 -2.7872899e-01
 -6.1025009e+00
 -4.0906272e+00
  3.3440497e+00
  7.6331687e-01
  1.2136188e-02
 -1.5008501e+00
  1.1180605e+00
 -5.7897120e+00
 -2.1821408e+00
  1.4866630e+00
 -6.8900228e-01
  2.3077281e+00
 -8.8047081e-01
 -3.6734262e+00
 -2.2989058e+00
 -3.4407868e+00
  1.2788023e+00
 -1.6432106e-02
  2.5132784e-01
 -1.0305701e+00
  4.7068812e-02
  1.7926894e+00
  5.3685009e-02
  1.7035440e+00
 -6.9183655e-02
 -1.6983912e-03
 -9.6110159e-01
 -1.3226396e-01
  1.2189774e-02
 -6.0850992e-03
 -5.1568854e-01
 -3.0406392e+00
  2.0276093e+00
 -6.8019933e-01
 -1.1924448e+00
  2.9314630e+00
  2.3362367e+00
 -4.4501538e+00
  1.2262145e+00
  3.2168368e-01
 -4.8168918e-01
  2.5374944e+00
 -1.9364728e+00
  1.4489511e+00
  2.6539154e-02
 -3.1415722e+00
 -3.2399160e-01
 -3.6617106e-01
  3.2722774e+00
 -2.1888292e+00
 -3.1446543e+00
 -7.2672474e-01
  1.3961473e-01
  1.9932218e+00
  3.7722635e+00
 -5.9790745e+00
  5.3208381e-01
 -7.8195173e-01
 -5.6521648e-01
  2.5346634e-01
  5.4973546e-02
  7.5081803e-02
  2.5554764e+00
 -2.4266212e+00
  4.3372207e+00
  3.0903633e+00
 -4.8450332e+00
  1.3506882e-03
 -2.9982177e-03
 -6.8416573e-02
 -1.7343441e+00
 -1.6844472e-03
 -5.5916771e-02
  3.9730918e-01
  4.6958761e+00
  1.0210557e-01
 -8.0861256e-02
  1.5404688e-01
  2.3720181e+00
  2.0005232e-02
  7.3296703e-02
 -9.0923294e-02
 -4.6590488e-02
 -7.8580737e-02
 -2.0752572e-03
 -5.2653071e-02
 -4.8019610e-02
 -1.6232017e-02
 -7.4551240e-02
 -3.6856085e-02
  5.9774250e-02
  2.7541185e-04
 -2.2152063e-02
  3.2848492e-02
 -8.2742840e-02
 -1.9090310e-02
 -1.1749510e-01
 -2.7277214e-02
 -5.6123987e-02
  6.3834707e-03
 -6.6369131e-02
  1.9245539e-02
  2.7960427e-02
  1.9057073e-02
 -4.0092718e-04
 -4.3327501e-03
  2.8557429e-02
 -7.3742673e-02
 -1.0711325e-01
 -9.5599275e-03
 -2.7712837e-02
  5.8767867e-01
  4.0940285e-02
 -6.8467665e-01
 -3.8663445e-03
 -5.6774277e-02
  3.3525154e-02
 -2.5433788e+00
  1.9436887e-02
  2.8754463e-02
 -8.6063787e-02
  2.1387018e-02
  2.9268915e-02
  8.0808438e-02
  5.2804127e-02
  7.5819023e-02
  6.8376251e-02
 -2.7455068e-03
  1.3088783e-02
  5.3046241e-02
  2.8659407e-02
 -1.5322858e-01
  1.5700392e-02
 -7.4273585e-03
 -1.5695427e-04
 -2.2005899e-02
 -7.2279006e-01
  1.1933764e-02
 -4.5821000e-02
 -9.6304022e-02
 -7.3833227e-02
 -4.2083865e-01
  1.0625442e-02
 -1.4274839e-02
  5.5742439e-02
  3.9608252e-01
  9.7186835e-03
  1.4412669e-02
  1.7885288e-02
 -1.1442959e-01
 -9.8681813e-03
  3.1347897e-02
  5.4455597e-02
 -9.0006185e-01
 -1.8562458e-01
 -1.7726436e-01
  2.2247395e-02
  2.2409579e-01
 -8.5537784e-02
  3.1840280e-02
  7.0053805e-04
  3.4178112e-02
 -3.5810838e-03
 -4.6101492e-02
 -8.4332012e-02
 -8.2273787e-01
 -2.1990186e-01
 -3.4513041e-02
  1.1384789e+00
  2.9745397e-01
  2.2934068e-02
 -7.2028562e-03
 -2.4150170e-01
  3.6193348e-02
  7.1258649e-02
  1.9500481e-02
  5.5458271e-03
 -1.3955501e-01
 -1.2690532e-02
 -1.1614245e-02
 -2.8925610e-05
  4.3370917e-02
  2.6289806e-02
 -1.9837199e-01
  1.0797563e-01
 -4.9580245e+00
  2.0415835e-01
 -8.6779378e-02
  1.0822083e+00
 -6.8556113e+00
  5.6614575e+00
  2.1853020e+00
  3.1464565e+00
  5.9537439e+00
  1.8556108e+00
  3.2216167e+00
  1.7329854e+00
  3.1118543e+00
  1.7090708e+00
  3.6633852e-01
  2.9788067e+00
  3.3466630e+00
 -3.2656556e-01
 -2.1016293e+00
  2.5443773e+00
 -4.0427094e+00
 -1.2923032e+00
  3.0395034e-01
 -1.0428958e+00
 -2.6713762e+00
  1.9772643e+00
  3.3872404e+00
 -1.4157121e+00
 -1.4796710e+00
  4.7095117e-01
 -5.8394056e-02
 -2.7928793e+00
 -6.7018676e+00
  1.2119044e+00
 -1.7519867e+00
  8.8808584e-01
 -7.9493895e-03
  6.0800739e-02
 -1.7327838e-01
  8.9313048e-01
 -1.9495057e-02
 -2.5339084e+00
 -1.6236037e+00
  6.2598124e+00
 -2.4902537e-02
  5.4245526e-01
  5.7295367e-02
  7.2811596e-02
  2.5140005e-01
  2.2524160e-03
  1.0871551e-01
  5.5363208e-02
 -5.6990676e-02
  3.2689292e-02
  1.8882674e-01
 -7.5856522e-02
 -8.9421237e-01
 -2.5048149e-01
 -2.7936563e-02
  9.3626752e-02
 -6.4818910e-03
 -1.0169219e-01
  1.8039570e+00
  5.1432896e-02
  4.0085897e-01
  3.3891726e-02
  1.3637003e+00
  2.3149619e-02
 -5.1540029e-03
  9.8954529e-01
  2.0921202e-02
  6.0961707e-03
 -6.0338855e-01
  8.6557791e-02
  1.8720794e-01
  1.2916876e+00
  3.5706531e-02
  1.6358316e-02
 -5.7519831e-02
  5.4168630e-02
  1.6459946e-02
  2.7853593e-02
  3.0000536e-02
  1.1058391e-01
  1.9465065e-01
 -1.0458902e-01
  1.6593650e-02
  3.2899088e-01
  6.1254054e-02
  3.4344550e-02
 -1.3749023e-02
  4.4970240e-02
 -4.8312240e+00
 -1.6447358e-02
 -3.9134128e-03
  3.0062385e-02
  8.3076887e-02
  4.8767947e-02
 -2.3018211e-02
  2.1814106e-02
  5.6704036e-03
 -1.3878505e-02
 -9.7851582e-02
 -2.1269861e-01
  4.2731009e-02
 -2.9439805e-02
  3.2108363e-02
  4.0750417e-01
 -6.3447095e-02
  6.5246858e-02
  1.1746147e+00
  7.5171687e-02
  2.5141788e-01
  6.0846522e-02
  1.1687376e-01
  1.5630627e-02
  1.6078498e-02
  1.2171329e-01
 -6.3763097e-02
  6.3044978e-03
  4.9433991e-02
  1.9331354e-01
 -1.5818873e-01
  9.3406215e-02
  4.6829935e-02
 -2.4107536e-02
  9.8914631e-02
 -1.0198627e-01
 -6.2220816e-02
  1.3716397e-01
  1.5485269e+00
 -5.3849425e-02
  4.0807878e-03
  9.7320490e-03
  1.5337536e-02
 -1.4229178e+00
 -9.6858405e-03
 -1.9370797e-03
 -3.7348673e-02
  4.8995603e-02
  2.8146556e-02
  4.0724903e-02
 -5.6702040e-02
 -1.4662638e-01
  1.5650285e-02
  1.8868685e-02
  2.1190263e-01
  1.8170787e-02
 -1.3440114e+00
  1.4256064e-02
 -5.3481694e-02
  2.1300836e-02
 -3.3511840e-02
  1.0191517e-01
 -7.2272348e-01
  7.5674583e-03
  2.0024677e-01
  3.7696832e-01
 -1.3768810e-02
 -9.9350965e-01
  6.3882686e-02
  4.5234773e-02
 -1.8878198e-01
  1.0752179e-01
 -4.6029828e-02
  3.5915703e-02
  7.5316288e-02
 -1.0634742e+00
 -4.6455570e-02
  1.4332139e-02
 -1.2629157e-01
  6.9098212e-02
  2.3599511e-02
 -1.6590422e-02
  1.7082992e-01
 -5.5301476e+00
  8.4380847e-01
  2.0715600e-01
  1.5903844e-01
  5.4663736e-02
 -5.1676142e-03
 -4.1381562e-01
  4.2408615e-02
 -1.8432187e-02
  2.9204318e-02
  3.1160584e-03
  4.2594347e-02
  7.8935705e-02
  1.4055796e-01
  1.0156290e-01
 -1.7950756e-02
 -1.4073045e-02
  4.2133432e-02
  5.0019291e-03
  3.4070212e-02
  1.2727231e-01
  1.0044025e-01
 -1.0374351e+00
 -5.1173691e-02
  2.1259600e-02
  1.4905689e-02
 -1.4107046e-01
  2.8564977e-05
 -1.0607800e-01
 -2.3525720e-03
 -7.2667807e-01
 -3.6771516e-03
  5.6476794e-02
 -1.8733636e-02
  4.7101647e-02
 -6.2209624e-01
 -3.9550871e-02
 -2.3930025e+00
 -1.1680987e-01
 -3.3582661e+00
 -1.8761367e-01
  5.1966375e-01
  2.9460013e-01
 -3.9997792e+00
 -2.9599221e-02
 -8.6592818e-03
 -1.6496499e-01
 -2.4083090e+00
 -2.7539223e-01
  1.3163888e-02
  2.6957657e+00
  8.0221796e-01
  1.0738406e-01
  2.2127726e+00
  2.8307941e+00
 -1.3717151e+00
  7.6516666e-02
 -4.6491227e+00
 -2.8468193e-02
  5.2048659e-01
  4.3871737e-01
  2.3810802e+00
 -1.8772818e-02
  1.0411458e-01
  3.0290782e-01
 -9.1717690e-02
  1.6642907e-01
  1.7078342e-01
  5.4022195e-03
  7.2960739e+00
  6.1051053e-04
  7.7744476e-02
  6.6643716e-03
 -3.6846589e-02
  1.3638244e+00
  1.0278729e+00
  4.9290285e-02
  7.2671166e-03
 -1.2242351e+00
 -5.8476133e+00
 -2.9449034e+00
 -5.3345051e+00
  2.9794285e+00
  3.1271105e+00
 -7.9867749e+00
 -1.7614126e+00
  2.4674909e+00
 -1.2630152e-02
  6.4588900e+00
  1.7764484e+01
  1.0715960e+00
  6.3904433e+00
  1.5327252e+00
 -6.6055408e+00
  1.2094451e+00
  2.9270346e+00
  5.6997929e+00
  9.1119027e-01
  7.2364511e+00
  1.2269555e+00
 -1.8232309e+00
 -2.7431145e-01
  3.3008242e+00
  3.8536125e-01
  2.5760162e+00
  7.1627698e+00
  3.1898930e+00
 -5.5707735e-01
 -1.5183400e+00
  3.7632099e-01
  2.3041648e-01
  2.3639970e+00
  5.9330626e+00
  6.6015530e-01
  2.5399146e+00
  1.6356294e+00
 -8.4496045e-01
 -1.3492383e-01
 -1.1676449e-01
 -9.6162707e-02
  1.8037252e-02
 -3.3099639e+00
 -3.7684484e+00
 -7.1660101e-02
  5.9303348e-03
  1.3079916e-01
 -1.0266406e-02
 -8.3099902e-02
 -3.6016591e-02
  1.6682804e+00
  1.5888823e+00
  2.8890347e+00
  6.1814439e-01
 -1.1701922e+00
 -2.5370873e-03
  2.3167546e+00
  5.5805242e-01
  2.3467679e+00
 -1.9629347e+00
  5.4096518e+00
 -2.0008831e+00
 -4.4034219e-01
  1.2493899e+00
  1.3822557e-01
  6.9839858e-02
 -2.0688194e-01
 -9.9760793e-02
 -2.0647833e+00
  9.0625876e-01
  4.1235800e+00
 -2.6796269e+00
 -1.8973789e-01
 -8.4378748e+00
  5.5120153e+00
  1.3246843e+00
 -4.2236921e-01
  6.0448742e-01
 -1.4609497e+00
 -2.3911402e+00
 -3.1201391e+00
 -3.1988037e-01
 -4.1499004e+00
  7.0024729e-01
  3.1214263e+00
 -5.2571497e+00
 -9.9121082e-01
  1.7676487e+00
  1.1056472e+00
  1.3709430e+00
 -3.9071469e+00
  6.2281214e-02
  1.1413328e-01
  3.3986902e+00
 -2.4308562e-01
  2.0419724e-02
  7.0674896e-02
  2.0173192e+00
  1.0524241e+00
 -1.8455456e-03
  9.1885187e-02
 -1.8919536e+00
 -1.8160151e+00
  3.8598011e+00
  1.0577524e+00
  1.0320164e+00
 -1.1996216e+00
  2.6488706e-01
  1.1064316e+00
  3.4669497e+00
  1.4103752e+00
 -4.3620715e-01
 -1.9939687e+00
 -1.2099441e+00
  3.8963928e+00
 -3.9473760e-01
 -3.5770801e-01
 -6.6894591e-01
 -1.4269044e+00
 -1.5075564e+00
  1.6964250e+00
 -1.5127770e+00
 -1.8466606e+00
  1.4726239e+00
  1.0724012e+00
 -1.5627753e+00
 -2.3759460e+00
 -2.0215268e+00
 -9.8219514e-01
  1.7844740e+00
 -3.3375897e+00
 -4.2916426e-01
 -7.4167979e-01
 -6.2621224e-01
  2.1463804e-01
 -2.4428552e-01
 -5.6079733e-01
  5.1492387e-01
  3.7304217e-01
  2.3636761e+00
  8.8666052e-02
  3.1821871e+00
 -2.8660150e+00
  4.8224798e-01
  1.2709454e+00
 -5.7345733e-02
  2.4588511e-03
 -3.9831731e-02
  4.4791851e+00
  4.2528267e+00
  3.8887063e-01
 -2.7172750e-01
 -5.9820220e-02
  1.0170661e-01
 -1.1074900e-01
  9.5151675e-01
  6.0892317e-02
  2.1226247e-01
 -2.5656009e-01
 -8.5432962e-02
  2.3255095e+00
  2.3636518e-03
  1.3610514e-02
 -9.0748757e-02
  2.3608402e-04
 -1.8551234e-04
 -7.9938456e-02
  1.0478975e-01
 -3.8083613e+00
  4.7112284e-03
  2.9688261e-03
  2.8925223e+00
 -2.2240594e-02
 -1.3293509e-01
  1.8776126e-01
 -2.0660104e-03
 -9.1507696e-02
  7.4170958e-03
  1.1011060e-02
 -2.8360543e+00
 -1.5053946e-02
 -2.4094544e-02
 -4.9179640e-02
 -4.7040910e-02
 -1.1821366e-01
 -2.2053308e+00
 -2.9672700e-01
 -4.9112037e-02
  4.9140975e-02
  1.7280182e+00
 -1.2154739e-01
 -5.9937155e-03
 -5.2680540e-01
 -2.4981525e+00
  9.3041889e-02
 -7.5677764e-03
  9.4714602e-03
 -1.3368727e-01
  2.2017613e-02
  7.2850639e-01
  4.1856137e-03
 -9.7523006e-03
 -1.7984723e-03
  1.3155012e-01
  1.5301004e-01
 -4.3125033e-01
 -1.0009292e-01
 -3.7805036e-02
  8.0954805e-02
  1.4314808e-02
  1.7556114e-02
 -1.0797803e+00
 -1.7167202e+00
 -6.6425917e-03
 -2.1677171e-01
 -3.3854577e-03
  5.9762883e-01
  1.9147858e-01
 -5.2529895e-01
  2.5921266e+00
 -1.0610788e-02
 -2.4401423e-01
 -1.2510513e-01
  3.4030899e-03
  7.2387539e-02
 -9.5759429e-02
 -6.6473615e-01
 -7.6220624e-02
 -1.0963473e-01
 -7.1503365e-01
 -2.7632453e-02
  3.5660722e+00
  1.9305740e-01
  3.4216069e-02
  1.1761971e-01
  6.2372327e-02
  4.4244918e-01
  7.2530672e-02
 -1.3747046e-02
  3.9386742e-02
 -2.0445918e-01
 -2.6135712e+00
  1.0153815e-02
  9.8564613e-01
  3.0880662e-02
  6.1922546e-02
  1.3900170e+00
  1.3312156e-02
 -4.5793038e-03
 -1.2528168e-01
 -8.5377075e-02
  1.0775501e-01
 -9.5569789e-03
  8.5069865e-02
 -4.9525518e-03
 -5.2840810e-02
 -2.9195881e+00
 -7.7641982e-01
 -6.2746637e-02
 -5.2683931e-02
 -1.6896568e-02
 -2.6672142e-02
  1.0993596e-01
 -2.3466325e-01
  7.5077109e-02
 -5.5868946e-02
 -4.2081926e-02
  2.3501787e+00
 -9.3740195e-02
 -1.9051176e-02
  1.2719938e-02
 -8.2948871e-02
 -5.0144330e-02
  1.5436120e+00
 -7.4180104e-03
  3.6094286e-02
  5.8204208e-02
 -1.8543957e-02
 -3.5323150e-02
 -4.2196281e-02
 -4.8825490e-01
 -1.7785034e+00
  9.6202418e-03
  5.1296767e-02
 -2.6963439e+00
 -3.1651895e-02
  1.5583856e-03
 -5.5037417e-02
  2.2150140e-02
  1.1100061e-02
  3.5022575e-02
 -1.5492119e-02
 -2.7514029e-02
 -2.4844686e-02
 -1.0046926e-01
  4.8176721e-03
  8.7286383e-01
 -4.9504105e-02
 -2.0013854e-01
  1.7140351e-01
  8.0690488e-02
  5.0118618e-02
  5.8114741e-02
  9.9998219e-03
  9.3075000e-02
  1.1366348e+00
 -3.3190680e+00
  3.1540315e+00
  2.2590573e+00
  1.2288661e+00
  3.9448864e+00
 -9.7330832e-01
  3.1000519e+00
 -2.5590789e+00
  3.2473452e+00
 -4.3807397e+00
  4.0427427e+00
  5.7015455e-01
  3.3934929e+00
 -1.6081820e+00
 -4.0473127e+00
 -9.3661390e-02
  5.2407730e-01
  2.2307580e+00
 -3.1468368e+00
  3.7706089e+00
  2.5752866e+00
  8.5629892e-01
 -3.3904574e+00
 -3.5270693e+00
  2.7058160e+00
 -3.1133592e+00
 -3.2373874e+00
 -2.4888606e+00
 -1.9818227e+00
 -3.1308241e+00
  2.5575538e+00
 -3.7738829e+00
 -4.3024273e+00
  3.6233377e+00
  4.1132774e+00
 -2.8989065e+00
 -2.7295713e+00
 -3.4833195e+00
  3.0701849e-01
 -1.3256116e+00
  3.2128329e+00
 -3.5269697e+00
 -3.8829861e+00
  4.4087310e+00
 -4.2432585e+00
  2.0999060e+00
 -3.1025922e+00
 -1.8464228e+00
 -4.0273414e+00
  5.1438622e+00
  2.9178135e+00
 -3.7896466e+00
  3.5019915e+00
  1.4443924e+00
  7.5763178e-01
  3.5483477e+00
  1.7515221e+00
 -8.1138633e-02
 -3.9319141e+00
 -2.8251522e+00
  1.8838209e+00
  2.0782237e+00
 -3.1793470e+00
  5.8820515e+00
  1.2442064e+00
  8.0514868e-04
 -2.0654042e+00
 -3.6333964e+00
 -6.0995426e+00
  4.4398651e+00
 -8.2174760e-01
  3.3683586e+00
  3.2997770e+00
  3.9638743e+00
  4.1738963e+00
 -3.9265335e+00
  4.3652897e+00
  2.9108419e+00
  1.1870022e+00
  3.3916254e+00
  4.0218997e+00
 -4.0833077e+00
 -2.9649634e+00
 -3.2209432e+00
  1.5287353e+00
 -4.7417402e-01
  4.0400443e+00
  4.0000248e+00
  8.2017198e-02
 -3.8355892e+00
 -3.6056504e+00
 -4.5828424e+00
 -4.8299050e+00
  1.9878732e-01
 -2.6865694e-01
 -6.5500844e-01
  2.7873731e+00
 -2.7847340e+00
  5.0126791e+00
 -7.0701665e-01
  1.6414852e+01
 -2.7041012e+01
 -4.3619852e+00
  4.1861552e-01
 -1.3245940e+01
 -2.5265324e-01
 -9.4355345e+00
  9.7446833e+00
 -1.5631649e+01
  2.3902355e+01
 -1.9165340e+01
 -2.2437010e+00
 -3.1347013e+01
  1.3714459e+00
  1.2745031e+01
  1.6988859e+00
 -3.2542388e+00
 -1.4174418e+01
  9.2769785e+00
 -1.6751150e+01
 -1.2224814e+01
 -1.1284581e+00
  7.1617603e+00
  1.3864971e+01
 -2.1873326e+00
  1.2885335e+01
  1.2954188e+01
  3.2243669e+00
  2.4518461e+01
  8.4333696e+00
 -1.8153959e+01
  2.6391201e+01
  2.4856569e+01
 -2.1879438e+01
 -2.4853447e+01
  2.3415548e+01
  2.3631996e+01
  3.3949539e+01
 -1.4070014e+00
  1.2111581e+01
 -2.1283148e+01
  2.2446838e+01
  1.6690914e+01
 -2.9818071e+01
  2.0955135e+01
 -8.5758581e+00
  1.9872780e+01
  8.3988609e+00
  1.3462459e+01
 -1.6741390e+01
 -1.7137598e+01
  5.2949772e+00
 -1.2016700e+01
 -1.2692256e+00
 -1.4139223e+00
 -3.1003448e+01
 -1.1708385e+01
  1.5576404e+00
  2.3346737e+01
  4.4046507e+00
 -7.0487537e+00
 -9.0096560e+00
  9.7352200e+00
 -2.1813705e+01
 -3.0738050e-01
 -2.6454420e+00
  7.4663110e+00
  3.9021835e+01
  1.1782890e+01
 -2.7823185e+01
 -4.6551290e-01
 -1.2914344e+01
 -2.3598461e+01
 -1.4140359e+01
 -3.0740637e+01
  1.9922085e+01
 -1.6111031e+01
 -6.4132652e+00
 -1.3731544e+01
 -1.7573475e+01
 -2.0505636e+01
  1.5514816e+01
  3.1730080e+01
  2.4331224e+01
 -9.1403732e+00
  8.5734135e-01
 -2.3495911e+01
 -1.4785618e+01
  8.1460869e-01
  2.2616146e+01
  2.1326740e+01
  2.7291201e+01
  1.0166448e+01
 -4.8959160e+00
  6.4646482e-01
  2.0323980e+00
 -2.3110035e+01
  1.6920925e+01
 -3.0269960e+01
 -9.3358003e-02
 -2.3985300e-02
  2.0231802e-02
 -2.3855554e-02
  1.2042147e-01
  6.7095242e-02
  3.3633783e-04
  1.0926401e-01
  5.4746017e-02
  3.0625237e-03
  1.4381802e-01
 -1.0479042e-01
 -2.5172192e-03
  4.1792519e-02
 -5.6294542e-02
  5.0918655e-03
 -1.0860643e-01
  1.6675398e-02
 -1.4304625e-03
  3.3343490e-02
 -5.2426374e-03
 -1.0811611e-02
 -8.5572265e-02
 -1.2568335e-01
 -4.5006876e-03
  3.7491210e-02
 -2.9116070e-03
 -1.7749134e-02
 -1.1715332e-01
  1.5881307e-02
  3.4790862e-02
 -1.3584240e-02
 -5.7809497e-03
  8.3264209e-02
  2.0176703e-02
  1.4411786e-01
 -1.4957855e-02
  2.8075708e-02
 -1.2109025e-02
  1.0678316e-01
  3.0844145e-02
  1.6930443e-01
 -1.2052004e-02
  1.8349465e-02
  1.7997816e-01
 -8.8656470e-02
 -7.5468659e-02
  6.2941746e-03
 -1.4142929e-02
 -8.7414935e-02
 -5.6733135e-02
  5.2294921e-02
  2.8611987e+00
  4.8139801e+00
 -1.0464472e+00
 -6.6605914e-01
 -7.4409358e-02
 -4.9962126e-02
  7.3295784e-01
  3.3431321e-02
 -8.5399620e-02
 -6.1955815e-04
  3.4263052e-02
 -3.4604482e-02
 -4.9003186e+00
 -1.2545236e-02
  5.9637681e-02
  4.5284364e-02
  2.5727737e-01
 -4.2544913e-01
  1.3760873e+00
 -4.3864109e-02
  1.4750686e-01
 -6.3710243e-02
  1.7759547e+00
 -1.5798001e-02
  1.0618747e-01
  2.5725948e-02
 -2.2595532e-02
 -4.0392169e-01
  9.9082536e-04
  2.0852406e-02
 -4.0227792e-01
  6.5830961e-02
 -1.4522856e-01
  9.8418452e-02
 -9.3348463e-05
  7.0262206e-01
 -2.8808776e-03
  4.9657211e-02
  5.2487645e-02
  1.1978611e-01
  5.7501607e-02
 -2.8667060e-01
 -9.2640236e-02
  8.9764741e-04
  2.2683660e-02
 -2.4816278e-02
 -1.2985146e-02
 -2.3913695e-02
 -3.2673296e-02
  5.9880666e-02
  1.6877005e+00
  3.5094906e-02
 -7.5609457e-01
 -1.4823021e+00
  1.3317056e+00
 -2.5889138e-02
  1.8573823e+00
  9.9876428e-01
 -1.2664719e-01
  2.9198009e-01
  2.0774615e-01
  8.0332011e-02
 -1.0640864e-01
  2.4416942e-02
  9.4560035e-02
 -2.4268305e-02
  1.5058163e-01
  2.3315245e-02
  1.6524812e+00
  2.8746134e-01
  3.3727333e-01
  6.3442850e-01
 -1.2859662e-02
  3.3404171e-01
  2.0375596e-02
  1.4839235e-02
  5.4359422e-03
  2.0000944e+00
 -7.1174127e-01
  2.3131736e-01
  1.2804545e-01
 -2.6926782e+00
  1.5650693e+00
  2.4525020e+00
  2.2510856e-02
  1.6376051e-03
 -2.3481257e+00
  3.5888236e-02
 -8.2197912e-02
  1.1537726e-01
 -7.1377666e-03
 -3.5290364e-02
  2.4611894e-02
  2.5497163e-02
 -1.8218862e-01
 -1.9979894e-02
 -2.5966600e-02
 -1.5654027e-01
  2.4732333e-02
 -3.2845899e-02
 -1.3403769e-02
 -1.8570818e+00
 -5.9498227e-01
  2.7000318e+00
  6.4764476e-01
 -4.2720032e-01
 -4.3838760e-01
 -2.3708130e-01
 -2.5273123e+00
  1.0785167e-01
  2.5255497e+00
 -4.1414730e-02
  5.5944023e+00
 -5.2596527e-01
  4.2530475e+00
  2.5557535e+00
 -2.2679694e+00
  3.5722336e-01
 -1.5341752e+00
  4.5959311e+00
 -1.1481577e+00
 -8.9283109e-01
 -1.8147010e-02
 -9.0102024e+00
  1.8672783e+00
  8.7506860e-01
  1.5621715e+00
  8.3686513e-01
 -6.6821820e-01
  2.4961827e+00
 -6.8742537e+00
 -3.8185194e-01
 -3.8803945e+00
  3.3040011e+00
  2.8090086e+00
  3.6718935e-01
  1.7175601e+00
 -4.6780334e+00
  1.0923820e+00
 -4.2619202e-03
 -1.5063139e-02
  3.1341556e-01
  8.3215302e-01
  7.9466969e-02
  1.0049010e-02
 -5.9571903e-02
  9.9492162e-02
 -2.5585195e-02
  2.5879251e-02
 -4.0614955e-02
 -4.6998132e-02
  1.0640467e-02
  1.1347688e+00
 -1.4812005e+00
  4.3945212e-02
 -2.1757273e-02
  8.1490755e-02
  1.1096356e-03
  2.2014340e-02
 -4.7123380e-02
  7.5387484e-03
 -2.5692146e-02
  8.0896374e-03
  1.8575035e-02
  1.2007512e-02
  3.4251142e-02
  1.8852867e-02
  1.0836109e-02
  2.7815169e-02
 -5.3010553e-01
 -9.2985397e-03
  8.4318161e-01
 -4.8018359e-02
 -3.7899334e-02
 -1.2013569e+00
  7.7542104e-02
  2.0154586e+00
  1.5616388e-02
  2.5031958e-03
 -4.3014582e-02
 -3.8613738e-03
  1.1411827e-02
  8.0254614e-02
  8.5429385e-02
  5.4366097e-02
 -1.1736982e+00
  8.1922887e-03
 -7.6432690e-02
  1.8618362e-01
 -1.3123703e-01
  3.9402124e-02
  1.0634090e-02
 -1.2815427e-03
 -1.2903313e-02
 -1.3591945e-01
  3.0932683e-02
  9.7865641e-02
  5.7134936e-03
 -5.9014838e-02
 -2.1710135e-02
  1.0565785e-01
  2.7248480e-03
 -5.4506361e-02
  3.4600891e-02
  2.4689592e-02
  2.9110087e-02
  5.6863248e-01
 -4.9030673e-02
  4.7279891e-02
 -8.9428328e-02
  1.3893554e-02
  3.5984900e-02
 -3.4338206e-02
 -2.7697167e-01
 -9.8332152e-02
  8.2708493e-02
  8.5097119e-02
 -5.1536691e-01
  7.3875785e-02
  1.1467132e-02
 -4.6481133e-02
 -4.7059860e-03
 -3.3919647e-02
  4.1913342e-01
  5.8642570e-03
  2.9489929e-02
 -1.3045493e+00
 -6.5606564e-02
  5.6743175e-03
  2.5691509e-01
  1.8778894e-02
  6.8418354e-02
 -1.0582352e-02
  8.6932098e-03
 -5.3494435e-02
  1.0499776e-01
 -2.5508899e-02
  7.7026570e-03
  2.3799125e-02
 -2.6153468e-02
 -5.7438239e-02
 -2.0410309e-02
  2.2158642e-01
 -5.5874931e-03
  1.8224154e-02
  8.9339823e-02
 -6.9839664e-02
  1.2812481e-02
 -1.9921139e-02
  3.6809918e-02
 -1.6170535e-02
  6.9707513e-02
  9.8886281e-02
  1.5710276e-01
 -2.9044321e-02
 -4.6879816e-01
  3.7370264e-03
 -2.0809475e-02
  2.8458556e-02
  4.7601797e-02
  7.0251119e-01
 -2.6687306e-01
  5.7470560e-02
  2.3499657e-03
 -8.9302726e-02
 -1.1384532e-02
  1.7311673e-01
 -1.6370505e-02
  1.0803629e-02
  4.9802765e-02
  4.6334255e-01
 -5.5130545e-02
  5.1454119e-03
 -1.7537113e-02
 -2.5003934e-02
 -3.8190838e-02
 -2.9220441e-02
  1.4659273e-02
 -1.3044250e-01
  4.3284252e-02
  2.3409271e-01
 -2.7266705e-02
 -5.8351029e-02
  1.6517716e-02
  1.6944366e-02
 -6.1821274e-02
  1.1247237e-02
  1.9759025e-01
 -6.4916879e-02
 -2.6134148e-02
 -1.3911814e-02
 -1.1624465e-02
 -1.8442811e-02
 -3.2297511e-02
  2.7303850e-02
 -4.1772000e-02
  4.6822453e-01
 -3.1000651e-02
  2.1342613e-02
 -4.1948766e-02
 -5.3127453e-02
  2.9143034e-02
 -1.9169005e-02
  7.3069401e-02
  1.0524663e-01
  1.4746045e-02
  7.9292971e-01
  1.0125687e+00
 -2.6212538e-02
  1.6501823e-01
 -1.2814531e-01
 -1.1280304e-01
  2.0584174e-02
 -2.2300396e-02
  1.9596535e-01
 -8.1196904e-02
  4.8231784e-02
 -1.3312377e-01
 -2.6374280e-02
 -1.0352224e-02
 -5.3339604e-02
 -5.3149186e-02
 -9.1664001e-02
  4.8924319e-02
 -1.2807334e-02
  2.0273964e+00
 -4.9069598e-02
 -1.6083016e-01
 -1.5566129e-02
  9.8682895e-02
  1.7350653e-01
  2.2380529e-01
 -1.4087813e-02
 -7.5762115e-02
 -1.1406817e+00
  1.1203422e-01
 -1.1718823e-01
 -1.5148982e-02
 -1.3430269e-01
 -3.8615331e-02
 -3.4893762e-02
  3.9628854e-01
  2.2253636e-02
 -2.8343013e-02
  2.0933621e-02
  2.2138866e-02
 -2.4321226e-02
  3.9500132e-02
 -5.2988145e-04
  5.2647155e-02
 -2.4399551e-02
  1.4872020e-03
 -1.4828889e-01
  6.1989050e-02
 -2.9594371e-02
  1.9951945e-02
 -2.6023963e-02
  1.1599011e+00
  4.5389616e-01
  7.7709422e-02
 -1.6482269e-02
 -3.2955892e-02
  2.2793720e+00
 -3.3720022e-01
  4.1812744e-02
 -5.8143665e-03
  8.9981087e-02
 -1.7705394e-02
 -5.1839560e-02
  5.1497199e-02
 -3.3933453e-02
  4.7904193e-02
 -1.1220274e-01
  1.6713070e+00
  2.6967615e-02
  1.2049755e-01
 -7.4777111e-02
 -5.1041737e-02
  3.1365815e-01
 -1.2872708e-01
 -1.7137419e-02
 -1.6772607e-04
 -3.5015154e-03
  1.4566452e-02
  2.1024213e+00
  1.8353863e-02
  1.0113869e-01
 -1.7639894e+00
 -1.1121364e+00
 -1.6614856e-04
 -3.6416814e-02
  1.9728513e-02
 -4.4031478e-02
 -6.0828105e-02
 -9.7188401e-01
  1.1124926e-02
 -3.0173086e-02
  1.4636606e-01
  1.4206431e-02
  5.3837948e-02
  1.4633167e-01
  6.2318329e-02
  3.8402777e-02
 -4.3210941e-03
 -7.2075963e-02
 -8.0424257e-02
 -1.4167174e-02
 -1.0684506e-02
 -1.0078210e+00
  5.3596143e-02
  5.0045002e-02
 -9.2640525e-01
  2.5162933e-02
 -4.5577489e-02
 -1.5407617e-01
  3.5385251e-02
  9.8820388e-02
  3.9340064e-02
 -1.2199657e-01
  2.7039629e-01
 -1.3150811e-01
  1.3122676e-01
  2.3293663e-02
 -9.5768586e-02
 -2.1528613e-02
  4.8861008e-02
  8.6952252e-03
 -4.3147221e-02
 -6.2095068e-02
 -3.5155248e-03
 -3.8632414e+00
 -1.0078143e-01
  3.2481559e-02
 -9.9792860e-02
 -9.9553770e-01
  1.6427232e-01
  1.9302496e-01
 -4.2153737e-03
 -1.2460528e-02
 -9.9583566e-02
  1.8938111e-01
 -5.8181193e-02
  8.2234450e-02
 -2.0121059e-03
  3.3229634e-02
 -9.2415558e-03
 -1.4047165e-01
  2.1460040e-02
  1.0986323e-02
 -3.0128057e-03
 -3.2456018e-02
  5.4185823e-02
  3.9430331e-02
  2.4022352e-02
  7.8438455e-03
 -2.8705640e-02
  1.6239366e-02
 -4.9311627e-02
 -2.1534977e+00
  1.6944582e+00
  1.9903208e-01
 -2.9253702e+00
  2.4781110e+00
 -1.7467525e+00
 -1.3921287e+00
  1.3216038e+00
  7.0996177e-01
  1.1214577e+00
  1.1673485e+00
  2.8538148e+00
 -1.9453375e+00
  2.5187489e-01
  2.1020740e-02
 -9.7158533e-01
 -1.1924551e-01
 -2.1818902e+00
  2.5782869e+00
  2.2381310e+00
  1.5079596e+00
 -6.1119509e-01
  2.9663965e-01
  7.5787306e-02
  2.5460558e+00
  3.0604756e+00
  7.7042466e-01
  2.2752946e-02
 -3.6643915e+00
  8.7457466e-01
 -1.9389493e+00
  2.3577042e+00
 -9.8376475e-02
 -2.0713329e+00
  1.6670704e-01
 -5.6389856e-01
  3.4157176e+00
  1.7707968e-02
  8.8428217e-04
  8.6433955e-02
  4.7501463e-01
 -4.5481794e-02
 -2.1239931e-02
 -1.0218940e-03
  1.2625128e+00
 -1.6030183e+00
  3.9138882e-03
 -7.6797999e-02
 -5.4052859e-03
  6.7448422e-02
  5.3283568e-02
 -1.5589307e-02
  1.0530704e+00
  1.5135364e-01
 -9.6144460e-02
  2.2103071e-01
 -4.0357884e-02
  1.9209161e-01
  8.3936036e-01
 -2.6779264e-01
  1.3082189e-02
  6.7565054e-01
  2.0278490e-03
 -6.9000426e-04
  1.2758766e-01
  8.0081105e-02
 -3.5360733e-03
  2.3680177e-02
  2.4065085e-02
  1.0552444e-01
  1.3001966e-01
  1.8299133e-01
  5.4447416e-02
  2.1840949e-02
  1.9209769e-02
 -7.1135342e-02
 -4.2233925e-02
 -5.7594953e-03
  8.0696838e-03
 -8.3853853e-01
 -2.1293124e-03
 -6.2745713e-02
  1.9302085e-01
  1.0337120e-01
  2.4263460e-02
 -7.7843331e-03
 -2.0412933e-02
  2.1341166e-02
  2.4616945e-01
 -4.2292170e-02
 -4.4240054e-02
  8.1029218e-03
  6.8269514e-02
  1.8490443e-02
  2.6793702e-02
 -1.8120758e-02
 -6.4842808e-03
  8.6263865e-03
 -3.6607534e-02
 -7.0418127e-02
 -2.9314702e-02
 -8.5802309e-02
 -2.0912096e-01
  1.4799896e-01
  6.2852882e-02
 -1.0199492e-01
  3.0089065e-01
  5.6575802e-03
  8.3281979e-02
  8.7149747e-02
 -1.2860930e-01
  5.9715200e-02
 -2.8687716e-02
  4.3823928e-02
  3.3416927e-02
 -7.2707064e-02
 -7.3232325e-03
 -3.6917094e-02
 -5.0711807e-02
  3.7984766e-02
  3.5796836e-02
  1.0860312e-01
  4.1071020e-02
 -1.1109575e-01
 -4.5936726e-02
  4.5038987e-02
  1.3103223e-02
 -1.1175890e-02
 -6.2174421e-02
  1.3088160e-04
 -5.5318739e-04
 -4.4708930e-02
 -3.2960635e-02
  2.1379335e-02
 -1.6971927e-02
 -4.2648982e-02
 -2.6137074e-02
 -1.6363259e-01
 -4.4169813e-02
  1.8803217e-02
 -1.5184209e-02
  2.7663438e-02
 -1.6623670e-01
 -4.4380225e-02
 -2.4725109e-02
  3.9370153e-02
 -3.7143897e-02
  2.7960263e-02
  2.7399533e-03
 -1.9616021e-02
 -1.3000469e-01
  8.6762168e-02
 -1.4674690e-03
  5.3610694e-02
 -3.0455576e-02
  1.6713506e-01
  4.2831421e-02
  2.6863055e+00
  2.1690328e-02
  7.9300152e-03
  6.4626344e-02
 -6.1138630e-01
  6.1885517e-02
 -7.9270922e-02
  8.4485613e-02
 -1.0757821e-01
  1.1586426e-02
  3.3628065e-02
 -6.8689655e-03
 -1.6347934e+00
  9.1526091e-02
  1.4073284e+00
 -6.7402502e-03
 -2.4720717e-02
 -2.7536966e-03
  5.4934926e-02
  1.0424064e-01
 -2.0690089e-01
 -2.4514453e-02
 -3.8371210e-03
  4.3921512e-01
 -5.5942498e-03
 -1.0256106e-01
 -2.3566026e-02
  7.0123859e-02
  1.9773934e-02
  4.6677463e-02
  5.1084563e-02
  4.7972068e-02
  1.0436772e-03
  8.9988045e-02
 -7.6957732e-02
 -1.3325928e-01
 -5.6374941e-02
 -1.8949829e-02
  2.3150204e-02
 -9.4275184e-02
 -1.6028525e-01
 -7.0568634e-04
 -4.7501191e-02
 -5.3910505e-02
  3.1175619e-02
 -8.9411121e-03
  5.8009105e+00
  1.0638090e-01
 -8.6396270e-02
  7.0539251e-02
  9.5961012e-02
 -2.2161163e-01
 -9.0948446e-03
 -1.3260560e-01
 -1.5027232e-01
 -3.2039534e-02
 -1.2643354e-01
  2.8331451e+00
  4.5939498e-02
 -3.0842822e-02
  7.0999274e-03
 -1.7165577e+00
  1.4260827e-02
 -7.6550610e-02
 -5.3004615e-02
 -3.4341276e-02
 -1.5027216e-02
  2.3532358e-03
 -1.2663212e-01
 -4.8349932e-01
 -3.5518077e-03
  1.8698743e-01
 -7.0455587e-03
  7.0251741e-02
 -5.7280630e-02
 -1.9323914e-01
  2.1631779e-02
 -7.8693114e-02
 -1.7616903e-02
 -1.4918430e-01
  2.6233330e-02
 -1.4131862e-01
 -4.3601587e-02
  1.1791045e-02
 -3.3831391e-02
 -3.7763283e-01
 -7.0577916e-03
 -9.1656126e-02
 -9.7935662e-02
 -8.9491352e-02
  2.1832170e-02
  2.8611213e-02
  2.3708153e+00
 -6.3018361e-03
 -7.5902306e-02
  3.3603006e-03
  1.9327268e-02
 -1.4975817e-02
 -3.2981864e-01
  1.3104532e-02
  3.9051067e-02
 -8.2711009e-03
 -1.3025440e-04
 -1.7958337e-03
  4.4362821e-02
  1.9448024e+00
  1.0586569e-01
 -3.7756909e-02
  1.0257144e-01
  3.1019002e-01
 -1.9335913e-02
 -1.5339986e-02
  2.9712157e-02
 -2.9437279e-03
  1.2718656e-02
 -4.1872539e-02
  9.4339438e-02
  2.8447112e-02
 -2.1102840e-02
 -1.2507483e+00
  1.7385270e-02
 -1.3559525e-02
 -3.7713885e-02
 -1.3095519e-02
  9.9018067e-02
  1.1072395e-02
  1.8037432e+00
  7.4858838e-03
 -4.5133650e-02
  4.1754889e-01
 -6.6192575e-02
 -4.6618935e-02
  2.4447622e-04
 -1.2104863e+00
  3.0105101e-02
  6.2780842e-02
  1.3273969e-01
  4.1775152e-01
  1.3196693e-01
  7.4930466e-03
  4.7651924e-02
  1.3152168e-02
  2.2768870e-02
 -2.4158556e-03
 -5.9403419e-02
 -1.4565934e-02
 -9.2590578e-02
  1.0054952e-01
  1.7233174e-01
 -4.2285036e-02
 -1.0796611e-03
  1.6040623e-01
  8.7759793e-01
  1.8911982e+00
  2.4502320e-02
 -5.2325610e-02
  1.6621038e-01
 -3.3046746e-01
 -5.3944804e-02
  4.7561705e-02
 -7.3269010e-02
 -6.9096185e-02
 -1.0129691e-01
  1.4779244e-01
 -1.8722115e-03
 -9.3629807e-02
  2.1829335e-02
  8.0014221e-02
  2.4374723e-02
 -5.0415709e-03
  4.6994589e-02
 -2.8906124e-02
  1.0608294e-02
  1.4088538e-01
 -6.9838194e-03
  1.2195020e-01
 -3.5557527e-02
  3.1773380e-03
  1.0859054e-01
  5.7171635e-02
 -1.3946614e-02
 -9.3605816e-03
  1.2034441e+00
 -4.5238115e-02
  1.7229447e+00
  2.2558566e-02
  6.8179220e-02
 -8.1984296e-02
 -1.2453848e+00
 -1.0494311e-02
 -5.4069441e-02
  8.3120726e-03
 -2.0805385e+00
 -9.0362756e-03
 -5.1448858e-01
  3.2809343e-02
 -2.9614206e-02
  8.1121968e-03
  1.0564028e-01
  1.2483269e+00
 -1.7938613e+00
 -8.0825061e-02
 -7.8132860e-02
 -6.7587160e-02
 -4.9824957e-02
 -1.6742237e-02
  5.1313579e-02
 -2.0626871e-01
  1.3699828e+00
 -1.9279966e-02
 -9.1414705e-02
 -2.3832660e+00
 -3.4776282e-02
 -1.0889913e-01
 -2.2675358e-03
 -8.7074441e-01
  2.8087933e-02
 -4.6042796e-02
  4.4819040e+00
  2.2994893e-02
 -2.0824570e-02
 -5.1941550e-03
 -5.0762866e-02
  4.9284223e-02
 -3.1552698e-02
  7.1014436e-03
  4.2950269e-02
  1.6175196e+00
  5.7558115e-03
 -1.0546991e-03
 -3.6939930e-02
  5.0421963e-03
  9.7002812e-02
  3.5207734e-01
 -5.9766944e-02
  5.5845216e-02
 -5.1570047e-02
  1.2757382e-01
  5.3995550e-02
  9.4673289e-03
 -2.4199104e-03
  3.1688184e-02
 -1.6625280e-02
  1.1772011e-01
  1.7686764e-02
  4.7831345e-02
  7.9649072e-03
  1.5811637e-02
  2.1073649e-02
  1.1992583e-02
 -3.0226056e-02
  1.6055465e-01
  2.8525120e-01
 -6.7863297e-03
 -2.3935128e-02
  1.5684453e-01
  1.1029413e-01
  1.6949780e-02
  5.8658224e-02
  3.7070058e-02
 -1.5232174e-01
  1.4849623e-02
  2.2899141e+00
 -2.3097841e-02
  2.3663951e-02
  7.1571325e-03
  1.9042224e-01
 -1.4307233e-02
 -3.4281828e-02
 -9.7145448e-03
 -5.3845756e-02
  1.4976364e-01
  2.4933416e-02
  3.7576076e-02
 -4.3918546e-03
  5.1939823e-02
  9.5847147e-03
 -1.1302721e-02
 -2.2880132e+00
  1.6778298e-02
  2.0146506e-02
  8.2485966e-02
 -6.2217546e-01
  2.8396381e-02
 -2.6125017e-01
 -3.2653488e-02
  6.1697327e-02
  2.7780123e+00
  4.1768529e-02
  6.7520626e-02
 -1.0112277e-01
  1.6178893e-02
  1.7310567e-02
 -2.7568972e-02
 -1.3733899e-02
 -4.1656688e-02
 -1.4821230e-02
  1.6319124e-01
 -8.0119163e-02
  1.3377270e-01
 -2.6909707e-02
 -8.2346527e-03
  2.3229977e-02
 -1.0971521e+00
 -1.9008569e-02
  1.9727079e-02
  1.0097560e-02
 -4.0226075e-01
  8.5932864e-03
 -6.3872337e-02
 -8.2458921e-02
 -1.0173721e-02
  4.0879357e-03
 -8.9019397e-03
 -8.4133849e-02
 -2.0052871e-01
 -5.7804260e-02
 -4.7612772e-03
  7.4418776e-02
  5.1679719e-02
 -9.9471480e-02
  3.4977615e-02
  7.3979460e-02
  2.0730078e-02
  2.5710357e-02
 -1.9382076e-02
 -1.9814357e-02
  6.8654056e-04
 -2.5459496e-02
  7.1200699e-02
 -3.5461947e-02
 -8.2004718e-02
 -1.5328926e-02
  6.4523123e-02
  5.3012118e-02
  2.9806377e-02
 -2.9431455e-02
 -8.5091544e-03
 -1.0810155e-02
  8.8578155e-03
 -1.7695563e-02
 -5.6608254e-01
 -9.0208407e-03
  4.8606489e-02
  1.1016173e-01
 -2.0624062e-02
 -7.3119896e-03
 -5.6994036e-02
  1.3635935e-02
  7.0322372e-02
  6.9886096e-02
 -6.7808308e-02
  3.0055676e-02
  6.6731744e-02
 -5.9191622e-02
 -2.5524918e-02
  1.5176146e-01
 -6.7378394e-02
  1.1091518e-01
 -2.4795063e+00
 -1.7179351e-01
 -1.1637789e+00
 -1.6326340e-01
  1.0357637e-02
  3.3635225e-02
  1.0830625e-02
 -1.5829422e-01
 -5.0103024e-02
  3.7692111e-02
 -1.3997404e-01
 -3.1061733e-01
 -1.1904001e-01
  2.2609789e-02
 -3.6462907e-02
 -2.6291138e-02
  3.3874571e-01
 -3.3315565e-02
 -3.7126556e-02
 -5.7272185e-02
  1.6457548e-02
  1.4947285e-01
 -5.4222342e-02
  1.9286390e-01
  8.7372027e-03
  6.4214438e-02
 -6.9643185e-02
  1.0535244e-01
 -3.4420174e-02
 -1.8290106e-02
 -2.5003253e-02
  2.4553251e-02
  6.3994959e-02
 -4.2561116e-03
 -1.3981398e-02
  6.2080362e-04
  2.1256963e-02
  2.6700905e-02
 -2.6083954e-02
  1.3340639e-01
 -8.0594562e-02
 -3.2352239e-02
 -3.1487742e-03
 -8.2836924e-03
  1.5152099e-04
 -8.8913661e-01
  8.6593666e+00
 -1.5279348e+00
  1.6772453e+00
  8.4799538e+00
 -2.5792508e+00
  2.4824793e+00
  2.0323036e+00
  7.2745657e-01
  9.6867427e-02
  2.0620724e-02
  2.4658242e-01
 -4.3691408e-02
 -1.6630297e+00
 -2.0325633e-03
  4.5539188e-01
 -3.0838037e-02
 -1.0149867e-01
  2.3285534e+00
  6.9487274e-01
  2.3099566e-01
  5.9478516e-03
  3.9599028e+00
  2.3704304e-01
 -1.6521464e-01
  6.0057321e+00
  1.9886861e+00
  2.5592473e+00
 -7.2078750e-05
  3.3761442e+00
 -1.8377421e+00
  7.9348199e-02
  1.2216517e+00
  1.7504543e+00
  7.0670433e-02
 -3.7150705e-01
  2.6355965e+00
 -7.3629655e-02
  1.2425775e-02
  2.2053530e-02
  2.0254230e+00
  9.6825421e-02
 -2.0430896e-02
 -1.7707444e+00
 -2.7557673e-02
 -8.6726868e-01
 -4.1861665e-02
  6.4720018e-03
 -3.3529077e-02
 -7.3827864e-03
 -4.4642366e-02
  1.6435608e-01
  2.8562295e+00
  4.7300096e+00
  8.5758716e-01
 -1.8513341e+00
 -1.2201462e-01
 -1.6303600e+00
 -4.8333293e-01
  1.4697250e+00
 -8.5157165e-03
  8.8800946e-03
  1.3534795e-02
 -3.7685734e-01
  1.0610247e-03
  6.9854148e-02
  4.4584159e-02
  5.4976974e-02
  2.1639450e-03
 -1.7041155e+00
 -1.4958912e-01
  1.3592193e+00
  9.4818789e-01
 -2.0156597e-01
 -4.6682119e-01
  1.8218680e-01
  8.7682524e-04
 -4.9501766e-02
 -1.3891339e+00
  2.2262125e+00
 -1.2532664e-02
  1.8258070e+00
 -1.1093922e+00
  2.2373526e+00
  6.9599874e-02
 -1.6921408e+00
  2.0503569e-02
 -8.3296663e-01
 -1.9548520e-02
  3.0425962e-02
 -1.8287085e-02
  7.1451664e-02
  3.3804797e-02
  1.5476539e-02
 -8.8494040e-02
 -6.9134352e-03
  5.4601014e-02
 -9.1245556e-03
  3.3372492e-02
 -1.0515642e-01
 -3.6277648e-02
 -1.4019659e-02
  8.2794301e-02
  6.2008208e-01
 -1.0892162e-01
 -3.6333308e-01
  1.6871778e+00
 -1.2338283e-02
 -1.1877270e-01
  6.1661267e-01
 -2.8315622e-02
 -5.0118927e-02
 -1.4407569e-01
  2.6661161e-02
  8.3570704e-02
 -2.1832051e+00
 -1.9833399e-02
  8.8061079e-02
 -2.3504179e-02
  6.8693303e-02
  1.2959227e-01
 -5.2006315e-02
  1.3550843e-01
  8.2284994e-02
  3.2629363e-02
  1.2687646e-02
  4.1681297e-02
 -9.5984252e-04
 -4.6346180e-02
  3.1707056e+00
 -6.7036733e-02
  3.6737052e-01
 -8.3847575e-02
 -3.3112939e-02
 -6.1346861e-03
 -1.7535868e-01
  1.3613781e-01
  1.3796844e-03
  9.0549223e-02
  3.8152270e-02
 -1.9800482e-02
 -3.6627952e-02
  3.2811757e-02
 -1.9220388e-02
  8.1048394e-03
  1.6711834e-01
 -2.1782946e-02
 -3.4116141e-02
 -2.3218183e-02
  3.6133725e-02
 -8.2905814e-02
  4.8524663e-02
 -4.1379187e-02
  4.3566544e-02
 -1.6860494e-02
  5.3469892e+00
  1.2875196e-03
 -2.1152901e-02
  6.5760940e-02
 -3.7261091e-02
 -2.1503434e-01
 -1.4250017e-02
 -4.3731846e-02
  3.7030220e-02
  6.1420009e-02
 -1.7449582e-01
 -2.3327133e-01
 -1.4715712e-01
  8.5498700e-03
 -3.3015419e-02
 -6.2566206e-02
  9.2946235e-03
 -7.5703664e-03
  8.7288730e-02
 -8.8780709e-02
  2.3850068e-02
  1.0813738e-01
 -2.1204995e-02
  3.1937040e-02
 -6.2941010e-03
 -2.6282657e-02
  5.3974066e-02
  6.5600634e-02
 -1.7443775e-01
 -1.0721906e-02
 -7.5868481e-01
  1.4950479e-02
  5.6909807e-02
 -8.9590475e-02
  2.9839125e-01
 -2.1095674e+00
 -8.9889176e-02
 -1.4093086e-01
 -7.6323505e-03
 -7.4795457e-03
  9.4434181e-03
  1.9693198e-02
  2.4343308e-02
  5.0134197e-02
  4.8849776e-02
 -3.2353848e-03
 -2.3851474e-03
  4.9974725e-02
 -7.4330240e-02
  6.8428673e-02
 -2.7175400e-02
 -1.4917896e-02
 -9.2299199e-03
 -3.6506021e-01
 -3.7551682e-02
  1.8969802e-02
 -2.2793181e-01
 -8.1358766e-03
 -4.3112755e-02
  2.5772712e-01
 -1.0942110e-01
  4.1117448e-02
  2.4681201e-02
  7.3228821e-02
  3.0739918e-02
  5.4518278e-03
  2.9263008e-02
 -1.9969760e-02
 -4.3984953e-02
 -6.5823875e-02
  6.0884722e-02
 -9.8990172e-02
 -1.4058096e+00
 -1.0743508e-02
  1.0292321e-01
  6.2775627e-02
 -4.5708157e-02
 -1.1773468e-01
  1.8709954e-02
  1.4734698e-02
 -1.6479522e-02
  1.5634375e-02
  1.8695436e-01
  2.2430113e-02
  8.0516204e-02
 -1.2173594e-02
 -8.1502572e-02
 -2.0456226e+00
  9.5194411e-03
 -4.9949350e+00
 -1.2271790e-02
 -5.1293713e-03
 -5.5989674e-03
  6.6720615e-03
 -4.4108722e-03
 -8.5625961e-02
  2.9473656e-01
  6.5428495e-02
 -4.5045108e-02
 -1.9995716e-01
 -4.3245573e-02
 -6.6342264e-02
  6.0142536e-02
 -4.4339206e-02
 -3.5024711e-01
  1.5155089e-01
  3.9768208e-02
 -1.8407924e-01
 -1.0854607e-01
  1.3492712e+00
 -1.5878910e-01
  1.7975649e-02
  7.0453934e-02
 -5.1991709e-02
 -4.2809846e-04
 -3.2934919e-02
  3.5092372e-02
 -1.7579825e-01
 -2.4666758e-02
 -5.8356244e-02
  2.4894189e-02
 -9.0327106e-02
 -4.8851021e-02
 -8.1078783e-02
 -3.5045180e-02
 -6.7611501e-02
  8.0404796e-02
  2.5179781e-02
  5.8715291e-02
 -3.3561759e-02
 -1.1488878e-01
 -1.4683934e-01
 -4.6369886e-01
 -1.7181596e-02
 -9.5164962e-03
 -2.9774385e-02
  3.1188203e-02
 -1.7218420e-02
  6.8512790e-02
 -3.3210009e-02
 -3.9131321e-02
  1.7756057e-01
  7.8015323e-03
 -9.5751740e-02
 -1.7075025e-01
 -6.3574589e-03
 -1.7263474e-01
  5.1189430e-02
 -1.2527364e-02
  1.1059483e-02
  9.1688916e-02
 -2.2479044e-02
  1.1079512e+00
  1.0498536e-03
  3.6510916e-03
 -5.9845347e-02
 -2.5656376e-02
  1.4169192e-01
  1.0055996e-01
 -1.7926501e-02
  5.8319150e-03
 -6.7511328e-02
 -2.2507541e+00
  3.3528566e-02
 -1.6265908e-02
 -1.7806085e+00
  3.1519011e-02
  5.6135733e-02
 -3.8441576e-02
 -9.4922714e-02
 -1.4526159e-02
  1.1989378e+00
 -1.3636868e-02
 -3.9674837e-02
  7.6959029e-02
 -2.0478489e-03
 -2.6410648e-01
 -7.9728425e-02
  8.7047042e-03
 -3.9476443e-02
  1.2807225e-01
 -3.3753123e-02
 -5.9755534e-02
 -2.2283155e-01
 -2.4592464e-01
  8.1997412e-01
 -4.0193684e-02
  4.3476716e-02
 -2.3195429e-01
  2.8804680e-02
 -3.9907333e-02
 -5.4002716e-04
  6.0691573e-02
  2.0791508e-02
  1.0523352e-01
  4.0308425e-01
 -1.1408410e-02
 -4.3206096e-02
  1.1377701e+00
 -1.6113039e-02
  3.0382389e-02
  6.5301214e-03
 -2.9329060e-02
 -9.0160020e-02
  1.2033910e-02
 -1.6206595e-01
 -4.4862531e-02
  5.2206866e-02
  1.7175188e-02
  6.2539294e-02
 -1.6140016e-02
 -5.5884819e-02
 -9.1550969e-02
 -5.2163139e-04
  6.6811949e-02
 -1.6147615e-02
  1.5497879e-02
  8.0815954e-03
 -5.0589908e-02
  4.1832972e-02
 -7.8957784e-01
  9.3763089e-03
  7.6486632e-02
  7.3978662e-02
 -7.5162798e-02
  1.1207384e-01
  2.3192032e-03
 -6.7027986e-02
  4.2348020e-04
  2.2746898e-02
  3.4128311e-03
 -2.5344286e-02
  1.3557532e-01
 -1.5482404e-02
  2.1278953e-02
  1.3661200e+00
  2.0146479e-03
  5.9334990e-02
  3.0335037e-03
 -6.4435296e-02
 -4.8062008e-02
 -5.1386468e-02
  1.1621699e-02
  1.1489404e-03
 -2.3157509e-02
  2.7183233e-02
 -1.3711953e-02
 -3.7875596e-02
  5.1006258e-01
 -1.5650017e-03
  6.6851862e-02
 -1.2425154e-02
 -3.2306064e-02
  7.6012909e-02
  8.6508043e-02
  5.1610626e-02
 -1.5514286e-01
  1.3580954e-01
 -2.1864550e-01
 -4.7348388e-02
  2.2949202e-01
 -1.4963810e-02
  7.7901006e-02
  3.9537475e+00
  3.2557253e-02
 -2.0681040e-02
  2.6123624e-02
  1.4166728e-01
 -2.4289753e-02
  2.3216227e-02
 -1.4630388e-01
 -5.3342730e-02
  9.3232974e-02
  3.6829434e-02
 -1.9257757e-01
 -2.1982846e-01
 -1.4122653e-02
 -4.3061350e-02
  1.1205973e-01
  2.0174303e+00
  1.1392411e-02
  4.9657520e-02
 -1.6182981e-02
  2.6679829e-01
 -1.5502376e-02
  5.2439068e-02
 -1.2154887e-02
  1.5170179e-02
  3.1720381e-03
  1.2103871e-02
 -1.1904020e-01
 -1.2234920e-02
  6.7856624e-03
  4.6834171e-02
  4.2555705e-02
  6.5374501e-02
 -3.4159649e-02
 -3.7529770e-02
  6.8669468e-02
  9.0188146e-02
  4.2152438e-02
 -1.9002791e-02
 -6.1881565e-02
  3.5288973e+00
  1.4074420e-02
 -1.4964311e+00
  1.1438484e-02
  8.7921247e-03
  1.0425899e-01
  2.7661283e-02
  1.7702343e-02
 -1.4132391e-01
  3.5160873e-02
  1.9977520e+00
 -2.5425117e-02
  5.7362530e-02
  3.9282663e+00
 -2.2499468e-02
 -4.7853369e-02
 -4.5713270e-01
  9.8395854e-02
  4.9460474e-02
 -4.8222136e-01
 -8.5350186e-02
 -2.7192470e-02
  5.8780047e-03
 -4.9261529e-02
  1.3835143e-02
  1.6756754e-01
 -4.8366273e-03
 -5.5558374e-04
  7.7160788e-03
 -7.2079510e-03
 -8.4771700e-02
  1.2268731e-01
 -1.0173493e-01
  1.9903364e-02
  7.8669660e-02
  1.8899841e-02
 -1.0670913e-01
 -1.1109310e-02
 -2.1208167e+00
  7.3121034e-02
  3.5371289e-02
  3.6382312e-03
 -5.7979435e-02
 -3.2320194e-02
 -5.9429009e-02
 -1.5931768e-02
  3.1308377e-01
  1.3373756e-02
 -3.7504753e-04
 -6.6639900e-02
  2.2278517e-02
  5.7788361e-03
  9.2591226e-01
  5.0943142e-01
 -2.2921383e+00
  1.5517437e+00
 -2.5951025e-01
  3.1614525e+00
  7.2680302e-03
 -4.2116410e-01
 -2.1333072e-01
 -1.2283070e-01
 -1.0995614e-01
 -2.2498840e-02
 -2.3236616e-02
 -2.0831240e-02
 -1.7237045e-01
  7.2475962e-02
  2.6536733e-01
  1.4943989e-01
 -2.4763275e-02
 -3.5232313e-02
 -7.5963824e-03
  1.4578483e-01
  4.8886421e-01
  6.5771148e-02
 -5.7308561e-01
  2.4926028e+00
 -1.4077193e+00
  3.0602785e-02
 -6.1108339e-01
  4.4181943e-03
 -1.9427794e-01
 -1.9170030e+00
  2.6004367e+00
 -3.4123830e-02
 -3.0335024e-01
 -2.8809690e-01
 -1.3232969e-01
 -3.4664903e-02
  9.9037020e-03
  1.0197143e-01
 -1.0955466e-01
 -7.6762721e-02
 -1.9823311e-02
  4.6488371e-01
 -2.6303964e-02
 -1.3277695e-02
 -1.9773340e-02
  1.1875036e-01
 -2.9908821e-02
 -2.5770457e-03
  1.9874282e-02
 -1.9765014e-02
 -4.2878928e+00
  3.0697304e-01
  3.6370197e-01
 -6.8085504e-01
 -3.1530477e-02
 -5.8745056e-02
  8.5049164e-01
  2.6570630e-01
  2.2039300e-02
  8.2254879e-02
 -4.2418733e-02
  1.9991919e-02
  4.0406108e+00
 -1.3684332e-01
  2.2939974e-03
  7.8680880e-02
  3.5156053e-03
 -1.4587711e-02
 -1.3995050e-02
  1.5188022e+00
  3.5376128e-02
 -3.0085009e-02
 -3.0699508e-02
 -4.8537217e-02
  8.3171397e-02
  2.7442636e-02
 -1.2143716e-02
  1.4782637e-01
  3.8685042e-02
 -8.0532178e-02
  5.8263298e-02
 -1.3710046e-01
 -6.6358119e-02
  9.8427366e-03
 -2.6838128e-03
  2.3252013e-01
 -1.7133933e-03
 -1.3936444e-01
  2.2150083e-02
 -4.3362595e-02
 -1.3451206e-03
  1.2159317e-02
  4.3177241e-03
  6.0721272e-01
 -2.5739912e-02
  3.3814527e-04
  1.0657479e+00
 -2.6775261e-02
 -2.8443502e-03
 -7.5773165e-02
  1.3074600e-02
  1.7922815e-02
  9.1032023e-03
  2.7464277e-01
  2.0892109e-01
 -3.9298903e-02
  7.5194584e-03
  4.0553308e-01
 -1.0575137e-01
 -7.0807584e-02
  6.6341564e-02
  9.4311209e-03
  5.3484522e-02
 -1.0243165e-01
 -3.1259660e-02
  1.5993370e-02
  1.6959049e-02
  4.6601478e-02
  9.0649210e-02
 -9.4868891e-02
  1.9189578e-03
 -3.4930212e-03
 -4.5869995e-02
 -1.5763837e-01
 -1.5063500e+00
 -1.3682179e-01
  2.4881979e-02
  3.0046754e+00
 -4.6525992e-02
  6.9688228e-03
 -4.7168907e-02
 -6.0694873e-02
 -2.9221956e-02
 -9.2071898e-02
 -6.5557644e-02
  5.0824087e-02
  1.1495602e-01
  7.0226260e-02
  1.6370606e-01
 -6.1099131e-02
 -1.0671169e-01
 -1.3129015e-01
  4.2550087e-02
 -3.2494146e-02
 -6.0469501e-02
  4.0480148e-02
 -9.8467477e-02
 -4.9061459e-01
  2.9847702e-02
 -1.6039245e-02
 -1.2066150e-02
 -2.9933387e-02
  5.2565622e-01
 -8.8255694e-03
 -2.0833623e-01
  8.4617130e-02
 -3.3113953e-02
 -1.3179228e-01
 -1.4958560e-02
 -1.2352033e-01
  1.5860338e+00
 -2.6240725e-02
  1.0695038e+00
  7.1692616e-03
 -1.2723425e-01
  9.2891008e-02
 -5.1357853e-03
 -1.9859288e-02
  1.2045558e-02
 -2.6919741e-02
  2.8938573e-02
  3.4062881e-03
 -2.3832984e-02
 -3.5714959e-03
  7.3554724e-02
  7.1218126e-02
 -6.9826061e-04
  1.4161009e-02
 -7.7660076e-02
  1.1919033e-03
  2.8079677e-02
 -2.3654105e-02
  3.1938914e-02
  3.8472198e-02
  9.3222052e-02
  7.6153316e-02
  3.2112058e-02
 -7.3586274e-03
 -1.6382195e-02
  6.6249125e-02
 -1.6274644e-01
 -4.4233692e-01
 -1.1256576e-01
  3.1955556e-03
 -1.9269677e-02
  1.1155523e-02
 -3.9300952e-02
 -2.1073527e+00
 -5.9708744e-02
  9.2902139e-02
  5.2807868e-01
 -1.0658348e-01
 -3.7185566e-03
 -4.1797310e-02
 -3.0560417e-02
  1.2321961e-03
 -8.9806251e-02
  2.2920012e-02
  1.3307111e-01
  3.6472487e-01
 -2.8111992e-02
 -1.0008117e-02
 -1.6406925e-02
 -5.5560421e-02
  6.9300510e-02
  2.4922742e-02
 -9.5471829e-02
  1.9099472e-01
  5.1967941e-02
 -2.2690373e-02
  5.6738332e-03
  2.3036798e-02
 -1.6036389e+00
  6.6235393e-02
 -1.0243525e-02
  1.1657276e-01
 -1.0315341e-01
  2.1396093e-02
 -2.9114414e-02
  5.2560449e-02
  9.1002159e-02
 -1.3405937e-01
  3.4619190e-02
  2.7406115e-02
  1.3680317e-01
  1.1786146e-01
 -4.2772833e-03
 -6.5753764e-01
 -1.7149482e+00
 -8.9237168e-02
  3.0590773e-02
  4.3664437e-02
 -2.9428182e-03
  4.0418424e-02
 -9.0524226e-02
 -4.2893764e-02
 -2.7077889e+00
  5.3328622e-02
  1.5310544e-02
 -6.7082651e-02
 -4.5516673e-02
 -1.2568330e-02
  1.2341033e-02
 -1.0756007e-03
  6.2843657e-01
  1.4281966e-01
  2.8289301e-02
  3.2354271e-01
 -2.3030050e-01
 -1.9394016e-01
  2.4469189e-01
  3.0198617e-02
  2.5470860e-02
 -7.5966083e-02
  2.0499771e-02
  1.4475474e-04
  2.4478808e-02
 -2.1702532e-02
  4.2391680e-02
 -7.4482657e-02
  3.8918532e-02
  8.9014791e-02
  5.3483859e-02
 -7.5731657e-02
  2.0464330e+00
 -1.5550242e-01
  2.9361591e-02
  8.1534398e-01
 -4.1721138e-01
  1.8577553e-01
  1.1167561e-02
 -1.6241144e-02
 -5.5411275e-02
  7.0206061e-02
  7.4801914e-02
 -4.5840880e-01
 -3.2769676e-02
 -3.6205493e-02
  2.3729069e-02
 -7.8568850e-03
 -1.4122284e-02
 -1.3854575e-02
  1.3675531e-02
  8.5904896e-03
 -2.2130782e-02
 -2.4795549e-02
  1.2492617e-02
  2.2113174e-02
  1.1644755e-02
  6.5887100e-03
  4.0000349e-01
 -2.0764028e-01
  1.7145827e-02
  2.1690471e-02
  1.0096649e+00
  3.9942069e+00
  1.7775228e+00
  2.8814843e+00
 -3.8082719e-01
 -2.2303131e+00
  2.1661800e-01
  6.3409698e-01
 -3.3062632e+00
  1.0249145e-01
  1.2611520e-01
  2.2519702e-01
 -5.0122540e-02
  1.8110963e-02
  1.3703761e-02
 -9.5021941e-02
  3.3821142e-01
  6.0408813e-01
  8.4685415e-01
 -7.0731081e-02
  1.9255266e+00
  1.4636656e+00
 -3.3648580e-03
 -3.6959553e-01
 -5.8112514e-01
  1.7748104e-01
  7.0220989e-01
  9.1659802e-01
 -2.1260616e-01
  4.6757221e-01
  6.0408946e-02
 -4.3756780e-01
  1.9121358e+00
 -5.2052307e-01
 -3.0105701e-02
  3.1490541e-01
 -8.8534719e-01
  3.5931129e-02
 -6.1067134e-02
 -2.5935022e-02
 -1.5385340e-02
  6.4720266e-02
  9.1318779e-02
  1.6460702e-01
 -2.0507660e-03
 -6.4235650e-02
  3.6648562e+00
  8.0324098e-02
 -2.1070729e-01
  1.2745438e+00
  8.4611431e-02
  7.6904312e-02
  1.0277387e-01
 -1.0121448e-01
 -1.8732226e-02
  2.0752561e+00
  7.4165203e-02
  9.3214341e-02
  8.1403993e-02
 -6.8519771e-01
  1.7573701e-02
 -2.6762480e-02
  8.2239546e-02
  3.3261604e-03
 -1.7678026e-02
 -7.4482031e-02
 -4.6140909e+00
  8.9784198e-02
 -1.6370667e-02
  1.2384741e-01
  1.5933421e-01
  7.6975636e-02
 -3.4547013e-01
 -1.4032805e-01
 -3.4788173e-01
 -2.8029394e-01
 -1.4148869e-01
  6.4317870e-01
  1.5559467e-02
  1.1663303e+00
 -1.1657429e-01
 -8.0934334e-01
 -4.5208108e-02
 -3.0937295e-02
  3.9599605e+00
 -4.3576755e-02
 -1.8539449e-02
 -7.2528160e-01
  2.0310253e-02
  6.3195802e-02
 -1.3523550e-01
 -3.8145717e-02
 -3.5463031e-02
  5.0570577e-02
  8.3352868e-05
  1.9509833e-02
 -6.8375193e-02
 -9.6018175e-03
  3.3254795e-02
  3.2366749e-03
 -5.7826992e-02
  5.2695494e-02
  8.9023128e-04
  4.3330971e-02
  5.0453745e-02
 -1.2128646e-01
  1.2394271e-01
 -4.3048230e-03
 -3.6671844e-01
  3.7917373e-01
  1.4528152e-01
  5.3857982e-02
 -3.9540235e-02
  3.8040563e-02
 -4.0757149e-02
  2.8033614e-02
 -8.2858644e-02
 -5.5157699e-02
 -1.5301245e-01
 -9.1709055e-02
 -4.1251276e-02
 -1.8695902e-02
  1.1041322e-01
  2.4754168e-02
 -1.5621331e-01
 -2.1434124e-03
  6.0349662e-02
 -1.6394240e-01
  6.2563181e-02
  8.6667515e-02
 -5.2794077e-02
 -1.2738748e-01
 -3.6223147e-03
 -2.4699060e-02
 -1.5071106e-02
 -7.2731510e-02
 -1.4119440e+00
  4.0701691e-02
  7.6113329e-03
 -3.0488811e-02
  6.4370671e-04
 -2.9774945e-02
 -1.0706682e-02
 -1.2828763e-01
  2.2654092e-02
  1.8599395e+00
 -5.3176302e-01
 -1.6290423e-02
 -1.0944008e-01
  1.2397467e-01
 -1.9479446e-03
 -1.8841652e+00
 -1.0876988e-02
 -1.0172793e-01
  9.8417640e-01
 -1.1302643e+00
  5.1134888e-02
  6.2633626e-02
  1.4201739e-02
  6.6258488e-03
  2.9749905e-03
  9.3264319e-03
  1.1691391e-01
 -3.2394879e-02
 -2.7175302e-02
  1.0660876e-03
  3.7111778e-02
  3.1298671e-02
 -9.1387928e-03
  6.0875740e-02
  5.9031412e-02
 -2.5783032e-02
  9.9030375e-02
 -1.0422722e-01
 -2.8265039e-02
 -1.5620251e-01
  1.0793597e+00
  1.5362793e-01
 -5.6634527e-02
  1.6335534e-02
  3.4380564e-03
  8.9864954e-03
  5.4953549e-02
 -7.3728502e-02
 -1.0679648e-03
 -1.5526789e-01
  1.8280240e-03
 -1.8464348e-01
  4.8239395e-02
  2.8520986e-02
 -5.1034257e-02
 -2.4185626e-02
 -1.4900374e-01
 -2.7137343e-03
  7.1148880e-02
 -9.6743748e-02
 -4.1540995e-02
 -1.8998163e-02
  1.7000681e-02
  7.1845993e-02
 -3.6436561e-02
  1.8281743e-02
 -1.5048216e-02
 -5.6496030e-03
 -2.6634905e-01
  1.1928967e+00
  5.3593308e-01
 -2.5449705e-01
 -1.4593232e+00
  1.5173613e-02
 -2.6018115e-02
 -2.9432610e-01
  4.4600503e-03
  3.5464417e-02
 -1.4376372e-02
 -1.0952754e-01
  5.7903852e-02
 -2.2355611e+00
  8.7614134e-02
  6.7549124e-02
 -7.8329407e-02
 -9.1218883e-03
 -4.0845578e-03
 -7.0052630e-01
 -2.1567322e-01
 -6.2766656e-02
 -1.4690431e-03
  1.2357304e-02
 -3.0504297e-02
  6.5542527e-02
  5.0147009e-01
 -2.8792647e-01
 -2.0327244e-02
  1.2919685e-01
 -3.9777465e-02
  5.3069837e-02
  8.8799231e-02
 -1.5486225e-02
  2.8546657e-03
 -6.0064215e-02
  3.8252711e-02
  6.5579779e-02
  1.4002535e-01
 -6.9979983e-03
 -8.6691016e-03
  6.5100186e-02
  5.6506399e-02
  2.8961959e-01
  3.3520285e-02
  2.0040130e-02
  7.3643099e-03
 -8.9622930e-02
  2.3455579e-02
  7.6004967e-02
 -1.2216370e-01
 -3.5822239e-02
 -2.0040365e-02
 -9.0406962e-02
 -7.7645211e-03
 -2.8844970e-01
  4.4284813e-02
 -8.2134828e-02
 -6.5714590e-02
  9.0541346e-03
 -2.9032535e-03
 -4.3374266e-02
 -4.7265226e-03
  1.2309917e-01
 -2.3439724e-02
 -2.3156729e-02
  4.8072543e-02
  8.2093403e-02
  3.0652393e-02
  1.1173388e-03
  1.9619742e-02
 -5.5945903e-02
  2.8019430e-02
  1.7514651e-01
 -4.4276893e-02
  1.2259808e-02
  1.2505755e-01
  7.0089035e-02
  6.7213446e-01
 -3.8394902e-03
  8.4728479e-02
  8.6752772e-03
 -3.2856595e-02
 -2.5106650e-02
  1.0978673e-01
  4.3723986e-02
  1.7590348e-02
 -4.7876008e-02
 -1.9855194e-02
  1.1686327e-01
  1.2910054e-02
  2.0206954e-02
  1.7891675e-02
  2.6319206e-03
 -3.2290399e-02
 -4.3763153e-02
 -3.3335276e-02
 -5.9436653e-02
 -3.1040732e-02
  3.6245942e-02
 -7.9285428e-03
  4.4758391e-02
 -6.3546099e-02
  6.2654364e-01
 -2.0508895e-02
  1.4357492e-01
 -5.1547863e-02
  2.3829678e-01
 -1.6373827e+00
 -5.4055476e-01
 -5.5686280e-02
  5.5679072e-02
 -6.1609005e-03
 -4.8725877e-02
  3.7119105e-02
  1.4107566e-02
  3.7788741e-02
  9.0100214e-02
 -5.9324063e-02
 -4.3944579e-02
  9.9306349e-03
  2.2842148e-01
  5.0965961e-02
 -2.7276883e-01
  2.5753016e-02
 -1.3408603e-02
 -3.5652947e-02
  4.4361897e-02
 -4.4441890e-02
 -9.6283399e-02
 -1.4329674e-02
 -4.5152921e-02
  6.6414974e-03
 -3.4030989e-02
 -4.1391425e-02
  3.1999681e-02
  1.6639840e-02
 -1.8045370e-02
  4.9849030e-02
 -8.7867297e-02
  1.7729335e-02
  2.6978282e-02
 -7.8077400e-01
 -5.4244373e-02
 -7.7803063e-01
 -8.9601584e-02
  1.0614800e-01
 -4.1343656e-01
  9.0830199e-02
  3.0039502e-02
 -2.1266302e-03
 -2.1080153e-02
 -1.0083645e-02
  6.1333541e-02
 -2.6561174e-01
  5.3312559e-02
 -2.1960763e-02
  1.4269417e-03
  2.3608554e-02
  1.2717663e+00
  7.9452291e-02
 -1.5492804e+00
  8.6360397e-03
 -5.8631703e-02
  5.3748783e-02
 -1.2706930e-02
 -2.7107216e-02
  4.2645591e-03
  1.8321766e-02
  7.0391133e-02
  4.4598264e-01
 -2.5722549e+00
 -6.2526949e-02
 -4.9265844e-01
  6.8661138e-02
  2.5947265e-02
 -9.3814775e-02
  6.2196949e-03
  2.5637773e-01
  8.0130873e-03
 -2.8975471e-03
  1.8349583e+00
 -6.7921497e-02
  5.4821652e-01
 -9.1388725e-02
 -1.9618191e-02
 -5.2412994e-02
 -2.3552833e-02
  1.1342541e-02
 -1.4230079e-02
 -3.5184130e-02
  3.5883520e-02
 -6.5146431e-02
  1.1405790e-01
 -4.3503060e-03
  1.2849972e-02
  1.4875266e-01
  4.2485982e-01
 -3.4895360e+00
 -4.6886294e-03
 -4.4476432e-03
  2.3432708e+00
  1.8920073e-02
  1.3533291e-01
  1.9233303e-01
 -9.0886708e-03
 -3.7169597e-01
 -4.1465033e-03
 -1.5231336e-02
  1.1711160e+00
  9.7278208e-02
 -4.5835558e-01
  2.6477405e-01
  3.2587674e-02
 -1.0459063e-03
 -2.0555429e-02
  4.0098548e-02
 -2.7540781e-02
 -1.5801989e-01
  7.0205684e+00
 -1.3199519e-02
  2.0756964e-02
 -1.8923199e-01
  1.2006969e-02
 -2.7195966e-01
  1.1020119e-02
  9.9924363e-02
 -2.0351987e-02
 -2.5047218e-02
 -6.1672531e-02
 -1.2424985e-01
 -5.0891769e-01
  4.4190696e-01
  1.0773678e-02
  3.5715573e+00
 -1.0189044e+00
  3.3782884e-02
 -4.2784312e-03
 -3.7254941e-02
 -4.3161231e-01
 -7.4488730e-03
 -4.0009379e-02
 -4.1458830e-02
  1.0344557e-01
  1.2200231e-02
  8.4486017e-03
  6.3436389e-02
  1.9000231e+00
 -1.3507664e-01
  2.3358753e-03
  2.2263834e+00
  4.6401522e-03
  2.7502142e-02
 -1.9495560e-02
 -9.1335885e-02
  4.6944045e-03
  1.7292678e-02
  2.3725827e-03
 -1.8357855e-01
  1.3045071e-01
 -5.5911306e-02
  1.1785832e-01
  4.4128576e-01
 -4.4984948e-02
 -7.1427599e-02
  3.4571695e+00
  7.2900206e-02
 -1.7238455e-01
 -7.9832030e-03
 -1.8073345e-03
  5.0668251e-03
 -2.4071377e-02
  2.1759570e-02
  3.6709346e-02
  2.6183486e-02
  8.2479931e-02
  5.6175768e-02
  1.5588783e-02
  3.1068935e-03
  1.2980487e-02
  7.7780010e-03
 -1.4911769e-01
 -9.8105580e-01
  7.7672559e-03
 -5.5916268e-02
 -8.5161284e-02
 -2.7989510e-02
  1.2494909e-01
 -8.9377731e-02
 -9.2489652e-02
 -3.4497753e-02
 -2.9000849e-02
  7.8609742e-02
 -9.0078309e-02
  6.5785679e-03
  8.1133405e-03
 -1.3726157e-02
 -1.8766575e-01
 -3.1360663e-02
  8.6261824e-02
 -3.9052028e-02
 -1.9353607e-01
 -3.4213156e-02
  2.9167026e-02
 -8.2173916e-03
 -9.0359353e-02
  1.1792486e-02
 -2.9718029e+00
  1.1615289e-01
 -9.2816927e-02
  3.4205414e-02
  1.3231566e-02
 -2.1593122e+00
  4.7869433e-02
  4.7530100e-02
 -1.0797129e-01
  6.7525767e-02
  1.6337173e-02
 -2.5310311e+00
 -2.0339359e-02
 -4.8482288e-02
  6.1550107e-02
  6.5710312e-03
 -3.0929783e-02
  2.0737614e-02
 -3.7214848e-01
 -2.5806816e-03
  1.7927233e+00
 -3.3647127e-02
  2.5589835e-02
 -6.6994414e-02
 -7.0182666e-02
 -3.8634632e-02
 -5.4708570e-02
  5.7969093e-03
  4.4675939e-02
  4.5671605e-02
 -1.2038456e+00
 -6.2433939e-02
  2.5005909e-03
  4.7061089e-02
  6.7926995e-02
 -1.3636932e-01
  2.1340458e-02
  4.7551189e-02
  1.1364755e-02
  1.0116632e-01
 -3.2630503e-02
 -9.6786693e-02
 -2.2554147e+00
 -7.4700393e-02
  4.9604654e-02
  2.4365943e-02
 -4.7727361e-02
  2.2434099e-03
 -2.1534430e-02
  5.7968672e-02
 -8.8308907e-01
  3.0037594e-01
  2.3416669e+00
  4.7133741e+00
  3.0957067e-01
  5.9735411e-01
 -3.8702736e+00
 -7.7806467e-01
 -4.4615989e+00
 -1.9281256e-01
 -2.2373354e-04
 -2.7838209e+00
  2.6590569e+00
 -4.5556587e-01
 -1.8792858e+00
  5.6706417e-01
 -1.6300145e+00
  1.8016992e+00
 -3.1324859e+00
  9.8994398e-01
 -5.0608497e+00
 -6.4741263e+00
  3.6228540e+00
  2.1410155e+00
  5.5760300e-01
 -4.8509722e+00
 -2.9741232e+00
 -5.7075825e+00
 -1.2064266e+00
  2.3693297e+00
 -1.2613764e-02
  4.1076618e-01
 -3.4731553e+00
 -1.6657485e+00
 -4.7879677e+00
 -2.8892653e+00
  3.9979591e+00
 -2.3058221e-01
 -3.8505010e-03
 -2.5487950e-01
 -1.3053258e-02
  5.5840105e-01
  1.6168101e+00
  2.1988347e+00
 -3.6848579e-03
  4.4502553e-02
 -4.8039943e-02
 -1.3098161e-03
 -5.9094738e-02
 -9.4695054e-03
 -2.1608965e-02
 -1.1456826e-02
  2.0508453e-02
  8.9368001e-02
  8.2765567e-01
 -3.9978957e-01
  5.8439847e-02
  3.0086618e-03
 -1.0487044e-01
 -5.3195333e-01
 -1.4395276e-01
 -5.2889603e-01
 -3.9667717e-01
  1.5175012e-01
  2.1431092e-02
  1.1597365e-01
  1.0047680e-02
 -9.5168548e-03
 -1.3755476e-02
  2.3271693e-02
  4.3639392e-02
 -8.4093869e-02
 -1.5602551e-01
  1.3478547e-01
  5.0383855e-02
  1.1865137e-01
  2.5674265e-03
 -1.0938115e-01
  4.7430548e-01
  1.8156001e-02
  7.6279141e-02
 -1.8330386e-02
 -4.8326398e-03
  1.4723648e+00
 -3.2536004e-02
 -7.8305617e-02
  9.5567266e-03
  4.8147254e-02
  1.1858042e-02
  1.0860593e-02
 -1.2623899e-01
 -6.8276763e-01
  8.9894789e-01
  9.8484606e-03
  1.6843125e+00
  2.7964368e-02
  9.2878461e-02
 -4.4030983e-02
  5.1744319e-02
  3.4939079e+00
  8.7204330e-02
 -4.7326423e-02
 -1.4593698e-01
 -1.6244078e-02
  3.8384546e-02
 -4.5400244e-01
 -1.1584105e+00
 -3.1540673e-03
  3.0075270e-01
 -1.0509857e-01
  1.4552310e+00
 -1.8462910e-01
 -4.6743814e-02
 -1.5309855e-01
 -6.4210123e-03
 -8.2022876e-02
 -5.7200506e-02
  1.9275466e-01
  9.1824800e-02
 -3.3168755e-02
  3.9169014e-02
  2.2605471e-03
 -1.9073961e-03
 -8.5617080e-03
  5.0793815e-01
 -1.1797410e-02
  3.3434743e-01
  5.4264707e-03
 -1.3142089e-02
 -3.6385283e-02
  1.3312848e+00
  6.2853307e-01
 -1.6022514e-01
 -2.1010719e-01
  3.9392787e-01
  1.2816685e+00
 -3.8527053e-02
  4.8736319e-01
 -2.3984693e-01
 -6.0010117e-02
  5.1879040e-03
 -1.7683074e-02
 -2.0425374e-02
  5.4933749e-02
  9.0744950e-02
  1.1829409e-02
 -1.1615606e-01
 -3.2839425e-02
 -3.7474215e-02
  5.6586727e-02
  8.7571062e-02
 -5.7328917e-02
  5.4482717e-02
 -1.7577250e-02
  6.3220814e-02
  1.7183935e-02
  3.2588589e+00
 -7.4910978e-03
  8.9660287e-03
 -4.3484408e-02
  3.0931145e-02
  2.6592959e-02
  1.6313341e-02
  1.4940826e-02
  3.9998498e-02
 -3.1824708e+00
  3.1630971e-02
 -1.1513122e-01
 -4.4440277e-02
 -4.0795885e-02
  4.7116343e-02
 -6.7787101e-03
 -4.2840555e-02
 -1.3340504e-01
  3.3063747e-02
  2.2158071e-02
 -2.1007646e-02
 -1.4307281e-01
  1.2667404e-02
 -2.1847220e-02
  7.1949922e-02
  1.4053500e-01
  1.4288046e-02
 -3.5220622e-03
  1.8760592e-02
  1.7915577e-02
 -3.8472597e-02
 -1.4220031e-01
 -4.1730496e-01
  3.7573997e-02
 -1.0312918e-02
 -1.3391198e+00
 -1.2630767e-01
 -3.8349789e-02
 -2.8951285e-02
 -8.6580828e-02
  3.1397879e-02
 -3.7167817e-02
  7.6256986e-03
 -1.0654846e-02
  5.1301278e-02
 -1.6847534e-02
  2.8315358e-02
 -1.6500521e-01
 -1.9359935e-02
 -1.1875215e+00
  9.8124181e-04
  1.1004282e-01
 -1.4487797e-01
  5.3629823e-02
  1.8233451e-01
 -2.2577696e-01
 -6.1863065e-02
 -5.7319533e-02
 -1.8077558e-02
 -6.1006699e-02
  1.0160216e+00
 -5.4083988e-02
  2.1071078e-02
 -8.4302150e-02
 -4.1700980e-01
  3.3899926e-02
 -6.2817174e-01
 -1.2840079e-02
  2.7496709e-02
 -1.3632197e-02
  3.3484377e-02
  3.1370994e-02
  4.2200828e-01
  1.5331410e-03
  1.0422062e-01
  1.3146793e-02
  1.1302393e-02
 -2.1696050e-02
 -1.4925730e+00
 -2.3475109e-01
  1.5332144e-01
  7.8414090e-02
 -1.2542385e+00
  7.3348507e-02
  1.8617174e-01
  9.6615392e-01
 -1.9846520e+00
  1.3389510e-01
  4.8840687e-02
  1.4999921e-02
 -4.3380845e-02
  6.1463290e-03
 -2.2233636e+00
 -1.4274561e-02
  1.7367495e-02
  6.2911071e-02
  4.1538741e-02
 -1.5095867e-01
  9.8903663e-03
  2.0349622e-01
  4.8890454e-01
  1.0280913e-01
  1.0913484e+00
  2.0588507e-01
 -7.2035396e-01
  3.5694495e-02
  1.0098331e-01
  5.3426870e-03
  7.0350221e-03
 -3.2627415e-02
 -8.3848555e-03
  3.6695765e-03
 -4.1686054e-02
  1.6344820e+00
 -6.1096858e-02
  2.6102658e-02
 -3.5668456e-03
  1.3328009e-02
  4.5420970e-03
  1.6746227e-01
 -4.2207137e-02
  5.1838655e-02
 -9.2691571e-02
  7.3083073e-02
 -1.0080852e-02
 -7.2009474e-02
  1.1829067e-01
  1.4830096e-01
  2.1037401e-03
  3.0633109e-02
  1.9040182e-02
 -5.4368831e-02
 -7.6055951e-02
  1.8839577e-03
  6.2249061e-02
 -3.5065252e-02
  1.1026878e-01
 -1.3460065e-03
 -2.1341065e-02
  2.9593855e-02
  8.2238749e-02
 -5.0541192e-02
  2.1242208e+00
 -6.8860240e-03
 -4.8068620e-02
 -2.2681184e+00
  1.2905633e-03
 -2.2640122e-02
 -9.2470326e-02
  2.3121821e-02
  1.2705988e+00
 -3.5867019e+00
 -2.0763676e+00
 -7.7123195e-01
  1.8569019e+00
  8.1401992e-01
 -1.0776777e+00
  3.1340594e+00
  2.3195038e+00
  5.8617991e-01
  2.2932372e+00
  2.9730475e+00
 -1.7998938e-03
 -3.5512396e-03
 -3.2195978e-02
  3.8383197e-02
  4.3818164e+00
  1.2708269e+00
  2.7435505e+00
 -2.7589840e-01
 -5.6423438e-01
 -2.1094230e-01
  5.0418723e-01
  2.1013322e+00
 -1.2030016e+00
  3.2987685e+00
  2.4266204e-02
  1.8058036e-02
 -5.9116077e-01
 -4.3452907e+00
  4.7902217e+00
 -3.1209447e+00
  2.4485791e+00
 -2.6858537e+00
 -4.7561762e-01
 -1.9919279e-01
  1.4930286e+00
  7.8273937e-02
  5.3505652e-04
  4.4241477e-02
  2.4277402e-02
  1.4678677e+00
  1.4857655e-02
  1.9137947e-02
  2.2831470e-02
  2.3908718e-03
 -1.0864234e-02
 -8.0227042e-03
  2.1009294e-02
  3.8670477e-02
 -4.8317753e-02
 -2.6529063e-02
  8.2629807e-02
  9.0612462e-03
 -6.7500003e-02
 -2.6412886e-02
 -1.0778815e-02
  1.9482449e-02
  1.8183433e-02
  2.3870844e-02
 -3.5852712e-02
  6.0582426e-03
 -1.0195847e-02
 -1.7322907e-02
  1.6814854e-02
 -7.5990245e-02
 -1.4804792e-01
  2.6590688e-02
  6.2949136e-02
 -2.3253750e-02
  6.3757300e-02
  3.4250396e-03
 -1.0355473e-02
  9.6609797e-03
  1.0693531e-01
 -1.1540801e-02
  3.6141783e-02
  1.2406541e-01
  4.7506161e-02
  2.5423774e-01
 -4.8607769e-03
  6.5758303e-02
 -3.9462149e-02
 -1.3433850e-01
  4.2431289e-01
 -8.9079477e-03
  8.9446425e-02
 -4.2456020e-02
 -1.3929474e-01
  1.7205031e-03
 -4.2235851e-02
 -4.0894213e+00
  2.6577365e-01
 -2.1267246e-02
  1.0049631e-01
 -2.2309938e-02
 -1.8265616e-02
  5.0095513e-02
  1.1275345e-02
 -1.7083034e-02
 -2.8609404e-01
  9.2902891e-02
 -2.0901062e+00
 -8.2162285e-01
 -2.1784894e+00
 -1.4390405e-01
  1.4691597e+00
  6.5826589e-01
 -1.6735235e+00
 -9.6251732e-01
 -2.4962342e+00
 -2.3843219e+00
  3.3122856e-02
 -2.6458700e+00
  3.4166746e+00
 -1.7861626e+00
  1.6160762e-01
  1.5060980e+00
 -1.2459803e+00
  2.1297349e-01
 -2.6924913e+00
  4.0391545e+00
 -5.2570987e-01
  1.8224220e+00
  3.7930765e+00
 -1.3922261e+00
 -1.9197909e+00
 -7.6176184e-01
 -2.8372068e+00
  1.3099648e-01
 -1.7999920e+00
  5.7059999e+00
  9.8203504e-01
 -1.5468295e+00
  1.1302150e+00
  3.7240930e-02
  3.1060889e-02
  4.7095037e+00
 -6.6715646e-01
 -1.1219974e-01
 -3.8780034e-02
 -5.4406226e-01
  4.7605480e-03
  1.6603333e-01
  2.1459492e-01
  6.5143645e-02
 -1.3258386e-01
 -2.1426482e-02
  5.9465285e-02
  6.6406630e-02
  1.2542680e-02
 -4.1799303e-02
 -1.6575161e-02
 -6.9894688e-03
 -1.0952298e-02
 -1.5381645e-01
  4.9225762e-02
 -1.1271584e+00
  2.1789836e-04
  7.4271929e-01
 -1.4516874e-01
  4.2265775e-03
  1.6071854e-02
  6.7021833e-03
  1.9727474e-02
 -2.9329285e-02
 -2.9619981e-02
  3.1223891e-02
  6.1121807e-03
 -5.2380811e-02
  3.1490024e-02
  8.3418511e-02
 -3.0271094e-02
  3.2218976e-03
 -4.8917707e-02
  4.5617074e-02
 -7.5103313e-02
  3.5928960e-03
  2.5939357e-02
  1.6601858e-01
 -3.6229961e-02
 -8.8737287e-02
  5.9312575e-02
 -2.3840840e-01
  3.3214143e-03
 -1.6538005e-02
  3.4779200e-01
 -1.9874426e-02
 -3.8660411e-02
  1.8276390e-02
  1.1914239e-01
  1.5625823e-02
  1.3406008e-02
  2.1288158e-02
 -2.4148196e-02
  6.5162130e-02
 -7.4330002e-02
 -3.2557320e-02
  1.7686883e-01
 -4.9312515e+00
 -1.4217118e-02
 -3.8383558e-02
  9.9365778e-02
 -2.1639584e-02
  7.6782078e-02
  2.0950797e-01
  1.1862315e-01
 -5.8422811e-02
  2.7035071e-02
 -1.8504634e-01
  1.0444100e-03
  9.4972514e-02
 -6.1338339e-02
  1.0837515e-01
 -1.8937431e-01
 -2.8825834e+00
 -1.0499339e-01
  3.4254916e-02
 -8.4371552e-02
  5.8703223e-04
  2.7638368e-02
  1.0011475e-01
  3.7374450e-03
 -5.7299279e-02
  8.0016553e-02
  3.5956810e+00
  3.0451722e-03
  1.7661056e-02
  1.0619795e-01
  2.4597464e-02
 -7.1525745e-02
 -2.4082053e-02
 -8.2501136e-02
 -2.1721620e-02
 -3.6181405e-02
 -1.0264711e-02
  8.0616787e-02
 -2.2267770e-02
  6.8668813e-02
  4.9103522e-01
 -5.5949170e-02
  1.5674205e+00
  1.8815478e-02
  3.1876303e-02
 -1.0140218e-01
 -3.4340802e-03
 -1.2122120e-02
  2.8247591e-02
  2.7630291e+00
  5.1430669e-02
 -8.4670248e+00
  6.7588650e-02
 -1.1919052e-01
 -5.5458546e-02
 -4.2454239e-02
 -1.4705966e+00
  1.4706700e+00
 -1.7199819e-01
 -4.4192299e-01
 -3.3347461e+00
 -2.7274978e+00
 -8.5105866e-02
 -6.5011317e-01
  2.7450047e+00
  1.9747892e-01
 -1.3992449e+00
 -2.2348268e+00
  3.5802467e+00
  8.1941180e-02
 -1.4714060e+00
  3.3363800e+00
  2.1016667e+00
 -1.1429207e+00
  2.8440412e-03
 -5.6942840e+00
  1.0613779e+00
 -1.0864726e+00
  3.5680909e+00
  2.6513124e+00
 -1.8877176e+00
  2.1284335e+00
 -4.1789824e-01
  5.6630951e-01
  1.9318248e-01
  9.3476087e-02
  1.3467445e+00
 -2.6730459e+00
  1.6683491e+00
  2.2240114e+00
 -1.3836755e+00
 -6.0852981e-01
 -1.3991499e+00
 -7.6767847e-02
  4.2045500e-02
  4.3407696e-01
 -2.9679558e+00
 -6.6346467e-02
  4.5013618e-01
  1.4053306e-01
  2.9014335e+00
  7.1056858e-02
 -1.4980934e-02
 -3.6946625e-02
  6.0455307e-02
 -1.1039541e-02
 -1.7933520e-03
  3.7386082e-02
  2.4271812e-02
  6.6433407e-02
 -2.9358195e-02
  2.6660839e-01
 -5.0744885e-03
 -1.8626347e-01
  1.0152479e+00
 -1.0596417e-01
  4.5026679e-02
  2.0780313e-01
 -4.8088200e-02
  1.3693565e-02
  5.8290355e-02
 -2.7340062e-02
  1.3355096e-01
  9.0653256e-02
 -4.1386556e-02
  2.7719472e-02
 -7.8818416e-03
 -1.5842622e-02
  3.7504986e-01
  7.8360714e-02
 -3.9023619e-02
  1.8455225e-01
 -1.3556599e-02
  6.2300866e-03
  1.1033377e-01
  1.7286327e-02
  2.0946589e-01
 -1.4849262e-02
  3.0149385e-02
 -2.5489945e-03
 -1.8806738e-01
  1.1667574e-02
  8.2767336e-03
  9.3712151e-01
  2.0827509e-03
 -8.1336861e-03
  2.8749449e+00
 -9.6248738e-02
 -3.4061525e-02
 -3.3551991e-01
 -7.1883164e-02
  3.1487108e-03
  2.7600488e-01
  1.7724983e-01
  5.3628455e-03
 -4.7289420e-02
  4.7942851e-02
  1.9988148e-02
 -2.9084928e+00
 -3.4054283e-02
 -6.0980793e-02
  7.4772939e-02
 -3.3237323e-01
 -8.4415889e-01
 -1.9141894e-02
 -1.8343353e-01
 -1.4892483e-01
  2.0310447e-02
 -1.2748537e-02
 -1.6635282e-02
  1.1753269e-01
 -9.7828619e-03
 -2.7416741e-02
  6.3992697e-01
 -3.4058429e-02
 -6.2242415e-02
 -6.0066119e-02
 -1.3755404e-02
 -1.0361826e-02
  7.6043963e-02
 -2.8000880e-02
  1.4888300e-01
  2.1325935e-02
 -1.4788440e-01
  4.4179566e-02
 -1.0420581e-01
  6.5077335e-01
  6.6958345e-02
 -4.6248540e-02
  1.0409220e-01
 -4.1466574e-03
  7.2832983e-03
  8.7585193e-01
 -5.5868022e-02
 -1.3574457e-01
 -1.1155464e-02
 -2.1655027e-02
  8.6936697e-02
 -1.6291611e-02
 -1.0904416e-01
  6.5532230e-02
  1.3776892e-01
  2.2617278e+00
 -1.8868694e-02
 -9.2371747e-02
 -5.6103241e-02
  1.1025264e+00
 -1.2730514e-02
 -1.2840118e-01
 -8.5329396e-01
  1.2776984e+00
  8.9324021e-01
 -5.1591862e-02
 -3.1281716e-01
 -2.0866767e-01
 -2.5668812e+00
  6.3962960e-01
 -7.5522855e-02
  3.7257550e-03
 -5.0063986e-02
  2.2105290e-02
  8.6333826e-02
 -1.1575717e-02
  7.9974495e-02
 -2.8954890e-02
 -1.4195127e-03
  2.1847852e-02
 -1.5667908e-02
 -8.6728796e-02
 -7.3717892e-02
 -5.6878126e-01
  9.2480069e-01
 -2.2023473e+00
  4.5871520e-01
 -9.6780285e-03
 -8.8076510e-02
  5.5315390e-02
  6.9960326e-01
  1.7027617e-01
 -4.3069523e-02
  4.3244734e+00
 -5.7087648e-01
 -1.3346170e-01
  3.8824078e-02
  1.3252346e-01
 -7.9024619e-01
  5.0017159e-03
  1.0115052e-01
 -1.5197003e-02
 -3.9876055e-02
 -7.0722871e-02
 -4.5983680e-03
 -2.9778326e-02
  3.1937253e-02
 -3.3781648e-02
  4.7977909e-02
  3.3305024e-03
 -3.8971346e-02
  1.6109174e-02
 -3.4674130e-02
 -3.3704814e-02
 -1.1787241e-01
 -1.5941303e-03
 -9.3646117e-02
 -4.4661775e-01
  7.7836081e-02
  1.7293154e+00
 -2.3477395e-01
  2.8184199e-01
 -6.3920850e-01
  1.0239735e-01
  1.2689522e-02
 -2.3997609e-02
  9.4962986e-03
 -5.6458291e-02
 -7.7344598e-03
 -2.3476580e-02
  1.5704138e-02
 -3.7141588e-02
  1.0928362e-02
  1.9006161e-02
 -1.1027739e+00
  4.9222942e-02
 -5.8857493e-02
  5.3834673e-02
 -1.2545749e+00
 -2.3888888e-02
  1.6703527e-02
 -1.0977859e-01
  6.9452532e-02
  9.2590672e-01
  2.7986774e-02
 -4.4292086e-01
 -2.6862720e-02
 -1.0873165e-04
 -4.5481231e-02
  9.0449435e-01
  8.4537745e-02
 -2.4509933e-02
  3.3436112e-02
 -3.5713461e-01
  7.2551146e-02
  7.0873671e-03
  4.2512260e-02
  1.2335803e-02
 -6.0493670e-02
  1.1563684e-01
  1.9851394e-01
  6.3763998e-02
  3.8824636e-03
  8.3330087e-03
  2.4235517e-02
  1.4240515e-02
 -2.6179209e-02
 -1.1236920e-01
  3.6839539e-01
  2.3275743e+00
 -5.0643983e-04
  9.1476642e-02
 -5.3710818e-01
 -9.4272494e-03
  6.5558976e-03
  2.8597925e+00
 -5.8445819e-02
 -2.6452699e-01
 -1.6679445e-01
 -6.1432645e-02
  3.8194362e-02
 -4.6380917e-03
  2.1491295e-02
 -6.9877833e-02
  3.9496280e-02
  1.4874978e-02
  5.8860749e-02
  1.7209781e-02
  1.3177454e-01
  2.6683446e-02
 -3.7117269e-02
 -4.1111387e-02
  9.2674997e-03
  1.0993534e-01
 -4.5205420e-01
 -8.1103425e-03
  7.3197540e-03
  2.2794612e-02
  2.4457391e-02
  1.0536537e-01
  1.4404459e-01
  9.4075046e-02
  8.5365936e-02
 -1.6234742e-02
 -2.7152045e-02
 -4.7821555e-02
 -4.8923638e-02
  1.3600506e-02
  2.3629732e-02
  3.1568374e-02
  5.6031509e-03
  3.7894893e-02
  1.6824750e-02
 -7.7022292e-04
  3.6139555e-02
  4.3922378e-04
  1.8499218e-01
 -5.8102354e-02
 -7.4230745e-02
  4.1268349e-01
  4.7507178e-02
  1.8610142e+00
  4.0524304e-02
  5.8547661e-02
 -5.2083516e-03
  5.3254999e-02
  9.7769536e-03
  3.2954592e-02
 -1.2758921e-01
  3.9923783e-02
  4.0249206e-02
  1.2220496e-02
 -8.9360289e-03
  5.5556264e-02
 -6.2530771e-02
  6.2094513e-02
  1.2542164e-03
  2.9141372e-03
 -1.1076785e-01
  4.9386676e-03
  2.8378479e-02
  5.0414793e-02
  1.5114899e-02
  3.0825878e-03
  2.0415287e-01
  6.1295722e-03
 -6.8570268e-03
 -6.2637827e-03
  1.3590984e+00
 -3.9645195e-02
 -4.9945354e-03
 -5.5604074e-03
 -3.9262882e-01
  5.3272281e-02
 -5.3366949e-03
  4.8235293e-02
 -2.3134436e-02
  1.8986942e-02
 -2.4931338e-02
 -4.6900618e-01
 -2.4645912e-02
 -4.2555314e-02
  2.9388603e-03
  1.9924842e-02
 -3.2492358e-02
  4.4064522e-02
 -3.3773754e-02
  2.8178057e-01
  1.2531458e-01
  8.9851134e-03
 -3.7447460e-02
 -1.8849963e+00
  1.8815052e-02
  3.6926582e-01
  1.1550725e-01
 -1.2448350e-02
  6.1943717e-02
 -4.0089998e-02
  1.1306319e-01
 -5.4856904e-02
 -3.5798118e-02
 -4.4110427e-03
  2.6740884e-02
 -9.0571441e-02
  2.6754014e-02
 -5.3973019e-02
 -2.9986275e-02
  1.3504921e-02
 -1.7169158e-01
  3.7295509e-02
 -2.6844537e-02
  2.5627960e-02
  9.4424430e-03
  1.8142944e-02
 -2.2343205e-01
 -2.5803596e-01
 -2.6803542e-02
 -4.0506382e-02
 -2.1596756e-03
 -1.0458028e-01
  1.1869634e-02
 -4.9206428e-02
 -6.9151796e-02
  2.8146561e-02
  1.3270783e+00
  4.2247977e-02
  2.3796585e+00
 -1.1301284e-02
  1.1866177e-02
 -2.7944999e+00
  7.5316522e-03
  2.2385752e-02
  2.4724206e-02
  5.1601157e-02
 -3.4603119e+00
  3.6644915e-03
  1.2657940e-01
 -1.2435148e-02
  3.5570454e-02
  2.8817179e-03
 -7.1074734e-03
  2.3399405e-01
  3.4814525e-02
  1.6352903e-02
 -3.5957464e-03
 -2.3814954e-02
  6.6208459e-02
  1.5491980e+00
  4.9952596e-02
 -2.6248572e-02
  4.8638091e+00
 -5.3458968e-03
  2.4070010e-02
  7.1334481e-02
 -1.9835588e-02
 -5.3491633e-02
 -5.9845012e-02
 -2.1339720e-02
  2.1206899e-02
 -4.5588449e-02
 -1.0157917e+00
  1.8333752e-02
 -7.3965099e-03
  1.7112260e-01
  1.1615205e-02
 -4.6517491e-02
 -7.8029163e-02
  3.8166922e-02
 -5.1661298e-02
 -7.0122972e-02
  7.2567433e-02
  5.5760559e-02
 -9.2681915e-02
 -6.5277718e-02
 -7.7302218e-04
 -1.1076028e-02
 -5.5089849e-03
 -5.1129324e-04
 -6.7898601e-02
  4.2800833e-02
 -6.5023333e-02
 -3.9675079e-02
 -1.4124998e+00
  1.1797250e-01
  3.3013707e-03
 -2.3288630e-02
 -6.1584837e-03
 -6.8922594e-02
 -6.4716406e-02
  2.8094962e-02
  6.1322052e-02
  6.0659427e-02
  1.9579165e-02
 -1.1770111e-02
 -6.5079797e-03
 -5.8923888e-01
 -3.1591505e-02
  1.6570630e-02
 -2.8614292e-01
  4.0621411e-02
 -1.4742442e-02
 -3.3180468e+00
  4.2815864e-02
  3.1897068e-02
 -5.2046557e-03
  2.4937897e-03
  7.8370936e-02
 -4.0033907e-02
 -2.6655316e-01
 -1.5604099e-02
  2.0033356e-02
 -1.3586855e-02
  1.3870189e+00
  2.5418796e-02
 -3.6133181e-02
 -3.8202222e-02
  2.3400694e-02
 -9.1801688e-02
  2.7455589e-02
  8.2548201e-02
  1.7057195e+00
 -1.0619443e-02
  4.5922641e-02
  1.9134529e-02
 -9.1368359e-01
 -2.2989555e-01
 -1.4110629e-01
  1.0617419e-01
 -2.3791796e-02
 -4.2033666e-03
 -1.8471567e-02
 -1.9205739e+00
 -5.9108801e-02
  9.9742142e-03
  1.7233595e-02
  3.4492537e-02
 -6.4876802e-02
 -5.9985428e-04
  1.1824545e+00
  4.2854059e-02
 -5.3901531e-02
  3.3699229e-02
 -2.8511519e-03
 -1.1069419e-01
  5.4574916e-03
  6.3890092e-02
 -2.9670292e-01
  8.7904884e-04
  9.4058758e-01
 -8.3552711e-03
 -3.2820333e-02
  5.6283761e-02
  6.2885478e-02
 -1.3468881e-01
  6.1929017e-02
  8.5510306e-02
  3.0252881e-02
 -2.3672624e-02
  2.6061263e-02
 -6.6836119e-02
  1.9421003e+00
  5.7731584e-02
 -3.1847459e-01
 -3.7337664e-01
  6.6166654e-02
 -2.1277187e+00
 -8.7750629e-02
  4.4550677e-03
 -3.1021221e-02
 -2.0644568e-01
 -2.4734523e-02
  3.4413520e-02
 -3.0280517e-02
 -3.1636443e-02
  1.6033505e-01
 -2.7763310e-03
  9.6138257e-01
  1.0083991e-01
 -2.0321833e-02
 -1.1861577e+00
  4.0715884e-02
  1.2645388e-02
 -1.8571470e-02
  5.3491086e-02
  1.2114714e-01
 -1.3842088e-02
  4.7827289e-02
  3.1941053e-02
  1.2959240e-03
  1.1795262e-02
  3.7007749e-02
 -7.5570726e-01
 -1.5833997e-03
 -2.5209347e-02
 -6.9955133e-02
  3.4285985e-02
 -1.2886691e-01
 -6.1755713e-02
  1.8316790e-02
 -1.1563654e-01
  4.1781835e-02
  2.1167655e-02
  3.3437759e-02
  1.5960446e-01
  2.8722424e-02
 -3.4189720e-02
 -4.2873323e-03
 -3.6640763e-02
  2.0046430e+00
  1.5503612e-01
 -2.2456720e+00
 -5.4716866e-02
  4.7147609e-04
  1.3002710e-01
 -2.5701544e-01
  1.4573564e-01
 -6.9401868e-02
  2.9449921e-02
 -3.0900663e-01
 -1.4549524e-02
 -7.1901537e-02
 -1.8229084e-02
 -1.6129995e-02
  6.4165764e-02
  1.5303391e-03
 -2.3824394e-02
  2.1426372e-01
  2.7665110e-02
 -2.4143972e-01
  1.4146579e-02
 -9.7019877e-03
  3.0229146e-02
  2.6041234e-02
 -3.4591384e-02
 -7.4414507e-02
  2.2577802e-02
  3.6757268e-02
 -6.7732610e-02
 -1.1159074e-02
  8.3807804e-02
 -1.2761551e+00
 -3.9553604e+00
 -8.5207917e-02
 -1.7264184e-01
  9.7457953e-02
 -1.5271592e-01
  2.9127464e-02
  1.5073515e-02
 -5.1530838e-01
 -4.0747527e-02
 -1.8040650e-02
 -1.7707724e-02
  5.3326704e-02
  1.1640098e-01
 -1.2876363e-02
  3.8685281e-02
  6.2348235e-01
 -4.5468844e-03
  1.8000687e-02
 -1.1582123e-02
  1.1592615e-01
 -1.3741560e-01
  1.6718799e-02
 -4.6786256e-02
 -3.5205091e-04
 -1.2024994e-01
 -1.1075781e-02
 -8.2674948e-03
 -1.2159074e-01
  9.9955231e-02
 -1.6544870e-01
 -2.1744259e-01
 -1.3823496e-01
  6.4522751e-02
  5.3765211e-02
 -7.5372332e-03
 -8.3510213e-02
 -2.9326810e-02
  5.6237094e-02
 -5.2488320e-02
  5.1598936e-02
 -3.8909710e-03
 -1.0776145e-02
  5.6181047e-03
  2.9384090e-02
 -3.2831829e-02
 -6.4588092e-02
 -3.2414865e+00
 -7.8810975e-03
 -7.1413450e-02
 -1.0105978e-02
  1.0723296e-01
  4.8913412e-02
 -4.1005442e-01
 -2.8617416e-02
  9.6600112e-03
 -1.0376659e-01
  6.6391066e-02
  4.5862846e-02
 -6.1681849e-01
  6.3375108e-02
 -2.2915671e-02
  4.5583956e-03
  3.3687614e-02
  7.7468919e-04
  1.1396996e-02
  2.4674810e-03
  8.9386422e-03
 -1.8857872e-02
 -9.9958200e-04
 -1.0620473e-01
 -9.9672861e-02
  6.5523595e-02
 -1.8644445e-02
 -1.3350904e-03
 -1.3147254e-02
 -3.8270846e-02
 -2.3828109e-01
  9.7103156e-02
  9.7853608e-02
  1.5751181e-02
  1.2518074e-02
 -7.9017878e-03
 -1.4000677e-02
 -6.5509282e-02
  8.0571306e-04
 -1.6794313e-02
 -1.8685126e-01
 -5.7332724e-02
  5.8178503e-02
 -1.2439509e-02
  5.6412714e-03
 -1.8204344e-02
  3.1404826e-01
  5.7807207e-02
  5.6321859e-02
  1.8911357e-01
  4.2925626e-02
  4.0272330e-03
  9.0940133e-02
  2.9301394e-03
 -3.9503677e-03
 -5.5636022e-02
  1.9595526e-02
  3.5235036e-02
  6.6473506e-02
 -6.7238891e-01
 -5.6080796e-02
  6.8508089e-02
  1.8951546e-01
  1.3807476e-01
  1.5502107e-01
  7.3615141e-02
 -1.5790952e-02
  7.1341150e-02
 -1.7218240e-01
 -9.5830254e-02
  1.7291255e+00
  1.1360952e-01
 -5.1016258e-03
  2.9556457e-02
  5.9529781e-01
 -3.2307573e-02
  2.7568296e-03
  1.0926932e-01
 -1.1231787e-01
  9.3276827e-03
  1.1466472e-01
  3.0015882e-02
 -5.3796315e-01
  1.7780948e-01
  7.8755565e-02
 -3.3740875e-01
 -1.6910104e+00
 -6.6213474e-02
  2.2274964e-01
 -7.0866221e-04
 -1.5296237e+00
  5.6287646e-02
  1.9522166e-02
 -2.9615058e-02
  5.2555636e-02
  1.2629107e-01
 -2.4840657e-02
 -1.5800965e-01
  1.0591604e-02
 -9.9280022e-02
  2.4743168e-02
 -1.5205742e-02
 -1.1717204e-01
 -6.4641677e-02
 -1.0321521e-03
 -1.5083425e-02
 -1.4651976e-02
  3.9724480e-02
 -2.8819849e+00
 -2.3672705e+00
 -7.1469009e-01
  2.6218534e-01
  5.4476237e+00
  7.1236861e-01
  1.3407093e+00
  2.4169374e+00
 -2.8203270e-01
 -6.4951621e-02
 -3.4451836e-01
 -3.0116456e+00
 -1.4612415e+00
 -1.1422515e+00
  4.4538848e-02
 -2.2228546e-01
 -4.7031246e-02
 -3.8967297e+00
 -1.2065020e-01
 -6.9044697e-01
 -1.0387879e-01
  7.4292284e-01
  2.1849284e-01
 -2.6388961e-01
  8.9367998e-01
  9.1449860e-03
 -1.9064468e-01
 -1.1980191e+00
  1.2652169e+00
 -7.6881987e-01
 -5.0648350e-01
  1.3362523e+00
 -2.9584880e+00
  1.3692189e+00
  3.9958036e-01
  3.3795440e+00
  1.3214382e-02
  4.1344557e-02
  3.1981986e-02
 -1.2039041e-01
  1.1318443e-02
 -1.2572184e-02
  5.3026889e-02
  1.1475176e-02
  9.3991756e-02
 -2.2743295e-01
  4.6751674e-02
 -7.9071529e-02
 -2.0051708e-02
  2.4032224e-02
  5.1132806e-02
 -1.1409540e-01
  3.9612874e-03
  2.1979485e-02
 -2.8523111e-01
 -6.7891538e-02
  1.7975410e-02
 -1.6207555e-02
 -3.1065568e-02
 -5.8364518e-02
  1.5426932e-02
  5.0782911e-03
  6.2748931e-02
 -2.1687219e-02
  1.2569956e-02
  2.9044906e-02
 -2.6764549e-02
  6.3040972e-02
 -2.0247957e-02
 -6.1960213e-02
  3.4743359e+00
 -1.5379563e-01
 -8.2057193e-02
 -5.3929757e-02
 -3.3655532e-02
  1.0082634e-01
  7.8508385e-02
  3.5047766e-02
  8.5615524e-04
  6.4171813e-02
  2.0543110e-02
  6.7705080e-02
  5.1675984e-03
 -8.0127025e-01
 -8.1893252e-03
  1.3774610e-02
  2.0028658e-02
  1.1994383e-01
  5.3693664e-01
 -2.2580802e-02
 -2.0884390e-01
  6.0302559e-02
  6.2155496e-02
 -3.0001877e-02
  7.9746403e-02
 -1.0471986e-01
 -4.5771111e-02
  6.6377488e-03
 -4.0652376e-02
  4.0387031e-02
 -1.1991366e-02
  7.4608691e-02
 -1.6540781e-01
 -6.3556099e-01
 -2.1769080e-02
 -5.7349587e-03
 -5.2220555e-04
 -1.3094167e-01
 -2.3764169e-02
 -7.8341119e-02
  6.7384161e-02
  6.2295970e-02
 -4.2144399e-02
  4.2443398e-02
 -2.1173060e-02
 -3.3703286e-02
  7.5810305e-03
 -3.3255450e-02
 -2.4540925e-02
  1.1420603e-02
 -2.4393251e-02
 -1.1148480e-03
  2.9002754e-02
 -4.6902128e-02
  2.2331060e-01
 -5.8754351e-02
  1.8260402e-04
  8.3493911e-02
 -5.7720500e-03
  4.6396803e-02
 -2.5798261e-02
 -3.8021567e+00
 -6.9144949e-02
 -3.4173116e-02
  7.4288413e-02
 -1.0135427e+00
  3.8714174e-02
  1.3584821e-02
  1.0931910e-01
 -2.7604416e-02
 -5.0125960e-02
 -4.0525589e-03
  2.9102776e-02
  3.0801727e-02
  3.3966988e-02
  1.0322519e-01
  2.1840747e-02
 -5.6776136e-02
  9.7899199e-02
  9.6352860e-02
 -2.6307364e-03
 -2.0354753e-02
 -2.6435544e+00
 -4.7419485e-02
 -1.0246589e-01
 -2.1028111e-02
 -2.8333157e-02
  8.2430013e-02
 -5.1528562e-02
 -2.2433473e-01
 -4.6700519e-02
 -1.2191550e-01
  2.1355951e+00
 -6.4324006e-02
 -1.5960535e-02
  3.4770358e-02
 -1.7666537e+00
  1.1261657e-02
  2.0586483e-02
  1.3883190e-01
 -7.2663301e-03
 -4.2259488e-01
 -4.4405226e-02
 -3.7518639e-02
 -1.7686893e-01
 -2.5733493e-03
  1.0271039e-02
  3.3942107e-02
 -6.2902369e-02
 -3.3163831e-01
  7.5985774e-02
 -1.8765386e-03
  1.1045727e+00
 -2.1519952e-02
 -5.2450378e-03
 -1.6795461e-01
 -7.9581672e-03
 -1.3673257e-02
  1.2446646e-01
  7.0247419e-02
 -2.1096329e-01
  1.7033898e-03
  3.1856660e-02
 -6.8456635e-02
  1.3261668e-03
  4.1405156e-01
  1.9762298e-02
 -6.9915079e-02
 -7.9195313e-02
  2.8211833e-03
  1.7106068e-01
  1.5613255e-01
  2.4336345e-01
 -4.9220920e-01
  1.1286049e+00
  4.5183212e-02
  5.4328871e-01
 -9.3196434e-01
 -1.4379176e-01
 -4.0565316e-02
 -1.2145098e+00
  1.8738121e-02
  1.0887797e-01
 -6.9846094e-02
 -1.4218892e-02
 -8.3381236e-02
 -7.8430466e-02
 -7.6669931e-02
 -6.7197859e-02
 -5.6017533e-02
 -9.7328322e-03
 -2.7961969e-02
 -6.0716428e-02
 -2.4709485e-01
 -3.0870736e-01
 -1.4799813e-02
 -2.1846291e-02
  5.6042191e-02
 -5.2172258e-02
  6.8034744e-03
 -5.5706698e-01
 -3.6165960e-02
  2.9520575e-02
  1.0044391e-02
  4.3181581e+00
 -1.8461864e+00
 -2.8865345e-02
 -1.8229058e-01
 -2.0505513e-01
 -3.1752092e-01
 -8.8492213e-03
  7.0638441e-02
 -1.9461021e-02
  7.3381424e-02
  4.7395802e-03
  1.5174903e-02
  1.3390057e+00
 -2.1755207e-02
 -1.9158871e+00
 -1.3177612e-02
  2.0477274e-02
 -1.7394015e+00
 -3.6615651e-02
 -5.0935887e-02
  2.0667272e+00
 -1.2466363e+00
  4.1399550e+00
  4.6658236e-01
  5.1026732e-01
 -1.7732935e+00
 -2.9824305e+00
 -1.2753632e+00
 -2.7342255e+00
 -2.1486299e-02
 -1.6798666e-02
 -1.0061985e+00
 -3.7845683e-01
 -3.7681669e-02
  1.6856942e-01
 -1.7163737e+00
  7.4899685e-01
  3.1766903e-02
 -6.5312159e-01
 -2.0519489e-02
  5.0474662e-01
 -4.8011944e-01
 -1.1490194e-02
  1.4690179e-01
  1.3071867e+00
 -3.1637850e+00
 -3.4811041e-01
  3.4593031e-01
  3.5493591e-01
 -3.3828545e+00
  7.4626088e-01
  7.7144235e-01
 -2.4582310e+00
 -8.2552546e-01
  3.4078121e-01
 -8.6276390e-02
 -3.6008114e-01
 -2.5980769e-02
 -1.6124476e-02
 -2.2474703e-01
  2.9813433e-02
  8.0049545e-02
  1.7715311e-03
  5.2883518e-01
 -3.2077253e-02
  1.4310194e+00
 -2.3926895e+00
 -2.3639993e-01
  1.4400661e-02
 -7.7908590e-02
 -4.4789982e-01
 -1.7878116e+00
  2.6285931e-01
  6.2508792e-01
 -4.9164453e-01
  1.4404896e+00
  1.0855260e-01
 -8.1444257e-01
 -4.8499766e-01
 -7.0286458e-03
  8.2741633e-02
 -4.5646015e-01
  6.3817793e-01
  1.5034304e-02
 -1.2530640e-01
  5.5754626e-01
 -1.0607569e-01
 -7.1765386e-02
  7.0408401e-03
  4.7278856e-03
 -8.7551683e-01
  3.9592542e-02
 -3.2505190e-03
  4.3630651e-03
  1.3383258e-02
 -5.5920511e-02
  8.1215852e-01
 -4.2053595e-02
 -2.5105657e-02
  1.0210326e-02
  4.7763988e-02
  7.4745700e-02
  3.1533469e-02
 -8.3636898e-01
 -2.9504582e-01
 -1.9636793e-02
 -1.5594391e-03
  1.9725266e+00
 -6.4317286e-02
  3.8198117e-02
  2.3930125e-02
  4.9445000e-02
 -1.3571996e-02
 -1.5935071e-03
  7.5546078e-02
 -1.0849165e-01
 -4.5572281e-02
 -6.5772776e-03
 -2.6231485e-03
 -8.8492297e-02
  4.8830569e-01
  7.1484879e-02
 -1.2991419e+00
  3.1473613e+00
 -2.8554292e+00
  2.3079185e-01
 -4.3011332e+00
 -1.9856126e+00
  2.7111235e+00
 -6.0143512e-01
  1.0935750e+00
 -4.0337745e-02
 -2.3413942e+00
 -2.2779586e+00
  1.7365811e+00
  3.2556925e-02
  1.6965528e-01
 -2.8142786e+00
 -2.0988049e-01
 -3.7843792e+00
  2.1128044e+00
  5.5295434e+00
 -1.9671135e-01
  1.3410597e+00
  1.0709663e-01
 -1.2053649e+00
  1.7328244e+00
 -2.6210012e+00
  2.8448129e+00
 -2.6426368e+00
  1.2980819e+00
  8.4013659e-01
  1.1230189e+00
 -1.1239807e-01
 -2.6206276e-01
  2.1844660e-01
 -9.4526231e-01
  9.2987460e-01
 -4.6241099e-01
 -2.0534425e+00
 -3.1855453e-02
 -4.2019323e-03
 -4.8101664e-02
  1.6254868e-01
 -1.5869242e-03
  3.5677761e-02
 -1.7016916e-02
  1.1270450e-01
 -2.5707664e-02
 -9.5930010e-02
 -7.5344652e-02
  2.7035685e-02
  3.7107454e-03
  2.3402009e+00
  1.2599549e-01
 -2.0896375e-02
  6.1041057e-01
 -3.9692618e-02
  1.7749460e-02
  1.2735307e-02
 -2.8460307e-02
 -1.1650301e+00
 -2.2294864e-02
  8.2992569e-02
  5.9273648e-03
 -1.5594169e-02
 -1.4068413e-03
 -8.7668903e-02
  1.4931820e-01
 -1.1986051e-02
  5.4742113e-02
 -3.3511251e-02
 -2.5288841e-02
  8.0121495e-02
  2.0173226e-02
 -1.4180616e-02
 -6.7607029e-03
 -4.3618277e-02
 -3.4420758e-02
  1.7340251e-03
  3.5107426e-02
 -3.1245885e-02
  2.5869159e-02
  1.1234514e-01
 -8.8501990e-02
 -1.5545779e-02
 -2.2563132e-02
 -5.7385381e-02
  3.5031445e-02
 -1.1043037e-02
 -1.4929913e-01
 -6.5076724e-02
  6.9490508e-03
 -2.9642296e-01
 -4.3133534e-02
  4.1550726e-02
 -2.4496635e-02
 -1.9339370e-02
  2.6982035e-02
  1.4545023e-01
 -2.6883106e+00
 -7.5497039e-02
 -3.1388614e-02
  1.1579077e-04
 -2.2956874e-02
 -1.4068300e-02
  5.3330965e-02
  1.9699039e-02
 -1.3499720e-01
  7.3433393e-03
 -3.6747796e-03
 -7.4208987e-01
  4.1294526e-02
  1.9058190e-02
  2.0552406e-03
  2.8202555e-03
  3.3716891e-02
  4.4047710e-02
 -1.1341920e-02
  1.4571900e-02
  2.4118620e-01
  3.8045458e-02
 -5.9281942e-02
  5.5772591e-02
  2.4348802e-04
 -9.1089141e-01
  3.0079858e-02
 -3.3425827e-02
 -1.1952451e-02
 -2.3732683e-02
 -8.5879922e-02
 -1.4724071e-02
 -6.5285414e-02
 -9.7114332e-02
  1.1933830e-01
  1.7714189e-01
 -3.4980493e+00
 -3.8442337e-03
 -4.8142932e-02
  4.9394690e-02
  2.3876552e-01
  2.0104738e-01
  1.0379215e-01
  1.7922485e-02
 -7.6537758e-02
 -4.8257537e-02
  2.1363297e-02
  2.4687685e-02
  3.3082666e+00
 -8.1202552e-02
  1.7252773e-02
  1.7352400e-02
 -3.4318585e-02
  6.4471915e-02
 -6.7279920e-02
  5.4636754e-02
  2.1095739e-01
  6.6182345e-01
  4.2642705e-02
 -1.1678377e+00
 -2.3343148e-02
  1.1274993e-01
 -9.4814733e-02
  2.5183274e-03
 -4.1379776e-02
  2.7536502e-01
  5.3969689e-02
  6.8918336e-05
  5.4833356e-02
  4.2007573e-02
  1.2130864e-02
  4.7773237e+00
 -4.5293253e-02
 -5.2135348e-02
  3.1878720e-03
  9.2515722e-02
 -5.8005713e-02
  1.3925444e-02
 -2.3705278e-02
 -3.0999668e-02
 -9.0908678e-03
  1.7788783e-02
 -2.0805562e-01
 -9.8846490e-03
  1.2716042e-02
 -6.9842800e-02
 -2.3391201e-01
  2.7531903e-02
  8.2727976e-02
 -1.1316166e-01
 -3.9119873e-02
 -2.1441566e-02
  3.1004322e-04
 -2.4755527e-03
  8.2310520e-02
  1.2595512e-02
  1.9250693e-02
 -1.6573893e-02
 -6.1545618e-02
 -2.4886908e-02
  1.9015847e-02
 -6.4872652e-01
  3.2074747e-03
 -2.0259039e-02
 -1.3975921e+00
  1.0257022e-01
  1.5013716e-02
 -3.7454847e-02
 -1.8292822e-01
  6.7427024e-02
 -3.0615481e-02
 -2.4711211e+00
 -3.7242846e+00
 -2.7128285e-01
  2.0882706e-04
  2.7711680e-02
 -5.1213045e-02
 -6.3069373e-02
  8.7422922e-02
 -2.1205168e-02
 -8.6600296e-03
 -8.0104820e-02
 -2.5611762e-03
 -3.0166859e-02
 -1.6456940e-03
  2.5743760e-02
  3.6126502e-02
 -2.6139785e-02
 -6.1481315e-01
  5.6425091e-02
  1.2563583e+00
  2.6211524e-02
 -1.5894463e-02
 -3.5835352e-02
  4.3152159e-01
 -1.7673235e-01
  9.4726972e-02
  1.0147650e-01
  2.6629114e+00
  4.9602039e-02
 -9.1820210e-03
 -3.7415316e-03
  4.1121420e-02
  2.2265278e-03
  5.6944517e-03
 -5.8577999e-02
  9.8832250e-03
  3.5210390e-02
  5.1729403e-02
 -6.8566889e-02
  1.6095934e-02
 -9.1760596e-03
  9.9803746e-02
  1.0215590e-01
 -9.6170828e-02
 -3.3318345e-02
  8.0020145e-02
  1.6308876e-02
  1.1836746e-01
 -4.2525768e-02
  8.4210336e-03
 -2.8675921e-02
  8.1220306e-02
  2.9853564e-02
 -2.8865756e-02
 -2.0125780e+00
 -1.5807608e-02
 -5.2605238e-02
 -6.8999961e-02
 -1.3941181e-01
 -2.0569146e-02
 -8.6781196e-03
  1.2272359e-01
  2.3424368e-02
  1.0015239e-02
 -3.0034184e+00
  1.7535310e+00
 -9.3313130e-03
 -5.6842305e-03
 -8.8779852e-03
  3.0067513e-02
  3.0719075e-02
 -1.1809632e-02
 -2.1555306e-02
 -1.6610155e+00
 -1.5615566e-01
  1.8665519e-01
 -3.7248038e-02
  1.2037546e-02
  1.0184717e-02
 -2.2387438e-02
 -3.3041299e-03
  1.2996813e-02
 -8.4893815e-02
  3.9230399e-03
  1.0108573e-02
  7.0372349e-01
  4.0928494e-02
  6.2961316e-01
 -5.5715222e-02
 -7.9132058e-02
 -4.4839241e-02
 -4.1039743e-02
  3.3292931e-02
  1.7549839e-02
 -3.8808219e-03
  8.5802704e-02
 -4.3984942e+00
 -1.7459460e-01
 -2.2066003e-02
  5.0783958e-02
 -3.1960044e-02
  6.0324117e-05
 -9.5561426e-03
 -4.6366248e-02
  2.0919614e-02
  3.6785461e-02
 -1.5390468e+00
  3.8756721e-02
 -1.3513098e-02
  1.3427955e-01
  4.4670334e+00
  6.6755605e-03
  5.5540092e-03
 -6.9799505e-02
 -3.8283084e-02
  5.4185498e-03
 -1.1833583e-01
  6.0785890e-02
 -6.7253575e-02
  3.5953410e-02
  3.1528261e-02
  6.5078452e-02
 -1.4051633e-02
  2.3743547e-02
  1.0935190e-01
  7.8612447e-02
  4.4844352e-04
  3.0214252e-02
 -4.2589400e-02
 -2.4593228e-02
  1.7868668e-03
  1.3981073e-02
 -1.8497378e-02
  3.1939439e-02
  3.0370450e-02
 -1.7137034e-02
 -4.2200680e-03
  1.9955260e-01
 -3.8700351e-01
 -2.8361824e+00
  5.3004868e-02
  7.7550113e-02
  1.3292821e-01
  1.3461531e-02
 -1.1289765e-01
 -5.7982102e-02
  2.5061946e-03
 -4.8524112e-02
 -1.6044118e-02
 -1.9417435e+00
  1.3798881e-02
  1.5012321e-01
  9.1068698e-03
 -1.8148777e+00
 -1.0361183e-01
  2.7336853e+00
  3.4815501e-02
  1.0678378e-01
 -2.7210400e-02
 -8.4631853e-02
 -1.3643858e+00
 -1.6025166e-03
 -2.1702768e-02
 -4.1075569e-02
 -6.5533947e-03
  2.2491226e+00
  1.8276380e-01
 -4.4648466e-03
 -1.0276914e+00
 -6.7383997e-02
  3.8910430e-02
 -9.6709192e-02
 -1.1232214e-02
 -8.5263118e-02
 -1.3859339e-01
  3.6358777e-02
 -4.4664499e-01
 -1.4496548e-02
  3.0104928e-02
  1.3546449e-01
  1.1441349e-01
 -3.7870005e-02
 -1.2478484e-02
  2.2224728e-02
  2.0858053e-02
  4.2655246e-04
  1.0667000e-01
  9.5019288e-02
 -5.6658597e-03
  1.5181045e-02
  2.5792010e-02
 -3.3423874e-01
 -1.0442495e+00
  1.5192542e+00
 -4.1123629e-02
 -6.7807153e-02
 -5.5392023e-02
  7.0846416e-03
 -1.2844531e-02
  7.0017189e-02
 -6.7246216e-03
  1.2015219e-04
 -5.1658273e-02
 -6.7903399e-03
  6.0010590e-02
 -6.1083273e-03
 -2.3685163e-01
 -1.9262634e-01
 -1.3881687e-02
 -2.4076702e-02
 -1.3366841e-02
 -2.4884630e-02
  7.0119015e-04
 -5.3664185e-03
  1.5592184e-02
  1.4163290e-01
 -6.1245356e-02
 -2.0196380e-02
  1.6502080e-02
 -2.9926790e-02
 -1.2369214e-03
  4.0815912e-02
  4.0634882e-02
  1.7892946e-02
 -2.2171624e+00
  1.1128066e-01
  1.6069442e-01
 -7.3042378e-02
  6.5513186e-02
 -9.4065130e-02
  4.5986436e-02
 -1.2371983e-01
 -5.8137346e-02
 -1.2657066e-02
 -2.8421588e-02
 -2.2701005e-02
 -3.7647334e-01
  6.2283881e-02
  4.9947035e-02
  2.4192976e-02
  1.4599034e-01
  8.2064831e-01
 -2.0120600e-02
  1.1886777e-03
 -7.3875077e-02
 -6.6241943e-03
 -1.4704615e+00
 -2.5439505e-02
  1.1789978e-01
  2.4074243e-02
 -2.5561330e+00
 -6.4422628e-03
  8.0917284e-02
 -1.3112968e-01
  2.7346903e-01
 -4.8313759e-02
  3.8953740e-02
  3.5797665e-01
  2.4825012e-02
  1.7518721e+00
  1.7260423e-02
  9.2069849e-02
 -3.9423324e-02
 -4.2057820e-02
  1.5564799e-02
 -4.3142539e-02
  2.8188786e-02
 -1.1709161e-02
 -5.5991104e-03
  7.8431162e-04
 -4.7227945e-02
  2.0720498e-01
 -1.5398066e-02
 -5.1866923e-03
  1.2668730e-01
  2.2566296e-02
 -6.0309442e-03
 -2.7214434e-02
 -4.2637534e-02
 -7.7389278e-03
 -1.6838824e-03
  4.5832250e-02
  4.7346219e-02
 -8.1952035e-02
 -9.7072341e-02
 -1.3764274e-02
 -4.4973865e-02
  2.0758074e-02
 -6.2200360e-02
 -5.5512944e-03
 -1.4043376e-01
 -4.6491832e-02
  1.4852841e-01
  1.6403674e-01
 -2.3862750e-03
  5.4905869e-02
 -5.8899760e-02
 -4.0879082e-02
  1.2360875e-01
  1.0764560e-02
  2.3731207e-02
  1.0860179e-02
 -8.3281226e-02
  1.5757902e-02
  2.2960433e-03
  1.7616462e-02
 -1.7205466e-02
  4.2710200e-02
 -7.9058848e-02
  1.0108599e-02
 -2.5393043e-02
 -1.3444722e-01
 -3.2640598e-04
  4.9432717e-02
  6.4609875e-03
  2.7669957e-02
 -3.4509108e-03
  2.2723734e-02
  4.1413132e-02
 -2.1909788e-02
  7.3631629e-02
  8.4329531e-02
 -9.0207472e-02
 -1.2542317e-02
  2.1103454e-01
 -1.6147436e-01
 -3.2544252e-02
 -1.6673572e-02
  3.6304466e-02
 -1.8733902e-02
 -4.0138394e-02
  5.9305243e-02
  1.1795840e-01
 -1.9042114e+00
  1.9153257e-01
 -1.6205382e-02
  1.1083717e-02
 -1.1969666e-02
  3.7177663e-02
 -2.4338556e-02
  6.5004274e-02
  7.8606755e-02
  3.7473202e-02
 -4.7483992e-02
  7.3845215e-02
 -1.8630080e-02
  6.9056563e-02
 -1.4423630e-03
 -4.2452510e-02
 -4.5031644e-02
  7.4130140e-02
 -9.3019875e-03
  2.2291599e-02
 -3.0502533e-03
 -1.4115653e-02
 -3.0487950e-03
 -2.3135014e-01
 -1.8498249e+00
 -9.2412904e-02
 -1.1719185e-02
  1.1824288e-02
  2.7611099e-02
 -9.8942295e-02
  7.0235915e-02
 -6.2559970e-04
  4.4583264e-01
  6.6598773e-02
  5.2840129e-02
  1.7291303e+00
  7.6731525e-02
  1.1730839e-02
 -3.8370777e-02
  1.1969478e-01
  2.5021633e-02
 -2.9468851e-02
  1.0914697e-01
  7.4580866e-01
  9.8081701e-02
 -4.8077010e-02
  1.1833326e-01
 -1.3295920e-02
  5.8481861e-02
 -4.9184337e-02
  5.8183521e-02
 -4.7157821e-01
  2.1529703e-01
  1.1819550e-01
  7.3307632e-03
 -1.8089335e-02
 -1.2209360e-02
 -4.5515236e-02
 -2.5720403e-02
 -9.5310807e-02
 -1.4532322e+00
  1.5555207e+00
 -1.1891998e-01
  7.6834373e-03
 -2.3118487e-02
 -1.0185003e+00
  4.1092888e-02
  4.2002168e-02
 -6.8133563e-02
 -9.6152931e-01
 -2.6580526e-02
 -8.7088294e-02
  4.6685275e-01
  5.5292208e-02
 -3.6370368e-03
  9.4534911e-02
 -3.2952718e-02
  4.8679397e-03
 -1.0241748e-02
  4.0201086e-01
 -3.8189199e-02
 -1.4382059e-02
 -4.7570523e-02
  3.0504974e-02
  1.2119539e-02
 -2.2094014e-01
 -8.6981826e-02
 -5.1557548e-02
 -4.0628370e-02
  8.6243423e-03
 -7.8731261e-02
  6.7845439e-03
 -4.2201929e-02
 -9.6133399e-01
 -4.2417035e-02
  1.7535178e-02
  3.3508137e-02
  3.9494056e-02
 -7.1927875e-02
  9.0457894e-02
 -7.3059820e-02
 -6.0438313e-02
 -8.6014730e-01
 -6.9100052e-02
  3.4486238e-02
  1.2247449e-02
 -4.8169974e-02
 -1.9959919e+00
 -4.1085029e-01
  2.2353925e-02
  1.6825633e-02
 -2.4842938e-02
 -2.2819122e-02
  2.1893224e-03
  1.2482845e-02
 -5.9118617e-02
  5.5540755e-02
 -6.8124044e-03
 -7.9445481e-02
  1.2294106e-02
  5.8590967e-02
 -2.6907105e-02
  1.6456974e-01
  5.7485019e-04
  1.2660088e-01
 -1.4195977e-01
 -7.8412089e-03
 -9.4832607e-02
  3.1417892e-03
 -1.0428292e-01
 -8.8662500e+00
 -2.1239370e-03
 -1.0716971e-02
 -4.0082106e-01
  9.3473293e-02
  1.3277764e-02
 -1.1177634e-02
  1.4675776e-02
 -7.9226885e-03
 -6.6248300e-03
  3.4931052e-02
  1.8089551e-01
  1.8491150e-03
 -8.9231096e-02
  1.7971681e-02
  9.4597928e-02
  2.5203239e-02
  2.5893433e-03
  3.5754946e-01
 -2.2366330e-01
  5.4763660e-02
 -2.2215517e-01
  1.0912339e-01
 -6.8737812e-02
  7.6732296e-03
 -3.9754176e-01
 -4.2234316e-02
  1.6655188e-02
 -1.3653561e-01
 -7.8038478e-01
 -3.4527749e-02
  1.9204475e-02
  1.5864080e-01
  6.7171700e-02
 -9.5461518e-02
 -4.0095448e-02
 -1.0124157e-01
  4.3421239e-03
 -4.2491939e-02
 -4.9452942e-02
  1.4426285e-01
  2.7439464e-02
  1.3203165e-01
  3.3938569e-01
 -1.1205924e-01
 -2.9757942e-04
  1.0790307e-02
 -1.6801538e+00
  7.0981604e-01
  4.4582680e-01
  1.6029599e-01
  5.3666499e-02
  2.1844513e-03
 -1.1184903e-01
 -9.1711320e-03
  2.7036014e-01
  3.8225081e-02
  2.5289746e-02
 -5.3030699e-02
  3.7552483e-02
  5.3842192e+00
 -7.3959753e-02
 -2.8244263e-02
  2.1674128e-02
 -2.4412334e-02
 -5.1694294e-03
  2.5085006e-02
 -6.7395501e-02
 -5.7567948e-01
  4.2255035e-01
 -4.6998106e-02
  7.8387715e-02
  3.3277895e-02
  5.0444510e-02
  5.6276586e-02
  6.0481675e-02
 -7.2272606e-02
 -5.6836940e-02
 -4.9478993e-02
 -2.1661971e-02
  3.2090626e+00
 -1.8605767e-02
  1.9668442e-01
  4.5122383e-03
  3.2483481e-02
 -8.1126906e-02
  1.3803754e-02
  7.7060834e-02
  1.0794883e-01
 -1.1325747e-02
 -5.6689583e-02
  5.6677967e-02
 -1.1257951e-01
  5.7197637e-03
  9.5589018e-01
 -3.7003063e-02
  1.4378239e-01
 -5.9273858e-02
  2.5571486e-02
 -3.0742174e-02
 -1.9361492e+00
 -3.4689870e+00
 -6.3181082e-03
  9.5522135e-02
 -8.3765015e-02
 -8.2042903e-01
 -6.6352040e-03
 -1.2855837e-01
 -5.9682275e-03
 -9.2438217e-03
  6.6419572e-02
  4.1866782e-01
  3.9905882e-03
  1.0882826e-01
 -1.0807503e-01
 -5.3575454e+00
  5.0211899e-02
  3.6540024e-02
  1.4118197e-02
 -5.1346693e-02
 -4.2215589e-02
 -7.7667430e-02
  1.9480935e-01
  1.0346240e-01
  1.0460357e-02
 -1.3876293e-02
 -1.5727852e-02
 -2.0297740e-02
  2.9428023e-01
  5.8991984e-02
  1.6932739e-02
 -8.5640876e-03
 -6.7251399e-02
 -9.1620088e-02
  3.3736926e-02
  4.3430435e-03
  1.8691282e-01
 -7.6996177e-02
 -2.5430398e-02
 -1.4087485e-02
 -7.8047477e-02
  5.3059787e-01
 -5.0819786e-03
 -8.5049853e-02
  3.2781181e-03
 -3.9570693e-02
  9.4177894e-02
  2.1986833e-02
 -1.5825006e-01
  8.7349620e-03
  2.3100082e-02
 -2.7872178e-01
 -2.5797263e-02
  1.6784919e-02
 -5.1608771e-02
  2.7743656e-02
 -4.5769393e-02
  2.2682361e-01
 -9.5022075e-02
 -1.1042803e-02
  4.4400292e-03
 -2.9719198e-02
  3.1404234e-02
 -3.2160368e-02
 -7.2937203e-04
 -3.0442299e-02
  3.6651175e-02
  9.0687936e-03
 -4.8970124e-03
  1.7156400e-01
  2.8623456e-01
  1.6524911e-02
 -2.0704257e-01
  1.8269476e-04
 -1.0490589e-01
 -2.1904010e-02
 -1.5128245e-02
  4.4202104e-02
 -1.7809380e-02
 -1.1221153e+00
 -2.8920658e-03
 -1.6754325e-02
  4.3514024e-02
  1.1100918e-03
  2.8205296e-02
 -1.9624091e+00
 -6.8978369e-02
  2.1780597e-02
  1.5109326e-02
  1.6135976e-02
  7.9506814e-02
 -1.8755423e-01
 -2.8560219e-02
  1.5996198e-01
  8.6477019e-02
 -2.8947644e+00
 -8.0216825e-01
  9.8220229e-01
  1.9015137e+00
 -1.7811518e+00
 -3.9607940e+00
  3.1424401e+00
  6.7048597e-01
 -2.4457128e+00
 -3.0164176e-01
 -3.6703330e-02
 -1.0138330e-01
  2.5169447e-02
  4.3202642e-02
 -3.2089164e+00
  6.2086977e-02
 -6.0276785e-03
 -7.9340637e-02
  2.3522966e-01
  9.4469208e-01
 -1.5838379e+00
 -2.0664184e-01
 -1.9982912e-01
 -7.4883504e-03
 -5.5523092e-01
 -8.4360337e-01
  1.2025386e+00
 -5.7855195e-01
  2.8043374e-01
 -3.1257167e+00
 -9.3667740e-03
  8.7749636e-01
 -7.6707917e-01
 -2.1454110e+00
 -1.6910394e+00
 -1.0482357e-01
  9.9927373e-02
 -7.0709251e-02
  4.4532374e-02
 -4.8209060e-02
  2.5827834e-02
 -2.6715690e-02
 -1.8119773e-01
  1.6903650e-03
  1.1374276e+00
  8.5516134e-03
 -5.6023434e-02
  3.3526849e-02
  2.9914118e-02
  1.7546987e-02
  5.1803635e-03
 -1.1098619e+00
 -2.1861475e+00
 -7.6956876e-02
  8.9831221e-01
 -1.5329221e+00
 -1.1864196e+00
 -3.3478203e+00
 -1.0950942e+00
  1.9041179e+00
 -1.7654670e+00
 -1.9798696e+00
 -2.4359217e+00
 -1.3598212e+00
  4.2359084e-01
 -4.4207664e+00
  1.1579473e+00
 -2.6425266e+00
 -2.4760265e+00
  2.5014932e+00
 -6.3674992e-01
 -7.7003509e-01
 -1.6226270e+00
 -4.8412424e-01
 -2.1292432e-01
  2.8291016e+00
 -6.8821788e-01
 -5.9885150e-01
 -2.2367656e+00
 -4.1158211e-01
  3.0210918e-01
 -2.9507032e-01
  1.1739453e+00
  5.5510495e-02
 -2.6738625e+00
  3.6706576e-01
 -6.6471964e-01
  1.9646695e+00
 -4.2698722e-02
  4.1941044e-01
 -8.0712658e-01
 -2.7003517e+00
  4.2942157e-01
 -3.6410394e-01
  9.0078282e-01
  1.4079244e-02
 -6.0486137e-03
  5.4809377e-02
  1.5564446e-02
  1.2481308e-01
 -9.0860287e-03
 -1.5781252e+00
  3.1262374e+00
  2.8134067e+00
  1.7780166e+00
  1.1198348e+00
 -2.9526410e+00
 -3.1431870e+00
 -3.3678055e+00
  2.7240856e+00
 -3.0514605e+00
 -2.4003711e+00
  1.0588657e+00
  2.4518089e+00
  3.0357528e+00
  2.8197391e+00
 -2.8477147e+00
  3.2751923e+00
  4.2061691e+00
 -3.1334875e+00
  3.4928036e+00
 -2.9453862e+00
 -3.2356522e+00
  1.9103354e+00
  2.3794923e+00
  2.5158489e+00
 -3.0729244e+00
 -2.3904178e+00
 -3.2103727e+00
  4.9654775e+00
 -3.6885006e+00
  3.3907807e+00
 -2.8298311e+00
 -2.3871374e+00
  3.8284557e+00
  3.4313693e+00
  2.8863328e+00
  3.3500209e+00
  2.4597874e+00
  2.2143910e+00
  2.9891746e+00
  2.8863637e+00
  3.2999313e+00
 -2.4568968e+00
 -3.4016309e+00
 -3.0704646e+00
 -3.0476458e+00
 -2.2760339e+00
  3.2382603e+00
 -3.4607337e+00
 -4.1011018e-01
 -3.1985497e+00
 -2.5297062e+00
 -2.8522356e+00
 -2.4678407e+00
  2.8323703e+00
  4.1114247e-01
  3.3494987e+00
 -8.7398791e-01
 -2.6112800e+00
  2.6757634e+00
 -1.3490106e+00
  3.2647376e+00
 -2.9939518e+00
  2.3964255e+00
 -3.4899776e+00
  3.5638144e+00
  3.6242619e+00
  3.1545305e+00
  2.8945711e+00
 -3.8709369e+00
 -3.3765147e+00
 -3.3641798e+00
 -3.0701971e+00
 -2.7867785e+00
  2.7575788e+00
 -2.4747145e+00
 -3.7461808e+00
 -3.4743910e+00
 -4.9427271e+00
 -2.7114451e+00
  2.8875597e+00
  2.3101301e+00
 -1.7561489e+00
 -3.4827943e+00
 -2.3356798e+00
 -2.5845945e+00
 -4.1090355e+00
 -3.1263251e+00
 -4.1378136e+00
  3.1050358e+00
 -3.4504907e+00
  2.7100976e+00
 -5.9314857e+00
 -3.3642242e+00
  5.5663080e+00
  3.6455088e+00
  2.5891504e+00
 -3.7161977e+00
 -3.1025000e+00
 -1.6390245e+00
 -1.3086619e+00
 -1.1443180e+01
 -1.2777524e+01
 -9.9963140e+00
 -3.9921381e+00
  6.1472168e+00
  7.2885580e+00
  1.7513134e+01
 -1.3090950e+01
  2.4484086e+00
  8.0456705e+00
 -5.1141882e+00
 -1.4560463e+01
 -1.4494635e+01
 -1.6005838e+01
  1.1868970e+01
 -2.1892456e+01
 -1.8241222e+01
  1.0125688e+01
 -1.4190399e+01
  2.0184286e+01
  2.2008509e+01
 -1.2061348e+01
 -9.2750893e+00
 -1.5180283e+01
  1.2758989e+01
  4.3000546e+00
  1.3566233e+01
 -7.3898139e+00
  2.4622124e+01
 -1.2381421e+01
  1.7770042e+01
  1.7111246e+01
 -1.2902176e+00
 -2.3278124e+01
 -1.0591077e+01
 -1.8477293e+01
 -1.2035626e+01
 -1.6865820e+01
 -5.3820882e+00
 -1.4640245e+01
 -1.5565464e+01
  1.1099444e+01
  1.9342098e+01
  8.6603384e+00
  1.8745073e+01
  1.0633488e+01
 -2.2079025e+01
  1.6230347e+01
  2.5037386e+00
  1.9115921e+01
  1.3751659e+01
  4.3198524e+00
  1.0954913e+01
 -1.1814060e+01
 -2.8157871e+00
 -1.7332335e+01
  4.4217973e+00
  2.0428900e+01
 -7.4429760e+00
  2.7738316e+01
 -1.3192827e+01
  1.4389517e+01
 -1.2868991e+01
  1.5193504e+01
 -2.2679113e+01
 -2.2336098e+01
 -2.0540558e+01
 -5.3172631e+00
  1.5928630e+01
  2.0166271e+01
  1.6199936e+01
  1.6304993e+01
  1.8819363e+01
 -1.0680876e+01
  2.5409866e+01
  2.1237282e+01
  1.4916602e+01
  9.1491547e+00
  2.5547922e+01
 -1.5521040e+01
 -8.7937145e+00
  1.5940115e+01
  1.8490192e+01
  2.0556068e+00
  1.1151703e+01
  1.9077129e+01
  9.6271257e+00
  2.7208210e+01
 -1.2527482e+01
  1.4104345e+01
 -1.2813347e+01
  1.5536672e+01
  1.4102671e+01
 -1.5320566e+01
 -2.0863880e+01
 -9.7509842e+00
  2.0588625e+01
  2.2405619e+01
  1.1302621e+01
  2.2845291e+01
  1.3951989e+03
 -1.3079157e+00
 -2.4499960e+00
  2.9734530e+00
 -2.7465971e+00
  2.0042090e+00
 -4.2349061e-01
 -3.6746326e-01
 -2.7758425e-01
 -8.1085175e-01
  1.3033816e+00
 -1.0195762e+00
  5.2132173e+00
  2.1783907e-02
  2.7301824e+00
 -1.7015376e+00
 -1.3082548e+00
  3.7930915e-01
 -4.0252199e+00
 -3.2534130e+00
 -3.1004443e+00
 -1.2623245e+00
  3.1776361e+00
  5.1157060e+00
  1.3153005e+00
  7.0058423e-01
  1.0768807e+00
  8.9737046e-01
  3.4886484e+00
  4.6813674e+00
  2.3608763e+00
 -2.1034212e+00
  2.9476633e-02
 -4.5541620e+00
 -3.7304899e-01
 -2.0900762e+00
 -1.2254344e+00
 -2.2580743e+00
  1.5154804e+00
 -4.9429256e-01
 -3.8982921e+00
  9.1672617e-01
  1.7174391e+00
 -1.5784323e+00
  4.6312109e-01
  1.1873178e+00
  3.3283112e+00
  6.9798952e-01
  3.6327209e+00
 -2.3498039e+00
  2.2083173e+00
 -8.9900476e-01
  1.1505623e+00
 -3.0455141e+00
  2.4388933e+00
 -1.0721612e+00
 -6.6536003e-01
 -2.4167430e+00
 -4.5755024e+00
 -1.3572584e+00
 -1.7734617e+00
 -3.2864182e+00
  4.0211024e+00
 -4.3636436e+00
  4.8774309e+00
 -4.7884174e-02
 -8.8668948e-01
  1.9259024e+00
 -2.7933612e+00
 -3.2886410e+00
 -1.8574851e+00
 -5.3915006e-01
 -3.7341309e-01
  2.1413565e+00
 -6.3600063e-01
 -2.0953050e+00
 -4.1093225e+00
  3.8632779e+00
  3.3480585e+00
  2.2919023e+00
 -3.1004350e+00
 -3.0532045e+00
 -1.0989952e+00
  1.7163696e+00
 -4.5297489e+00
 -6.1634231e-01
 -9.4317394e-01
 -1.5369276e+00
  3.3014379e+00
  1.3916224e+00
 -3.5344562e-01
 -5.1245985e+00
  5.8306565e+00
  2.7866530e+00
 -1.9804945e+00
 -9.3215376e-02
  4.7152102e-01
  1.7243029e+00
 -1.8890484e-01
  4.7429258e-01
  5.6989020e-01
  3.5138316e+00
 -5.0456943e-03
  8.5561252e-01
  4.3920034e-01
  1.0123148e+00
 -3.3403664e+00
 -7.5565374e-01
 -1.8933766e-02
  9.8066568e-01
 -8.3382206e+00
 -9.1454595e-01
  5.0543213e-01
 -1.3555449e-02
 -2.4484995e-01
  9.2191279e-01
  1.6919315e+00
 -1.2681243e+00
 -8.1963372e-01
  8.1472057e-01
 -2.1254485e+00
  2.2496498e+00
 -1.0607210e+01
  4.4331670e-01
  9.6025872e-01
 -4.0894189e+00
 -1.4800658e+00
 -1.0095185e+00
  3.7068834e+00
  1.8628460e+00
  9.0831041e-01
  4.4846206e+00
  4.1777067e+00
  3.5217226e+00
  4.6922404e-01
  1.8217553e-01
  4.9528965e-01
  2.6996489e+00
 -9.7934705e-01
 -1.2212440e+00
  5.1461953e-01
 -1.0282533e+00
 -8.4006912e-01
 -6.2326503e-01
 -4.0205118e-01
  1.6106826e+00
 -1.1167537e-01
  4.4368305e+00
 -2.1396990e+00
  3.4088404e+00
 -2.4173815e+00
  1.9263458e+00
 -4.3769250e+00
  1.2899035e+00
 -8.0488163e-01
  1.0251626e+00
 -1.1246616e+00
  6.3547093e-01
 -7.6866287e-01
  1.2871433e+00
  2.6843343e+00
 -2.7382350e+00
 -5.4270592e+00
  4.3895655e+00
 -1.2526672e-01
 -2.1514447e+00
  4.7953920e+00
  2.9956884e+00
 -2.4319239e+00
 -3.4029882e+00
 -1.3601164e+00
 -2.0569909e+00
  2.6002023e+00
 -4.3219686e-01
 -1.6911972e+00
 -3.5471430e+00
  9.0313369e-01
  9.4715303e-01
  6.6970664e-01
 -4.8913579e+00
 -2.6681776e+00
 -1.1669512e+00
 -2.6813713e-01
  3.4921789e+00
 -5.1729159e+00
 -3.1651478e+00
  1.3049246e-01
  8.2177687e-01
  4.8229730e-01
 -3.5935924e+00
  2.4387972e+00
 -5.2276498e-01
 -1.4962075e+00
 -1.9577343e+00
 -5.8801007e-01
  4.0993595e+00
  1.8036922e+00
 -2.1952674e+00
 -1.3633616e+00
 -2.6957505e+00
 -1.8945366e+00
 -1.8130035e+00
 -4.8946657e+00
 -3.2305866e-01
  3.9546497e+00
 -2.8636572e+00
  1.4179175e+00
 -3.3355979e-03
  1.5893602e+00
 -1.1138450e+00
 -1.5012674e-01
 -3.6283469e+00
 -1.3156888e+00
 -2.5287721e+00
  5.1339970e+00
  4.6254425e+00
 -1.4750855e-01
  7.7215939e+00
 -6.1510801e+00
 -2.5167682e+00
  2.9168825e+00
 -1.0528876e+00
  4.5766878e-01
  2.4993730e-01
  3.9059535e-01
  3.3526449e+00
  5.9010825e+00
  1.6101537e+00
 -1.6937879e+00
  3.3087351e+00
  4.1500812e+00
 -9.0393680e-01
 -1.5540962e-01
  3.8535726e+00
 -1.0700264e+00
 -1.5681461e+00
  3.4601963e+00
 -2.5609677e+00
  1.9958476e+00
 -1.3216799e+00
  6.3774508e-01
 -6.5878189e-01
 -2.6671627e+00
 -2.9757173e+00
 -2.4621193e+00
 -1.9123602e+00
  5.8970604e-02
  5.2970879e-02
  1.3497841e+00
 -1.3449260e+00
  4.4213441e-01
  1.8046091e-01
 -1.2093711e+00
  3.0062737e+00
 -3.4790065e-02
 -8.6549067e-01
  6.5893584e-01
 -5.9351128e-01
  2.0315145e-01
 -2.4296172e+00
  9.9912994e-02
 -1.1173772e+00
  2.6751265e-01
 -1.6043447e+00
 -2.5076153e+00
  2.9382823e+00
  5.3097835e+00
  7.2317237e-01
 -3.9800644e-01
 -1.7191669e+00
  1.8025472e+00
  5.2038932e+00
  2.7441930e-02
  6.4136821e-01
 -1.7011280e+00
 -2.0654708e-01
  2.3043704e+00
 -1.3932546e+00
  7.6438766e+00
  8.6446665e-02
  2.0222642e+00
  1.9495517e+00
 -2.9234388e+00
  2.7712998e+00
  2.2274623e+00
 -3.2447197e+00
  9.0728313e-01
  1.1066927e+00
  1.4089081e+00
  1.6858957e+00
 -9.4457299e-01
 -4.8186026e+00
 -1.8281147e+00
  7.2625098e+00
  1.0504961e+00
 -1.1405047e+00
  2.0916851e+00
  1.1220115e+00
  6.8107790e-01
  4.4945768e-01
  8.3259320e-01
 -1.5277921e-01
  3.3453555e+00
  2.2371817e+00
  7.8665715e-01
 -2.0024912e+00
 -1.1341588e-01
 -8.4776086e-01
 -2.4804902e+00
 -1.8238990e+00
  4.0575833e+00
  7.4566078e-01
 -6.2676626e-01
  2.3223686e+00
 -6.1212373e-01
 -4.2350268e-01
 -1.6013204e+00
  6.4742522e+00
 -6.4667821e+00
 -2.0471603e-01
  9.8510915e-01
 -7.9715264e-01
  7.9396243e+00
 -8.8359034e-01
  2.2575929e+00
  5.8228451e-01
 -2.1754348e+00
  2.5686553e+00
  7.9914677e-01
  1.9756042e+00
 -5.0101972e+00
 -8.3485532e-01
 -1.6768214e+00
  4.2351952e-01
 -1.4597434e+00
  3.6523932e-01
  1.9573764e+00
  2.7391908e+00
 -2.9993510e+00
 -1.1353871e+00
 -3.9579048e+00
  1.6761182e-01
 -1.1311895e+00
 -3.3024864e+00
 -1.2344623e+00
 -1.7391714e+00
 -3.7177360e+00
  1.6993169e+00
  4.1315588e-01
  2.7330652e-02
  2.1230528e+00
  1.1486540e+00
  2.8702140e+00
  3.2544229e+00
  1.6963545e+00
  9.6799886e-01
 -9.7436929e-01
  2.2989824e+00
 -4.8795399e-01
 -6.3008070e-01
  2.0054097e+00
  4.3105116e-01
 -2.0948896e+00
  3.1849793e-01
  1.5665861e+00
  1.3322164e+00
  1.0863098e-01
 -5.9162340e+00
 -8.7530243e-01
  5.9448066e+00
  8.1026125e-01
 -1.7157651e+00
 -1.5176300e+00
 -2.2840471e+00
 -2.4663708e-01
  1.8875525e+00
  4.9474820e-01
 -2.6225300e+00
 -6.2655538e-02
 -2.5575247e+00
  3.3470082e-01
  9.6492100e-01
  2.3343902e+00
  3.5212177e-01
 -7.1332633e-01
  3.2494121e+00
  6.3686532e-01
 -1.2256811e+00
  5.0725551e+00
  7.3122799e-01
 -3.2993758e+00
 -8.6535849e-02
  5.6010865e-02
  4.5945472e-01
 -4.6066275e-01
  4.2699316e-01
  2.9655919e+00
  1.0708930e+00
  7.8772776e-02
 -1.8098365e+00
  1.9457002e+00
 -2.5947778e+00
  1.9925941e+00
  8.3836496e-01
  2.0310669e+00
  1.3224696e+00
  7.3147213e-01
 -2.1730406e+00
  8.0512285e-02
  1.3665634e+00
  2.0056605e+00
  7.0804077e-01
 -4.3877912e+00
  5.4208245e+00
 -8.5363060e-01
  2.2475610e+00
 -1.8862652e+00
 -2.9534757e+00
  6.3749123e-01
  6.9795746e-01
 -1.6956426e-01
  3.0047076e-02
  1.3368019e-01
 -6.0780501e-01
 -3.7100635e+00
  2.8773549e+00
 -3.0127771e+00
  2.0664391e-01
  8.4162551e-01
 -1.2454292e+00
 -4.4765673e+00
 -2.4767463e+00
 -1.3181711e+00
  3.1459564e-01
 -1.8771442e+00
  1.4864875e+00
  7.6586437e-01
 -3.9042733e+00
 -3.3406574e-01
 -2.3139393e+00
 -1.5324396e+00
 -1.4364152e-01
 -4.7298223e-02
 -3.1030115e-02
 -3.0211779e-01
 -3.6424382e+00
 -6.9568911e+00
 -1.2106783e+00
 -1.0226278e+00
 -1.1160932e+00
  2.7180478e-01
 -5.3909592e-02
  3.3729262e+00
  1.5865309e+00
 -1.1958995e+00
  1.1645153e+00
  4.2215528e+00
  1.7125984e+00
 -6.4519560e-01
  3.4610516e-01
  1.5328959e-01
 -3.4541540e+00
 -2.9129829e+00
 -5.9498554e-01
 -1.7245572e+00
 -7.7560478e-01
  2.5645928e+00
 -2.1333239e+00
  2.4501019e+00
  2.1948228e+00
 -2.1868360e+00
 -1.7491447e+00
 -3.0954747e+00
 -3.8679305e-03
  3.7900698e-01
  1.2018104e+00
  5.2126354e-01
 -5.1346159e-01
 -1.0068679e+00
 -3.2461982e+00
  8.9279972e-02
 -2.4871438e+00
  1.0890628e+00
 -2.2287920e+00
  2.5194499e+00
 -2.1288718e-01
 -4.1905078e-01
  3.9447832e-01
 -2.0707981e-01
  3.8277712e-01
 -2.4082201e-02
  1.2824734e+00
  2.5687983e+00
  6.0515504e+00
  3.0204580e+00
  2.0044992e+00
  1.2766435e+00
  9.9252081e-01
  1.8474897e+00
  1.6644052e+00
  1.7392228e+00
  1.0708147e+00
  1.8941979e-01
  1.3317859e+00
  2.8049707e+00
  1.0196149e+00
 -8.1603640e-01
  6.1445951e-01
  1.1852255e-01
  8.9397788e-01
 -8.8082230e-01
  1.4357620e+00
 -1.1956493e+00
  2.1493430e+00
 -1.6093577e+00
 -3.2676047e-01
  9.2740214e-01
 -1.2234186e+00
 -2.0891094e+00
  3.7630618e+00
  1.0650909e+00
  1.9737602e+00
 -2.4616218e+00
  4.1680932e-01
 -3.6814106e+00
 -1.0362630e+00
 -3.8692316e-01
  1.1608311e+00
  1.4161071e+00
 -4.1630891e-01
  1.6743976e+00
  4.8819917e-01
 -1.4863162e+00
 -1.8486995e+00
  7.6138115e-01
 -8.5928661e-01
  8.0405557e-01
 -2.3931496e+00
  1.6183808e+00
 -2.2526288e+00
  9.2902616e-02
  3.5351801e-01
 -1.5093242e+00
 -6.0382122e-01
 -9.1324198e-01
  2.8076227e+00
 -4.5135185e-01
 -2.6720865e+00
  2.4144293e-01
  3.0883219e+00
 -1.2852873e+00
  2.9179025e-01
 -2.2321146e-02
  1.9083594e+00
 -5.3781658e-02
 -1.7958957e+00
  3.0211276e-01
  7.5158709e-01
 -2.3884957e+00
 -1.4826274e+00
  2.3741493e+00
  1.7556283e+00
  1.2401693e+00
 -4.2431062e-01
 -1.0888059e+00
  1.4309747e+00
  2.5060456e+00
  2.1069424e+00
 -1.4278342e+00
 -3.0079380e-01
 -1.1231054e+00
 -1.0573287e-02
  1.7373991e+00
 -5.1166768e+00
 -9.8239779e-01
 -3.7633279e-01
 -2.4242086e+00
  1.4716634e+00
 -5.0695097e-01
 -2.2845304e+00
 -2.1111331e+00
  3.4159279e+00
 -1.1028376e+00
  4.5142181e-02
  1.4088603e+00
  7.5343388e-01
  2.2453217e-01
  1.2409335e+00
  4.0802043e-02
 -1.0294956e+00
 -1.3049002e-01
  1.3140920e-01
 -4.3091221e+00
  2.6662745e-02
  2.3520541e-01
 -5.9890652e-01
 -3.4491208e+00
  2.2049932e-02
  2.4709754e-01
  6.1149311e-01
 -8.4118497e-01
  1.2615420e+00
  2.6106682e+00
 -6.4539358e-02
  2.7016799e+00
  3.7871442e+00
  3.4242520e+00
  3.7923918e+00
 -7.6116818e-01
 -4.7989516e+00
 -6.3318577e+00
  2.0651534e+00
 -3.0642790e-01
 -3.1788771e+00
  2.0377678e-01
 -2.5171256e-01
 -2.7770755e+00
  4.3370991e+00
  2.9261053e+00
 -2.8585382e+00
  2.0815036e+00
  2.9907765e+00
  4.5540795e-01
 -1.0191135e-01
  1.3892212e+00
  2.2703189e-01
 -4.2286977e-01
 -1.3071492e+00
 -3.5040016e+00
 -1.0466242e+00
  8.3893545e-02
  2.6577365e-01
 -1.2818637e+00
 -8.3894268e-02
  1.3116127e+00
 -1.1010261e+00
 -1.5424801e-01
  1.0661787e-01
  6.3452202e-01
 -6.2264591e-01
 -1.4383754e+00
  1.9964977e-01
 -4.5079017e-01
 -6.9635314e-01
  1.2223683e-01
  2.0407267e+00
  2.1641603e-01
 -1.0922530e+00
  1.0415876e+00
  5.1904769e+00
  2.0648589e+00
  4.7683057e-01
  8.1670299e-02
 -6.2436743e+00
  1.5658578e+00
  5.1859200e-01
 -2.5484867e+00
  1.4080356e+00
 -4.4213846e-01
  2.7133987e+00
  2.2991970e+00
  9.9408406e-01
 -1.7517093e+00
 -3.4434812e+00
 -1.3621172e+00
 -1.7158089e+00
  1.2210656e+00
 -1.4975082e+00
 -7.3685890e-01
 -1.7436206e+00
 -1.6730527e+00
  7.3373711e-01
 -3.8307020e-01
  1.4323182e-01
 -1.4946672e+00
  8.1151456e-01
  3.0137119e+00
  1.9109790e-01
  1.1100976e+00
 -9.0625179e-01
  1.3542407e+00
  9.4469154e-01
  1.5310159e+00
 -1.1094064e+00
 -7.9284370e-01
  6.9519013e-01
  9.1645604e-01
  7.1243459e-01
 -9.6907461e-01
  1.5787693e+00
 -1.0893658e+00
  1.4675357e+00
 -6.9251812e-01
 -3.0986903e+00
 -1.1698567e+00
  1.4290760e+00
  2.9444771e+00
 -2.1792819e+00
 -1.5433776e-01
 -3.0473638e+00
 -7.1630806e-01
  2.1280963e+00
  8.5779053e-01
 -2.0825458e+00
  1.8509623e+00
 -5.8678657e-01
  6.4007151e-01
  2.0334795e+00
  4.5141754e+00
 -2.3356318e+00
  1.6864924e+00
 -1.0546288e+00
  2.3720019e+00
  5.4688209e-01
 -4.6683022e-01
  5.2043661e-02
 -1.8215914e+00
  2.2030401e+00
  3.5908350e-01
 -8.3219153e-01
 -1.1897883e+00
  5.1664811e-01
  1.5116870e+00
 -2.1043457e-02
 -3.1967473e-01
  5.4175335e-01
 -1.3505123e+00
  3.7683082e-01
  3.4514078e-01
  8.9183676e-01
 -1.4977778e+00
  3.4632662e-01
 -1.8418791e+00
  1.0285338e+00
  3.8605741e-01
 -1.4514363e+00
  3.9511397e-01
 -1.0899754e+00
 -5.3220814e-01
  2.0729880e+00
  6.8647981e-01
  2.8200543e+00
 -8.4436750e-01
 -6.2586612e-01
 -2.0850763e+00
  4.7228317e+00
  3.4579570e+00
 -2.0460191e+00
  1.5744182e+00
  6.9849461e-01
  2.2678988e+00
  3.0833187e-02
 -5.9715182e-01
  3.8718688e-01
  6.0658455e-01
  1.1965505e+00
 -1.0827259e+00
  1.0986534e-01
  7.5231826e-01
 -3.8093425e-02
  2.1873391e+00
 -1.1226429e+00
  1.1075019e-01
  8.9391714e-01
  1.5668468e+00
 -1.5447571e+00
 -1.0580726e-01
  8.0201201e-02
 -1.2273207e-01
 -7.7783245e-01
 -8.5093141e-01
  5.3969926e-01
 -5.0684530e-01
 -7.7212447e-01
 -5.1320469e-01
 -3.6284681e-02
  4.3995354e-01
  1.8338743e-03
  1.8338743e-03
  1.8338743e-03
  1.8338743e-03
  1.8338743e-03
  1.8338743e-03
  1.8338743e-03
  1.8338743e-03
  1.8338743e-03
  3.5708311e-03
  3.5708311e-03
  3.5708311e-03
  3.5708311e-03
  3.5708311e-03
  3.5708311e-03
  3.5708311e-03
  6.2058666e-03
  6.2058666e-03
  6.2058666e-03
  6.2058666e-03
  6.2058666e-03
  6.2058666e-03
  6.2058666e-03
  5.5716210e-03
  5.5716210e-03
  5.5716210e-03
  5.5716210e-03
  5.5716210e-03
  5.5716210e-03
  5.5716210e-03
  3.7785852e-03
  3.7785852e-03
  3.7785852e-03
  3.7785852e-03
  3.7785852e-03
  3.7785852e-03
  3.7785852e-03
  1.2551631e-03
  1.2551631e-03
  1.2551631e-03
  1.2551631e-03
  1.2551631e-03
  1.2551631e-03
  1.2551631e-03
  2.7323222e-05
  2.7323222e-05
  2.7323222e-05
  2.7323222e-05
  2.7323222e-05
  2.7323222e-05
  2.7323222e-05
