site_type,distance_angstrom
FCC,0.797119
FCC,0.76585
FCC,0.824508
FCC,0.864472
FCC,0.48468
FCC,0.646898
FCC,1.105858
FCC,0.435077
FCC,0.647236
FCC,0.773687
FCC,1.141223
FCC,1.299558
FCC,0.697148
FCC,0.820168
FCC,0.715901
FCC,0.711436
FCC,0.842615
FCC,0.360561
FCC,0.354342
FCC,1.56102
FCC,0.754709
FCC,0.513238
FCC,0.713909
FCC,0.859232
FCC,0.567702
FCC,1.569462
FCC,0.895467
FCC,0.488865
FCC,0.419561
FCC,0.578562
FCC,0.581207
FCC,0.571741
FCC,0.871595
FCC,1.244769
FCC,0.544711
FCC,0.530347
FCC,0.807165
FCC,0.362613
FCC,2.108614
FCC,0.643978
FCC,1.816713
FCC,0.840737
FCC,1.339068
FCC,0.53554
FCC,0.728941
FCC,1.90976
FCC,1.511711
FCC,0.963951
FCC,0.504652
FCC,0.956917
FCC,0.589728
FCC,1.125135
FCC,1.511778
FCC,0.763351
FCC,0.828393
FCC,0.631006
FCC,1.043871
FCC,0.655769
FCC,1.080318
FCC,1.220084
FCC,2.209976
FCC,0.538062
FCC,0.655486
FCC,0.52696
FCC,0.430146
FCC,1.826068
FCC,0.621978
FCC,0.855167
FCC,0.638696
FCC,0.769889
FCC,2.132328
FCC,0.603297
FCC,0.945669
FCC,0.782936
FCC,0.743862
FCC,0.281338
FCC,0.574882
FCC,0.390952
FCC,1.038178
FCC,0.586718
FCC,0.897999
FCC,1.119417
FCC,0.975831
FCC,0.68705
FCC,0.546113
FCC,1.929947
FCC,0.752008
FCC,0.331956
FCC,0.63476
FCC,0.596496
FCC,1.3476
FCC,1.032499
FCC,0.620295
FCC,2.087032
FCC,0.574073
FCC,0.601471
FCC,0.877806
FCC,0.574857
FCC,0.666969
FCC,1.225806
FCC,1.089695
FCC,0.995862
FCC,0.841679
FCC,1.517219
FCC,0.927965
FCC,0.961078
FCC,0.815167
FCC,0.907357
FCC,0.883883
FCC,1.135405
FCC,0.446468
FCC,0.613984
FCC,0.537619
FCC,0.870799
FCC,0.466566
FCC,0.870351
FCC,0.71229
FCC,0.979499
FCC,0.650792
FCC,0.744369
FCC,0.757765
FCC,0.669979
FCC,1.154949
FCC,0.626975
FCC,1.464378
FCC,1.413061
FCC,1.558543
FCC,0.280829
FCC,0.754813
FCC,1.403224
FCC,0.608978
FCC,1.385821
FCC,0.479169
FCC,0.431621
FCC,0.587788
FCC,0.921322
FCC,2.060808
FCC,0.751336
FCC,1.704772
FCC,0.856791
FCC,0.450388
FCC,1.031381
FCC,0.964433
FCC,0.745446
FCC,1.134143
FCC,1.206532
FCC,0.359703
FCC,0.581475
FCC,1.048184
FCC,0.887602
FCC,0.385963
FCC,0.628685
FCC,0.600695
FCC,1.627048
FCC,1.108026
FCC,1.137814
FCC,0.913146
FCC,1.589167
FCC,0.244143
FCC,0.888394
FCC,0.742931
FCC,2.010897
FCC,1.067546
FCC,0.703096
FCC,1.078411
FCC,0.720652
FCC,0.979322
FCC,0.90848
FCC,0.835506
FCC,1.135419
FCC,1.240756
FCC,0.724529
FCC,0.624559
FCC,0.802749
FCC,1.447331
FCC,0.844654
FCC,0.337145
FCC,0.698139
FCC,0.719415
FCC,0.85873
FCC,0.224699
FCC,1.352734
FCC,0.577711
FCC,1.242338
FCC,1.171712
FCC,1.008701
FCC,0.807074
FCC,1.923499
FCC,0.715141
FCC,0.775272
FCC,1.242291
FCC,1.500354
FCC,0.791038
FCC,0.6242
FCC,0.732165
FCC,1.745436
FCC,0.616843
FCC,0.717802
FCC,0.687892
FCC,1.652446
FCC,1.430971
FCC,1.59214
FCC,1.477522
FCC,1.337605
FCC,1.459622
FCC,1.759242
FCC,0.907941
FCC,1.86908
FCC,1.659598
FCC,1.872677
FCC,0.811971
FCC,0.883051
FCC,1.409681
FCC,0.719069
FCC,1.199658
FCC,0.73531
FCC,1.22117
FCC,1.470608
FCC,0.560318
FCC,0.974293
FCC,0.648671
FCC,0.781397
FCC,2.091604
FCC,0.765851
FCC,0.207643
FCC,1.145627
FCC,0.528118
FCC,1.824663
FCC,1.036107
FCC,1.44755
FCC,1.684383
FCC,1.937915
FCC,0.638218
FCC,1.493554
FCC,0.713137
FCC,0.500059
FCC,1.525274
FCC,1.300382
FCC,1.444336
FCC,1.76969
FCC,1.637913
FCC,0.677983
FCC,1.365054
FCC,0.741519
FCC,0.96011
FCC,1.008005
FCC,1.600289
FCC,1.698641
FCC,1.444817
FCC,1.005743
FCC,0.736222
FCC,1.472449
FCC,0.58944
FCC,1.62429
FCC,1.110005
FCC,0.54633
FCC,0.962287
FCC,0.887982
FCC,1.632067
FCC,0.109577
FCC,0.568542
FCC,0.631743
FCC,1.551395
FCC,0.604435
FCC,1.409674
FCC,1.345053
FCC,1.019626
FCC,1.357281
FCC,1.616499
FCC,1.560672
FCC,0.440869
FCC,0.702184
FCC,0.372489
FCC,0.71121
FCC,1.192577
FCC,1.21569
FCC,1.229212
FCC,1.544534
FCC,1.351561
FCC,0.482316
FCC,1.764112
FCC,1.262791
FCC,1.023553
FCC,1.296631
FCC,0.832219
FCC,1.909829
FCC,0.189106
FCC,1.770146
FCC,1.022857
FCC,1.552285
FCC,1.152821
FCC,1.601636
FCC,1.005651
FCC,1.294559
FCC,1.635791
FCC,1.448307
FCC,1.509195
FCC,0.928242
FCC,0.980505
FCC,0.675788
FCC,0.739804
FCC,0.887485
FCC,0.877283
FCC,0.758574
FCC,1.384193
FCC,0.547938
FCC,0.728928
FCC,1.38055
FCC,1.356861
FCC,0.602523
FCC,0.53547
FCC,0.791596
FCC,0.601225
FCC,1.309408
FCC,0.692323
FCC,0.812232
FCC,0.961936
FCC,0.523496
FCC,1.404131
FCC,0.552923
FCC,0.323341
FCC,0.591748
FCC,1.361425
FCC,0.681488
FCC,1.052757
FCC,1.022722
FCC,0.762256
FCC,1.524025
FCC,0.445283
FCC,0.646714
FCC,0.778208
FCC,1.039638
FCC,0.40711
FCC,0.930298
FCC,1.502749
FCC,1.526714
FCC,1.316116
FCC,1.132538
FCC,1.004185
FCC,1.274464
FCC,0.935167
FCC,1.304478
FCC,1.470541
FCC,2.014099
FCC,0.98868
FCC,0.826896
FCC,1.401134
FCC,1.305785
FCC,1.743227
FCC,0.416028
FCC,0.576541
FCC,1.272462
FCC,0.520886
FCC,1.018858
FCC,1.102422
FCC,0.451343
FCC,1.496924
FCC,1.102802
FCC,1.806931
FCC,0.730018
FCC,1.35591
FCC,1.714053
FCC,0.987337
FCC,1.626212
FCC,1.668166
FCC,1.417147
FCC,0.597351
FCC,1.25272
FCC,1.454423
FCC,1.133838
FCC,1.380838
FCC,0.470868
FCC,1.663741
FCC,0.679776
FCC,0.921548
FCC,0.7898
FCC,1.473373
FCC,0.780206
FCC,0.846453
FCC,0.947432
FCC,1.68614
FCC,0.922531
FCC,1.000917
FCC,0.821633
FCC,1.460937
FCC,0.842794
FCC,0.68695
FCC,1.128149
FCC,1.335465
FCC,0.28898
FCC,0.751026
FCC,1.850811
FCC,1.204342
FCC,0.687388
FCC,0.931111
FCC,0.633393
FCC,1.993721
FCC,1.652733
FCC,0.396036
FCC,0.485202
FCC,0.82706
FCC,0.865361
FCC,0.798708
FCC,0.830025
FCC,0.695267
FCC,0.583683
FCC,0.397761
FCC,1.743254
FCC,1.605213
FCC,0.565087
FCC,0.897654
FCC,0.553426
FCC,0.877938
FCC,2.076663
FCC,0.858914
FCC,1.656356
FCC,1.391516
FCC,0.517506
FCC,0.993945
FCC,0.681029
FCC,0.797019
FCC,0.720825
FCC,0.732748
FCC,0.572245
FCC,0.636329
FCC,0.622471
FCC,0.749163
FCC,0.626236
FCC,0.535878
FCC,1.503319
FCC,1.667057
FCC,0.90047
FCC,0.279722
FCC,0.648944
FCC,1.009808
FCC,1.572017
FCC,0.655253
FCC,1.609172
FCC,0.431157
FCC,1.0453
FCC,0.780527
FCC,1.846807
FCC,0.752235
FCC,1.146874
FCC,0.605393
FCC,0.697184
FCC,1.072634
FCC,1.213905
FCC,0.967441
FCC,0.540662
FCC,1.052662
FCC,0.965039
FCC,0.889311
FCC,0.652204
FCC,1.471075
FCC,1.360662
FCC,0.960924
FCC,0.583948
FCC,0.81291
FCC,0.863097
FCC,0.906273
FCC,0.811699
FCC,1.258518
FCC,1.542465
FCC,1.298092
FCC,0.856505
FCC,0.422719
FCC,1.785704
FCC,1.629695
FCC,0.985353
FCC,0.872889
FCC,0.8121
FCC,1.248777
FCC,1.541574
FCC,1.634943
FCC,1.250509
FCC,0.828522
FCC,0.555842
FCC,0.958818
FCC,1.397153
FCC,0.782036
FCC,0.823955
FCC,0.299873
FCC,1.39863
FCC,0.953218
FCC,0.670157
FCC,0.994815
FCC,0.970871
FCC,1.211844
FCC,0.544936
FCC,2.048316
FCC,0.462757
FCC,0.585699
FCC,1.029424
FCC,0.921632
FCC,0.79338
FCC,0.760942
FCC,0.605861
FCC,0.785967
FCC,1.444947
FCC,1.187689
FCC,1.815754
FCC,0.981217
FCC,1.114014
FCC,1.611061
FCC,0.618514
FCC,1.373302
FCC,1.046263
FCC,1.376568
FCC,1.027189
FCC,0.262958
FCC,1.094816
FCC,1.419168
FCC,1.683395
FCC,1.473815
FCC,0.782695
FCC,0.768046
FCC,1.236896
FCC,1.672637
FCC,1.513884
FCC,0.94864
FCC,1.164343
FCC,1.307238
FCC,1.333322
FCC,0.849159
FCC,0.877514
FCC,1.298722
FCC,1.687994
FCC,1.032845
FCC,1.832806
FCC,0.935546
FCC,0.9402
FCC,0.623103
FCC,0.517657
FCC,0.342132
FCC,1.339405
FCC,1.454827
FCC,1.096578
FCC,0.710651
FCC,1.371667
FCC,1.516183
FCC,0.962308
FCC,1.488894
FCC,1.202649
FCC,0.952433
FCC,0.573396
FCC,1.075865
FCC,0.820614
FCC,1.700214
FCC,0.345446
FCC,1.433647
FCC,0.739813
FCC,2.144702
FCC,0.990824
FCC,1.208377
FCC,1.55327
FCC,1.40598
FCC,0.647204
FCC,0.686937
FCC,2.122824
FCC,1.814342
FCC,1.178709
FCC,1.466661
FCC,0.787707
FCC,1.574761
FCC,0.964769
FCC,1.790679
FCC,1.886532
FCC,1.391892
FCC,1.788488
FCC,0.919313
FCC,1.442302
FCC,0.580788
FCC,1.766704
FCC,1.289399
FCC,0.790815
FCC,1.726931
FCC,1.631651
FCC,1.371222
FCC,0.759576
FCC,0.83257
FCC,1.613788
FCC,0.969866
FCC,1.410917
FCC,0.825781
FCC,0.86719
FCC,1.222369
FCC,0.557061
FCC,1.601456
FCC,1.284071
FCC,0.978138
FCC,1.370029
FCC,1.44878
FCC,1.459631
FCC,0.970909
FCC,1.685908
FCC,1.144001
FCC,1.108487
FCC,1.859527
FCC,1.976853
FCC,1.623198
FCC,1.228479
FCC,1.718513
FCC,1.397483
FCC,0.654841
FCC,0.296027
FCC,0.681286
FCC,1.041511
FCC,0.682429
FCC,0.819188
FCC,0.708081
FCC,0.450819
FCC,1.102863
FCC,0.825581
FCC,1.30246
FCC,0.761865
FCC,0.664321
FCC,0.292404
FCC,1.204274
FCC,1.45987
FCC,1.074297
FCC,1.487856
FCC,0.732804
FCC,0.457258
FCC,1.448727
FCC,0.864241
FCC,0.805488
FCC,1.597769
FCC,0.39974
FCC,0.781193
FCC,1.23873
FCC,1.958465
FCC,1.324284
FCC,1.68088
FCC,1.003342
FCC,1.472975
FCC,1.248836
FCC,1.334269
FCC,2.011029
FCC,1.64499
FCC,1.625269
FCC,1.576718
FCC,1.336315
FCC,1.375856
FCC,1.499909
FCC,1.232755
FCC,1.618658
FCC,1.685891
FCC,1.848807
FCC,1.54766
FCC,1.163321
FCC,1.497289
FCC,0.723996
FCC,1.1648
FCC,0.787256
FCC,0.704745
FCC,0.392479
FCC,0.778488
FCC,0.922085
FCC,0.906995
FCC,0.676501
FCC,0.684114
FCC,0.134363
FCC,1.778614
FCC,1.934033
FCC,1.187019
FCC,0.680217
FCC,1.563527
FCC,0.63096
FCC,0.95796
FCC,1.903377
FCC,0.859769
FCC,1.256239
FCC,0.929947
FCC,0.874105
FCC,0.94151
FCC,0.757844
FCC,1.342886
FCC,0.752766
FCC,1.389861
FCC,1.689154
FCC,0.67164
FCC,0.941405
FCC,0.646951
FCC,1.424186
FCC,0.700608
FCC,0.652204
FCC,1.050469
FCC,1.206365
FCC,1.437151
FCC,1.871468
FCC,1.535709
FCC,1.488632
FCC,0.706602
FCC,1.479474
FCC,1.918011
FCC,1.520584
FCC,0.710587
FCC,0.620859
FCC,1.657563
FCC,1.347407
FCC,0.963653
FCC,0.475194
FCC,1.079762
FCC,1.017648
FCC,0.53661
FCC,0.77713
FCC,0.761334
FCC,1.238219
FCC,1.153243
FCC,1.05823
FCC,1.26567
FCC,0.964604
FCC,0.790606
FCC,1.376935
FCC,1.043911
FCC,1.704579
FCC,1.238509
FCC,0.476161
FCC,0.26795
FCC,1.502785
FCC,1.058491
FCC,1.41643
FCC,0.207514
FCC,1.249377
FCC,0.96376
FCC,1.638101
FCC,0.818049
FCC,2.092773
FCC,0.686941
FCC,0.470245
FCC,1.022416
FCC,0.652305
FCC,1.084133
FCC,1.522288
FCC,0.383914
FCC,1.019013
FCC,0.513027
FCC,0.791543
FCC,1.416826
FCC,1.476206
FCC,0.645057
FCC,0.72242
FCC,0.917458
FCC,0.891147
FCC,0.974759
FCC,1.946117
FCC,0.57416
FCC,1.267155
FCC,1.181805
FCC,1.446861
FCC,1.287787
FCC,0.892297
FCC,0.613695
FCC,0.327717
FCC,1.113199
FCC,0.800971
FCC,0.682905
FCC,0.793211
FCC,0.90392
FCC,1.336804
FCC,0.847521
FCC,1.306836
FCC,1.839503
FCC,1.310155
FCC,0.50906
FCC,1.598083
FCC,1.248916
FCC,1.402369
FCC,0.822961
FCC,1.272566
FCC,2.241615
FCC,1.581132
FCC,1.368702
FCC,1.086956
FCC,1.14468
FCC,1.549213
FCC,0.795344
FCC,1.368746
FCC,0.808645
FCC,1.609752
FCC,1.98464
FCC,1.968044
FCC,1.360058
FCC,0.747248
FCC,0.736821
FCC,0.629187
FCC,1.076103
FCC,0.62048
FCC,1.022258
FCC,1.01308
FCC,0.960869
FCC,0.709341
FCC,1.070412
FCC,0.9335
FCC,1.068118
FCC,0.489116
FCC,0.937982
FCC,0.841632
FCC,1.854508
FCC,1.413938
FCC,0.651305
FCC,0.6293
FCC,1.638218
FCC,0.934192
FCC,0.960573
FCC,1.161056
FCC,0.28119
FCC,1.334049
FCC,0.746222
FCC,0.642547
FCC,0.880114
FCC,0.818312
FCC,1.355286
FCC,1.160325
FCC,0.995445
FCC,1.070603
FCC,0.923962
FCC,1.169591
FCC,1.648518
FCC,0.604816
FCC,1.990934
FCC,0.957723
FCC,0.764285
FCC,0.890395
FCC,1.004503
FCC,1.314086
FCC,1.085982
FCC,0.64823
FCC,1.951409
FCC,0.800191
FCC,0.640274
FCC,0.683025
FCC,0.697423
FCC,1.320241
FCC,1.4128
FCC,0.394227
FCC,0.615281
FCC,1.67665
FCC,1.270955
FCC,0.782234
FCC,1.052796
FCC,0.732113
FCC,1.215518
FCC,2.02559
FCC,1.041691
FCC,1.534884
FCC,0.50762
FCC,1.108001
FCC,0.761312
FCC,1.657831
FCC,1.979022
FCC,0.937928
FCC,0.564706
FCC,0.802563
FCC,1.131328
FCC,1.037315
FCC,1.421396
FCC,1.878424
FCC,1.24832
FCC,1.053863
FCC,1.346796
FCC,1.782662
FCC,1.683576
FCC,0.235866
FCC,0.844112
FCC,0.73922
FCC,1.547034
FCC,1.227991
FCC,0.983008
FCC,0.888028
FCC,1.887669
FCC,0.442514
FCC,1.367096
FCC,1.165061
FCC,1.386175
FCC,1.733412
FCC,0.794077
FCC,0.953995
FCC,0.714195
FCC,1.303213
FCC,1.018678
FCC,0.81915
FCC,1.261198
FCC,1.377954
FCC,0.908813
FCC,1.022132
FCC,1.549236
FCC,1.802983
FCC,1.122996
FCC,1.118805
FCC,1.8635
FCC,1.287328
FCC,1.606486
FCC,1.286604
FCC,1.971111
FCC,1.49212
FCC,1.335745
FCC,0.51651
FCC,1.767844
FCC,0.769571
FCC,1.034979
FCC,0.699925
FCC,0.664643
FCC,1.758503
FCC,1.106752
FCC,1.215019
FCC,1.33627
FCC,1.426042
FCC,0.822679
FCC,1.866202
FCC,0.734136
FCC,1.346495
FCC,1.258017
FCC,0.783043
FCC,1.105248
FCC,1.557906
FCC,1.296857
FCC,0.980272
FCC,0.808358
FCC,0.608559
FCC,0.876032
FCC,0.908902
FCC,1.87978
FCC,0.837936
FCC,0.896602
FCC,1.334724
FCC,1.407446
FCC,0.829598
FCC,0.703711
FCC,0.878463
FCC,0.871253
FCC,1.715059
FCC,1.324471
FCC,1.392603
FCC,1.05017
FCC,0.712073
FCC,0.977184
FCC,1.201775
FCC,1.867329
FCC,0.388169
FCC,1.292394
FCC,1.286045
FCC,1.374634
FCC,1.495872
FCC,0.786927
FCC,1.251422
FCC,0.562551
FCC,1.282238
FCC,0.697721
FCC,0.878317
FCC,1.592963
FCC,1.709585
FCC,1.70805
FCC,0.634877
FCC,0.717535
FCC,0.897642
FCC,1.830176
FCC,1.508215
FCC,1.059235
FCC,1.320954
FCC,1.124149
FCC,0.407379
FCC,1.021109
FCC,0.746043
FCC,2.098871
FCC,1.351422
FCC,1.592152
FCC,1.751009
FCC,1.565154
FCC,1.270618
FCC,0.809358
FCC,1.511341
FCC,1.458812
FCC,0.7022
FCC,1.567784
FCC,0.961309
FCC,0.498942
FCC,1.52075
FCC,1.791358
FCC,1.545039
FCC,0.679465
FCC,1.485459
FCC,0.958584
FCC,1.543995
FCC,1.242144
FCC,0.47373
FCC,1.080987
FCC,0.758699
FCC,0.593923
FCC,1.088377
FCC,1.624421
FCC,1.143787
FCC,1.232125
FCC,0.360985
FCC,0.917385
FCC,0.982956
FCC,0.625667
FCC,0.653397
FCC,1.217877
FCC,1.018701
FCC,1.86072
FCC,0.529941
FCC,0.916697
FCC,1.111055
FCC,0.851229
FCC,1.930057
FCC,0.931371
FCC,0.732437
FCC,1.638035
FCC,1.392349
FCC,2.006495
FCC,1.601844
FCC,0.415856
FCC,0.310407
FCC,0.314162
FCC,1.720077
FCC,0.555306
FCC,1.594739
FCC,1.665784
FCC,1.919831
FCC,1.184358
FCC,1.748499
FCC,1.321497
FCC,0.891303
FCC,0.891844
FCC,0.911837
FCC,0.755433
FCC,1.212253
FCC,1.610016
FCC,1.212353
FCC,1.001602
FCC,1.107548
FCC,0.778495
FCC,0.935132
FCC,0.676622
FCC,0.871372
FCC,0.338726
FCC,0.607102
FCC,0.595032
FCC,0.352054
FCC,1.197987
FCC,1.399583
FCC,1.325396
FCC,1.270348
FCC,1.496299
FCC,1.00524
FCC,1.12263
FCC,1.662528
FCC,1.887405
FCC,1.682825
FCC,0.920903
FCC,0.54941
FCC,1.519618
FCC,0.911237
FCC,1.725753
FCC,1.837625
FCC,0.360979
FCC,0.533813
FCC,0.399626
FCC,0.702205
FCC,1.101349
FCC,1.113295
FCC,1.709559
FCC,1.560628
FCC,1.328486
FCC,1.623218
FCC,0.389817
FCC,0.783136
FCC,0.240731
FCC,0.60941
FCC,0.964354
FCC,1.676623
FCC,1.178005
FCC,0.655747
FCC,1.517589
FCC,1.613043
FCC,1.596243
FCC,2.202237
FCC,1.19226
FCC,0.939831
FCC,0.529053
FCC,1.225859
FCC,1.483062
FCC,0.779422
FCC,1.316759
FCC,0.627741
FCC,0.287178
FCC,0.414268
FCC,2.013299
FCC,0.400779
FCC,1.57724
FCC,1.07269
FCC,0.558198
FCC,0.528126
FCC,1.644574
FCC,0.92454
FCC,1.46196
FCC,0.479395
FCC,0.48274
FCC,1.714798
FCC,1.408105
FCC,0.574702
FCC,0.837726
FCC,1.041257
FCC,0.623269
FCC,1.663899
FCC,1.470567
FCC,0.81207
FCC,0.86576
FCC,1.237309
FCC,0.935148
FCC,1.115516
FCC,1.627885
FCC,0.885841
FCC,1.773779
FCC,0.452494
FCC,0.53332
FCC,0.560983
FCC,1.495065
FCC,1.05514
FCC,1.096021
FCC,0.883589
FCC,1.165434
FCC,0.462338
FCC,0.493003
FCC,0.611221
FCC,0.810221
FCC,1.357118
FCC,1.096981
FCC,0.551022
FCC,0.643287
FCC,1.067093
FCC,1.092299
FCC,0.640941
FCC,0.763091
FCC,2.049873
FCC,0.486854
FCC,1.416268
FCC,0.55074
FCC,1.41286
FCC,1.612539
FCC,1.540721
FCC,0.450257
FCC,1.248769
FCC,1.065614
FCC,1.961356
FCC,0.987302
FCC,1.67277
FCC,1.139482
FCC,1.552433
FCC,0.982475
FCC,2.016637
FCC,1.339555
FCC,1.394727
FCC,1.182659
FCC,1.084141
FCC,1.527011
FCC,0.503752
FCC,1.075525
FCC,1.206077
FCC,1.530021
FCC,1.172746
FCC,0.813664
FCC,1.221306
FCC,1.498627
FCC,1.049109
FCC,1.815013
FCC,1.946684
FCC,1.017433
FCC,1.930282
FCC,0.999789
FCC,1.469683
FCC,1.566649
FCC,0.898542
FCC,1.260193
FCC,0.961124
FCC,0.853818
FCC,1.172737
FCC,1.935585
FCC,0.106761
FCC,0.68411
FCC,0.995224
FCC,1.189531
FCC,1.623618
FCC,0.419263
FCC,0.79133
FCC,1.497233
FCC,1.180301
FCC,0.86489
FCC,1.499081
FCC,1.109042
FCC,1.561805
FCC,1.193636
FCC,1.67989
FCC,0.071179
FCC,1.302518
FCC,1.238492
FCC,0.660327
FCC,0.831605
FCC,1.966141
FCC,1.569726
FCC,0.596187
FCC,0.758468
FCC,1.375801
FCC,0.741505
FCC,0.783158
FCC,0.899066
FCC,0.680803
FCC,0.642627
FCC,1.771136
FCC,1.229063
FCC,0.860877
FCC,0.669799
FCC,0.482961
FCC,2.115838
FCC,1.154509
FCC,1.780253
FCC,1.625382
FCC,1.996869
FCC,1.420231
FCC,1.265684
FCC,0.927903
FCC,0.545346
FCC,1.490277
FCC,0.882512
FCC,1.826504
FCC,1.340258
FCC,1.217749
FCC,1.024598
FCC,0.967654
FCC,1.345723
FCC,1.110713
FCC,0.660363
FCC,1.669723
FCC,0.752151
FCC,1.90386
FCC,1.482448
FCC,1.688977
FCC,1.756533
FCC,1.436227
FCC,0.774922
FCC,1.48512
FCC,0.301265
FCC,1.63695
FCC,1.472794
FCC,0.580818
FCC,0.791127
FCC,1.737598
FCC,1.28812
FCC,1.42526
FCC,1.268828
FCC,1.385711
FCC,1.475726
FCC,0.625968
FCC,1.383099
FCC,1.520459
FCC,0.595839
FCC,0.406357
FCC,0.94017
FCC,1.195452
FCC,0.767885
FCC,1.233368
FCC,0.50569
FCC,0.769371
FCC,0.903199
FCC,0.570666
FCC,0.639051
FCC,1.658496
FCC,1.54518
FCC,0.63901
FCC,0.928444
FCC,1.488291
FCC,0.368676
FCC,1.062912
FCC,0.647724
FCC,1.385163
FCC,1.788031
FCC,1.333414
FCC,1.465625
FCC,0.961381
FCC,0.931447
FCC,0.649783
FCC,1.25519
FCC,1.732997
FCC,0.634766
FCC,1.513943
FCC,1.726927
FCC,1.965811
FCC,1.608599
FCC,1.500191
FCC,1.416644
FCC,1.727538
FCC,1.42971
FCC,0.720908
FCC,1.264074
FCC,2.201217
FCC,1.325958
FCC,0.951707
FCC,0.471563
FCC,0.224927
FCC,0.979703
FCC,0.973776
FCC,1.398325
FCC,1.736577
FCC,1.422189
FCC,0.431653
FCC,1.632116
FCC,0.632287
FCC,1.617703
FCC,1.004072
FCC,0.486282
FCC,1.810454
FCC,0.577983
FCC,0.600391
FCC,0.846703
FCC,0.584077
FCC,1.445114
FCC,1.611793
FCC,1.001021
FCC,1.244353
FCC,1.344291
FCC,0.797988
FCC,0.784439
FCC,0.505527
FCC,0.688196
FCC,1.942958
FCC,0.61685
FCC,1.021535
FCC,0.997239
FCC,0.75534
FCC,0.524296
FCC,1.562498
FCC,0.861019
FCC,1.011626
FCC,1.426747
FCC,0.349104
FCC,1.017347
FCC,0.792755
FCC,1.276523
FCC,1.315628
FCC,1.540336
FCC,0.801252
FCC,1.144696
FCC,1.466882
FCC,1.163083
FCC,2.035307
FCC,0.972998
FCC,0.788248
FCC,1.099397
FCC,0.949626
FCC,1.810978
FCC,1.064752
FCC,0.765084
FCC,0.371819
FCC,1.887752
FCC,1.160563
FCC,0.635179
FCC,0.63048
FCC,0.961984
FCC,1.573385
FCC,1.531343
FCC,1.025736
FCC,0.746928
FCC,1.867012
FCC,1.836615
FCC,1.55758
FCC,0.379417
FCC,1.187308
FCC,0.945872
FCC,1.176589
FCC,1.625177
FCC,0.997333
FCC,1.589392
FCC,1.061354
FCC,0.910391
FCC,0.826116
FCC,1.640042
FCC,1.457484
FCC,0.743473
FCC,0.497953
FCC,1.603007
FCC,0.901359
FCC,0.591084
FCC,1.901488
FCC,1.569099
FCC,0.73707
FCC,0.60425
FCC,1.386332
FCC,0.616696
FCC,1.992032
FCC,1.716087
FCC,0.931792
FCC,0.829268
FCC,0.753316
FCC,1.392854
FCC,0.939831
FCC,1.467147
FCC,1.359929
FCC,1.125448
FCC,0.290724
FCC,1.722437
FCC,1.182854
FCC,0.611385
FCC,1.61295
FCC,0.760227
FCC,1.530314
FCC,1.440907
FCC,1.312396
FCC,1.43713
FCC,1.2977
FCC,0.917014
FCC,0.762888
FCC,1.885035
FCC,0.689396
FCC,0.891182
FCC,1.679204
FCC,0.353684
FCC,0.698872
FCC,0.509831
FCC,1.437093
FCC,0.753683
FCC,0.428904
FCC,0.762428
FCC,0.949457
FCC,1.182102
FCC,0.615573
FCC,1.271809
FCC,1.944196
FCC,1.013485
FCC,0.653101
FCC,1.436391
FCC,0.815959
FCC,1.011991
FCC,1.476018
FCC,1.837979
FCC,1.43122
FCC,1.76535
FCC,0.69244
FCC,1.150628
FCC,1.15308
FCC,1.674129
FCC,1.016283
FCC,1.164672
FCC,0.862197
FCC,1.481759
FCC,0.75503
FCC,1.051489
FCC,1.184769
FCC,0.560299
FCC,0.914049
FCC,1.28091
FCC,0.758619
FCC,1.714582
FCC,1.390836
FCC,1.689273
FCC,1.91858
FCC,1.019172
FCC,1.189997
FCC,1.466528
FCC,1.294276
FCC,1.484227
FCC,1.424051
FCC,0.583434
FCC,1.024049
FCC,1.541515
FCC,0.887928
FCC,1.238346
FCC,1.013173
FCC,1.924963
FCC,2.112188
FCC,1.612611
FCC,0.813516
FCC,0.601101
FCC,1.268663
FCC,0.835999
FCC,1.725009
FCC,0.8796
FCC,0.689497
FCC,2.071138
FCC,1.609008
FCC,0.745045
FCC,1.500663
FCC,1.01143
FCC,1.907061
FCC,1.812112
FCC,1.063075
FCC,0.779378
FCC,1.650447
FCC,1.448779
FCC,1.425981
FCC,1.631325
FCC,1.22605
FCC,0.927029
FCC,1.73433
FCC,0.870804
FCC,0.438902
FCC,1.316309
FCC,1.178327
FCC,1.727493
FCC,1.141164
FCC,0.642404
FCC,1.299435
FCC,1.859031
FCC,1.160001
FCC,1.270342
FCC,1.466174
FCC,1.459974
FCC,1.11826
FCC,1.682691
FCC,0.832892
FCC,0.6972
FCC,1.008813
FCC,2.179462
FCC,1.288458
FCC,1.927792
FCC,0.897112
FCC,0.389965
FCC,1.3704
FCC,2.185884
FCC,0.978278
FCC,0.81334
FCC,0.96004
FCC,1.70385
FCC,1.517102
FCC,1.473083
FCC,0.85361
FCC,1.588546
FCC,0.777813
FCC,1.553628
FCC,1.325637
FCC,1.036093
FCC,1.494817
FCC,1.087618
FCC,1.172862
FCC,1.605519
FCC,0.585553
FCC,1.371838
FCC,1.716454
FCC,1.280642
FCC,1.745765
FCC,1.332037
FCC,0.844994
FCC,0.66348
FCC,1.890484
FCC,0.746192
FCC,1.567008
FCC,1.842413
FCC,1.8568
FCC,2.099956
FCC,1.731704
FCC,1.478956
FCC,0.535165
FCC,0.617693
FCC,0.611887
FCC,1.883266
FCC,0.668155
FCC,0.853776
FCC,0.900781
FCC,1.483055
FCC,0.920883
FCC,0.573155
FCC,1.288147
FCC,1.992135
FCC,1.712824
FCC,0.343077
FCC,0.32554
FCC,0.969119
FCC,1.137765
FCC,0.317726
FCC,0.521433
FCC,1.616254
FCC,0.545067
FCC,1.529966
FCC,1.445043
FCC,1.162711
FCC,0.640087
FCC,1.291681
FCC,1.683128
FCC,0.664893
FCC,0.494786
FCC,1.413424
FCC,0.96091
FCC,0.984921
FCC,0.387835
FCC,1.055812
FCC,0.429207
FCC,1.452973
FCC,0.819657
FCC,1.387843
FCC,1.496767
FCC,0.630895
FCC,1.193576
FCC,0.821031
FCC,1.43553
FCC,1.019205
FCC,0.437284
FCC,0.93886
FCC,0.840783
FCC,1.292458
FCC,0.445038
FCC,1.059441
FCC,0.401149
FCC,0.416198
FCC,0.481449
FCC,0.94927
FCC,0.449256
FCC,1.307972
FCC,0.356818
FCC,0.65086
FCC,0.855055
FCC,1.248965
FCC,1.3228
FCC,1.171106
FCC,0.505006
FCC,1.878034
FCC,0.594435
FCC,0.470234
FCC,1.219064
FCC,0.948476
FCC,1.602862
FCC,0.386216
FCC,0.673945
FCC,1.494198
FCC,0.697985
FCC,0.305513
FCC,1.067432
FCC,0.954194
FCC,1.566799
FCC,0.606021
FCC,1.548012
FCC,0.772774
FCC,1.030528
FCC,0.801698
FCC,1.134694
FCC,1.198969
FCC,0.599196
FCC,0.627825
FCC,1.181608
FCC,1.330721
FCC,2.149654
FCC,1.685425
FCC,0.64621
FCC,0.420451
FCC,1.585064
FCC,1.602729
FCC,0.685435
FCC,1.312138
FCC,0.592453
FCC,1.379422
FCC,1.651802
FCC,1.423373
FCC,1.219945
FCC,1.373762
FCC,1.965524
FCC,1.438026
FCC,1.398499
FCC,0.54767
FCC,1.213916
FCC,1.811121
FCC,0.561874
FCC,0.242352
FCC,0.988749
FCC,0.780832
FCC,1.498242
FCC,1.429535
FCC,0.528737
FCC,1.006465
FCC,0.937247
FCC,1.114482
FCC,1.131692
FCC,1.678773
FCC,1.619234
FCC,1.55888
FCC,0.842673
FCC,1.283476
FCC,1.991437
FCC,1.575961
FCC,1.702812
FCC,1.274336
FCC,0.946319
FCC,0.736913
FCC,1.840689
FCC,0.653984
FCC,1.597902
FCC,0.951432
FCC,1.544428
FCC,0.962579
FCC,1.541956
FCC,0.764953
FCC,0.850726
FCC,0.6065
FCC,0.596
FCC,1.323825
FCC,0.448886
FCC,1.285426
FCC,0.508131
FCC,0.639925
FCC,0.686592
FCC,0.538288
FCC,0.697327
FCC,0.789017
FCC,0.941381
FCC,0.927887
FCC,0.993832
FCC,0.884187
FCC,1.39344
FCC,0.747795
FCC,0.926421
FCC,0.274539
FCC,1.04298
FCC,1.121341
FCC,1.1523
FCC,1.490653
FCC,0.807175
FCC,1.426024
FCC,1.279132
FCC,0.739097
FCC,0.956361
FCC,1.348531
FCC,1.584106
FCC,0.670948
FCC,1.003269
FCC,1.321695
FCC,1.130534
FCC,0.962754
FCC,0.639955
FCC,1.58533
FCC,1.066022
FCC,1.082548
FCC,1.607736
FCC,0.88967
FCC,2.07616
FCC,0.57967
FCC,0.692169
FCC,0.697666
FCC,1.090483
FCC,1.545615
FCC,0.699386
FCC,1.05974
FCC,0.53632
FCC,0.477943
FCC,1.222108
FCC,1.224384
FCC,1.001037
FCC,1.870111
FCC,1.60753
FCC,1.360185
FCC,2.28418
FCC,1.55597
FCC,1.276775
FCC,1.427006
FCC,1.954309
FCC,1.735063
FCC,0.940365
FCC,1.517253
FCC,1.54361
FCC,1.176582
FCC,1.236145
FCC,0.83271
FCC,1.528196
FCC,1.801352
FCC,0.499731
FCC,1.659285
FCC,0.688252
FCC,1.17141
FCC,1.276489
FCC,1.678069
FCC,1.774658
FCC,1.112454
FCC,1.347946
FCC,1.437491
FCC,1.414528
FCC,1.206517
FCC,1.188223
FCC,1.312287
FCC,1.675117
FCC,1.477123
FCC,0.767396
FCC,0.97389
FCC,1.508237
FCC,2.081861
FCC,1.798538
FCC,1.135915
FCC,1.878419
FCC,0.62112
FCC,1.060067
FCC,1.002492
FCC,1.473365
FCC,2.235995
FCC,1.43858
FCC,1.830521
FCC,0.894392
FCC,1.873612
FCC,1.022514
FCC,1.511527
FCC,0.84368
FCC,0.529775
FCC,0.663066
FCC,1.943888
FCC,0.986701
FCC,1.370107
FCC,0.769008
FCC,1.361098
FCC,1.032068
FCC,1.062581
FCC,0.992735
FCC,0.704857
FCC,1.222369
FCC,1.225563
FCC,1.043759
FCC,1.265711
FCC,1.315155
FCC,1.024596
FCC,1.291425
FCC,1.790781
FCC,0.810398
FCC,1.582901
FCC,0.838738
FCC,0.906245
FCC,0.989899
FCC,0.618205
FCC,1.643457
FCC,0.775898
FCC,1.747212
FCC,0.691678
FCC,0.886946
FCC,1.146675
FCC,1.400401
FCC,1.63645
FCC,1.557309
FCC,0.715677
FCC,1.068729
FCC,0.886256
FCC,1.490694
FCC,0.734857
FCC,0.667109
FCC,0.826427
FCC,0.918367
FCC,0.965299
FCC,1.412224
FCC,1.994418
FCC,1.584703
FCC,1.998599
FCC,1.102315
FCC,1.416468
FCC,0.781152
FCC,1.524635
FCC,1.009515
FCC,1.388594
FCC,1.014288
FCC,1.568163
FCC,1.160643
FCC,1.105392
FCC,1.432944
FCC,1.757456
FCC,1.368105
FCC,1.216623
FCC,1.267962
FCC,0.992106
FCC,1.482985
FCC,1.822072
FCC,0.586143
FCC,0.675372
FCC,0.966497
FCC,1.271675
FCC,0.7976
FCC,1.401895
FCC,0.636262
FCC,0.687093
FCC,0.700772
FCC,1.632082
FCC,1.355913
FCC,0.588386
FCC,0.743726
FCC,0.734928
FCC,0.595906
FCC,2.017643
FCC,0.963254
FCC,0.765918
FCC,1.214445
FCC,0.430114
FCC,2.160752
FCC,0.756624
FCC,0.921881
FCC,0.802581
FCC,1.53408
FCC,1.727198
FCC,1.004065
FCC,1.605535
FCC,1.4335
FCC,1.577992
FCC,1.055903
FCC,1.409016
FCC,1.586492
FCC,0.900287
FCC,0.487093
FCC,1.17179
FCC,1.44365
FCC,1.141199
FCC,2.225931
FCC,1.937295
FCC,1.291626
FCC,0.186624
FCC,1.106998
FCC,1.007578
FCC,0.407558
FCC,1.550349
FCC,1.584104
FCC,1.469836
FCC,0.711347
FCC,0.55304
FCC,1.609863
FCC,1.419188
FCC,0.580535
FCC,0.823478
FCC,1.049034
FCC,1.462884
FCC,1.071939
FCC,1.377871
FCC,1.097352
FCC,0.348806
FCC,1.270479
FCC,0.919083
FCC,1.44874
FCC,0.786204
FCC,0.84285
FCC,0.355436
FCC,0.48544
FCC,1.229527
FCC,1.121117
FCC,0.736174
FCC,0.961167
FCC,1.36718
FCC,1.220279
FCC,0.586245
FCC,0.643865
FCC,0.597699
FCC,0.516132
FCC,1.423596
FCC,1.598993
FCC,0.894549
FCC,0.582762
FCC,0.811458
FCC,0.628591
FCC,0.602529
FCC,0.815163
FCC,0.52842
FCC,0.566399
FCC,0.598576
FCC,0.731293
FCC,0.633367
FCC,0.332852
FCC,0.773312
FCC,0.26067
FCC,0.454755
FCC,0.23739
FCC,0.73638
FCC,0.826484
FCC,0.62086
FCC,1.441578
FCC,1.15539
FCC,1.636384
FCC,1.675834
FCC,1.409187
FCC,1.409625
FCC,1.061059
FCC,1.929324
FCC,1.336333
FCC,0.494671
FCC,1.478913
FCC,1.546314
FCC,1.400513
FCC,1.683354
FCC,2.13018
FCC,1.275512
FCC,0.554359
FCC,1.46503
FCC,0.733293
FCC,1.535564
FCC,1.960517
FCC,1.826698
FCC,0.40075
FCC,0.840708
FCC,1.053257
FCC,1.148522
FCC,0.559937
FCC,1.901326
FCC,1.062082
FCC,0.336902
FCC,1.86111
FCC,1.97465
FCC,0.963373
FCC,1.175324
FCC,1.371849
FCC,0.502693
FCC,1.788295
FCC,1.343798
FCC,0.495125
FCC,1.1932
FCC,0.271182
FCC,0.966726
FCC,1.251218
FCC,1.069921
FCC,1.068466
FCC,1.509774
FCC,1.481562
FCC,1.497846
FCC,0.457989
FCC,0.974237
FCC,0.495341
FCC,1.888792
FCC,0.803276
FCC,1.947459
FCC,0.868061
FCC,1.118472
FCC,0.427193
FCC,1.415147
FCC,1.325092
FCC,1.111551
FCC,0.94526
FCC,0.756587
FCC,1.426332
FCC,0.93447
FCC,0.703903
FCC,1.869162
FCC,0.972735
FCC,1.046006
FCC,0.983266
FCC,1.086282
FCC,0.554484
FCC,0.527198
FCC,1.610471
FCC,1.482
FCC,0.956455
FCC,0.714016
FCC,0.95179
FCC,1.563729
FCC,1.243632
FCC,0.807761
FCC,1.484326
FCC,1.669108
FCC,1.622353
FCC,1.528379
FCC,0.789487
FCC,1.584086
FCC,1.60757
FCC,1.188847
FCC,0.600995
FCC,1.249038
FCC,0.784908
FCC,1.197141
FCC,1.538909
FCC,1.024355
FCC,0.547689
FCC,0.807636
FCC,1.434446
FCC,0.490103
FCC,0.968313
FCC,0.613269
FCC,1.387971
FCC,0.694491
FCC,1.251574
FCC,0.985009
FCC,1.081338
FCC,1.136068
FCC,0.766938
FCC,0.4512
FCC,1.829688
FCC,1.453499
FCC,1.408883
FCC,1.54559
FCC,1.484892
FCC,1.187733
FCC,1.66362
FCC,1.681372
FCC,1.377552
FCC,0.617819
FCC,1.325124
FCC,1.449998
FCC,1.762306
FCC,1.211947
FCC,1.730221
FCC,1.035402
FCC,0.8797
FCC,1.023337
FCC,0.927264
FCC,1.856938
FCC,1.603198
FCC,1.148103
FCC,1.390463
FCC,1.172693
FCC,1.609653
FCC,1.088438
FCC,1.246555
FCC,0.925733
FCC,1.042805
FCC,0.274138
FCC,0.475573
FCC,0.725565
FCC,0.672839
FCC,0.672201
FCC,0.76034
FCC,2.147116
FCC,1.000213
FCC,1.352671
FCC,1.120409
FCC,1.354579
FCC,0.566455
FCC,2.053138
FCC,1.583239
FCC,1.479499
FCC,1.47909
FCC,1.423612
FCC,0.668899
FCC,1.503399
FCC,0.541071
FCC,1.683642
FCC,0.749246
FCC,0.604347
FCC,0.84881
FCC,1.661049
FCC,0.9067
FCC,1.332535
FCC,0.503934
FCC,1.436793
FCC,1.178883
FCC,0.752052
FCC,1.61674
FCC,1.548124
FCC,1.599856
FCC,0.699081
FCC,0.930292
FCC,1.05293
FCC,1.334374
FCC,1.445559
FCC,1.645055
FCC,1.690071
FCC,0.484443
FCC,1.727851
FCC,1.157336
FCC,1.820205
FCC,1.928473
FCC,1.297815
FCC,2.042325
FCC,1.607535
FCC,1.317621
FCC,1.869103
FCC,0.415491
FCC,1.393487
FCC,1.283024
FCC,0.82845
FCC,1.412871
FCC,0.348011
FCC,1.054594
FCC,1.416948
FCC,1.571549
FCC,1.391739
FCC,1.218952
FCC,0.735137
FCC,1.73254
FCC,0.643814
FCC,1.433411
FCC,1.369138
FCC,1.311145
FCC,1.761491
FCC,1.037687
FCC,1.615444
FCC,0.346839
FCC,0.832856
FCC,1.080736
FCC,1.180475
FCC,1.38115
FCC,2.02738
FCC,1.513091
FCC,1.710705
FCC,1.316115
FCC,1.724861
FCC,1.209364
FCC,1.765787
FCC,1.558125
FCC,0.741371
FCC,1.091582
FCC,0.880594
FCC,1.719959
FCC,2.139503
FCC,2.133903
FCC,0.46819
FCC,0.613444
FCC,0.707311
FCC,1.422244
FCC,1.930256
FCC,0.838743
FCC,1.867723
FCC,0.111991
FCC,1.31498
FCC,0.743411
FCC,0.996648
FCC,1.79627
FCC,0.641637
FCC,0.798872
FCC,1.093678
FCC,0.84115
FCC,1.065793
FCC,1.157116
FCC,1.560999
FCC,1.708759
FCC,1.487676
FCC,0.716857
FCC,0.825385
FCC,1.606937
FCC,1.211569
FCC,1.598852
FCC,1.301445
FCC,1.148543
FCC,1.14097
FCC,1.032897
FCC,0.635132
FCC,0.724597
FCC,0.987661
FCC,1.068512
FCC,1.782395
FCC,0.60389
FCC,1.594299
FCC,0.52377
FCC,1.241816
FCC,0.696899
FCC,0.490465
FCC,0.636652
FCC,1.167852
FCC,0.704127
FCC,1.923754
FCC,0.347583
FCC,0.677823
FCC,1.380486
FCC,0.886822
FCC,0.27063
FCC,0.93235
FCC,0.36816
FCC,1.362317
FCC,1.143451
FCC,1.528062
FCC,0.499077
FCC,1.694237
FCC,1.288892
FCC,1.421158
FCC,1.511201
FCC,0.597216
FCC,0.362418
FCC,1.170164
FCC,1.022444
FCC,0.871373
FCC,1.058966
FCC,1.251783
FCC,0.87273
FCC,0.566708
FCC,0.760889
FCC,0.52785
FCC,0.77396
FCC,1.166296
FCC,0.556975
FCC,0.473826
FCC,0.550448
FCC,0.245903
FCC,0.924923
FCC,0.600874
FCC,0.455885
FCC,2.167037
FCC,0.348666
FCC,0.330943
FCC,0.412918
FCC,0.555003
FCC,0.901109
FCC,0.401061
FCC,0.35679
FCC,0.352325
FCC,0.431772
FCC,0.513671
FCC,0.24013
FCC,0.622932
FCC,1.35938
FCC,1.286012
FCC,0.976512
FCC,0.688416
FCC,0.493111
FCC,0.745597
FCC,0.989212
FCC,1.882453
FCC,1.666286
FCC,1.361318
FCC,1.02832
FCC,1.100761
FCC,1.3749
FCC,1.639546
FCC,1.096334
FCC,0.599447
FCC,0.509415
FCC,1.4468
FCC,1.227725
FCC,1.479691
FCC,0.837461
FCC,1.716871
FCC,1.127354
FCC,0.830721
FCC,1.693453
FCC,1.378034
FCC,1.033399
FCC,1.414583
FCC,1.045621
FCC,0.731123
FCC,0.612646
FCC,1.480858
FCC,0.459966
FCC,1.692602
FCC,0.829793
FCC,0.349389
FCC,0.91043
FCC,0.682983
FCC,1.301661
FCC,1.585734
FCC,1.237587
FCC,0.447205
FCC,0.548631
FCC,0.597102
FCC,1.381197
FCC,1.622987
FCC,2.141306
FCC,1.758533
FCC,1.751075
FCC,0.295565
FCC,1.263761
FCC,1.356237
FCC,1.368282
FCC,1.569751
FCC,1.188297
FCC,0.903018
FCC,0.587036
FCC,0.492131
FCC,1.127128
FCC,2.18717
FCC,1.250509
FCC,0.751847
FCC,0.685926
FCC,0.858706
FCC,0.963244
FCC,2.024214
FCC,0.923653
FCC,1.448849
FCC,0.758962
FCC,1.28363
FCC,2.089227
FCC,0.530876
FCC,1.425424
FCC,1.357962
FCC,1.153237
FCC,1.680568
FCC,1.401392
FCC,1.11222
FCC,1.286775
FCC,1.281178
FCC,0.784635
FCC,0.495214
FCC,1.523029
FCC,0.818643
FCC,1.153723
FCC,1.451436
FCC,2.109624
FCC,0.844191
FCC,0.553191
FCC,0.973128
FCC,0.657977
FCC,1.020175
FCC,0.854663
FCC,1.415746
FCC,1.68208
FCC,1.652821
FCC,0.484907
FCC,0.462121
FCC,0.917042
FCC,1.543975
FCC,1.288385
FCC,0.800556
FCC,1.439122
FCC,1.149812
FCC,1.518209
FCC,0.496043
FCC,1.058311
FCC,1.11631
FCC,1.168702
FCC,1.345526
FCC,0.981991
FCC,1.071279
FCC,0.875417
FCC,1.473715
FCC,0.7198
FCC,0.632567
FCC,1.743925
FCC,0.419224
FCC,1.512088
FCC,1.769721
FCC,0.621684
FCC,1.292734
FCC,0.433568
FCC,1.425503
FCC,0.494631
FCC,1.78624
FCC,1.115433
FCC,1.618256
FCC,0.808873
FCC,0.739193
FCC,1.278657
FCC,1.771579
FCC,1.144128
FCC,0.627921
FCC,1.101556
FCC,0.781351
FCC,1.490926
FCC,1.615707
FCC,1.752781
FCC,1.287101
FCC,0.907402
FCC,0.399812
FCC,0.46474
FCC,0.568365
FCC,0.642362
FCC,1.663147
FCC,1.627934
FCC,1.819782
FCC,1.729372
FCC,1.199426
FCC,0.853355
FCC,1.95056
FCC,1.373108
FCC,0.719808
FCC,2.012319
FCC,1.140949
FCC,1.263787
FCC,1.951019
FCC,1.004759
FCC,0.607125
FCC,1.487088
FCC,1.754895
FCC,0.497188
FCC,1.273239
FCC,0.294918
FCC,1.251377
FCC,1.629237
FCC,2.061421
FCC,0.962467
FCC,0.828633
FCC,0.902489
FCC,1.168325
FCC,1.435708
FCC,1.072031
FCC,1.612348
FCC,0.716803
FCC,0.876337
FCC,0.914256
FCC,1.354589
FCC,0.877411
FCC,0.749184
FCC,1.333149
FCC,1.190267
FCC,0.832803
FCC,1.312456
FCC,1.400746
FCC,0.555471
FCC,0.77203
FCC,0.574181
FCC,0.631365
FCC,1.003389
FCC,1.190488
FCC,1.395145
FCC,0.455407
FCC,2.007521
FCC,0.974611
FCC,1.434108
FCC,0.973446
FCC,1.425164
FCC,0.805159
FCC,0.568889
FCC,1.153975
FCC,1.757965
FCC,0.383278
FCC,1.317594
FCC,1.555192
FCC,1.231241
FCC,1.992175
FCC,1.222094
FCC,1.26398
FCC,0.838412
FCC,1.050282
FCC,1.544555
FCC,1.127459
FCC,1.644872
FCC,0.274369
FCC,0.560552
FCC,1.280519
FCC,0.599009
FCC,1.201345
FCC,0.961497
FCC,1.061592
FCC,1.846504
FCC,0.910195
FCC,2.199609
FCC,0.878507
FCC,0.674906
FCC,1.510059
FCC,1.575032
FCC,1.887896
FCC,2.057399
FCC,1.440716
FCC,0.527818
FCC,0.665158
FCC,0.779731
FCC,0.957045
FCC,1.375625
FCC,1.637085
FCC,1.364389
FCC,1.089841
FCC,2.068774
FCC,1.160639
FCC,0.588666
FCC,0.661134
FCC,1.287221
FCC,1.040953
FCC,0.523292
FCC,1.405376
FCC,1.211101
FCC,0.392479
FCC,1.543852
FCC,1.65874
FCC,1.835276
FCC,1.342984
FCC,1.856833
FCC,1.180777
FCC,1.604302
FCC,1.102199
FCC,1.184082
FCC,0.780558
FCC,1.340881
FCC,0.872451
FCC,0.70706
FCC,0.46733
FCC,1.03061
FCC,1.881486
FCC,0.564233
FCC,1.107836
FCC,1.810977
FCC,0.665084
FCC,1.723585
FCC,0.799757
FCC,0.686333
FCC,1.524697
FCC,1.003293
FCC,0.779675
FCC,0.781756
FCC,1.057517
FCC,2.015433
FCC,0.214219
FCC,1.250749
FCC,1.037714
FCC,1.523669
FCC,1.026187
FCC,0.639476
FCC,1.053665
FCC,1.415515
FCC,1.469035
FCC,0.809711
FCC,0.742837
FCC,0.578732
FCC,0.601032
FCC,0.85382
FCC,0.860102
FCC,1.014299
FCC,0.924723
FCC,0.640455
FCC,0.574471
FCC,0.355774
FCC,0.727293
FCC,0.591334
FCC,0.818065
FCC,0.686771
FCC,1.133651
FCC,0.657821
FCC,0.402704
FCC,0.497931
FCC,0.515073
FCC,0.949205
FCC,1.78675
FCC,2.066871
FCC,0.902513
FCC,1.426645
FCC,0.923086
FCC,1.729735
FCC,0.966506
FCC,1.369247
FCC,0.272752
FCC,1.266972
FCC,1.196646
FCC,1.750962
FCC,1.035625
FCC,0.614756
FCC,1.449398
FCC,0.59506
FCC,0.798731
FCC,1.442793
FCC,0.390165
FCC,0.490741
FCC,1.55559
FCC,1.893969
FCC,1.297411
FCC,1.594982
FCC,1.0977
FCC,1.468932
FCC,1.239797
FCC,1.679635
FCC,1.562166
FCC,1.166788
FCC,0.977739
FCC,1.192048
FCC,0.535985
FCC,1.344201
FCC,1.726093
FCC,1.767167
FCC,1.54005
FCC,0.961987
FCC,1.64773
FCC,1.001837
FCC,1.386841
FCC,0.949199
FCC,1.707276
FCC,0.881268
FCC,0.416337
FCC,1.589252
FCC,0.728206
FCC,1.690366
FCC,1.556874
FCC,0.993599
FCC,0.742516
FCC,0.9775
FCC,0.364232
FCC,1.978096
FCC,2.16415
FCC,0.832251
FCC,1.374929
FCC,1.282927
FCC,1.648667
FCC,1.323523
FCC,1.063728
FCC,1.542576
FCC,1.236501
FCC,1.916414
FCC,1.683951
FCC,0.775558
FCC,1.483589
FCC,1.526703
FCC,0.862805
FCC,0.74984
FCC,1.132355
FCC,1.530035
FCC,1.058954
FCC,1.752658
FCC,0.413232
FCC,0.555501
FCC,0.863257
FCC,1.118822
FCC,1.540141
FCC,1.022741
FCC,1.259335
FCC,1.642162
FCC,1.347792
FCC,0.56487
FCC,0.463569
FCC,0.757759
FCC,1.124331
FCC,1.529758
FCC,1.11007
FCC,1.033376
FCC,1.61565
FCC,0.584889
FCC,0.968317
FCC,0.547204
FCC,0.930406
FCC,0.615366
FCC,1.265751
FCC,1.035294
FCC,0.574283
FCC,1.455236
FCC,1.659997
FCC,0.829523
FCC,1.05147
FCC,0.599961
FCC,1.943487
FCC,0.495605
FCC,0.593232
FCC,1.384023
FCC,0.707976
FCC,0.586253
FCC,1.377215
FCC,1.558041
FCC,1.320835
FCC,0.82677
FCC,1.762569
FCC,0.764901
FCC,0.750958
FCC,0.980377
FCC,0.554332
FCC,1.226372
FCC,1.297036
FCC,1.501324
FCC,0.914312
FCC,1.790112
FCC,1.482815
FCC,1.514751
FCC,0.964149
FCC,1.469976
FCC,0.841355
FCC,0.436679
FCC,0.665952
FCC,1.069429
FCC,1.034556
FCC,0.627593
FCC,0.747424
FCC,1.108629
FCC,0.640674
FCC,0.684854
FCC,0.392112
FCC,0.436992
FCC,1.380906
FCC,0.577362
FCC,0.234771
FCC,1.156632
FCC,1.763516
FCC,0.324113
FCC,1.936992
FCC,0.75003
FCC,1.15566
FCC,1.910811
FCC,0.45188
FCC,0.41147
FCC,1.256234
FCC,1.30492
FCC,1.529788
FCC,1.214072
FCC,0.176361
FCC,0.819062
FCC,1.815456
FCC,1.782819
FCC,0.416439
FCC,0.952879
FCC,0.700676
FCC,0.614074
FCC,1.867903
FCC,1.166814
FCC,0.893424
FCC,0.999978
FCC,0.942434
FCC,0.896267
FCC,1.231207
FCC,0.335223
FCC,0.860984
FCC,0.546521
FCC,0.758777
FCC,1.044528
FCC,1.16883
FCC,1.447757
FCC,1.952535
FCC,1.19987
FCC,0.889574
FCC,0.868172
FCC,1.027886
FCC,0.576979
FCC,1.142769
FCC,0.69021
FCC,1.995826
FCC,0.355314
FCC,0.95128
FCC,1.631375
FCC,1.25963
FCC,1.914985
FCC,0.822233
FCC,1.722119
FCC,1.299671
FCC,1.816068
FCC,0.963395
FCC,0.908943
FCC,0.837978
FCC,1.484975
FCC,0.759251
FCC,0.658767
FCC,0.316504
FCC,0.689175
FCC,0.580347
FCC,0.275328
FCC,1.377338
FCC,0.767729
FCC,0.936156
FCC,1.679347
FCC,1.726736
FCC,1.54791
FCC,1.258672
FCC,1.108446
FCC,0.942117
FCC,1.252515
FCC,1.557436
FCC,1.004933
FCC,1.392555
FCC,0.859351
FCC,0.923805
FCC,1.479086
FCC,0.531664
FCC,0.703765
FCC,0.754476
FCC,0.952611
FCC,0.749754
FCC,1.012856
FCC,1.008543
FCC,1.694661
FCC,0.712574
FCC,0.296558
FCC,0.912577
FCC,0.746378
FCC,0.682976
FCC,1.171923
FCC,0.835174
FCC,0.749386
FCC,1.79375
FCC,0.041488
FCC,0.55372
FCC,2.025521
FCC,1.557671
FCC,0.431907
FCC,1.783804
FCC,1.002881
FCC,0.949748
FCC,0.765816
FCC,0.845038
FCC,0.7368
FCC,0.77701
FCC,1.095536
FCC,1.666728
FCC,1.69741
FCC,1.321396
FCC,1.008205
FCC,0.523275
FCC,1.193552
FCC,0.388391
FCC,0.876929
FCC,1.523713
FCC,1.377647
FCC,1.504565
FCC,0.338959
FCC,0.555823
FCC,1.281119
FCC,1.103988
FCC,1.171353
FCC,1.470902
FCC,0.764051
FCC,0.685123
FCC,0.805174
FCC,0.552483
FCC,0.646163
FCC,0.497602
FCC,0.871441
FCC,0.594339
FCC,0.429111
FCC,0.980717
FCC,0.552579
FCC,0.602274
FCC,0.573602
FCC,0.557853
FCC,1.285841
FCC,0.833231
FCC,0.770155
FCC,0.297122
FCC,0.764854
FCC,0.540489
FCC,0.537782
FCC,0.445436
FCC,0.514787
FCC,0.702487
FCC,0.858611
FCC,0.56844
FCC,0.335724
FCC,1.016913
FCC,0.505792
FCC,0.628147
FCC,0.926082
FCC,0.8833
FCC,0.454544
FCC,2.04444
FCC,1.074264
FCC,0.872786
FCC,0.601507
FCC,0.736376
FCC,0.750053
FCC,1.166643
FCC,1.737605
FCC,0.372142
FCC,1.049161
FCC,0.849141
FCC,0.733786
FCC,1.063203
FCC,1.973404
FCC,0.86475
FCC,0.598225
FCC,2.150569
FCC,1.751846
FCC,1.572868
FCC,1.727494
FCC,0.594217
FCC,1.215215
FCC,0.684809
FCC,0.786743
FCC,1.108972
FCC,1.953097
FCC,1.069812
FCC,2.032745
FCC,0.703425
FCC,2.15081
FCC,1.707644
FCC,0.932608
FCC,1.411622
FCC,1.536759
FCC,1.88058
FCC,1.15062
FCC,1.671442
FCC,1.430238
FCC,1.601877
FCC,1.459366
FCC,1.736031
FCC,1.659806
FCC,1.385391
FCC,0.601093
FCC,1.322179
FCC,1.172161
FCC,1.470231
FCC,0.942509
FCC,1.200036
FCC,1.822878
FCC,1.549761
FCC,1.105198
FCC,1.313403
FCC,0.703335
FCC,0.459795
FCC,0.99704
FCC,1.128022
FCC,1.182997
FCC,0.810737
FCC,0.878293
FCC,1.681417
FCC,0.377642
FCC,1.154477
FCC,1.576508
FCC,1.696677
FCC,1.371349
FCC,1.586764
FCC,1.525612
FCC,0.972739
FCC,1.941872
FCC,0.774902
FCC,1.267515
FCC,1.465188
FCC,1.208075
FCC,1.497092
FCC,0.551899
FCC,0.801419
FCC,1.301529
FCC,0.373141
FCC,0.430716
FCC,0.817056
FCC,1.589223
FCC,1.216583
FCC,1.354123
FCC,1.446314
FCC,1.409055
FCC,0.88985
FCC,1.788349
FCC,1.228906
FCC,1.934177
FCC,1.117471
FCC,0.528501
FCC,0.520505
FCC,0.61046
FCC,1.393143
FCC,0.712329
FCC,0.907013
FCC,0.872854
FCC,1.193302
FCC,0.652701
FCC,1.06174
FCC,0.594365
FCC,0.70718
FCC,0.545477
FCC,1.234999
FCC,1.309575
FCC,2.210807
FCC,1.718926
FCC,0.790002
FCC,0.500748
FCC,1.71988
FCC,1.499143
FCC,0.719507
FCC,1.486479
FCC,1.241645
FCC,1.586525
FCC,1.36876
FCC,1.350652
FCC,1.533474
FCC,1.760042
FCC,0.602199
FCC,1.236352
FCC,1.05308
FCC,1.467
FCC,0.406858
FCC,0.963721
FCC,0.471139
FCC,1.421731
FCC,1.651665
FCC,0.879634
FCC,1.271634
FCC,1.450957
FCC,0.43167
FCC,1.71644
FCC,1.643963
FCC,1.887879
FCC,0.887093
FCC,0.783401
FCC,1.37695
FCC,1.080404
FCC,1.142686
FCC,0.642315
FCC,1.245667
FCC,0.753399
FCC,1.094382
FCC,0.408111
FCC,0.834124
FCC,1.632193
FCC,1.397022
FCC,1.293324
FCC,0.892564
FCC,0.790605
FCC,0.591942
FCC,1.664684
FCC,1.222048
FCC,1.697325
FCC,1.369307
FCC,1.379629
FCC,1.231567
FCC,1.422793
FCC,1.380041
FCC,0.773728
FCC,0.931889
FCC,2.000835
FCC,0.780783
FCC,0.734698
FCC,0.733543
FCC,0.619116
FCC,1.398714
FCC,0.710493
FCC,0.98516
FCC,1.114974
FCC,1.027575
FCC,0.995771
FCC,1.437012
FCC,1.282491
FCC,1.50077
FCC,0.665674
FCC,1.207827
FCC,1.158887
FCC,0.790992
FCC,1.784832
FCC,0.852352
FCC,1.132904
FCC,1.56613
FCC,1.001685
FCC,1.536849
FCC,1.678048
FCC,1.457167
FCC,0.849673
FCC,1.541448
FCC,2.200129
FCC,1.630016
FCC,0.825792
FCC,1.051529
FCC,0.669495
FCC,1.820978
FCC,1.245601
FCC,1.230259
FCC,1.521152
FCC,0.857454
FCC,0.700468
FCC,1.952703
FCC,1.445925
FCC,1.386853
FCC,0.815805
FCC,0.791708
FCC,1.431587
FCC,0.98515
FCC,1.665183
FCC,0.829406
FCC,1.369135
FCC,1.760498
FCC,1.296982
FCC,0.401854
FCC,1.576026
FCC,1.008932
FCC,0.650703
FCC,1.697523
FCC,0.262801
FCC,1.242089
FCC,1.185392
FCC,1.010187
FCC,1.696023
FCC,1.818117
FCC,1.316534
FCC,1.672924
FCC,1.175869
FCC,0.768052
FCC,1.911683
FCC,0.994025
FCC,1.113508
FCC,0.890451
FCC,1.379989
FCC,0.990282
FCC,0.764574
FCC,2.149348
FCC,1.798863
FCC,1.679589
FCC,1.545621
FCC,1.688108
FCC,0.819268
FCC,1.237688
FCC,1.338932
FCC,0.587861
FCC,0.552588
FCC,1.211164
FCC,0.559592
FCC,0.417055
FCC,0.582368
FCC,0.841805
FCC,1.123162
FCC,0.574025
FCC,0.679368
FCC,1.148393
FCC,1.8318
FCC,1.657732
FCC,1.060275
FCC,0.87689
FCC,1.177096
FCC,0.623259
FCC,1.467315
FCC,0.916786
FCC,0.847017
FCC,1.483598
FCC,1.011303
FCC,0.965792
FCC,0.501615
FCC,1.029227
FCC,1.013974
FCC,0.550363
FCC,0.558764
FCC,0.348222
FCC,0.587006
FCC,0.477732
FCC,0.849168
FCC,0.698901
FCC,1.17719
FCC,1.183413
FCC,0.59641
FCC,0.66048
FCC,0.31369
FCC,1.150909
FCC,0.470914
FCC,2.212287
FCC,1.010927
FCC,1.899068
FCC,0.577306
FCC,0.328167
FCC,1.476212
FCC,0.419181
FCC,0.50089
FCC,0.777639
FCC,0.443126
FCC,1.502256
FCC,0.772413
FCC,0.723361
FCC,0.74201
FCC,0.260903
FCC,0.800099
FCC,0.554288
FCC,0.620152
FCC,0.555591
FCC,0.775705
FCC,0.634926
FCC,0.591279
FCC,0.80678
FCC,0.434738
FCC,1.84434
FCC,0.166906
FCC,0.69649
FCC,1.006651
FCC,0.444374
FCC,0.900005
FCC,0.887904
FCC,1.032499
FCC,1.88527
FCC,1.033437
FCC,0.674371
FCC,0.515536
FCC,0.667965
FCC,0.903759
FCC,1.440624
FCC,0.694921
FCC,0.853436
FCC,1.882426
FCC,1.19057
FCC,1.111537
FCC,0.829352
FCC,0.714152
FCC,1.536169
FCC,0.651233
FCC,0.695654
FCC,1.950312
FCC,1.331551
FCC,1.583026
FCC,1.486461
FCC,1.222549
FCC,0.864649
FCC,0.831492
FCC,0.929837
FCC,1.445561
FCC,0.893277
FCC,0.951141
FCC,1.829322
FCC,0.516071
FCC,0.705884
FCC,1.064191
FCC,1.485876
FCC,1.151636
FCC,1.805484
FCC,2.170768
FCC,0.990138
FCC,1.569341
FCC,0.879143
FCC,0.596409
FCC,0.910929
FCC,0.882442
FCC,1.367161
FCC,1.818031
FCC,1.658475
FCC,1.061108
FCC,0.526399
FCC,2.014306
FCC,0.838371
FCC,1.532906
FCC,1.063217
FCC,0.265485
FCC,2.045635
FCC,0.848501
FCC,0.889063
FCC,1.505557
FCC,0.715052
FCC,1.205086
FCC,1.420707
FCC,1.297359
FCC,1.475728
FCC,0.951883
FCC,1.107188
FCC,1.995166
FCC,0.973755
FCC,1.507461
FCC,1.778986
FCC,1.07567
FCC,1.984802
FCC,1.83587
FCC,0.72554
FCC,1.415283
FCC,0.955234
FCC,0.940245
FCC,1.679813
FCC,0.93464
FCC,1.840155
FCC,2.058228
FCC,0.72799
FCC,0.338214
FCC,0.555814
FCC,0.461517
FCC,0.26823
FCC,0.73537
FCC,0.819215
FCC,1.736445
FCC,0.791265
FCC,0.770036
FCC,0.783732
FCC,0.739365
FCC,1.085799
FCC,1.396956
FCC,1.191859
FCC,1.280713
FCC,0.996442
FCC,1.383601
FCC,1.162006
FCC,0.794384
FCC,1.402175
FCC,0.61872
FCC,0.902917
FCC,0.812295
FCC,0.998128
FCC,1.400576
FCC,1.28609
FCC,1.487166
FCC,1.035656
FCC,1.490666
FCC,2.194236
FCC,1.833061
FCC,0.994233
FCC,0.760811
FCC,1.072914
FCC,0.715228
FCC,1.00703
FCC,1.028089
FCC,0.944065
FCC,1.472927
FCC,1.31245
FCC,1.683073
FCC,0.853432
FCC,1.55202
FCC,0.811985
FCC,1.961254
FCC,0.546538
FCC,1.375877
FCC,1.584929
FCC,1.711588
FCC,1.474526
FCC,0.856364
FCC,1.512933
FCC,1.897309
FCC,1.05007
FCC,0.987752
FCC,0.669241
FCC,0.639193
FCC,0.443373
FCC,1.521149
FCC,0.614681
FCC,1.225489
FCC,1.728662
FCC,1.549351
FCC,1.623458
FCC,1.531147
FCC,0.610124
FCC,1.208016
FCC,1.867507
FCC,1.697989
FCC,0.584988
FCC,1.353321
FCC,1.320233
FCC,0.895327
FCC,0.519993
FCC,1.570184
FCC,0.498726
FCC,0.986141
FCC,1.620669
FCC,1.041456
FCC,1.25367
FCC,0.820869
FCC,1.588648
FCC,1.756528
FCC,1.029727
FCC,1.308606
FCC,1.373583
FCC,1.486466
FCC,1.08861
FCC,0.736063
FCC,1.544286
FCC,1.464553
FCC,1.587322
FCC,1.12444
FCC,0.752826
FCC,0.880343
FCC,0.854615
FCC,1.636927
FCC,0.929727
FCC,0.280658
FCC,0.983479
FCC,0.322248
FCC,1.279514
FCC,0.455698
FCC,0.436651
FCC,0.823048
FCC,1.219797
FCC,1.187183
FCC,1.790869
FCC,1.731153
FCC,0.82853
FCC,1.025638
FCC,1.121086
FCC,0.52058
FCC,0.659747
FCC,0.667381
FCC,1.539762
FCC,0.971652
FCC,0.881691
FCC,0.71373
FCC,1.391239
FCC,1.579522
FCC,0.80585
FCC,1.924484
FCC,1.293849
FCC,1.380174
FCC,1.083172
FCC,0.580824
FCC,1.535591
FCC,1.363063
FCC,1.174837
FCC,1.896211
FCC,1.199456
FCC,1.473094
FCC,0.72374
FCC,1.651127
FCC,0.354716
FCC,0.444871
FCC,0.567267
FCC,1.431997
FCC,1.003297
FCC,1.884582
FCC,0.641532
FCC,1.809586
FCC,1.246162
FCC,0.828531
FCC,0.880978
FCC,0.865317
FCC,0.457195
FCC,0.654378
FCC,1.334491
FCC,0.576497
FCC,0.774809
FCC,0.852041
FCC,0.650843
FCC,0.937291
FCC,0.63429
FCC,0.451368
FCC,0.66421
FCC,1.501195
FCC,0.877503
FCC,1.123996
FCC,0.568556
FCC,1.700885
FCC,1.299915
FCC,1.68929
FCC,0.78155
FCC,0.466513
FCC,0.512033
FCC,0.576921
FCC,1.216158
FCC,0.808177
FCC,0.606369
FCC,0.843136
FCC,0.656
FCC,1.506813
FCC,1.516798
FCC,0.66889
FCC,0.69185
FCC,0.826772
FCC,0.554682
FCC,1.525243
FCC,0.785652
FCC,0.811916
FCC,0.53575
FCC,0.785445
FCC,0.808325
FCC,0.646886
FCC,0.761298
FCC,0.681491
FCC,0.911433
FCC,0.706252
FCC,0.832407
FCC,1.387423
FCC,0.688979
FCC,0.376929
FCC,0.785767
FCC,0.537071
FCC,0.886322
FCC,0.659078
FCC,0.444248
FCC,0.326758
FCC,0.695531
FCC,1.008825
FCC,1.899549
FCC,0.60274
FCC,0.975905
FCC,0.473891
FCC,0.606514
FCC,1.263315
FCC,0.660227
FCC,0.46222
FCC,0.744305
FCC,0.305879
FCC,0.733501
FCC,0.736878
FCC,1.457147
FCC,0.632948
FCC,0.824266
FCC,0.465376
FCC,0.606621
FCC,0.56758
FCC,0.530028
FCC,0.705627
FCC,0.408848
FCC,0.526178
FCC,0.933843
FCC,1.566055
FCC,0.361711
FCC,0.523129
FCC,1.475736
FCC,0.882454
FCC,1.085093
FCC,0.314243
FCC,0.743471
FCC,0.636891
FCC,1.316629
FCC,1.020207
FCC,0.499579
FCC,0.487746
FCC,1.104518
FCC,0.557818
FCC,1.42703
FCC,1.267136
FCC,1.318148
FCC,1.910678
FCC,0.663987
FCC,0.935307
FCC,0.633574
FCC,1.95512
FCC,1.57049
FCC,0.700588
FCC,1.333435
FCC,1.516146
FCC,1.626518
FCC,0.83574
FCC,1.050579
FCC,1.599906
FCC,0.471145
FCC,0.976756
FCC,1.634765
FCC,0.944121
FCC,0.584654
FCC,1.96215
FCC,1.823742
FCC,0.845548
FCC,1.17832
FCC,0.897334
FCC,1.272497
FCC,1.525381
FCC,0.788829
FCC,1.441825
FCC,1.287837
FCC,0.954047
FCC,1.819732
FCC,0.833425
FCC,0.576169
FCC,1.537421
FCC,1.556351
FCC,0.606765
FCC,1.076976
FCC,1.555759
FCC,0.753694
FCC,0.533568
FCC,1.910402
FCC,1.789529
FCC,0.834471
FCC,1.338908
FCC,0.517354
FCC,0.752629
FCC,0.971698
FCC,0.753675
FCC,1.279902
FCC,1.480424
FCC,1.673629
FCC,0.881122
FCC,1.941695
FCC,0.36652
FCC,1.093293
FCC,0.966763
FCC,1.005173
FCC,1.162495
FCC,1.62743
FCC,0.622778
FCC,0.80741
FCC,1.065581
FCC,1.286373
FCC,1.893283
FCC,1.494049
FCC,1.386321
FCC,1.581905
FCC,1.755439
FCC,1.161783
FCC,0.907614
FCC,0.576295
FCC,1.003586
FCC,0.760036
FCC,1.736649
FCC,1.739209
FCC,1.381498
FCC,0.732567
FCC,1.680486
FCC,1.016948
FCC,1.439307
FCC,0.527309
FCC,1.343996
FCC,1.857764
FCC,0.575065
FCC,0.745128
FCC,1.138166
FCC,1.411519
FCC,1.413515
FCC,1.716532
FCC,1.347461
FCC,1.295743
FCC,0.667671
FCC,1.733774
FCC,1.552149
FCC,1.718196
FCC,1.281722
FCC,0.978219
FCC,1.275253
FCC,1.689253
FCC,1.413157
FCC,0.99968
FCC,1.204895
FCC,1.497062
FCC,1.372456
FCC,1.426313
FCC,1.031657
FCC,1.811889
FCC,1.354586
FCC,1.353173
FCC,0.867225
FCC,1.583105
FCC,0.940427
FCC,1.234539
FCC,0.516684
FCC,0.876813
FCC,0.914549
FCC,1.218747
FCC,1.620363
FCC,0.44764
FCC,1.529517
FCC,0.67446
FCC,1.16386
FCC,0.656122
FCC,0.988368
FCC,0.727104
FCC,0.645416
FCC,1.775133
FCC,0.546723
FCC,0.723215
FCC,0.486088
FCC,0.371909
FCC,1.398362
FCC,1.419321
FCC,0.801854
FCC,1.920462
FCC,1.377229
FCC,1.412255
FCC,1.624935
FCC,1.631224
FCC,1.021294
FCC,1.834465
FCC,1.629745
FCC,1.030786
FCC,0.804471
FCC,1.2081
FCC,1.7521
FCC,1.429418
FCC,1.751395
FCC,1.416576
FCC,1.587286
FCC,0.62739
FCC,1.49752
FCC,1.155471
FCC,0.263391
FCC,1.367933
FCC,1.457409
FCC,1.48008
FCC,1.823266
FCC,1.830704
FCC,1.232724
FCC,0.553001
FCC,1.557656
FCC,0.650233
FCC,1.097998
FCC,0.840771
FCC,0.696348
FCC,0.641296
FCC,1.279601
FCC,0.743549
FCC,1.152927
FCC,0.916678
FCC,2.181104
FCC,0.804242
FCC,0.548949
FCC,1.746149
FCC,1.206515
FCC,1.07759
FCC,0.981135
FCC,0.89254
FCC,0.481732
FCC,0.544538
FCC,1.036935
FCC,1.509922
FCC,1.626622
FCC,0.575283
FCC,1.406052
FCC,1.691662
FCC,1.728581
FCC,0.961753
FCC,1.528461
FCC,1.380936
FCC,1.023915
FCC,1.66379
FCC,1.899422
FCC,2.039932
FCC,0.663288
FCC,0.686727
FCC,1.154066
FCC,1.092446
FCC,1.257458
FCC,0.858122
FCC,1.23808
FCC,1.335991
FCC,1.358464
FCC,1.95975
FCC,1.474104
FCC,0.493839
FCC,1.175962
FCC,1.365938
FCC,0.757458
FCC,0.674682
FCC,0.966408
FCC,1.276523
FCC,0.672196
FCC,0.588641
FCC,0.619231
FCC,0.457207
FCC,0.604038
FCC,0.705366
FCC,0.865068
FCC,2.034228
FCC,0.878746
FCC,0.547087
FCC,0.193253
FCC,0.957813
FCC,1.828634
FCC,1.927327
FCC,1.013371
FCC,0.268629
FCC,1.058265
FCC,1.486949
FCC,0.442103
FCC,0.639448
FCC,0.997511
FCC,1.718071
FCC,1.669509
FCC,1.160433
FCC,1.0927
FCC,0.460884
FCC,1.453696
FCC,0.470316
FCC,1.822874
FCC,0.79115
FCC,0.595535
FCC,0.73342
FCC,0.976283
FCC,0.474114
FCC,0.424205
FCC,0.562012
FCC,2.011064
FCC,1.781501
FCC,0.582038
FCC,0.622834
FCC,0.921174
FCC,0.253689
FCC,0.82322
FCC,0.411824
FCC,0.688538
FCC,1.515965
FCC,0.867503
FCC,0.279419
FCC,1.136215
FCC,0.378295
FCC,1.452646
FCC,0.697279
FCC,0.805211
FCC,0.477533
FCC,0.572203
FCC,1.41889
FCC,0.672413
FCC,1.736467
FCC,1.282111
FCC,0.804494
FCC,0.648962
FCC,0.903318
FCC,1.342693
FCC,0.912084
FCC,0.401492
FCC,0.432686
FCC,0.846998
FCC,0.669209
FCC,0.549058
FCC,0.73115
FCC,0.517769
FCC,0.489605
FCC,0.67567
FCC,0.487661
FCC,0.35289
FCC,0.419774
FCC,0.478736
FCC,0.495443
FCC,0.951618
FCC,0.986336
FCC,0.667372
FCC,1.465778
FCC,1.014479
FCC,1.773878
FCC,1.619047
FCC,0.174741
FCC,0.606205
FCC,0.447319
FCC,0.734734
FCC,0.626042
FCC,0.667447
FCC,0.968167
FCC,0.734359
FCC,0.721835
FCC,1.671116
FCC,1.326608
FCC,1.437662
FCC,0.749985
FCC,1.119401
FCC,0.812486
FCC,0.503913
FCC,0.290626
FCC,1.853148
FCC,0.486337
FCC,1.034916
FCC,0.897783
FCC,1.374528
FCC,1.606693
FCC,0.573854
FCC,1.194664
FCC,0.472656
FCC,0.571424
FCC,0.72541
FCC,0.704953
FCC,1.305345
FCC,0.965951
FCC,0.22516
FCC,0.576585
FCC,1.309653
FCC,0.499365
FCC,0.685253
FCC,0.322676
FCC,0.781061
FCC,0.939436
FCC,1.059772
FCC,1.423555
FCC,1.008704
FCC,0.541245
FCC,1.034964
FCC,0.658204
FCC,1.571014
FCC,0.602116
FCC,1.092172
FCC,1.504906
FCC,0.951271
FCC,1.081917
FCC,1.148163
FCC,1.129462
FCC,2.066469
FCC,0.913441
FCC,1.557636
FCC,1.300895
FCC,0.751865
FCC,0.119977
FCC,1.258652
FCC,1.220307
FCC,1.670761
FCC,1.550626
FCC,1.110935
FCC,0.696065
FCC,0.578953
FCC,0.302029
FCC,1.020676
FCC,0.81289
FCC,0.7889
FCC,1.034411
FCC,1.01015
FCC,1.764297
FCC,1.622176
FCC,1.971482
FCC,1.650631
FCC,1.265062
FCC,1.386815
FCC,0.528237
FCC,1.193095
FCC,0.724323
FCC,2.064721
FCC,1.854708
FCC,0.730169
FCC,0.946142
FCC,0.9204
FCC,0.653411
FCC,1.188971
FCC,2.202923
FCC,0.855332
FCC,1.745441
FCC,1.123551
FCC,0.624808
FCC,0.892468
FCC,1.158942
FCC,1.255263
FCC,1.824792
FCC,1.337878
FCC,0.422872
FCC,1.651648
FCC,1.521326
FCC,1.735748
FCC,1.484116
FCC,1.225268
FCC,1.511157
FCC,1.467103
FCC,1.60206
FCC,1.161415
FCC,1.430384
FCC,1.223575
FCC,1.538137
FCC,1.15398
FCC,0.85883
FCC,1.744457
FCC,1.869035
FCC,1.912681
FCC,1.276489
FCC,0.66094
FCC,1.295815
FCC,0.95472
FCC,1.174681
FCC,0.595651
FCC,1.036975
FCC,0.700438
FCC,0.84334
FCC,0.858382
FCC,0.524569
FCC,0.614768
FCC,1.154317
FCC,0.929721
FCC,0.871597
FCC,1.934129
FCC,1.18543
FCC,0.885495
FCC,1.044456
FCC,1.692561
FCC,0.93443
FCC,0.854745
FCC,0.842347
FCC,0.986345
FCC,0.653079
FCC,0.865225
FCC,1.570386
FCC,1.484182
FCC,1.142749
FCC,2.069177
FCC,1.6263
FCC,1.26502
FCC,1.24696
FCC,1.726515
FCC,0.995214
FCC,1.217246
FCC,1.328772
FCC,1.370941
FCC,1.661795
FCC,1.019838
FCC,0.898531
FCC,1.522439
FCC,1.693245
FCC,1.634146
FCC,1.75481
FCC,1.409821
FCC,1.222712
FCC,1.495158
FCC,1.015053
FCC,0.791205
FCC,0.627314
FCC,0.650985
FCC,0.359744
FCC,0.638951
FCC,1.780661
FCC,1.632511
FCC,1.52964
FCC,0.715848
FCC,0.609379
FCC,0.602439
FCC,0.608045
FCC,0.761283
FCC,0.672744
FCC,0.780888
FCC,1.231553
FCC,0.620779
FCC,1.272611
FCC,0.828664
FCC,1.231002
FCC,1.521565
FCC,1.362072
FCC,0.684029
FCC,0.699972
FCC,1.30218
FCC,1.519231
FCC,0.837131
FCC,1.281566
FCC,1.033492
FCC,1.255753
FCC,0.289378
FCC,1.51408
FCC,1.600293
FCC,1.699885
FCC,0.768984
FCC,1.048477
FCC,0.429571
FCC,1.443291
FCC,1.020539
FCC,1.279281
FCC,1.788745
FCC,1.217917
FCC,2.044142
FCC,1.150217
FCC,0.906874
FCC,0.895917
FCC,1.015915
FCC,0.470366
FCC,1.112037
FCC,1.729499
FCC,0.636469
FCC,0.453411
FCC,0.574156
FCC,0.932328
FCC,0.710358
FCC,1.330733
FCC,1.772778
FCC,1.195553
FCC,0.6805
FCC,0.613117
FCC,1.010164
FCC,1.313924
FCC,1.207883
FCC,0.528106
FCC,0.939231
FCC,0.711431
FCC,0.815343
FCC,1.051559
FCC,1.047062
FCC,0.944509
FCC,0.946483
FCC,1.612263
FCC,1.757947
FCC,1.73596
FCC,0.46884
FCC,1.420645
FCC,0.735113
FCC,1.202413
FCC,0.8987
FCC,1.317436
FCC,1.392066
FCC,1.123573
FCC,0.70517
FCC,0.889815
FCC,1.110074
FCC,0.475965
FCC,0.593491
FCC,0.657781
FCC,0.548222
FCC,0.643051
FCC,0.515597
FCC,0.579878
FCC,0.548451
FCC,0.574515
FCC,0.459392
FCC,0.370471
FCC,0.582341
FCC,0.437146
FCC,0.724628
FCC,0.603007
FCC,0.478092
FCC,0.398843
FCC,0.496704
FCC,1.831309
FCC,1.568224
FCC,0.457011
FCC,0.312858
FCC,1.63551
FCC,0.62285
FCC,1.169897
FCC,0.51291
FCC,0.538557
FCC,0.971135
FCC,0.798945
FCC,0.557251
FCC,0.775608
FCC,0.664839
FCC,1.640367
FCC,0.634788
FCC,1.718161
FCC,0.714952
FCC,0.49693
FCC,0.442721
FCC,0.384391
FCC,0.369537
FCC,0.940832
FCC,0.68987
FCC,0.386602
FCC,0.709389
FCC,0.20114
FCC,1.256399
FCC,1.23568
FCC,0.532655
FCC,0.31078
FCC,0.378907
FCC,0.835174
FCC,1.228404
FCC,1.077788
FCC,0.88042
FCC,0.83204
FCC,0.618707
FCC,0.741088
FCC,0.925638
FCC,1.268277
FCC,1.047399
FCC,0.701379
FCC,0.725427
FCC,0.582234
FCC,1.043674
FCC,1.020676
FCC,0.692405
FCC,0.748875
FCC,0.572353
FCC,1.561404
FCC,1.801678
FCC,1.134187
FCC,1.892683
FCC,0.758204
FCC,0.954574
FCC,0.776518
FCC,0.682868
FCC,0.868631
FCC,0.322191
FCC,1.311824
FCC,0.796619
FCC,0.972289
FCC,0.861948
FCC,1.176077
FCC,0.590448
FCC,0.816255
FCC,1.047834
FCC,0.60066
FCC,0.591666
FCC,0.472055
FCC,0.71461
FCC,0.399046
FCC,1.127016
FCC,0.132419
FCC,0.929739
FCC,0.820101
FCC,1.209971
FCC,0.801507
FCC,0.602131
FCC,0.977084
FCC,0.627088
FCC,1.410248
FCC,0.802484
FCC,1.625731
FCC,1.534272
FCC,1.292717
FCC,1.56105
FCC,0.697091
FCC,0.905054
FCC,0.737631
FCC,1.561852
FCC,1.014801
FCC,1.351313
FCC,0.768795
FCC,0.445378
FCC,1.745639
FCC,0.636843
FCC,1.877226
FCC,1.483531
FCC,1.4413
FCC,1.533473
FCC,1.122921
FCC,1.149056
FCC,1.200491
FCC,0.852953
FCC,0.886431
FCC,1.365816
FCC,0.849614
FCC,1.059424
FCC,0.962871
FCC,0.687012
FCC,1.283731
FCC,0.735595
FCC,1.065377
FCC,0.499788
FCC,1.09662
FCC,1.294538
FCC,0.601228
FCC,0.868485
FCC,1.600798
FCC,0.988334
FCC,2.090562
FCC,1.399136
FCC,1.176253
FCC,1.040208
FCC,0.774493
FCC,1.135604
FCC,0.865269
FCC,1.346789
FCC,1.049676
FCC,1.432955
FCC,1.104176
FCC,1.348266
FCC,1.056665
FCC,1.29944
FCC,0.49766
FCC,1.134542
FCC,1.15993
FCC,0.905971
FCC,1.391044
FCC,1.871717
FCC,1.630025
FCC,1.408981
FCC,0.777722
FCC,1.441716
FCC,1.807247
FCC,1.049667
FCC,1.205202
FCC,1.029733
FCC,0.537882
FCC,0.748199
FCC,1.04382
FCC,1.55379
FCC,0.760774
FCC,1.206986
FCC,1.416972
FCC,0.434962
FCC,1.326995
FCC,0.879533
FCC,0.846736
FCC,1.463616
FCC,0.949567
FCC,0.638845
FCC,0.468681
FCC,1.941182
FCC,0.420897
FCC,1.303183
FCC,0.444136
FCC,1.929319
FCC,0.802075
FCC,1.467705
FCC,1.413301
FCC,0.889079
FCC,1.340961
FCC,1.490464
FCC,1.935201
FCC,1.338702
FCC,1.028194
FCC,0.570996
FCC,1.77702
FCC,1.513638
FCC,1.447878
FCC,0.719652
FCC,1.483418
FCC,0.559765
FCC,1.042186
FCC,1.503293
FCC,1.399589
FCC,1.533501
FCC,1.189114
FCC,1.327463
FCC,1.599328
FCC,0.996983
FCC,0.731737
FCC,0.656378
FCC,0.762539
FCC,1.216323
FCC,0.744644
FCC,0.950881
FCC,1.660174
FCC,1.752605
FCC,0.921151
FCC,1.521649
FCC,0.813414
FCC,1.880807
FCC,0.724615
FCC,1.195367
FCC,0.449969
FCC,1.003229
FCC,0.810615
FCC,0.358734
FCC,0.511808
FCC,1.325167
FCC,1.584511
FCC,0.732102
FCC,0.967461
FCC,1.696096
FCC,1.006848
FCC,0.810399
FCC,0.507257
FCC,0.421671
FCC,1.170759
FCC,1.3125
FCC,1.517608
FCC,1.132037
FCC,0.490192
FCC,1.601768
FCC,0.937864
FCC,1.036307
FCC,0.943986
FCC,1.929957
FCC,1.581177
FCC,1.632699
FCC,1.525852
FCC,0.591667
FCC,1.504917
FCC,0.892748
FCC,0.773305
FCC,0.601623
FCC,1.516648
FCC,1.47727
FCC,1.038512
FCC,0.892603
FCC,0.695362
FCC,1.029234
FCC,0.618389
FCC,0.69853
FCC,0.690029
FCC,0.422608
FCC,0.640777
FCC,0.240544
FCC,1.943398
FCC,0.577138
FCC,1.279302
FCC,0.549711
FCC,1.052533
FCC,1.184512
FCC,1.877697
FCC,0.529854
FCC,1.301477
FCC,1.031226
FCC,1.742314
FCC,1.639176
FCC,1.061024
FCC,1.138757
FCC,1.389603
FCC,1.247623
FCC,0.51609
FCC,1.433117
FCC,1.476317
FCC,1.462905
FCC,1.269729
FCC,0.341698
FCC,0.624647
FCC,1.083243
FCC,0.684361
FCC,0.664679
FCC,0.630155
FCC,0.716029
FCC,0.878234
FCC,0.725665
FCC,0.699697
FCC,0.799281
FCC,0.741771
FCC,0.878225
FCC,0.486516
FCC,0.578928
FCC,0.678529
FCC,0.880801
FCC,0.941384
FCC,0.384625
FCC,1.069566
FCC,0.858427
FCC,0.780956
FCC,0.65553
FCC,1.647376
FCC,0.450073
FCC,0.99879
FCC,1.388359
FCC,0.704946
FCC,1.832839
FCC,1.59001
FCC,0.63809
FCC,1.727418
FCC,1.058045
FCC,1.270262
FCC,0.559257
FCC,1.093863
FCC,0.471926
FCC,0.640371
FCC,0.568603
FCC,0.486889
FCC,0.673459
FCC,1.642893
FCC,0.565893
FCC,0.560707
FCC,0.774598
FCC,0.509238
FCC,0.999846
FCC,0.839916
FCC,0.489733
FCC,0.429228
FCC,0.473192
FCC,0.627573
FCC,0.614594
FCC,2.002618
FCC,0.78107
FCC,1.348089
FCC,0.601486
FCC,0.33616
FCC,0.736392
FCC,1.145649
FCC,1.095126
FCC,0.456216
FCC,0.993046
FCC,1.013165
FCC,0.338861
FCC,0.651516
FCC,0.726523
FCC,0.673874
FCC,0.344848
FCC,0.560413
FCC,0.480935
FCC,0.41053
FCC,0.116702
FCC,0.148849
FCC,0.952184
FCC,0.697892
FCC,0.511589
FCC,1.832754
FCC,0.916323
FCC,1.078221
FCC,0.314117
FCC,0.362475
FCC,0.938814
FCC,0.629007
FCC,0.502613
FCC,0.58847
FCC,0.454444
FCC,0.760251
FCC,1.042122
FCC,1.293091
FCC,0.421871
FCC,0.584914
FCC,1.795091
FCC,0.658548
FCC,0.582514
FCC,0.648583
FCC,1.454096
FCC,0.491121
FCC,0.64929
FCC,1.484187
FCC,2.257762
FCC,0.765791
FCC,0.469525
FCC,1.387861
FCC,0.62112
FCC,1.459557
FCC,0.832787
FCC,0.310995
FCC,0.827866
FCC,1.151029
FCC,0.892181
FCC,0.78038
FCC,0.90707
FCC,1.278488
FCC,1.63147
FCC,0.905668
FCC,0.469702
FCC,0.81466
FCC,1.857027
FCC,1.486291
FCC,1.174424
FCC,1.047042
FCC,1.573433
FCC,1.379894
FCC,1.145939
FCC,1.289214
FCC,0.780219
FCC,1.620712
FCC,1.06549
FCC,1.037497
FCC,1.701392
FCC,0.846856
FCC,1.393235
FCC,1.261942
FCC,1.882202
FCC,1.802397
FCC,1.317
FCC,0.751101
FCC,0.746162
FCC,0.580039
FCC,0.855333
FCC,1.465429
FCC,0.519819
FCC,0.441598
FCC,1.038773
FCC,0.956349
FCC,0.850097
FCC,0.890382
FCC,1.598612
FCC,0.602786
FCC,0.633101
FCC,0.953192
FCC,1.397598
FCC,1.206795
FCC,0.363969
FCC,1.517215
FCC,0.90291
FCC,1.544383
FCC,1.833186
FCC,1.516974
FCC,0.794034
FCC,1.459102
FCC,1.726358
FCC,1.013108
FCC,0.613241
FCC,1.409532
FCC,0.654625
FCC,1.5075
FCC,1.017367
FCC,1.275094
FCC,0.569889
FCC,0.89499
FCC,1.271316
FCC,1.086566
FCC,0.32842
FCC,1.141817
FCC,1.417791
FCC,0.81568
FCC,1.23362
FCC,0.625752
FCC,0.678118
FCC,0.76447
FCC,1.575186
FCC,0.668862
FCC,0.702427
FCC,0.254285
FCC,1.922157
FCC,1.015737
FCC,0.708281
FCC,1.215129
FCC,0.407905
FCC,0.708323
FCC,0.659116
FCC,0.957472
FCC,1.035736
FCC,0.962243
FCC,1.026976
FCC,0.737956
FCC,1.999972
FCC,0.961996
FCC,1.572802
FCC,0.821327
FCC,1.186073
FCC,1.173629
FCC,0.454945
FCC,1.058574
FCC,1.405476
FCC,1.117538
FCC,1.300362
FCC,0.958029
FCC,0.63185
FCC,1.295599
FCC,0.776178
FCC,1.350449
FCC,1.352172
FCC,0.867981
FCC,0.779373
FCC,1.015862
FCC,2.105004
FCC,1.47965
FCC,0.985071
FCC,1.248368
FCC,0.918604
FCC,0.548797
FCC,0.72191
FCC,0.621059
FCC,1.553048
FCC,0.67533
FCC,1.086738
FCC,1.96798
FCC,0.796939
FCC,1.316011
FCC,1.390516
FCC,1.31709
FCC,0.721882
FCC,0.944472
FCC,0.825704
FCC,0.29034
FCC,0.872434
FCC,1.378729
FCC,0.710179
FCC,1.466646
FCC,1.444175
FCC,1.232292
FCC,1.494173
FCC,2.04816
FCC,1.177818
FCC,1.42234
FCC,1.442613
FCC,1.584393
FCC,1.055331
FCC,1.24052
FCC,1.526367
FCC,1.022923
FCC,1.774654
FCC,1.728344
FCC,2.028776
FCC,1.724664
FCC,1.152707
FCC,1.19781
FCC,1.042992
FCC,1.432766
FCC,0.742054
FCC,0.952994
FCC,0.442146
FCC,0.865199
FCC,1.133739
FCC,1.001872
FCC,2.015894
FCC,0.60039
FCC,0.53422
FCC,0.560357
FCC,0.595293
FCC,0.637135
FCC,0.420934
FCC,1.545557
FCC,1.146201
FCC,1.334582
FCC,1.215914
FCC,0.628454
FCC,0.604503
FCC,0.501969
FCC,1.563086
FCC,0.777258
FCC,0.827042
FCC,0.474214
FCC,0.278701
FCC,1.707663
FCC,0.377757
FCC,0.544041
FCC,1.508546
FCC,1.747395
FCC,0.754105
FCC,0.554864
FCC,1.325343
FCC,1.424731
FCC,1.422935
FCC,1.922241
FCC,1.034514
FCC,1.656933
FCC,0.350704
FCC,1.150755
FCC,1.152026
FCC,1.100124
FCC,1.18576
FCC,0.574115
FCC,1.517926
FCC,0.587025
FCC,1.681113
FCC,0.993499
FCC,1.933688
FCC,1.271137
FCC,1.755714
FCC,1.801399
FCC,0.5744
FCC,0.481811
FCC,0.449427
FCC,0.750454
FCC,0.802269
FCC,0.860318
FCC,0.914206
FCC,0.992628
FCC,1.791322
FCC,0.571212
FCC,0.567962
FCC,0.799992
FCC,0.562997
FCC,0.406785
FCC,0.962271
FCC,0.766321
FCC,0.711282
FCC,0.824377
FCC,1.575856
FCC,2.143094
FCC,1.587804
FCC,1.307098
FCC,0.483923
FCC,1.909975
FCC,0.64405
FCC,1.61464
FCC,0.916522
FCC,0.571348
FCC,1.537426
FCC,0.56524
FCC,1.604365
FCC,0.744663
FCC,1.619352
FCC,0.819947
FCC,0.893727
FCC,0.99501
FCC,0.637931
FCC,0.620546
FCC,0.344044
FCC,0.688586
FCC,0.295481
FCC,1.103957
FCC,0.736567
FCC,0.744961
FCC,0.796696
FCC,0.577401
FCC,0.824316
FCC,0.667785
FCC,0.612309
FCC,0.440633
FCC,0.343202
FCC,0.74373
FCC,1.399696
FCC,0.842418
FCC,1.479128
FCC,0.875824
FCC,0.99067
FCC,0.54626
FCC,0.355589
FCC,0.906642
FCC,1.488473
FCC,0.253832
FCC,0.546554
FCC,0.387312
FCC,0.90606
FCC,0.840203
FCC,1.929667
FCC,0.672847
FCC,0.413259
FCC,0.496224
FCC,0.849537
FCC,1.873676
FCC,1.116593
FCC,0.685516
FCC,0.173302
FCC,0.306352
FCC,0.95128
FCC,0.52997
FCC,1.124863
FCC,0.977704
FCC,1.06694
FCC,1.288162
FCC,0.496519
FCC,1.316312
FCC,0.542163
FCC,0.339157
FCC,1.078031
FCC,0.862148
FCC,0.726203
FCC,1.571065
FCC,0.912414
FCC,0.690418
FCC,1.387552
FCC,0.763884
FCC,1.901656
FCC,1.376107
FCC,0.879439
FCC,0.734251
FCC,0.610453
FCC,0.927501
FCC,0.601718
FCC,0.950791
FCC,0.679104
FCC,1.639218
FCC,1.700503
FCC,1.603903
FCC,0.816085
FCC,1.136645
FCC,1.423708
FCC,0.533353
FCC,0.511661
FCC,0.873282
FCC,0.835811
FCC,0.543151
FCC,0.954074
FCC,0.541818
FCC,0.493858
FCC,0.168413
FCC,1.097896
FCC,0.783231
FCC,1.21217
FCC,1.36321
FCC,0.864844
FCC,0.68134
FCC,1.599341
FCC,1.13715
FCC,1.289932
FCC,1.391277
FCC,1.159281
FCC,1.336088
FCC,1.42739
FCC,0.732946
FCC,1.137796
FCC,1.641844
FCC,1.23019
FCC,0.851521
FCC,0.795502
FCC,0.603695
FCC,1.776619
FCC,0.919308
FCC,1.254131
FCC,0.760259
FCC,0.613683
FCC,1.087764
FCC,1.115638
FCC,0.630923
FCC,0.958823
FCC,0.75141
FCC,0.544494
FCC,1.952765
FCC,1.370589
FCC,0.979466
FCC,0.481198
FCC,0.835158
FCC,0.819528
FCC,1.572632
FCC,1.533507
FCC,1.603001
FCC,1.05754
FCC,0.509226
FCC,0.788147
FCC,1.070611
FCC,1.462012
FCC,1.3058
FCC,1.2042
FCC,1.882808
FCC,1.029018
FCC,0.878669
FCC,1.645817
FCC,1.391777
FCC,1.432869
FCC,1.217492
FCC,0.634507
FCC,1.79226
FCC,0.712782
FCC,1.792604
FCC,1.943755
FCC,1.28976
FCC,1.862398
FCC,0.658705
FCC,0.776476
FCC,0.778363
FCC,0.903507
FCC,1.392705
FCC,1.843625
FCC,0.853229
FCC,0.545213
FCC,1.183849
FCC,1.394329
FCC,1.554245
FCC,0.950646
FCC,0.722957
FCC,1.479482
FCC,0.514129
FCC,0.851008
FCC,0.895791
FCC,0.383361
FCC,1.408163
FCC,1.216841
FCC,1.101952
FCC,0.480802
FCC,0.407012
FCC,0.895786
FCC,0.350475
FCC,1.042891
FCC,0.9936
FCC,1.421494
FCC,1.112789
FCC,1.876009
FCC,0.721623
FCC,1.610664
FCC,1.36382
FCC,1.04297
FCC,1.504287
FCC,0.757317
FCC,1.279903
FCC,1.587516
FCC,1.267684
FCC,1.13799
FCC,1.478429
FCC,1.389037
FCC,1.694496
FCC,1.256258
FCC,1.401785
FCC,1.992477
FCC,1.181604
FCC,0.721446
FCC,0.380754
FCC,0.415576
FCC,1.87694
FCC,0.612377
FCC,0.756989
FCC,0.499758
FCC,0.562391
FCC,1.940715
FCC,0.690614
FCC,0.721537
FCC,1.451259
FCC,1.052063
FCC,0.469725
FCC,1.269676
FCC,1.691267
FCC,1.721073
FCC,0.766404
FCC,1.211752
FCC,1.560352
FCC,0.465835
FCC,1.257724
FCC,2.284343
FCC,1.762513
FCC,1.414365
FCC,0.659307
FCC,1.462543
FCC,2.050522
FCC,1.66443
FCC,1.58764
FCC,0.718578
FCC,1.193044
FCC,1.709775
FCC,0.6864
FCC,0.57462
FCC,1.325454
FCC,0.892977
FCC,1.380534
FCC,1.711472
FCC,1.582125
FCC,1.828063
FCC,1.535014
FCC,1.572896
FCC,0.914609
FCC,1.147525
FCC,0.318741
FCC,0.615178
FCC,0.751879
FCC,0.508922
FCC,0.635541
FCC,0.869124
FCC,1.585158
FCC,0.57066
FCC,0.616295
FCC,1.597353
FCC,0.316118
FCC,0.496172
FCC,0.630871
FCC,0.625301
FCC,0.935194
FCC,0.934555
FCC,1.428242
FCC,0.407886
FCC,1.391103
FCC,1.394592
FCC,2.163206
FCC,0.754853
FCC,0.966328
FCC,0.723986
FCC,1.393473
FCC,0.457533
FCC,0.781215
FCC,0.872978
FCC,0.810691
FCC,0.880177
FCC,1.092842
FCC,1.88744
FCC,0.650977
FCC,1.217888
FCC,0.557175
FCC,0.64596
FCC,0.917049
FCC,0.797665
FCC,1.025516
FCC,0.509756
FCC,0.523812
FCC,0.281086
FCC,0.718369
FCC,0.865358
FCC,0.538037
FCC,0.262968
FCC,0.626334
FCC,0.695319
FCC,0.486567
FCC,0.514569
FCC,1.901872
FCC,0.564764
FCC,0.209497
FCC,0.706339
FCC,0.414831
FCC,1.327862
FCC,1.412036
FCC,0.985867
FCC,0.55401
FCC,0.372255
FCC,1.057968
FCC,0.611748
FCC,1.023052
FCC,1.127954
FCC,0.369971
FCC,1.765782
FCC,0.734627
FCC,1.070862
FCC,0.868669
FCC,0.706155
FCC,1.251206
FCC,0.890221
FCC,0.731187
FCC,0.564537
FCC,0.655774
FCC,0.527054
FCC,0.590021
FCC,1.086919
FCC,0.593905
FCC,0.303516
FCC,0.755508
FCC,1.494801
FCC,0.164261
FCC,0.556547
FCC,0.342346
FCC,0.674934
FCC,0.204003
FCC,0.735144
FCC,0.960419
FCC,1.180095
FCC,1.690426
FCC,0.493386
FCC,0.625872
FCC,0.55579
FCC,0.748552
FCC,0.450823
FCC,0.536033
FCC,1.233956
FCC,0.475696
FCC,2.029221
FCC,0.647862
FCC,0.356691
FCC,1.410476
FCC,0.506413
FCC,0.506979
FCC,0.593884
FCC,0.807936
FCC,1.20249
FCC,1.5566
FCC,1.067972
FCC,0.632512
FCC,0.722364
FCC,0.786582
FCC,0.68903
FCC,1.003005
FCC,1.230326
FCC,0.522142
FCC,0.617916
FCC,1.071017
FCC,0.798853
FCC,0.133827
FCC,0.605169
FCC,1.607018
FCC,0.716014
FCC,1.171867
FCC,1.440964
FCC,1.310167
FCC,0.978189
FCC,1.09424
FCC,1.144157
FCC,1.468955
FCC,0.819995
FCC,1.11599
FCC,1.395714
FCC,1.5363
FCC,0.29967
FCC,0.984099
FCC,0.847536
FCC,0.646007
FCC,0.340718
FCC,1.300775
FCC,0.376447
FCC,0.695966
FCC,0.502451
FCC,1.659798
FCC,0.89919
FCC,1.490746
FCC,0.745421
FCC,0.76303
FCC,0.729551
FCC,1.152893
FCC,1.440202
FCC,0.741385
FCC,0.525169
FCC,1.640904
FCC,1.278676
FCC,1.388799
FCC,1.313305
FCC,0.792233
FCC,1.304959
FCC,0.99135
FCC,0.316258
FCC,1.238809
FCC,1.801102
FCC,0.85434
FCC,0.866694
FCC,1.016637
FCC,1.439427
FCC,0.571763
FCC,1.411452
FCC,0.793774
FCC,0.658876
FCC,0.625214
FCC,1.184566
FCC,0.806611
FCC,0.660848
FCC,1.569576
FCC,0.919016
FCC,0.614062
FCC,1.517593
FCC,0.850145
FCC,1.154609
FCC,0.98212
FCC,1.291543
FCC,0.845549
FCC,0.91401
FCC,1.670258
FCC,0.594185
FCC,1.399998
FCC,0.12533
FCC,0.937195
FCC,1.027614
FCC,0.474288
FCC,1.59809
FCC,1.332842
FCC,1.46408
FCC,1.090515
FCC,0.795175
FCC,1.818171
FCC,1.354791
FCC,1.302186
FCC,1.942722
FCC,0.80418
FCC,1.595025
FCC,0.903147
FCC,0.469512
FCC,1.383386
FCC,1.177479
FCC,0.758547
FCC,0.940217
FCC,1.271639
FCC,1.682371
FCC,1.753211
FCC,0.584471
FCC,0.718433
FCC,0.901106
FCC,1.325228
FCC,0.939017
FCC,0.657353
FCC,0.675187
FCC,0.512864
FCC,1.534482
FCC,1.613415
FCC,0.555279
FCC,0.805236
FCC,0.672887
FCC,0.923454
FCC,1.380758
FCC,0.577287
FCC,0.79277
FCC,1.310111
FCC,1.787244
FCC,1.695314
FCC,0.812014
FCC,1.437629
FCC,1.32648
FCC,1.333429
FCC,1.513573
FCC,1.26161
FCC,1.43377
FCC,1.468823
FCC,1.137291
FCC,1.260256
FCC,1.948377
FCC,1.304633
FCC,1.124294
FCC,1.530954
FCC,1.840868
FCC,1.644379
FCC,1.361205
FCC,1.775539
FCC,1.228932
FCC,1.478871
FCC,1.487699
FCC,1.186777
FCC,1.563247
FCC,0.947933
FCC,0.478414
FCC,0.777926
FCC,1.451466
FCC,0.733252
FCC,1.501503
FCC,0.254912
FCC,1.307772
FCC,1.834796
FCC,1.495783
FCC,0.778056
FCC,0.369053
FCC,1.041521
FCC,0.751649
FCC,0.704804
FCC,0.823591
FCC,0.752899
FCC,0.510704
FCC,1.870549
FCC,1.978939
FCC,0.942968
FCC,0.939583
FCC,0.388753
FCC,1.09719
FCC,1.046659
FCC,0.200309
FCC,0.862657
FCC,1.724926
FCC,0.850727
FCC,1.411928
FCC,1.52755
FCC,1.063353
FCC,1.483997
FCC,0.866443
FCC,1.9718
FCC,0.179842
FCC,1.810043
FCC,0.714232
FCC,0.804044
FCC,1.055356
FCC,1.75058
FCC,1.26377
FCC,1.729154
FCC,1.752326
FCC,1.293665
FCC,0.606272
FCC,0.659966
FCC,1.202283
FCC,0.476093
FCC,0.693686
FCC,1.358931
FCC,0.971161
FCC,1.431846
FCC,1.068975
FCC,0.754992
FCC,0.593335
FCC,0.60155
FCC,1.230436
FCC,0.498225
FCC,0.501247
FCC,0.266208
FCC,0.720778
FCC,1.637596
FCC,0.473678
FCC,1.323628
FCC,1.349834
FCC,0.764243
FCC,2.146695
FCC,0.92874
FCC,0.998301
FCC,0.898667
FCC,1.124589
FCC,0.748465
FCC,0.970178
FCC,1.68528
FCC,1.410267
FCC,1.470915
FCC,1.51749
FCC,0.649755
FCC,1.436561
FCC,0.553867
FCC,0.618724
FCC,0.447655
FCC,1.172166
FCC,1.058617
FCC,1.217204
FCC,1.039093
FCC,0.316765
FCC,0.843853
FCC,0.916626
FCC,1.264507
FCC,0.99571
FCC,0.606037
FCC,0.544088
FCC,0.586562
FCC,0.274398
FCC,0.677684
FCC,1.392372
FCC,0.676391
FCC,1.863519
FCC,0.592784
FCC,0.512214
FCC,1.202816
FCC,0.458
FCC,0.675902
FCC,0.529795
FCC,0.691491
FCC,0.794366
FCC,0.572644
FCC,0.508972
FCC,0.952819
FCC,0.869457
FCC,0.83457
FCC,0.848771
FCC,0.943644
FCC,1.738401
FCC,0.643633
FCC,0.662694
FCC,0.727949
FCC,0.739689
FCC,1.248604
FCC,0.582211
FCC,0.516371
FCC,0.568111
FCC,0.757255
FCC,0.610267
FCC,0.344023
FCC,0.733062
FCC,0.403076
FCC,0.40662
FCC,0.677385
FCC,0.53585
FCC,0.352461
FCC,0.609272
FCC,0.36853
FCC,0.994249
FCC,0.553336
FCC,0.497587
FCC,1.109042
FCC,0.529309
FCC,0.752678
FCC,0.608587
FCC,0.570205
FCC,0.404383
FCC,0.669342
FCC,0.351226
FCC,1.348324
FCC,1.370489
FCC,0.889037
FCC,1.153856
FCC,0.319262
FCC,0.381854
FCC,1.49972
FCC,0.758851
FCC,0.694409
FCC,1.789392
FCC,1.692108
FCC,0.538367
FCC,0.983833
FCC,0.590994
FCC,1.481161
FCC,0.470708
FCC,1.184225
FCC,1.262571
FCC,0.857454
FCC,0.776903
FCC,1.321271
FCC,0.279238
FCC,1.458613
FCC,0.684012
FCC,0.996933
FCC,1.330261
FCC,0.641294
FCC,1.099212
FCC,0.725273
FCC,0.505639
FCC,1.061863
FCC,1.464449
FCC,0.963787
FCC,2.029663
FCC,0.449836
FCC,1.660067
FCC,0.729902
FCC,1.33766
FCC,1.292812
FCC,1.377812
FCC,0.992314
FCC,0.978458
FCC,1.22742
FCC,0.850004
FCC,1.355275
FCC,1.220815
FCC,1.213924
FCC,1.061822
FCC,1.552338
FCC,1.604869
FCC,1.117009
FCC,1.33001
FCC,1.770433
FCC,0.786436
FCC,1.651937
FCC,1.918292
FCC,0.414342
FCC,0.620461
FCC,0.879843
FCC,0.72412
FCC,0.878583
FCC,0.788106
FCC,0.597506
FCC,0.894984
FCC,0.973544
FCC,1.75168
FCC,0.816592
FCC,1.21532
FCC,1.350404
FCC,1.452948
FCC,0.677377
FCC,0.895045
FCC,1.929546
FCC,1.654579
FCC,1.540473
FCC,1.736702
FCC,1.520461
FCC,1.355566
FCC,0.903091
FCC,1.640767
FCC,1.752201
FCC,1.335809
FCC,1.023262
FCC,1.586637
FCC,1.452489
FCC,2.157257
FCC,1.182311
FCC,1.420107
FCC,0.557316
FCC,1.588681
FCC,0.747777
FCC,1.088209
FCC,1.144889
FCC,0.514624
FCC,1.173598
FCC,1.322404
FCC,0.96437
FCC,0.899555
FCC,1.958099
FCC,0.722584
FCC,1.476793
FCC,0.66434
FCC,1.505211
FCC,1.029196
FCC,0.872666
FCC,0.78198
FCC,0.615451
FCC,0.374227
FCC,0.182896
FCC,0.628995
FCC,0.582413
FCC,1.218898
FCC,1.956687
FCC,0.491988
FCC,0.488763
FCC,1.354661
FCC,1.043395
FCC,0.982981
FCC,0.939979
FCC,1.260182
FCC,1.78749
FCC,1.769862
FCC,1.124957
FCC,1.300692
FCC,0.309833
FCC,1.160431
FCC,0.803889
FCC,1.709546
FCC,1.017916
FCC,0.941244
FCC,1.167467
FCC,1.539875
FCC,0.748343
FCC,1.329526
FCC,1.480715
FCC,0.404064
FCC,0.656463
FCC,1.040068
FCC,0.705188
FCC,0.914897
FCC,0.430747
FCC,0.782991
FCC,0.407157
FCC,1.711404
FCC,0.858782
FCC,0.745512
FCC,0.972566
FCC,0.918485
FCC,0.953529
FCC,1.41563
FCC,1.62437
FCC,0.324925
FCC,0.45157
FCC,0.783842
FCC,0.55837
FCC,0.808598
FCC,0.818062
FCC,0.820315
FCC,0.744393
FCC,0.708269
FCC,0.78906
FCC,1.830899
FCC,1.833027
FCC,1.225266
FCC,0.864989
FCC,1.308393
FCC,0.503991
FCC,0.511308
FCC,1.134256
FCC,0.202478
FCC,1.276906
FCC,1.192145
FCC,1.598379
FCC,0.907462
FCC,1.06828
FCC,1.227103
FCC,1.386118
FCC,1.289201
FCC,1.108509
FCC,1.053218
FCC,1.342855
FCC,0.31718
FCC,0.49374
FCC,1.757319
FCC,1.324377
FCC,0.829441
FCC,1.450404
FCC,0.489926
FCC,0.649422
FCC,0.505214
FCC,0.438762
FCC,0.765043
FCC,0.673715
FCC,0.665612
FCC,0.710412
FCC,1.255032
FCC,0.957001
FCC,0.770839
FCC,0.602365
FCC,0.786743
FCC,1.230061
FCC,1.618542
FCC,0.755928
FCC,0.760371
FCC,0.628568
FCC,0.430322
FCC,1.381633
FCC,0.861097
FCC,1.081703
FCC,0.565709
FCC,1.41925
FCC,0.294873
FCC,1.195435
FCC,1.072118
FCC,1.99748
FCC,0.271477
FCC,1.193863
FCC,0.235501
FCC,0.972039
FCC,1.517297
FCC,1.593401
FCC,1.939955
FCC,1.193898
FCC,1.921862
FCC,0.377063
FCC,0.827156
FCC,0.366578
FCC,0.579751
FCC,0.559633
FCC,0.756286
FCC,1.451282
FCC,0.546881
FCC,0.625543
FCC,0.590245
FCC,0.719696
FCC,0.88447
FCC,0.920658
FCC,0.826853
FCC,0.383624
FCC,0.890099
FCC,0.544456
FCC,0.629831
FCC,0.377456
FCC,0.52236
FCC,1.355857
FCC,0.195086
FCC,1.225046
FCC,1.405082
FCC,1.027059
FCC,1.169297
FCC,0.953937
FCC,1.577719
FCC,1.407883
FCC,1.041146
FCC,1.123428
FCC,0.463459
FCC,1.936615
FCC,1.246834
FCC,1.249578
FCC,2.078311
FCC,1.965238
FCC,1.99223
FCC,0.579859
FCC,0.537442
FCC,1.412747
FCC,0.467949
FCC,0.566106
FCC,0.545667
FCC,0.723133
FCC,0.444354
FCC,0.390355
FCC,1.289719
FCC,1.324568
FCC,0.374766
FCC,0.294873
FCC,0.805063
FCC,1.400437
FCC,0.407039
FCC,0.411977
FCC,0.627763
FCC,1.183931
FCC,0.650463
FCC,0.604809
FCC,0.569271
FCC,0.696925
FCC,0.711957
FCC,0.628709
FCC,0.538588
FCC,0.307134
FCC,0.313748
FCC,0.693442
FCC,0.649435
FCC,0.744243
FCC,0.669395
FCC,0.588476
FCC,0.871038
FCC,1.674647
FCC,0.819711
FCC,0.56303
FCC,0.491725
FCC,0.394133
FCC,0.544045
FCC,0.638472
FCC,1.005856
FCC,0.558339
FCC,1.002128
FCC,1.296773
FCC,0.636104
FCC,1.03883
FCC,1.135595
FCC,1.078489
FCC,0.484211
FCC,0.886013
FCC,0.67926
FCC,1.144167
FCC,1.838129
FCC,1.460922
FCC,0.618024
FCC,1.119072
FCC,0.570259
FCC,0.824313
FCC,0.926733
FCC,0.992754
FCC,0.994625
FCC,0.959768
FCC,0.464616
FCC,1.362008
FCC,0.42834
FCC,0.950323
FCC,0.709901
FCC,0.968492
FCC,0.764283
FCC,0.675886
FCC,1.125509
FCC,0.479172
FCC,0.452069
FCC,0.55476
FCC,0.587887
FCC,1.11449
FCC,0.792502
FCC,1.124308
FCC,0.928117
FCC,0.627606
FCC,0.76542
FCC,1.426751
FCC,0.944927
FCC,0.533323
FCC,0.769111
FCC,0.966767
FCC,0.350185
FCC,0.401792
FCC,1.764455
FCC,2.001567
FCC,1.150127
FCC,1.027236
FCC,1.259796
FCC,0.897957
FCC,1.057366
FCC,1.869987
FCC,0.596482
FCC,1.242547
FCC,1.510314
FCC,0.640149
FCC,1.007464
FCC,1.672251
FCC,0.786452
FCC,0.73365
FCC,0.34993
FCC,0.899104
FCC,1.013546
FCC,0.550552
FCC,1.576364
FCC,0.77086
FCC,1.115377
FCC,0.780195
FCC,2.091946
FCC,1.802075
FCC,1.161482
FCC,0.744414
FCC,0.589825
FCC,0.737941
FCC,1.404143
FCC,1.040769
FCC,0.458927
FCC,1.198115
FCC,1.727303
FCC,1.646884
FCC,1.446549
FCC,0.803681
FCC,1.012507
FCC,1.162126
FCC,0.446654
FCC,0.979014
FCC,1.252273
FCC,1.336476
FCC,1.206356
FCC,1.525541
FCC,0.960489
FCC,1.811131
FCC,1.589464
FCC,0.815015
FCC,0.859759
FCC,0.495694
FCC,1.606749
FCC,1.275767
FCC,1.855292
FCC,0.701279
FCC,0.854454
FCC,1.671518
FCC,2.049069
FCC,0.582711
FCC,1.324326
FCC,1.107501
FCC,1.013993
FCC,2.262061
FCC,0.645881
FCC,0.874418
FCC,0.875108
FCC,0.82569
FCC,1.338802
FCC,0.767805
FCC,1.201488
FCC,1.097263
FCC,0.959801
FCC,1.148298
FCC,0.877624
FCC,0.801995
FCC,0.873141
FCC,0.733229
FCC,0.881501
FCC,0.96437
FCC,0.378281
FCC,0.447576
FCC,1.694215
FCC,2.060981
FCC,1.126786
FCC,1.138878
FCC,1.247936
FCC,0.586378
FCC,1.683774
FCC,1.836869
FCC,1.286589
FCC,1.39066
FCC,1.667787
FCC,1.533029
FCC,1.202835
FCC,1.20453
FCC,1.442913
FCC,1.621
FCC,0.435359
FCC,1.382705
FCC,1.698421
FCC,1.471259
FCC,1.376693
FCC,0.810278
FCC,0.85706
FCC,0.672519
FCC,0.938309
FCC,0.700572
FCC,0.990005
FCC,0.69939
FCC,0.691374
FCC,1.485624
FCC,1.191613
FCC,0.42406
FCC,1.398345
FCC,0.461682
FCC,0.716895
FCC,1.226202
FCC,0.776254
FCC,0.499663
FCC,1.224252
FCC,1.654292
FCC,1.499136
FCC,1.6423
FCC,1.728158
FCC,0.590416
FCC,1.883273
FCC,1.415209
FCC,1.180405
FCC,0.752576
FCC,0.465003
FCC,0.584697
FCC,0.955316
FCC,1.442555
FCC,1.413282
FCC,0.526847
FCC,0.962449
FCC,1.469863
FCC,1.008044
FCC,0.922453
FCC,1.533132
FCC,1.206717
FCC,0.459741
FCC,1.274903
FCC,1.429719
FCC,1.682125
FCC,1.697164
FCC,1.640663
FCC,2.003572
FCC,0.987044
FCC,0.632924
FCC,0.436299
FCC,0.721557
FCC,0.619118
FCC,0.747957
FCC,1.155224
FCC,2.026655
FCC,1.155098
FCC,0.641491
FCC,0.616302
FCC,1.694484
FCC,1.54731
FCC,0.900272
FCC,1.062547
FCC,0.518043
FCC,1.409312
FCC,1.994356
FCC,1.697527
FCC,1.605197
FCC,1.149205
FCC,1.070491
FCC,1.039268
FCC,1.648196
FCC,0.921244
FCC,1.615139
FCC,1.317041
FCC,0.820764
FCC,0.770042
FCC,1.428059
FCC,1.64118
FCC,1.191357
FCC,1.862316
FCC,1.825205
FCC,1.105847
FCC,1.50392
FCC,1.099159
FCC,1.237813
FCC,1.694137
FCC,1.244303
FCC,0.710968
FCC,1.036006
FCC,0.252388
FCC,0.816758
FCC,0.940142
FCC,1.204606
FCC,0.320384
FCC,0.482336
FCC,0.526188
FCC,1.333974
FCC,1.405917
FCC,1.235878
FCC,0.701299
FCC,0.730178
FCC,0.545431
FCC,0.552069
FCC,0.434722
FCC,0.632809
FCC,0.822112
FCC,1.398058
FCC,0.272228
FCC,1.589374
FCC,2.091998
FCC,0.816447
FCC,0.411862
FCC,0.658175
FCC,1.130879
FCC,1.008239
FCC,1.601918
FCC,1.520967
FCC,1.84921
FCC,2.100021
FCC,1.564512
FCC,1.499427
FCC,1.249787
FCC,0.565148
FCC,0.606013
FCC,0.705159
FCC,0.491162
FCC,0.808175
FCC,2.195026
FCC,0.361163
FCC,0.531348
FCC,1.646772
FCC,0.788758
FCC,0.78651
FCC,1.864855
FCC,1.444978
FCC,0.630425
FCC,0.426001
FCC,0.469505
FCC,0.544305
FCC,0.405638
FCC,0.641188
FCC,0.643161
FCC,0.722588
FCC,0.519834
FCC,1.526957
FCC,0.535008
FCC,0.709871
FCC,0.395232
FCC,0.515455
FCC,1.45836
FCC,0.254482
FCC,1.48783
FCC,1.033538
FCC,0.733137
FCC,0.585459
FCC,1.073015
FCC,0.695468
FCC,0.584253
FCC,0.795559
FCC,0.647079
FCC,0.483059
FCC,1.178395
FCC,0.609408
FCC,0.920987
FCC,0.835827
FCC,0.310672
FCC,0.663731
FCC,0.927331
FCC,1.046249
FCC,0.631538
FCC,1.300109
FCC,0.524445
FCC,1.767246
FCC,1.57074
FCC,0.340897
FCC,0.789285
FCC,1.305928
FCC,0.851238
FCC,1.42501
FCC,0.930975
FCC,0.679103
FCC,0.822269
FCC,0.647996
FCC,0.577369
FCC,1.601294
FCC,0.74432
FCC,0.846569
FCC,1.994942
FCC,0.463098
FCC,0.752687
FCC,1.787489
FCC,0.556888
FCC,0.882669
FCC,0.686981
FCC,1.156277
FCC,1.580639
FCC,0.642548
FCC,1.661001
FCC,1.575972
FCC,1.246742
FCC,1.638781
FCC,1.338049
FCC,0.664548
FCC,0.610064
FCC,1.406552
FCC,0.948113
FCC,1.498035
FCC,1.148702
FCC,0.650161
FCC,0.721054
FCC,1.419083
FCC,0.555086
FCC,1.730554
FCC,0.590372
FCC,0.717548
FCC,1.201104
FCC,1.439681
FCC,0.546377
FCC,0.895053
FCC,1.104773
FCC,1.46015
FCC,1.43326
FCC,0.63752
FCC,1.806535
FCC,1.14346
FCC,0.588949
FCC,0.805269
FCC,1.035442
FCC,0.828027
FCC,1.16758
FCC,2.116231
FCC,0.317561
FCC,0.69428
FCC,1.074502
FCC,1.907147
FCC,1.237813
FCC,1.871581
FCC,1.488328
FCC,1.421358
FCC,0.622202
FCC,1.719468
FCC,1.271438
FCC,1.824863
FCC,0.585999
FCC,1.6942
FCC,2.029598
FCC,1.546481
FCC,0.894491
FCC,1.241692
FCC,1.624467
FCC,1.068766
FCC,1.655141
FCC,0.863442
FCC,1.174677
FCC,1.154115
FCC,1.496734
FCC,1.651195
FCC,0.743329
FCC,0.649425
FCC,1.637307
FCC,0.870635
FCC,1.021744
FCC,0.686727
FCC,1.102486
FCC,1.760576
FCC,1.022048
FCC,1.863595
FCC,1.47578
FCC,1.542784
FCC,1.878246
FCC,1.010638
FCC,1.712109
FCC,2.2353
FCC,1.049844
FCC,0.972982
FCC,1.695647
FCC,1.539026
FCC,0.760888
FCC,1.351384
FCC,1.268945
FCC,2.058051
FCC,1.256202
FCC,0.528318
FCC,1.081931
FCC,1.61217
FCC,0.794198
FCC,1.421615
FCC,1.108662
FCC,1.276337
FCC,1.168103
FCC,1.517196
FCC,1.836286
FCC,1.320138
FCC,1.046228
FCC,0.777843
FCC,1.196111
FCC,1.092058
FCC,0.721523
FCC,0.72822
FCC,1.206069
FCC,1.613215
FCC,1.555023
FCC,0.49271
FCC,1.040016
FCC,0.374933
FCC,0.835437
FCC,0.923116
FCC,0.949089
FCC,0.504061
FCC,1.25011
FCC,1.017382
FCC,0.710924
FCC,0.750395
FCC,0.581171
FCC,1.163347
FCC,1.056403
FCC,0.466947
FCC,1.294191
FCC,0.416164
FCC,0.915633
FCC,0.618034
FCC,0.576083
FCC,0.620155
FCC,1.900667
FCC,1.626379
FCC,0.652888
FCC,0.490937
FCC,0.97311
FCC,1.361806
FCC,0.951752
FCC,1.242117
FCC,0.884277
FCC,1.165228
FCC,2.081468
FCC,1.750687
FCC,1.46811
FCC,1.577478
FCC,0.856758
FCC,1.106666
FCC,1.717915
FCC,1.8426
FCC,0.829547
FCC,0.430953
FCC,1.09154
FCC,1.883524
FCC,0.469032
FCC,1.866922
FCC,1.508687
FCC,1.105819
FCC,0.265204
FCC,1.106066
FCC,0.843116
FCC,0.681856
FCC,0.830453
FCC,1.962417
FCC,0.290943
FCC,1.315257
FCC,1.92021
FCC,1.044762
FCC,2.139682
FCC,0.811929
FCC,1.155551
FCC,0.567365
FCC,1.755515
FCC,0.573961
FCC,1.054917
FCC,0.927591
FCC,1.218565
FCC,0.623096
FCC,1.808267
FCC,1.666234
FCC,1.309137
FCC,1.72374
FCC,1.824926
FCC,1.211744
FCC,1.34042
FCC,0.416847
FCC,1.598081
FCC,0.817026
FCC,1.100612
FCC,0.899984
FCC,1.007457
FCC,1.258765
FCC,1.05805
FCC,2.126366
FCC,1.024043
FCC,0.928582
FCC,1.459787
FCC,1.012535
FCC,1.468299
FCC,1.339378
FCC,1.015757
FCC,1.567674
FCC,1.121405
FCC,1.018835
FCC,0.689346
FCC,1.657657
FCC,0.276469
FCC,0.602646
FCC,0.761542
FCC,0.659235
FCC,0.564532
FCC,1.119243
FCC,1.117697
FCC,1.823299
FCC,1.09184
FCC,0.636454
FCC,0.196472
FCC,0.162207
FCC,0.238814
FCC,0.405803
FCC,1.654896
FCC,0.90867
FCC,0.435553
FCC,0.917191
FCC,0.845801
FCC,1.573618
FCC,1.126357
FCC,1.379732
FCC,0.787545
FCC,1.59269
FCC,1.593608
FCC,0.354103
FCC,0.75741
FCC,0.498827
FCC,0.606597
FCC,1.362898
FCC,0.922522
FCC,0.693006
FCC,0.44559
FCC,0.993603
FCC,0.850819
FCC,0.731984
FCC,0.993228
FCC,0.970931
FCC,0.620845
FCC,0.884455
FCC,0.558311
FCC,1.439031
FCC,0.530559
FCC,1.368451
FCC,0.918722
FCC,1.352829
FCC,0.499487
FCC,0.491045
FCC,0.852562
FCC,0.72201
FCC,1.827045
FCC,0.629578
FCC,0.627596
FCC,0.492336
FCC,0.641098
FCC,0.392794
FCC,0.386729
FCC,0.554745
FCC,0.316605
FCC,0.815117
FCC,0.663277
FCC,0.94153
FCC,1.12283
FCC,0.884631
FCC,0.655442
FCC,0.814383
FCC,0.599536
FCC,0.699822
FCC,0.74894
FCC,0.95539
FCC,0.683886
FCC,0.523109
FCC,0.519476
FCC,0.59123
FCC,1.43466
FCC,0.940186
FCC,0.471757
FCC,0.26995
FCC,0.985018
FCC,1.013064
FCC,1.161321
FCC,0.754883
FCC,0.840361
FCC,1.269704
FCC,1.502083
FCC,1.607336
FCC,1.88812
FCC,1.025642
FCC,0.386206
FCC,0.603497
FCC,0.77599
FCC,0.889568
FCC,0.86267
FCC,0.806249
FCC,1.089138
FCC,1.597078
FCC,1.770896
FCC,0.724809
FCC,0.788249
FCC,0.908146
FCC,1.77485
FCC,1.77981
FCC,0.799975
FCC,1.281468
FCC,0.715865
FCC,1.608757
FCC,1.257473
FCC,1.674338
FCC,0.984054
FCC,0.891382
FCC,1.511393
FCC,1.916397
FCC,1.347893
FCC,1.703836
FCC,1.209458
FCC,0.618523
FCC,1.124152
FCC,1.486703
FCC,1.417744
FCC,0.889147
FCC,0.794859
FCC,0.628789
FCC,1.091754
FCC,1.041652
FCC,0.929038
FCC,0.654907
FCC,0.950153
FCC,1.125113
FCC,0.670442
FCC,0.621938
FCC,0.648665
FCC,0.961449
FCC,0.649113
FCC,0.202071
FCC,1.67124
FCC,1.507172
FCC,1.978312
FCC,1.194552
FCC,1.022282
FCC,0.925284
FCC,0.709366
FCC,0.583556
FCC,0.983634
FCC,0.991029
FCC,1.972845
FCC,0.748593
FCC,1.079282
FCC,0.555213
FCC,1.625772
FCC,0.993832
FCC,1.640307
FCC,1.565126
FCC,1.207407
FCC,1.397275
FCC,1.059941
FCC,1.109184
FCC,1.262784
FCC,1.714253
FCC,0.728611
FCC,0.754716
FCC,2.006526
FCC,1.456033
FCC,0.837304
FCC,0.913528
FCC,1.369294
FCC,0.490475
FCC,1.235848
FCC,0.49811
FCC,1.347051
FCC,1.705754
FCC,0.69325
FCC,1.519098
FCC,0.981675
FCC,0.541093
FCC,0.570732
FCC,0.827362
FCC,0.798641
FCC,0.841252
FCC,1.230161
FCC,0.824363
FCC,1.750752
FCC,1.017433
FCC,1.945048
FCC,0.828304
FCC,0.849829
FCC,0.814142
FCC,0.489235
FCC,0.713264
FCC,0.718121
FCC,1.919732
FCC,1.607569
FCC,1.245557
FCC,1.431346
FCC,1.112588
FCC,1.364815
FCC,1.405124
FCC,1.669479
FCC,1.290751
FCC,1.041604
FCC,1.517417
FCC,1.555087
FCC,2.135667
FCC,1.387408
FCC,1.14567
FCC,1.513933
FCC,1.388784
FCC,0.653721
FCC,1.318585
FCC,1.613156
FCC,1.446016
FCC,1.543663
FCC,0.800079
FCC,1.315283
FCC,1.991275
FCC,0.606004
FCC,1.736117
FCC,0.850951
FCC,2.02536
FCC,1.858802
FCC,0.575803
FCC,0.65632
FCC,0.7929
FCC,0.67917
FCC,1.581145
FCC,0.905827
FCC,1.926216
FCC,1.006115
FCC,2.083828
FCC,1.514815
FCC,1.423648
FCC,1.050942
FCC,0.645373
FCC,0.758968
FCC,1.395171
FCC,1.605755
FCC,2.330884
FCC,1.440285
FCC,1.187711
FCC,0.881479
FCC,1.14841
FCC,0.606463
FCC,1.734284
FCC,1.839314
FCC,1.821171
FCC,1.242385
FCC,1.462116
FCC,1.031527
FCC,1.496611
FCC,0.813442
FCC,1.865159
FCC,1.426669
FCC,1.045803
FCC,0.885472
FCC,0.724077
FCC,0.968781
FCC,0.780332
FCC,0.721818
FCC,2.05167
FCC,0.793303
FCC,1.187885
FCC,1.90187
FCC,0.980954
FCC,1.50221
FCC,0.726568
FCC,0.9547
FCC,0.294247
FCC,1.946575
FCC,0.930369
FCC,0.742504
FCC,1.532476
FCC,1.140887
FCC,0.661913
FCC,0.674951
FCC,0.76127
FCC,0.800213
FCC,0.486004
FCC,0.135971
FCC,1.038318
FCC,2.191233
FCC,0.798996
FCC,1.760317
FCC,1.545187
FCC,1.139566
FCC,1.532069
FCC,1.456823
FCC,0.779099
FCC,1.327624
FCC,1.72017
FCC,1.351418
FCC,1.089583
FCC,1.788354
FCC,1.385954
FCC,1.198411
FCC,1.101308
FCC,1.377585
FCC,0.801243
FCC,1.947137
FCC,1.307918
FCC,1.075929
FCC,0.589694
FCC,0.536276
FCC,0.641365
FCC,1.378131
FCC,0.756647
FCC,1.118963
FCC,1.559836
FCC,1.487327
FCC,0.379493
FCC,0.516831
FCC,0.663376
FCC,0.54881
FCC,0.605002
FCC,0.575396
FCC,0.502377
FCC,0.406751
FCC,1.11053
FCC,0.40437
FCC,0.819999
FCC,0.575492
FCC,0.495012
FCC,0.631863
FCC,0.51326
FCC,1.331661
FCC,0.534075
FCC,0.974895
FCC,0.798085
FCC,2.150119
FCC,0.532139
FCC,0.156804
FCC,1.77897
FCC,1.02566
FCC,0.4151
FCC,0.800401
FCC,0.894919
FCC,1.861236
FCC,0.6976
FCC,0.364131
FCC,0.791855
FCC,0.158902
FCC,0.473143
FCC,1.636894
FCC,1.116778
FCC,0.724347
FCC,0.504894
FCC,0.456912
FCC,0.395383
FCC,0.801258
FCC,0.942207
FCC,0.397199
FCC,1.251986
FCC,0.750272
FCC,1.631818
FCC,0.841463
FCC,0.499154
FCC,0.442155
FCC,0.686329
FCC,0.652712
FCC,0.384546
FCC,0.36156
FCC,0.84644
FCC,1.150447
FCC,0.292046
FCC,1.202705
FCC,0.302376
FCC,0.473685
FCC,0.251984
FCC,0.48532
FCC,0.809092
FCC,1.726787
FCC,2.179804
FCC,0.824356
FCC,1.149329
FCC,1.047672
FCC,1.137467
FCC,0.696894
FCC,1.558012
FCC,0.227946
FCC,1.061822
FCC,0.742927
FCC,0.938421
FCC,1.409424
FCC,0.433346
FCC,1.331553
FCC,1.929091
FCC,0.463794
FCC,0.924281
FCC,1.704031
FCC,0.766582
FCC,0.797718
FCC,0.491243
FCC,1.613643
FCC,0.816254
FCC,2.114498
FCC,1.403568
FCC,1.510183
FCC,1.119193
FCC,1.309102
FCC,1.101884
FCC,1.102728
FCC,0.880576
FCC,0.902952
FCC,0.937864
FCC,1.106042
FCC,0.883711
FCC,0.867704
FCC,0.997984
FCC,0.89879
FCC,0.807128
FCC,1.588503
FCC,1.605915
FCC,1.014192
FCC,0.512726
FCC,1.311572
FCC,1.175144
FCC,1.336561
FCC,1.131121
FCC,1.395729
FCC,0.726756
FCC,1.445752
FCC,1.114969
FCC,1.195957
FCC,1.523407
FCC,1.57491
FCC,1.712502
FCC,1.556167
FCC,1.556487
FCC,1.30478
FCC,1.262712
FCC,1.246697
FCC,1.001917
FCC,0.96682
FCC,1.465166
FCC,0.848905
FCC,1.119329
FCC,0.89622
FCC,0.857306
FCC,0.803238
FCC,1.079232
FCC,0.667854
FCC,0.877765
FCC,0.807827
FCC,1.858174
FCC,0.884571
FCC,1.866593
FCC,0.770265
FCC,1.052859
FCC,0.978454
FCC,0.659661
FCC,1.560957
FCC,0.775589
FCC,0.823887
FCC,1.582675
FCC,1.179308
FCC,1.530092
FCC,1.326538
FCC,0.757265
FCC,1.424047
FCC,1.402298
FCC,1.420175
FCC,1.354375
FCC,1.655496
FCC,1.12343
FCC,1.288676
FCC,0.972219
FCC,1.215172
FCC,1.523367
FCC,1.422125
FCC,1.217771
FCC,1.424496
FCC,0.64579
FCC,1.6555
FCC,0.743043
FCC,1.309574
FCC,1.805513
FCC,1.459371
FCC,0.827216
FCC,1.453201
FCC,1.224021
FCC,1.564313
FCC,1.089067
FCC,0.903309
FCC,0.504711
FCC,0.742765
FCC,0.728115
FCC,0.990104
FCC,1.432082
FCC,1.445231
FCC,1.398558
FCC,1.5208
FCC,1.018779
FCC,0.96154
FCC,0.98439
FCC,0.979162
FCC,0.90112
FCC,2.197383
FCC,0.894617
FCC,1.770563
FCC,1.377379
FCC,1.376585
FCC,0.589517
FCC,2.099748
FCC,1.368112
FCC,0.386422
FCC,1.953802
FCC,0.545409
FCC,1.251947
FCC,1.680897
FCC,0.793656
FCC,1.541414
FCC,1.326791
FCC,1.443639
FCC,0.966526
FCC,0.590239
FCC,1.251349
FCC,1.153704
FCC,0.908124
FCC,0.586441
FCC,1.09764
FCC,2.051501
FCC,1.890447
FCC,0.508065
FCC,1.25278
FCC,1.479371
FCC,0.85806
FCC,1.59377
FCC,1.642404
FCC,0.990025
FCC,0.580216
FCC,0.790782
FCC,0.777105
FCC,2.344962
FCC,1.003358
FCC,0.709913
FCC,1.871401
FCC,0.747671
FCC,0.716965
FCC,0.355322
FCC,0.744376
FCC,0.627115
FCC,1.006481
FCC,1.754031
FCC,1.700727
FCC,0.906203
FCC,1.671647
FCC,1.093442
FCC,0.839532
FCC,1.396749
FCC,1.266608
FCC,0.290309
FCC,0.901025
FCC,1.745701
FCC,1.20583
FCC,1.278833
FCC,0.938923
FCC,1.870628
FCC,1.665402
FCC,1.252016
FCC,1.21052
FCC,0.299797
FCC,1.800031
FCC,1.34765
FCC,1.4408
FCC,1.11693
FCC,1.534954
FCC,0.425262
FCC,1.746914
FCC,0.488592
FCC,1.383758
FCC,1.220825
FCC,1.445247
FCC,0.552587
FCC,0.709694
FCC,0.381146
FCC,0.878349
FCC,0.994907
FCC,0.93486
FCC,0.712913
FCC,0.556516
FCC,1.02235
FCC,0.738551
FCC,0.570316
FCC,0.486023
FCC,0.445026
FCC,0.447889
FCC,0.582416
FCC,1.427955
FCC,1.165167
FCC,1.617179
FCC,0.483833
FCC,1.5402
FCC,1.777664
FCC,0.858752
FCC,0.683385
FCC,0.92326
FCC,0.786196
FCC,1.622451
FCC,0.568547
FCC,1.780346
FCC,0.914628
FCC,1.199286
FCC,0.791392
FCC,0.199577
FCC,0.859925
FCC,0.727883
FCC,0.54135
FCC,1.778474
FCC,0.936283
FCC,1.000988
FCC,1.515553
FCC,1.010831
FCC,1.819476
FCC,0.638951
FCC,0.452353
FCC,0.740863
FCC,1.247208
FCC,0.408157
FCC,0.556419
FCC,0.817879
FCC,0.660856
FCC,0.767927
FCC,0.738847
FCC,0.43619
FCC,1.700047
FCC,0.648897
FCC,0.247907
FCC,0.65796
FCC,0.733384
FCC,0.642314
FCC,0.502389
FCC,1.453704
FCC,1.006998
FCC,0.314556
FCC,1.390595
FCC,0.235597
FCC,0.573169
FCC,1.372862
FCC,0.654776
FCC,0.928432
FCC,1.184202
FCC,1.319831
FCC,1.306739
FCC,1.339144
FCC,0.709372
FCC,1.222363
FCC,0.477097
FCC,0.272127
FCC,0.55839
FCC,1.34341
FCC,0.685012
FCC,0.828162
FCC,0.301872
FCC,0.845645
FCC,1.36065
FCC,0.746277
FCC,0.623799
FCC,0.580151
FCC,0.740978
FCC,0.506688
FCC,0.684042
FCC,0.765965
FCC,0.691402
FCC,0.652779
FCC,0.386305
FCC,0.657089
FCC,1.058186
FCC,0.752135
FCC,0.463666
FCC,0.517223
FCC,0.371824
FCC,0.718924
FCC,0.686886
FCC,1.119836
FCC,0.459134
FCC,0.524955
FCC,0.503935
FCC,0.213644
FCC,1.047143
FCC,0.421659
FCC,0.645925
FCC,0.523254
FCC,1.674505
FCC,1.668544
FCC,0.847766
FCC,1.484254
FCC,0.794791
FCC,1.292449
FCC,0.502734
FCC,0.583031
FCC,1.094793
FCC,1.889053
FCC,1.662086
FCC,0.981287
FCC,1.13909
FCC,1.549458
FCC,1.441324
FCC,0.68941
FCC,2.151911
FCC,1.299655
FCC,1.519339
FCC,1.114527
FCC,0.771212
FCC,0.955601
FCC,1.699977
FCC,1.08969
FCC,1.27182
FCC,1.090917
FCC,1.275708
FCC,1.064252
FCC,0.801991
FCC,1.392258
FCC,0.721619
FCC,0.198047
FCC,1.52121
FCC,1.468935
FCC,1.561943
FCC,0.507285
FCC,1.127028
FCC,1.193123
FCC,0.571213
FCC,1.930832
FCC,0.221804
FCC,0.915255
FCC,0.922894
FCC,0.888392
FCC,1.202903
FCC,1.363634
FCC,0.930067
FCC,1.743415
FCC,1.083761
FCC,0.659525
FCC,0.69757
FCC,1.423219
FCC,0.771903
FCC,0.851628
FCC,0.558772
FCC,1.163965
FCC,1.748124
FCC,1.815351
FCC,1.994266
FCC,1.783116
FCC,0.305857
FCC,1.65724
FCC,1.865728
FCC,1.236991
FCC,0.627635
FCC,1.178515
FCC,1.200899
FCC,1.44416
FCC,1.475119
FCC,2.08432
FCC,0.930865
FCC,0.658601
FCC,0.29165
FCC,2.017175
FCC,0.84349
FCC,1.15447
FCC,1.279433
FCC,0.921921
FCC,0.688999
FCC,1.582174
FCC,0.415469
FCC,1.017922
FCC,0.78227
FCC,0.595054
FCC,0.746961
FCC,0.7537
FCC,0.813827
FCC,1.708032
FCC,0.914851
FCC,0.679036
FCC,1.170941
FCC,1.079981
FCC,0.877807
FCC,0.405103
FCC,0.748441
FCC,0.690576
FCC,1.440238
FCC,0.514629
FCC,1.550541
FCC,1.506482
FCC,1.329941
FCC,1.51704
FCC,1.932323
FCC,1.621308
FCC,1.515651
FCC,1.818755
FCC,1.251498
FCC,0.763796
FCC,0.792678
FCC,1.084866
FCC,1.471954
FCC,1.856618
FCC,1.669932
FCC,1.171784
FCC,1.600776
FCC,1.659942
FCC,1.300778
FCC,1.14192
FCC,0.888283
FCC,0.72059
FCC,1.130009
FCC,1.626566
FCC,1.674234
FCC,0.798886
FCC,1.710255
FCC,1.069592
FCC,0.834
FCC,0.659379
FCC,2.090517
FCC,0.798247
FCC,1.00212
FCC,1.241793
FCC,0.282654
FCC,1.845202
FCC,0.890273
FCC,1.184608
FCC,0.902216
FCC,1.734376
FCC,0.584121
FCC,0.616726
FCC,1.66026
FCC,1.926745
FCC,1.096821
FCC,1.432053
FCC,2.130944
FCC,1.67155
FCC,1.096481
FCC,1.516975
FCC,1.618504
FCC,1.245619
FCC,1.353858
FCC,1.8017
FCC,1.194107
FCC,1.307661
FCC,1.234834
FCC,0.583464
FCC,1.191355
FCC,1.172596
FCC,1.614181
FCC,1.129418
FCC,1.521162
FCC,0.844552
FCC,1.258411
FCC,1.548797
FCC,1.519492
FCC,1.262202
FCC,1.134544
FCC,0.639729
FCC,0.632329
FCC,0.230093
FCC,0.515516
FCC,0.87924
FCC,1.666283
FCC,0.867189
FCC,1.253832
FCC,1.244562
FCC,0.74899
FCC,0.90623
FCC,1.338852
FCC,0.791263
FCC,2.044163
FCC,0.658171
FCC,0.49425
FCC,1.085821
FCC,1.570849
FCC,1.590453
FCC,1.178174
FCC,1.121307
FCC,0.60791
FCC,1.035438
FCC,1.327615
FCC,0.736832
FCC,1.168011
FCC,0.859578
FCC,1.775992
FCC,0.901024
FCC,0.866382
FCC,1.540532
FCC,1.362362
FCC,1.260396
FCC,0.715489
FCC,0.490478
FCC,0.820408
FCC,1.240849
FCC,1.472865
FCC,1.564117
FCC,0.754499
FCC,1.014892
FCC,0.393956
FCC,1.610414
FCC,0.687968
FCC,0.747435
FCC,0.555088
FCC,0.450046
FCC,0.370464
FCC,1.026775
FCC,1.89486
FCC,0.993411
FCC,1.232489
FCC,1.180845
FCC,0.69275
FCC,0.651171
FCC,0.546359
FCC,0.563127
FCC,1.241797
FCC,1.057393
FCC,1.714165
FCC,1.683301
FCC,1.193873
FCC,1.751683
FCC,1.434572
FCC,1.702832
FCC,1.179677
FCC,0.4505
FCC,0.413727
FCC,0.567589
FCC,1.295358
FCC,1.597371
FCC,0.564583
FCC,1.479315
FCC,1.682258
FCC,1.152985
FCC,0.793566
FCC,1.296899
FCC,1.446397
FCC,1.550398
FCC,1.110283
FCC,1.855952
FCC,0.782474
FCC,1.176239
FCC,0.705263
FCC,0.57088
FCC,0.576707
FCC,0.586261
FCC,0.677879
FCC,0.641508
FCC,2.020605
FCC,1.679997
FCC,0.798433
FCC,0.582675
FCC,0.66702
FCC,0.392334
FCC,1.502258
FCC,0.427029
FCC,0.970888
FCC,0.433422
FCC,1.673684
FCC,1.702794
FCC,1.203824
FCC,0.871232
FCC,0.892309
FCC,0.222111
FCC,0.84823
FCC,1.547777
FCC,1.225636
FCC,1.453305
FCC,0.720523
FCC,1.793693
FCC,0.467849
FCC,0.581244
FCC,1.186494
FCC,1.969438
FCC,1.494132
FCC,0.271365
FCC,0.756624
FCC,0.957678
FCC,0.645583
FCC,2.215589
FCC,0.556546
FCC,2.048857
FCC,0.360148
FCC,0.788438
FCC,0.37361
FCC,0.478116
FCC,0.329185
FCC,0.630116
FCC,0.4768
FCC,0.62883
FCC,0.486918
FCC,0.603625
FCC,0.356061
FCC,0.187919
FCC,2.117534
FCC,0.935043
FCC,1.074311
FCC,1.034561
FCC,1.525538
FCC,0.302914
FCC,1.330832
FCC,1.555654
FCC,0.980017
FCC,1.222573
FCC,1.266492
FCC,0.967811
FCC,0.369303
FCC,1.082155
FCC,1.369797
FCC,1.69071
FCC,1.340678
FCC,0.847221
FCC,1.522968
FCC,1.453683
FCC,1.578874
FCC,1.098153
FCC,1.078048
FCC,1.346699
FCC,1.544541
FCC,0.888094
FCC,1.855136
FCC,1.445347
FCC,0.558766
FCC,0.057768
FCC,1.370197
FCC,1.02987
FCC,0.496065
FCC,0.917621
FCC,1.472994
FCC,0.385103
FCC,0.472698
FCC,2.184817
FCC,0.593414
FCC,0.86532
FCC,1.27038
FCC,0.668712
FCC,0.957827
FCC,1.155992
FCC,1.140656
FCC,1.379421
FCC,0.274252
FCC,1.088118
FCC,0.749767
FCC,1.550963
FCC,0.97674
FCC,1.329164
FCC,1.284915
FCC,0.877497
FCC,0.63449
FCC,2.142824
FCC,1.059957
FCC,1.24846
FCC,0.953469
FCC,1.187685
FCC,0.975298
FCC,1.134486
FCC,2.175201
FCC,1.243077
FCC,0.680164
FCC,1.291371
FCC,1.763856
FCC,0.873768
FCC,0.859176
FCC,1.542937
FCC,0.501114
FCC,0.843252
FCC,1.014649
FCC,2.165642
FCC,0.698015
FCC,1.551615
FCC,1.295279
FCC,0.865224
FCC,1.124299
FCC,0.918464
FCC,1.253811
FCC,0.996639
FCC,1.087374
FCC,1.010563
FCC,1.014087
FCC,0.729989
FCC,1.095052
FCC,1.010726
FCC,0.509561
FCC,1.11688
FCC,0.973782
FCC,0.884826
FCC,0.656168
FCC,0.718738
FCC,1.148034
FCC,0.89439
FCC,0.663957
FCC,1.231732
FCC,0.748803
FCC,1.960421
FCC,1.631712
FCC,1.080546
FCC,0.984616
FCC,1.002805
FCC,1.772244
FCC,0.80513
FCC,0.81614
FCC,1.583484
FCC,0.665212
FCC,0.723183
FCC,1.670787
FCC,1.000807
FCC,0.676971
FCC,1.275927
FCC,0.889222
FCC,0.951925
FCC,0.875958
FCC,1.202389
FCC,0.850383
FCC,0.865877
FCC,0.967363
FCC,1.211215
FCC,0.603644
FCC,1.405844
FCC,0.522777
FCC,0.698187
FCC,1.716333
FCC,1.079786
FCC,2.007219
FCC,2.294953
FCC,1.859031
FCC,1.174107
FCC,2.14292
FCC,0.57077
FCC,1.96123
FCC,1.50154
FCC,0.867209
FCC,1.513781
FCC,0.715298
FCC,0.994092
FCC,1.826164
FCC,1.464166
FCC,1.656956
FCC,1.13481
FCC,0.411792
FCC,0.929283
FCC,1.130213
FCC,1.677973
FCC,1.780594
FCC,0.873272
FCC,1.039865
FCC,0.963788
FCC,1.678122
FCC,0.730763
FCC,1.02458
FCC,1.501927
FCC,0.610005
FCC,0.521145
FCC,0.8476
FCC,0.962508
FCC,0.724925
FCC,0.744001
FCC,0.787092
FCC,1.23403
FCC,1.692232
FCC,1.531858
FCC,1.640855
FCC,1.400898
FCC,0.805599
FCC,0.700866
FCC,0.872522
FCC,0.173877
FCC,1.475012
FCC,0.681016
FCC,1.608396
FCC,1.746181
FCC,1.601893
FCC,1.094106
FCC,0.90221
FCC,0.870502
FCC,1.524739
FCC,1.347336
FCC,1.844742
FCC,1.163622
FCC,0.571827
FCC,1.222958
FCC,0.640863
FCC,1.068434
FCC,0.261872
FCC,1.254236
FCC,1.642009
FCC,1.112069
FCC,2.002674
FCC,0.758008
FCC,1.490797
FCC,1.12909
FCC,0.306031
FCC,1.54314
FCC,0.690337
FCC,0.944218
FCC,1.809293
FCC,1.897091
FCC,0.746224
FCC,2.019957
FCC,0.86977
FCC,0.669035
FCC,0.640864
FCC,0.486945
FCC,1.17547
FCC,1.291328
FCC,0.889454
FCC,1.357166
FCC,1.57948
FCC,0.80425
FCC,1.214424
FCC,0.458952
FCC,0.949065
FCC,0.857595
FCC,0.332835
FCC,0.76971
FCC,1.278767
FCC,1.703629
FCC,1.57655
FCC,1.731787
FCC,1.84978
FCC,1.869305
FCC,1.128637
FCC,1.04813
FCC,1.593898
FCC,0.725293
FCC,1.742273
FCC,1.538042
FCC,1.29226
FCC,1.218774
FCC,0.91173
FCC,1.802522
FCC,1.856287
FCC,1.591729
FCC,1.656342
FCC,1.014415
FCC,1.458505
FCC,0.976668
FCC,0.713322
FCC,0.782245
FCC,0.571783
FCC,1.16451
FCC,0.825281
FCC,0.412439
FCC,0.727791
FCC,0.792723
FCC,1.571709
FCC,1.499168
FCC,0.467141
FCC,1.790504
FCC,0.845888
FCC,0.593354
FCC,1.111252
FCC,0.979776
FCC,1.088419
FCC,1.849472
FCC,0.393509
FCC,1.322404
FCC,2.137867
FCC,0.332346
FCC,1.281177
FCC,0.636287
FCC,0.80892
FCC,0.614921
FCC,0.978484
FCC,1.762102
FCC,1.718642
FCC,0.616952
FCC,1.101029
FCC,1.267334
FCC,1.140193
FCC,0.480654
FCC,1.90586
FCC,0.240576
FCC,0.544025
FCC,2.000582
FCC,0.72703
FCC,0.848549
FCC,0.226509
FCC,0.992123
FCC,1.248521
FCC,1.850764
FCC,0.493054
FCC,0.535099
FCC,0.4804
FCC,0.417501
FCC,0.871259
FCC,0.498604
FCC,1.574392
FCC,0.435511
FCC,0.672881
FCC,0.728209
FCC,1.702181
FCC,0.406677
FCC,0.684162
FCC,0.462643
FCC,0.578121
FCC,0.699476
FCC,1.105814
FCC,0.803627
FCC,1.831198
FCC,1.37054
FCC,0.937999
FCC,1.829335
FCC,0.409681
FCC,1.466957
FCC,1.423704
FCC,1.766965
FCC,0.955052
FCC,1.002391
FCC,2.087328
FCC,1.533643
FCC,1.121768
FCC,0.56551
FCC,1.500811
FCC,0.979535
FCC,1.051368
FCC,1.467016
FCC,1.875839
FCC,0.637883
FCC,0.913255
FCC,0.888977
FCC,1.133086
FCC,1.39816
FCC,1.624676
FCC,0.961666
FCC,1.342275
FCC,0.940386
FCC,1.067021
FCC,1.053747
FCC,0.588277
FCC,0.82495
FCC,1.990755
FCC,1.828388
FCC,0.924107
FCC,1.003432
FCC,0.674583
FCC,0.914707
FCC,0.989037
FCC,0.699278
FCC,1.283791
FCC,1.002206
FCC,1.826539
FCC,2.024146
FCC,1.233735
FCC,1.473092
FCC,1.444461
FCC,1.692967
FCC,0.79428
FCC,1.139786
FCC,1.600466
FCC,0.738257
FCC,1.848153
FCC,1.30392
FCC,1.484281
FCC,2.091723
FCC,1.783181
FCC,1.287163
FCC,0.952977
FCC,1.487526
FCC,0.990063
FCC,1.109757
FCC,1.299812
FCC,1.805488
FCC,1.261085
FCC,1.066418
FCC,0.512888
FCC,0.984001
FCC,1.095847
FCC,0.869868
FCC,0.685674
FCC,0.665289
FCC,1.64131
FCC,0.981622
FCC,2.172801
FCC,0.688662
FCC,1.505505
FCC,1.333321
FCC,0.750612
FCC,0.940411
FCC,0.791225
FCC,1.867323
FCC,1.869626
FCC,0.720887
FCC,0.729928
FCC,1.332207
FCC,1.538083
FCC,0.654385
FCC,0.743711
FCC,1.34096
FCC,1.248678
FCC,0.270559
FCC,2.061217
FCC,0.727533
FCC,1.484093
FCC,0.598003
FCC,0.87475
FCC,1.055043
FCC,1.531009
FCC,1.568188
FCC,0.786918
FCC,1.761029
FCC,1.023508
FCC,0.808916
FCC,1.528203
FCC,1.151338
FCC,1.489637
FCC,0.703532
FCC,0.836309
FCC,0.99343
FCC,2.047279
FCC,1.676102
FCC,1.202479
FCC,1.551528
FCC,1.097033
FCC,2.190151
FCC,0.762413
FCC,0.71891
FCC,0.767863
FCC,1.621006
FCC,1.521812
FCC,1.247637
FCC,0.763513
FCC,0.717578
FCC,2.123855
FCC,0.830016
FCC,0.986721
FCC,1.454801
FCC,2.088252
FCC,1.687269
FCC,2.109163
FCC,0.615962
FCC,1.567341
FCC,1.648437
FCC,1.116617
FCC,0.740797
FCC,0.949443
FCC,2.149966
FCC,1.266645
FCC,1.767611
FCC,1.192489
FCC,0.69948
FCC,1.486271
FCC,1.796186
FCC,1.378967
FCC,1.474484
FCC,1.491739
FCC,0.655208
FCC,1.707358
FCC,0.930882
FCC,1.981338
FCC,1.649436
FCC,0.358369
FCC,0.392976
FCC,0.788059
FCC,0.415734
FCC,2.063356
FCC,1.767726
FCC,0.309749
FCC,1.042725
FCC,0.8343
FCC,0.774796
FCC,1.940449
FCC,1.81013
FCC,0.738389
FCC,2.053584
FCC,0.900832
FCC,1.337815
FCC,1.41434
FCC,1.125509
FCC,1.431236
FCC,1.61533
FCC,0.73
FCC,1.05787
FCC,1.018404
FCC,0.797875
FCC,1.289049
FCC,1.714179
FCC,1.825922
FCC,1.706482
FCC,0.990081
FCC,0.551657
FCC,1.510765
FCC,1.649422
FCC,0.924537
FCC,1.430328
FCC,0.727835
FCC,1.571042
FCC,1.755408
FCC,0.899826
FCC,1.019822
FCC,0.651532
FCC,0.997002
FCC,1.726445
FCC,1.51182
FCC,1.430848
FCC,0.788696
FCC,1.769668
FCC,0.590962
FCC,1.216783
FCC,1.507774
FCC,1.176638
FCC,1.156417
FCC,1.253703
FCC,1.270493
FCC,1.485402
FCC,0.353558
FCC,0.641974
FCC,1.191536
FCC,1.106046
FCC,0.669878
FCC,1.04551
FCC,1.620549
FCC,1.843944
FCC,1.521047
FCC,1.423684
FCC,1.485315
FCC,1.028723
FCC,1.49719
FCC,0.738844
FCC,1.068777
FCC,0.588228
FCC,1.623186
FCC,1.888637
FCC,0.749633
FCC,1.010852
FCC,2.086628
FCC,1.550954
FCC,0.824343
FCC,1.031683
FCC,1.47766
FCC,1.509304
FCC,1.085592
FCC,1.791298
FCC,1.336775
FCC,1.498485
FCC,1.425782
FCC,1.882675
FCC,1.383795
FCC,1.030586
FCC,1.048831
FCC,0.521549
FCC,0.955607
FCC,0.789632
FCC,1.212569
FCC,0.683405
FCC,0.829934
FCC,0.833436
FCC,1.422248
FCC,1.480362
FCC,1.51631
FCC,0.55262
FCC,1.774891
FCC,0.566794
FCC,1.239734
FCC,1.10176
FCC,0.619903
FCC,0.908303
FCC,1.137859
FCC,1.28331
FCC,0.486976
FCC,0.743205
FCC,0.32816
FCC,1.945271
FCC,2.022588
FCC,0.862009
FCC,0.514739
FCC,0.311221
FCC,1.027309
FCC,0.620045
FCC,1.793711
FCC,1.046162
FCC,0.50293
FCC,0.381098
FCC,0.695234
FCC,1.109593
FCC,0.397566
FCC,0.437005
FCC,0.629622
FCC,0.451355
FCC,1.071319
FCC,0.989083
FCC,0.461622
FCC,0.797298
FCC,0.719706
FCC,1.465412
FCC,0.848653
FCC,0.5994
FCC,1.288159
FCC,0.806387
FCC,0.758837
FCC,0.602831
FCC,1.542501
FCC,0.583677
FCC,0.362522
FCC,0.751779
FCC,0.871677
FCC,0.923679
FCC,0.435988
FCC,0.46771
FCC,0.987837
FCC,0.400178
FCC,0.387954
FCC,0.816754
FCC,0.700864
FCC,0.574429
FCC,0.599895
FCC,0.751731
FCC,1.236746
FCC,1.262092
FCC,1.436145
FCC,0.955846
FCC,1.270558
FCC,1.671797
FCC,0.483838
FCC,1.429107
FCC,0.822971
FCC,1.35631
FCC,1.381035
FCC,0.231314
FCC,1.709724
FCC,0.98386
FCC,0.940647
FCC,1.168284
FCC,1.042094
FCC,0.910755
FCC,1.500545
FCC,0.944189
FCC,1.983336
FCC,2.257582
FCC,1.084035
FCC,1.751068
FCC,0.18791
FCC,1.151352
FCC,1.304267
FCC,0.973576
FCC,1.834187
FCC,1.291351
FCC,1.645981
FCC,0.827404
FCC,0.431628
FCC,1.582069
FCC,1.040372
FCC,1.161658
FCC,0.892882
FCC,0.88092
FCC,0.501313
FCC,0.733146
FCC,0.44699
FCC,1.007518
FCC,1.636397
FCC,1.337845
FCC,0.773376
FCC,0.703954
FCC,1.306176
FCC,0.718704
FCC,0.982353
FCC,0.696537
FCC,1.280884
FCC,0.911113
FCC,1.927591
FCC,0.772837
FCC,0.397956
FCC,1.270228
FCC,0.962615
FCC,1.703414
FCC,0.942454
FCC,0.63957
FCC,1.794959
FCC,0.690904
FCC,1.912269
FCC,1.389346
FCC,1.735713
FCC,1.409726
FCC,1.449693
FCC,0.808611
FCC,1.151883
FCC,0.532591
FCC,1.282386
FCC,0.829777
FCC,0.844641
FCC,0.742176
FCC,1.900303
FCC,0.864914
FCC,0.729274
FCC,0.833494
FCC,0.823204
FCC,0.699566
FCC,1.946289
FCC,1.596255
FCC,1.80864
FCC,0.591438
FCC,1.874652
FCC,0.538712
FCC,1.417868
FCC,0.891282
FCC,0.524931
FCC,0.912815
FCC,0.939418
FCC,0.920506
FCC,1.483532
FCC,1.376169
FCC,1.40362
FCC,1.319786
FCC,1.109933
FCC,1.847122
FCC,1.030648
FCC,1.881097
FCC,1.339248
FCC,0.945798
FCC,1.529183
FCC,1.500554
FCC,0.259232
FCC,2.024751
FCC,1.286204
FCC,1.398197
FCC,0.78573
FCC,0.551489
FCC,1.350806
FCC,0.700709
FCC,1.694014
FCC,0.911701
FCC,1.823119
FCC,1.366922
FCC,1.202038
FCC,1.199224
FCC,1.933106
FCC,0.55041
FCC,1.467312
FCC,1.052967
FCC,1.668637
FCC,0.843564
FCC,0.822212
FCC,1.046021
FCC,1.358891
FCC,0.436106
FCC,1.268574
FCC,1.936119
FCC,1.284354
FCC,1.102729
FCC,0.755493
FCC,0.8648
FCC,2.216043
FCC,0.953724
FCC,1.102129
FCC,0.838299
FCC,0.831848
FCC,0.647021
FCC,0.921904
FCC,1.324156
FCC,0.201436
FCC,1.364862
FCC,1.337396
FCC,0.88009
FCC,0.759181
FCC,1.548199
FCC,1.576381
FCC,1.425843
FCC,0.527127
FCC,1.266886
FCC,1.435668
FCC,1.379091
FCC,1.748323
FCC,1.108535
FCC,1.696576
FCC,1.021811
FCC,1.803795
FCC,0.508749
FCC,0.682911
FCC,1.596574
FCC,1.147578
FCC,1.151368
FCC,1.157516
FCC,0.495134
FCC,1.739646
FCC,1.546519
FCC,0.757111
FCC,1.193308
FCC,1.010214
FCC,0.713277
FCC,1.943013
FCC,2.071907
FCC,0.864177
FCC,1.929862
FCC,1.639438
FCC,0.877014
FCC,0.837592
FCC,0.821662
FCC,1.563525
FCC,0.965629
FCC,1.785718
FCC,1.362764
FCC,1.572076
FCC,1.53814
FCC,1.893667
FCC,1.977058
FCC,1.994989
FCC,1.397824
FCC,1.152576
FCC,1.521253
FCC,1.681636
FCC,0.706628
FCC,1.358049
FCC,1.220499
FCC,0.573051
FCC,0.752056
FCC,1.844481
FCC,0.774343
FCC,1.411094
FCC,1.593444
FCC,2.068103
FCC,1.542706
FCC,1.130244
FCC,1.93078
FCC,0.750406
FCC,1.599358
FCC,1.488598
FCC,1.772765
FCC,1.924188
FCC,0.992382
FCC,0.808791
FCC,0.875302
FCC,1.238636
FCC,1.253894
FCC,1.278813
FCC,1.322572
FCC,1.063365
FCC,1.133713
FCC,1.403671
FCC,0.883424
FCC,1.282358
FCC,0.529771
FCC,2.115372
FCC,0.479797
FCC,1.982153
FCC,0.929871
FCC,1.281444
FCC,0.758694
FCC,1.407285
FCC,1.47206
FCC,1.16023
FCC,0.70372
FCC,1.173059
FCC,1.429584
FCC,0.758537
FCC,1.447925
FCC,1.30365
FCC,1.879859
FCC,1.059499
FCC,1.460636
FCC,1.283824
FCC,1.301844
FCC,0.844911
FCC,0.811645
FCC,1.217114
FCC,1.018489
FCC,0.783529
FCC,1.359714
FCC,1.389717
FCC,1.589802
FCC,0.794275
FCC,1.719001
FCC,1.661948
FCC,0.857915
FCC,0.950722
FCC,0.363694
FCC,0.77245
FCC,0.526994
FCC,1.814977
FCC,1.000958
FCC,0.571759
FCC,1.198563
FCC,0.486049
FCC,1.407448
FCC,0.799823
FCC,0.840506
FCC,0.811865
FCC,1.01011
FCC,0.338168
FCC,1.508099
FCC,0.440477
FCC,0.733834
FCC,0.771829
FCC,1.08046
FCC,1.146011
FCC,0.973567
FCC,0.810409
FCC,0.787017
FCC,1.066836
FCC,0.575116
FCC,1.61482
FCC,1.326812
FCC,1.124973
FCC,0.258836
FCC,0.563862
FCC,0.429051
FCC,0.547646
FCC,0.465055
FCC,0.449447
FCC,0.733911
FCC,0.577443
FCC,0.478234
FCC,0.452203
FCC,0.740718
FCC,0.766377
FCC,1.02191
FCC,0.599164
FCC,0.408613
FCC,0.181776
FCC,1.158495
FCC,1.299749
FCC,1.975634
FCC,2.127143
FCC,1.613165
FCC,0.781736
FCC,0.549929
FCC,1.387658
FCC,1.056452
FCC,0.374412
FCC,1.009641
FCC,0.97907
FCC,1.168884
FCC,1.699554
FCC,0.884336
FCC,1.281938
FCC,0.826404
FCC,0.515371
FCC,0.763043
FCC,1.385414
FCC,0.92269
FCC,1.579525
FCC,1.60129
FCC,0.957351
FCC,1.816344
FCC,0.915111
FCC,0.860042
FCC,1.05776
FCC,1.639136
FCC,0.610154
FCC,0.999396
FCC,0.842778
FCC,1.078118
FCC,1.783314
FCC,0.245545
FCC,2.156817
FCC,1.01318
FCC,0.857686
FCC,1.024265
FCC,1.317721
FCC,0.87108
FCC,0.901398
FCC,1.873989
FCC,1.723139
FCC,1.654936
FCC,0.479943
FCC,0.873115
FCC,1.947958
FCC,1.170749
FCC,1.601373
FCC,1.297404
FCC,1.219031
FCC,1.57587
FCC,1.026657
FCC,0.781985
FCC,1.627929
FCC,1.966406
FCC,0.889264
FCC,1.465868
FCC,1.239312
FCC,1.150856
FCC,1.348031
FCC,1.806362
FCC,1.343434
FCC,0.978422
FCC,1.997871
FCC,0.767907
FCC,1.580739
FCC,1.562785
FCC,1.443477
FCC,0.794968
FCC,0.643267
FCC,1.659676
FCC,1.688287
FCC,1.008507
FCC,0.767738
FCC,0.381251
FCC,1.829937
FCC,1.517476
FCC,0.459639
FCC,1.125199
FCC,0.953406
FCC,0.555217
FCC,1.375949
FCC,0.805045
FCC,1.053992
FCC,0.982671
FCC,0.758338
FCC,1.899227
FCC,0.556585
FCC,0.888519
FCC,0.584029
FCC,0.614815
FCC,1.985313
FCC,1.537037
FCC,1.855719
FCC,0.806558
FCC,0.866687
FCC,1.092912
FCC,1.362712
FCC,1.703934
FCC,0.998896
FCC,1.503388
FCC,1.567821
FCC,1.553193
FCC,1.291893
FCC,1.615271
FCC,1.481354
FCC,1.873012
FCC,1.676425
FCC,1.227338
FCC,1.059793
FCC,1.010653
FCC,1.530855
FCC,0.987083
FCC,0.890563
FCC,1.033359
FCC,0.847343
FCC,1.763818
FCC,1.035371
FCC,0.585399
FCC,1.357866
FCC,0.652745
FCC,0.87811
FCC,1.035698
FCC,0.855443
FCC,2.017479
FCC,1.799457
FCC,0.582969
FCC,1.652383
FCC,0.838684
FCC,0.64704
FCC,1.649769
FCC,1.538295
FCC,0.849823
FCC,1.42537
FCC,1.224276
FCC,1.881613
FCC,1.742954
FCC,0.860793
FCC,1.924029
FCC,1.139507
FCC,1.668688
FCC,0.965656
FCC,0.471164
FCC,1.805251
FCC,1.044373
FCC,0.710232
FCC,1.449656
FCC,0.328881
FCC,1.315319
FCC,1.505517
FCC,1.718826
FCC,0.468299
FCC,1.415584
FCC,1.604859
FCC,1.812477
FCC,0.385798
FCC,1.398181
FCC,0.605687
FCC,0.712747
FCC,1.401874
FCC,1.822993
FCC,2.093033
FCC,0.913698
FCC,1.324754
FCC,1.654711
FCC,1.73629
FCC,1.433777
FCC,1.543177
FCC,1.250014
FCC,0.563492
FCC,1.502661
FCC,1.074003
FCC,2.121596
FCC,1.052806
FCC,1.327655
FCC,1.056856
FCC,1.434528
FCC,0.733314
FCC,0.155481
FCC,1.607625
FCC,0.621847
FCC,1.629748
FCC,1.306575
FCC,1.386358
FCC,0.701074
FCC,1.292361
FCC,0.535723
FCC,1.989657
FCC,1.154939
FCC,1.276069
FCC,0.642326
FCC,0.998118
FCC,0.874685
FCC,0.576222
FCC,1.497904
FCC,1.476592
FCC,1.687117
FCC,1.162161
FCC,0.995784
FCC,1.688316
FCC,0.726088
FCC,0.646794
FCC,0.968182
FCC,1.209516
FCC,0.538451
FCC,1.056542
FCC,0.852765
FCC,1.066204
FCC,0.771
FCC,1.195535
FCC,1.068941
FCC,1.979609
FCC,1.359073
FCC,1.211377
FCC,0.61619
FCC,0.827565
FCC,2.187063
FCC,1.272135
FCC,0.788278
FCC,1.704455
FCC,1.263797
FCC,0.63442
FCC,0.867083
FCC,0.96418
FCC,0.721375
FCC,1.929322
FCC,1.906271
FCC,1.905888
FCC,1.385418
FCC,1.046497
FCC,0.483456
FCC,0.971569
FCC,0.974328
FCC,0.997812
FCC,0.336452
FCC,0.988384
FCC,0.630121
FCC,0.870039
FCC,0.943888
FCC,0.704517
FCC,0.991399
FCC,1.091513
FCC,0.157001
FCC,1.075731
FCC,1.676628
FCC,1.141266
FCC,1.638205
FCC,0.78596
FCC,0.931439
FCC,1.609472
FCC,0.771976
FCC,0.494934
FCC,1.998819
FCC,0.615417
FCC,1.040278
FCC,1.526852
FCC,0.706669
FCC,0.856557
FCC,1.232825
FCC,0.655071
FCC,0.86856
FCC,1.278655
FCC,0.816245
FCC,1.642826
FCC,1.192141
FCC,0.483696
FCC,0.860123
FCC,0.790421
FCC,0.724371
FCC,1.616708
FCC,0.74379
FCC,0.296331
FCC,0.648955
FCC,1.09779
FCC,1.147406
FCC,0.671413
FCC,1.057895
FCC,1.336548
FCC,1.831682
FCC,1.399492
FCC,1.162695
FCC,0.396565
FCC,0.735169
FCC,1.026492
FCC,0.718153
FCC,0.505834
FCC,0.98059
FCC,0.627154
FCC,0.630157
FCC,0.5124
FCC,0.654765
FCC,0.970639
FCC,0.500038
FCC,0.779107
FCC,0.504578
FCC,0.719684
FCC,0.772671
FCC,0.550876
FCC,0.498686
FCC,1.478386
FCC,0.598096
FCC,0.998097
FCC,0.573171
FCC,0.686489
FCC,0.84677
FCC,0.64465
FCC,0.734492
FCC,1.784613
FCC,0.792506
FCC,1.443257
FCC,0.386624
FCC,0.819218
FCC,1.153079
FCC,1.958861
FCC,1.396523
FCC,1.215745
FCC,0.518015
FCC,0.599675
FCC,1.017271
FCC,0.741751
FCC,1.189054
FCC,1.05054
FCC,1.530756
FCC,0.737463
FCC,0.684341
FCC,1.94104
FCC,0.694098
FCC,1.193228
FCC,0.846364
FCC,1.110482
FCC,0.962333
FCC,1.392037
FCC,0.844153
FCC,1.06623
FCC,0.815305
FCC,1.344365
FCC,1.019706
FCC,0.71691
FCC,1.782475
FCC,1.611447
FCC,0.785643
FCC,1.007114
FCC,1.006125
FCC,0.726064
FCC,0.688251
FCC,0.936069
FCC,0.949154
FCC,1.254952
FCC,1.293422
FCC,1.452213
FCC,0.607958
FCC,0.542796
FCC,1.70044
FCC,1.941449
FCC,0.621682
FCC,1.296179
FCC,0.738475
FCC,1.371191
FCC,1.374221
FCC,0.909944
FCC,1.039273
FCC,1.372425
FCC,0.403033
FCC,1.14599
FCC,1.476936
FCC,0.712517
FCC,0.73163
FCC,0.716254
FCC,1.43245
FCC,0.874892
FCC,1.033265
FCC,1.412999
FCC,1.308218
FCC,1.39422
FCC,0.908516
FCC,0.653614
FCC,1.479275
FCC,1.890946
FCC,0.821373
FCC,0.763392
FCC,0.389445
FCC,0.811904
FCC,0.793181
FCC,0.786219
FCC,0.53489
FCC,1.074929
FCC,0.98673
FCC,1.887381
FCC,1.272794
FCC,1.177239
FCC,1.177362
FCC,1.883555
FCC,1.35587
FCC,0.782937
FCC,1.435136
FCC,0.369806
FCC,1.178107
FCC,0.888079
FCC,1.7549
FCC,1.221519
FCC,0.775645
FCC,1.007937
FCC,1.00505
FCC,1.347146
FCC,1.421144
FCC,1.008478
FCC,0.840723
FCC,2.009779
FCC,0.780901
FCC,1.869341
FCC,1.216654
FCC,1.873775
FCC,1.694676
FCC,1.553934
FCC,0.783231
FCC,0.664126
FCC,0.497574
FCC,2.117978
FCC,2.039956
FCC,0.743496
FCC,1.012513
FCC,0.378607
FCC,0.646254
FCC,2.027604
FCC,1.07486
FCC,1.046203
FCC,0.835973
FCC,1.52679
FCC,1.754114
FCC,1.81512
FCC,0.499788
FCC,0.525237
FCC,1.130833
FCC,1.49689
FCC,1.185305
FCC,1.526543
FCC,1.25962
FCC,0.990606
FCC,1.652617
FCC,0.671834
FCC,0.685369
FCC,1.142236
FCC,1.56793
FCC,1.010971
FCC,1.652442
FCC,1.129657
FCC,0.697103
FCC,1.437282
FCC,0.620344
FCC,1.473902
FCC,1.367633
FCC,1.256124
FCC,1.458865
FCC,1.550132
FCC,0.814101
FCC,0.882407
FCC,1.002455
FCC,1.011921
FCC,0.91175
FCC,1.693162
FCC,0.771443
FCC,1.853758
FCC,0.577778
FCC,1.841726
FCC,1.906592
FCC,1.372478
FCC,1.536561
FCC,2.003078
FCC,0.622767
FCC,1.97832
FCC,0.817459
FCC,0.999632
FCC,1.65855
FCC,1.205959
FCC,1.746353
FCC,1.341446
FCC,1.456556
FCC,1.815575
FCC,2.099139
FCC,0.894894
FCC,0.342794
FCC,1.932205
FCC,1.321031
FCC,0.806607
FCC,0.788883
FCC,1.413446
FCC,1.866153
FCC,0.881292
FCC,0.453365
FCC,1.080403
FCC,0.751312
FCC,0.653057
FCC,1.478758
FCC,0.768389
FCC,1.624213
FCC,0.550249
FCC,0.831303
FCC,1.146219
FCC,1.363174
FCC,0.863647
FCC,0.663348
FCC,1.670875
FCC,0.918695
FCC,0.772067
FCC,1.157443
FCC,1.338829
FCC,0.339292
FCC,1.226481
FCC,0.955499
FCC,1.134147
FCC,1.302303
FCC,0.470705
FCC,1.595451
FCC,0.753644
FCC,1.480839
FCC,0.739967
FCC,0.551498
FCC,0.99333
FCC,1.359011
FCC,0.724759
FCC,1.316214
FCC,0.469967
FCC,0.448393
FCC,1.020029
FCC,1.626328
FCC,0.531327
FCC,0.666461
FCC,0.942543
FCC,1.29462
FCC,1.802917
FCC,1.133151
FCC,1.496734
FCC,0.357192
FCC,0.97969
FCC,0.526279
FCC,0.698685
FCC,0.432383
FCC,1.415752
FCC,0.925997
FCC,0.710174
FCC,0.881107
FCC,1.887602
FCC,0.856111
FCC,0.381698
FCC,0.378356
FCC,0.879667
FCC,0.72165
FCC,0.863851
FCC,1.142773
FCC,0.671751
FCC,0.532873
FCC,0.616536
FCC,0.667117
FCC,0.856686
FCC,1.016817
FCC,0.588896
FCC,1.582038
FCC,2.177235
FCC,1.126912
FCC,2.108581
FCC,0.788897
FCC,1.8213
FCC,0.657637
FCC,0.952452
FCC,1.01937
FCC,0.846158
FCC,0.757853
FCC,0.763337
FCC,1.441502
FCC,0.655291
FCC,0.489103
FCC,0.834627
FCC,0.456585
FCC,1.863924
FCC,0.84951
FCC,0.447031
FCC,0.580666
FCC,0.643979
FCC,1.012319
FCC,0.795711
FCC,1.020044
FCC,0.558506
FCC,1.243206
FCC,0.695637
FCC,1.251334
FCC,0.64339
FCC,0.40341
FCC,0.699932
FCC,0.63583
FCC,0.382454
FCC,0.43606
FCC,0.642446
FCC,0.753746
FCC,0.455275
FCC,0.766888
FCC,2.112118
FCC,1.441282
FCC,0.576995
FCC,0.885005
FCC,0.82189
FCC,0.631594
FCC,1.377461
FCC,1.125821
FCC,0.868454
FCC,1.004388
FCC,0.257909
FCC,1.184127
FCC,0.62083
FCC,0.936791
FCC,0.517955
FCC,0.630421
FCC,1.944809
FCC,0.871854
FCC,0.898989
FCC,1.250186
FCC,1.57598
FCC,1.403368
FCC,1.623462
FCC,0.65438
FCC,1.121225
FCC,1.029041
FCC,1.531625
FCC,1.97974
FCC,1.475207
FCC,2.087313
FCC,1.63936
FCC,1.086625
FCC,0.805979
FCC,0.780849
FCC,1.119844
FCC,1.994269
FCC,2.004905
FCC,1.916698
FCC,1.496449
FCC,2.051663
FCC,1.021096
FCC,1.806913
FCC,1.860803
FCC,1.00956
FCC,1.674266
FCC,0.761373
FCC,0.835027
FCC,0.692255
FCC,1.262961
FCC,0.839041
FCC,0.689533
FCC,1.696274
FCC,0.839604
FCC,0.704361
FCC,1.174204
FCC,0.776651
FCC,1.451371
FCC,1.185065
FCC,1.546465
FCC,1.065752
FCC,1.177072
FCC,0.75749
FCC,0.864765
FCC,1.902561
FCC,1.407097
FCC,1.002421
FCC,1.824843
FCC,0.313578
FCC,0.516076
FCC,1.401685
FCC,1.288805
FCC,0.677416
FCC,0.732829
FCC,1.456859
FCC,1.960845
FCC,0.799134
FCC,0.58085
FCC,1.422661
FCC,0.75827
FCC,0.552852
FCC,1.166368
FCC,0.511401
FCC,0.642648
FCC,0.876307
FCC,1.740442
FCC,1.079832
FCC,0.467311
FCC,2.174086
FCC,0.706731
FCC,0.233358
FCC,1.052526
FCC,0.461798
FCC,0.768064
FCC,0.664786
FCC,1.506949
FCC,1.767452
FCC,1.318325
FCC,1.211241
FCC,1.839493
FCC,1.36574
FCC,1.642709
FCC,1.66291
FCC,1.639009
FCC,1.711021
FCC,1.468744
FCC,1.343075
FCC,1.375593
FCC,1.65592
FCC,1.813703
FCC,0.854585
FCC,1.572345
FCC,1.558816
FCC,1.042972
FCC,1.555769
FCC,1.672044
FCC,1.043361
FCC,1.221704
FCC,1.357388
FCC,0.825391
FCC,1.292242
FCC,1.054569
FCC,1.437881
FCC,0.644378
FCC,0.691044
FCC,0.683182
FCC,0.915216
FCC,0.843658
FCC,2.21978
FCC,0.657699
FCC,1.295113
FCC,1.326263
FCC,1.489933
FCC,1.514632
FCC,0.529195
FCC,0.630475
FCC,1.472179
FCC,1.444507
FCC,1.44496
FCC,1.579563
FCC,1.370505
FCC,1.368429
FCC,1.201908
FCC,1.37633
FCC,1.966976
FCC,1.567653
FCC,1.356609
FCC,1.930588
FCC,1.34758
FCC,1.963093
FCC,0.942902
FCC,1.796893
FCC,1.338012
FCC,1.491644
FCC,1.034177
FCC,2.038235
FCC,0.921603
FCC,0.740693
FCC,1.083599
FCC,1.155169
FCC,0.999191
FCC,1.778642
FCC,1.554102
FCC,0.843401
FCC,0.549969
FCC,1.01647
FCC,0.836777
FCC,0.339048
FCC,0.704922
FCC,0.825216
FCC,2.143092
FCC,0.725186
FCC,1.035728
FCC,1.367799
FCC,2.041275
FCC,0.926849
FCC,0.72875
FCC,0.706108
FCC,1.602567
FCC,0.897461
FCC,0.935978
FCC,1.55624
FCC,0.643784
FCC,1.655908
FCC,1.553192
FCC,1.490307
FCC,0.440135
FCC,1.700247
FCC,1.012672
FCC,1.339464
FCC,0.66382
FCC,1.90423
FCC,1.442838
FCC,1.282022
FCC,1.806424
FCC,0.853662
FCC,1.763535
FCC,0.420334
FCC,1.966743
FCC,1.463601
FCC,1.813668
FCC,1.21916
FCC,1.207451
FCC,1.39402
FCC,1.478436
FCC,1.14074
FCC,0.756684
FCC,1.523815
FCC,1.663999
FCC,0.703797
FCC,0.631322
FCC,1.289997
FCC,0.817532
FCC,0.652366
FCC,0.971462
FCC,0.85115
FCC,0.537094
FCC,1.43009
FCC,1.097767
FCC,0.663049
FCC,0.539131
FCC,1.670559
FCC,1.042635
FCC,1.005779
FCC,1.285974
FCC,0.66445
FCC,0.801451
FCC,1.509557
FCC,1.706332
FCC,1.029974
FCC,0.976808
FCC,1.471652
FCC,0.437407
FCC,0.668661
FCC,1.364761
FCC,0.704563
FCC,1.498802
FCC,1.333879
FCC,1.045826
FCC,0.954113
FCC,1.419159
FCC,0.936138
FCC,1.024622
FCC,0.666366
FCC,1.144349
FCC,1.062039
FCC,1.067052
FCC,1.083915
FCC,0.808069
FCC,1.637231
FCC,0.388167
FCC,0.556667
FCC,1.753065
FCC,0.645338
FCC,0.632367
FCC,1.081634
FCC,0.271996
FCC,0.788462
FCC,1.079515
FCC,0.992745
FCC,0.88406
FCC,1.700525
FCC,1.04295
FCC,0.882573
FCC,0.939779
FCC,0.68308
FCC,1.694479
FCC,0.803303
FCC,1.026148
FCC,1.418151
FCC,1.044761
FCC,1.676175
FCC,1.603001
FCC,1.263021
FCC,1.066846
FCC,0.457622
FCC,0.303174
FCC,0.716755
FCC,0.544693
FCC,1.78553
FCC,1.335368
FCC,1.813677
FCC,0.657791
FCC,1.263492
FCC,1.174706
FCC,0.263612
FCC,0.993565
FCC,0.763364
FCC,0.831929
FCC,1.959535
FCC,0.303345
FCC,1.711116
FCC,1.640452
FCC,1.269469
FCC,1.587411
FCC,0.752357
FCC,0.968028
FCC,0.764224
FCC,1.058643
FCC,0.535457
FCC,0.581364
FCC,1.406254
FCC,0.891933
FCC,0.791125
FCC,1.005166
FCC,0.825112
FCC,0.574727
FCC,0.777689
FCC,0.565898
FCC,0.546233
FCC,0.492263
FCC,0.707335
FCC,0.619414
FCC,0.453485
FCC,0.636487
FCC,0.529766
FCC,0.617084
FCC,0.945167
FCC,1.343252
FCC,0.257209
FCC,0.557591
FCC,0.895156
FCC,0.638399
FCC,0.974598
FCC,0.612709
FCC,0.861012
FCC,0.710417
FCC,1.248478
FCC,0.663708
FCC,0.814421
FCC,0.533672
FCC,0.838404
FCC,0.969381
FCC,0.913668
FCC,1.091708
FCC,1.285358
FCC,0.882349
FCC,2.035243
FCC,1.491913
FCC,1.141678
FCC,0.920511
FCC,0.587546
FCC,0.931147
FCC,0.955445
FCC,0.851134
FCC,0.842272
FCC,0.766092
FCC,0.172819
FCC,1.323303
FCC,1.126333
FCC,0.926051
FCC,1.142721
FCC,1.142482
FCC,1.610364
FCC,1.552497
FCC,0.768763
FCC,0.726729
FCC,1.697091
FCC,1.05219
FCC,0.690702
FCC,1.865837
FCC,1.021582
FCC,1.144761
FCC,0.745442
FCC,0.891721
FCC,2.034652
FCC,1.241524
FCC,0.873487
FCC,1.16674
FCC,1.553556
FCC,0.409615
FCC,1.375094
FCC,1.17614
FCC,1.882755
FCC,0.699502
FCC,0.773978
FCC,1.020197
FCC,1.460502
FCC,1.686103
FCC,1.172819
FCC,1.720472
FCC,1.870076
FCC,1.835778
FCC,1.042191
FCC,1.176819
FCC,1.604758
FCC,1.00548
FCC,1.285964
FCC,1.253271
FCC,0.881148
FCC,1.986775
FCC,0.78297
FCC,1.841903
FCC,0.588999
FCC,0.995379
FCC,0.776904
FCC,0.960054
FCC,0.763961
FCC,0.596249
FCC,1.34434
FCC,0.61781
FCC,1.902422
FCC,0.897899
FCC,0.485824
FCC,0.590655
FCC,0.721746
FCC,1.182134
FCC,1.154791
FCC,1.499823
FCC,1.074382
FCC,1.182431
FCC,1.054872
FCC,0.64796
FCC,1.1183
FCC,1.535526
FCC,0.742535
FCC,0.321288
FCC,0.594621
FCC,1.504538
FCC,1.509637
FCC,1.645631
FCC,2.282142
FCC,0.610328
FCC,1.809783
FCC,0.308965
FCC,1.644267
FCC,1.742144
FCC,1.86629
FCC,1.470507
FCC,2.011897
FCC,1.191571
FCC,2.070112
FCC,0.681634
FCC,1.11036
FCC,1.846777
FCC,1.580135
FCC,0.407417
FCC,0.576384
FCC,0.470486
FCC,0.694339
FCC,0.999089
FCC,0.800221
FCC,1.696059
FCC,0.983846
FCC,1.527589
FCC,1.730073
FCC,0.628634
FCC,0.517068
FCC,0.646866
FCC,0.83992
FCC,0.45216
FCC,1.310843
FCC,1.96186
FCC,1.716654
FCC,1.900848
FCC,0.686363
FCC,0.924013
FCC,1.658841
FCC,0.701626
FCC,1.452212
FCC,1.464699
FCC,0.706897
FCC,2.038892
FCC,1.483929
FCC,0.61755
FCC,1.404665
FCC,1.433012
FCC,1.188834
FCC,1.05077
FCC,1.54497
FCC,1.56718
FCC,1.477572
FCC,0.873853
FCC,1.250353
FCC,0.364129
FCC,0.6165
FCC,0.856037
FCC,1.151705
FCC,1.652237
FCC,0.829144
FCC,1.993427
FCC,0.746443
FCC,0.507701
FCC,0.990679
FCC,0.558165
FCC,0.547328
FCC,0.447783
FCC,1.645449
FCC,1.934902
FCC,1.081529
FCC,1.589113
FCC,1.058499
FCC,1.749398
FCC,0.653316
FCC,1.089106
FCC,1.722424
FCC,0.695907
FCC,1.057391
FCC,0.947682
FCC,1.619564
FCC,1.7137
FCC,0.69039
FCC,1.611889
FCC,0.639295
FCC,1.278294
FCC,1.113041
FCC,0.571128
FCC,1.544122
FCC,0.666872
FCC,1.175874
FCC,1.245824
FCC,1.865443
FCC,1.550974
FCC,0.340099
FCC,0.727322
FCC,1.165801
FCC,2.105738
FCC,1.066749
FCC,0.968166
FCC,1.393207
FCC,1.358367
FCC,0.583435
FCC,2.174846
FCC,1.49617
FCC,0.747056
FCC,0.854835
FCC,0.69607
FCC,0.837375
FCC,0.590275
FCC,0.452908
FCC,0.755134
FCC,0.57531
FCC,1.2587
FCC,0.925725
FCC,1.344588
FCC,2.079859
FCC,0.39759
FCC,0.450711
FCC,0.422855
FCC,0.370709
FCC,2.048096
FCC,2.196275
FCC,0.358889
FCC,0.971529
FCC,1.735341
FCC,0.485589
FCC,1.236955
FCC,1.474
FCC,1.610427
FCC,0.760195
FCC,1.03496
FCC,1.385938
FCC,0.590915
FCC,1.404178
FCC,1.57049
FCC,1.186003
FCC,1.089398
FCC,1.191885
FCC,1.596438
FCC,0.566576
FCC,1.59298
FCC,2.011835
FCC,0.923771
FCC,1.57685
FCC,1.483132
FCC,0.796592
FCC,1.540445
FCC,1.311691
FCC,1.51793
FCC,0.579373
FCC,0.895305
FCC,0.905484
FCC,0.841151
FCC,0.779907
FCC,0.385194
FCC,1.636007
FCC,1.112877
FCC,0.468923
FCC,1.889186
FCC,0.659833
FCC,0.388849
FCC,0.730112
FCC,1.036268
FCC,0.303212
FCC,0.385269
FCC,0.466529
FCC,0.941218
FCC,0.717842
FCC,1.152733
FCC,0.348607
FCC,1.11708
FCC,0.657434
FCC,1.854614
FCC,0.764574
FCC,0.390097
FCC,0.289369
FCC,0.7262
FCC,0.199724
FCC,0.89763
FCC,0.995794
FCC,0.451641
FCC,0.726663
FCC,1.574618
FCC,0.601871
FCC,0.757692
FCC,0.565541
FCC,1.452471
FCC,0.718647
FCC,0.69993
FCC,1.061592
FCC,1.461373
FCC,1.00938
FCC,0.685299
FCC,0.595753
FCC,1.012424
FCC,0.622379
FCC,1.302895
FCC,0.639119
FCC,0.646125
FCC,0.663953
FCC,0.621585
FCC,0.531448
FCC,1.710874
FCC,0.354345
FCC,0.72924
FCC,0.653083
FCC,1.094558
FCC,0.741697
FCC,1.112347
FCC,1.115172
FCC,1.66478
FCC,0.804941
FCC,0.947251
FCC,0.651969
FCC,0.722395
FCC,0.745159
FCC,0.57677
FCC,0.794574
FCC,0.956992
FCC,1.214995
FCC,0.767317
FCC,0.421409
FCC,2.035402
FCC,1.398141
FCC,0.736612
FCC,0.93813
FCC,0.698619
FCC,1.334144
FCC,0.55941
FCC,1.03124
FCC,1.079253
FCC,1.897734
FCC,1.063797
FCC,1.109198
FCC,1.219957
FCC,0.992643
FCC,1.371964
FCC,1.023459
FCC,0.928797
FCC,1.052591
FCC,0.964407
FCC,1.733216
FCC,0.611487
FCC,1.084723
FCC,0.48599
FCC,1.905185
FCC,0.929835
FCC,1.073448
FCC,0.558604
FCC,0.890543
FCC,0.692885
FCC,1.152749
FCC,1.049711
FCC,1.2689
FCC,1.776698
FCC,0.616836
FCC,1.166027
FCC,1.64122
FCC,1.173394
FCC,0.664634
FCC,0.89956
FCC,0.43994
FCC,0.943774
FCC,1.185263
FCC,1.736696
FCC,1.688401
FCC,1.534418
FCC,1.260118
FCC,1.161337
FCC,1.042375
FCC,0.718171
FCC,0.871017
FCC,1.872566
FCC,1.390372
FCC,1.161899
FCC,0.784701
FCC,1.384937
FCC,0.990114
FCC,1.04343
FCC,0.678237
FCC,0.689002
FCC,1.857112
FCC,0.746866
FCC,0.71151
FCC,0.636813
FCC,0.902838
FCC,0.607934
FCC,0.476406
FCC,0.987401
FCC,1.590487
FCC,0.370289
FCC,0.88782
FCC,1.079606
FCC,1.292234
FCC,1.38873
FCC,1.848078
FCC,1.106521
FCC,0.800068
FCC,1.810634
FCC,1.131593
FCC,0.651523
FCC,0.908424
FCC,1.305796
FCC,1.706148
FCC,1.999756
FCC,1.022584
FCC,0.495385
FCC,1.622318
FCC,0.993314
FCC,0.63164
FCC,0.837342
FCC,1.468159
FCC,1.007197
FCC,1.370856
FCC,0.832427
FCC,1.454258
FCC,1.083837
FCC,0.826384
FCC,1.287916
FCC,0.52025
FCC,1.05841
FCC,0.692072
FCC,0.532966
FCC,1.033908
FCC,1.424921
FCC,1.32236
FCC,1.550636
FCC,1.036171
FCC,1.241323
FCC,1.233791
FCC,0.775084
FCC,1.462923
FCC,0.876344
FCC,1.138258
FCC,1.745542
FCC,1.607438
FCC,0.915099
FCC,0.472954
FCC,1.959753
FCC,1.204004
FCC,1.685271
FCC,1.440711
FCC,1.622038
FCC,0.822791
FCC,2.037544
FCC,0.90402
FCC,0.986715
FCC,0.696179
FCC,1.188541
FCC,1.024511
FCC,1.55694
FCC,0.713726
FCC,1.376197
FCC,0.53517
FCC,1.718193
FCC,1.079382
FCC,1.119648
FCC,0.846829
FCC,0.535701
FCC,0.719501
FCC,1.368813
FCC,0.814881
FCC,0.941155
FCC,0.424282
FCC,0.881421
FCC,0.594126
FCC,0.608376
FCC,0.700873
FCC,0.640901
FCC,0.527718
FCC,0.65182
FCC,0.632763
FCC,1.316762
FCC,0.718346
FCC,0.839192
FCC,0.590304
FCC,1.0073
FCC,1.028502
FCC,1.733037
FCC,0.839358
FCC,1.382595
FCC,2.047491
FCC,1.059413
FCC,1.636107
FCC,0.780457
FCC,1.741147
FCC,1.392202
FCC,1.431967
FCC,0.130833
FCC,1.347083
FCC,1.800664
FCC,1.119162
FCC,1.14841
FCC,2.047421
FCC,0.408293
FCC,1.722022
FCC,1.375996
FCC,1.62123
FCC,1.253343
FCC,0.575441
FCC,0.605062
FCC,0.946145
FCC,0.716909
FCC,1.738024
FCC,0.581673
FCC,1.249613
FCC,0.617524
FCC,0.459425
FCC,2.093146
FCC,0.343938
FCC,0.349709
FCC,0.912471
FCC,0.78268
FCC,0.864786
FCC,2.159076
FCC,1.208385
FCC,0.743397
FCC,1.495452
FCC,0.753814
FCC,0.738714
FCC,0.595501
FCC,1.637273
FCC,1.989719
FCC,0.567135
FCC,0.792636
FCC,0.611178
FCC,1.059324
FCC,1.240864
FCC,1.664233
FCC,1.2723
FCC,0.892411
FCC,1.585644
FCC,1.080431
FCC,1.437117
FCC,0.746031
FCC,1.492629
FCC,0.85899
FCC,0.935015
FCC,0.771004
FCC,1.538439
FCC,0.366217
FCC,1.347846
FCC,1.633828
FCC,0.749661
FCC,1.020427
FCC,0.889966
FCC,1.568731
FCC,0.94561
FCC,1.642065
FCC,0.314503
FCC,1.927945
FCC,0.757443
FCC,1.597091
FCC,0.520797
FCC,0.545959
FCC,0.634492
FCC,0.575997
FCC,0.488969
FCC,0.595947
FCC,1.287571
FCC,0.382928
FCC,0.54353
FCC,1.123206
FCC,0.617269
FCC,1.041732
FCC,1.133964
FCC,1.476793
FCC,1.081383
FCC,1.526083
FCC,0.987105
FCC,2.005541
FCC,1.415275
FCC,1.350234
FCC,0.567001
FCC,0.462554
FCC,0.980109
FCC,1.67345
FCC,0.639741
FCC,1.467251
FCC,1.189853
FCC,1.157002
FCC,0.424476
FCC,0.898296
FCC,0.474018
FCC,0.697871
FCC,0.423853
FCC,0.786911
FCC,0.795457
FCC,1.721161
FCC,1.395827
FCC,0.361168
FCC,0.535557
FCC,0.601487
FCC,0.838751
FCC,1.510361
FCC,1.443923
FCC,0.486755
FCC,0.71977
FCC,1.677519
FCC,1.641421
FCC,1.477846
FCC,1.153302
FCC,1.444065
FCC,1.804916
FCC,1.01732
FCC,0.374824
FCC,1.683717
FCC,0.568731
FCC,0.988234
FCC,1.131188
FCC,0.581647
FCC,0.686974
FCC,1.888076
FCC,1.208677
FCC,0.399415
FCC,0.956246
FCC,1.113199
FCC,0.662336
FCC,1.094452
FCC,1.366173
FCC,0.133457
FCC,0.577445
FCC,0.866784
FCC,0.940771
FCC,0.689855
FCC,0.739533
FCC,1.166818
FCC,0.65214
FCC,1.191043
FCC,0.580214
FCC,0.750996
FCC,0.610405
FCC,0.880059
FCC,0.469836
FCC,0.634875
FCC,0.565498
FCC,0.882865
FCC,0.963002
FCC,1.051395
FCC,0.685121
FCC,2.092885
FCC,0.84687
FCC,0.567537
FCC,0.758261
FCC,1.292508
FCC,0.969475
FCC,0.661587
FCC,0.951108
FCC,0.760907
FCC,1.399142
FCC,0.872342
FCC,0.754515
FCC,1.031372
FCC,0.854843
FCC,0.528465
FCC,1.931712
FCC,1.095743
FCC,0.977267
FCC,0.860605
FCC,0.953278
FCC,1.472163
FCC,0.604268
FCC,1.127833
FCC,0.956932
FCC,0.878536
FCC,0.37421
FCC,0.376632
FCC,1.197684
FCC,1.081844
FCC,1.670467
FCC,1.225129
FCC,0.990626
FCC,1.39694
FCC,1.244195
FCC,0.519913
FCC,0.836136
FCC,1.461543
FCC,1.785643
FCC,1.111374
FCC,1.87071
FCC,1.409594
FCC,1.070206
FCC,0.670064
FCC,1.000862
FCC,0.962841
FCC,1.628351
FCC,0.594899
FCC,1.139354
FCC,0.612703
FCC,0.637923
FCC,0.8418
FCC,0.515947
FCC,0.877886
FCC,1.07008
FCC,0.903217
FCC,1.059247
FCC,1.118167
FCC,1.433694
FCC,0.615553
FCC,0.977132
FCC,0.882498
FCC,1.382465
FCC,0.848638
FCC,0.951006
FCC,0.769094
FCC,1.266938
FCC,0.930114
FCC,0.940919
FCC,0.795006
FCC,1.823825
FCC,0.276799
FCC,1.143051
FCC,0.769051
FCC,1.577196
FCC,1.7409
FCC,1.082412
FCC,1.666683
FCC,1.283082
FCC,1.326875
FCC,1.089425
FCC,1.097651
FCC,0.924164
FCC,1.36278
FCC,0.746442
FCC,0.918456
FCC,0.618977
FCC,2.009559
FCC,1.439771
FCC,1.507816
FCC,0.681328
FCC,1.05485
FCC,0.476024
FCC,0.634002
FCC,0.990329
FCC,0.753086
FCC,0.499282
FCC,0.666492
FCC,0.466282
FCC,0.651517
FCC,0.502527
FCC,0.79662
FCC,1.825523
FCC,0.914573
FCC,0.936091
FCC,0.893202
FCC,1.000956
FCC,0.769405
FCC,1.662788
FCC,1.473658
FCC,1.516814
FCC,1.148989
FCC,0.588839
FCC,1.927346
FCC,1.269612
FCC,0.413438
FCC,1.65575
FCC,1.406767
FCC,0.845857
FCC,1.498887
FCC,1.360341
FCC,1.184768
FCC,0.627545
FCC,1.350575
FCC,0.908928
FCC,0.398284
FCC,1.130294
FCC,1.674158
FCC,0.08324
FCC,0.538647
FCC,0.522275
FCC,1.508187
FCC,1.520734
FCC,0.753332
FCC,0.845881
FCC,1.899069
FCC,1.508901
FCC,1.472403
FCC,1.007163
FCC,0.908926
FCC,0.909309
FCC,0.484407
FCC,1.551656
FCC,1.183886
FCC,0.818685
FCC,1.616853
FCC,1.520017
FCC,0.748959
FCC,0.625315
FCC,0.644133
FCC,0.92203
FCC,0.947458
FCC,0.69715
FCC,1.713328
FCC,0.905733
FCC,1.669958
FCC,1.401085
FCC,1.223854
FCC,0.463503
FCC,0.915705
FCC,0.897588
FCC,0.689657
FCC,0.61346
FCC,1.544763
FCC,0.889388
FCC,0.743565
FCC,1.260696
FCC,1.23176
FCC,0.615332
FCC,0.518153
FCC,1.889994
FCC,1.567865
FCC,1.323344
FCC,1.020331
FCC,1.519242
FCC,1.847583
FCC,1.877418
FCC,0.762484
FCC,0.69596
FCC,0.752148
FCC,1.170253
FCC,0.598792
FCC,0.286652
FCC,0.48925
FCC,0.603219
FCC,1.380369
FCC,0.614289
FCC,1.633531
FCC,0.28801
FCC,0.784611
FCC,0.541175
FCC,0.560648
FCC,1.390119
FCC,0.786402
FCC,1.578906
FCC,1.671168
FCC,1.708335
FCC,0.690197
FCC,1.275069
FCC,1.66412
FCC,1.176103
FCC,0.864559
FCC,1.598408
FCC,1.192589
FCC,0.690807
FCC,1.547947
FCC,0.795814
FCC,1.497156
FCC,1.145998
FCC,1.799066
FCC,1.408332
FCC,1.326691
FCC,1.067421
FCC,1.668539
FCC,1.534131
FCC,1.20769
FCC,0.659613
FCC,1.08464
FCC,1.026249
FCC,0.707944
FCC,1.793947
FCC,1.442603
FCC,0.404167
FCC,0.435278
FCC,0.358644
FCC,0.424661
FCC,0.734535
FCC,0.876409
FCC,0.273228
FCC,0.464631
FCC,0.504934
FCC,1.814265
FCC,1.274384
FCC,0.446121
FCC,0.908339
FCC,1.023509
FCC,1.562961
FCC,0.705348
FCC,1.626909
FCC,0.796263
FCC,0.614772
FCC,0.691764
FCC,1.161891
FCC,1.068389
FCC,0.964299
FCC,0.942748
FCC,0.465219
FCC,1.074957
FCC,0.653369
FCC,1.139126
FCC,1.00545
FCC,0.472108
FCC,1.091671
FCC,0.728542
FCC,1.241306
FCC,0.9126
FCC,0.759835
FCC,0.133714
FCC,0.515628
FCC,0.210958
FCC,0.577452
FCC,0.466393
FCC,1.374184
FCC,1.195018
FCC,1.330114
FCC,0.699037
FCC,1.609491
FCC,0.827541
FCC,0.682899
FCC,0.300116
FCC,0.569552
FCC,1.057618
FCC,0.541159
FCC,0.647314
FCC,0.26395
FCC,0.448634
FCC,1.122595
FCC,0.89974
FCC,0.555095
FCC,1.647204
FCC,1.079481
FCC,0.643197
FCC,1.362388
FCC,0.811003
FCC,0.922256
FCC,0.658206
FCC,1.408153
FCC,0.954069
FCC,0.709396
FCC,1.295144
FCC,0.934329
FCC,1.555978
FCC,0.923642
FCC,0.724461
FCC,0.410836
FCC,0.76671
FCC,1.652709
FCC,1.414517
FCC,0.664904
FCC,0.477666
FCC,0.726596
FCC,0.748583
FCC,0.990481
FCC,0.94497
FCC,0.749409
FCC,0.946348
FCC,0.684016
FCC,1.597823
FCC,0.447749
FCC,0.574886
FCC,0.640802
FCC,0.835028
FCC,0.996412
FCC,0.634347
FCC,1.486601
FCC,0.63326
FCC,0.607057
FCC,0.706405
FCC,0.678843
FCC,1.80311
FCC,1.733864
FCC,1.623807
FCC,1.070853
FCC,0.863983
FCC,0.578989
FCC,1.318608
FCC,0.953497
FCC,1.479176
FCC,2.086403
FCC,1.121946
FCC,1.562701
FCC,1.297915
FCC,1.4985
FCC,1.649282
FCC,1.893398
FCC,1.210698
FCC,1.698011
FCC,0.988523
FCC,0.870897
FCC,1.037562
FCC,1.136297
FCC,2.261662
FCC,0.379418
FCC,0.549103
FCC,0.809292
FCC,0.774406
FCC,1.084181
FCC,0.440233
FCC,0.580559
FCC,0.749568
FCC,0.869351
FCC,0.971886
FCC,0.708953
FCC,1.117159
FCC,0.758364
FCC,1.039162
FCC,0.619565
FCC,1.914075
FCC,1.324875
FCC,0.838862
FCC,1.060728
FCC,1.36274
FCC,1.128582
FCC,0.975842
FCC,1.604957
FCC,1.670713
FCC,0.814819
FCC,0.985805
FCC,1.060826
FCC,1.157164
FCC,1.502449
FCC,1.315833
FCC,1.269893
FCC,1.086546
FCC,0.90028
FCC,1.060246
FCC,1.637332
FCC,1.528743
FCC,0.815409
FCC,1.127328
FCC,1.461299
FCC,0.961779
FCC,1.815391
FCC,0.765395
FCC,1.330104
FCC,0.753414
FCC,0.518543
FCC,0.860616
FCC,0.830932
FCC,2.20744
FCC,1.134018
FCC,0.884921
FCC,1.500257
FCC,0.93621
FCC,0.766141
FCC,1.362972
FCC,0.53954
FCC,0.614888
FCC,0.836602
FCC,0.842283
FCC,1.95943
FCC,0.939059
FCC,1.504698
FCC,1.40692
FCC,1.742818
FCC,1.514069
FCC,0.952788
FCC,1.177851
FCC,2.069251
FCC,1.375979
FCC,0.438387
FCC,0.686492
FCC,0.91311
FCC,1.176326
FCC,1.268279
FCC,1.091395
FCC,1.235264
FCC,1.528188
FCC,0.881576
FCC,0.771177
FCC,0.656606
FCC,1.472241
FCC,0.60162
FCC,1.307243
FCC,1.850641
FCC,1.050005
FCC,0.832492
FCC,0.7643
FCC,0.745813
FCC,1.562867
FCC,0.794209
FCC,0.739272
FCC,0.552462
FCC,1.084506
FCC,1.794947
FCC,0.845138
FCC,0.916203
FCC,0.598727
FCC,0.758265
FCC,0.751542
FCC,0.717779
FCC,0.534368
FCC,0.731197
FCC,0.589931
FCC,0.798498
FCC,1.447967
FCC,2.077279
FCC,0.719342
FCC,1.174405
FCC,1.642696
FCC,0.894212
FCC,0.794843
FCC,1.466469
FCC,0.993485
FCC,0.918565
FCC,1.007289
FCC,1.275917
FCC,0.397077
FCC,1.289145
FCC,1.362335
FCC,0.836061
FCC,1.343043
FCC,1.775649
FCC,1.247494
FCC,1.372218
FCC,1.869364
FCC,1.00505
FCC,1.000928
FCC,1.347516
FCC,0.640853
FCC,1.021464
FCC,0.632144
FCC,0.670842
FCC,1.033705
FCC,1.402057
FCC,0.777647
FCC,2.060544
FCC,0.826921
FCC,0.707335
FCC,0.778631
FCC,1.52916
FCC,0.705083
FCC,1.635408
FCC,1.184788
FCC,1.90678
FCC,1.003938
FCC,0.390592
FCC,0.436339
FCC,0.593279
FCC,0.992437
FCC,0.815093
FCC,1.235366
FCC,1.53044
FCC,1.42054
FCC,0.546931
FCC,1.486011
FCC,0.666017
FCC,1.254016
FCC,1.905329
FCC,0.977306
FCC,1.163613
FCC,0.843308
FCC,0.965659
FCC,1.183893
FCC,1.454126
FCC,1.005011
FCC,0.894484
FCC,0.947443
FCC,0.922889
FCC,0.910055
FCC,0.895012
FCC,0.670198
FCC,1.403045
FCC,0.90017
FCC,1.097051
FCC,0.473294
FCC,0.812521
FCC,0.671049
FCC,0.642439
FCC,0.41643
FCC,0.627049
FCC,0.64954
FCC,1.584869
FCC,0.602596
FCC,0.511865
FCC,1.392751
FCC,0.668923
FCC,0.550685
FCC,0.489682
FCC,0.569375
FCC,0.412101
FCC,0.62904
FCC,1.410655
FCC,1.051858
FCC,0.547881
FCC,1.157762
FCC,0.918265
FCC,0.889766
FCC,1.450313
FCC,2.004482
FCC,0.347718
FCC,0.317577
FCC,0.410591
FCC,0.57369
FCC,0.511988
FCC,0.86148
FCC,0.46025
FCC,0.270514
FCC,0.528715
FCC,0.284977
FCC,0.913192
FCC,1.587352
FCC,0.424668
FCC,0.282718
FCC,0.417235
FCC,0.769662
FCC,0.601902
FCC,0.672015
FCC,0.579204
FCC,0.354536
FCC,0.678311
FCC,0.384855
FCC,1.399945
FCC,0.838576
FCC,0.598366
FCC,0.351139
FCC,1.68664
FCC,0.628107
FCC,0.649702
FCC,0.686868
FCC,0.596486
FCC,0.556368
FCC,0.646768
FCC,0.433119
FCC,0.676291
FCC,0.236848
FCC,0.579298
FCC,0.380273
FCC,1.283781
FCC,0.910821
FCC,0.515111
FCC,0.535418
FCC,0.972116
FCC,1.04805
FCC,0.743691
FCC,0.880369
FCC,0.72872
FCC,0.863883
FCC,0.562134
FCC,0.857787
FCC,0.648505
FCC,1.048885
FCC,1.065413
FCC,0.592583
FCC,0.5122
FCC,0.331058
FCC,0.701678
FCC,1.937584
FCC,0.739993
FCC,0.843043
FCC,0.662623
FCC,0.620756
FCC,0.644777
FCC,1.105569
FCC,1.064037
FCC,0.772956
FCC,1.05939
FCC,0.937135
FCC,0.588259
FCC,1.443603
FCC,0.630624
FCC,0.520381
FCC,0.56363
FCC,0.878302
FCC,0.814874
FCC,0.592459
FCC,0.518788
FCC,1.147844
FCC,0.96746
FCC,0.599644
FCC,0.947735
FCC,1.263105
FCC,0.698347
FCC,0.889513
FCC,1.49339
FCC,0.430674
FCC,1.562391
FCC,1.372627
FCC,0.697891
FCC,1.51181
FCC,1.921882
FCC,1.111783
FCC,1.326926
FCC,0.671559
FCC,1.406557
FCC,1.5395
FCC,1.382843
FCC,1.632859
FCC,1.664672
FCC,1.49363
FCC,1.65116
FCC,1.939599
FCC,2.051985
FCC,0.869864
FCC,0.819747
FCC,1.430215
FCC,0.229397
FCC,0.568556
FCC,0.47872
FCC,0.883828
FCC,0.917384
FCC,0.905625
FCC,0.603243
FCC,0.849559
FCC,0.80066
FCC,0.863721
FCC,0.544602
FCC,1.058602
FCC,0.869966
FCC,0.794286
FCC,1.011265
FCC,0.283905
FCC,2.217328
FCC,1.075261
FCC,1.861012
FCC,1.10173
FCC,1.121079
FCC,1.150473
FCC,1.221883
FCC,0.932025
FCC,1.452053
FCC,0.698616
FCC,1.086805
FCC,0.417305
FCC,1.473606
FCC,1.394758
FCC,1.244463
FCC,1.669042
FCC,1.402772
FCC,0.908877
FCC,2.003932
FCC,1.617765
FCC,1.37704
FCC,1.941008
FCC,0.662384
FCC,1.033779
FCC,1.05733
FCC,1.705495
FCC,1.888424
FCC,1.424497
FCC,0.613182
FCC,0.908989
FCC,0.779614
FCC,0.88492
FCC,0.577285
FCC,0.720979
FCC,0.970842
FCC,0.486523
FCC,0.654052
FCC,1.517496
FCC,1.334626
FCC,0.984204
FCC,0.903661
FCC,0.844521
FCC,0.64537
FCC,1.792948
FCC,0.504223
FCC,1.562423
FCC,1.495855
FCC,1.460383
FCC,1.812321
FCC,1.605392
FCC,2.074781
FCC,1.347509
FCC,1.274571
FCC,1.505214
FCC,0.777416
FCC,1.142146
FCC,1.330156
FCC,1.311308
FCC,0.95716
FCC,0.93833
FCC,1.323282
FCC,0.590599
FCC,0.664759
FCC,1.547514
FCC,0.594311
FCC,0.904642
FCC,1.449678
FCC,1.612445
FCC,0.47554
FCC,1.21522
FCC,1.129601
FCC,1.852887
FCC,1.107438
FCC,1.008356
FCC,0.979469
FCC,0.762526
FCC,0.302752
FCC,0.774927
FCC,0.167425
FCC,0.856939
FCC,2.050736
FCC,1.703623
FCC,1.557892
FCC,0.870084
FCC,0.593642
FCC,0.566821
FCC,0.858998
FCC,0.495789
FCC,0.72927
FCC,0.604414
FCC,0.85453
FCC,1.088828
FCC,0.772445
FCC,1.027029
FCC,1.324758
FCC,0.830902
FCC,0.547786
FCC,0.603245
FCC,1.294894
FCC,1.28239
FCC,0.610662
FCC,1.250576
FCC,0.752315
FCC,1.218946
FCC,1.553138
FCC,1.006531
FCC,0.681748
FCC,0.828667
FCC,1.269516
FCC,0.627768
FCC,0.643199
FCC,2.233324
FCC,1.499174
FCC,1.199047
FCC,0.64801
FCC,0.269007
FCC,0.263325
FCC,0.627009
FCC,0.529331
FCC,1.598733
FCC,1.306786
FCC,0.543452
FCC,1.268661
FCC,0.91216
FCC,0.679341
FCC,0.719863
FCC,1.864688
FCC,0.926934
FCC,0.604721
FCC,0.920818
FCC,0.686826
FCC,0.459928
FCC,1.383969
FCC,0.590404
FCC,0.649382
FCC,0.349008
FCC,1.427535
FCC,1.098479
FCC,1.28853
FCC,1.383334
FCC,1.514614
FCC,1.595362
FCC,0.197944
FCC,0.984787
FCC,1.234581
FCC,1.325498
FCC,1.403815
FCC,0.806484
FCC,0.762523
FCC,1.552993
FCC,1.206953
FCC,0.730669
FCC,0.479749
FCC,0.575936
FCC,0.696987
FCC,0.450605
FCC,1.193968
FCC,1.236031
FCC,0.401294
FCC,0.673107
FCC,1.89159
FCC,0.880698
FCC,1.499743
FCC,0.64968
FCC,0.447897
FCC,0.615226
FCC,0.235368
FCC,1.503047
FCC,1.316921
FCC,0.463806
FCC,0.485138
FCC,0.694545
FCC,0.374047
FCC,0.479681
FCC,1.358027
FCC,0.855582
FCC,0.264284
FCC,1.069982
FCC,0.729567
FCC,0.630717
FCC,0.246778
FCC,1.343063
FCC,2.03925
FCC,0.586591
FCC,0.99037
FCC,0.839541
FCC,1.072023
FCC,0.614924
FCC,0.408087
FCC,1.040509
FCC,0.783776
FCC,0.148557
FCC,0.808004
FCC,1.568182
FCC,0.349721
FCC,0.813098
FCC,0.461477
FCC,0.613637
FCC,0.516412
FCC,0.390976
FCC,0.544869
FCC,0.486462
FCC,0.291786
FCC,0.504579
FCC,0.844192
FCC,0.569876
FCC,0.805908
FCC,0.447345
FCC,1.047395
FCC,0.562344
FCC,0.247566
FCC,0.64364
FCC,0.812544
FCC,0.561968
FCC,0.547912
FCC,0.494089
FCC,0.524147
FCC,0.50949
FCC,0.418287
FCC,0.13085
FCC,0.625025
FCC,0.829791
FCC,0.699934
FCC,0.593734
FCC,0.294642
FCC,0.65092
FCC,0.867324
FCC,2.188061
FCC,0.811844
FCC,0.513678
FCC,0.654353
FCC,1.075033
FCC,0.606564
FCC,0.280599
FCC,0.664177
FCC,0.716917
FCC,0.752905
FCC,0.356911
FCC,0.655321
FCC,0.499406
FCC,1.785163
FCC,0.31011
FCC,1.542583
FCC,0.506974
FCC,0.59774
FCC,0.964912
FCC,0.763678
FCC,0.382128
FCC,0.580764
FCC,0.531138
FCC,0.688744
FCC,0.769525
FCC,0.916595
FCC,0.813976
FCC,0.778648
FCC,0.578678
FCC,0.494578
FCC,0.288016
FCC,0.757815
FCC,0.766857
FCC,0.910908
FCC,2.17127
FCC,0.931483
FCC,0.677295
FCC,0.908858
FCC,0.391337
FCC,0.75197
FCC,0.80967
FCC,1.128613
FCC,0.878463
FCC,0.60926
FCC,0.624539
FCC,2.157232
FCC,0.779884
FCC,0.992373
FCC,1.336388
FCC,2.094657
FCC,1.887992
FCC,0.815862
FCC,0.189649
FCC,1.663636
FCC,2.080668
FCC,1.816931
FCC,0.366232
FCC,0.459763
FCC,2.026353
FCC,0.915554
FCC,0.931562
FCC,1.114477
FCC,1.757044
FCC,0.8126
FCC,0.846953
FCC,0.504038
FCC,0.937407
FCC,0.993903
FCC,0.899322
FCC,0.975251
FCC,0.739503
FCC,0.836926
FCC,0.756767
FCC,0.877007
FCC,1.77392
FCC,1.069918
FCC,1.616558
FCC,0.532522
FCC,0.805643
FCC,1.210158
FCC,0.737254
FCC,1.958935
FCC,0.68663
FCC,0.794631
FCC,1.113999
FCC,0.404367
FCC,0.810007
FCC,0.642205
FCC,0.554771
FCC,0.871971
FCC,0.854301
FCC,0.642394
FCC,0.653276
FCC,0.653327
FCC,0.681658
FCC,0.554192
FCC,0.784053
FCC,0.387343
FCC,0.592588
FCC,0.964256
FCC,0.812736
FCC,0.389263
FCC,0.909939
FCC,0.575026
FCC,0.656775
FCC,0.582116
FCC,0.679916
FCC,0.949013
FCC,0.576399
FCC,0.916348
FCC,0.8427
FCC,0.575231
FCC,0.676054
FCC,0.872296
FCC,0.566204
FCC,0.541241
FCC,0.529659
FCC,0.576085
FCC,0.930052
FCC,0.642591
4-coord,0.6358
4-coord,0.528359
4-coord,0.632403
4-coord,0.615151
4-coord,0.655859
4-coord,0.607717
4-coord,0.73227
4-coord,0.715632
4-coord,0.662509
4-coord,0.691621
4-coord,0.636943
4-coord,0.487648
4-coord,0.589314
4-coord,0.580514
4-coord,0.687955
4-coord,0.738456
4-coord,0.663181
4-coord,0.459025
4-coord,0.578827
4-coord,0.537091
4-coord,0.364783
4-coord,0.383897
4-coord,0.534753
4-coord,0.750902
4-coord,0.451352
4-coord,0.40949
4-coord,0.548282
4-coord,0.683868
4-coord,0.350996
4-coord,0.649525
4-coord,0.699493
4-coord,0.626959
4-coord,0.539657
4-coord,0.33734
4-coord,0.646035
4-coord,0.669148
4-coord,0.667997
4-coord,0.588173
4-coord,0.728228
4-coord,0.571623
4-coord,0.647964
4-coord,0.745865
4-coord,0.616523
4-coord,0.710267
4-coord,0.728676
4-coord,0.688905
4-coord,0.571696
4-coord,0.63123
4-coord,0.641462
4-coord,0.737385
4-coord,0.732175
4-coord,0.589703
4-coord,0.73338
4-coord,0.605535
4-coord,0.446589
4-coord,0.610866
4-coord,0.73694
4-coord,0.638111
4-coord,0.626064
4-coord,0.485352
4-coord,0.722461
4-coord,0.287664
4-coord,0.702346
4-coord,0.703663
4-coord,0.588872
4-coord,0.490131
4-coord,0.503479
4-coord,0.555797
4-coord,0.351408
4-coord,0.559244
4-coord,0.521891
4-coord,0.562905
4-coord,0.293473
4-coord,0.690397
4-coord,0.470971
4-coord,0.550168
4-coord,0.503505
4-coord,0.688228
4-coord,0.726287
4-coord,0.718837
4-coord,0.217353
4-coord,0.34462
4-coord,0.623615
4-coord,0.607806
4-coord,0.193589
4-coord,0.646587
4-coord,0.703138
4-coord,0.744626
4-coord,0.517334
4-coord,0.595612
4-coord,0.135115
4-coord,0.49958
4-coord,0.714039
4-coord,0.216454
4-coord,0.663483
4-coord,0.658384
4-coord,0.746235
4-coord,0.619219
4-coord,0.694772
4-coord,0.487458
4-coord,0.511648
4-coord,0.384443
4-coord,0.551853
4-coord,0.712002
4-coord,0.640641
4-coord,0.652211
4-coord,0.585204
4-coord,0.524922
4-coord,0.664414
4-coord,0.366246
4-coord,0.454843
4-coord,0.754876
4-coord,0.664035
4-coord,0.654727
4-coord,0.624732
4-coord,0.554902
4-coord,0.67228
4-coord,0.474442
4-coord,0.662917
4-coord,0.660497
4-coord,0.628964
4-coord,0.670608
4-coord,0.630269
4-coord,0.568525
4-coord,0.675981
4-coord,0.643235
4-coord,0.740957
4-coord,0.572426
4-coord,0.357165
4-coord,0.231795
4-coord,0.483134
4-coord,0.407248
4-coord,0.473179
4-coord,0.529082
4-coord,0.726843
4-coord,0.44271
4-coord,0.647245
4-coord,0.34233
4-coord,0.594564
4-coord,0.623078
4-coord,0.731884
4-coord,0.625484
4-coord,0.707338
4-coord,0.70715
4-coord,0.479583
4-coord,0.719403
4-coord,0.704931
4-coord,0.736519
4-coord,0.749939
4-coord,0.612525
4-coord,0.313092
4-coord,0.7023
4-coord,0.553205
4-coord,0.368841
4-coord,0.653785
4-coord,0.493124
4-coord,0.754201
4-coord,0.573964
4-coord,0.303759
4-coord,0.724649
4-coord,0.594088
4-coord,0.646222
4-coord,0.160885
4-coord,0.673849
4-coord,0.73001
4-coord,0.508123
4-coord,0.487198
4-coord,0.483431
4-coord,0.540278
4-coord,0.5625
4-coord,0.649374
4-coord,0.651181
4-coord,0.719635
4-coord,0.320713
4-coord,0.442902
4-coord,0.731467
4-coord,0.503264
4-coord,0.316074
4-coord,0.548686
4-coord,0.637248
4-coord,0.608985
4-coord,0.44046
4-coord,0.460043
4-coord,0.726191
4-coord,0.546063
4-coord,0.524615
4-coord,0.552129
4-coord,0.620541
4-coord,0.390919
4-coord,0.540539
4-coord,0.491183
4-coord,0.483014
4-coord,0.630467
4-coord,0.325035
4-coord,0.696302
4-coord,0.468215
4-coord,0.641396
4-coord,0.73231
4-coord,0.262925
4-coord,0.720725
4-coord,0.59654
4-coord,0.686773
4-coord,0.448481
4-coord,0.67208
4-coord,0.473965
4-coord,0.120034
4-coord,0.744353
4-coord,0.616697
4-coord,0.469642
4-coord,0.673755
4-coord,0.367194
4-coord,0.629266
4-coord,0.688421
4-coord,0.528318
4-coord,0.478045
4-coord,0.698517
4-coord,0.49654
4-coord,0.325948
4-coord,0.54181
4-coord,0.519974
4-coord,0.723206
4-coord,0.72857
4-coord,0.347477
4-coord,0.618951
4-coord,0.473736
4-coord,0.634832
4-coord,0.699311
4-coord,0.546706
4-coord,0.700904
4-coord,0.230704
4-coord,0.753247
4-coord,0.457476
4-coord,0.265578
4-coord,0.404629
4-coord,0.592544
4-coord,0.750228
4-coord,0.617688
4-coord,0.278731
4-coord,0.430229
4-coord,0.739774
4-coord,0.643394
4-coord,0.704
4-coord,0.591756
4-coord,0.558633
4-coord,0.419245
4-coord,0.610037
4-coord,0.628128
4-coord,0.19966
4-coord,0.657115
4-coord,0.589441
4-coord,0.609906
4-coord,0.341495
4-coord,0.541391
4-coord,0.68664
4-coord,0.266992
4-coord,0.594133
4-coord,0.616563
4-coord,0.566818
4-coord,0.402779
4-coord,0.527807
4-coord,0.526069
4-coord,0.675034
4-coord,0.271599
4-coord,0.523475
4-coord,0.665951
4-coord,0.645463
4-coord,0.665789
4-coord,0.26749
4-coord,0.472558
4-coord,0.559253
4-coord,0.648203
4-coord,0.34046
4-coord,0.694935
4-coord,0.567951
4-coord,0.672997
4-coord,0.722193
4-coord,0.720179
4-coord,0.442478
4-coord,0.445909
4-coord,0.38364
4-coord,0.408627
4-coord,0.726722
4-coord,0.659461
4-coord,0.661026
4-coord,0.515391
4-coord,0.605943
4-coord,0.438188
4-coord,0.397434
4-coord,0.583789
4-coord,0.66912
4-coord,0.753661
4-coord,0.537499
4-coord,0.725305
4-coord,0.68949
4-coord,0.568773
4-coord,0.727087
4-coord,0.514038
4-coord,0.485088
4-coord,0.753418
4-coord,0.66013
4-coord,0.643109
4-coord,0.345399
4-coord,0.751114
4-coord,0.307322
4-coord,0.458152
4-coord,0.594193
4-coord,0.678359
4-coord,0.607355
4-coord,0.494058
4-coord,0.281711
4-coord,0.590798
4-coord,0.299934
4-coord,0.437305
4-coord,0.732567
4-coord,0.562978
4-coord,0.308478
4-coord,0.588729
4-coord,0.710624
4-coord,0.609409
4-coord,0.5402
4-coord,0.683022
4-coord,0.517328
4-coord,0.479996
4-coord,0.380245
4-coord,0.407633
4-coord,0.626353
4-coord,0.710271
4-coord,0.53775
4-coord,0.25387
4-coord,0.692015
4-coord,0.647156
4-coord,0.65013
4-coord,0.511694
4-coord,0.147569
4-coord,0.14662
4-coord,0.685221
4-coord,0.663255
4-coord,0.729735
4-coord,0.602496
4-coord,0.551716
4-coord,0.73046
4-coord,0.633685
4-coord,0.247426
4-coord,0.494906
4-coord,0.719234
4-coord,0.750167
4-coord,0.513387
4-coord,0.282809
4-coord,0.628414
4-coord,0.522824
4-coord,0.666871
4-coord,0.543474
4-coord,0.712347
4-coord,0.183196
4-coord,0.662545
4-coord,0.546897
4-coord,0.682653
4-coord,0.318053
4-coord,0.681002
4-coord,0.489546
4-coord,0.480929
4-coord,0.684858
4-coord,0.681764
4-coord,0.355317
4-coord,0.4442
4-coord,0.687547
4-coord,0.59325
4-coord,0.677095
4-coord,0.687424
4-coord,0.74381
4-coord,0.728596
4-coord,0.56788
4-coord,0.511891
4-coord,0.440945
4-coord,0.420456
4-coord,0.622349
4-coord,0.279779
4-coord,0.364393
4-coord,0.731482
4-coord,0.477355
4-coord,0.665873
4-coord,0.467005
4-coord,0.574485
4-coord,0.645675
4-coord,0.547495
4-coord,0.740052
4-coord,0.699977
4-coord,0.751591
4-coord,0.305686
4-coord,0.648907
4-coord,0.738415
4-coord,0.699154
4-coord,0.614158
4-coord,0.204811
4-coord,0.307709
4-coord,0.516987
4-coord,0.369561
4-coord,0.666158
4-coord,0.42498
4-coord,0.668505
4-coord,0.747251
4-coord,0.424993
4-coord,0.610774
4-coord,0.749273
4-coord,0.664547
4-coord,0.634661
4-coord,0.646941
4-coord,0.622307
4-coord,0.621239
4-coord,0.481537
4-coord,0.495265
4-coord,0.434473
4-coord,0.16231
4-coord,0.536674
4-coord,0.575399
4-coord,0.28621
4-coord,0.543839
4-coord,0.661709
4-coord,0.724093
4-coord,0.624473
4-coord,0.513031
4-coord,0.662319
4-coord,0.240652
4-coord,0.659636
4-coord,0.658229
4-coord,0.324041
4-coord,0.59528
4-coord,0.729315
4-coord,0.677877
4-coord,0.631088
4-coord,0.596357
4-coord,0.663975
4-coord,0.333401
4-coord,0.674096
4-coord,0.659006
4-coord,0.569944
4-coord,0.634665
4-coord,0.642592
4-coord,0.734781
4-coord,0.638757
4-coord,0.653882
4-coord,0.472593
4-coord,0.555337
4-coord,0.358433
4-coord,0.515588
4-coord,0.720133
4-coord,0.693158
4-coord,0.498736
4-coord,0.730176
4-coord,0.200823
4-coord,0.448972
4-coord,0.623399
4-coord,0.545934
4-coord,0.352242
4-coord,0.572283
4-coord,0.621768
4-coord,0.602571
4-coord,0.517922
4-coord,0.660039
4-coord,0.14405
4-coord,0.707259
4-coord,0.715381
4-coord,0.213755
4-coord,0.714742
4-coord,0.373563
4-coord,0.338803
4-coord,0.209592
4-coord,0.649338
4-coord,0.750251
4-coord,0.605885
4-coord,0.586857
4-coord,0.271281
4-coord,0.688367
4-coord,0.666184
4-coord,0.434757
4-coord,0.52513
4-coord,0.63079
4-coord,0.371141
4-coord,0.652874
4-coord,0.576706
4-coord,0.626676
4-coord,0.247476
4-coord,0.460047
4-coord,0.672119
4-coord,0.605386
4-coord,0.680262
4-coord,0.693128
4-coord,0.430126
4-coord,0.671338
4-coord,0.606911
4-coord,0.706501
4-coord,0.741168
4-coord,0.742382
4-coord,0.306423
4-coord,0.534569
4-coord,0.638723
4-coord,0.653774
4-coord,0.528546
4-coord,0.571426
4-coord,0.752258
4-coord,0.315922
4-coord,0.62497
4-coord,0.582479
4-coord,0.644377
4-coord,0.269376
4-coord,0.421738
4-coord,0.743311
4-coord,0.700756
4-coord,0.615881
4-coord,0.628944
4-coord,0.592987
4-coord,0.7519
4-coord,0.502045
4-coord,0.56021
4-coord,0.581248
4-coord,0.720825
4-coord,0.603443
4-coord,0.589476
4-coord,0.749135
4-coord,0.687118
4-coord,0.589153
4-coord,0.726494
4-coord,0.331343
4-coord,0.376354
4-coord,0.572662
4-coord,0.578235
4-coord,0.46482
4-coord,0.582757
4-coord,0.376635
4-coord,0.3436
4-coord,0.277275
4-coord,0.465561
4-coord,0.488564
4-coord,0.340365
4-coord,0.677992
4-coord,0.75367
4-coord,0.587722
4-coord,0.683642
4-coord,0.477697
4-coord,0.694233
4-coord,0.574744
4-coord,0.629411
4-coord,0.56437
4-coord,0.649009
4-coord,0.622111
4-coord,0.614888
4-coord,0.48987
4-coord,0.316881
4-coord,0.719225
4-coord,0.450319
4-coord,0.550619
4-coord,0.666082
4-coord,0.253967
4-coord,0.469659
4-coord,0.697668
4-coord,0.268239
4-coord,0.693995
4-coord,0.651269
4-coord,0.59573
4-coord,0.680938
4-coord,0.668052
4-coord,0.519741
4-coord,0.669282
4-coord,0.730118
4-coord,0.488705
4-coord,0.226295
4-coord,0.424756
4-coord,0.574909
4-coord,0.379504
4-coord,0.751041
4-coord,0.738522
4-coord,0.395096
4-coord,0.625171
4-coord,0.618742
4-coord,0.432007
4-coord,0.73033
4-coord,0.62917
4-coord,0.395327
4-coord,0.726589
4-coord,0.735482
4-coord,0.604074
4-coord,0.329664
4-coord,0.402583
4-coord,0.131463
4-coord,0.231403
4-coord,0.605147
4-coord,0.504358
4-coord,0.402407
4-coord,0.341405
4-coord,0.601312
4-coord,0.587751
4-coord,0.322543
4-coord,0.671493
4-coord,0.657173
4-coord,0.218067
4-coord,0.20471
4-coord,0.744231
4-coord,0.344322
4-coord,0.648749
4-coord,0.634554
4-coord,0.504723
4-coord,0.409834
4-coord,0.664754
4-coord,0.689267
4-coord,0.513542
4-coord,0.636127
4-coord,0.284644
4-coord,0.585171
4-coord,0.524573
4-coord,0.609273
4-coord,0.634331
4-coord,0.640978
4-coord,0.506524
4-coord,0.713162
4-coord,0.285295
4-coord,0.731465
4-coord,0.689984
4-coord,0.720182
4-coord,0.603934
4-coord,0.581429
4-coord,0.23119
4-coord,0.620095
4-coord,0.546774
4-coord,0.6671
4-coord,0.502905
4-coord,0.520869
4-coord,0.657718
4-coord,0.342106
4-coord,0.257096
4-coord,0.251409
4-coord,0.602181
4-coord,0.432773
4-coord,0.169435
4-coord,0.441458
4-coord,0.557628
4-coord,0.526876
4-coord,0.287147
4-coord,0.290776
4-coord,0.699728
4-coord,0.366345
4-coord,0.621126
4-coord,0.673407
4-coord,0.713768
4-coord,0.700424
4-coord,0.685674
4-coord,0.591855
4-coord,0.75066
4-coord,0.532928
4-coord,0.664105
4-coord,0.731519
4-coord,0.473685
4-coord,0.659928
4-coord,0.566826
4-coord,0.656067
4-coord,0.629734
4-coord,0.438805
4-coord,0.501996
4-coord,0.659317
4-coord,0.591953
4-coord,0.254386
4-coord,0.644828
4-coord,0.696956
4-coord,0.73259
4-coord,0.743078
4-coord,0.704807
4-coord,0.249787
4-coord,0.619626
4-coord,0.618175
4-coord,0.388465
4-coord,0.724792
4-coord,0.373109
4-coord,0.362587
4-coord,0.434599
4-coord,0.42278
4-coord,0.517227
4-coord,0.574472
4-coord,0.313287
4-coord,0.576062
4-coord,0.365991
4-coord,0.306402
4-coord,0.422501
4-coord,0.401608
4-coord,0.649582
4-coord,0.260721
4-coord,0.387938
4-coord,0.229946
4-coord,0.592026
4-coord,0.127238
4-coord,0.594775
4-coord,0.504251
4-coord,0.615032
4-coord,0.663848
4-coord,0.544596
4-coord,0.707281
4-coord,0.413991
4-coord,0.618925
4-coord,0.314561
4-coord,0.637315
4-coord,0.595664
4-coord,0.579536
4-coord,0.310705
4-coord,0.730854
4-coord,0.56039
4-coord,0.167517
4-coord,0.233513
4-coord,0.588026
4-coord,0.574106
4-coord,0.551833
4-coord,0.639567
4-coord,0.54026
4-coord,0.569638
4-coord,0.667422
4-coord,0.666856
4-coord,0.542773
4-coord,0.673878
4-coord,0.688107
4-coord,0.414706
4-coord,0.340947
4-coord,0.536828
4-coord,0.460271
4-coord,0.408233
4-coord,0.569075
4-coord,0.659289
4-coord,0.380864
4-coord,0.599793
4-coord,0.733191
4-coord,0.310386
4-coord,0.584619
4-coord,0.314161
4-coord,0.446887
4-coord,0.647611
4-coord,0.454154
4-coord,0.609913
4-coord,0.540009
4-coord,0.586636
4-coord,0.742208
4-coord,0.56641
4-coord,0.231743
4-coord,0.712685
4-coord,0.65466
4-coord,0.632147
4-coord,0.558468
4-coord,0.735385
4-coord,0.490085
4-coord,0.159433
4-coord,0.642767
4-coord,0.613674
4-coord,0.403946
4-coord,0.615693
4-coord,0.598469
4-coord,0.23164
4-coord,0.482158
4-coord,0.716618
4-coord,0.523791
4-coord,0.56528
4-coord,0.586598
4-coord,0.727005
4-coord,0.402338
4-coord,0.696413
4-coord,0.278992
4-coord,0.450161
4-coord,0.123299
4-coord,0.473214
4-coord,0.673791
4-coord,0.264143
4-coord,0.73334
4-coord,0.714881
4-coord,0.468789
4-coord,0.622067
4-coord,0.719555
4-coord,0.171609
4-coord,0.667118
4-coord,0.530148
4-coord,0.66885
4-coord,0.716752
4-coord,0.585398
4-coord,0.216811
4-coord,0.568176
4-coord,0.678328
4-coord,0.356033
4-coord,0.701012
4-coord,0.366657
4-coord,0.486804
4-coord,0.686433
4-coord,0.358061
4-coord,0.625558
4-coord,0.683533
4-coord,0.580886
4-coord,0.619118
4-coord,0.705885
4-coord,0.651398
4-coord,0.723105
4-coord,0.520155
4-coord,0.519481
4-coord,0.660904
4-coord,0.334429
4-coord,0.687728
4-coord,0.49911
4-coord,0.669528
4-coord,0.704657
4-coord,0.349634
4-coord,0.453134
4-coord,0.46166
4-coord,0.547561
4-coord,0.583265
4-coord,0.456663
4-coord,0.713018
4-coord,0.569366
4-coord,0.669417
4-coord,0.746657
4-coord,0.467681
4-coord,0.640761
4-coord,0.391203
4-coord,0.525299
4-coord,0.668635
4-coord,0.318756
4-coord,0.346645
4-coord,0.28648
4-coord,0.463627
4-coord,0.599289
4-coord,0.702921
4-coord,0.33748
4-coord,0.597041
4-coord,0.535185
4-coord,0.697977
4-coord,0.728519
4-coord,0.699526
4-coord,0.548132
4-coord,0.538817
4-coord,0.463131
4-coord,0.75271
4-coord,0.713568
4-coord,0.739045
4-coord,0.716662
4-coord,0.52768
4-coord,0.728792
4-coord,0.748782
4-coord,0.619116
4-coord,0.620376
4-coord,0.677761
4-coord,0.661509
4-coord,0.632238
4-coord,0.533561
4-coord,0.752189
4-coord,0.752703
4-coord,0.533662
4-coord,0.512061
4-coord,0.747656
4-coord,0.541519
4-coord,0.387483
4-coord,0.385594
4-coord,0.480091
4-coord,0.727861
4-coord,0.582881
4-coord,0.5749
4-coord,0.673744
4-coord,0.483811
4-coord,0.414655
4-coord,0.653415
4-coord,0.489952
4-coord,0.572842
4-coord,0.328667
4-coord,0.372236
4-coord,0.374711
4-coord,0.17689
4-coord,0.236123
4-coord,0.50321
4-coord,0.744369
4-coord,0.711142
4-coord,0.634747
4-coord,0.653032
4-coord,0.616532
4-coord,0.63967
4-coord,0.644641
4-coord,0.731372
4-coord,0.657266
4-coord,0.749587
4-coord,0.605467
4-coord,0.689918
4-coord,0.726619
4-coord,0.585203
4-coord,0.589469
4-coord,0.521636
4-coord,0.67476
4-coord,0.721745
4-coord,0.743389
4-coord,0.715054
4-coord,0.697084
4-coord,0.573011
4-coord,0.37649
4-coord,0.662379
4-coord,0.577145
4-coord,0.693702
4-coord,0.485387
4-coord,0.487371
4-coord,0.535437
4-coord,0.618291
4-coord,0.62409
4-coord,0.711779
4-coord,0.207963
4-coord,0.355691
4-coord,0.738055
4-coord,0.423728
4-coord,0.632832
4-coord,0.603716
4-coord,0.422729
4-coord,0.233573
4-coord,0.624799
4-coord,0.319623
4-coord,0.568313
4-coord,0.549936
4-coord,0.483854
4-coord,0.697561
4-coord,0.408762
4-coord,0.159139
4-coord,0.610131
4-coord,0.445642
4-coord,0.3617
4-coord,0.352298
4-coord,0.662088
4-coord,0.338874
4-coord,0.674273
4-coord,0.644732
4-coord,0.480505
4-coord,0.546934
4-coord,0.576136
4-coord,0.69758
4-coord,0.479446
4-coord,0.476483
4-coord,0.594288
4-coord,0.319946
4-coord,0.51392
4-coord,0.372805
4-coord,0.477822
4-coord,0.419752
4-coord,0.62355
4-coord,0.676915
4-coord,0.737087
4-coord,0.629184
4-coord,0.569916
4-coord,0.339658
4-coord,0.730998
4-coord,0.628386
4-coord,0.612085
4-coord,0.508122
4-coord,0.663575
4-coord,0.686991
4-coord,0.745969
4-coord,0.315092
4-coord,0.344082
4-coord,0.571031
4-coord,0.669984
4-coord,0.499296
4-coord,0.383654
4-coord,0.521217
4-coord,0.666823
4-coord,0.4391
4-coord,0.527557
4-coord,0.726914
4-coord,0.696792
4-coord,0.736498
4-coord,0.381807
4-coord,0.623293
4-coord,0.681246
4-coord,0.483065
4-coord,0.57807
4-coord,0.679934
4-coord,0.678942
4-coord,0.752769
4-coord,0.591857
4-coord,0.691536
4-coord,0.467389
4-coord,0.752599
4-coord,0.739451
4-coord,0.710285
4-coord,0.738992
4-coord,0.641727
4-coord,0.590081
4-coord,0.612968
4-coord,0.740904
4-coord,0.431356
4-coord,0.536136
4-coord,0.413804
4-coord,0.681933
4-coord,0.741821
4-coord,0.63144
4-coord,0.469043
4-coord,0.588894
4-coord,0.567476
4-coord,0.691556
4-coord,0.66554
4-coord,0.722634
4-coord,0.446154
4-coord,0.258662
4-coord,0.702129
4-coord,0.43542
4-coord,0.546114
4-coord,0.559962
4-coord,0.502919
4-coord,0.546376
4-coord,0.471396
4-coord,0.548766
4-coord,0.687341
4-coord,0.418384
4-coord,0.626514
4-coord,0.317728
4-coord,0.520705
4-coord,0.731311
4-coord,0.562124
4-coord,0.6651
4-coord,0.381439
4-coord,0.653084
4-coord,0.719362
4-coord,0.381446
4-coord,0.587532
4-coord,0.532858
4-coord,0.322289
4-coord,0.747696
4-coord,0.735115
4-coord,0.63254
4-coord,0.558914
4-coord,0.734563
4-coord,0.612338
4-coord,0.549115
4-coord,0.655825
4-coord,0.700569
4-coord,0.724179
4-coord,0.411176
4-coord,0.497888
4-coord,0.337778
4-coord,0.406254
4-coord,0.269279
4-coord,0.337525
4-coord,0.446907
4-coord,0.684222
4-coord,0.420483
4-coord,0.579947
4-coord,0.347411
4-coord,0.335407
4-coord,0.738521
4-coord,0.21673
4-coord,0.568323
4-coord,0.417588
4-coord,0.326214
4-coord,0.609475
4-coord,0.571762
4-coord,0.320537
4-coord,0.642609
4-coord,0.415532
4-coord,0.656164
4-coord,0.706974
4-coord,0.53678
4-coord,0.491145
4-coord,0.464796
4-coord,0.74026
4-coord,0.618685
4-coord,0.562015
4-coord,0.216468
4-coord,0.703602
4-coord,0.675901
4-coord,0.481225
4-coord,0.454034
4-coord,0.285278
4-coord,0.389558
4-coord,0.594121
4-coord,0.726642
4-coord,0.545366
4-coord,0.749002
4-coord,0.574545
4-coord,0.562659
4-coord,0.536942
4-coord,0.59539
4-coord,0.739997
4-coord,0.600873
4-coord,0.395361
4-coord,0.494292
4-coord,0.642946
4-coord,0.659706
4-coord,0.465249
4-coord,0.696712
4-coord,0.57954
4-coord,0.513884
4-coord,0.56413
4-coord,0.483821
4-coord,0.692277
4-coord,0.495263
4-coord,0.543974
4-coord,0.544699
4-coord,0.319839
4-coord,0.524502
4-coord,0.462837
4-coord,0.6416
4-coord,0.657484
4-coord,0.617265
4-coord,0.667512
4-coord,0.606336
4-coord,0.672726
4-coord,0.478923
4-coord,0.691665
4-coord,0.639428
4-coord,0.215702
4-coord,0.664115
4-coord,0.701809
4-coord,0.460216
4-coord,0.417928
4-coord,0.295482
4-coord,0.702627
4-coord,0.646238
4-coord,0.659206
4-coord,0.449226
4-coord,0.358429
4-coord,0.412883
4-coord,0.606885
4-coord,0.582271
4-coord,0.753668
4-coord,0.717193
4-coord,0.527117
4-coord,0.68735
4-coord,0.708226
4-coord,0.464785
4-coord,0.472202
4-coord,0.713188
4-coord,0.52952
4-coord,0.671113
4-coord,0.752537
4-coord,0.538068
4-coord,0.559986
4-coord,0.409944
4-coord,0.499535
4-coord,0.526043
4-coord,0.665633
4-coord,0.367535
4-coord,0.38951
4-coord,0.393158
4-coord,0.35892
4-coord,0.54365
4-coord,0.619231
4-coord,0.363973
4-coord,0.565404
4-coord,0.638242
4-coord,0.401165
4-coord,0.234212
4-coord,0.265426
4-coord,0.523593
4-coord,0.450581
4-coord,0.727639
4-coord,0.681166
4-coord,0.743334
4-coord,0.278343
4-coord,0.502326
4-coord,0.670627
4-coord,0.633249
4-coord,0.744751
4-coord,0.253664
4-coord,0.563904
4-coord,0.696717
4-coord,0.507606
4-coord,0.702508
4-coord,0.70046
4-coord,0.511239
4-coord,0.705032
4-coord,0.653303
4-coord,0.586192
4-coord,0.734153
4-coord,0.429856
4-coord,0.70849
4-coord,0.462872
4-coord,0.627266
4-coord,0.289444
4-coord,0.510721
4-coord,0.670267
4-coord,0.692397
4-coord,0.697915
4-coord,0.643967
4-coord,0.213164
4-coord,0.607078
4-coord,0.669802
4-coord,0.296681
4-coord,0.601926
4-coord,0.699441
4-coord,0.695196
4-coord,0.657167
4-coord,0.566414
4-coord,0.427901
4-coord,0.609594
4-coord,0.543447
4-coord,0.405556
4-coord,0.123991
4-coord,0.621005
4-coord,0.46566
4-coord,0.752045
4-coord,0.44571
4-coord,0.729629
4-coord,0.74489
4-coord,0.722459
4-coord,0.714182
4-coord,0.718655
4-coord,0.695196
4-coord,0.287449
4-coord,0.276773
4-coord,0.385711
4-coord,0.593245
4-coord,0.694505
4-coord,0.58071
4-coord,0.508635
4-coord,0.608426
4-coord,0.707724
4-coord,0.701146
4-coord,0.474752
4-coord,0.376151
4-coord,0.628407
4-coord,0.523298
4-coord,0.392444
4-coord,0.686906
4-coord,0.24572
4-coord,0.509681
4-coord,0.335205
4-coord,0.497484
4-coord,0.379508
4-coord,0.669938
4-coord,0.582848
4-coord,0.242687
4-coord,0.445907
4-coord,0.414614
4-coord,0.73851
4-coord,0.107344
4-coord,0.306283
4-coord,0.153172
4-coord,0.523106
4-coord,0.722069
4-coord,0.749266
4-coord,0.359093
4-coord,0.746326
4-coord,0.702678
4-coord,0.394409
4-coord,0.72835
4-coord,0.324007
4-coord,0.723952
4-coord,0.495106
4-coord,0.633543
4-coord,0.649668
4-coord,0.483736
4-coord,0.354302
4-coord,0.25596
4-coord,0.685697
4-coord,0.631648
4-coord,0.486225
4-coord,0.312523
4-coord,0.297736
4-coord,0.697091
4-coord,0.551952
4-coord,0.620525
4-coord,0.552736
4-coord,0.688088
4-coord,0.150269
4-coord,0.482497
4-coord,0.426118
4-coord,0.393006
4-coord,0.656367
4-coord,0.485094
4-coord,0.646103
4-coord,0.727399
4-coord,0.600318
4-coord,0.47764
4-coord,0.483374
4-coord,0.70842
4-coord,0.69505
4-coord,0.26701
4-coord,0.663668
4-coord,0.664225
4-coord,0.307698
4-coord,0.565174
4-coord,0.60408
4-coord,0.563501
4-coord,0.714772
4-coord,0.46518
4-coord,0.651522
4-coord,0.582626
4-coord,0.542228
4-coord,0.246841
4-coord,0.679875
4-coord,0.752508
4-coord,0.728312
4-coord,0.727469
4-coord,0.582586
4-coord,0.674796
4-coord,0.417388
4-coord,0.3789
4-coord,0.714052
4-coord,0.356322
4-coord,0.243218
4-coord,0.533299
4-coord,0.539059
4-coord,0.641776
4-coord,0.61316
4-coord,0.726296
4-coord,0.67286
4-coord,0.462423
4-coord,0.670189
4-coord,0.7049
4-coord,0.68368
4-coord,0.619299
4-coord,0.514975
4-coord,0.666631
4-coord,0.644355
4-coord,0.627517
4-coord,0.568403
4-coord,0.73169
4-coord,0.728953
4-coord,0.700522
4-coord,0.675649
4-coord,0.666028
4-coord,0.728778
4-coord,0.264788
4-coord,0.592656
4-coord,0.612479
4-coord,0.636621
4-coord,0.595416
4-coord,0.703238
4-coord,0.535847
4-coord,0.522401
4-coord,0.461941
4-coord,0.649317
4-coord,0.63608
4-coord,0.674855
4-coord,0.272853
4-coord,0.576135
4-coord,0.577123
4-coord,0.469179
4-coord,0.563654
4-coord,0.668525
4-coord,0.562247
4-coord,0.572832
4-coord,0.690791
4-coord,0.505144
4-coord,0.32333
4-coord,0.740152
4-coord,0.504696
4-coord,0.664979
4-coord,0.470451
4-coord,0.66234
4-coord,0.544864
4-coord,0.599891
4-coord,0.689026
4-coord,0.512991
4-coord,0.614034
4-coord,0.442333
4-coord,0.446586
4-coord,0.735546
4-coord,0.585417
4-coord,0.624331
4-coord,0.425003
4-coord,0.499587
4-coord,0.75279
4-coord,0.460537
4-coord,0.258038
4-coord,0.53751
4-coord,0.721856
4-coord,0.560062
4-coord,0.550867
4-coord,0.607321
4-coord,0.448787
4-coord,0.567296
4-coord,0.738532
4-coord,0.657728
4-coord,0.700275
4-coord,0.518016
4-coord,0.472631
4-coord,0.749256
4-coord,0.495257
4-coord,0.476816
4-coord,0.307863
4-coord,0.328578
4-coord,0.577675
4-coord,0.549396
4-coord,0.71503
4-coord,0.621469
4-coord,0.511346
4-coord,0.708082
4-coord,0.509845
4-coord,0.411721
4-coord,0.555191
4-coord,0.653695
4-coord,0.546705
4-coord,0.635611
4-coord,0.644829
4-coord,0.587876
4-coord,0.744279
4-coord,0.423039
4-coord,0.733402
4-coord,0.534817
4-coord,0.711213
4-coord,0.247455
4-coord,0.341615
4-coord,0.189227
4-coord,0.518675
4-coord,0.707943
4-coord,0.399159
4-coord,0.615739
4-coord,0.450486
4-coord,0.643477
4-coord,0.481318
4-coord,0.494956
4-coord,0.556194
4-coord,0.19492
4-coord,0.402626
4-coord,0.554705
4-coord,0.741934
4-coord,0.503956
4-coord,0.630034
4-coord,0.100358
4-coord,0.726564
4-coord,0.63298
4-coord,0.705306
4-coord,0.325451
4-coord,0.719755
4-coord,0.683239
4-coord,0.739315
4-coord,0.740766
4-coord,0.7444
4-coord,0.483186
4-coord,0.356397
4-coord,0.556291
4-coord,0.222714
4-coord,0.747932
4-coord,0.660792
4-coord,0.603224
4-coord,0.452824
4-coord,0.526295
4-coord,0.247655
4-coord,0.508376
4-coord,0.422363
4-coord,0.731398
4-coord,0.478361
4-coord,0.584341
4-coord,0.639861
4-coord,0.737339
4-coord,0.360654
4-coord,0.354254
4-coord,0.549756
4-coord,0.627143
4-coord,0.639516
4-coord,0.538132
4-coord,0.623209
4-coord,0.739024
4-coord,0.499732
4-coord,0.750327
4-coord,0.646764
4-coord,0.5247
4-coord,0.4956
4-coord,0.584053
4-coord,0.456469
4-coord,0.328538
4-coord,0.696923
4-coord,0.619458
4-coord,0.639023
4-coord,0.711893
4-coord,0.55714
4-coord,0.610657
4-coord,0.744113
4-coord,0.68644
4-coord,0.728019
4-coord,0.584935
4-coord,0.366534
4-coord,0.614989
4-coord,0.182407
4-coord,0.629162
4-coord,0.644867
4-coord,0.292076
4-coord,0.604556
4-coord,0.263535
4-coord,0.569483
4-coord,0.612714
4-coord,0.587996
4-coord,0.464658
4-coord,0.665765
4-coord,0.635712
4-coord,0.395205
4-coord,0.284454
4-coord,0.679916
4-coord,0.727981
4-coord,0.589477
4-coord,0.347666
4-coord,0.488906
4-coord,0.304216
4-coord,0.602118
4-coord,0.587516
4-coord,0.428554
4-coord,0.4437
4-coord,0.6144
4-coord,0.587478
4-coord,0.737691
4-coord,0.52235
4-coord,0.748852
4-coord,0.529616
4-coord,0.518127
4-coord,0.526348
4-coord,0.499973
4-coord,0.529464
4-coord,0.566313
4-coord,0.354929
4-coord,0.717301
4-coord,0.733911
4-coord,0.751566
4-coord,0.506914
4-coord,0.276171
4-coord,0.674537
4-coord,0.578787
4-coord,0.314726
4-coord,0.734871
4-coord,0.148383
4-coord,0.683242
4-coord,0.70681
4-coord,0.234635
4-coord,0.73606
4-coord,0.390399
4-coord,0.674464
4-coord,0.606375
4-coord,0.691538
4-coord,0.672532
4-coord,0.377194
4-coord,0.461005
4-coord,0.349247
4-coord,0.404077
4-coord,0.511681
4-coord,0.554625
4-coord,0.57933
4-coord,0.340137
4-coord,0.499051
4-coord,0.661194
4-coord,0.626879
4-coord,0.671298
4-coord,0.625637
4-coord,0.631544
4-coord,0.639664
4-coord,0.631727
4-coord,0.521545
4-coord,0.581983
4-coord,0.678073
4-coord,0.519504
4-coord,0.64368
4-coord,0.572123
4-coord,0.655999
4-coord,0.634965
4-coord,0.470524
4-coord,0.607864
4-coord,0.475527
4-coord,0.512683
4-coord,0.437309
4-coord,0.690056
4-coord,0.724062
4-coord,0.376555
4-coord,0.634925
4-coord,0.731542
4-coord,0.498667
4-coord,0.728586
4-coord,0.71462
4-coord,0.568472
4-coord,0.717675
4-coord,0.719264
4-coord,0.568816
4-coord,0.605604
4-coord,0.68037
4-coord,0.586393
4-coord,0.419308
4-coord,0.408982
4-coord,0.676389
4-coord,0.505593
4-coord,0.568338
4-coord,0.690636
4-coord,0.437604
4-coord,0.315808
4-coord,0.667089
4-coord,0.219447
4-coord,0.414246
4-coord,0.609983
4-coord,0.355277
4-coord,0.592916
4-coord,0.514858
4-coord,0.743941
4-coord,0.429373
4-coord,0.497673
4-coord,0.434653
4-coord,0.59595
4-coord,0.539101
4-coord,0.738727
4-coord,0.72868
4-coord,0.6457
4-coord,0.713837
4-coord,0.581739
4-coord,0.719045
4-coord,0.627476
4-coord,0.582999
4-coord,0.717576
4-coord,0.47681
4-coord,0.517034
6-coord,0.607507
6-coord,0.614112
6-coord,0.575854
6-coord,0.522599
6-coord,0.702589
6-coord,0.447068
6-coord,0.610473
6-coord,0.501597
6-coord,0.705186
6-coord,0.371786
6-coord,0.598364
6-coord,0.579147
6-coord,0.480246
6-coord,0.593538
6-coord,0.665335
6-coord,0.569152
6-coord,0.725568
6-coord,0.643571
6-coord,0.627979
6-coord,0.544638
6-coord,0.537981
6-coord,0.452718
6-coord,0.607951
6-coord,0.603772
6-coord,0.534755
6-coord,0.420676
6-coord,0.732642
6-coord,0.399759
6-coord,0.51169
6-coord,0.719951
6-coord,0.610131
6-coord,0.683178
6-coord,0.459171
6-coord,0.550518
6-coord,0.613071
6-coord,0.735785
6-coord,0.730207
6-coord,0.565835
6-coord,0.649781
6-coord,0.228442
6-coord,0.469128
6-coord,0.583938
6-coord,0.238172
6-coord,0.704778
6-coord,0.467083
6-coord,0.469053
6-coord,0.728914
6-coord,0.686393
6-coord,0.424505
6-coord,0.367727
6-coord,0.671482
6-coord,0.703793
6-coord,0.35087
6-coord,0.743219
6-coord,0.280854
6-coord,0.715757
6-coord,0.70771
6-coord,0.658382
6-coord,0.714194
6-coord,0.334492
6-coord,0.396637
6-coord,0.683257
6-coord,0.441139
6-coord,0.346659
6-coord,0.405815
6-coord,0.655659
6-coord,0.603847
6-coord,0.717125
6-coord,0.582638
6-coord,0.680379
6-coord,0.253279
6-coord,0.631837
6-coord,0.292407
6-coord,0.514398
6-coord,0.45355
6-coord,0.411607
6-coord,0.554849
6-coord,0.410273
6-coord,0.747371
6-coord,0.537331
6-coord,0.700334
6-coord,0.385984
6-coord,0.327223
6-coord,0.70273
6-coord,0.130463
6-coord,0.289423
6-coord,0.742615
6-coord,0.473152
6-coord,0.558894
6-coord,0.718159
6-coord,0.596299
6-coord,0.546131
6-coord,0.455594
6-coord,0.322557
6-coord,0.489165
6-coord,0.636823
6-coord,0.606568
6-coord,0.655181
6-coord,0.625645
6-coord,0.494401
6-coord,0.730389
6-coord,0.425929
6-coord,0.649544
6-coord,0.221084
6-coord,0.425591
6-coord,0.637372
6-coord,0.716024
6-coord,0.527817
6-coord,0.427242
6-coord,0.351106
6-coord,0.652554
6-coord,0.606087
6-coord,0.597166
6-coord,0.562673
6-coord,0.386929
6-coord,0.749702
6-coord,0.650387
6-coord,0.254186
6-coord,0.48302
6-coord,0.721109
6-coord,0.356835
6-coord,0.258851
6-coord,0.479906
6-coord,0.693266
6-coord,0.538972
6-coord,0.627883
6-coord,0.502354
6-coord,0.580681
6-coord,0.70407
6-coord,0.631607
6-coord,0.440095
6-coord,0.579224
6-coord,0.530004
6-coord,0.38644
6-coord,0.501684
6-coord,0.292941
6-coord,0.644108
6-coord,0.599678
6-coord,0.451817
6-coord,0.399244
6-coord,0.74325
6-coord,0.744857
6-coord,0.512517
6-coord,0.59243
6-coord,0.731046
6-coord,0.691254
6-coord,0.677355
6-coord,0.720876
6-coord,0.42889
6-coord,0.696647
6-coord,0.552263
6-coord,0.728492
6-coord,0.712108
6-coord,0.517957
6-coord,0.491746
6-coord,0.71686
6-coord,0.753437
6-coord,0.269992
6-coord,0.700983
6-coord,0.670004
6-coord,0.506592
6-coord,0.519632
6-coord,0.662541
6-coord,0.391129
6-coord,0.527332
6-coord,0.482312
6-coord,0.651491
6-coord,0.548637
6-coord,0.665946
6-coord,0.69821
6-coord,0.360247
6-coord,0.647977
6-coord,0.519902
6-coord,0.552328
6-coord,0.627594
6-coord,0.66966
6-coord,0.519958
6-coord,0.303971
6-coord,0.658517
6-coord,0.612697
6-coord,0.412328
6-coord,0.646346
6-coord,0.528914
6-coord,0.449869
6-coord,0.614398
6-coord,0.741283
6-coord,0.647061
6-coord,0.659294
6-coord,0.614507
6-coord,0.651581
6-coord,0.435601
6-coord,0.488184
6-coord,0.64256
6-coord,0.445164
6-coord,0.728182
6-coord,0.169258
6-coord,0.69009
6-coord,0.545185
6-coord,0.689442
6-coord,0.183078
6-coord,0.581897
6-coord,0.578628
6-coord,0.658993
6-coord,0.556633
6-coord,0.298183
6-coord,0.676557
6-coord,0.488315
6-coord,0.530542
6-coord,0.569184
6-coord,0.44227
6-coord,0.54934
6-coord,0.687462
6-coord,0.628699
6-coord,0.66461
6-coord,0.53264
6-coord,0.562474
6-coord,0.045289
6-coord,0.525552
6-coord,0.643358
6-coord,0.647565
6-coord,0.550737
6-coord,0.681747
6-coord,0.714788
6-coord,0.420578
6-coord,0.637055
6-coord,0.313744
6-coord,0.60366
6-coord,0.648998
6-coord,0.354372
6-coord,0.632233
6-coord,0.6452
6-coord,0.694038
6-coord,0.50327
6-coord,0.381618
6-coord,0.641263
6-coord,0.545847
6-coord,0.577003
6-coord,0.262264
6-coord,0.480913
6-coord,0.534612
6-coord,0.606285
6-coord,0.721743
6-coord,0.1971
6-coord,0.55745
6-coord,0.438886
6-coord,0.456949
6-coord,0.301405
6-coord,0.648778
6-coord,0.673833
6-coord,0.113484
6-coord,0.418943
6-coord,0.48886
6-coord,0.748863
6-coord,0.646058
6-coord,0.633145
6-coord,0.732864
6-coord,0.605614
6-coord,0.701895
6-coord,0.678761
6-coord,0.425364
6-coord,0.605183
6-coord,0.673942
6-coord,0.681192
6-coord,0.735807
6-coord,0.533697
6-coord,0.501616
6-coord,0.158692
6-coord,0.742073
6-coord,0.539413
6-coord,0.72444
6-coord,0.713493
6-coord,0.600562
6-coord,0.731027
6-coord,0.453989
6-coord,0.576343
6-coord,0.664918
6-coord,0.365472
6-coord,0.438099
6-coord,0.397305
6-coord,0.416682
6-coord,0.31796
6-coord,0.390961
6-coord,0.221065
6-coord,0.691348
6-coord,0.480332
6-coord,0.259386
6-coord,0.745215
6-coord,0.580428
6-coord,0.319908
6-coord,0.64626
6-coord,0.65648
6-coord,0.737869
6-coord,0.714384
6-coord,0.683375
6-coord,0.721761
6-coord,0.573235
6-coord,0.303201
6-coord,0.731429
6-coord,0.384162
6-coord,0.668719
6-coord,0.58126
6-coord,0.721045
6-coord,0.356902
6-coord,0.591856
6-coord,0.602873
6-coord,0.618918
6-coord,0.634971
6-coord,0.26845
6-coord,0.642555
6-coord,0.678429
6-coord,0.723042
6-coord,0.436193
6-coord,0.358333
6-coord,0.697522
6-coord,0.682457
6-coord,0.564209
6-coord,0.407445
6-coord,0.663668
6-coord,0.741565
6-coord,0.679834
6-coord,0.206732
6-coord,0.333795
6-coord,0.577104
6-coord,0.472739
6-coord,0.323822
6-coord,0.491885
6-coord,0.596138
6-coord,0.558543
6-coord,0.418753
6-coord,0.345883
6-coord,0.656984
6-coord,0.621984
6-coord,0.456163
6-coord,0.219378
6-coord,0.561943
6-coord,0.678215
6-coord,0.358146
6-coord,0.607419
6-coord,0.52135
6-coord,0.606769
6-coord,0.737688
6-coord,0.201524
6-coord,0.488659
6-coord,0.51296
6-coord,0.436978
6-coord,0.713811
6-coord,0.483671
6-coord,0.367255
6-coord,0.677971
6-coord,0.641091
6-coord,0.663804
6-coord,0.446571
6-coord,0.275136
6-coord,0.661239
6-coord,0.525236
6-coord,0.625396
6-coord,0.375807
6-coord,0.625682
6-coord,0.699463
6-coord,0.367277
6-coord,0.366947
6-coord,0.600434
6-coord,0.546025
6-coord,0.655939
6-coord,0.227624
6-coord,0.343744
6-coord,0.475784
6-coord,0.494317
6-coord,0.721882
6-coord,0.664942
6-coord,0.39704
6-coord,0.63565
6-coord,0.612295
6-coord,0.617069
6-coord,0.515765
6-coord,0.433301
6-coord,0.577443
6-coord,0.610409
6-coord,0.371947
6-coord,0.533462
6-coord,0.417951
6-coord,0.615831
6-coord,0.734236
6-coord,0.479714
6-coord,0.616009
6-coord,0.657694
6-coord,0.638142
6-coord,0.572667
6-coord,0.465633
6-coord,0.592302
6-coord,0.569835
6-coord,0.463938
6-coord,0.545094
6-coord,0.732836
6-coord,0.113066
6-coord,0.564307
6-coord,0.568482
6-coord,0.725246
6-coord,0.402929
6-coord,0.713177
6-coord,0.703175
6-coord,0.45532
6-coord,0.691072
6-coord,0.338715
6-coord,0.671596
6-coord,0.228348
6-coord,0.672846
6-coord,0.729039
6-coord,0.745673
6-coord,0.504801
6-coord,0.743619
6-coord,0.567385
6-coord,0.68462
6-coord,0.62153
6-coord,0.686488
6-coord,0.609988
6-coord,0.633014
6-coord,0.672632
6-coord,0.617767
6-coord,0.641633
6-coord,0.129387
6-coord,0.745459
6-coord,0.681766
6-coord,0.550247
6-coord,0.590527
6-coord,0.586151
6-coord,0.471293
6-coord,0.327875
6-coord,0.625577
6-coord,0.448648
6-coord,0.377967
6-coord,0.631312
6-coord,0.535695
6-coord,0.73763
6-coord,0.519081
6-coord,0.668049
6-coord,0.58326
6-coord,0.742754
6-coord,0.742582
6-coord,0.555761
6-coord,0.411696
6-coord,0.740229
6-coord,0.239012
6-coord,0.538119
6-coord,0.663331
6-coord,0.495549
6-coord,0.72647
6-coord,0.581658
6-coord,0.356195
6-coord,0.584308
6-coord,0.438502
6-coord,0.594007
6-coord,0.571286
6-coord,0.746724
6-coord,0.459135
6-coord,0.488778
6-coord,0.592564
6-coord,0.710395
6-coord,0.357429
6-coord,0.629394
6-coord,0.628226
6-coord,0.60943
6-coord,0.545228
6-coord,0.381573
6-coord,0.745046
6-coord,0.486775
6-coord,0.679504
6-coord,0.443884
6-coord,0.518555
6-coord,0.690813
6-coord,0.359374
6-coord,0.570181
6-coord,0.329887
6-coord,0.586801
6-coord,0.717096
6-coord,0.705725
6-coord,0.514411
6-coord,0.54413
6-coord,0.620438
6-coord,0.605425
6-coord,0.61454
6-coord,0.476557
6-coord,0.718773
6-coord,0.714001
6-coord,0.556612
6-coord,0.737715
6-coord,0.357626
6-coord,0.537236
6-coord,0.655022
6-coord,0.490073
6-coord,0.72332
6-coord,0.560796
6-coord,0.706574
6-coord,0.511215
6-coord,0.26494
6-coord,0.675258
6-coord,0.417145
6-coord,0.59962
6-coord,0.197208
6-coord,0.467039
6-coord,0.657578
6-coord,0.425205
6-coord,0.582182
6-coord,0.367319
6-coord,0.651532
6-coord,0.526418
6-coord,0.436174
6-coord,0.723137
6-coord,0.166894
6-coord,0.734447
6-coord,0.458511
6-coord,0.447772
6-coord,0.477723
6-coord,0.378355
6-coord,0.700776
6-coord,0.631029
6-coord,0.536393
6-coord,0.594325
6-coord,0.452344
6-coord,0.522179
6-coord,0.754894
6-coord,0.712043
6-coord,0.352769
6-coord,0.716664
6-coord,0.747277
6-coord,0.465976
6-coord,0.479639
6-coord,0.401242
6-coord,0.721063
6-coord,0.672737
6-coord,0.742641
6-coord,0.7423
6-coord,0.606247
6-coord,0.404072
6-coord,0.752613
6-coord,0.7481
6-coord,0.683914
6-coord,0.619517
6-coord,0.360555
6-coord,0.736598
6-coord,0.622158
6-coord,0.469272
6-coord,0.431226
6-coord,0.63815
6-coord,0.733038
6-coord,0.68597
6-coord,0.243269
6-coord,0.688404
6-coord,0.641666
6-coord,0.376801
6-coord,0.64899
6-coord,0.347945
6-coord,0.655004
6-coord,0.351991
6-coord,0.621324
6-coord,0.196055
6-coord,0.356564
6-coord,0.426778
6-coord,0.475652
6-coord,0.696212
6-coord,0.371505
6-coord,0.619533
6-coord,0.519333
6-coord,0.655365
6-coord,0.20343
6-coord,0.715642
6-coord,0.309591
6-coord,0.227137
6-coord,0.295846
6-coord,0.202371
6-coord,0.485422
6-coord,0.576959
6-coord,0.681431
6-coord,0.338761
6-coord,0.652759
6-coord,0.594681
6-coord,0.734933
6-coord,0.611313
6-coord,0.472416
6-coord,0.612455
6-coord,0.651909
6-coord,0.568684
6-coord,0.554081
6-coord,0.503085
6-coord,0.63981
6-coord,0.393698
6-coord,0.574847
6-coord,0.633012
6-coord,0.654465
6-coord,0.695454
6-coord,0.419302
6-coord,0.280066
6-coord,0.558846
6-coord,0.528286
6-coord,0.657387
6-coord,0.402738
6-coord,0.68581
6-coord,0.600219
6-coord,0.304636
6-coord,0.532274
6-coord,0.612047
6-coord,0.66924
6-coord,0.239557
6-coord,0.459273
6-coord,0.752265
6-coord,0.732031
6-coord,0.55065
6-coord,0.390711
6-coord,0.503419
6-coord,0.539777
6-coord,0.564559
6-coord,0.603307
6-coord,0.470672
6-coord,0.251796
6-coord,0.51434
6-coord,0.671471
6-coord,0.407409
6-coord,0.421145
6-coord,0.625542
6-coord,0.665049
6-coord,0.60426
6-coord,0.360414
6-coord,0.58671
6-coord,0.518179
6-coord,0.589604
6-coord,0.582632
6-coord,0.669074
6-coord,0.546962
6-coord,0.463247
6-coord,0.748226
6-coord,0.711209
6-coord,0.543235
6-coord,0.752498
6-coord,0.513087
6-coord,0.453913
6-coord,0.684608
6-coord,0.505883
6-coord,0.090284
6-coord,0.745224
6-coord,0.464632
6-coord,0.366371
6-coord,0.551403
6-coord,0.715493
6-coord,0.674716
6-coord,0.512826
6-coord,0.45637
6-coord,0.51769
6-coord,0.59801
6-coord,0.676731
6-coord,0.750869
6-coord,0.711126
6-coord,0.607557
6-coord,0.60978
6-coord,0.034277
6-coord,0.682502
6-coord,0.510072
6-coord,0.551968
6-coord,0.575737
6-coord,0.517905
6-coord,0.538807
6-coord,0.748681
6-coord,0.473201
6-coord,0.379697
6-coord,0.222984
6-coord,0.521704
6-coord,0.731323
6-coord,0.721851
6-coord,0.482433
6-coord,0.624978
6-coord,0.416056
6-coord,0.648495
6-coord,0.65694
6-coord,0.675819
6-coord,0.443123
6-coord,0.728216
6-coord,0.706169
6-coord,0.482885
6-coord,0.377633
6-coord,0.509766
6-coord,0.623515
6-coord,0.591596
6-coord,0.590931
6-coord,0.328771
6-coord,0.652863
6-coord,0.434674
6-coord,0.506407
6-coord,0.318585
6-coord,0.531779
6-coord,0.697391
6-coord,0.594026
6-coord,0.732069
6-coord,0.618767
6-coord,0.433431
6-coord,0.395738
6-coord,0.601342
6-coord,0.63209
6-coord,0.667343
6-coord,0.522062
6-coord,0.46043
6-coord,0.551149
6-coord,0.297444
6-coord,0.588598
6-coord,0.490128
6-coord,0.394712
6-coord,0.398635
6-coord,0.508079
6-coord,0.567607
6-coord,0.375657
6-coord,0.538721
6-coord,0.626704
6-coord,0.608321
6-coord,0.503053
6-coord,0.255406
6-coord,0.411626
6-coord,0.561257
6-coord,0.512783
6-coord,0.284325
6-coord,0.60511
6-coord,0.551301
6-coord,0.418235
6-coord,0.485765
6-coord,0.350653
6-coord,0.453094
6-coord,0.628835
6-coord,0.547554
6-coord,0.751312
6-coord,0.532861
6-coord,0.639442
6-coord,0.384777
6-coord,0.635731
6-coord,0.514717
6-coord,0.368994
6-coord,0.750464
6-coord,0.53364
6-coord,0.644342
6-coord,0.393441
6-coord,0.669962
6-coord,0.635948
6-coord,0.334696
6-coord,0.39266
6-coord,0.589223
6-coord,0.610722
6-coord,0.452937
6-coord,0.711903
6-coord,0.423711
6-coord,0.679834
6-coord,0.646674
6-coord,0.599115
6-coord,0.206306
6-coord,0.359176
6-coord,0.713
6-coord,0.634912
6-coord,0.369042
6-coord,0.66275
6-coord,0.647711
6-coord,0.65426
6-coord,0.665197
6-coord,0.75007
6-coord,0.62098
6-coord,0.692046
6-coord,0.561197
6-coord,0.576716
6-coord,0.564451
6-coord,0.443616
6-coord,0.605839
6-coord,0.655529
6-coord,0.309626
6-coord,0.443363
6-coord,0.681631
6-coord,0.399133
6-coord,0.388201
6-coord,0.727638
6-coord,0.378778
6-coord,0.486317
6-coord,0.624952
6-coord,0.394621
6-coord,0.516421
6-coord,0.524348
6-coord,0.312716
6-coord,0.200697
6-coord,0.45184
6-coord,0.537753
6-coord,0.750772
6-coord,0.301863
6-coord,0.454633
6-coord,0.507125
6-coord,0.461028
6-coord,0.612412
6-coord,0.356476
6-coord,0.714436
6-coord,0.589378
6-coord,0.662775
6-coord,0.398739
6-coord,0.493773
6-coord,0.504925
6-coord,0.353044
6-coord,0.509777
6-coord,0.621322
6-coord,0.69177
6-coord,0.644986
6-coord,0.484456
6-coord,0.363618
6-coord,0.727808
6-coord,0.461874
6-coord,0.667143
6-coord,0.718811
6-coord,0.569229
6-coord,0.417654
6-coord,0.417215
6-coord,0.461554
6-coord,0.559762
6-coord,0.71877
6-coord,0.57816
6-coord,0.708491
6-coord,0.657
6-coord,0.48733
6-coord,0.663376
6-coord,0.530117
6-coord,0.547468
6-coord,0.56838
6-coord,0.325876
6-coord,0.702815
6-coord,0.666908
6-coord,0.403959
6-coord,0.610861
6-coord,0.698392
6-coord,0.700645
6-coord,0.519219
6-coord,0.57623
6-coord,0.324548
6-coord,0.48407
6-coord,0.625366
6-coord,0.435469
6-coord,0.449743
6-coord,0.600746
6-coord,0.504845
6-coord,0.716476
6-coord,0.514851
6-coord,0.616478
6-coord,0.539478
6-coord,0.412357
6-coord,0.513188
6-coord,0.436261
6-coord,0.59108
6-coord,0.452717
6-coord,0.500491
6-coord,0.633322
6-coord,0.673761
6-coord,0.751054
6-coord,0.612382
6-coord,0.442189
6-coord,0.60653
6-coord,0.523719
6-coord,0.490411
6-coord,0.528282
6-coord,0.460284
6-coord,0.220328
6-coord,0.61645
6-coord,0.497223
6-coord,0.553036
6-coord,0.217197
6-coord,0.721819
6-coord,0.642873
6-coord,0.496461
6-coord,0.65681
6-coord,0.666761
6-coord,0.446547
6-coord,0.71215
6-coord,0.303957
6-coord,0.52838
6-coord,0.631633
6-coord,0.492342
6-coord,0.668006
6-coord,0.670203
6-coord,0.293582
6-coord,0.536815
6-coord,0.50664
6-coord,0.592253
6-coord,0.550781
6-coord,0.241949
6-coord,0.468732
6-coord,0.434611
6-coord,0.554116
6-coord,0.611559
6-coord,0.681032
6-coord,0.609767
6-coord,0.244519
6-coord,0.719907
6-coord,0.418745
6-coord,0.533887
6-coord,0.702422
6-coord,0.641254
6-coord,0.683695
6-coord,0.508558
6-coord,0.555097
6-coord,0.743999
6-coord,0.66621
6-coord,0.497264
6-coord,0.638557
6-coord,0.654771
6-coord,0.519698
6-coord,0.631925
6-coord,0.474142
6-coord,0.410717
6-coord,0.603235
6-coord,0.537847
6-coord,0.416541
6-coord,0.732726
6-coord,0.577063
6-coord,0.749
6-coord,0.637287
6-coord,0.344663
6-coord,0.736089
6-coord,0.585057
6-coord,0.496128
6-coord,0.477451
6-coord,0.3087
6-coord,0.221927
6-coord,0.410645
6-coord,0.367611
6-coord,0.363631
6-coord,0.324037
6-coord,0.585425
6-coord,0.581169
6-coord,0.661713
6-coord,0.238583
6-coord,0.441407
6-coord,0.512983
6-coord,0.480702
6-coord,0.66163
6-coord,0.722245
6-coord,0.740484
6-coord,0.694472
6-coord,0.559436
6-coord,0.386307
6-coord,0.47596
6-coord,0.371896
6-coord,0.699602
6-coord,0.751275
6-coord,0.686209
6-coord,0.237338
6-coord,0.619047
6-coord,0.301873
6-coord,0.72196
6-coord,0.376117
6-coord,0.659793
6-coord,0.544637
6-coord,0.698534
6-coord,0.556592
6-coord,0.725892
6-coord,0.530995
6-coord,0.314244
6-coord,0.621357
6-coord,0.525527
6-coord,0.360314
6-coord,0.498099
6-coord,0.503439
6-coord,0.663679
6-coord,0.568755
6-coord,0.370984
6-coord,0.582449
6-coord,0.385695
6-coord,0.528018
6-coord,0.683959
6-coord,0.560237
6-coord,0.084965
6-coord,0.668655
6-coord,0.691794
6-coord,0.738063
6-coord,0.657939
6-coord,0.475524
6-coord,0.490954
6-coord,0.7334
6-coord,0.526865
6-coord,0.3519
6-coord,0.652374
6-coord,0.431865
6-coord,0.705181
6-coord,0.567917
6-coord,0.652651
6-coord,0.592727
6-coord,0.49068
6-coord,0.568926
6-coord,0.53172
6-coord,0.645278
6-coord,0.639923
6-coord,0.37301
6-coord,0.744441
6-coord,0.715181
6-coord,0.630185
6-coord,0.593067
6-coord,0.687428
6-coord,0.405289
6-coord,0.63457
6-coord,0.635463
6-coord,0.740576
6-coord,0.643503
6-coord,0.49881
6-coord,0.431018
6-coord,0.578887
6-coord,0.529536
6-coord,0.453108
6-coord,0.690467
6-coord,0.317371
6-coord,0.627781
6-coord,0.671653
6-coord,0.652941
6-coord,0.415379
6-coord,0.539979
6-coord,0.700799
6-coord,0.739069
6-coord,0.428901
6-coord,0.378771
6-coord,0.509361
6-coord,0.436621
6-coord,0.72233
6-coord,0.622041
6-coord,0.279694
6-coord,0.651139
6-coord,0.6847
6-coord,0.62538
6-coord,0.270877
6-coord,0.692274
6-coord,0.611556
6-coord,0.675269
6-coord,0.693124
6-coord,0.683576
6-coord,0.652267
6-coord,0.716369
6-coord,0.5596
6-coord,0.63868
6-coord,0.710867
6-coord,0.646237
6-coord,0.741596
6-coord,0.249836
6-coord,0.426323
6-coord,0.56496
6-coord,0.734591
6-coord,0.565465
6-coord,0.554467
6-coord,0.608143
6-coord,0.452955
6-coord,0.55608
6-coord,0.326069
6-coord,0.561932
6-coord,0.605983
6-coord,0.684429
6-coord,0.442907
6-coord,0.51331
6-coord,0.652982
6-coord,0.578459
6-coord,0.7247
6-coord,0.50335
6-coord,0.494001
6-coord,0.569164
6-coord,0.674681
6-coord,0.649978
6-coord,0.389416
6-coord,0.707913
6-coord,0.397402
6-coord,0.683755
6-coord,0.378337
6-coord,0.479269
6-coord,0.596945
6-coord,0.419472
6-coord,0.46371
6-coord,0.594937
6-coord,0.41285
6-coord,0.666178
6-coord,0.6056
6-coord,0.748049
6-coord,0.683427
6-coord,0.626775
6-coord,0.736926
6-coord,0.626315
6-coord,0.658867
6-coord,0.508928
6-coord,0.580249
6-coord,0.433995
6-coord,0.675843
6-coord,0.699203
6-coord,0.232439
6-coord,0.524738
6-coord,0.495807
6-coord,0.339916
6-coord,0.437227
6-coord,0.486261
6-coord,0.426619
6-coord,0.737601
6-coord,0.689097
6-coord,0.344858
6-coord,0.695233
6-coord,0.722679
6-coord,0.254813
6-coord,0.535697
6-coord,0.535387
6-coord,0.432727
6-coord,0.663782
6-coord,0.44983
6-coord,0.697721
6-coord,0.747259
6-coord,0.255209
6-coord,0.676312
6-coord,0.692535
6-coord,0.534101
6-coord,0.531984
6-coord,0.521661
6-coord,0.496762
6-coord,0.540888
6-coord,0.461298
6-coord,0.349737
6-coord,0.371024
6-coord,0.43138
6-coord,0.343684
6-coord,0.641199
6-coord,0.721855
6-coord,0.496216
6-coord,0.357604
6-coord,0.556779
6-coord,0.600829
6-coord,0.590957
6-coord,0.518703
6-coord,0.667758
6-coord,0.7045
6-coord,0.693734
6-coord,0.306243
6-coord,0.410038
6-coord,0.607823
6-coord,0.597039
6-coord,0.352113
6-coord,0.581714
6-coord,0.690444
6-coord,0.630795
6-coord,0.562536
6-coord,0.716858
6-coord,0.751533
6-coord,0.205101
6-coord,0.537294
6-coord,0.615382
6-coord,0.597265
6-coord,0.536978
6-coord,0.708445
6-coord,0.696565
6-coord,0.404747
6-coord,0.311445
6-coord,0.499975
6-coord,0.434625
6-coord,0.317537
6-coord,0.552135
6-coord,0.524702
6-coord,0.02034
6-coord,0.267691
6-coord,0.735705
6-coord,0.454562
6-coord,0.458536
6-coord,0.587682
6-coord,0.704325
6-coord,0.676533
6-coord,0.73699
6-coord,0.450146
6-coord,0.449325
6-coord,0.556935
6-coord,0.603356
6-coord,0.618222
6-coord,0.741029
6-coord,0.644049
6-coord,0.544536
6-coord,0.710174
6-coord,0.446089
6-coord,0.540173
6-coord,0.559154
6-coord,0.708181
6-coord,0.671081
6-coord,0.354234
6-coord,0.657086
6-coord,0.625276
6-coord,0.285757
6-coord,0.44539
6-coord,0.735159
6-coord,0.560971
6-coord,0.75185
6-coord,0.51283
6-coord,0.452112
6-coord,0.462941
6-coord,0.647812
6-coord,0.665089
6-coord,0.621419
6-coord,0.248668
6-coord,0.598996
6-coord,0.72053
6-coord,0.512119
6-coord,0.679232
6-coord,0.603485
6-coord,0.484862
6-coord,0.449982
6-coord,0.369709
6-coord,0.611402
6-coord,0.504182
6-coord,0.595415
6-coord,0.726919
6-coord,0.437679
6-coord,0.408132
6-coord,0.473592
6-coord,0.405584
6-coord,0.54677
6-coord,0.717006
6-coord,0.584072
6-coord,0.740987
6-coord,0.559175
6-coord,0.747066
6-coord,0.362044
6-coord,0.551068
6-coord,0.644507
6-coord,0.645225
6-coord,0.721467
6-coord,0.681617
6-coord,0.584813
6-coord,0.581426
6-coord,0.104468
6-coord,0.495442
6-coord,0.409437
6-coord,0.632358
6-coord,0.654779
6-coord,0.655382
6-coord,0.621266
6-coord,0.729932
6-coord,0.754921
6-coord,0.633585
6-coord,0.735757
6-coord,0.338079
6-coord,0.449603
6-coord,0.515297
6-coord,0.584245
6-coord,0.54941
6-coord,0.643615
6-coord,0.635548
6-coord,0.482879
6-coord,0.615596
6-coord,0.487947
6-coord,0.716735
6-coord,0.582018
6-coord,0.631761
6-coord,0.245564
6-coord,0.43155
6-coord,0.695746
6-coord,0.562257
6-coord,0.474086
6-coord,0.335601
6-coord,0.745412
6-coord,0.35847
6-coord,0.576702
6-coord,0.703808
6-coord,0.698175
6-coord,0.666211
6-coord,0.676572
6-coord,0.67373
6-coord,0.378938
6-coord,0.459173
6-coord,0.655849
6-coord,0.602902
6-coord,0.576286
6-coord,0.214198
6-coord,0.609315
6-coord,0.685537
6-coord,0.359719
6-coord,0.511536
6-coord,0.653943
6-coord,0.430481
6-coord,0.497191
6-coord,0.718636
6-coord,0.682415
6-coord,0.712399
6-coord,0.669595
6-coord,0.174084
6-coord,0.421863
6-coord,0.649667
6-coord,0.579439
6-coord,0.367007
6-coord,0.399058
6-coord,0.338267
6-coord,0.336626
6-coord,0.579866
6-coord,0.7456
6-coord,0.571591
6-coord,0.709056
6-coord,0.691468
6-coord,0.695566
6-coord,0.587427
6-coord,0.669005
6-coord,0.623448
6-coord,0.505967
6-coord,0.751621
6-coord,0.746008
6-coord,0.433768
6-coord,0.501206
6-coord,0.646346
6-coord,0.717423
6-coord,0.584166
6-coord,0.519251
6-coord,0.628965
6-coord,0.750023
6-coord,0.330154
6-coord,0.477672
6-coord,0.499209
6-coord,0.458158
6-coord,0.618813
6-coord,0.185311
6-coord,0.517925
6-coord,0.636262
6-coord,0.707904
6-coord,0.615072
6-coord,0.704333
6-coord,0.349691
6-coord,0.646066
6-coord,0.712368
6-coord,0.573263
6-coord,0.415658
6-coord,0.452933
6-coord,0.700823
6-coord,0.619026
6-coord,0.371009
6-coord,0.6244
6-coord,0.550501
6-coord,0.72934
6-coord,0.624701
6-coord,0.484798
6-coord,0.215843
6-coord,0.242089
6-coord,0.386381
6-coord,0.730212
6-coord,0.123329
6-coord,0.232635
6-coord,0.540994
6-coord,0.420998
6-coord,0.752325
6-coord,0.536612
6-coord,0.712721
6-coord,0.722629
6-coord,0.502173
6-coord,0.685852
6-coord,0.706093
6-coord,0.444822
6-coord,0.617646
6-coord,0.662559
6-coord,0.411559
6-coord,0.678224
6-coord,0.589516
6-coord,0.500282
6-coord,0.720819
6-coord,0.633774
6-coord,0.670177
6-coord,0.685324
6-coord,0.72519
6-coord,0.561272
6-coord,0.403039
6-coord,0.641434
6-coord,0.669581
6-coord,0.322057
6-coord,0.565471
6-coord,0.7283
6-coord,0.390485
6-coord,0.719237
6-coord,0.579221
6-coord,0.54322
6-coord,0.430003
6-coord,0.637794
6-coord,0.404938
6-coord,0.634775
6-coord,0.701604
6-coord,0.58747
6-coord,0.170766
6-coord,0.596307
6-coord,0.542624
6-coord,0.601264
6-coord,0.584893
6-coord,0.484765
6-coord,0.71927
6-coord,0.669399
6-coord,0.721899
6-coord,0.751809
6-coord,0.549142
6-coord,0.462556
6-coord,0.676967
6-coord,0.644248
6-coord,0.741402
6-coord,0.702778
6-coord,0.604922
6-coord,0.614557
6-coord,0.40768
6-coord,0.737533
6-coord,0.669367
6-coord,0.723294
6-coord,0.562137
6-coord,0.376231
6-coord,0.683031
6-coord,0.567071
6-coord,0.574842
6-coord,0.572523
6-coord,0.367656
6-coord,0.75435
6-coord,0.593541
6-coord,0.651958
6-coord,0.456147
6-coord,0.689469
6-coord,0.679877
6-coord,0.555576
6-coord,0.680426
6-coord,0.503233
6-coord,0.506716
6-coord,0.581714
6-coord,0.266862
6-coord,0.480166
6-coord,0.688892
6-coord,0.153906
6-coord,0.680682
6-coord,0.410275
6-coord,0.710239
6-coord,0.371436
6-coord,0.536988
6-coord,0.753522
6-coord,0.627877
6-coord,0.685775
6-coord,0.53803
6-coord,0.623107
6-coord,0.414514
6-coord,0.450339
6-coord,0.277993
6-coord,0.352603
6-coord,0.560951
6-coord,0.540146
6-coord,0.730626
6-coord,0.599785
6-coord,0.383345
6-coord,0.300113
6-coord,0.657941
6-coord,0.558838
6-coord,0.705507
6-coord,0.679628
6-coord,0.158882
6-coord,0.670485
6-coord,0.690001
6-coord,0.452315
6-coord,0.644905
6-coord,0.590721
6-coord,0.652987
6-coord,0.596824
6-coord,0.752959
6-coord,0.313117
6-coord,0.732171
6-coord,0.617124
6-coord,0.432039
6-coord,0.575206
6-coord,0.600787
6-coord,0.650105
6-coord,0.279181
6-coord,0.590049
6-coord,0.745291
6-coord,0.733966
6-coord,0.580942
6-coord,0.711564
6-coord,0.682712
6-coord,0.632415
6-coord,0.658778
6-coord,0.658259
6-coord,0.58791
6-coord,0.311426
6-coord,0.661333
6-coord,0.520562
6-coord,0.61016
6-coord,0.673629
6-coord,0.694442
6-coord,0.64011
6-coord,0.48674
6-coord,0.54505
6-coord,0.297834
6-coord,0.371047
6-coord,0.594192
6-coord,0.753428
6-coord,0.742537
6-coord,0.735455
6-coord,0.463171
6-coord,0.61036
6-coord,0.699846
6-coord,0.555847
6-coord,0.659188
6-coord,0.751165
6-coord,0.741264
6-coord,0.58088
6-coord,0.728088
6-coord,0.420897
6-coord,0.616046
6-coord,0.355686
6-coord,0.642709
6-coord,0.621991
6-coord,0.611712
6-coord,0.644612
6-coord,0.436198
6-coord,0.636618
6-coord,0.47997
6-coord,0.593977
6-coord,0.61063
6-coord,0.549727
6-coord,0.704166
6-coord,0.58953
6-coord,0.649022
6-coord,0.477218
6-coord,0.540204
6-coord,0.618581
6-coord,0.716946
6-coord,0.419281
6-coord,0.58112
6-coord,0.730485
6-coord,0.685615
6-coord,0.524503
6-coord,0.371023
6-coord,0.524662
6-coord,0.180362
6-coord,0.495074
6-coord,0.563548
6-coord,0.667769
6-coord,0.662688
6-coord,0.441422
6-coord,0.533877
6-coord,0.586524
6-coord,0.626533
6-coord,0.605229
6-coord,0.496761
6-coord,0.702408
6-coord,0.710077
6-coord,0.497962
6-coord,0.720556
6-coord,0.547167
6-coord,0.659861
6-coord,0.535757
6-coord,0.680155
6-coord,0.343984
6-coord,0.607065
6-coord,0.527404
6-coord,0.61112
6-coord,0.510797
6-coord,0.204509
6-coord,0.722955
6-coord,0.73323
6-coord,0.645056
6-coord,0.608384
6-coord,0.559344
6-coord,0.715426
6-coord,0.553165
6-coord,0.560413
6-coord,0.754613
6-coord,0.434981
6-coord,0.674567
6-coord,0.576699
6-coord,0.401848
6-coord,0.4504
6-coord,0.72035
6-coord,0.204369
6-coord,0.134139
6-coord,0.731828
6-coord,0.509227
6-coord,0.614475
6-coord,0.363633
6-coord,0.637455
6-coord,0.651808
6-coord,0.534778
6-coord,0.523263
6-coord,0.344078
6-coord,0.626298
6-coord,0.667916
6-coord,0.726158
6-coord,0.652614
6-coord,0.712597
6-coord,0.645056
6-coord,0.523756
6-coord,0.654605
6-coord,0.514437
6-coord,0.639602
6-coord,0.438726
6-coord,0.548596
6-coord,0.722207
6-coord,0.611768
6-coord,0.637303
6-coord,0.630123
6-coord,0.531136
6-coord,0.580566
6-coord,0.344632
6-coord,0.71645
6-coord,0.581932
6-coord,0.583699
6-coord,0.7085
6-coord,0.542892
6-coord,0.634882
6-coord,0.42279
6-coord,0.578536
6-coord,0.60847
6-coord,0.307918
6-coord,0.620621
6-coord,0.529352
6-coord,0.747807
6-coord,0.332431
6-coord,0.660332
6-coord,0.641643
6-coord,0.502211
6-coord,0.728465
6-coord,0.707916
6-coord,0.470706
6-coord,0.620231
6-coord,0.606607
6-coord,0.469595
6-coord,0.432835
6-coord,0.500412
6-coord,0.59068
6-coord,0.557191
6-coord,0.662798
6-coord,0.465439
6-coord,0.183588
6-coord,0.543505
6-coord,0.258769
6-coord,0.687384
6-coord,0.62174
6-coord,0.269199
6-coord,0.390909
6-coord,0.383471
6-coord,0.498337
6-coord,0.690496
6-coord,0.493311
6-coord,0.691586
6-coord,0.7158
6-coord,0.454189
6-coord,0.620552
6-coord,0.570419
6-coord,0.616997
6-coord,0.712323
6-coord,0.735127
6-coord,0.651396
6-coord,0.515957
6-coord,0.677757
6-coord,0.554448
6-coord,0.738492
6-coord,0.48376
6-coord,0.602703
6-coord,0.568327
6-coord,0.645292
6-coord,0.687197
6-coord,0.286343
6-coord,0.705024
6-coord,0.573505
6-coord,0.565827
6-coord,0.230837
6-coord,0.706765
6-coord,0.732106
6-coord,0.675045
6-coord,0.703404
6-coord,0.660944
6-coord,0.442451
6-coord,0.673084
6-coord,0.646853
6-coord,0.462853
6-coord,0.684491
6-coord,0.493808
6-coord,0.512843
6-coord,0.40027
6-coord,0.587514
6-coord,0.495195
6-coord,0.622628
6-coord,0.578793
6-coord,0.750399
6-coord,0.550769
6-coord,0.410311
6-coord,0.651208
6-coord,0.52884
6-coord,0.518985
6-coord,0.571377
6-coord,0.737043
6-coord,0.427564
6-coord,0.358028
6-coord,0.739011
6-coord,0.578867
6-coord,0.56307
6-coord,0.475887
6-coord,0.4587
6-coord,0.316808
6-coord,0.584623
6-coord,0.572991
6-coord,0.605119
6-coord,0.36095
6-coord,0.618822
6-coord,0.742636
6-coord,0.753758
6-coord,0.430871
6-coord,0.657419
6-coord,0.263629
6-coord,0.458347
6-coord,0.590275
6-coord,0.234651
6-coord,0.173645
6-coord,0.304097
6-coord,0.455535
6-coord,0.331643
6-coord,0.568011
6-coord,0.587139
6-coord,0.296285
6-coord,0.342074
6-coord,0.513134
6-coord,0.369257
6-coord,0.59678
6-coord,0.587745
6-coord,0.663398
6-coord,0.627124
6-coord,0.520904
6-coord,0.640489
6-coord,0.683784
6-coord,0.658985
6-coord,0.701745
