site_type,distance_angstrom
FCC,0.514125
FCC,0.443842
FCC,0.648633
FCC,0.493682
FCC,0.597028
FCC,0.502063
FCC,0.557577
FCC,0.564416
FCC,0.485326
FCC,0.551756
FCC,0.545085
FCC,0.643779
FCC,0.626683
FCC,0.589147
FCC,0.605258
FCC,0.64738
FCC,0.630902
FCC,0.644998
FCC,0.473411
FCC,0.738831
FCC,0.594185
FCC,0.582108
FCC,0.738493
FCC,0.850274
FCC,0.715809
FCC,0.60242
FCC,0.784959
FCC,0.437933
FCC,0.583537
FCC,0.670971
FCC,0.746617
FCC,0.54372
FCC,0.592057
FCC,0.690296
FCC,0.686453
FCC,0.460537
FCC,0.696439
FCC,0.675681
FCC,0.548492
FCC,0.886442
FCC,0.831573
FCC,0.684638
FCC,0.655451
FCC,0.668894
FCC,0.675857
FCC,0.617251
FCC,0.682206
FCC,0.731503
FCC,0.738298
FCC,0.685454
FCC,0.823063
FCC,0.781153
FCC,0.616629
FCC,0.530627
FCC,0.594451
FCC,0.432691
FCC,0.636104
FCC,0.710534
FCC,0.62824
FCC,0.662014
FCC,0.809873
FCC,0.557041
FCC,0.69751
FCC,0.764895
FCC,0.68704
FCC,0.545136
FCC,0.790468
FCC,0.887804
FCC,0.631067
FCC,0.731881
FCC,0.829967
FCC,0.708371
FCC,0.701385
FCC,0.566317
FCC,0.555022
FCC,0.621278
FCC,0.562907
FCC,0.666731
FCC,0.61695
FCC,0.627768
FCC,0.5835
FCC,0.689066
FCC,0.559528
FCC,0.865512
FCC,0.61377
FCC,0.774066
FCC,0.75087
FCC,0.39512
FCC,0.733178
FCC,0.604118
FCC,0.691033
FCC,0.548454
FCC,0.618868
FCC,0.685124
FCC,0.393614
FCC,0.586473
FCC,0.522269
FCC,0.428674
FCC,0.612031
FCC,0.594747
FCC,0.88349
FCC,0.455009
FCC,0.591188
FCC,0.756615
FCC,0.776706
FCC,0.507816
FCC,0.617245
FCC,0.665588
FCC,0.851402
FCC,0.75631
FCC,0.688196
FCC,0.583013
FCC,0.481026
FCC,0.450325
FCC,0.650177
FCC,0.523344
FCC,0.528707
FCC,0.538762
FCC,0.588468
FCC,0.642418
FCC,0.522718
FCC,0.463526
FCC,0.630531
FCC,0.390236
FCC,0.517427
FCC,0.697178
FCC,0.517328
FCC,0.649822
FCC,0.538458
FCC,0.823188
FCC,0.687031
FCC,0.640443
FCC,0.474589
FCC,0.615026
FCC,0.344499
FCC,0.545779
FCC,0.658949
FCC,0.490031
FCC,0.63319
FCC,0.575357
FCC,0.736806
FCC,0.465376
FCC,0.450302
FCC,0.672426
FCC,0.406729
FCC,0.67116
FCC,0.560645
FCC,0.549821
FCC,0.680406
FCC,0.460088
FCC,0.499922
FCC,0.575344
FCC,0.588337
FCC,0.594356
FCC,0.491374
FCC,0.434466
FCC,0.516848
FCC,0.536049
FCC,0.687277
FCC,0.671171
FCC,0.692343
FCC,0.359971
FCC,0.462415
FCC,0.670752
FCC,0.465747
FCC,0.773352
FCC,0.490676
FCC,0.521434
FCC,0.721932
FCC,0.892833
FCC,0.527165
FCC,0.577447
FCC,0.784659
FCC,0.680017
FCC,0.697177
FCC,0.325051
FCC,0.599136
FCC,0.139338
FCC,0.818457
FCC,0.516282
FCC,0.636137
FCC,0.373042
FCC,0.748112
FCC,0.613366
FCC,0.509161
FCC,0.689306
FCC,0.688762
FCC,0.653955
FCC,0.519801
FCC,0.658987
FCC,0.398034
FCC,0.497744
FCC,0.774908
FCC,0.653149
FCC,0.703554
FCC,0.549883
FCC,0.520157
FCC,0.609933
FCC,0.494847
FCC,0.78468
FCC,0.610994
FCC,0.634201
FCC,0.347063
FCC,0.641804
FCC,0.541571
FCC,0.545062
FCC,0.502288
FCC,0.412117
FCC,0.739036
FCC,0.517554
FCC,0.586274
FCC,0.556067
FCC,0.511495
FCC,0.332165
FCC,0.64032
FCC,0.402344
FCC,0.594626
FCC,0.405968
FCC,0.587509
FCC,0.698746
FCC,0.462805
FCC,0.496978
FCC,0.641316
FCC,0.310652
FCC,0.594425
FCC,0.455257
FCC,0.440704
FCC,0.660113
FCC,0.2386
FCC,0.711902
FCC,0.625389
FCC,0.551936
FCC,0.58102
FCC,0.368363
FCC,0.276989
FCC,0.54486
FCC,0.415347
FCC,0.665351
FCC,0.502644
FCC,0.547346
FCC,0.690357
FCC,0.507152
FCC,0.630073
FCC,0.510572
FCC,0.521256
FCC,0.520652
FCC,0.711286
FCC,0.340364
FCC,0.557669
FCC,0.383653
FCC,0.616771
FCC,0.590119
FCC,0.707156
FCC,0.544504
FCC,0.63506
FCC,0.624725
FCC,0.64888
FCC,0.638895
FCC,0.612967
FCC,0.725107
FCC,0.773099
FCC,0.618625
FCC,0.711134
FCC,0.509952
FCC,0.451512
FCC,0.638293
FCC,0.478315
FCC,0.584665
FCC,0.602914
FCC,0.800401
FCC,0.57446
FCC,0.693789
FCC,0.53935
FCC,0.721135
FCC,0.681218
FCC,0.615581
FCC,0.599736
FCC,0.593403
FCC,0.477512
FCC,0.819534
FCC,0.768604
FCC,0.566129
FCC,0.580131
FCC,0.443639
FCC,0.7831
FCC,0.645523
FCC,0.675436
FCC,0.670793
FCC,0.732009
FCC,0.532899
FCC,0.780169
FCC,0.544702
FCC,0.696911
FCC,0.494767
FCC,0.778064
FCC,0.682167
FCC,0.668772
FCC,0.692551
FCC,0.721548
FCC,0.670091
FCC,0.636768
FCC,0.659673
FCC,0.490732
FCC,0.782937
FCC,0.618223
FCC,0.870083
FCC,0.802204
FCC,0.672946
FCC,0.681951
FCC,0.852691
FCC,0.675026
FCC,0.931076
FCC,0.633166
FCC,0.727114
FCC,0.587951
FCC,0.793385
FCC,0.453798
FCC,0.641793
FCC,0.587191
FCC,0.675887
FCC,0.69281
FCC,0.732541
FCC,0.544282
FCC,0.58641
FCC,0.660016
FCC,0.546851
FCC,0.489695
FCC,0.861698
FCC,0.737942
FCC,0.843638
FCC,0.667863
FCC,0.61995
FCC,0.831074
FCC,0.847629
FCC,0.991934
FCC,0.736472
FCC,0.608927
FCC,0.49309
FCC,0.617211
FCC,0.754691
FCC,0.540434
FCC,0.610597
FCC,0.571774
FCC,0.661321
FCC,0.485149
FCC,0.509196
FCC,0.63176
FCC,0.759953
FCC,0.863662
FCC,0.763468
FCC,0.658506
FCC,0.615385
FCC,0.559404
FCC,0.81285
FCC,0.632443
FCC,0.394562
FCC,0.364588
FCC,0.580654
FCC,0.395338
FCC,0.578546
FCC,0.715631
FCC,0.469644
FCC,0.739485
FCC,0.539791
FCC,0.386596
FCC,0.491043
FCC,0.692832
FCC,0.561193
FCC,0.568662
FCC,0.530151
FCC,0.580228
FCC,0.678371
FCC,0.625782
FCC,0.545503
FCC,0.64874
FCC,0.542723
FCC,0.498993
FCC,0.452453
FCC,0.542558
FCC,0.52968
FCC,0.411599
FCC,0.631382
FCC,0.525058
FCC,0.613449
FCC,0.468055
FCC,0.75049
FCC,0.378533
FCC,0.575964
FCC,0.544495
FCC,0.558736
FCC,0.634013
FCC,0.344641
FCC,0.525711
FCC,0.684949
FCC,0.608743
FCC,0.714041
FCC,0.433665
FCC,0.529495
FCC,0.639697
FCC,0.579959
FCC,0.625893
FCC,0.763637
FCC,0.609982
FCC,0.328265
FCC,0.417517
FCC,0.644829
FCC,0.372944
FCC,0.653986
FCC,0.507693
FCC,0.470601
FCC,0.725923
FCC,0.65566
FCC,0.524281
FCC,0.548344
FCC,0.73395
FCC,0.760771
FCC,0.762355
FCC,0.415954
FCC,0.643194
FCC,0.386483
FCC,0.581247
FCC,0.458621
FCC,0.685327
FCC,0.699955
FCC,0.737625
FCC,0.516956
FCC,0.54028
FCC,0.763441
FCC,0.441422
FCC,1.005982
FCC,0.536668
FCC,0.692618
FCC,0.547094
FCC,0.506157
FCC,0.543023
FCC,0.545888
FCC,0.889279
FCC,0.659661
FCC,0.56062
FCC,0.758397
FCC,0.465691
FCC,0.689637
FCC,0.624815
FCC,0.590448
FCC,0.44245
FCC,0.707852
FCC,0.257196
FCC,0.790767
FCC,0.494895
FCC,0.408641
FCC,0.73995
FCC,0.501665
FCC,0.952921
FCC,0.727834
FCC,0.439968
FCC,0.446709
FCC,0.642866
FCC,0.460924
FCC,0.696287
FCC,0.502269
FCC,0.525336
FCC,0.735948
FCC,0.433431
FCC,0.96602
FCC,0.582496
FCC,0.324202
FCC,0.447847
FCC,0.384404
FCC,0.387192
FCC,0.510356
FCC,0.359649
FCC,0.856707
FCC,0.574915
FCC,0.272246
FCC,0.575577
FCC,0.475624
FCC,0.405945
FCC,0.714001
FCC,0.158662
FCC,0.507624
FCC,0.582368
FCC,0.465319
FCC,0.551704
FCC,0.457662
FCC,0.39758
FCC,0.45511
FCC,0.394022
FCC,0.567909
FCC,0.398788
FCC,0.650494
FCC,0.402069
FCC,0.381233
FCC,0.559948
FCC,0.530134
FCC,0.788995
FCC,0.68073
FCC,0.626284
FCC,0.484582
FCC,0.659587
FCC,0.496596
FCC,0.894361
FCC,0.804159
FCC,0.895822
FCC,0.663742
FCC,0.598024
FCC,0.486732
FCC,0.428115
FCC,0.672806
FCC,0.493708
FCC,0.504838
FCC,0.68149
FCC,0.614289
FCC,0.478793
FCC,0.539332
FCC,0.68213
FCC,0.643022
FCC,0.568179
FCC,0.605291
FCC,0.665107
FCC,0.599639
FCC,0.629384
FCC,0.597077
FCC,0.568773
FCC,0.706484
FCC,0.608608
FCC,0.66657
FCC,0.612225
FCC,0.641281
FCC,0.625024
FCC,0.641289
FCC,0.604027
FCC,0.666693
FCC,0.56978
FCC,0.536612
FCC,0.579486
FCC,0.631982
FCC,0.496068
FCC,0.689362
FCC,0.520077
FCC,0.504399
FCC,0.609193
FCC,0.834585
FCC,0.461393
FCC,0.69448
FCC,0.414369
FCC,0.754998
FCC,0.539645
FCC,0.535137
FCC,0.759359
FCC,0.63602
FCC,0.818987
FCC,0.613683
FCC,0.591443
FCC,0.607105
FCC,0.748901
FCC,0.547552
FCC,0.619017
FCC,0.723168
FCC,0.438941
FCC,0.525699
FCC,0.668508
FCC,0.593045
FCC,0.702479
FCC,0.726211
FCC,0.643618
FCC,0.712629
FCC,0.686729
FCC,0.645781
FCC,0.673011
FCC,0.730006
FCC,0.707972
FCC,0.646516
FCC,0.764569
FCC,0.612238
FCC,0.607546
FCC,0.679264
FCC,0.873021
FCC,0.651474
FCC,0.783847
FCC,0.674776
FCC,0.483362
FCC,0.655735
FCC,0.608686
FCC,0.759489
FCC,0.613612
FCC,0.722306
FCC,0.55764
FCC,0.687776
FCC,0.859205
FCC,0.735094
FCC,0.628313
FCC,0.743227
FCC,0.680787
FCC,0.710154
FCC,0.629326
FCC,0.568472
FCC,0.597053
FCC,0.631893
FCC,0.534549
FCC,0.585682
FCC,0.69832
FCC,0.680743
FCC,0.336487
FCC,0.715457
FCC,0.715913
FCC,0.424619
FCC,0.67155
FCC,0.484262
FCC,0.757102
FCC,0.654749
FCC,0.512423
FCC,0.604746
FCC,0.470131
FCC,0.562386
FCC,0.681029
FCC,0.610643
FCC,0.417237
FCC,0.357811
FCC,0.419411
FCC,0.401932
FCC,0.408729
FCC,0.554186
FCC,0.698827
FCC,0.342667
FCC,0.518058
FCC,0.619274
FCC,0.453306
FCC,0.575911
FCC,0.525939
FCC,0.684086
FCC,0.726033
FCC,0.605236
FCC,0.474836
FCC,0.823399
FCC,0.584898
FCC,0.738793
FCC,0.404208
FCC,0.403876
FCC,0.703544
FCC,0.460231
FCC,0.580039
FCC,0.49821
FCC,0.712726
FCC,0.581732
FCC,0.45865
FCC,0.430664
FCC,0.517822
FCC,0.588496
FCC,0.713715
FCC,0.46561
FCC,0.800232
FCC,0.910172
FCC,0.449081
FCC,0.55513
FCC,0.797198
FCC,0.591637
FCC,0.50558
FCC,0.38373
FCC,0.640611
FCC,0.558752
FCC,0.66594
FCC,0.42688
FCC,0.697901
FCC,0.421033
FCC,0.653163
FCC,0.572314
FCC,0.519638
FCC,0.651626
FCC,0.490566
FCC,0.597547
FCC,0.526162
FCC,0.613175
FCC,0.560761
FCC,0.508623
FCC,0.675459
FCC,0.664318
FCC,0.712156
FCC,0.453754
FCC,0.573451
FCC,0.656958
FCC,0.655369
FCC,0.647627
FCC,0.62307
FCC,0.526848
FCC,0.378084
FCC,0.680756
FCC,0.495393
FCC,0.492581
FCC,0.380825
FCC,0.451678
FCC,0.729831
FCC,0.175452
FCC,0.83971
FCC,0.657898
FCC,0.528519
FCC,0.432507
FCC,0.816957
FCC,0.381718
FCC,0.725087
FCC,0.417425
FCC,0.546645
FCC,0.740614
FCC,0.651629
FCC,0.838768
FCC,0.662398
FCC,0.440941
FCC,0.718744
FCC,0.576088
FCC,0.54411
FCC,0.726354
FCC,0.352256
FCC,0.58647
FCC,0.528364
FCC,0.428303
FCC,0.590356
FCC,0.538257
FCC,0.448255
FCC,0.879423
FCC,0.562418
FCC,0.490389
FCC,0.726279
FCC,0.53032
FCC,0.662956
FCC,0.6247
FCC,0.685258
FCC,0.630825
FCC,0.389784
FCC,0.426155
FCC,0.475531
FCC,0.631607
FCC,0.429996
FCC,0.311197
FCC,0.580057
FCC,0.346343
FCC,0.401629
FCC,0.51
FCC,0.513516
FCC,0.532788
FCC,0.563393
FCC,0.357466
FCC,0.493938
FCC,0.533845
FCC,0.630311
FCC,0.270679
FCC,0.393469
FCC,0.537379
FCC,0.539618
FCC,0.447941
FCC,0.653559
FCC,0.46696
FCC,0.605522
FCC,0.653433
FCC,0.418848
FCC,0.640096
FCC,0.528691
FCC,0.516398
FCC,0.490456
FCC,0.54726
FCC,0.449717
FCC,0.599451
FCC,0.720029
FCC,0.561754
FCC,0.527561
FCC,0.725615
FCC,0.650746
FCC,0.670286
FCC,0.538999
FCC,0.467392
FCC,0.533939
FCC,0.554577
FCC,0.600777
FCC,0.550855
FCC,0.500647
FCC,0.438312
FCC,0.5217
FCC,0.489672
FCC,0.54519
FCC,0.678011
FCC,0.604659
FCC,0.706611
FCC,0.546713
FCC,0.686269
FCC,0.505408
FCC,0.579677
FCC,0.589675
FCC,0.691095
FCC,0.495625
FCC,0.66722
FCC,0.539532
FCC,0.571404
FCC,0.482533
FCC,0.558334
FCC,0.520217
FCC,0.499909
FCC,0.557011
FCC,0.639883
FCC,0.532402
FCC,0.738499
FCC,0.577984
FCC,0.465782
FCC,0.667368
FCC,0.53964
FCC,0.661199
FCC,0.630564
FCC,0.468357
FCC,0.410312
FCC,0.516427
FCC,0.588961
FCC,0.352241
FCC,0.511145
FCC,0.688653
FCC,0.579996
FCC,0.804972
FCC,0.407655
FCC,0.590915
FCC,0.71546
FCC,0.760766
FCC,0.582686
FCC,0.816611
FCC,0.514714
FCC,0.488733
FCC,0.749964
FCC,0.699523
FCC,0.480672
FCC,0.511059
FCC,0.345498
FCC,0.658582
FCC,0.422287
FCC,0.689938
FCC,0.71562
FCC,0.61496
FCC,0.62953
FCC,0.577416
FCC,1.013717
FCC,0.531544
FCC,0.624429
FCC,0.93188
FCC,0.620272
FCC,0.610717
FCC,0.737058
FCC,0.518721
FCC,0.52677
FCC,0.734914
FCC,0.537544
FCC,0.671499
FCC,0.592265
FCC,0.423861
FCC,0.769352
FCC,0.394571
FCC,0.397199
FCC,0.666465
FCC,0.4914
FCC,0.529716
FCC,0.479552
FCC,0.659718
FCC,0.758558
FCC,0.612264
FCC,0.69764
FCC,0.428872
FCC,0.735877
FCC,0.424505
FCC,0.35489
FCC,0.647628
FCC,0.546615
FCC,0.683131
FCC,0.558311
FCC,0.682223
FCC,0.557518
FCC,0.514546
FCC,0.73868
FCC,0.472353
FCC,0.565122
FCC,0.387392
FCC,0.665392
FCC,0.69073
FCC,0.531554
FCC,0.680396
FCC,0.704589
FCC,0.504715
FCC,0.553148
FCC,0.538903
FCC,0.498924
FCC,0.684633
FCC,0.613735
FCC,0.686626
FCC,0.625205
FCC,0.75698
FCC,0.540108
FCC,0.55279
FCC,0.681262
FCC,0.366986
FCC,0.689694
FCC,0.496013
FCC,0.659434
FCC,0.827692
FCC,0.738828
FCC,0.507457
FCC,0.558309
FCC,0.771914
FCC,0.733314
FCC,0.587054
FCC,0.509032
FCC,0.75639
FCC,0.419339
FCC,0.535267
FCC,0.541024
FCC,0.751758
FCC,0.581264
FCC,0.639536
FCC,0.612785
FCC,0.429421
FCC,0.823983
FCC,0.824678
FCC,0.848695
FCC,0.532264
FCC,0.563425
FCC,0.649463
FCC,0.418469
FCC,0.742641
FCC,0.591036
FCC,0.922421
FCC,0.44788
FCC,0.711709
FCC,0.687046
FCC,0.630936
FCC,0.689136
FCC,0.812323
FCC,0.390671
FCC,0.519611
FCC,0.803563
FCC,0.548275
FCC,0.667568
FCC,0.596277
FCC,0.57084
FCC,0.778438
FCC,0.430481
FCC,0.874474
FCC,0.739881
FCC,0.48323
FCC,0.415182
FCC,0.642331
FCC,0.347131
FCC,0.678933
FCC,0.5913
FCC,0.624881
FCC,0.731515
FCC,0.430136
FCC,0.745827
FCC,0.540729
FCC,0.75672
FCC,0.671591
FCC,0.437327
FCC,0.320521
FCC,0.714906
FCC,0.390778
FCC,0.69209
FCC,0.751611
FCC,0.39986
FCC,0.612916
FCC,0.458053
FCC,0.500802
FCC,0.627546
FCC,0.504075
FCC,0.818742
FCC,0.624267
FCC,0.70706
FCC,0.633882
FCC,0.462233
FCC,0.703914
FCC,0.66796
FCC,0.608554
FCC,0.474146
FCC,0.605129
FCC,0.391936
FCC,0.407776
FCC,0.513588
FCC,0.506335
FCC,0.663178
FCC,0.524315
FCC,0.58769
FCC,0.529822
FCC,0.415768
FCC,0.43775
FCC,0.619607
FCC,0.536887
FCC,0.617329
FCC,0.596895
FCC,0.606405
FCC,0.456901
FCC,0.481561
FCC,0.46473
FCC,0.465721
FCC,0.545067
FCC,0.363906
FCC,0.803365
FCC,0.646447
FCC,0.603203
FCC,0.432641
FCC,0.513748
FCC,0.577681
FCC,0.474536
FCC,0.432227
FCC,0.652944
FCC,0.463274
FCC,0.518904
FCC,0.448119
FCC,0.474061
FCC,0.511022
FCC,0.540785
FCC,0.623799
FCC,0.390108
FCC,0.59365
FCC,0.481695
FCC,0.527492
FCC,0.368272
FCC,0.613836
FCC,0.486069
FCC,0.782439
FCC,0.567922
FCC,0.745481
FCC,0.634999
FCC,0.525864
FCC,0.649691
FCC,0.553667
FCC,0.671937
FCC,0.511034
FCC,0.56376
FCC,0.40593
FCC,0.435721
FCC,0.316105
FCC,0.670349
FCC,0.414839
FCC,0.511694
FCC,0.59505
FCC,0.693403
FCC,0.578349
FCC,0.635234
FCC,0.282999
FCC,0.717706
FCC,0.548168
FCC,0.583244
FCC,0.4738
FCC,0.583702
FCC,0.544283
FCC,0.459448
FCC,0.582887
FCC,0.414834
FCC,0.489051
FCC,0.618493
FCC,0.385491
FCC,0.554319
FCC,0.446931
FCC,0.457176
FCC,0.534217
FCC,0.409143
FCC,0.63622
FCC,0.494727
FCC,0.703175
FCC,0.413923
FCC,0.595253
FCC,0.479048
FCC,0.524244
FCC,0.568161
FCC,0.549107
FCC,0.365498
FCC,0.389472
FCC,0.656475
FCC,0.589364
FCC,0.74015
FCC,0.548741
FCC,0.402818
FCC,0.439281
FCC,0.429087
FCC,0.557784
FCC,0.478415
FCC,0.853338
FCC,0.566739
FCC,0.595418
FCC,0.404135
FCC,0.573428
FCC,0.398269
FCC,0.587323
FCC,0.692868
FCC,0.32734
FCC,0.484877
FCC,0.603236
FCC,0.590153
FCC,0.530306
FCC,0.53585
FCC,0.41955
FCC,0.545444
FCC,0.548357
FCC,0.448245
FCC,0.584223
FCC,0.407644
FCC,0.758418
FCC,0.523484
FCC,0.577524
FCC,0.719466
FCC,0.476277
FCC,0.624041
FCC,0.683963
FCC,0.434835
FCC,0.42808
FCC,0.78905
FCC,0.387887
FCC,0.639706
FCC,0.701023
FCC,0.714686
FCC,0.514736
FCC,0.34605
FCC,0.587801
FCC,0.719452
FCC,0.815564
FCC,0.412478
FCC,0.520759
FCC,0.898948
FCC,0.534186
FCC,0.308232
FCC,0.742566
FCC,0.664466
FCC,0.668754
FCC,0.402437
FCC,0.53994
FCC,0.668411
FCC,0.537412
FCC,0.480732
FCC,0.692443
FCC,0.718262
FCC,0.30459
FCC,0.526663
FCC,0.757019
FCC,0.391532
FCC,0.632612
FCC,0.580535
FCC,0.567274
FCC,0.667178
FCC,0.758047
FCC,0.369598
FCC,0.49775
FCC,0.877147
FCC,0.847299
FCC,0.509855
FCC,0.514847
FCC,0.774898
FCC,0.63417
FCC,0.517938
FCC,0.59401
FCC,0.690266
FCC,0.518536
FCC,0.489083
FCC,0.620961
FCC,0.468864
FCC,0.703156
FCC,0.282062
FCC,0.471706
FCC,0.528006
FCC,0.36332
FCC,0.479951
FCC,0.305131
FCC,0.563211
FCC,0.439427
FCC,0.743472
FCC,0.523353
FCC,0.513456
FCC,0.654424
FCC,0.587226
FCC,0.579854
FCC,0.602899
FCC,0.407252
FCC,0.251999
FCC,0.528776
FCC,0.4284
FCC,0.809591
FCC,0.47967
FCC,0.488009
FCC,0.81483
FCC,0.555461
FCC,0.429532
FCC,0.552655
FCC,0.4791
FCC,0.37262
FCC,0.559582
FCC,0.260526
FCC,0.605105
FCC,0.489194
FCC,0.26336
FCC,0.790129
FCC,0.365766
FCC,0.776594
FCC,0.534264
FCC,0.25482
FCC,0.700352
FCC,0.450095
FCC,0.406012
FCC,0.691056
FCC,0.371319
FCC,0.763589
FCC,0.59501
FCC,0.233476
FCC,0.651719
FCC,0.435191
FCC,0.281381
FCC,0.596008
FCC,0.43601
FCC,0.660762
FCC,0.298338
FCC,0.589502
FCC,0.713146
FCC,0.562178
FCC,0.513547
FCC,0.45572
FCC,0.485615
FCC,0.459292
FCC,0.426704
FCC,0.297119
FCC,0.535806
FCC,0.308937
FCC,0.51058
FCC,0.522781
FCC,0.420545
FCC,0.449271
FCC,0.558467
FCC,0.569277
FCC,0.399382
FCC,0.498982
FCC,0.457015
FCC,0.745585
FCC,0.625071
FCC,0.775458
FCC,0.578196
FCC,0.652776
FCC,0.632122
FCC,0.610562
FCC,0.480762
FCC,0.61879
FCC,0.50466
FCC,0.387696
FCC,0.61908
FCC,0.498903
FCC,0.582206
FCC,0.450928
FCC,0.573167
FCC,0.344892
FCC,0.563734
FCC,0.502
FCC,0.434336
FCC,0.611147
FCC,0.366042
FCC,0.503204
FCC,0.588004
FCC,0.732769
FCC,0.557073
FCC,0.574966
FCC,0.490301
FCC,0.47878
FCC,0.560451
FCC,0.509212
FCC,0.555748
FCC,0.407663
FCC,0.455865
FCC,0.510159
FCC,0.462784
FCC,0.714644
FCC,0.567989
FCC,0.478293
FCC,0.481989
FCC,0.457165
FCC,0.509952
FCC,0.510641
FCC,0.534081
FCC,0.67596
FCC,0.556754
FCC,0.439738
FCC,0.496016
FCC,0.633404
FCC,0.624542
FCC,0.544426
FCC,0.718434
FCC,0.417145
FCC,0.535973
FCC,0.563448
FCC,0.538076
FCC,0.575208
FCC,0.564379
FCC,0.470748
FCC,0.352525
FCC,0.592713
FCC,0.529269
FCC,0.442156
FCC,0.487815
FCC,0.240412
FCC,0.409645
FCC,0.40804
FCC,0.401707
FCC,0.346204
FCC,0.29461
FCC,0.595971
FCC,0.630474
FCC,0.553726
FCC,0.401859
FCC,0.549684
FCC,0.519037
FCC,0.442252
FCC,0.489901
FCC,0.503737
FCC,0.539408
FCC,0.282572
FCC,0.404129
FCC,0.281193
FCC,0.599568
FCC,0.452219
FCC,0.647083
FCC,0.363589
FCC,0.379583
FCC,0.512731
FCC,0.407925
FCC,0.389551
FCC,0.259077
FCC,0.453017
FCC,0.447842
FCC,0.559255
FCC,0.652232
FCC,0.707435
FCC,0.639263
FCC,0.506537
FCC,0.456975
FCC,0.537654
FCC,0.46614
FCC,0.563919
FCC,0.648611
FCC,0.461167
FCC,0.602705
FCC,0.558482
FCC,0.436473
FCC,0.423873
FCC,0.366356
FCC,0.37877
FCC,0.562489
FCC,0.302131
FCC,0.585144
FCC,0.547781
FCC,0.586375
FCC,0.364501
FCC,0.597679
FCC,0.649647
FCC,0.565587
FCC,0.463524
FCC,0.549826
FCC,0.479634
FCC,0.65737
FCC,0.580755
FCC,0.673211
FCC,0.383036
FCC,0.409029
FCC,0.477802
FCC,0.376767
FCC,0.546855
FCC,0.575112
FCC,0.403372
FCC,0.634962
FCC,0.358023
FCC,0.615352
FCC,0.744195
FCC,0.581914
FCC,0.642675
FCC,0.614619
FCC,0.447133
FCC,0.736612
FCC,0.46793
FCC,0.58429
FCC,0.466979
FCC,0.586517
FCC,0.598293
FCC,0.463138
FCC,0.791498
FCC,0.254465
FCC,0.59963
FCC,0.496273
FCC,0.473093
FCC,0.748903
FCC,0.59491
FCC,0.559359
FCC,0.463732
FCC,0.714748
FCC,0.842134
FCC,0.663024
FCC,0.492644
FCC,0.645072
FCC,0.439732
FCC,0.662554
FCC,0.507025
FCC,0.71524
FCC,0.415762
FCC,0.465964
FCC,0.402401
FCC,0.459572
FCC,0.565368
FCC,0.540473
FCC,0.714158
FCC,0.447687
FCC,0.686103
FCC,0.562248
FCC,0.488007
FCC,0.837299
FCC,0.69549
FCC,0.771856
FCC,0.36218
FCC,0.502773
FCC,0.680388
FCC,0.577495
FCC,0.686377
FCC,0.449302
FCC,0.445047
FCC,0.391081
FCC,0.526952
FCC,0.403971
FCC,0.534962
FCC,0.358455
FCC,0.195913
FCC,0.57523
FCC,0.37922
FCC,0.982501
FCC,0.625218
FCC,0.545017
FCC,0.399251
FCC,0.575403
FCC,0.366322
FCC,0.651255
FCC,0.402311
FCC,0.293991
FCC,0.567888
FCC,0.206071
FCC,0.60772
FCC,0.554431
FCC,0.292798
FCC,0.44764
FCC,0.401002
FCC,0.421189
FCC,0.584251
FCC,0.177833
FCC,0.489415
FCC,0.552696
FCC,0.355606
FCC,0.614258
FCC,0.498779
FCC,0.459362
FCC,0.703059
FCC,0.226187
FCC,0.556021
FCC,0.507322
FCC,0.561358
FCC,0.539959
FCC,0.481138
FCC,0.523566
FCC,0.504897
FCC,0.488839
FCC,0.465927
FCC,0.413384
FCC,0.518955
FCC,0.481173
FCC,0.533949
FCC,0.596897
FCC,0.426279
FCC,0.547256
FCC,0.44869
FCC,0.493784
FCC,0.505175
FCC,0.52302
FCC,0.650646
FCC,0.523378
FCC,0.452719
FCC,0.543165
FCC,0.550141
FCC,0.48882
FCC,0.603176
FCC,0.430762
FCC,0.530112
FCC,0.405444
FCC,0.438921
FCC,0.503914
FCC,0.492707
FCC,0.476481
FCC,0.474852
FCC,0.715207
FCC,0.556269
FCC,0.388535
FCC,0.491255
FCC,0.61173
FCC,0.597322
FCC,0.673894
FCC,0.403604
FCC,0.453534
FCC,0.601073
FCC,0.591081
FCC,0.534582
FCC,0.598446
FCC,0.450105
FCC,0.462474
FCC,0.585784
FCC,0.43839
FCC,0.769964
FCC,0.463307
FCC,0.570285
FCC,0.538196
FCC,0.508374
FCC,0.559153
FCC,0.412015
FCC,0.547139
FCC,0.545761
FCC,0.446222
FCC,0.455858
FCC,0.62465
FCC,0.591423
FCC,0.553328
FCC,0.541743
FCC,0.492896
FCC,0.53933
FCC,0.477674
FCC,0.614301
FCC,0.595574
FCC,0.537833
FCC,0.379001
FCC,0.375936
FCC,0.442107
FCC,0.595063
FCC,0.376226
FCC,0.491213
FCC,0.451946
FCC,0.287141
FCC,0.597302
FCC,0.402569
FCC,0.38172
FCC,0.603342
FCC,0.411285
FCC,0.425899
FCC,0.520138
FCC,0.411512
FCC,0.752549
FCC,0.249903
FCC,0.552583
FCC,0.456877
FCC,0.432759
FCC,0.424529
FCC,0.450864
FCC,0.51798
FCC,0.446864
FCC,0.432462
FCC,0.615766
FCC,0.386175
FCC,0.538996
FCC,0.520396
FCC,0.405501
FCC,0.627083
FCC,0.647369
FCC,0.594453
FCC,0.554619
FCC,0.512208
FCC,0.418839
FCC,0.571459
FCC,0.615484
FCC,0.417208
FCC,0.468608
FCC,0.572152
FCC,0.646124
FCC,0.367778
FCC,0.480518
FCC,0.274471
FCC,0.403023
FCC,0.268502
FCC,0.378343
FCC,0.628863
FCC,0.461618
FCC,0.645608
FCC,0.55315
FCC,0.258998
FCC,0.605672
FCC,0.329929
FCC,0.552828
FCC,0.610664
FCC,0.472807
FCC,0.442955
FCC,0.3718
FCC,0.462759
FCC,0.558435
FCC,0.486114
FCC,0.541235
FCC,0.478529
FCC,0.517475
FCC,0.443492
FCC,0.583928
FCC,0.760765
FCC,0.536953
FCC,0.791038
FCC,0.341181
FCC,0.38208
FCC,0.619045
FCC,0.543411
FCC,0.531694
FCC,0.674282
FCC,0.355405
FCC,0.589101
FCC,0.715561
FCC,0.33918
FCC,0.646077
FCC,0.586728
FCC,0.60863
FCC,0.50822
FCC,0.416771
FCC,0.685196
FCC,0.421569
FCC,0.830903
FCC,0.651509
FCC,0.615266
FCC,0.418957
FCC,0.470229
FCC,0.565921
FCC,0.510031
FCC,0.688264
FCC,0.404855
FCC,0.572384
FCC,0.652299
FCC,0.634185
FCC,0.463799
FCC,0.436805
FCC,0.656102
FCC,0.782386
FCC,0.667477
FCC,0.361361
FCC,0.644992
FCC,0.479873
FCC,0.671552
FCC,0.527814
FCC,0.672943
FCC,0.328484
FCC,0.607005
FCC,0.565946
FCC,0.335049
FCC,0.756633
FCC,0.436894
FCC,0.740266
FCC,0.415363
FCC,0.609022
FCC,0.417169
FCC,0.496606
FCC,0.65791
FCC,0.332834
FCC,0.757435
FCC,0.508133
FCC,0.737116
FCC,0.682998
FCC,0.607737
FCC,0.666041
FCC,0.708805
FCC,0.443805
FCC,0.399986
FCC,0.71718
FCC,0.658815
FCC,0.682816
FCC,0.424139
FCC,0.437825
FCC,0.599224
FCC,0.410822
FCC,0.69478
FCC,0.662875
FCC,0.430914
FCC,0.445054
FCC,0.633467
FCC,0.562699
FCC,0.641329
FCC,0.414064
FCC,0.398467
FCC,0.593024
FCC,0.223824
FCC,0.994092
FCC,0.482202
FCC,0.276091
FCC,0.595002
FCC,0.358499
FCC,0.311002
FCC,0.604472
FCC,0.466654
FCC,0.467437
FCC,0.42425
FCC,0.380882
FCC,0.430966
FCC,0.345356
FCC,0.29695
FCC,0.555151
FCC,0.370489
FCC,0.64754
FCC,0.627826
FCC,0.49024
FCC,0.596803
FCC,0.594086
FCC,0.49327
FCC,0.726165
FCC,0.610382
FCC,0.514397
FCC,0.462012
FCC,0.347333
FCC,0.540204
FCC,0.366644
FCC,0.352683
FCC,0.381657
FCC,0.273602
FCC,0.451384
FCC,0.430176
FCC,0.421347
FCC,0.602998
FCC,0.411624
FCC,0.410382
FCC,0.620967
FCC,0.358211
FCC,0.485003
FCC,0.403605
FCC,0.382619
FCC,0.539567
FCC,0.438817
FCC,0.503833
FCC,0.547708
FCC,0.608771
FCC,0.264937
FCC,0.539086
FCC,0.360479
FCC,0.517568
FCC,0.484137
FCC,0.59049
FCC,0.419427
FCC,0.436465
FCC,0.479969
FCC,0.461609
FCC,0.60586
FCC,0.508425
FCC,0.363277
FCC,0.597199
FCC,0.516056
FCC,0.425076
FCC,0.501824
FCC,0.369274
FCC,0.367329
FCC,0.578459
FCC,0.534235
FCC,0.394795
FCC,0.461388
FCC,0.542146
FCC,0.532259
FCC,0.575032
FCC,0.531963
FCC,0.627182
FCC,0.503962
FCC,0.605929
FCC,0.492876
FCC,0.602318
FCC,0.581549
FCC,0.623404
FCC,0.54265
FCC,0.626229
FCC,0.475916
FCC,0.607442
FCC,0.529853
FCC,0.379943
FCC,0.56132
FCC,0.549305
FCC,0.517899
FCC,0.47263
FCC,0.490922
FCC,0.515186
FCC,0.66185
FCC,0.721497
FCC,0.626375
FCC,0.584479
FCC,0.581694
FCC,0.657309
FCC,0.453196
FCC,0.527862
FCC,0.477036
FCC,0.39668
FCC,0.596739
FCC,0.573425
FCC,0.385305
FCC,0.484091
FCC,0.567478
FCC,0.578856
FCC,0.496332
FCC,0.522633
FCC,0.495885
FCC,0.465244
FCC,0.603208
FCC,0.730396
FCC,0.632722
FCC,0.469653
FCC,0.525964
FCC,0.608905
FCC,0.506805
FCC,0.469023
FCC,0.639318
FCC,0.628035
FCC,0.453334
FCC,0.453659
FCC,0.735121
FCC,0.40581
FCC,0.672326
FCC,0.487222
FCC,0.646681
FCC,0.490468
FCC,0.530672
FCC,0.620514
FCC,0.605329
FCC,0.469264
FCC,0.371239
FCC,0.588934
FCC,0.279708
FCC,0.475081
FCC,0.655637
FCC,0.420742
FCC,0.41063
FCC,0.488139
FCC,0.210784
FCC,0.797216
FCC,0.437659
FCC,0.451938
FCC,0.557207
FCC,0.472372
FCC,0.583646
FCC,0.475554
FCC,0.658363
FCC,0.505509
FCC,0.485349
FCC,0.653319
FCC,0.460842
FCC,0.594438
FCC,0.527222
FCC,0.568849
FCC,0.509324
FCC,0.418311
FCC,0.694607
FCC,0.426973
FCC,0.535457
FCC,0.687771
FCC,0.635176
FCC,0.824967
FCC,0.577591
FCC,0.701053
FCC,0.527034
FCC,0.551939
FCC,0.631183
FCC,0.697049
FCC,0.635567
FCC,0.68098
FCC,0.641625
FCC,0.372966
FCC,0.535835
FCC,0.63099
FCC,0.553154
FCC,0.636358
FCC,0.540148
FCC,0.611845
FCC,0.463321
FCC,0.4693
FCC,0.645171
FCC,0.385244
FCC,0.769858
FCC,0.55526
FCC,0.435237
FCC,0.511511
FCC,0.909777
FCC,0.425423
FCC,0.515158
FCC,0.684187
FCC,0.902605
FCC,0.61226
FCC,0.558234
FCC,0.86949
FCC,0.388319
FCC,0.66263
FCC,0.43918
FCC,0.700825
FCC,0.468944
FCC,0.711261
FCC,0.430734
FCC,0.480027
FCC,0.800447
FCC,0.347125
FCC,0.79721
FCC,0.557496
FCC,0.558106
FCC,0.404762
FCC,0.38158
FCC,0.649922
FCC,0.249068
FCC,0.723677
FCC,0.374302
FCC,0.599916
FCC,0.620708
FCC,0.496716
FCC,0.62067
FCC,0.671817
FCC,0.328525
FCC,0.371819
FCC,0.565272
FCC,0.449407
FCC,0.485634
FCC,0.424792
FCC,0.517892
FCC,0.610398
FCC,0.35526
FCC,0.624298
FCC,0.535335
FCC,0.459401
FCC,0.411807
FCC,0.569956
FCC,0.318337
FCC,0.613706
FCC,0.455182
FCC,0.260406
FCC,0.641153
FCC,0.41517
FCC,0.439609
FCC,0.541859
FCC,0.218503
FCC,0.563092
FCC,0.403295
FCC,0.288145
FCC,0.487
FCC,0.178953
FCC,0.497086
FCC,0.596159
FCC,0.417775
FCC,0.619439
FCC,0.35354
FCC,0.310153
FCC,0.573658
FCC,0.252674
FCC,0.585088
FCC,0.362494
FCC,0.393735
FCC,0.551171
FCC,0.411183
FCC,0.460206
FCC,0.560446
FCC,0.483662
FCC,0.336009
FCC,0.596571
FCC,0.330281
FCC,0.455331
FCC,0.462796
FCC,0.551436
FCC,0.609316
FCC,0.350171
FCC,0.408308
FCC,0.38798
FCC,0.473811
FCC,0.434408
FCC,0.428357
FCC,0.48845
FCC,0.53714
FCC,0.569962
FCC,0.593021
FCC,0.381589
FCC,0.370104
FCC,0.497425
FCC,0.432335
FCC,0.52634
FCC,0.463597
FCC,0.471306
FCC,0.431418
FCC,0.445342
FCC,0.404611
FCC,0.518678
FCC,0.326584
FCC,0.567046
FCC,0.409272
FCC,0.575745
FCC,0.403691
FCC,0.525953
FCC,0.481731
FCC,0.490614
FCC,0.45746
FCC,0.459086
FCC,0.576176
FCC,0.498333
FCC,0.506206
FCC,0.350328
FCC,0.365638
FCC,0.524729
FCC,0.507108
FCC,0.466795
FCC,0.391037
FCC,0.463803
FCC,0.590487
FCC,0.419858
FCC,0.431968
FCC,0.636654
FCC,0.575007
FCC,0.616888
FCC,0.368346
FCC,0.543146
FCC,0.593969
FCC,0.668951
FCC,0.407996
FCC,0.491779
FCC,0.548927
FCC,0.54174
FCC,0.498733
FCC,0.419499
FCC,0.445321
FCC,0.524158
FCC,0.250755
FCC,0.546312
FCC,0.354724
FCC,0.453109
FCC,0.483002
FCC,0.619443
FCC,0.485208
FCC,0.382552
FCC,0.579223
FCC,0.395405
FCC,0.480499
FCC,0.602428
FCC,0.347322
FCC,0.589862
FCC,0.610585
FCC,0.411109
FCC,0.456713
FCC,0.476867
FCC,0.704552
FCC,0.373593
FCC,0.623131
FCC,0.537979
FCC,0.757486
FCC,0.588398
FCC,0.736249
FCC,0.367773
FCC,0.659303
FCC,0.37256
FCC,0.357412
FCC,0.613952
FCC,0.51491
FCC,0.521947
FCC,0.549307
FCC,0.583975
FCC,0.387983
FCC,0.386114
FCC,0.506983
FCC,0.378201
FCC,0.50304
FCC,0.551645
FCC,0.685791
FCC,0.463537
FCC,0.480768
FCC,0.443232
FCC,0.457435
FCC,0.589406
FCC,0.410092
FCC,0.580674
FCC,0.650669
FCC,0.552673
FCC,0.789455
FCC,0.59942
FCC,0.31975
FCC,0.602343
FCC,0.278197
FCC,0.398013
FCC,0.647148
FCC,0.476599
FCC,0.629483
FCC,0.45328
FCC,0.84233
FCC,0.720893
FCC,0.44408
FCC,0.891072
FCC,0.489813
FCC,0.700545
FCC,0.445984
FCC,0.402875
FCC,0.586788
FCC,0.638982
FCC,0.624747
FCC,0.664772
FCC,0.593724
FCC,0.463211
FCC,0.484573
FCC,0.622158
FCC,0.449231
FCC,0.532052
FCC,0.529286
FCC,0.560853
FCC,0.778609
FCC,0.430915
FCC,0.591439
FCC,0.698251
FCC,0.777655
FCC,0.553406
FCC,0.589404
FCC,0.481973
FCC,0.724693
FCC,0.280869
FCC,0.715064
FCC,0.494844
FCC,0.617823
FCC,0.373491
FCC,0.397582
FCC,0.623796
FCC,0.561644
FCC,0.607006
FCC,0.512143
FCC,0.470616
FCC,0.694044
FCC,0.846099
FCC,0.541653
FCC,0.396069
FCC,0.567572
FCC,0.806028
FCC,0.771584
FCC,0.321327
FCC,0.717153
FCC,0.114764
FCC,0.708733
FCC,0.404043
FCC,0.592697
FCC,0.302594
FCC,0.634881
FCC,0.423018
FCC,0.452701
FCC,0.649785
FCC,0.715738
FCC,0.735684
FCC,0.486191
FCC,0.674441
FCC,0.434491
FCC,0.446785
FCC,0.684799
FCC,0.548629
FCC,0.799053
FCC,0.447951
FCC,0.630468
FCC,0.730596
FCC,0.49156
FCC,0.52186
FCC,0.53826
FCC,0.541456
FCC,0.392187
FCC,0.575041
FCC,0.234717
FCC,0.605141
FCC,0.426686
FCC,0.361879
FCC,0.821015
FCC,0.607291
FCC,0.685743
FCC,0.558744
FCC,0.382795
FCC,0.440072
FCC,0.582646
FCC,0.47969
FCC,0.54507
FCC,0.358443
FCC,0.461906
FCC,0.790225
FCC,0.501461
FCC,0.761365
FCC,0.722753
FCC,0.429302
FCC,0.427149
FCC,0.32347
FCC,0.287932
FCC,0.651778
FCC,0.356932
FCC,0.718052
FCC,0.474294
FCC,0.230341
FCC,0.619094
FCC,0.460373
FCC,0.409967
FCC,0.504232
FCC,0.232464
FCC,0.572141
FCC,0.489378
FCC,0.473841
FCC,0.557445
FCC,0.679815
FCC,0.596207
FCC,0.622573
FCC,0.484251
FCC,0.24793
FCC,0.468116
FCC,0.618667
FCC,0.546627
FCC,0.305084
FCC,0.51922
FCC,0.57876
FCC,0.476005
FCC,0.599205
FCC,0.433069
FCC,0.470137
FCC,0.348582
FCC,0.423175
FCC,0.475749
FCC,0.51833
FCC,0.446499
FCC,0.499193
FCC,0.451597
FCC,0.495447
FCC,0.563306
FCC,0.59375
FCC,0.575746
FCC,0.600763
FCC,0.526853
FCC,0.542189
FCC,0.608421
FCC,0.593711
FCC,0.391334
FCC,0.396461
FCC,0.454368
FCC,0.392049
FCC,0.520302
FCC,0.481008
FCC,0.54315
FCC,0.429955
FCC,0.63909
FCC,0.522884
FCC,0.633398
FCC,0.6534
FCC,0.506413
FCC,0.721031
FCC,0.401901
FCC,0.371985
FCC,0.455736
FCC,0.610004
FCC,0.516831
FCC,0.449914
FCC,0.603735
FCC,0.729154
FCC,0.504372
FCC,0.522704
FCC,0.508492
FCC,0.516451
FCC,0.612818
FCC,0.364714
FCC,0.529688
FCC,0.316272
FCC,0.358377
FCC,0.277468
FCC,0.606043
FCC,0.53451
FCC,0.535928
FCC,0.466345
FCC,0.465599
FCC,0.542496
FCC,0.56567
FCC,0.482179
FCC,0.439893
FCC,0.449859
FCC,0.611449
FCC,0.51809
FCC,0.595273
FCC,0.220254
FCC,0.43086
FCC,0.464909
FCC,0.517793
FCC,0.62465
FCC,0.543495
FCC,0.340206
FCC,0.416785
FCC,0.44747
FCC,0.479224
FCC,0.444824
FCC,0.583858
FCC,0.670447
FCC,0.625082
FCC,0.643848
FCC,0.377847
FCC,0.737135
FCC,0.725211
FCC,0.461774
FCC,0.501175
FCC,0.302336
FCC,0.591496
FCC,0.423803
FCC,0.475252
FCC,0.698187
FCC,0.549101
FCC,0.676206
FCC,0.557668
FCC,0.570651
FCC,0.452919
FCC,0.544786
FCC,0.566077
FCC,0.5693
FCC,0.449009
FCC,0.554698
FCC,0.735938
FCC,0.531538
FCC,0.350397
FCC,0.588638
FCC,0.385889
FCC,0.590865
FCC,0.545995
FCC,0.468281
FCC,0.402942
FCC,0.611446
FCC,0.290225
FCC,0.65111
FCC,0.485951
FCC,0.461225
FCC,0.422677
FCC,0.534844
FCC,0.460824
FCC,0.591812
FCC,0.491382
FCC,0.491185
FCC,0.533032
FCC,0.440309
FCC,0.754478
FCC,0.571006
FCC,0.758801
FCC,0.353779
FCC,0.388257
FCC,0.647504
FCC,0.391634
FCC,0.499028
FCC,0.598035
FCC,0.689476
FCC,0.301775
FCC,0.486253
FCC,0.638561
FCC,0.275078
FCC,0.409077
FCC,0.395748
FCC,0.530808
FCC,0.536701
FCC,0.39774
FCC,0.506006
FCC,0.623653
FCC,0.508506
FCC,0.621096
FCC,0.426399
FCC,0.426868
FCC,0.628042
FCC,0.475618
FCC,0.668388
FCC,0.437664
FCC,0.577656
FCC,0.282956
FCC,0.485193
FCC,0.602964
FCC,0.510603
FCC,0.687372
FCC,0.49993
FCC,0.401655
FCC,0.733967
FCC,0.627858
FCC,0.446378
FCC,0.557077
FCC,0.750291
FCC,0.675792
FCC,0.628283
FCC,0.350782
FCC,0.556918
FCC,0.421765
FCC,0.596248
FCC,0.54768
FCC,0.502982
FCC,0.320404
FCC,0.702903
FCC,0.501997
FCC,0.376198
FCC,0.578602
FCC,0.51674
FCC,0.74517
FCC,0.34843
FCC,0.463438
FCC,0.328529
FCC,0.448337
FCC,0.766768
FCC,0.379162
FCC,0.677228
FCC,0.484999
FCC,0.545146
FCC,0.657821
FCC,0.625078
FCC,0.697324
FCC,0.727795
FCC,0.541484
FCC,0.332861
FCC,0.687569
FCC,0.287785
FCC,0.652564
FCC,0.411521
FCC,0.504833
FCC,0.655771
FCC,0.412596
FCC,0.977232
FCC,0.723328
FCC,0.466424
FCC,0.376558
FCC,0.713647
FCC,0.487578
FCC,0.823466
FCC,0.567173
FCC,0.501158
FCC,0.664909
FCC,0.719208
FCC,0.781333
FCC,0.597545
FCC,0.498576
FCC,0.724654
FCC,0.411605
FCC,0.396874
FCC,0.718679
FCC,0.288552
FCC,0.63691
FCC,0.703287
FCC,0.671441
FCC,0.409174
FCC,0.538046
FCC,0.374555
FCC,0.667533
FCC,0.272392
FCC,0.880119
FCC,0.580423
FCC,0.490978
FCC,0.623257
FCC,0.352017
FCC,0.639117
FCC,0.567734
FCC,0.632696
FCC,0.420802
FCC,0.517084
FCC,0.599986
FCC,0.645278
FCC,0.382864
FCC,0.53325
FCC,0.457157
FCC,0.294048
FCC,0.490428
FCC,0.445431
FCC,0.708264
FCC,0.408248
FCC,0.538669
FCC,0.412082
FCC,0.456082
FCC,0.572838
FCC,0.634533
FCC,0.520078
FCC,0.294935
FCC,0.619305
FCC,0.486412
FCC,0.469397
FCC,0.437803
FCC,0.616191
FCC,0.426772
FCC,0.658971
FCC,0.424313
FCC,0.461098
FCC,0.651152
FCC,0.472679
FCC,0.431423
FCC,0.459046
FCC,0.42225
FCC,0.619518
FCC,0.385211
FCC,0.660312
FCC,0.450533
FCC,0.546687
FCC,0.576409
FCC,0.554676
FCC,0.614566
FCC,0.500609
FCC,0.315287
FCC,0.453346
FCC,0.649098
FCC,0.22111
FCC,0.663672
FCC,0.511367
FCC,0.413039
FCC,0.548809
FCC,0.443764
FCC,0.420934
FCC,0.644762
FCC,0.496809
FCC,0.433647
FCC,0.60037
FCC,0.563749
FCC,0.683189
FCC,0.244271
FCC,0.465173
FCC,0.542137
FCC,0.456438
FCC,0.442602
FCC,0.389125
FCC,0.416953
FCC,0.475903
FCC,0.424026
FCC,0.54228
FCC,0.57103
FCC,0.386889
FCC,0.357937
FCC,0.60281
FCC,0.402368
FCC,0.410285
FCC,0.447654
FCC,0.416648
FCC,0.537502
FCC,0.466809
FCC,0.348004
FCC,0.386276
FCC,0.414872
FCC,0.364699
FCC,0.353174
FCC,0.469508
FCC,0.218392
FCC,0.49936
FCC,0.793593
FCC,0.494916
FCC,0.576122
FCC,0.431154
FCC,0.306153
FCC,0.531096
FCC,0.59122
FCC,0.34216
FCC,0.307991
FCC,0.5083
FCC,0.442764
FCC,0.437438
FCC,0.393723
FCC,0.530096
FCC,0.375668
FCC,0.196748
FCC,0.58845
FCC,0.436287
FCC,0.488547
FCC,0.452045
FCC,0.708228
FCC,0.556495
FCC,0.3046
FCC,0.50488
FCC,0.466725
FCC,0.39962
FCC,0.575226
FCC,0.432572
FCC,0.457001
FCC,0.602622
FCC,0.632075
FCC,0.560175
FCC,0.50754
FCC,0.300396
FCC,0.459865
FCC,0.55594
FCC,0.478263
FCC,0.340637
FCC,0.530545
FCC,0.453107
FCC,0.604342
FCC,0.557216
FCC,0.584758
FCC,0.374981
FCC,0.537787
FCC,0.698771
FCC,0.391742
FCC,0.377146
FCC,0.596099
FCC,0.452659
FCC,0.669912
FCC,0.530615
FCC,0.624969
FCC,0.519776
FCC,0.482562
FCC,0.519542
FCC,0.467702
FCC,0.680475
FCC,0.546297
FCC,0.619323
FCC,0.588481
FCC,0.560497
FCC,0.430069
FCC,0.831586
FCC,0.505363
FCC,0.688893
FCC,0.561753
FCC,0.567634
FCC,0.664329
FCC,0.384936
FCC,0.608513
FCC,0.718978
FCC,0.793365
FCC,0.463892
FCC,0.409449
FCC,0.634142
FCC,0.61836
FCC,0.687701
FCC,0.580144
FCC,0.468706
FCC,0.748431
FCC,0.671935
FCC,0.523443
FCC,0.628867
FCC,0.888441
FCC,0.7126
FCC,0.516114
FCC,0.458073
FCC,0.597311
FCC,0.347049
FCC,0.612603
FCC,0.551302
FCC,0.661356
FCC,0.540785
FCC,0.299538
FCC,0.432495
FCC,0.580397
FCC,0.554107
FCC,0.544264
FCC,0.60141
FCC,0.626917
FCC,0.643932
FCC,0.457525
FCC,0.377147
FCC,0.703617
FCC,0.767022
FCC,0.764915
FCC,0.492854
FCC,0.674144
FCC,0.606197
FCC,0.5928
FCC,0.588654
FCC,0.70252
FCC,0.402875
FCC,0.410179
FCC,0.701394
FCC,0.646615
FCC,0.577041
FCC,0.641981
FCC,0.478144
FCC,0.590007
FCC,0.620266
FCC,0.620126
FCC,0.56283
FCC,0.390861
FCC,0.444933
FCC,0.585451
FCC,0.313904
FCC,0.683887
FCC,0.438527
FCC,0.614228
FCC,0.56371
FCC,0.515956
FCC,0.60602
FCC,0.538505
FCC,0.45681
FCC,0.605278
FCC,0.348866
FCC,0.469262
FCC,0.709798
FCC,0.483158
FCC,0.631342
FCC,0.537244
FCC,0.598366
FCC,0.614758
FCC,0.458723
FCC,0.396727
FCC,0.706485
FCC,0.210905
FCC,0.900125
FCC,0.382055
FCC,0.602394
FCC,0.646703
FCC,0.408342
FCC,0.551315
FCC,0.525049
FCC,0.44112
FCC,0.502097
FCC,0.5069
FCC,0.374708
FCC,0.365951
FCC,0.245788
FCC,0.336133
FCC,0.524858
FCC,0.351501
FCC,0.678404
FCC,0.424957
FCC,0.506483
FCC,0.404005
FCC,0.421073
FCC,0.516571
FCC,0.625228
FCC,0.555166
FCC,0.709873
FCC,0.541365
FCC,0.560749
FCC,0.544634
FCC,0.461473
FCC,0.578322
FCC,0.413048
FCC,0.734861
FCC,0.592276
FCC,0.514646
FCC,0.400722
FCC,0.575242
FCC,0.485564
FCC,0.443223
FCC,0.43376
FCC,0.499219
FCC,0.684234
FCC,0.55539
FCC,0.676662
FCC,0.565057
FCC,0.589366
FCC,0.519536
FCC,0.509037
FCC,0.502551
FCC,0.531333
FCC,0.327958
FCC,0.595073
FCC,0.618712
FCC,0.585615
FCC,0.488592
FCC,0.502168
FCC,0.641267
FCC,0.719755
FCC,0.544119
FCC,0.73982
FCC,0.610446
FCC,0.602265
FCC,0.737994
FCC,0.504756
FCC,0.723728
FCC,0.547987
FCC,0.685329
FCC,0.484295
FCC,0.641762
FCC,0.535952
FCC,0.555899
FCC,0.647758
FCC,0.703175
FCC,0.549021
FCC,0.585217
FCC,0.648541
FCC,0.614296
FCC,0.689833
FCC,0.443129
FCC,0.694818
FCC,0.472277
FCC,0.455612
FCC,0.481578
FCC,0.530668
FCC,0.409935
FCC,0.409659
FCC,0.514603
FCC,0.405346
FCC,0.370751
FCC,0.564261
FCC,0.357553
FCC,0.348641
FCC,0.570006
FCC,0.597217
FCC,0.39161
FCC,0.475576
FCC,0.484667
FCC,0.525298
FCC,0.435723
FCC,0.469794
FCC,0.452882
FCC,0.298122
FCC,0.46209
FCC,0.379284
FCC,0.386561
FCC,0.428641
FCC,0.527792
FCC,0.417343
FCC,0.525708
FCC,0.560239
FCC,0.298466
FCC,0.477146
FCC,0.402012
FCC,0.38546
FCC,0.410041
FCC,0.457976
FCC,0.583413
FCC,0.320153
FCC,0.56469
FCC,0.483518
FCC,0.483925
FCC,0.642311
FCC,0.314249
FCC,0.516691
FCC,0.373864
FCC,0.359548
FCC,0.670863
FCC,0.408524
FCC,0.467128
FCC,0.64225
FCC,0.451817
FCC,0.476433
FCC,0.524818
FCC,0.536513
FCC,0.566282
FCC,0.521973
FCC,0.71078
FCC,0.523978
FCC,0.55103
FCC,0.682991
FCC,0.495746
FCC,0.631622
FCC,0.762075
FCC,0.573865
FCC,0.554661
FCC,0.708083
FCC,0.522978
FCC,0.551567
FCC,0.537375
FCC,0.57002
FCC,0.548337
FCC,0.798627
FCC,0.499835
FCC,0.372035
FCC,0.730864
FCC,0.473168
FCC,0.536273
FCC,0.602594
FCC,0.616702
FCC,0.67073
FCC,0.456595
FCC,0.55943
FCC,0.645109
FCC,0.421063
FCC,0.694601
FCC,0.640396
FCC,0.676278
FCC,0.630508
FCC,0.579526
FCC,0.845238
FCC,0.453392
FCC,0.849728
FCC,0.538376
FCC,0.493186
FCC,0.766343
FCC,0.808768
FCC,0.597609
FCC,0.602126
FCC,0.600203
FCC,0.56622
FCC,0.636095
FCC,0.535703
FCC,0.753517
FCC,0.512247
FCC,0.502697
FCC,0.522014
FCC,0.737203
FCC,0.419514
FCC,0.674597
FCC,0.694263
FCC,0.410379
FCC,0.675157
FCC,0.596659
FCC,0.655507
FCC,0.526005
FCC,0.706962
FCC,0.543222
FCC,0.315865
FCC,0.653355
FCC,0.475615
FCC,0.686346
FCC,0.277907
FCC,0.531341
FCC,0.626697
FCC,0.647839
FCC,0.560838
FCC,0.676691
FCC,0.383534
FCC,0.476714
FCC,0.577486
FCC,0.497557
FCC,0.528853
FCC,0.52514
FCC,0.550827
FCC,0.877957
FCC,0.332425
FCC,0.57492
FCC,0.440357
FCC,0.407439
FCC,0.483684
FCC,0.696235
FCC,0.400021
FCC,0.655132
FCC,0.427963
FCC,0.410285
FCC,0.714244
FCC,0.433089
FCC,0.577107
FCC,0.596497
FCC,0.268639
FCC,0.736529
FCC,0.430415
FCC,0.407083
FCC,0.595589
FCC,0.204485
FCC,0.687463
FCC,0.55483
FCC,0.447602
FCC,0.572046
FCC,0.501669
FCC,0.445779
FCC,0.633392
FCC,0.442827
FCC,0.535657
FCC,0.561678
FCC,0.554767
FCC,0.371619
FCC,0.701191
FCC,0.579956
FCC,0.52197
FCC,0.262579
FCC,0.399947
FCC,0.536055
FCC,0.531148
FCC,0.410916
FCC,0.404425
FCC,0.547065
FCC,0.590692
FCC,0.432119
FCC,0.519961
FCC,0.570861
FCC,0.544083
FCC,0.493489
FCC,0.465495
FCC,0.529145
FCC,0.61502
FCC,0.503554
FCC,0.66748
FCC,0.469831
FCC,0.57828
FCC,0.672245
FCC,0.497916
FCC,0.421314
FCC,0.477192
FCC,0.612472
FCC,0.489648
FCC,0.746317
FCC,0.460997
FCC,0.540222
FCC,0.537283
FCC,0.66821
FCC,0.403685
FCC,0.486585
FCC,0.641294
FCC,0.669374
FCC,0.442504
FCC,0.632182
FCC,0.417711
FCC,0.541697
FCC,0.454087
FCC,0.496892
FCC,0.576772
FCC,0.545282
FCC,0.671933
FCC,0.693397
FCC,0.516001
FCC,0.456931
FCC,0.583274
FCC,0.660013
FCC,0.63517
FCC,0.725141
FCC,0.709495
FCC,0.578905
FCC,0.69408
FCC,0.68272
FCC,0.510948
FCC,0.386999
FCC,0.466006
FCC,0.366797
FCC,0.579796
FCC,0.694915
FCC,0.603454
FCC,0.63067
FCC,0.794633
FCC,0.435124
FCC,0.45352
FCC,0.386028
FCC,0.507816
FCC,0.557155
FCC,0.531052
FCC,0.621603
FCC,0.413672
FCC,0.362047
FCC,0.410136
FCC,0.453477
FCC,0.557168
FCC,0.349156
FCC,0.547695
FCC,0.531069
FCC,0.372292
FCC,0.410377
FCC,0.507509
FCC,0.456016
FCC,0.657923
FCC,0.544624
FCC,0.452074
FCC,0.551161
FCC,0.573461
FCC,0.517068
FCC,0.429911
FCC,0.48051
FCC,0.345478
FCC,0.60006
FCC,0.530992
FCC,0.389991
FCC,0.591429
FCC,0.468044
FCC,0.588074
FCC,0.626934
FCC,0.502513
FCC,0.318899
FCC,0.481299
FCC,0.368217
FCC,0.524608
FCC,0.423454
FCC,0.53368
FCC,0.427131
FCC,0.500903
FCC,0.3133
FCC,0.401529
FCC,0.489402
FCC,0.416454
FCC,0.373178
FCC,0.658283
FCC,0.454756
FCC,0.402772
FCC,0.600709
FCC,0.585912
FCC,0.463787
FCC,0.605308
FCC,0.447534
FCC,0.565458
FCC,0.380526
FCC,0.442969
FCC,0.570393
FCC,0.426714
FCC,0.575951
FCC,0.45601
FCC,0.478345
FCC,0.559676
FCC,0.537322
FCC,0.527441
FCC,0.643952
FCC,0.622311
FCC,0.555892
FCC,0.697043
FCC,0.593218
FCC,0.639621
FCC,0.484164
FCC,0.429632
FCC,0.631741
FCC,0.500918
FCC,0.430134
FCC,0.427803
FCC,0.507203
FCC,0.608014
FCC,0.620128
FCC,0.632175
FCC,0.830916
FCC,0.635832
FCC,0.574162
FCC,0.602825
FCC,0.465419
FCC,0.604134
FCC,0.530548
FCC,0.711588
FCC,0.551567
FCC,0.803516
FCC,0.445184
FCC,0.460068
FCC,0.559002
FCC,0.376158
FCC,0.564253
FCC,0.489122
FCC,0.485574
FCC,0.790947
FCC,0.721624
FCC,0.372225
FCC,0.450423
FCC,0.761113
FCC,0.701243
FCC,0.589327
FCC,0.517756
FCC,0.800734
FCC,0.392272
FCC,0.607986
FCC,0.314714
FCC,0.613469
FCC,0.465024
FCC,0.488651
FCC,0.547945
FCC,0.371669
FCC,0.576766
FCC,0.221241
FCC,0.560451
FCC,0.428133
FCC,0.452081
FCC,0.569578
FCC,0.401093
FCC,0.742292
FCC,0.462101
FCC,0.643961
FCC,0.57584
FCC,0.506439
FCC,0.592805
FCC,0.563282
FCC,0.63319
FCC,0.619064
FCC,0.356638
FCC,0.547677
FCC,0.674632
FCC,0.168202
FCC,0.739745
FCC,0.382704
FCC,0.480371
FCC,0.708905
FCC,0.397712
FCC,0.750175
FCC,0.6546
FCC,0.372745
FCC,0.434296
FCC,0.662582
FCC,0.443211
FCC,0.558609
FCC,0.297925
FCC,0.414707
FCC,0.761896
FCC,0.365016
FCC,0.665146
FCC,0.502114
FCC,0.473934
FCC,0.521169
FCC,0.475605
FCC,0.390117
FCC,0.721072
FCC,0.357715
FCC,0.449039
FCC,0.456199
FCC,0.382956
FCC,0.704971
FCC,0.370371
FCC,0.312702
FCC,0.760789
FCC,0.304432
FCC,0.637849
FCC,0.681255
FCC,0.562815
FCC,0.570824
FCC,0.616165
FCC,0.607443
FCC,0.659832
FCC,0.33349
FCC,0.458605
FCC,0.458781
FCC,0.350701
FCC,0.474731
FCC,0.372489
FCC,0.428266
FCC,0.508584
FCC,0.577147
FCC,0.633369
FCC,0.703958
FCC,0.458735
FCC,0.594429
FCC,0.507047
FCC,0.538633
FCC,0.446688
FCC,0.658193
FCC,0.39395
FCC,0.441886
FCC,0.508909
FCC,0.586691
FCC,0.511193
FCC,0.577971
FCC,0.575218
FCC,0.499291
FCC,0.607799
FCC,0.542211
FCC,0.504423
FCC,0.5963
FCC,0.688014
FCC,0.537767
FCC,0.49507
FCC,0.449115
FCC,0.611953
FCC,0.501678
FCC,0.546497
FCC,0.441981
FCC,0.669617
FCC,0.424194
FCC,0.457929
FCC,0.56418
FCC,0.652753
FCC,0.587077
FCC,0.299587
FCC,0.525406
FCC,0.476007
FCC,0.429956
FCC,0.453453
FCC,0.605844
FCC,0.461189
FCC,0.553224
FCC,0.544104
FCC,0.545723
FCC,0.424653
FCC,0.403136
FCC,0.614412
FCC,0.485437
FCC,0.523851
FCC,0.45121
FCC,0.574301
FCC,0.642382
FCC,0.575363
FCC,0.639188
FCC,0.600589
FCC,0.512298
FCC,0.64976
FCC,0.457757
FCC,0.602612
FCC,0.548957
FCC,0.4987
FCC,0.538083
FCC,0.623801
FCC,0.410463
FCC,0.389579
FCC,0.433907
FCC,0.368851
FCC,0.568505
FCC,0.591952
FCC,0.448579
FCC,0.434428
FCC,0.451552
FCC,0.591223
FCC,0.50812
FCC,0.487285
FCC,0.59474
FCC,0.555264
FCC,0.678492
FCC,0.638806
FCC,0.670009
FCC,0.546371
FCC,0.64507
FCC,0.55002
FCC,0.580469
FCC,0.416713
FCC,0.318627
FCC,0.422676
FCC,0.383561
FCC,0.394098
FCC,0.454979
FCC,0.62534
FCC,0.455063
FCC,0.508544
FCC,0.691192
FCC,0.573157
FCC,0.534436
FCC,0.458941
FCC,0.44374
FCC,0.656841
FCC,0.799439
FCC,0.52627
FCC,0.468383
FCC,0.560119
FCC,0.430709
FCC,0.393651
FCC,0.50027
FCC,0.376093
FCC,0.751235
FCC,0.633435
FCC,0.503086
FCC,0.243553
FCC,0.55116
FCC,0.352824
FCC,0.424795
FCC,0.64593
FCC,0.643525
FCC,0.750135
FCC,0.54065
FCC,0.631093
FCC,0.889719
FCC,0.655822
FCC,0.584106
FCC,0.714956
FCC,0.48939
FCC,0.535554
FCC,0.550944
FCC,0.497229
FCC,0.627713
FCC,0.668977
FCC,0.673075
FCC,0.429462
FCC,0.585688
FCC,0.802384
FCC,0.596886
FCC,0.635791
FCC,0.645279
FCC,0.588042
FCC,0.65952
FCC,0.651413
FCC,0.678921
FCC,0.904147
FCC,0.366069
FCC,0.584606
FCC,0.382571
FCC,0.363157
FCC,0.651405
FCC,0.444576
FCC,0.516851
FCC,0.544274
FCC,0.748841
FCC,0.560583
FCC,0.43498
FCC,0.548104
FCC,0.314418
FCC,0.486622
FCC,0.459352
FCC,0.510582
FCC,0.720251
FCC,0.737272
FCC,0.430504
FCC,0.430954
FCC,0.786532
FCC,0.751982
FCC,0.616807
FCC,0.428933
FCC,0.550079
FCC,0.467784
FCC,0.662595
FCC,0.470009
FCC,0.676222
FCC,0.315393
FCC,0.67502
FCC,0.457076
FCC,0.428307
FCC,0.607729
FCC,0.489342
FCC,0.626024
FCC,0.453086
FCC,0.818974
FCC,0.501637
FCC,0.519819
FCC,0.723654
FCC,0.689582
FCC,0.690978
FCC,0.501595
FCC,0.534603
FCC,0.691899
FCC,0.547561
FCC,0.662103
FCC,0.522078
FCC,0.443022
FCC,0.385504
FCC,0.703456
FCC,0.467489
FCC,0.782101
FCC,0.285146
FCC,0.374909
FCC,0.651334
FCC,0.276656
FCC,0.660034
FCC,0.652229
FCC,0.374369
FCC,0.336596
FCC,0.55766
FCC,0.527637
FCC,0.727606
FCC,0.411398
FCC,0.201577
FCC,0.569837
FCC,0.229254
FCC,0.70186
FCC,0.414733
FCC,0.189768
FCC,0.496191
FCC,0.322423
FCC,0.289929
FCC,0.625173
FCC,0.263755
FCC,0.679449
FCC,0.733142
FCC,0.317647
FCC,0.590489
FCC,0.415087
FCC,0.352903
FCC,0.622484
FCC,0.55456
FCC,0.568863
FCC,0.439818
FCC,0.626479
FCC,0.558666
FCC,0.566878
FCC,0.53212
FCC,0.668864
FCC,0.535291
FCC,0.520198
FCC,0.655708
FCC,0.459357
FCC,0.576012
FCC,0.517493
FCC,0.483429
FCC,0.603633
FCC,0.463553
FCC,0.724676
FCC,0.58858
FCC,0.492441
FCC,0.398441
FCC,0.554994
FCC,0.513748
FCC,0.618799
FCC,0.558427
FCC,0.526576
FCC,0.45385
FCC,0.533452
FCC,0.504854
FCC,0.515959
FCC,0.541743
FCC,0.46562
FCC,0.740812
FCC,0.576149
FCC,0.743933
FCC,0.629029
FCC,0.515933
FCC,0.599539
FCC,0.587163
FCC,0.553057
FCC,0.517864
FCC,0.571343
FCC,0.661876
FCC,0.48501
FCC,0.505272
FCC,0.40778
FCC,0.492371
FCC,0.534566
FCC,0.490478
FCC,0.611086
FCC,0.705651
FCC,0.607417
FCC,0.449271
FCC,0.622715
FCC,0.519086
FCC,0.458305
FCC,0.551991
FCC,0.503158
FCC,0.564509
FCC,0.479462
FCC,0.559141
FCC,0.624374
FCC,0.530461
FCC,0.701251
FCC,0.519073
FCC,0.595879
FCC,0.519045
FCC,0.666486
FCC,0.557739
FCC,0.599333
FCC,0.57239
FCC,0.534892
FCC,0.712368
FCC,0.438292
FCC,0.642612
FCC,0.636224
FCC,0.525098
FCC,0.671519
FCC,0.692555
FCC,0.549241
FCC,0.607696
FCC,0.373947
FCC,0.546392
FCC,0.483276
FCC,0.512353
FCC,0.535344
FCC,0.745415
FCC,0.526731
FCC,0.596672
FCC,0.577902
FCC,0.64618
FCC,0.549324
FCC,0.544408
FCC,0.538966
FCC,0.722955
FCC,0.699694
FCC,0.511647
FCC,0.580011
FCC,0.556987
FCC,0.604154
FCC,0.508543
FCC,0.709533
FCC,0.490022
FCC,0.618839
FCC,0.583924
FCC,0.619249
FCC,0.653851
FCC,0.626486
FCC,0.861464
FCC,0.486612
FCC,0.670761
FCC,0.558424
FCC,0.892876
FCC,0.744118
FCC,0.655448
FCC,0.683487
FCC,0.57912
FCC,0.834327
FCC,0.633954
FCC,0.764637
FCC,0.691901
FCC,0.516361
FCC,0.428466
FCC,0.679641
FCC,0.336048
FCC,0.661259
FCC,0.637434
FCC,0.563052
FCC,0.5722
FCC,0.703349
FCC,0.477117
FCC,0.7517
FCC,0.349955
FCC,0.570548
FCC,0.582725
FCC,0.740045
FCC,0.55832
FCC,0.510267
FCC,0.706816
FCC,0.685916
FCC,0.691674
FCC,0.789819
FCC,0.6982
FCC,0.586884
FCC,0.625316
FCC,0.362572
FCC,0.574285
FCC,0.670187
FCC,0.523212
FCC,0.735293
FCC,0.534537
FCC,0.54898
FCC,0.402106
FCC,0.409949
FCC,0.663771
FCC,0.588248
FCC,0.554976
FCC,0.710444
FCC,0.490927
FCC,0.636847
FCC,0.511435
FCC,0.603906
FCC,0.707585
FCC,0.696722
FCC,0.793307
FCC,0.274977
FCC,0.458378
FCC,0.649133
FCC,0.410119
FCC,0.529209
FCC,0.524065
FCC,0.741246
FCC,0.379756
FCC,0.411817
FCC,0.643143
FCC,0.310952
FCC,0.580267
FCC,0.572406
FCC,0.577829
FCC,0.769815
FCC,0.739182
FCC,0.630202
FCC,0.56708
FCC,0.784756
FCC,0.817768
FCC,0.576492
FCC,0.399482
FCC,0.725615
FCC,0.460288
FCC,0.557882
FCC,0.479486
FCC,0.739816
FCC,0.488781
FCC,0.640935
FCC,0.452129
FCC,0.48734
FCC,0.862819
FCC,0.547157
FCC,0.736067
FCC,0.559912
FCC,0.452882
FCC,0.423811
FCC,0.453086
FCC,0.529649
FCC,0.621573
FCC,0.67749
FCC,0.586732
FCC,0.52334
FCC,0.535423
FCC,0.514501
FCC,0.598902
FCC,0.622011
FCC,0.445248
FCC,0.338024
FCC,0.635775
FCC,0.615544
FCC,0.883544
FCC,0.478242
FCC,0.524147
FCC,0.702775
FCC,0.30847
FCC,0.53495
FCC,0.594443
FCC,0.486738
FCC,0.379035
FCC,0.731116
FCC,0.625262
FCC,0.710392
FCC,0.489147
FCC,0.372869
FCC,0.749981
FCC,0.267742
FCC,0.837779
FCC,0.524263
FCC,0.360633
FCC,0.563714
FCC,0.345029
FCC,0.311705
FCC,0.544111
FCC,0.461315
FCC,0.707861
FCC,0.81277
FCC,0.345296
FCC,0.509345
FCC,0.476044
FCC,0.437365
FCC,0.582198
FCC,0.277383
FCC,0.628024
FCC,0.531113
FCC,0.540385
FCC,0.725173
FCC,0.54132
FCC,0.614557
FCC,0.63691
FCC,0.398499
FCC,0.573046
FCC,0.585901
FCC,0.449855
FCC,0.625767
FCC,0.538534
FCC,0.560657
FCC,0.542259
FCC,0.409286
FCC,0.64145
FCC,0.485991
FCC,0.554299
FCC,0.500957
FCC,0.52201
FCC,0.689404
FCC,0.623384
FCC,0.633486
FCC,0.503097
FCC,0.516292
FCC,0.567712
FCC,0.642054
FCC,0.668634
FCC,0.516239
FCC,0.528545
FCC,0.58797
FCC,0.393518
FCC,0.707647
FCC,0.351503
FCC,0.687176
FCC,0.683662
FCC,0.546153
FCC,0.677143
FCC,0.663074
FCC,0.692124
FCC,0.716417
FCC,0.771577
FCC,0.593518
FCC,0.524613
FCC,0.733147
FCC,0.614257
FCC,0.759776
FCC,0.647545
FCC,0.511873
FCC,0.658596
FCC,0.660567
FCC,0.733849
FCC,0.72733
FCC,0.469223
FCC,0.611374
FCC,0.725419
FCC,0.748871
FCC,0.494203
FCC,0.720182
FCC,0.487133
FCC,0.590909
FCC,0.834305
FCC,0.675119
FCC,0.683916
FCC,0.73328
FCC,0.527993
FCC,0.711492
FCC,0.78921
FCC,0.819335
FCC,0.804486
FCC,0.779165
FCC,0.769776
FCC,0.751711
FCC,0.72134
FCC,0.776587
FCC,0.719172
FCC,0.64851
FCC,0.594238
FCC,0.764506
FCC,0.524183
FCC,0.501228
FCC,0.764558
FCC,0.525426
FCC,0.475591
FCC,0.574596
FCC,0.438147
FCC,0.5003
FCC,0.73061
FCC,0.537989
FCC,0.459911
FCC,0.71107
FCC,0.854552
FCC,0.516169
FCC,0.588563
FCC,0.529281
FCC,0.660827
FCC,0.697582
FCC,0.723891
FCC,0.59483
FCC,0.778949
FCC,0.71099
FCC,0.715221
FCC,0.74652
FCC,0.914742
FCC,0.689372
FCC,0.620076
FCC,0.608194
FCC,0.634014
FCC,0.595361
FCC,0.594488
FCC,0.518221
FCC,0.707873
FCC,0.674665
FCC,0.826476
FCC,0.844041
FCC,0.452452
FCC,0.754587
FCC,0.558753
FCC,0.561717
FCC,0.850374
FCC,0.571348
FCC,0.539464
FCC,0.692645
FCC,0.52288
FCC,0.481787
FCC,0.615186
FCC,0.505354
FCC,0.782611
FCC,0.488885
FCC,0.504678
FCC,0.711824
FCC,0.427051
FCC,0.44998
FCC,0.545916
FCC,0.761555
FCC,0.829933
FCC,0.589202
FCC,0.602367
FCC,0.860494
FCC,0.536562
FCC,0.685879
FCC,0.431557
FCC,0.487249
FCC,0.77084
FCC,0.514126
FCC,0.583457
FCC,0.481402
FCC,0.605209
FCC,0.508196
FCC,0.574141
FCC,0.655882
FCC,0.507976
FCC,0.652526
FCC,0.395933
FCC,0.69238
FCC,0.837948
FCC,0.595844
FCC,0.412669
FCC,0.770589
FCC,0.381177
FCC,0.572833
FCC,0.362812
FCC,0.405045
FCC,0.704046
FCC,0.584009
FCC,0.561134
FCC,0.514865
FCC,0.602411
FCC,0.435288
FCC,0.403099
FCC,0.741795
FCC,0.610996
FCC,0.716317
FCC,0.598709
FCC,0.52337
FCC,0.689599
FCC,0.636079
FCC,0.56882
FCC,0.522392
FCC,0.716448
FCC,0.765928
FCC,0.648186
FCC,0.4233
FCC,0.696441
FCC,0.507774
FCC,0.562507
FCC,0.463894
FCC,0.576571
FCC,0.395257
FCC,0.593186
FCC,0.482177
FCC,0.459966
FCC,0.70602
FCC,0.505106
FCC,0.645084
FCC,0.548733
FCC,0.600692
FCC,0.436156
FCC,0.464768
FCC,0.695205
FCC,0.454807
FCC,0.551876
FCC,0.43127
FCC,0.70377
FCC,0.79835
FCC,0.592798
FCC,0.687906
FCC,0.54577
FCC,0.623603
FCC,0.366495
FCC,0.599158
FCC,0.407784
FCC,0.885111
FCC,0.558033
FCC,0.399008
FCC,0.660086
FCC,0.44558
FCC,0.7761
FCC,0.53069
FCC,0.374158
FCC,0.286776
FCC,0.623074
FCC,0.400474
FCC,0.805773
FCC,0.382725
FCC,0.282582
FCC,0.673064
FCC,0.438611
FCC,0.686041
FCC,0.60428
FCC,0.468581
FCC,0.607207
FCC,0.453544
FCC,0.437387
FCC,0.690956
FCC,0.363997
FCC,0.702183
FCC,0.756503
FCC,0.349452
FCC,0.719777
FCC,0.431583
FCC,0.282096
FCC,0.76588
FCC,0.295266
FCC,0.781265
FCC,0.410021
FCC,0.582967
FCC,0.501679
FCC,0.326876
FCC,0.526052
FCC,0.440828
FCC,0.400748
FCC,0.505992
FCC,0.588293
FCC,0.386695
FCC,0.621773
FCC,0.445292
FCC,0.492455
FCC,0.495626
FCC,0.668846
FCC,0.667374
FCC,0.597726
FCC,0.573405
FCC,0.652744
FCC,0.595707
FCC,0.568251
FCC,0.442535
FCC,0.557258
FCC,0.455896
FCC,0.570739
FCC,0.730405
FCC,0.552987
FCC,0.661902
FCC,0.575524
FCC,0.667201
FCC,0.570584
FCC,0.605536
FCC,0.591387
FCC,0.742818
FCC,0.633301
FCC,0.680599
FCC,0.501942
FCC,0.774649
FCC,0.530153
FCC,0.530358
FCC,0.535723
FCC,0.449722
FCC,0.476161
FCC,0.738482
FCC,0.515951
FCC,0.558354
FCC,0.66348
FCC,0.49194
FCC,0.71438
FCC,0.751647
FCC,0.621473
FCC,0.487134
FCC,0.672011
FCC,0.546965
FCC,0.877363
FCC,0.706901
FCC,0.581833
FCC,0.579228
FCC,0.57614
FCC,0.484687
FCC,0.825312
FCC,0.735489
FCC,0.485839
FCC,0.718553
FCC,0.537076
FCC,0.635475
FCC,0.631614
FCC,0.577097
FCC,0.647754
FCC,0.706056
FCC,0.654358
FCC,0.813796
FCC,0.660818
FCC,0.727143
FCC,0.764722
FCC,0.642361
FCC,0.649719
FCC,0.637118
FCC,0.542832
FCC,0.593797
FCC,0.557607
FCC,0.467586
FCC,0.579172
FCC,0.654286
FCC,0.574402
FCC,0.4284
FCC,0.636104
FCC,0.50412
FCC,0.654051
FCC,0.51253
FCC,0.637382
FCC,0.817013
FCC,0.742081
FCC,0.574237
FCC,0.558109
FCC,0.58529
FCC,0.678122
FCC,0.578088
FCC,0.747125
FCC,0.620883
FCC,0.571343
FCC,0.535923
FCC,0.377219
FCC,0.522406
FCC,0.495298
FCC,0.677888
FCC,0.505978
FCC,0.476636
FCC,0.640541
FCC,0.401721
FCC,0.358016
FCC,0.565073
FCC,0.65697
FCC,0.720468
FCC,0.460728
FCC,0.981221
FCC,0.517647
FCC,0.348576
FCC,0.400731
FCC,0.653411
FCC,0.62543
FCC,0.63846
FCC,0.665992
FCC,0.392886
FCC,0.752395
FCC,0.449811
FCC,0.336042
FCC,0.81427
FCC,0.56937
FCC,0.539514
FCC,0.597769
FCC,0.498957
FCC,0.665793
FCC,0.616538
FCC,0.573933
FCC,0.398074
FCC,0.746163
FCC,0.651072
FCC,0.689604
FCC,0.431385
FCC,0.516565
FCC,0.506375
FCC,0.671708
FCC,0.681925
FCC,0.555955
FCC,0.494799
FCC,0.536838
FCC,0.397405
FCC,0.567931
FCC,0.581794
FCC,0.702393
FCC,0.544556
FCC,0.548595
FCC,0.680257
FCC,0.482597
FCC,0.554927
FCC,0.639896
FCC,0.542716
FCC,0.742084
FCC,0.491565
FCC,0.383136
FCC,0.628938
FCC,0.673269
FCC,0.667493
FCC,0.568646
FCC,0.820412
FCC,0.460851
FCC,0.354356
FCC,0.710304
FCC,0.611142
FCC,0.474457
FCC,0.565715
FCC,0.496202
FCC,0.675437
FCC,0.703201
FCC,0.574342
FCC,0.431417
FCC,0.656196
FCC,0.65791
FCC,0.572927
FCC,0.42652
FCC,0.573885
FCC,0.472088
FCC,0.679821
FCC,0.352949
FCC,0.750113
FCC,0.397778
FCC,0.730072
FCC,0.437364
FCC,0.355697
FCC,0.738058
FCC,0.328956
FCC,0.640316
FCC,0.608226
FCC,0.789241
FCC,0.469191
FCC,0.393369
FCC,0.819413
FCC,0.445633
FCC,0.781366
FCC,0.438145
FCC,0.458409
FCC,0.724801
FCC,0.584124
FCC,0.699463
FCC,0.553371
FCC,0.432825
FCC,0.395641
FCC,0.70985
FCC,0.455699
FCC,0.592024
FCC,0.303268
FCC,0.465993
FCC,0.665541
FCC,0.064132
FCC,0.709663
FCC,0.614262
FCC,0.360977
FCC,0.40203
FCC,0.713457
FCC,0.512114
FCC,0.491558
FCC,0.414612
FCC,0.408073
FCC,0.677729
FCC,0.500725
FCC,0.692756
FCC,0.507328
FCC,0.423967
FCC,0.567191
FCC,0.437792
FCC,0.425937
FCC,0.68619
FCC,0.299523
FCC,0.718107
FCC,0.51049
FCC,0.402873
FCC,0.531857
FCC,0.357302
FCC,0.276005
FCC,0.707315
FCC,0.412599
FCC,0.739821
FCC,0.549223
FCC,0.488787
FCC,0.643539
FCC,0.580756
FCC,0.445997
FCC,0.578168
FCC,0.605069
FCC,0.59199
FCC,0.45065
FCC,0.468072
FCC,0.474626
FCC,0.458239
FCC,0.605668
FCC,0.294913
FCC,0.304965
FCC,0.421525
FCC,0.589047
FCC,0.335004
FCC,0.511103
FCC,0.303409
FCC,0.407209
FCC,0.414789
FCC,0.620761
FCC,0.338537
FCC,0.606163
FCC,0.248371
FCC,0.332011
FCC,0.439184
FCC,0.573734
FCC,0.346234
FCC,0.453934
FCC,0.337164
FCC,0.201058
FCC,0.436877
FCC,0.534447
FCC,0.295819
FCC,0.542159
FCC,0.319449
FCC,0.49998
FCC,0.55335
FCC,0.63312
FCC,0.535687
FCC,0.49842
FCC,0.45446
FCC,0.436062
FCC,0.634164
FCC,0.526669
FCC,0.349162
FCC,0.676395
FCC,0.444473
FCC,0.44934
FCC,0.642295
FCC,0.63108
FCC,0.512183
FCC,0.830307
FCC,0.59523
FCC,0.615374
FCC,0.445724
FCC,0.675528
FCC,0.483679
FCC,0.738335
FCC,0.386539
FCC,0.324345
FCC,0.683536
FCC,0.413938
FCC,0.643004
FCC,0.400171
FCC,0.098469
FCC,0.291921
FCC,0.311738
FCC,0.293344
FCC,0.42699
FCC,0.394004
FCC,0.570253
FCC,0.521327
FCC,0.300981
FCC,0.306839
FCC,0.394473
FCC,0.27553
FCC,0.709398
FCC,0.623036
FCC,0.633363
FCC,0.606888
FCC,0.642552
FCC,0.607036
FCC,0.71395
FCC,0.450757
FCC,0.603553
FCC,0.804339
FCC,0.547602
FCC,0.619162
FCC,0.680119
FCC,0.594253
FCC,0.566054
FCC,0.545436
FCC,0.491647
FCC,0.527157
FCC,0.713523
FCC,0.496808
FCC,0.645372
FCC,0.293377
FCC,0.424687
FCC,0.701801
FCC,0.367774
FCC,0.701601
FCC,0.370578
FCC,0.660914
FCC,0.47303
FCC,0.464168
FCC,0.681563
FCC,0.387797
FCC,0.555518
FCC,0.515218
FCC,0.689214
FCC,0.460052
FCC,0.470958
FCC,0.233406
FCC,0.6247
FCC,0.255474
FCC,0.534858
FCC,0.544034
FCC,0.451456
FCC,0.374748
FCC,0.777574
FCC,0.284479
FCC,0.682855
FCC,0.380466
FCC,0.214827
FCC,0.292273
FCC,0.713339
FCC,0.310976
FCC,0.510682
FCC,0.838286
FCC,0.476707
FCC,0.569616
FCC,0.709932
FCC,0.430185
FCC,0.702459
FCC,0.54304
FCC,0.327425
FCC,0.382253
FCC,0.684068
FCC,0.483715
FCC,0.733303
FCC,0.351961
FCC,0.235424
FCC,0.665558
FCC,0.348462
FCC,0.521558
FCC,0.612837
FCC,0.402053
FCC,0.668278
FCC,0.607293
FCC,0.601921
FCC,0.408907
FCC,0.388052
FCC,0.592544
FCC,0.179938
FCC,0.469164
FCC,0.635095
FCC,0.460289
FCC,0.200371
FCC,0.512784
FCC,0.437777
FCC,0.508245
FCC,0.417303
FCC,0.397537
FCC,0.652705
FCC,0.405031
FCC,0.482249
FCC,0.309839
FCC,0.511378
FCC,0.350283
FCC,0.543108
FCC,0.432485
FCC,0.356235
FCC,0.257775
FCC,0.431458
FCC,0.201102
FCC,0.713682
FCC,0.431892
FCC,0.300619
FCC,0.580811
FCC,0.266295
FCC,0.504322
FCC,0.399603
FCC,0.287878
FCC,0.473061
FCC,0.720801
FCC,0.390854
FCC,0.720384
FCC,0.480385
FCC,0.423565
FCC,0.290859
FCC,0.575046
FCC,0.545701
FCC,0.478963
FCC,0.443672
FCC,0.467843
FCC,0.256059
FCC,0.395039
FCC,0.503865
FCC,0.436199
FCC,0.438934
FCC,0.259784
FCC,0.253671
FCC,0.509647
FCC,0.535895
FCC,0.226495
FCC,0.479034
FCC,0.294233
FCC,0.375826
FCC,0.482901
FCC,0.561727
FCC,0.417801
FCC,0.589511
FCC,0.365413
FCC,0.308243
FCC,0.426826
FCC,0.708164
FCC,0.14304
FCC,0.517283
FCC,0.38433
FCC,0.446575
FCC,0.583319
FCC,0.572991
FCC,0.490453
FCC,0.76465
FCC,0.56734
FCC,0.489098
FCC,0.526255
FCC,0.58473
FCC,0.414224
FCC,0.589111
FCC,0.681864
FCC,0.564698
FCC,0.430189
FCC,0.6945
FCC,0.540236
FCC,0.71269
FCC,0.526634
FCC,0.297908
FCC,0.645173
FCC,0.599932
FCC,0.338854
FCC,0.552545
FCC,0.476394
FCC,0.330856
FCC,0.363019
FCC,0.278321
FCC,0.561864
FCC,0.381418
FCC,0.387243
FCC,0.150833
FCC,0.354895
FCC,0.416798
FCC,0.411431
FCC,0.648709
FCC,0.636795
FCC,0.432666
FCC,0.31189
FCC,0.299732
FCC,0.420222
FCC,0.523631
FCC,0.521278
FCC,0.660892
FCC,0.673638
FCC,0.580758
FCC,0.53955
FCC,0.703133
FCC,0.768161
FCC,0.47271
FCC,0.485659
FCC,0.737462
FCC,0.835758
FCC,0.695646
FCC,0.717179
FCC,0.625741
FCC,0.507185
FCC,0.770924
FCC,0.549351
FCC,0.701628
FCC,0.788278
FCC,0.388461
FCC,0.457337
FCC,0.424298
FCC,0.395107
FCC,0.751703
FCC,0.304914
FCC,0.736072
FCC,0.604907
FCC,0.541567
FCC,0.418554
FCC,0.401996
FCC,0.712319
FCC,0.502839
FCC,0.773188
FCC,0.540015
FCC,0.608651
FCC,0.643384
FCC,0.327797
FCC,0.302747
FCC,0.600786
FCC,0.402211
FCC,0.549541
FCC,0.592703
FCC,0.42812
FCC,0.400661
FCC,0.713378
FCC,0.419688
FCC,0.657418
FCC,0.5378
FCC,0.281804
FCC,0.299841
FCC,0.526157
FCC,0.201866
FCC,0.598062
FCC,0.672328
FCC,0.476674
FCC,0.314158
FCC,0.688266
FCC,0.486851
FCC,0.602846
FCC,0.507204
FCC,0.623262
FCC,0.575037
FCC,0.628925
FCC,0.436527
FCC,0.744726
FCC,0.421272
FCC,0.380961
FCC,0.738624
FCC,0.652489
FCC,0.426959
FCC,0.497324
FCC,0.465563
FCC,0.638233
FCC,0.446514
FCC,0.687538
FCC,0.277075
FCC,0.425755
FCC,0.622976
FCC,0.420663
FCC,0.472127
FCC,0.719509
FCC,0.570987
FCC,0.305605
FCC,0.630363
FCC,0.308599
FCC,0.576034
FCC,0.661617
FCC,0.50508
FCC,0.321914
FCC,0.618172
FCC,0.371554
FCC,0.457252
FCC,0.459844
FCC,0.571251
FCC,0.383631
FCC,0.643627
FCC,0.200022
FCC,0.298277
FCC,0.634804
FCC,0.303888
FCC,0.791018
FCC,0.48175
FCC,0.534854
FCC,0.565275
FCC,0.357623
FCC,0.628407
FCC,0.429423
FCC,0.325163
FCC,0.230338
FCC,0.576936
FCC,0.308351
FCC,0.595802
FCC,0.453896
FCC,0.578891
FCC,0.571326
FCC,0.600466
FCC,0.29146
FCC,0.468449
FCC,0.530993
FCC,0.487775
FCC,0.372575
FCC,0.291066
FCC,0.57572
FCC,0.50135
FCC,0.559797
FCC,0.305474
FCC,0.387894
FCC,0.580129
FCC,0.726817
FCC,0.292249
FCC,0.609169
FCC,0.252791
FCC,0.325004
FCC,0.492638
FCC,0.587744
FCC,0.403961
FCC,0.681091
FCC,0.385933
FCC,0.328186
FCC,0.46103
FCC,0.566882
FCC,0.568373
FCC,0.83124
FCC,0.447131
FCC,0.447271
FCC,0.67274
FCC,0.560424
FCC,0.526292
FCC,0.687784
FCC,0.461105
FCC,0.380173
FCC,0.649539
FCC,0.590962
FCC,0.476287
FCC,0.60154
FCC,0.554233
FCC,0.565985
FCC,0.420268
FCC,0.642131
FCC,0.417891
FCC,0.615309
FCC,0.496658
FCC,0.521915
FCC,0.554553
FCC,0.511299
FCC,0.299187
FCC,0.52189
FCC,0.450602
FCC,0.39932
FCC,0.592815
FCC,0.533364
FCC,0.604488
FCC,0.418319
FCC,0.557474
FCC,0.39483
FCC,0.642668
FCC,0.431815
FCC,0.572136
FCC,0.399792
FCC,0.701847
FCC,0.498104
FCC,0.390758
FCC,0.520353
FCC,0.484046
FCC,0.612329
FCC,0.66113
FCC,0.796774
FCC,0.607123
FCC,0.712961
FCC,0.539408
FCC,0.659605
FCC,0.714523
FCC,0.38486
FCC,0.445435
FCC,0.665006
FCC,0.720276
FCC,0.505821
FCC,0.662635
FCC,0.624306
FCC,0.754
FCC,0.680198
FCC,0.484812
FCC,0.532589
FCC,0.657988
FCC,0.468762
FCC,0.42814
FCC,0.48835
FCC,0.532939
FCC,0.870814
FCC,0.492153
FCC,0.813243
FCC,0.655436
FCC,0.680432
FCC,0.571747
FCC,0.547624
FCC,0.742172
FCC,0.539821
FCC,0.829982
FCC,0.636735
FCC,0.626179
FCC,0.504763
FCC,0.34756
FCC,0.335741
FCC,0.680563
FCC,0.337946
FCC,0.594168
FCC,0.590487
FCC,0.465097
FCC,0.464139
FCC,0.664116
FCC,0.368063
FCC,0.637361
FCC,0.72747
FCC,0.594719
FCC,0.35616
FCC,0.657122
FCC,0.166351
FCC,0.718101
FCC,0.484381
FCC,0.363876
FCC,0.399585
FCC,0.593699
FCC,0.540531
FCC,0.722103
FCC,0.51572
FCC,0.495645
FCC,0.488039
FCC,0.71586
FCC,0.394833
FCC,0.700925
FCC,0.589744
FCC,0.443479
FCC,0.409353
FCC,0.208488
FCC,0.439904
FCC,0.398479
FCC,0.374003
FCC,0.598774
FCC,0.501728
FCC,0.692409
FCC,0.309748
FCC,0.421643
FCC,0.656124
FCC,0.31827
FCC,0.385064
FCC,0.679194
FCC,0.361035
FCC,0.2831
FCC,0.735268
FCC,0.413767
FCC,0.500895
FCC,0.546033
FCC,0.422138
FCC,0.329493
FCC,0.654119
FCC,0.241152
FCC,0.62911
FCC,0.567982
FCC,0.539104
FCC,0.41235
FCC,0.590657
FCC,0.52639
FCC,0.23285
FCC,0.516341
FCC,0.1127
FCC,0.672
FCC,0.20215
FCC,0.188721
FCC,0.567773
FCC,0.327955
FCC,0.658643
FCC,0.380937
FCC,0.276415
FCC,0.309554
FCC,0.495386
FCC,0.119524
FCC,0.59663
FCC,0.620225
FCC,0.269053
FCC,0.57334
FCC,0.444043
FCC,0.561753
FCC,0.515039
FCC,0.309796
FCC,0.71715
FCC,0.391368
FCC,0.431385
FCC,0.428516
FCC,0.640763
FCC,0.374419
FCC,0.653209
FCC,0.288296
FCC,0.280065
FCC,0.389201
FCC,0.501191
FCC,0.387834
FCC,0.767534
FCC,0.225562
FCC,0.180107
FCC,0.472931
FCC,0.580686
FCC,0.466867
FCC,0.656373
FCC,0.309381
FCC,0.305495
FCC,0.34099
FCC,0.689521
FCC,0.291627
FCC,0.455716
FCC,0.178553
FCC,0.593843
FCC,0.488547
FCC,0.42974
FCC,0.467777
FCC,0.553687
FCC,0.468884
FCC,0.438588
FCC,0.488279
FCC,0.692779
FCC,0.435355
FCC,0.625152
FCC,0.601581
FCC,0.556304
FCC,0.280071
FCC,0.741394
FCC,0.521639
FCC,0.681737
FCC,0.467145
FCC,0.476727
FCC,0.62673
FCC,0.645493
FCC,0.447037
FCC,0.731897
FCC,0.590733
FCC,0.387601
FCC,0.483909
FCC,0.37543
FCC,0.674343
FCC,0.462391
FCC,0.351487
FCC,0.536684
FCC,0.361491
FCC,0.197185
FCC,0.35953
FCC,0.511662
FCC,0.655999
FCC,0.492839
FCC,0.494561
FCC,0.372743
FCC,0.360525
FCC,0.576949
FCC,0.744892
FCC,0.605291
FCC,0.534258
FCC,0.539858
FCC,0.515536
FCC,0.57122
FCC,0.833332
FCC,0.635414
FCC,0.538944
FCC,0.621047
FCC,0.548429
FCC,0.3603
FCC,0.557246
FCC,0.33453
FCC,0.599531
FCC,0.662787
FCC,0.761032
FCC,0.690009
FCC,0.54393
FCC,0.477994
FCC,0.619472
FCC,0.58263
FCC,0.527128
FCC,0.882696
FCC,0.546301
FCC,0.754516
FCC,0.543372
FCC,0.720895
FCC,0.661595
FCC,0.586825
FCC,0.835459
FCC,0.342666
FCC,0.818425
FCC,0.719527
FCC,0.781514
FCC,0.365243
FCC,0.592808
FCC,0.432317
FCC,0.58378
FCC,0.157055
FCC,0.768877
FCC,0.529754
FCC,0.218211
FCC,0.260562
FCC,0.833902
FCC,0.491768
FCC,0.631036
FCC,0.460736
FCC,0.462341
FCC,0.291942
FCC,0.494725
FCC,0.30253
FCC,0.55313
FCC,0.569067
FCC,0.321368
FCC,0.259804
FCC,0.496532
FCC,0.267212
FCC,0.534382
FCC,0.571608
FCC,0.426096
FCC,0.230313
FCC,0.556604
FCC,0.396697
FCC,0.626511
FCC,0.406651
FCC,0.330394
FCC,0.681995
FCC,0.343895
FCC,0.666395
FCC,0.285266
FCC,0.244527
FCC,0.644885
FCC,0.339671
FCC,0.656135
FCC,0.634726
FCC,0.377394
FCC,0.575947
FCC,0.274978
FCC,0.710836
FCC,0.678962
FCC,0.430713
FCC,0.265792
FCC,0.609713
FCC,0.364762
FCC,0.606075
FCC,0.569018
FCC,0.382707
FCC,0.268598
FCC,0.553434
FCC,0.33817
FCC,0.591457
FCC,0.4471
FCC,0.439426
FCC,0.463148
FCC,0.617607
FCC,0.417942
FCC,0.306424
FCC,0.345579
FCC,0.63574
FCC,0.189584
FCC,0.5212
FCC,0.439776
FCC,0.40386
FCC,0.486678
FCC,0.376466
FCC,0.471901
FCC,0.548151
FCC,0.267367
FCC,0.360012
FCC,0.590056
FCC,0.254115
FCC,0.552429
FCC,0.698473
FCC,0.556895
FCC,0.33075
FCC,0.637008
FCC,0.419053
FCC,0.464186
FCC,0.589908
FCC,0.526536
FCC,0.530759
FCC,0.476003
FCC,0.632467
FCC,0.386628
FCC,0.693913
FCC,0.390183
FCC,0.353762
FCC,0.5865
FCC,0.603603
FCC,0.456917
FCC,0.560972
FCC,0.54014
FCC,0.313454
FCC,0.536867
FCC,0.506203
FCC,0.42771
FCC,0.552865
FCC,0.555068
FCC,0.473532
FCC,0.534699
FCC,0.639775
FCC,0.476897
FCC,0.718879
FCC,0.376505
FCC,0.317658
FCC,0.552128
FCC,0.592946
FCC,0.541479
FCC,0.623106
FCC,0.604712
FCC,0.543995
FCC,0.439758
FCC,0.582736
FCC,0.52631
FCC,0.609785
FCC,0.506988
FCC,0.384038
FCC,0.585067
FCC,0.525592
FCC,0.453341
FCC,0.62746
FCC,0.522338
FCC,0.509889
FCC,0.45565
FCC,0.634368
FCC,0.522841
FCC,0.654968
FCC,0.404719
FCC,0.330511
FCC,0.606613
FCC,0.368585
FCC,0.749403
FCC,0.510767
FCC,0.315022
FCC,0.481466
FCC,0.480611
FCC,0.53547
FCC,0.679476
FCC,0.409013
FCC,0.513046
FCC,0.413355
FCC,0.374863
FCC,0.39775
FCC,0.433266
FCC,0.546639
FCC,0.47561
FCC,0.573931
FCC,0.472039
FCC,0.615215
FCC,0.302975
FCC,0.625733
FCC,0.568429
FCC,0.530638
FCC,0.532293
FCC,0.570425
FCC,0.493446
FCC,0.559931
FCC,0.652759
FCC,0.546186
FCC,0.389362
FCC,0.705983
FCC,0.549991
FCC,0.524025
FCC,0.636347
FCC,0.382479
FCC,0.50451
FCC,0.540087
FCC,0.668385
FCC,0.271836
FCC,0.772084
FCC,0.500092
FCC,0.515626
FCC,0.409979
FCC,0.298869
FCC,0.627024
FCC,0.214743
FCC,0.729735
FCC,0.50705
FCC,0.516788
FCC,0.306925
FCC,0.313822
FCC,0.512864
FCC,0.171477
FCC,0.461713
FCC,0.550017
FCC,0.404573
FCC,0.159752
FCC,0.429948
FCC,0.271539
FCC,0.499328
FCC,0.334167
FCC,0.582524
FCC,0.180336
FCC,0.487682
FCC,0.189377
FCC,0.536786
FCC,0.575964
FCC,0.180736
FCC,0.177484
FCC,0.511301
FCC,0.205266
FCC,0.521199
FCC,0.492672
FCC,0.215419
FCC,0.189207
FCC,0.460466
FCC,0.239927
FCC,0.485478
FCC,0.364146
FCC,0.396813
FCC,0.59592
FCC,0.276289
FCC,0.462642
FCC,0.234763
FCC,0.221369
FCC,0.481464
FCC,0.292035
FCC,0.638202
FCC,0.297108
FCC,0.200925
FCC,0.571396
FCC,0.395769
FCC,0.526635
FCC,0.549926
FCC,0.425875
FCC,0.232794
FCC,0.565538
FCC,0.21101
FCC,0.297052
FCC,0.510894
FCC,0.259159
FCC,0.236155
FCC,0.57991
FCC,0.299134
FCC,0.335047
FCC,0.32168
FCC,0.546373
FCC,0.205314
FCC,0.449083
FCC,0.327376
FCC,0.349132
FCC,0.210695
FCC,0.494446
FCC,0.318245
FCC,0.521366
FCC,0.415553
FCC,0.293488
FCC,0.394656
FCC,0.072897
FCC,0.520545
FCC,0.348778
FCC,0.335508
FCC,0.241374
FCC,0.509304
FCC,0.215324
FCC,0.446003
FCC,0.370454
FCC,0.586613
FCC,0.397888
FCC,0.28106
FCC,0.512131
FCC,0.57155
FCC,0.253951
FCC,0.496131
FCC,0.401932
FCC,0.470851
FCC,0.479865
FCC,0.342225
FCC,0.341251
FCC,0.530977
FCC,0.123761
FCC,0.646884
FCC,0.564796
FCC,0.252888
FCC,0.540457
FCC,0.175851
FCC,0.310458
FCC,0.326057
FCC,0.531576
FCC,0.214446
FCC,0.431424
FCC,0.361513
FCC,0.367726
FCC,0.379722
FCC,0.398977
FCC,0.191301
FCC,0.41898
FCC,0.28545
FCC,0.4044
FCC,0.503233
FCC,0.569405
FCC,0.487228
FCC,0.575944
FCC,0.417652
FCC,0.466451
FCC,0.439707
FCC,0.475866
FCC,0.455316
FCC,0.601651
FCC,0.480723
FCC,0.564958
FCC,0.529069
FCC,0.56784
FCC,0.273111
FCC,0.608985
FCC,0.329262
FCC,0.606215
FCC,0.614297
FCC,0.538694
FCC,0.339819
FCC,0.60155
FCC,0.408383
FCC,0.288015
FCC,0.305752
FCC,0.424029
FCC,0.583861
FCC,0.458128
FCC,0.249862
FCC,0.430418
FCC,0.352239
FCC,0.38768
FCC,0.444192
FCC,0.374607
FCC,0.475445
FCC,0.502959
FCC,0.334686
FCC,0.337413
FCC,0.330983
FCC,0.579158
FCC,0.445017
FCC,0.590705
FCC,0.559681
FCC,0.643788
FCC,0.46057
FCC,0.620426
FCC,0.548209
FCC,0.331683
FCC,0.464437
FCC,0.558665
FCC,0.651702
FCC,0.519925
FCC,0.663662
FCC,0.589079
FCC,0.616289
FCC,0.718228
FCC,0.47515
FCC,0.450521
FCC,0.518959
FCC,0.310419
FCC,0.382244
FCC,0.378503
FCC,0.270699
FCC,0.508575
FCC,0.504426
FCC,0.449345
FCC,0.501395
FCC,0.507292
FCC,0.40252
FCC,0.559278
FCC,0.571433
FCC,0.443155
FCC,0.547472
FCC,0.543304
FCC,0.467793
FCC,0.427831
FCC,0.312183
FCC,0.607788
FCC,0.448897
FCC,0.676036
FCC,0.329247
FCC,0.32695
FCC,0.145584
FCC,0.404558
FCC,0.334798
FCC,0.533195
FCC,0.714636
FCC,0.295708
FCC,0.225519
FCC,0.544474
FCC,0.345733
FCC,0.490713
FCC,0.306788
FCC,0.45744
FCC,0.53539
FCC,0.46155
FCC,0.284134
FCC,0.407014
FCC,0.293041
FCC,0.515977
FCC,0.304299
FCC,0.499235
FCC,0.417067
FCC,0.613536
FCC,0.213069
FCC,0.280514
FCC,0.6811
FCC,0.528152
FCC,0.353811
FCC,0.364839
FCC,0.151019
FCC,0.430138
FCC,0.630059
FCC,0.25595
FCC,0.238402
FCC,0.540232
FCC,0.183871
FCC,0.469197
FCC,0.608592
FCC,0.451518
FCC,0.29475
FCC,0.491992
FCC,0.249104
FCC,0.351883
FCC,0.448501
FCC,0.318058
FCC,0.680764
FCC,0.243809
FCC,0.360457
FCC,0.36919
FCC,0.38186
FCC,0.181138
FCC,0.440492
FCC,0.444098
FCC,0.202639
FCC,0.566328
FCC,0.169098
FCC,0.450079
FCC,0.543264
FCC,0.242313
FCC,0.45527
FCC,0.282882
FCC,0.557835
FCC,0.424263
FCC,0.220566
FCC,0.374128
FCC,0.159942
FCC,0.557167
FCC,0.315637
FCC,0.378605
FCC,0.518791
FCC,0.347425
FCC,0.613918
FCC,0.487233
FCC,0.36896
FCC,0.497348
FCC,0.285145
FCC,0.22756
FCC,0.360468
FCC,0.444176
FCC,0.442848
FCC,0.47764
FCC,0.134425
FCC,0.377554
FCC,0.419983
FCC,0.405995
FCC,0.299537
FCC,0.733207
FCC,0.252987
FCC,0.296248
FCC,0.467613
FCC,0.443349
FCC,0.155361
FCC,0.458641
FCC,0.355221
FCC,0.238284
FCC,0.244546
FCC,0.529979
FCC,0.377873
FCC,0.651884
FCC,0.276959
FCC,0.438789
FCC,0.550379
FCC,0.471284
FCC,0.475788
FCC,0.534228
FCC,0.291686
FCC,0.373761
FCC,0.573444
FCC,0.635843
FCC,0.369312
FCC,0.631867
FCC,0.58667
FCC,0.401322
FCC,0.38406
FCC,0.590559
FCC,0.328799
FCC,0.586754
FCC,0.332614
FCC,0.374655
FCC,0.608073
FCC,0.489759
FCC,0.258416
FCC,0.548927
FCC,0.511658
FCC,0.281539
FCC,0.398802
FCC,0.404335
FCC,0.513651
FCC,0.558984
FCC,0.352437
FCC,0.349697
FCC,0.410602
FCC,0.534166
FCC,0.457729
FCC,0.573335
FCC,0.328275
FCC,0.303894
FCC,0.399429
FCC,0.42706
FCC,0.55603
FCC,0.539886
FCC,0.474026
FCC,0.469835
FCC,0.58061
FCC,0.466938
FCC,0.482371
FCC,0.472689
FCC,0.353181
FCC,0.37775
FCC,0.632997
FCC,0.514202
FCC,0.702627
FCC,0.484663
FCC,0.590967
FCC,0.450479
FCC,0.44766
FCC,0.46784
FCC,0.411105
FCC,0.347467
FCC,0.395109
FCC,0.479535
FCC,0.1727
FCC,0.551275
FCC,0.487096
FCC,0.436819
FCC,0.520347
FCC,0.389774
FCC,0.478116
FCC,0.235628
FCC,0.568625
FCC,0.448991
FCC,0.499373
FCC,0.336949
FCC,0.507799
FCC,0.325919
FCC,0.741993
FCC,0.359081
FCC,0.406838
FCC,0.490093
FCC,0.454699
FCC,0.205864
FCC,0.519901
FCC,0.32469
FCC,0.682424
FCC,0.204677
FCC,0.344868
FCC,0.382757
FCC,0.649296
FCC,0.474715
FCC,0.720738
FCC,0.499734
FCC,0.278877
FCC,0.307759
FCC,0.451939
FCC,0.188962
FCC,0.629011
FCC,0.502286
FCC,0.546707
FCC,0.234062
FCC,0.606751
FCC,0.521514
FCC,0.223966
FCC,0.210747
FCC,0.493184
FCC,0.20224
FCC,0.512543
FCC,0.418797
FCC,0.322328
FCC,0.492592
FCC,0.3508
FCC,0.627495
FCC,0.378033
FCC,0.158249
FCC,0.535111
FCC,0.315528
FCC,0.494758
FCC,0.525682
FCC,0.501192
FCC,0.255528
FCC,0.482286
FCC,0.262843
FCC,0.447689
FCC,0.520221
FCC,0.404583
FCC,0.198441
FCC,0.611357
FCC,0.047123
FCC,0.328084
FCC,0.154674
FCC,0.445513
FCC,0.191895
FCC,0.580206
FCC,0.600693
FCC,0.145843
FCC,0.170161
FCC,0.395322
FCC,0.152579
FCC,0.456748
FCC,0.419797
FCC,0.127004
FCC,0.437139
FCC,0.29252
FCC,0.772474
FCC,0.228118
FCC,0.187392
FCC,0.193101
FCC,0.482129
FCC,0.330928
FCC,0.40613
FCC,0.525174
FCC,0.550893
FCC,0.215005
FCC,0.442865
FCC,0.329988
FCC,0.436008
FCC,0.409929
FCC,0.420402
FCC,0.27692
FCC,0.232481
FCC,0.421336
FCC,0.136384
FCC,0.353933
FCC,0.235435
FCC,0.236909
FCC,0.457625
FCC,0.435063
FCC,0.254406
FCC,0.592274
FCC,0.217888
FCC,0.408767
FCC,0.345109
FCC,0.440276
FCC,0.17222
FCC,0.434602
FCC,0.292447
FCC,0.32755
FCC,0.53183
FCC,0.451627
FCC,0.241978
FCC,0.578672
FCC,0.316552
FCC,0.338473
FCC,0.510639
FCC,0.657403
FCC,0.331746
FCC,0.739441
FCC,0.563037
FCC,0.35577
FCC,0.45531
FCC,0.518758
FCC,0.380543
FCC,0.552325
FCC,0.311437
FCC,0.56278
FCC,0.433362
FCC,0.633342
FCC,0.299081
FCC,0.557043
FCC,0.364448
FCC,0.625516
FCC,0.416341
FCC,0.57649
FCC,0.372182
FCC,0.478986
FCC,0.451314
FCC,0.296047
FCC,0.254563
FCC,0.562482
FCC,0.169342
FCC,0.433225
FCC,0.406188
FCC,0.291599
FCC,0.284324
FCC,0.345751
FCC,0.368047
FCC,0.377451
FCC,0.495263
FCC,0.263468
FCC,0.3319
FCC,0.22429
FCC,0.575421
FCC,0.403732
FCC,0.555993
FCC,0.572873
FCC,0.547101
FCC,0.389804
FCC,0.589178
FCC,0.665963
FCC,0.313206
FCC,0.556622
FCC,0.39252
FCC,0.440819
FCC,0.444502
FCC,0.557405
FCC,0.477754
FCC,0.50923
FCC,0.567746
FCC,0.551566
FCC,0.508503
FCC,0.467077
FCC,0.616503
FCC,0.423142
FCC,0.247731
FCC,0.652077
FCC,0.346695
FCC,0.600754
FCC,0.422812
FCC,0.640457
FCC,0.497703
FCC,0.297829
FCC,0.603342
FCC,0.514701
FCC,0.482174
FCC,0.667304
FCC,0.459632
FCC,0.312438
FCC,0.253179
FCC,0.578567
FCC,0.218444
FCC,0.479091
FCC,0.50652
FCC,0.381607
FCC,0.285161
FCC,0.392744
FCC,0.277658
FCC,0.639686
FCC,0.434979
FCC,0.201422
FCC,0.327063
FCC,0.591947
FCC,0.364644
FCC,0.508822
FCC,0.58744
FCC,0.349447
FCC,0.344077
FCC,0.587761
FCC,0.345607
FCC,0.500886
FCC,0.425174
FCC,0.508547
FCC,0.34638
FCC,0.559408
FCC,0.350191
FCC,0.649174
FCC,0.47354
FCC,0.20651
FCC,0.466974
FCC,0.15981
FCC,0.513995
FCC,0.394331
FCC,0.256603
FCC,0.613402
FCC,0.413479
FCC,0.615388
FCC,0.239464
FCC,0.344526
FCC,0.487609
FCC,0.2465
FCC,0.572346
FCC,0.499414
FCC,0.455532
FCC,0.185236
FCC,0.418728
FCC,0.109586
FCC,0.387787
FCC,0.618438
FCC,0.303183
FCC,0.109517
FCC,0.528438
FCC,0.19377
FCC,0.423216
FCC,0.296218
FCC,0.426267
FCC,0.289122
FCC,0.537618
FCC,0.450021
FCC,0.227101
FCC,0.255895
FCC,0.581607
FCC,0.307183
FCC,0.552447
FCC,0.367147
FCC,0.203938
FCC,0.514927
FCC,0.27428
FCC,0.511993
FCC,0.507951
FCC,0.324757
FCC,0.264395
FCC,0.572631
FCC,0.437308
FCC,0.563349
FCC,0.151915
FCC,0.333923
FCC,0.260502
FCC,0.453887
FCC,0.156815
FCC,0.522715
FCC,0.462478
FCC,0.15213
FCC,0.390894
FCC,0.312064
FCC,0.220186
FCC,0.276739
FCC,0.367631
FCC,0.113932
FCC,0.48642
FCC,0.212271
FCC,0.10707
FCC,0.33849
FCC,0.450281
FCC,0.167271
FCC,0.417248
FCC,0.107385
FCC,0.240526
FCC,0.46242
FCC,0.366384
FCC,0.200576
FCC,0.356245
FCC,0.165318
FCC,0.124533
FCC,0.403834
FCC,0.506962
FCC,0.11023
FCC,0.452311
FCC,0.211626
FCC,0.420369
FCC,0.475556
FCC,0.597244
FCC,0.39603
FCC,0.392412
FCC,0.405553
FCC,0.584944
FCC,0.375566
FCC,0.647374
FCC,0.490991
FCC,0.610655
FCC,0.353283
FCC,0.53753
FCC,0.568707
FCC,0.276326
FCC,0.32942
FCC,0.376785
FCC,0.396931
FCC,0.500329
FCC,0.430028
FCC,0.551259
FCC,0.387799
FCC,0.658759
FCC,0.498105
FCC,0.233935
FCC,0.41244
FCC,0.194199
FCC,0.538203
FCC,0.382539
FCC,0.192437
FCC,0.213591
FCC,0.232768
FCC,0.142533
FCC,0.415455
FCC,0.270694
FCC,0.529984
FCC,0.401687
FCC,0.110785
FCC,0.16411
FCC,0.256161
FCC,0.474391
FCC,0.333919
FCC,0.418386
FCC,0.424072
FCC,0.481679
FCC,0.507156
FCC,0.478524
FCC,0.578808
FCC,0.650276
FCC,0.348796
FCC,0.551597
FCC,0.498949
FCC,0.415534
FCC,0.620751
FCC,0.594592
FCC,0.348144
FCC,0.581058
FCC,0.487653
FCC,0.677945
FCC,0.646905
FCC,0.284347
FCC,0.307415
FCC,0.674167
FCC,0.541722
FCC,0.58971
FCC,0.56823
FCC,0.330004
FCC,0.264985
FCC,0.629796
FCC,0.28518
FCC,0.743219
FCC,0.43218
FCC,0.57444
FCC,0.430015
FCC,0.423847
FCC,0.351005
FCC,0.61907
FCC,0.344043
FCC,0.742295
FCC,0.625773
FCC,0.386103
FCC,0.246429
FCC,0.669941
FCC,0.376243
FCC,0.652079
FCC,0.586127
FCC,0.326045
FCC,0.212116
FCC,0.501056
FCC,0.195892
FCC,0.560809
FCC,0.525164
FCC,0.432916
FCC,0.254077
FCC,0.697333
FCC,0.225942
FCC,0.363501
FCC,0.558835
FCC,0.476501
FCC,0.407359
FCC,0.730259
FCC,0.393868
FCC,0.804605
FCC,0.591815
FCC,0.332679
FCC,0.618998
FCC,0.285376
FCC,0.662512
FCC,0.317644
FCC,0.397511
FCC,0.633063
FCC,0.397554
FCC,0.606531
FCC,0.600161
FCC,0.244031
FCC,0.646855
FCC,0.308965
FCC,0.578397
FCC,0.624209
FCC,0.344465
FCC,0.213813
FCC,0.584976
FCC,0.243496
FCC,0.554208
FCC,0.559766
FCC,0.325034
FCC,0.293073
FCC,0.425398
FCC,0.342242
FCC,0.602116
FCC,0.450559
FCC,0.615323
FCC,0.25255
FCC,0.557442
FCC,0.448967
FCC,0.286791
FCC,0.524898
FCC,0.299233
FCC,0.68137
FCC,0.259139
FCC,0.337868
FCC,0.527826
FCC,0.324703
FCC,0.644849
FCC,0.603874
FCC,0.244865
FCC,0.578411
FCC,0.420871
FCC,0.553949
FCC,0.607745
FCC,0.350459
FCC,0.50089
FCC,0.207511
FCC,0.440554
FCC,0.208231
FCC,0.485338
FCC,0.344997
FCC,0.239503
FCC,0.089498
FCC,0.470648
FCC,0.550749
FCC,0.347999
FCC,0.434423
FCC,0.30837
FCC,0.304059
FCC,0.271023
FCC,0.418941
FCC,0.251796
FCC,0.56812
FCC,0.387086
FCC,0.336035
FCC,0.521949
FCC,0.479147
FCC,0.269579
FCC,0.570652
FCC,0.223511
FCC,0.328788
FCC,0.378391
FCC,0.459789
FCC,0.285809
FCC,0.312292
FCC,0.301758
FCC,0.557822
FCC,0.444452
FCC,0.662765
FCC,0.590847
FCC,0.517084
FCC,0.4041
FCC,0.234017
FCC,0.497453
FCC,0.555843
FCC,0.191189
FCC,0.480549
FCC,0.461252
FCC,0.451844
FCC,0.415723
FCC,0.555049
FCC,0.258453
FCC,0.591777
FCC,0.473299
FCC,0.406967
FCC,0.547434
FCC,0.449399
FCC,0.305515
FCC,0.53349
FCC,0.460582
FCC,0.372482
FCC,0.410105
FCC,0.295354
FCC,0.579955
FCC,0.27508
FCC,0.1353
FCC,0.294766
FCC,0.299762
FCC,0.3087
FCC,0.45201
FCC,0.214073
FCC,0.424108
FCC,0.412893
FCC,0.154025
FCC,0.306161
FCC,0.244128
FCC,0.431825
FCC,0.614643
FCC,0.696393
FCC,0.329637
FCC,0.666942
FCC,0.549627
FCC,0.491916
FCC,0.728353
FCC,0.463481
FCC,0.507385
FCC,0.630112
FCC,0.679025
FCC,0.446351
FCC,0.631855
FCC,0.593424
FCC,0.645601
FCC,0.74681
FCC,0.372532
FCC,0.538406
FCC,0.700656
FCC,0.390204
FCC,0.767956
FCC,0.277963
FCC,0.327483
FCC,0.687033
FCC,0.335853
FCC,0.760096
FCC,0.505627
FCC,0.274696
FCC,0.449323
FCC,0.695153
FCC,0.321982
FCC,0.522079
FCC,0.551353
FCC,0.425789
FCC,0.396686
FCC,0.148486
FCC,0.581208
FCC,0.451125
FCC,0.623394
FCC,0.457781
FCC,0.446237
FCC,0.355371
FCC,0.639988
FCC,0.5501
FCC,0.544791
FCC,0.269664
FCC,0.275754
FCC,0.354581
FCC,0.568538
FCC,0.371156
FCC,0.595656
FCC,0.676949
FCC,0.331889
FCC,0.373177
FCC,0.677784
FCC,0.298368
FCC,0.510809
FCC,0.460918
FCC,0.431969
FCC,0.275061
FCC,0.580679
FCC,0.362827
FCC,0.504896
FCC,0.399778
FCC,0.356617
FCC,0.537075
FCC,0.399913
FCC,0.564651
FCC,0.388644
FCC,0.307363
FCC,0.652067
FCC,0.474174
FCC,0.653218
FCC,0.380994
FCC,0.226802
FCC,0.672231
FCC,0.393207
FCC,0.439711
FCC,0.539355
FCC,0.315357
FCC,0.288238
FCC,0.590527
FCC,0.195573
FCC,0.638625
FCC,0.519929
FCC,0.539111
FCC,0.26768
FCC,0.614724
FCC,0.235389
FCC,0.430805
FCC,0.332978
FCC,0.559205
FCC,0.381866
FCC,0.667821
FCC,0.427986
FCC,0.19147
FCC,0.505503
FCC,0.218733
FCC,0.58766
FCC,0.574696
FCC,0.535599
FCC,0.468368
FCC,0.316327
FCC,0.526775
FCC,0.384563
FCC,0.289982
FCC,0.366806
FCC,0.609714
FCC,0.225882
FCC,0.600468
FCC,0.217852
FCC,0.497089
FCC,0.279937
FCC,0.504906
FCC,0.238503
FCC,0.502513
FCC,0.33292
FCC,0.382104
FCC,0.41825
FCC,0.343978
FCC,0.200547
FCC,0.315751
FCC,0.42248
FCC,0.202626
FCC,0.414929
FCC,0.251243
FCC,0.329067
FCC,0.310926
FCC,0.49881
FCC,0.253071
FCC,0.454189
FCC,0.160891
FCC,0.241945
FCC,0.335871
FCC,0.51375
FCC,0.416243
FCC,0.422959
FCC,0.319128
FCC,0.358589
FCC,0.305723
FCC,0.400119
FCC,0.218232
FCC,0.413073
FCC,0.246924
FCC,0.275427
FCC,0.494422
FCC,0.431734
FCC,0.331167
FCC,0.568721
FCC,0.476882
FCC,0.464069
FCC,0.382198
FCC,0.475152
FCC,0.395544
FCC,0.534819
FCC,0.414132
FCC,0.26489
FCC,0.47603
FCC,0.595876
FCC,0.500914
FCC,0.51424
FCC,0.562849
FCC,0.541428
FCC,0.628009
FCC,0.620303
FCC,0.256214
FCC,0.620514
FCC,0.438415
FCC,0.214494
FCC,0.348697
FCC,0.228673
FCC,0.362786
FCC,0.385718
FCC,0.113353
FCC,0.204109
FCC,0.277448
FCC,0.122247
FCC,0.407487
FCC,0.254544
FCC,0.542354
FCC,0.440443
FCC,0.217029
FCC,0.21977
FCC,0.156214
FCC,0.596186
FCC,0.483208
FCC,0.611796
FCC,0.557754
FCC,0.607285
FCC,0.456614
FCC,0.704449
FCC,0.762706
FCC,0.431013
FCC,0.402504
FCC,0.692957
FCC,0.435486
FCC,0.544727
FCC,0.55216
FCC,0.68085
FCC,0.534136
FCC,0.561479
FCC,0.564415
FCC,0.50529
FCC,0.631662
FCC,0.775087
FCC,0.584607
FCC,0.363342
FCC,0.332397
FCC,0.616523
FCC,0.347045
FCC,0.856523
FCC,0.709094
FCC,0.423395
FCC,0.432869
FCC,0.683055
FCC,0.201369
FCC,0.697281
FCC,0.72961
FCC,0.436336
FCC,0.208734
FCC,0.215289
FCC,0.500602
FCC,0.403866
FCC,0.528565
FCC,0.315404
FCC,0.492013
FCC,0.398937
FCC,0.645277
FCC,0.57306
FCC,0.719424
FCC,0.56533
FCC,0.269083
FCC,0.24767
FCC,0.673639
FCC,0.349191
FCC,0.480724
FCC,0.611698
FCC,0.282721
FCC,0.482689
FCC,0.730917
FCC,0.415008
FCC,0.754614
FCC,0.449701
FCC,0.40748
FCC,0.353365
FCC,0.481033
FCC,0.443144
FCC,0.745183
FCC,0.41657
FCC,0.393892
FCC,0.65114
FCC,0.233334
FCC,0.55538
FCC,0.565612
FCC,0.155227
FCC,0.53096
FCC,0.372127
FCC,0.717716
FCC,0.305368
FCC,0.321277
FCC,0.640908
FCC,0.383918
FCC,0.572422
FCC,0.565633
FCC,0.396572
FCC,0.333419
FCC,0.530476
FCC,0.204541
FCC,0.464941
FCC,0.245879
FCC,0.686572
FCC,0.136176
FCC,0.481921
FCC,0.258312
FCC,0.556905
FCC,0.36934
FCC,0.624695
FCC,0.296957
FCC,0.307918
FCC,0.577374
FCC,0.29592
FCC,0.57163
FCC,0.418813
FCC,0.291232
FCC,0.55174
FCC,0.362005
FCC,0.606753
FCC,0.330644
FCC,0.24983
FCC,0.486061
FCC,0.296465
FCC,0.581493
FCC,0.349498
FCC,0.530183
FCC,0.337635
FCC,0.413132
FCC,0.367269
FCC,0.625399
FCC,0.420631
FCC,0.207121
FCC,0.456475
FCC,0.326223
FCC,0.311158
FCC,0.506318
FCC,0.464641
FCC,0.222633
FCC,0.371816
FCC,0.186284
FCC,0.450665
FCC,0.414691
FCC,0.451073
FCC,0.145062
FCC,0.332005
FCC,0.220181
FCC,0.192986
FCC,0.344433
FCC,0.464299
FCC,0.33204
FCC,0.498498
FCC,0.325667
FCC,0.358081
FCC,0.362882
FCC,0.369364
FCC,0.197672
FCC,0.612051
FCC,0.153241
FCC,0.402933
FCC,0.385911
FCC,0.466393
FCC,0.529704
FCC,0.663866
FCC,0.415759
FCC,0.557384
FCC,0.486034
FCC,0.691226
FCC,0.405787
FCC,0.654915
FCC,0.529759
FCC,0.518222
FCC,0.519517
FCC,0.53029
FCC,0.40239
FCC,0.498169
FCC,0.387107
FCC,0.181665
FCC,0.571797
FCC,0.507737
FCC,0.451095
FCC,0.546859
FCC,0.536291
FCC,0.355647
FCC,0.527712
FCC,0.329508
FCC,0.53367
FCC,0.348219
FCC,0.310374
FCC,0.255043
FCC,0.085062
FCC,0.19069
FCC,0.405168
FCC,0.338017
FCC,0.566961
FCC,0.300241
FCC,0.389711
FCC,0.223884
FCC,0.378595
FCC,0.449931
FCC,0.642378
FCC,0.545288
FCC,0.423159
FCC,0.488465
FCC,0.51825
FCC,0.606247
FCC,0.557861
FCC,0.467266
FCC,0.333662
FCC,0.649739
FCC,0.678932
FCC,0.409915
FCC,0.602418
FCC,0.459156
FCC,0.418653
FCC,0.456437
FCC,0.572607
FCC,0.658409
FCC,0.5854
FCC,0.522699
FCC,0.689232
FCC,0.53225
FCC,0.867751
FCC,0.32555
FCC,0.683572
FCC,0.505553
FCC,0.747232
FCC,0.508323
FCC,0.447963
FCC,0.851115
FCC,0.548639
FCC,0.649556
FCC,0.54137
FCC,0.645182
FCC,0.654093
FCC,0.54611
FCC,0.498703
FCC,0.544527
FCC,0.398677
FCC,0.657786
FCC,0.470729
FCC,0.430498
FCC,0.469986
FCC,0.616146
FCC,0.490725
FCC,0.623598
FCC,0.499684
FCC,0.454804
FCC,0.328496
FCC,0.763692
FCC,0.346268
FCC,0.856473
FCC,0.4618
FCC,0.373476
FCC,0.386267
FCC,0.608539
FCC,0.261971
FCC,0.63317
FCC,0.434358
FCC,0.404106
FCC,0.329565
FCC,0.412271
FCC,0.349587
FCC,0.788603
FCC,0.23611
FCC,0.438115
FCC,0.634332
FCC,0.34464
FCC,0.530382
FCC,0.504744
FCC,0.382215
FCC,0.621943
FCC,0.431611
FCC,0.688038
FCC,0.49595
FCC,0.394363
FCC,0.60523
FCC,0.369407
FCC,0.443469
FCC,0.533084
FCC,0.270901
FCC,0.320455
FCC,0.614341
FCC,0.357136
FCC,0.526063
FCC,0.619913
FCC,0.209162
FCC,0.516727
FCC,0.128288
FCC,0.372071
FCC,0.212473
FCC,0.490923
FCC,0.196389
FCC,0.59995
FCC,0.338659
FCC,0.131614
FCC,0.455941
FCC,0.245942
FCC,0.688911
FCC,0.456279
FCC,0.237544
FCC,0.389094
FCC,0.241062
FCC,0.578648
FCC,0.431623
FCC,0.281172
FCC,0.128442
FCC,0.564921
FCC,0.251975
FCC,0.456106
FCC,0.271712
FCC,0.515755
FCC,0.358926
FCC,0.421803
FCC,0.403894
FCC,0.22375
FCC,0.510281
FCC,0.272255
FCC,0.30464
FCC,0.387568
FCC,0.381293
FCC,0.14988
FCC,0.390169
FCC,0.452693
FCC,0.048793
FCC,0.436241
FCC,0.206531
FCC,0.060333
FCC,0.380987
FCC,0.526931
FCC,0.275297
FCC,0.521639
FCC,0.253547
FCC,0.393466
FCC,0.466571
FCC,0.363857
FCC,0.169335
FCC,0.429393
FCC,0.203403
FCC,0.488339
FCC,0.531867
FCC,0.533261
FCC,0.424875
FCC,0.685517
FCC,0.17143
FCC,0.366564
FCC,0.606783
FCC,0.447852
FCC,0.272558
FCC,0.422081
FCC,0.269652
FCC,0.170899
FCC,0.449825
FCC,0.287923
FCC,0.342994
FCC,0.447472
FCC,0.265392
FCC,0.359148
FCC,0.484816
FCC,0.426159
FCC,0.367659
FCC,0.435316
FCC,0.243829
FCC,0.019126
FCC,0.428702
FCC,0.565896
FCC,0.285018
FCC,0.540172
FCC,0.511083
FCC,0.29961
FCC,0.308665
FCC,0.213599
FCC,0.449074
FCC,0.36932
FCC,0.345709
FCC,0.247886
FCC,0.340698
FCC,0.290289
FCC,0.365166
FCC,0.278316
FCC,0.414937
FCC,0.231277
FCC,0.474346
FCC,0.298544
FCC,0.282528
FCC,0.32326
FCC,0.604976
FCC,0.754992
FCC,0.375616
FCC,0.376055
FCC,0.413805
FCC,0.418316
FCC,0.385516
FCC,0.297765
FCC,0.535059
FCC,0.514136
FCC,0.599778
FCC,0.509291
FCC,0.376476
FCC,0.306902
FCC,0.410018
FCC,0.440446
FCC,0.345532
FCC,0.502026
FCC,0.549977
FCC,0.395196
FCC,0.673371
FCC,0.390548
FCC,0.624101
FCC,0.6959
FCC,0.273866
FCC,0.305258
FCC,0.674344
FCC,0.260846
FCC,0.688775
FCC,0.727778
FCC,0.333622
FCC,0.33351
FCC,0.45723
FCC,0.575155
FCC,0.437145
FCC,0.769115
FCC,0.36814
FCC,0.300189
FCC,0.397181
FCC,0.702694
FCC,0.359704
FCC,0.570178
FCC,0.472946
FCC,0.588028
FCC,0.320135
FCC,0.506564
FCC,0.334145
FCC,0.791389
FCC,0.591128
FCC,0.338044
FCC,0.290383
FCC,0.898464
FCC,0.44096
FCC,0.571094
FCC,0.62901
FCC,0.438834
FCC,0.244933
FCC,0.630805
FCC,0.413399
FCC,0.556437
FCC,0.261721
FCC,0.385212
FCC,0.588532
FCC,0.306345
FCC,0.683311
FCC,0.380168
FCC,0.379734
FCC,0.673348
FCC,0.238191
FCC,0.717421
FCC,0.327517
FCC,0.430659
FCC,0.815945
FCC,0.524084
FCC,0.397267
FCC,0.627739
FCC,0.430352
FCC,0.293066
FCC,0.508178
FCC,0.115579
FCC,0.577693
FCC,0.623407
FCC,0.444867
FCC,0.284321
FCC,0.628657
FCC,0.249537
FCC,0.427633
FCC,0.383075
FCC,0.483399
FCC,0.261979
FCC,0.535012
FCC,0.433393
FCC,0.247001
FCC,0.127
FCC,0.531167
FCC,0.273127
FCC,0.48454
FCC,0.278444
FCC,0.358117
FCC,0.496162
FCC,0.272647
FCC,0.550492
FCC,0.53085
FCC,0.066637
FCC,0.323125
FCC,0.694429
FCC,0.356718
FCC,0.416249
FCC,0.274543
FCC,0.5147
FCC,0.460198
FCC,0.270429
FCC,0.467685
FCC,0.307754
FCC,0.22684
FCC,0.338951
FCC,0.323421
FCC,0.330322
FCC,0.443788
FCC,0.344092
FCC,0.126256
FCC,0.418223
FCC,0.234356
FCC,0.173166
FCC,0.468401
FCC,0.618339
FCC,0.192238
FCC,0.455052
FCC,0.265284
FCC,0.241477
FCC,0.407418
FCC,0.354783
FCC,0.466303
FCC,0.469011
FCC,0.38768
FCC,0.200607
FCC,0.461024
FCC,0.532709
FCC,0.251942
FCC,0.500673
FCC,0.275192
FCC,0.612194
FCC,0.550646
FCC,0.541661
FCC,0.545361
FCC,0.542676
FCC,0.348243
FCC,0.369674
FCC,0.413578
FCC,0.603252
FCC,0.227239
FCC,0.394614
FCC,0.401124
FCC,0.553161
FCC,0.595518
FCC,0.522925
FCC,0.417057
FCC,0.553931
FCC,0.514913
FCC,0.303809
FCC,0.625092
FCC,0.630256
FCC,0.246287
FCC,0.490166
FCC,0.451106
FCC,0.06532
FCC,0.214015
FCC,0.290395
FCC,0.140764
FCC,0.186646
FCC,0.231178
FCC,0.345505
FCC,0.265003
FCC,0.376751
FCC,0.228866
FCC,0.616079
FCC,0.106149
FCC,0.328867
FCC,0.359095
FCC,0.380916
FCC,0.434516
FCC,0.410006
FCC,0.582886
FCC,0.506535
FCC,0.721235
FCC,0.470909
FCC,0.537891
FCC,0.587519
FCC,0.58079
FCC,0.536553
FCC,0.493197
FCC,0.701629
FCC,0.476349
FCC,0.585549
FCC,0.499286
FCC,0.497991
FCC,0.588268
FCC,0.361757
FCC,0.579155
FCC,0.527086
FCC,0.498028
FCC,0.360087
FCC,0.318583
FCC,0.588838
FCC,0.255924
FCC,0.818683
FCC,0.714221
FCC,0.402063
FCC,0.261276
FCC,0.573281
FCC,0.559427
FCC,0.589838
FCC,0.565941
FCC,0.496973
FCC,0.593352
FCC,0.417053
FCC,0.413805
FCC,0.714265
FCC,0.372522
FCC,0.613036
FCC,0.404008
FCC,0.376924
FCC,0.339902
FCC,0.65942
FCC,0.310064
FCC,0.638514
FCC,0.591589
FCC,0.394345
FCC,0.334633
FCC,0.79114
FCC,0.33708
FCC,0.712277
FCC,0.658922
FCC,0.526857
FCC,0.300292
FCC,0.685929
FCC,0.126371
FCC,0.527012
FCC,0.472231
FCC,0.393464
FCC,0.342796
FCC,0.604369
FCC,0.245143
FCC,0.633033
FCC,0.262455
FCC,0.310565
FCC,0.525919
FCC,0.465754
FCC,0.720082
FCC,0.475068
FCC,0.241419
FCC,0.656473
FCC,0.428067
FCC,0.462927
FCC,0.348157
FCC,0.324655
FCC,0.628896
FCC,0.212122
FCC,0.402579
FCC,0.553187
FCC,0.416639
FCC,0.36118
FCC,0.606461
FCC,0.372533
FCC,0.42527
FCC,0.412933
FCC,0.546911
FCC,0.262628
FCC,0.647075
FCC,0.332161
FCC,0.418592
FCC,0.275021
FCC,0.501851
FCC,0.258533
FCC,0.482374
FCC,0.489447
FCC,0.332388
FCC,0.16543
FCC,0.72588
FCC,0.441927
FCC,0.437136
FCC,0.454411
FCC,0.43762
FCC,0.582564
FCC,0.215211
FCC,0.554602
FCC,0.49535
FCC,0.236457
FCC,0.620352
FCC,0.356057
FCC,0.604956
FCC,0.534617
FCC,0.354258
FCC,0.529536
FCC,0.170061
FCC,0.439144
FCC,0.512393
FCC,0.334962
FCC,0.301553
FCC,0.359807
FCC,0.32706
FCC,0.347224
FCC,0.264967
FCC,0.301053
FCC,0.419809
FCC,0.412161
FCC,0.486069
FCC,0.344438
FCC,0.62062
FCC,0.43792
FCC,0.397529
FCC,0.494695
FCC,0.340003
FCC,0.265006
FCC,0.527061
FCC,0.521679
FCC,0.299308
FCC,0.487704
FCC,0.356637
FCC,0.46906
FCC,0.691587
FCC,0.461777
FCC,0.318534
FCC,0.551901
FCC,0.241958
FCC,0.291319
FCC,0.563554
FCC,0.55925
FCC,0.358079
FCC,0.529099
FCC,0.366643
FCC,0.457023
FCC,0.318858
FCC,0.498373
FCC,0.184574
FCC,0.52237
FCC,0.435549
FCC,0.317189
FCC,0.778219
FCC,0.489886
FCC,0.441859
FCC,0.453942
FCC,0.334665
FCC,0.359115
FCC,0.422281
FCC,0.4799
FCC,0.370556
FCC,0.524172
FCC,0.60426
FCC,0.417258
FCC,0.50625
FCC,0.29481
FCC,0.587806
FCC,0.330886
FCC,0.474898
FCC,0.412897
FCC,0.34925
FCC,0.559711
FCC,0.289021
FCC,0.420342
FCC,0.608174
FCC,0.374383
FCC,0.45836
FCC,0.275926
FCC,0.309668
FCC,0.407023
FCC,0.568579
FCC,0.517452
FCC,0.488021
FCC,0.447394
FCC,0.456913
FCC,0.669417
FCC,0.297141
FCC,0.320771
FCC,0.546368
FCC,0.694274
FCC,0.366977
FCC,0.555177
FCC,0.612191
FCC,0.521918
FCC,0.634969
FCC,0.594482
FCC,0.455992
FCC,0.374733
FCC,0.578319
FCC,0.343901
FCC,0.286646
FCC,0.525991
FCC,0.339572
FCC,0.451396
FCC,0.434507
FCC,0.755343
FCC,0.439814
FCC,0.280388
FCC,0.484079
FCC,0.326528
FCC,0.553658
FCC,0.473267
FCC,0.632594
FCC,0.584509
FCC,0.467609
FCC,0.38839
FCC,0.544985
FCC,0.308643
FCC,0.785582
FCC,0.648821
FCC,0.44546
FCC,0.374531
FCC,0.833861
FCC,0.400762
FCC,0.569445
FCC,0.420086
FCC,0.293578
FCC,0.298191
FCC,0.537631
FCC,0.261688
FCC,0.73146
FCC,0.656183
FCC,0.454624
FCC,0.295233
FCC,0.664983
FCC,0.32981
FCC,0.501101
FCC,0.60728
FCC,0.458278
FCC,0.378149
FCC,0.583262
FCC,0.376881
FCC,0.67625
FCC,0.358377
FCC,0.312584
FCC,0.629895
FCC,0.31345
FCC,0.576489
FCC,0.791365
FCC,0.301274
FCC,0.513096
FCC,0.230421
FCC,0.725359
FCC,0.347223
FCC,0.442211
FCC,0.613236
FCC,0.107383
FCC,0.501417
FCC,0.587779
FCC,0.450023
FCC,0.344575
FCC,0.686951
FCC,0.291934
FCC,0.261056
FCC,0.619343
FCC,0.501851
FCC,0.291342
FCC,0.682144
FCC,0.289042
FCC,0.522716
FCC,0.383051
FCC,0.508779
FCC,0.284937
FCC,0.617448
FCC,0.623059
FCC,0.292025
FCC,0.565091
FCC,0.283829
FCC,0.674677
FCC,0.550319
FCC,0.280936
FCC,0.492052
FCC,0.206926
FCC,0.483033
FCC,0.43002
FCC,0.203607
FCC,0.110103
FCC,0.483681
FCC,0.24582
FCC,0.485582
FCC,0.430749
FCC,0.49408
FCC,0.401004
FCC,0.405764
FCC,0.209971
FCC,0.523029
FCC,0.412015
FCC,0.306046
FCC,0.348137
FCC,0.527408
FCC,0.318154
FCC,0.359122
FCC,0.348109
FCC,0.373753
FCC,0.444204
FCC,0.656644
FCC,0.302535
FCC,0.418613
FCC,0.350195
FCC,0.430627
FCC,0.560942
FCC,0.537594
FCC,0.30885
FCC,0.570615
FCC,0.380389
FCC,0.275077
FCC,0.304022
FCC,0.526132
FCC,0.404616
FCC,0.545542
FCC,0.306506
FCC,0.339634
FCC,0.367208
FCC,0.405218
FCC,0.479859
FCC,0.478533
FCC,0.379343
FCC,0.627824
FCC,0.372103
FCC,0.474452
FCC,0.299417
FCC,0.498972
FCC,0.317939
FCC,0.464212
FCC,0.379685
FCC,0.575385
FCC,0.419213
FCC,0.718853
FCC,0.621362
FCC,0.366866
FCC,0.421267
FCC,0.495905
FCC,0.320284
FCC,0.399167
FCC,0.444175
FCC,0.411771
FCC,0.502997
FCC,0.300008
FCC,0.49288
FCC,0.445158
FCC,0.377681
FCC,0.271607
FCC,0.314027
FCC,0.467063
FCC,0.455416
FCC,0.403747
FCC,0.559266
FCC,0.328004
FCC,0.312372
FCC,0.492096
FCC,0.521709
FCC,0.393601
FCC,0.489664
FCC,0.53543
FCC,0.442675
FCC,0.458048
FCC,0.518273
FCC,0.398084
FCC,0.38522
FCC,0.320998
FCC,0.418189
FCC,0.606605
FCC,0.582715
FCC,0.413954
FCC,0.585252
FCC,0.391678
FCC,0.500742
FCC,0.444688
FCC,0.3342
FCC,0.464367
FCC,0.642992
FCC,0.475141
FCC,0.38442
FCC,0.407664
FCC,0.291142
FCC,0.551363
FCC,0.232421
FCC,0.618419
FCC,0.576024
FCC,0.414809
FCC,0.282275
FCC,0.665486
FCC,0.183525
FCC,0.605014
FCC,0.589816
FCC,0.270698
FCC,0.287164
FCC,0.194481
FCC,0.512296
FCC,0.301247
FCC,0.455656
FCC,0.420064
FCC,0.329127
FCC,0.30956
FCC,0.568735
FCC,0.325048
FCC,0.634074
FCC,0.604423
FCC,0.50802
FCC,0.202159
FCC,0.497718
FCC,0.21842
FCC,0.410364
FCC,0.626727
FCC,0.312035
FCC,0.275934
FCC,0.609018
FCC,0.222126
FCC,0.357198
FCC,0.471322
FCC,0.356856
FCC,0.166799
FCC,0.579872
FCC,0.324422
FCC,0.677894
FCC,0.183999
FCC,0.268606
FCC,0.609106
FCC,0.331284
FCC,0.462899
FCC,0.451476
FCC,0.257147
FCC,0.495267
FCC,0.324909
FCC,0.615256
FCC,0.351091
FCC,0.296062
FCC,0.569387
FCC,0.35297
FCC,0.332948
FCC,0.605819
FCC,0.552314
FCC,0.303594
FCC,0.496271
FCC,0.201229
FCC,0.402011
FCC,0.616413
FCC,0.34939
FCC,0.160182
FCC,0.575387
FCC,0.237939
FCC,0.394122
FCC,0.194624
FCC,0.467705
FCC,0.328239
FCC,0.545006
FCC,0.364999
FCC,0.250168
FCC,0.465556
FCC,0.300634
FCC,0.486747
FCC,0.560392
FCC,0.175095
FCC,0.595324
FCC,0.225782
FCC,0.471389
FCC,0.518993
FCC,0.225827
FCC,0.354448
FCC,0.629728
FCC,0.280955
FCC,0.732575
FCC,0.575201
FCC,0.456079
FCC,0.415755
FCC,0.569487
FCC,0.386233
FCC,0.419662
FCC,0.585827
FCC,0.558331
FCC,0.372687
FCC,0.455028
FCC,0.515203
FCC,0.213324
FCC,0.493176
FCC,0.411278
FCC,0.21533
FCC,0.344316
FCC,0.580049
FCC,0.376181
FCC,0.450682
FCC,0.385259
FCC,0.172444
FCC,0.2809
FCC,0.439384
FCC,0.366287
FCC,0.535654
FCC,0.306216
FCC,0.40396
FCC,0.321838
FCC,0.505351
FCC,0.434213
FCC,0.750217
FCC,0.388916
FCC,0.575077
FCC,0.369626
FCC,0.474065
FCC,0.480069
FCC,0.424181
FCC,0.433621
FCC,0.386711
FCC,0.497035
FCC,0.824249
FCC,0.453965
FCC,0.670215
FCC,0.478131
FCC,0.602702
FCC,0.647492
FCC,0.536445
FCC,0.572121
FCC,0.563703
FCC,0.398515
FCC,0.290318
FCC,0.476981
FCC,0.569734
FCC,0.369945
FCC,0.555469
FCC,0.503822
FCC,0.295904
FCC,0.536899
FCC,0.656649
FCC,0.471854
FCC,0.365539
FCC,0.217685
FCC,0.287039
FCC,0.455634
FCC,0.503849
FCC,0.547496
FCC,0.452197
FCC,0.519111
FCC,0.399316
FCC,0.430263
FCC,0.26083
FCC,0.330088
FCC,0.595514
FCC,0.440919
FCC,0.723135
FCC,0.565258
FCC,0.509759
FCC,0.424147
FCC,0.353622
FCC,0.752736
FCC,0.27137
FCC,0.441013
FCC,0.398206
FCC,0.635436
FCC,0.437807
FCC,0.594323
FCC,0.598803
FCC,0.734846
FCC,0.43969
FCC,0.579191
FCC,0.486614
FCC,0.321172
FCC,0.416882
FCC,0.516469
FCC,0.381025
FCC,0.649967
FCC,0.284471
FCC,0.72636
FCC,0.696295
FCC,0.448162
FCC,0.386965
FCC,0.657385
FCC,0.292602
FCC,0.547656
FCC,0.503528
FCC,0.692238
FCC,0.53436
FCC,0.409984
FCC,0.2985
FCC,0.571262
FCC,0.438806
FCC,0.577342
FCC,0.500059
FCC,0.309385
FCC,0.205138
FCC,0.496021
FCC,0.18634
FCC,0.492857
FCC,0.612468
FCC,0.381961
FCC,0.20543
FCC,0.452123
FCC,0.151952
FCC,0.552346
FCC,0.315439
FCC,0.390484
FCC,0.324697
FCC,0.591706
FCC,0.404775
FCC,0.646901
FCC,0.657817
FCC,0.137228
FCC,0.328101
FCC,0.702751
FCC,0.455383
FCC,0.628539
FCC,0.55298
FCC,0.278565
FCC,0.606083
FCC,0.361911
FCC,0.522882
FCC,0.257004
FCC,0.278248
FCC,0.664251
FCC,0.491004
FCC,0.589692
FCC,0.234059
FCC,0.311874
FCC,0.545621
FCC,0.309769
FCC,0.34282
FCC,0.397887
FCC,0.335069
FCC,0.332348
FCC,0.576482
FCC,0.246126
FCC,0.4302
FCC,0.388378
FCC,0.338389
FCC,0.329157
FCC,0.613572
FCC,0.41233
FCC,0.70546
FCC,0.444374
FCC,0.512435
FCC,0.206381
FCC,0.629474
FCC,0.539808
FCC,0.283654
FCC,0.677356
FCC,0.35938
FCC,0.589508
FCC,0.330081
FCC,0.45134
FCC,0.525798
FCC,0.249595
FCC,0.558917
FCC,0.649122
FCC,0.365176
FCC,0.253555
FCC,0.472502
FCC,0.207785
FCC,0.576787
FCC,0.295288
FCC,0.485878
FCC,0.433415
FCC,0.251726
FCC,0.72163
FCC,0.345481
FCC,0.364919
FCC,0.443266
FCC,0.457394
FCC,0.675283
FCC,0.397571
FCC,0.275475
FCC,0.370989
FCC,0.512515
FCC,0.319823
FCC,0.437112
FCC,0.395311
FCC,0.360373
FCC,0.472209
FCC,0.487631
FCC,0.540598
FCC,0.254313
FCC,0.462346
FCC,0.545619
FCC,0.32189
FCC,0.210702
FCC,0.619593
FCC,0.651476
FCC,0.436431
FCC,0.57099
FCC,0.261568
FCC,0.325407
FCC,0.605
FCC,0.644413
FCC,0.24567
FCC,0.517681
FCC,0.243465
FCC,0.220639
FCC,0.518058
FCC,0.627331
FCC,0.583487
FCC,0.422718
FCC,0.478366
FCC,0.414876
FCC,0.152151
FCC,0.45422
FCC,0.211414
FCC,0.387284
FCC,0.374169
FCC,0.275841
FCC,0.465259
FCC,0.266874
FCC,0.59339
FCC,0.305633
FCC,0.442796
FCC,0.460771
FCC,0.644067
FCC,0.417171
FCC,0.669677
FCC,0.400617
FCC,0.61039
FCC,0.503
FCC,0.636225
FCC,0.387195
FCC,0.783703
FCC,0.446248
FCC,0.629437
FCC,0.578065
FCC,0.734464
FCC,0.44018
FCC,0.567347
FCC,0.457659
FCC,0.368279
FCC,0.763287
FCC,0.669241
FCC,0.447183
FCC,0.69021
FCC,0.556321
FCC,0.59168
FCC,0.683776
FCC,0.582318
FCC,0.695358
FCC,0.570951
FCC,0.781539
FCC,0.653979
FCC,0.679283
FCC,0.75633
FCC,0.485885
FCC,0.797953
FCC,0.438001
FCC,0.713262
FCC,0.439372
FCC,0.655723
FCC,0.537134
FCC,0.466059
FCC,0.516586
FCC,0.398576
FCC,0.407674
FCC,0.46223
FCC,0.432588
FCC,0.541451
FCC,0.364641
FCC,0.563741
FCC,0.465285
FCC,0.440424
FCC,0.433885
FCC,0.533579
FCC,0.324742
FCC,0.273624
FCC,0.492241
FCC,0.346807
FCC,0.481711
FCC,0.340088
FCC,0.328151
FCC,0.343766
FCC,0.210673
FCC,0.292611
FCC,0.312004
FCC,0.208484
FCC,0.583783
FCC,0.033936
FCC,0.291286
FCC,0.099209
FCC,0.568038
FCC,0.151133
FCC,0.358553
FCC,0.378454
FCC,0.455262
FCC,0.524326
FCC,0.371816
FCC,0.474129
FCC,0.533592
FCC,0.347964
FCC,0.579273
FCC,0.372021
FCC,0.363937
FCC,0.490271
FCC,0.544201
FCC,0.655057
FCC,0.609726
FCC,0.506306
FCC,0.410632
FCC,0.384633
FCC,0.521089
FCC,0.470012
FCC,0.487157
FCC,0.392068
FCC,0.499166
FCC,0.335649
FCC,0.35849
FCC,0.436409
FCC,0.473895
FCC,0.502121
FCC,0.32463
FCC,0.398478
FCC,0.572969
FCC,0.23186
FCC,0.542138
FCC,0.471967
FCC,0.20387
FCC,0.358674
FCC,0.521301
FCC,0.300254
FCC,0.555639
FCC,0.36669
FCC,0.683072
FCC,0.256179
FCC,0.42757
FCC,0.304199
FCC,0.614352
FCC,0.321456
FCC,0.263649
FCC,0.399572
FCC,0.61761
FCC,0.277614
FCC,0.462893
FCC,0.419298
FCC,0.226573
FCC,0.595259
FCC,0.416287
FCC,0.451216
FCC,0.452614
FCC,0.394366
FCC,0.679107
FCC,0.23097
FCC,0.380713
FCC,0.493451
FCC,0.272364
FCC,0.539478
FCC,0.172917
FCC,0.378956
FCC,0.327882
FCC,0.353791
FCC,0.468688
FCC,0.220155
FCC,0.212482
FCC,0.499217
FCC,0.448279
FCC,0.231815
FCC,0.537547
FCC,0.251728
FCC,0.190175
FCC,0.450525
FCC,0.404325
FCC,0.359118
FCC,0.163274
FCC,0.361927
FCC,0.464341
FCC,0.233336
FCC,0.263954
FCC,0.444598
FCC,0.568274
FCC,0.345208
FCC,0.524494
FCC,0.250961
FCC,0.303393
FCC,0.476298
FCC,0.541798
FCC,0.315517
FCC,0.450581
FCC,0.151232
FCC,0.188542
FCC,0.412088
FCC,0.355045
FCC,0.52999
FCC,0.176947
FCC,0.573186
FCC,0.205937
FCC,0.308096
FCC,0.455174
FCC,0.345391
FCC,0.278118
FCC,0.207363
FCC,0.368127
FCC,0.567845
FCC,0.238427
FCC,0.509064
FCC,0.285377
FCC,0.554375
FCC,0.368715
FCC,0.685646
FCC,0.383713
FCC,0.698732
FCC,0.366946
FCC,0.394177
FCC,0.551807
FCC,0.631751
FCC,0.336297
FCC,0.67964
FCC,0.412446
FCC,0.425574
FCC,0.441031
FCC,0.628651
FCC,0.307425
FCC,0.536813
FCC,0.36607
FCC,0.435556
FCC,0.590473
FCC,0.564678
FCC,0.311952
FCC,0.734895
FCC,0.438871
FCC,0.502652
FCC,0.582791
FCC,0.413262
FCC,0.727831
FCC,0.464604
FCC,0.581605
FCC,0.595142
FCC,0.670312
FCC,0.736304
FCC,0.554611
FCC,0.616404
FCC,0.497146
FCC,0.681522
FCC,0.476244
FCC,0.550028
FCC,0.630854
FCC,0.402601
FCC,0.41302
FCC,0.396397
FCC,0.287769
FCC,0.501438
FCC,0.397665
FCC,0.356887
FCC,0.788396
FCC,0.348529
FCC,0.448067
FCC,0.533225
FCC,0.470634
FCC,0.363653
FCC,0.643467
FCC,0.531705
FCC,0.527151
FCC,0.448796
FCC,0.134295
FCC,0.380386
FCC,0.463022
FCC,0.179035
FCC,0.348944
FCC,0.40436
FCC,0.621646
FCC,0.464646
FCC,0.366419
FCC,0.334239
FCC,0.29137
FCC,0.185322
FCC,0.196828
FCC,0.301266
FCC,0.587628
FCC,0.347763
FCC,0.424323
FCC,0.198489
FCC,0.449491
FCC,0.348131
FCC,0.45497
FCC,0.524207
FCC,0.534725
FCC,0.520955
FCC,0.520758
FCC,0.502726
FCC,0.545285
FCC,0.350709
FCC,0.56197
FCC,0.409105
FCC,0.541321
FCC,0.353461
FCC,0.564118
FCC,0.527939
FCC,0.476041
FCC,0.513704
FCC,0.653257
FCC,0.516441
FCC,0.719704
FCC,0.271686
FCC,0.244915
FCC,0.383282
FCC,0.561538
FCC,0.406867
FCC,0.518669
FCC,0.202075
FCC,0.336678
FCC,0.14369
FCC,0.461924
FCC,0.192155
FCC,0.469371
FCC,0.301931
FCC,0.321648
FCC,0.388459
FCC,0.43721
FCC,0.330983
FCC,0.337211
FCC,0.256568
FCC,0.22845
FCC,0.306477
FCC,0.593733
FCC,0.255433
FCC,0.57828
FCC,0.273013
FCC,0.496127
FCC,0.422618
FCC,0.283939
FCC,0.318789
FCC,0.40465
FCC,0.279315
FCC,0.547474
FCC,0.452585
FCC,0.12965
FCC,0.436432
FCC,0.430512
FCC,0.19168
FCC,0.546302
FCC,0.156973
FCC,0.353774
FCC,0.488109
FCC,0.427901
FCC,0.383196
FCC,0.242201
FCC,0.748406
FCC,0.534792
FCC,0.417732
FCC,0.745784
FCC,0.189893
FCC,0.296412
FCC,0.545687
FCC,0.49183
FCC,0.430356
FCC,0.201815
FCC,0.38914
FCC,0.555333
FCC,0.381364
FCC,0.300375
FCC,0.405455
FCC,0.669117
FCC,0.508036
FCC,0.609924
FCC,0.363323
FCC,0.310102
FCC,0.561822
FCC,0.545323
FCC,0.176949
FCC,0.561511
FCC,0.168974
FCC,0.271734
FCC,0.52083
FCC,0.42242
FCC,0.602505
FCC,0.256909
FCC,0.505617
FCC,0.46957
FCC,0.372697
FCC,0.441493
FCC,0.320493
FCC,0.344205
FCC,0.552771
FCC,0.560244
FCC,0.633008
FCC,0.283267
FCC,0.689198
FCC,0.525918
FCC,0.457297
FCC,0.314376
FCC,0.703726
FCC,0.477947
FCC,0.596287
FCC,0.321726
FCC,0.569267
FCC,0.663181
FCC,0.774984
FCC,0.461665
FCC,0.64527
FCC,0.317471
FCC,0.308133
FCC,0.457612
FCC,0.571867
FCC,0.400767
FCC,0.707649
FCC,0.300363
FCC,0.526633
FCC,0.580445
FCC,0.789534
FCC,0.440692
FCC,0.671454
FCC,0.290525
FCC,0.518306
FCC,0.682639
FCC,0.502129
FCC,0.591608
FCC,0.347803
FCC,0.7619
FCC,0.408413
FCC,0.572853
FCC,0.83908
FCC,0.800901
FCC,0.727623
FCC,0.49713
FCC,0.788984
FCC,0.528763
FCC,0.64067
FCC,0.750327
FCC,0.527344
FCC,0.486697
FCC,0.468826
FCC,0.616694
FCC,0.549232
FCC,0.573744
FCC,0.321352
FCC,0.655298
FCC,0.373053
FCC,0.646447
FCC,0.57264
FCC,0.340643
FCC,0.59839
FCC,0.387481
FCC,0.371757
FCC,0.440988
FCC,0.581166
FCC,0.540092
FCC,0.566031
FCC,0.235042
FCC,0.30166
FCC,0.373594
FCC,0.354212
FCC,0.397518
FCC,0.357277
FCC,0.295379
FCC,0.489166
FCC,0.305773
FCC,0.43838
FCC,0.447481
FCC,0.45415
FCC,0.152328
FCC,0.459854
FCC,0.28086
FCC,0.625766
FCC,0.61397
FCC,0.400074
FCC,0.289252
FCC,0.538818
FCC,0.438795
FCC,0.563445
FCC,0.518437
FCC,0.476734
FCC,0.461489
FCC,0.628163
FCC,0.421384
FCC,0.536953
FCC,0.517077
FCC,0.353098
FCC,0.312611
FCC,0.412312
FCC,0.334927
FCC,0.364169
FCC,0.712885
FCC,0.311827
FCC,0.344043
FCC,0.479455
FCC,0.382195
FCC,0.690195
FCC,0.452421
FCC,0.191069
FCC,0.337003
FCC,0.489586
FCC,0.297726
FCC,0.684725
FCC,0.503705
FCC,0.394623
FCC,0.331724
FCC,0.645924
FCC,0.323679
FCC,0.655908
FCC,0.459229
FCC,0.338378
FCC,0.301433
FCC,0.42478
FCC,0.244852
FCC,0.600797
FCC,0.447758
FCC,0.259488
FCC,0.392471
FCC,0.528586
FCC,0.434849
FCC,0.593336
FCC,0.227327
FCC,0.552438
FCC,0.470135
FCC,0.492377
FCC,0.37465
FCC,0.493746
FCC,0.458385
FCC,0.462969
FCC,0.489543
FCC,0.800933
FCC,0.214825
FCC,0.681556
FCC,0.351222
FCC,0.296152
FCC,0.414807
FCC,0.380838
FCC,0.818558
FCC,0.189731
FCC,0.492176
FCC,0.568154
FCC,0.150783
FCC,0.398692
FCC,0.245604
FCC,0.225922
FCC,0.326642
FCC,0.517063
FCC,0.673892
FCC,0.354599
FCC,0.51603
FCC,0.69009
FCC,0.358694
FCC,0.325555
FCC,0.668027
FCC,0.694476
FCC,0.671465
FCC,0.469311
FCC,0.220183
FCC,0.765547
FCC,0.295415
FCC,0.792219
FCC,0.289775
FCC,0.454247
FCC,0.346109
FCC,0.537287
FCC,0.474395
FCC,0.305925
FCC,0.631732
FCC,0.398755
FCC,0.449402
FCC,0.713816
FCC,0.362841
FCC,0.330201
FCC,0.431803
FCC,0.558892
FCC,0.556438
FCC,0.323344
FCC,0.649206
FCC,0.487005
FCC,0.345026
FCC,0.575975
FCC,0.601969
FCC,0.384249
FCC,0.851553
FCC,0.358487
FCC,0.398291
FCC,0.861641
FCC,0.745656
FCC,0.432979
FCC,0.749995
FCC,0.451852
FCC,0.450055
FCC,0.661512
FCC,0.685384
FCC,0.312876
FCC,0.584265
FCC,0.314121
FCC,0.48699
FCC,0.655707
FCC,0.630193
FCC,0.42979
FCC,0.699756
FCC,0.186428
FCC,0.682127
FCC,0.748588
FCC,0.567973
FCC,0.74856
FCC,0.482891
FCC,1.005046
FCC,0.376736
FCC,0.876244
FCC,0.626745
FCC,0.795324
FCC,0.526313
FCC,0.62867
FCC,0.435035
FCC,0.522564
FCC,0.599568
FCC,0.525383
FCC,0.512642
FCC,0.314486
FCC,0.501448
FCC,0.530947
FCC,0.456526
FCC,0.358862
FCC,0.500295
FCC,0.395344
FCC,0.525035
FCC,0.400416
FCC,0.581315
FCC,0.543242
FCC,0.389835
FCC,0.37987
FCC,0.460782
FCC,0.330583
FCC,0.616349
FCC,0.255807
FCC,0.455934
FCC,0.471836
FCC,0.542837
FCC,0.372498
FCC,0.348142
FCC,0.507877
FCC,0.461772
FCC,0.1092
FCC,0.43091
FCC,0.263273
FCC,0.426585
FCC,0.502525
FCC,0.33374
FCC,0.292758
FCC,0.46153
FCC,0.365053
FCC,0.454771
FCC,0.335979
FCC,0.468723
FCC,0.345068
FCC,0.457235
FCC,0.350482
FCC,0.381602
FCC,0.287298
FCC,0.568959
FCC,0.309384
FCC,0.411413
FCC,0.392402
FCC,0.378319
FCC,0.401072
FCC,0.659421
FCC,0.5254
FCC,0.589364
FCC,0.461413
FCC,0.389546
FCC,0.30708
FCC,0.485517
FCC,0.21263
FCC,0.606058
FCC,0.580681
FCC,0.194707
FCC,0.367924
FCC,0.562245
FCC,0.304294
FCC,0.491943
FCC,0.485064
FCC,0.37231
FCC,0.216681
FCC,0.508337
FCC,0.179992
FCC,0.488663
FCC,0.378506
FCC,0.452484
FCC,0.295533
FCC,0.346648
FCC,0.258314
FCC,0.518698
FCC,0.499036
FCC,0.238886
FCC,0.328156
FCC,0.480856
FCC,0.232639
FCC,0.497415
FCC,0.45551
FCC,0.307808
FCC,0.498627
FCC,0.406654
FCC,0.499984
FCC,0.418178
FCC,0.567189
FCC,0.469217
FCC,0.507544
FCC,0.136159
FCC,0.47014
FCC,0.615912
FCC,0.157828
FCC,0.5154
FCC,0.235734
FCC,0.293677
FCC,0.362243
FCC,0.494654
FCC,0.623222
FCC,0.330568
FCC,0.231468
FCC,0.567091
FCC,0.545798
FCC,0.293314
FCC,0.529273
FCC,0.295855
FCC,0.267894
FCC,0.334279
FCC,0.467838
FCC,0.905974
FCC,0.306113
FCC,0.654786
FCC,0.471346
FCC,0.256768
FCC,0.741679
FCC,0.57933
FCC,0.660649
FCC,0.378246
FCC,0.434016
FCC,0.501203
FCC,0.651744
FCC,0.318935
FCC,0.882031
FCC,0.393527
FCC,0.356075
FCC,0.52414
FCC,0.460017
FCC,0.66824
FCC,0.493638
FCC,0.713914
FCC,0.418833
FCC,0.537556
FCC,0.581144
FCC,0.288921
FCC,0.346119
FCC,0.634773
FCC,0.555622
FCC,0.672694
FCC,0.287281
FCC,0.528527
FCC,0.458774
FCC,0.419032
FCC,0.458182
FCC,0.6699
FCC,0.35663
FCC,0.678004
FCC,0.356668
FCC,0.388177
FCC,0.894949
FCC,0.551418
FCC,0.336091
FCC,0.655731
FCC,0.268442
FCC,0.38951
FCC,0.592812
FCC,0.595206
FCC,0.399714
FCC,0.642776
FCC,0.557176
FCC,0.526351
FCC,0.577763
FCC,0.790329
FCC,0.416599
FCC,0.793964
FCC,0.443273
FCC,0.612749
FCC,0.670093
FCC,0.371613
FCC,0.709986
FCC,0.480347
FCC,0.793837
FCC,0.425831
FCC,0.595968
FCC,0.662071
FCC,0.35983
FCC,0.866318
FCC,0.406462
FCC,0.67181
FCC,0.70041
FCC,0.505111
FCC,0.963596
FCC,0.564727
FCC,0.490942
FCC,0.476449
FCC,0.754626
FCC,0.474468
FCC,0.511162
FCC,0.359082
FCC,0.429028
FCC,0.266521
FCC,0.403156
FCC,0.517018
FCC,0.653183
FCC,0.366486
FCC,0.343869
FCC,0.471218
FCC,0.402734
FCC,0.360743
FCC,0.540287
FCC,0.23871
FCC,0.295289
FCC,0.342959
FCC,0.506396
FCC,0.255232
FCC,0.334814
FCC,0.362301
FCC,0.447818
FCC,0.419598
FCC,0.411446
FCC,0.372957
FCC,0.465969
FCC,0.292926
FCC,0.370212
FCC,0.394689
FCC,0.529403
FCC,0.518658
FCC,0.352825
FCC,0.385975
FCC,0.519064
FCC,0.426451
FCC,0.544355
FCC,0.408332
FCC,0.451553
FCC,0.319619
FCC,0.524296
FCC,0.224387
FCC,0.454359
FCC,0.426649
FCC,0.306902
FCC,0.370572
FCC,0.569357
FCC,0.379975
FCC,0.647543
FCC,0.525118
FCC,0.439358
FCC,0.398091
FCC,0.447103
FCC,0.341219
FCC,0.416001
FCC,0.305495
FCC,0.220944
FCC,0.17519
FCC,0.436384
FCC,0.225102
FCC,0.452997
FCC,0.261594
FCC,0.270362
FCC,0.331038
FCC,0.660788
FCC,0.308625
FCC,0.486499
FCC,0.294933
FCC,0.352072
FCC,0.384143
FCC,0.558778
FCC,0.257032
FCC,0.495698
FCC,0.374808
FCC,0.1952
FCC,0.259805
FCC,0.439746
FCC,0.337176
FCC,0.518855
FCC,0.430153
FCC,0.268612
FCC,0.438608
FCC,0.300594
FCC,0.339178
FCC,0.511982
FCC,0.237286
FCC,0.517659
FCC,0.616814
FCC,0.304084
FCC,0.458661
FCC,0.409634
FCC,0.349116
FCC,0.603814
FCC,0.218312
FCC,0.282889
FCC,0.425635
FCC,0.556755
FCC,0.630098
FCC,0.25953
FCC,0.210171
FCC,0.468203
FCC,0.499457
FCC,0.25792
FCC,0.571314
FCC,0.158216
FCC,0.274702
FCC,0.317886
FCC,0.56746
FCC,0.658611
FCC,0.31554
FCC,0.482251
FCC,0.63298
FCC,0.357095
FCC,0.335436
FCC,0.407699
FCC,0.548639
FCC,0.607028
FCC,0.263153
FCC,0.466243
FCC,0.658558
FCC,0.608082
FCC,0.399024
FCC,0.582179
FCC,0.232822
FCC,0.280182
FCC,0.465444
FCC,0.750245
FCC,0.620123
FCC,0.399265
FCC,0.76382
FCC,0.465861
FCC,0.18596
FCC,0.627307
FCC,0.321701
FCC,0.248996
FCC,0.473943
FCC,0.57659
FCC,0.688099
FCC,0.421677
FCC,0.658452
FCC,0.379728
FCC,0.354432
FCC,0.741387
FCC,0.552713
FCC,0.434829
FCC,0.583866
FCC,0.418686
FCC,0.464577
FCC,0.686705
FCC,0.786989
FCC,0.406159
FCC,0.804611
FCC,0.389997
FCC,0.450264
FCC,0.641822
FCC,0.652007
FCC,0.352686
FCC,0.728819
FCC,0.419621
FCC,0.289728
FCC,0.559183
FCC,0.852445
FCC,0.395904
FCC,0.778328
FCC,0.459068
FCC,0.711924
FCC,0.80109
FCC,0.456621
FCC,0.691825
FCC,0.464703
FCC,0.686086
FCC,0.690107
FCC,0.640097
FCC,0.85101
FCC,0.321493
FCC,0.782321
FCC,0.495507
FCC,0.853665
FCC,0.591407
FCC,0.621125
FCC,0.39597
FCC,0.441183
FCC,0.593253
FCC,0.342079
FCC,0.478092
FCC,0.68208
FCC,0.472058
FCC,0.491149
FCC,0.598526
FCC,0.648108
FCC,0.667211
FCC,0.51111
FCC,0.504345
FCC,0.481602
FCC,0.69274
FCC,0.486781
FCC,0.65862
FCC,0.254075
FCC,0.232514
FCC,0.194158
FCC,0.235474
FCC,0.31389
FCC,0.476568
FCC,0.350509
FCC,0.52356
FCC,0.377149
FCC,0.256405
FCC,0.298011
FCC,0.547297
FCC,0.135223
FCC,0.167416
FCC,0.486018
FCC,0.495573
FCC,0.422439
FCC,0.473621
FCC,0.417438
FCC,0.627324
FCC,0.539407
FCC,0.525085
FCC,0.529545
FCC,0.459283
FCC,0.413736
FCC,0.483237
FCC,0.254592
FCC,0.566492
FCC,0.454415
FCC,0.549919
FCC,0.337165
FCC,0.625329
FCC,0.578501
FCC,0.584314
FCC,0.391896
FCC,0.245981
FCC,0.41623
FCC,0.354675
FCC,0.236145
FCC,0.485045
FCC,0.404984
FCC,0.280592
FCC,0.261538
FCC,0.548889
FCC,0.285835
FCC,0.330267
FCC,0.534798
FCC,0.393549
FCC,0.324945
FCC,0.581193
FCC,0.344441
FCC,0.586688
FCC,0.304341
FCC,0.396347
FCC,0.385317
FCC,0.438373
FCC,0.185897
FCC,0.643963
FCC,0.452836
FCC,0.447029
FCC,0.25451
FCC,0.648556
FCC,0.392467
FCC,0.524707
FCC,0.39786
FCC,0.344448
FCC,0.520011
FCC,0.449225
FCC,0.374353
FCC,0.491997
FCC,0.348509
FCC,0.431841
FCC,0.536871
FCC,0.337948
FCC,0.464909
FCC,0.20212
FCC,0.632332
FCC,0.31418
FCC,0.372762
FCC,0.67427
FCC,0.502321
FCC,0.532515
FCC,0.318288
FCC,0.302295
FCC,0.27131
FCC,0.403547
FCC,0.260714
FCC,0.566075
FCC,0.366206
FCC,0.46179
FCC,0.575361
FCC,0.493859
FCC,0.653666
FCC,0.213099
FCC,0.46834
FCC,0.680293
FCC,0.233894
FCC,0.224924
FCC,0.467401
FCC,0.684407
FCC,0.64134
FCC,0.377243
FCC,0.195755
FCC,0.589305
FCC,0.584962
FCC,0.245855
FCC,0.566564
FCC,0.43323
FCC,0.34893
FCC,0.424909
FCC,0.555468
FCC,0.583229
FCC,0.349107
FCC,0.895519
FCC,0.608087
FCC,0.298298
FCC,0.501699
FCC,0.512378
FCC,0.293644
FCC,0.445041
FCC,0.441879
FCC,0.538417
FCC,0.34972
FCC,0.590076
FCC,0.512202
FCC,0.524931
FCC,0.525517
FCC,0.872323
FCC,0.383181
FCC,0.702607
FCC,0.427381
FCC,0.60742
FCC,0.69361
FCC,0.659176
FCC,0.481802
FCC,0.635542
FCC,0.548642
FCC,0.341059
FCC,0.598278
FCC,0.859624
FCC,0.413565
FCC,0.816491
FCC,0.705781
FCC,0.327445
FCC,0.536343
FCC,0.668646
FCC,0.420591
FCC,0.820137
FCC,0.434127
FCC,0.542345
FCC,0.804837
FCC,0.317254
FCC,0.702033
FCC,0.329235
FCC,0.672403
FCC,0.372033
FCC,0.524752
FCC,0.857534
FCC,0.546068
FCC,0.620724
FCC,0.370495
FCC,0.830216
FCC,0.188762
FCC,0.497578
FCC,0.514996
FCC,0.562332
FCC,0.613906
FCC,0.626395
FCC,0.395098
FCC,0.253865
FCC,0.523225
FCC,0.528411
FCC,0.424909
FCC,0.550189
FCC,0.472004
FCC,0.555059
FCC,0.371873
FCC,0.346529
FCC,0.444213
FCC,0.575812
FCC,0.574904
FCC,0.405051
FCC,0.262321
FCC,0.218612
FCC,0.649459
FCC,0.121361
FCC,0.316177
FCC,0.429126
FCC,0.562683
FCC,0.370644
FCC,0.300862
FCC,0.39178
FCC,0.447317
FCC,0.315489
FCC,0.360277
FCC,0.435058
FCC,0.583899
FCC,0.38226
FCC,0.301913
FCC,0.584296
FCC,0.274623
FCC,0.682853
FCC,0.522262
FCC,0.523055
FCC,0.331912
FCC,0.48551
FCC,0.503124
FCC,0.275119
FCC,0.38966
FCC,0.615286
FCC,0.24191
FCC,0.44037
FCC,0.445958
FCC,0.460814
FCC,0.429355
FCC,0.396984
FCC,0.40153
FCC,0.474619
FCC,0.422236
FCC,0.337913
FCC,0.494278
FCC,0.354736
FCC,0.320291
FCC,0.225593
FCC,0.480687
FCC,0.171274
FCC,0.586595
FCC,0.358181
FCC,0.376641
FCC,0.38524
FCC,0.45154
FCC,0.137337
FCC,0.466873
FCC,0.458913
FCC,0.245846
FCC,0.176652
FCC,0.598901
FCC,0.372455
FCC,0.491561
FCC,0.359988
FCC,0.303101
FCC,0.658172
FCC,0.341482
FCC,0.535861
FCC,0.377009
FCC,0.342636
FCC,0.632453
FCC,0.524665
FCC,0.388204
FCC,0.534702
FCC,0.285835
FCC,0.407712
FCC,0.339689
FCC,0.578798
FCC,0.502584
FCC,0.445304
FCC,0.248776
FCC,0.543829
FCC,0.131011
FCC,0.428746
FCC,0.435644
FCC,0.643865
FCC,0.640622
FCC,0.391648
FCC,0.595992
FCC,0.553683
FCC,0.253379
FCC,0.842009
FCC,0.142495
FCC,0.395498
FCC,0.543616
FCC,0.577546
FCC,0.638161
FCC,0.410155
FCC,0.564296
FCC,0.808665
FCC,0.423584
FCC,0.348072
FCC,0.747844
FCC,0.62985
FCC,0.461012
FCC,0.564638
FCC,0.276866
FCC,0.336171
FCC,0.600848
FCC,0.633744
FCC,0.238034
FCC,0.694331
FCC,0.50543
FCC,0.431864
FCC,0.628133
FCC,0.498779
FCC,0.723629
FCC,0.333877
FCC,0.650775
FCC,0.454309
FCC,0.601332
FCC,0.56814
FCC,0.565756
FCC,0.259919
FCC,0.700782
FCC,0.739301
FCC,0.67488
FCC,0.412479
FCC,0.681328
FCC,0.477471
FCC,0.551636
FCC,0.458213
FCC,0.629484
FCC,0.413875
FCC,0.744337
FCC,0.342221
FCC,0.384151
FCC,0.662685
FCC,0.752506
FCC,0.34562
FCC,0.593119
FCC,0.581217
FCC,0.541577
FCC,0.614218
FCC,0.737283
FCC,0.411252
FCC,0.57582
FCC,0.324236
FCC,0.506143
FCC,0.542857
FCC,0.546642
FCC,0.224631
FCC,0.651683
FCC,0.331315
FCC,0.57853
FCC,0.863499
FCC,0.289158
FCC,0.68872
FCC,0.33677
FCC,0.765345
FCC,0.165242
FCC,0.700788
FCC,0.33838
FCC,0.71445
FCC,0.302063
FCC,0.664883
FCC,0.413051
FCC,0.415367
FCC,0.516167
FCC,0.4991
FCC,0.367234
FCC,0.590011
FCC,0.330657
FCC,0.606811
FCC,0.450034
FCC,0.230892
FCC,0.399238
FCC,0.501589
FCC,0.800021
FCC,0.716386
FCC,0.66032
FCC,0.418424
FCC,0.534739
FCC,0.367526
FCC,0.244424
FCC,0.38502
FCC,0.414691
FCC,0.24211
FCC,0.313881
FCC,0.187101
FCC,0.467281
FCC,0.583453
FCC,0.338266
FCC,0.235258
FCC,0.376209
FCC,0.315455
FCC,0.277194
FCC,0.414966
FCC,0.354703
FCC,0.525485
FCC,0.532899
FCC,0.445756
FCC,0.464333
FCC,0.477716
FCC,0.395729
FCC,0.586164
FCC,0.358393
FCC,0.51476
FCC,0.33158
FCC,0.471246
FCC,0.399502
FCC,0.714264
FCC,0.4629
FCC,0.488151
FCC,0.351965
FCC,0.627171
FCC,0.68611
FCC,0.507418
FCC,0.497935
FCC,0.276971
FCC,0.587319
FCC,0.635883
FCC,0.463112
FCC,0.534947
FCC,0.497822
FCC,0.533547
FCC,0.27764
FCC,0.609154
FCC,0.404734
FCC,0.52682
FCC,0.562726
FCC,0.291981
FCC,0.369075
FCC,0.586032
FCC,0.432403
FCC,0.660012
FCC,0.443481
FCC,0.408662
FCC,0.281221
FCC,0.558299
FCC,0.152004
FCC,0.440953
FCC,0.35523
FCC,0.501021
FCC,0.276458
FCC,0.495372
FCC,0.303487
FCC,0.681963
FCC,0.362903
FCC,0.360169
FCC,0.567442
FCC,0.324467
FCC,0.399124
FCC,0.572885
FCC,0.621563
FCC,0.55722
FCC,0.352635
FCC,0.473332
FCC,0.603999
FCC,0.312586
FCC,0.544492
FCC,0.250865
FCC,0.428149
FCC,0.321025
FCC,0.567444
FCC,0.571868
FCC,0.422492
FCC,0.325918
FCC,0.267448
FCC,0.395802
FCC,0.253014
FCC,0.702179
FCC,0.226041
FCC,0.28507
FCC,0.511923
FCC,0.531279
FCC,0.60419
FCC,0.433445
FCC,0.604622
FCC,0.330974
FCC,0.296409
FCC,0.475349
FCC,0.397315
FCC,0.618578
FCC,0.362053
FCC,0.350843
FCC,0.509116
FCC,0.576896
FCC,0.355113
FCC,0.571735
FCC,0.509001
FCC,0.602632
FCC,0.710167
FCC,0.629706
FCC,0.802589
FCC,0.415993
FCC,0.646514
FCC,0.219766
FCC,0.428378
FCC,0.614186
FCC,0.397922
FCC,0.287117
FCC,0.630743
FCC,0.561493
FCC,0.694698
FCC,0.411621
FCC,0.774681
FCC,0.378881
FCC,0.421366
FCC,0.530078
FCC,0.616675
FCC,0.503031
FCC,0.667371
FCC,0.279993
FCC,0.293057
FCC,0.502828
FCC,0.677257
FCC,0.370494
FCC,0.548591
FCC,0.508818
FCC,0.517687
FCC,0.583989
FCC,0.83151
FCC,0.299572
FCC,0.612298
FCC,0.60229
FCC,0.585498
FCC,0.616734
FCC,0.714015
FCC,0.368978
FCC,0.602978
FCC,0.361741
FCC,0.441672
FCC,0.727587
FCC,0.56372
FCC,0.795236
FCC,0.502606
FCC,0.784045
FCC,0.384155
FCC,0.718486
FCC,0.80016
FCC,0.557322
FCC,0.841535
FCC,0.581198
FCC,0.771227
FCC,0.563702
FCC,0.525246
FCC,0.293947
FCC,0.586186
FCC,0.592476
FCC,0.449745
FCC,0.544724
FCC,0.615424
FCC,0.244343
FCC,0.398976
FCC,0.713266
FCC,0.528751
FCC,0.690722
FCC,0.762346
FCC,0.802513
FCC,0.439611
FCC,0.475619
FCC,0.532084
FCC,0.600799
FCC,0.299696
FCC,0.653458
FCC,0.52161
FCC,0.265098
FCC,0.222275
FCC,0.675416
FCC,0.468052
FCC,0.252929
FCC,0.534834
FCC,0.517057
FCC,0.386913
FCC,0.277079
FCC,0.308542
FCC,0.574486
FCC,0.222053
FCC,0.356592
FCC,0.343598
FCC,0.501772
FCC,0.648684
FCC,0.558319
FCC,0.512433
FCC,0.524739
FCC,0.553068
FCC,0.621552
FCC,0.415805
FCC,0.360394
FCC,0.678988
FCC,0.672785
FCC,0.615119
FCC,0.695998
FCC,0.631131
FCC,0.459437
FCC,0.383631
FCC,0.733905
FCC,0.445059
FCC,0.561808
FCC,0.37806
FCC,0.654706
FCC,0.522807
FCC,0.757732
FCC,0.751878
FCC,0.760054
FCC,0.492953
FCC,0.332685
FCC,0.337149
FCC,0.522124
FCC,0.208719
FCC,0.563821
FCC,0.284768
FCC,0.428202
FCC,0.331746
FCC,0.476366
FCC,0.194308
FCC,0.526438
FCC,0.428624
FCC,0.364612
FCC,0.301873
FCC,0.460392
FCC,0.280632
FCC,0.603887
FCC,0.3315
FCC,0.289763
FCC,0.245509
FCC,0.494542
FCC,0.26296
FCC,0.437956
FCC,0.33029
FCC,0.542453
FCC,0.539784
FCC,0.433133
FCC,0.550054
FCC,0.523711
FCC,0.489392
FCC,0.157932
FCC,0.48273
FCC,0.333118
FCC,0.495095
FCC,0.318778
FCC,0.284998
FCC,0.550803
FCC,0.200779
FCC,0.434525
FCC,0.315135
FCC,0.554409
FCC,0.430859
FCC,0.408882
FCC,0.177971
FCC,0.514694
FCC,0.486551
FCC,0.29121
FCC,0.674148
FCC,0.366983
FCC,0.385952
FCC,0.48551
FCC,0.463636
FCC,0.454545
FCC,0.179774
FCC,0.5664
FCC,0.634079
FCC,0.284185
FCC,0.269913
FCC,0.622083
FCC,0.588218
FCC,0.333438
FCC,0.672863
FCC,0.414629
FCC,0.181739
FCC,0.500255
FCC,0.651129
FCC,0.288455
FCC,0.679928
FCC,0.315721
FCC,0.217165
FCC,0.506914
FCC,0.515118
FCC,0.761601
FCC,0.539514
FCC,0.895878
FCC,0.608877
FCC,0.217771
FCC,0.596708
FCC,0.285491
FCC,0.259136
FCC,0.479348
FCC,0.515972
FCC,0.614402
FCC,0.24085
FCC,0.826778
FCC,0.550213
FCC,0.581956
FCC,0.636689
FCC,0.749034
FCC,0.530843
FCC,0.717106
FCC,0.451725
FCC,0.375442
FCC,0.578883
FCC,0.705477
FCC,0.396614
FCC,0.656169
FCC,0.393991
FCC,0.278442
FCC,0.558802
FCC,0.726701
FCC,0.450287
FCC,0.717883
FCC,0.341066
FCC,0.434139
FCC,0.705893
FCC,0.609204
FCC,0.305971
FCC,0.685176
FCC,0.25266
FCC,0.718728
FCC,0.813689
FCC,0.584913
FCC,0.704528
FCC,0.468514
FCC,0.93471
FCC,0.307488
FCC,0.901347
FCC,0.398116
FCC,0.603821
FCC,0.423544
FCC,0.70044
FCC,0.434028
FCC,0.786397
FCC,0.680752
FCC,0.537142
FCC,0.523049
FCC,0.672597
FCC,0.529332
FCC,0.737175
FCC,0.629835
FCC,0.430369
FCC,0.404481
FCC,0.608525
FCC,0.330239
FCC,0.486047
FCC,0.665148
FCC,0.271944
FCC,0.747853
FCC,0.521099
FCC,0.426214
FCC,0.420089
FCC,0.480202
FCC,0.295061
FCC,0.671838
FCC,0.372388
FCC,0.467846
FCC,0.310929
FCC,0.532671
FCC,0.428756
FCC,0.429899
FCC,0.290371
FCC,0.628136
FCC,0.324781
FCC,0.571754
FCC,0.399034
FCC,0.383013
FCC,0.440779
FCC,0.653103
FCC,0.251237
FCC,0.560541
FCC,0.499605
FCC,0.336397
FCC,0.454383
FCC,0.728064
FCC,0.445938
FCC,0.627815
FCC,0.312882
FCC,0.528077
FCC,0.488668
FCC,0.468434
FCC,0.28448
FCC,0.461762
FCC,0.379515
FCC,0.180204
FCC,0.324281
FCC,0.547901
FCC,0.393778
FCC,0.578159
FCC,0.482038
FCC,0.287847
FCC,0.447929
FCC,0.701859
FCC,0.447019
FCC,0.577664
FCC,0.560312
FCC,0.398566
FCC,0.338561
FCC,0.507448
FCC,0.317383
FCC,0.634979
FCC,0.326393
FCC,0.333271
FCC,0.593283
FCC,0.358539
FCC,0.459967
FCC,0.62033
FCC,0.22569
FCC,0.230072
FCC,0.466854
FCC,0.223133
FCC,0.639765
FCC,0.444584
FCC,0.336488
FCC,0.377551
FCC,0.498709
FCC,0.181085
FCC,0.526825
FCC,0.359101
FCC,0.463235
FCC,0.514282
FCC,0.371034
FCC,0.364049
FCC,0.453587
FCC,0.352982
FCC,0.461053
FCC,0.512418
FCC,0.561622
FCC,0.450457
FCC,0.177838
FCC,0.535696
FCC,0.284984
FCC,0.447515
FCC,0.461538
FCC,0.570266
FCC,0.545486
FCC,0.325436
FCC,0.24575
FCC,0.380587
FCC,0.392577
FCC,0.088607
FCC,0.604746
FCC,0.157489
FCC,0.453832
FCC,0.448115
FCC,0.580338
FCC,0.729189
FCC,0.348272
FCC,0.304395
FCC,0.734427
FCC,0.54206
FCC,0.435248
FCC,0.78693
FCC,0.68094
FCC,0.699763
FCC,0.447069
FCC,0.319086
FCC,0.640733
FCC,0.631171
FCC,0.279377
FCC,0.441474
FCC,0.342455
FCC,0.354828
FCC,0.511041
FCC,0.507292
FCC,0.574413
FCC,0.380768
FCC,0.826497
FCC,0.414419
FCC,0.32622
FCC,0.54419
FCC,0.322778
FCC,0.198679
FCC,0.405706
FCC,0.489486
FCC,0.577406
FCC,0.360673
FCC,0.593521
FCC,0.509169
FCC,0.424438
FCC,0.581772
FCC,0.767568
FCC,0.453153
FCC,0.635621
FCC,0.303711
FCC,0.531915
FCC,0.691569
FCC,0.722864
FCC,0.361336
FCC,0.706907
FCC,0.421151
FCC,0.564058
FCC,0.714526
FCC,0.791764
FCC,0.549544
FCC,0.759753
FCC,0.391676
FCC,0.317043
FCC,0.647172
FCC,0.773856
FCC,0.426849
FCC,0.659753
FCC,0.391709
FCC,0.591829
FCC,0.951101
FCC,0.587246
FCC,0.992593
FCC,0.462888
FCC,0.836733
FCC,0.514391
FCC,0.670258
FCC,0.793838
FCC,0.58261
FCC,0.728338
FCC,0.701839
FCC,0.702289
FCC,0.700789
FCC,0.552032
FCC,0.530372
FCC,0.534661
FCC,0.548103
FCC,0.527305
FCC,0.346638
FCC,0.57452
FCC,0.498445
FCC,0.460139
FCC,0.580075
FCC,0.613493
FCC,0.390029
FCC,0.661125
FCC,0.579792
FCC,0.42374
FCC,0.632792
FCC,0.494485
FCC,0.414335
FCC,0.365094
FCC,0.535135
FCC,0.25943
FCC,0.566251
FCC,0.274326
FCC,0.413784
FCC,0.240618
FCC,0.510302
FCC,0.377471
FCC,0.403707
FCC,0.435339
FCC,0.440143
FCC,0.469208
FCC,0.353756
FCC,0.258398
FCC,0.445902
FCC,0.28539
FCC,0.284393
FCC,0.452286
FCC,0.523602
FCC,0.423427
FCC,0.447015
FCC,0.433838
FCC,0.524012
FCC,0.436036
FCC,0.578658
FCC,0.433963
FCC,0.430068
FCC,0.505032
FCC,0.495419
FCC,0.357607
FCC,0.632911
FCC,0.553508
FCC,0.541072
FCC,0.584648
FCC,0.598407
FCC,0.359676
FCC,0.58034
FCC,0.530211
FCC,0.414728
FCC,0.440947
FCC,0.540487
FCC,0.452447
FCC,0.686586
FCC,0.417832
FCC,0.162598
FCC,0.333645
FCC,0.373996
FCC,0.168329
FCC,0.489906
FCC,0.414316
FCC,0.349227
FCC,0.185853
FCC,0.497789
FCC,0.284677
FCC,0.505044
FCC,0.322865
FCC,0.368516
FCC,0.137145
FCC,0.485272
FCC,0.261803
FCC,0.4076
FCC,0.432847
FCC,0.270903
FCC,0.232454
FCC,0.489726
FCC,0.241546
FCC,0.487318
FCC,0.448516
FCC,0.45831
FCC,0.51783
FCC,0.47103
FCC,0.451166
FCC,0.530545
FCC,0.536361
FCC,0.185411
FCC,0.417966
FCC,0.280573
FCC,0.431535
FCC,0.458825
FCC,0.276667
FCC,0.473989
FCC,0.126429
FCC,0.550711
FCC,0.496678
FCC,0.720734
FCC,0.653452
FCC,0.451978
FCC,0.515802
FCC,0.500146
FCC,0.19268
FCC,0.486047
FCC,0.2405
FCC,0.400418
FCC,0.675798
FCC,0.64609
FCC,0.65234
FCC,0.280575
FCC,0.551784
FCC,0.726933
FCC,0.5284
FCC,0.31846
FCC,0.625528
FCC,0.5022
FCC,0.74432
FCC,0.35027
FCC,0.42034
FCC,0.629537
FCC,0.37424
FCC,0.593124
FCC,0.300624
FCC,0.23408
FCC,0.597896
FCC,0.611764
FCC,0.72376
FCC,0.394074
FCC,0.778776
FCC,0.533355
FCC,0.589188
FCC,0.47909
FCC,0.209247
FCC,0.18307
FCC,0.41689
FCC,0.536913
FCC,0.541735
FCC,0.513113
FCC,0.689704
FCC,0.319044
FCC,0.499451
FCC,0.69695
FCC,0.743662
FCC,0.641213
FCC,0.664163
FCC,0.540834
FCC,0.590357
FCC,0.763109
FCC,0.772035
FCC,0.426254
FCC,0.695225
FCC,0.509169
FCC,0.564151
FCC,0.678614
FCC,0.607767
FCC,0.567979
FCC,0.738276
FCC,0.331835
FCC,0.559938
FCC,0.882204
FCC,0.825715
FCC,0.519008
FCC,0.93793
FCC,0.338755
FCC,0.904597
FCC,0.915756
FCC,0.695682
FCC,0.874993
FCC,0.739278
FCC,0.701922
FCC,0.701368
FCC,0.721274
FCC,0.67822
FCC,0.694722
FCC,0.887909
FCC,0.692467
FCC,0.838674
FCC,0.628506
FCC,0.579274
FCC,0.766998
FCC,0.566523
FCC,0.691632
FCC,0.577771
FCC,0.448811
FCC,0.799781
FCC,0.496715
FCC,0.536252
FCC,0.359524
FCC,0.609078
FCC,0.402776
FCC,0.549808
FCC,0.556784
FCC,0.503483
FCC,0.558639
FCC,0.464549
FCC,0.366888
FCC,0.479735
FCC,0.562071
FCC,0.418793
FCC,0.52018
FCC,0.353288
FCC,0.426671
FCC,0.285938
FCC,0.66051
FCC,0.197767
FCC,0.382897
FCC,0.350057
FCC,0.545387
FCC,0.517037
FCC,0.38815
FCC,0.350896
FCC,0.309037
FCC,0.440529
FCC,0.208649
FCC,0.193401
FCC,0.393273
FCC,0.448304
FCC,0.492018
FCC,0.444071
FCC,0.589452
FCC,0.560656
FCC,0.658293
FCC,0.466183
FCC,0.365473
FCC,0.167405
FCC,0.538828
FCC,0.299949
FCC,0.534294
FCC,0.479795
FCC,0.348993
FCC,0.356953
FCC,0.548257
FCC,0.428826
FCC,0.586774
FCC,0.577855
FCC,0.310297
FCC,0.429965
FCC,0.495345
FCC,0.298632
FCC,0.535536
FCC,0.332933
FCC,0.487522
FCC,0.285697
FCC,0.504259
FCC,0.359422
FCC,0.390829
FCC,0.477744
FCC,0.331903
FCC,0.238403
FCC,0.514672
FCC,0.308645
FCC,0.449867
FCC,0.372053
FCC,0.250854
FCC,0.267187
FCC,0.456176
FCC,0.17938
FCC,0.459785
FCC,0.549121
FCC,0.363438
FCC,0.321939
FCC,0.470366
FCC,0.407275
FCC,0.44168
FCC,0.176213
FCC,0.337295
FCC,0.525258
FCC,0.386779
FCC,0.280192
FCC,0.323354
FCC,0.467048
FCC,0.385257
FCC,0.609999
FCC,0.372294
FCC,0.522996
FCC,0.417349
FCC,0.409389
FCC,0.194471
FCC,0.465166
FCC,0.187879
FCC,0.42748
FCC,0.374616
FCC,0.44419
FCC,0.54285
FCC,0.204762
FCC,0.532096
FCC,0.388888
FCC,0.216446
FCC,0.545302
FCC,0.160786
FCC,0.436536
FCC,0.42198
FCC,0.564288
FCC,0.519385
FCC,0.257414
FCC,0.389735
FCC,0.774843
FCC,0.447564
FCC,0.497739
FCC,0.633365
FCC,0.496864
FCC,0.592709
FCC,0.349274
FCC,0.530464
FCC,0.581689
FCC,0.433067
FCC,0.553935
FCC,0.183102
FCC,0.307625
FCC,0.592508
FCC,0.560194
FCC,0.700051
FCC,0.345393
FCC,0.745333
FCC,0.463404
FCC,0.210067
FCC,0.445048
FCC,0.279822
FCC,0.119879
FCC,0.738266
FCC,0.544402
FCC,0.594616
FCC,0.283027
FCC,0.703964
FCC,0.41505
FCC,0.644537
FCC,0.529981
FCC,0.814772
FCC,0.537277
FCC,0.758711
FCC,0.426081
FCC,0.568392
FCC,0.721676
FCC,0.752756
FCC,0.561912
FCC,0.836456
FCC,0.492254
FCC,0.567728
FCC,0.6255
FCC,0.672386
FCC,0.410838
FCC,0.85934
FCC,0.552599
FCC,0.504248
FCC,0.74352
FCC,0.806802
FCC,0.448086
FCC,0.9566
FCC,0.595106
FCC,0.885145
FCC,0.829029
FCC,0.62487
FCC,0.845827
FCC,0.724802
FCC,0.838202
FCC,0.775666
FCC,0.71326
FCC,0.743961
FCC,0.476472
FCC,0.689028
FCC,0.549387
FCC,0.781333
FCC,0.495764
FCC,0.545577
FCC,0.459998
FCC,0.453561
FCC,0.511678
FCC,0.547044
FCC,0.335705
FCC,0.38984
FCC,0.45672
FCC,0.528199
FCC,0.490041
FCC,0.600413
FCC,0.495198
FCC,0.618708
FCC,0.219904
FCC,0.445446
FCC,0.616174
FCC,0.402623
FCC,0.398231
FCC,0.564939
FCC,0.50466
FCC,0.528696
FCC,0.385911
FCC,0.347783
FCC,0.344927
FCC,0.279328
FCC,0.310714
FCC,0.192751
FCC,0.266063
FCC,0.484075
FCC,0.189397
FCC,0.280275
FCC,0.393952
FCC,0.329944
FCC,0.261846
FCC,0.383835
FCC,0.391829
FCC,0.513343
FCC,0.525447
FCC,0.336084
FCC,0.31091
FCC,0.465274
FCC,0.379559
FCC,0.531227
FCC,0.483947
FCC,0.309001
FCC,0.333716
FCC,0.507082
FCC,0.453473
FCC,0.563441
FCC,0.363334
FCC,0.323015
FCC,0.249163
FCC,0.531149
FCC,0.382632
FCC,0.490704
FCC,0.293232
FCC,0.244243
FCC,0.412257
FCC,0.399511
FCC,0.347699
FCC,0.619642
FCC,0.343163
FCC,0.19468
FCC,0.202519
FCC,0.532721
FCC,0.187918
FCC,0.581306
FCC,0.304748
FCC,0.418218
FCC,0.40641
FCC,0.476222
FCC,0.517301
FCC,0.29315
FCC,0.346483
FCC,0.393053
FCC,0.42379
FCC,0.209715
FCC,0.55665
FCC,0.545004
FCC,0.222223
FCC,0.133255
FCC,0.59114
FCC,0.545466
FCC,0.444149
FCC,0.280881
FCC,0.305455
FCC,0.431168
FCC,0.562614
FCC,0.309686
FCC,0.560752
FCC,0.356752
FCC,0.591126
FCC,0.606861
FCC,0.215242
FCC,0.3995
FCC,0.452584
FCC,0.353171
FCC,0.690544
FCC,0.194692
FCC,0.450992
FCC,0.504043
FCC,0.576076
FCC,0.601835
FCC,0.313583
FCC,0.228956
FCC,0.519842
FCC,0.456228
FCC,0.248931
FCC,0.657994
FCC,0.205181
FCC,0.514384
FCC,0.430775
FCC,0.588578
FCC,0.714228
FCC,0.247079
FCC,0.52353
FCC,0.70472
FCC,0.406513
FCC,0.481601
FCC,0.699138
FCC,0.440514
FCC,0.72088
FCC,0.471996
FCC,0.433721
FCC,0.562575
FCC,0.684746
FCC,0.263279
FCC,0.515201
FCC,0.39557
FCC,0.28519
FCC,0.485223
FCC,0.607303
FCC,0.680774
FCC,0.432611
FCC,1.085703
FCC,0.484605
FCC,0.143987
FCC,0.590629
FCC,0.432183
FCC,0.230083
FCC,0.687266
FCC,0.492565
FCC,0.711659
FCC,0.522044
FCC,0.723738
FCC,0.331147
FCC,0.470543
FCC,0.726833
FCC,0.724689
FCC,0.382543
FCC,0.700512
FCC,0.400009
FCC,0.624386
FCC,0.623413
FCC,0.727296
FCC,0.506023
FCC,0.595876
FCC,0.431344
FCC,0.393048
FCC,0.829027
FCC,0.749969
FCC,0.365168
FCC,0.981714
FCC,0.402536
FCC,0.543125
FCC,0.571962
FCC,0.801614
FCC,0.443455
FCC,0.732701
FCC,0.219799
FCC,0.518786
FCC,0.745321
FCC,0.336383
FCC,0.67388
FCC,0.315819
FCC,0.650094
FCC,0.387787
FCC,0.503166
FCC,0.775296
FCC,0.593963
FCC,0.909649
FCC,0.446031
FCC,0.693789
FCC,0.539332
FCC,0.598092
FCC,0.786105
FCC,0.540667
FCC,0.43455
FCC,0.330845
FCC,0.385763
FCC,0.457886
FCC,0.308763
FCC,0.350145
FCC,0.570351
FCC,0.197482
FCC,0.570312
FCC,0.492423
FCC,0.317938
FCC,0.510708
FCC,0.527653
FCC,0.287153
FCC,0.44673
FCC,0.573577
FCC,0.31663
FCC,0.51302
FCC,0.266638
FCC,0.586214
FCC,0.408203
FCC,0.523812
FCC,0.374332
FCC,0.469523
FCC,0.436138
FCC,0.483429
FCC,0.381631
FCC,0.402315
FCC,0.472826
FCC,0.492877
FCC,0.543494
FCC,0.451009
FCC,0.509761
FCC,0.532349
FCC,0.435819
FCC,0.418751
FCC,0.315365
FCC,0.291438
FCC,0.254346
FCC,0.435425
FCC,0.328496
FCC,0.364075
FCC,0.303191
FCC,0.410695
FCC,0.409065
FCC,0.417003
FCC,0.413546
FCC,0.351749
FCC,0.325311
FCC,0.478616
FCC,0.369338
FCC,0.469898
FCC,0.587739
FCC,0.43825
FCC,0.311014
FCC,0.506039
FCC,0.610597
FCC,0.461025
FCC,0.376358
FCC,0.226416
FCC,0.252692
FCC,0.471463
FCC,0.243098
FCC,0.611517
FCC,0.283574
FCC,0.34327
FCC,0.301321
FCC,0.609474
FCC,0.358391
FCC,0.449835
FCC,0.542353
FCC,0.485566
FCC,0.294149
FCC,0.54952
FCC,0.22966
FCC,0.612337
FCC,0.36454
FCC,0.375563
FCC,0.310409
FCC,0.465748
FCC,0.258494
FCC,0.354928
FCC,0.265461
FCC,0.399984
FCC,0.57765
FCC,0.28774
FCC,0.275207
FCC,0.444184
FCC,0.554677
FCC,0.394389
FCC,0.554241
FCC,0.410228
FCC,0.270701
FCC,0.675639
FCC,0.280705
FCC,0.512929
FCC,0.589005
FCC,0.399751
FCC,0.659103
FCC,0.221189
FCC,0.280468
FCC,0.66576
FCC,0.456896
FCC,0.291573
FCC,0.729925
FCC,0.272879
FCC,0.450226
FCC,0.608686
FCC,0.483655
FCC,0.612761
FCC,0.180456
FCC,0.752855
FCC,0.447089
FCC,0.509115
FCC,0.574423
FCC,0.534461
FCC,0.471587
FCC,0.690529
FCC,0.259888
FCC,0.346204
FCC,0.581917
FCC,0.678017
FCC,0.309541
FCC,0.655909
FCC,0.327035
FCC,0.300148
FCC,0.670253
FCC,0.610857
FCC,0.686353
FCC,0.361512
FCC,0.879906
FCC,0.615284
FCC,0.412946
FCC,0.564927
FCC,0.331385
FCC,0.275005
FCC,0.561577
FCC,0.467007
FCC,0.70002
FCC,0.41637
FCC,0.701853
FCC,0.350644
FCC,0.368104
FCC,0.788858
FCC,0.746368
FCC,0.423789
FCC,0.711244
FCC,0.47647
FCC,0.431098
FCC,0.609534
FCC,0.789766
FCC,0.391052
FCC,0.74926
FCC,0.553442
FCC,0.602137
FCC,0.701406
FCC,0.761752
FCC,0.487325
FCC,0.64492
FCC,0.309715
FCC,0.591423
FCC,0.813908
FCC,0.878537
FCC,0.523593
FCC,0.747578
FCC,0.579468
FCC,0.691559
FCC,0.911059
FCC,0.588923
FCC,0.932664
FCC,0.617854
FCC,0.842016
FCC,0.632654
FCC,0.787241
FCC,0.968485
FCC,0.561585
FCC,0.8819
FCC,0.524413
FCC,0.813315
FCC,0.52855
FCC,0.801004
FCC,0.68768
FCC,0.511438
FCC,0.451106
FCC,0.613637
FCC,0.682456
FCC,0.554691
FCC,0.465095
FCC,0.537149
FCC,0.553543
FCC,0.400532
FCC,0.580245
FCC,0.227506
FCC,0.768084
FCC,0.415988
FCC,0.476218
FCC,0.436919
FCC,0.453759
FCC,0.603936
FCC,0.464674
FCC,0.189136
FCC,0.304184
FCC,0.388654
FCC,0.507403
FCC,0.407304
FCC,0.396654
FCC,0.486615
FCC,0.400551
FCC,0.325042
FCC,0.326195
FCC,0.213849
FCC,0.200422
FCC,0.32057
FCC,0.373272
FCC,0.500746
FCC,0.546774
FCC,0.292041
FCC,0.355859
FCC,0.369031
FCC,0.469316
FCC,0.543275
FCC,0.612011
FCC,0.401618
FCC,0.35024
FCC,0.495905
FCC,0.318997
FCC,0.45243
FCC,0.448181
FCC,0.079991
FCC,0.247317
FCC,0.492336
FCC,0.428078
FCC,0.452818
FCC,0.388336
FCC,0.172118
FCC,0.465474
FCC,0.51772
FCC,0.445543
FCC,0.525262
FCC,0.341917
FCC,0.446057
FCC,0.164736
FCC,0.503799
FCC,0.327214
FCC,0.812279
FCC,0.435879
FCC,0.234497
FCC,0.325883
FCC,0.545177
FCC,0.318118
FCC,0.396322
FCC,0.448525
FCC,0.412227
FCC,0.372645
FCC,0.429769
FCC,0.165539
FCC,0.380247
FCC,0.327121
FCC,0.19069
FCC,0.340886
FCC,0.289442
FCC,0.250617
FCC,0.437509
FCC,0.350932
FCC,0.300324
FCC,0.485247
FCC,0.302374
FCC,0.159827
FCC,0.382578
FCC,0.322074
FCC,0.441494
FCC,0.211265
FCC,0.640385
FCC,0.218406
FCC,0.457362
FCC,0.627697
FCC,0.245776
FCC,0.504302
FCC,0.368532
FCC,0.247459
FCC,0.560647
FCC,0.454121
FCC,0.559827
FCC,0.110399
FCC,0.336148
FCC,0.420016
FCC,0.458331
FCC,0.15028
FCC,0.518225
FCC,0.152072
FCC,0.412975
FCC,0.349985
FCC,0.397161
FCC,0.483549
FCC,0.18913
FCC,0.435541
FCC,0.586799
FCC,0.301256
FCC,0.277931
FCC,0.769513
FCC,0.543247
FCC,0.460258
FCC,0.533536
FCC,0.312974
FCC,0.227772
FCC,0.556374
FCC,0.70945
FCC,0.234049
FCC,0.639585
FCC,0.415371
FCC,0.390524
FCC,0.495825
FCC,0.354862
FCC,0.58981
FCC,0.316582
FCC,0.513219
FCC,0.375749
FCC,0.365545
FCC,0.550014
FCC,0.174331
FCC,0.350072
FCC,0.509874
FCC,0.316949
FCC,0.61775
FCC,0.332912
FCC,0.671797
FCC,0.637502
FCC,0.468446
FCC,0.480008
FCC,0.819185
FCC,0.396043
FCC,0.75852
FCC,0.516115
FCC,0.43226
FCC,0.733678
FCC,0.736434
FCC,0.412522
FCC,0.713411
FCC,0.74854
FCC,0.544333
FCC,0.441114
FCC,0.710794
FCC,0.416246
FCC,0.656916
FCC,0.569101
FCC,0.407592
FCC,0.794835
FCC,0.683926
FCC,0.407294
FCC,0.883961
FCC,0.479258
FCC,0.652256
FCC,1.011661
FCC,0.612822
FCC,0.696098
FCC,0.580301
FCC,0.863583
FCC,0.43348
FCC,0.516408
FCC,0.727813
FCC,0.479645
FCC,0.74996
FCC,0.473535
FCC,0.898876
FCC,0.360122
FCC,0.643891
FCC,0.512468
FCC,0.460648
FCC,0.438725
FCC,0.50345
FCC,0.380237
FCC,0.442925
FCC,0.363809
FCC,0.502811
FCC,0.572769
FCC,0.359017
FCC,0.571714
FCC,0.148787
FCC,0.634038
FCC,0.411285
FCC,0.491407
FCC,0.422318
FCC,0.533591
FCC,0.429718
FCC,0.431707
FCC,0.184571
FCC,0.287262
FCC,0.349516
FCC,0.256168
FCC,0.33669
FCC,0.456677
FCC,0.361773
FCC,0.202088
FCC,0.223646
FCC,0.430053
FCC,0.162794
FCC,0.236735
FCC,0.342813
FCC,0.575117
FCC,0.320847
FCC,0.326663
FCC,0.247734
FCC,0.433302
FCC,0.476411
FCC,0.406565
FCC,0.482199
FCC,0.292789
FCC,0.380123
FCC,0.523636
FCC,0.36189
FCC,0.586703
FCC,0.219199
FCC,0.402352
FCC,0.160579
FCC,0.578438
FCC,0.464654
FCC,0.429735
FCC,0.530767
FCC,0.549602
FCC,0.412644
FCC,0.550924
FCC,0.417014
FCC,0.550736
FCC,0.468707
FCC,0.376849
FCC,0.316291
FCC,0.393194
FCC,0.361204
FCC,0.415216
FCC,0.423074
FCC,0.175169
FCC,0.319334
FCC,0.319779
FCC,0.405625
FCC,0.468957
FCC,0.345865
FCC,0.289011
FCC,0.303294
FCC,0.516899
FCC,0.356713
FCC,0.435367
FCC,0.250711
FCC,0.104546
FCC,0.362837
FCC,0.491268
FCC,0.29044
FCC,0.485148
FCC,0.258861
FCC,0.417243
FCC,0.361075
FCC,0.365872
FCC,0.378584
FCC,0.43872
FCC,0.357785
FCC,0.509144
FCC,0.447835
FCC,0.244173
FCC,0.39611
FCC,0.542338
FCC,0.185751
FCC,0.592127
FCC,0.306392
FCC,0.327578
FCC,0.310387
FCC,0.504459
FCC,0.451786
FCC,0.301882
FCC,0.293393
FCC,0.601457
FCC,0.497872
FCC,0.123502
FCC,0.465699
FCC,0.291838
FCC,0.266222
FCC,0.317891
FCC,0.510596
FCC,0.680097
FCC,0.198457
FCC,0.420666
FCC,0.475419
FCC,0.238188
FCC,0.324376
FCC,0.398348
FCC,0.727762
FCC,0.427462
FCC,0.547997
FCC,0.424982
FCC,0.169383
FCC,0.478925
FCC,0.631054
FCC,0.19282
FCC,0.777117
FCC,0.215927
FCC,0.338622
FCC,0.359948
FCC,0.206805
FCC,0.614
FCC,0.363964
FCC,0.83112
FCC,0.479069
FCC,0.091519
FCC,0.511931
FCC,0.196346
FCC,0.309879
FCC,0.485496
FCC,0.38919
FCC,0.614084
FCC,0.165442
FCC,0.570735
FCC,0.318387
FCC,0.436853
FCC,0.422899
FCC,0.707525
FCC,0.395507
FCC,0.588991
FCC,0.41638
FCC,0.332981
FCC,0.594792
FCC,0.673517
FCC,0.415425
FCC,0.589606
FCC,0.364943
FCC,0.510888
FCC,0.702719
FCC,0.778756
FCC,0.319446
FCC,0.590611
FCC,0.402395
FCC,0.489896
FCC,0.560552
FCC,0.749428
FCC,0.337117
FCC,0.606413
FCC,0.463405
FCC,0.520657
FCC,0.627668
FCC,0.439415
FCC,0.780745
FCC,0.436132
FCC,1.002407
FCC,0.561261
FCC,0.588224
FCC,0.5851
FCC,0.776508
FCC,0.483665
FCC,0.948521
FCC,0.497434
FCC,0.581562
FCC,0.594571
FCC,0.561181
FCC,0.705622
FCC,0.47243
FCC,0.489905
FCC,0.702055
FCC,0.477757
FCC,0.415579
FCC,0.45641
FCC,0.507969
FCC,0.528818
FCC,0.582476
FCC,0.49152
FCC,0.544501
FCC,0.251954
FCC,0.504738
FCC,0.250098
FCC,0.54361
FCC,0.457267
FCC,0.40944
FCC,0.29926
FCC,0.467746
FCC,0.20339
FCC,0.454571
FCC,0.393621
FCC,0.523993
FCC,0.522806
FCC,0.372395
FCC,0.375556
FCC,0.498231
FCC,0.335621
FCC,0.498759
FCC,0.30823
FCC,0.669071
FCC,0.47342
FCC,0.455019
FCC,0.449973
FCC,0.315293
FCC,0.460221
FCC,0.563914
FCC,0.277541
FCC,0.247353
FCC,0.446265
FCC,0.515575
FCC,0.473448
FCC,0.489035
FCC,0.611014
FCC,0.406341
FCC,0.531641
FCC,0.433555
FCC,0.647034
FCC,0.578794
FCC,0.476758
FCC,0.488803
FCC,0.317028
FCC,0.436342
FCC,0.373873
FCC,0.523399
FCC,0.387347
FCC,0.230043
FCC,0.272647
FCC,0.341967
FCC,0.346861
FCC,0.562167
FCC,0.262837
FCC,0.298049
FCC,0.28435
FCC,0.480871
FCC,0.150452
FCC,0.530908
FCC,0.433309
FCC,0.200149
FCC,0.367383
FCC,0.501407
FCC,0.340326
FCC,0.650592
FCC,0.367694
FCC,0.297766
FCC,0.340752
FCC,0.617222
FCC,0.359801
FCC,0.483675
FCC,0.289936
FCC,0.366379
FCC,0.530703
FCC,0.480238
FCC,0.315794
FCC,0.43585
FCC,0.384728
FCC,0.355146
FCC,0.398746
FCC,0.575597
FCC,0.614212
FCC,0.717747
FCC,0.747856
FCC,0.587331
FCC,0.638854
FCC,0.819565
FCC,0.440844
FCC,0.661314
FCC,0.812541
FCC,0.309522
FCC,0.612455
FCC,0.478507
FCC,0.657581
FCC,0.335333
FCC,0.459864
FCC,0.645156
FCC,0.621536
FCC,0.334172
FCC,0.666262
FCC,0.404703
FCC,0.621466
FCC,0.36439
FCC,0.603852
FCC,0.912637
FCC,0.588635
FCC,0.722636
FCC,0.615947
FCC,0.5826
FCC,0.629283
FCC,0.685056
FCC,0.487877
FCC,0.757248
FCC,0.430886
FCC,0.542793
FCC,0.764219
FCC,0.468091
FCC,0.601257
FCC,0.607509
FCC,0.530457
FCC,0.60059
FCC,0.501575
FCC,0.365682
FCC,0.59363
FCC,0.505003
FCC,0.638383
FCC,0.748021
FCC,0.456361
FCC,0.795416
FCC,0.518488
FCC,0.473226
FCC,0.612094
FCC,0.662396
FCC,0.498905
FCC,0.721609
FCC,0.499259
FCC,0.604322
FCC,0.459569
FCC,0.58778
FCC,0.766164
FCC,0.582911
FCC,0.602109
FCC,0.468892
FCC,0.750301
FCC,0.536407
FCC,0.537644
FCC,0.336769
FCC,0.730343
FCC,0.647781
FCC,0.464602
FCC,0.487932
FCC,0.461427
FCC,0.630457
FCC,0.545036
FCC,0.640376
FCC,0.460475
FCC,0.695386
FCC,0.490769
FCC,0.622109
FCC,0.621167
FCC,0.682658
FCC,0.698202
FCC,0.506886
FCC,0.813021
FCC,0.484763
FCC,0.705756
FCC,0.464395
FCC,0.685397
FCC,0.848976
FCC,0.679443
FCC,0.583429
FCC,0.464223
FCC,0.741456
FCC,0.603716
FCC,0.748619
FCC,0.673961
FCC,0.689339
FCC,0.461968
FCC,0.58279
FCC,0.425236
FCC,0.821427
FCC,0.591381
FCC,0.424024
FCC,0.706073
FCC,0.663205
FCC,0.514178
FCC,0.522829
FCC,0.558469
FCC,0.600566
FCC,0.480391
FCC,0.693146
FCC,0.763182
FCC,0.437625
FCC,0.696201
FCC,0.632091
FCC,0.620147
FCC,0.588895
FCC,0.606523
FCC,0.620081
FCC,0.521996
FCC,0.614641
FCC,0.664911
FCC,0.658063
FCC,0.402224
FCC,0.544918
FCC,0.636752
FCC,0.678163
FCC,0.475479
FCC,0.542492
FCC,0.636825
FCC,0.623674
FCC,0.453246
FCC,0.48996
FCC,0.625647
FCC,0.545602
FCC,0.552511
FCC,0.73049
FCC,0.785242
FCC,0.437124
FCC,0.640767
FCC,0.574569
FCC,0.447046
FCC,0.717708
FCC,0.62184
FCC,0.588084
FCC,0.399638
FCC,0.669291
FCC,0.475335
FCC,0.561126
FCC,0.614594
FCC,0.447861
FCC,0.462713
FCC,0.406158
FCC,0.538029
FCC,0.585686
FCC,0.612734
FCC,0.476531
FCC,0.517148
FCC,0.468354
FCC,0.714603
FCC,0.46357
FCC,0.602134
FCC,0.576997
FCC,0.56634
FCC,0.700511
FCC,0.558436
FCC,0.364133
FCC,0.578009
FCC,0.656184
FCC,0.488869
FCC,0.47062
FCC,0.628696
FCC,0.510148
FCC,0.543972
FCC,0.502254
FCC,0.643572
FCC,0.539549
FCC,0.42741
FCC,0.472376
FCC,0.44911
FCC,0.513887
FCC,0.584989
FCC,0.530508
FCC,0.507706
FCC,0.558972
FCC,0.492178
FCC,0.633452
FCC,0.512512
FCC,0.553968
FCC,0.411104
FCC,0.476466
FCC,0.577258
FCC,0.693332
FCC,0.538852
FCC,0.528894
FCC,0.679079
FCC,0.488573
FCC,0.403557
FCC,0.676843
FCC,0.560896
FCC,0.622694
FCC,0.504789
FCC,0.548685
FCC,0.574974
FCC,0.520611
FCC,0.595946
FCC,0.721513
FCC,0.69459
FCC,0.360294
FCC,0.639744
FCC,0.487867
FCC,0.473963
FCC,0.534355
FCC,0.568398
FCC,0.412008
FCC,0.491576
FCC,0.514581
FCC,0.413561
FCC,0.355901
FCC,0.509229
FCC,0.395863
FCC,0.539101
FCC,0.435599
FCC,0.628897
FCC,0.582491
FCC,0.510859
FCC,0.582018
FCC,0.450819
FCC,0.598789
FCC,0.560433
FCC,0.665823
FCC,0.40467
FCC,0.474397
FCC,0.571331
FCC,0.529846
FCC,0.363032
FCC,0.277725
FCC,0.466906
FCC,0.451708
FCC,0.462337
FCC,0.418107
FCC,0.358134
FCC,0.441607
FCC,0.49069
FCC,0.648847
FCC,0.582902
FCC,0.69462
FCC,0.680332
FCC,0.616754
FCC,0.789901
FCC,0.416827
FCC,0.472953
FCC,0.662624
FCC,0.377009
FCC,0.795203
FCC,0.344732
FCC,0.684565
FCC,0.377228
FCC,0.429645
FCC,0.611946
FCC,0.612942
FCC,0.375614
FCC,0.699606
FCC,0.487347
FCC,0.58331
FCC,0.521558
FCC,0.515888
FCC,0.819467
FCC,0.565843
FCC,0.785965
FCC,0.414933
FCC,0.597016
FCC,0.522924
FCC,0.640658
FCC,0.332949
FCC,0.724357
FCC,0.383129
FCC,0.523879
FCC,0.677185
FCC,0.517346
FCC,0.565101
FCC,0.510015
FCC,0.625097
FCC,0.556142
FCC,0.662707
FCC,0.356472
FCC,0.55665
FCC,0.68384
FCC,0.563628
FCC,0.737822
FCC,0.538326
FCC,0.560568
FCC,0.585288
FCC,0.471546
FCC,0.790367
FCC,0.726989
FCC,0.559016
FCC,0.8622
FCC,0.361655
FCC,0.510478
FCC,0.521139
FCC,0.687837
FCC,0.737492
FCC,0.478758
FCC,0.433472
FCC,0.611513
FCC,0.675878
FCC,0.673184
FCC,0.553056
FCC,0.411456
FCC,0.749469
FCC,0.721193
FCC,0.494309
FCC,0.693982
FCC,0.58012
FCC,0.592431
FCC,0.518863
FCC,0.750112
FCC,0.673459
FCC,0.70679
FCC,0.384595
FCC,0.689124
FCC,0.558127
FCC,0.826239
FCC,0.807382
FCC,0.609714
FCC,0.730904
FCC,0.457362
FCC,0.824201
FCC,0.47721
FCC,0.751577
FCC,0.853965
FCC,0.554968
FCC,0.521663
FCC,0.555205
FCC,0.616555
FCC,0.403186
FCC,0.510239
FCC,0.705674
FCC,0.71915
FCC,0.575578
FCC,0.901264
FCC,0.470468
FCC,0.793124
FCC,0.608148
FCC,0.658201
FCC,0.500035
FCC,0.459022
FCC,0.691804
FCC,0.519195
FCC,0.670189
FCC,0.642609
FCC,0.61947
FCC,0.720352
FCC,0.592257
FCC,0.826902
FCC,0.618222
FCC,0.714408
FCC,0.53806
FCC,0.498757
FCC,0.774043
FCC,0.532263
FCC,0.853361
FCC,0.656843
FCC,0.478972
FCC,0.441468
FCC,0.45532
FCC,0.595373
FCC,0.727843
FCC,0.47806
FCC,0.713055
FCC,0.572468
FCC,0.583304
FCC,0.463514
FCC,0.69171
FCC,0.455745
FCC,0.585888
FCC,0.726923
FCC,0.490546
FCC,0.571307
FCC,0.50925
FCC,0.62696
FCC,0.501548
FCC,0.5771
FCC,0.594644
FCC,0.563683
FCC,0.391603
FCC,0.526373
FCC,0.546007
FCC,0.722953
FCC,0.759523
FCC,0.70482
FCC,0.546072
FCC,0.461706
FCC,0.654816
FCC,0.713148
FCC,0.676784
FCC,0.547841
FCC,0.750405
FCC,0.711179
FCC,0.628196
FCC,0.544905
FCC,0.659717
FCC,0.402013
FCC,0.435201
FCC,0.531937
FCC,0.60779
FCC,0.444516
FCC,0.628356
FCC,0.618215
FCC,0.503529
FCC,0.52478
FCC,0.497349
FCC,0.43125
FCC,0.557245
FCC,0.623585
FCC,0.661634
FCC,0.499781
FCC,0.451627
FCC,0.406614
FCC,0.634563
FCC,0.60025
FCC,0.577193
FCC,0.577387
FCC,0.490923
FCC,0.545484
FCC,0.483453
FCC,0.45673
FCC,0.555148
FCC,0.71663
FCC,0.568891
FCC,0.377525
FCC,0.589743
FCC,0.592845
FCC,0.412125
FCC,0.612375
FCC,0.648947
FCC,0.410751
FCC,0.356301
FCC,0.676703
FCC,0.559421
FCC,0.462664
FCC,0.418563
FCC,0.583212
FCC,0.465098
FCC,0.408257
FCC,0.538988
FCC,0.667595
FCC,0.368555
FCC,0.476878
FCC,0.436534
FCC,0.482442
FCC,0.487111
FCC,0.330465
FCC,0.61104
FCC,0.467083
FCC,0.472701
FCC,0.487073
FCC,0.518321
FCC,0.41734
FCC,0.686941
FCC,0.403776
FCC,0.563094
FCC,0.432734
FCC,0.501892
FCC,0.50312
FCC,0.505272
FCC,0.389554
FCC,0.50678
FCC,0.534499
FCC,0.334613
FCC,0.493381
FCC,0.532089
FCC,0.45415
FCC,0.371679
FCC,0.347071
FCC,0.430214
FCC,0.413666
FCC,0.462635
FCC,0.5072
FCC,0.261068
FCC,0.525884
FCC,0.388911
FCC,0.494504
FCC,0.551525
FCC,0.657281
FCC,0.707866
FCC,0.739347
FCC,0.788858
FCC,0.699252
FCC,0.770558
FCC,0.491665
FCC,0.57167
FCC,0.64885
FCC,0.479991
FCC,0.709188
FCC,0.46993
FCC,0.841866
FCC,0.572273
FCC,0.472239
FCC,0.729291
FCC,0.672809
FCC,0.586616
FCC,0.797036
FCC,0.417904
FCC,0.588888
FCC,0.544928
FCC,0.601373
FCC,0.813874
FCC,0.720198
FCC,0.637611
FCC,0.654394
FCC,0.541302
FCC,0.611547
FCC,0.739177
FCC,0.517063
FCC,0.562055
FCC,0.522792
FCC,0.652091
FCC,1.032185
FCC,0.702019
FCC,0.983624
FCC,0.517843
FCC,0.553141
FCC,0.723544
FCC,0.738225
FCC,0.424424
FCC,0.764426
FCC,0.573218
FCC,0.808822
FCC,0.710038
FCC,0.718211
FCC,0.654837
FCC,0.601343
FCC,0.542606
FCC,0.671699
FCC,0.732855
FCC,0.541294
FCC,0.74695
FCC,0.382368
FCC,0.591617
FCC,0.510779
FCC,0.776283
FCC,0.781443
FCC,0.521361
FCC,0.836663
FCC,0.483515
FCC,0.639761
FCC,0.632141
FCC,0.637989
FCC,0.649846
FCC,0.66695
FCC,0.711689
FCC,0.575572
FCC,0.471088
FCC,0.652744
FCC,0.741673
FCC,0.466808
FCC,0.794047
FCC,0.709052
FCC,0.723793
FCC,0.607427
FCC,0.59263
FCC,0.579519
FCC,0.620502
FCC,0.71712
FCC,0.548173
FCC,0.572134
FCC,0.524479
FCC,0.621834
FCC,0.576865
FCC,0.555278
FCC,0.775003
FCC,0.62125
FCC,0.751819
FCC,0.683219
FCC,0.602882
FCC,0.61201
FCC,0.64131
FCC,0.579481
FCC,0.705947
FCC,0.674729
FCC,0.829054
FCC,0.567232
FCC,0.81654
FCC,0.731064
FCC,0.610927
FCC,0.659084
FCC,0.834523
FCC,0.780357
FCC,0.590662
FCC,0.824154
FCC,0.694958
FCC,0.627634
FCC,0.845282
FCC,0.666059
FCC,0.633677
FCC,0.41827
FCC,0.472477
FCC,0.788005
FCC,0.741317
FCC,0.51609
FCC,0.768026
FCC,0.661553
FCC,0.475549
FCC,2.209545
FCC,0.511369
FCC,0.644541
FCC,0.460021
FCC,0.644192
FCC,0.626903
FCC,0.584989
FCC,0.671958
FCC,0.539827
FCC,0.714085
FCC,0.458093
FCC,0.647952
FCC,0.686157
FCC,0.72618
FCC,0.53983
FCC,0.65382
FCC,0.340487
FCC,0.424005
FCC,0.47766
FCC,0.567791
FCC,0.525396
FCC,0.57999
FCC,0.658515
FCC,0.470749
FCC,0.445515
FCC,0.545385
FCC,0.487942
FCC,0.414734
FCC,0.606436
FCC,0.280931
FCC,0.516887
FCC,0.371048
FCC,0.632774
FCC,0.580245
FCC,0.411731
FCC,0.62305
FCC,0.426446
FCC,0.509726
FCC,0.591227
FCC,0.760247
FCC,0.537193
FCC,0.53545
FCC,0.555635
FCC,0.441242
FCC,0.423811
FCC,0.551862
FCC,0.351476
FCC,0.686822
FCC,0.605789
FCC,0.422628
FCC,0.59143
FCC,0.497228
FCC,0.682398
FCC,0.656325
FCC,0.510065
FCC,0.66923
FCC,0.526058
FCC,0.508222
FCC,0.405186
FCC,0.600384
FCC,0.610539
FCC,0.673119
FCC,0.589008
FCC,0.498599
FCC,0.744635
FCC,0.535445
FCC,0.533305
FCC,0.742971
FCC,0.519134
FCC,0.551732
FCC,0.666169
FCC,0.695162
FCC,0.417223
FCC,0.615406
FCC,0.500496
FCC,0.753529
FCC,0.647337
FCC,0.588913
FCC,0.564284
FCC,0.558437
FCC,0.450273
FCC,0.531645
FCC,0.479296
FCC,0.33909
FCC,0.522431
FCC,0.676836
FCC,0.597323
FCC,0.746559
FCC,0.514761
FCC,0.531479
FCC,0.545631
FCC,0.524086
FCC,0.479658
FCC,0.528949
FCC,0.570641
FCC,0.557539
FCC,0.49609
FCC,0.492234
FCC,0.512736
FCC,0.583722
FCC,0.373263
FCC,0.603348
FCC,0.429647
FCC,0.455548
FCC,0.47582
FCC,0.593069
FCC,0.326095
FCC,0.406986
FCC,0.769821
FCC,0.361693
FCC,0.628222
FCC,0.536711
FCC,0.256408
FCC,0.485213
FCC,0.484028
FCC,0.541053
FCC,0.418504
FCC,0.463207
FCC,0.495493
FCC,0.556704
FCC,0.308971
FCC,0.355494
FCC,0.466483
FCC,0.525882
FCC,0.680138
FCC,0.736674
FCC,0.827274
FCC,0.632745
FCC,0.85784
FCC,0.468704
FCC,0.71498
FCC,0.683324
FCC,0.485741
FCC,0.655614
FCC,0.402266
FCC,0.71585
FCC,0.34912
FCC,0.603042
FCC,0.751627
FCC,0.839584
FCC,0.454821
FCC,0.709861
FCC,0.54286
FCC,0.72715
FCC,0.62528
FCC,0.500748
FCC,0.792307
FCC,0.464913
FCC,0.904199
FCC,0.498993
FCC,0.547087
FCC,0.66055
FCC,0.772083
FCC,0.471804
FCC,0.754167
FCC,0.706789
FCC,0.555511
FCC,0.752817
FCC,0.579467
FCC,0.788126
FCC,0.466833
FCC,0.609941
FCC,0.735744
FCC,0.823469
FCC,0.62418
FCC,0.781436
FCC,0.608462
FCC,0.603151
FCC,0.637326
FCC,0.771306
FCC,0.717561
FCC,0.636258
FCC,0.649757
FCC,0.720504
FCC,0.873329
FCC,0.657154
FCC,0.782623
FCC,0.777573
FCC,0.663898
FCC,0.465698
FCC,0.754386
FCC,0.792765
FCC,0.605685
FCC,0.865218
FCC,0.679748
FCC,0.67103
FCC,0.682884
FCC,0.512341
FCC,0.536259
FCC,0.670327
FCC,0.717733
FCC,0.434484
FCC,0.506382
FCC,0.513015
FCC,0.960879
FCC,0.609788
FCC,0.602718
FCC,0.610077
FCC,0.794099
FCC,0.595367
FCC,0.603772
FCC,0.411661
FCC,0.663967
FCC,0.803277
FCC,0.371034
FCC,0.600187
FCC,0.540094
FCC,0.732103
FCC,0.477681
FCC,0.732505
FCC,0.765879
FCC,0.644339
FCC,0.722492
FCC,0.458047
FCC,0.66582
FCC,0.54719
FCC,0.651104
FCC,0.947138
FCC,0.676101
FCC,0.500723
FCC,0.635568
FCC,0.509487
FCC,0.818929
FCC,0.594609
FCC,0.531649
FCC,0.85685
FCC,0.519163
FCC,0.831498
FCC,0.375409
FCC,0.696408
FCC,0.664871
FCC,0.522752
FCC,0.664178
FCC,0.724068
FCC,0.528723
FCC,0.412149
FCC,0.449766
FCC,0.747842
FCC,0.530563
FCC,0.630585
FCC,0.437888
FCC,0.503809
FCC,0.583999
FCC,0.47496
FCC,0.447483
FCC,0.480111
FCC,0.566386
FCC,0.767385
FCC,0.532739
FCC,0.49594
FCC,0.398921
FCC,0.502241
FCC,0.508653
FCC,0.482533
FCC,0.359113
FCC,0.481342
FCC,0.521344
FCC,0.48829
FCC,0.769152
FCC,0.505664
FCC,0.430648
FCC,0.603143
FCC,0.614481
FCC,0.372896
FCC,0.529926
FCC,0.404271
FCC,0.500987
FCC,0.272509
FCC,0.362496
FCC,0.712191
FCC,0.452864
FCC,0.510179
FCC,0.355786
FCC,0.463424
FCC,0.480712
FCC,0.493832
FCC,0.568964
FCC,0.527845
FCC,0.467604
FCC,0.394092
FCC,0.79133
FCC,0.49007
FCC,0.503927
FCC,0.373992
FCC,0.607363
FCC,0.6118
FCC,0.435851
FCC,0.596984
FCC,0.535677
FCC,0.362107
FCC,0.717653
FCC,0.608847
FCC,0.504858
FCC,0.320732
FCC,0.474243
FCC,0.512092
FCC,0.50088
FCC,0.489021
FCC,0.474333
FCC,0.538039
FCC,0.631872
FCC,0.480997
FCC,0.675908
FCC,0.580463
FCC,0.535103
FCC,0.548757
FCC,0.67475
FCC,0.625451
FCC,0.506859
FCC,0.55989
FCC,0.570599
FCC,0.534528
FCC,0.503896
FCC,0.375436
FCC,0.428374
FCC,0.631946
FCC,0.320597
FCC,0.499396
FCC,0.510031
FCC,0.457974
FCC,0.492809
FCC,0.479412
FCC,0.657926
FCC,0.441542
FCC,0.606707
FCC,0.391645
FCC,0.496441
FCC,0.345379
FCC,0.603413
FCC,0.600048
FCC,0.531153
FCC,0.514127
FCC,0.399318
FCC,0.60907
FCC,0.621002
FCC,0.466337
FCC,0.574646
FCC,0.489857
FCC,0.55748
FCC,0.303941
FCC,0.438454
FCC,0.469899
FCC,0.47471
FCC,0.312732
FCC,0.379755
FCC,0.494011
FCC,0.400663
FCC,0.327183
FCC,0.471173
FCC,0.498048
FCC,0.52475
FCC,0.437792
FCC,0.407965
FCC,0.480589
FCC,0.377102
FCC,0.437595
FCC,0.589363
FCC,0.32882
FCC,0.453634
FCC,0.329857
FCC,0.559845
FCC,0.495984
FCC,0.485065
FCC,0.418891
FCC,0.320734
FCC,0.464977
FCC,0.484175
FCC,0.571882
FCC,0.66243
FCC,0.684948
FCC,0.674629
FCC,0.620117
FCC,0.821133
FCC,0.516458
FCC,0.658576
FCC,0.843636
FCC,0.5001
FCC,0.814803
FCC,0.284699
FCC,0.596752
FCC,0.32869
FCC,0.596523
FCC,0.790187
FCC,0.714567
FCC,0.508003
FCC,0.664912
FCC,0.510697
FCC,0.646215
FCC,0.286265
FCC,0.614897
FCC,0.790898
FCC,0.538367
FCC,0.884332
FCC,0.589326
FCC,0.460427
FCC,0.750604
FCC,0.659892
FCC,0.530145
FCC,0.812873
FCC,0.516054
FCC,0.482487
FCC,0.774743
FCC,0.456606
FCC,0.85058
FCC,0.453587
FCC,0.427051
FCC,0.647317
FCC,0.663709
FCC,0.458491
FCC,0.812653
FCC,0.419897
FCC,0.712104
FCC,0.703141
FCC,0.750225
FCC,0.759844
FCC,0.697269
FCC,0.41097
FCC,0.790642
FCC,0.922575
FCC,0.602111
FCC,0.841393
FCC,0.708477
FCC,0.485833
FCC,0.437673
FCC,0.762119
FCC,0.737453
FCC,0.576
FCC,0.705505
FCC,0.670986
FCC,0.777527
FCC,0.705434
FCC,0.46638
FCC,0.503664
FCC,0.684851
FCC,0.606929
FCC,0.496636
FCC,0.336294
FCC,0.758651
FCC,0.726854
FCC,0.502989
FCC,0.680741
FCC,0.632533
FCC,0.742334
FCC,0.543519
FCC,0.842844
FCC,0.439057
FCC,0.725424
FCC,0.838739
FCC,0.529207
FCC,0.546384
FCC,0.41168
FCC,0.709963
FCC,0.484971
FCC,0.720142
FCC,0.743315
FCC,0.421007
FCC,0.835072
FCC,0.69378
FCC,0.476223
FCC,0.620215
FCC,0.721236
FCC,0.811666
FCC,0.534944
FCC,0.620612
FCC,0.796661
FCC,0.46511
FCC,0.731835
FCC,0.727578
FCC,0.681363
FCC,0.514983
FCC,0.634637
FCC,0.628767
FCC,0.485351
FCC,0.609347
FCC,0.743488
FCC,0.748639
FCC,0.638913
FCC,0.619811
FCC,0.575718
FCC,0.646813
FCC,0.793828
FCC,0.526344
FCC,0.667654
FCC,0.367129
FCC,0.71725
FCC,0.614284
FCC,0.498992
FCC,0.73814
FCC,0.552707
FCC,0.51761
FCC,0.454115
FCC,0.496608
FCC,0.691084
FCC,0.76574
FCC,0.601548
FCC,0.577979
FCC,0.565968
FCC,0.595614
FCC,0.490141
FCC,0.689748
FCC,0.602698
FCC,0.434297
FCC,0.642448
FCC,0.588392
FCC,0.476177
FCC,0.756665
FCC,0.497388
FCC,0.441112
FCC,0.469725
FCC,0.579536
FCC,0.571814
FCC,0.366218
FCC,0.614524
FCC,0.490369
FCC,0.532014
FCC,0.954827
FCC,0.525404
FCC,0.554205
FCC,0.447256
FCC,0.544041
FCC,0.687669
FCC,0.573381
FCC,0.61591
FCC,0.578761
FCC,0.63109
FCC,0.578978
FCC,0.369712
FCC,0.48525
FCC,0.445732
FCC,0.596229
FCC,0.292132
FCC,0.5045
FCC,0.322376
FCC,0.449956
FCC,0.553484
FCC,0.446571
FCC,0.541626
FCC,0.307192
FCC,0.449867
FCC,0.619261
FCC,0.523278
FCC,0.612884
FCC,0.532188
FCC,0.649334
FCC,0.430171
FCC,0.37603
FCC,0.567119
FCC,0.608199
FCC,0.400419
FCC,0.47697
FCC,0.434524
FCC,0.448583
FCC,0.449339
FCC,0.499633
FCC,0.610584
FCC,0.464244
FCC,0.57437
FCC,0.524487
FCC,0.390377
FCC,0.481716
FCC,0.457824
FCC,0.327523
FCC,0.370322
FCC,0.429217
FCC,0.481918
FCC,0.390477
FCC,0.54624
FCC,0.716338
FCC,0.412007
FCC,0.496977
FCC,0.412872
FCC,0.59162
FCC,0.518743
FCC,0.442682
FCC,0.417285
FCC,0.562406
FCC,0.500085
FCC,0.455752
FCC,0.454372
FCC,0.533627
FCC,0.437547
FCC,0.405471
FCC,0.448053
FCC,0.217066
FCC,0.465698
FCC,0.558795
FCC,0.371919
FCC,0.351189
FCC,0.378933
FCC,0.450939
FCC,0.413932
FCC,0.390876
FCC,0.51537
FCC,0.436375
FCC,0.565398
FCC,0.302473
FCC,0.619647
FCC,0.417234
FCC,0.333896
FCC,0.331042
FCC,0.498525
FCC,0.394775
FCC,0.38136
FCC,0.555781
FCC,0.503111
FCC,0.490968
FCC,0.34212
FCC,0.425238
FCC,0.521757
FCC,0.586311
FCC,0.529612
FCC,0.707984
FCC,0.65195
FCC,0.50623
FCC,0.727796
FCC,0.515762
FCC,0.364923
FCC,0.548481
FCC,0.723782
FCC,0.457759
FCC,0.583177
FCC,0.369368
FCC,0.59732
FCC,0.415456
FCC,0.341293
FCC,0.490991
FCC,0.558641
FCC,0.198981
FCC,0.438099
FCC,0.151032
FCC,0.615117
FCC,0.438148
FCC,0.552597
FCC,0.760188
FCC,0.545741
FCC,0.638079
FCC,0.427877
FCC,0.517206
FCC,0.622875
FCC,0.598212
FCC,0.375359
FCC,0.652371
FCC,0.378032
FCC,0.765163
FCC,0.783319
FCC,0.492741
FCC,0.555929
FCC,0.375411
FCC,0.51115
FCC,0.662524
FCC,0.754881
FCC,0.371395
FCC,0.797169
FCC,0.396505
FCC,0.56124
FCC,0.772865
FCC,0.686085
FCC,0.661946
FCC,0.602321
FCC,0.619263
FCC,0.653086
FCC,0.617219
FCC,0.489468
FCC,0.747502
FCC,0.465941
FCC,0.361425
FCC,0.716396
FCC,0.674252
FCC,0.717829
FCC,0.477217
FCC,0.717273
FCC,0.521939
FCC,0.70839
FCC,0.752145
FCC,0.478896
FCC,0.495042
FCC,0.747845
FCC,0.748027
FCC,0.339095
FCC,0.611698
FCC,0.47695
FCC,0.781283
FCC,0.575012
FCC,0.827487
FCC,0.650891
FCC,0.815833
FCC,0.590849
FCC,0.764951
FCC,0.541743
FCC,0.754277
FCC,0.636577
FCC,0.553347
FCC,0.902362
FCC,0.616438
FCC,0.412333
FCC,0.497059
FCC,0.787317
FCC,0.690045
FCC,0.574225
FCC,0.648097
FCC,0.59865
FCC,0.573251
FCC,0.550908
FCC,0.774958
FCC,0.717796
FCC,0.502806
FCC,0.663219
FCC,0.67487
FCC,0.443673
FCC,0.770261
FCC,0.746946
FCC,0.487552
FCC,0.556929
FCC,0.482904
FCC,0.613484
FCC,0.468963
FCC,0.734538
FCC,0.726062
FCC,0.538748
FCC,0.564711
FCC,0.524504
FCC,0.473449
FCC,0.457135
FCC,0.553191
FCC,0.54861
FCC,0.569778
FCC,0.441901
FCC,0.67817
FCC,0.613073
FCC,0.424665
FCC,0.524124
FCC,0.349151
FCC,0.609376
FCC,0.46891
FCC,0.408007
FCC,0.431145
FCC,0.740518
FCC,0.526892
FCC,0.418596
FCC,0.791094
FCC,0.519684
FCC,0.673987
FCC,0.453573
FCC,0.521105
FCC,0.336735
FCC,0.66557
FCC,0.570023
FCC,0.48327
FCC,0.506648
FCC,0.514188
FCC,0.633725
FCC,0.571914
FCC,0.418615
FCC,0.649103
FCC,0.482264
FCC,0.549653
FCC,0.402037
FCC,0.526071
FCC,0.466503
FCC,0.470714
FCC,0.544364
FCC,0.490585
FCC,0.44328
FCC,0.555504
FCC,0.713019
FCC,0.589661
FCC,0.773684
FCC,0.451476
FCC,0.777117
FCC,0.633863
FCC,0.637679
FCC,0.429653
FCC,0.549585
FCC,0.537623
FCC,0.450004
FCC,0.348958
FCC,0.353928
FCC,0.381415
FCC,0.682753
FCC,0.608114
FCC,0.571508
FCC,0.580248
FCC,0.514851
FCC,0.416039
FCC,0.584742
FCC,0.491981
FCC,0.651142
FCC,0.550309
FCC,0.616616
FCC,0.479133
FCC,0.576109
FCC,0.621039
FCC,0.557371
FCC,0.479887
FCC,0.477612
FCC,0.544053
FCC,0.446366
FCC,0.568461
FCC,0.564315
FCC,0.611311
FCC,0.473858
FCC,0.389382
FCC,0.647917
FCC,0.575692
FCC,0.44609
FCC,0.508512
FCC,0.560272
FCC,0.507614
FCC,0.441585
FCC,0.433886
FCC,0.491202
FCC,0.538365
FCC,0.444951
FCC,0.492381
FCC,0.545263
FCC,0.500309
FCC,0.549515
FCC,0.396557
FCC,0.224036
FCC,0.332451
FCC,0.413762
FCC,0.452513
FCC,0.438233
FCC,0.61173
FCC,0.523982
FCC,0.345151
FCC,0.57106
FCC,0.546778
FCC,0.411156
FCC,0.40453
FCC,0.537475
FCC,0.326402
FCC,0.609786
FCC,0.401345
FCC,0.395654
FCC,0.588577
FCC,0.419475
FCC,0.501404
FCC,0.342574
FCC,0.388006
FCC,0.378536
FCC,0.436077
FCC,0.398726
FCC,0.374909
FCC,0.497364
FCC,0.376837
FCC,0.421014
FCC,0.338555
FCC,0.403929
FCC,0.585243
FCC,0.439104
FCC,0.416145
FCC,0.451264
FCC,0.44185
FCC,0.503424
FCC,0.547547
FCC,0.546152
FCC,0.59824
FCC,0.54649
FCC,0.654566
FCC,0.486441
FCC,0.43429
FCC,0.50523
FCC,0.599313
FCC,0.367542
FCC,0.647964
FCC,0.320547
FCC,0.510243
FCC,0.254832
FCC,0.436227
FCC,0.81949
FCC,0.596325
FCC,0.32304
FCC,0.68205
FCC,0.385687
FCC,0.555881
FCC,0.1448
FCC,0.359537
FCC,0.649422
FCC,0.332124
FCC,0.705691
FCC,0.317907
FCC,0.325974
FCC,0.626282
FCC,0.629268
FCC,0.366761
FCC,0.691731
FCC,0.417566
FCC,0.449723
FCC,0.632106
FCC,0.353262
FCC,0.674201
FCC,0.249725
FCC,0.527716
FCC,0.594422
FCC,0.660033
FCC,0.446521
FCC,0.723241
FCC,0.469007
FCC,0.722458
FCC,0.665718
FCC,0.62526
FCC,0.593102
FCC,0.435506
FCC,0.618007
FCC,0.674448
FCC,0.762079
FCC,0.39575
FCC,0.647049
FCC,0.75705
FCC,0.565935
FCC,0.428601
FCC,0.572586
FCC,0.688865
FCC,0.471988
FCC,0.906553
FCC,0.564825
FCC,0.656091
FCC,0.661303
FCC,0.478407
FCC,0.479321
FCC,0.494521
FCC,0.674459
FCC,0.356297
FCC,0.377054
FCC,0.667407
FCC,0.838585
FCC,0.591535
FCC,0.837838
FCC,0.587336
FCC,0.755556
FCC,0.502472
FCC,0.600674
FCC,0.30481
FCC,0.729993
FCC,0.688327
FCC,0.547162
FCC,0.739224
FCC,0.668226
FCC,0.62403
FCC,0.447581
FCC,0.67799
FCC,0.680296
FCC,0.399268
FCC,0.813686
FCC,0.647417
FCC,0.633191
FCC,0.644783
FCC,0.677843
FCC,0.720581
FCC,0.622096
FCC,0.589495
FCC,0.707267
FCC,0.258001
FCC,0.620941
FCC,0.659422
FCC,0.486762
FCC,0.612931
FCC,0.591163
FCC,0.665391
FCC,0.451711
FCC,0.767552
FCC,0.471229
FCC,0.579859
FCC,0.540726
FCC,0.483239
FCC,0.629743
FCC,0.71786
FCC,0.820717
FCC,0.510511
FCC,0.621099
FCC,0.371083
FCC,0.663177
FCC,0.718843
FCC,0.596313
FCC,0.465892
FCC,0.617593
FCC,0.705256
FCC,0.430854
FCC,0.409494
FCC,0.529416
FCC,0.647073
FCC,0.465838
FCC,0.74198
FCC,0.717562
FCC,0.447756
FCC,0.446064
FCC,0.568778
FCC,0.76195
FCC,0.453499
FCC,0.444314
FCC,0.385716
FCC,0.645413
FCC,0.626922
FCC,0.534439
FCC,0.664309
FCC,0.638039
FCC,0.511163
FCC,0.38249
FCC,0.591359
FCC,0.578638
FCC,0.548078
FCC,0.516799
FCC,0.454549
FCC,0.532725
FCC,0.599813
FCC,0.641969
FCC,0.571491
FCC,0.617835
FCC,0.552892
FCC,0.564153
FCC,0.783304
FCC,0.651483
FCC,0.446029
FCC,0.539635
FCC,0.413791
FCC,0.428499
FCC,0.634516
FCC,0.463486
FCC,0.389768
FCC,0.564748
FCC,0.549648
FCC,0.466496
FCC,0.732697
FCC,0.487942
FCC,0.59542
FCC,0.589262
FCC,0.479935
FCC,0.62744
FCC,0.536666
FCC,0.56856
FCC,0.356528
FCC,0.714485
FCC,0.605697
FCC,0.616754
FCC,0.671547
FCC,0.559527
FCC,0.61016
FCC,0.551578
FCC,0.404136
FCC,0.492054
FCC,0.588107
FCC,0.479879
FCC,0.570549
FCC,0.592243
FCC,0.585204
FCC,0.546045
FCC,0.462568
FCC,0.513236
FCC,0.320514
FCC,0.258091
FCC,0.381619
FCC,0.461131
FCC,0.469353
FCC,0.418514
FCC,0.474513
FCC,0.370413
FCC,0.261646
FCC,0.375361
FCC,0.577764
FCC,0.530093
FCC,0.302828
FCC,0.5549
FCC,0.430851
FCC,0.393066
FCC,0.23261
FCC,0.547532
FCC,0.499265
FCC,0.444145
FCC,0.331101
FCC,0.469006
FCC,0.458663
FCC,0.538375
FCC,0.445543
FCC,0.396159
FCC,0.372907
FCC,0.32741
FCC,0.569342
FCC,0.398897
FCC,0.549286
FCC,0.405267
FCC,0.479258
FCC,0.255939
FCC,0.517699
FCC,0.350519
FCC,0.333565
FCC,0.337821
FCC,0.50543
FCC,0.267982
FCC,0.340144
FCC,0.517421
FCC,0.431834
FCC,0.336618
FCC,0.4033
FCC,0.477192
FCC,0.592909
FCC,0.667919
FCC,0.540649
FCC,0.630331
FCC,0.695548
FCC,0.591229
FCC,0.64469
FCC,0.808099
FCC,0.284281
FCC,0.52055
FCC,0.705058
FCC,0.378662
FCC,0.581433
FCC,0.320701
FCC,0.663024
FCC,0.312969
FCC,0.408977
FCC,0.501888
FCC,0.550226
FCC,0.34653
FCC,0.511462
FCC,0.252766
FCC,0.55557
FCC,0.421832
FCC,0.393441
FCC,0.599064
FCC,0.641416
FCC,0.556774
FCC,0.469877
FCC,0.447697
FCC,0.454277
FCC,0.61442
FCC,0.504806
FCC,0.69026
FCC,0.226317
FCC,0.575328
FCC,0.719528
FCC,0.489884
FCC,0.450967
FCC,0.451155
FCC,0.431604
FCC,0.439142
FCC,0.577971
FCC,0.451717
FCC,0.646708
FCC,0.523082
FCC,0.658337
FCC,0.598892
FCC,0.638549
FCC,0.593782
FCC,0.783947
FCC,0.46878
FCC,0.645776
FCC,0.659589
FCC,0.363461
FCC,0.771748
FCC,0.452239
FCC,0.646819
FCC,0.442858
FCC,0.452413
FCC,0.736165
FCC,0.399211
FCC,0.52082
FCC,0.632841
FCC,0.503854
FCC,0.696324
FCC,0.509095
FCC,0.388104
FCC,0.528954
FCC,0.792549
FCC,0.530159
FCC,0.512818
FCC,0.408564
FCC,0.816957
FCC,0.495585
FCC,0.661752
FCC,0.566756
FCC,0.64564
FCC,0.450858
FCC,0.668108
FCC,0.523958
FCC,0.588101
FCC,0.697837
FCC,0.441257
FCC,0.86652
FCC,0.228719
FCC,0.639653
FCC,0.468116
FCC,0.871564
FCC,0.69806
FCC,0.680296
FCC,0.651251
FCC,0.544104
FCC,0.751241
FCC,0.516914
FCC,0.503922
FCC,0.523497
FCC,0.452622
FCC,0.544711
FCC,0.866442
FCC,0.521449
FCC,0.64221
FCC,0.597594
FCC,0.5822
FCC,0.795516
FCC,0.622538
FCC,0.575056
FCC,0.412437
FCC,0.783745
FCC,0.616683
FCC,0.477605
FCC,0.678327
FCC,0.493378
FCC,0.639722
FCC,0.390339
FCC,0.375331
FCC,0.272814
FCC,0.51975
FCC,0.446802
FCC,0.32723
FCC,0.484083
FCC,0.376224
FCC,0.570747
FCC,0.566596
FCC,0.376287
FCC,0.336347
FCC,0.522268
FCC,0.454968
FCC,0.378865
FCC,0.60033
FCC,0.434489
FCC,0.663963
FCC,0.399414
FCC,0.376825
FCC,0.733084
FCC,0.430256
FCC,0.466854
FCC,0.314982
FCC,0.476936
FCC,0.693302
FCC,0.560089
FCC,0.391639
FCC,0.543982
FCC,0.519983
FCC,0.559157
FCC,0.307111
FCC,0.385276
FCC,0.530565
FCC,0.45621
FCC,0.476387
FCC,0.552491
FCC,0.488013
FCC,0.530173
FCC,0.397674
FCC,0.498353
FCC,0.474132
FCC,0.459489
FCC,0.526694
FCC,0.501677
FCC,0.395943
FCC,0.487388
FCC,0.34138
FCC,0.523167
FCC,0.587841
FCC,0.482206
FCC,0.44772
FCC,0.532314
FCC,0.392914
FCC,0.565471
FCC,0.429476
FCC,0.322283
FCC,0.425373
FCC,0.540462
FCC,0.511193
FCC,0.525506
FCC,0.37323
FCC,0.540939
FCC,0.410598
FCC,0.398064
FCC,0.256264
FCC,0.506716
FCC,0.572393
FCC,0.774095
FCC,0.589158
FCC,0.377084
FCC,0.687952
FCC,0.498955
FCC,0.486361
FCC,0.637173
FCC,0.61065
FCC,0.594913
FCC,0.595197
FCC,0.538293
FCC,0.46974
FCC,0.536474
FCC,0.451796
FCC,0.595244
FCC,0.452022
FCC,0.286038
FCC,0.436959
FCC,0.442635
FCC,0.476331
FCC,0.366536
FCC,0.638792
FCC,0.348527
FCC,0.379902
FCC,0.674732
FCC,0.595577
FCC,0.506801
FCC,0.413775
FCC,0.417882
FCC,0.426068
FCC,0.412963
FCC,0.308827
FCC,0.667548
FCC,0.376459
FCC,0.448665
FCC,0.514739
FCC,0.473585
FCC,0.490496
FCC,0.460158
FCC,0.443155
FCC,0.465184
FCC,0.475185
FCC,0.503807
FCC,0.425205
FCC,0.241892
FCC,0.526272
FCC,0.363635
FCC,0.488807
FCC,0.238881
FCC,0.497199
FCC,0.472745
FCC,0.574558
FCC,0.537629
FCC,0.462028
FCC,0.503059
FCC,0.318776
FCC,0.558429
FCC,0.639397
FCC,0.513492
FCC,0.349431
FCC,0.529815
FCC,0.648728
FCC,0.691953
FCC,0.478286
FCC,0.590759
FCC,0.734319
FCC,0.585087
FCC,0.583876
FCC,0.70665
FCC,0.390551
FCC,0.5665
FCC,0.710269
FCC,0.350214
FCC,0.581143
FCC,0.377759
FCC,0.447599
FCC,0.375166
FCC,0.267756
FCC,0.574742
FCC,0.717079
FCC,0.296225
FCC,0.661411
FCC,0.38572
FCC,0.545015
FCC,0.628636
FCC,0.479653
FCC,0.641736
FCC,0.442022
FCC,0.579051
FCC,0.292594
FCC,0.484834
FCC,0.412579
FCC,0.71434
FCC,0.439054
FCC,0.782785
FCC,0.536867
FCC,0.454091
FCC,0.698102
FCC,0.641302
FCC,0.598158
FCC,0.449002
FCC,0.373584
FCC,0.368808
FCC,0.611614
FCC,0.454845
FCC,0.649313
FCC,0.433836
FCC,0.690197
FCC,0.617764
FCC,0.683688
FCC,0.752863
FCC,0.499473
FCC,0.562982
FCC,0.568785
FCC,0.683067
FCC,0.581658
FCC,0.537966
FCC,0.653983
FCC,0.525964
FCC,0.573358
FCC,0.747382
FCC,0.694305
FCC,0.455782
FCC,0.778669
FCC,0.539031
FCC,0.556848
FCC,0.690836
FCC,0.508841
FCC,0.452534
FCC,0.720458
FCC,0.590934
FCC,0.422264
FCC,0.517411
FCC,0.403442
FCC,0.688036
FCC,0.511242
FCC,0.930328
FCC,0.522742
FCC,0.784602
FCC,0.584215
FCC,0.797676
FCC,0.488268
FCC,0.719919
FCC,0.796299
FCC,0.54195
FCC,0.460908
FCC,0.552743
FCC,0.547108
FCC,0.57472
FCC,0.838467
FCC,0.483424
FCC,0.557485
FCC,0.600815
FCC,0.544158
FCC,0.454062
FCC,0.499796
FCC,0.478269
FCC,0.805858
FCC,0.455097
FCC,0.493908
FCC,0.606403
FCC,0.310366
FCC,0.802027
FCC,0.626377
FCC,0.344863
FCC,0.550583
FCC,0.441429
FCC,0.561122
FCC,0.353447
FCC,0.49458
FCC,0.459644
FCC,0.395809
FCC,0.592167
FCC,0.316371
FCC,0.535255
FCC,0.375217
FCC,0.299218
FCC,0.380637
FCC,0.519948
FCC,0.390831
FCC,0.416466
FCC,0.570597
FCC,0.255997
FCC,0.424686
FCC,0.471237
FCC,0.25706
FCC,0.439089
FCC,0.526603
FCC,0.418866
FCC,0.420358
FCC,0.447598
FCC,0.36812
FCC,0.48232
FCC,0.454367
FCC,0.303514
FCC,0.301026
FCC,0.433863
FCC,0.453558
FCC,0.435739
FCC,0.381211
FCC,0.587665
FCC,0.530963
FCC,0.467602
FCC,0.477773
FCC,0.577044
FCC,0.343099
FCC,0.436458
FCC,0.624959
FCC,0.384478
FCC,0.607543
FCC,0.427435
FCC,0.47638
FCC,0.410625
FCC,0.476147
FCC,0.813768
FCC,0.523397
FCC,0.438472
FCC,0.572786
FCC,0.653227
FCC,0.595983
FCC,0.406112
FCC,0.630782
FCC,0.341036
FCC,0.466302
FCC,0.453186
FCC,0.430081
FCC,0.412793
FCC,0.43699
FCC,0.519542
FCC,0.500037
FCC,0.569449
FCC,0.425705
FCC,0.352721
FCC,0.502631
FCC,0.573519
FCC,0.413157
FCC,0.423098
FCC,0.563287
FCC,0.379585
FCC,0.549105
FCC,0.570331
FCC,0.609928
FCC,0.483446
FCC,0.411983
FCC,0.523145
FCC,0.393073
FCC,0.339519
FCC,0.342968
FCC,0.528929
FCC,0.477475
FCC,0.307234
FCC,0.513753
FCC,0.330548
FCC,0.401174
FCC,0.402166
FCC,0.475157
FCC,0.279518
FCC,0.401834
FCC,0.492149
FCC,0.529799
FCC,0.432844
FCC,0.479048
FCC,0.609164
FCC,0.497541
FCC,0.548264
FCC,0.454748
FCC,0.515849
FCC,0.460206
FCC,0.493532
FCC,0.596099
FCC,0.638786
FCC,0.48867
FCC,0.507116
FCC,0.497192
FCC,0.47624
FCC,0.519479
FCC,0.634307
FCC,0.648849
FCC,0.489124
FCC,0.555729
FCC,0.554454
FCC,0.403788
FCC,0.518453
FCC,0.515423
FCC,0.646693
FCC,0.373438
FCC,0.623816
FCC,0.521664
FCC,0.498309
FCC,0.482139
FCC,0.498513
FCC,0.469966
FCC,0.483675
FCC,0.511957
FCC,0.436237
FCC,0.278784
FCC,0.449047
FCC,0.691073
FCC,0.764209
FCC,0.518571
FCC,0.559577
FCC,0.377432
FCC,0.622355
FCC,0.62532
FCC,0.495145
FCC,0.69133
FCC,0.707105
FCC,0.580753
FCC,0.599739
FCC,0.789221
FCC,0.395987
FCC,0.653776
FCC,0.637111
FCC,0.446099
FCC,0.749938
FCC,0.520898
FCC,0.675434
FCC,0.731353
FCC,0.474528
FCC,0.629363
FCC,0.646232
FCC,0.577126
FCC,0.913071
FCC,0.540176
FCC,0.653212
FCC,0.446856
FCC,0.64581
FCC,0.639565
FCC,0.497969
FCC,0.761844
FCC,0.37233
FCC,0.528971
FCC,0.503592
FCC,0.744301
FCC,0.500881
FCC,0.535442
FCC,0.520647
FCC,0.594553
FCC,0.961584
FCC,0.70203
FCC,0.882894
FCC,0.68563
FCC,0.645621
FCC,0.887488
FCC,0.774072
FCC,0.49704
FCC,0.724448
FCC,0.700783
FCC,0.580714
FCC,0.632283
FCC,0.785882
FCC,0.813917
FCC,0.61483
FCC,0.421837
FCC,0.673031
FCC,0.665149
FCC,0.369518
FCC,0.68059
FCC,0.5909
FCC,0.578499
FCC,0.501964
FCC,0.739906
FCC,0.777064
FCC,0.503263
FCC,0.723816
FCC,0.71347
FCC,0.676263
FCC,0.724624
FCC,0.332314
FCC,0.367954
FCC,0.530981
FCC,0.627672
FCC,0.53114
FCC,0.366459
FCC,0.422577
FCC,0.709646
FCC,0.510865
FCC,0.539751
FCC,0.564873
FCC,0.679899
FCC,0.556885
FCC,0.772103
FCC,0.56175
FCC,0.734306
FCC,0.692468
FCC,0.446523
FCC,0.82169
FCC,0.40613
FCC,0.673868
FCC,0.468326
FCC,0.654858
FCC,0.62132
FCC,0.490845
FCC,0.668001
FCC,0.496427
FCC,0.589786
FCC,0.467181
FCC,0.389977
FCC,0.740649
FCC,0.608213
FCC,0.54153
FCC,0.797336
FCC,0.500003
FCC,0.587805
FCC,0.476946
FCC,0.651543
FCC,0.584666
FCC,0.491202
FCC,0.642236
FCC,0.382593
FCC,0.699055
FCC,0.614104
FCC,0.558543
FCC,0.540476
FCC,0.56321
FCC,0.537011
FCC,0.471176
FCC,0.494721
FCC,0.432435
FCC,0.605356
FCC,0.596059
FCC,0.495299
FCC,0.449022
FCC,0.483223
FCC,0.502334
FCC,0.395156
FCC,0.441135
FCC,0.643438
FCC,0.536012
FCC,0.584111
FCC,0.535622
FCC,0.470198
FCC,0.59066
FCC,0.478263
FCC,0.425726
FCC,0.49576
FCC,0.466527
FCC,0.527347
FCC,0.57301
FCC,0.658723
FCC,0.444371
FCC,0.612298
FCC,0.652981
FCC,0.510186
FCC,0.42924
FCC,0.437509
FCC,0.597543
FCC,0.371541
FCC,0.689069
FCC,0.639693
FCC,0.520158
FCC,0.50872
FCC,0.576054
FCC,0.570757
FCC,0.542897
FCC,0.508381
FCC,0.580816
FCC,0.669737
FCC,0.384694
FCC,0.66111
FCC,0.359175
FCC,0.659023
FCC,0.461789
FCC,0.579712
FCC,0.578704
FCC,0.556048
FCC,0.473928
FCC,0.492962
FCC,0.419997
FCC,0.592619
FCC,0.361637
FCC,0.50856
FCC,0.508604
FCC,0.616971
FCC,0.461659
FCC,0.426575
FCC,0.506373
FCC,0.515243
FCC,0.575336
FCC,0.519881
FCC,0.859072
FCC,0.390865
FCC,0.538928
FCC,0.510741
FCC,0.524582
FCC,0.527383
FCC,0.629931
FCC,0.615897
FCC,0.444385
FCC,0.396068
FCC,0.478878
FCC,0.494822
FCC,0.468212
FCC,0.540873
FCC,0.444324
FCC,0.65396
FCC,0.527474
FCC,0.485563
FCC,0.629337
FCC,0.561292
FCC,0.586168
FCC,0.468747
FCC,0.604516
FCC,0.624706
FCC,0.485979
FCC,0.471508
FCC,0.878435
FCC,0.548304
FCC,0.55716
FCC,0.685766
FCC,0.534121
FCC,0.454087
FCC,0.695436
FCC,0.75405
FCC,0.474243
FCC,0.550494
FCC,0.614894
FCC,0.62191
FCC,0.587471
FCC,0.519771
FCC,0.280849
FCC,0.617328
FCC,0.710625
FCC,0.517194
FCC,0.442437
FCC,0.379538
FCC,0.396004
FCC,0.436612
FCC,0.610846
FCC,0.514649
FCC,0.428588
FCC,0.534716
FCC,0.460392
FCC,0.646744
FCC,0.635535
FCC,0.652843
FCC,0.546951
FCC,0.48512
FCC,0.394086
FCC,0.380878
FCC,0.450273
FCC,0.425729
FCC,0.553495
FCC,0.460554
FCC,0.368775
FCC,0.389547
FCC,0.492685
FCC,0.606898
FCC,0.649954
FCC,0.8015
FCC,0.561937
FCC,0.727194
FCC,0.777426
FCC,0.415663
FCC,0.830448
FCC,0.851237
FCC,0.449507
FCC,0.88783
FCC,0.444457
FCC,0.776027
FCC,0.815172
FCC,0.644057
FCC,0.726843
FCC,0.466971
FCC,0.671434
FCC,0.375235
FCC,0.692938
FCC,0.554016
FCC,0.659925
FCC,0.901466
FCC,0.642403
FCC,0.753859
FCC,0.605626
FCC,0.756594
FCC,0.750996
FCC,0.8346
FCC,0.489781
FCC,0.864958
FCC,0.465143
FCC,0.767011
FCC,0.860531
FCC,0.684914
FCC,0.831438
FCC,0.525687
FCC,0.54436
FCC,0.819238
FCC,0.856814
FCC,0.655686
FCC,0.577368
FCC,0.565571
FCC,0.727852
FCC,0.677848
FCC,0.648721
FCC,0.598665
FCC,0.729268
FCC,0.662489
FCC,0.863148
FCC,0.896047
FCC,0.487051
FCC,0.741292
FCC,0.640763
FCC,0.561694
FCC,0.609057
FCC,0.914781
FCC,0.817727
FCC,0.577901
FCC,0.680321
FCC,0.72108
FCC,0.752608
FCC,0.675754
FCC,0.497454
FCC,0.492937
FCC,0.56778
FCC,0.666076
FCC,0.418368
FCC,0.523492
FCC,0.540978
FCC,0.764057
FCC,0.528539
FCC,0.663118
FCC,0.526567
FCC,0.835027
FCC,0.562848
FCC,0.866477
FCC,0.497843
FCC,0.757355
FCC,0.726963
FCC,0.520291
FCC,0.781587
FCC,0.59079
FCC,0.574867
FCC,0.445758
FCC,0.597313
FCC,0.78466
FCC,0.502309
FCC,0.652234
FCC,0.408557
FCC,0.621331
FCC,0.674359
FCC,0.563618
FCC,0.618809
FCC,0.496866
FCC,0.5246
FCC,0.698083
FCC,0.50442
FCC,0.6521
FCC,0.677705
FCC,0.592093
FCC,0.669678
FCC,0.505123
FCC,0.565537
FCC,0.47389
FCC,0.631333
FCC,0.772846
FCC,0.386459
FCC,0.701732
FCC,0.588166
FCC,0.625586
FCC,0.433354
FCC,0.547748
FCC,0.555104
FCC,0.580063
FCC,0.714928
FCC,0.437166
FCC,0.702436
FCC,0.704531
FCC,0.511658
FCC,0.703938
FCC,0.561909
FCC,0.574427
FCC,0.357911
FCC,0.527593
FCC,0.811422
FCC,0.618443
FCC,0.410183
FCC,0.533109
FCC,0.531293
FCC,0.57454
FCC,0.515111
FCC,0.569028
FCC,0.579974
FCC,0.548271
FCC,0.842958
FCC,0.657718
FCC,0.350077
FCC,0.799515
FCC,0.720154
FCC,0.464181
FCC,0.661651
FCC,0.778619
FCC,0.600938
FCC,0.330319
FCC,0.712801
FCC,0.615596
FCC,0.397566
FCC,0.502322
FCC,0.459624
FCC,0.534736
FCC,0.513786
FCC,0.492067
FCC,0.440267
FCC,0.523451
FCC,0.617211
FCC,0.593348
FCC,0.607472
FCC,0.640414
FCC,0.463373
FCC,0.595147
FCC,0.429638
FCC,0.371309
FCC,0.61978
FCC,0.50395
FCC,0.306258
FCC,0.5029
FCC,0.533789
FCC,0.367902
FCC,0.422009
FCC,0.531245
FCC,0.479869
FCC,0.616201
FCC,0.643728
FCC,0.677543
FCC,0.3772
FCC,0.573001
FCC,0.576023
FCC,0.561769
FCC,0.646707
FCC,0.690945
FCC,0.674751
FCC,0.55996
FCC,0.464029
FCC,0.394173
FCC,0.465539
FCC,0.371462
FCC,0.529014
FCC,0.696641
FCC,0.538012
FCC,0.429892
FCC,0.807245
FCC,0.54231
FCC,0.708637
FCC,0.833509
FCC,0.836322
FCC,0.569946
FCC,0.667316
FCC,0.836945
FCC,0.566129
FCC,0.62834
FCC,0.602574
FCC,0.740256
FCC,0.441174
FCC,0.562272
FCC,0.654687
FCC,0.478085
FCC,0.470292
FCC,0.645128
FCC,0.727706
FCC,0.622549
FCC,0.613451
FCC,0.745585
FCC,0.68475
FCC,0.575524
FCC,0.667243
FCC,0.404327
FCC,0.496429
FCC,0.520662
FCC,0.402514
FCC,0.601033
FCC,0.629981
FCC,0.536093
FCC,0.613062
FCC,0.672261
FCC,0.565324
FCC,0.364018
FCC,0.505607
FCC,0.691353
FCC,0.61096
FCC,0.641278
FCC,0.466134
FCC,0.606017
FCC,0.422446
FCC,0.422072
FCC,0.51208
FCC,0.493768
FCC,0.556556
FCC,0.420149
FCC,0.523042
FCC,0.600411
FCC,0.770746
FCC,0.73448
FCC,0.799417
FCC,0.694194
FCC,0.81377
FCC,0.735998
FCC,0.466844
FCC,0.808622
FCC,0.788439
FCC,0.577626
FCC,0.80755
FCC,0.675815
FCC,0.693555
FCC,0.592013
FCC,0.93152
FCC,0.912238
FCC,0.52881
FCC,0.764169
FCC,0.64797
FCC,0.681498
FCC,0.419934
FCC,0.561643
FCC,0.815024
FCC,0.580716
FCC,0.745203
FCC,0.561669
FCC,0.598451
FCC,0.796706
FCC,0.737218
FCC,0.513021
FCC,0.783113
FCC,0.508698
FCC,0.435187
FCC,0.803164
FCC,0.644811
FCC,0.871305
FCC,0.737159
FCC,0.599573
FCC,0.64412
FCC,0.835348
FCC,0.524869
FCC,0.815693
FCC,0.666757
FCC,0.741069
FCC,0.761273
FCC,0.795718
FCC,0.767586
FCC,0.537327
FCC,0.564289
FCC,0.877796
FCC,0.849643
FCC,0.5297
FCC,0.959156
FCC,0.543044
FCC,0.620082
FCC,0.521815
FCC,0.837372
FCC,0.820501
FCC,0.6372
FCC,0.903101
FCC,0.468593
FCC,0.821958
FCC,0.682315
FCC,0.569073
FCC,0.569223
FCC,0.801849
FCC,0.792135
FCC,0.421257
FCC,0.360996
FCC,0.368632
FCC,0.886282
FCC,0.530112
FCC,0.745365
FCC,0.523566
FCC,0.808189
FCC,0.696796
FCC,0.482609
FCC,0.580081
FCC,0.616267
FCC,0.682635
FCC,0.48234
FCC,0.820856
FCC,0.487304
FCC,0.680093
FCC,0.472118
FCC,0.640622
FCC,0.681705
FCC,0.61944
FCC,0.846988
FCC,0.656959
FCC,0.710568
FCC,0.540298
FCC,0.511003
FCC,0.776437
FCC,0.451656
FCC,0.564443
FCC,0.776054
FCC,0.609196
FCC,0.64311
FCC,0.842625
FCC,0.58093
FCC,0.652595
FCC,0.271963
FCC,0.639164
FCC,0.515856
FCC,0.662307
FCC,0.661934
FCC,0.548121
FCC,0.61099
FCC,0.430105
FCC,0.63345
FCC,0.543132
FCC,0.728079
FCC,0.686205
FCC,0.620311
FCC,0.834257
FCC,0.555779
FCC,0.699515
FCC,0.715289
FCC,0.48165
FCC,0.696298
FCC,0.522486
FCC,0.60599
FCC,0.438209
FCC,0.68351
FCC,0.695608
FCC,0.553858
FCC,0.688086
FCC,0.513609
FCC,0.590083
FCC,0.516646
FCC,0.373677
FCC,0.513948
FCC,0.70239
FCC,0.686771
FCC,0.412467
FCC,0.618495
FCC,0.698337
FCC,0.436142
FCC,0.705799
FCC,0.589085
FCC,0.487189
FCC,0.535536
FCC,0.292353
FCC,0.497793
FCC,0.311986
FCC,0.73506
FCC,0.56702
FCC,0.258278
FCC,0.691187
FCC,0.407324
FCC,0.303914
FCC,0.568953
FCC,0.573854
FCC,0.872813
FCC,0.459501
FCC,0.425927
FCC,0.460709
FCC,0.673012
FCC,0.68252
FCC,0.4847
FCC,0.561569
FCC,0.373934
FCC,0.52979
FCC,0.496182
FCC,0.41548
FCC,0.374232
FCC,0.646382
FCC,0.573948
FCC,0.407323
FCC,0.702967
FCC,0.426601
FCC,0.385385
FCC,0.64457
FCC,0.654412
FCC,0.622797
FCC,0.545781
FCC,0.635408
FCC,0.367328
FCC,0.738367
FCC,0.529142
FCC,0.50899
FCC,0.412038
FCC,0.642776
FCC,0.586182
FCC,0.597859
FCC,0.496719
FCC,0.642835
FCC,0.510347
FCC,0.35308
FCC,0.566253
FCC,0.509333
FCC,0.612359
FCC,0.501717
FCC,0.553961
FCC,0.642275
FCC,0.55622
FCC,0.419451
FCC,0.656897
FCC,0.539676
FCC,0.615743
FCC,0.409388
FCC,0.505168
FCC,0.438383
FCC,0.499229
FCC,0.553763
FCC,0.420964
FCC,0.597146
FCC,0.313162
FCC,0.447554
FCC,0.461618
FCC,0.488475
FCC,0.384898
FCC,0.414994
FCC,0.485711
FCC,0.384124
FCC,0.589829
FCC,0.387292
FCC,0.537906
FCC,0.536366
FCC,0.488121
FCC,0.582645
FCC,0.587075
FCC,0.490273
FCC,0.450968
FCC,0.54292
FCC,0.438604
FCC,0.558284
FCC,0.481125
FCC,0.411279
FCC,0.716756
FCC,0.502935
FCC,0.317498
FCC,0.568986
FCC,0.426416
FCC,0.306401
FCC,0.372185
FCC,0.557375
FCC,0.576988
FCC,0.297888
FCC,0.456002
FCC,0.349816
FCC,0.462449
FCC,0.512421
FCC,0.903143
FCC,0.617686
FCC,0.651105
FCC,0.697878
FCC,0.668863
FCC,0.686657
FCC,0.502275
FCC,0.759083
FCC,0.922499
FCC,0.532811
FCC,0.858126
FCC,0.657087
FCC,0.799636
FCC,0.539263
FCC,0.438883
FCC,0.566724
FCC,0.680538
FCC,0.484456
FCC,0.587711
FCC,0.378606
FCC,0.660522
FCC,0.566436
FCC,0.61287
FCC,0.866961
FCC,0.589417
FCC,0.807912
FCC,0.488165
FCC,0.513869
FCC,0.96324
FCC,0.805629
FCC,0.453604
FCC,0.683187
FCC,0.542672
FCC,0.520038
FCC,0.855275
FCC,0.587673
FCC,0.814039
FCC,0.546326
FCC,0.53913
FCC,0.844045
FCC,0.848727
FCC,0.548111
FCC,0.798096
FCC,0.650785
FCC,0.587207
FCC,0.625993
FCC,0.611404
FCC,0.670891
FCC,0.767496
FCC,0.461515
FCC,0.778322
FCC,0.926982
FCC,0.606048
FCC,0.822385
FCC,0.53326
FCC,0.750857
FCC,0.541856
FCC,0.819067
FCC,0.798238
FCC,0.576591
FCC,0.633405
FCC,0.508804
FCC,0.735287
FCC,0.662757
FCC,0.454639
FCC,0.509007
FCC,0.717777
FCC,0.620297
FCC,0.369076
FCC,0.432042
FCC,0.458013
FCC,0.797967
FCC,0.512661
FCC,0.773801
FCC,0.399854
FCC,0.637101
FCC,0.385361
FCC,0.720465
FCC,0.425748
FCC,0.645209
FCC,0.71785
FCC,0.345689
FCC,0.645537
FCC,0.480136
FCC,0.626936
FCC,0.444946
FCC,0.56373
FCC,0.538553
FCC,0.439745
FCC,0.608852
FCC,0.445084
FCC,0.566667
FCC,0.572145
FCC,0.532696
FCC,0.510836
FCC,0.44836
FCC,0.576901
FCC,0.564629
FCC,0.413682
FCC,0.495275
FCC,0.618893
FCC,0.436892
FCC,0.569412
FCC,0.455575
FCC,0.548143
FCC,0.404438
FCC,0.663451
FCC,0.717914
FCC,0.486685
FCC,0.594751
FCC,0.446795
FCC,0.597551
FCC,0.443134
FCC,0.563936
FCC,0.483846
FCC,0.607295
FCC,0.707724
FCC,0.379042
FCC,0.599018
FCC,0.60594
FCC,0.641503
FCC,0.576404
FCC,0.721895
FCC,0.607212
FCC,0.40534
FCC,0.184754
FCC,0.396599
FCC,0.653619
FCC,0.559725
FCC,0.416952
FCC,0.553595
FCC,0.538705
FCC,0.641618
FCC,0.381155
FCC,0.380602
FCC,0.499806
FCC,0.471402
FCC,0.551191
FCC,0.54726
FCC,0.662099
FCC,0.380754
FCC,0.561504
FCC,0.537853
FCC,0.429962
FCC,0.686369
FCC,0.384025
FCC,0.545403
FCC,0.333367
FCC,0.495893
FCC,0.524953
FCC,0.397862
FCC,0.502993
FCC,0.362728
FCC,0.522959
FCC,0.45739
FCC,0.47604
FCC,0.4586
FCC,0.547089
FCC,0.365778
FCC,0.584627
FCC,0.551551
FCC,0.506802
FCC,0.25345
FCC,0.551054
FCC,0.487364
FCC,0.382213
FCC,0.5135
FCC,0.536112
FCC,0.421545
FCC,0.594742
FCC,0.522679
FCC,0.425428
FCC,0.54963
FCC,0.50695
FCC,0.514135
FCC,0.442516
FCC,0.594136
FCC,0.59582
FCC,0.569903
FCC,0.31873
FCC,0.549755
FCC,0.343043
FCC,0.648465
FCC,0.510067
FCC,0.639097
FCC,0.504211
FCC,0.523394
FCC,0.51867
FCC,0.523736
FCC,0.469307
FCC,0.564172
FCC,0.494811
FCC,0.51724
FCC,0.399708
FCC,0.342962
FCC,0.452527
FCC,0.608392
FCC,0.598598
FCC,0.44721
FCC,0.387144
FCC,0.503561
FCC,0.411856
FCC,0.479047
FCC,0.57137
FCC,0.365422
FCC,0.340061
FCC,0.464618
FCC,0.646665
FCC,0.385319
FCC,0.496065
FCC,0.496409
FCC,0.426599
FCC,0.457693
FCC,0.53366
FCC,0.418696
FCC,0.494752
FCC,0.512646
FCC,0.514234
FCC,0.397482
FCC,0.422362
FCC,0.552257
FCC,0.439447
FCC,0.338968
FCC,0.475703
FCC,0.567709
FCC,0.397163
FCC,0.283423
FCC,0.527207
FCC,0.438454
FCC,0.447406
FCC,0.543624
FCC,0.436645
FCC,0.64239
FCC,0.387389
FCC,0.307632
FCC,0.20443
FCC,0.434037
FCC,0.446213
FCC,0.486944
FCC,0.432637
FCC,0.451516
FCC,0.485283
FCC,0.461187
FCC,0.231032
FCC,0.400593
FCC,0.512348
FCC,0.696451
FCC,0.608988
FCC,0.703823
FCC,0.578155
FCC,0.758101
FCC,0.58908
FCC,0.482341
FCC,0.48682
FCC,0.691154
FCC,0.388511
FCC,0.728068
FCC,0.446537
FCC,0.787618
FCC,0.678099
FCC,0.453697
FCC,0.644395
FCC,0.757492
FCC,0.420695
FCC,0.566317
FCC,0.728066
FCC,0.568911
FCC,0.619505
FCC,0.691994
FCC,0.747465
FCC,0.581622
FCC,0.618314
FCC,0.469849
FCC,0.401684
FCC,0.582156
FCC,0.87211
FCC,0.614042
FCC,0.668827
FCC,0.429898
FCC,0.801998
FCC,0.75731
FCC,0.62944
FCC,0.86269
FCC,0.584891
FCC,0.582869
FCC,0.729849
FCC,0.712648
FCC,0.533417
FCC,0.656271
FCC,0.639609
FCC,0.680263
FCC,0.593726
FCC,0.633553
FCC,0.730854
FCC,0.575724
FCC,0.547172
FCC,0.853125
FCC,0.902193
FCC,0.502579
FCC,0.667721
FCC,0.760959
FCC,0.690288
FCC,0.554125
FCC,0.92822
FCC,0.838596
FCC,0.532287
FCC,0.746066
FCC,0.498277
FCC,0.69832
FCC,0.662052
FCC,0.515621
FCC,0.485722
FCC,0.835363
FCC,0.60165
FCC,0.51303
FCC,0.656923
FCC,0.526616
FCC,0.808797
FCC,0.46125
FCC,0.810686
FCC,0.580112
FCC,0.820996
FCC,0.500499
FCC,0.918872
FCC,0.560718
FCC,0.667309
FCC,0.664697
FCC,0.51037
FCC,0.670127
FCC,0.429161
FCC,0.692065
FCC,0.490224
FCC,0.553975
FCC,0.531783
FCC,0.357546
FCC,0.577558
FCC,0.440454
FCC,0.511465
FCC,0.551941
FCC,0.598865
FCC,0.698133
FCC,0.440717
FCC,0.483498
FCC,0.750132
FCC,0.538355
FCC,0.674502
FCC,0.584519
FCC,0.390734
FCC,0.618423
FCC,0.492531
FCC,0.708663
FCC,0.419653
FCC,0.622174
FCC,0.599717
FCC,0.549193
FCC,0.53514
FCC,0.315524
FCC,0.579928
FCC,0.547429
FCC,0.57664
FCC,0.797484
FCC,0.5563
FCC,0.328452
FCC,0.754279
FCC,0.533718
FCC,0.407349
FCC,0.494936
FCC,0.33568
FCC,0.647011
FCC,0.46059
FCC,0.383847
FCC,0.443055
FCC,0.569992
FCC,0.528217
FCC,0.486896
FCC,0.632263
FCC,0.541043
FCC,0.584426
FCC,0.359213
FCC,0.525043
FCC,0.587153
FCC,0.633178
FCC,0.440093
FCC,0.543027
FCC,0.355673
FCC,0.553768
FCC,0.505102
FCC,0.358777
FCC,0.713848
FCC,0.446334
FCC,0.475183
FCC,0.405186
FCC,0.693983
FCC,0.617521
FCC,0.421902
FCC,0.638321
FCC,0.526498
FCC,0.48435
FCC,0.52535
FCC,0.589964
FCC,0.554352
FCC,0.375008
FCC,0.346439
FCC,0.407285
FCC,0.541867
FCC,0.911742
FCC,0.469366
FCC,0.455889
FCC,0.409383
FCC,0.52027
FCC,0.459228
FCC,0.390662
FCC,0.389162
FCC,0.451962
FCC,0.708472
FCC,0.364978
FCC,0.409267
FCC,0.472084
FCC,0.416533
FCC,0.501542
FCC,0.462472
FCC,0.424028
FCC,0.556535
FCC,0.431844
FCC,0.604624
FCC,0.555232
FCC,0.636278
FCC,0.435652
FCC,0.600233
FCC,0.585585
FCC,0.59908
FCC,0.470264
FCC,0.561462
FCC,0.486739
FCC,0.633051
FCC,0.547039
FCC,0.539419
FCC,0.451961
FCC,0.497542
FCC,0.52511
FCC,0.378956
FCC,0.624065
FCC,0.398244
FCC,0.427149
FCC,0.513901
FCC,0.587209
FCC,0.402477
FCC,0.602599
FCC,0.452417
FCC,0.535766
FCC,0.44697
FCC,0.309211
FCC,0.616989
FCC,0.595569
FCC,0.496749
FCC,0.470865
FCC,0.548913
FCC,0.546436
FCC,0.582636
FCC,0.610424
FCC,0.584577
FCC,0.467379
FCC,0.37202
FCC,0.323179
FCC,0.366205
FCC,0.346253
FCC,0.445011
FCC,0.508903
FCC,0.491114
FCC,0.387266
FCC,0.400922
FCC,0.474915
FCC,0.511131
FCC,0.555112
FCC,0.585135
FCC,0.575927
FCC,0.465461
FCC,0.556361
FCC,0.441699
FCC,0.55522
FCC,0.413919
FCC,0.358186
FCC,0.353876
FCC,0.466518
FCC,0.456952
FCC,0.509585
FCC,0.295602
FCC,0.311027
FCC,0.434734
FCC,0.441058
FCC,0.654556
FCC,0.701259
FCC,0.804636
FCC,0.761659
FCC,0.77042
FCC,0.573477
FCC,0.516352
FCC,0.599791
FCC,0.765714
FCC,0.44674
FCC,0.936283
FCC,0.429487
FCC,0.717892
FCC,0.452622
FCC,0.518322
FCC,0.530925
FCC,0.729768
FCC,0.580387
FCC,0.911056
FCC,0.295045
FCC,0.710557
FCC,0.398393
FCC,0.620901
FCC,0.932785
FCC,0.568968
FCC,0.851913
FCC,0.673436
FCC,0.540447
FCC,0.63953
FCC,0.729136
FCC,0.620478
FCC,0.791391
FCC,0.506049
FCC,0.648711
FCC,0.889459
FCC,0.648409
FCC,1.006334
FCC,0.681796
FCC,0.491006
FCC,0.71579
FCC,0.657545
FCC,0.326742
FCC,0.601174
FCC,0.596018
FCC,0.582721
FCC,0.838519
FCC,0.511673
FCC,0.626005
FCC,0.637133
FCC,0.599473
FCC,0.677676
FCC,0.71461
FCC,0.543042
FCC,0.722994
FCC,0.538741
FCC,0.596349
FCC,0.621403
FCC,0.667826
FCC,0.72669
FCC,0.506941
FCC,0.689534
FCC,0.682376
FCC,0.692122
FCC,0.668538
FCC,0.506897
FCC,0.644399
FCC,0.667497
FCC,0.696163
FCC,0.547286
FCC,0.518185
FCC,0.588421
FCC,0.759201
FCC,0.648726
FCC,0.563607
FCC,0.620464
FCC,0.841654
FCC,0.596772
FCC,0.849827
FCC,0.361156
FCC,0.740043
FCC,0.730424
FCC,0.519089
FCC,0.560995
FCC,0.383318
FCC,0.766964
FCC,0.425652
FCC,0.703289
FCC,0.684298
FCC,0.53289
FCC,0.672553
FCC,0.544033
FCC,0.748225
FCC,0.447562
FCC,0.476348
FCC,0.701518
FCC,0.47094
FCC,0.568025
FCC,1.001144
FCC,0.401575
FCC,0.723505
FCC,0.672529
FCC,0.54213
FCC,0.692438
FCC,0.454162
FCC,0.659851
FCC,0.526131
FCC,0.712623
FCC,0.756347
FCC,0.468182
FCC,0.750009
FCC,0.485626
FCC,0.584538
FCC,0.623146
FCC,0.758011
FCC,0.470893
FCC,0.560504
FCC,0.500286
FCC,0.735142
FCC,0.674403
FCC,0.615771
FCC,0.627978
FCC,0.52419
FCC,0.614628
FCC,0.493347
FCC,0.426737
FCC,0.410361
FCC,0.615115
FCC,0.731169
FCC,0.41058
FCC,0.511354
FCC,0.431807
FCC,0.644625
FCC,0.449898
FCC,0.323849
FCC,0.613205
FCC,0.668176
FCC,0.47776
FCC,0.535404
FCC,0.374365
FCC,0.607844
FCC,0.570792
FCC,0.454384
FCC,0.61851
FCC,0.567429
FCC,0.609163
FCC,0.175929
FCC,0.541245
FCC,0.592335
FCC,0.419312
FCC,0.619065
FCC,0.48798
FCC,0.385506
FCC,0.158353
FCC,0.407789
FCC,0.68346
FCC,0.348109
FCC,0.696965
FCC,0.578629
FCC,0.697445
FCC,0.553298
FCC,0.504772
FCC,0.28678
FCC,0.665745
FCC,0.699428
FCC,0.53126
FCC,0.401707
FCC,0.505385
FCC,0.288802
FCC,0.517569
FCC,0.511383
FCC,0.431566
FCC,0.494612
FCC,0.553662
FCC,0.463254
FCC,0.656713
FCC,0.547771
FCC,0.688606
FCC,0.487944
FCC,0.648496
FCC,0.501031
FCC,0.514859
FCC,0.640552
FCC,0.602466
FCC,0.620205
FCC,0.529754
FCC,0.563488
FCC,0.66795
FCC,0.530985
FCC,0.600849
FCC,0.613772
FCC,0.584122
FCC,0.513428
FCC,0.591051
FCC,0.612088
FCC,0.425763
FCC,0.590791
FCC,0.750603
FCC,0.527145
FCC,0.354742
FCC,0.690567
FCC,0.659263
FCC,0.574817
FCC,0.538915
FCC,0.716483
FCC,0.480985
FCC,0.387663
FCC,0.591986
FCC,0.567878
FCC,0.428155
FCC,0.606595
FCC,0.574239
FCC,0.561113
FCC,0.548279
FCC,0.586978
FCC,0.522963
FCC,0.48302
FCC,0.551271
FCC,0.564005
FCC,0.486795
FCC,0.65413
FCC,0.462469
FCC,0.391299
FCC,0.563688
FCC,0.594278
FCC,0.518767
FCC,0.642932
FCC,0.42144
FCC,0.395953
FCC,0.43831
FCC,0.564504
FCC,0.383818
FCC,0.431584
FCC,0.408275
FCC,0.552909
FCC,0.574711
FCC,0.550985
FCC,0.377193
FCC,0.374381
FCC,0.488796
FCC,0.498765
FCC,0.511053
FCC,0.492743
FCC,0.316397
FCC,0.485931
FCC,0.442973
FCC,0.701993
FCC,0.772849
FCC,0.759473
FCC,0.539453
FCC,0.687205
FCC,0.853392
FCC,0.734393
FCC,0.701448
FCC,0.461757
FCC,0.92959
FCC,0.519597
FCC,0.784594
FCC,0.567439
FCC,0.342466
FCC,0.685686
FCC,0.793836
FCC,0.51914
FCC,0.667392
FCC,0.257148
FCC,0.74519
FCC,0.387705
FCC,0.519617
FCC,0.772641
FCC,0.536568
FCC,0.514558
FCC,0.480519
FCC,0.505676
FCC,0.724249
FCC,0.627094
FCC,0.3973
FCC,0.586714
FCC,0.596823
FCC,0.546415
FCC,0.77465
FCC,0.418966
FCC,0.700417
FCC,0.574938
FCC,0.535733
FCC,0.506217
FCC,0.680181
FCC,0.540009
FCC,0.739744
FCC,0.487019
FCC,0.708126
FCC,0.754891
FCC,0.669953
FCC,0.775851
FCC,0.56291
FCC,0.596389
FCC,0.719489
FCC,0.658018
FCC,0.566486
FCC,0.96833
FCC,0.541414
FCC,0.604213
FCC,0.594982
FCC,0.660944
FCC,0.721202
FCC,0.552635
FCC,0.715829
FCC,0.597585
FCC,0.646755
FCC,0.759154
FCC,0.615488
FCC,0.513551
FCC,0.46218
FCC,0.810174
FCC,0.537734
FCC,0.364928
FCC,0.532628
FCC,0.711307
FCC,0.53322
FCC,0.763
FCC,0.498588
FCC,0.728966
FCC,0.563629
FCC,0.789805
FCC,0.624029
FCC,0.72155
FCC,0.75318
FCC,0.452421
FCC,0.65668
FCC,0.593995
FCC,0.609497
FCC,0.464476
FCC,0.712208
FCC,0.656464
FCC,0.62155
FCC,0.849728
FCC,0.466368
FCC,0.45681
FCC,0.514884
FCC,0.684062
FCC,0.601484
FCC,0.636814
FCC,0.653044
FCC,0.457996
FCC,0.475151
FCC,0.604675
FCC,0.664041
FCC,0.434413
FCC,0.586827
FCC,0.756295
FCC,0.454264
FCC,0.428997
FCC,0.618265
FCC,0.527743
FCC,0.372227
FCC,0.685148
FCC,0.553807
FCC,0.532841
FCC,0.442457
FCC,0.626804
FCC,0.64325
FCC,0.448433
FCC,0.615086
FCC,0.554891
FCC,0.544742
FCC,0.745868
FCC,0.634593
FCC,0.547269
FCC,0.388624
FCC,0.278736
FCC,0.361772
FCC,0.644757
FCC,0.625621
FCC,0.585281
FCC,0.666753
FCC,0.685805
FCC,0.602605
FCC,0.48284
FCC,0.470916
FCC,0.386678
FCC,0.744329
FCC,0.438963
FCC,0.640264
FCC,0.515802
FCC,0.403982
FCC,0.553739
FCC,0.419248
FCC,0.234304
FCC,0.7713
FCC,0.469349
FCC,0.573086
FCC,0.374101
FCC,0.683548
FCC,0.541149
FCC,0.416115
FCC,0.686703
FCC,0.453749
FCC,0.537331
FCC,0.526652
FCC,0.699171
FCC,0.61077
FCC,0.750076
FCC,0.630954
FCC,0.600676
FCC,0.393378
FCC,0.661609
FCC,0.485653
FCC,0.516082
FCC,0.411506
FCC,0.37053
FCC,0.562056
FCC,0.419506
FCC,0.404064
FCC,0.446251
FCC,0.419283
FCC,0.501983
FCC,0.600186
FCC,0.538755
FCC,0.623978
FCC,0.477814
FCC,0.561184
FCC,0.682243
FCC,0.628691
FCC,0.589317
FCC,0.66722
FCC,0.610422
FCC,0.580995
FCC,0.515885
FCC,0.710799
FCC,0.725809
FCC,0.628134
FCC,0.561276
FCC,0.48124
FCC,0.636613
FCC,0.583963
FCC,0.562887
FCC,0.61761
FCC,0.534959
FCC,0.548494
FCC,0.673204
FCC,0.554432
FCC,0.608154
FCC,0.477112
FCC,0.598502
FCC,0.595136
FCC,0.532244
FCC,0.515336
FCC,0.728107
FCC,0.622551
FCC,0.605388
FCC,0.540844
FCC,0.604179
FCC,0.794211
FCC,0.598891
FCC,0.514496
FCC,0.601354
FCC,0.5972
FCC,0.615008
FCC,0.285631
FCC,0.591496
FCC,0.514847
FCC,0.493676
FCC,0.432261
FCC,0.610473
FCC,0.324803
FCC,0.592106
FCC,0.418973
FCC,0.503597
FCC,0.585351
FCC,0.440893
FCC,0.593278
FCC,0.597978
FCC,0.50254
FCC,0.480773
FCC,0.610746
FCC,0.331215
FCC,0.485293
FCC,0.488813
FCC,0.501736
FCC,0.547934
FCC,0.461888
FCC,0.469692
FCC,0.209497
FCC,0.526738
FCC,0.64482
FCC,0.30954
FCC,0.661659
FCC,0.495298
FCC,0.49356
FCC,0.52744
FCC,0.592695
FCC,0.597132
FCC,0.756445
FCC,0.588181
FCC,0.731969
FCC,0.705661
FCC,0.301276
FCC,0.787015
FCC,0.753843
FCC,0.421352
FCC,0.636489
FCC,0.29873
FCC,0.552925
FCC,0.520742
FCC,0.435157
FCC,0.877901
FCC,0.741991
FCC,0.50167
FCC,0.707499
FCC,0.339121
FCC,0.555606
FCC,0.331414
FCC,0.547374
FCC,0.782038
FCC,0.370527
FCC,0.751328
FCC,0.238808
FCC,0.428224
FCC,0.616624
FCC,0.626834
FCC,0.491676
FCC,0.814589
FCC,0.33386
FCC,0.572975
FCC,0.796425
FCC,0.540588
FCC,0.74153
FCC,0.55183
FCC,0.616148
FCC,0.610636
FCC,0.828187
FCC,0.448517
FCC,0.616718
FCC,0.603422
FCC,0.693816
FCC,0.587818
FCC,0.576349
FCC,0.705311
FCC,0.421954
FCC,0.42525
FCC,0.578264
FCC,0.691755
FCC,0.446237
FCC,0.780121
FCC,0.519277
FCC,0.483631
FCC,0.471855
FCC,0.668279
FCC,0.625909
FCC,0.510073
FCC,0.52965
FCC,0.744308
FCC,0.504788
FCC,0.72496
FCC,0.532093
FCC,0.467196
FCC,0.478093
FCC,0.658056
FCC,0.462977
FCC,0.404993
FCC,0.42724
FCC,0.714518
FCC,0.466893
FCC,0.651998
FCC,0.566916
FCC,0.733806
FCC,0.601429
FCC,0.378108
FCC,0.523806
FCC,0.524341
FCC,0.699932
FCC,0.338726
FCC,0.691379
FCC,0.715972
FCC,0.502058
FCC,0.485935
FCC,0.506473
FCC,0.590807
FCC,0.454138
FCC,0.560639
FCC,0.355808
FCC,0.514077
FCC,0.43635
FCC,0.432014
FCC,0.541967
FCC,0.414902
FCC,0.568433
FCC,0.769176
FCC,0.488717
FCC,0.536779
FCC,0.686061
FCC,0.529032
FCC,0.461247
FCC,0.349107
FCC,0.59092
FCC,0.424291
FCC,0.644025
FCC,0.530863
FCC,0.358849
FCC,0.640712
FCC,0.497331
FCC,0.600228
FCC,0.579329
FCC,0.56654
FCC,0.824062
FCC,0.392567
FCC,0.716623
FCC,0.625804
FCC,0.534375
FCC,0.445785
FCC,0.662859
FCC,0.662824
FCC,0.406407
FCC,0.525524
FCC,0.619207
FCC,0.53578
FCC,0.575954
FCC,0.57008
FCC,0.584379
FCC,0.539054
FCC,0.566818
FCC,0.48806
FCC,0.669165
FCC,0.70104
FCC,0.704609
FCC,0.422983
FCC,0.72483
FCC,0.495822
FCC,0.516205
FCC,0.506119
FCC,0.584013
FCC,0.497506
FCC,0.530114
FCC,0.625355
FCC,0.481533
FCC,0.474998
FCC,0.545873
FCC,0.549093
FCC,0.485053
FCC,0.566536
FCC,0.62184
FCC,0.551286
FCC,0.723603
FCC,0.504135
FCC,0.561382
FCC,0.434258
FCC,0.596557
FCC,0.542148
FCC,0.511222
FCC,0.543067
FCC,0.580021
FCC,0.576747
FCC,0.466695
FCC,0.468628
FCC,0.579843
FCC,0.68689
FCC,0.336566
FCC,0.586118
FCC,0.535697
FCC,0.526231
FCC,0.689363
FCC,0.757166
FCC,0.646787
FCC,0.759648
FCC,0.503607
FCC,0.350291
FCC,0.566559
FCC,0.643632
FCC,0.54317
FCC,0.422515
FCC,0.614231
FCC,0.549974
FCC,0.549963
FCC,0.498116
FCC,0.594412
FCC,0.538298
FCC,0.508702
FCC,0.576105
FCC,0.672319
FCC,0.622185
FCC,0.599206
FCC,0.730958
FCC,0.714822
FCC,0.646567
FCC,0.365747
FCC,0.741006
FCC,0.533032
FCC,0.449201
FCC,0.431433
FCC,0.63422
FCC,0.356742
FCC,0.547022
FCC,0.643462
FCC,0.560159
FCC,0.546822
FCC,0.521098
FCC,0.585807
FCC,0.616091
FCC,0.444888
FCC,0.566903
FCC,0.510868
FCC,0.489017
FCC,0.563059
FCC,0.522436
FCC,0.255202
FCC,0.557136
FCC,0.597247
FCC,0.572182
FCC,0.656682
FCC,0.355805
FCC,0.458387
FCC,0.624342
FCC,0.711126
FCC,0.456032
FCC,0.405274
FCC,0.477955
FCC,0.415837
FCC,0.51206
FCC,0.499363
FCC,0.474202
FCC,0.566243
FCC,0.400055
FCC,0.204137
FCC,0.345865
FCC,0.479475
FCC,0.509946
FCC,0.484435
FCC,0.319628
FCC,0.395098
FCC,0.491519
FCC,0.448176
4-coord,0.485584
4-coord,0.497421
4-coord,0.744679
4-coord,0.54698
4-coord,0.607643
4-coord,0.59625
4-coord,0.655908
4-coord,0.565496
4-coord,0.710628
4-coord,0.517991
4-coord,0.729159
4-coord,0.576329
4-coord,0.622112
4-coord,0.66036
4-coord,0.655121
4-coord,0.655912
4-coord,0.700948
4-coord,0.574488
4-coord,0.526208
4-coord,0.704471
4-coord,0.453274
4-coord,0.664382
4-coord,0.541255
4-coord,0.646625
4-coord,0.568925
4-coord,0.427016
4-coord,0.51816
4-coord,0.352022
4-coord,0.592405
4-coord,0.476795
4-coord,0.378053
4-coord,0.651558
4-coord,0.459652
4-coord,0.471955
4-coord,0.687252
4-coord,0.692046
4-coord,0.468895
4-coord,0.726991
4-coord,0.524049
4-coord,0.48297
4-coord,0.360269
4-coord,0.520896
4-coord,0.523802
4-coord,0.559353
4-coord,0.633053
4-coord,0.371285
4-coord,0.741835
4-coord,0.552044
4-coord,0.621964
4-coord,0.447637
4-coord,0.641109
4-coord,0.555444
4-coord,0.589877
4-coord,0.528578
4-coord,0.71586
4-coord,0.453306
4-coord,0.503294
4-coord,0.393345
4-coord,0.42004
4-coord,0.455393
4-coord,0.57096
4-coord,0.454833
4-coord,0.514281
4-coord,0.591529
4-coord,0.492005
4-coord,0.413394
4-coord,0.443448
4-coord,0.525557
4-coord,0.595521
4-coord,0.321508
4-coord,0.499425
4-coord,0.427142
4-coord,0.472457
4-coord,0.51381
4-coord,0.543778
4-coord,0.597495
4-coord,0.462274
4-coord,0.6109
4-coord,0.591712
4-coord,0.542267
4-coord,0.685309
4-coord,0.731992
4-coord,0.669463
4-coord,0.480863
4-coord,0.672585
4-coord,0.67778
4-coord,0.394625
4-coord,0.484539
4-coord,0.703978
4-coord,0.725995
4-coord,0.632373
4-coord,0.582765
4-coord,0.5744
4-coord,0.704721
4-coord,0.613841
4-coord,0.506244
4-coord,0.667654
4-coord,0.608396
4-coord,0.585872
4-coord,0.545144
4-coord,0.533823
4-coord,0.552952
4-coord,0.648844
4-coord,0.60546
4-coord,0.718448
4-coord,0.453597
4-coord,0.604874
4-coord,0.556518
4-coord,0.476226
4-coord,0.607583
4-coord,0.390444
4-coord,0.623662
4-coord,0.597362
4-coord,0.604487
4-coord,0.55334
4-coord,0.392397
4-coord,0.447922
4-coord,0.390364
4-coord,0.651079
4-coord,0.335916
4-coord,0.598639
4-coord,0.481672
4-coord,0.450765
4-coord,0.612186
4-coord,0.743433
4-coord,0.61858
4-coord,0.576253
4-coord,0.592748
4-coord,0.429838
4-coord,0.530631
4-coord,0.620154
4-coord,0.645435
4-coord,0.656707
4-coord,0.336011
4-coord,0.438303
4-coord,0.554696
4-coord,0.559594
4-coord,0.411283
4-coord,0.355389
4-coord,0.548388
4-coord,0.656694
4-coord,0.349784
4-coord,0.630996
4-coord,0.384645
4-coord,0.453493
4-coord,0.567146
4-coord,0.374109
4-coord,0.536252
4-coord,0.739554
4-coord,0.634597
4-coord,0.552362
4-coord,0.42865
4-coord,0.477421
4-coord,0.683359
4-coord,0.698788
4-coord,0.690352
4-coord,0.55526
4-coord,0.570933
4-coord,0.553669
4-coord,0.498803
4-coord,0.621096
4-coord,0.42361
4-coord,0.716396
4-coord,0.553339
4-coord,0.624347
4-coord,0.477142
4-coord,0.537554
4-coord,0.556202
4-coord,0.54932
4-coord,0.628093
4-coord,0.615477
4-coord,0.487853
4-coord,0.752505
4-coord,0.571822
4-coord,0.676911
4-coord,0.569547
4-coord,0.611596
4-coord,0.484458
4-coord,0.39438
4-coord,0.492941
4-coord,0.464065
4-coord,0.689392
4-coord,0.538562
4-coord,0.466053
4-coord,0.54704
4-coord,0.303774
4-coord,0.444051
4-coord,0.44833
4-coord,0.451354
4-coord,0.531077
4-coord,0.416541
4-coord,0.553311
4-coord,0.416883
4-coord,0.600802
4-coord,0.494164
4-coord,0.602424
4-coord,0.549802
4-coord,0.621842
4-coord,0.562683
4-coord,0.579058
4-coord,0.53624
4-coord,0.653916
4-coord,0.588985
4-coord,0.631633
4-coord,0.530347
4-coord,0.376492
4-coord,0.70699
4-coord,0.438676
4-coord,0.598262
4-coord,0.661624
4-coord,0.424992
4-coord,0.572307
4-coord,0.587103
4-coord,0.534257
4-coord,0.529603
4-coord,0.503386
4-coord,0.672719
4-coord,0.559432
4-coord,0.620836
4-coord,0.22683
4-coord,0.496337
4-coord,0.549358
4-coord,0.563314
4-coord,0.624665
4-coord,0.387129
4-coord,0.400111
4-coord,0.393544
4-coord,0.680133
4-coord,0.670594
4-coord,0.401608
4-coord,0.555891
4-coord,0.355672
4-coord,0.62182
4-coord,0.36803
4-coord,0.598427
4-coord,0.527229
4-coord,0.694629
4-coord,0.733458
4-coord,0.355111
4-coord,0.665607
4-coord,0.48683
4-coord,0.529091
4-coord,0.544059
4-coord,0.536665
4-coord,0.391329
4-coord,0.691825
4-coord,0.517029
4-coord,0.331287
4-coord,0.505282
4-coord,0.479081
4-coord,0.626602
4-coord,0.39316
4-coord,0.616248
4-coord,0.580375
4-coord,0.49311
4-coord,0.515669
4-coord,0.39653
4-coord,0.588475
4-coord,0.418275
4-coord,0.683177
4-coord,0.611938
4-coord,0.599167
4-coord,0.534205
4-coord,0.507349
4-coord,0.675725
4-coord,0.531004
4-coord,0.560053
4-coord,0.650651
4-coord,0.651899
4-coord,0.560255
4-coord,0.56268
4-coord,0.73898
4-coord,0.513522
4-coord,0.662116
4-coord,0.6828
4-coord,0.530576
4-coord,0.583572
4-coord,0.568538
4-coord,0.617248
4-coord,0.676912
4-coord,0.57738
4-coord,0.608386
4-coord,0.470578
4-coord,0.498171
4-coord,0.540521
4-coord,0.555584
4-coord,0.530431
4-coord,0.597099
4-coord,0.535012
4-coord,0.490381
4-coord,0.675113
4-coord,0.572164
4-coord,0.458633
4-coord,0.584533
4-coord,0.59067
4-coord,0.517043
4-coord,0.371023
4-coord,0.486534
4-coord,0.505822
4-coord,0.44648
4-coord,0.401666
4-coord,0.550045
4-coord,0.333314
4-coord,0.522953
4-coord,0.646744
4-coord,0.51161
4-coord,0.497979
4-coord,0.519419
4-coord,0.392436
4-coord,0.602737
4-coord,0.39763
4-coord,0.554186
4-coord,0.53941
4-coord,0.704014
4-coord,0.504867
4-coord,0.417973
4-coord,0.738434
4-coord,0.509731
4-coord,0.630234
4-coord,0.523923
4-coord,0.40343
4-coord,0.673847
4-coord,0.50171
4-coord,0.414876
4-coord,0.615291
4-coord,0.367554
4-coord,0.406634
4-coord,0.603021
4-coord,0.368985
4-coord,0.632329
4-coord,0.562713
4-coord,0.426097
4-coord,0.55491
4-coord,0.441271
4-coord,0.461187
4-coord,0.581159
4-coord,0.244833
4-coord,0.667513
4-coord,0.399013
4-coord,0.624709
4-coord,0.461564
4-coord,0.520793
4-coord,0.601789
4-coord,0.419048
4-coord,0.652685
4-coord,0.547586
4-coord,0.429373
4-coord,0.565073
4-coord,0.335831
4-coord,0.528984
4-coord,0.723242
4-coord,0.496386
4-coord,0.674497
4-coord,0.42744
4-coord,0.468298
4-coord,0.565309
4-coord,0.55396
4-coord,0.433056
4-coord,0.593676
4-coord,0.607954
4-coord,0.387249
4-coord,0.474405
4-coord,0.52563
4-coord,0.487566
4-coord,0.388254
4-coord,0.476382
4-coord,0.477553
4-coord,0.370975
4-coord,0.510348
4-coord,0.477097
4-coord,0.517758
4-coord,0.517717
4-coord,0.524158
4-coord,0.294322
4-coord,0.557611
4-coord,0.533947
4-coord,0.368227
4-coord,0.371465
4-coord,0.326594
4-coord,0.437796
4-coord,0.497181
4-coord,0.513815
4-coord,0.64607
4-coord,0.526757
4-coord,0.448472
4-coord,0.59448
4-coord,0.473388
4-coord,0.509907
4-coord,0.534202
4-coord,0.460075
4-coord,0.332661
4-coord,0.55638
4-coord,0.45089
4-coord,0.513298
4-coord,0.587037
4-coord,0.441927
4-coord,0.69819
4-coord,0.465433
4-coord,0.645649
4-coord,0.480761
4-coord,0.26969
4-coord,0.506794
4-coord,0.416228
4-coord,0.249091
4-coord,0.438898
4-coord,0.212793
4-coord,0.387705
4-coord,0.546294
4-coord,0.417286
4-coord,0.346426
4-coord,0.470902
4-coord,0.318149
4-coord,0.522488
4-coord,0.355848
4-coord,0.281377
4-coord,0.643606
4-coord,0.369495
4-coord,0.516712
4-coord,0.561431
4-coord,0.459109
4-coord,0.337101
4-coord,0.443767
4-coord,0.43924
4-coord,0.55342
4-coord,0.558116
4-coord,0.741583
4-coord,0.505389
4-coord,0.380929
4-coord,0.512526
4-coord,0.504558
4-coord,0.497459
4-coord,0.514474
4-coord,0.671591
4-coord,0.590557
4-coord,0.585466
4-coord,0.358958
4-coord,0.528881
4-coord,0.656999
4-coord,0.584485
4-coord,0.716369
4-coord,0.4849
4-coord,0.418268
4-coord,0.606299
4-coord,0.515033
4-coord,0.649573
4-coord,0.301615
4-coord,0.474637
4-coord,0.473456
4-coord,0.438997
4-coord,0.580603
4-coord,0.526523
4-coord,0.601537
4-coord,0.510207
4-coord,0.468528
4-coord,0.528642
4-coord,0.433407
4-coord,0.470999
4-coord,0.38592
4-coord,0.411308
4-coord,0.482545
4-coord,0.474478
4-coord,0.39607
4-coord,0.534325
4-coord,0.361234
4-coord,0.588473
4-coord,0.362733
4-coord,0.590661
4-coord,0.435619
4-coord,0.650425
4-coord,0.546067
4-coord,0.48463
4-coord,0.370749
4-coord,0.548301
4-coord,0.354259
4-coord,0.447008
4-coord,0.582079
4-coord,0.542431
4-coord,0.363731
4-coord,0.581138
4-coord,0.243424
4-coord,0.445612
4-coord,0.398804
4-coord,0.303858
4-coord,0.486954
4-coord,0.522555
4-coord,0.59365
4-coord,0.413016
4-coord,0.344657
4-coord,0.573312
4-coord,0.279403
4-coord,0.623805
4-coord,0.595716
4-coord,0.49202
4-coord,0.540321
4-coord,0.518548
4-coord,0.349036
4-coord,0.451709
4-coord,0.256581
4-coord,0.550986
4-coord,0.410612
4-coord,0.432973
4-coord,0.478747
4-coord,0.371055
4-coord,0.37309
4-coord,0.459442
4-coord,0.545333
4-coord,0.565552
4-coord,0.620556
4-coord,0.323478
4-coord,0.662082
4-coord,0.477259
4-coord,0.654757
4-coord,0.508427
4-coord,0.569405
4-coord,0.297446
4-coord,0.574208
4-coord,0.405105
4-coord,0.511237
4-coord,0.668723
4-coord,0.499572
4-coord,0.571959
4-coord,0.633141
4-coord,0.493787
4-coord,0.501616
4-coord,0.533258
4-coord,0.564377
4-coord,0.372998
4-coord,0.390571
4-coord,0.57602
4-coord,0.640824
4-coord,0.362627
4-coord,0.567281
4-coord,0.326598
4-coord,0.552344
4-coord,0.449368
4-coord,0.359672
4-coord,0.512558
4-coord,0.41008
4-coord,0.386151
4-coord,0.416539
4-coord,0.325176
4-coord,0.427056
4-coord,0.462072
4-coord,0.507494
4-coord,0.532266
4-coord,0.582476
4-coord,0.452399
4-coord,0.70273
4-coord,0.699979
4-coord,0.468868
4-coord,0.651346
4-coord,0.405971
4-coord,0.467669
4-coord,0.219509
4-coord,0.549835
4-coord,0.508182
4-coord,0.594253
4-coord,0.593511
4-coord,0.550128
4-coord,0.406545
4-coord,0.514048
4-coord,0.427687
4-coord,0.57887
4-coord,0.591824
4-coord,0.557159
4-coord,0.752402
4-coord,0.543677
4-coord,0.390465
4-coord,0.65802
4-coord,0.277789
4-coord,0.539103
4-coord,0.359062
4-coord,0.375634
4-coord,0.619341
4-coord,0.455507
4-coord,0.39627
4-coord,0.520081
4-coord,0.369674
4-coord,0.52124
4-coord,0.522231
4-coord,0.284163
4-coord,0.545774
4-coord,0.418921
4-coord,0.313743
4-coord,0.696356
4-coord,0.456755
4-coord,0.466213
4-coord,0.51035
4-coord,0.378661
4-coord,0.680053
4-coord,0.510507
4-coord,0.540708
4-coord,0.665628
4-coord,0.379557
4-coord,0.395363
4-coord,0.711577
4-coord,0.416408
4-coord,0.591909
4-coord,0.549338
4-coord,0.576186
4-coord,0.711281
4-coord,0.533581
4-coord,0.386874
4-coord,0.723795
4-coord,0.563529
4-coord,0.537734
4-coord,0.566535
4-coord,0.437505
4-coord,0.403684
4-coord,0.577882
4-coord,0.428444
4-coord,0.450534
4-coord,0.455475
4-coord,0.404798
4-coord,0.455053
4-coord,0.4109
4-coord,0.512563
4-coord,0.671541
4-coord,0.301159
4-coord,0.495264
4-coord,0.258918
4-coord,0.316421
4-coord,0.482424
4-coord,0.380515
4-coord,0.351709
4-coord,0.47065
4-coord,0.485188
4-coord,0.425114
4-coord,0.321941
4-coord,0.466059
4-coord,0.559321
4-coord,0.42471
4-coord,0.427415
4-coord,0.50834
4-coord,0.441862
4-coord,0.554644
4-coord,0.302677
4-coord,0.484076
4-coord,0.597657
4-coord,0.378378
4-coord,0.681512
4-coord,0.665218
4-coord,0.425239
4-coord,0.522942
4-coord,0.35108
4-coord,0.446423
4-coord,0.340518
4-coord,0.40481
4-coord,0.560871
4-coord,0.56659
4-coord,0.351149
4-coord,0.490945
4-coord,0.434201
4-coord,0.423327
4-coord,0.425555
4-coord,0.321454
4-coord,0.667149
4-coord,0.645753
4-coord,0.320159
4-coord,0.630281
4-coord,0.512276
4-coord,0.504623
4-coord,0.634379
4-coord,0.314406
4-coord,0.63457
4-coord,0.579424
4-coord,0.243862
4-coord,0.680482
4-coord,0.526185
4-coord,0.439652
4-coord,0.576823
4-coord,0.349769
4-coord,0.543041
4-coord,0.504934
4-coord,0.719414
4-coord,0.521951
4-coord,0.665662
4-coord,0.394916
4-coord,0.554375
4-coord,0.42008
4-coord,0.642299
4-coord,0.553072
4-coord,0.51636
4-coord,0.642592
4-coord,0.422021
4-coord,0.493232
4-coord,0.682659
4-coord,0.517155
4-coord,0.38955
4-coord,0.530482
4-coord,0.467874
4-coord,0.44747
4-coord,0.384509
4-coord,0.404855
4-coord,0.544862
4-coord,0.403336
4-coord,0.533923
4-coord,0.316988
4-coord,0.579341
4-coord,0.517416
4-coord,0.412159
4-coord,0.484226
4-coord,0.381232
4-coord,0.519718
4-coord,0.432326
4-coord,0.513536
4-coord,0.501295
4-coord,0.599804
4-coord,0.51901
4-coord,0.412583
4-coord,0.3025
4-coord,0.568926
4-coord,0.447257
4-coord,0.223302
4-coord,0.387908
4-coord,0.650934
4-coord,0.503913
4-coord,0.561449
4-coord,0.484628
4-coord,0.530341
4-coord,0.532101
4-coord,0.427667
4-coord,0.446116
4-coord,0.497498
4-coord,0.254294
4-coord,0.607265
4-coord,0.541309
4-coord,0.564112
4-coord,0.516301
4-coord,0.206575
4-coord,0.628083
4-coord,0.634968
4-coord,0.216962
4-coord,0.499645
4-coord,0.531632
4-coord,0.363855
4-coord,0.449369
4-coord,0.399102
4-coord,0.642733
4-coord,0.485122
4-coord,0.424439
4-coord,0.584371
4-coord,0.472997
4-coord,0.546172
4-coord,0.537407
4-coord,0.501566
4-coord,0.591639
4-coord,0.60289
4-coord,0.318235
4-coord,0.562254
4-coord,0.55245
4-coord,0.411906
4-coord,0.55517
4-coord,0.300272
4-coord,0.730044
4-coord,0.448567
4-coord,0.330072
4-coord,0.491928
4-coord,0.368945
4-coord,0.343864
4-coord,0.404611
4-coord,0.521315
4-coord,0.380534
4-coord,0.57574
4-coord,0.57802
4-coord,0.474282
4-coord,0.618259
4-coord,0.510543
4-coord,0.505247
4-coord,0.593581
4-coord,0.501417
4-coord,0.333604
4-coord,0.639894
4-coord,0.348302
4-coord,0.750582
4-coord,0.497171
4-coord,0.484105
4-coord,0.557055
4-coord,0.422194
4-coord,0.657213
4-coord,0.421731
4-coord,0.582587
4-coord,0.406889
4-coord,0.737376
4-coord,0.525439
4-coord,0.43848
4-coord,0.491977
4-coord,0.403538
4-coord,0.395899
4-coord,0.465646
4-coord,0.679994
4-coord,0.458435
4-coord,0.415475
4-coord,0.492023
4-coord,0.476083
4-coord,0.595905
4-coord,0.471869
4-coord,0.589407
4-coord,0.517096
4-coord,0.7362
4-coord,0.281922
4-coord,0.656417
4-coord,0.615365
4-coord,0.607202
4-coord,0.563835
4-coord,0.626323
4-coord,0.476872
4-coord,0.507702
4-coord,0.314821
4-coord,0.451584
4-coord,0.569121
4-coord,0.280231
4-coord,0.591654
4-coord,0.466682
4-coord,0.446773
4-coord,0.602952
4-coord,0.401014
4-coord,0.4635
4-coord,0.486735
4-coord,0.36141
4-coord,0.459299
4-coord,0.505906
4-coord,0.340736
4-coord,0.504808
4-coord,0.269025
4-coord,0.519409
4-coord,0.432316
4-coord,0.488135
4-coord,0.662565
4-coord,0.657768
4-coord,0.331891
4-coord,0.401126
4-coord,0.657166
4-coord,0.46661
4-coord,0.487357
4-coord,0.441377
4-coord,0.622141
4-coord,0.510062
4-coord,0.568804
4-coord,0.525296
4-coord,0.517023
4-coord,0.448257
4-coord,0.667844
4-coord,0.407845
4-coord,0.673121
4-coord,0.526934
4-coord,0.619419
4-coord,0.533358
4-coord,0.544774
4-coord,0.344839
4-coord,0.582223
4-coord,0.683758
4-coord,0.528615
4-coord,0.43562
4-coord,0.397838
4-coord,0.735958
4-coord,0.438064
4-coord,0.43878
4-coord,0.479065
4-coord,0.530895
4-coord,0.391808
4-coord,0.525134
4-coord,0.654041
4-coord,0.480859
4-coord,0.440635
4-coord,0.398049
4-coord,0.421296
4-coord,0.3642
4-coord,0.54864
4-coord,0.47524
4-coord,0.434361
4-coord,0.711813
4-coord,0.658407
4-coord,0.583036
4-coord,0.629583
4-coord,0.508751
4-coord,0.422285
4-coord,0.527621
4-coord,0.451849
4-coord,0.569593
4-coord,0.469213
4-coord,0.603273
4-coord,0.507652
4-coord,0.635508
4-coord,0.706244
4-coord,0.28441
4-coord,0.719955
4-coord,0.491047
4-coord,0.591016
4-coord,0.396819
4-coord,0.445794
4-coord,0.566055
4-coord,0.33145
4-coord,0.443094
4-coord,0.417413
4-coord,0.364352
4-coord,0.404582
4-coord,0.273833
4-coord,0.459736
4-coord,0.409812
4-coord,0.420482
4-coord,0.417737
4-coord,0.334474
4-coord,0.424027
4-coord,0.696102
4-coord,0.396045
4-coord,0.540266
4-coord,0.637725
4-coord,0.354923
4-coord,0.709392
4-coord,0.342575
4-coord,0.579673
4-coord,0.566724
4-coord,0.593831
4-coord,0.533744
4-coord,0.610576
4-coord,0.635475
4-coord,0.547102
4-coord,0.513526
4-coord,0.524402
4-coord,0.539708
4-coord,0.571428
4-coord,0.595094
4-coord,0.577903
4-coord,0.562156
4-coord,0.461946
4-coord,0.564931
4-coord,0.532934
4-coord,0.579991
4-coord,0.536869
4-coord,0.430896
4-coord,0.361816
4-coord,0.56069
4-coord,0.589722
4-coord,0.309597
4-coord,0.42307
4-coord,0.454973
4-coord,0.589388
4-coord,0.4669
4-coord,0.592333
4-coord,0.539262
4-coord,0.414307
4-coord,0.556129
4-coord,0.451171
4-coord,0.554763
4-coord,0.481274
4-coord,0.439714
4-coord,0.630543
4-coord,0.464603
4-coord,0.464179
4-coord,0.530747
4-coord,0.354434
4-coord,0.42907
4-coord,0.627743
4-coord,0.44485
4-coord,0.272395
4-coord,0.639682
4-coord,0.435772
4-coord,0.440836
4-coord,0.601354
4-coord,0.505116
4-coord,0.507846
4-coord,0.742232
4-coord,0.437699
4-coord,0.483354
4-coord,0.464453
4-coord,0.618124
4-coord,0.439381
4-coord,0.366009
4-coord,0.264884
4-coord,0.530951
4-coord,0.377983
4-coord,0.652175
4-coord,0.45051
4-coord,0.433782
4-coord,0.398515
4-coord,0.288929
4-coord,0.691111
4-coord,0.481329
4-coord,0.5989
4-coord,0.335139
4-coord,0.274329
4-coord,0.475834
4-coord,0.435232
4-coord,0.732844
4-coord,0.621172
4-coord,0.351918
4-coord,0.452341
4-coord,0.549199
4-coord,0.450751
4-coord,0.5071
4-coord,0.567414
4-coord,0.547248
4-coord,0.468198
4-coord,0.637591
4-coord,0.326866
4-coord,0.494626
4-coord,0.513528
4-coord,0.310513
4-coord,0.483139
4-coord,0.553994
4-coord,0.530517
4-coord,0.585417
4-coord,0.618169
4-coord,0.477599
4-coord,0.629918
4-coord,0.685309
4-coord,0.456976
4-coord,0.704589
4-coord,0.635027
4-coord,0.456311
4-coord,0.65462
4-coord,0.456732
4-coord,0.467366
4-coord,0.676376
4-coord,0.634198
4-coord,0.711497
4-coord,0.605909
4-coord,0.614161
4-coord,0.403557
4-coord,0.359528
4-coord,0.591536
4-coord,0.515048
4-coord,0.586386
4-coord,0.402217
4-coord,0.531761
4-coord,0.426354
4-coord,0.385002
4-coord,0.483577
4-coord,0.480464
4-coord,0.479667
4-coord,0.588234
4-coord,0.541351
4-coord,0.580168
4-coord,0.495726
4-coord,0.674713
4-coord,0.415592
4-coord,0.572009
4-coord,0.391591
4-coord,0.499811
4-coord,0.492753
4-coord,0.516558
4-coord,0.524274
4-coord,0.656796
4-coord,0.414615
4-coord,0.643068
4-coord,0.522042
4-coord,0.587801
4-coord,0.517828
4-coord,0.336516
4-coord,0.38854
4-coord,0.511711
4-coord,0.326588
4-coord,0.593156
4-coord,0.504843
4-coord,0.420671
4-coord,0.672525
4-coord,0.370757
4-coord,0.390891
4-coord,0.618829
4-coord,0.475695
4-coord,0.708916
4-coord,0.405062
4-coord,0.514237
4-coord,0.625908
4-coord,0.332368
4-coord,0.527619
4-coord,0.382255
4-coord,0.38533
4-coord,0.677289
4-coord,0.572893
4-coord,0.516155
4-coord,0.457197
4-coord,0.482852
4-coord,0.611651
4-coord,0.589114
4-coord,0.394006
4-coord,0.509226
4-coord,0.736064
4-coord,0.479607
4-coord,0.366983
4-coord,0.602868
4-coord,0.480635
4-coord,0.614728
4-coord,0.49173
4-coord,0.591523
4-coord,0.711204
4-coord,0.546852
4-coord,0.546857
4-coord,0.637637
4-coord,0.540911
4-coord,0.27838
4-coord,0.679177
4-coord,0.583967
4-coord,0.379738
4-coord,0.676858
4-coord,0.43004
4-coord,0.460666
4-coord,0.614736
4-coord,0.324568
4-coord,0.453567
4-coord,0.360307
4-coord,0.550493
4-coord,0.602487
4-coord,0.381656
4-coord,0.650749
4-coord,0.578863
4-coord,0.48699
4-coord,0.620109
4-coord,0.477736
4-coord,0.507377
4-coord,0.31783
4-coord,0.526934
4-coord,0.453714
4-coord,0.451927
4-coord,0.686773
4-coord,0.542521
4-coord,0.580343
4-coord,0.522777
4-coord,0.63454
4-coord,0.529618
4-coord,0.536254
4-coord,0.391289
4-coord,0.654938
4-coord,0.545048
4-coord,0.691748
4-coord,0.588335
4-coord,0.634633
4-coord,0.637068
4-coord,0.706301
4-coord,0.39862
4-coord,0.622614
4-coord,0.616248
4-coord,0.422385
4-coord,0.556079
4-coord,0.464123
4-coord,0.665837
4-coord,0.46483
4-coord,0.525133
4-coord,0.585178
4-coord,0.594844
4-coord,0.61346
4-coord,0.351894
4-coord,0.587913
4-coord,0.687367
4-coord,0.60722
4-coord,0.446575
4-coord,0.638287
4-coord,0.473614
4-coord,0.6685
4-coord,0.595277
4-coord,0.421755
4-coord,0.586117
4-coord,0.514357
4-coord,0.408832
4-coord,0.597973
4-coord,0.589159
4-coord,0.327403
4-coord,0.690038
4-coord,0.343699
4-coord,0.743589
4-coord,0.57678
4-coord,0.53302
4-coord,0.506597
4-coord,0.52349
4-coord,0.427037
4-coord,0.361664
4-coord,0.676691
4-coord,0.650967
4-coord,0.499163
4-coord,0.595097
4-coord,0.548926
4-coord,0.360163
4-coord,0.697178
4-coord,0.399199
4-coord,0.608097
4-coord,0.478089
4-coord,0.415229
4-coord,0.528064
4-coord,0.48309
4-coord,0.481104
4-coord,0.543788
4-coord,0.551459
4-coord,0.500367
4-coord,0.385976
4-coord,0.583087
4-coord,0.526388
4-coord,0.587925
4-coord,0.515431
4-coord,0.478789
4-coord,0.569285
4-coord,0.745217
4-coord,0.654611
4-coord,0.696446
4-coord,0.584757
4-coord,0.472165
4-coord,0.574923
4-coord,0.656078
4-coord,0.544654
4-coord,0.557886
4-coord,0.73502
4-coord,0.695103
4-coord,0.715678
4-coord,0.647831
4-coord,0.739746
4-coord,0.281814
4-coord,0.569249
4-coord,0.694632
4-coord,0.512461
4-coord,0.546682
4-coord,0.556326
4-coord,0.574476
4-coord,0.603665
4-coord,0.749663
4-coord,0.539259
4-coord,0.479311
4-coord,0.401644
4-coord,0.636362
4-coord,0.628807
4-coord,0.605241
4-coord,0.625341
4-coord,0.608249
4-coord,0.472647
4-coord,0.704996
4-coord,0.465795
4-coord,0.646955
4-coord,0.596519
4-coord,0.42117
4-coord,0.433047
4-coord,0.492977
4-coord,0.495375
4-coord,0.745483
4-coord,0.570289
4-coord,0.630772
4-coord,0.643736
4-coord,0.447479
4-coord,0.672596
4-coord,0.607254
4-coord,0.489089
4-coord,0.60411
4-coord,0.673089
4-coord,0.540562
4-coord,0.539914
4-coord,0.514788
4-coord,0.600512
4-coord,0.519298
4-coord,0.419003
4-coord,0.644348
4-coord,0.417322
4-coord,0.519346
4-coord,0.526962
4-coord,0.318984
4-coord,0.695322
4-coord,0.429434
4-coord,0.479056
4-coord,0.530181
4-coord,0.426232
4-coord,0.70694
4-coord,0.409071
4-coord,0.596968
4-coord,0.619197
4-coord,0.593792
4-coord,0.638333
4-coord,0.620574
4-coord,0.378392
4-coord,0.518229
4-coord,0.490338
4-coord,0.563964
4-coord,0.450737
4-coord,0.713561
4-coord,0.520505
4-coord,0.61565
4-coord,0.67784
4-coord,0.544484
4-coord,0.499003
4-coord,0.513027
4-coord,0.548702
4-coord,0.525818
4-coord,0.593964
4-coord,0.426207
4-coord,0.652551
4-coord,0.616045
4-coord,0.59832
4-coord,0.438549
4-coord,0.599064
4-coord,0.499769
4-coord,0.429161
4-coord,0.659329
4-coord,0.522926
4-coord,0.486014
4-coord,0.708918
4-coord,0.48241
4-coord,0.491329
4-coord,0.58827
4-coord,0.594183
4-coord,0.371044
4-coord,0.449874
4-coord,0.677978
4-coord,0.598468
4-coord,0.535924
4-coord,0.565163
4-coord,0.44456
4-coord,0.355537
4-coord,0.36575
4-coord,0.691027
4-coord,0.354133
4-coord,0.542475
4-coord,0.43346
4-coord,0.584013
4-coord,0.572028
4-coord,0.474317
4-coord,0.580657
4-coord,0.5763
4-coord,0.417616
4-coord,0.687709
4-coord,0.406782
4-coord,0.394492
4-coord,0.463953
4-coord,0.462019
4-coord,0.44726
4-coord,0.635614
4-coord,0.485903
4-coord,0.569947
4-coord,0.622088
4-coord,0.643466
4-coord,0.529165
4-coord,0.315347
4-coord,0.628671
4-coord,0.507223
4-coord,0.33744
4-coord,0.330651
4-coord,0.437002
4-coord,0.453684
4-coord,0.504595
4-coord,0.519414
4-coord,0.291725
4-coord,0.40373
4-coord,0.398961
4-coord,0.366212
4-coord,0.424802
4-coord,0.257434
4-coord,0.409562
4-coord,0.519944
4-coord,0.673926
4-coord,0.446292
4-coord,0.496242
4-coord,0.45547
4-coord,0.472288
4-coord,0.462003
4-coord,0.68033
4-coord,0.4973
4-coord,0.57805
4-coord,0.363495
4-coord,0.51528
4-coord,0.514629
4-coord,0.390415
4-coord,0.366183
4-coord,0.377402
4-coord,0.418752
4-coord,0.481893
4-coord,0.309265
4-coord,0.466342
4-coord,0.543275
4-coord,0.394365
4-coord,0.39163
4-coord,0.398144
4-coord,0.646547
4-coord,0.446063
4-coord,0.465827
4-coord,0.540507
4-coord,0.397575
4-coord,0.435108
4-coord,0.658996
4-coord,0.586303
4-coord,0.293148
4-coord,0.382834
4-coord,0.446933
4-coord,0.379851
4-coord,0.449917
4-coord,0.387959
4-coord,0.407863
4-coord,0.399736
4-coord,0.488993
4-coord,0.481603
4-coord,0.404139
4-coord,0.482945
4-coord,0.267868
4-coord,0.35723
4-coord,0.339959
4-coord,0.331305
4-coord,0.342522
4-coord,0.494761
4-coord,0.458837
4-coord,0.567983
4-coord,0.256256
4-coord,0.472986
4-coord,0.747231
4-coord,0.649636
4-coord,0.504357
4-coord,0.641703
4-coord,0.664375
4-coord,0.527245
4-coord,0.613801
4-coord,0.423996
4-coord,0.386815
4-coord,0.330667
4-coord,0.523081
4-coord,0.4649
4-coord,0.367007
4-coord,0.363423
4-coord,0.444297
4-coord,0.572614
4-coord,0.472361
4-coord,0.446722
4-coord,0.373328
4-coord,0.531164
4-coord,0.381344
4-coord,0.607373
4-coord,0.406301
4-coord,0.613484
4-coord,0.431687
4-coord,0.565157
4-coord,0.636577
4-coord,0.465372
4-coord,0.470283
4-coord,0.607905
4-coord,0.542715
4-coord,0.51749
4-coord,0.473448
4-coord,0.583356
4-coord,0.260049
4-coord,0.640406
4-coord,0.600915
4-coord,0.455153
4-coord,0.262584
4-coord,0.433381
4-coord,0.280834
4-coord,0.429414
4-coord,0.491094
4-coord,0.576097
4-coord,0.487605
4-coord,0.537109
4-coord,0.415763
4-coord,0.430344
4-coord,0.641719
4-coord,0.420422
4-coord,0.456583
4-coord,0.544781
4-coord,0.555492
4-coord,0.665394
4-coord,0.582125
4-coord,0.616052
4-coord,0.518367
4-coord,0.480788
4-coord,0.587649
4-coord,0.59231
4-coord,0.459164
4-coord,0.490401
4-coord,0.457576
4-coord,0.498771
4-coord,0.496177
4-coord,0.479697
4-coord,0.611596
4-coord,0.562325
4-coord,0.590548
4-coord,0.745364
4-coord,0.562634
4-coord,0.517215
4-coord,0.621762
4-coord,0.532854
4-coord,0.536285
4-coord,0.363619
4-coord,0.532854
4-coord,0.701321
4-coord,0.510228
4-coord,0.536155
4-coord,0.441541
4-coord,0.438807
4-coord,0.55947
4-coord,0.570225
4-coord,0.526618
4-coord,0.535223
4-coord,0.425904
4-coord,0.417351
4-coord,0.541071
4-coord,0.405216
4-coord,0.36917
4-coord,0.35802
4-coord,0.405826
4-coord,0.415536
4-coord,0.373107
4-coord,0.43412
4-coord,0.435524
4-coord,0.228921
4-coord,0.474096
4-coord,0.520026
4-coord,0.516878
4-coord,0.597258
4-coord,0.405077
4-coord,0.481962
4-coord,0.489663
4-coord,0.323523
4-coord,0.46331
4-coord,0.564269
4-coord,0.47465
4-coord,0.325877
4-coord,0.397841
4-coord,0.441742
4-coord,0.521981
4-coord,0.463242
4-coord,0.395744
4-coord,0.576239
4-coord,0.580651
4-coord,0.671506
4-coord,0.491467
4-coord,0.497453
4-coord,0.659523
4-coord,0.664
4-coord,0.536449
4-coord,0.489773
4-coord,0.649628
4-coord,0.614944
4-coord,0.509818
4-coord,0.504827
4-coord,0.611352
4-coord,0.464937
4-coord,0.587935
4-coord,0.43841
4-coord,0.359373
4-coord,0.613772
4-coord,0.433821
4-coord,0.367007
4-coord,0.424069
4-coord,0.494283
4-coord,0.454214
4-coord,0.576578
4-coord,0.474326
4-coord,0.473031
4-coord,0.512228
4-coord,0.533024
4-coord,0.395946
4-coord,0.441839
4-coord,0.272718
4-coord,0.383186
4-coord,0.455875
4-coord,0.367779
4-coord,0.378017
4-coord,0.452734
4-coord,0.549764
4-coord,0.56296
4-coord,0.542405
4-coord,0.530257
4-coord,0.488587
4-coord,0.513516
4-coord,0.628021
4-coord,0.604474
4-coord,0.493242
4-coord,0.546031
4-coord,0.49917
4-coord,0.503872
4-coord,0.305395
4-coord,0.650889
4-coord,0.468246
4-coord,0.517919
4-coord,0.475154
4-coord,0.599539
4-coord,0.46842
4-coord,0.660723
4-coord,0.534267
4-coord,0.46214
4-coord,0.44916
4-coord,0.483797
4-coord,0.412745
4-coord,0.595656
4-coord,0.373596
4-coord,0.596041
4-coord,0.553583
4-coord,0.449187
4-coord,0.392859
4-coord,0.442483
4-coord,0.36829
4-coord,0.361712
4-coord,0.339288
4-coord,0.512262
4-coord,0.500433
4-coord,0.39932
4-coord,0.20743
4-coord,0.499076
4-coord,0.282982
4-coord,0.398512
4-coord,0.482547
4-coord,0.386843
4-coord,0.495898
4-coord,0.398069
4-coord,0.292846
4-coord,0.193338
4-coord,0.433528
4-coord,0.296082
4-coord,0.412712
4-coord,0.314528
4-coord,0.187398
4-coord,0.131413
4-coord,0.5526
4-coord,0.449615
4-coord,0.342379
4-coord,0.605388
4-coord,0.330254
4-coord,0.46575
4-coord,0.289557
4-coord,0.452808
4-coord,0.495146
4-coord,0.302256
4-coord,0.473454
4-coord,0.412433
4-coord,0.419159
4-coord,0.30948
4-coord,0.408987
4-coord,0.123383
4-coord,0.418232
4-coord,0.512985
4-coord,0.437582
4-coord,0.54628
4-coord,0.601674
4-coord,0.564352
4-coord,0.482932
4-coord,0.584259
4-coord,0.328764
4-coord,0.347276
4-coord,0.382734
4-coord,0.537473
4-coord,0.368124
4-coord,0.465368
4-coord,0.617599
4-coord,0.570905
4-coord,0.373623
4-coord,0.408531
4-coord,0.573978
4-coord,0.391741
4-coord,0.442061
4-coord,0.360086
4-coord,0.454698
4-coord,0.335282
4-coord,0.38005
4-coord,0.236704
4-coord,0.467684
4-coord,0.449177
4-coord,0.422979
4-coord,0.259796
4-coord,0.340196
4-coord,0.29363
4-coord,0.223367
4-coord,0.248896
4-coord,0.391035
4-coord,0.334748
4-coord,0.304243
4-coord,0.515278
4-coord,0.233707
4-coord,0.403652
4-coord,0.330161
4-coord,0.278914
4-coord,0.31343
4-coord,0.301726
4-coord,0.408319
4-coord,0.446601
4-coord,0.493998
4-coord,0.45237
4-coord,0.253643
4-coord,0.418914
4-coord,0.359642
4-coord,0.32108
4-coord,0.373617
4-coord,0.373106
4-coord,0.480471
4-coord,0.484278
4-coord,0.520368
4-coord,0.441056
4-coord,0.555186
4-coord,0.481164
4-coord,0.446627
4-coord,0.547993
4-coord,0.413844
4-coord,0.453085
4-coord,0.419333
4-coord,0.514713
4-coord,0.350623
4-coord,0.321312
4-coord,0.32153
4-coord,0.408138
4-coord,0.55639
4-coord,0.52253
4-coord,0.42301
4-coord,0.309466
4-coord,0.511535
4-coord,0.341259
4-coord,0.450308
4-coord,0.327746
4-coord,0.433956
4-coord,0.497533
4-coord,0.407459
4-coord,0.461682
4-coord,0.452998
4-coord,0.214718
4-coord,0.375456
4-coord,0.386028
4-coord,0.498787
4-coord,0.452754
4-coord,0.339791
4-coord,0.296316
4-coord,0.291301
4-coord,0.392779
4-coord,0.264792
4-coord,0.264311
4-coord,0.352659
4-coord,0.310115
4-coord,0.359378
4-coord,0.279433
4-coord,0.369602
4-coord,0.286273
4-coord,0.394496
4-coord,0.498815
4-coord,0.334275
4-coord,0.577426
4-coord,0.335299
4-coord,0.267762
4-coord,0.176991
4-coord,0.41694
4-coord,0.402282
4-coord,0.320317
4-coord,0.431439
4-coord,0.382325
4-coord,0.396512
4-coord,0.346335
4-coord,0.688148
4-coord,0.316152
4-coord,0.517712
4-coord,0.446124
4-coord,0.506727
4-coord,0.577386
4-coord,0.174699
4-coord,0.201
4-coord,0.468341
4-coord,0.280688
4-coord,0.50618
4-coord,0.467318
4-coord,0.288417
4-coord,0.243771
4-coord,0.504473
4-coord,0.391299
4-coord,0.508051
4-coord,0.409242
4-coord,0.574362
4-coord,0.311804
4-coord,0.370877
4-coord,0.366592
4-coord,0.371503
4-coord,0.37697
4-coord,0.408697
4-coord,0.527395
4-coord,0.549907
4-coord,0.425455
4-coord,0.64951
4-coord,0.523208
4-coord,0.417003
4-coord,0.220373
4-coord,0.314858
4-coord,0.2364
4-coord,0.491761
4-coord,0.345814
4-coord,0.327973
4-coord,0.296206
4-coord,0.244673
4-coord,0.283242
4-coord,0.231268
4-coord,0.263086
4-coord,0.463881
4-coord,0.347497
4-coord,0.556471
4-coord,0.241946
4-coord,0.224324
4-coord,0.38696
4-coord,0.391788
4-coord,0.410452
4-coord,0.311995
4-coord,0.253086
4-coord,0.233839
4-coord,0.333936
4-coord,0.296144
4-coord,0.483841
4-coord,0.419682
4-coord,0.452791
4-coord,0.364352
4-coord,0.282174
4-coord,0.473124
4-coord,0.435093
4-coord,0.197551
4-coord,0.240484
4-coord,0.511257
4-coord,0.375513
4-coord,0.223213
4-coord,0.436343
4-coord,0.454276
4-coord,0.31188
4-coord,0.49632
4-coord,0.318642
4-coord,0.493104
4-coord,0.422853
4-coord,0.499101
4-coord,0.3302
4-coord,0.596991
4-coord,0.293195
4-coord,0.516517
4-coord,0.271633
4-coord,0.36002
4-coord,0.685912
4-coord,0.589033
4-coord,0.55635
4-coord,0.457973
4-coord,0.495932
4-coord,0.479575
4-coord,0.258451
4-coord,0.424555
4-coord,0.428411
4-coord,0.456037
4-coord,0.373356
4-coord,0.568575
4-coord,0.389952
4-coord,0.385833
4-coord,0.447058
4-coord,0.330459
4-coord,0.418761
4-coord,0.457637
4-coord,0.203388
4-coord,0.447713
4-coord,0.205714
4-coord,0.164272
4-coord,0.428842
4-coord,0.319901
4-coord,0.345958
4-coord,0.318526
4-coord,0.389949
4-coord,0.354532
4-coord,0.332808
4-coord,0.247405
4-coord,0.614702
4-coord,0.500144
4-coord,0.486632
4-coord,0.369976
4-coord,0.531138
4-coord,0.603062
4-coord,0.505981
4-coord,0.346316
4-coord,0.376104
4-coord,0.301489
4-coord,0.445388
4-coord,0.557725
4-coord,0.299161
4-coord,0.224968
4-coord,0.596291
4-coord,0.642923
4-coord,0.359553
4-coord,0.491029
4-coord,0.43367
4-coord,0.457924
4-coord,0.218363
4-coord,0.36814
4-coord,0.437606
4-coord,0.529611
4-coord,0.412549
4-coord,0.540678
4-coord,0.546204
4-coord,0.531529
4-coord,0.288577
4-coord,0.377328
4-coord,0.435494
4-coord,0.658764
4-coord,0.623525
4-coord,0.502298
4-coord,0.470202
4-coord,0.43571
4-coord,0.337173
4-coord,0.487695
4-coord,0.382326
4-coord,0.432977
4-coord,0.430118
4-coord,0.50593
4-coord,0.293596
4-coord,0.290385
4-coord,0.396082
4-coord,0.448439
4-coord,0.459618
4-coord,0.37208
4-coord,0.452957
4-coord,0.242068
4-coord,0.365961
4-coord,0.317238
4-coord,0.418115
4-coord,0.238901
4-coord,0.273485
4-coord,0.47064
4-coord,0.492292
4-coord,0.287124
4-coord,0.515035
4-coord,0.397404
4-coord,0.579753
4-coord,0.464782
4-coord,0.512766
4-coord,0.556589
4-coord,0.301483
4-coord,0.46414
4-coord,0.386451
4-coord,0.514927
4-coord,0.257929
4-coord,0.353932
4-coord,0.432481
4-coord,0.608573
4-coord,0.324219
4-coord,0.40638
4-coord,0.39514
4-coord,0.539328
4-coord,0.264221
4-coord,0.429836
4-coord,0.476326
4-coord,0.492418
4-coord,0.537786
4-coord,0.488256
4-coord,0.599585
4-coord,0.45438
4-coord,0.56641
4-coord,0.524042
4-coord,0.599066
4-coord,0.50009
4-coord,0.403092
4-coord,0.470902
4-coord,0.343703
4-coord,0.53659
4-coord,0.510315
4-coord,0.441623
4-coord,0.37405
4-coord,0.431817
4-coord,0.351652
4-coord,0.424427
4-coord,0.415135
4-coord,0.38898
4-coord,0.496621
4-coord,0.521742
4-coord,0.416968
4-coord,0.438632
4-coord,0.269366
4-coord,0.308758
4-coord,0.321804
4-coord,0.24143
4-coord,0.23973
4-coord,0.330533
4-coord,0.258567
4-coord,0.320208
4-coord,0.370131
4-coord,0.543291
4-coord,0.605695
4-coord,0.654508
4-coord,0.410249
4-coord,0.491456
4-coord,0.48352
4-coord,0.473351
4-coord,0.432856
4-coord,0.253177
4-coord,0.273792
4-coord,0.334862
4-coord,0.350728
4-coord,0.38275
4-coord,0.495374
4-coord,0.672042
4-coord,0.5232
4-coord,0.478766
4-coord,0.667475
4-coord,0.512087
4-coord,0.540645
4-coord,0.44649
4-coord,0.41715
4-coord,0.414777
4-coord,0.371138
4-coord,0.413898
4-coord,0.550276
4-coord,0.524359
4-coord,0.436638
4-coord,0.36476
4-coord,0.58627
4-coord,0.418237
4-coord,0.454981
4-coord,0.412903
4-coord,0.372738
4-coord,0.25026
4-coord,0.369685
4-coord,0.348201
4-coord,0.355084
4-coord,0.33468
4-coord,0.368646
4-coord,0.411937
4-coord,0.42226
4-coord,0.316804
4-coord,0.41207
4-coord,0.395379
4-coord,0.309498
4-coord,0.380688
4-coord,0.23725
4-coord,0.496717
4-coord,0.406844
4-coord,0.230857
4-coord,0.283997
4-coord,0.407274
4-coord,0.239986
4-coord,0.485447
4-coord,0.292465
4-coord,0.323923
4-coord,0.282596
4-coord,0.407845
4-coord,0.346767
4-coord,0.313871
4-coord,0.391225
4-coord,0.565188
4-coord,0.266417
4-coord,0.260644
4-coord,0.271954
4-coord,0.296452
4-coord,0.511337
4-coord,0.548708
4-coord,0.647068
4-coord,0.468644
4-coord,0.530163
4-coord,0.341252
4-coord,0.466235
4-coord,0.518789
4-coord,0.482206
4-coord,0.496455
4-coord,0.431305
4-coord,0.441169
4-coord,0.439606
4-coord,0.371727
4-coord,0.644418
4-coord,0.46772
4-coord,0.439573
4-coord,0.52734
4-coord,0.665812
4-coord,0.486245
4-coord,0.284664
4-coord,0.149671
4-coord,0.426291
4-coord,0.386252
4-coord,0.383384
4-coord,0.44961
4-coord,0.478616
4-coord,0.452096
4-coord,0.31899
4-coord,0.655748
4-coord,0.28381
4-coord,0.482117
4-coord,0.598228
4-coord,0.305077
4-coord,0.409898
4-coord,0.305781
4-coord,0.284521
4-coord,0.252573
4-coord,0.502117
4-coord,0.356975
4-coord,0.441547
4-coord,0.356513
4-coord,0.514843
4-coord,0.323898
4-coord,0.48151
4-coord,0.553207
4-coord,0.452452
4-coord,0.268393
4-coord,0.497675
4-coord,0.439951
4-coord,0.532743
4-coord,0.419036
4-coord,0.244292
4-coord,0.241986
4-coord,0.326854
4-coord,0.256089
4-coord,0.405533
4-coord,0.317482
4-coord,0.476118
4-coord,0.437086
4-coord,0.399751
4-coord,0.737149
4-coord,0.233592
4-coord,0.626517
4-coord,0.477962
4-coord,0.420484
4-coord,0.481387
4-coord,0.475171
4-coord,0.399737
4-coord,0.528882
4-coord,0.541623
4-coord,0.464445
4-coord,0.420176
4-coord,0.417237
4-coord,0.585893
4-coord,0.351687
4-coord,0.576409
4-coord,0.47269
4-coord,0.401399
4-coord,0.352099
4-coord,0.285571
4-coord,0.539342
4-coord,0.258121
4-coord,0.397465
4-coord,0.319911
4-coord,0.431034
4-coord,0.423686
4-coord,0.35247
4-coord,0.46878
4-coord,0.280039
4-coord,0.326161
4-coord,0.315579
4-coord,0.442596
4-coord,0.354692
4-coord,0.447766
4-coord,0.457955
4-coord,0.466944
4-coord,0.326615
4-coord,0.372598
4-coord,0.301403
4-coord,0.2796
4-coord,0.313094
4-coord,0.375273
4-coord,0.480559
4-coord,0.554121
4-coord,0.444526
4-coord,0.51237
4-coord,0.360503
4-coord,0.285819
4-coord,0.397864
4-coord,0.506097
4-coord,0.37341
4-coord,0.527405
4-coord,0.361499
4-coord,0.28617
4-coord,0.61708
4-coord,0.365466
4-coord,0.474251
4-coord,0.356001
4-coord,0.463446
4-coord,0.453689
4-coord,0.455966
4-coord,0.563179
4-coord,0.626706
4-coord,0.389158
4-coord,0.33938
4-coord,0.279407
4-coord,0.609732
4-coord,0.600542
4-coord,0.537229
4-coord,0.408091
4-coord,0.579354
4-coord,0.375824
4-coord,0.385747
4-coord,0.261366
4-coord,0.469526
4-coord,0.385143
4-coord,0.260749
4-coord,0.442133
4-coord,0.293499
4-coord,0.444148
4-coord,0.160256
4-coord,0.330267
4-coord,0.419656
4-coord,0.446732
4-coord,0.47481
4-coord,0.213904
4-coord,0.329799
4-coord,0.497943
4-coord,0.391764
4-coord,0.387855
4-coord,0.396267
4-coord,0.560518
4-coord,0.291432
4-coord,0.464541
4-coord,0.385826
4-coord,0.509726
4-coord,0.369316
4-coord,0.450758
4-coord,0.446556
4-coord,0.285571
4-coord,0.432796
4-coord,0.420582
4-coord,0.634604
4-coord,0.386139
4-coord,0.38413
4-coord,0.332316
4-coord,0.420492
4-coord,0.381974
4-coord,0.494217
4-coord,0.371283
4-coord,0.515895
4-coord,0.484004
4-coord,0.658192
4-coord,0.267917
4-coord,0.394808
4-coord,0.34732
4-coord,0.448981
4-coord,0.34343
4-coord,0.46863
4-coord,0.431573
4-coord,0.402687
4-coord,0.400242
4-coord,0.492475
4-coord,0.33902
4-coord,0.486401
4-coord,0.530196
4-coord,0.415768
4-coord,0.390135
4-coord,0.592681
4-coord,0.421286
4-coord,0.401597
4-coord,0.187922
4-coord,0.207952
4-coord,0.429234
4-coord,0.329811
4-coord,0.483752
4-coord,0.327628
4-coord,0.464142
4-coord,0.31658
4-coord,0.621103
4-coord,0.453672
4-coord,0.470499
4-coord,0.616121
4-coord,0.477157
4-coord,0.570806
4-coord,0.494962
4-coord,0.502285
4-coord,0.320608
4-coord,0.565261
4-coord,0.394645
4-coord,0.397189
4-coord,0.250569
4-coord,0.381263
4-coord,0.390019
4-coord,0.372076
4-coord,0.473171
4-coord,0.466535
4-coord,0.575264
4-coord,0.3159
4-coord,0.551841
4-coord,0.50593
4-coord,0.479286
4-coord,0.425832
4-coord,0.437343
4-coord,0.347226
4-coord,0.275827
4-coord,0.320048
4-coord,0.294942
4-coord,0.475361
4-coord,0.609621
4-coord,0.457089
4-coord,0.492469
4-coord,0.442094
4-coord,0.510323
4-coord,0.3604
4-coord,0.390193
4-coord,0.476357
4-coord,0.315297
4-coord,0.368102
4-coord,0.350075
4-coord,0.532723
4-coord,0.383612
4-coord,0.514351
4-coord,0.364904
4-coord,0.61815
4-coord,0.4238
4-coord,0.347636
4-coord,0.555579
4-coord,0.360106
4-coord,0.295163
4-coord,0.390443
4-coord,0.426595
4-coord,0.365262
4-coord,0.627358
4-coord,0.462329
4-coord,0.492482
4-coord,0.398612
4-coord,0.452714
4-coord,0.379777
4-coord,0.37485
4-coord,0.357133
4-coord,0.305
4-coord,0.367234
4-coord,0.513271
4-coord,0.372013
4-coord,0.345072
4-coord,0.430324
4-coord,0.287478
4-coord,0.503573
4-coord,0.516699
4-coord,0.509555
4-coord,0.492387
4-coord,0.479398
4-coord,0.518505
4-coord,0.44521
4-coord,0.578887
4-coord,0.578011
4-coord,0.567034
4-coord,0.513613
4-coord,0.447973
4-coord,0.594856
4-coord,0.623962
4-coord,0.614856
4-coord,0.650242
4-coord,0.460744
4-coord,0.438099
4-coord,0.36311
4-coord,0.447735
4-coord,0.570934
4-coord,0.438575
4-coord,0.374055
4-coord,0.37036
4-coord,0.438022
4-coord,0.401858
4-coord,0.423469
4-coord,0.360663
4-coord,0.476747
4-coord,0.464493
4-coord,0.45356
4-coord,0.438059
4-coord,0.454727
4-coord,0.578483
4-coord,0.384626
4-coord,0.345761
4-coord,0.28543
4-coord,0.340339
4-coord,0.316174
4-coord,0.370017
4-coord,0.442918
4-coord,0.346585
4-coord,0.301691
4-coord,0.443282
4-coord,0.333813
4-coord,0.446434
4-coord,0.372051
4-coord,0.198689
4-coord,0.299414
4-coord,0.233105
4-coord,0.305663
4-coord,0.275508
4-coord,0.27886
4-coord,0.426908
4-coord,0.34735
4-coord,0.364038
4-coord,0.437394
4-coord,0.271032
4-coord,0.458575
4-coord,0.450992
4-coord,0.577995
4-coord,0.374418
4-coord,0.558336
4-coord,0.498853
4-coord,0.519103
4-coord,0.622047
4-coord,0.614692
4-coord,0.435676
4-coord,0.427922
4-coord,0.324229
4-coord,0.559382
4-coord,0.37147
4-coord,0.353438
4-coord,0.493558
4-coord,0.529478
4-coord,0.397957
4-coord,0.593723
4-coord,0.487308
4-coord,0.420551
4-coord,0.514375
4-coord,0.432162
4-coord,0.229886
4-coord,0.355136
4-coord,0.432679
4-coord,0.490408
4-coord,0.348155
4-coord,0.404223
4-coord,0.535549
4-coord,0.432323
4-coord,0.548637
4-coord,0.445781
4-coord,0.541999
4-coord,0.655426
4-coord,0.396774
4-coord,0.515014
4-coord,0.491116
4-coord,0.308236
4-coord,0.248899
4-coord,0.327092
4-coord,0.423747
4-coord,0.416752
4-coord,0.350406
4-coord,0.30394
4-coord,0.440022
4-coord,0.266755
4-coord,0.332887
4-coord,0.364503
4-coord,0.356034
4-coord,0.327817
4-coord,0.493834
4-coord,0.423336
4-coord,0.467209
4-coord,0.367932
4-coord,0.421742
4-coord,0.463338
4-coord,0.344024
4-coord,0.556377
4-coord,0.618162
4-coord,0.445497
4-coord,0.431813
4-coord,0.532601
4-coord,0.400267
4-coord,0.557309
4-coord,0.720483
4-coord,0.704
4-coord,0.505878
4-coord,0.55775
4-coord,0.396731
4-coord,0.61612
4-coord,0.633827
4-coord,0.506608
4-coord,0.301504
4-coord,0.406394
4-coord,0.471009
4-coord,0.358957
4-coord,0.459022
4-coord,0.520471
4-coord,0.419011
4-coord,0.39863
4-coord,0.571637
4-coord,0.535595
4-coord,0.539486
4-coord,0.410638
4-coord,0.321723
4-coord,0.410623
4-coord,0.469614
4-coord,0.409515
4-coord,0.38975
4-coord,0.379834
4-coord,0.452921
4-coord,0.363091
4-coord,0.292793
4-coord,0.336686
4-coord,0.41198
4-coord,0.353275
4-coord,0.327503
4-coord,0.499976
4-coord,0.339849
4-coord,0.395311
4-coord,0.227928
4-coord,0.594461
4-coord,0.392729
4-coord,0.281029
4-coord,0.404415
4-coord,0.409973
4-coord,0.448889
4-coord,0.504579
4-coord,0.465194
4-coord,0.679866
4-coord,0.651603
4-coord,0.392346
4-coord,0.438946
4-coord,0.428485
4-coord,0.491844
4-coord,0.616057
4-coord,0.501074
4-coord,0.554495
4-coord,0.519742
4-coord,0.60987
4-coord,0.543113
4-coord,0.594979
4-coord,0.571008
4-coord,0.60726
4-coord,0.676156
4-coord,0.372471
4-coord,0.450634
4-coord,0.521161
4-coord,0.47287
4-coord,0.462857
4-coord,0.481991
4-coord,0.44521
4-coord,0.504093
4-coord,0.38898
4-coord,0.454932
4-coord,0.369216
4-coord,0.402084
4-coord,0.378648
4-coord,0.333037
4-coord,0.34358
4-coord,0.425366
4-coord,0.367764
4-coord,0.578702
4-coord,0.493699
4-coord,0.464231
4-coord,0.386513
4-coord,0.418509
4-coord,0.306304
4-coord,0.356468
4-coord,0.356921
4-coord,0.412683
4-coord,0.434215
4-coord,0.385542
4-coord,0.471112
4-coord,0.474013
4-coord,0.430874
4-coord,0.425118
4-coord,0.486531
4-coord,0.404341
4-coord,0.49494
4-coord,0.55905
4-coord,0.508964
4-coord,0.388967
4-coord,0.380865
4-coord,0.425155
4-coord,0.529579
4-coord,0.527832
4-coord,0.516315
4-coord,0.57301
4-coord,0.548117
4-coord,0.693034
4-coord,0.476436
4-coord,0.570466
4-coord,0.53645
4-coord,0.4051
4-coord,0.513097
4-coord,0.435528
4-coord,0.661401
4-coord,0.472581
4-coord,0.548118
4-coord,0.565133
4-coord,0.456506
4-coord,0.586022
4-coord,0.497802
4-coord,0.403787
4-coord,0.324489
4-coord,0.286864
4-coord,0.378886
4-coord,0.551869
4-coord,0.419755
4-coord,0.405538
4-coord,0.526372
4-coord,0.496433
4-coord,0.358637
4-coord,0.46391
4-coord,0.554562
4-coord,0.373445
4-coord,0.538351
4-coord,0.404906
4-coord,0.567375
4-coord,0.344669
4-coord,0.323741
4-coord,0.297346
4-coord,0.336304
4-coord,0.427147
4-coord,0.524386
4-coord,0.413633
4-coord,0.321808
4-coord,0.382482
4-coord,0.382381
4-coord,0.383691
4-coord,0.409162
4-coord,0.369597
4-coord,0.311393
4-coord,0.321366
4-coord,0.369697
4-coord,0.396054
4-coord,0.377772
4-coord,0.342886
4-coord,0.426343
4-coord,0.383147
4-coord,0.613588
4-coord,0.620314
4-coord,0.429323
4-coord,0.489621
4-coord,0.601498
4-coord,0.61018
4-coord,0.581328
4-coord,0.48247
4-coord,0.59736
4-coord,0.70497
4-coord,0.527145
4-coord,0.510678
4-coord,0.513746
4-coord,0.659586
4-coord,0.514591
4-coord,0.522446
4-coord,0.602437
4-coord,0.539093
4-coord,0.458473
4-coord,0.515702
4-coord,0.368926
4-coord,0.370063
4-coord,0.383013
4-coord,0.457533
4-coord,0.415418
4-coord,0.412067
4-coord,0.464959
4-coord,0.293876
4-coord,0.584432
4-coord,0.429489
4-coord,0.49211
4-coord,0.431053
4-coord,0.426401
4-coord,0.578141
4-coord,0.59088
4-coord,0.408695
4-coord,0.501108
4-coord,0.366636
4-coord,0.385389
4-coord,0.339996
4-coord,0.395803
4-coord,0.447922
4-coord,0.278639
4-coord,0.396195
4-coord,0.346211
4-coord,0.462689
4-coord,0.411529
4-coord,0.277838
4-coord,0.342753
4-coord,0.445573
4-coord,0.493781
4-coord,0.418052
4-coord,0.485773
4-coord,0.407609
4-coord,0.351405
4-coord,0.375618
4-coord,0.35922
4-coord,0.451554
4-coord,0.268951
4-coord,0.551736
4-coord,0.674873
4-coord,0.583658
4-coord,0.520966
4-coord,0.584042
4-coord,0.542667
4-coord,0.541798
4-coord,0.540925
4-coord,0.585622
4-coord,0.479405
4-coord,0.597602
4-coord,0.611867
4-coord,0.584689
4-coord,0.490092
4-coord,0.48817
4-coord,0.408532
4-coord,0.38309
4-coord,0.342555
4-coord,0.413193
4-coord,0.558323
4-coord,0.483313
4-coord,0.391742
4-coord,0.317685
4-coord,0.541525
4-coord,0.637178
4-coord,0.429205
4-coord,0.487524
4-coord,0.472731
4-coord,0.501494
4-coord,0.497193
4-coord,0.543752
4-coord,0.36533
4-coord,0.335044
4-coord,0.365785
4-coord,0.489944
4-coord,0.50087
4-coord,0.523772
4-coord,0.378298
4-coord,0.317461
4-coord,0.416979
4-coord,0.248863
4-coord,0.321116
4-coord,0.387259
4-coord,0.490055
4-coord,0.39836
4-coord,0.641135
4-coord,0.425315
4-coord,0.402076
4-coord,0.36124
4-coord,0.384904
4-coord,0.494254
4-coord,0.551049
4-coord,0.425831
4-coord,0.492117
4-coord,0.598243
4-coord,0.425019
4-coord,0.499317
4-coord,0.472525
4-coord,0.60861
4-coord,0.6431
4-coord,0.587432
4-coord,0.736356
4-coord,0.562517
4-coord,0.54959
4-coord,0.555682
4-coord,0.342318
4-coord,0.550655
4-coord,0.560331
4-coord,0.470808
4-coord,0.39731
4-coord,0.458915
4-coord,0.379249
4-coord,0.504399
4-coord,0.400213
4-coord,0.733063
4-coord,0.383171
4-coord,0.577786
4-coord,0.579991
4-coord,0.42774
4-coord,0.575928
4-coord,0.455391
4-coord,0.30443
4-coord,0.513211
4-coord,0.39063
4-coord,0.513458
4-coord,0.356947
4-coord,0.493579
4-coord,0.527816
4-coord,0.417527
4-coord,0.547269
4-coord,0.395731
4-coord,0.666884
4-coord,0.43506
4-coord,0.509184
4-coord,0.406433
4-coord,0.490689
4-coord,0.438005
4-coord,0.488924
4-coord,0.366189
4-coord,0.223097
4-coord,0.435519
4-coord,0.438729
4-coord,0.508837
4-coord,0.526282
4-coord,0.254712
4-coord,0.286761
4-coord,0.593852
4-coord,0.36397
4-coord,0.432342
4-coord,0.51591
4-coord,0.430178
4-coord,0.548898
4-coord,0.46288
4-coord,0.440504
4-coord,0.533045
4-coord,0.573197
4-coord,0.271554
4-coord,0.70026
4-coord,0.622984
4-coord,0.618004
4-coord,0.501015
4-coord,0.591108
4-coord,0.571845
4-coord,0.448657
4-coord,0.53737
4-coord,0.31592
4-coord,0.733699
4-coord,0.448732
4-coord,0.501039
4-coord,0.691119
4-coord,0.625564
4-coord,0.407844
4-coord,0.257297
4-coord,0.433409
4-coord,0.624386
4-coord,0.513657
4-coord,0.314636
4-coord,0.407947
4-coord,0.389785
4-coord,0.470852
4-coord,0.604851
4-coord,0.455334
4-coord,0.417419
4-coord,0.498409
4-coord,0.404935
4-coord,0.544867
4-coord,0.368389
4-coord,0.284609
4-coord,0.446421
4-coord,0.263074
4-coord,0.447967
4-coord,0.384081
4-coord,0.185265
4-coord,0.336853
4-coord,0.456149
4-coord,0.351225
4-coord,0.320341
4-coord,0.335246
4-coord,0.23838
4-coord,0.304497
4-coord,0.47046
4-coord,0.525395
4-coord,0.353827
4-coord,0.365602
4-coord,0.391928
4-coord,0.303355
4-coord,0.523029
4-coord,0.548098
4-coord,0.696471
4-coord,0.564038
4-coord,0.49554
4-coord,0.540678
4-coord,0.584534
4-coord,0.62602
4-coord,0.600269
4-coord,0.511097
4-coord,0.629938
4-coord,0.638137
4-coord,0.549531
4-coord,0.527415
4-coord,0.526984
4-coord,0.524341
4-coord,0.378382
4-coord,0.546626
4-coord,0.533011
4-coord,0.470581
4-coord,0.576996
4-coord,0.51694
4-coord,0.521169
4-coord,0.449888
4-coord,0.525088
4-coord,0.47996
4-coord,0.523092
4-coord,0.313484
4-coord,0.592563
4-coord,0.450227
4-coord,0.305777
4-coord,0.402063
4-coord,0.531128
4-coord,0.449008
4-coord,0.439537
4-coord,0.366925
4-coord,0.385714
4-coord,0.428536
4-coord,0.47915
4-coord,0.408096
4-coord,0.310209
4-coord,0.394406
4-coord,0.323983
4-coord,0.250821
4-coord,0.357783
4-coord,0.291328
4-coord,0.202623
4-coord,0.398495
4-coord,0.421518
4-coord,0.449712
4-coord,0.486869
4-coord,0.423021
4-coord,0.380643
4-coord,0.53326
4-coord,0.492153
4-coord,0.662162
4-coord,0.610632
4-coord,0.495909
4-coord,0.458533
4-coord,0.494324
4-coord,0.700414
4-coord,0.640458
4-coord,0.544707
4-coord,0.713936
4-coord,0.418867
4-coord,0.67749
4-coord,0.592438
4-coord,0.719709
4-coord,0.476516
4-coord,0.465288
4-coord,0.62577
4-coord,0.563023
4-coord,0.522616
4-coord,0.521581
4-coord,0.399552
4-coord,0.324472
4-coord,0.386618
4-coord,0.501892
4-coord,0.344029
4-coord,0.383335
4-coord,0.327461
4-coord,0.494435
4-coord,0.438331
4-coord,0.35293
4-coord,0.406276
4-coord,0.499852
4-coord,0.417749
4-coord,0.441679
4-coord,0.43652
4-coord,0.321884
4-coord,0.230533
4-coord,0.404769
4-coord,0.30619
4-coord,0.185992
4-coord,0.42045
4-coord,0.41959
4-coord,0.350694
4-coord,0.494069
4-coord,0.451182
4-coord,0.359895
4-coord,0.312701
4-coord,0.285688
4-coord,0.461792
4-coord,0.59815
4-coord,0.530139
4-coord,0.454819
4-coord,0.345703
4-coord,0.455478
4-coord,0.525182
4-coord,0.672097
4-coord,0.486663
4-coord,0.624047
4-coord,0.511995
4-coord,0.474874
4-coord,0.679615
4-coord,0.729904
4-coord,0.588412
4-coord,0.680005
4-coord,0.605276
4-coord,0.587276
4-coord,0.672075
4-coord,0.473382
4-coord,0.546881
4-coord,0.464738
4-coord,0.65138
4-coord,0.43516
4-coord,0.440985
4-coord,0.374896
4-coord,0.42711
4-coord,0.385844
4-coord,0.507559
4-coord,0.267084
4-coord,0.407274
4-coord,0.614695
4-coord,0.521875
4-coord,0.249259
4-coord,0.394688
4-coord,0.474508
4-coord,0.552382
4-coord,0.428105
4-coord,0.408923
4-coord,0.198129
4-coord,0.497708
4-coord,0.384711
4-coord,0.392435
4-coord,0.448818
4-coord,0.267871
4-coord,0.328346
4-coord,0.463698
4-coord,0.411899
4-coord,0.297887
4-coord,0.439296
4-coord,0.272363
4-coord,0.331357
4-coord,0.431093
4-coord,0.376822
4-coord,0.355736
4-coord,0.398801
4-coord,0.323756
4-coord,0.324534
4-coord,0.477867
4-coord,0.412301
4-coord,0.684699
4-coord,0.530673
4-coord,0.541134
4-coord,0.563016
4-coord,0.718371
4-coord,0.507082
4-coord,0.50025
4-coord,0.680127
4-coord,0.649374
4-coord,0.623502
4-coord,0.611426
4-coord,0.470897
4-coord,0.509575
4-coord,0.532954
4-coord,0.702588
4-coord,0.430107
4-coord,0.431668
4-coord,0.486068
4-coord,0.450573
4-coord,0.395254
4-coord,0.407515
4-coord,0.409056
4-coord,0.262964
4-coord,0.534031
4-coord,0.367998
4-coord,0.426811
4-coord,0.410434
4-coord,0.41864
4-coord,0.398522
4-coord,0.306576
4-coord,0.382437
4-coord,0.407231
4-coord,0.502199
4-coord,0.387802
4-coord,0.564966
4-coord,0.355339
4-coord,0.274601
4-coord,0.371348
4-coord,0.593087
4-coord,0.460967
4-coord,0.369184
4-coord,0.387086
4-coord,0.4596
4-coord,0.395983
4-coord,0.279519
4-coord,0.50683
4-coord,0.423028
4-coord,0.416394
4-coord,0.340373
4-coord,0.581905
4-coord,0.529277
4-coord,0.453839
4-coord,0.297995
4-coord,0.478454
4-coord,0.481467
4-coord,0.627094
4-coord,0.597888
4-coord,0.423826
4-coord,0.517359
4-coord,0.601981
4-coord,0.580661
4-coord,0.598298
4-coord,0.630536
4-coord,0.487918
4-coord,0.618423
4-coord,0.52567
4-coord,0.662423
4-coord,0.50786
4-coord,0.666293
4-coord,0.604548
4-coord,0.376036
4-coord,0.592716
4-coord,0.340873
4-coord,0.488779
4-coord,0.496892
4-coord,0.387581
4-coord,0.561956
4-coord,0.418374
4-coord,0.488065
4-coord,0.441711
4-coord,0.463329
4-coord,0.560007
4-coord,0.485589
4-coord,0.56693
4-coord,0.398174
4-coord,0.345294
4-coord,0.275591
4-coord,0.261514
4-coord,0.375779
4-coord,0.469626
4-coord,0.378477
4-coord,0.375047
4-coord,0.326852
4-coord,0.382104
4-coord,0.463722
4-coord,0.45411
4-coord,0.269006
4-coord,0.377242
4-coord,0.385455
4-coord,0.31347
4-coord,0.369122
4-coord,0.480182
4-coord,0.285325
4-coord,0.28733
4-coord,0.42608
4-coord,0.303104
4-coord,0.339986
4-coord,0.289587
4-coord,0.416278
4-coord,0.440726
4-coord,0.386173
4-coord,0.32554
4-coord,0.352167
4-coord,0.590008
4-coord,0.646412
4-coord,0.746417
4-coord,0.676921
4-coord,0.639831
4-coord,0.572938
4-coord,0.656815
4-coord,0.493549
4-coord,0.605724
4-coord,0.370375
4-coord,0.613539
4-coord,0.630485
4-coord,0.561822
4-coord,0.60607
4-coord,0.621519
4-coord,0.454005
4-coord,0.456876
4-coord,0.561839
4-coord,0.424624
4-coord,0.358097
4-coord,0.264718
4-coord,0.40833
4-coord,0.539558
4-coord,0.581729
4-coord,0.396619
4-coord,0.363578
4-coord,0.24598
4-coord,0.430806
4-coord,0.394844
4-coord,0.52022
4-coord,0.417855
4-coord,0.203306
4-coord,0.388229
4-coord,0.456424
4-coord,0.465196
4-coord,0.266054
4-coord,0.481414
4-coord,0.295633
4-coord,0.324732
4-coord,0.400115
4-coord,0.28267
4-coord,0.254711
4-coord,0.358291
4-coord,0.428035
4-coord,0.250578
4-coord,0.317671
4-coord,0.302654
4-coord,0.342761
4-coord,0.304836
4-coord,0.487755
4-coord,0.371571
4-coord,0.413046
4-coord,0.418292
4-coord,0.508177
4-coord,0.261985
4-coord,0.263167
4-coord,0.325125
4-coord,0.52529
4-coord,0.242043
4-coord,0.446171
4-coord,0.499679
4-coord,0.586307
4-coord,0.326329
4-coord,0.487101
4-coord,0.501256
4-coord,0.49458
4-coord,0.744135
4-coord,0.484924
4-coord,0.535257
4-coord,0.531541
4-coord,0.612946
4-coord,0.528376
4-coord,0.599226
4-coord,0.592655
4-coord,0.366092
4-coord,0.589891
4-coord,0.475685
4-coord,0.511426
4-coord,0.516955
4-coord,0.372847
4-coord,0.340651
4-coord,0.252195
4-coord,0.359296
4-coord,0.351403
4-coord,0.354624
4-coord,0.339185
4-coord,0.425705
4-coord,0.327439
4-coord,0.604471
4-coord,0.597913
4-coord,0.459708
4-coord,0.206241
4-coord,0.561735
4-coord,0.564671
4-coord,0.515277
4-coord,0.457183
4-coord,0.338042
4-coord,0.244333
4-coord,0.349528
4-coord,0.46446
4-coord,0.293862
4-coord,0.205314
4-coord,0.289612
4-coord,0.45278
4-coord,0.491177
4-coord,0.256737
4-coord,0.275794
4-coord,0.388558
4-coord,0.367941
4-coord,0.325677
4-coord,0.362231
4-coord,0.475503
4-coord,0.378614
4-coord,0.410698
4-coord,0.280394
4-coord,0.541918
4-coord,0.534236
4-coord,0.594563
4-coord,0.618492
4-coord,0.453121
4-coord,0.625486
4-coord,0.404561
4-coord,0.580577
4-coord,0.556798
4-coord,0.467012
4-coord,0.471361
4-coord,0.415503
4-coord,0.602663
4-coord,0.500559
4-coord,0.452294
4-coord,0.469937
4-coord,0.543048
4-coord,0.67638
4-coord,0.557299
4-coord,0.586781
4-coord,0.5023
4-coord,0.323587
4-coord,0.43747
4-coord,0.482612
4-coord,0.466005
4-coord,0.487131
4-coord,0.532875
4-coord,0.511037
4-coord,0.414195
4-coord,0.423233
4-coord,0.465821
4-coord,0.429102
4-coord,0.611855
4-coord,0.488436
4-coord,0.3426
4-coord,0.375019
4-coord,0.301084
4-coord,0.400856
4-coord,0.485276
4-coord,0.274749
4-coord,0.434855
4-coord,0.43556
4-coord,0.418005
4-coord,0.39898
4-coord,0.510481
4-coord,0.431294
4-coord,0.561438
4-coord,0.401086
4-coord,0.425896
4-coord,0.40028
4-coord,0.709933
4-coord,0.548565
4-coord,0.68428
4-coord,0.625936
4-coord,0.584045
4-coord,0.491109
4-coord,0.629971
4-coord,0.669639
4-coord,0.533809
4-coord,0.579776
4-coord,0.50881
4-coord,0.61643
4-coord,0.653832
4-coord,0.561035
4-coord,0.742704
4-coord,0.414962
4-coord,0.526662
4-coord,0.734718
4-coord,0.64652
4-coord,0.485333
4-coord,0.671715
4-coord,0.471171
4-coord,0.636694
4-coord,0.517675
4-coord,0.511914
4-coord,0.575215
4-coord,0.432599
4-coord,0.451074
4-coord,0.729533
4-coord,0.543962
4-coord,0.711383
4-coord,0.596533
4-coord,0.613486
4-coord,0.688151
4-coord,0.573775
4-coord,0.605995
4-coord,0.564367
4-coord,0.476105
4-coord,0.443377
4-coord,0.489663
4-coord,0.717484
4-coord,0.378218
4-coord,0.495931
4-coord,0.659023
4-coord,0.451129
4-coord,0.516029
4-coord,0.401334
4-coord,0.534447
4-coord,0.4899
4-coord,0.399565
4-coord,0.706448
4-coord,0.526591
4-coord,0.681886
4-coord,0.512055
4-coord,0.518798
4-coord,0.579546
4-coord,0.577227
4-coord,0.473497
4-coord,0.596819
4-coord,0.572967
4-coord,0.53344
4-coord,0.376815
4-coord,0.702263
4-coord,0.379097
4-coord,0.577964
4-coord,0.577919
4-coord,0.559155
4-coord,0.396075
4-coord,0.442099
4-coord,0.547022
4-coord,0.420039
4-coord,0.426059
4-coord,0.505958
4-coord,0.426398
4-coord,0.476008
4-coord,0.417141
4-coord,0.60042
4-coord,0.528059
4-coord,0.559863
4-coord,0.5636
4-coord,0.540401
4-coord,0.575286
4-coord,0.584131
4-coord,0.557111
4-coord,0.587777
4-coord,0.6353
4-coord,0.636301
4-coord,0.696665
4-coord,0.613826
4-coord,0.52643
4-coord,0.562417
4-coord,0.562332
4-coord,0.638248
4-coord,0.46217
4-coord,0.656121
4-coord,0.500906
4-coord,0.702723
4-coord,0.504497
4-coord,0.645599
4-coord,0.528239
4-coord,0.620377
4-coord,0.691681
4-coord,0.591167
4-coord,0.478571
4-coord,0.659075
4-coord,0.53333
4-coord,0.714297
4-coord,0.300646
4-coord,0.535752
4-coord,0.664791
4-coord,0.722513
4-coord,0.660473
4-coord,0.5479
4-coord,0.541605
4-coord,0.511118
4-coord,0.672795
4-coord,0.520998
4-coord,0.564046
4-coord,0.735423
4-coord,0.421232
4-coord,0.509321
4-coord,0.674913
4-coord,0.315778
4-coord,0.560487
4-coord,0.596946
4-coord,0.470049
4-coord,0.664146
4-coord,0.475832
4-coord,0.654245
4-coord,0.409745
4-coord,0.416533
4-coord,0.599836
4-coord,0.343198
4-coord,0.540159
4-coord,0.596178
4-coord,0.337347
4-coord,0.521517
4-coord,0.593409
4-coord,0.627058
4-coord,0.515799
4-coord,0.593553
4-coord,0.409059
4-coord,0.488303
4-coord,0.495014
4-coord,0.708625
4-coord,0.300026
4-coord,0.553809
4-coord,0.574536
4-coord,0.531268
4-coord,0.442292
4-coord,0.573302
4-coord,0.446018
4-coord,0.351539
4-coord,0.484234
4-coord,0.616907
4-coord,0.583947
4-coord,0.638794
4-coord,0.665008
4-coord,0.648061
4-coord,0.696409
4-coord,0.627674
4-coord,0.641685
4-coord,0.571998
4-coord,0.676839
4-coord,0.625387
4-coord,0.754195
4-coord,0.525648
4-coord,0.685457
4-coord,0.686092
4-coord,0.62629
4-coord,0.61108
4-coord,0.622837
4-coord,0.596845
4-coord,0.702325
4-coord,0.611336
4-coord,0.691274
4-coord,0.70681
4-coord,0.667026
4-coord,0.616003
4-coord,0.639143
4-coord,0.668132
4-coord,0.646607
4-coord,0.625669
4-coord,0.670009
4-coord,0.631059
4-coord,0.749546
4-coord,0.525192
4-coord,0.47137
4-coord,0.634967
4-coord,0.671984
4-coord,0.658851
4-coord,0.582851
4-coord,0.513076
4-coord,0.575636
4-coord,0.41594
4-coord,0.403213
4-coord,0.442428
4-coord,0.610433
4-coord,0.380163
4-coord,0.388392
4-coord,0.409807
4-coord,0.707251
4-coord,0.70708
4-coord,0.438651
4-coord,0.667478
4-coord,0.337859
4-coord,0.439396
4-coord,0.568231
4-coord,0.38542
4-coord,0.636466
4-coord,0.536878
4-coord,0.495481
4-coord,0.56192
4-coord,0.53029
4-coord,0.631896
4-coord,0.527558
4-coord,0.361466
4-coord,0.64242
4-coord,0.547599
4-coord,0.54617
4-coord,0.413698
4-coord,0.602609
4-coord,0.557689
4-coord,0.582479
4-coord,0.425136
4-coord,0.488505
4-coord,0.539982
4-coord,0.393642
4-coord,0.559494
4-coord,0.590579
4-coord,0.662372
4-coord,0.527121
4-coord,0.600369
4-coord,0.522213
4-coord,0.606051
4-coord,0.721418
4-coord,0.705436
4-coord,0.675817
4-coord,0.708064
4-coord,0.617648
4-coord,0.732667
4-coord,0.677947
4-coord,0.67361
4-coord,0.658373
4-coord,0.575268
4-coord,0.724173
4-coord,0.614626
4-coord,0.699439
4-coord,0.521789
4-coord,0.51698
4-coord,0.65418
4-coord,0.54752
4-coord,0.680822
4-coord,0.702889
4-coord,0.460126
4-coord,0.601737
4-coord,0.751266
4-coord,0.487917
4-coord,0.637151
4-coord,0.415235
4-coord,0.346999
4-coord,0.731723
4-coord,0.460712
4-coord,0.575826
4-coord,0.700955
4-coord,0.410697
4-coord,0.450822
4-coord,0.451838
4-coord,0.654237
4-coord,0.58679
4-coord,0.307597
4-coord,0.562497
4-coord,0.646461
4-coord,0.415887
4-coord,0.414862
4-coord,0.552707
4-coord,0.683039
4-coord,0.313859
4-coord,0.644488
4-coord,0.314737
4-coord,0.568677
4-coord,0.711675
4-coord,0.431108
4-coord,0.696086
4-coord,0.589445
4-coord,0.549271
4-coord,0.458571
4-coord,0.534787
4-coord,0.429571
4-coord,0.469673
4-coord,0.542632
4-coord,0.594119
4-coord,0.405068
4-coord,0.556732
4-coord,0.57061
4-coord,0.418304
4-coord,0.365112
4-coord,0.448417
4-coord,0.467489
4-coord,0.412775
4-coord,0.481189
4-coord,0.509464
4-coord,0.637781
4-coord,0.655958
4-coord,0.616005
4-coord,0.570445
4-coord,0.621064
4-coord,0.655773
4-coord,0.479902
4-coord,0.544455
4-coord,0.746645
4-coord,0.72332
4-coord,0.523385
4-coord,0.699208
4-coord,0.669055
4-coord,0.633196
4-coord,0.581845
4-coord,0.517736
4-coord,0.70581
4-coord,0.582581
4-coord,0.664416
4-coord,0.513065
4-coord,0.667902
4-coord,0.69448
4-coord,0.546007
4-coord,0.487414
4-coord,0.618234
4-coord,0.754691
4-coord,0.629607
4-coord,0.416141
4-coord,0.580985
4-coord,0.67271
4-coord,0.596097
4-coord,0.644268
4-coord,0.641879
4-coord,0.423181
4-coord,0.598838
4-coord,0.415272
4-coord,0.482977
4-coord,0.46844
4-coord,0.427154
4-coord,0.40418
4-coord,0.610142
4-coord,0.65561
4-coord,0.414882
4-coord,0.526085
4-coord,0.424347
4-coord,0.570253
4-coord,0.553375
4-coord,0.379981
4-coord,0.376739
4-coord,0.408465
4-coord,0.364635
4-coord,0.629296
4-coord,0.377676
4-coord,0.529646
4-coord,0.557525
4-coord,0.324413
4-coord,0.498726
4-coord,0.518238
4-coord,0.403775
4-coord,0.265664
4-coord,0.457023
4-coord,0.497996
4-coord,0.430117
4-coord,0.571003
4-coord,0.418876
4-coord,0.417941
4-coord,0.597299
4-coord,0.510135
4-coord,0.345384
4-coord,0.36601
4-coord,0.597282
4-coord,0.425969
4-coord,0.389714
4-coord,0.541611
4-coord,0.469474
4-coord,0.567228
4-coord,0.289333
4-coord,0.672325
4-coord,0.611306
4-coord,0.56107
4-coord,0.569306
4-coord,0.48725
4-coord,0.591713
4-coord,0.587502
4-coord,0.412803
4-coord,0.589284
4-coord,0.644461
4-coord,0.699754
4-coord,0.483872
4-coord,0.571791
4-coord,0.654607
4-coord,0.676404
4-coord,0.551133
4-coord,0.554719
4-coord,0.646686
4-coord,0.67737
4-coord,0.526881
4-coord,0.406457
4-coord,0.55306
4-coord,0.597819
4-coord,0.522564
4-coord,0.606502
4-coord,0.557516
4-coord,0.546768
4-coord,0.445375
4-coord,0.558225
4-coord,0.495526
4-coord,0.46939
4-coord,0.73499
4-coord,0.443697
4-coord,0.559272
4-coord,0.639486
4-coord,0.429698
4-coord,0.742056
4-coord,0.337199
4-coord,0.526654
4-coord,0.538614
4-coord,0.477036
4-coord,0.515588
4-coord,0.548956
4-coord,0.277342
4-coord,0.574984
4-coord,0.54355
4-coord,0.575587
4-coord,0.516596
4-coord,0.439161
4-coord,0.684223
4-coord,0.513688
4-coord,0.438559
4-coord,0.657416
4-coord,0.457814
4-coord,0.592141
4-coord,0.586541
4-coord,0.453733
4-coord,0.615492
4-coord,0.672321
4-coord,0.465566
4-coord,0.53539
4-coord,0.282584
4-coord,0.528123
4-coord,0.305739
4-coord,0.452247
4-coord,0.466145
4-coord,0.445665
4-coord,0.497517
4-coord,0.42115
4-coord,0.444251
4-coord,0.386668
4-coord,0.40068
4-coord,0.453122
4-coord,0.349659
4-coord,0.31494
4-coord,0.418615
4-coord,0.478618
4-coord,0.523443
4-coord,0.322922
4-coord,0.469592
4-coord,0.536489
4-coord,0.464909
4-coord,0.476676
4-coord,0.549511
4-coord,0.591228
4-coord,0.600364
4-coord,0.573131
4-coord,0.465396
4-coord,0.615188
4-coord,0.666781
4-coord,0.52501
4-coord,0.566592
4-coord,0.734643
4-coord,0.634294
4-coord,0.674373
4-coord,0.495126
4-coord,0.642842
4-coord,0.728794
4-coord,0.382942
4-coord,0.616618
4-coord,0.352306
4-coord,0.605495
4-coord,0.625304
4-coord,0.137393
4-coord,0.66063
4-coord,0.54765
4-coord,0.553582
4-coord,0.602789
4-coord,0.577206
4-coord,0.689557
4-coord,0.452524
4-coord,0.66144
4-coord,0.595731
4-coord,0.391899
4-coord,0.601108
4-coord,0.611677
4-coord,0.459118
4-coord,0.398344
4-coord,0.556762
4-coord,0.625734
4-coord,0.427505
4-coord,0.581139
4-coord,0.47442
4-coord,0.524971
4-coord,0.649487
4-coord,0.428252
4-coord,0.506741
4-coord,0.468985
4-coord,0.389159
4-coord,0.677465
4-coord,0.490095
4-coord,0.329322
4-coord,0.643358
4-coord,0.59502
4-coord,0.604301
4-coord,0.573917
4-coord,0.464194
4-coord,0.361882
4-coord,0.42255
4-coord,0.278177
4-coord,0.532916
4-coord,0.555645
4-coord,0.605977
4-coord,0.276443
4-coord,0.586511
4-coord,0.488992
4-coord,0.423224
4-coord,0.485726
4-coord,0.511392
4-coord,0.509934
4-coord,0.3585
4-coord,0.487097
4-coord,0.562328
4-coord,0.428932
4-coord,0.546294
4-coord,0.477772
4-coord,0.625282
4-coord,0.645104
4-coord,0.612762
4-coord,0.570825
4-coord,0.612075
4-coord,0.59445
4-coord,0.690016
4-coord,0.441935
4-coord,0.535436
4-coord,0.570037
4-coord,0.430867
4-coord,0.579304
4-coord,0.456829
4-coord,0.601931
4-coord,0.493411
4-coord,0.566628
4-coord,0.518111
4-coord,0.596514
4-coord,0.494159
4-coord,0.629172
4-coord,0.601185
4-coord,0.600423
4-coord,0.571047
4-coord,0.607273
4-coord,0.519
4-coord,0.478697
4-coord,0.609908
4-coord,0.44598
4-coord,0.572126
4-coord,0.635571
4-coord,0.411559
4-coord,0.474068
4-coord,0.582209
4-coord,0.353315
4-coord,0.566065
4-coord,0.281894
4-coord,0.601487
4-coord,0.520834
4-coord,0.316976
4-coord,0.58916
4-coord,0.506559
4-coord,0.522545
4-coord,0.699574
4-coord,0.502963
4-coord,0.475831
4-coord,0.563746
4-coord,0.359099
4-coord,0.482941
4-coord,0.414421
4-coord,0.415256
4-coord,0.614795
4-coord,0.322142
4-coord,0.57732
4-coord,0.329379
4-coord,0.651416
4-coord,0.454598
4-coord,0.360964
4-coord,0.162424
4-coord,0.498283
4-coord,0.56274
4-coord,0.653258
4-coord,0.515262
4-coord,0.451689
4-coord,0.573234
4-coord,0.286351
4-coord,0.522224
4-coord,0.467067
4-coord,0.581316
4-coord,0.404194
4-coord,0.460773
4-coord,0.510473
4-coord,0.619678
4-coord,0.358089
4-coord,0.476966
4-coord,0.668101
4-coord,0.29
4-coord,0.515892
4-coord,0.525371
4-coord,0.499304
4-coord,0.526284
4-coord,0.44615
4-coord,0.688373
4-coord,0.579069
4-coord,0.544316
4-coord,0.715588
4-coord,0.662694
4-coord,0.39602
4-coord,0.490896
4-coord,0.647217
4-coord,0.644776
4-coord,0.532211
4-coord,0.71359
4-coord,0.572344
4-coord,0.641296
4-coord,0.60541
4-coord,0.633791
4-coord,0.664189
4-coord,0.54485
4-coord,0.452661
4-coord,0.629666
4-coord,0.567715
4-coord,0.686682
4-coord,0.491987
4-coord,0.539057
4-coord,0.594718
4-coord,0.391765
4-coord,0.725628
4-coord,0.343679
4-coord,0.572986
4-coord,0.627602
4-coord,0.379026
4-coord,0.595325
4-coord,0.355487
4-coord,0.306104
4-coord,0.669727
4-coord,0.426611
4-coord,0.440414
4-coord,0.610801
4-coord,0.332069
4-coord,0.477872
4-coord,0.219155
4-coord,0.415529
4-coord,0.520962
4-coord,0.351724
4-coord,0.36833
4-coord,0.381975
4-coord,0.364042
4-coord,0.618157
4-coord,0.40642
4-coord,0.523503
4-coord,0.666649
4-coord,0.354936
4-coord,0.602525
4-coord,0.304889
4-coord,0.427518
4-coord,0.670411
4-coord,0.298163
4-coord,0.469027
4-coord,0.612176
4-coord,0.30394
4-coord,0.385283
4-coord,0.567941
4-coord,0.468722
4-coord,0.498687
4-coord,0.543418
4-coord,0.49189
4-coord,0.550727
4-coord,0.432665
4-coord,0.656805
4-coord,0.525471
4-coord,0.411903
4-coord,0.391169
4-coord,0.420361
4-coord,0.408502
4-coord,0.686011
4-coord,0.425809
4-coord,0.465557
4-coord,0.590949
4-coord,0.543894
4-coord,0.582976
4-coord,0.496676
4-coord,0.594739
4-coord,0.64086
4-coord,0.580197
4-coord,0.733728
4-coord,0.736375
4-coord,0.663109
4-coord,0.687247
4-coord,0.370555
4-coord,0.742847
4-coord,0.386728
4-coord,0.713181
4-coord,0.510104
4-coord,0.487218
4-coord,0.645556
4-coord,0.64747
4-coord,0.582305
4-coord,0.569715
4-coord,0.429977
4-coord,0.570199
4-coord,0.5599
4-coord,0.379538
4-coord,0.533284
4-coord,0.705346
4-coord,0.390112
4-coord,0.615698
4-coord,0.725049
4-coord,0.481473
4-coord,0.67408
4-coord,0.32387
4-coord,0.465453
4-coord,0.58121
4-coord,0.461207
4-coord,0.548206
4-coord,0.570782
4-coord,0.554361
4-coord,0.65711
4-coord,0.366517
4-coord,0.456655
4-coord,0.521151
4-coord,0.456078
4-coord,0.585595
4-coord,0.734962
4-coord,0.351374
4-coord,0.59627
4-coord,0.47344
4-coord,0.386402
4-coord,0.717729
4-coord,0.468036
4-coord,0.681609
4-coord,0.425931
4-coord,0.604043
4-coord,0.537159
4-coord,0.420599
4-coord,0.694357
4-coord,0.399823
4-coord,0.579998
4-coord,0.535606
4-coord,0.594706
4-coord,0.627076
4-coord,0.518703
4-coord,0.449245
4-coord,0.643604
4-coord,0.540798
4-coord,0.734031
4-coord,0.585285
4-coord,0.618734
4-coord,0.614502
4-coord,0.381175
4-coord,0.424368
4-coord,0.452555
4-coord,0.390063
4-coord,0.575
4-coord,0.722353
4-coord,0.664421
4-coord,0.580242
4-coord,0.545918
4-coord,0.569884
4-coord,0.673724
4-coord,0.618326
4-coord,0.719342
4-coord,0.691688
4-coord,0.734912
4-coord,0.729141
4-coord,0.696812
4-coord,0.750689
4-coord,0.59336
4-coord,0.659239
4-coord,0.610754
4-coord,0.4988
4-coord,0.614783
4-coord,0.656281
4-coord,0.652465
4-coord,0.559904
4-coord,0.48849
4-coord,0.632897
4-coord,0.591281
4-coord,0.654538
4-coord,0.658322
4-coord,0.545568
4-coord,0.525235
4-coord,0.517452
4-coord,0.626342
4-coord,0.482661
4-coord,0.591936
4-coord,0.691159
4-coord,0.537319
4-coord,0.598099
4-coord,0.511031
4-coord,0.544648
4-coord,0.417217
4-coord,0.556393
4-coord,0.366661
4-coord,0.449323
4-coord,0.543988
4-coord,0.538639
4-coord,0.37953
4-coord,0.594007
4-coord,0.753744
4-coord,0.405147
4-coord,0.564654
4-coord,0.387055
4-coord,0.514437
4-coord,0.565021
4-coord,0.352888
4-coord,0.680568
4-coord,0.261488
4-coord,0.650142
4-coord,0.431408
4-coord,0.614569
4-coord,0.589871
4-coord,0.543772
4-coord,0.474782
4-coord,0.428791
4-coord,0.555698
4-coord,0.673992
4-coord,0.753865
4-coord,0.580842
4-coord,0.580635
4-coord,0.595043
4-coord,0.669854
4-coord,0.538724
4-coord,0.442693
4-coord,0.451831
4-coord,0.667432
4-coord,0.550595
4-coord,0.583048
4-coord,0.570053
4-coord,0.571241
4-coord,0.73018
4-coord,0.668879
4-coord,0.645685
4-coord,0.570713
4-coord,0.563525
4-coord,0.689202
4-coord,0.603947
4-coord,0.746047
4-coord,0.636296
4-coord,0.433091
4-coord,0.728542
4-coord,0.568427
4-coord,0.573109
4-coord,0.720335
4-coord,0.431589
4-coord,0.494856
4-coord,0.605725
4-coord,0.616144
4-coord,0.519123
4-coord,0.697434
4-coord,0.554555
4-coord,0.595168
4-coord,0.643817
4-coord,0.432752
4-coord,0.642223
4-coord,0.652878
4-coord,0.61569
4-coord,0.742844
4-coord,0.561588
4-coord,0.646721
4-coord,0.718773
4-coord,0.558409
4-coord,0.452085
4-coord,0.629982
4-coord,0.526203
4-coord,0.440761
4-coord,0.654556
4-coord,0.513323
4-coord,0.384517
4-coord,0.653394
4-coord,0.306897
4-coord,0.526148
4-coord,0.316061
4-coord,0.499146
4-coord,0.552179
4-coord,0.526186
4-coord,0.656352
4-coord,0.309788
4-coord,0.623888
4-coord,0.295179
4-coord,0.550719
4-coord,0.729205
4-coord,0.568524
4-coord,0.47889
4-coord,0.534081
4-coord,0.354875
4-coord,0.586066
4-coord,0.589094
4-coord,0.67818
4-coord,0.566072
4-coord,0.527183
4-coord,0.407565
4-coord,0.585439
4-coord,0.444127
4-coord,0.596739
4-coord,0.452661
4-coord,0.533773
4-coord,0.497466
4-coord,0.500987
4-coord,0.36789
4-coord,0.645871
4-coord,0.580605
4-coord,0.409034
4-coord,0.506436
4-coord,0.675263
4-coord,0.577977
4-coord,0.580898
4-coord,0.555542
4-coord,0.653432
4-coord,0.701684
4-coord,0.633007
4-coord,0.599575
4-coord,0.656355
4-coord,0.638935
4-coord,0.639874
4-coord,0.647033
4-coord,0.526192
4-coord,0.604315
4-coord,0.733306
4-coord,0.579686
4-coord,0.502951
4-coord,0.613058
4-coord,0.348348
4-coord,0.661508
4-coord,0.704256
4-coord,0.581867
4-coord,0.629469
4-coord,0.609735
4-coord,0.605486
4-coord,0.583016
4-coord,0.487848
4-coord,0.515412
4-coord,0.594235
4-coord,0.519168
4-coord,0.530371
4-coord,0.37692
4-coord,0.421127
4-coord,0.415305
4-coord,0.434762
4-coord,0.59855
4-coord,0.315621
4-coord,0.651837
4-coord,0.505031
4-coord,0.515147
4-coord,0.595354
4-coord,0.400266
4-coord,0.57317
4-coord,0.437717
4-coord,0.379655
4-coord,0.512371
4-coord,0.4708
4-coord,0.463808
4-coord,0.661413
4-coord,0.430729
4-coord,0.683787
4-coord,0.303384
4-coord,0.365582
4-coord,0.359368
4-coord,0.417573
4-coord,0.343904
4-coord,0.520083
4-coord,0.558221
4-coord,0.613978
4-coord,0.545683
4-coord,0.433528
4-coord,0.429959
4-coord,0.358597
4-coord,0.30363
4-coord,0.723393
4-coord,0.437176
4-coord,0.504181
4-coord,0.426035
4-coord,0.425992
4-coord,0.448474
4-coord,0.493169
4-coord,0.456965
4-coord,0.629877
4-coord,0.439967
4-coord,0.248005
4-coord,0.41895
4-coord,0.656778
4-coord,0.58372
4-coord,0.674012
4-coord,0.478001
4-coord,0.680782
4-coord,0.688802
4-coord,0.739601
4-coord,0.644049
4-coord,0.608237
4-coord,0.598241
4-coord,0.534755
4-coord,0.479146
4-coord,0.604003
4-coord,0.665141
4-coord,0.56051
4-coord,0.563256
4-coord,0.505351
4-coord,0.742569
4-coord,0.715647
4-coord,0.610049
4-coord,0.554881
4-coord,0.593168
4-coord,0.572529
4-coord,0.597955
4-coord,0.490094
4-coord,0.376118
4-coord,0.531515
4-coord,0.544904
4-coord,0.587384
4-coord,0.639914
4-coord,0.484421
4-coord,0.63358
4-coord,0.492805
4-coord,0.436223
4-coord,0.526284
4-coord,0.496693
4-coord,0.467133
4-coord,0.578813
4-coord,0.357992
4-coord,0.628636
4-coord,0.721139
4-coord,0.382468
4-coord,0.673392
4-coord,0.468602
4-coord,0.495562
4-coord,0.551963
4-coord,0.374456
4-coord,0.331515
4-coord,0.674899
4-coord,0.426253
4-coord,0.394949
4-coord,0.306942
4-coord,0.412889
4-coord,0.357769
4-coord,0.596138
4-coord,0.286925
4-coord,0.501482
4-coord,0.646615
4-coord,0.408352
4-coord,0.457666
4-coord,0.70005
4-coord,0.578307
4-coord,0.657794
4-coord,0.676665
4-coord,0.546802
4-coord,0.525529
4-coord,0.474003
4-coord,0.470847
4-coord,0.511996
4-coord,0.386034
4-coord,0.583748
4-coord,0.337166
4-coord,0.638271
4-coord,0.501156
4-coord,0.445754
4-coord,0.284367
4-coord,0.526327
4-coord,0.415498
4-coord,0.455571
4-coord,0.569552
4-coord,0.286671
4-coord,0.569906
4-coord,0.470718
4-coord,0.743207
4-coord,0.55118
4-coord,0.710975
4-coord,0.70893
4-coord,0.52713
4-coord,0.652653
4-coord,0.679011
4-coord,0.712974
4-coord,0.437643
4-coord,0.708485
4-coord,0.662017
4-coord,0.507529
4-coord,0.735529
4-coord,0.534059
4-coord,0.689594
4-coord,0.683609
4-coord,0.628143
4-coord,0.709733
4-coord,0.64503
4-coord,0.518417
4-coord,0.677879
4-coord,0.498543
4-coord,0.423277
4-coord,0.64801
4-coord,0.501819
4-coord,0.583334
4-coord,0.673027
4-coord,0.492465
4-coord,0.52677
4-coord,0.633253
4-coord,0.43522
4-coord,0.672961
4-coord,0.50725
4-coord,0.465438
4-coord,0.454738
4-coord,0.500632
4-coord,0.423933
4-coord,0.247638
4-coord,0.567282
4-coord,0.37814
4-coord,0.494951
4-coord,0.679244
4-coord,0.352485
4-coord,0.549373
4-coord,0.194586
4-coord,0.559086
4-coord,0.697992
4-coord,0.269405
4-coord,0.614539
4-coord,0.485586
4-coord,0.565325
4-coord,0.677493
4-coord,0.511105
4-coord,0.482892
4-coord,0.534209
4-coord,0.402375
4-coord,0.638791
4-coord,0.633493
4-coord,0.472273
4-coord,0.587969
4-coord,0.752708
4-coord,0.630244
4-coord,0.474894
4-coord,0.496508
4-coord,0.468088
4-coord,0.586164
4-coord,0.594758
4-coord,0.466041
4-coord,0.655577
4-coord,0.335443
4-coord,0.4535
4-coord,0.453917
4-coord,0.47046
4-coord,0.562883
4-coord,0.707878
4-coord,0.558238
4-coord,0.541278
4-coord,0.461206
4-coord,0.670365
4-coord,0.602003
4-coord,0.754152
4-coord,0.39723
4-coord,0.664348
4-coord,0.659917
4-coord,0.689189
4-coord,0.602942
4-coord,0.652922
4-coord,0.621913
4-coord,0.550828
4-coord,0.641612
4-coord,0.660199
4-coord,0.682917
4-coord,0.743768
4-coord,0.639792
4-coord,0.664987
4-coord,0.564016
4-coord,0.678235
4-coord,0.617519
4-coord,0.636242
4-coord,0.654895
4-coord,0.392239
4-coord,0.562099
4-coord,0.638493
4-coord,0.706037
4-coord,0.362351
4-coord,0.524046
4-coord,0.403734
4-coord,0.635913
4-coord,0.543705
4-coord,0.494524
4-coord,0.726674
4-coord,0.475367
4-coord,0.608998
4-coord,0.592439
4-coord,0.325034
4-coord,0.610953
4-coord,0.537931
4-coord,0.402194
4-coord,0.541447
4-coord,0.490458
4-coord,0.61287
4-coord,0.675451
4-coord,0.354769
4-coord,0.581955
4-coord,0.570826
4-coord,0.556019
4-coord,0.536873
4-coord,0.290177
4-coord,0.563104
4-coord,0.444619
4-coord,0.55189
4-coord,0.690639
4-coord,0.450125
4-coord,0.510214
4-coord,0.551193
4-coord,0.657629
4-coord,0.594367
4-coord,0.679672
4-coord,0.502132
4-coord,0.637246
4-coord,0.556677
4-coord,0.553125
4-coord,0.715443
4-coord,0.337469
4-coord,0.555577
4-coord,0.513716
4-coord,0.525627
4-coord,0.540834
4-coord,0.489662
4-coord,0.51246
4-coord,0.442147
4-coord,0.37358
4-coord,0.515166
4-coord,0.515075
4-coord,0.474726
4-coord,0.48371
4-coord,0.685618
4-coord,0.456475
4-coord,0.730082
4-coord,0.733752
4-coord,0.605207
4-coord,0.689206
4-coord,0.553676
4-coord,0.612787
4-coord,0.46575
4-coord,0.638741
4-coord,0.737147
4-coord,0.581549
4-coord,0.673355
4-coord,0.530153
4-coord,0.671897
4-coord,0.374775
4-coord,0.580011
4-coord,0.644122
4-coord,0.449708
4-coord,0.406554
4-coord,0.286906
4-coord,0.565589
4-coord,0.549926
4-coord,0.647617
4-coord,0.54909
4-coord,0.460849
4-coord,0.366234
4-coord,0.539362
4-coord,0.461511
4-coord,0.582278
4-coord,0.628428
4-coord,0.504363
4-coord,0.657586
4-coord,0.454668
4-coord,0.57248
4-coord,0.432906
4-coord,0.648011
4-coord,0.626501
4-coord,0.398096
4-coord,0.7309
4-coord,0.528723
4-coord,0.591507
4-coord,0.711141
4-coord,0.505471
4-coord,0.553399
4-coord,0.517421
4-coord,0.561147
4-coord,0.39866
4-coord,0.599403
4-coord,0.505273
4-coord,0.505198
4-coord,0.430033
4-coord,0.699421
4-coord,0.352389
4-coord,0.644584
4-coord,0.669934
4-coord,0.486137
4-coord,0.473147
4-coord,0.568535
4-coord,0.512344
4-coord,0.604174
4-coord,0.543905
4-coord,0.750115
4-coord,0.483083
4-coord,0.722812
4-coord,0.287177
4-coord,0.601152
4-coord,0.4212
4-coord,0.744814
4-coord,0.640835
4-coord,0.583149
4-coord,0.583815
4-coord,0.468887
4-coord,0.410587
4-coord,0.522187
4-coord,0.495993
4-coord,0.367497
4-coord,0.505756
4-coord,0.209142
6-coord,0.385661
6-coord,0.341355
6-coord,0.599851
6-coord,0.566074
6-coord,0.722861
6-coord,0.554774
6-coord,0.532532
6-coord,0.501821
6-coord,0.409662
6-coord,0.735756
6-coord,0.549963
6-coord,0.373592
6-coord,0.560552
6-coord,0.465489
6-coord,0.510378
6-coord,0.522793
6-coord,0.715528
6-coord,0.680012
6-coord,0.601818
6-coord,0.531179
6-coord,0.627495
6-coord,0.600976
6-coord,0.354373
6-coord,0.673136
6-coord,0.447644
6-coord,0.363965
6-coord,0.614352
6-coord,0.485639
6-coord,0.734625
6-coord,0.621576
6-coord,0.484351
6-coord,0.731937
6-coord,0.43058
6-coord,0.722011
6-coord,0.715164
6-coord,0.497803
6-coord,0.504328
6-coord,0.734899
6-coord,0.509488
6-coord,0.599797
6-coord,0.708192
6-coord,0.365206
6-coord,0.311193
6-coord,0.746812
6-coord,0.679524
6-coord,0.744075
6-coord,0.602922
6-coord,0.544099
6-coord,0.544326
6-coord,0.554703
6-coord,0.477493
6-coord,0.7041
6-coord,0.608905
6-coord,0.643493
6-coord,0.506938
6-coord,0.494208
6-coord,0.724114
6-coord,0.503227
6-coord,0.740393
6-coord,0.653303
6-coord,0.42468
6-coord,0.618428
6-coord,0.303056
6-coord,0.458873
6-coord,0.33759
6-coord,0.58978
6-coord,0.720502
6-coord,0.436133
6-coord,0.679419
6-coord,0.50605
6-coord,0.303692
6-coord,0.724579
6-coord,0.73393
6-coord,0.520155
6-coord,0.746608
6-coord,0.432497
6-coord,0.523342
6-coord,0.359057
6-coord,0.491181
6-coord,0.540409
6-coord,0.729192
6-coord,0.573395
6-coord,0.569261
6-coord,0.687362
6-coord,0.730567
6-coord,0.674026
6-coord,0.46046
6-coord,0.57935
6-coord,0.716092
6-coord,0.374678
6-coord,0.696931
6-coord,0.605544
6-coord,0.416205
6-coord,0.72035
6-coord,0.459011
6-coord,0.489327
6-coord,0.633474
6-coord,0.457859
6-coord,0.565242
6-coord,0.569953
6-coord,0.530009
6-coord,0.657435
6-coord,0.389966
6-coord,0.726965
6-coord,0.648326
6-coord,0.60647
6-coord,0.552908
6-coord,0.752718
6-coord,0.554124
6-coord,0.712004
6-coord,0.405346
6-coord,0.54943
6-coord,0.471733
6-coord,0.560642
6-coord,0.593758
6-coord,0.678575
6-coord,0.354723
6-coord,0.537101
6-coord,0.52013
6-coord,0.523983
6-coord,0.45062
6-coord,0.714351
6-coord,0.364246
6-coord,0.47707
6-coord,0.568073
6-coord,0.457039
6-coord,0.396625
6-coord,0.400162
6-coord,0.692981
6-coord,0.750954
6-coord,0.334167
6-coord,0.738592
6-coord,0.363947
6-coord,0.724662
6-coord,0.293232
6-coord,0.493604
6-coord,0.420426
6-coord,0.722394
6-coord,0.3685
6-coord,0.388713
6-coord,0.452581
6-coord,0.72684
6-coord,0.527028
6-coord,0.51009
6-coord,0.693286
6-coord,0.452921
6-coord,0.536841
6-coord,0.725299
6-coord,0.600701
6-coord,0.472759
6-coord,0.567327
6-coord,0.357648
6-coord,0.566535
6-coord,0.496151
6-coord,0.74605
6-coord,0.593325
6-coord,0.420436
6-coord,0.462001
6-coord,0.535452
6-coord,0.568983
6-coord,0.681723
6-coord,0.627481
6-coord,0.554025
6-coord,0.612437
6-coord,0.54293
6-coord,0.645816
6-coord,0.557052
6-coord,0.62667
6-coord,0.578174
6-coord,0.687382
6-coord,0.626147
6-coord,0.615397
6-coord,0.528597
6-coord,0.509819
6-coord,0.682263
6-coord,0.433278
6-coord,0.627596
6-coord,0.502228
6-coord,0.673784
6-coord,0.474604
6-coord,0.45131
6-coord,0.378887
6-coord,0.709679
6-coord,0.680493
6-coord,0.56731
6-coord,0.562673
6-coord,0.485151
6-coord,0.229406
6-coord,0.225806
6-coord,0.419964
6-coord,0.399913
6-coord,0.629449
6-coord,0.670396
6-coord,0.349089
6-coord,0.459864
6-coord,0.582605
6-coord,0.659568
6-coord,0.539463
6-coord,0.588676
6-coord,0.43728
6-coord,0.607482
6-coord,0.39114
6-coord,0.408981
6-coord,0.719154
6-coord,0.364274
6-coord,0.701382
6-coord,0.47158
6-coord,0.708564
6-coord,0.206911
6-coord,0.610884
6-coord,0.682453
6-coord,0.326154
6-coord,0.486383
6-coord,0.634585
6-coord,0.459829
6-coord,0.728974
6-coord,0.575084
6-coord,0.528063
6-coord,0.634709
6-coord,0.443489
6-coord,0.606046
6-coord,0.627859
6-coord,0.533235
6-coord,0.635593
6-coord,0.703794
6-coord,0.709152
6-coord,0.516802
6-coord,0.558685
6-coord,0.513577
6-coord,0.649488
6-coord,0.392386
6-coord,0.680735
6-coord,0.685944
6-coord,0.73847
6-coord,0.433418
6-coord,0.746923
6-coord,0.65367
6-coord,0.648548
6-coord,0.592994
6-coord,0.64351
6-coord,0.51809
6-coord,0.639796
6-coord,0.461943
6-coord,0.678979
6-coord,0.709682
6-coord,0.647968
6-coord,0.663834
6-coord,0.636117
6-coord,0.68566
6-coord,0.630135
6-coord,0.499483
6-coord,0.467566
6-coord,0.63131
6-coord,0.586959
6-coord,0.602044
6-coord,0.24983
6-coord,0.417702
6-coord,0.566263
6-coord,0.590535
6-coord,0.478818
6-coord,0.525161
6-coord,0.548855
6-coord,0.630803
6-coord,0.285955
6-coord,0.525138
6-coord,0.612621
6-coord,0.212926
6-coord,0.7336
6-coord,0.62396
6-coord,0.643638
6-coord,0.397898
6-coord,0.633937
6-coord,0.141771
6-coord,0.494053
6-coord,0.391679
6-coord,0.715128
6-coord,0.434411
6-coord,0.670063
6-coord,0.191531
6-coord,0.754163
6-coord,0.59314
6-coord,0.740047
6-coord,0.341709
6-coord,0.748674
6-coord,0.431205
6-coord,0.615952
6-coord,0.233116
6-coord,0.49957
6-coord,0.27449
6-coord,0.658731
6-coord,0.344857
6-coord,0.288884
6-coord,0.753524
6-coord,0.414302
6-coord,0.654088
6-coord,0.672498
6-coord,0.56383
6-coord,0.710303
6-coord,0.378986
6-coord,0.75398
6-coord,0.71501
6-coord,0.687183
6-coord,0.619646
6-coord,0.625045
6-coord,0.409481
6-coord,0.664573
6-coord,0.604922
6-coord,0.47779
6-coord,0.445313
6-coord,0.6326
6-coord,0.516766
6-coord,0.530673
6-coord,0.290637
6-coord,0.49198
6-coord,0.638316
6-coord,0.596095
6-coord,0.433726
6-coord,0.634312
6-coord,0.633675
6-coord,0.601612
6-coord,0.591585
6-coord,0.506633
6-coord,0.331454
6-coord,0.559491
6-coord,0.521046
6-coord,0.424538
6-coord,0.516247
6-coord,0.472611
6-coord,0.295768
6-coord,0.322422
6-coord,0.579258
6-coord,0.729737
6-coord,0.583573
6-coord,0.347891
6-coord,0.34889
6-coord,0.642525
6-coord,0.548788
6-coord,0.338848
6-coord,0.663802
6-coord,0.678442
6-coord,0.567062
6-coord,0.351647
6-coord,0.556664
6-coord,0.248382
6-coord,0.727044
6-coord,0.458383
6-coord,0.636755
6-coord,0.350233
6-coord,0.493568
6-coord,0.333895
6-coord,0.483434
6-coord,0.307545
6-coord,0.398774
6-coord,0.735438
6-coord,0.410235
6-coord,0.725081
6-coord,0.246499
6-coord,0.646987
6-coord,0.419884
6-coord,0.566549
6-coord,0.748052
6-coord,0.351471
6-coord,0.708726
6-coord,0.460806
6-coord,0.417419
6-coord,0.436319
6-coord,0.670886
6-coord,0.715028
6-coord,0.472115
6-coord,0.530922
6-coord,0.389938
6-coord,0.644943
6-coord,0.717471
6-coord,0.410026
6-coord,0.625968
6-coord,0.727048
6-coord,0.703809
6-coord,0.377895
6-coord,0.694573
6-coord,0.753849
6-coord,0.602009
6-coord,0.697167
6-coord,0.412919
6-coord,0.343456
6-coord,0.523086
6-coord,0.42735
6-coord,0.466063
6-coord,0.221087
6-coord,0.740705
6-coord,0.433153
6-coord,0.582123
6-coord,0.334481
6-coord,0.267781
6-coord,0.585056
6-coord,0.408203
6-coord,0.291325
6-coord,0.613886
6-coord,0.542808
6-coord,0.335681
6-coord,0.328786
6-coord,0.52264
6-coord,0.305124
6-coord,0.610315
6-coord,0.642323
6-coord,0.293466
6-coord,0.628332
6-coord,0.473745
6-coord,0.716683
6-coord,0.402014
6-coord,0.553369
6-coord,0.370717
6-coord,0.632372
6-coord,0.400928
6-coord,0.49927
6-coord,0.240386
6-coord,0.63875
6-coord,0.363584
6-coord,0.550622
6-coord,0.188812
6-coord,0.461836
6-coord,0.704039
6-coord,0.438532
6-coord,0.643308
6-coord,0.334629
6-coord,0.574546
6-coord,0.379373
6-coord,0.701601
6-coord,0.341953
6-coord,0.659807
6-coord,0.267247
6-coord,0.643831
6-coord,0.37042
6-coord,0.411817
6-coord,0.51418
6-coord,0.360843
6-coord,0.734238
6-coord,0.533162
6-coord,0.616095
6-coord,0.580311
6-coord,0.516543
6-coord,0.598327
6-coord,0.602258
6-coord,0.394653
6-coord,0.609185
6-coord,0.393732
6-coord,0.61078
6-coord,0.696397
6-coord,0.520768
6-coord,0.386648
6-coord,0.685719
6-coord,0.601693
6-coord,0.607601
6-coord,0.470586
6-coord,0.466266
6-coord,0.394478
6-coord,0.704966
6-coord,0.459963
6-coord,0.572712
6-coord,0.321835
6-coord,0.625349
6-coord,0.589945
6-coord,0.661816
6-coord,0.21607
6-coord,0.55599
6-coord,0.362956
6-coord,0.473237
6-coord,0.437071
6-coord,0.457716
6-coord,0.362398
6-coord,0.24841
6-coord,0.141876
6-coord,0.614219
6-coord,0.636794
6-coord,0.409885
6-coord,0.57525
6-coord,0.51421
6-coord,0.217678
6-coord,0.558261
6-coord,0.319755
6-coord,0.662519
6-coord,0.231969
6-coord,0.748671
6-coord,0.427497
6-coord,0.627968
6-coord,0.28711
6-coord,0.568309
6-coord,0.367498
6-coord,0.536021
6-coord,0.345649
6-coord,0.476169
6-coord,0.687309
6-coord,0.403695
6-coord,0.493686
6-coord,0.373598
6-coord,0.628718
6-coord,0.433581
6-coord,0.449676
6-coord,0.395938
6-coord,0.731231
6-coord,0.152509
6-coord,0.472497
6-coord,0.35654
6-coord,0.449736
6-coord,0.622157
6-coord,0.4275
6-coord,0.545483
6-coord,0.490915
6-coord,0.715453
6-coord,0.508125
6-coord,0.622574
6-coord,0.634064
6-coord,0.317148
6-coord,0.638715
6-coord,0.58765
6-coord,0.594548
6-coord,0.752796
6-coord,0.354752
6-coord,0.630901
6-coord,0.664033
6-coord,0.60858
6-coord,0.514511
6-coord,0.3766
6-coord,0.663221
6-coord,0.325482
6-coord,0.514702
6-coord,0.471527
6-coord,0.575216
6-coord,0.704445
6-coord,0.429705
6-coord,0.60345
6-coord,0.37712
6-coord,0.379098
6-coord,0.605015
6-coord,0.367565
6-coord,0.235905
6-coord,0.283212
6-coord,0.538113
6-coord,0.623776
6-coord,0.333493
6-coord,0.62512
6-coord,0.613989
6-coord,0.326167
6-coord,0.680942
6-coord,0.331618
6-coord,0.677952
6-coord,0.628222
6-coord,0.299728
6-coord,0.639216
6-coord,0.400581
6-coord,0.604888
6-coord,0.373416
6-coord,0.696521
6-coord,0.426656
6-coord,0.629098
6-coord,0.38251
6-coord,0.534621
6-coord,0.35703
6-coord,0.553049
6-coord,0.425539
6-coord,0.23383
6-coord,0.295443
6-coord,0.611119
6-coord,0.471236
6-coord,0.604242
6-coord,0.345613
6-coord,0.714282
6-coord,0.657077
6-coord,0.321008
6-coord,0.639191
6-coord,0.483379
6-coord,0.406628
6-coord,0.649504
6-coord,0.398127
6-coord,0.525788
6-coord,0.48102
6-coord,0.431137
6-coord,0.626528
6-coord,0.668631
6-coord,0.516465
6-coord,0.568496
6-coord,0.465079
6-coord,0.64741
6-coord,0.622524
6-coord,0.294794
6-coord,0.391752
6-coord,0.695453
6-coord,0.700938
6-coord,0.679274
6-coord,0.643188
6-coord,0.475259
6-coord,0.413336
6-coord,0.417232
6-coord,0.489978
6-coord,0.437676
6-coord,0.71458
6-coord,0.506792
6-coord,0.481912
6-coord,0.641576
6-coord,0.673344
6-coord,0.398757
6-coord,0.650704
6-coord,0.449873
6-coord,0.289172
6-coord,0.543986
6-coord,0.47373
6-coord,0.369683
6-coord,0.321785
6-coord,0.563793
6-coord,0.661891
6-coord,0.281542
6-coord,0.60302
6-coord,0.434135
6-coord,0.601251
6-coord,0.29508
6-coord,0.405182
6-coord,0.334891
6-coord,0.644617
6-coord,0.373106
6-coord,0.703689
6-coord,0.352456
6-coord,0.633455
6-coord,0.344739
6-coord,0.621287
6-coord,0.428596
6-coord,0.654791
6-coord,0.29991
6-coord,0.616003
6-coord,0.288799
6-coord,0.700279
6-coord,0.42055
6-coord,0.568034
6-coord,0.284543
6-coord,0.751109
6-coord,0.461267
6-coord,0.682065
6-coord,0.397185
6-coord,0.720228
6-coord,0.669137
6-coord,0.385973
6-coord,0.615025
6-coord,0.488775
6-coord,0.430506
6-coord,0.687577
6-coord,0.336573
6-coord,0.713592
6-coord,0.605651
6-coord,0.357977
6-coord,0.474585
6-coord,0.311625
6-coord,0.67945
6-coord,0.556967
6-coord,0.525291
6-coord,0.549614
6-coord,0.400037
6-coord,0.664298
6-coord,0.624915
6-coord,0.427527
6-coord,0.540929
6-coord,0.524506
6-coord,0.530747
6-coord,0.603322
6-coord,0.516052
6-coord,0.53123
6-coord,0.437999
6-coord,0.65281
6-coord,0.55241
6-coord,0.715423
6-coord,0.596738
6-coord,0.695473
6-coord,0.436824
6-coord,0.594436
6-coord,0.562964
6-coord,0.414878
6-coord,0.512614
6-coord,0.348173
6-coord,0.489208
6-coord,0.623855
6-coord,0.43689
6-coord,0.287545
6-coord,0.164042
6-coord,0.618165
6-coord,0.258642
6-coord,0.694819
6-coord,0.68638
6-coord,0.385918
6-coord,0.411232
6-coord,0.425724
6-coord,0.683886
6-coord,0.598762
6-coord,0.348649
6-coord,0.744561
6-coord,0.537037
6-coord,0.304225
6-coord,0.454121
6-coord,0.447805
6-coord,0.600807
6-coord,0.217623
6-coord,0.256784
6-coord,0.666985
6-coord,0.299043
6-coord,0.553009
6-coord,0.327428
6-coord,0.66395
6-coord,0.453613
6-coord,0.624238
6-coord,0.440206
6-coord,0.552091
6-coord,0.264424
6-coord,0.544218
6-coord,0.325143
6-coord,0.603927
6-coord,0.281056
6-coord,0.685445
6-coord,0.56354
6-coord,0.358357
6-coord,0.620613
6-coord,0.329013
6-coord,0.740385
6-coord,0.607586
6-coord,0.438949
6-coord,0.540985
6-coord,0.723446
6-coord,0.56068
6-coord,0.707624
6-coord,0.536726
6-coord,0.654939
6-coord,0.591037
6-coord,0.516471
6-coord,0.518517
6-coord,0.571324
6-coord,0.510505
6-coord,0.704713
6-coord,0.637676
6-coord,0.38752
6-coord,0.382895
6-coord,0.628707
6-coord,0.560091
6-coord,0.485476
6-coord,0.616501
6-coord,0.483328
6-coord,0.721623
6-coord,0.609464
6-coord,0.560975
6-coord,0.659775
6-coord,0.436254
6-coord,0.680952
6-coord,0.554777
6-coord,0.31705
6-coord,0.623086
6-coord,0.277348
6-coord,0.324847
6-coord,0.618608
6-coord,0.646056
6-coord,0.472276
6-coord,0.602607
6-coord,0.72231
6-coord,0.519087
6-coord,0.307787
6-coord,0.682609
6-coord,0.368162
6-coord,0.638428
6-coord,0.350489
6-coord,0.557603
6-coord,0.385833
6-coord,0.575275
6-coord,0.431045
6-coord,0.69756
6-coord,0.305124
6-coord,0.695077
6-coord,0.463436
6-coord,0.717256
6-coord,0.479925
6-coord,0.494633
6-coord,0.64748
6-coord,0.333283
6-coord,0.5544
6-coord,0.507059
6-coord,0.545179
6-coord,0.485411
6-coord,0.467302
6-coord,0.286053
6-coord,0.574977
6-coord,0.285671
6-coord,0.502956
6-coord,0.745822
6-coord,0.228393
6-coord,0.674185
6-coord,0.384454
6-coord,0.336076
6-coord,0.462894
6-coord,0.613179
6-coord,0.706906
6-coord,0.598081
6-coord,0.496365
6-coord,0.534911
6-coord,0.568402
6-coord,0.704714
6-coord,0.54397
6-coord,0.74266
6-coord,0.611353
6-coord,0.73093
6-coord,0.597474
6-coord,0.663081
6-coord,0.600027
6-coord,0.644797
6-coord,0.50935
6-coord,0.59051
6-coord,0.532568
6-coord,0.221093
6-coord,0.276736
6-coord,0.612206
6-coord,0.468631
6-coord,0.639671
6-coord,0.554615
6-coord,0.520602
6-coord,0.311327
6-coord,0.535663
6-coord,0.624218
6-coord,0.465366
6-coord,0.605692
6-coord,0.712285
6-coord,0.325981
6-coord,0.419735
6-coord,0.534136
6-coord,0.190495
6-coord,0.350202
6-coord,0.694472
6-coord,0.431551
6-coord,0.727035
6-coord,0.486571
6-coord,0.348291
6-coord,0.696188
6-coord,0.445725
6-coord,0.494008
6-coord,0.523995
6-coord,0.740706
6-coord,0.326313
6-coord,0.572478
6-coord,0.317325
6-coord,0.670231
6-coord,0.555141
6-coord,0.65359
6-coord,0.580765
6-coord,0.623326
6-coord,0.357947
6-coord,0.628829
6-coord,0.306919
6-coord,0.570539
6-coord,0.491501
6-coord,0.652198
6-coord,0.476664
6-coord,0.495609
6-coord,0.314645
6-coord,0.722023
6-coord,0.364276
6-coord,0.525447
6-coord,0.47981
6-coord,0.372729
6-coord,0.624639
6-coord,0.527195
6-coord,0.370214
6-coord,0.723917
6-coord,0.405917
6-coord,0.732982
6-coord,0.713633
6-coord,0.438138
6-coord,0.621802
6-coord,0.515958
6-coord,0.673887
6-coord,0.357599
6-coord,0.661056
6-coord,0.399718
6-coord,0.670988
6-coord,0.631317
6-coord,0.526483
6-coord,0.436702
6-coord,0.485035
6-coord,0.530831
6-coord,0.635582
6-coord,0.471709
6-coord,0.327624
6-coord,0.517408
6-coord,0.586472
6-coord,0.450428
6-coord,0.551636
6-coord,0.493618
6-coord,0.662514
6-coord,0.66296
6-coord,0.697618
6-coord,0.69269
6-coord,0.563369
6-coord,0.754948
6-coord,0.583448
6-coord,0.417031
6-coord,0.524518
6-coord,0.497953
6-coord,0.301769
6-coord,0.322476
6-coord,0.664465
6-coord,0.691959
6-coord,0.218168
6-coord,0.669789
6-coord,0.388772
6-coord,0.626025
6-coord,0.308752
6-coord,0.631344
6-coord,0.302649
6-coord,0.543643
6-coord,0.366935
6-coord,0.604218
6-coord,0.37784
6-coord,0.65498
6-coord,0.442258
6-coord,0.736634
6-coord,0.224246
6-coord,0.560886
6-coord,0.297082
6-coord,0.61044
6-coord,0.361204
6-coord,0.424303
6-coord,0.620275
6-coord,0.407607
6-coord,0.613255
6-coord,0.282749
6-coord,0.617888
6-coord,0.460731
6-coord,0.697101
6-coord,0.697349
6-coord,0.363647
6-coord,0.710736
6-coord,0.456921
6-coord,0.259354
6-coord,0.729006
6-coord,0.483546
6-coord,0.482072
6-coord,0.44094
6-coord,0.62501
6-coord,0.531114
6-coord,0.561076
6-coord,0.342504
6-coord,0.650042
6-coord,0.370416
6-coord,0.679683
6-coord,0.721893
6-coord,0.249995
6-coord,0.507743
6-coord,0.56452
6-coord,0.603573
6-coord,0.722652
6-coord,0.707981
6-coord,0.447034
6-coord,0.455331
6-coord,0.681939
6-coord,0.583708
6-coord,0.629401
6-coord,0.469227
6-coord,0.638823
6-coord,0.399876
6-coord,0.638734
6-coord,0.452825
6-coord,0.481207
6-coord,0.493432
6-coord,0.4181
6-coord,0.403283
6-coord,0.670453
6-coord,0.528925
6-coord,0.308135
6-coord,0.435057
6-coord,0.658494
6-coord,0.437637
6-coord,0.718095
6-coord,0.423874
6-coord,0.613782
6-coord,0.351669
6-coord,0.72068
6-coord,0.710242
6-coord,0.39497
6-coord,0.647414
6-coord,0.701897
6-coord,0.353298
6-coord,0.453118
6-coord,0.631064
6-coord,0.340993
6-coord,0.5166
6-coord,0.542102
6-coord,0.527731
6-coord,0.418688
6-coord,0.517328
6-coord,0.683854
6-coord,0.579227
6-coord,0.64219
6-coord,0.51232
6-coord,0.677258
6-coord,0.690839
6-coord,0.303393
6-coord,0.651329
6-coord,0.498663
6-coord,0.660884
6-coord,0.429929
6-coord,0.629925
6-coord,0.583102
6-coord,0.605622
6-coord,0.727694
6-coord,0.652737
6-coord,0.557377
6-coord,0.529286
6-coord,0.698512
6-coord,0.551648
6-coord,0.541277
6-coord,0.595268
6-coord,0.531397
6-coord,0.601013
6-coord,0.553031
6-coord,0.447892
6-coord,0.511017
6-coord,0.638444
6-coord,0.608525
6-coord,0.752444
6-coord,0.546614
6-coord,0.440302
6-coord,0.411937
6-coord,0.444827
6-coord,0.519825
6-coord,0.591589
6-coord,0.599207
6-coord,0.678415
6-coord,0.560775
6-coord,0.652184
6-coord,0.554553
6-coord,0.481389
6-coord,0.429213
6-coord,0.447989
6-coord,0.393341
6-coord,0.615324
6-coord,0.651937
6-coord,0.494548
6-coord,0.525725
6-coord,0.314822
6-coord,0.648675
6-coord,0.7227
6-coord,0.398325
6-coord,0.350874
6-coord,0.381045
6-coord,0.700657
6-coord,0.287342
6-coord,0.725845
6-coord,0.517397
6-coord,0.384838
6-coord,0.454373
6-coord,0.470596
6-coord,0.440664
6-coord,0.73444
6-coord,0.432803
6-coord,0.598865
6-coord,0.584596
6-coord,0.733181
6-coord,0.661423
6-coord,0.703428
6-coord,0.607386
6-coord,0.700771
6-coord,0.319637
6-coord,0.451717
6-coord,0.676581
6-coord,0.417284
6-coord,0.298923
6-coord,0.572689
6-coord,0.52839
6-coord,0.665483
6-coord,0.572523
6-coord,0.574698
6-coord,0.617615
6-coord,0.32606
6-coord,0.495663
6-coord,0.590436
6-coord,0.627184
6-coord,0.558639
6-coord,0.633544
6-coord,0.632714
6-coord,0.544991
6-coord,0.679062
6-coord,0.369915
6-coord,0.699678
6-coord,0.577344
6-coord,0.56664
6-coord,0.56774
6-coord,0.673849
6-coord,0.64079
6-coord,0.597028
6-coord,0.561737
6-coord,0.4555
6-coord,0.649107
6-coord,0.433821
6-coord,0.477389
6-coord,0.451606
6-coord,0.503063
6-coord,0.4867
6-coord,0.470522
6-coord,0.393833
6-coord,0.640485
6-coord,0.545448
6-coord,0.3262
6-coord,0.409706
6-coord,0.639476
6-coord,0.383189
6-coord,0.706086
6-coord,0.482186
6-coord,0.389195
6-coord,0.742265
6-coord,0.397473
6-coord,0.653437
6-coord,0.699906
6-coord,0.516636
6-coord,0.72198
6-coord,0.431895
6-coord,0.744503
6-coord,0.449749
6-coord,0.447768
6-coord,0.62684
6-coord,0.615369
6-coord,0.665512
6-coord,0.429547
6-coord,0.737434
6-coord,0.684603
6-coord,0.582227
6-coord,0.352194
6-coord,0.702345
6-coord,0.380045
6-coord,0.579713
6-coord,0.275778
6-coord,0.462455
6-coord,0.514944
6-coord,0.549452
6-coord,0.524871
6-coord,0.503952
6-coord,0.46214
6-coord,0.363439
6-coord,0.647612
6-coord,0.667972
6-coord,0.457701
6-coord,0.653433
6-coord,0.405209
6-coord,0.494608
6-coord,0.556436
6-coord,0.647728
6-coord,0.444553
6-coord,0.59203
6-coord,0.486642
6-coord,0.734948
6-coord,0.512465
6-coord,0.389331
6-coord,0.657683
6-coord,0.582097
6-coord,0.620647
6-coord,0.549648
6-coord,0.363295
6-coord,0.492259
6-coord,0.502624
6-coord,0.576985
6-coord,0.632182
6-coord,0.48788
6-coord,0.614021
6-coord,0.732298
6-coord,0.669873
6-coord,0.452328
6-coord,0.481456
6-coord,0.574411
6-coord,0.701843
6-coord,0.650212
6-coord,0.607737
6-coord,0.512995
6-coord,0.580949
6-coord,0.740951
6-coord,0.61602
6-coord,0.544847
6-coord,0.376993
6-coord,0.715397
6-coord,0.562064
6-coord,0.414478
6-coord,0.628878
6-coord,0.367801
6-coord,0.671201
6-coord,0.475562
6-coord,0.60962
6-coord,0.357722
6-coord,0.633025
6-coord,0.469875
6-coord,0.326987
6-coord,0.348424
6-coord,0.691641
6-coord,0.564492
6-coord,0.599998
6-coord,0.437139
6-coord,0.405987
6-coord,0.565504
6-coord,0.415752
6-coord,0.472845
6-coord,0.490999
6-coord,0.546996
6-coord,0.472038
6-coord,0.35611
6-coord,0.410576
6-coord,0.496994
6-coord,0.705079
6-coord,0.549579
6-coord,0.415089
6-coord,0.605654
6-coord,0.671368
6-coord,0.500337
6-coord,0.388635
6-coord,0.423657
6-coord,0.574902
6-coord,0.54905
6-coord,0.502749
6-coord,0.250441
6-coord,0.480684
6-coord,0.441368
6-coord,0.411916
6-coord,0.751855
6-coord,0.398501
6-coord,0.589556
6-coord,0.371582
6-coord,0.499124
6-coord,0.467537
6-coord,0.680583
6-coord,0.607223
6-coord,0.49136
6-coord,0.501315
6-coord,0.512134
6-coord,0.211211
6-coord,0.679298
6-coord,0.690366
6-coord,0.421703
6-coord,0.708496
6-coord,0.483261
6-coord,0.654454
6-coord,0.371529
6-coord,0.700255
6-coord,0.431113
6-coord,0.318873
6-coord,0.638072
6-coord,0.34735
6-coord,0.503259
6-coord,0.638486
6-coord,0.307148
6-coord,0.545613
6-coord,0.537759
6-coord,0.684986
6-coord,0.68747
6-coord,0.58893
6-coord,0.543336
6-coord,0.658505
6-coord,0.548036
6-coord,0.510118
6-coord,0.401386
6-coord,0.483135
6-coord,0.513895
6-coord,0.609138
6-coord,0.5486
6-coord,0.436213
6-coord,0.505029
6-coord,0.480351
6-coord,0.53285
6-coord,0.41113
6-coord,0.525466
6-coord,0.450805
6-coord,0.659893
6-coord,0.504437
6-coord,0.621846
6-coord,0.336769
6-coord,0.626799
6-coord,0.445318
6-coord,0.548615
6-coord,0.398052
6-coord,0.59428
6-coord,0.417606
6-coord,0.493059
6-coord,0.590683
6-coord,0.568758
6-coord,0.729942
6-coord,0.64984
6-coord,0.396054
6-coord,0.595971
6-coord,0.603013
6-coord,0.619123
6-coord,0.71189
6-coord,0.410125
6-coord,0.665619
6-coord,0.307012
6-coord,0.431476
6-coord,0.499201
6-coord,0.753298
6-coord,0.323997
6-coord,0.698625
6-coord,0.398811
6-coord,0.735681
6-coord,0.372255
6-coord,0.558191
6-coord,0.743288
6-coord,0.496005
6-coord,0.648458
6-coord,0.54253
6-coord,0.637441
6-coord,0.668889
6-coord,0.602817
6-coord,0.623191
6-coord,0.347457
6-coord,0.406353
6-coord,0.676698
6-coord,0.582388
6-coord,0.500541
6-coord,0.387691
6-coord,0.754441
6-coord,0.55858
6-coord,0.546061
6-coord,0.512248
6-coord,0.339155
6-coord,0.550377
6-coord,0.615758
6-coord,0.509154
6-coord,0.455452
6-coord,0.601397
6-coord,0.436855
6-coord,0.474828
6-coord,0.354495
6-coord,0.66273
6-coord,0.369475
6-coord,0.336141
6-coord,0.697272
6-coord,0.660063
6-coord,0.57565
6-coord,0.33667
6-coord,0.579042
6-coord,0.472073
6-coord,0.315532
6-coord,0.271492
6-coord,0.358815
6-coord,0.720366
6-coord,0.522377
6-coord,0.750199
6-coord,0.438173
6-coord,0.664622
6-coord,0.428264
6-coord,0.695491
6-coord,0.397288
6-coord,0.657461
6-coord,0.60236
6-coord,0.373617
6-coord,0.637502
6-coord,0.290218
6-coord,0.637493
6-coord,0.618806
6-coord,0.589994
6-coord,0.527193
6-coord,0.552033
6-coord,0.473862
6-coord,0.466259
6-coord,0.493234
6-coord,0.397127
6-coord,0.330164
6-coord,0.339797
6-coord,0.549658
6-coord,0.499496
6-coord,0.47836
6-coord,0.481302
6-coord,0.3666
6-coord,0.461355
6-coord,0.479877
6-coord,0.610978
6-coord,0.476896
6-coord,0.317847
6-coord,0.486332
6-coord,0.438305
6-coord,0.471581
6-coord,0.339986
6-coord,0.539125
6-coord,0.394632
6-coord,0.711897
6-coord,0.586158
6-coord,0.658952
6-coord,0.627645
6-coord,0.427738
6-coord,0.650547
6-coord,0.627251
6-coord,0.477966
6-coord,0.712199
6-coord,0.367961
6-coord,0.474868
6-coord,0.552358
6-coord,0.386484
6-coord,0.516749
6-coord,0.438133
6-coord,0.590512
6-coord,0.627131
6-coord,0.469045
6-coord,0.712743
6-coord,0.419313
6-coord,0.313463
6-coord,0.640536
6-coord,0.25359
6-coord,0.704272
6-coord,0.488155
6-coord,0.515267
6-coord,0.419901
6-coord,0.373599
6-coord,0.418241
6-coord,0.43958
6-coord,0.40174
6-coord,0.349336
6-coord,0.362741
6-coord,0.441772
6-coord,0.389606
6-coord,0.429892
6-coord,0.432372
6-coord,0.443326
6-coord,0.529802
6-coord,0.622643
6-coord,0.335041
6-coord,0.311783
6-coord,0.303661
6-coord,0.499675
6-coord,0.401776
6-coord,0.471455
6-coord,0.44817
6-coord,0.403681
6-coord,0.466449
6-coord,0.280298
6-coord,0.366657
6-coord,0.432601
6-coord,0.443736
6-coord,0.637319
6-coord,0.598713
6-coord,0.463043
6-coord,0.509456
6-coord,0.28828
6-coord,0.553016
6-coord,0.438978
6-coord,0.182544
6-coord,0.713902
6-coord,0.339608
6-coord,0.71825
6-coord,0.290312
6-coord,0.545622
6-coord,0.448305
6-coord,0.605187
6-coord,0.423801
6-coord,0.73653
6-coord,0.258682
6-coord,0.67763
6-coord,0.232678
6-coord,0.695384
6-coord,0.754327
6-coord,0.396556
6-coord,0.511672
6-coord,0.345051
6-coord,0.528831
6-coord,0.407916
6-coord,0.488803
6-coord,0.394744
6-coord,0.392943
6-coord,0.539905
6-coord,0.453216
6-coord,0.526058
6-coord,0.420684
6-coord,0.451508
6-coord,0.46073
6-coord,0.432075
6-coord,0.371042
6-coord,0.402587
6-coord,0.679262
6-coord,0.37096
6-coord,0.324499
6-coord,0.480616
6-coord,0.355851
6-coord,0.384237
6-coord,0.458003
6-coord,0.358972
6-coord,0.269405
6-coord,0.272476
6-coord,0.29613
6-coord,0.27289
6-coord,0.563192
6-coord,0.420831
6-coord,0.417325
6-coord,0.245268
6-coord,0.433267
6-coord,0.546608
6-coord,0.680762
6-coord,0.464374
6-coord,0.421604
6-coord,0.433195
6-coord,0.377701
6-coord,0.537654
6-coord,0.455774
6-coord,0.662195
6-coord,0.27792
6-coord,0.312788
6-coord,0.586402
6-coord,0.204166
6-coord,0.66645
6-coord,0.22342
6-coord,0.502524
6-coord,0.276853
6-coord,0.58866
6-coord,0.304395
6-coord,0.58829
6-coord,0.722404
6-coord,0.332725
6-coord,0.671569
6-coord,0.599148
6-coord,0.648658
6-coord,0.353021
6-coord,0.361271
6-coord,0.297848
6-coord,0.299803
6-coord,0.457345
6-coord,0.415006
6-coord,0.43715
6-coord,0.556461
6-coord,0.43492
6-coord,0.401759
6-coord,0.437972
6-coord,0.435471
6-coord,0.639375
6-coord,0.558947
6-coord,0.329283
6-coord,0.40723
6-coord,0.326424
6-coord,0.503956
6-coord,0.509349
6-coord,0.344693
6-coord,0.343137
6-coord,0.238
6-coord,0.377254
6-coord,0.325336
6-coord,0.589986
6-coord,0.238804
6-coord,0.525553
6-coord,0.561782
6-coord,0.305856
6-coord,0.197626
6-coord,0.575304
6-coord,0.611328
6-coord,0.591909
6-coord,0.417398
6-coord,0.364043
6-coord,0.409813
6-coord,0.419579
6-coord,0.453812
6-coord,0.340891
6-coord,0.694956
6-coord,0.341756
6-coord,0.651788
6-coord,0.205083
6-coord,0.235233
6-coord,0.612286
6-coord,0.557478
6-coord,0.638204
6-coord,0.132174
6-coord,0.610379
6-coord,0.304719
6-coord,0.263879
6-coord,0.429128
6-coord,0.467863
6-coord,0.517187
6-coord,0.627458
6-coord,0.193476
6-coord,0.574329
6-coord,0.505707
6-coord,0.541586
6-coord,0.221894
6-coord,0.533156
6-coord,0.550959
6-coord,0.335837
6-coord,0.563614
6-coord,0.359963
6-coord,0.327312
6-coord,0.393187
6-coord,0.490422
6-coord,0.319135
6-coord,0.63069
6-coord,0.448715
6-coord,0.198803
6-coord,0.353218
6-coord,0.535591
6-coord,0.369536
6-coord,0.491609
6-coord,0.411987
6-coord,0.364568
6-coord,0.431906
6-coord,0.455215
6-coord,0.343386
6-coord,0.585925
6-coord,0.330018
6-coord,0.48533
6-coord,0.338857
6-coord,0.592174
6-coord,0.653788
6-coord,0.232018
6-coord,0.405129
6-coord,0.541249
6-coord,0.253731
6-coord,0.601782
6-coord,0.28397
6-coord,0.329684
6-coord,0.611158
6-coord,0.474719
6-coord,0.421181
6-coord,0.349111
6-coord,0.513829
6-coord,0.526191
6-coord,0.187252
6-coord,0.69584
6-coord,0.245977
6-coord,0.446244
6-coord,0.525072
6-coord,0.406807
6-coord,0.506335
6-coord,0.524086
6-coord,0.198985
6-coord,0.511428
6-coord,0.624155
6-coord,0.248377
6-coord,0.582832
6-coord,0.292391
6-coord,0.570752
6-coord,0.396437
6-coord,0.706774
6-coord,0.483117
6-coord,0.511042
6-coord,0.563947
6-coord,0.286261
6-coord,0.468364
6-coord,0.611134
6-coord,0.425904
6-coord,0.511958
6-coord,0.557596
6-coord,0.329356
6-coord,0.347005
6-coord,0.630082
6-coord,0.648931
6-coord,0.638679
6-coord,0.476658
6-coord,0.361701
6-coord,0.251369
6-coord,0.562113
6-coord,0.4172
6-coord,0.556203
6-coord,0.451633
6-coord,0.523057
6-coord,0.341731
6-coord,0.469958
6-coord,0.334146
6-coord,0.639173
6-coord,0.52328
6-coord,0.514568
6-coord,0.606046
6-coord,0.420054
6-coord,0.450619
6-coord,0.442279
6-coord,0.417004
6-coord,0.414589
6-coord,0.458282
6-coord,0.239854
6-coord,0.706998
6-coord,0.283562
6-coord,0.662832
6-coord,0.204697
6-coord,0.569243
6-coord,0.348273
6-coord,0.720199
6-coord,0.194007
6-coord,0.495222
6-coord,0.143185
6-coord,0.598796
6-coord,0.441953
6-coord,0.321645
6-coord,0.605936
6-coord,0.33716
6-coord,0.44494
6-coord,0.601133
6-coord,0.479023
6-coord,0.37777
6-coord,0.513678
6-coord,0.526544
6-coord,0.438099
6-coord,0.596073
6-coord,0.549811
6-coord,0.465072
6-coord,0.619427
6-coord,0.374716
6-coord,0.465514
6-coord,0.47852
6-coord,0.45417
6-coord,0.426707
6-coord,0.406534
6-coord,0.644527
6-coord,0.513482
6-coord,0.345029
6-coord,0.520457
6-coord,0.448466
6-coord,0.490998
6-coord,0.375183
6-coord,0.420507
6-coord,0.288214
6-coord,0.540678
6-coord,0.243143
6-coord,0.576199
6-coord,0.286583
6-coord,0.592883
6-coord,0.420598
6-coord,0.627205
6-coord,0.563554
6-coord,0.546905
6-coord,0.338799
6-coord,0.511647
6-coord,0.37055
6-coord,0.287092
6-coord,0.689761
6-coord,0.197051
6-coord,0.382343
6-coord,0.690068
6-coord,0.263283
6-coord,0.401153
6-coord,0.18229
6-coord,0.449614
6-coord,0.669901
6-coord,0.196221
6-coord,0.496591
6-coord,0.670606
6-coord,0.430465
6-coord,0.55321
6-coord,0.324593
6-coord,0.565658
6-coord,0.576896
6-coord,0.484609
6-coord,0.670765
6-coord,0.42041
6-coord,0.627509
6-coord,0.366881
6-coord,0.675817
6-coord,0.570608
6-coord,0.600583
6-coord,0.452681
6-coord,0.471668
6-coord,0.48287
6-coord,0.590668
6-coord,0.336573
6-coord,0.356724
6-coord,0.473045
6-coord,0.371576
6-coord,0.474389
6-coord,0.363469
6-coord,0.486066
6-coord,0.311754
6-coord,0.53954
6-coord,0.551232
6-coord,0.417588
6-coord,0.392969
6-coord,0.476037
6-coord,0.27981
6-coord,0.535067
6-coord,0.646669
6-coord,0.642421
6-coord,0.35274
6-coord,0.485017
6-coord,0.201995
6-coord,0.414409
6-coord,0.104026
6-coord,0.25344
6-coord,0.294791
6-coord,0.542868
6-coord,0.452725
6-coord,0.733487
6-coord,0.35666
6-coord,0.562481
6-coord,0.378565
6-coord,0.64513
6-coord,0.359078
6-coord,0.547616
6-coord,0.252345
6-coord,0.412768
6-coord,0.591088
6-coord,0.361642
6-coord,0.326326
6-coord,0.682197
6-coord,0.33093
6-coord,0.698983
6-coord,0.336208
6-coord,0.676603
6-coord,0.400292
6-coord,0.54192
6-coord,0.754115
6-coord,0.567834
6-coord,0.581396
6-coord,0.532205
6-coord,0.579215
6-coord,0.492137
6-coord,0.567912
6-coord,0.702601
6-coord,0.456654
6-coord,0.447537
6-coord,0.611473
6-coord,0.501562
6-coord,0.232151
6-coord,0.599057
6-coord,0.314178
6-coord,0.381004
6-coord,0.613658
6-coord,0.319491
6-coord,0.337117
6-coord,0.485704
6-coord,0.563005
6-coord,0.30604
6-coord,0.422286
6-coord,0.248958
6-coord,0.334506
6-coord,0.276571
6-coord,0.384965
6-coord,0.664501
6-coord,0.473643
6-coord,0.445766
6-coord,0.392958
6-coord,0.366872
6-coord,0.353451
6-coord,0.580759
6-coord,0.381136
6-coord,0.489102
6-coord,0.267125
6-coord,0.50683
6-coord,0.260082
6-coord,0.445074
6-coord,0.170933
6-coord,0.488488
6-coord,0.251873
6-coord,0.582389
6-coord,0.250792
6-coord,0.637442
6-coord,0.313214
6-coord,0.406628
6-coord,0.532239
6-coord,0.524405
6-coord,0.502153
6-coord,0.535498
6-coord,0.342685
6-coord,0.570147
6-coord,0.358666
6-coord,0.561248
6-coord,0.634343
6-coord,0.434116
6-coord,0.479268
6-coord,0.575087
6-coord,0.655185
6-coord,0.462802
6-coord,0.525958
6-coord,0.741507
6-coord,0.535049
6-coord,0.444455
6-coord,0.656729
6-coord,0.598739
6-coord,0.492889
6-coord,0.547196
6-coord,0.57248
6-coord,0.434547
6-coord,0.591254
6-coord,0.448087
6-coord,0.455656
6-coord,0.438002
6-coord,0.479783
6-coord,0.518394
6-coord,0.324767
6-coord,0.629719
6-coord,0.38669
6-coord,0.457818
6-coord,0.271052
6-coord,0.643561
6-coord,0.583702
6-coord,0.552192
6-coord,0.428379
6-coord,0.376217
6-coord,0.19383
6-coord,0.447496
6-coord,0.273252
6-coord,0.522144
6-coord,0.305552
6-coord,0.671133
6-coord,0.262358
6-coord,0.561806
6-coord,0.302613
6-coord,0.609481
6-coord,0.271578
6-coord,0.743249
6-coord,0.179071
6-coord,0.458865
6-coord,0.039094
6-coord,0.481666
6-coord,0.388086
6-coord,0.197556
6-coord,0.542113
6-coord,0.522819
6-coord,0.633928
6-coord,0.353124
6-coord,0.538283
6-coord,0.365924
6-coord,0.628229
6-coord,0.480784
6-coord,0.564601
6-coord,0.473299
6-coord,0.627319
6-coord,0.508971
6-coord,0.576377
6-coord,0.500404
6-coord,0.535382
6-coord,0.636021
6-coord,0.475039
6-coord,0.467005
6-coord,0.303277
6-coord,0.490589
6-coord,0.4494
6-coord,0.485539
6-coord,0.576289
6-coord,0.72931
6-coord,0.543316
6-coord,0.56592
6-coord,0.323929
6-coord,0.537327
6-coord,0.225253
6-coord,0.570747
6-coord,0.486731
6-coord,0.441026
6-coord,0.334407
6-coord,0.591876
6-coord,0.520249
6-coord,0.419298
6-coord,0.643082
6-coord,0.523856
6-coord,0.305177
6-coord,0.501035
6-coord,0.424091
6-coord,0.218202
6-coord,0.340024
6-coord,0.585685
6-coord,0.21876
6-coord,0.558202
6-coord,0.420041
6-coord,0.733458
6-coord,0.175334
6-coord,0.462404
6-coord,0.398571
6-coord,0.585894
6-coord,0.5288
6-coord,0.337348
6-coord,0.718725
6-coord,0.72919
6-coord,0.3697
6-coord,0.597489
6-coord,0.259361
6-coord,0.384725
6-coord,0.41491
6-coord,0.562204
6-coord,0.434081
6-coord,0.481438
6-coord,0.510562
6-coord,0.554083
6-coord,0.454436
6-coord,0.364585
6-coord,0.66815
6-coord,0.420217
6-coord,0.536711
6-coord,0.420192
6-coord,0.626705
6-coord,0.582544
6-coord,0.398173
6-coord,0.380692
6-coord,0.45153
6-coord,0.442145
6-coord,0.578357
6-coord,0.696996
6-coord,0.454627
6-coord,0.226086
6-coord,0.593228
6-coord,0.305228
6-coord,0.441986
6-coord,0.247029
6-coord,0.444905
6-coord,0.239284
6-coord,0.583415
6-coord,0.481965
6-coord,0.473952
6-coord,0.555478
6-coord,0.062026
6-coord,0.529008
6-coord,0.296787
6-coord,0.553101
6-coord,0.622772
6-coord,0.159238
6-coord,0.637434
6-coord,0.209278
6-coord,0.501333
6-coord,0.216265
6-coord,0.601729
6-coord,0.42593
6-coord,0.610636
6-coord,0.167241
6-coord,0.582499
6-coord,0.249654
6-coord,0.581144
6-coord,0.616382
6-coord,0.131191
6-coord,0.565302
6-coord,0.62997
6-coord,0.279134
6-coord,0.682321
6-coord,0.261331
6-coord,0.403546
6-coord,0.451177
6-coord,0.272511
6-coord,0.726
6-coord,0.420622
6-coord,0.648756
6-coord,0.447551
6-coord,0.297598
6-coord,0.413684
6-coord,0.475511
6-coord,0.446211
6-coord,0.621184
6-coord,0.431982
6-coord,0.450333
6-coord,0.44948
6-coord,0.29726
6-coord,0.653528
6-coord,0.311627
6-coord,0.3633
6-coord,0.680319
6-coord,0.431428
6-coord,0.521943
6-coord,0.4181
6-coord,0.46959
6-coord,0.222794
6-coord,0.423052
6-coord,0.244652
6-coord,0.601082
6-coord,0.245281
6-coord,0.705603
6-coord,0.545198
6-coord,0.749519
6-coord,0.614531
6-coord,0.551834
6-coord,0.539973
6-coord,0.523924
6-coord,0.675685
6-coord,0.341073
6-coord,0.607386
6-coord,0.363598
6-coord,0.267765
6-coord,0.391198
6-coord,0.266383
6-coord,0.643965
6-coord,0.279015
6-coord,0.471029
6-coord,0.645297
6-coord,0.210635
6-coord,0.585586
6-coord,0.622851
6-coord,0.535484
6-coord,0.577453
6-coord,0.446543
6-coord,0.40663
6-coord,0.397177
6-coord,0.596492
6-coord,0.497166
6-coord,0.210977
6-coord,0.557203
6-coord,0.622616
6-coord,0.414386
6-coord,0.365269
6-coord,0.450164
6-coord,0.177514
6-coord,0.453094
6-coord,0.306878
6-coord,0.447417
6-coord,0.381429
6-coord,0.503803
6-coord,0.41161
6-coord,0.487781
6-coord,0.450066
6-coord,0.376833
6-coord,0.344769
6-coord,0.597139
6-coord,0.458655
6-coord,0.604912
6-coord,0.317105
6-coord,0.381772
6-coord,0.499917
6-coord,0.415883
6-coord,0.401892
6-coord,0.51796
6-coord,0.28255
6-coord,0.371605
6-coord,0.4517
6-coord,0.165471
6-coord,0.520257
6-coord,0.26739
6-coord,0.541009
6-coord,0.385029
6-coord,0.454184
6-coord,0.265156
6-coord,0.433765
6-coord,0.485589
6-coord,0.295487
6-coord,0.411368
6-coord,0.476205
6-coord,0.568343
6-coord,0.29539
6-coord,0.368818
6-coord,0.667582
6-coord,0.537888
6-coord,0.642987
6-coord,0.625117
6-coord,0.545526
6-coord,0.381971
6-coord,0.576758
6-coord,0.613931
6-coord,0.541086
6-coord,0.596211
6-coord,0.534824
6-coord,0.660861
6-coord,0.691426
6-coord,0.734905
6-coord,0.438097
6-coord,0.683296
6-coord,0.408048
6-coord,0.619938
6-coord,0.581495
6-coord,0.431373
6-coord,0.619571
6-coord,0.726372
6-coord,0.27319
6-coord,0.520286
6-coord,0.1773
6-coord,0.520491
6-coord,0.262972
6-coord,0.568804
6-coord,0.314365
6-coord,0.522062
6-coord,0.257927
6-coord,0.590747
6-coord,0.427679
6-coord,0.532013
6-coord,0.617833
6-coord,0.616221
6-coord,0.53477
6-coord,0.491738
6-coord,0.65223
6-coord,0.5184
6-coord,0.509833
6-coord,0.215771
6-coord,0.461673
6-coord,0.248554
6-coord,0.416135
6-coord,0.275919
6-coord,0.344732
6-coord,0.290607
6-coord,0.471954
6-coord,0.357047
6-coord,0.441422
6-coord,0.331065
6-coord,0.449492
6-coord,0.44148
6-coord,0.321031
6-coord,0.448389
6-coord,0.605277
6-coord,0.44115
6-coord,0.610888
6-coord,0.480541
6-coord,0.409223
6-coord,0.388023
6-coord,0.344027
6-coord,0.65151
6-coord,0.404161
6-coord,0.488634
6-coord,0.535422
6-coord,0.612842
6-coord,0.499784
6-coord,0.545283
6-coord,0.280352
6-coord,0.541651
6-coord,0.309802
6-coord,0.739338
6-coord,0.519316
6-coord,0.3231
6-coord,0.258645
6-coord,0.739225
6-coord,0.705366
6-coord,0.451821
6-coord,0.654461
6-coord,0.29487
6-coord,0.591511
6-coord,0.256149
6-coord,0.708732
6-coord,0.226371
6-coord,0.521283
6-coord,0.462195
6-coord,0.741634
6-coord,0.483803
6-coord,0.390131
6-coord,0.3326
6-coord,0.510845
6-coord,0.6074
6-coord,0.573945
6-coord,0.648594
6-coord,0.358103
6-coord,0.216574
6-coord,0.324726
6-coord,0.436701
6-coord,0.649566
6-coord,0.527198
6-coord,0.43447
6-coord,0.502384
6-coord,0.564398
6-coord,0.534668
6-coord,0.537806
6-coord,0.385694
6-coord,0.48739
6-coord,0.478419
6-coord,0.442444
6-coord,0.585611
6-coord,0.392591
6-coord,0.506204
6-coord,0.664261
6-coord,0.480539
6-coord,0.486066
6-coord,0.483679
6-coord,0.605481
6-coord,0.748275
6-coord,0.589903
6-coord,0.621234
6-coord,0.618933
6-coord,0.586622
6-coord,0.441302
6-coord,0.752531
6-coord,0.252978
6-coord,0.537991
6-coord,0.586041
6-coord,0.274359
6-coord,0.604505
6-coord,0.668956
6-coord,0.361186
6-coord,0.512906
6-coord,0.358331
6-coord,0.587349
6-coord,0.404216
6-coord,0.634531
6-coord,0.203215
6-coord,0.390163
6-coord,0.641541
6-coord,0.407883
6-coord,0.488835
6-coord,0.535162
6-coord,0.52044
6-coord,0.364902
6-coord,0.550718
6-coord,0.596922
6-coord,0.475062
6-coord,0.488944
6-coord,0.489608
6-coord,0.402889
6-coord,0.46107
6-coord,0.612432
6-coord,0.226169
6-coord,0.437774
6-coord,0.461828
6-coord,0.529144
6-coord,0.483159
6-coord,0.675605
6-coord,0.325481
6-coord,0.510315
6-coord,0.435686
6-coord,0.435001
6-coord,0.487905
6-coord,0.45988
6-coord,0.57922
6-coord,0.545031
6-coord,0.617043
6-coord,0.53447
6-coord,0.615162
6-coord,0.580065
6-coord,0.499375
6-coord,0.630287
6-coord,0.687517
6-coord,0.751591
6-coord,0.508374
6-coord,0.636678
6-coord,0.651148
6-coord,0.346704
6-coord,0.533044
6-coord,0.250865
6-coord,0.563678
6-coord,0.647179
6-coord,0.279891
6-coord,0.60907
6-coord,0.554551
6-coord,0.234008
6-coord,0.68451
6-coord,0.180274
6-coord,0.64566
6-coord,0.224058
6-coord,0.523967
6-coord,0.431872
6-coord,0.698284
6-coord,0.464275
6-coord,0.599217
6-coord,0.084353
6-coord,0.35426
6-coord,0.491199
6-coord,0.228386
6-coord,0.508141
6-coord,0.721618
6-coord,0.700596
6-coord,0.675103
6-coord,0.41423
6-coord,0.365409
6-coord,0.618895
6-coord,0.47751
6-coord,0.387339
6-coord,0.322681
6-coord,0.50904
6-coord,0.318447
6-coord,0.52075
6-coord,0.57714
6-coord,0.588033
6-coord,0.466991
6-coord,0.469916
6-coord,0.575675
6-coord,0.407841
6-coord,0.429568
6-coord,0.490692
6-coord,0.488586
6-coord,0.479371
6-coord,0.463599
6-coord,0.589291
6-coord,0.530808
6-coord,0.530916
6-coord,0.664543
6-coord,0.673504
6-coord,0.713078
6-coord,0.571728
6-coord,0.46129
6-coord,0.602747
6-coord,0.727399
6-coord,0.366066
6-coord,0.56189
6-coord,0.315225
6-coord,0.58161
6-coord,0.623833
6-coord,0.246091
6-coord,0.670589
6-coord,0.606946
6-coord,0.227687
6-coord,0.675092
6-coord,0.274871
6-coord,0.636475
6-coord,0.290258
6-coord,0.497768
6-coord,0.42818
6-coord,0.262021
6-coord,0.628426
6-coord,0.422345
6-coord,0.439644
6-coord,0.54885
6-coord,0.150993
6-coord,0.378622
6-coord,0.518611
6-coord,0.59158
6-coord,0.593275
6-coord,0.373804
6-coord,0.391632
6-coord,0.559962
6-coord,0.309384
6-coord,0.435625
6-coord,0.291534
6-coord,0.458669
6-coord,0.453679
6-coord,0.602165
6-coord,0.426932
6-coord,0.592722
6-coord,0.414879
6-coord,0.5036
6-coord,0.461108
6-coord,0.541848
6-coord,0.722697
6-coord,0.504833
6-coord,0.445387
6-coord,0.708705
6-coord,0.616737
6-coord,0.603965
6-coord,0.641778
6-coord,0.582086
6-coord,0.538502
6-coord,0.640722
6-coord,0.596071
6-coord,0.623159
6-coord,0.664165
6-coord,0.604198
6-coord,0.383296
6-coord,0.489358
6-coord,0.51619
6-coord,0.251232
6-coord,0.50106
6-coord,0.343176
6-coord,0.40016
6-coord,0.623473
6-coord,0.233095
6-coord,0.427549
6-coord,0.380775
6-coord,0.209287
6-coord,0.527694
6-coord,0.425412
6-coord,0.489339
6-coord,0.624356
6-coord,0.378452
6-coord,0.494381
6-coord,0.451422
6-coord,0.649296
6-coord,0.606371
6-coord,0.388316
6-coord,0.511142
6-coord,0.496698
6-coord,0.213736
6-coord,0.468413
6-coord,0.333328
6-coord,0.520674
6-coord,0.336394
6-coord,0.442516
6-coord,0.51437
6-coord,0.611936
6-coord,0.568501
6-coord,0.609544
6-coord,0.696387
6-coord,0.631717
6-coord,0.469345
6-coord,0.710971
6-coord,0.495107
6-coord,0.688089
6-coord,0.573623
6-coord,0.581953
6-coord,0.492548
6-coord,0.370077
6-coord,0.662717
6-coord,0.489509
6-coord,0.501373
6-coord,0.662138
6-coord,0.587698
6-coord,0.553203
6-coord,0.70198
6-coord,0.380095
6-coord,0.607405
6-coord,0.343612
6-coord,0.545553
6-coord,0.520224
6-coord,0.263631
6-coord,0.628419
6-coord,0.446468
6-coord,0.584831
6-coord,0.702838
6-coord,0.304076
6-coord,0.702293
6-coord,0.33783
6-coord,0.577124
6-coord,0.295317
6-coord,0.599403
6-coord,0.248027
6-coord,0.483783
6-coord,0.402798
6-coord,0.387839
6-coord,0.595142
6-coord,0.452442
6-coord,0.421739
6-coord,0.586211
6-coord,0.603267
6-coord,0.575755
6-coord,0.400323
6-coord,0.284376
6-coord,0.440018
6-coord,0.649359
6-coord,0.516018
6-coord,0.410217
6-coord,0.532162
6-coord,0.428504
6-coord,0.605231
6-coord,0.432325
6-coord,0.587473
6-coord,0.573678
6-coord,0.642804
6-coord,0.731445
6-coord,0.553501
6-coord,0.545097
6-coord,0.61701
6-coord,0.697097
6-coord,0.459337
6-coord,0.635084
6-coord,0.498962
6-coord,0.415014
6-coord,0.590498
6-coord,0.688112
6-coord,0.479619
6-coord,0.475084
6-coord,0.578233
6-coord,0.522173
6-coord,0.588494
6-coord,0.364132
6-coord,0.548251
6-coord,0.629687
6-coord,0.409833
6-coord,0.526022
6-coord,0.23141
6-coord,0.667776
6-coord,0.721986
6-coord,0.403584
6-coord,0.587263
6-coord,0.295993
6-coord,0.431168
6-coord,0.363998
6-coord,0.606745
6-coord,0.257496
6-coord,0.616445
6-coord,0.598544
6-coord,0.309973
6-coord,0.505626
6-coord,0.449213
6-coord,0.696656
6-coord,0.459265
6-coord,0.54582
6-coord,0.398057
6-coord,0.719146
6-coord,0.425429
6-coord,0.413849
6-coord,0.292746
6-coord,0.653557
6-coord,0.348469
6-coord,0.520932
6-coord,0.644891
6-coord,0.487812
6-coord,0.485177
6-coord,0.706619
6-coord,0.538013
6-coord,0.545615
6-coord,0.598403
6-coord,0.657087
6-coord,0.412139
6-coord,0.545872
6-coord,0.554556
6-coord,0.659873
6-coord,0.464942
6-coord,0.518932
6-coord,0.515122
6-coord,0.536491
6-coord,0.564766
6-coord,0.634319
6-coord,0.652841
6-coord,0.649654
6-coord,0.660751
6-coord,0.543394
6-coord,0.501008
6-coord,0.547908
6-coord,0.310934
6-coord,0.591253
6-coord,0.689916
6-coord,0.531803
6-coord,0.313878
6-coord,0.540432
6-coord,0.463355
6-coord,0.430703
6-coord,0.523909
6-coord,0.315893
6-coord,0.666157
6-coord,0.405688
6-coord,0.69162
6-coord,0.731757
6-coord,0.273448
6-coord,0.750924
6-coord,0.528959
6-coord,0.718736
6-coord,0.341161
6-coord,0.488534
6-coord,0.434647
6-coord,0.328401
6-coord,0.451788
6-coord,0.523324
6-coord,0.638783
6-coord,0.388193
6-coord,0.311435
6-coord,0.656611
6-coord,0.424566
6-coord,0.65117
6-coord,0.275729
6-coord,0.563911
6-coord,0.465823
6-coord,0.592539
6-coord,0.521901
6-coord,0.409463
6-coord,0.574586
6-coord,0.395811
6-coord,0.458934
6-coord,0.552089
6-coord,0.54358
6-coord,0.39338
6-coord,0.574036
6-coord,0.583811
6-coord,0.463587
6-coord,0.454502
6-coord,0.588696
6-coord,0.716045
6-coord,0.69576
6-coord,0.735598
6-coord,0.682305
6-coord,0.594907
6-coord,0.611262
6-coord,0.640636
6-coord,0.094346
6-coord,0.619144
6-coord,0.343109
6-coord,0.608537
6-coord,0.618977
6-coord,0.330274
6-coord,0.504845
6-coord,0.584172
6-coord,0.339205
6-coord,0.513951
6-coord,0.569851
6-coord,0.580706
6-coord,0.660854
6-coord,0.266567
6-coord,0.607453
6-coord,0.345256
6-coord,0.660668
6-coord,0.406534
6-coord,0.616347
6-coord,0.464092
6-coord,0.567811
6-coord,0.554368
6-coord,0.402881
6-coord,0.418277
6-coord,0.483997
6-coord,0.717303
6-coord,0.437909
6-coord,0.303188
6-coord,0.434174
6-coord,0.284105
6-coord,0.344074
6-coord,0.354077
6-coord,0.390477
6-coord,0.446547
6-coord,0.484521
6-coord,0.588942
6-coord,0.439562
6-coord,0.433697
6-coord,0.457944
6-coord,0.439666
6-coord,0.292433
6-coord,0.508886
6-coord,0.574589
6-coord,0.636563
6-coord,0.502568
6-coord,0.544993
6-coord,0.624796
6-coord,0.503167
6-coord,0.6296
6-coord,0.632647
6-coord,0.436581
6-coord,0.694973
6-coord,0.461345
6-coord,0.635058
6-coord,0.174562
6-coord,0.52901
6-coord,0.542949
6-coord,0.315391
6-coord,0.701682
6-coord,0.405604
6-coord,0.14941
6-coord,0.445775
6-coord,0.651833
6-coord,0.353279
6-coord,0.666102
6-coord,0.283637
6-coord,0.599471
6-coord,0.421673
6-coord,0.619504
6-coord,0.296373
6-coord,0.357939
6-coord,0.454899
6-coord,0.091955
6-coord,0.410079
6-coord,0.444951
6-coord,0.691139
6-coord,0.392941
6-coord,0.48808
6-coord,0.580225
6-coord,0.588034
6-coord,0.476579
6-coord,0.467489
6-coord,0.659415
6-coord,0.462989
6-coord,0.549917
6-coord,0.616034
6-coord,0.496889
6-coord,0.43998
6-coord,0.535972
6-coord,0.530907
6-coord,0.532663
6-coord,0.612643
6-coord,0.661349
6-coord,0.576492
6-coord,0.728101
6-coord,0.664208
6-coord,0.418504
6-coord,0.647572
6-coord,0.678101
6-coord,0.225868
6-coord,0.573374
6-coord,0.349619
6-coord,0.558707
6-coord,0.591278
6-coord,0.287407
6-coord,0.537391
6-coord,0.51443
6-coord,0.263346
6-coord,0.445359
6-coord,0.395454
6-coord,0.681744
6-coord,0.227005
6-coord,0.535025
6-coord,0.296786
6-coord,0.333859
6-coord,0.608431
6-coord,0.217762
6-coord,0.571508
6-coord,0.503089
6-coord,0.19737
6-coord,0.376709
6-coord,0.517701
6-coord,0.627405
6-coord,0.540489
6-coord,0.374402
6-coord,0.250684
6-coord,0.502889
6-coord,0.310653
6-coord,0.450449
6-coord,0.221502
6-coord,0.513103
6-coord,0.52341
6-coord,0.626744
6-coord,0.587476
6-coord,0.384667
6-coord,0.434601
6-coord,0.476651
6-coord,0.457473
6-coord,0.542351
6-coord,0.65972
6-coord,0.557882
6-coord,0.678912
6-coord,0.580835
6-coord,0.702054
6-coord,0.562045
6-coord,0.597184
6-coord,0.610997
6-coord,0.74196
6-coord,0.702926
6-coord,0.63284
6-coord,0.662844
6-coord,0.370646
6-coord,0.648859
6-coord,0.299649
6-coord,0.520363
6-coord,0.520145
6-coord,0.072513
6-coord,0.553058
6-coord,0.522867
6-coord,0.277067
6-coord,0.503101
6-coord,0.203398
6-coord,0.67923
6-coord,0.28603
6-coord,0.64748
6-coord,0.264452
6-coord,0.509513
6-coord,0.268336
6-coord,0.432987
6-coord,0.367849
6-coord,0.454089
6-coord,0.660825
6-coord,0.323943
6-coord,0.479156
6-coord,0.56664
6-coord,0.596688
6-coord,0.455639
6-coord,0.319141
6-coord,0.448535
6-coord,0.602223
6-coord,0.369394
6-coord,0.386284
6-coord,0.482998
6-coord,0.510676
6-coord,0.502551
6-coord,0.683041
6-coord,0.581017
6-coord,0.529374
6-coord,0.496701
6-coord,0.722662
6-coord,0.436618
6-coord,0.409943
6-coord,0.598024
6-coord,0.65434
6-coord,0.552409
6-coord,0.588671
6-coord,0.606139
6-coord,0.592125
6-coord,0.611025
6-coord,0.627842
6-coord,0.6952
6-coord,0.551423
6-coord,0.537043
6-coord,0.559817
6-coord,0.51661
6-coord,0.69938
6-coord,0.62007
6-coord,0.305647
6-coord,0.644442
6-coord,0.298862
6-coord,0.582073
6-coord,0.645052
6-coord,0.202155
6-coord,0.641878
6-coord,0.691568
6-coord,0.207482
6-coord,0.670695
6-coord,0.19134
6-coord,0.517182
6-coord,0.311916
6-coord,0.569276
6-coord,0.35437
6-coord,0.610145
6-coord,0.287764
6-coord,0.567964
6-coord,0.250336
6-coord,0.51124
6-coord,0.412538
6-coord,0.424799
6-coord,0.509023
6-coord,0.506255
6-coord,0.631493
6-coord,0.447937
6-coord,0.520421
6-coord,0.38655
6-coord,0.589115
6-coord,0.412135
6-coord,0.555876
6-coord,0.269158
6-coord,0.572931
6-coord,0.438879
6-coord,0.609031
6-coord,0.380562
6-coord,0.623507
6-coord,0.460525
6-coord,0.545764
6-coord,0.528831
6-coord,0.360419
6-coord,0.465526
6-coord,0.526419
6-coord,0.724099
6-coord,0.415648
6-coord,0.542627
6-coord,0.677743
6-coord,0.488431
6-coord,0.528747
6-coord,0.701491
6-coord,0.676331
6-coord,0.730356
6-coord,0.653551
6-coord,0.741329
6-coord,0.600634
6-coord,0.235303
6-coord,0.645626
6-coord,0.449337
6-coord,0.592712
6-coord,0.424753
6-coord,0.319311
6-coord,0.682049
6-coord,0.439442
6-coord,0.201347
6-coord,0.421512
6-coord,0.135789
6-coord,0.694763
6-coord,0.295752
6-coord,0.59619
6-coord,0.295895
6-coord,0.332663
6-coord,0.539301
6-coord,0.244429
6-coord,0.468088
6-coord,0.552469
6-coord,0.307187
6-coord,0.528509
6-coord,0.447059
6-coord,0.453952
6-coord,0.349607
6-coord,0.428185
6-coord,0.490585
6-coord,0.498759
6-coord,0.400275
6-coord,0.434885
6-coord,0.260671
6-coord,0.347798
6-coord,0.224494
6-coord,0.363566
6-coord,0.291824
6-coord,0.529305
6-coord,0.386457
6-coord,0.548055
6-coord,0.664198
6-coord,0.362172
6-coord,0.442687
6-coord,0.676798
6-coord,0.625264
6-coord,0.700764
6-coord,0.561267
6-coord,0.701611
6-coord,0.452326
6-coord,0.548109
6-coord,0.68971
6-coord,0.663125
6-coord,0.612796
6-coord,0.457153
6-coord,0.714274
6-coord,0.456846
6-coord,0.624661
6-coord,0.326696
6-coord,0.621131
6-coord,0.671485
6-coord,0.261149
6-coord,0.613308
6-coord,0.486168
6-coord,0.321064
6-coord,0.65296
6-coord,0.149878
6-coord,0.280744
6-coord,0.53946
6-coord,0.236489
6-coord,0.547155
6-coord,0.323397
6-coord,0.716328
6-coord,0.315139
6-coord,0.344851
6-coord,0.261874
6-coord,0.396479
6-coord,0.32925
6-coord,0.416098
6-coord,0.087803
6-coord,0.603995
6-coord,0.503842
6-coord,0.523342
6-coord,0.371793
6-coord,0.369098
6-coord,0.430794
6-coord,0.321901
6-coord,0.516337
6-coord,0.269376
6-coord,0.537116
6-coord,0.597368
6-coord,0.428708
6-coord,0.459354
6-coord,0.53524
6-coord,0.259542
6-coord,0.403902
6-coord,0.545111
6-coord,0.476332
6-coord,0.425486
6-coord,0.601509
6-coord,0.523734
6-coord,0.459661
6-coord,0.501467
6-coord,0.657493
6-coord,0.389019
6-coord,0.573077
6-coord,0.449241
6-coord,0.538093
6-coord,0.563999
6-coord,0.666197
6-coord,0.416725
6-coord,0.558288
6-coord,0.687122
6-coord,0.396441
6-coord,0.65133
6-coord,0.304435
6-coord,0.516518
6-coord,0.427937
6-coord,0.248576
6-coord,0.645541
6-coord,0.625618
6-coord,0.338553
6-coord,0.435761
6-coord,0.326914
6-coord,0.660557
6-coord,0.259558
6-coord,0.663654
6-coord,0.296297
6-coord,0.732204
6-coord,0.124725
6-coord,0.687381
6-coord,0.246278
6-coord,0.350597
6-coord,0.392496
6-coord,0.356238
6-coord,0.5288
6-coord,0.670238
6-coord,0.53662
6-coord,0.670166
6-coord,0.59407
6-coord,0.630531
6-coord,0.531303
6-coord,0.491381
6-coord,0.483931
6-coord,0.527552
6-coord,0.686187
6-coord,0.593993
6-coord,0.551219
6-coord,0.668995
6-coord,0.642668
6-coord,0.638292
6-coord,0.544515
6-coord,0.671372
6-coord,0.456603
6-coord,0.68227
6-coord,0.532393
6-coord,0.405515
6-coord,0.397511
6-coord,0.584434
6-coord,0.651608
6-coord,0.412065
6-coord,0.741244
6-coord,0.458921
6-coord,0.571226
6-coord,0.666178
6-coord,0.636089
6-coord,0.671638
6-coord,0.539811
6-coord,0.664849
6-coord,0.624932
6-coord,0.508786
6-coord,0.622607
6-coord,0.542635
6-coord,0.667225
6-coord,0.370909
6-coord,0.6647
6-coord,0.657701
6-coord,0.294507
6-coord,0.402147
6-coord,0.675024
6-coord,0.399037
6-coord,0.738194
6-coord,0.436858
6-coord,0.713178
6-coord,0.322576
6-coord,0.686547
6-coord,0.436727
6-coord,0.580423
6-coord,0.458795
6-coord,0.281217
6-coord,0.736375
6-coord,0.377123
6-coord,0.62973
6-coord,0.299823
6-coord,0.386411
6-coord,0.625364
6-coord,0.690022
6-coord,0.720337
6-coord,0.372433
6-coord,0.558258
6-coord,0.323807
6-coord,0.649501
6-coord,0.315709
6-coord,0.535513
6-coord,0.624127
6-coord,0.227516
6-coord,0.254598
6-coord,0.461769
6-coord,0.563339
6-coord,0.611181
6-coord,0.628346
6-coord,0.638597
6-coord,0.527401
6-coord,0.597067
6-coord,0.632396
6-coord,0.636324
6-coord,0.488074
6-coord,0.536888
6-coord,0.529149
6-coord,0.676766
6-coord,0.607481
6-coord,0.600572
6-coord,0.538971
6-coord,0.501888
6-coord,0.660966
6-coord,0.440831
6-coord,0.559398
6-coord,0.506999
6-coord,0.715658
6-coord,0.586217
6-coord,0.634699
6-coord,0.747325
6-coord,0.561559
6-coord,0.685765
6-coord,0.545617
6-coord,0.502432
6-coord,0.694609
6-coord,0.66444
6-coord,0.714599
6-coord,0.568722
6-coord,0.660292
6-coord,0.5801
6-coord,0.478838
6-coord,0.64918
6-coord,0.40406
6-coord,0.731804
6-coord,0.415249
6-coord,0.557523
6-coord,0.649591
6-coord,0.55219
6-coord,0.556036
6-coord,0.719142
6-coord,0.484852
6-coord,0.386382
6-coord,0.649819
6-coord,0.404943
6-coord,0.636951
6-coord,0.290378
6-coord,0.636824
6-coord,0.344481
6-coord,0.688929
6-coord,0.47459
6-coord,0.595993
6-coord,0.342447
6-coord,0.650329
6-coord,0.299996
6-coord,0.628399
6-coord,0.69575
6-coord,0.360187
6-coord,0.683224
6-coord,0.385845
6-coord,0.638279
6-coord,0.658271
6-coord,0.306198
6-coord,0.651382
6-coord,0.397934
6-coord,0.278342
6-coord,0.575011
6-coord,0.637547
6-coord,0.540732
6-coord,0.457042
6-coord,0.735746
6-coord,0.573498
6-coord,0.702779
6-coord,0.586982
6-coord,0.672258
6-coord,0.711678
6-coord,0.536836
6-coord,0.630473
6-coord,0.633033
6-coord,0.74135
6-coord,0.613255
6-coord,0.49985
6-coord,0.627634
6-coord,0.722183
6-coord,0.608
6-coord,0.653584
6-coord,0.572611
6-coord,0.655155
6-coord,0.702228
6-coord,0.472042
6-coord,0.692713
6-coord,0.702762
6-coord,0.718998
6-coord,0.434976
6-coord,0.41148
6-coord,0.40719
6-coord,0.728549
6-coord,0.388501
6-coord,0.567357
6-coord,0.544272
6-coord,0.598913
6-coord,0.518853
6-coord,0.617877
6-coord,0.677359
6-coord,0.279545
6-coord,0.400846
6-coord,0.517643
6-coord,0.3828
6-coord,0.520859
6-coord,0.714436
6-coord,0.466811
6-coord,0.580609
6-coord,0.346686
6-coord,0.526742
6-coord,0.208799
6-coord,0.707816
6-coord,0.312921
6-coord,0.682029
6-coord,0.408156
6-coord,0.637157
6-coord,0.402499
6-coord,0.536794
6-coord,0.255949
6-coord,0.655978
6-coord,0.350759
6-coord,0.523724
6-coord,0.408576
6-coord,0.566165
6-coord,0.640682
6-coord,0.180569
6-coord,0.555049
6-coord,0.4234
6-coord,0.256258
6-coord,0.258175
6-coord,0.719291
6-coord,0.703276
6-coord,0.638511
6-coord,0.706434
6-coord,0.570252
6-coord,0.558959
6-coord,0.512073
6-coord,0.631712
6-coord,0.587096
6-coord,0.695143
6-coord,0.554956
6-coord,0.449841
6-coord,0.484225
6-coord,0.566597
6-coord,0.418093
6-coord,0.455261
6-coord,0.609826
6-coord,0.701558
6-coord,0.452936
6-coord,0.619876
6-coord,0.455388
6-coord,0.695065
6-coord,0.48591
6-coord,0.562037
6-coord,0.7043
6-coord,0.308228
6-coord,0.598246
6-coord,0.386177
6-coord,0.487287
6-coord,0.647332
6-coord,0.562754
6-coord,0.423533
6-coord,0.446899
6-coord,0.380815
6-coord,0.583445
6-coord,0.411675
6-coord,0.296754
6-coord,0.737614
6-coord,0.350264
6-coord,0.623164
6-coord,0.358445
6-coord,0.58918
6-coord,0.424912
6-coord,0.505672
6-coord,0.574937
6-coord,0.402816
6-coord,0.642686
6-coord,0.317323
6-coord,0.720364
6-coord,0.73356
6-coord,0.288081
6-coord,0.681562
6-coord,0.369316
6-coord,0.666026
6-coord,0.342108
6-coord,0.695303
6-coord,0.63977
6-coord,0.287067
6-coord,0.617657
6-coord,0.566755
6-coord,0.214008
6-coord,0.209115
6-coord,0.571166
6-coord,0.650525
6-coord,0.602662
6-coord,0.580091
6-coord,0.635767
6-coord,0.452372
6-coord,0.635278
6-coord,0.672208
6-coord,0.643798
6-coord,0.733938
6-coord,0.60723
6-coord,0.529348
6-coord,0.652424
6-coord,0.500312
6-coord,0.52996
6-coord,0.695198
6-coord,0.484185
6-coord,0.441778
6-coord,0.405574
6-coord,0.606192
6-coord,0.736876
6-coord,0.624716
6-coord,0.635714
6-coord,0.645821
6-coord,0.634906
6-coord,0.628656
6-coord,0.564654
6-coord,0.470567
6-coord,0.294657
6-coord,0.451964
6-coord,0.70322
6-coord,0.49351
6-coord,0.341629
6-coord,0.640997
6-coord,0.34634
6-coord,0.721572
6-coord,0.242737
6-coord,0.452225
6-coord,0.348802
6-coord,0.580716
6-coord,0.319894
6-coord,0.534718
6-coord,0.316207
6-coord,0.610693
6-coord,0.399242
6-coord,0.687674
6-coord,0.274578
6-coord,0.712192
6-coord,0.261676
6-coord,0.740117
6-coord,0.747955
6-coord,0.349845
6-coord,0.639638
6-coord,0.489132
6-coord,0.584314
6-coord,0.223825
6-coord,0.530934
6-coord,0.292605
6-coord,0.475464
6-coord,0.45131
6-coord,0.321766
6-coord,0.550575
6-coord,0.617518
6-coord,0.320823
6-coord,0.262759
6-coord,0.515074
6-coord,0.690331
6-coord,0.410011
6-coord,0.408087
6-coord,0.503812
6-coord,0.629437
6-coord,0.584306
6-coord,0.60113
6-coord,0.653854
6-coord,0.510026
6-coord,0.653086
6-coord,0.673424
6-coord,0.541038
6-coord,0.650829
6-coord,0.484065
6-coord,0.501135
6-coord,0.650609
6-coord,0.744127
6-coord,0.669097
6-coord,0.705663
6-coord,0.693832
6-coord,0.523386
6-coord,0.567378
6-coord,0.708985
6-coord,0.531315
6-coord,0.622565
6-coord,0.464006
6-coord,0.547843
6-coord,0.455387
6-coord,0.678222
6-coord,0.715884
6-coord,0.72101
6-coord,0.484951
6-coord,0.718107
6-coord,0.353061
6-coord,0.492881
6-coord,0.654892
6-coord,0.365988
6-coord,0.731142
6-coord,0.616825
6-coord,0.359967
6-coord,0.411745
6-coord,0.549459
6-coord,0.340906
6-coord,0.731535
6-coord,0.377416
6-coord,0.354796
6-coord,0.726804
6-coord,0.408033
6-coord,0.611083
6-coord,0.343968
6-coord,0.677329
6-coord,0.402215
6-coord,0.715074
6-coord,0.361603
6-coord,0.629875
6-coord,0.386163
6-coord,0.72938
6-coord,0.267222
6-coord,0.496351
6-coord,0.726678
6-coord,0.287431
6-coord,0.716494
6-coord,0.206316
6-coord,0.487175
6-coord,0.537919
6-coord,0.255373
6-coord,0.644148
6-coord,0.62809
6-coord,0.197196
6-coord,0.116749
6-coord,0.420004
6-coord,0.572222
6-coord,0.495144
6-coord,0.526628
6-coord,0.520533
6-coord,0.614935
6-coord,0.42992
6-coord,0.565031
6-coord,0.580264
6-coord,0.55427
6-coord,0.649322
6-coord,0.686181
6-coord,0.701793
6-coord,0.323155
6-coord,0.48534
6-coord,0.645454
6-coord,0.740232
6-coord,0.551222
6-coord,0.545728
6-coord,0.532997
6-coord,0.691893
6-coord,0.618513
6-coord,0.656627
6-coord,0.601966
6-coord,0.745822
6-coord,0.673562
6-coord,0.644348
6-coord,0.436777
6-coord,0.668121
6-coord,0.483815
6-coord,0.598817
6-coord,0.645042
6-coord,0.733451
6-coord,0.545973
6-coord,0.639749
6-coord,0.381668
6-coord,0.45954
6-coord,0.674884
6-coord,0.504868
6-coord,0.672134
6-coord,0.602359
6-coord,0.482837
6-coord,0.355772
6-coord,0.54711
6-coord,0.490627
6-coord,0.454412
6-coord,0.747963
6-coord,0.43241
6-coord,0.641793
6-coord,0.342039
6-coord,0.617967
6-coord,0.387751
6-coord,0.260518
6-coord,0.711863
6-coord,0.427187
6-coord,0.545169
6-coord,0.375074
6-coord,0.536377
6-coord,0.547796
6-coord,0.234745
6-coord,0.65265
6-coord,0.200181
6-coord,0.564413
6-coord,0.230116
6-coord,0.575097
6-coord,0.616065
6-coord,0.212342
6-coord,0.653662
6-coord,0.447452
6-coord,0.304251
6-coord,0.455112
6-coord,0.549941
6-coord,0.557925
6-coord,0.532216
6-coord,0.34958
6-coord,0.621184
6-coord,0.557481
6-coord,0.628997
6-coord,0.458696
6-coord,0.473857
6-coord,0.457449
6-coord,0.430696
6-coord,0.68892
6-coord,0.528535
6-coord,0.579226
6-coord,0.64535
6-coord,0.619652
6-coord,0.33924
6-coord,0.643729
6-coord,0.570698
6-coord,0.542324
6-coord,0.62268
6-coord,0.555996
6-coord,0.520546
6-coord,0.524417
6-coord,0.553322
6-coord,0.712298
6-coord,0.729026
6-coord,0.42049
6-coord,0.707922
6-coord,0.720433
6-coord,0.748953
6-coord,0.631246
6-coord,0.308817
6-coord,0.563431
6-coord,0.295781
6-coord,0.313368
6-coord,0.625812
6-coord,0.385785
6-coord,0.483834
6-coord,0.394436
6-coord,0.745943
6-coord,0.327493
6-coord,0.597331
6-coord,0.337844
6-coord,0.63731
6-coord,0.398212
6-coord,0.603822
6-coord,0.274738
6-coord,0.66608
6-coord,0.28665
6-coord,0.637765
6-coord,0.297372
6-coord,0.255452
6-coord,0.633515
6-coord,0.354257
6-coord,0.673416
6-coord,0.383594
6-coord,0.651729
6-coord,0.610582
6-coord,0.343419
6-coord,0.553223
6-coord,0.216565
6-coord,0.521089
6-coord,0.201251
6-coord,0.49485
6-coord,0.64892
6-coord,0.326039
6-coord,0.419895
6-coord,0.37309
6-coord,0.504204
6-coord,0.463289
6-coord,0.594498
6-coord,0.740429
6-coord,0.561624
6-coord,0.63126
6-coord,0.660719
6-coord,0.661767
6-coord,0.534821
6-coord,0.552379
6-coord,0.598337
6-coord,0.505012
6-coord,0.517138
6-coord,0.571809
6-coord,0.601523
6-coord,0.46507
6-coord,0.554306
6-coord,0.661551
6-coord,0.688306
6-coord,0.690536
6-coord,0.604863
6-coord,0.51001
6-coord,0.42863
6-coord,0.529698
6-coord,0.681059
6-coord,0.489897
6-coord,0.501055
6-coord,0.72187
6-coord,0.597712
6-coord,0.359149
6-coord,0.667988
6-coord,0.315081
6-coord,0.482125
6-coord,0.319045
6-coord,0.546518
6-coord,0.236774
6-coord,0.29748
6-coord,0.513039
6-coord,0.270744
6-coord,0.523822
6-coord,0.575306
6-coord,0.406602
6-coord,0.481348
6-coord,0.354264
6-coord,0.445513
6-coord,0.456329
6-coord,0.360709
6-coord,0.71458
6-coord,0.33416
6-coord,0.687928
6-coord,0.337328
6-coord,0.555368
6-coord,0.257563
6-coord,0.475809
6-coord,0.274818
6-coord,0.646878
6-coord,0.205997
6-coord,0.542915
6-coord,0.320445
6-coord,0.676578
6-coord,0.580757
6-coord,0.51271
6-coord,0.536202
6-coord,0.584707
6-coord,0.337121
6-coord,0.468181
6-coord,0.602158
6-coord,0.517117
6-coord,0.60802
6-coord,0.35575
6-coord,0.579029
6-coord,0.570259
6-coord,0.457251
6-coord,0.262831
6-coord,0.613622
6-coord,0.717604
6-coord,0.633093
6-coord,0.513705
6-coord,0.623579
6-coord,0.694438
6-coord,0.622596
6-coord,0.485598
6-coord,0.40117
6-coord,0.703982
6-coord,0.616574
6-coord,0.4299
6-coord,0.582834
6-coord,0.449094
6-coord,0.649211
6-coord,0.665942
6-coord,0.479451
6-coord,0.491641
6-coord,0.678008
6-coord,0.618079
6-coord,0.473077
6-coord,0.718262
6-coord,0.432898
6-coord,0.630144
6-coord,0.683534
6-coord,0.389255
6-coord,0.565955
6-coord,0.575488
6-coord,0.639871
6-coord,0.367352
6-coord,0.616954
6-coord,0.479847
6-coord,0.433613
6-coord,0.688362
6-coord,0.300518
6-coord,0.700698
6-coord,0.345236
6-coord,0.604702
6-coord,0.397089
6-coord,0.536996
6-coord,0.348514
6-coord,0.731837
6-coord,0.498263
6-coord,0.644481
6-coord,0.34436
6-coord,0.61325
6-coord,0.303103
6-coord,0.72671
6-coord,0.40933
6-coord,0.682919
6-coord,0.562423
6-coord,0.651185
6-coord,0.365947
6-coord,0.697582
6-coord,0.256822
6-coord,0.565212
6-coord,0.704712
6-coord,0.252126
6-coord,0.331614
6-coord,0.578354
6-coord,0.580417
6-coord,0.606341
6-coord,0.300648
6-coord,0.65969
6-coord,0.191971
6-coord,0.183303
6-coord,0.704773
6-coord,0.695475
6-coord,0.687328
6-coord,0.631678
6-coord,0.615139
6-coord,0.581927
6-coord,0.754662
6-coord,0.719926
6-coord,0.574993
6-coord,0.739572
6-coord,0.522848
6-coord,0.584786
6-coord,0.594652
6-coord,0.694915
6-coord,0.633538
6-coord,0.688115
6-coord,0.627765
6-coord,0.62289
6-coord,0.685338
6-coord,0.529283
6-coord,0.727996
6-coord,0.535084
6-coord,0.667741
6-coord,0.611701
6-coord,0.72092
6-coord,0.74724
6-coord,0.553852
6-coord,0.688044
6-coord,0.567394
6-coord,0.640717
6-coord,0.37502
6-coord,0.384037
6-coord,0.63145
6-coord,0.477369
6-coord,0.390877
6-coord,0.635006
6-coord,0.410865
6-coord,0.630974
6-coord,0.386256
6-coord,0.373525
6-coord,0.398867
6-coord,0.726051
6-coord,0.619789
6-coord,0.667261
6-coord,0.42089
6-coord,0.72989
6-coord,0.295052
6-coord,0.580254
6-coord,0.466451
6-coord,0.551562
6-coord,0.655935
6-coord,0.479368
6-coord,0.388903
6-coord,0.726017
6-coord,0.245158
6-coord,0.673505
6-coord,0.350655
6-coord,0.64975
6-coord,0.57821
6-coord,0.335997
6-coord,0.314996
6-coord,0.577952
6-coord,0.56027
6-coord,0.700401
6-coord,0.622844
6-coord,0.688456
6-coord,0.743999
6-coord,0.536468
6-coord,0.737468
6-coord,0.615218
6-coord,0.56955
6-coord,0.733346
6-coord,0.754818
6-coord,0.642011
6-coord,0.348855
6-coord,0.71811
6-coord,0.469982
6-coord,0.548188
6-coord,0.709174
6-coord,0.684579
6-coord,0.528034
6-coord,0.666508
6-coord,0.485875
6-coord,0.72514
6-coord,0.674859
6-coord,0.597506
6-coord,0.576632
6-coord,0.58805
6-coord,0.481803
6-coord,0.730588
6-coord,0.407335
6-coord,0.664043
6-coord,0.377171
6-coord,0.610275
6-coord,0.494331
6-coord,0.664023
6-coord,0.564867
6-coord,0.378036
6-coord,0.741988
6-coord,0.41274
6-coord,0.52499
6-coord,0.507751
6-coord,0.365195
6-coord,0.592376
6-coord,0.287979
6-coord,0.58037
6-coord,0.23189
6-coord,0.293964
6-coord,0.73488
6-coord,0.752352
6-coord,0.21423
6-coord,0.579087
6-coord,0.410313
6-coord,0.726328
6-coord,0.513262
6-coord,0.339299
6-coord,0.651278
6-coord,0.447327
6-coord,0.198002
6-coord,0.251235
6-coord,0.692513
6-coord,0.661759
6-coord,0.590847
6-coord,0.518705
6-coord,0.647491
6-coord,0.664435
6-coord,0.617786
6-coord,0.692746
6-coord,0.707054
6-coord,0.723861
6-coord,0.649644
6-coord,0.516668
6-coord,0.415527
6-coord,0.454264
6-coord,0.742429
6-coord,0.602863
6-coord,0.556319
6-coord,0.611858
6-coord,0.55564
6-coord,0.516291
6-coord,0.740582
6-coord,0.52635
6-coord,0.550984
6-coord,0.577913
6-coord,0.518465
6-coord,0.528308
6-coord,0.542437
6-coord,0.529099
6-coord,0.673111
6-coord,0.383506
6-coord,0.694115
6-coord,0.222961
6-coord,0.326726
6-coord,0.589986
6-coord,0.271609
6-coord,0.722438
6-coord,0.66886
6-coord,0.45259
6-coord,0.683181
6-coord,0.346967
6-coord,0.68198
6-coord,0.300849
6-coord,0.549568
6-coord,0.340421
6-coord,0.395183
6-coord,0.616021
6-coord,0.2902
6-coord,0.493611
6-coord,0.35828
6-coord,0.693257
6-coord,0.200061
6-coord,0.662229
6-coord,0.276176
6-coord,0.588749
6-coord,0.337874
6-coord,0.641091
6-coord,0.615169
6-coord,0.199208
6-coord,0.58421
6-coord,0.649009
6-coord,0.165571
6-coord,0.630844
6-coord,0.272398
6-coord,0.64502
6-coord,0.585269
6-coord,0.328415
6-coord,0.576902
6-coord,0.475293
6-coord,0.247541
6-coord,0.101992
6-coord,0.516129
6-coord,0.658288
6-coord,0.637677
6-coord,0.694496
6-coord,0.735286
6-coord,0.708405
6-coord,0.655419
6-coord,0.705552
6-coord,0.625475
6-coord,0.688857
6-coord,0.577929
6-coord,0.541284
6-coord,0.50995
6-coord,0.581388
6-coord,0.346358
6-coord,0.561866
6-coord,0.614711
6-coord,0.410488
6-coord,0.594171
6-coord,0.522189
6-coord,0.616348
6-coord,0.624391
6-coord,0.672886
6-coord,0.555872
6-coord,0.701448
6-coord,0.490823
6-coord,0.503136
6-coord,0.391982
6-coord,0.626691
6-coord,0.2894
6-coord,0.386103
6-coord,0.579334
6-coord,0.353232
6-coord,0.572338
6-coord,0.705103
6-coord,0.468803
6-coord,0.691527
6-coord,0.500609
6-coord,0.731482
6-coord,0.433035
6-coord,0.589633
6-coord,0.531831
6-coord,0.68276
6-coord,0.353132
6-coord,0.585618
6-coord,0.275554
6-coord,0.551695
6-coord,0.361584
6-coord,0.653453
6-coord,0.346038
6-coord,0.292571
6-coord,0.510755
6-coord,0.340623
6-coord,0.557134
6-coord,0.268514
6-coord,0.642173
6-coord,0.66099
6-coord,0.266696
6-coord,0.59911
6-coord,0.236129
6-coord,0.519616
6-coord,0.429188
6-coord,0.336224
6-coord,0.64219
6-coord,0.644992
6-coord,0.22382
6-coord,0.270127
6-coord,0.637483
6-coord,0.673416
6-coord,0.556676
6-coord,0.488508
6-coord,0.500876
6-coord,0.624412
6-coord,0.658715
6-coord,0.688851
6-coord,0.752541
6-coord,0.594127
6-coord,0.536635
6-coord,0.503287
6-coord,0.50007
6-coord,0.66404
6-coord,0.710717
6-coord,0.621121
6-coord,0.532101
6-coord,0.67089
6-coord,0.687864
6-coord,0.518699
6-coord,0.660901
6-coord,0.630526
6-coord,0.54516
6-coord,0.611747
6-coord,0.695531
6-coord,0.411339
6-coord,0.712326
6-coord,0.484656
6-coord,0.456657
6-coord,0.44339
6-coord,0.736911
6-coord,0.328393
6-coord,0.709539
6-coord,0.374056
6-coord,0.659944
6-coord,0.362656
6-coord,0.736523
6-coord,0.184084
6-coord,0.493319
6-coord,0.353642
6-coord,0.288249
6-coord,0.63363
6-coord,0.399511
6-coord,0.583443
6-coord,0.42055
6-coord,0.686892
6-coord,0.445898
6-coord,0.745403
6-coord,0.494773
6-coord,0.626243
6-coord,0.390488
6-coord,0.59828
6-coord,0.699748
6-coord,0.423066
6-coord,0.72046
6-coord,0.658665
6-coord,0.300271
6-coord,0.676723
6-coord,0.339844
6-coord,0.307308
6-coord,0.561572
6-coord,0.635294
6-coord,0.276805
6-coord,0.335751
6-coord,0.652399
6-coord,0.642001
6-coord,0.53003
6-coord,0.575018
6-coord,0.691643
6-coord,0.562706
6-coord,0.626217
6-coord,0.708818
6-coord,0.586733
6-coord,0.711259
6-coord,0.505507
6-coord,0.641869
6-coord,0.512776
6-coord,0.647124
6-coord,0.493348
6-coord,0.543465
6-coord,0.563013
6-coord,0.69898
6-coord,0.627979
6-coord,0.617197
6-coord,0.662895
6-coord,0.723966
6-coord,0.47257
6-coord,0.727636
6-coord,0.559137
6-coord,0.691012
6-coord,0.687872
6-coord,0.458408
6-coord,0.730934
6-coord,0.486523
6-coord,0.543433
6-coord,0.699157
6-coord,0.460656
6-coord,0.557359
6-coord,0.382182
6-coord,0.450899
6-coord,0.663653
6-coord,0.267111
6-coord,0.714643
6-coord,0.245797
6-coord,0.352064
6-coord,0.704608
6-coord,0.536805
6-coord,0.382759
6-coord,0.32337
6-coord,0.606441
6-coord,0.47202
6-coord,0.626459
6-coord,0.316679
6-coord,0.504661
6-coord,0.62142
6-coord,0.434011
6-coord,0.495236
6-coord,0.435178
6-coord,0.649765
6-coord,0.608491
6-coord,0.215175
6-coord,0.624166
6-coord,0.384646
6-coord,0.71109
6-coord,0.276683
6-coord,0.575041
6-coord,0.403389
6-coord,0.68776
6-coord,0.315771
6-coord,0.431892
6-coord,0.36699
6-coord,0.621358
6-coord,0.473629
6-coord,0.511578
6-coord,0.708522
6-coord,0.473012
6-coord,0.558346
6-coord,0.539301
6-coord,0.570243
6-coord,0.73414
6-coord,0.724403
6-coord,0.528768
6-coord,0.713281
6-coord,0.483224
6-coord,0.533358
6-coord,0.679446
6-coord,0.729509
6-coord,0.612116
6-coord,0.53117
6-coord,0.531907
6-coord,0.399881
6-coord,0.683031
6-coord,0.544322
6-coord,0.458634
6-coord,0.733454
6-coord,0.55142
6-coord,0.584555
6-coord,0.598946
6-coord,0.347885
6-coord,0.599901
6-coord,0.361124
6-coord,0.49362
6-coord,0.676523
6-coord,0.414202
6-coord,0.59428
6-coord,0.378155
6-coord,0.518762
6-coord,0.608466
6-coord,0.565161
6-coord,0.742761
6-coord,0.404192
6-coord,0.368708
6-coord,0.674831
6-coord,0.524403
6-coord,0.665546
6-coord,0.553811
6-coord,0.66739
6-coord,0.43281
6-coord,0.644648
6-coord,0.382847
6-coord,0.399278
6-coord,0.453975
6-coord,0.465531
6-coord,0.740397
6-coord,0.457492
6-coord,0.3413
6-coord,0.718823
6-coord,0.425738
6-coord,0.660858
6-coord,0.362334
6-coord,0.7111
6-coord,0.439672
6-coord,0.680778
6-coord,0.674082
6-coord,0.354977
6-coord,0.614544
6-coord,0.630564
6-coord,0.171624
6-coord,0.292048
