site_type,distance_angstrom
FCC,0.893502
FCC,0.740102
FCC,0.749058
FCC,0.533025
FCC,0.723573
FCC,0.851332
FCC,0.759776
FCC,0.759105
FCC,0.94485
FCC,0.785599
FCC,0.957944
FCC,0.848619
FCC,0.892876
FCC,0.727427
FCC,0.820606
FCC,0.852642
FCC,1.121437
FCC,0.695208
FCC,0.814053
FCC,0.785428
FCC,0.597322
FCC,0.714619
FCC,0.668887
FCC,0.693811
FCC,0.899512
FCC,0.623594
FCC,0.765753
FCC,0.739794
FCC,0.511612
FCC,0.669971
FCC,0.7422
FCC,0.645689
FCC,0.601049
FCC,0.593858
FCC,0.703969
FCC,0.499695
FCC,0.749691
FCC,0.892153
FCC,0.552988
FCC,0.517464
FCC,0.573347
FCC,0.508541
FCC,0.76836
FCC,0.690467
FCC,0.712815
FCC,0.66116
FCC,0.589215
FCC,0.402027
FCC,0.628149
FCC,0.407213
FCC,0.578444
FCC,2.059965
FCC,0.652405
FCC,0.645578
FCC,0.905028
FCC,0.459155
FCC,0.600482
FCC,0.63094
FCC,0.626209
FCC,0.579783
FCC,0.81764
FCC,0.728371
FCC,0.481996
FCC,0.700385
FCC,0.60298
FCC,0.677425
FCC,0.953364
FCC,0.761144
FCC,0.80573
FCC,0.837179
FCC,0.798716
FCC,0.586105
FCC,0.968272
FCC,0.686371
FCC,0.89264
FCC,0.660876
FCC,0.561616
FCC,0.600631
FCC,0.579014
FCC,0.586234
FCC,0.686244
FCC,0.788743
FCC,0.645585
FCC,0.654909
FCC,0.703844
FCC,0.388747
FCC,0.847104
FCC,0.639148
FCC,0.629533
FCC,0.38708
FCC,0.545538
FCC,0.671847
FCC,0.475424
FCC,0.606185
FCC,0.491056
FCC,0.91982
FCC,0.874396
FCC,0.497287
FCC,0.7383
FCC,0.39437
FCC,0.715763
FCC,0.737608
FCC,0.575744
FCC,0.617287
FCC,0.714423
FCC,0.511425
FCC,0.764528
FCC,0.712283
FCC,0.732168
FCC,0.635332
FCC,0.789505
FCC,0.398856
FCC,0.737408
FCC,0.625038
FCC,0.776134
FCC,0.407047
FCC,0.585685
FCC,0.731082
FCC,0.908002
FCC,0.499694
FCC,0.834845
FCC,0.615815
FCC,0.941611
FCC,0.615323
FCC,0.838148
FCC,0.876256
FCC,0.713451
FCC,0.734587
FCC,0.595535
FCC,0.77041
FCC,0.774061
FCC,0.665906
FCC,0.547059
FCC,0.632038
FCC,0.470018
FCC,0.571696
FCC,0.82252
FCC,0.737145
FCC,0.866316
FCC,0.563241
FCC,0.550675
FCC,0.78238
FCC,0.697117
FCC,0.324733
FCC,0.596777
FCC,0.439462
FCC,0.656737
FCC,0.61943
FCC,0.610019
FCC,0.566314
FCC,0.618212
FCC,0.532737
FCC,0.653214
FCC,0.432147
FCC,0.620332
FCC,0.910128
FCC,0.582328
FCC,0.706164
FCC,0.488598
FCC,0.540096
FCC,0.720351
FCC,0.761806
FCC,0.71172
FCC,0.596566
FCC,0.700057
FCC,0.637548
FCC,0.976885
FCC,0.588107
FCC,0.569061
FCC,0.962626
FCC,0.543157
FCC,0.644977
FCC,0.656321
FCC,0.862598
FCC,1.138105
FCC,0.794562
FCC,0.554587
FCC,0.821691
FCC,0.599023
FCC,0.58214
FCC,0.683104
FCC,0.587622
FCC,0.964991
FCC,0.673129
FCC,0.556529
FCC,0.724305
FCC,0.462303
FCC,0.567222
FCC,0.908272
FCC,0.639253
FCC,0.831659
FCC,0.716827
FCC,0.42065
FCC,0.603424
FCC,0.473759
FCC,0.653315
FCC,0.598272
FCC,0.548441
FCC,0.696428
FCC,0.590255
FCC,0.747304
FCC,0.585987
FCC,0.563654
FCC,0.432767
FCC,0.441451
FCC,0.575069
FCC,0.702397
FCC,0.772626
FCC,0.629207
FCC,0.732804
FCC,0.655912
FCC,0.81459
FCC,0.661876
FCC,0.79595
FCC,0.813989
FCC,0.792875
FCC,0.499615
FCC,0.92675
FCC,0.746734
FCC,0.715114
FCC,0.608916
FCC,0.855804
FCC,0.444716
FCC,0.957242
FCC,0.731589
FCC,0.919208
FCC,0.751675
FCC,0.671845
FCC,0.571697
FCC,0.814853
FCC,0.678528
FCC,0.588656
FCC,0.740803
FCC,0.91477
FCC,0.785725
FCC,0.618758
FCC,0.819411
FCC,0.525072
FCC,0.676998
FCC,0.713628
FCC,0.756398
FCC,0.617845
FCC,0.574666
FCC,0.701549
FCC,0.595775
FCC,0.764573
FCC,0.960302
FCC,0.527138
FCC,0.678763
FCC,0.420634
FCC,0.574349
FCC,0.454839
FCC,0.665874
FCC,0.970372
FCC,0.606882
FCC,0.837168
FCC,0.688262
FCC,0.77111
FCC,0.457792
FCC,0.831889
FCC,0.780019
FCC,0.575967
FCC,0.620362
FCC,0.71484
FCC,0.81065
FCC,0.83513
FCC,0.312225
FCC,0.406734
FCC,0.869684
FCC,0.691497
FCC,0.824495
FCC,0.57566
FCC,0.907942
FCC,1.024345
FCC,0.720965
FCC,0.978068
FCC,2.112408
FCC,0.762845
FCC,0.67595
FCC,0.732527
FCC,0.705395
FCC,0.630718
FCC,0.824493
FCC,0.664135
FCC,1.055871
FCC,0.755389
FCC,0.771517
FCC,0.742101
FCC,0.554845
FCC,0.517097
FCC,0.751752
FCC,0.624232
FCC,0.775914
FCC,0.899596
FCC,0.448969
FCC,0.637369
FCC,0.576324
FCC,0.521018
FCC,0.416335
FCC,0.871599
FCC,0.606876
FCC,0.617698
FCC,0.761311
FCC,0.644758
FCC,0.717235
FCC,0.858728
FCC,0.443242
FCC,0.929456
FCC,0.776912
FCC,0.837837
FCC,0.604822
FCC,0.6848
FCC,0.532697
FCC,0.42887
FCC,0.540668
FCC,0.562093
FCC,0.595011
FCC,0.827543
FCC,0.543952
FCC,0.361684
FCC,0.66302
FCC,0.490147
FCC,0.621178
FCC,0.757434
FCC,0.432531
FCC,0.497539
FCC,0.89638
FCC,0.734063
FCC,0.385924
FCC,0.729481
FCC,0.582492
FCC,0.77028
FCC,0.696246
FCC,0.418513
FCC,0.653634
FCC,0.560846
FCC,0.523638
FCC,0.766097
FCC,0.618073
FCC,0.817627
FCC,0.574829
FCC,0.700076
FCC,0.683154
FCC,0.819762
FCC,0.494468
FCC,0.565099
FCC,0.805135
FCC,0.728792
FCC,0.873657
FCC,0.712393
FCC,0.682924
FCC,0.855926
FCC,0.567077
FCC,0.621768
FCC,0.549208
FCC,0.647364
FCC,0.726861
FCC,0.792435
FCC,0.833555
FCC,0.808296
FCC,0.806151
FCC,0.809981
FCC,0.813066
FCC,0.526326
FCC,0.687397
FCC,0.51876
FCC,0.25068
FCC,0.453416
FCC,0.652981
FCC,0.644514
FCC,0.739568
FCC,0.732174
FCC,0.757501
FCC,0.749532
FCC,0.656319
FCC,0.706369
FCC,0.631006
FCC,0.864718
FCC,0.704834
FCC,0.906286
FCC,0.847056
FCC,0.710383
FCC,0.784603
FCC,0.552042
FCC,0.719609
FCC,0.734533
FCC,0.563247
FCC,0.822547
FCC,0.547831
FCC,0.486462
FCC,0.52977
FCC,0.731843
FCC,0.751834
FCC,0.822647
FCC,0.598306
FCC,0.734516
FCC,0.636324
FCC,0.502119
FCC,0.614397
FCC,0.584561
FCC,0.664907
FCC,0.704489
FCC,0.829768
FCC,0.683254
FCC,0.573414
FCC,0.810777
FCC,0.536396
FCC,0.712171
FCC,0.631965
FCC,0.466709
FCC,0.646517
FCC,0.489378
FCC,0.779611
FCC,0.656589
FCC,0.690949
FCC,0.646873
FCC,0.428178
FCC,0.288066
FCC,0.6429
FCC,0.469542
FCC,0.460676
FCC,0.453091
FCC,0.430789
FCC,0.624496
FCC,0.410187
FCC,0.62301
FCC,0.678518
FCC,0.695114
FCC,0.485887
FCC,0.682844
FCC,0.66348
FCC,0.682192
FCC,0.701745
FCC,0.828088
FCC,0.514221
FCC,0.788776
FCC,0.701562
FCC,0.813127
FCC,0.743199
FCC,0.373584
FCC,0.68321
FCC,0.604632
FCC,0.363413
FCC,0.917939
FCC,0.621246
FCC,0.749857
FCC,0.474552
FCC,0.655815
FCC,0.509716
FCC,0.702853
FCC,0.720419
FCC,0.707758
FCC,0.743883
FCC,0.73157
FCC,0.645311
FCC,0.662488
FCC,0.677284
FCC,0.561859
FCC,0.678726
FCC,0.505062
FCC,0.80087
FCC,0.560453
FCC,0.633929
FCC,0.57711
FCC,0.657453
FCC,0.708698
FCC,0.69221
FCC,0.681676
FCC,0.754695
FCC,0.879114
FCC,0.387271
FCC,0.604375
FCC,0.526369
FCC,0.524011
FCC,0.422859
FCC,0.623087
FCC,0.640365
FCC,0.446415
FCC,0.49977
FCC,0.556059
FCC,0.64509
FCC,0.768187
FCC,0.769279
FCC,0.785603
FCC,0.551862
FCC,0.581663
FCC,0.621342
FCC,0.675629
FCC,0.635167
FCC,0.828358
FCC,0.746541
FCC,0.570209
FCC,0.497625
FCC,0.790685
FCC,0.941662
FCC,0.847259
FCC,0.663905
FCC,0.545997
FCC,0.485662
FCC,0.705253
FCC,0.616046
FCC,0.784501
FCC,0.628772
FCC,0.658442
FCC,0.661075
FCC,0.614084
FCC,0.86016
FCC,0.64399
FCC,0.636661
FCC,0.830989
FCC,0.765338
FCC,0.633033
FCC,0.536908
FCC,0.596895
FCC,0.588378
FCC,0.381587
FCC,0.698865
FCC,0.61199
FCC,0.463569
FCC,0.712865
FCC,0.625056
FCC,0.405927
FCC,0.519566
FCC,0.530617
FCC,0.184434
FCC,0.427226
FCC,0.698941
FCC,0.541644
FCC,0.734665
FCC,0.706656
FCC,0.468394
FCC,0.63904
FCC,0.497267
FCC,0.524586
FCC,0.637805
FCC,0.634811
FCC,0.472195
FCC,0.439334
FCC,0.539932
FCC,0.712433
FCC,0.616464
FCC,0.385896
FCC,0.542104
FCC,0.48887
FCC,0.373406
FCC,0.509626
FCC,0.516226
FCC,0.517846
FCC,0.662953
FCC,0.5679
FCC,0.728673
FCC,0.737719
FCC,0.696935
FCC,0.571887
FCC,0.427132
FCC,0.650351
FCC,0.574813
FCC,0.752934
FCC,0.623399
FCC,0.691577
FCC,0.750287
FCC,0.926352
FCC,0.544626
FCC,0.50294
FCC,0.520036
FCC,0.676831
FCC,0.576066
FCC,0.545061
FCC,0.380894
FCC,0.493067
FCC,0.521929
FCC,0.599348
FCC,0.747444
FCC,0.54428
FCC,0.557129
FCC,2.196981
FCC,0.639261
FCC,0.635795
FCC,0.590342
FCC,0.729897
FCC,0.525861
FCC,0.502664
FCC,0.502704
FCC,0.5724
FCC,0.699567
FCC,0.716095
FCC,0.553612
FCC,0.59259
FCC,0.471012
FCC,0.849
FCC,0.847043
FCC,0.785792
FCC,0.508318
FCC,0.44814
FCC,0.652498
FCC,0.44889
FCC,1.015552
FCC,0.705188
FCC,1.021502
FCC,0.757569
FCC,0.690895
FCC,0.525682
FCC,0.545434
FCC,0.534341
FCC,0.529101
FCC,0.719628
FCC,0.754961
FCC,0.752334
FCC,0.775296
FCC,0.669765
FCC,0.632448
FCC,0.595325
FCC,0.79388
FCC,0.8934
FCC,0.741799
FCC,0.624345
FCC,0.659846
FCC,1.929345
FCC,0.71348
FCC,0.655704
FCC,0.679693
FCC,0.637896
FCC,0.548714
FCC,0.671093
FCC,0.595863
FCC,0.698208
FCC,0.6878
FCC,0.723411
FCC,0.654578
FCC,0.500969
FCC,0.705908
FCC,0.47084
FCC,0.631725
FCC,0.458047
FCC,0.472367
FCC,0.542512
FCC,0.570636
FCC,0.493637
FCC,0.579289
FCC,0.653275
FCC,0.585041
FCC,0.624606
FCC,0.532713
FCC,0.653602
FCC,0.522911
FCC,0.712096
FCC,0.69591
FCC,0.751441
FCC,0.493259
FCC,0.531883
FCC,0.5596
FCC,0.568397
FCC,0.349071
FCC,0.4968
FCC,0.784275
FCC,0.599758
FCC,0.541006
FCC,0.446736
FCC,0.811435
FCC,0.421499
FCC,0.683778
FCC,0.769976
FCC,0.715515
FCC,0.616919
FCC,0.655526
FCC,0.502733
FCC,0.5562
FCC,0.66807
FCC,0.477903
FCC,0.756787
FCC,0.56624
FCC,0.778794
FCC,0.641672
FCC,0.805947
FCC,0.640043
FCC,0.683794
FCC,0.605573
FCC,0.566001
FCC,0.620366
FCC,0.56694
FCC,0.636081
FCC,0.844417
FCC,0.727308
FCC,0.71101
FCC,0.477764
FCC,0.339553
FCC,0.599122
FCC,0.656676
FCC,0.319276
FCC,0.884643
FCC,0.679465
FCC,0.547257
FCC,0.848923
FCC,0.696657
FCC,0.63448
FCC,0.717544
FCC,0.585711
FCC,0.589637
FCC,0.814831
FCC,0.748542
FCC,1.065778
FCC,0.769563
FCC,0.583372
FCC,0.495338
FCC,0.502704
FCC,0.637193
FCC,0.583455
FCC,0.778028
FCC,0.65459
FCC,0.828013
FCC,0.570964
FCC,0.641016
FCC,0.621486
FCC,0.777965
FCC,0.557466
FCC,0.778604
FCC,1.991446
FCC,0.863533
FCC,0.501664
FCC,0.50779
FCC,0.738584
FCC,0.494062
FCC,0.774857
FCC,0.791299
FCC,0.811103
FCC,0.452614
FCC,0.517725
FCC,0.540651
FCC,0.96298
FCC,0.495014
FCC,0.589284
FCC,0.760788
FCC,1.054801
FCC,0.572156
FCC,0.788115
FCC,0.441151
FCC,0.757078
FCC,0.343552
FCC,0.676762
FCC,0.371158
FCC,0.513841
FCC,0.783864
FCC,0.581625
FCC,0.756028
FCC,0.529515
FCC,0.527193
FCC,0.36196
FCC,0.510568
FCC,0.312176
FCC,0.609427
FCC,0.509029
FCC,0.754722
FCC,0.731383
FCC,0.435168
FCC,0.551177
FCC,0.46399
FCC,0.555759
FCC,0.575998
FCC,0.632258
FCC,0.732577
FCC,0.582883
FCC,0.561196
FCC,0.617933
FCC,0.712557
FCC,0.708133
FCC,0.574293
FCC,0.662007
FCC,0.74627
FCC,0.634567
FCC,0.730264
FCC,0.778675
FCC,0.778595
FCC,0.719624
FCC,0.7661
FCC,0.473883
FCC,0.750506
FCC,0.551563
FCC,0.522158
FCC,0.526015
FCC,0.546144
FCC,0.627991
FCC,0.712817
FCC,0.820993
FCC,0.6031
FCC,0.543617
FCC,0.804528
FCC,0.585488
FCC,0.862321
FCC,0.557968
FCC,0.460113
FCC,0.621566
FCC,0.868782
FCC,0.684938
FCC,0.61492
FCC,0.731415
FCC,0.599603
FCC,0.623283
FCC,0.815892
FCC,0.642796
FCC,0.652711
FCC,0.631695
FCC,0.624441
FCC,0.77491
FCC,0.518534
FCC,0.604551
FCC,0.7793
FCC,0.545375
FCC,0.535316
FCC,0.584791
FCC,0.894857
FCC,0.354523
FCC,0.627091
FCC,0.589835
FCC,0.57054
FCC,0.547153
FCC,0.629253
FCC,0.544884
FCC,0.928017
FCC,0.792931
FCC,0.539116
FCC,0.712399
FCC,0.427933
FCC,0.717165
FCC,0.353472
FCC,0.576215
FCC,0.614727
FCC,0.691821
FCC,0.379034
FCC,0.529535
FCC,0.822407
FCC,0.691388
FCC,0.655913
FCC,0.619506
FCC,0.637892
FCC,0.679933
FCC,0.514961
FCC,0.586636
FCC,0.562122
FCC,0.74365
FCC,0.687545
FCC,0.498462
FCC,0.719523
FCC,0.547751
FCC,0.698611
FCC,0.668971
FCC,0.492944
FCC,0.572077
FCC,0.473034
FCC,0.735963
FCC,0.663954
FCC,0.744598
FCC,0.483591
FCC,0.637769
FCC,0.635836
FCC,0.296046
FCC,0.401088
FCC,0.323748
FCC,0.492558
FCC,0.37495
FCC,0.572255
FCC,0.51685
FCC,0.575642
FCC,0.580993
FCC,0.46322
FCC,0.566942
FCC,0.627767
FCC,0.597829
FCC,0.4084
FCC,0.677965
FCC,0.414283
FCC,0.674818
FCC,0.549591
FCC,0.463356
FCC,0.53528
FCC,0.86657
FCC,0.798706
FCC,0.256773
FCC,0.630469
FCC,0.47021
FCC,0.506311
FCC,0.580797
FCC,0.517975
FCC,0.675217
FCC,0.568006
FCC,0.656962
FCC,0.582449
FCC,0.688583
FCC,0.516583
FCC,0.648095
FCC,0.753069
FCC,0.505844
FCC,0.743501
FCC,0.691461
FCC,0.509751
FCC,0.614833
FCC,0.462615
FCC,0.477663
FCC,0.759705
FCC,1.027995
FCC,0.836594
FCC,0.599958
FCC,0.628924
FCC,0.857843
FCC,0.775298
FCC,0.502143
FCC,0.346801
FCC,0.779849
FCC,0.556849
FCC,0.488514
FCC,0.67808
FCC,0.856949
FCC,0.882568
FCC,0.917841
FCC,0.696534
FCC,0.876203
FCC,0.747271
FCC,0.780219
FCC,0.99883
FCC,0.403088
FCC,0.580327
FCC,0.562032
FCC,0.226239
FCC,0.89314
FCC,0.693297
FCC,0.851614
FCC,0.712064
FCC,0.800134
FCC,0.819286
FCC,0.873963
FCC,0.536924
FCC,0.837587
FCC,0.609751
FCC,0.699225
FCC,0.585297
FCC,0.598395
FCC,0.504648
FCC,0.511273
FCC,0.439057
FCC,0.608576
FCC,0.748072
FCC,0.423976
FCC,0.58543
FCC,0.602257
FCC,0.48176
FCC,0.600498
FCC,0.595346
FCC,0.901741
FCC,1.106245
FCC,0.530515
FCC,0.744436
FCC,0.264595
FCC,0.736675
FCC,0.737264
FCC,0.385631
FCC,0.732456
FCC,0.509483
FCC,0.719177
FCC,0.49009
FCC,0.849048
FCC,0.637064
FCC,0.520433
FCC,0.672984
FCC,0.466833
FCC,0.741105
FCC,0.681362
FCC,0.409334
FCC,0.50518
FCC,0.418546
FCC,0.463791
FCC,0.502197
FCC,0.682454
FCC,0.383273
FCC,0.623631
FCC,0.625954
FCC,0.555551
FCC,0.518629
FCC,0.652997
FCC,0.551926
FCC,0.325162
FCC,0.393004
FCC,0.451976
FCC,0.616321
FCC,0.62654
FCC,0.770386
FCC,0.816207
FCC,0.598084
FCC,0.644361
FCC,0.449452
FCC,0.923399
FCC,0.813892
FCC,0.882711
FCC,0.688752
FCC,0.679284
FCC,0.857679
FCC,0.501594
FCC,0.805561
FCC,0.751956
FCC,0.841994
FCC,0.625911
FCC,0.630066
FCC,0.587161
FCC,0.642085
FCC,0.67655
FCC,0.728734
FCC,0.545497
FCC,0.652314
FCC,0.856899
FCC,0.740604
FCC,0.647238
FCC,0.593866
FCC,0.649067
FCC,1.002156
FCC,0.541826
FCC,1.072131
FCC,1.005382
FCC,0.783021
FCC,0.708885
FCC,0.754427
FCC,0.779309
FCC,0.423466
FCC,0.774336
FCC,0.966165
FCC,0.484178
FCC,0.708803
FCC,0.987359
FCC,0.722772
FCC,0.754607
FCC,2.206099
FCC,1.021868
FCC,0.643628
FCC,0.722347
FCC,0.533599
FCC,0.453905
FCC,0.59723
FCC,0.677625
FCC,0.804314
FCC,0.532879
FCC,0.639425
FCC,0.884103
FCC,0.848814
FCC,0.717806
FCC,0.967779
FCC,0.729582
FCC,0.624781
FCC,0.481839
FCC,0.60486
FCC,0.633302
FCC,0.572636
FCC,0.471793
FCC,0.840334
FCC,0.694995
FCC,0.369854
FCC,0.909309
FCC,0.570317
FCC,0.661156
FCC,0.669633
FCC,0.648451
FCC,0.778823
FCC,0.871642
FCC,0.483082
FCC,0.795109
FCC,0.652348
FCC,0.759433
FCC,0.624124
FCC,0.489462
FCC,0.85234
FCC,0.6276
FCC,0.644818
FCC,0.525534
FCC,0.667991
FCC,0.74073
FCC,0.659994
FCC,0.822913
FCC,0.569575
FCC,0.746484
FCC,0.560243
FCC,0.461415
FCC,0.609211
FCC,0.438843
FCC,0.55252
FCC,0.548307
FCC,0.880336
FCC,0.668328
FCC,0.750802
FCC,0.500545
FCC,0.689454
FCC,0.495554
FCC,0.68344
FCC,0.478002
FCC,0.565382
FCC,0.389617
FCC,0.588131
FCC,0.606176
FCC,0.734511
FCC,0.665831
FCC,0.676511
FCC,0.347925
FCC,0.771248
FCC,0.482858
FCC,0.504935
FCC,0.659977
FCC,0.781305
FCC,0.471505
FCC,0.579094
FCC,0.48652
FCC,0.617867
FCC,0.543044
FCC,0.677382
FCC,0.52289
FCC,0.486299
FCC,0.418812
FCC,0.43194
FCC,0.701375
FCC,0.425096
FCC,0.653104
FCC,0.614278
FCC,0.542595
FCC,0.677858
FCC,2.283827
FCC,0.624281
FCC,0.63791
FCC,0.817636
FCC,2.266584
FCC,0.549892
FCC,0.413061
FCC,0.686682
FCC,0.757365
FCC,0.712003
FCC,0.507718
FCC,0.685705
FCC,0.53564
FCC,0.537376
FCC,0.695574
FCC,0.705314
FCC,0.496638
FCC,0.537543
FCC,0.659145
FCC,0.934098
FCC,0.679544
FCC,0.645691
FCC,0.683476
FCC,0.461747
FCC,0.652449
FCC,0.731281
FCC,0.659849
FCC,0.579467
FCC,0.752396
FCC,0.613486
FCC,0.646321
FCC,0.679147
FCC,0.600182
FCC,0.553046
FCC,0.639307
FCC,0.755476
FCC,0.828079
FCC,0.290955
FCC,0.653913
FCC,0.757063
FCC,0.665486
FCC,0.616656
FCC,0.621889
FCC,0.720073
FCC,0.669871
FCC,0.717679
FCC,0.638683
FCC,0.558709
FCC,1.000183
FCC,0.707745
FCC,0.47046
FCC,0.587292
FCC,0.591497
FCC,0.749463
FCC,0.560505
FCC,0.641765
FCC,0.659049
FCC,0.706352
FCC,0.565162
FCC,0.388284
FCC,0.685181
FCC,0.327338
FCC,0.424911
FCC,0.487601
FCC,0.369748
FCC,0.325164
FCC,0.390948
FCC,0.648756
FCC,0.411573
FCC,0.383204
FCC,0.257921
FCC,0.453599
FCC,0.42957
FCC,0.566881
FCC,0.706376
FCC,0.60996
FCC,0.533892
FCC,0.553991
FCC,0.478875
FCC,0.431459
FCC,0.335076
FCC,0.561476
FCC,0.403393
FCC,0.588838
FCC,0.171041
FCC,0.380863
FCC,0.607567
FCC,0.408592
FCC,0.396788
FCC,0.617568
FCC,0.569249
FCC,0.581988
FCC,0.703084
FCC,0.498723
FCC,0.487557
FCC,0.624931
FCC,0.509403
FCC,0.448507
FCC,0.613119
FCC,0.449902
FCC,0.571757
FCC,0.364451
FCC,0.265966
FCC,0.253175
FCC,0.654841
FCC,0.557459
FCC,0.728548
FCC,0.479513
FCC,0.759403
FCC,0.418817
FCC,0.704083
FCC,0.60504
FCC,0.573733
FCC,0.632141
FCC,0.707024
FCC,0.530341
FCC,0.642002
FCC,0.509156
FCC,0.504981
FCC,1.036928
FCC,0.474994
FCC,0.681931
FCC,0.483721
FCC,0.492198
FCC,0.716496
FCC,0.608957
FCC,0.496202
FCC,0.742201
FCC,0.482139
FCC,0.561787
FCC,0.596584
FCC,0.464065
FCC,0.305889
FCC,0.703838
FCC,0.570825
FCC,0.924878
FCC,0.605747
FCC,0.527388
FCC,0.592757
FCC,0.708203
FCC,0.815259
FCC,0.367826
FCC,0.784127
FCC,0.50515
FCC,0.545702
FCC,0.875076
FCC,0.732182
FCC,0.819545
FCC,0.681607
FCC,0.546408
FCC,0.615155
FCC,0.54529
FCC,0.881467
FCC,0.858162
FCC,0.938654
FCC,0.498127
FCC,0.694273
FCC,0.4754
FCC,0.967394
FCC,0.544248
FCC,0.478919
FCC,0.722046
FCC,0.504693
FCC,0.772007
FCC,0.437627
FCC,0.574166
FCC,0.683972
FCC,0.461241
FCC,0.739306
FCC,0.590375
FCC,0.30278
FCC,0.381077
FCC,0.422884
FCC,0.466157
FCC,0.529283
FCC,0.571834
FCC,0.57969
FCC,0.548489
FCC,0.415715
FCC,0.485734
FCC,0.393232
FCC,0.538998
FCC,0.259182
FCC,0.382467
FCC,0.68693
FCC,0.637573
FCC,0.736562
FCC,0.416436
FCC,0.427202
FCC,0.558749
FCC,0.790009
FCC,0.587338
FCC,0.857952
FCC,0.664878
FCC,0.625406
FCC,0.588983
FCC,0.461086
FCC,0.424835
FCC,0.515165
FCC,0.436147
FCC,0.599143
FCC,0.56173
FCC,0.559621
FCC,0.640093
FCC,0.265444
FCC,0.527345
FCC,0.417493
FCC,0.467045
FCC,0.668186
FCC,0.50699
FCC,0.712098
FCC,0.744586
FCC,0.595323
FCC,0.645907
FCC,0.827983
FCC,0.725523
FCC,0.692453
FCC,0.542889
FCC,0.656148
FCC,0.419559
FCC,0.627116
FCC,0.929858
FCC,0.643684
FCC,0.538495
FCC,0.566574
FCC,0.600636
FCC,0.455333
FCC,0.666038
FCC,0.641327
FCC,0.50121
FCC,0.738201
FCC,0.633827
FCC,0.732731
FCC,0.66675
FCC,0.565895
FCC,0.957743
FCC,0.501785
FCC,0.763585
FCC,0.903887
FCC,0.527396
FCC,0.628681
FCC,0.672175
FCC,0.627746
FCC,0.784258
FCC,0.283213
FCC,0.765857
FCC,0.832332
FCC,0.696958
FCC,0.690589
FCC,0.634696
FCC,0.615343
FCC,0.835493
FCC,0.579521
FCC,0.694648
FCC,0.667882
FCC,0.698799
FCC,0.592462
FCC,0.702177
FCC,1.04975
FCC,0.746625
FCC,0.807688
FCC,0.77267
FCC,0.579779
FCC,0.759592
FCC,0.532218
FCC,0.726096
FCC,0.655897
FCC,0.599621
FCC,0.750561
FCC,0.636569
FCC,0.399916
FCC,0.838045
FCC,0.517164
FCC,0.584886
FCC,0.656974
FCC,0.560004
FCC,0.652119
FCC,0.433169
FCC,0.619213
FCC,0.553478
FCC,0.572094
FCC,0.698544
FCC,0.840033
FCC,0.256394
FCC,0.602753
FCC,0.52035
FCC,0.575306
FCC,0.281512
FCC,0.44855
FCC,0.51759
FCC,0.550354
FCC,0.754619
FCC,0.47771
FCC,0.560387
FCC,0.655963
FCC,0.581866
FCC,0.749955
FCC,0.444667
FCC,0.549126
FCC,0.657832
FCC,0.529399
FCC,0.395975
FCC,0.450208
FCC,0.603782
FCC,0.711803
FCC,0.692847
FCC,0.681945
FCC,0.580345
FCC,0.674675
FCC,0.97742
FCC,0.423951
FCC,0.882723
FCC,0.525529
FCC,0.760201
FCC,0.599418
FCC,0.585725
FCC,0.68187
FCC,0.869323
FCC,0.562938
FCC,0.918803
FCC,0.64427
FCC,0.905083
FCC,0.424673
FCC,0.698047
FCC,0.65824
FCC,0.553368
FCC,0.79242
FCC,0.942043
FCC,0.793809
FCC,0.781287
FCC,0.669888
FCC,0.760316
FCC,0.533209
FCC,0.857595
FCC,0.520905
FCC,0.72259
FCC,0.834108
FCC,0.744331
FCC,0.493857
FCC,0.686197
FCC,0.858193
FCC,0.534105
FCC,0.639432
FCC,0.926661
FCC,0.831652
FCC,0.738124
FCC,0.679441
FCC,0.72107
FCC,0.809166
FCC,0.866837
FCC,0.838947
FCC,0.583614
FCC,0.754209
FCC,0.805967
FCC,0.538927
FCC,0.643551
FCC,0.610608
FCC,0.687191
FCC,0.564878
FCC,0.680379
FCC,0.828337
FCC,0.759758
FCC,0.775529
FCC,0.727274
FCC,0.693778
FCC,0.613182
FCC,0.674562
FCC,0.728127
FCC,0.603141
FCC,0.717085
FCC,0.814227
FCC,0.690715
FCC,0.77523
FCC,0.649637
FCC,0.510475
FCC,0.686084
FCC,0.621196
FCC,0.789248
FCC,0.72199
FCC,0.539551
FCC,0.530721
FCC,0.431738
FCC,0.578601
FCC,0.355549
FCC,0.888438
FCC,0.53489
FCC,0.445275
FCC,0.800701
FCC,0.46254
FCC,0.913394
FCC,0.668535
FCC,0.696243
FCC,0.481749
FCC,0.45874
FCC,0.600574
FCC,0.471055
FCC,0.813898
FCC,0.653675
FCC,0.345614
FCC,0.374225
FCC,0.611782
FCC,0.635177
FCC,0.803528
FCC,0.705226
FCC,0.835996
FCC,0.495191
FCC,0.617604
FCC,0.787508
FCC,0.781588
FCC,0.780752
FCC,0.61773
FCC,0.739618
FCC,0.593297
FCC,0.438612
FCC,0.674003
FCC,0.878183
FCC,0.783807
FCC,0.812953
FCC,0.708694
FCC,0.770607
FCC,0.588655
FCC,0.782236
FCC,0.823056
FCC,0.706271
FCC,0.67209
FCC,0.777965
FCC,0.680995
FCC,0.697258
FCC,0.58336
FCC,0.719956
FCC,0.784935
FCC,0.864222
FCC,0.652825
FCC,0.610631
FCC,0.66243
FCC,0.61794
FCC,0.770992
FCC,0.845167
FCC,0.451513
FCC,0.63483
FCC,0.778701
FCC,0.678278
FCC,0.742572
FCC,0.477269
FCC,0.609909
FCC,0.574618
FCC,0.849784
FCC,0.775487
FCC,0.810421
FCC,0.767054
FCC,0.769569
FCC,0.861539
FCC,0.470878
FCC,0.733229
FCC,0.651381
FCC,0.613036
FCC,0.715225
FCC,0.607104
FCC,0.826248
FCC,0.781029
FCC,0.593572
FCC,0.465266
FCC,0.869265
FCC,0.840266
FCC,0.901038
FCC,0.786975
FCC,0.778839
FCC,0.646124
FCC,0.529128
FCC,0.807623
FCC,0.801654
FCC,0.697458
FCC,0.732635
FCC,0.755558
FCC,0.365008
FCC,0.690187
FCC,0.651429
FCC,0.649895
FCC,0.690627
FCC,0.78026
FCC,0.727664
FCC,0.746932
FCC,0.692393
FCC,0.701853
FCC,0.629389
FCC,0.613177
FCC,0.42818
FCC,0.648842
FCC,0.798936
FCC,0.511974
FCC,0.684593
FCC,0.620438
FCC,0.577023
FCC,0.833273
FCC,0.542399
FCC,0.456893
FCC,0.404158
FCC,0.536611
FCC,0.381168
FCC,0.755878
FCC,0.695472
FCC,0.82684
FCC,0.723658
FCC,0.711438
FCC,0.462476
FCC,0.597213
FCC,0.740488
FCC,0.811936
FCC,0.644892
FCC,0.735893
FCC,0.814487
FCC,0.666607
FCC,0.688255
FCC,0.817542
FCC,0.603776
FCC,0.648578
FCC,0.759251
FCC,0.682598
FCC,0.79219
FCC,0.654767
FCC,0.872882
FCC,0.684101
FCC,0.771922
FCC,0.748372
FCC,0.646801
FCC,0.610014
FCC,0.850132
FCC,0.799151
FCC,0.929076
FCC,0.782913
FCC,0.656012
FCC,0.891426
FCC,0.812448
FCC,0.852891
FCC,0.685302
FCC,0.570689
FCC,0.742913
FCC,0.774342
FCC,0.798134
FCC,0.55365
FCC,0.424334
FCC,0.908177
FCC,0.836846
FCC,0.906194
FCC,0.910048
FCC,0.927264
FCC,0.848713
FCC,0.839439
FCC,0.954808
FCC,0.78981
FCC,0.919529
FCC,0.963001
FCC,0.734989
FCC,0.591386
FCC,0.990394
FCC,0.77899
FCC,0.674765
FCC,0.763728
FCC,0.379293
FCC,0.866086
FCC,2.103674
FCC,0.701108
FCC,0.854864
FCC,1.031226
FCC,0.743986
FCC,0.624079
FCC,0.933933
FCC,0.609243
FCC,0.676937
FCC,0.739147
FCC,0.742164
FCC,0.793707
FCC,0.795327
FCC,0.787681
FCC,0.528313
FCC,0.797607
FCC,0.664022
FCC,0.583936
FCC,0.890048
FCC,0.64963
FCC,0.7063
FCC,0.669581
FCC,0.650168
FCC,0.536166
FCC,0.588716
FCC,0.518025
FCC,0.605676
FCC,0.592702
FCC,0.603177
FCC,0.39798
FCC,0.437506
FCC,0.506335
FCC,0.546291
FCC,0.634759
FCC,0.592816
FCC,0.517705
FCC,0.402186
FCC,0.593944
FCC,0.66494
FCC,0.679802
FCC,0.668884
FCC,0.553473
FCC,0.340216
FCC,0.709549
FCC,0.612822
FCC,0.733308
FCC,0.752327
FCC,0.777061
FCC,0.812007
FCC,0.862146
FCC,0.879491
FCC,0.5947
FCC,0.884737
FCC,0.461178
FCC,0.682217
FCC,0.672165
FCC,0.777364
FCC,0.86112
FCC,0.541786
FCC,0.873488
FCC,0.698506
FCC,0.769951
FCC,0.839667
FCC,0.573364
FCC,0.816191
FCC,0.783176
FCC,0.961172
FCC,0.674698
FCC,0.97173
FCC,0.712783
FCC,0.959666
FCC,0.724087
FCC,0.783316
FCC,0.91521
FCC,0.721129
FCC,0.669926
FCC,0.97359
FCC,0.831381
FCC,0.791472
FCC,0.77111
FCC,0.96635
FCC,0.89026
FCC,0.857995
FCC,0.802445
FCC,0.981315
FCC,0.503045
FCC,0.869055
FCC,0.905197
FCC,0.830451
FCC,0.760395
FCC,0.942282
FCC,0.852136
FCC,0.766747
FCC,0.588146
FCC,0.776656
FCC,2.303608
FCC,0.808938
FCC,0.605245
FCC,0.827324
FCC,0.950068
FCC,0.651007
FCC,0.487479
FCC,0.618115
FCC,0.506482
FCC,0.692288
FCC,0.808526
FCC,0.748754
FCC,0.618573
FCC,0.784723
FCC,0.596836
FCC,0.641204
FCC,0.721171
FCC,0.680587
FCC,0.649721
FCC,0.607581
FCC,0.675841
FCC,0.889017
FCC,0.676886
FCC,0.629189
FCC,0.676844
FCC,0.838157
FCC,0.465489
FCC,0.665611
FCC,0.607445
FCC,0.728675
FCC,0.751304
FCC,0.722864
FCC,0.499658
FCC,0.419567
FCC,0.567009
FCC,0.527534
FCC,0.626382
FCC,0.578456
FCC,0.79841
FCC,0.571173
FCC,0.646837
FCC,0.675686
FCC,0.659494
FCC,0.736609
FCC,0.675139
FCC,0.572676
FCC,0.469548
FCC,0.677817
FCC,0.431359
FCC,0.828267
FCC,0.597754
FCC,0.920581
FCC,0.697875
FCC,0.383348
FCC,0.807964
FCC,0.51507
FCC,0.890765
FCC,0.407518
FCC,0.741745
FCC,0.492464
FCC,0.487953
FCC,0.518449
FCC,0.505613
FCC,0.605975
FCC,0.519399
FCC,0.388897
FCC,0.41866
FCC,0.485262
FCC,0.58463
FCC,0.821628
FCC,0.639511
FCC,0.549892
FCC,0.671768
FCC,0.338967
FCC,0.427012
FCC,0.640652
FCC,0.472213
FCC,0.59592
FCC,0.470859
FCC,0.33648
FCC,0.557267
FCC,0.577484
FCC,0.410677
FCC,0.461237
FCC,0.320249
FCC,0.34603
FCC,0.311125
FCC,1.105415
FCC,0.45562
FCC,0.731613
FCC,0.709607
FCC,0.452056
FCC,0.380258
FCC,0.604758
FCC,1.167002
FCC,0.47739
FCC,0.559147
FCC,0.735628
FCC,0.711526
FCC,0.542339
FCC,0.663251
FCC,0.471509
FCC,0.604087
FCC,0.706385
FCC,0.447261
FCC,0.778126
FCC,0.608887
FCC,0.800612
FCC,0.744288
FCC,0.932786
FCC,0.645845
FCC,0.53889
FCC,0.49711
FCC,0.396212
FCC,0.571439
FCC,0.484948
FCC,1.345491
FCC,0.619664
FCC,0.455582
FCC,0.403828
FCC,0.200707
FCC,0.51681
FCC,0.910589
FCC,0.610283
FCC,0.913946
FCC,0.738555
FCC,1.004339
FCC,0.401853
FCC,0.61913
FCC,0.504788
FCC,0.848905
FCC,0.467878
FCC,0.729948
FCC,0.626376
FCC,0.777072
FCC,0.933384
FCC,0.648003
FCC,0.481227
FCC,0.649602
FCC,0.574473
FCC,0.65288
FCC,0.899506
FCC,0.459409
FCC,0.378403
FCC,0.728584
FCC,0.91742
FCC,0.711623
FCC,0.535875
FCC,0.701252
FCC,0.922049
FCC,0.936526
FCC,0.354
FCC,0.860828
FCC,0.376534
FCC,0.909344
FCC,0.614192
FCC,0.561039
FCC,0.591993
FCC,0.713112
FCC,0.905917
FCC,0.690065
FCC,0.718842
FCC,0.832137
FCC,0.361042
FCC,0.582543
FCC,0.570195
FCC,0.733013
FCC,1.046985
FCC,0.756808
FCC,0.707643
FCC,0.659684
FCC,0.554187
FCC,0.603429
FCC,0.753906
FCC,0.630492
FCC,1.060379
FCC,0.76069
FCC,0.97857
FCC,0.826389
FCC,0.746539
FCC,0.752661
FCC,0.586684
FCC,0.614439
FCC,0.54379
FCC,0.934308
FCC,0.481823
FCC,0.591065
FCC,0.724379
FCC,0.67092
FCC,0.742348
FCC,0.726507
FCC,0.600127
FCC,0.651631
FCC,0.605227
FCC,0.792339
FCC,0.633904
FCC,0.491326
FCC,0.593327
FCC,0.73622
FCC,0.986705
FCC,0.972142
FCC,0.490455
FCC,0.95763
FCC,0.512285
FCC,0.529071
FCC,0.785
FCC,0.510088
FCC,0.969674
FCC,0.611161
FCC,0.405804
FCC,0.830358
FCC,0.931929
FCC,0.69163
FCC,0.802162
FCC,0.547511
FCC,0.541003
FCC,0.610377
FCC,0.698918
FCC,0.5622
FCC,0.55492
FCC,0.53249
FCC,0.4993
FCC,0.551173
FCC,0.502758
FCC,0.729537
FCC,0.63513
FCC,0.360187
FCC,0.585505
FCC,0.561299
FCC,0.582563
FCC,0.318805
FCC,0.265542
FCC,0.427563
FCC,0.4985
FCC,0.748892
FCC,0.58505
FCC,0.691464
FCC,0.36507
FCC,0.317348
FCC,0.933277
FCC,0.485227
FCC,0.745353
FCC,0.557848
FCC,0.521095
FCC,0.521288
FCC,0.275573
FCC,0.632714
FCC,0.474074
FCC,0.338714
FCC,0.634932
FCC,0.419003
FCC,0.703819
FCC,0.717541
FCC,0.366994
FCC,0.581951
FCC,0.575212
FCC,0.595002
FCC,0.333771
FCC,0.690667
FCC,0.421497
FCC,0.581957
FCC,0.746497
FCC,0.707302
FCC,0.599998
FCC,0.702889
FCC,0.730786
FCC,0.586101
FCC,0.64652
FCC,0.65642
FCC,0.478021
FCC,0.705478
FCC,0.420396
FCC,0.418327
FCC,0.796937
FCC,1.558528
FCC,0.699153
FCC,0.367156
FCC,0.505742
FCC,0.512073
FCC,0.696074
FCC,0.740306
FCC,0.723896
FCC,0.634061
FCC,0.629901
FCC,0.545665
FCC,0.66762
FCC,0.762184
FCC,0.60655
FCC,0.491672
FCC,0.939222
FCC,0.908477
FCC,0.504585
FCC,0.800504
FCC,0.792326
FCC,0.870646
FCC,0.432157
FCC,0.871799
FCC,0.84013
FCC,0.794326
FCC,0.616037
FCC,1.043704
FCC,0.970423
FCC,0.846244
FCC,0.870448
FCC,0.638614
FCC,0.638222
FCC,0.992768
FCC,0.942755
FCC,0.572692
FCC,0.532107
FCC,0.398932
FCC,0.088349
FCC,0.517533
FCC,0.713304
FCC,0.726802
FCC,0.677463
FCC,0.676323
FCC,0.709853
FCC,0.802886
FCC,0.755559
FCC,0.667567
FCC,0.922456
FCC,0.822273
FCC,0.744561
FCC,0.661954
FCC,0.494218
FCC,0.738028
FCC,0.600553
FCC,0.604299
FCC,0.802552
FCC,0.724078
FCC,0.318796
FCC,0.49936
FCC,0.383508
FCC,0.668581
FCC,1.113641
FCC,0.540297
FCC,0.46527
FCC,0.670994
FCC,0.60993
FCC,0.333922
FCC,0.792374
FCC,0.934948
FCC,0.727829
FCC,0.637893
FCC,0.85348
FCC,1.08712
FCC,0.961511
FCC,0.632417
FCC,0.680898
FCC,0.60263
FCC,0.741381
FCC,0.395229
FCC,0.650442
FCC,0.661628
FCC,0.732461
FCC,0.890004
FCC,0.822019
FCC,0.42296
FCC,0.854285
FCC,0.790059
FCC,0.657746
FCC,0.740426
FCC,0.689282
FCC,0.688493
FCC,0.486091
FCC,0.790049
FCC,0.98237
FCC,0.834188
FCC,0.691916
FCC,0.728831
FCC,0.589563
FCC,0.583749
FCC,0.517123
FCC,0.800098
FCC,0.706466
FCC,0.518045
FCC,0.671039
FCC,0.742961
FCC,0.580672
FCC,0.957449
FCC,0.652944
FCC,0.408573
FCC,0.63423
FCC,0.497832
FCC,0.749419
FCC,0.58672
FCC,0.653192
FCC,0.490139
FCC,0.844588
FCC,0.807951
FCC,0.528349
FCC,0.368906
FCC,0.59396
FCC,0.540771
FCC,0.722575
FCC,0.60696
FCC,0.591117
FCC,0.848875
FCC,0.818553
FCC,0.494951
FCC,0.732602
FCC,0.911758
FCC,0.419045
FCC,0.503223
FCC,0.730556
FCC,0.50754
FCC,0.896075
FCC,0.383772
FCC,0.66123
FCC,0.62147
FCC,0.766388
FCC,0.792557
FCC,0.967077
FCC,0.3515
FCC,0.7807
FCC,0.642222
FCC,0.498864
FCC,0.430754
FCC,0.714157
FCC,0.601224
FCC,0.741054
FCC,0.289813
FCC,0.49094
FCC,0.860655
FCC,0.570553
FCC,0.735896
FCC,0.744403
FCC,0.619544
FCC,0.767321
FCC,0.65626
FCC,0.704553
FCC,0.218679
FCC,0.535977
FCC,0.581124
FCC,0.551432
FCC,0.625849
FCC,0.589037
FCC,0.543342
FCC,0.464958
FCC,0.519998
FCC,0.71964
FCC,0.690115
FCC,0.616772
FCC,0.726017
FCC,0.545445
FCC,0.425335
FCC,0.3075
FCC,0.794169
FCC,0.63263
FCC,0.712923
FCC,0.751787
FCC,0.697512
FCC,0.508798
FCC,0.520561
FCC,0.555571
FCC,0.6419
FCC,0.693704
FCC,0.551558
FCC,0.67695
FCC,0.645897
FCC,0.391573
FCC,0.664811
FCC,0.788619
FCC,0.920032
FCC,0.599382
FCC,0.688702
FCC,0.392176
FCC,0.642309
FCC,0.456663
FCC,0.574463
FCC,0.610477
FCC,0.417182
FCC,0.671899
FCC,0.797559
FCC,0.379337
FCC,0.57877
FCC,0.566407
FCC,0.716068
FCC,0.815797
FCC,0.741461
FCC,0.48121
FCC,0.822209
FCC,0.457364
FCC,0.544134
FCC,0.612391
FCC,1.771698
FCC,0.84023
FCC,0.641141
FCC,0.697924
FCC,0.92722
FCC,0.572737
FCC,0.69632
FCC,0.767582
FCC,0.601416
FCC,0.64005
FCC,0.604981
FCC,0.643681
FCC,0.823617
FCC,0.639546
FCC,0.897967
FCC,0.767525
FCC,0.8264
FCC,0.713179
FCC,0.595182
FCC,0.633138
FCC,0.948735
FCC,0.87544
FCC,0.333264
FCC,0.868807
FCC,0.796213
FCC,0.969963
FCC,0.66586
FCC,1.841658
FCC,0.822257
FCC,1.010912
FCC,1.300888
FCC,1.018963
FCC,1.520658
FCC,0.226889
FCC,0.633239
FCC,0.53537
FCC,0.441147
FCC,0.594996
FCC,0.727513
FCC,0.770833
FCC,0.574994
FCC,0.637328
FCC,1.12755
FCC,0.794264
FCC,0.842879
FCC,0.623345
FCC,0.836978
FCC,0.588973
FCC,0.49817
FCC,0.715539
FCC,0.89776
FCC,0.774758
FCC,0.798293
FCC,0.811162
FCC,0.498881
FCC,1.018281
FCC,0.379202
FCC,0.462628
FCC,0.865438
FCC,0.398109
FCC,0.64622
FCC,1.938041
FCC,0.423481
FCC,0.915099
FCC,0.718444
FCC,0.845769
FCC,0.515836
FCC,0.73406
FCC,0.905964
FCC,0.911232
FCC,0.722515
FCC,0.8001
FCC,0.778578
FCC,0.689892
FCC,0.644222
FCC,1.059866
FCC,0.757101
FCC,0.648712
FCC,0.579699
FCC,0.578758
FCC,1.425626
FCC,0.832781
FCC,0.652147
FCC,0.624679
FCC,0.663336
FCC,0.899544
FCC,0.552649
FCC,0.619771
FCC,0.733736
FCC,0.643594
FCC,0.826348
FCC,0.726809
FCC,0.613448
FCC,0.878956
FCC,0.599588
FCC,0.625997
FCC,0.472873
FCC,0.565208
FCC,0.732196
FCC,0.694359
FCC,0.56229
FCC,0.480695
FCC,0.568016
FCC,0.672392
FCC,0.633699
FCC,0.452537
FCC,0.816653
FCC,0.736931
FCC,0.790791
FCC,1.523308
FCC,0.525736
FCC,0.874451
FCC,1.121398
FCC,0.731452
FCC,0.596781
FCC,0.725123
FCC,0.755707
FCC,0.49612
FCC,0.483007
FCC,0.41474
FCC,0.631863
FCC,0.575971
FCC,0.825518
FCC,0.530824
FCC,0.707586
FCC,0.722457
FCC,0.81303
FCC,0.410037
FCC,0.251155
FCC,0.46008
FCC,0.119444
FCC,0.779536
FCC,0.678838
FCC,0.602226
FCC,0.700047
FCC,0.475387
FCC,0.623237
FCC,0.307821
FCC,0.402775
FCC,0.833461
FCC,0.714664
FCC,0.598514
FCC,0.786179
FCC,0.39201
FCC,0.747246
FCC,0.412156
FCC,0.51366
FCC,0.521982
FCC,0.493442
FCC,0.570173
FCC,0.430683
FCC,0.57295
FCC,0.719055
FCC,0.856999
FCC,0.609395
FCC,0.384514
FCC,0.846047
FCC,0.553844
FCC,0.876514
FCC,0.468046
FCC,0.248735
FCC,0.268957
FCC,0.330007
FCC,0.551562
FCC,0.530564
FCC,0.402567
FCC,0.585077
FCC,0.305455
FCC,0.712632
FCC,0.767137
FCC,0.392636
FCC,0.66103
FCC,0.749201
FCC,0.758024
FCC,0.311747
FCC,0.63376
FCC,0.716598
FCC,0.864961
FCC,0.815587
FCC,0.746597
FCC,1.034472
FCC,0.679965
FCC,0.561287
FCC,0.689605
FCC,0.834754
FCC,0.86902
FCC,0.523989
FCC,0.674344
FCC,0.682716
FCC,0.553504
FCC,0.766656
FCC,0.661593
FCC,0.588326
FCC,0.682669
FCC,0.578141
FCC,0.585407
FCC,0.843053
FCC,0.749388
FCC,0.749083
FCC,1.012011
FCC,0.568695
FCC,0.510377
FCC,0.455146
FCC,0.732775
FCC,0.706492
FCC,0.454372
FCC,0.651878
FCC,0.865222
FCC,0.579535
FCC,0.784139
FCC,0.851193
FCC,0.601701
FCC,0.89955
FCC,0.886551
FCC,1.110625
FCC,0.417999
FCC,0.513621
FCC,0.543989
FCC,0.668127
FCC,0.797189
FCC,0.548693
FCC,0.828307
FCC,0.976171
FCC,1.11971
FCC,0.775882
FCC,0.828554
FCC,0.647809
FCC,0.6957
FCC,0.385513
FCC,0.280815
FCC,0.713632
FCC,1.020885
FCC,1.133747
FCC,0.583099
FCC,0.77372
FCC,0.331311
FCC,0.823329
FCC,0.607695
FCC,0.728949
FCC,0.893774
FCC,0.678943
FCC,0.548222
FCC,0.899247
FCC,1.089855
FCC,0.90975
FCC,2.239541
FCC,0.578573
FCC,0.598911
FCC,1.078639
FCC,0.306134
FCC,0.435964
FCC,0.218541
FCC,0.81845
FCC,1.75154
FCC,0.387096
FCC,0.763578
FCC,0.714566
FCC,0.471328
FCC,0.749849
FCC,0.854779
FCC,0.457605
FCC,0.692125
FCC,0.65893
FCC,0.656084
FCC,0.579246
FCC,0.615994
FCC,0.559286
FCC,0.660079
FCC,0.808504
FCC,0.629726
FCC,1.790782
FCC,1.057387
FCC,0.686625
FCC,1.072655
FCC,0.747707
FCC,0.986518
FCC,0.661506
FCC,0.474415
FCC,0.86433
FCC,0.783138
FCC,0.828183
FCC,0.52515
FCC,0.686508
FCC,0.828397
FCC,0.816791
FCC,0.762543
FCC,0.627408
FCC,0.567351
FCC,0.546256
FCC,0.864056
FCC,0.519789
FCC,0.908634
FCC,0.652061
FCC,0.329895
FCC,0.575061
FCC,0.745577
FCC,0.48884
FCC,2.000202
FCC,2.187826
FCC,0.869921
FCC,0.43988
FCC,0.811924
FCC,0.999075
FCC,0.823563
FCC,0.679079
FCC,0.84203
FCC,0.630198
FCC,0.60324
FCC,0.943636
FCC,0.621673
FCC,0.772079
FCC,0.607364
FCC,0.806467
FCC,0.456815
FCC,0.749486
FCC,0.59786
FCC,0.894217
FCC,0.543139
FCC,0.897113
FCC,0.675003
FCC,0.622202
FCC,0.725417
FCC,0.661174
FCC,0.856742
FCC,0.86645
FCC,0.973539
FCC,0.690179
FCC,0.796887
FCC,0.918166
FCC,0.770933
FCC,0.693274
FCC,0.690759
FCC,0.659295
FCC,0.811123
FCC,0.656758
FCC,0.441289
FCC,0.745172
FCC,0.702294
FCC,0.805264
FCC,0.723187
FCC,0.553115
FCC,0.4173
FCC,0.296803
FCC,0.690645
FCC,0.21929
FCC,0.875959
FCC,1.298536
FCC,0.665697
FCC,0.617775
FCC,0.329683
FCC,0.564322
FCC,0.401324
FCC,0.556419
FCC,0.615778
FCC,0.417356
FCC,0.706436
FCC,0.600784
FCC,0.364804
FCC,0.416757
FCC,0.361331
FCC,0.258742
FCC,0.432948
FCC,0.466916
FCC,0.573921
FCC,0.277679
FCC,0.550291
FCC,0.484325
FCC,0.50955
FCC,0.247571
FCC,0.575636
FCC,0.70459
FCC,0.463232
FCC,0.678221
FCC,0.295379
FCC,0.257757
FCC,0.642681
FCC,0.403195
FCC,0.63237
FCC,0.175122
FCC,0.694622
FCC,0.638663
FCC,0.32254
FCC,0.654
FCC,0.669242
FCC,0.685
FCC,0.519812
FCC,0.780064
FCC,0.604464
FCC,0.764936
FCC,0.683839
FCC,0.494476
FCC,0.57319
FCC,0.736346
FCC,0.509626
FCC,0.674657
FCC,0.376841
FCC,0.741042
FCC,0.539795
FCC,0.62798
FCC,0.419405
FCC,0.66764
FCC,0.465061
FCC,0.399283
FCC,0.472626
FCC,0.597093
FCC,0.504857
FCC,0.561917
FCC,0.379141
FCC,0.465569
FCC,0.566453
FCC,0.654426
FCC,0.437645
FCC,0.887177
FCC,0.915513
FCC,0.744084
FCC,0.458218
FCC,0.644994
FCC,0.778795
FCC,0.697619
FCC,0.583112
FCC,0.546098
FCC,0.703803
FCC,0.383823
FCC,0.850532
FCC,0.779244
FCC,0.427048
FCC,0.786681
FCC,0.340949
FCC,0.356967
FCC,0.69298
FCC,0.715359
FCC,0.663277
FCC,0.636137
FCC,0.661734
FCC,0.404356
FCC,0.791814
FCC,0.715502
FCC,0.569964
FCC,0.562122
FCC,1.024019
FCC,0.729657
FCC,1.458346
FCC,0.573259
FCC,0.586413
FCC,1.265443
FCC,0.550052
FCC,1.980807
FCC,0.796546
FCC,0.508091
FCC,0.755215
FCC,0.820656
FCC,0.745322
FCC,0.644225
FCC,1.293279
FCC,1.206913
FCC,0.323032
FCC,0.956027
FCC,0.468979
FCC,0.887083
FCC,0.533558
FCC,0.665427
FCC,2.20813
FCC,0.834987
FCC,0.758848
FCC,0.825076
FCC,0.669156
FCC,0.966095
FCC,0.558624
FCC,0.755849
FCC,0.620669
FCC,0.614994
FCC,0.643902
FCC,1.805605
FCC,0.806379
FCC,0.504828
FCC,0.412311
FCC,0.705793
FCC,0.740222
FCC,0.638923
FCC,0.550889
FCC,1.040635
FCC,0.8559
FCC,0.593879
FCC,0.730838
FCC,0.469675
FCC,0.830712
FCC,0.9256
FCC,0.804016
FCC,0.983911
FCC,0.558648
FCC,0.767296
FCC,0.449647
FCC,0.57869
FCC,0.61004
FCC,0.522961
FCC,0.858297
FCC,0.506218
FCC,0.643802
FCC,0.503935
FCC,0.892965
FCC,0.786761
FCC,0.471278
FCC,0.52209
FCC,0.394723
FCC,0.653991
FCC,0.860863
FCC,0.609478
FCC,0.476902
FCC,0.92707
FCC,0.372493
FCC,0.751365
FCC,0.615622
FCC,1.016436
FCC,0.626685
FCC,0.417183
FCC,0.434153
FCC,0.395746
FCC,0.792883
FCC,0.545342
FCC,0.633056
FCC,0.643397
FCC,0.786317
FCC,0.511439
FCC,0.615043
FCC,0.890268
FCC,0.582849
FCC,0.381173
FCC,0.786955
FCC,0.361186
FCC,0.688162
FCC,0.550135
FCC,0.362311
FCC,0.479609
FCC,0.42722
FCC,0.646512
FCC,0.263149
FCC,0.794311
FCC,0.427536
FCC,0.673395
FCC,0.335114
FCC,0.325622
FCC,0.587592
FCC,0.318476
FCC,0.332783
FCC,0.243656
FCC,0.59507
FCC,0.346679
FCC,0.302689
FCC,0.63296
FCC,0.313592
FCC,0.603821
FCC,0.563466
FCC,0.382687
FCC,0.409763
FCC,0.198605
FCC,0.480025
FCC,0.53559
FCC,0.454289
FCC,0.579463
FCC,0.628701
FCC,0.523792
FCC,0.372718
FCC,0.428328
FCC,0.537278
FCC,0.447624
FCC,0.36769
FCC,0.563453
FCC,0.642037
FCC,0.258421
FCC,0.590886
FCC,0.40979
FCC,0.2867
FCC,0.608838
FCC,0.493142
FCC,0.452398
FCC,0.506344
FCC,0.477349
FCC,0.61075
FCC,0.640149
FCC,0.669541
FCC,0.400788
FCC,0.436128
FCC,0.522857
FCC,0.587788
FCC,0.587615
FCC,0.5251
FCC,0.374578
FCC,0.568258
FCC,0.580189
FCC,0.435862
FCC,0.535765
FCC,0.446603
FCC,0.60447
FCC,0.489975
FCC,0.608189
FCC,0.490163
FCC,0.765111
FCC,0.88835
FCC,0.728514
FCC,0.595564
FCC,0.781222
FCC,0.430901
FCC,0.501538
FCC,0.510234
FCC,0.707664
FCC,0.382086
FCC,0.525898
FCC,0.699582
FCC,0.387604
FCC,0.772572
FCC,0.676702
FCC,0.656898
FCC,0.535778
FCC,0.619681
FCC,0.696295
FCC,1.632442
FCC,0.707485
FCC,0.53762
FCC,0.490137
FCC,0.729221
FCC,0.632078
FCC,0.738544
FCC,0.370304
FCC,0.650557
FCC,0.498228
FCC,0.517681
FCC,0.392332
FCC,0.748236
FCC,0.690814
FCC,0.345838
FCC,0.374647
FCC,1.844649
FCC,1.340164
FCC,0.224101
FCC,0.529544
FCC,1.168924
FCC,1.104348
FCC,0.770455
FCC,0.338757
FCC,0.405787
FCC,0.399465
FCC,0.994095
FCC,0.662191
FCC,1.823214
FCC,0.681648
FCC,0.761547
FCC,0.450065
FCC,1.15872
FCC,0.828096
FCC,0.537154
FCC,0.57287
FCC,0.706313
FCC,0.667389
FCC,0.567885
FCC,0.640245
FCC,0.214215
FCC,0.722238
FCC,0.717907
FCC,0.729289
FCC,0.429731
FCC,0.378108
FCC,1.844215
FCC,0.821757
FCC,0.608136
FCC,0.98514
FCC,0.376306
FCC,0.559161
FCC,1.000714
FCC,0.856552
FCC,0.874433
FCC,0.752816
FCC,0.763575
FCC,0.967968
FCC,0.912678
FCC,0.80794
FCC,0.638371
FCC,0.642481
FCC,0.666798
FCC,2.170915
FCC,0.772917
FCC,0.655561
FCC,0.609838
FCC,0.573008
FCC,0.5295
FCC,0.679922
FCC,0.684465
FCC,0.35605
FCC,0.480573
FCC,0.586758
FCC,0.89315
FCC,0.486276
FCC,0.541772
FCC,0.645581
FCC,0.75548
FCC,0.439765
FCC,0.591818
FCC,0.43474
FCC,0.274689
FCC,0.663496
FCC,0.381011
FCC,0.499794
FCC,0.30906
FCC,0.555481
FCC,0.548134
FCC,0.430378
FCC,0.272308
FCC,0.594755
FCC,0.339005
FCC,0.416405
FCC,0.34496
FCC,0.524378
FCC,0.246905
FCC,0.610281
FCC,0.362507
FCC,0.454931
FCC,0.511942
FCC,0.52056
FCC,0.568362
FCC,0.352544
FCC,0.88946
FCC,0.432872
FCC,0.481841
FCC,0.645859
FCC,0.518915
FCC,0.370878
FCC,0.262936
FCC,0.347188
FCC,0.498305
FCC,0.507516
FCC,0.405917
FCC,0.406302
FCC,0.529781
FCC,0.301612
FCC,0.48593
FCC,0.326515
FCC,0.366934
FCC,0.244243
FCC,0.206592
FCC,0.274826
FCC,0.778324
FCC,0.711036
FCC,0.300129
FCC,0.708562
FCC,0.554169
FCC,0.585725
FCC,0.40549
FCC,0.453297
FCC,0.394007
FCC,0.315431
FCC,0.449411
FCC,0.624343
FCC,0.165562
FCC,0.147902
FCC,0.380532
FCC,0.468115
FCC,0.587915
FCC,0.536964
FCC,0.273443
FCC,0.280899
FCC,0.660258
FCC,0.422076
FCC,0.585486
FCC,0.23636
FCC,0.577739
FCC,0.146961
FCC,0.280467
FCC,0.493803
FCC,0.577869
FCC,0.291272
FCC,0.528731
FCC,0.487113
FCC,0.677379
FCC,0.08243
FCC,0.413273
FCC,0.587185
FCC,0.423057
FCC,0.45418
FCC,0.310856
FCC,0.61711
FCC,0.447409
FCC,0.320343
FCC,0.040572
FCC,0.440886
FCC,0.49301
FCC,0.544762
FCC,0.348539
FCC,0.685058
FCC,0.353733
FCC,0.619612
FCC,0.169797
FCC,0.376929
FCC,0.592673
FCC,0.78661
FCC,0.568756
FCC,0.536061
FCC,0.525099
FCC,0.382248
FCC,0.612766
FCC,0.244428
FCC,0.464125
FCC,0.220867
FCC,0.486163
FCC,0.29566
FCC,0.67443
FCC,0.554481
FCC,0.453293
FCC,0.614525
FCC,0.563001
FCC,0.542649
FCC,0.540701
FCC,0.59353
FCC,0.475262
FCC,0.33884
FCC,0.317052
FCC,0.403181
FCC,0.504389
FCC,0.516713
FCC,0.357636
FCC,0.682509
FCC,0.202964
FCC,0.696083
FCC,0.239551
FCC,0.487399
FCC,0.749956
FCC,0.714751
FCC,0.35974
FCC,0.460623
FCC,1.770322
FCC,0.715283
FCC,0.881434
FCC,0.685879
FCC,0.776737
FCC,0.214827
FCC,0.634951
FCC,0.65678
FCC,0.645388
FCC,0.753636
FCC,0.209301
FCC,0.630708
FCC,0.819696
FCC,0.658088
FCC,0.741517
FCC,0.643128
FCC,0.587743
FCC,0.586429
FCC,0.535952
FCC,0.638757
FCC,0.550031
FCC,0.614105
FCC,0.567902
FCC,0.805481
FCC,0.90786
FCC,0.35557
FCC,0.840762
FCC,2.27351
FCC,0.566482
FCC,0.778796
FCC,0.704595
FCC,0.693296
FCC,0.515814
FCC,0.795806
FCC,0.727791
FCC,0.765502
FCC,0.852258
FCC,0.694745
FCC,0.908938
FCC,0.776812
FCC,0.848552
FCC,0.677026
FCC,0.785501
FCC,0.63724
FCC,0.6466
FCC,0.396458
FCC,0.950369
FCC,0.494293
FCC,0.421217
FCC,0.66821
FCC,0.349196
FCC,0.494008
FCC,0.688124
FCC,0.578415
FCC,0.582756
FCC,0.197639
FCC,0.510716
FCC,0.600029
FCC,0.569777
FCC,0.437692
FCC,0.268907
FCC,0.187887
FCC,0.466065
FCC,0.291049
FCC,0.766775
FCC,0.496296
FCC,0.504506
FCC,0.213828
FCC,0.776607
FCC,0.657995
FCC,0.561426
FCC,0.635897
FCC,0.208652
FCC,0.210509
FCC,0.537659
FCC,0.248034
FCC,0.795886
FCC,0.308005
FCC,0.579334
FCC,0.575131
FCC,0.552933
FCC,0.311932
FCC,0.605131
FCC,0.558142
FCC,0.690265
FCC,0.538342
FCC,0.520877
FCC,0.467905
FCC,0.963279
FCC,0.355144
FCC,0.503416
FCC,0.705451
FCC,0.440337
FCC,0.34596
FCC,0.361494
FCC,0.566893
FCC,0.263319
FCC,0.457563
FCC,0.389319
FCC,0.634268
FCC,0.243807
FCC,0.223722
FCC,0.506774
FCC,0.484302
FCC,0.558539
FCC,0.338038
FCC,0.21896
FCC,0.208091
FCC,0.599145
FCC,0.325144
FCC,0.554697
FCC,0.11315
FCC,0.532988
FCC,0.38949
FCC,0.714614
FCC,0.485098
FCC,0.601584
FCC,0.437007
FCC,0.440717
FCC,0.57347
FCC,0.359812
FCC,0.717009
FCC,0.247366
FCC,0.558991
FCC,0.538187
FCC,0.566098
FCC,0.557397
FCC,0.324802
FCC,0.115474
FCC,0.22432
FCC,0.501304
FCC,0.784479
FCC,0.446633
FCC,0.350292
FCC,0.517469
FCC,0.512885
FCC,0.207303
FCC,0.499452
FCC,0.503508
FCC,0.647693
FCC,0.694215
FCC,0.466907
FCC,0.957451
FCC,0.713204
FCC,0.611369
FCC,0.529905
FCC,0.445634
FCC,0.33455
FCC,0.367752
FCC,0.541913
FCC,0.732399
FCC,0.549334
FCC,1.180922
FCC,0.255476
FCC,0.528172
FCC,0.466283
FCC,0.558701
FCC,0.414171
FCC,0.493474
FCC,0.656605
FCC,0.696963
FCC,0.635222
FCC,0.564529
FCC,0.556562
FCC,0.578979
FCC,0.574454
FCC,0.571959
FCC,0.344026
FCC,0.236766
FCC,0.505956
FCC,0.791882
FCC,0.49095
FCC,0.855975
FCC,0.578015
FCC,0.44159
FCC,0.371862
FCC,0.476765
FCC,0.466902
FCC,0.312514
FCC,0.863437
FCC,0.393481
FCC,0.71265
FCC,0.695832
FCC,0.544293
FCC,0.824041
FCC,0.563024
FCC,0.640441
FCC,0.507379
FCC,1.275834
FCC,0.735047
FCC,0.579787
FCC,0.479545
FCC,0.752079
FCC,1.693836
FCC,0.509482
FCC,0.762033
FCC,0.718483
FCC,0.556255
FCC,0.519649
FCC,0.328898
FCC,0.149125
FCC,0.42792
FCC,0.184168
FCC,0.459653
FCC,0.57908
FCC,0.286768
FCC,0.550721
FCC,0.217855
FCC,0.637317
FCC,0.145356
FCC,0.399727
FCC,0.405219
FCC,0.709942
FCC,0.414894
FCC,1.36266
FCC,0.668758
FCC,0.701819
FCC,0.78514
FCC,0.368406
FCC,0.699765
FCC,0.234126
FCC,1.077223
FCC,0.701494
FCC,0.598325
FCC,1.060934
FCC,0.775883
FCC,0.458967
FCC,0.52155
FCC,0.478264
FCC,0.573916
FCC,0.621986
FCC,0.637305
FCC,0.550573
FCC,0.609943
FCC,0.245842
FCC,0.372984
FCC,0.682957
FCC,0.692962
FCC,0.649055
FCC,0.090956
FCC,0.602073
FCC,0.173756
FCC,0.686516
FCC,0.780129
FCC,0.699124
FCC,0.711763
FCC,0.836982
FCC,0.471808
FCC,0.390894
FCC,0.244679
FCC,0.641941
FCC,0.652049
FCC,0.805419
FCC,0.744562
FCC,0.282573
FCC,0.437584
FCC,0.413166
FCC,0.260144
FCC,0.538993
FCC,0.271016
FCC,0.629214
FCC,0.402007
FCC,0.321166
FCC,0.304665
FCC,0.46596
FCC,0.569676
FCC,0.634757
FCC,0.557197
FCC,0.380394
FCC,0.46992
FCC,0.414079
FCC,0.847923
FCC,0.773207
FCC,0.493869
FCC,0.781588
FCC,0.590236
FCC,0.581891
FCC,0.350732
FCC,0.711432
FCC,0.732124
FCC,0.120928
FCC,0.435856
FCC,0.781849
FCC,0.227067
FCC,0.433983
FCC,0.654534
FCC,0.450638
FCC,0.583645
FCC,0.48132
FCC,0.426379
FCC,0.621851
FCC,0.327476
FCC,0.487212
FCC,0.555838
FCC,0.484241
FCC,0.493012
FCC,0.558955
FCC,0.559737
FCC,0.858525
FCC,0.579211
FCC,0.389638
FCC,0.627826
FCC,0.7444
FCC,0.714986
FCC,0.066417
FCC,0.267627
FCC,0.42952
FCC,0.538659
FCC,0.266353
FCC,0.498645
FCC,0.196329
FCC,0.437662
FCC,0.49058
FCC,0.720031
FCC,0.475864
FCC,0.684537
FCC,0.428387
FCC,0.214371
FCC,0.287809
FCC,0.643552
FCC,0.509426
FCC,0.631018
FCC,0.438664
FCC,0.574658
FCC,0.457583
FCC,0.640884
FCC,0.763055
FCC,0.134487
FCC,0.498147
FCC,0.617398
FCC,0.670956
FCC,0.524362
FCC,0.576675
FCC,0.348259
FCC,0.740479
FCC,0.78037
FCC,0.677669
FCC,0.537118
FCC,0.719856
FCC,0.688772
FCC,0.847946
FCC,0.597513
FCC,0.646377
FCC,0.638005
FCC,0.327528
FCC,0.517011
FCC,0.863598
FCC,0.279334
FCC,0.515464
FCC,1.860053
FCC,0.330877
FCC,0.483726
FCC,0.613539
FCC,0.829879
FCC,0.533029
FCC,0.575335
FCC,0.591132
FCC,0.421527
FCC,0.717881
FCC,0.481795
FCC,1.185638
FCC,0.621003
FCC,0.351193
FCC,0.592236
FCC,0.53996
FCC,0.590431
FCC,0.519934
FCC,0.567558
FCC,0.401711
FCC,0.845609
FCC,0.595903
FCC,0.713362
FCC,0.593853
FCC,0.221404
FCC,0.5785
FCC,0.674422
FCC,0.555886
FCC,0.550619
FCC,0.620938
FCC,0.351474
FCC,0.677169
FCC,0.629911
FCC,0.899957
FCC,0.643259
FCC,0.746587
FCC,0.596579
FCC,0.631262
FCC,0.818121
FCC,0.760099
FCC,0.224436
FCC,0.682794
FCC,0.916316
FCC,0.627923
FCC,0.589083
FCC,0.883683
FCC,1.369869
FCC,0.28778
FCC,0.522121
FCC,0.388327
FCC,0.413814
FCC,0.618395
FCC,0.334842
FCC,0.576247
FCC,0.777646
FCC,0.48129
FCC,0.823215
FCC,0.560446
FCC,0.535698
FCC,0.46771
FCC,0.464472
FCC,0.574628
FCC,0.570412
FCC,0.871742
FCC,0.681226
FCC,0.427979
FCC,0.350897
FCC,0.20347
FCC,0.619249
FCC,0.649454
FCC,0.617669
FCC,0.486927
FCC,0.603725
FCC,0.268913
FCC,0.509248
FCC,0.582033
FCC,0.637381
FCC,0.564917
FCC,0.53066
FCC,0.614049
FCC,0.643869
FCC,0.752441
FCC,0.56349
FCC,0.993292
FCC,0.688992
FCC,0.942593
FCC,0.96671
FCC,0.476999
FCC,0.764903
FCC,0.671535
FCC,0.94885
FCC,0.90617
FCC,0.907001
FCC,0.95646
FCC,0.524145
FCC,0.574333
FCC,0.802035
FCC,0.757701
FCC,0.736438
FCC,0.604986
FCC,0.610494
FCC,0.432827
FCC,0.704432
FCC,0.84175
FCC,0.420953
FCC,0.744239
FCC,0.696886
FCC,0.508235
FCC,0.802434
FCC,0.768049
FCC,0.548633
FCC,0.753809
FCC,0.467381
FCC,0.84997
FCC,0.649518
FCC,0.769819
FCC,0.471352
FCC,0.735087
FCC,0.337563
FCC,0.259426
FCC,0.393236
FCC,0.524856
FCC,0.57805
FCC,0.197948
FCC,0.601683
FCC,0.859765
FCC,0.317128
FCC,0.792432
FCC,0.655149
FCC,0.619456
FCC,0.343603
FCC,0.459234
FCC,0.754808
FCC,0.379786
FCC,0.572333
FCC,0.439802
FCC,0.291782
FCC,0.424583
FCC,0.663202
FCC,0.57921
FCC,0.455939
FCC,0.677848
FCC,0.861668
FCC,0.319518
FCC,0.729824
FCC,0.446833
FCC,0.432173
FCC,0.49569
FCC,0.426001
FCC,0.81122
FCC,0.586099
FCC,0.61434
FCC,0.500704
FCC,0.451421
FCC,0.537529
FCC,0.309184
FCC,0.366547
FCC,0.496294
FCC,0.415984
FCC,0.544797
FCC,0.333024
FCC,0.540306
FCC,0.67619
FCC,0.433961
FCC,0.343848
FCC,0.404153
FCC,0.49372
FCC,0.492495
FCC,0.329952
FCC,0.353183
FCC,0.304888
FCC,0.568799
FCC,0.683979
FCC,0.732377
FCC,0.605187
FCC,0.316085
FCC,0.400889
FCC,0.575838
FCC,0.587545
FCC,0.398987
FCC,0.331722
FCC,0.648372
FCC,0.507598
FCC,0.508541
FCC,0.638344
FCC,0.412831
FCC,0.591943
FCC,0.618351
FCC,0.501492
FCC,0.397924
FCC,0.700797
FCC,0.528334
FCC,0.62859
FCC,0.569051
FCC,0.665739
FCC,0.352693
FCC,0.733315
FCC,0.627008
FCC,0.493815
FCC,0.578847
FCC,0.842007
FCC,0.41867
FCC,0.552809
FCC,0.512213
FCC,0.196982
FCC,0.447214
FCC,0.434597
FCC,0.934497
FCC,0.303027
FCC,0.496636
FCC,0.39032
FCC,0.364695
FCC,0.700097
FCC,0.511439
FCC,0.456755
FCC,0.358469
FCC,0.687203
FCC,0.142817
FCC,0.526207
FCC,0.578779
FCC,0.383407
FCC,0.758293
FCC,0.57167
FCC,0.66655
FCC,0.686163
FCC,0.698413
FCC,0.516955
FCC,0.686794
FCC,0.762307
FCC,0.485975
FCC,0.642451
FCC,0.549315
FCC,0.596125
FCC,0.647192
FCC,0.461116
FCC,0.400358
FCC,0.76661
FCC,0.665211
FCC,0.715137
FCC,0.49034
FCC,0.583506
FCC,0.465571
FCC,0.548267
FCC,0.3908
FCC,0.795233
FCC,0.478664
FCC,0.564281
FCC,0.689187
FCC,0.399308
FCC,0.61182
FCC,0.039285
FCC,0.61795
FCC,0.60994
FCC,0.571662
FCC,0.722153
FCC,0.518046
FCC,0.419563
FCC,0.570626
FCC,0.634666
FCC,0.407066
FCC,0.630256
FCC,0.517382
FCC,0.566067
FCC,0.756604
FCC,0.559291
FCC,0.421363
FCC,0.5412
FCC,0.471889
FCC,0.79271
FCC,0.611473
FCC,0.557609
FCC,1.083863
FCC,0.424739
FCC,0.629728
FCC,0.787619
FCC,0.493924
FCC,0.635915
FCC,0.65917
FCC,0.862704
FCC,0.938705
FCC,0.428892
FCC,0.852386
FCC,0.532216
FCC,0.690451
FCC,0.622201
FCC,0.746313
FCC,0.63074
FCC,0.668094
FCC,0.839443
FCC,0.796721
FCC,0.753938
FCC,0.738391
FCC,0.480371
FCC,0.752183
FCC,0.459815
FCC,1.142756
FCC,0.768355
FCC,0.650617
FCC,0.673572
FCC,0.798595
FCC,0.648836
FCC,0.672577
FCC,0.732297
FCC,0.459342
FCC,0.459102
FCC,0.446776
FCC,0.70505
FCC,0.551272
FCC,0.526987
FCC,0.552392
FCC,0.858313
FCC,0.296909
FCC,0.798649
FCC,0.400782
FCC,0.803055
FCC,0.373469
FCC,0.721375
FCC,0.57721
FCC,0.485212
FCC,0.862933
FCC,0.654784
FCC,0.825583
FCC,0.86048
FCC,0.630561
FCC,0.349334
FCC,0.678016
FCC,0.543696
FCC,0.727696
FCC,0.67704
FCC,0.474706
FCC,0.334129
FCC,0.245747
FCC,0.940496
FCC,0.38381
FCC,0.741673
FCC,0.719552
FCC,0.751434
FCC,0.54614
FCC,0.285575
FCC,0.433271
FCC,0.44238
FCC,0.499499
FCC,0.722597
FCC,0.564832
FCC,0.670236
FCC,0.271583
FCC,0.486852
FCC,0.657216
FCC,0.21618
FCC,0.692871
FCC,0.739334
FCC,0.347777
FCC,0.282406
FCC,0.627217
FCC,0.126183
FCC,0.515479
FCC,0.306178
FCC,0.242971
FCC,0.719425
FCC,0.774246
FCC,0.655622
FCC,0.6414
FCC,0.272114
FCC,0.465445
FCC,0.532736
FCC,0.354678
FCC,0.713909
FCC,0.606988
FCC,0.450638
FCC,0.520552
FCC,0.735879
FCC,0.717003
FCC,0.93725
FCC,0.692458
FCC,0.515695
FCC,0.554247
FCC,0.366771
FCC,0.588432
FCC,0.419782
FCC,0.682161
FCC,0.429046
FCC,0.585871
FCC,0.544171
FCC,0.537749
FCC,0.533847
FCC,0.518027
FCC,0.563044
FCC,0.319104
FCC,0.472516
FCC,0.534727
FCC,0.626244
FCC,0.591224
FCC,0.569828
FCC,0.443739
FCC,0.613129
FCC,0.398325
FCC,0.449145
FCC,0.657561
FCC,0.492187
FCC,0.183717
FCC,0.513361
FCC,0.264289
FCC,0.387273
FCC,0.40668
FCC,0.623595
FCC,0.477953
FCC,0.312165
FCC,0.189095
FCC,0.584195
FCC,0.45894
FCC,0.455456
FCC,0.408529
FCC,0.346273
FCC,0.227585
FCC,0.533089
FCC,0.485088
FCC,0.350426
FCC,0.581406
FCC,0.481034
FCC,0.671172
FCC,0.659613
FCC,0.581272
FCC,0.42989
FCC,0.619461
FCC,0.649975
FCC,0.571912
FCC,0.363168
FCC,0.591326
FCC,0.584579
FCC,0.6299
FCC,0.41761
FCC,0.516915
FCC,0.32602
FCC,0.484472
FCC,0.570214
FCC,0.732471
FCC,0.824868
FCC,0.566545
FCC,0.678033
FCC,0.833854
FCC,0.421336
FCC,0.367455
FCC,0.469066
FCC,0.737585
FCC,0.42249
FCC,0.328875
FCC,0.643495
FCC,0.633622
FCC,0.61408
FCC,0.839828
FCC,0.447985
FCC,0.517723
FCC,0.732003
FCC,0.534094
FCC,0.701137
FCC,0.736483
FCC,0.42863
FCC,0.316997
FCC,0.529021
FCC,0.489873
FCC,0.422168
FCC,0.349803
FCC,0.298234
FCC,0.484443
FCC,0.373366
FCC,0.592541
FCC,0.682341
FCC,0.965286
FCC,0.814012
FCC,2.202072
FCC,0.663003
FCC,0.317573
FCC,0.77937
FCC,0.541543
FCC,0.480446
FCC,0.745414
FCC,0.531455
FCC,0.700781
FCC,0.932146
FCC,1.353406
FCC,0.708822
FCC,0.716281
FCC,0.613619
FCC,0.92847
FCC,0.93223
FCC,0.563275
FCC,0.588856
FCC,0.648808
FCC,0.689893
FCC,0.947052
FCC,0.45933
FCC,0.856033
FCC,0.563783
FCC,0.456394
FCC,0.663542
FCC,0.8695
FCC,0.600087
FCC,0.592349
FCC,0.628796
FCC,0.876751
FCC,0.648722
FCC,0.468397
FCC,0.704171
FCC,0.52535
FCC,0.810882
FCC,0.839512
FCC,0.588282
FCC,0.432184
FCC,0.698032
FCC,0.614224
FCC,0.785818
FCC,0.645503
FCC,0.688601
FCC,0.476245
FCC,0.602216
FCC,0.507524
FCC,0.588425
FCC,0.356737
FCC,0.547343
FCC,0.39889
FCC,0.777301
FCC,0.854746
FCC,0.257371
FCC,0.477133
FCC,0.442827
FCC,0.493222
FCC,0.520574
FCC,0.710054
FCC,0.67038
FCC,0.617511
FCC,0.5685
FCC,0.68425
FCC,0.737195
FCC,0.738396
FCC,0.510325
FCC,0.428629
FCC,0.642258
FCC,0.348199
FCC,0.30149
FCC,0.608282
FCC,0.342228
FCC,0.562796
FCC,0.61869
FCC,0.402852
FCC,0.391598
FCC,0.604421
FCC,0.18726
FCC,0.59415
FCC,0.582412
FCC,0.387351
FCC,0.782157
FCC,0.742899
FCC,0.515096
FCC,0.537735
FCC,0.462718
FCC,0.462307
FCC,0.639568
FCC,0.553241
FCC,0.769714
FCC,0.544628
FCC,0.467845
FCC,0.514356
FCC,0.732898
FCC,0.595991
FCC,0.795945
FCC,0.623723
FCC,0.496864
FCC,0.373125
FCC,0.584318
FCC,0.518611
FCC,0.685146
FCC,0.604856
FCC,0.677443
FCC,0.649767
FCC,0.721412
FCC,0.476469
FCC,0.543193
FCC,0.345962
FCC,0.662604
FCC,0.476981
FCC,0.406987
FCC,0.383447
FCC,0.708097
FCC,0.506638
FCC,0.559645
FCC,0.691751
FCC,0.438532
FCC,0.372428
FCC,0.589085
FCC,0.346971
FCC,0.505932
FCC,0.465262
FCC,0.405075
FCC,0.195443
FCC,0.605122
FCC,0.537107
FCC,0.407306
FCC,0.606348
FCC,0.676795
FCC,0.381911
FCC,0.121384
FCC,0.38436
FCC,0.180377
FCC,0.324666
FCC,0.514808
FCC,0.440657
FCC,0.5209
FCC,0.383651
FCC,0.314167
FCC,0.517996
FCC,0.501052
FCC,0.297322
FCC,0.479175
FCC,0.59781
FCC,0.628683
FCC,0.438797
FCC,0.433478
FCC,0.740615
FCC,0.61936
FCC,0.683995
FCC,0.538258
FCC,0.680745
FCC,0.54908
FCC,0.330007
FCC,0.518819
FCC,0.577515
FCC,0.419417
FCC,0.365173
FCC,0.53476
FCC,0.526745
FCC,0.436875
FCC,0.378651
FCC,0.265519
FCC,0.674533
FCC,0.441051
FCC,0.36865
FCC,0.685474
FCC,0.583841
FCC,0.927202
FCC,0.630566
FCC,0.715662
FCC,0.295404
FCC,0.27149
FCC,0.482162
FCC,0.324732
FCC,0.290154
FCC,0.699596
FCC,0.33635
FCC,0.562473
FCC,0.226572
FCC,0.620621
FCC,0.446665
FCC,0.477896
FCC,0.76627
FCC,0.458445
FCC,0.747317
FCC,0.466415
FCC,0.447206
FCC,0.490654
FCC,0.443586
FCC,0.582058
FCC,0.612788
FCC,0.470745
FCC,0.493806
FCC,0.519762
FCC,0.685356
FCC,0.520747
FCC,0.536334
FCC,0.80188
FCC,0.292839
FCC,0.680587
FCC,0.96791
FCC,0.721319
FCC,0.770968
FCC,0.743085
FCC,0.791953
FCC,0.573847
FCC,0.83244
FCC,0.699186
FCC,0.881118
FCC,0.666533
FCC,0.793403
FCC,0.596662
FCC,0.614274
FCC,0.958929
FCC,0.551147
FCC,0.619221
FCC,0.793201
FCC,0.58439
FCC,0.603496
FCC,0.914719
FCC,0.474691
FCC,0.728384
FCC,0.439993
FCC,1.066649
FCC,0.533206
FCC,0.632174
FCC,0.63503
FCC,0.736813
FCC,0.356052
FCC,0.621247
FCC,0.483768
FCC,0.704619
FCC,0.624991
FCC,0.810273
FCC,0.48024
FCC,0.805103
FCC,0.299786
FCC,0.600289
FCC,0.822554
FCC,0.864289
FCC,0.558495
FCC,0.406483
FCC,0.602728
FCC,0.635388
FCC,0.783577
FCC,0.557782
FCC,0.457717
FCC,0.465981
FCC,0.516571
FCC,0.516189
FCC,0.678908
FCC,0.793923
FCC,0.80974
FCC,0.449249
FCC,0.511345
FCC,0.452961
FCC,0.652765
FCC,0.69117
FCC,0.624592
FCC,0.695353
FCC,0.565729
FCC,0.596044
FCC,0.544076
FCC,0.743429
FCC,0.428387
FCC,0.369644
FCC,0.622908
FCC,0.414478
FCC,0.696108
FCC,0.37647
FCC,0.766695
FCC,0.535034
FCC,0.485515
FCC,0.753065
FCC,0.835447
FCC,0.721297
FCC,0.406469
FCC,0.546755
FCC,0.65028
FCC,0.361204
FCC,0.567769
FCC,0.459408
FCC,0.487682
FCC,0.494732
FCC,0.702523
FCC,0.509986
FCC,0.788219
FCC,0.428157
FCC,0.535041
FCC,0.43627
FCC,0.798073
FCC,0.289763
FCC,0.78771
FCC,0.481045
FCC,0.50204
FCC,0.488472
FCC,0.700421
FCC,0.496015
FCC,0.476399
FCC,0.547405
FCC,0.707852
FCC,0.324187
FCC,0.41187
FCC,0.575937
FCC,0.553413
FCC,0.327972
FCC,0.302775
FCC,0.38255
FCC,0.605693
FCC,0.458393
FCC,0.273847
FCC,0.629154
FCC,0.467761
FCC,0.241532
FCC,0.173829
FCC,0.355522
FCC,0.237048
FCC,0.432128
FCC,0.391696
FCC,0.353409
FCC,0.411366
FCC,0.634832
FCC,0.298884
FCC,0.655713
FCC,0.457223
FCC,0.585414
FCC,0.326097
FCC,0.39683
FCC,0.170139
FCC,0.348592
FCC,0.350957
FCC,0.395
FCC,0.78241
FCC,0.419563
FCC,0.52951
FCC,0.370141
FCC,0.4987
FCC,0.46203
FCC,0.510383
FCC,0.525113
FCC,0.261024
FCC,0.47175
FCC,0.361593
FCC,0.44874
FCC,0.18042
FCC,0.415505
FCC,0.49028
FCC,0.397109
FCC,0.220139
FCC,0.418674
FCC,0.420677
FCC,0.504178
FCC,0.389742
FCC,0.227729
FCC,0.201753
FCC,0.259015
FCC,0.267191
FCC,0.423561
FCC,0.409266
FCC,0.228583
FCC,0.63148
FCC,0.604055
FCC,0.569623
FCC,0.613044
FCC,0.385951
FCC,0.433974
FCC,0.55579
FCC,0.529476
FCC,0.237913
FCC,0.393936
FCC,0.433536
FCC,0.322509
FCC,0.442115
FCC,0.443693
FCC,0.496126
FCC,0.338678
FCC,0.27557
FCC,0.333755
FCC,0.647862
FCC,0.544441
FCC,0.443064
FCC,0.526632
FCC,0.442951
FCC,0.673855
FCC,0.481804
FCC,0.77612
FCC,0.521215
FCC,0.783001
FCC,0.677083
FCC,0.597576
FCC,0.335887
FCC,0.572074
FCC,0.732867
FCC,0.634019
FCC,0.406883
FCC,0.425285
FCC,0.533895
FCC,0.675762
FCC,0.547791
FCC,0.808273
FCC,0.903852
FCC,0.843359
FCC,0.805298
FCC,0.995412
FCC,0.868543
FCC,0.712852
FCC,0.467088
FCC,0.533202
FCC,0.723877
FCC,0.707502
FCC,0.662638
FCC,0.685982
FCC,0.403239
FCC,0.726906
FCC,0.519921
FCC,0.948784
FCC,0.713184
FCC,0.678498
FCC,0.597993
FCC,0.473705
FCC,0.428206
FCC,0.34097
FCC,0.457523
FCC,0.845524
FCC,0.499013
FCC,0.507595
FCC,0.580942
FCC,0.766531
FCC,0.696131
FCC,0.560804
FCC,0.854167
FCC,0.526321
FCC,0.677948
FCC,0.70582
FCC,0.507272
FCC,0.734609
FCC,0.427814
FCC,0.43896
FCC,0.474668
FCC,0.555894
FCC,0.573771
FCC,0.493875
FCC,0.613345
FCC,0.46439
FCC,0.266254
FCC,0.718989
FCC,0.536242
FCC,0.480956
FCC,0.395236
FCC,0.673782
FCC,0.461241
FCC,0.520966
FCC,0.493329
FCC,0.657377
FCC,0.52138
FCC,0.661767
FCC,0.575255
FCC,0.323153
FCC,0.452102
FCC,0.327586
FCC,0.550261
FCC,0.075795
FCC,0.656431
FCC,0.632398
FCC,0.818244
FCC,0.673358
FCC,0.453839
FCC,0.404753
FCC,0.101859
FCC,0.68992
FCC,0.500372
FCC,0.417657
FCC,0.182392
FCC,0.352868
FCC,0.515837
FCC,0.308822
FCC,0.436311
FCC,0.533536
FCC,0.318664
FCC,0.706911
FCC,0.638497
FCC,0.221949
FCC,0.515263
FCC,0.509774
FCC,0.102051
FCC,0.687274
FCC,0.413432
FCC,0.448134
FCC,0.659625
FCC,0.468121
FCC,0.83438
FCC,0.348758
FCC,0.579894
FCC,0.56793
FCC,0.647037
FCC,0.352435
FCC,0.64123
FCC,0.803584
FCC,0.320593
FCC,0.418511
FCC,0.467912
FCC,0.474245
FCC,0.652172
FCC,0.802168
FCC,0.653792
FCC,0.460762
FCC,0.450602
FCC,0.313348
FCC,0.358504
FCC,0.833894
FCC,0.36012
FCC,0.583451
FCC,0.372954
FCC,0.197872
FCC,0.255105
FCC,0.548849
FCC,0.513808
FCC,0.405319
FCC,0.236894
FCC,0.635474
FCC,0.619139
FCC,0.388293
FCC,0.576716
FCC,0.511902
FCC,0.498633
FCC,0.501122
FCC,0.464537
FCC,0.08683
FCC,0.480998
FCC,0.485541
FCC,0.228507
FCC,0.355166
FCC,0.444758
FCC,0.262904
FCC,0.101641
FCC,0.619839
FCC,0.267952
FCC,0.38905
FCC,0.312534
FCC,0.34233
FCC,0.340655
FCC,0.453443
FCC,0.552002
FCC,0.286296
FCC,0.258502
FCC,0.42903
FCC,0.523167
FCC,0.198048
FCC,0.383781
FCC,0.21738
FCC,0.537736
FCC,0.480586
FCC,0.490929
FCC,0.541733
FCC,0.13041
FCC,0.482501
FCC,0.481901
FCC,0.517534
FCC,0.395723
FCC,0.291182
FCC,0.462821
FCC,0.322865
FCC,0.529176
FCC,0.39711
FCC,0.541542
FCC,0.402767
FCC,0.509504
FCC,0.592176
FCC,0.522669
FCC,0.694375
FCC,0.622336
FCC,0.704037
FCC,0.644702
FCC,0.460568
FCC,0.656672
FCC,0.428666
FCC,0.612237
FCC,0.820237
FCC,0.587051
FCC,0.409091
FCC,0.223794
FCC,0.504043
FCC,0.744402
FCC,0.657324
FCC,0.317579
FCC,0.719263
FCC,0.426177
FCC,0.53186
FCC,0.503037
FCC,0.763205
FCC,0.336593
FCC,0.50962
FCC,0.329091
FCC,0.41648
FCC,0.252601
FCC,0.820486
FCC,0.424438
FCC,0.272588
FCC,0.625235
FCC,0.627563
FCC,0.799086
FCC,0.733143
FCC,0.513314
FCC,0.675585
FCC,0.612042
FCC,0.580034
FCC,0.509001
FCC,0.722327
FCC,0.753449
FCC,0.588619
FCC,0.958778
FCC,0.540287
FCC,0.82205
FCC,0.913945
FCC,0.638391
FCC,0.619362
FCC,0.771709
FCC,0.71419
FCC,0.859823
FCC,0.66068
FCC,0.771988
FCC,0.718195
FCC,0.513602
FCC,0.596823
FCC,0.606895
FCC,0.440419
FCC,0.643819
FCC,0.67405
FCC,0.745224
FCC,0.705266
FCC,0.414539
FCC,0.620302
FCC,0.693995
FCC,0.491805
FCC,0.987364
FCC,0.647443
FCC,0.658261
FCC,0.466692
FCC,0.767917
FCC,0.596719
FCC,0.714881
FCC,0.670115
FCC,0.591558
FCC,0.324077
FCC,0.510585
FCC,0.468015
FCC,0.677694
FCC,0.399874
FCC,0.594907
FCC,0.52935
FCC,0.524712
FCC,0.46449
FCC,0.549558
FCC,0.76206
FCC,0.580622
FCC,0.638567
FCC,0.489684
FCC,0.556396
FCC,0.423144
FCC,0.671311
FCC,0.32934
FCC,0.497753
FCC,0.227522
FCC,0.624415
FCC,0.695406
FCC,0.29861
FCC,0.744897
FCC,0.268375
FCC,0.368655
FCC,0.735086
FCC,0.67738
FCC,0.409164
FCC,0.483116
FCC,0.483137
FCC,0.489091
FCC,0.793853
FCC,0.565554
FCC,0.314524
FCC,0.615438
FCC,0.464315
FCC,0.127163
FCC,0.529894
FCC,0.819227
FCC,0.293946
FCC,0.506372
FCC,0.599098
FCC,0.371137
FCC,0.660129
FCC,0.223538
FCC,0.449025
FCC,0.318428
FCC,0.3189
FCC,0.666498
FCC,0.380142
FCC,0.33753
FCC,0.597335
FCC,0.431878
FCC,0.291454
FCC,0.489392
FCC,0.560812
FCC,0.527007
FCC,0.47042
FCC,0.200853
FCC,0.272286
FCC,0.681999
FCC,0.314006
FCC,0.672039
FCC,0.813366
FCC,0.345163
FCC,0.451583
FCC,0.481022
FCC,0.422617
FCC,0.468302
FCC,0.250453
FCC,0.443846
FCC,0.521015
FCC,0.738912
FCC,0.368729
FCC,0.426309
FCC,0.573158
FCC,0.67289
FCC,0.622033
FCC,0.513293
FCC,0.46975
FCC,0.791895
FCC,0.468618
FCC,0.596017
FCC,0.647368
FCC,0.376356
FCC,0.689444
FCC,0.778768
FCC,0.477176
FCC,0.436294
FCC,0.516577
FCC,0.838084
FCC,0.511012
FCC,0.535788
FCC,0.450184
FCC,0.641192
FCC,0.371987
FCC,0.589795
FCC,0.340309
FCC,0.520157
FCC,0.198126
FCC,0.449236
FCC,0.419547
FCC,0.75606
FCC,0.46949
FCC,0.619606
FCC,0.571276
FCC,0.385773
FCC,0.588859
FCC,0.727086
FCC,0.414279
FCC,0.741734
FCC,0.396132
FCC,0.52389
FCC,0.353501
FCC,0.514268
FCC,0.436574
FCC,0.475198
FCC,0.324261
FCC,0.422992
FCC,0.731048
FCC,0.422497
FCC,0.411027
FCC,0.538079
FCC,0.455975
FCC,0.581799
FCC,0.214107
FCC,0.484571
FCC,0.460942
FCC,0.381861
FCC,0.888664
FCC,0.320443
FCC,0.682272
FCC,0.438494
FCC,0.677135
FCC,0.297782
FCC,0.342817
FCC,0.619512
FCC,0.490557
FCC,0.514152
FCC,0.723189
FCC,0.487376
FCC,0.807871
FCC,0.487529
FCC,0.402354
FCC,0.490582
FCC,0.615446
FCC,0.551751
FCC,0.391478
FCC,0.278377
FCC,0.356251
FCC,0.503947
FCC,0.419609
FCC,0.477803
FCC,0.73659
FCC,0.59715
FCC,0.438164
FCC,0.794694
FCC,0.577239
FCC,0.377794
FCC,0.40784
FCC,0.720767
FCC,0.514927
FCC,0.59105
FCC,0.604678
FCC,0.585254
FCC,0.761616
FCC,0.567309
FCC,0.299781
FCC,0.839265
FCC,0.861014
FCC,0.73475
FCC,0.705416
FCC,0.71109
FCC,0.766211
FCC,0.753768
FCC,0.771036
FCC,0.759964
FCC,0.641731
FCC,0.597398
FCC,0.415136
FCC,0.524628
FCC,0.79385
FCC,0.496224
FCC,0.618295
FCC,0.510453
FCC,0.373521
FCC,0.576275
FCC,0.651529
FCC,0.662812
FCC,0.643666
FCC,0.400175
FCC,0.688396
FCC,0.537206
FCC,0.583147
FCC,0.871447
FCC,0.36199
FCC,0.688847
FCC,0.392623
FCC,1.057795
FCC,0.473381
FCC,0.466674
FCC,0.501829
FCC,0.531351
FCC,0.633357
FCC,0.531636
FCC,0.464323
FCC,0.663531
FCC,0.453941
FCC,0.576547
FCC,0.59862
FCC,0.439431
FCC,0.660867
FCC,0.416883
FCC,0.371949
FCC,0.385433
FCC,0.486359
FCC,0.641601
FCC,0.523885
FCC,0.452411
FCC,0.777096
FCC,0.635398
FCC,0.54358
FCC,0.369392
FCC,0.353742
FCC,0.673324
FCC,0.761208
FCC,0.464869
FCC,0.538484
FCC,0.8087
FCC,0.588695
FCC,0.654778
FCC,0.320419
FCC,0.605474
FCC,0.248443
FCC,0.406177
FCC,0.563605
FCC,0.416088
FCC,0.687984
FCC,0.389056
FCC,0.642892
FCC,0.480509
FCC,0.462388
FCC,0.776313
FCC,0.408638
FCC,0.685633
FCC,0.520449
FCC,0.46286
FCC,0.351286
FCC,0.58232
FCC,0.277699
FCC,0.682794
FCC,0.277544
FCC,0.192823
FCC,0.527993
FCC,0.644893
FCC,0.554433
FCC,0.625338
FCC,0.605008
FCC,0.30884
FCC,0.317094
FCC,0.47268
FCC,0.247257
FCC,0.746818
FCC,0.521721
FCC,0.631403
FCC,0.628002
FCC,0.487814
FCC,0.601093
FCC,0.658323
FCC,0.407269
FCC,0.565236
FCC,0.533819
FCC,0.548014
FCC,0.471562
FCC,0.664688
FCC,0.369696
FCC,0.473429
FCC,0.499906
FCC,0.549944
FCC,0.606327
FCC,0.44809
FCC,0.250319
FCC,0.621153
FCC,0.499073
FCC,0.313762
FCC,0.618956
FCC,0.610598
FCC,0.384805
FCC,0.608577
FCC,0.488976
FCC,0.406579
FCC,0.623958
FCC,0.391759
FCC,0.461667
FCC,0.408931
FCC,0.591437
FCC,0.547906
FCC,0.560536
FCC,0.557089
FCC,0.446096
FCC,0.468627
FCC,0.437665
FCC,0.372099
FCC,0.535844
FCC,0.492957
FCC,0.252377
FCC,0.43303
FCC,0.590422
FCC,0.510983
FCC,0.650557
FCC,0.791934
FCC,0.544234
FCC,0.640155
FCC,0.442961
FCC,0.48428
FCC,0.508364
FCC,0.779625
FCC,0.73285
FCC,0.339266
FCC,0.560259
FCC,0.525746
FCC,0.637609
FCC,0.740499
FCC,0.360013
FCC,0.48432
FCC,0.633698
FCC,0.971297
FCC,0.544536
FCC,0.610896
FCC,0.460061
FCC,0.921146
FCC,0.144435
FCC,0.648144
FCC,0.556647
FCC,0.765864
FCC,0.527974
FCC,0.498645
FCC,0.530587
FCC,0.714815
FCC,0.47539
FCC,0.521354
FCC,0.580228
FCC,0.940155
FCC,0.393279
FCC,0.542187
FCC,0.281527
FCC,0.612045
FCC,0.612234
FCC,0.60599
FCC,0.735056
FCC,0.625322
FCC,0.620139
FCC,0.725469
FCC,0.486035
FCC,0.741971
FCC,0.749758
FCC,0.642425
FCC,0.507578
FCC,0.729984
FCC,0.520621
FCC,0.78753
FCC,2.068268
FCC,0.533548
FCC,0.669287
FCC,0.769748
FCC,0.703289
FCC,0.516729
FCC,0.423978
FCC,0.379464
FCC,0.689927
FCC,0.55033
FCC,0.350833
FCC,0.645519
FCC,0.591266
FCC,0.387739
FCC,0.812574
FCC,0.49985
FCC,0.663566
FCC,0.557386
FCC,0.524098
FCC,0.342915
FCC,0.511182
FCC,0.593104
FCC,0.609588
FCC,0.638502
FCC,0.666732
FCC,0.632518
FCC,0.578417
FCC,0.54197
FCC,0.522032
FCC,0.550669
FCC,0.413983
FCC,0.30223
FCC,0.465244
FCC,0.307512
FCC,0.28529
FCC,0.588421
FCC,0.621166
FCC,0.816432
FCC,0.337992
FCC,0.457016
FCC,0.239128
FCC,0.60503
FCC,0.48155
FCC,0.737836
FCC,0.413446
FCC,0.843467
FCC,0.488736
FCC,0.414522
FCC,0.572099
FCC,0.606013
FCC,0.508204
FCC,0.315559
FCC,0.845102
FCC,0.649273
FCC,0.476132
FCC,0.649331
FCC,0.8888
FCC,0.677624
FCC,0.623006
FCC,0.447755
FCC,0.72551
FCC,0.733491
FCC,0.742835
FCC,0.587634
FCC,0.595808
FCC,0.391026
FCC,0.615824
FCC,0.273126
FCC,0.315498
FCC,0.676343
FCC,0.296425
FCC,0.589017
FCC,0.566678
FCC,0.207912
FCC,0.254152
FCC,0.484368
FCC,0.343702
FCC,0.450864
FCC,0.507611
FCC,0.322165
FCC,0.612175
FCC,0.513361
FCC,0.662606
FCC,0.4252
FCC,0.323955
FCC,0.291055
FCC,0.60264
FCC,0.30473
FCC,0.506703
FCC,0.775964
FCC,0.504837
FCC,0.44808
FCC,0.630406
FCC,0.918567
FCC,0.750145
FCC,0.440405
FCC,0.447238
FCC,0.38823
FCC,0.631119
FCC,0.484019
FCC,0.793451
FCC,0.379328
FCC,0.522697
FCC,0.242783
FCC,0.594054
FCC,0.636498
FCC,0.214253
FCC,0.436103
FCC,0.424179
FCC,0.611935
FCC,0.377815
FCC,0.274328
FCC,0.43747
FCC,0.279138
FCC,0.520239
FCC,0.299474
FCC,0.453106
FCC,0.4874
FCC,0.528486
FCC,0.280594
FCC,0.479684
FCC,0.519421
FCC,0.637769
FCC,0.540694
FCC,0.420985
FCC,0.441434
FCC,0.636687
FCC,0.559606
FCC,0.423897
FCC,0.376114
FCC,0.512873
FCC,0.591713
FCC,0.563645
FCC,0.345672
FCC,0.284788
FCC,0.644094
FCC,0.499439
FCC,0.451665
FCC,0.818896
FCC,0.655609
FCC,0.386416
FCC,0.722332
FCC,0.335582
FCC,0.539204
FCC,0.665638
FCC,0.346469
FCC,0.354083
FCC,0.576216
FCC,0.685993
FCC,0.835446
FCC,0.520921
FCC,0.415008
FCC,0.74811
FCC,0.659136
FCC,0.693239
FCC,0.421276
FCC,0.445377
FCC,0.657027
FCC,0.574504
FCC,0.775065
FCC,0.245918
FCC,0.654251
FCC,0.446104
FCC,0.478457
FCC,0.438389
FCC,0.48241
FCC,0.809805
FCC,0.572464
FCC,0.424373
FCC,0.312507
FCC,0.227783
FCC,0.649112
FCC,0.666491
FCC,0.701859
FCC,0.586579
FCC,0.798357
FCC,0.536916
FCC,0.606326
FCC,0.554874
FCC,0.465837
FCC,0.608555
FCC,0.809703
FCC,0.603096
FCC,0.749326
FCC,0.705434
FCC,0.867444
FCC,0.8232
FCC,0.688643
FCC,0.647054
FCC,0.595936
FCC,0.559166
FCC,0.704427
FCC,0.53622
FCC,0.64073
FCC,0.656569
FCC,0.671679
FCC,0.524042
FCC,0.853241
FCC,0.837134
FCC,0.494931
FCC,0.920417
FCC,0.977699
FCC,0.840387
FCC,0.739598
FCC,0.856667
FCC,0.700517
FCC,0.574204
FCC,0.898616
FCC,0.731949
FCC,0.721578
FCC,1.058014
FCC,0.613643
FCC,0.629612
FCC,0.685267
FCC,0.797361
FCC,0.569771
FCC,0.721821
FCC,0.529579
FCC,0.851247
FCC,0.527335
FCC,0.572248
FCC,0.641284
FCC,0.400208
FCC,0.692347
FCC,0.628218
FCC,0.569455
FCC,0.858339
FCC,0.542738
FCC,0.57914
FCC,0.677073
FCC,0.757141
FCC,0.580304
FCC,0.486618
FCC,0.821145
FCC,0.344326
FCC,0.904696
FCC,0.794183
FCC,0.562063
FCC,0.256396
FCC,0.632799
FCC,0.466349
FCC,0.644515
FCC,0.638624
FCC,0.430507
FCC,0.679167
FCC,0.567989
FCC,0.688511
FCC,0.501562
FCC,0.605944
FCC,0.619115
FCC,0.700935
FCC,0.483616
FCC,0.740527
FCC,0.484582
FCC,0.523714
FCC,0.602723
FCC,0.723107
FCC,0.728818
FCC,0.513895
FCC,0.662839
FCC,0.334211
FCC,0.500069
FCC,0.824691
FCC,0.446237
FCC,0.698873
FCC,0.496625
FCC,0.43058
FCC,0.351948
FCC,0.414616
FCC,0.513303
FCC,0.473075
FCC,0.541386
FCC,0.539481
FCC,0.56535
FCC,0.579884
FCC,0.491967
FCC,0.52565
FCC,0.492799
FCC,0.314336
FCC,0.62989
FCC,0.453916
FCC,0.813237
FCC,0.766731
FCC,0.51861
FCC,0.437907
FCC,0.372994
FCC,0.677129
FCC,0.710665
FCC,0.562383
FCC,0.425476
FCC,0.658882
FCC,0.581
FCC,0.637539
FCC,0.621043
FCC,0.258433
FCC,0.42574
FCC,0.646002
FCC,0.591549
FCC,0.812504
FCC,0.381908
FCC,0.641385
FCC,0.309587
FCC,0.596195
FCC,0.54363
FCC,0.525366
FCC,0.204835
FCC,0.511727
FCC,0.666366
FCC,0.496102
FCC,0.585355
FCC,0.515934
FCC,0.395558
FCC,0.474947
FCC,0.998482
FCC,0.580707
FCC,0.424204
FCC,0.714913
FCC,0.619032
FCC,0.306976
FCC,0.763288
FCC,0.804376
FCC,0.540447
FCC,0.656518
FCC,0.279699
FCC,0.539462
FCC,0.36255
FCC,0.563607
FCC,0.468269
FCC,0.581547
FCC,0.450655
FCC,0.572911
FCC,0.4494
FCC,0.427297
FCC,0.450084
FCC,0.693194
FCC,0.509667
FCC,0.828975
FCC,0.669828
FCC,0.423253
FCC,0.325349
FCC,0.802883
FCC,0.729407
FCC,0.591116
FCC,0.450647
FCC,0.623875
FCC,0.30228
FCC,0.62264
FCC,0.710191
FCC,0.43165
FCC,1.97148
FCC,0.66336
FCC,0.564854
FCC,0.436603
FCC,0.742718
FCC,0.579504
FCC,0.837121
FCC,0.322937
FCC,0.526518
FCC,0.485676
FCC,0.477413
FCC,0.395681
FCC,0.736706
FCC,0.630797
FCC,0.734926
FCC,0.660769
FCC,0.648612
FCC,0.895381
FCC,0.646391
FCC,0.493581
FCC,0.617159
FCC,0.547749
FCC,0.662524
FCC,0.565034
FCC,0.398227
FCC,0.876036
FCC,0.342613
FCC,0.7823
FCC,0.815179
FCC,0.833248
FCC,0.455873
FCC,0.344201
FCC,0.525529
FCC,0.633113
FCC,0.628187
FCC,0.833044
FCC,0.664009
FCC,0.462841
FCC,0.838463
FCC,0.663184
FCC,0.986473
FCC,0.398366
FCC,0.543365
FCC,0.646797
FCC,0.772946
FCC,0.862075
FCC,0.785176
FCC,0.424524
FCC,0.781776
FCC,0.550327
FCC,0.95183
FCC,0.924147
FCC,0.821734
FCC,0.951836
FCC,0.839678
FCC,0.67926
FCC,0.734945
FCC,0.583313
FCC,0.835717
FCC,0.76497
FCC,0.813592
FCC,0.661185
FCC,1.003715
FCC,0.718738
FCC,0.790531
FCC,0.508806
FCC,0.608607
FCC,0.548104
FCC,0.615654
FCC,0.730565
FCC,0.334057
FCC,0.651862
FCC,0.422764
FCC,0.501281
FCC,0.541771
FCC,0.797481
FCC,0.680119
FCC,0.611796
FCC,0.651134
FCC,0.784683
FCC,0.391793
FCC,0.117699
FCC,0.521469
FCC,0.38431
FCC,0.115241
FCC,0.63026
FCC,0.721806
FCC,0.608193
FCC,0.388878
FCC,0.529082
FCC,0.53819
FCC,0.484061
FCC,0.381984
FCC,0.49837
FCC,0.390795
FCC,0.653781
FCC,0.66474
FCC,0.176045
FCC,0.48606
FCC,0.40228
FCC,0.494415
FCC,0.244335
FCC,0.426231
FCC,0.543048
FCC,0.470659
FCC,0.575704
FCC,0.321997
FCC,0.4491
FCC,0.535963
FCC,0.502276
FCC,0.863201
FCC,0.639894
FCC,0.473098
FCC,0.573344
FCC,0.458127
FCC,0.620302
FCC,0.531541
FCC,0.744108
FCC,0.390446
FCC,0.472712
FCC,0.712456
FCC,0.683954
FCC,0.54203
FCC,0.41424
FCC,0.452968
FCC,0.412152
FCC,0.453422
FCC,0.66122
FCC,0.431624
FCC,0.321266
FCC,0.386299
FCC,0.486009
FCC,0.567769
FCC,0.594924
FCC,0.225418
FCC,0.283701
FCC,0.394417
FCC,0.322244
FCC,0.486363
FCC,0.528753
FCC,0.510646
FCC,0.518084
FCC,0.712095
FCC,0.416209
FCC,0.352222
FCC,0.267397
FCC,0.553908
FCC,0.478625
FCC,0.351641
FCC,0.356069
FCC,0.484775
FCC,0.276532
FCC,0.517671
FCC,0.704291
FCC,0.525038
FCC,0.553042
FCC,0.388729
FCC,0.515606
FCC,0.620717
FCC,0.401461
FCC,0.673038
FCC,0.376043
FCC,0.52127
FCC,0.304996
FCC,0.360093
FCC,0.757928
FCC,0.321174
FCC,0.531436
FCC,0.165262
FCC,0.534008
FCC,0.582948
FCC,0.668831
FCC,0.529835
FCC,0.85853
FCC,0.685375
FCC,0.338648
FCC,0.530285
FCC,0.522886
FCC,0.952528
FCC,0.319297
FCC,0.576941
FCC,0.605038
FCC,0.701549
FCC,0.413437
FCC,0.615813
FCC,0.464894
FCC,0.65604
FCC,0.840663
FCC,0.568913
FCC,0.551364
FCC,0.297152
FCC,0.586198
FCC,0.768822
FCC,0.449981
FCC,0.473757
FCC,0.426751
FCC,0.428094
FCC,0.72923
FCC,0.658857
FCC,0.419238
FCC,0.761993
FCC,0.29956
FCC,0.621684
FCC,0.740664
FCC,0.382466
FCC,0.606277
FCC,0.571258
FCC,0.561627
FCC,0.620584
FCC,0.436714
FCC,0.749295
FCC,0.732325
FCC,0.842802
FCC,0.477226
FCC,0.678385
FCC,0.360324
FCC,0.522505
FCC,0.506296
FCC,0.593559
FCC,0.649879
FCC,0.447911
FCC,0.394066
FCC,0.674985
FCC,0.748393
FCC,0.539285
FCC,0.622339
FCC,0.378577
FCC,0.609197
FCC,0.391148
FCC,0.61347
FCC,0.587068
FCC,0.264947
FCC,0.662276
FCC,0.400528
FCC,0.798171
FCC,0.726793
FCC,0.632967
FCC,0.616575
FCC,0.401944
FCC,0.700187
FCC,0.392581
FCC,0.227246
FCC,0.43339
FCC,0.796909
FCC,0.808448
FCC,0.818257
FCC,1.004272
FCC,0.76419
FCC,0.657274
FCC,0.782867
FCC,0.686399
FCC,0.759938
FCC,0.626125
FCC,0.478449
FCC,0.650148
FCC,0.643661
FCC,0.864486
FCC,0.478535
FCC,0.475865
FCC,0.511943
FCC,0.723515
FCC,0.905027
FCC,0.332295
FCC,0.796666
FCC,0.51233
FCC,0.549002
FCC,0.538515
FCC,0.406592
FCC,0.521228
FCC,0.538809
FCC,0.452815
FCC,0.615846
FCC,0.438809
FCC,0.743372
FCC,0.653984
FCC,0.247482
FCC,0.572269
FCC,0.86946
FCC,0.67367
FCC,0.513533
FCC,0.806893
FCC,0.680815
FCC,0.326573
FCC,0.420198
FCC,0.234838
FCC,0.502134
FCC,0.544625
FCC,0.466099
FCC,0.567686
FCC,0.393931
FCC,0.599987
FCC,0.340029
FCC,0.649404
FCC,0.356788
FCC,0.691162
FCC,0.724818
FCC,0.468354
FCC,0.464831
FCC,0.2827
FCC,0.396639
FCC,0.624043
FCC,0.499053
FCC,0.65739
FCC,0.184626
FCC,0.389801
FCC,0.73314
FCC,0.811389
FCC,0.418252
FCC,0.568677
FCC,0.407025
FCC,0.801128
FCC,0.623953
FCC,0.441081
FCC,0.728566
FCC,0.250925
FCC,0.493139
FCC,0.477174
FCC,0.454063
FCC,0.282898
FCC,0.412242
FCC,0.389582
FCC,0.56874
FCC,0.599195
FCC,0.468529
FCC,0.667892
FCC,0.186896
FCC,0.390773
FCC,0.357225
FCC,0.451001
FCC,0.343362
FCC,0.301111
FCC,0.543726
FCC,0.60946
FCC,0.275181
FCC,0.474544
FCC,0.667995
FCC,0.370811
FCC,0.348883
FCC,0.270745
FCC,0.443239
FCC,0.543294
FCC,0.366038
FCC,0.294722
FCC,0.454999
FCC,0.65657
FCC,0.335714
FCC,0.55008
FCC,0.361787
FCC,0.526574
FCC,0.244783
FCC,0.361936
FCC,0.547559
FCC,0.625156
FCC,0.44375
FCC,0.400215
FCC,0.535155
FCC,0.770962
FCC,0.48528
FCC,0.390718
FCC,0.730807
FCC,0.295003
FCC,0.426964
FCC,0.558282
FCC,0.715881
FCC,0.535292
FCC,0.561337
FCC,0.238495
FCC,0.654099
FCC,0.491371
FCC,0.425584
FCC,0.626476
FCC,0.534
FCC,0.416644
FCC,0.573815
FCC,0.431155
FCC,0.857977
FCC,0.487304
FCC,0.742246
FCC,0.492693
FCC,0.635956
FCC,0.686626
FCC,0.638782
FCC,0.804669
FCC,0.58508
FCC,0.472815
FCC,0.604751
FCC,0.58267
FCC,0.775606
FCC,0.618727
FCC,0.792312
FCC,0.640008
FCC,0.552468
FCC,0.83051
FCC,0.396914
FCC,0.907566
FCC,0.37426
FCC,0.624764
FCC,0.657258
FCC,0.673178
FCC,0.814151
FCC,0.52385
FCC,0.713419
FCC,0.74039
FCC,0.541168
FCC,0.528727
FCC,0.518593
FCC,0.958479
FCC,0.7935
FCC,0.99165
FCC,0.586684
FCC,0.650075
FCC,0.733505
FCC,0.599882
FCC,0.584738
FCC,0.638655
FCC,0.830796
FCC,0.648943
FCC,0.902957
FCC,0.607374
FCC,0.594358
FCC,0.560845
FCC,0.61451
FCC,0.785487
FCC,0.746701
FCC,0.667471
FCC,0.602159
FCC,0.514572
FCC,0.785874
FCC,0.747832
FCC,0.820659
FCC,0.840027
FCC,0.79444
FCC,0.674448
FCC,0.490471
FCC,0.724982
FCC,1.070728
FCC,0.886477
FCC,0.808355
FCC,0.90792
FCC,0.970591
FCC,0.806987
FCC,0.861267
FCC,0.690927
FCC,0.762614
FCC,0.721663
FCC,1.078921
FCC,0.794299
FCC,1.104173
FCC,0.558842
FCC,0.835397
FCC,1.01936
FCC,0.768481
FCC,0.567668
FCC,0.426085
FCC,0.855909
FCC,0.672331
FCC,0.565247
FCC,0.379379
FCC,0.673281
FCC,0.402865
FCC,0.418207
FCC,0.642161
FCC,0.372675
FCC,0.285619
FCC,0.620773
FCC,0.474484
FCC,0.688279
FCC,0.66022
FCC,0.852337
FCC,0.599018
FCC,0.582297
FCC,0.80898
FCC,0.63761
FCC,0.641611
FCC,0.570931
FCC,0.547647
FCC,0.298725
FCC,0.555454
FCC,0.591006
FCC,0.461177
FCC,0.621016
FCC,0.739828
FCC,0.517021
FCC,0.411421
FCC,0.613282
FCC,0.417355
FCC,0.392718
FCC,0.740771
FCC,0.618387
FCC,0.73089
FCC,0.51475
FCC,0.703321
FCC,0.60983
FCC,0.676691
FCC,0.342536
FCC,0.866809
FCC,0.506117
FCC,0.719595
FCC,0.424593
FCC,0.270857
FCC,0.603209
FCC,0.37475
FCC,0.546448
FCC,0.81361
FCC,0.53464
FCC,0.753291
FCC,0.461101
FCC,0.635637
FCC,0.682683
FCC,0.413798
FCC,0.62438
FCC,0.493241
FCC,0.622898
FCC,0.731265
FCC,0.367946
FCC,0.265059
FCC,0.646941
FCC,0.477593
FCC,0.556439
FCC,0.33025
FCC,0.387332
FCC,0.643538
FCC,0.592952
FCC,0.69415
FCC,0.376435
FCC,0.509624
FCC,0.762609
FCC,0.65626
FCC,0.426097
FCC,0.287323
FCC,0.530313
FCC,0.481283
FCC,0.467267
FCC,0.547426
FCC,0.814695
FCC,0.724211
FCC,0.397559
FCC,0.365238
FCC,0.292398
FCC,0.510286
FCC,0.344469
FCC,0.632698
FCC,0.270705
FCC,0.493167
FCC,0.701692
FCC,0.237022
FCC,0.571912
FCC,0.64556
FCC,0.729781
FCC,0.286349
FCC,0.678031
FCC,0.571851
FCC,0.517814
FCC,0.392
FCC,0.684249
FCC,0.394378
FCC,0.760982
FCC,0.338953
FCC,0.88805
FCC,0.683504
FCC,0.692594
FCC,0.678991
FCC,0.787525
FCC,0.500437
FCC,0.436336
FCC,0.635954
FCC,0.394206
FCC,0.816375
FCC,0.824997
FCC,0.596633
FCC,0.700271
FCC,0.477351
FCC,0.424849
FCC,0.632537
FCC,0.75281
FCC,0.696475
FCC,0.672653
FCC,0.5806
FCC,0.437331
FCC,0.630717
FCC,0.656076
FCC,0.596774
FCC,0.407652
FCC,0.540085
FCC,0.465117
FCC,0.738462
FCC,0.420297
FCC,0.549038
FCC,0.759886
FCC,0.599696
FCC,0.560714
FCC,0.677421
FCC,0.536851
FCC,0.781894
FCC,0.709152
FCC,0.661696
FCC,0.612752
FCC,0.587773
FCC,0.418495
FCC,0.981635
FCC,0.462615
FCC,0.48294
FCC,0.747925
FCC,0.508119
FCC,1.009679
FCC,0.674123
FCC,0.848094
FCC,1.050854
FCC,0.807054
FCC,0.783999
FCC,0.80753
FCC,0.727228
FCC,0.895307
FCC,0.56016
FCC,0.519013
FCC,0.714908
FCC,0.887654
FCC,1.108276
FCC,0.828685
FCC,0.883438
FCC,0.926202
FCC,0.698691
FCC,0.471026
FCC,0.792814
FCC,0.633212
FCC,0.701855
FCC,0.571233
FCC,0.334296
FCC,0.836868
FCC,0.637855
FCC,1.023211
FCC,0.69756
FCC,0.457336
FCC,0.988724
FCC,0.939329
FCC,0.903835
FCC,0.680033
FCC,0.986006
FCC,0.637133
FCC,0.598507
FCC,0.731237
FCC,0.564524
FCC,0.716313
FCC,0.711451
FCC,0.858797
FCC,0.565139
FCC,0.727452
FCC,0.918423
FCC,0.809128
FCC,0.918856
FCC,0.820967
FCC,0.705964
FCC,0.906752
FCC,0.544367
FCC,2.275746
FCC,0.848517
FCC,0.78449
FCC,0.723238
FCC,0.438399
FCC,0.833443
FCC,0.445272
FCC,0.545062
FCC,0.45969
FCC,0.386425
FCC,0.461194
FCC,0.345091
FCC,0.468513
FCC,0.704889
FCC,0.585868
FCC,0.686953
FCC,0.482755
FCC,0.66114
FCC,0.611826
FCC,0.622363
FCC,0.613676
FCC,0.520156
FCC,0.269833
FCC,0.87129
FCC,0.176728
FCC,0.469741
FCC,0.656465
FCC,0.652707
FCC,0.587265
FCC,0.484495
FCC,0.644383
FCC,0.500402
FCC,0.569329
FCC,0.392898
FCC,0.498499
FCC,0.399033
FCC,0.459341
FCC,0.591152
FCC,0.349127
FCC,0.496424
FCC,0.588976
FCC,0.500438
FCC,0.519743
FCC,0.400643
FCC,0.583586
FCC,0.539159
FCC,0.53894
FCC,0.580017
FCC,0.35303
FCC,0.385334
FCC,0.552273
FCC,0.363842
FCC,0.579639
FCC,0.320188
FCC,0.583708
FCC,0.501942
FCC,0.393795
FCC,0.383298
FCC,0.704495
FCC,0.691067
FCC,0.274562
FCC,0.301358
FCC,0.476541
FCC,0.275399
FCC,0.41023
FCC,0.617972
FCC,0.642763
FCC,0.370505
FCC,0.434162
FCC,0.529081
FCC,0.493563
FCC,0.611861
FCC,0.30082
FCC,0.362412
FCC,0.396196
FCC,0.324901
FCC,0.644352
FCC,0.47358
FCC,0.167454
FCC,0.404743
FCC,0.385306
FCC,0.481792
FCC,0.601595
FCC,0.382143
FCC,0.464758
FCC,0.51203
FCC,0.353149
FCC,0.607222
FCC,0.481276
FCC,0.616723
FCC,0.490603
FCC,0.575314
FCC,0.552107
FCC,0.488453
FCC,0.499316
FCC,0.495492
FCC,0.478816
FCC,0.465679
FCC,0.590766
FCC,0.582203
FCC,0.419106
FCC,0.5464
FCC,0.644137
FCC,0.54592
FCC,0.53344
FCC,0.607863
FCC,0.588262
FCC,0.668271
FCC,0.672939
FCC,0.727998
FCC,0.477492
FCC,0.677381
FCC,0.473233
FCC,0.671217
FCC,0.915865
FCC,0.783961
FCC,0.516142
FCC,0.519936
FCC,0.452556
FCC,0.609846
FCC,0.431616
FCC,0.54784
FCC,0.590647
FCC,0.488038
FCC,0.453106
FCC,0.386903
FCC,0.704631
FCC,0.602721
FCC,0.592776
FCC,0.621363
FCC,0.518935
FCC,0.875771
FCC,0.638553
FCC,0.697212
FCC,0.413983
FCC,0.492943
FCC,0.531531
FCC,0.907225
FCC,0.529732
FCC,0.664709
FCC,0.422475
FCC,0.70872
FCC,0.958974
FCC,0.857913
FCC,0.897583
FCC,0.700756
FCC,1.087714
FCC,0.375474
FCC,1.142346
FCC,1.725507
FCC,0.873653
FCC,0.472428
FCC,0.712053
FCC,0.902171
FCC,1.022974
FCC,0.880092
FCC,0.797567
FCC,0.776602
FCC,0.765168
FCC,0.794137
FCC,0.750782
FCC,0.507383
FCC,0.65053
FCC,0.778411
FCC,0.665284
FCC,0.613961
FCC,0.53211
FCC,0.647872
FCC,0.311116
FCC,0.237932
FCC,0.841574
FCC,0.454735
FCC,0.956756
FCC,0.639668
FCC,0.61366
FCC,0.635892
FCC,0.899373
FCC,0.771242
FCC,0.586014
FCC,0.673143
FCC,0.684933
FCC,0.746529
FCC,0.773995
FCC,0.419151
FCC,0.541379
FCC,0.7145
FCC,0.938999
FCC,0.735951
FCC,0.806917
FCC,0.902936
FCC,0.775279
FCC,0.945726
FCC,0.576436
FCC,0.629501
FCC,0.896371
FCC,0.877369
FCC,0.830915
FCC,0.486771
FCC,0.987757
FCC,0.723698
FCC,0.723475
FCC,0.628797
FCC,0.868753
FCC,0.579443
FCC,0.661737
FCC,0.824575
FCC,0.598304
FCC,0.587739
FCC,0.397001
FCC,0.673014
FCC,0.740952
FCC,0.347114
FCC,0.671011
FCC,0.537252
FCC,0.577736
FCC,0.898289
FCC,0.613127
FCC,0.546715
FCC,0.682725
FCC,0.438668
FCC,0.8001
FCC,0.868705
FCC,0.482866
FCC,0.675662
FCC,0.51577
FCC,0.527649
FCC,0.372597
FCC,0.221444
FCC,0.312637
FCC,0.528339
FCC,0.787845
FCC,0.6354
FCC,0.405807
FCC,0.343022
FCC,0.462501
FCC,0.668546
FCC,0.271962
FCC,0.401271
FCC,0.467376
FCC,0.611602
FCC,0.601269
FCC,0.346947
FCC,0.428066
FCC,0.428869
FCC,0.481163
FCC,0.386179
FCC,0.507585
FCC,0.20383
FCC,0.29658
FCC,0.647882
FCC,0.35097
FCC,0.44353
FCC,0.606661
FCC,0.409899
FCC,0.513845
FCC,0.157634
FCC,0.238264
FCC,0.554505
FCC,0.435906
FCC,0.199859
FCC,0.416851
FCC,0.539892
FCC,0.477113
FCC,0.537304
FCC,0.488842
FCC,0.635993
FCC,0.373321
FCC,0.624671
FCC,0.420233
FCC,0.470838
FCC,0.325085
FCC,0.429213
FCC,0.604529
FCC,0.397988
FCC,0.705645
FCC,0.785155
FCC,0.628921
FCC,0.663
FCC,0.681794
FCC,0.423937
FCC,0.715768
FCC,0.559112
FCC,0.764224
FCC,0.077573
FCC,0.58204
FCC,0.401507
FCC,0.645277
FCC,0.377519
FCC,0.526695
FCC,0.669183
FCC,0.36466
FCC,0.290255
FCC,0.602179
FCC,0.407341
FCC,0.741446
FCC,0.534713
FCC,0.462483
FCC,0.845664
FCC,1.022063
FCC,0.764589
FCC,0.801685
FCC,1.141934
FCC,0.461651
FCC,0.774252
FCC,0.469052
FCC,0.685455
FCC,0.560573
FCC,0.5907
FCC,0.525051
FCC,0.551508
FCC,0.522975
FCC,0.410447
FCC,0.574135
FCC,0.569897
FCC,0.73896
FCC,0.424474
FCC,0.622055
FCC,0.476698
FCC,0.597176
FCC,0.61757
FCC,0.480652
FCC,0.469345
FCC,0.682283
FCC,0.542025
FCC,0.635518
FCC,0.605802
FCC,0.443263
FCC,0.857539
FCC,1.084332
FCC,0.56633
FCC,0.628314
FCC,0.537071
FCC,0.325787
FCC,0.773209
FCC,0.837236
FCC,0.585746
FCC,0.701972
FCC,0.7173
FCC,0.473112
FCC,0.557332
FCC,0.790324
FCC,0.815265
FCC,0.813316
FCC,0.471319
FCC,0.805401
FCC,0.590623
FCC,0.694845
FCC,0.46493
FCC,0.786766
FCC,1.118834
FCC,0.799188
FCC,0.713671
FCC,0.496209
FCC,0.719291
FCC,0.326482
FCC,0.520586
FCC,0.659095
FCC,0.780227
FCC,0.971811
FCC,0.516933
FCC,0.785639
FCC,0.641609
FCC,0.654886
FCC,0.542715
FCC,0.882884
FCC,0.506722
FCC,0.500831
FCC,0.626695
FCC,0.844313
FCC,0.82968
FCC,0.600415
FCC,0.703949
FCC,0.847982
FCC,0.663632
FCC,0.553804
FCC,0.690629
FCC,0.737378
FCC,0.827091
FCC,0.57721
FCC,0.636512
FCC,0.974381
FCC,0.765351
FCC,0.962029
FCC,0.95577
FCC,0.82358
FCC,0.846838
FCC,0.990452
FCC,0.487136
FCC,0.752736
FCC,0.863111
FCC,0.553186
FCC,0.809841
FCC,0.834751
FCC,0.866876
FCC,0.928272
FCC,0.374965
FCC,0.78638
FCC,0.591615
FCC,0.709399
FCC,0.390547
FCC,0.436643
FCC,0.538307
FCC,0.535846
FCC,0.334519
FCC,0.679082
FCC,0.499598
FCC,0.629822
FCC,0.407651
FCC,0.359202
FCC,0.401359
FCC,0.53095
FCC,0.654428
FCC,0.409372
FCC,0.747143
FCC,0.654562
FCC,0.383701
FCC,0.225025
FCC,0.598317
FCC,0.145169
FCC,0.532521
FCC,0.201318
FCC,0.583391
FCC,0.855512
FCC,0.786674
FCC,0.435637
FCC,0.445434
FCC,0.503396
FCC,0.500021
FCC,0.624275
FCC,0.615192
FCC,0.270793
FCC,0.367088
FCC,0.468021
FCC,0.586489
FCC,0.729613
FCC,0.563778
FCC,0.747405
FCC,0.478742
FCC,0.815436
FCC,0.672784
FCC,0.288871
FCC,0.72187
FCC,0.461461
FCC,0.485473
FCC,0.351724
FCC,0.715821
FCC,0.345742
FCC,0.558857
FCC,0.609949
FCC,0.757161
FCC,0.256211
FCC,0.157688
FCC,0.429617
FCC,0.528994
FCC,0.210335
FCC,0.504645
FCC,0.442066
FCC,0.355413
FCC,0.475259
FCC,0.257337
FCC,0.609435
FCC,0.440583
FCC,0.350789
FCC,0.453859
FCC,0.455635
FCC,0.349163
FCC,0.388349
FCC,0.555262
FCC,0.433473
FCC,0.716479
FCC,0.253751
FCC,0.254231
FCC,0.399186
FCC,0.492446
FCC,0.345758
FCC,0.763601
FCC,0.702994
FCC,0.38156
FCC,0.564803
FCC,0.710932
FCC,0.459984
FCC,0.278158
FCC,0.287609
FCC,0.650549
FCC,0.574114
FCC,0.369766
FCC,0.329308
FCC,0.421719
FCC,0.477208
FCC,0.273883
FCC,0.42593
FCC,0.732715
FCC,0.600729
FCC,0.487366
FCC,0.690011
FCC,0.552702
FCC,0.360343
FCC,0.251629
FCC,0.547338
FCC,0.588081
FCC,0.638365
FCC,0.4806
FCC,0.556808
FCC,0.734416
FCC,0.575558
FCC,0.475149
FCC,0.700885
FCC,0.699558
FCC,0.686185
FCC,0.413707
FCC,0.520577
FCC,0.5518
FCC,0.693314
FCC,0.112492
FCC,0.645027
FCC,0.390231
FCC,0.619857
FCC,0.56529
FCC,0.664615
FCC,0.23092
FCC,0.769436
FCC,0.732232
FCC,0.646586
FCC,0.617644
FCC,0.715771
FCC,0.638134
FCC,0.951062
FCC,0.529733
FCC,0.910198
FCC,0.716783
FCC,0.496923
FCC,0.60879
FCC,0.551596
FCC,0.377421
FCC,0.576131
FCC,0.742918
FCC,0.580977
FCC,0.658333
FCC,0.750621
FCC,0.657862
FCC,0.513041
FCC,0.599379
FCC,0.434196
FCC,1.092716
FCC,1.056461
FCC,0.619129
FCC,0.543909
FCC,0.613739
FCC,0.592934
FCC,0.650311
FCC,0.594389
FCC,0.64582
FCC,0.663919
FCC,0.654445
FCC,0.483251
FCC,0.530153
FCC,0.447496
FCC,0.343262
FCC,1.008078
FCC,0.712557
FCC,0.905814
FCC,0.702845
FCC,0.505877
FCC,0.747554
FCC,0.597006
FCC,0.61824
FCC,0.36824
FCC,1.13274
FCC,0.961112
FCC,1.012018
FCC,0.772265
FCC,0.510442
FCC,0.679572
FCC,0.45071
FCC,0.292945
FCC,0.515059
FCC,0.551061
FCC,0.688397
FCC,0.619888
FCC,0.633365
FCC,0.687563
FCC,0.364619
FCC,0.674989
FCC,0.733752
FCC,1.851031
FCC,0.967774
FCC,0.629791
FCC,0.676586
FCC,0.725512
FCC,0.540818
FCC,0.685516
FCC,0.419721
FCC,0.857437
FCC,0.777043
FCC,0.854613
FCC,0.733679
FCC,1.01862
FCC,0.828108
FCC,0.795309
FCC,0.839922
FCC,0.437801
FCC,0.562303
FCC,0.774109
FCC,0.907497
FCC,0.661074
FCC,0.543313
FCC,0.307802
FCC,0.559352
FCC,0.535877
FCC,0.492447
FCC,0.75208
FCC,0.539411
FCC,0.408965
FCC,0.515057
FCC,0.597859
FCC,0.45868
FCC,1.617015
FCC,0.652629
FCC,0.448381
FCC,0.479571
FCC,0.332517
FCC,0.525356
FCC,0.347397
FCC,0.697752
FCC,0.386563
FCC,0.345018
FCC,0.615725
FCC,0.972325
FCC,0.172732
FCC,0.615073
FCC,0.734556
FCC,0.218781
FCC,0.470958
FCC,0.342258
FCC,0.230255
FCC,0.355003
FCC,0.764324
FCC,0.388434
FCC,0.624957
FCC,0.774725
FCC,0.359898
FCC,0.33158
FCC,0.627507
FCC,0.514278
FCC,0.747926
FCC,0.519998
FCC,0.612667
FCC,0.517077
FCC,0.287154
FCC,0.453335
FCC,0.496745
FCC,0.527945
FCC,0.45377
FCC,0.55288
FCC,0.582213
FCC,0.316365
FCC,0.576966
FCC,0.665827
FCC,0.339818
FCC,0.387184
FCC,0.274602
FCC,0.580242
FCC,0.570294
FCC,0.579995
FCC,0.641519
FCC,0.28748
FCC,0.187566
FCC,0.377662
FCC,0.439771
FCC,0.446874
FCC,0.416961
FCC,0.200978
FCC,0.512649
FCC,0.397786
FCC,0.684279
FCC,0.245447
FCC,0.671455
FCC,0.492162
FCC,0.525157
FCC,0.530504
FCC,0.522402
FCC,0.508643
FCC,0.597126
FCC,0.368963
FCC,0.652293
FCC,0.527482
FCC,0.372611
FCC,0.689212
FCC,0.529677
FCC,0.739325
FCC,0.371447
FCC,0.557156
FCC,0.414048
FCC,0.302376
FCC,0.367527
FCC,0.336406
FCC,0.530599
FCC,0.568155
FCC,0.554298
FCC,0.297549
FCC,0.677787
FCC,0.735652
FCC,0.749708
FCC,0.279903
FCC,0.730109
FCC,0.423594
FCC,0.801515
FCC,0.608344
FCC,0.725923
FCC,0.899364
FCC,0.526131
FCC,0.553315
FCC,0.703945
FCC,0.309915
FCC,1.121014
FCC,1.088779
FCC,0.491975
FCC,0.75126
FCC,0.737092
FCC,0.599419
FCC,0.712428
FCC,0.804624
FCC,0.76158
FCC,1.165105
FCC,0.368607
FCC,0.355191
FCC,1.022487
FCC,1.018429
FCC,0.723653
FCC,0.948225
FCC,1.276937
FCC,0.672964
FCC,0.579217
FCC,0.479669
FCC,0.405525
FCC,0.595292
FCC,0.320264
FCC,0.681888
FCC,0.810314
FCC,0.60233
FCC,0.468323
FCC,0.650505
FCC,1.567125
FCC,1.342107
FCC,2.036148
FCC,0.295105
FCC,0.728368
FCC,1.592892
FCC,0.592202
FCC,0.913695
FCC,1.437672
FCC,0.642633
FCC,1.496819
FCC,0.53558
FCC,0.845907
FCC,0.680759
FCC,0.802988
FCC,0.780688
FCC,0.541701
FCC,2.042991
FCC,0.536519
FCC,0.90842
FCC,0.369404
FCC,0.856941
FCC,0.66875
FCC,0.540586
FCC,0.359137
FCC,0.645471
FCC,0.573004
FCC,0.956142
FCC,0.58571
FCC,0.734288
FCC,0.371712
FCC,0.763585
FCC,0.604032
FCC,0.823058
FCC,0.884888
FCC,0.58191
FCC,0.848672
FCC,0.689178
FCC,0.817403
FCC,0.675896
FCC,1.00016
FCC,0.780914
FCC,0.655446
FCC,0.72872
FCC,0.683205
FCC,0.953544
FCC,0.612703
FCC,1.021452
FCC,1.750527
FCC,0.549464
FCC,0.943551
FCC,0.865408
FCC,0.689181
FCC,0.941721
FCC,0.652363
FCC,1.960722
FCC,0.629947
FCC,0.69439
FCC,0.811435
FCC,0.794897
FCC,0.422927
FCC,0.759051
FCC,0.557067
FCC,0.509515
FCC,0.761849
FCC,1.979065
FCC,0.639499
FCC,0.501425
FCC,0.686902
FCC,0.347253
FCC,0.714719
FCC,0.566743
FCC,0.562178
FCC,0.478428
FCC,0.613131
FCC,1.609281
FCC,0.501143
FCC,0.564743
FCC,0.479913
FCC,0.895378
FCC,0.531559
FCC,0.841375
FCC,0.684414
FCC,1.208641
FCC,0.407744
FCC,0.592485
FCC,0.529108
FCC,0.503012
FCC,0.729131
FCC,0.347478
FCC,0.440742
FCC,0.713847
FCC,0.411257
FCC,0.674294
FCC,0.549385
FCC,0.540139
FCC,0.729014
FCC,0.726365
FCC,0.485234
FCC,0.735444
FCC,0.548672
FCC,0.590616
FCC,0.396156
FCC,0.575074
FCC,0.318643
FCC,1.026251
FCC,0.889381
FCC,0.592914
FCC,0.538131
FCC,0.7422
FCC,0.518968
FCC,0.338245
FCC,0.763979
FCC,0.328654
FCC,0.474815
FCC,0.641185
FCC,0.739672
FCC,0.398671
FCC,0.731081
FCC,0.392698
FCC,0.719674
FCC,0.545704
FCC,0.707125
FCC,0.664322
FCC,0.40444
FCC,0.378597
FCC,0.485122
FCC,0.559292
FCC,0.365001
FCC,0.326858
FCC,0.628338
FCC,0.677271
FCC,0.606875
FCC,0.346443
FCC,0.383089
FCC,0.493837
FCC,0.451573
FCC,0.318336
FCC,0.628004
FCC,0.300335
FCC,0.372261
FCC,0.555213
FCC,0.569817
FCC,0.800905
FCC,0.402022
FCC,0.611995
FCC,0.468434
FCC,0.523648
FCC,0.368633
FCC,0.411315
FCC,0.501813
FCC,0.964271
FCC,0.535078
FCC,0.438935
FCC,0.378343
FCC,0.525583
FCC,0.485042
FCC,0.744469
FCC,0.447045
FCC,0.515236
FCC,0.57302
FCC,0.570285
FCC,0.352179
FCC,0.776373
FCC,0.370259
FCC,0.515259
FCC,0.756167
FCC,0.558357
FCC,0.586334
FCC,0.779281
FCC,0.836673
FCC,0.560911
FCC,0.59981
FCC,0.817538
FCC,0.52178
FCC,0.646643
FCC,0.896635
FCC,0.806135
FCC,0.362922
FCC,0.588903
FCC,0.514525
FCC,0.461149
FCC,0.667463
FCC,0.502052
FCC,0.548664
FCC,0.676309
FCC,0.670113
FCC,0.610571
FCC,0.95095
FCC,0.665538
FCC,0.841308
FCC,0.60236
FCC,0.239836
FCC,0.728278
FCC,0.821751
FCC,0.589503
FCC,0.565226
FCC,0.518265
FCC,0.65002
FCC,1.996421
FCC,0.787037
FCC,0.661839
FCC,0.766382
FCC,0.507445
FCC,0.379784
FCC,0.320237
FCC,1.984491
FCC,0.797065
FCC,0.67496
FCC,1.939804
FCC,0.342696
FCC,0.719819
FCC,0.7235
FCC,0.266684
FCC,1.899844
FCC,0.995662
FCC,0.619868
FCC,0.390014
FCC,0.781431
FCC,0.948027
FCC,0.624835
FCC,0.821988
FCC,0.423819
FCC,1.018795
FCC,0.832406
FCC,0.75076
FCC,0.698478
FCC,0.535415
FCC,0.746676
FCC,0.689691
FCC,0.809923
FCC,0.663904
FCC,0.869712
FCC,0.950828
FCC,0.907808
FCC,0.511045
FCC,0.916546
FCC,0.898541
FCC,0.593987
FCC,0.548711
FCC,0.94153
FCC,0.685031
FCC,0.769131
FCC,0.705896
FCC,0.843307
FCC,1.102459
FCC,0.857386
FCC,0.826268
FCC,0.884967
FCC,0.712491
FCC,1.035218
FCC,1.1444
FCC,0.696055
FCC,0.465714
FCC,1.000568
FCC,0.856571
FCC,0.915777
FCC,0.680015
FCC,0.72753
FCC,0.453654
FCC,0.667093
FCC,0.268311
FCC,0.444306
FCC,0.984678
FCC,0.890171
FCC,0.558318
FCC,0.707524
FCC,0.479427
FCC,0.610599
FCC,0.514318
FCC,0.688394
FCC,0.778364
FCC,0.414196
FCC,0.297514
FCC,0.505852
FCC,0.430546
FCC,0.554991
FCC,0.769335
FCC,1.037387
FCC,0.568364
FCC,0.774199
FCC,0.550865
FCC,0.62564
FCC,0.513529
FCC,0.484832
FCC,0.663599
FCC,0.950664
FCC,0.380269
FCC,0.587437
FCC,0.403527
FCC,0.683875
FCC,0.5362
FCC,0.686602
FCC,0.56043
FCC,0.647157
FCC,0.434261
FCC,0.417345
FCC,0.527628
FCC,0.555213
FCC,0.716188
FCC,0.44359
FCC,0.81743
FCC,0.651959
FCC,0.672078
FCC,0.493174
FCC,0.510365
FCC,0.637339
FCC,0.760336
FCC,0.233127
FCC,0.798503
FCC,0.738529
FCC,0.49626
FCC,0.523165
FCC,0.802821
FCC,0.589576
FCC,0.65168
FCC,0.351979
FCC,0.545923
FCC,0.755515
FCC,0.454001
FCC,0.420849
FCC,0.387896
FCC,0.392932
FCC,0.61744
FCC,0.528418
FCC,0.594628
FCC,0.78004
FCC,0.629708
FCC,0.30052
FCC,0.415894
FCC,0.280708
FCC,0.252647
FCC,0.984035
FCC,0.278925
FCC,0.442631
FCC,0.74283
FCC,0.265005
FCC,0.737234
FCC,0.523195
FCC,0.618092
FCC,0.657748
FCC,0.437102
FCC,0.449038
FCC,0.782436
FCC,0.503346
FCC,0.653681
FCC,0.580132
FCC,0.5269
FCC,0.52763
FCC,0.415734
FCC,0.47773
FCC,0.540411
FCC,0.585196
FCC,0.593766
FCC,0.718993
FCC,0.440804
FCC,0.315382
FCC,0.568788
FCC,0.630234
FCC,0.627829
FCC,0.434891
FCC,0.712543
FCC,0.690861
FCC,0.416389
FCC,0.611821
FCC,0.600122
FCC,0.610853
FCC,0.422752
FCC,0.724634
FCC,0.061579
FCC,0.53006
FCC,0.631685
FCC,0.619389
FCC,0.671147
FCC,0.545128
FCC,0.721434
FCC,0.232938
FCC,0.415533
FCC,0.822171
FCC,0.680432
FCC,0.487767
FCC,0.866421
FCC,0.634207
FCC,0.417601
FCC,0.504748
FCC,0.439158
FCC,0.495494
FCC,0.522175
FCC,0.523352
FCC,0.629696
FCC,0.50588
FCC,0.684837
FCC,0.327205
FCC,0.785851
FCC,0.934169
FCC,0.70088
FCC,0.657266
FCC,0.604889
FCC,0.438173
FCC,0.526867
FCC,0.475852
FCC,0.642458
FCC,0.772784
FCC,0.571182
FCC,0.388489
FCC,0.559719
FCC,1.420161
FCC,1.235744
FCC,0.50665
FCC,0.68365
FCC,0.506627
FCC,1.332828
FCC,0.8757
FCC,0.371825
FCC,1.245108
FCC,0.721063
FCC,0.948895
FCC,1.117219
FCC,0.650111
FCC,1.007698
FCC,0.832559
FCC,0.663768
FCC,0.878459
FCC,0.888615
FCC,0.957828
FCC,1.221708
FCC,0.898687
FCC,0.860853
FCC,0.404365
FCC,0.778822
FCC,0.468575
FCC,0.841506
FCC,0.868594
FCC,0.96927
FCC,0.785969
FCC,0.706191
FCC,0.956636
FCC,0.645269
FCC,1.731002
FCC,1.29958
FCC,0.818855
FCC,1.155545
FCC,1.017925
FCC,0.925618
FCC,0.731291
FCC,1.929872
FCC,0.9127
FCC,0.601884
FCC,0.88185
FCC,1.104283
FCC,0.932809
FCC,0.813191
FCC,0.66973
FCC,0.649374
FCC,0.644732
FCC,0.617793
FCC,0.82213
FCC,0.606781
FCC,0.738726
FCC,0.649602
FCC,0.875399
FCC,0.849297
FCC,1.164718
FCC,0.889514
FCC,0.590177
FCC,0.78042
FCC,0.761392
FCC,0.809944
FCC,0.578768
FCC,0.676632
FCC,0.781168
FCC,0.564421
FCC,0.976444
FCC,0.596178
FCC,0.810763
FCC,0.682377
FCC,0.274575
FCC,0.499247
FCC,0.616904
FCC,0.548232
FCC,0.563305
FCC,0.499497
FCC,0.43548
FCC,0.529366
FCC,0.816611
FCC,0.454594
FCC,0.516658
FCC,0.426476
FCC,0.630052
FCC,0.517609
FCC,0.71108
FCC,0.677418
FCC,0.634339
FCC,0.432738
FCC,0.698292
FCC,0.659843
FCC,0.635161
FCC,0.217031
FCC,0.637212
FCC,0.689047
FCC,0.39119
FCC,0.748262
FCC,0.4365
FCC,0.503019
FCC,0.315638
FCC,0.658826
FCC,0.489056
FCC,0.669929
FCC,0.16784
FCC,0.555525
FCC,0.609637
FCC,0.643789
FCC,0.475902
FCC,0.652615
FCC,0.575563
FCC,0.541207
FCC,0.500658
FCC,0.484193
FCC,0.503461
FCC,0.616397
FCC,0.612708
FCC,0.558161
FCC,0.665048
FCC,0.734602
FCC,0.599599
FCC,0.455882
FCC,0.64216
FCC,0.607052
FCC,0.93761
FCC,0.50868
FCC,0.899982
FCC,0.520394
FCC,0.668082
FCC,0.631221
FCC,0.529762
FCC,0.25089
FCC,0.665679
FCC,0.659554
FCC,0.487442
FCC,0.703583
FCC,0.388205
FCC,0.52699
FCC,0.458737
FCC,0.520859
FCC,0.428962
FCC,0.381662
FCC,0.523501
FCC,0.588448
FCC,0.934865
FCC,0.227522
FCC,0.70657
FCC,0.639929
FCC,0.718709
FCC,0.359723
FCC,0.429256
FCC,0.58169
FCC,0.481947
FCC,0.403823
FCC,0.673499
FCC,0.794199
FCC,0.657577
FCC,0.277748
FCC,0.652432
FCC,0.757634
FCC,0.647625
FCC,0.281906
FCC,0.67104
FCC,0.561168
FCC,0.567771
FCC,0.531927
FCC,0.551241
FCC,0.337875
FCC,0.394066
FCC,0.606403
FCC,0.375001
FCC,0.81255
FCC,0.461836
FCC,0.713328
FCC,0.404064
FCC,0.70702
FCC,0.717049
FCC,0.346661
FCC,0.496645
FCC,0.840234
FCC,0.40467
FCC,0.740936
FCC,0.265468
FCC,0.641374
FCC,0.551222
FCC,0.975504
FCC,0.628466
FCC,0.681872
FCC,0.787727
FCC,0.817536
FCC,0.729893
FCC,0.660953
FCC,0.55071
FCC,0.398241
FCC,0.350991
FCC,0.710679
FCC,0.798103
FCC,0.911801
FCC,0.582304
FCC,0.818519
FCC,0.92062
FCC,0.992072
FCC,0.936215
FCC,0.744121
FCC,0.879828
FCC,0.62608
FCC,0.46938
FCC,0.371384
FCC,0.446293
FCC,0.875063
FCC,0.64973
FCC,0.541722
FCC,0.655419
FCC,0.722293
FCC,0.48602
FCC,1.0275
FCC,0.761948
FCC,1.008227
FCC,0.775661
FCC,0.757908
FCC,0.522761
FCC,0.764841
FCC,0.477804
FCC,0.706286
FCC,0.456267
FCC,0.69066
FCC,0.769106
FCC,1.127517
FCC,0.698028
FCC,0.837798
FCC,0.60152
FCC,0.812166
FCC,0.592962
FCC,0.780009
FCC,0.866834
FCC,0.448776
FCC,0.837856
FCC,0.991447
FCC,0.840279
FCC,0.603389
FCC,0.739118
FCC,0.908222
FCC,0.721562
FCC,0.994602
FCC,0.940044
FCC,0.775477
FCC,0.955704
FCC,0.785006
FCC,0.716635
FCC,0.78428
FCC,0.529106
FCC,0.623605
FCC,0.948831
FCC,0.934562
FCC,0.813151
FCC,0.425124
FCC,0.630341
FCC,0.641342
FCC,0.783264
FCC,0.765528
FCC,0.745029
FCC,0.63078
FCC,0.876499
FCC,0.627411
FCC,0.588658
FCC,0.685513
FCC,0.587596
FCC,0.983317
FCC,2.18581
FCC,0.621514
FCC,0.624274
FCC,2.175425
FCC,0.535922
FCC,0.870732
FCC,0.451381
FCC,0.796863
FCC,0.635484
FCC,0.630506
FCC,0.876251
FCC,0.594252
FCC,0.852275
FCC,0.507974
FCC,0.919525
FCC,0.717052
FCC,0.542717
FCC,0.67945
FCC,0.68633
FCC,0.699168
FCC,0.501936
FCC,0.455414
FCC,0.637731
FCC,0.788991
FCC,0.772646
FCC,0.695034
FCC,0.701767
FCC,0.703033
FCC,0.774034
FCC,0.647599
FCC,0.620266
FCC,0.7193
FCC,0.678773
FCC,0.55764
FCC,0.437387
FCC,0.567234
FCC,0.339489
FCC,0.50753
FCC,0.35076
FCC,0.56073
FCC,0.788765
FCC,0.669196
FCC,0.276173
FCC,0.453382
FCC,0.45139
FCC,0.526789
FCC,0.608258
FCC,0.545677
FCC,0.580227
FCC,0.50552
FCC,0.451819
FCC,0.793098
FCC,0.668915
FCC,0.513212
FCC,0.334379
FCC,0.620966
FCC,0.523655
FCC,0.421009
FCC,0.454033
FCC,0.432934
FCC,0.532485
FCC,0.689632
FCC,0.751317
FCC,0.728268
FCC,0.409159
FCC,0.553011
FCC,0.603305
FCC,0.868266
FCC,0.652225
FCC,0.8281
FCC,0.548136
FCC,0.435649
FCC,0.422074
FCC,0.504652
FCC,0.426615
FCC,0.546985
FCC,0.830297
FCC,0.511133
FCC,0.724092
FCC,0.549618
FCC,0.877305
FCC,0.762431
FCC,0.235249
FCC,0.466825
FCC,0.645869
FCC,0.499605
FCC,0.55385
FCC,0.582531
FCC,0.548694
FCC,0.537764
FCC,0.389843
FCC,0.547762
FCC,0.711451
FCC,0.486315
FCC,0.548541
FCC,0.668831
FCC,0.596377
FCC,0.369476
FCC,0.4645
FCC,0.71078
FCC,0.606307
FCC,0.361019
FCC,0.68935
FCC,0.678288
FCC,0.611659
FCC,0.312038
FCC,0.297402
FCC,0.511524
FCC,0.400893
FCC,0.657235
FCC,0.421386
FCC,0.756189
FCC,0.401147
FCC,0.743273
FCC,0.440445
FCC,0.707322
FCC,0.874667
FCC,0.414064
FCC,0.232102
FCC,0.72863
FCC,0.351619
FCC,0.867231
FCC,0.431593
FCC,0.531297
FCC,0.634897
FCC,0.712246
FCC,0.410548
FCC,0.721462
FCC,0.624755
FCC,0.44103
FCC,0.527095
FCC,0.700073
FCC,0.83099
FCC,0.622741
FCC,0.934783
FCC,0.752576
FCC,0.727349
FCC,0.684455
FCC,0.89586
FCC,0.414799
FCC,0.944658
FCC,0.996316
FCC,0.653316
FCC,0.86552
FCC,0.673467
FCC,0.91262
FCC,0.798929
FCC,0.794149
FCC,0.884013
FCC,0.752123
FCC,0.850023
FCC,0.724171
FCC,0.726529
FCC,1.04984
FCC,0.844089
FCC,0.783327
FCC,0.836265
FCC,0.851681
FCC,0.628908
FCC,0.732999
FCC,0.687476
FCC,0.793104
FCC,0.872694
FCC,0.81233
FCC,0.917706
FCC,0.76329
FCC,1.266421
FCC,1.169941
FCC,0.796221
FCC,0.776846
FCC,0.618491
FCC,0.434791
FCC,0.716597
FCC,0.537056
FCC,0.699078
FCC,0.642041
FCC,0.573663
FCC,0.82541
FCC,0.759475
FCC,0.982019
FCC,0.644901
FCC,0.744922
FCC,0.884236
FCC,0.88774
FCC,0.560433
FCC,0.696596
FCC,0.621097
FCC,0.821129
FCC,1.008035
FCC,0.93196
FCC,0.64819
FCC,0.771094
FCC,0.937811
FCC,0.896261
FCC,2.056882
FCC,0.693104
FCC,0.554579
FCC,0.91438
FCC,0.754364
FCC,0.965319
FCC,0.895578
FCC,0.658014
FCC,1.075338
FCC,0.710338
FCC,0.591694
FCC,0.354838
FCC,0.784352
FCC,0.45626
FCC,0.780992
FCC,0.713062
FCC,0.477594
FCC,0.623537
FCC,0.570253
FCC,0.634003
FCC,0.554933
FCC,0.441483
FCC,0.520285
FCC,0.853288
FCC,0.735334
FCC,0.386629
FCC,0.547784
FCC,0.616739
FCC,0.207665
FCC,0.415105
FCC,0.728024
FCC,0.349219
FCC,0.755552
FCC,0.829514
FCC,0.230213
FCC,0.518838
FCC,0.427346
FCC,0.304467
FCC,0.708234
FCC,0.536361
FCC,0.809779
FCC,0.6942
FCC,1.039969
FCC,0.580379
FCC,0.344505
FCC,0.253629
FCC,0.255736
FCC,0.635506
FCC,0.493975
FCC,0.599986
FCC,0.606125
FCC,0.670413
FCC,0.744899
FCC,0.801798
FCC,0.433866
FCC,0.322888
FCC,0.558245
FCC,0.815121
FCC,0.383612
FCC,0.276281
FCC,0.476198
FCC,0.500924
FCC,0.463073
FCC,0.72989
FCC,0.479421
FCC,0.461555
FCC,0.682814
FCC,0.601087
FCC,0.502833
FCC,0.72553
FCC,0.557267
FCC,0.49026
FCC,0.756516
FCC,0.454953
FCC,0.680115
FCC,0.552221
FCC,0.11003
FCC,0.524115
FCC,0.735934
FCC,0.553594
FCC,0.517516
FCC,0.555476
FCC,0.542896
FCC,0.693191
FCC,0.56411
FCC,0.578385
FCC,0.677851
FCC,0.459169
FCC,0.650348
FCC,0.67331
FCC,0.642991
FCC,0.698584
FCC,0.612089
FCC,0.596739
FCC,0.481828
FCC,0.43003
FCC,0.71775
FCC,0.427485
FCC,0.796396
FCC,0.434191
FCC,0.628691
FCC,0.408667
FCC,0.606623
FCC,0.746649
FCC,0.400709
FCC,0.632832
FCC,0.75727
FCC,0.708666
FCC,0.537804
FCC,0.909088
FCC,0.669948
FCC,0.384695
FCC,0.054122
FCC,0.378335
FCC,0.398663
FCC,0.52434
FCC,0.292032
FCC,0.720803
FCC,0.685012
FCC,0.879953
FCC,0.492632
FCC,0.819262
FCC,0.751771
FCC,0.434212
FCC,0.682531
FCC,0.645829
FCC,0.498443
FCC,0.864855
FCC,0.699392
FCC,0.954805
FCC,0.525482
FCC,0.568153
FCC,0.703689
FCC,0.491708
FCC,0.52736
FCC,0.574639
FCC,0.939386
FCC,0.835986
FCC,0.829853
FCC,0.817519
FCC,0.829943
FCC,0.565077
FCC,0.57173
FCC,0.541711
FCC,0.847885
FCC,0.655291
FCC,0.948677
FCC,0.859892
FCC,0.832173
FCC,0.961457
FCC,1.077697
FCC,0.841127
FCC,0.928743
FCC,0.760419
FCC,0.713644
FCC,0.966907
FCC,0.677511
FCC,1.016141
FCC,0.717239
FCC,0.779086
FCC,0.88772
FCC,0.814831
FCC,0.973092
FCC,0.843205
FCC,1.06182
FCC,0.710482
FCC,0.94715
FCC,0.481466
FCC,0.777666
FCC,0.528371
FCC,0.885195
FCC,0.725724
FCC,0.384897
FCC,0.99457
FCC,0.681996
FCC,1.045502
FCC,0.796464
FCC,0.896716
FCC,0.80729
FCC,0.984102
FCC,0.992243
FCC,0.695206
FCC,0.887982
FCC,0.977678
FCC,0.96402
FCC,0.852069
FCC,0.618696
FCC,1.03351
FCC,0.953532
FCC,0.792762
FCC,0.599085
FCC,0.675825
FCC,0.47032
FCC,0.813822
FCC,0.965729
FCC,0.621096
FCC,0.886999
FCC,0.693424
FCC,1.025988
FCC,0.824102
FCC,0.962067
FCC,1.046236
FCC,0.596946
FCC,0.744538
FCC,0.593726
FCC,0.737396
FCC,0.490834
FCC,0.187488
FCC,0.712474
FCC,1.306369
FCC,0.784477
FCC,0.78081
FCC,0.573721
FCC,0.603915
FCC,0.575539
FCC,0.68261
FCC,0.581731
FCC,0.737982
FCC,0.455434
FCC,0.674989
FCC,0.771186
FCC,0.654416
FCC,0.461961
FCC,0.494838
FCC,0.539818
FCC,0.229115
FCC,0.712408
FCC,0.542228
FCC,0.695602
FCC,0.710506
FCC,0.768721
FCC,0.105024
FCC,0.49092
FCC,0.597972
FCC,0.377539
FCC,0.439313
FCC,0.368792
FCC,0.58502
FCC,0.327889
FCC,0.314101
FCC,0.497865
FCC,0.304161
FCC,0.712352
FCC,0.513994
FCC,0.348256
FCC,0.38903
FCC,0.658627
FCC,0.416599
FCC,0.643655
FCC,0.695782
FCC,0.285161
FCC,0.527345
FCC,0.489212
FCC,0.21343
FCC,0.486874
FCC,0.410483
FCC,0.51344
FCC,0.559277
FCC,0.800557
FCC,0.776067
FCC,0.506558
FCC,0.454016
FCC,0.484737
FCC,0.325832
FCC,0.418292
FCC,0.247973
FCC,0.362335
FCC,0.44984
FCC,0.578132
FCC,0.490105
FCC,0.548902
FCC,0.616461
FCC,0.427187
FCC,0.538789
FCC,0.600724
FCC,0.195718
FCC,0.513662
FCC,0.189471
FCC,0.80469
FCC,0.234592
FCC,0.735027
FCC,0.263553
FCC,0.304894
FCC,0.41792
FCC,0.400229
FCC,0.077723
FCC,0.475779
FCC,0.427631
FCC,0.507477
FCC,0.439364
FCC,0.549438
FCC,0.364434
FCC,0.326327
FCC,0.659233
FCC,0.575561
FCC,0.494907
FCC,0.413501
FCC,0.642933
FCC,0.511083
FCC,0.805118
FCC,0.44068
FCC,0.608132
FCC,0.347921
FCC,0.520402
FCC,0.624356
FCC,0.246867
FCC,0.656484
FCC,0.610067
FCC,0.758021
FCC,0.450513
FCC,0.862053
FCC,0.769597
FCC,0.322188
FCC,0.679718
FCC,0.649409
FCC,0.450354
FCC,0.713177
FCC,0.30572
FCC,0.905276
FCC,0.554072
FCC,0.749133
FCC,0.512236
FCC,0.80649
FCC,0.706564
FCC,0.60694
FCC,1.028938
FCC,0.47445
FCC,0.518791
FCC,0.587603
FCC,0.716075
FCC,0.705046
FCC,0.640411
FCC,0.689495
FCC,0.6987
FCC,0.7652
FCC,0.390927
FCC,0.611637
FCC,0.209985
FCC,0.873098
FCC,0.56771
FCC,0.659342
FCC,0.670699
FCC,0.636111
FCC,0.674424
FCC,0.227735
FCC,0.839348
FCC,0.806309
FCC,0.88202
FCC,0.874881
FCC,0.969584
FCC,0.728413
FCC,0.632043
FCC,0.871283
FCC,0.818625
FCC,0.606864
FCC,0.846857
FCC,0.713923
FCC,0.6983
FCC,0.925396
FCC,0.584268
FCC,0.743455
FCC,1.001803
FCC,0.947571
FCC,0.510261
FCC,0.759136
FCC,0.834558
FCC,0.90423
FCC,0.754996
FCC,0.854303
FCC,0.734878
FCC,0.700972
FCC,0.665815
FCC,0.650556
FCC,0.945456
FCC,0.622636
FCC,0.930346
FCC,0.832191
FCC,0.843113
FCC,0.973734
FCC,0.722455
FCC,0.658156
FCC,0.643455
FCC,0.718431
FCC,0.883946
FCC,0.906428
FCC,0.711596
FCC,0.669834
FCC,0.755875
FCC,0.66032
FCC,0.665794
FCC,0.814658
FCC,0.797713
FCC,0.96491
FCC,0.878569
FCC,0.772416
FCC,0.885426
FCC,0.892348
FCC,0.428398
FCC,0.827895
FCC,0.674526
FCC,0.564394
FCC,0.858869
FCC,0.659681
FCC,1.086849
FCC,0.868552
FCC,0.888066
FCC,0.440706
FCC,0.769663
FCC,0.441539
FCC,0.869636
FCC,0.665151
FCC,0.906993
FCC,0.548822
FCC,0.492016
FCC,0.629359
FCC,0.595959
FCC,0.466535
FCC,0.602428
FCC,0.454411
FCC,0.323454
FCC,0.598571
FCC,0.427512
FCC,0.714484
FCC,0.391114
FCC,0.555728
FCC,0.570321
FCC,0.463959
FCC,0.708679
FCC,0.510965
FCC,1.010472
FCC,0.41294
FCC,0.405036
FCC,0.83776
FCC,0.306385
FCC,0.318654
FCC,0.06372
FCC,0.356968
FCC,0.538441
FCC,1.22952
FCC,0.585158
FCC,0.392136
FCC,0.674867
FCC,0.427746
FCC,0.427896
FCC,0.451028
FCC,0.374625
FCC,0.526396
FCC,0.657511
FCC,0.399495
FCC,0.723078
FCC,0.215939
FCC,0.557349
FCC,0.36706
FCC,0.380547
FCC,0.272523
FCC,0.417105
FCC,0.382051
FCC,0.405256
FCC,0.84078
FCC,0.441873
FCC,0.302155
FCC,0.706533
FCC,0.716946
FCC,0.487357
FCC,0.600172
FCC,0.649871
FCC,0.145461
FCC,0.417428
FCC,0.560525
FCC,0.471621
FCC,0.33619
FCC,0.457549
FCC,0.227253
FCC,0.362815
FCC,0.577013
FCC,0.555246
FCC,0.356596
FCC,0.450069
FCC,0.72665
FCC,0.477933
FCC,0.504994
FCC,0.360764
FCC,0.547423
FCC,0.277527
FCC,0.403874
FCC,0.513107
FCC,0.599423
FCC,0.824907
FCC,0.563403
FCC,0.556838
FCC,0.68751
FCC,0.545105
FCC,0.569958
FCC,0.763486
FCC,0.69923
FCC,0.604194
FCC,0.622516
FCC,0.399147
FCC,0.503741
FCC,0.619875
FCC,0.544889
FCC,1.071157
FCC,0.433665
FCC,0.908719
FCC,0.735534
FCC,0.802882
FCC,0.52094
FCC,0.883933
FCC,0.779016
FCC,0.501247
FCC,0.696352
FCC,0.71923
FCC,0.515336
FCC,0.713931
FCC,0.47652
FCC,0.640166
FCC,0.732889
FCC,0.69087
FCC,0.488386
FCC,0.898868
FCC,0.560445
FCC,0.501208
FCC,0.678821
FCC,0.727375
FCC,0.440332
FCC,0.687929
FCC,0.654266
FCC,1.102526
FCC,0.545815
FCC,0.728036
FCC,0.878996
FCC,1.071175
FCC,0.666729
FCC,0.430219
FCC,0.854433
FCC,0.835933
FCC,0.945054
FCC,0.862231
FCC,0.622997
FCC,0.637934
FCC,0.567351
FCC,0.900761
FCC,0.983929
FCC,0.745807
FCC,0.916327
FCC,0.501589
FCC,0.806237
FCC,0.661282
FCC,0.752085
FCC,0.564736
FCC,0.878891
FCC,0.897451
FCC,0.728636
FCC,0.771753
FCC,0.680439
FCC,0.678583
FCC,0.721633
FCC,0.750859
FCC,0.698835
FCC,0.933922
FCC,0.911203
FCC,0.83987
FCC,0.948301
FCC,0.68543
FCC,0.873837
FCC,0.642139
FCC,0.949623
FCC,0.364677
FCC,0.782746
FCC,0.799708
FCC,0.697716
FCC,0.786547
FCC,1.023644
FCC,0.742525
FCC,0.931795
FCC,0.917959
FCC,0.763951
FCC,0.825206
FCC,0.872483
FCC,0.269201
FCC,0.753843
FCC,0.855388
FCC,0.871117
FCC,0.808593
FCC,0.956042
FCC,0.526685
FCC,0.856439
FCC,0.438298
FCC,0.638572
FCC,0.811709
FCC,0.478466
FCC,0.627558
FCC,0.490419
FCC,0.524231
FCC,0.675019
FCC,0.438159
FCC,0.612668
FCC,0.573315
FCC,0.517977
FCC,0.656129
FCC,0.746552
FCC,0.761254
FCC,0.415455
FCC,0.537599
FCC,0.42004
FCC,0.49889
FCC,0.506711
FCC,0.534526
FCC,0.541248
FCC,0.848104
FCC,0.723346
FCC,0.226712
FCC,0.368677
FCC,0.204926
FCC,0.515135
FCC,0.452045
FCC,0.54012
FCC,0.403903
FCC,0.478959
FCC,0.782115
FCC,0.871228
FCC,0.417871
FCC,0.216777
FCC,0.476645
FCC,0.481817
FCC,0.388126
FCC,0.523151
FCC,0.466432
FCC,1.569351
FCC,0.524279
FCC,0.689901
FCC,0.324675
FCC,0.774826
FCC,0.657477
FCC,0.715842
FCC,0.513246
FCC,0.882226
FCC,0.340754
FCC,0.202959
FCC,0.836131
FCC,0.370418
FCC,0.315951
FCC,0.676963
FCC,0.300708
FCC,0.518951
FCC,0.379984
FCC,0.551742
FCC,0.461265
FCC,0.551209
FCC,0.564835
FCC,0.570775
FCC,0.440963
FCC,0.416586
FCC,0.239796
FCC,0.486411
FCC,0.699004
FCC,0.458409
FCC,0.507559
FCC,0.42684
FCC,0.709379
FCC,0.431457
FCC,0.612873
FCC,0.72445
FCC,0.419972
FCC,0.413894
FCC,0.445449
FCC,0.298114
FCC,0.452369
FCC,0.429746
FCC,0.237371
FCC,0.51221
FCC,0.45245
FCC,0.418592
FCC,0.532682
FCC,0.625469
FCC,0.494471
FCC,0.163858
FCC,0.689103
FCC,0.28015
FCC,0.280563
FCC,0.465269
FCC,0.355415
FCC,1.409935
FCC,0.548258
FCC,0.718522
FCC,0.47161
FCC,0.587318
FCC,0.321735
FCC,0.529236
FCC,0.773085
FCC,0.485655
FCC,0.444299
FCC,0.523379
FCC,0.356141
FCC,0.366684
FCC,0.627577
FCC,0.525444
FCC,0.68134
FCC,0.775018
FCC,0.396085
FCC,0.527201
FCC,0.386845
FCC,0.571124
FCC,0.372101
FCC,0.583227
FCC,0.493444
FCC,0.404173
FCC,0.698113
FCC,0.413178
FCC,0.613002
FCC,0.637358
FCC,0.480098
FCC,0.317484
FCC,0.47694
FCC,0.666595
FCC,0.593049
FCC,0.434464
FCC,0.718769
FCC,0.380012
FCC,0.515338
FCC,0.327785
FCC,0.670716
FCC,0.410413
FCC,0.464919
FCC,0.418649
FCC,0.518921
FCC,0.844748
FCC,0.436182
FCC,0.894526
FCC,0.473636
FCC,0.568983
FCC,0.878919
FCC,0.469451
FCC,0.622471
FCC,0.877318
FCC,0.706004
FCC,0.824751
FCC,0.395312
FCC,0.530905
FCC,0.88075
FCC,0.634236
FCC,0.563383
FCC,0.78777
FCC,0.637428
FCC,1.103255
FCC,0.655975
FCC,0.586082
FCC,0.755153
FCC,0.718706
FCC,0.506963
FCC,0.508471
FCC,0.526329
FCC,0.692106
FCC,0.941957
FCC,0.673517
FCC,1.007993
FCC,0.643699
FCC,0.736729
FCC,0.72516
FCC,0.678944
FCC,0.787329
FCC,0.357701
FCC,0.799484
FCC,0.556117
FCC,0.519086
FCC,0.732262
FCC,0.82938
FCC,0.725123
FCC,0.813044
FCC,0.612604
FCC,1.038661
FCC,0.733932
FCC,0.984192
FCC,0.899034
FCC,0.510045
FCC,0.801603
FCC,1.100016
FCC,0.545405
FCC,0.866613
FCC,0.786005
FCC,0.919114
FCC,0.838314
FCC,0.857645
FCC,0.650371
FCC,0.838812
FCC,0.792942
FCC,0.887743
FCC,0.523907
FCC,0.571648
FCC,0.67354
FCC,0.577262
FCC,0.434858
FCC,0.867464
FCC,0.611963
FCC,0.573368
FCC,0.68844
FCC,0.735602
FCC,0.571512
FCC,0.849324
FCC,0.697017
FCC,0.68271
FCC,0.627772
FCC,0.650259
FCC,0.464746
FCC,0.66977
FCC,0.660648
FCC,0.576204
FCC,0.516272
FCC,0.852462
FCC,0.654061
FCC,0.412762
FCC,0.750572
FCC,0.533674
FCC,0.434662
FCC,0.62667
FCC,0.610585
FCC,0.717065
FCC,0.423805
FCC,0.623856
FCC,0.760027
FCC,0.315889
FCC,0.70219
FCC,0.558953
FCC,0.473766
FCC,0.884166
FCC,0.210491
FCC,0.588906
FCC,0.320403
FCC,0.61754
FCC,0.313769
FCC,0.495871
FCC,0.523007
FCC,0.537163
FCC,0.623803
FCC,0.512703
FCC,0.685871
FCC,0.640969
FCC,0.293819
FCC,0.296419
FCC,0.388614
FCC,0.430736
FCC,0.343247
FCC,0.436907
FCC,0.318556
FCC,0.146974
FCC,0.626497
FCC,0.46774
FCC,0.335504
FCC,0.357739
FCC,0.545935
FCC,0.622133
FCC,0.475207
FCC,0.40652
FCC,0.547025
FCC,0.617282
FCC,0.606503
FCC,0.611063
FCC,0.369064
FCC,0.215953
FCC,0.631957
FCC,0.591392
FCC,0.547289
FCC,0.536527
FCC,0.826625
FCC,0.574674
FCC,0.316013
FCC,0.671445
FCC,0.95618
FCC,0.447274
FCC,0.386401
FCC,0.500003
FCC,0.326301
FCC,0.288194
FCC,0.390183
FCC,0.424246
FCC,0.360316
FCC,0.381974
FCC,0.65687
FCC,0.883141
FCC,0.457871
FCC,0.408277
FCC,0.547185
FCC,0.704242
FCC,0.591922
FCC,0.402982
FCC,0.529962
FCC,0.558077
FCC,0.386089
FCC,0.532884
FCC,0.518903
FCC,0.824493
FCC,0.24775
FCC,0.493388
FCC,0.807996
FCC,0.537646
FCC,0.319139
FCC,0.530886
FCC,0.564627
FCC,0.549119
FCC,0.099077
FCC,0.438651
FCC,0.171272
FCC,0.616305
FCC,0.666104
FCC,0.72226
FCC,0.414705
FCC,0.585517
FCC,0.159711
FCC,0.580316
FCC,0.53662
FCC,0.602624
FCC,0.570529
FCC,0.421888
FCC,0.646371
FCC,0.480701
FCC,0.276067
FCC,0.765244
FCC,0.896165
FCC,0.500112
FCC,0.820658
FCC,0.846513
FCC,0.485433
FCC,0.504165
FCC,0.53297
FCC,0.498349
FCC,0.633378
FCC,0.354293
FCC,0.407133
FCC,0.656915
FCC,0.63056
FCC,0.40064
FCC,0.838937
FCC,0.699856
FCC,0.501996
FCC,0.668511
FCC,0.355426
FCC,0.248156
FCC,0.680032
FCC,0.430144
FCC,0.687478
FCC,0.733403
FCC,0.557783
FCC,0.785887
FCC,0.645234
FCC,0.825449
FCC,0.528971
FCC,0.86144
FCC,0.62573
FCC,0.546727
FCC,0.813589
FCC,0.798321
FCC,0.418209
FCC,0.538258
FCC,0.692758
FCC,0.495722
FCC,0.491105
FCC,0.593069
FCC,0.552564
FCC,0.633547
FCC,0.625004
FCC,0.845292
FCC,0.750723
FCC,0.665559
FCC,0.575121
FCC,0.936641
FCC,0.604049
FCC,1.091265
FCC,0.637182
FCC,0.735435
FCC,0.453282
FCC,0.567924
FCC,0.809074
FCC,0.437759
FCC,0.809131
FCC,0.595184
FCC,0.648033
FCC,0.709377
FCC,0.450249
FCC,0.491234
FCC,0.847902
FCC,0.569335
FCC,0.911941
FCC,0.731949
FCC,0.713701
FCC,0.563413
FCC,0.743298
FCC,0.652888
FCC,0.786904
FCC,0.509479
FCC,0.72206
FCC,0.6238
FCC,0.865515
FCC,0.505444
FCC,0.586229
FCC,0.644908
FCC,0.413544
FCC,0.68947
FCC,0.722072
FCC,0.422132
FCC,0.602721
FCC,0.509027
FCC,0.762531
FCC,0.59196
FCC,0.577668
FCC,0.678797
FCC,0.649425
FCC,0.725095
FCC,0.765794
FCC,0.875441
FCC,0.873207
FCC,0.520449
FCC,0.3233
FCC,0.867953
FCC,0.355153
FCC,0.833528
FCC,0.549185
FCC,0.593387
FCC,0.531592
FCC,0.420443
FCC,0.611955
FCC,0.381357
FCC,0.46807
FCC,0.354186
FCC,0.430901
FCC,0.721179
FCC,0.508077
FCC,0.284292
FCC,0.541934
FCC,0.507685
FCC,0.376834
FCC,0.425998
FCC,0.68707
FCC,0.526772
FCC,0.780518
FCC,0.717322
FCC,0.408156
FCC,0.505879
FCC,0.255271
FCC,0.643486
FCC,0.398017
FCC,0.461918
FCC,0.546568
FCC,0.377838
FCC,0.523922
FCC,0.511598
FCC,0.306608
FCC,0.201245
FCC,0.355859
FCC,0.615783
FCC,0.464131
FCC,0.473538
FCC,0.635121
FCC,0.260042
FCC,0.444301
FCC,0.348871
FCC,0.208204
FCC,0.309355
FCC,0.524487
FCC,0.427322
FCC,0.639148
FCC,0.591177
FCC,0.454142
FCC,0.406103
FCC,0.593008
FCC,0.40116
FCC,0.241852
FCC,0.586309
FCC,0.62303
FCC,0.796106
FCC,0.673406
FCC,0.589012
FCC,0.341306
FCC,0.594473
FCC,0.721771
FCC,0.697909
FCC,0.559261
FCC,0.590063
FCC,0.601737
FCC,0.640443
FCC,0.431589
FCC,0.715636
FCC,0.428056
FCC,0.54169
FCC,0.397582
FCC,0.562516
FCC,0.748459
FCC,0.609299
FCC,0.517352
FCC,0.763623
FCC,0.526639
FCC,0.621747
FCC,0.653342
FCC,0.534387
FCC,0.434796
FCC,0.371585
FCC,0.657944
FCC,0.457738
FCC,0.427965
FCC,0.536341
FCC,0.291042
FCC,0.527948
FCC,0.154026
FCC,0.386246
FCC,0.498064
FCC,0.499041
FCC,0.458412
FCC,0.553471
FCC,0.492598
FCC,0.531472
FCC,0.598452
FCC,0.629776
FCC,0.585487
FCC,0.62018
FCC,0.616308
FCC,0.544963
FCC,0.315913
FCC,0.707155
FCC,0.725954
FCC,0.510788
FCC,0.714192
FCC,0.42246
FCC,0.644843
FCC,0.761373
FCC,0.684696
FCC,0.662834
FCC,0.554485
FCC,0.577755
FCC,0.654624
FCC,0.526245
FCC,0.829314
FCC,0.83638
FCC,0.753635
FCC,0.697521
FCC,0.796782
FCC,0.670634
FCC,0.580331
FCC,0.560896
FCC,0.680179
FCC,0.638108
FCC,0.696567
FCC,0.571583
FCC,0.796398
FCC,0.677036
FCC,0.60249
FCC,0.392464
FCC,0.73397
FCC,0.943785
FCC,0.690707
FCC,0.655763
FCC,0.692261
FCC,0.679611
FCC,0.537902
FCC,0.651926
FCC,0.54805
FCC,0.62568
FCC,0.762282
FCC,0.654664
FCC,0.535559
FCC,0.65395
FCC,0.549702
FCC,0.619808
FCC,0.492411
FCC,0.520412
FCC,0.470918
FCC,0.715205
FCC,0.679256
FCC,0.617129
FCC,0.628967
FCC,0.60829
FCC,0.638105
FCC,0.468584
FCC,0.615441
FCC,0.465054
FCC,0.710285
FCC,0.701747
FCC,0.613687
FCC,0.566567
FCC,0.479244
FCC,0.573385
FCC,0.77779
FCC,0.881095
FCC,0.495805
FCC,0.615659
FCC,0.582369
FCC,0.50789
FCC,0.761815
FCC,0.906071
FCC,0.923473
FCC,0.577799
FCC,0.503633
FCC,0.839322
FCC,0.608834
FCC,0.909741
FCC,0.54092
FCC,0.610693
FCC,0.511804
FCC,0.630469
FCC,0.88058
FCC,0.669686
FCC,0.585821
FCC,0.588013
FCC,0.659286
FCC,0.776143
FCC,0.583859
FCC,0.562419
FCC,0.865642
FCC,0.641646
FCC,0.563403
FCC,0.435686
FCC,0.600009
FCC,0.757376
FCC,0.456538
FCC,0.379841
FCC,0.533075
FCC,0.362716
FCC,0.521875
FCC,0.662988
FCC,0.677941
FCC,0.600673
FCC,0.821493
FCC,0.610162
FCC,0.641959
FCC,0.631357
FCC,0.625995
FCC,0.654794
FCC,0.745797
FCC,0.514777
FCC,0.893455
FCC,0.766473
FCC,0.513033
FCC,0.632587
FCC,0.967176
FCC,0.779211
FCC,0.892666
FCC,0.884146
FCC,0.860986
FCC,0.549054
FCC,0.548275
FCC,0.533612
FCC,0.743459
FCC,0.572485
FCC,0.769183
FCC,0.991235
FCC,0.637555
FCC,0.659404
FCC,0.551531
FCC,0.893083
FCC,0.927524
FCC,0.750243
FCC,0.915616
FCC,0.876865
FCC,0.841399
FCC,0.706704
FCC,0.771483
FCC,0.545638
FCC,0.92101
FCC,0.630874
FCC,0.701159
FCC,0.713413
FCC,0.756818
FCC,0.280124
FCC,0.918915
FCC,0.741646
FCC,0.655711
FCC,0.723984
FCC,0.782322
FCC,0.823201
FCC,0.488473
FCC,0.298218
FCC,0.501424
FCC,0.57297
FCC,0.763393
FCC,0.597776
FCC,0.755083
FCC,0.59563
FCC,0.759564
FCC,0.70071
FCC,0.558786
FCC,0.608094
FCC,0.564954
FCC,0.53449
FCC,0.661428
FCC,0.982095
FCC,0.721428
FCC,0.669505
FCC,0.579167
FCC,0.719884
FCC,0.796539
FCC,0.598718
FCC,0.520435
FCC,0.7948
FCC,2.166809
FCC,0.807894
FCC,0.558919
FCC,0.75498
FCC,0.469115
FCC,0.60461
FCC,0.875946
FCC,0.857965
FCC,0.60062
FCC,0.639989
FCC,0.837218
FCC,0.763975
FCC,0.562817
FCC,0.688012
FCC,0.707328
FCC,0.728456
FCC,0.522827
FCC,0.592313
FCC,0.79287
FCC,0.397664
FCC,0.495475
FCC,0.591638
FCC,0.330478
FCC,0.609012
FCC,0.525842
FCC,0.597143
FCC,0.652939
FCC,0.515951
FCC,0.611439
FCC,0.529094
FCC,0.740161
FCC,0.500763
FCC,0.671806
FCC,0.562542
FCC,0.688446
FCC,0.759397
FCC,0.638286
FCC,0.968357
FCC,0.736068
FCC,0.583939
FCC,0.784095
FCC,0.48455
FCC,0.884026
FCC,0.837254
FCC,0.603767
FCC,0.741621
FCC,0.715289
FCC,0.496132
FCC,0.809554
FCC,0.869158
FCC,0.83424
FCC,0.819021
FCC,0.662613
FCC,0.559522
FCC,0.595932
FCC,0.907085
FCC,0.917842
FCC,0.721091
FCC,0.694912
FCC,0.722737
FCC,0.807443
FCC,0.495925
FCC,0.582848
FCC,0.854937
FCC,0.680046
FCC,0.616073
FCC,0.645144
FCC,0.703498
FCC,0.531959
FCC,0.679327
FCC,0.51155
FCC,0.62839
FCC,0.662979
FCC,0.583083
FCC,0.836438
FCC,0.55266
FCC,0.773921
FCC,0.579614
FCC,0.935791
FCC,0.815218
FCC,0.645615
FCC,0.66999
FCC,0.911565
FCC,0.677652
FCC,0.515914
FCC,0.679199
FCC,0.703686
FCC,0.836332
FCC,0.766945
FCC,0.802549
FCC,0.797919
FCC,0.41897
FCC,0.641301
FCC,0.754505
FCC,0.723641
FCC,0.581063
FCC,0.734831
FCC,0.706265
FCC,0.67119
FCC,0.776419
FCC,0.635657
FCC,0.57748
FCC,0.512535
FCC,0.832263
FCC,0.647725
FCC,0.861043
FCC,0.870292
FCC,0.725413
FCC,0.451327
FCC,0.902981
FCC,0.590317
FCC,0.505627
FCC,0.476198
FCC,0.545743
FCC,0.520696
FCC,0.445524
FCC,0.499586
FCC,0.468844
FCC,0.689907
FCC,0.49365
FCC,0.413363
FCC,0.534677
FCC,0.712148
FCC,0.618943
FCC,0.359149
FCC,0.582132
FCC,0.542946
FCC,0.541051
FCC,0.773645
FCC,0.729305
FCC,0.639638
FCC,0.55112
FCC,0.555493
FCC,0.417134
FCC,0.766881
FCC,0.69867
FCC,0.794094
FCC,0.72011
FCC,0.43525
FCC,0.540037
FCC,0.739794
FCC,0.783836
FCC,0.536849
FCC,0.743313
FCC,0.806264
FCC,0.580995
FCC,0.725596
FCC,0.641914
FCC,1.026823
FCC,1.02081
FCC,0.692754
FCC,1.014082
FCC,0.411346
FCC,0.576832
FCC,0.692689
FCC,0.571223
FCC,0.712969
FCC,0.854973
FCC,0.673398
FCC,0.765706
FCC,0.504653
FCC,0.743211
FCC,0.588903
FCC,1.010308
FCC,0.688526
FCC,0.739764
FCC,0.692942
FCC,0.866207
FCC,0.669265
FCC,0.757983
FCC,0.731332
FCC,0.773352
FCC,2.239715
FCC,0.473765
FCC,0.747366
FCC,0.655779
FCC,0.938507
FCC,0.746842
FCC,0.545912
FCC,0.989166
FCC,1.060081
FCC,0.617072
FCC,0.770985
FCC,0.585433
FCC,0.784581
FCC,0.805891
FCC,0.665789
FCC,0.655453
FCC,0.67289
FCC,0.842832
FCC,0.568032
FCC,0.760029
FCC,0.680551
FCC,0.505856
FCC,0.68487
FCC,0.768554
FCC,0.831331
FCC,0.815436
FCC,0.82819
FCC,0.647172
FCC,0.837038
FCC,0.50697
FCC,0.588224
FCC,0.577144
FCC,0.774175
FCC,1.004784
FCC,0.661458
FCC,0.668707
FCC,0.818769
FCC,0.564478
FCC,0.742805
FCC,0.425584
FCC,0.774785
FCC,0.807767
FCC,0.776803
FCC,0.854348
FCC,0.727632
FCC,0.696563
FCC,0.556875
FCC,0.738865
FCC,0.71615
FCC,0.654367
FCC,0.398166
FCC,0.658215
FCC,0.60316
FCC,0.646263
FCC,0.457887
FCC,0.468181
FCC,0.533819
FCC,0.542745
FCC,0.505261
FCC,0.663653
FCC,0.916246
FCC,0.581094
FCC,0.624359
FCC,0.540006
FCC,0.691807
FCC,0.628237
FCC,0.547209
FCC,0.406483
FCC,0.611425
FCC,0.633978
FCC,0.641177
FCC,0.561694
FCC,0.643256
FCC,0.457087
FCC,0.560046
FCC,0.398362
FCC,0.495105
FCC,0.823874
FCC,0.845139
FCC,0.887619
FCC,0.859428
FCC,0.693698
FCC,0.670409
FCC,0.360491
FCC,0.67607
FCC,0.823211
FCC,0.772897
FCC,0.624661
FCC,0.514753
FCC,0.719968
FCC,0.935051
FCC,0.78043
FCC,0.875382
FCC,0.992518
FCC,0.821749
FCC,0.650816
FCC,0.68761
FCC,0.542634
FCC,0.846657
FCC,0.785941
FCC,0.537253
FCC,0.74548
FCC,0.630952
FCC,0.799402
FCC,0.769914
FCC,0.841457
FCC,0.576226
FCC,0.902776
FCC,0.909217
FCC,0.944999
FCC,0.934733
FCC,2.192746
FCC,0.99673
FCC,0.965556
FCC,1.070947
FCC,1.03527
FCC,0.8758
FCC,0.764114
FCC,0.917947
FCC,1.005251
FCC,0.674735
FCC,0.84346
FCC,0.799415
FCC,0.963391
FCC,0.772794
FCC,0.871555
FCC,0.804277
FCC,0.645426
FCC,0.7546
FCC,0.683896
FCC,0.741018
FCC,0.669421
FCC,0.829152
FCC,1.080369
FCC,0.987741
FCC,0.751058
FCC,0.702036
FCC,0.666468
FCC,0.728423
FCC,0.601159
FCC,0.90125
FCC,0.773112
FCC,0.692299
FCC,0.689542
FCC,0.704946
FCC,0.859268
FCC,1.011742
FCC,0.686723
FCC,0.91185
FCC,0.973417
FCC,0.967138
FCC,1.020097
FCC,0.824242
FCC,2.188123
FCC,0.796555
FCC,0.726073
FCC,0.762021
FCC,0.483595
FCC,0.593922
FCC,0.655289
FCC,0.781911
FCC,0.797177
FCC,0.595513
FCC,0.658896
FCC,0.757144
FCC,0.668823
FCC,0.651864
FCC,0.561739
FCC,0.583564
FCC,0.510795
FCC,0.561078
FCC,0.657582
FCC,0.468804
FCC,0.678208
FCC,0.587511
FCC,0.615285
FCC,0.414718
FCC,0.710144
FCC,0.624137
FCC,0.751848
FCC,0.626945
FCC,0.519608
FCC,0.58248
FCC,0.777922
FCC,0.452857
FCC,0.910374
FCC,0.48977
FCC,0.966773
FCC,0.736239
FCC,0.635315
FCC,0.666582
FCC,0.521455
FCC,0.803336
FCC,0.859786
FCC,0.564757
FCC,0.680874
FCC,0.988523
FCC,0.677429
FCC,0.689443
FCC,0.781192
FCC,0.942013
FCC,0.998972
FCC,0.591415
FCC,0.56056
FCC,0.629114
FCC,0.80346
FCC,0.681211
FCC,0.614631
FCC,0.550453
FCC,0.85178
FCC,0.849736
FCC,0.740993
FCC,0.771719
FCC,0.522917
FCC,0.877849
FCC,0.644812
FCC,0.649156
FCC,0.730339
FCC,0.783673
FCC,0.895694
FCC,0.502018
FCC,0.760104
FCC,0.76524
FCC,0.813296
FCC,0.884231
FCC,0.977045
FCC,0.710919
FCC,1.059388
FCC,0.920891
FCC,0.431887
FCC,0.712184
FCC,0.640826
FCC,0.586188
FCC,0.667227
FCC,0.812489
FCC,0.731936
FCC,0.69778
FCC,0.69991
FCC,0.505468
FCC,0.64183
FCC,0.705808
FCC,0.314588
FCC,0.692033
FCC,0.492001
FCC,0.674535
FCC,0.717947
FCC,0.943729
FCC,0.604125
FCC,0.874767
FCC,0.751936
FCC,0.804287
FCC,0.677576
FCC,0.545424
FCC,0.513865
FCC,0.742857
FCC,0.70576
FCC,0.629538
FCC,0.559452
FCC,0.752381
FCC,0.676414
FCC,0.326079
FCC,0.823304
FCC,0.830062
FCC,0.741188
FCC,0.771044
FCC,0.741902
FCC,0.78862
FCC,0.798514
FCC,0.790698
FCC,0.752908
FCC,2.142141
FCC,0.59423
FCC,0.528318
FCC,0.759062
FCC,0.834886
FCC,0.560599
FCC,0.621008
FCC,0.467114
FCC,0.63546
FCC,0.376992
FCC,0.594469
FCC,0.52006
FCC,0.648892
FCC,0.568018
FCC,0.559465
FCC,0.767192
FCC,0.572145
FCC,0.591953
FCC,0.389525
FCC,0.739583
FCC,0.58198
FCC,0.816946
FCC,0.718997
FCC,0.510741
FCC,0.679125
FCC,0.453187
FCC,1.007274
FCC,0.691159
FCC,0.57161
FCC,0.680952
FCC,0.730922
FCC,0.635971
FCC,0.547299
FCC,0.677936
FCC,0.747942
FCC,0.824374
FCC,0.508872
FCC,0.702584
FCC,0.624336
FCC,0.827323
FCC,0.573855
FCC,0.648743
FCC,0.845475
FCC,0.671627
FCC,0.777651
FCC,0.870975
FCC,0.63325
FCC,0.768288
FCC,0.583415
FCC,0.691998
FCC,0.740836
FCC,0.609057
FCC,0.643273
FCC,0.680423
FCC,0.128484
FCC,0.880532
FCC,0.873569
FCC,0.940383
FCC,0.860834
FCC,0.477807
FCC,0.610411
FCC,0.664896
FCC,0.803635
FCC,0.708335
FCC,0.691078
FCC,0.697489
FCC,0.600413
FCC,0.1333
FCC,0.834493
FCC,0.221642
FCC,0.532064
FCC,0.841992
FCC,0.61043
FCC,0.82658
FCC,0.493532
FCC,0.700979
FCC,0.402019
FCC,0.873093
FCC,0.542188
FCC,0.65783
FCC,0.522287
FCC,0.714724
FCC,0.650211
FCC,0.748444
FCC,0.422945
FCC,0.385613
FCC,0.48109
FCC,0.43166
FCC,0.812018
FCC,0.523052
FCC,0.572378
FCC,0.567967
FCC,0.484827
FCC,0.425297
FCC,0.411674
FCC,0.641446
FCC,0.748589
FCC,0.534446
FCC,0.598928
FCC,0.31632
FCC,0.666227
FCC,0.740228
FCC,0.729436
FCC,0.483368
FCC,0.614951
FCC,0.300098
FCC,0.599296
FCC,0.413488
FCC,0.472038
FCC,0.614677
FCC,0.666454
FCC,0.585864
FCC,0.552692
FCC,0.30163
FCC,0.631669
FCC,0.499995
FCC,0.656456
FCC,0.406468
FCC,0.751205
FCC,0.595966
FCC,0.47702
FCC,0.366528
FCC,0.335745
FCC,0.559773
FCC,0.646221
FCC,0.766352
FCC,0.86031
FCC,0.915549
FCC,0.792281
FCC,0.656573
FCC,0.651531
FCC,0.552178
FCC,0.697906
FCC,0.723406
FCC,0.592848
FCC,0.731113
FCC,0.499179
FCC,0.604425
FCC,0.724805
FCC,0.700276
FCC,0.619879
FCC,0.74413
FCC,0.70625
FCC,0.37649
FCC,0.806313
FCC,0.839904
FCC,0.921796
FCC,0.745061
FCC,0.781306
FCC,0.618948
FCC,0.616938
FCC,0.479965
FCC,0.757877
FCC,0.616183
FCC,0.633324
FCC,1.01398
FCC,0.629416
FCC,0.754156
FCC,0.663644
FCC,0.670581
FCC,0.742565
FCC,0.889784
FCC,0.787968
FCC,0.814533
FCC,0.434325
FCC,0.611932
FCC,0.977772
FCC,0.657425
FCC,0.650077
FCC,0.774198
FCC,0.21823
FCC,0.76977
FCC,0.872845
FCC,0.483337
FCC,0.474412
FCC,0.670162
FCC,0.462123
FCC,0.622415
FCC,0.821513
FCC,0.555264
FCC,0.587069
FCC,0.72351
FCC,0.89725
FCC,0.57866
FCC,0.635349
FCC,0.404362
FCC,0.623449
FCC,0.881219
FCC,0.766393
FCC,0.424077
FCC,0.624113
FCC,0.504471
FCC,0.604641
FCC,0.629185
FCC,0.446726
FCC,0.725886
FCC,0.473002
FCC,0.494673
FCC,0.689349
FCC,0.639387
FCC,0.916589
FCC,0.745
FCC,0.554754
FCC,0.61108
FCC,0.666734
FCC,0.427934
FCC,0.66047
FCC,0.621562
FCC,0.396854
FCC,0.535562
FCC,0.5043
FCC,0.601267
FCC,0.48133
FCC,0.503223
FCC,0.517945
FCC,0.380137
FCC,0.613122
FCC,0.481384
FCC,0.481336
FCC,0.641894
FCC,0.483177
FCC,0.488269
FCC,0.388344
FCC,0.525519
FCC,0.687367
FCC,0.599407
FCC,0.60766
FCC,0.432576
FCC,0.448477
FCC,0.440909
FCC,0.442006
FCC,0.345223
FCC,0.590164
FCC,0.598054
FCC,0.333172
FCC,0.389403
FCC,0.533568
FCC,0.507676
FCC,0.860948
FCC,0.671267
FCC,0.728367
FCC,0.778427
FCC,0.530683
FCC,0.469867
FCC,0.780046
FCC,0.772602
FCC,0.774479
FCC,0.758659
FCC,0.594894
FCC,0.491977
FCC,0.702493
FCC,0.534857
FCC,0.554614
FCC,0.631891
FCC,0.749886
FCC,0.808094
FCC,0.571622
FCC,0.641981
FCC,0.337787
FCC,0.658423
FCC,0.644831
FCC,0.66094
FCC,0.686699
FCC,0.610663
FCC,0.594646
FCC,0.54206
FCC,0.960102
FCC,0.346899
FCC,0.811073
FCC,1.003948
FCC,0.581286
FCC,0.647828
FCC,0.763794
FCC,0.919699
FCC,0.717473
FCC,0.796187
FCC,0.640626
FCC,0.625246
FCC,0.617583
FCC,0.638899
FCC,0.72135
FCC,0.6921
FCC,0.954163
FCC,0.706568
FCC,0.773966
FCC,0.708245
FCC,0.709455
FCC,0.515826
FCC,0.478309
FCC,0.440404
FCC,0.327316
FCC,0.39929
FCC,0.581428
FCC,0.773482
FCC,0.622126
FCC,0.590085
FCC,0.451851
FCC,0.352168
FCC,0.64307
FCC,0.856518
FCC,1.908116
FCC,0.959846
FCC,0.673536
FCC,0.893631
FCC,1.05087
FCC,0.406357
FCC,0.481548
FCC,0.504401
FCC,0.648783
FCC,0.787924
FCC,0.724791
FCC,0.811001
FCC,0.683252
FCC,0.799629
FCC,0.255633
FCC,0.746109
FCC,0.52539
FCC,0.451457
FCC,0.641534
FCC,0.544445
FCC,0.548345
FCC,0.5418
FCC,0.687189
FCC,0.840952
FCC,0.602815
FCC,0.581625
FCC,0.443862
FCC,0.699204
FCC,1.118577
FCC,0.656761
FCC,0.587899
FCC,1.00287
FCC,0.650816
FCC,0.701651
FCC,0.499821
FCC,0.641368
FCC,0.553601
FCC,0.579631
FCC,0.443268
FCC,0.533994
FCC,0.664526
FCC,0.584344
FCC,0.546679
FCC,0.478792
FCC,0.666877
FCC,0.512823
FCC,0.672918
FCC,0.574151
FCC,0.756804
FCC,0.811093
FCC,0.50949
FCC,0.607573
FCC,0.687473
FCC,0.606216
FCC,0.690823
FCC,0.906001
FCC,1.007285
FCC,0.582184
FCC,0.788035
FCC,0.804167
FCC,0.536035
FCC,0.584376
FCC,0.580854
FCC,0.593735
FCC,0.646238
FCC,0.707335
FCC,0.583422
FCC,0.642609
FCC,0.64638
FCC,0.767418
FCC,0.611677
FCC,0.686886
FCC,0.716662
FCC,0.724729
FCC,0.487482
FCC,0.481821
FCC,0.70477
FCC,0.760656
FCC,0.51333
FCC,0.756294
FCC,0.597598
FCC,0.69057
FCC,0.777692
FCC,0.531048
FCC,0.589897
FCC,0.605859
FCC,0.755495
FCC,0.589361
FCC,1.046683
FCC,0.565475
FCC,0.395135
FCC,0.736696
FCC,0.611849
FCC,0.639557
FCC,0.904537
FCC,0.557478
FCC,0.683242
FCC,0.723459
FCC,0.930464
FCC,0.704985
FCC,0.569048
FCC,0.470854
FCC,0.410977
FCC,0.776714
FCC,0.94811
FCC,0.526844
FCC,0.828146
FCC,0.717264
FCC,0.564884
FCC,0.594445
FCC,0.667126
FCC,0.755819
FCC,0.617483
FCC,0.572529
FCC,1.222731
FCC,0.937358
FCC,0.723377
FCC,0.964106
FCC,0.932882
FCC,0.698378
FCC,0.472638
FCC,0.572124
FCC,0.687075
FCC,0.774122
FCC,0.771071
FCC,0.722044
FCC,0.778871
FCC,0.719364
FCC,0.686231
FCC,0.470066
FCC,0.710976
FCC,0.686521
FCC,0.750838
FCC,0.96844
FCC,0.766209
FCC,0.692262
FCC,0.864483
FCC,0.61149
FCC,0.570071
FCC,0.649524
FCC,0.905498
FCC,0.672453
FCC,0.720206
FCC,0.741144
FCC,0.741901
FCC,0.652441
FCC,0.53158
FCC,0.633866
FCC,0.534321
FCC,0.548515
FCC,0.691934
FCC,0.431559
FCC,0.566935
FCC,0.711875
FCC,0.86504
FCC,0.721084
FCC,0.937459
FCC,0.497136
FCC,0.529254
FCC,0.972839
FCC,0.725434
FCC,0.815474
FCC,0.99509
FCC,0.720309
FCC,0.919984
FCC,0.689865
FCC,0.776229
FCC,0.779852
FCC,0.595649
FCC,0.98395
FCC,0.72831
FCC,0.633996
FCC,1.114071
FCC,0.85126
FCC,0.646282
FCC,0.811938
FCC,0.826987
FCC,0.56786
FCC,0.579116
FCC,0.656711
FCC,0.737941
FCC,0.81817
FCC,0.780111
FCC,0.980744
FCC,0.661225
FCC,0.885016
FCC,0.743
FCC,0.655233
FCC,0.774728
FCC,0.704419
FCC,0.750159
FCC,0.66013
FCC,0.72754
FCC,0.588383
FCC,0.614751
FCC,0.610578
FCC,0.575612
FCC,0.628542
FCC,1.00294
FCC,0.769494
FCC,0.616785
FCC,0.766749
FCC,0.693024
FCC,0.625947
FCC,0.759867
FCC,0.72557
FCC,0.575262
FCC,0.809955
FCC,0.765007
FCC,0.700709
FCC,0.670371
FCC,0.685339
FCC,0.696179
FCC,0.621684
FCC,0.885295
FCC,0.833015
FCC,0.743052
FCC,0.84822
FCC,0.528932
FCC,0.811588
FCC,0.899434
FCC,0.784206
FCC,0.649793
FCC,0.893986
FCC,0.863278
FCC,0.697442
FCC,0.817765
FCC,0.894845
FCC,0.658014
FCC,0.825749
FCC,0.789178
FCC,0.69694
FCC,0.702214
FCC,0.715507
FCC,0.718201
FCC,0.826719
FCC,0.858202
FCC,0.911607
FCC,0.843769
FCC,2.104233
FCC,0.710707
FCC,0.603313
FCC,0.675805
FCC,0.790691
FCC,0.719738
FCC,0.719509
FCC,0.508931
FCC,0.763896
FCC,0.780557
FCC,0.576858
FCC,0.691035
FCC,0.764908
FCC,0.635977
FCC,0.612575
FCC,0.61596
FCC,0.539727
FCC,0.548792
FCC,0.629442
FCC,0.739263
FCC,0.746581
FCC,0.815662
FCC,0.383746
FCC,0.606041
FCC,0.76559
FCC,0.719025
FCC,0.888677
FCC,0.845664
FCC,0.875204
FCC,0.504146
FCC,0.857289
FCC,0.717619
FCC,0.657752
FCC,0.806723
FCC,0.599442
FCC,0.99835
FCC,0.664696
FCC,0.691677
FCC,0.574939
FCC,0.84558
FCC,0.784672
FCC,0.747973
FCC,0.863272
FCC,0.73347
FCC,0.474133
FCC,0.650375
FCC,0.960056
FCC,0.791508
FCC,0.906661
FCC,0.684587
FCC,0.838808
FCC,0.601865
FCC,0.627686
FCC,0.698158
FCC,0.746094
FCC,0.825659
FCC,0.763866
FCC,0.759683
FCC,2.201088
FCC,1.028125
FCC,0.766929
FCC,0.891781
FCC,0.527792
FCC,0.670457
FCC,0.749706
FCC,0.94075
FCC,0.852496
FCC,0.669577
FCC,0.578296
FCC,0.653372
FCC,0.694749
FCC,0.522673
FCC,0.675694
FCC,0.721497
FCC,0.736437
FCC,0.713387
FCC,0.88866
FCC,0.935479
FCC,0.515804
FCC,0.729432
FCC,0.729555
FCC,0.676645
FCC,0.85279
FCC,0.724191
FCC,0.923674
FCC,0.700765
FCC,0.985584
FCC,0.917547
FCC,0.732777
FCC,0.92744
FCC,0.459565
FCC,0.655203
FCC,0.794745
FCC,0.846583
FCC,0.939788
FCC,0.58123
FCC,0.956616
FCC,0.756631
FCC,0.636911
FCC,0.699678
FCC,0.732511
FCC,0.713995
FCC,0.803199
FCC,0.686483
FCC,0.555038
FCC,0.640607
FCC,0.612969
FCC,0.750395
FCC,0.526688
FCC,0.87675
FCC,0.704495
FCC,0.579201
FCC,0.84681
FCC,0.713056
FCC,0.579836
FCC,0.676457
FCC,0.514253
FCC,0.820905
FCC,0.542613
FCC,0.524187
FCC,0.405935
FCC,0.610614
FCC,0.483038
FCC,0.585263
FCC,0.745761
FCC,0.436379
FCC,0.444809
FCC,0.315551
FCC,0.572629
FCC,0.885188
FCC,0.77926
FCC,0.918306
FCC,0.949795
FCC,0.823998
FCC,0.873014
FCC,0.544292
FCC,0.963239
FCC,0.941198
FCC,0.67658
FCC,0.954803
FCC,0.523176
FCC,0.453728
FCC,0.848314
FCC,0.614402
FCC,0.87494
FCC,0.72216
FCC,0.650699
FCC,0.937665
FCC,0.666727
FCC,0.634302
FCC,0.948354
FCC,0.60549
FCC,0.701523
FCC,0.825688
FCC,0.828429
FCC,0.707765
FCC,0.552976
FCC,0.654415
FCC,0.680554
FCC,0.600665
FCC,0.804726
FCC,0.829116
FCC,0.730256
FCC,0.644907
FCC,0.488477
FCC,0.785857
FCC,0.813603
FCC,0.595305
FCC,0.725832
FCC,0.815463
FCC,0.843456
FCC,0.834054
FCC,0.769769
FCC,0.432109
FCC,0.639091
FCC,0.756546
FCC,0.787338
FCC,0.793538
FCC,0.764624
FCC,0.644815
FCC,0.469692
FCC,0.682195
FCC,0.735396
FCC,0.731993
FCC,0.691166
FCC,0.8737
FCC,0.670462
FCC,0.678378
FCC,0.742894
FCC,0.694423
FCC,0.66504
FCC,0.924901
FCC,0.891108
FCC,0.57447
FCC,0.615694
FCC,0.859715
FCC,0.591791
FCC,0.520929
FCC,0.529563
FCC,0.616337
FCC,0.777798
FCC,0.914145
FCC,0.750772
FCC,0.633754
FCC,0.74238
FCC,0.602418
FCC,0.663506
FCC,0.432596
FCC,0.509024
FCC,0.760285
FCC,0.756275
FCC,0.690619
FCC,0.676897
FCC,0.999133
FCC,0.462268
FCC,0.498218
FCC,0.564886
FCC,0.729552
FCC,0.645593
FCC,0.616353
FCC,0.840333
FCC,0.734445
FCC,0.580818
FCC,0.539599
FCC,0.490458
FCC,0.728374
FCC,0.604898
FCC,0.374421
FCC,0.766527
FCC,0.552513
FCC,0.509287
FCC,0.534861
FCC,0.430806
FCC,0.411929
FCC,0.560554
FCC,0.636179
FCC,0.537414
FCC,0.69133
FCC,0.67759
FCC,0.483408
FCC,0.838125
FCC,0.550125
FCC,0.989836
FCC,0.686552
FCC,0.426304
FCC,0.695623
FCC,0.618149
FCC,1.09009
FCC,0.777265
FCC,0.582277
FCC,0.446251
FCC,0.83786
FCC,0.526291
FCC,0.9329
FCC,0.941125
FCC,0.789636
FCC,0.671481
FCC,0.67031
FCC,0.667988
FCC,0.980729
FCC,0.647427
FCC,0.555313
FCC,0.717929
FCC,0.773412
FCC,0.492987
FCC,0.686541
FCC,0.810267
FCC,0.807786
FCC,0.721752
FCC,0.641412
FCC,0.777362
FCC,0.609343
FCC,0.445274
FCC,0.619916
FCC,0.73503
FCC,0.700595
FCC,0.568183
FCC,0.707654
FCC,0.669124
FCC,0.804668
FCC,0.415171
FCC,0.516948
FCC,0.792983
FCC,0.931798
FCC,0.812891
FCC,0.685256
FCC,0.82253
FCC,0.891407
FCC,0.795185
FCC,0.499049
FCC,0.641161
FCC,0.677847
FCC,0.588549
FCC,0.646869
FCC,0.692336
FCC,0.671126
FCC,0.846392
FCC,0.799962
FCC,0.563898
FCC,0.579611
FCC,0.591441
FCC,0.606754
FCC,2.12908
FCC,0.636907
FCC,0.808154
FCC,0.691302
FCC,0.768186
FCC,0.553107
FCC,0.666902
FCC,0.57756
FCC,0.45089
FCC,0.979359
FCC,0.844879
FCC,0.626816
FCC,0.739152
FCC,0.719879
FCC,0.523955
FCC,0.519859
FCC,0.572606
FCC,0.691323
FCC,0.537398
FCC,0.599223
FCC,0.68695
FCC,0.695137
FCC,0.698657
FCC,0.684683
FCC,0.718109
FCC,0.494608
FCC,0.723107
FCC,0.616332
FCC,0.535351
FCC,0.784616
FCC,0.792319
FCC,0.619378
FCC,0.517385
FCC,0.660674
FCC,0.596152
FCC,0.581375
FCC,0.441168
FCC,0.606337
FCC,0.560085
FCC,0.521002
FCC,0.49089
FCC,0.493606
FCC,0.553027
FCC,0.381946
FCC,0.527739
FCC,0.767637
FCC,1.024565
FCC,0.855816
FCC,0.399249
FCC,0.9528
FCC,0.815031
FCC,0.688911
FCC,0.417618
FCC,0.722768
FCC,0.876543
FCC,0.820267
FCC,0.726642
FCC,0.66166
FCC,0.615519
FCC,1.118607
FCC,0.507966
FCC,0.594038
FCC,0.768636
FCC,0.876586
FCC,0.503555
FCC,0.663378
FCC,0.685963
FCC,0.713998
FCC,0.866806
FCC,0.775513
FCC,0.729529
FCC,0.572174
FCC,0.37335
FCC,0.668177
FCC,0.755059
FCC,0.996114
FCC,0.686901
FCC,0.595714
FCC,0.740182
FCC,0.82798
FCC,0.63071
FCC,0.717168
FCC,0.745181
FCC,0.585054
FCC,0.62083
FCC,0.797457
FCC,0.639187
FCC,0.592984
FCC,0.567178
FCC,0.511223
FCC,0.903739
FCC,0.61192
FCC,0.912225
FCC,0.566996
FCC,0.631938
FCC,0.805737
FCC,0.736507
FCC,0.555241
FCC,0.630093
FCC,0.694331
FCC,0.562831
FCC,0.60851
FCC,0.597623
FCC,0.472041
FCC,0.694753
FCC,0.650565
FCC,0.658088
FCC,0.341859
FCC,0.749306
FCC,0.534979
FCC,0.772986
FCC,0.531675
FCC,0.627286
FCC,0.644616
FCC,0.750123
FCC,0.747677
FCC,0.403798
FCC,0.565767
FCC,0.63467
FCC,0.86863
FCC,0.484451
FCC,0.566345
FCC,0.898013
FCC,0.740518
FCC,0.467874
FCC,0.725598
FCC,0.616425
FCC,0.648318
FCC,0.5448
FCC,0.555771
FCC,0.810601
FCC,0.947372
FCC,0.578274
FCC,0.531116
FCC,0.692938
FCC,0.588411
FCC,0.381508
FCC,0.57443
FCC,0.440396
FCC,0.474586
FCC,0.680248
FCC,0.428578
FCC,0.426143
FCC,0.555594
FCC,0.42891
FCC,0.515052
FCC,0.521631
FCC,0.500322
FCC,0.639256
FCC,0.630455
FCC,0.787792
FCC,0.444184
FCC,0.300679
FCC,0.579592
FCC,0.667101
FCC,0.818204
FCC,0.874939
FCC,0.734691
FCC,0.577706
FCC,0.584879
FCC,0.865236
FCC,0.799938
FCC,0.564241
FCC,0.800925
FCC,0.506209
FCC,0.708903
FCC,0.396889
FCC,0.676448
FCC,0.614606
FCC,0.596121
FCC,0.691374
FCC,0.693733
FCC,0.819921
FCC,0.593311
FCC,0.569933
FCC,0.732655
FCC,0.63663
FCC,0.458297
FCC,0.879772
FCC,0.667879
FCC,0.716047
FCC,0.65588
FCC,0.512187
FCC,0.676934
FCC,0.508414
FCC,0.639891
FCC,0.755522
FCC,0.827268
FCC,0.604418
FCC,0.768486
FCC,0.89986
FCC,0.825512
FCC,0.729895
FCC,0.715136
FCC,0.596132
FCC,0.595058
FCC,0.624381
FCC,0.533298
FCC,0.690055
FCC,0.710112
FCC,0.581737
FCC,0.56312
FCC,0.826977
FCC,0.551989
FCC,0.615224
FCC,0.482492
FCC,0.544494
FCC,0.593457
FCC,0.885482
FCC,0.615623
FCC,0.782871
FCC,0.692568
FCC,0.740146
FCC,0.68902
FCC,0.659759
FCC,0.67855
FCC,0.574792
FCC,0.652096
FCC,0.52466
FCC,0.721193
FCC,0.667053
FCC,0.696588
FCC,0.81456
FCC,0.47043
FCC,0.597484
FCC,0.649211
FCC,0.668978
FCC,0.518061
FCC,0.70583
FCC,0.730717
FCC,0.685859
FCC,0.797208
FCC,0.868912
FCC,0.62127
FCC,0.574003
FCC,0.573833
FCC,0.723686
FCC,0.835247
FCC,0.740194
FCC,0.749461
FCC,0.545631
FCC,0.604103
FCC,0.632776
FCC,0.69975
FCC,0.486713
FCC,0.653368
FCC,0.636295
FCC,0.731828
FCC,0.639809
FCC,0.492556
FCC,0.838159
FCC,0.473249
FCC,0.738608
FCC,0.441456
FCC,0.582696
FCC,0.548688
FCC,0.720388
FCC,0.647406
FCC,0.576332
FCC,0.669661
FCC,0.45783
FCC,0.70131
FCC,0.817535
FCC,0.705733
FCC,0.766656
FCC,0.631862
FCC,0.522841
FCC,0.730783
FCC,0.614711
FCC,0.672452
FCC,0.70827
FCC,0.527804
FCC,0.622327
FCC,0.620076
FCC,0.717492
FCC,0.741853
FCC,0.609716
FCC,0.638372
FCC,0.71861
FCC,0.768382
FCC,0.912625
FCC,0.43843
FCC,0.599008
FCC,0.59696
FCC,0.578097
FCC,0.821382
FCC,0.58514
FCC,0.671114
FCC,0.565108
FCC,0.599568
FCC,0.560923
FCC,0.729289
FCC,0.816741
FCC,0.622851
FCC,0.531134
FCC,0.753655
FCC,0.619304
FCC,0.562962
FCC,0.756651
FCC,0.571957
FCC,0.74656
FCC,0.488596
FCC,0.719512
FCC,0.609413
FCC,0.740484
FCC,2.112516
FCC,0.747878
FCC,0.448713
FCC,0.490999
FCC,0.868595
FCC,0.516957
FCC,0.498728
FCC,0.469438
FCC,0.514978
FCC,0.501948
FCC,0.568508
FCC,0.656204
FCC,0.577947
FCC,0.59863
FCC,0.594511
FCC,0.632765
FCC,0.598716
FCC,0.63616
FCC,0.761268
FCC,0.499338
FCC,0.575057
FCC,0.669854
FCC,0.464929
FCC,0.547126
FCC,0.420511
FCC,0.631619
FCC,0.685782
FCC,0.775438
FCC,0.718184
FCC,0.507212
FCC,0.70679
FCC,0.378503
FCC,0.67795
FCC,0.355795
FCC,0.723615
FCC,0.729961
FCC,0.464583
FCC,0.646461
FCC,0.733795
FCC,0.738643
FCC,0.845957
FCC,0.599553
FCC,0.617936
FCC,0.76384
FCC,0.790243
FCC,0.530579
FCC,0.709124
FCC,0.575612
FCC,0.623352
FCC,0.674615
FCC,0.666778
FCC,0.802778
FCC,0.543571
FCC,0.503643
FCC,0.616056
FCC,0.447631
FCC,0.802781
FCC,0.587228
FCC,0.80594
FCC,0.523605
FCC,0.494137
FCC,0.480552
4-coord,0.712861
4-coord,0.640694
4-coord,0.648411
4-coord,0.590574
4-coord,0.562233
4-coord,0.646862
4-coord,0.34935
4-coord,0.613339
4-coord,0.749731
4-coord,0.675466
4-coord,0.502516
4-coord,0.695233
4-coord,0.674576
4-coord,0.750501
4-coord,0.57912
4-coord,0.60585
4-coord,0.632834
4-coord,0.649266
4-coord,0.663242
4-coord,0.678206
4-coord,0.596563
4-coord,0.546613
4-coord,0.732431
4-coord,0.624581
4-coord,0.692497
4-coord,0.416708
4-coord,0.466646
4-coord,0.645434
4-coord,0.707064
4-coord,0.564632
4-coord,0.65172
4-coord,0.662246
4-coord,0.533299
4-coord,0.581245
4-coord,0.742664
4-coord,0.700516
4-coord,0.728905
4-coord,0.535274
4-coord,0.729378
4-coord,0.616277
4-coord,0.657665
4-coord,0.661539
4-coord,0.526494
4-coord,0.64868
4-coord,0.63272
4-coord,0.672916
4-coord,0.632855
4-coord,0.689695
4-coord,0.542491
4-coord,0.464488
4-coord,0.721189
4-coord,0.666228
4-coord,0.727782
4-coord,0.70086
4-coord,0.623115
4-coord,0.575612
4-coord,0.672546
4-coord,0.725672
4-coord,0.431571
4-coord,0.481287
4-coord,0.625408
4-coord,0.588698
4-coord,0.640743
4-coord,0.692574
4-coord,0.670802
4-coord,0.744928
4-coord,0.494265
4-coord,0.713014
4-coord,0.684724
4-coord,0.613062
4-coord,0.492368
4-coord,0.704851
4-coord,0.587519
4-coord,0.429306
4-coord,0.496755
4-coord,0.632437
4-coord,0.618571
4-coord,0.470477
4-coord,0.60673
4-coord,0.429953
4-coord,0.66854
4-coord,0.590214
4-coord,0.597145
4-coord,0.462208
4-coord,0.561632
4-coord,0.535733
4-coord,0.549562
4-coord,0.703594
4-coord,0.563281
4-coord,0.303105
4-coord,0.636393
4-coord,0.525076
4-coord,0.683574
4-coord,0.677373
4-coord,0.628862
4-coord,0.666781
4-coord,0.627643
4-coord,0.517407
4-coord,0.650795
4-coord,0.612867
4-coord,0.678887
4-coord,0.696679
4-coord,0.706366
4-coord,0.647304
4-coord,0.469227
4-coord,0.648776
4-coord,0.65675
4-coord,0.522719
4-coord,0.710921
4-coord,0.62489
4-coord,0.592442
4-coord,0.751067
4-coord,0.699524
4-coord,0.48725
4-coord,0.289397
4-coord,0.620529
4-coord,0.477073
4-coord,0.570074
4-coord,0.384215
4-coord,0.559922
4-coord,0.485576
4-coord,0.643338
4-coord,0.487565
4-coord,0.656624
4-coord,0.722041
4-coord,0.55323
4-coord,0.689759
4-coord,0.450958
4-coord,0.733291
4-coord,0.541741
4-coord,0.494517
4-coord,0.45972
4-coord,0.611138
4-coord,0.592994
4-coord,0.591819
4-coord,0.481148
4-coord,0.743081
4-coord,0.481628
4-coord,0.5117
4-coord,0.429449
4-coord,0.435683
4-coord,0.293971
4-coord,0.73207
4-coord,0.636528
4-coord,0.596698
4-coord,0.669511
4-coord,0.577334
4-coord,0.59169
4-coord,0.521016
4-coord,0.439979
4-coord,0.395968
4-coord,0.498666
4-coord,0.643752
4-coord,0.56012
4-coord,0.483705
4-coord,0.63677
4-coord,0.654839
4-coord,0.544024
4-coord,0.505647
4-coord,0.511779
4-coord,0.718276
4-coord,0.303622
4-coord,0.440129
4-coord,0.523321
4-coord,0.637671
4-coord,0.677931
4-coord,0.537414
4-coord,0.55728
4-coord,0.6948
4-coord,0.690212
4-coord,0.696388
4-coord,0.686952
4-coord,0.718217
4-coord,0.503697
4-coord,0.486584
4-coord,0.639671
4-coord,0.487702
4-coord,0.297817
4-coord,0.302323
4-coord,0.492589
4-coord,0.630363
4-coord,0.502016
4-coord,0.676209
4-coord,0.722445
4-coord,0.312989
4-coord,0.362513
4-coord,0.317212
4-coord,0.67366
4-coord,0.699377
4-coord,0.690966
4-coord,0.723611
4-coord,0.67348
4-coord,0.687412
4-coord,0.702714
4-coord,0.532055
4-coord,0.610664
4-coord,0.653133
4-coord,0.41518
4-coord,0.643418
4-coord,0.520775
4-coord,0.600468
4-coord,0.42341
4-coord,0.620806
4-coord,0.662404
4-coord,0.302355
4-coord,0.342997
4-coord,0.289919
4-coord,0.423023
4-coord,0.494857
4-coord,0.683488
4-coord,0.632055
4-coord,0.667131
4-coord,0.688969
4-coord,0.713742
4-coord,0.626559
4-coord,0.499269
4-coord,0.554164
4-coord,0.734882
4-coord,0.245869
4-coord,0.631301
4-coord,0.389908
4-coord,0.284405
4-coord,0.496067
4-coord,0.483233
4-coord,0.453015
4-coord,0.680348
4-coord,0.143935
4-coord,0.300648
4-coord,0.664418
4-coord,0.641936
4-coord,0.439951
4-coord,0.70537
4-coord,0.356826
4-coord,0.704563
4-coord,0.728344
4-coord,0.438025
4-coord,0.715661
4-coord,0.592606
4-coord,0.614407
4-coord,0.516381
4-coord,0.592434
4-coord,0.247986
4-coord,0.573942
4-coord,0.61059
4-coord,0.470054
4-coord,0.584887
4-coord,0.645816
4-coord,0.726348
4-coord,0.620192
4-coord,0.529195
4-coord,0.460323
4-coord,0.648186
4-coord,0.728023
4-coord,0.747337
4-coord,0.608582
4-coord,0.703787
4-coord,0.716429
4-coord,0.491802
4-coord,0.636613
4-coord,0.527341
4-coord,0.748118
4-coord,0.664649
4-coord,0.723142
4-coord,0.746496
4-coord,0.41257
4-coord,0.709661
4-coord,0.56655
4-coord,0.651702
4-coord,0.389588
4-coord,0.561443
4-coord,0.718034
4-coord,0.743893
4-coord,0.734907
4-coord,0.716503
4-coord,0.647584
4-coord,0.430576
4-coord,0.545295
4-coord,0.567445
4-coord,0.369227
4-coord,0.716541
4-coord,0.602642
4-coord,0.635132
4-coord,0.60768
4-coord,0.709238
4-coord,0.525565
4-coord,0.522322
4-coord,0.662201
4-coord,0.64212
4-coord,0.461457
4-coord,0.569432
4-coord,0.589598
4-coord,0.433677
4-coord,0.673136
4-coord,0.686119
4-coord,0.574593
4-coord,0.738238
4-coord,0.629103
4-coord,0.56555
4-coord,0.62872
4-coord,0.571176
4-coord,0.634504
4-coord,0.700637
4-coord,0.604663
4-coord,0.717951
4-coord,0.72618
4-coord,0.496716
4-coord,0.513918
4-coord,0.644044
4-coord,0.644116
4-coord,0.667574
4-coord,0.599251
4-coord,0.745083
4-coord,0.561464
4-coord,0.720282
4-coord,0.566954
4-coord,0.541734
4-coord,0.61136
4-coord,0.413204
4-coord,0.621999
4-coord,0.610025
4-coord,0.751683
4-coord,0.639561
4-coord,0.651625
4-coord,0.669014
4-coord,0.654512
4-coord,0.483066
4-coord,0.65789
4-coord,0.679295
4-coord,0.682418
4-coord,0.656574
4-coord,0.683781
4-coord,0.737721
4-coord,0.585924
4-coord,0.639464
4-coord,0.361942
4-coord,0.512851
4-coord,0.37814
4-coord,0.330319
4-coord,0.612292
4-coord,0.507452
4-coord,0.703178
4-coord,0.476673
4-coord,0.6713
4-coord,0.555879
4-coord,0.358778
4-coord,0.628544
4-coord,0.539804
4-coord,0.731317
4-coord,0.590794
4-coord,0.50845
4-coord,0.215167
4-coord,0.647502
4-coord,0.711705
4-coord,0.374938
4-coord,0.635121
4-coord,0.630321
4-coord,0.634135
4-coord,0.463648
4-coord,0.490985
4-coord,0.694552
4-coord,0.718763
4-coord,0.582148
4-coord,0.705562
4-coord,0.674043
4-coord,0.731194
4-coord,0.603995
4-coord,0.405371
4-coord,0.670045
4-coord,0.662725
4-coord,0.675755
4-coord,0.636835
4-coord,0.677859
4-coord,0.473952
4-coord,0.583824
4-coord,0.628191
4-coord,0.612538
4-coord,0.57071
4-coord,0.55977
4-coord,0.609472
4-coord,0.671588
4-coord,0.359079
4-coord,0.649985
4-coord,0.532678
4-coord,0.377229
4-coord,0.489034
4-coord,0.737297
4-coord,0.732783
4-coord,0.273372
4-coord,0.296162
4-coord,0.671768
4-coord,0.751168
4-coord,0.594282
4-coord,0.239409
4-coord,0.506271
4-coord,0.614867
4-coord,0.526877
4-coord,0.196219
4-coord,0.640125
4-coord,0.425954
4-coord,0.66372
4-coord,0.535331
4-coord,0.591993
4-coord,0.566725
4-coord,0.578419
4-coord,0.628976
4-coord,0.51769
4-coord,0.629398
4-coord,0.567078
4-coord,0.693416
4-coord,0.717587
4-coord,0.715531
4-coord,0.455296
4-coord,0.670135
4-coord,0.575321
4-coord,0.731741
4-coord,0.655248
4-coord,0.582012
4-coord,0.678797
4-coord,0.428249
4-coord,0.563571
4-coord,0.612162
4-coord,0.537683
4-coord,0.543384
4-coord,0.262635
4-coord,0.512937
4-coord,0.519583
4-coord,0.579072
4-coord,0.613957
4-coord,0.617732
4-coord,0.710251
4-coord,0.570281
4-coord,0.630221
4-coord,0.618713
4-coord,0.637755
4-coord,0.47095
4-coord,0.717266
4-coord,0.613038
4-coord,0.53648
4-coord,0.535246
4-coord,0.280476
4-coord,0.401591
4-coord,0.495655
4-coord,0.62714
4-coord,0.549226
4-coord,0.754434
4-coord,0.561842
4-coord,0.746553
4-coord,0.523766
4-coord,0.442768
4-coord,0.670821
4-coord,0.491722
4-coord,0.634999
4-coord,0.383662
4-coord,0.407793
4-coord,0.664872
4-coord,0.571147
4-coord,0.500476
4-coord,0.584851
4-coord,0.723935
4-coord,0.658841
4-coord,0.632179
4-coord,0.34485
4-coord,0.58887
4-coord,0.624504
4-coord,0.634968
4-coord,0.512479
4-coord,0.651382
4-coord,0.559462
4-coord,0.695284
4-coord,0.751931
4-coord,0.56903
4-coord,0.490557
4-coord,0.600403
4-coord,0.49006
4-coord,0.532802
4-coord,0.630234
4-coord,0.720244
4-coord,0.448841
4-coord,0.582568
4-coord,0.643192
4-coord,0.604975
4-coord,0.725889
4-coord,0.523799
4-coord,0.554332
4-coord,0.607148
4-coord,0.413629
4-coord,0.6058
4-coord,0.608907
4-coord,0.585623
4-coord,0.499802
4-coord,0.563322
4-coord,0.580616
4-coord,0.612359
4-coord,0.708368
4-coord,0.321242
4-coord,0.60694
4-coord,0.703076
4-coord,0.502549
4-coord,0.740589
4-coord,0.69529
4-coord,0.535458
4-coord,0.673124
4-coord,0.579641
4-coord,0.508941
4-coord,0.458545
4-coord,0.522376
4-coord,0.436902
4-coord,0.624779
4-coord,0.409241
4-coord,0.725472
4-coord,0.629524
4-coord,0.435035
4-coord,0.5931
4-coord,0.516511
4-coord,0.550557
4-coord,0.466677
4-coord,0.705352
4-coord,0.624258
4-coord,0.448772
4-coord,0.729315
4-coord,0.616212
4-coord,0.690651
4-coord,0.736109
4-coord,0.230934
4-coord,0.6773
4-coord,0.536999
4-coord,0.690997
4-coord,0.740787
4-coord,0.672822
4-coord,0.537361
4-coord,0.604428
4-coord,0.507952
4-coord,0.722225
4-coord,0.558777
4-coord,0.684693
4-coord,0.582947
4-coord,0.580942
4-coord,0.43842
4-coord,0.747708
4-coord,0.605464
4-coord,0.715489
4-coord,0.741656
4-coord,0.516126
4-coord,0.408937
4-coord,0.430225
4-coord,0.453957
4-coord,0.588466
4-coord,0.328511
4-coord,0.480342
4-coord,0.513933
4-coord,0.516254
4-coord,0.389319
4-coord,0.462567
4-coord,0.526029
4-coord,0.547572
4-coord,0.368199
4-coord,0.644
4-coord,0.644371
4-coord,0.696847
4-coord,0.658492
4-coord,0.48621
4-coord,0.566512
4-coord,0.694219
4-coord,0.513153
4-coord,0.54888
4-coord,0.664203
4-coord,0.580416
4-coord,0.530729
4-coord,0.546097
4-coord,0.690873
4-coord,0.735456
4-coord,0.705577
4-coord,0.669545
4-coord,0.455758
4-coord,0.677932
4-coord,0.40523
4-coord,0.384133
4-coord,0.584467
4-coord,0.397631
4-coord,0.335177
4-coord,0.454866
4-coord,0.386834
4-coord,0.702495
4-coord,0.559997
4-coord,0.302442
4-coord,0.456176
4-coord,0.327842
4-coord,0.476692
4-coord,0.561027
4-coord,0.397361
4-coord,0.245495
4-coord,0.392884
4-coord,0.219523
4-coord,0.529727
4-coord,0.454964
4-coord,0.465327
4-coord,0.68734
4-coord,0.578852
4-coord,0.358954
4-coord,0.393256
4-coord,0.263768
4-coord,0.428784
4-coord,0.59498
4-coord,0.34129
4-coord,0.202248
4-coord,0.721103
4-coord,0.246813
4-coord,0.5529
4-coord,0.565952
4-coord,0.585021
4-coord,0.099079
4-coord,0.679343
4-coord,0.551144
4-coord,0.548157
4-coord,0.273768
4-coord,0.410884
4-coord,0.299666
4-coord,0.486732
4-coord,0.278045
4-coord,0.329239
4-coord,0.245802
4-coord,0.455161
4-coord,0.440156
4-coord,0.299941
4-coord,0.501977
4-coord,0.319927
4-coord,0.377109
4-coord,0.614785
4-coord,0.532735
4-coord,0.618102
4-coord,0.392198
4-coord,0.530399
4-coord,0.397932
4-coord,0.352161
4-coord,0.50819
4-coord,0.568081
4-coord,0.58546
4-coord,0.26946
4-coord,0.601226
4-coord,0.514112
4-coord,0.473247
4-coord,0.48892
4-coord,0.508964
4-coord,0.532328
4-coord,0.595347
4-coord,0.408757
4-coord,0.641823
4-coord,0.460924
4-coord,0.705375
4-coord,0.581189
4-coord,0.553714
4-coord,0.639031
4-coord,0.457054
4-coord,0.522932
4-coord,0.436772
4-coord,0.463959
4-coord,0.315807
4-coord,0.552377
4-coord,0.650071
4-coord,0.27077
4-coord,0.366243
4-coord,0.67806
4-coord,0.242905
4-coord,0.725143
4-coord,0.666446
4-coord,0.423073
4-coord,0.712317
4-coord,0.149696
4-coord,0.496598
4-coord,0.543366
4-coord,0.732514
4-coord,0.24315
4-coord,0.486168
4-coord,0.657476
4-coord,0.628758
4-coord,0.685428
4-coord,0.747359
4-coord,0.329152
4-coord,0.613627
4-coord,0.425295
4-coord,0.636596
4-coord,0.519502
4-coord,0.503589
4-coord,0.600931
4-coord,0.422706
4-coord,0.574727
4-coord,0.383632
4-coord,0.562952
4-coord,0.556611
4-coord,0.345703
4-coord,0.17523
4-coord,0.643949
4-coord,0.341351
4-coord,0.685929
4-coord,0.481534
4-coord,0.346401
4-coord,0.412899
4-coord,0.505398
4-coord,0.597806
4-coord,0.615021
4-coord,0.461282
4-coord,0.544826
4-coord,0.594428
4-coord,0.732696
4-coord,0.242547
4-coord,0.582186
4-coord,0.211242
4-coord,0.232529
4-coord,0.29807
4-coord,0.564809
4-coord,0.421728
4-coord,0.654874
4-coord,0.536487
4-coord,0.676186
4-coord,0.246836
4-coord,0.434962
4-coord,0.713685
4-coord,0.737106
4-coord,0.44801
4-coord,0.520374
4-coord,0.493873
4-coord,0.282471
4-coord,0.62081
4-coord,0.572945
4-coord,0.664417
4-coord,0.462814
4-coord,0.565745
4-coord,0.719064
4-coord,0.664061
4-coord,0.484765
4-coord,0.290143
4-coord,0.557527
4-coord,0.549424
4-coord,0.424975
4-coord,0.623152
4-coord,0.551
4-coord,0.44438
4-coord,0.55528
4-coord,0.596783
4-coord,0.427241
4-coord,0.531242
4-coord,0.54943
4-coord,0.462939
4-coord,0.563409
4-coord,0.547197
4-coord,0.660736
4-coord,0.487317
4-coord,0.570416
4-coord,0.415915
4-coord,0.525687
4-coord,0.334422
4-coord,0.535633
4-coord,0.663184
4-coord,0.636579
4-coord,0.424712
4-coord,0.636207
4-coord,0.735139
4-coord,0.662801
4-coord,0.693725
4-coord,0.395766
4-coord,0.700587
4-coord,0.531966
4-coord,0.52989
4-coord,0.507859
4-coord,0.495706
4-coord,0.661454
4-coord,0.51295
4-coord,0.478357
4-coord,0.642565
4-coord,0.724203
4-coord,0.498237
4-coord,0.536004
4-coord,0.715775
4-coord,0.694586
4-coord,0.556443
4-coord,0.491006
4-coord,0.63695
4-coord,0.728964
4-coord,0.530174
4-coord,0.706288
4-coord,0.687185
4-coord,0.555957
4-coord,0.571617
4-coord,0.604893
4-coord,0.569013
4-coord,0.670841
4-coord,0.574338
4-coord,0.61155
4-coord,0.535455
4-coord,0.686832
4-coord,0.671745
4-coord,0.469768
4-coord,0.458909
4-coord,0.623349
4-coord,0.457848
4-coord,0.625758
4-coord,0.408769
4-coord,0.595756
4-coord,0.496396
4-coord,0.518464
4-coord,0.500584
4-coord,0.654135
4-coord,0.750345
4-coord,0.575482
4-coord,0.4398
4-coord,0.466433
4-coord,0.459562
4-coord,0.582193
4-coord,0.640802
4-coord,0.414906
4-coord,0.427307
4-coord,0.331866
4-coord,0.526806
4-coord,0.513428
4-coord,0.280291
4-coord,0.313666
4-coord,0.388102
4-coord,0.618397
4-coord,0.726551
4-coord,0.595061
4-coord,0.511849
4-coord,0.51608
4-coord,0.356313
4-coord,0.617187
4-coord,0.620254
4-coord,0.700074
4-coord,0.594072
4-coord,0.647834
4-coord,0.699487
4-coord,0.484968
4-coord,0.547058
4-coord,0.636941
4-coord,0.515669
4-coord,0.672894
4-coord,0.498272
4-coord,0.50371
4-coord,0.711066
4-coord,0.536393
4-coord,0.426989
4-coord,0.617097
4-coord,0.539195
4-coord,0.572827
4-coord,0.653459
4-coord,0.558998
4-coord,0.588591
4-coord,0.749254
4-coord,0.625163
4-coord,0.531905
4-coord,0.689381
4-coord,0.55955
4-coord,0.491227
4-coord,0.342526
4-coord,0.349615
4-coord,0.53684
4-coord,0.563727
4-coord,0.50898
4-coord,0.422439
4-coord,0.512661
4-coord,0.367037
4-coord,0.659807
4-coord,0.454813
4-coord,0.288168
4-coord,0.56707
4-coord,0.743918
4-coord,0.541993
4-coord,0.39614
4-coord,0.636473
4-coord,0.61914
4-coord,0.391811
4-coord,0.634765
4-coord,0.476806
4-coord,0.361974
4-coord,0.270944
4-coord,0.571213
4-coord,0.265665
4-coord,0.564442
4-coord,0.354312
4-coord,0.708286
4-coord,0.211829
4-coord,0.596017
4-coord,0.410101
4-coord,0.435071
4-coord,0.447672
4-coord,0.327966
4-coord,0.553098
4-coord,0.59931
4-coord,0.397369
4-coord,0.562201
4-coord,0.515857
4-coord,0.600749
4-coord,0.60811
4-coord,0.579977
4-coord,0.533946
4-coord,0.392752
4-coord,0.519747
4-coord,0.613414
4-coord,0.48027
4-coord,0.50896
4-coord,0.64441
4-coord,0.61858
4-coord,0.684067
4-coord,0.659464
4-coord,0.552578
4-coord,0.572364
4-coord,0.554943
4-coord,0.558103
4-coord,0.481348
4-coord,0.51483
4-coord,0.431077
4-coord,0.405801
4-coord,0.318724
4-coord,0.336956
4-coord,0.559877
4-coord,0.351903
4-coord,0.223391
4-coord,0.414245
4-coord,0.268822
4-coord,0.492009
4-coord,0.336697
4-coord,0.372183
4-coord,0.321079
4-coord,0.519475
4-coord,0.474604
4-coord,0.379223
4-coord,0.215141
4-coord,0.649206
4-coord,0.390209
4-coord,0.679888
4-coord,0.738191
4-coord,0.448608
4-coord,0.750388
4-coord,0.579714
4-coord,0.552251
4-coord,0.537742
4-coord,0.68634
4-coord,0.339574
4-coord,0.459901
4-coord,0.687843
4-coord,0.52674
4-coord,0.648767
4-coord,0.464247
4-coord,0.395302
4-coord,0.338805
4-coord,0.381114
4-coord,0.421979
4-coord,0.619186
4-coord,0.458818
4-coord,0.404454
4-coord,0.515691
4-coord,0.49366
4-coord,0.48315
4-coord,0.568043
4-coord,0.726261
4-coord,0.632745
4-coord,0.554114
4-coord,0.381379
4-coord,0.478026
4-coord,0.372747
4-coord,0.496039
4-coord,0.719785
4-coord,0.564021
4-coord,0.487217
4-coord,0.497176
4-coord,0.433487
4-coord,0.423509
4-coord,0.403976
4-coord,0.388193
4-coord,0.465514
4-coord,0.66367
4-coord,0.405884
4-coord,0.335178
4-coord,0.513578
4-coord,0.507692
4-coord,0.440412
4-coord,0.634074
4-coord,0.546195
4-coord,0.265558
4-coord,0.510957
4-coord,0.526457
4-coord,0.627496
4-coord,0.514975
4-coord,0.193344
4-coord,0.625855
4-coord,0.355272
4-coord,0.552512
4-coord,0.499259
4-coord,0.704023
4-coord,0.620035
4-coord,0.523448
4-coord,0.563019
4-coord,0.594134
4-coord,0.508573
4-coord,0.670402
4-coord,0.711931
4-coord,0.549804
4-coord,0.754013
4-coord,0.673161
4-coord,0.581433
4-coord,0.752161
4-coord,0.451398
4-coord,0.620883
4-coord,0.501419
4-coord,0.545622
4-coord,0.483283
4-coord,0.425237
4-coord,0.57773
4-coord,0.338724
4-coord,0.515176
4-coord,0.214592
4-coord,0.604271
4-coord,0.586156
4-coord,0.488349
4-coord,0.568235
4-coord,0.507114
4-coord,0.451118
4-coord,0.443037
4-coord,0.457202
4-coord,0.451463
4-coord,0.34129
4-coord,0.423117
4-coord,0.52897
4-coord,0.577126
4-coord,0.618752
4-coord,0.533591
4-coord,0.491236
4-coord,0.638016
4-coord,0.389381
4-coord,0.47527
4-coord,0.345832
4-coord,0.496342
4-coord,0.679333
4-coord,0.689321
4-coord,0.736523
4-coord,0.669956
4-coord,0.587781
4-coord,0.625747
4-coord,0.434007
4-coord,0.427665
4-coord,0.378209
4-coord,0.339746
4-coord,0.522034
4-coord,0.433131
4-coord,0.466883
4-coord,0.515643
4-coord,0.679842
4-coord,0.390604
4-coord,0.525741
4-coord,0.379729
4-coord,0.475231
4-coord,0.568798
4-coord,0.460663
4-coord,0.323623
4-coord,0.6491
4-coord,0.530958
4-coord,0.532694
4-coord,0.57372
4-coord,0.536119
4-coord,0.602996
4-coord,0.428776
4-coord,0.337106
4-coord,0.53385
4-coord,0.473473
4-coord,0.515858
4-coord,0.460439
4-coord,0.46053
4-coord,0.407798
4-coord,0.635612
4-coord,0.59064
4-coord,0.481322
4-coord,0.465841
4-coord,0.323665
4-coord,0.440153
4-coord,0.721997
4-coord,0.462115
4-coord,0.379608
4-coord,0.730556
4-coord,0.576378
4-coord,0.361343
4-coord,0.451891
4-coord,0.579956
4-coord,0.640429
4-coord,0.657532
4-coord,0.525894
4-coord,0.685668
4-coord,0.493042
4-coord,0.668593
4-coord,0.486467
4-coord,0.712826
4-coord,0.551551
4-coord,0.559052
4-coord,0.540731
4-coord,0.586043
4-coord,0.429303
4-coord,0.49852
4-coord,0.488054
4-coord,0.563203
4-coord,0.512307
4-coord,0.564515
4-coord,0.671804
4-coord,0.538257
4-coord,0.481326
4-coord,0.599264
4-coord,0.663989
4-coord,0.463483
4-coord,0.455664
4-coord,0.356604
4-coord,0.53618
4-coord,0.405476
4-coord,0.447448
4-coord,0.381064
4-coord,0.724485
4-coord,0.621391
4-coord,0.496707
4-coord,0.544024
4-coord,0.467011
4-coord,0.375988
4-coord,0.235767
4-coord,0.487422
4-coord,0.471312
4-coord,0.602347
4-coord,0.449691
4-coord,0.387029
4-coord,0.695115
4-coord,0.594678
4-coord,0.440758
4-coord,0.694619
4-coord,0.562513
4-coord,0.648831
4-coord,0.51666
4-coord,0.372245
4-coord,0.695274
4-coord,0.434024
4-coord,0.517158
4-coord,0.684743
4-coord,0.536525
4-coord,0.696493
4-coord,0.621742
4-coord,0.566293
4-coord,0.678618
4-coord,0.582446
4-coord,0.728908
4-coord,0.684536
4-coord,0.386365
4-coord,0.438597
4-coord,0.621677
4-coord,0.636543
4-coord,0.56767
4-coord,0.701275
4-coord,0.706269
4-coord,0.518228
4-coord,0.572933
4-coord,0.753676
4-coord,0.494435
4-coord,0.542986
4-coord,0.489944
4-coord,0.612887
4-coord,0.287981
4-coord,0.53091
4-coord,0.452676
4-coord,0.652566
4-coord,0.523742
4-coord,0.63961
4-coord,0.728738
4-coord,0.590632
4-coord,0.430255
4-coord,0.597059
4-coord,0.377556
4-coord,0.502198
4-coord,0.552967
4-coord,0.420795
4-coord,0.644973
4-coord,0.504538
4-coord,0.52741
4-coord,0.658488
4-coord,0.569262
4-coord,0.575209
4-coord,0.611299
4-coord,0.538805
4-coord,0.676854
4-coord,0.530935
4-coord,0.460161
4-coord,0.603063
4-coord,0.541097
4-coord,0.72176
4-coord,0.608201
4-coord,0.538313
4-coord,0.570765
4-coord,0.427722
4-coord,0.447567
4-coord,0.521547
4-coord,0.562722
4-coord,0.634796
4-coord,0.57393
4-coord,0.423826
4-coord,0.478573
4-coord,0.503323
4-coord,0.420537
4-coord,0.422408
4-coord,0.194344
4-coord,0.491685
4-coord,0.694305
4-coord,0.51493
4-coord,0.417268
4-coord,0.437061
4-coord,0.381385
4-coord,0.327519
4-coord,0.531198
4-coord,0.321001
4-coord,0.614938
4-coord,0.558024
4-coord,0.732786
4-coord,0.537962
4-coord,0.544871
4-coord,0.590554
4-coord,0.588881
4-coord,0.598953
4-coord,0.441066
4-coord,0.577297
4-coord,0.510555
4-coord,0.686608
4-coord,0.612529
4-coord,0.336798
4-coord,0.735761
4-coord,0.291459
4-coord,0.347289
4-coord,0.624422
4-coord,0.644581
4-coord,0.665479
4-coord,0.511486
4-coord,0.583802
4-coord,0.407124
4-coord,0.654524
4-coord,0.503974
4-coord,0.507197
4-coord,0.330934
4-coord,0.26353
4-coord,0.663933
4-coord,0.33357
4-coord,0.478134
4-coord,0.324992
4-coord,0.501168
4-coord,0.607285
4-coord,0.491249
4-coord,0.404951
4-coord,0.333732
4-coord,0.283147
4-coord,0.283348
4-coord,0.554256
4-coord,0.573072
4-coord,0.623023
4-coord,0.476344
4-coord,0.597911
4-coord,0.612465
4-coord,0.560724
4-coord,0.659099
4-coord,0.564555
4-coord,0.636504
4-coord,0.631114
4-coord,0.708691
4-coord,0.750709
4-coord,0.442732
4-coord,0.661117
4-coord,0.738768
4-coord,0.690526
4-coord,0.644453
4-coord,0.571665
4-coord,0.753787
4-coord,0.542064
4-coord,0.615063
4-coord,0.714455
4-coord,0.599915
4-coord,0.550124
4-coord,0.727476
4-coord,0.425782
4-coord,0.427585
4-coord,0.691013
4-coord,0.581745
4-coord,0.566276
4-coord,0.569599
4-coord,0.73665
4-coord,0.585463
4-coord,0.703668
4-coord,0.61051
4-coord,0.529486
4-coord,0.416387
4-coord,0.583415
4-coord,0.679797
4-coord,0.359074
4-coord,0.641678
4-coord,0.499661
4-coord,0.401854
4-coord,0.657389
4-coord,0.659502
4-coord,0.565565
4-coord,0.440985
4-coord,0.69611
4-coord,0.673103
4-coord,0.474397
4-coord,0.72065
4-coord,0.438987
4-coord,0.539823
4-coord,0.444943
4-coord,0.617359
4-coord,0.685813
4-coord,0.678699
4-coord,0.662414
4-coord,0.701452
4-coord,0.630047
4-coord,0.586363
4-coord,0.67055
4-coord,0.699438
4-coord,0.545607
4-coord,0.739953
4-coord,0.458692
4-coord,0.656082
4-coord,0.703454
4-coord,0.572132
4-coord,0.457189
4-coord,0.489923
4-coord,0.395361
4-coord,0.543828
4-coord,0.526489
4-coord,0.721509
4-coord,0.427857
4-coord,0.559492
4-coord,0.466271
4-coord,0.558245
4-coord,0.586402
4-coord,0.414713
4-coord,0.479115
4-coord,0.429026
4-coord,0.471668
4-coord,0.409074
4-coord,0.455861
4-coord,0.638546
4-coord,0.27602
4-coord,0.467106
4-coord,0.565917
4-coord,0.586167
4-coord,0.540381
4-coord,0.701872
4-coord,0.624893
4-coord,0.585948
4-coord,0.644917
4-coord,0.615608
4-coord,0.667755
4-coord,0.575228
4-coord,0.632019
4-coord,0.482971
4-coord,0.621579
4-coord,0.581288
4-coord,0.51089
4-coord,0.462689
4-coord,0.341756
4-coord,0.686435
4-coord,0.44143
4-coord,0.580105
4-coord,0.717941
4-coord,0.61673
4-coord,0.737841
4-coord,0.707967
4-coord,0.679916
4-coord,0.552311
4-coord,0.492313
4-coord,0.493911
4-coord,0.443527
4-coord,0.399153
4-coord,0.27323
4-coord,0.349257
4-coord,0.18834
4-coord,0.600017
4-coord,0.455147
4-coord,0.564132
4-coord,0.336857
4-coord,0.279558
4-coord,0.484643
4-coord,0.459735
4-coord,0.615721
4-coord,0.528295
4-coord,0.398607
4-coord,0.635812
4-coord,0.526564
4-coord,0.591446
4-coord,0.55126
4-coord,0.587857
4-coord,0.684802
4-coord,0.435811
4-coord,0.60239
4-coord,0.732164
4-coord,0.500627
4-coord,0.706401
4-coord,0.491746
4-coord,0.684936
4-coord,0.551523
4-coord,0.688504
4-coord,0.640176
4-coord,0.57467
4-coord,0.742271
4-coord,0.456055
4-coord,0.67993
4-coord,0.5799
4-coord,0.630181
4-coord,0.622442
4-coord,0.609349
4-coord,0.336854
4-coord,0.498331
4-coord,0.413634
4-coord,0.178812
4-coord,0.401667
4-coord,0.229388
4-coord,0.522109
4-coord,0.681667
4-coord,0.562171
4-coord,0.388328
4-coord,0.412731
4-coord,0.341508
4-coord,0.614334
4-coord,0.279016
4-coord,0.286042
4-coord,0.413357
4-coord,0.615036
4-coord,0.489521
4-coord,0.722069
4-coord,0.494846
4-coord,0.500947
4-coord,0.572837
4-coord,0.474823
4-coord,0.277625
4-coord,0.550771
4-coord,0.445091
4-coord,0.312637
4-coord,0.470613
4-coord,0.6126
4-coord,0.604626
4-coord,0.525529
4-coord,0.7315
4-coord,0.581341
4-coord,0.747979
4-coord,0.669218
4-coord,0.579932
4-coord,0.462926
4-coord,0.200474
4-coord,0.517906
4-coord,0.523104
4-coord,0.6005
4-coord,0.676808
4-coord,0.573304
4-coord,0.443863
4-coord,0.653939
4-coord,0.637755
4-coord,0.414519
4-coord,0.635219
4-coord,0.289359
4-coord,0.51202
4-coord,0.351518
4-coord,0.437481
4-coord,0.376833
4-coord,0.549171
4-coord,0.557612
4-coord,0.600483
4-coord,0.52482
4-coord,0.486629
4-coord,0.527775
4-coord,0.48077
4-coord,0.440601
4-coord,0.189438
4-coord,0.400768
4-coord,0.377896
4-coord,0.483992
4-coord,0.488135
4-coord,0.573164
4-coord,0.6565
4-coord,0.447967
4-coord,0.455983
4-coord,0.51212
4-coord,0.526693
4-coord,0.388732
4-coord,0.468937
4-coord,0.613771
4-coord,0.536925
4-coord,0.601824
4-coord,0.679027
4-coord,0.42501
4-coord,0.62408
4-coord,0.513244
4-coord,0.706768
4-coord,0.684842
4-coord,0.666088
4-coord,0.176329
4-coord,0.542403
4-coord,0.601599
4-coord,0.690778
4-coord,0.537206
4-coord,0.400079
4-coord,0.432433
4-coord,0.720231
4-coord,0.737302
4-coord,0.711528
4-coord,0.570377
4-coord,0.46154
4-coord,0.509981
4-coord,0.479008
4-coord,0.737145
4-coord,0.734821
4-coord,0.604168
4-coord,0.61668
4-coord,0.380243
4-coord,0.45098
4-coord,0.462958
4-coord,0.62722
4-coord,0.598453
4-coord,0.635374
4-coord,0.410934
4-coord,0.647692
4-coord,0.592724
4-coord,0.67682
4-coord,0.43928
4-coord,0.373949
4-coord,0.468537
4-coord,0.637128
4-coord,0.5074
4-coord,0.540784
4-coord,0.448946
4-coord,0.336368
4-coord,0.488369
4-coord,0.70593
4-coord,0.70313
4-coord,0.505094
4-coord,0.630949
4-coord,0.567023
4-coord,0.703685
4-coord,0.498182
4-coord,0.332597
4-coord,0.656273
4-coord,0.156384
4-coord,0.640889
4-coord,0.633811
4-coord,0.518435
4-coord,0.715828
4-coord,0.723994
4-coord,0.493862
4-coord,0.743744
4-coord,0.304716
4-coord,0.363116
4-coord,0.606385
4-coord,0.595199
4-coord,0.657151
4-coord,0.569341
4-coord,0.262751
4-coord,0.612608
4-coord,0.736268
4-coord,0.526935
4-coord,0.38661
4-coord,0.398034
4-coord,0.706909
4-coord,0.506891
4-coord,0.589185
4-coord,0.645395
4-coord,0.40026
4-coord,0.625556
4-coord,0.411366
4-coord,0.474079
4-coord,0.516472
4-coord,0.472983
4-coord,0.639141
4-coord,0.687288
4-coord,0.677207
4-coord,0.638016
4-coord,0.734166
4-coord,0.645989
4-coord,0.5713
4-coord,0.7208
4-coord,0.70741
4-coord,0.63961
4-coord,0.707841
4-coord,0.733494
4-coord,0.592257
4-coord,0.653088
4-coord,0.511642
4-coord,0.658224
4-coord,0.71254
4-coord,0.64369
4-coord,0.563436
4-coord,0.523401
4-coord,0.498642
4-coord,0.68366
4-coord,0.745548
4-coord,0.673779
4-coord,0.668595
4-coord,0.449203
4-coord,0.492145
4-coord,0.193145
4-coord,0.410284
4-coord,0.512758
4-coord,0.508466
4-coord,0.361041
4-coord,0.622318
4-coord,0.738194
4-coord,0.361066
4-coord,0.539637
4-coord,0.387058
4-coord,0.532066
4-coord,0.328015
4-coord,0.374959
4-coord,0.639826
4-coord,0.704402
4-coord,0.710706
4-coord,0.722818
4-coord,0.489634
4-coord,0.724467
4-coord,0.686212
4-coord,0.636256
4-coord,0.682966
4-coord,0.645732
4-coord,0.636449
4-coord,0.532336
4-coord,0.695758
4-coord,0.589162
4-coord,0.754614
4-coord,0.551732
4-coord,0.627544
4-coord,0.48622
4-coord,0.545745
4-coord,0.441199
4-coord,0.614852
4-coord,0.518694
4-coord,0.680071
4-coord,0.660608
4-coord,0.430442
4-coord,0.696308
4-coord,0.682524
4-coord,0.622639
4-coord,0.648912
4-coord,0.442808
4-coord,0.468473
4-coord,0.560971
4-coord,0.328397
4-coord,0.424278
4-coord,0.603153
4-coord,0.509905
4-coord,0.527719
4-coord,0.391944
4-coord,0.457206
4-coord,0.547334
4-coord,0.486213
4-coord,0.524809
4-coord,0.738172
4-coord,0.437195
4-coord,0.548207
4-coord,0.554206
4-coord,0.681976
4-coord,0.702376
4-coord,0.576394
4-coord,0.644556
4-coord,0.717028
4-coord,0.665064
4-coord,0.691129
4-coord,0.716992
4-coord,0.707121
4-coord,0.552055
4-coord,0.280209
4-coord,0.669459
4-coord,0.713612
4-coord,0.720724
4-coord,0.636348
4-coord,0.391923
4-coord,0.212916
4-coord,0.675988
4-coord,0.367028
4-coord,0.430721
4-coord,0.561584
4-coord,0.382118
4-coord,0.396604
4-coord,0.527556
4-coord,0.530929
4-coord,0.502873
4-coord,0.454533
4-coord,0.495106
4-coord,0.342669
4-coord,0.577203
4-coord,0.683868
4-coord,0.68736
4-coord,0.597803
4-coord,0.546215
4-coord,0.378673
4-coord,0.588241
4-coord,0.519195
4-coord,0.654071
4-coord,0.559393
4-coord,0.606047
4-coord,0.72866
4-coord,0.693228
4-coord,0.57481
4-coord,0.717737
4-coord,0.599395
4-coord,0.735608
4-coord,0.660428
4-coord,0.733365
4-coord,0.342008
4-coord,0.54996
4-coord,0.606267
4-coord,0.542785
4-coord,0.313869
4-coord,0.384736
4-coord,0.528579
4-coord,0.59919
4-coord,0.388619
4-coord,0.344957
4-coord,0.461088
4-coord,0.495778
4-coord,0.615889
4-coord,0.594372
4-coord,0.311418
4-coord,0.34745
4-coord,0.482062
4-coord,0.40829
4-coord,0.410761
4-coord,0.302292
4-coord,0.367059
4-coord,0.263669
4-coord,0.552448
4-coord,0.413121
4-coord,0.611643
4-coord,0.297792
4-coord,0.601057
4-coord,0.591104
4-coord,0.402681
4-coord,0.737075
4-coord,0.688492
4-coord,0.622187
4-coord,0.590167
4-coord,0.652364
4-coord,0.704876
4-coord,0.684399
4-coord,0.719003
4-coord,0.558156
4-coord,0.699303
4-coord,0.705022
4-coord,0.587508
4-coord,0.728992
4-coord,0.623524
4-coord,0.634674
4-coord,0.534959
4-coord,0.503583
4-coord,0.545347
4-coord,0.464719
4-coord,0.604758
4-coord,0.465272
4-coord,0.45877
4-coord,0.414249
4-coord,0.737238
4-coord,0.19401
4-coord,0.367024
4-coord,0.37053
4-coord,0.3775
4-coord,0.27295
4-coord,0.603263
4-coord,0.352506
4-coord,0.381825
4-coord,0.408637
4-coord,0.397473
4-coord,0.256982
4-coord,0.492586
4-coord,0.35951
4-coord,0.317893
4-coord,0.568409
4-coord,0.641806
4-coord,0.582815
4-coord,0.74774
4-coord,0.610918
4-coord,0.706058
4-coord,0.612956
4-coord,0.608108
4-coord,0.72571
4-coord,0.564022
4-coord,0.737033
4-coord,0.378979
4-coord,0.592038
4-coord,0.706722
4-coord,0.446168
4-coord,0.665054
4-coord,0.526055
4-coord,0.346505
4-coord,0.226749
4-coord,0.446106
4-coord,0.346347
4-coord,0.465456
4-coord,0.205578
4-coord,0.164057
4-coord,0.490489
4-coord,0.460788
4-coord,0.517329
4-coord,0.60041
4-coord,0.436344
4-coord,0.4607
4-coord,0.532403
4-coord,0.369873
4-coord,0.592601
4-coord,0.565465
4-coord,0.366906
4-coord,0.522038
4-coord,0.359532
4-coord,0.46396
4-coord,0.454438
4-coord,0.498309
4-coord,0.509825
4-coord,0.608257
4-coord,0.394669
4-coord,0.633997
4-coord,0.618552
4-coord,0.585747
4-coord,0.491497
4-coord,0.743097
4-coord,0.579264
4-coord,0.751429
4-coord,0.492248
4-coord,0.556793
4-coord,0.637697
4-coord,0.683663
4-coord,0.589129
4-coord,0.640654
4-coord,0.633584
4-coord,0.749579
4-coord,0.736157
4-coord,0.660181
4-coord,0.730265
4-coord,0.662027
4-coord,0.754453
4-coord,0.434539
4-coord,0.710986
4-coord,0.682463
4-coord,0.356898
4-coord,0.569969
4-coord,0.415409
4-coord,0.41787
4-coord,0.29802
4-coord,0.390871
4-coord,0.411638
4-coord,0.592011
4-coord,0.449855
4-coord,0.474167
4-coord,0.282016
4-coord,0.432987
4-coord,0.55258
4-coord,0.624218
4-coord,0.368709
4-coord,0.504448
4-coord,0.578593
4-coord,0.416428
4-coord,0.511602
4-coord,0.566398
4-coord,0.55964
4-coord,0.441538
4-coord,0.54716
4-coord,0.459319
4-coord,0.344371
4-coord,0.674104
4-coord,0.569345
4-coord,0.46529
4-coord,0.686484
4-coord,0.623418
4-coord,0.636852
4-coord,0.489085
4-coord,0.568989
4-coord,0.695777
4-coord,0.343286
4-coord,0.58092
4-coord,0.624812
4-coord,0.616479
4-coord,0.67744
4-coord,0.745221
4-coord,0.711995
4-coord,0.646575
4-coord,0.732776
4-coord,0.682621
4-coord,0.642014
4-coord,0.707674
4-coord,0.605
4-coord,0.490496
4-coord,0.238736
4-coord,0.429251
4-coord,0.436674
4-coord,0.588037
4-coord,0.565884
4-coord,0.387346
4-coord,0.22133
4-coord,0.320083
4-coord,0.713547
4-coord,0.386673
4-coord,0.349646
4-coord,0.46738
4-coord,0.363609
4-coord,0.507488
4-coord,0.290319
4-coord,0.390925
4-coord,0.647106
4-coord,0.584495
4-coord,0.511617
4-coord,0.447197
4-coord,0.534227
4-coord,0.518138
4-coord,0.598127
4-coord,0.611513
4-coord,0.587578
4-coord,0.685183
4-coord,0.564755
4-coord,0.679794
4-coord,0.694462
4-coord,0.745431
4-coord,0.525034
4-coord,0.54218
4-coord,0.677902
4-coord,0.743218
4-coord,0.667255
4-coord,0.537069
4-coord,0.558246
4-coord,0.690851
4-coord,0.583279
4-coord,0.734417
4-coord,0.497931
4-coord,0.613779
4-coord,0.42718
4-coord,0.639225
4-coord,0.568766
4-coord,0.722279
4-coord,0.54707
4-coord,0.556459
4-coord,0.622407
4-coord,0.662008
4-coord,0.340069
4-coord,0.693585
4-coord,0.723905
4-coord,0.595782
4-coord,0.687757
4-coord,0.409942
4-coord,0.715115
4-coord,0.541917
4-coord,0.613096
4-coord,0.603078
4-coord,0.628538
4-coord,0.667592
4-coord,0.655223
4-coord,0.609327
4-coord,0.614617
4-coord,0.568704
4-coord,0.726243
4-coord,0.595843
4-coord,0.586252
4-coord,0.544251
4-coord,0.752462
4-coord,0.654312
4-coord,0.556359
4-coord,0.696577
4-coord,0.354903
4-coord,0.455742
4-coord,0.655823
4-coord,0.466587
4-coord,0.653045
4-coord,0.652089
4-coord,0.585621
4-coord,0.619014
4-coord,0.551261
4-coord,0.696991
4-coord,0.611783
4-coord,0.688128
4-coord,0.658557
4-coord,0.699314
4-coord,0.614969
4-coord,0.7443
4-coord,0.739181
4-coord,0.674404
4-coord,0.615931
4-coord,0.582841
4-coord,0.461528
4-coord,0.493426
4-coord,0.613454
4-coord,0.694086
4-coord,0.609338
4-coord,0.679779
4-coord,0.730796
4-coord,0.380172
4-coord,0.689398
4-coord,0.502452
4-coord,0.670226
4-coord,0.583817
4-coord,0.431295
4-coord,0.417653
4-coord,0.564496
4-coord,0.602933
4-coord,0.754976
4-coord,0.629069
4-coord,0.61417
4-coord,0.527613
4-coord,0.528968
4-coord,0.453418
4-coord,0.322666
4-coord,0.571523
4-coord,0.632569
4-coord,0.705047
4-coord,0.438234
4-coord,0.548798
4-coord,0.741517
4-coord,0.662493
4-coord,0.698634
4-coord,0.731794
4-coord,0.63872
4-coord,0.704787
4-coord,0.64195
4-coord,0.554843
4-coord,0.685893
4-coord,0.621658
4-coord,0.262806
4-coord,0.64769
4-coord,0.423133
4-coord,0.472978
4-coord,0.580572
4-coord,0.553409
4-coord,0.666922
4-coord,0.424483
4-coord,0.740972
4-coord,0.519038
4-coord,0.670728
4-coord,0.597782
4-coord,0.751878
4-coord,0.478968
4-coord,0.751449
4-coord,0.674405
4-coord,0.553638
4-coord,0.318991
4-coord,0.474219
4-coord,0.594007
4-coord,0.560701
4-coord,0.468971
4-coord,0.418939
4-coord,0.508225
4-coord,0.464629
4-coord,0.16929
4-coord,0.513048
4-coord,0.623201
4-coord,0.589904
4-coord,0.578585
4-coord,0.663334
4-coord,0.408172
4-coord,0.617232
4-coord,0.680094
4-coord,0.338969
4-coord,0.625814
4-coord,0.59547
4-coord,0.571414
4-coord,0.554852
4-coord,0.74285
4-coord,0.600799
4-coord,0.586708
4-coord,0.514279
4-coord,0.688367
4-coord,0.464988
4-coord,0.58164
4-coord,0.576504
4-coord,0.602133
4-coord,0.700119
4-coord,0.699403
4-coord,0.464567
4-coord,0.592188
4-coord,0.701696
4-coord,0.594941
4-coord,0.536706
4-coord,0.439452
4-coord,0.742467
4-coord,0.462822
4-coord,0.662745
4-coord,0.734954
4-coord,0.650248
4-coord,0.690097
4-coord,0.584596
4-coord,0.735362
4-coord,0.602967
4-coord,0.672352
4-coord,0.626686
4-coord,0.699478
4-coord,0.716725
4-coord,0.694846
4-coord,0.592923
4-coord,0.637757
4-coord,0.376073
4-coord,0.593177
4-coord,0.730357
4-coord,0.606455
4-coord,0.707428
4-coord,0.525352
4-coord,0.602008
4-coord,0.551754
4-coord,0.673678
4-coord,0.640301
4-coord,0.409709
4-coord,0.702831
4-coord,0.738094
4-coord,0.743245
4-coord,0.632651
4-coord,0.698273
4-coord,0.730117
4-coord,0.683732
4-coord,0.54672
4-coord,0.751481
4-coord,0.727822
4-coord,0.588608
4-coord,0.554143
4-coord,0.59649
4-coord,0.660962
4-coord,0.688097
4-coord,0.545944
4-coord,0.644312
4-coord,0.615457
4-coord,0.645606
4-coord,0.739669
4-coord,0.666957
4-coord,0.70084
4-coord,0.72387
4-coord,0.679875
4-coord,0.468409
4-coord,0.656537
4-coord,0.523368
4-coord,0.57624
4-coord,0.570244
4-coord,0.508219
4-coord,0.548628
4-coord,0.430926
4-coord,0.742001
4-coord,0.54953
4-coord,0.564091
4-coord,0.559048
4-coord,0.723408
4-coord,0.680951
4-coord,0.672378
4-coord,0.7512
4-coord,0.72415
4-coord,0.661847
4-coord,0.622769
4-coord,0.714257
4-coord,0.588824
4-coord,0.57187
4-coord,0.669285
4-coord,0.589759
4-coord,0.677984
4-coord,0.683956
4-coord,0.738056
4-coord,0.617102
4-coord,0.453671
4-coord,0.352848
4-coord,0.58499
4-coord,0.580803
4-coord,0.540849
4-coord,0.664459
4-coord,0.63772
4-coord,0.472831
4-coord,0.580336
4-coord,0.489644
4-coord,0.71782
4-coord,0.500454
4-coord,0.671145
4-coord,0.637146
4-coord,0.572919
4-coord,0.573693
4-coord,0.640676
4-coord,0.684636
4-coord,0.742995
4-coord,0.609712
4-coord,0.751351
4-coord,0.587302
4-coord,0.543158
4-coord,0.617533
4-coord,0.51489
4-coord,0.675049
4-coord,0.499588
4-coord,0.582905
4-coord,0.678694
4-coord,0.669388
4-coord,0.685186
4-coord,0.542071
4-coord,0.628092
4-coord,0.687799
4-coord,0.580801
4-coord,0.603772
4-coord,0.55422
4-coord,0.312245
4-coord,0.692763
4-coord,0.589612
4-coord,0.536056
4-coord,0.565312
4-coord,0.514195
4-coord,0.608774
4-coord,0.523576
4-coord,0.560039
4-coord,0.5681
4-coord,0.673352
4-coord,0.552865
4-coord,0.598504
4-coord,0.721489
4-coord,0.62919
4-coord,0.638678
6-coord,0.491032
6-coord,0.486463
6-coord,0.714969
6-coord,0.702347
6-coord,0.550667
6-coord,0.465639
6-coord,0.603987
6-coord,0.440752
6-coord,0.712442
6-coord,0.687003
6-coord,0.517095
6-coord,0.329329
6-coord,0.708724
6-coord,0.604757
6-coord,0.513115
6-coord,0.439947
6-coord,0.750467
6-coord,0.729014
6-coord,0.744757
6-coord,0.629374
6-coord,0.642375
6-coord,0.645825
6-coord,0.438635
6-coord,0.654658
6-coord,0.615053
6-coord,0.684698
6-coord,0.68447
6-coord,0.564124
6-coord,0.751758
6-coord,0.702634
6-coord,0.448024
6-coord,0.627925
6-coord,0.674112
6-coord,0.654539
6-coord,0.580549
6-coord,0.558249
6-coord,0.566896
6-coord,0.507368
6-coord,0.696664
6-coord,0.666891
6-coord,0.635423
6-coord,0.706783
6-coord,0.639912
6-coord,0.745538
6-coord,0.705497
6-coord,0.66771
6-coord,0.590405
6-coord,0.635785
6-coord,0.61653
6-coord,0.654822
6-coord,0.736932
6-coord,0.439671
6-coord,0.536582
6-coord,0.579988
6-coord,0.651152
6-coord,0.632525
6-coord,0.485788
6-coord,0.665832
6-coord,0.704189
6-coord,0.705514
6-coord,0.552841
6-coord,0.74506
6-coord,0.693355
6-coord,0.607063
6-coord,0.518961
6-coord,0.679997
6-coord,0.601057
6-coord,0.708395
6-coord,0.542999
6-coord,0.344079
6-coord,0.540311
6-coord,0.560706
6-coord,0.738714
6-coord,0.551123
6-coord,0.665951
6-coord,0.594066
6-coord,0.527323
6-coord,0.351411
6-coord,0.633736
6-coord,0.551513
6-coord,0.701331
6-coord,0.667689
6-coord,0.705348
6-coord,0.696279
6-coord,0.702768
6-coord,0.616547
6-coord,0.53075
6-coord,0.716709
6-coord,0.482951
6-coord,0.660325
6-coord,0.712675
6-coord,0.602083
6-coord,0.613992
6-coord,0.659502
6-coord,0.641357
6-coord,0.487918
6-coord,0.735288
6-coord,0.613468
6-coord,0.652632
6-coord,0.68274
6-coord,0.68169
6-coord,0.691263
6-coord,0.528307
6-coord,0.659932
6-coord,0.652878
6-coord,0.626263
6-coord,0.613682
6-coord,0.48421
6-coord,0.634668
6-coord,0.601384
6-coord,0.67462
6-coord,0.642333
6-coord,0.537143
6-coord,0.509093
6-coord,0.687422
6-coord,0.467316
6-coord,0.687087
6-coord,0.45972
6-coord,0.725789
6-coord,0.499851
6-coord,0.588677
6-coord,0.500861
6-coord,0.627736
6-coord,0.534074
6-coord,0.570309
6-coord,0.509685
6-coord,0.753979
6-coord,0.644142
6-coord,0.529042
6-coord,0.55056
6-coord,0.535009
6-coord,0.601642
6-coord,0.494748
6-coord,0.57046
6-coord,0.728941
6-coord,0.503098
6-coord,0.655101
6-coord,0.7219
6-coord,0.540301
6-coord,0.731414
6-coord,0.519209
6-coord,0.719047
6-coord,0.712714
6-coord,0.517666
6-coord,0.596837
6-coord,0.484502
6-coord,0.458878
6-coord,0.730641
6-coord,0.699467
6-coord,0.595769
6-coord,0.472339
6-coord,0.707352
6-coord,0.402817
6-coord,0.202469
6-coord,0.353278
6-coord,0.511763
6-coord,0.637304
6-coord,0.613498
6-coord,0.603687
6-coord,0.385745
6-coord,0.714498
6-coord,0.542307
6-coord,0.499688
6-coord,0.463564
6-coord,0.651168
6-coord,0.652963
6-coord,0.598466
6-coord,0.74
6-coord,0.556209
6-coord,0.686116
6-coord,0.697976
6-coord,0.74905
6-coord,0.447759
6-coord,0.591886
6-coord,0.686723
6-coord,0.634727
6-coord,0.60342
6-coord,0.632588
6-coord,0.588586
6-coord,0.583525
6-coord,0.634173
6-coord,0.577533
6-coord,0.520683
6-coord,0.637203
6-coord,0.528407
6-coord,0.675713
6-coord,0.497385
6-coord,0.574744
6-coord,0.533037
6-coord,0.614704
6-coord,0.733211
6-coord,0.52124
6-coord,0.285183
6-coord,0.46074
6-coord,0.368423
6-coord,0.503956
6-coord,0.687035
6-coord,0.562841
6-coord,0.652793
6-coord,0.465112
6-coord,0.721812
6-coord,0.648078
6-coord,0.279976
6-coord,0.730036
6-coord,0.513444
6-coord,0.64036
6-coord,0.423454
6-coord,0.460349
6-coord,0.570025
6-coord,0.528392
6-coord,0.456239
6-coord,0.527995
6-coord,0.705626
6-coord,0.671399
6-coord,0.626038
6-coord,0.505071
6-coord,0.572005
6-coord,0.636436
6-coord,0.595996
6-coord,0.721385
6-coord,0.566069
6-coord,0.484322
6-coord,0.502188
6-coord,0.565371
6-coord,0.56255
6-coord,0.551673
6-coord,0.672942
6-coord,0.596371
6-coord,0.426279
6-coord,0.675968
6-coord,0.681715
6-coord,0.473483
6-coord,0.363643
6-coord,0.444936
6-coord,0.438999
6-coord,0.403508
6-coord,0.723308
6-coord,0.734613
6-coord,0.581791
6-coord,0.58063
6-coord,0.318339
6-coord,0.418988
6-coord,0.641027
6-coord,0.598473
6-coord,0.707748
6-coord,0.594787
6-coord,0.615771
6-coord,0.660052
6-coord,0.730495
6-coord,0.461747
6-coord,0.562369
6-coord,0.546613
6-coord,0.754286
6-coord,0.269415
6-coord,0.604581
6-coord,0.674685
6-coord,0.64242
6-coord,0.593007
6-coord,0.596488
6-coord,0.641117
6-coord,0.67687
6-coord,0.672395
6-coord,0.55043
6-coord,0.682113
6-coord,0.531557
6-coord,0.459909
6-coord,0.293662
6-coord,0.634523
6-coord,0.714787
6-coord,0.281437
6-coord,0.739391
6-coord,0.455618
6-coord,0.710314
6-coord,0.459804
6-coord,0.529494
6-coord,0.510885
6-coord,0.29284
6-coord,0.475677
6-coord,0.717441
6-coord,0.539854
6-coord,0.658211
6-coord,0.586827
6-coord,0.295676
6-coord,0.631639
6-coord,0.511114
6-coord,0.702322
6-coord,0.607386
6-coord,0.596348
6-coord,0.61783
6-coord,0.404275
6-coord,0.687733
6-coord,0.626562
6-coord,0.448324
6-coord,0.736343
6-coord,0.616128
6-coord,0.548819
6-coord,0.559645
6-coord,0.523877
6-coord,0.742587
6-coord,0.642589
6-coord,0.738052
6-coord,0.697344
6-coord,0.698974
6-coord,0.510869
6-coord,0.579341
6-coord,0.442867
6-coord,0.592653
6-coord,0.460004
6-coord,0.541055
6-coord,0.556004
6-coord,0.330882
6-coord,0.687741
6-coord,0.659606
6-coord,0.693885
6-coord,0.573915
6-coord,0.619713
6-coord,0.707976
6-coord,0.685619
6-coord,0.532692
6-coord,0.40813
6-coord,0.584745
6-coord,0.567217
6-coord,0.740895
6-coord,0.655653
6-coord,0.299103
6-coord,0.695119
6-coord,0.650242
6-coord,0.528542
6-coord,0.547761
6-coord,0.720444
6-coord,0.735067
6-coord,0.660227
6-coord,0.519021
6-coord,0.682424
6-coord,0.689473
6-coord,0.650853
6-coord,0.588076
6-coord,0.585499
6-coord,0.724716
6-coord,0.351738
6-coord,0.382542
6-coord,0.427686
6-coord,0.729773
6-coord,0.65344
6-coord,0.252509
6-coord,0.506607
6-coord,0.516795
6-coord,0.526612
6-coord,0.414946
6-coord,0.292131
6-coord,0.441028
6-coord,0.587381
6-coord,0.214942
6-coord,0.697126
6-coord,0.723068
6-coord,0.641248
6-coord,0.607473
6-coord,0.525093
6-coord,0.547399
6-coord,0.465717
6-coord,0.521728
6-coord,0.442976
6-coord,0.629348
6-coord,0.731299
6-coord,0.630433
6-coord,0.702099
6-coord,0.745222
6-coord,0.643381
6-coord,0.741875
6-coord,0.641146
6-coord,0.716542
6-coord,0.548661
6-coord,0.327537
6-coord,0.722258
6-coord,0.505538
6-coord,0.402443
6-coord,0.535045
6-coord,0.684653
6-coord,0.48162
6-coord,0.405805
6-coord,0.329915
6-coord,0.501335
6-coord,0.369014
6-coord,0.59091
6-coord,0.309607
6-coord,0.367314
6-coord,0.465147
6-coord,0.357942
6-coord,0.47024
6-coord,0.409212
6-coord,0.507519
6-coord,0.451418
6-coord,0.472406
6-coord,0.528626
6-coord,0.712414
6-coord,0.533798
6-coord,0.668483
6-coord,0.675326
6-coord,0.501112
6-coord,0.345405
6-coord,0.447151
6-coord,0.531722
6-coord,0.68694
6-coord,0.534713
6-coord,0.702082
6-coord,0.398907
6-coord,0.607981
6-coord,0.632503
6-coord,0.728345
6-coord,0.626888
6-coord,0.595171
6-coord,0.466455
6-coord,0.476236
6-coord,0.507972
6-coord,0.580897
6-coord,0.236309
6-coord,0.482335
6-coord,0.29501
6-coord,0.546866
6-coord,0.582226
6-coord,0.717503
6-coord,0.477714
6-coord,0.442521
6-coord,0.733098
6-coord,0.459826
6-coord,0.503377
6-coord,0.574179
6-coord,0.725387
6-coord,0.655663
6-coord,0.442484
6-coord,0.415821
6-coord,0.646796
6-coord,0.583482
6-coord,0.725866
6-coord,0.223994
6-coord,0.514094
6-coord,0.584793
6-coord,0.53081
6-coord,0.456417
6-coord,0.574204
6-coord,0.624108
6-coord,0.587596
6-coord,0.525503
6-coord,0.576091
6-coord,0.589361
6-coord,0.614943
6-coord,0.386694
6-coord,0.539972
6-coord,0.540532
6-coord,0.6364
6-coord,0.749036
6-coord,0.642367
6-coord,0.568512
6-coord,0.743408
6-coord,0.460988
6-coord,0.688524
6-coord,0.376924
6-coord,0.499217
6-coord,0.593028
6-coord,0.554342
6-coord,0.615825
6-coord,0.500682
6-coord,0.714189
6-coord,0.376019
6-coord,0.60206
6-coord,0.511305
6-coord,0.736159
6-coord,0.640413
6-coord,0.591526
6-coord,0.596935
6-coord,0.660745
6-coord,0.493185
6-coord,0.636215
6-coord,0.615751
6-coord,0.618232
6-coord,0.66979
6-coord,0.680778
6-coord,0.66981
6-coord,0.485993
6-coord,0.556487
6-coord,0.737815
6-coord,0.55394
6-coord,0.603067
6-coord,0.699698
6-coord,0.548528
6-coord,0.346891
6-coord,0.562924
6-coord,0.565415
6-coord,0.416299
6-coord,0.564532
6-coord,0.543216
6-coord,0.597819
6-coord,0.401318
6-coord,0.554862
6-coord,0.54869
6-coord,0.611159
6-coord,0.663143
6-coord,0.614697
6-coord,0.642837
6-coord,0.680606
6-coord,0.591931
6-coord,0.699616
6-coord,0.690632
6-coord,0.650937
6-coord,0.698559
6-coord,0.746999
6-coord,0.694456
6-coord,0.665069
6-coord,0.602332
6-coord,0.542926
6-coord,0.609819
6-coord,0.606655
6-coord,0.480917
6-coord,0.557307
6-coord,0.508197
6-coord,0.74243
6-coord,0.488687
6-coord,0.597739
6-coord,0.752107
6-coord,0.613674
6-coord,0.615879
6-coord,0.65336
6-coord,0.570543
6-coord,0.700119
6-coord,0.745733
6-coord,0.726635
6-coord,0.646538
6-coord,0.669696
6-coord,0.753
6-coord,0.629279
6-coord,0.608134
6-coord,0.710275
6-coord,0.729867
6-coord,0.470615
6-coord,0.639633
6-coord,0.482455
6-coord,0.659703
6-coord,0.63219
6-coord,0.548189
6-coord,0.631497
6-coord,0.411693
6-coord,0.492496
6-coord,0.601829
6-coord,0.48899
6-coord,0.58515
6-coord,0.450202
6-coord,0.359886
6-coord,0.633632
6-coord,0.295642
6-coord,0.726682
6-coord,0.688618
6-coord,0.692275
6-coord,0.723829
6-coord,0.48091
6-coord,0.628497
6-coord,0.534401
6-coord,0.678264
6-coord,0.744169
6-coord,0.621301
6-coord,0.51544
6-coord,0.591881
6-coord,0.462894
6-coord,0.619682
6-coord,0.733568
6-coord,0.541935
6-coord,0.716838
6-coord,0.559652
6-coord,0.617955
6-coord,0.499065
6-coord,0.516956
6-coord,0.512042
6-coord,0.557596
6-coord,0.731566
6-coord,0.623403
6-coord,0.662374
6-coord,0.50062
6-coord,0.659561
6-coord,0.496939
6-coord,0.115595
6-coord,0.561748
6-coord,0.403436
6-coord,0.41853
6-coord,0.586706
6-coord,0.337698
6-coord,0.462526
6-coord,0.567478
6-coord,0.229447
6-coord,0.453721
6-coord,0.338144
6-coord,0.75166
6-coord,0.530153
6-coord,0.570639
6-coord,0.440383
6-coord,0.626616
6-coord,0.607183
6-coord,0.689407
6-coord,0.580356
6-coord,0.638383
6-coord,0.578288
6-coord,0.639198
6-coord,0.676615
6-coord,0.728061
6-coord,0.342275
6-coord,0.626039
6-coord,0.570291
6-coord,0.533667
6-coord,0.729194
6-coord,0.514818
6-coord,0.673659
6-coord,0.711314
6-coord,0.470856
6-coord,0.478537
6-coord,0.594331
6-coord,0.591174
6-coord,0.451337
6-coord,0.711912
6-coord,0.412628
6-coord,0.706901
6-coord,0.642767
6-coord,0.364953
6-coord,0.119582
6-coord,0.394105
6-coord,0.725047
6-coord,0.551722
6-coord,0.446423
6-coord,0.643793
6-coord,0.382953
6-coord,0.476837
6-coord,0.626893
6-coord,0.63437
6-coord,0.440899
6-coord,0.328732
6-coord,0.623642
6-coord,0.684906
6-coord,0.645932
6-coord,0.516003
6-coord,0.457181
6-coord,0.382328
6-coord,0.448584
6-coord,0.620252
6-coord,0.616595
6-coord,0.363703
6-coord,0.627488
6-coord,0.429671
6-coord,0.553709
6-coord,0.659924
6-coord,0.508622
6-coord,0.54072
6-coord,0.522981
6-coord,0.194653
6-coord,0.365391
6-coord,0.195358
6-coord,0.641416
6-coord,0.259807
6-coord,0.239092
6-coord,0.609161
6-coord,0.754501
6-coord,0.53892
6-coord,0.310815
6-coord,0.518163
6-coord,0.657708
6-coord,0.524444
6-coord,0.516788
6-coord,0.529478
6-coord,0.653079
6-coord,0.603309
6-coord,0.573975
6-coord,0.4803
6-coord,0.378545
6-coord,0.666921
6-coord,0.64967
6-coord,0.415364
6-coord,0.688621
6-coord,0.667067
6-coord,0.611082
6-coord,0.421986
6-coord,0.701028
6-coord,0.600571
6-coord,0.618349
6-coord,0.377823
6-coord,0.747099
6-coord,0.618463
6-coord,0.645253
6-coord,0.633907
6-coord,0.666231
6-coord,0.61016
6-coord,0.454255
6-coord,0.675456
6-coord,0.753666
6-coord,0.380383
6-coord,0.239182
6-coord,0.560082
6-coord,0.386702
6-coord,0.52708
6-coord,0.691749
6-coord,0.746572
6-coord,0.611555
6-coord,0.463777
6-coord,0.28864
6-coord,0.491101
6-coord,0.270346
6-coord,0.647013
6-coord,0.67328
6-coord,0.422471
6-coord,0.683832
6-coord,0.429116
6-coord,0.55005
6-coord,0.222103
6-coord,0.643649
6-coord,0.668382
6-coord,0.55108
6-coord,0.504242
6-coord,0.413928
6-coord,0.514136
6-coord,0.743891
6-coord,0.686602
6-coord,0.573052
6-coord,0.577103
6-coord,0.440427
6-coord,0.697363
6-coord,0.578594
6-coord,0.493614
6-coord,0.495903
6-coord,0.345571
6-coord,0.685438
6-coord,0.659662
6-coord,0.661233
6-coord,0.660907
6-coord,0.664731
6-coord,0.637587
6-coord,0.551806
6-coord,0.646154
6-coord,0.373079
6-coord,0.540361
6-coord,0.647353
6-coord,0.546783
6-coord,0.751053
6-coord,0.332425
6-coord,0.576925
6-coord,0.340111
6-coord,0.601822
6-coord,0.556462
6-coord,0.551327
6-coord,0.707482
6-coord,0.5603
6-coord,0.690696
6-coord,0.41765
6-coord,0.561525
6-coord,0.65559
6-coord,0.433546
6-coord,0.519033
6-coord,0.675589
6-coord,0.644221
6-coord,0.640979
6-coord,0.61633
6-coord,0.632778
6-coord,0.733768
6-coord,0.448812
6-coord,0.403409
6-coord,0.539678
6-coord,0.644553
6-coord,0.636592
6-coord,0.638721
6-coord,0.544504
6-coord,0.498722
6-coord,0.268458
6-coord,0.521749
6-coord,0.396567
6-coord,0.744856
6-coord,0.382996
6-coord,0.746338
6-coord,0.599315
6-coord,0.651182
6-coord,0.543472
6-coord,0.709099
6-coord,0.669358
6-coord,0.54659
6-coord,0.690401
6-coord,0.690194
6-coord,0.66881
6-coord,0.378123
6-coord,0.5739
6-coord,0.750627
6-coord,0.567786
6-coord,0.572935
6-coord,0.557688
6-coord,0.726533
6-coord,0.633624
6-coord,0.724358
6-coord,0.648893
6-coord,0.674614
6-coord,0.633887
6-coord,0.713597
6-coord,0.341234
6-coord,0.660776
6-coord,0.583421
6-coord,0.610173
6-coord,0.720412
6-coord,0.710816
6-coord,0.608096
6-coord,0.601097
6-coord,0.697175
6-coord,0.599217
6-coord,0.608415
6-coord,0.547164
6-coord,0.6974
6-coord,0.676351
6-coord,0.521574
6-coord,0.580005
6-coord,0.540945
6-coord,0.640357
6-coord,0.584422
6-coord,0.723522
6-coord,0.685816
6-coord,0.710679
6-coord,0.595881
6-coord,0.738192
6-coord,0.692691
6-coord,0.462928
6-coord,0.45567
6-coord,0.462272
6-coord,0.544146
6-coord,0.666765
6-coord,0.549564
6-coord,0.646085
6-coord,0.543548
6-coord,0.701561
6-coord,0.722561
6-coord,0.191831
6-coord,0.565866
6-coord,0.503637
6-coord,0.404715
6-coord,0.622111
6-coord,0.736875
6-coord,0.647614
6-coord,0.681826
6-coord,0.254518
6-coord,0.401476
6-coord,0.580738
6-coord,0.41052
6-coord,0.376319
6-coord,0.724837
6-coord,0.659031
6-coord,0.715307
6-coord,0.436509
6-coord,0.382745
6-coord,0.666662
6-coord,0.432839
6-coord,0.648295
6-coord,0.525555
6-coord,0.751441
6-coord,0.292646
6-coord,0.552812
6-coord,0.572999
6-coord,0.630228
6-coord,0.375556
6-coord,0.52742
6-coord,0.516207
6-coord,0.546575
6-coord,0.580054
6-coord,0.535903
6-coord,0.514745
6-coord,0.676855
6-coord,0.495087
6-coord,0.558074
6-coord,0.654885
6-coord,0.590216
6-coord,0.526802
6-coord,0.752454
6-coord,0.343114
6-coord,0.704225
6-coord,0.436065
6-coord,0.569803
6-coord,0.56243
6-coord,0.704544
6-coord,0.642812
6-coord,0.433962
6-coord,0.568286
6-coord,0.597479
6-coord,0.467527
6-coord,0.636197
6-coord,0.608302
6-coord,0.63638
6-coord,0.286266
6-coord,0.298978
6-coord,0.636306
6-coord,0.663762
6-coord,0.724535
6-coord,0.597861
6-coord,0.477422
6-coord,0.317744
6-coord,0.455311
6-coord,0.341686
6-coord,0.486856
6-coord,0.543326
6-coord,0.495236
6-coord,0.555449
6-coord,0.342098
6-coord,0.640229
6-coord,0.510751
6-coord,0.270371
6-coord,0.732958
6-coord,0.338887
6-coord,0.51554
6-coord,0.325171
6-coord,0.649773
6-coord,0.600878
6-coord,0.210095
6-coord,0.464944
6-coord,0.246654
6-coord,0.468642
6-coord,0.569733
6-coord,0.675818
6-coord,0.608221
6-coord,0.402002
6-coord,0.732004
6-coord,0.318165
6-coord,0.415438
6-coord,0.573053
6-coord,0.293082
6-coord,0.753049
6-coord,0.670789
6-coord,0.27036
6-coord,0.658311
6-coord,0.738466
6-coord,0.470708
6-coord,0.645525
6-coord,0.330745
6-coord,0.699825
6-coord,0.662817
6-coord,0.500634
6-coord,0.548899
6-coord,0.712836
6-coord,0.633168
6-coord,0.630909
6-coord,0.593246
6-coord,0.738529
6-coord,0.506161
6-coord,0.731115
6-coord,0.582089
6-coord,0.681799
6-coord,0.706249
6-coord,0.341147
6-coord,0.260026
6-coord,0.593048
6-coord,0.485898
6-coord,0.588991
6-coord,0.478407
6-coord,0.36798
6-coord,0.431289
6-coord,0.450532
6-coord,0.27707
6-coord,0.564962
6-coord,0.323147
6-coord,0.49292
6-coord,0.550766
6-coord,0.433992
6-coord,0.399558
6-coord,0.265079
6-coord,0.321679
6-coord,0.524459
6-coord,0.403934
6-coord,0.427175
6-coord,0.328325
6-coord,0.339952
6-coord,0.697718
6-coord,0.156856
6-coord,0.417589
6-coord,0.369707
6-coord,0.749062
6-coord,0.187868
6-coord,0.712208
6-coord,0.569423
6-coord,0.565697
6-coord,0.525899
6-coord,0.354728
6-coord,0.464044
6-coord,0.550975
6-coord,0.494733
6-coord,0.239947
6-coord,0.520742
6-coord,0.402535
6-coord,0.444569
6-coord,0.433751
6-coord,0.256597
6-coord,0.569751
6-coord,0.554968
6-coord,0.225964
6-coord,0.342118
6-coord,0.215464
6-coord,0.510124
6-coord,0.222362
6-coord,0.668066
6-coord,0.41265
6-coord,0.622056
6-coord,0.290542
6-coord,0.605972
6-coord,0.680899
6-coord,0.566097
6-coord,0.370234
6-coord,0.48522
6-coord,0.519057
6-coord,0.382031
6-coord,0.737002
6-coord,0.33853
6-coord,0.417065
6-coord,0.332384
6-coord,0.377781
6-coord,0.523807
6-coord,0.731132
6-coord,0.522219
6-coord,0.552135
6-coord,0.702227
6-coord,0.652539
6-coord,0.461452
6-coord,0.482179
6-coord,0.656926
6-coord,0.638756
6-coord,0.590489
6-coord,0.378654
6-coord,0.454343
6-coord,0.557523
6-coord,0.642814
6-coord,0.512147
6-coord,0.436504
6-coord,0.494114
6-coord,0.31178
6-coord,0.390368
6-coord,0.372009
6-coord,0.330651
6-coord,0.566902
6-coord,0.484909
6-coord,0.68991
6-coord,0.147013
6-coord,0.627389
6-coord,0.687314
6-coord,0.419442
6-coord,0.391535
6-coord,0.328447
6-coord,0.583608
6-coord,0.567186
6-coord,0.642093
6-coord,0.541772
6-coord,0.472714
6-coord,0.522278
6-coord,0.311271
6-coord,0.644957
6-coord,0.240552
6-coord,0.255828
6-coord,0.594382
6-coord,0.510137
6-coord,0.600249
6-coord,0.399467
6-coord,0.661121
6-coord,0.611758
6-coord,0.567916
6-coord,0.419361
6-coord,0.682946
6-coord,0.453388
6-coord,0.333656
6-coord,0.574089
6-coord,0.538976
6-coord,0.331185
6-coord,0.342807
6-coord,0.664303
6-coord,0.263664
6-coord,0.688758
6-coord,0.453683
6-coord,0.476351
6-coord,0.610835
6-coord,0.491368
6-coord,0.634676
6-coord,0.414225
6-coord,0.43041
6-coord,0.452492
6-coord,0.568202
6-coord,0.407584
6-coord,0.413558
6-coord,0.477118
6-coord,0.245181
6-coord,0.736271
6-coord,0.593864
6-coord,0.578873
6-coord,0.412916
6-coord,0.421074
6-coord,0.730446
6-coord,0.420414
6-coord,0.497123
6-coord,0.555817
6-coord,0.513391
6-coord,0.297727
6-coord,0.708498
6-coord,0.47431
6-coord,0.724305
6-coord,0.533671
6-coord,0.58972
6-coord,0.629228
6-coord,0.644892
6-coord,0.621633
6-coord,0.628134
6-coord,0.281386
6-coord,0.426445
6-coord,0.545967
6-coord,0.396318
6-coord,0.595937
6-coord,0.575614
6-coord,0.26903
6-coord,0.53226
6-coord,0.617436
6-coord,0.615189
6-coord,0.392701
6-coord,0.381296
6-coord,0.516372
6-coord,0.497301
6-coord,0.543934
6-coord,0.559149
6-coord,0.538626
6-coord,0.340334
6-coord,0.606716
6-coord,0.639703
6-coord,0.36554
6-coord,0.377888
6-coord,0.429418
6-coord,0.542323
6-coord,0.362473
6-coord,0.410172
6-coord,0.396039
6-coord,0.710619
6-coord,0.345311
6-coord,0.641922
6-coord,0.56255
6-coord,0.136123
6-coord,0.62569
6-coord,0.461352
6-coord,0.635067
6-coord,0.628521
6-coord,0.354947
6-coord,0.441911
6-coord,0.630847
6-coord,0.738933
6-coord,0.524466
6-coord,0.283114
6-coord,0.504168
6-coord,0.410751
6-coord,0.357965
6-coord,0.459921
6-coord,0.514905
6-coord,0.642713
6-coord,0.49684
6-coord,0.242118
6-coord,0.442917
6-coord,0.591581
6-coord,0.49724
6-coord,0.272401
6-coord,0.601828
6-coord,0.507292
6-coord,0.444578
6-coord,0.444929
6-coord,0.690665
6-coord,0.725154
6-coord,0.666737
6-coord,0.570526
6-coord,0.618908
6-coord,0.682475
6-coord,0.4827
6-coord,0.362917
6-coord,0.661393
6-coord,0.683262
6-coord,0.60108
6-coord,0.390152
6-coord,0.724123
6-coord,0.566546
6-coord,0.621666
6-coord,0.699275
6-coord,0.661218
6-coord,0.400765
6-coord,0.534043
6-coord,0.631065
6-coord,0.457408
6-coord,0.35114
6-coord,0.186374
6-coord,0.470591
6-coord,0.639154
6-coord,0.697669
6-coord,0.672878
6-coord,0.306645
6-coord,0.236328
6-coord,0.415022
6-coord,0.331816
6-coord,0.329205
6-coord,0.685133
6-coord,0.49641
6-coord,0.498469
6-coord,0.288885
6-coord,0.526875
6-coord,0.584348
6-coord,0.724228
6-coord,0.530178
6-coord,0.496517
6-coord,0.515
6-coord,0.503931
6-coord,0.562411
6-coord,0.568422
6-coord,0.333337
6-coord,0.435904
6-coord,0.632158
6-coord,0.2811
6-coord,0.518245
6-coord,0.550063
6-coord,0.425923
6-coord,0.404328
6-coord,0.459487
6-coord,0.293737
6-coord,0.503181
6-coord,0.674985
6-coord,0.394234
6-coord,0.1992
6-coord,0.511634
6-coord,0.645503
6-coord,0.749896
6-coord,0.696272
6-coord,0.744978
6-coord,0.474168
6-coord,0.585534
6-coord,0.57667
6-coord,0.723395
6-coord,0.65619
6-coord,0.695215
6-coord,0.506035
6-coord,0.607023
6-coord,0.685655
6-coord,0.673554
6-coord,0.671033
6-coord,0.477531
6-coord,0.506512
6-coord,0.47337
6-coord,0.599284
6-coord,0.581355
6-coord,0.55381
6-coord,0.587077
6-coord,0.536076
6-coord,0.703111
6-coord,0.724918
6-coord,0.492332
6-coord,0.552422
6-coord,0.672235
6-coord,0.696704
6-coord,0.655185
6-coord,0.724853
6-coord,0.478196
6-coord,0.681498
6-coord,0.46666
6-coord,0.183927
6-coord,0.326111
6-coord,0.33887
6-coord,0.483796
6-coord,0.550189
6-coord,0.538917
6-coord,0.425939
6-coord,0.622209
6-coord,0.443311
6-coord,0.388502
6-coord,0.456851
6-coord,0.410773
6-coord,0.540123
6-coord,0.313441
6-coord,0.484613
6-coord,0.40282
6-coord,0.549921
6-coord,0.446433
6-coord,0.667566
6-coord,0.318647
6-coord,0.113446
6-coord,0.419982
6-coord,0.558241
6-coord,0.529876
6-coord,0.377798
6-coord,0.574166
6-coord,0.364597
6-coord,0.289678
6-coord,0.361651
6-coord,0.330882
6-coord,0.708476
6-coord,0.728028
6-coord,0.463297
6-coord,0.435755
6-coord,0.612813
6-coord,0.499719
6-coord,0.351066
6-coord,0.582662
6-coord,0.279316
6-coord,0.64286
6-coord,0.620308
6-coord,0.702116
6-coord,0.730891
6-coord,0.733844
6-coord,0.655665
6-coord,0.489527
6-coord,0.715948
6-coord,0.472394
6-coord,0.633988
6-coord,0.728447
6-coord,0.727022
6-coord,0.287578
6-coord,0.530186
6-coord,0.713689
6-coord,0.570539
6-coord,0.472157
6-coord,0.559929
6-coord,0.580879
6-coord,0.389645
6-coord,0.642159
6-coord,0.309258
6-coord,0.609916
6-coord,0.45052
6-coord,0.500571
6-coord,0.485837
6-coord,0.498168
6-coord,0.683684
6-coord,0.606651
6-coord,0.443616
6-coord,0.427825
6-coord,0.649957
6-coord,0.601036
6-coord,0.678529
6-coord,0.356805
6-coord,0.408819
6-coord,0.689886
6-coord,0.612835
6-coord,0.330396
6-coord,0.571997
6-coord,0.524939
6-coord,0.25701
6-coord,0.485886
6-coord,0.521969
6-coord,0.452308
6-coord,0.215372
6-coord,0.471703
6-coord,0.56553
6-coord,0.420574
6-coord,0.487212
6-coord,0.546103
6-coord,0.54033
6-coord,0.41522
6-coord,0.3835
6-coord,0.358949
6-coord,0.491586
6-coord,0.674522
6-coord,0.550757
6-coord,0.401921
6-coord,0.512938
6-coord,0.206413
6-coord,0.58157
6-coord,0.598206
6-coord,0.246514
6-coord,0.344855
6-coord,0.595034
6-coord,0.500888
6-coord,0.637352
6-coord,0.584051
6-coord,0.625409
6-coord,0.669509
6-coord,0.446292
6-coord,0.742414
6-coord,0.560871
6-coord,0.625645
6-coord,0.367713
6-coord,0.696463
6-coord,0.659494
6-coord,0.550718
6-coord,0.490144
6-coord,0.639345
6-coord,0.674377
6-coord,0.708667
6-coord,0.666801
6-coord,0.407206
6-coord,0.709257
6-coord,0.688466
6-coord,0.61378
6-coord,0.48598
6-coord,0.36848
6-coord,0.567159
6-coord,0.628983
6-coord,0.470441
6-coord,0.747647
6-coord,0.7345
6-coord,0.399025
6-coord,0.729469
6-coord,0.639418
6-coord,0.564686
6-coord,0.667318
6-coord,0.597835
6-coord,0.196733
6-coord,0.390752
6-coord,0.40664
6-coord,0.328936
6-coord,0.507789
6-coord,0.359786
6-coord,0.275228
6-coord,0.226755
6-coord,0.192449
6-coord,0.468302
6-coord,0.437736
6-coord,0.589461
6-coord,0.479224
6-coord,0.421306
6-coord,0.195451
6-coord,0.427035
6-coord,0.741986
6-coord,0.483633
6-coord,0.233229
6-coord,0.605561
6-coord,0.440707
6-coord,0.355404
6-coord,0.606096
6-coord,0.638404
6-coord,0.635431
6-coord,0.34348
6-coord,0.549069
6-coord,0.42453
6-coord,0.396555
6-coord,0.383807
6-coord,0.352463
6-coord,0.474397
6-coord,0.682958
6-coord,0.420685
6-coord,0.264492
6-coord,0.369705
6-coord,0.156843
6-coord,0.250713
6-coord,0.184876
6-coord,0.732159
6-coord,0.691012
6-coord,0.521772
6-coord,0.677285
6-coord,0.619298
6-coord,0.337923
6-coord,0.619239
6-coord,0.483246
6-coord,0.489598
6-coord,0.610211
6-coord,0.650622
6-coord,0.62126
6-coord,0.69483
6-coord,0.587301
6-coord,0.678968
6-coord,0.688037
6-coord,0.576866
6-coord,0.6486
6-coord,0.513233
6-coord,0.692472
6-coord,0.348112
6-coord,0.258891
6-coord,0.699319
6-coord,0.416075
6-coord,0.412939
6-coord,0.417705
6-coord,0.375259
6-coord,0.640577
6-coord,0.479175
6-coord,0.491588
6-coord,0.568675
6-coord,0.398464
6-coord,0.603029
6-coord,0.374968
6-coord,0.526117
6-coord,0.519339
6-coord,0.579474
6-coord,0.516107
6-coord,0.41293
6-coord,0.190592
6-coord,0.46824
6-coord,0.469199
6-coord,0.702224
6-coord,0.351806
6-coord,0.420266
6-coord,0.239862
6-coord,0.55253
6-coord,0.133135
6-coord,0.404618
6-coord,0.574597
6-coord,0.580724
6-coord,0.209291
6-coord,0.534323
6-coord,0.411929
6-coord,0.633334
6-coord,0.450063
6-coord,0.527749
6-coord,0.32515
6-coord,0.600104
6-coord,0.360552
6-coord,0.184301
6-coord,0.730265
6-coord,0.547376
6-coord,0.583195
6-coord,0.451008
6-coord,0.49367
6-coord,0.63321
6-coord,0.199765
6-coord,0.549962
6-coord,0.407427
6-coord,0.549914
6-coord,0.742015
6-coord,0.578699
6-coord,0.651706
6-coord,0.659351
6-coord,0.661103
6-coord,0.527385
6-coord,0.647787
6-coord,0.255858
6-coord,0.239462
6-coord,0.706594
6-coord,0.546344
6-coord,0.624631
6-coord,0.63592
6-coord,0.515416
6-coord,0.67795
6-coord,0.40251
6-coord,0.411559
6-coord,0.679217
6-coord,0.656364
6-coord,0.430519
6-coord,0.492472
6-coord,0.641777
6-coord,0.494889
6-coord,0.366142
6-coord,0.217869
6-coord,0.486021
6-coord,0.331671
6-coord,0.484739
6-coord,0.42053
6-coord,0.445953
6-coord,0.666561
6-coord,0.379903
6-coord,0.345729
6-coord,0.527364
6-coord,0.688439
6-coord,0.711465
6-coord,0.355555
6-coord,0.361477
6-coord,0.542021
6-coord,0.449119
6-coord,0.507957
6-coord,0.459116
6-coord,0.463867
6-coord,0.409776
6-coord,0.598486
6-coord,0.617591
6-coord,0.589298
6-coord,0.60667
6-coord,0.285209
6-coord,0.738113
6-coord,0.230008
6-coord,0.504786
6-coord,0.550728
6-coord,0.521646
6-coord,0.647599
6-coord,0.506118
6-coord,0.490889
6-coord,0.619889
6-coord,0.368812
6-coord,0.414476
6-coord,0.424613
6-coord,0.360891
6-coord,0.61388
6-coord,0.621645
6-coord,0.342412
6-coord,0.559987
6-coord,0.745402
6-coord,0.511362
6-coord,0.341797
6-coord,0.531102
6-coord,0.456811
6-coord,0.386541
6-coord,0.347089
6-coord,0.495835
6-coord,0.552416
6-coord,0.368355
6-coord,0.409543
6-coord,0.660931
6-coord,0.606039
6-coord,0.691115
6-coord,0.668667
6-coord,0.690994
6-coord,0.681939
6-coord,0.639916
6-coord,0.486629
6-coord,0.387073
6-coord,0.28275
6-coord,0.618775
6-coord,0.722081
6-coord,0.251808
6-coord,0.468592
6-coord,0.654778
6-coord,0.643181
6-coord,0.489931
6-coord,0.72047
6-coord,0.608797
6-coord,0.464474
6-coord,0.398008
6-coord,0.519995
6-coord,0.593959
6-coord,0.402387
6-coord,0.609153
6-coord,0.602976
6-coord,0.291804
6-coord,0.424043
6-coord,0.642007
6-coord,0.492577
6-coord,0.59929
6-coord,0.67074
6-coord,0.736759
6-coord,0.60196
6-coord,0.600117
6-coord,0.586968
6-coord,0.699666
6-coord,0.592264
6-coord,0.70577
6-coord,0.546133
6-coord,0.669842
6-coord,0.521306
6-coord,0.619321
6-coord,0.434616
6-coord,0.593533
6-coord,0.620812
6-coord,0.21266
6-coord,0.370614
6-coord,0.477863
6-coord,0.606875
6-coord,0.221965
6-coord,0.345366
6-coord,0.371825
6-coord,0.391078
6-coord,0.415715
6-coord,0.753489
6-coord,0.222897
6-coord,0.602212
6-coord,0.616559
6-coord,0.302353
6-coord,0.322062
6-coord,0.426198
6-coord,0.559154
6-coord,0.348307
6-coord,0.429735
6-coord,0.538766
6-coord,0.715032
6-coord,0.496724
6-coord,0.577445
6-coord,0.36578
6-coord,0.451593
6-coord,0.271423
6-coord,0.543165
6-coord,0.359717
6-coord,0.40682
6-coord,0.381991
6-coord,0.383792
6-coord,0.573933
6-coord,0.648537
6-coord,0.543078
6-coord,0.427572
6-coord,0.667029
6-coord,0.730615
6-coord,0.738793
6-coord,0.445505
6-coord,0.718052
6-coord,0.712987
6-coord,0.539241
6-coord,0.415954
6-coord,0.418244
6-coord,0.288136
6-coord,0.616516
6-coord,0.592916
6-coord,0.239488
6-coord,0.238504
6-coord,0.697967
6-coord,0.49188
6-coord,0.648378
6-coord,0.458042
6-coord,0.537089
6-coord,0.732988
6-coord,0.457611
6-coord,0.688418
6-coord,0.656895
6-coord,0.506453
6-coord,0.615075
6-coord,0.697243
6-coord,0.526696
6-coord,0.493107
6-coord,0.443549
6-coord,0.643493
6-coord,0.632066
6-coord,0.443912
6-coord,0.653619
6-coord,0.649174
6-coord,0.614688
6-coord,0.525168
6-coord,0.580217
6-coord,0.399811
6-coord,0.615001
6-coord,0.403325
6-coord,0.3384
6-coord,0.477702
6-coord,0.509317
6-coord,0.325562
6-coord,0.347975
6-coord,0.445498
6-coord,0.567051
6-coord,0.224352
6-coord,0.392202
6-coord,0.468
6-coord,0.339442
6-coord,0.589763
6-coord,0.338003
6-coord,0.30046
6-coord,0.221628
6-coord,0.309376
6-coord,0.429694
6-coord,0.564579
6-coord,0.55194
6-coord,0.582003
6-coord,0.561852
6-coord,0.28865
6-coord,0.536701
6-coord,0.574733
6-coord,0.367565
6-coord,0.282757
6-coord,0.321849
6-coord,0.398015
6-coord,0.57744
6-coord,0.412569
6-coord,0.262648
6-coord,0.652514
6-coord,0.730679
6-coord,0.499505
6-coord,0.475426
6-coord,0.575939
6-coord,0.309508
6-coord,0.489999
6-coord,0.691018
6-coord,0.562917
6-coord,0.513851
6-coord,0.592667
6-coord,0.722087
6-coord,0.570985
6-coord,0.603795
6-coord,0.523999
6-coord,0.706839
6-coord,0.398412
6-coord,0.571136
6-coord,0.625564
6-coord,0.586669
6-coord,0.396991
6-coord,0.469709
6-coord,0.725239
6-coord,0.649134
6-coord,0.51569
6-coord,0.747365
6-coord,0.414022
6-coord,0.386368
6-coord,0.569694
6-coord,0.700934
6-coord,0.243846
6-coord,0.364116
6-coord,0.353204
6-coord,0.594535
6-coord,0.665333
6-coord,0.739481
6-coord,0.668532
6-coord,0.633979
6-coord,0.672224
6-coord,0.31684
6-coord,0.635718
6-coord,0.648278
6-coord,0.434994
6-coord,0.646968
6-coord,0.455278
6-coord,0.668734
6-coord,0.55554
6-coord,0.551852
6-coord,0.590297
6-coord,0.58448
6-coord,0.535235
6-coord,0.544611
6-coord,0.538092
6-coord,0.673522
6-coord,0.477778
6-coord,0.535974
6-coord,0.233545
6-coord,0.552141
6-coord,0.503951
6-coord,0.628783
6-coord,0.68304
6-coord,0.577047
6-coord,0.616219
6-coord,0.537577
6-coord,0.676638
6-coord,0.603652
6-coord,0.601953
6-coord,0.512986
6-coord,0.487053
6-coord,0.671875
6-coord,0.462985
6-coord,0.571536
6-coord,0.607052
6-coord,0.592209
6-coord,0.539223
6-coord,0.538087
6-coord,0.520712
6-coord,0.451916
6-coord,0.724501
6-coord,0.314097
6-coord,0.635798
6-coord,0.362256
6-coord,0.507737
6-coord,0.526671
6-coord,0.361247
6-coord,0.352153
6-coord,0.265852
6-coord,0.424924
6-coord,0.206429
6-coord,0.644149
6-coord,0.519971
6-coord,0.371722
6-coord,0.300258
6-coord,0.603025
6-coord,0.514603
6-coord,0.607232
6-coord,0.494466
6-coord,0.566558
6-coord,0.547258
6-coord,0.309526
6-coord,0.512175
6-coord,0.578073
6-coord,0.526175
6-coord,0.599367
6-coord,0.313484
6-coord,0.440704
6-coord,0.366307
6-coord,0.685914
6-coord,0.281111
6-coord,0.644482
6-coord,0.384549
6-coord,0.119387
6-coord,0.499139
6-coord,0.503765
6-coord,0.41224
6-coord,0.679337
6-coord,0.489524
6-coord,0.604787
6-coord,0.428307
6-coord,0.290151
6-coord,0.661135
6-coord,0.655768
6-coord,0.555569
6-coord,0.502955
6-coord,0.550442
6-coord,0.57468
6-coord,0.739535
6-coord,0.582667
6-coord,0.691322
6-coord,0.51519
6-coord,0.550634
6-coord,0.492172
6-coord,0.437217
6-coord,0.628328
6-coord,0.371655
6-coord,0.567821
6-coord,0.717662
6-coord,0.626314
6-coord,0.570833
6-coord,0.457535
6-coord,0.530749
6-coord,0.605621
6-coord,0.589297
6-coord,0.625525
6-coord,0.686234
6-coord,0.589805
6-coord,0.248013
6-coord,0.729441
6-coord,0.693702
6-coord,0.703148
6-coord,0.474724
6-coord,0.559599
6-coord,0.282212
6-coord,0.615225
6-coord,0.590814
6-coord,0.504197
6-coord,0.426111
6-coord,0.250802
6-coord,0.357397
6-coord,0.545255
6-coord,0.72658
6-coord,0.570275
6-coord,0.478934
6-coord,0.674
6-coord,0.425348
6-coord,0.648448
6-coord,0.409359
6-coord,0.50921
6-coord,0.44897
6-coord,0.508232
6-coord,0.566107
6-coord,0.475255
6-coord,0.551424
6-coord,0.14854
6-coord,0.56172
6-coord,0.112239
6-coord,0.414419
6-coord,0.398524
6-coord,0.637721
6-coord,0.518969
6-coord,0.45624
6-coord,0.35342
6-coord,0.486058
6-coord,0.410614
6-coord,0.528848
6-coord,0.223341
6-coord,0.543932
6-coord,0.636126
6-coord,0.463029
6-coord,0.133087
6-coord,0.46891
6-coord,0.387613
6-coord,0.621525
6-coord,0.094061
6-coord,0.588856
6-coord,0.589391
6-coord,0.361751
6-coord,0.591368
6-coord,0.696392
6-coord,0.654033
6-coord,0.444241
6-coord,0.451723
6-coord,0.489679
6-coord,0.628817
6-coord,0.695098
6-coord,0.451043
6-coord,0.575938
6-coord,0.754142
6-coord,0.722223
6-coord,0.456986
6-coord,0.681337
6-coord,0.458871
6-coord,0.546509
6-coord,0.648509
6-coord,0.431385
6-coord,0.693985
6-coord,0.671501
6-coord,0.69417
6-coord,0.744819
6-coord,0.673215
6-coord,0.649367
6-coord,0.650648
6-coord,0.699316
6-coord,0.639608
6-coord,0.683286
6-coord,0.628241
6-coord,0.539743
6-coord,0.621404
6-coord,0.677995
6-coord,0.594358
6-coord,0.410205
6-coord,0.702428
6-coord,0.577585
6-coord,0.322032
6-coord,0.285579
6-coord,0.391233
6-coord,0.158783
6-coord,0.522837
6-coord,0.32592
6-coord,0.727993
6-coord,0.545879
6-coord,0.438872
6-coord,0.475887
6-coord,0.489548
6-coord,0.606829
6-coord,0.60748
6-coord,0.512255
6-coord,0.579372
6-coord,0.565505
6-coord,0.187031
6-coord,0.397318
6-coord,0.636146
6-coord,0.681772
6-coord,0.574541
6-coord,0.548495
6-coord,0.315056
6-coord,0.511512
6-coord,0.374344
6-coord,0.505719
6-coord,0.275234
6-coord,0.495958
6-coord,0.527314
6-coord,0.499712
6-coord,0.368481
6-coord,0.646273
6-coord,0.682919
6-coord,0.603744
6-coord,0.522352
6-coord,0.703116
6-coord,0.634517
6-coord,0.608303
6-coord,0.437886
6-coord,0.666676
6-coord,0.389768
6-coord,0.491093
6-coord,0.742371
6-coord,0.721791
6-coord,0.418155
6-coord,0.473439
6-coord,0.472222
6-coord,0.744907
6-coord,0.677447
6-coord,0.593442
6-coord,0.686904
6-coord,0.465367
6-coord,0.638683
6-coord,0.729585
6-coord,0.527128
6-coord,0.605014
6-coord,0.525466
6-coord,0.604862
6-coord,0.544768
6-coord,0.122649
6-coord,0.34028
6-coord,0.627397
6-coord,0.545399
6-coord,0.441894
6-coord,0.373653
6-coord,0.477513
6-coord,0.628067
6-coord,0.736157
6-coord,0.745819
6-coord,0.487951
6-coord,0.329381
6-coord,0.491754
6-coord,0.754172
6-coord,0.664415
6-coord,0.700348
6-coord,0.29404
6-coord,0.438451
6-coord,0.420851
6-coord,0.739338
6-coord,0.713662
6-coord,0.479187
6-coord,0.342459
6-coord,0.453216
6-coord,0.572269
6-coord,0.231267
6-coord,0.274982
6-coord,0.518223
6-coord,0.519745
6-coord,0.378047
6-coord,0.228982
6-coord,0.577324
6-coord,0.689572
6-coord,0.669094
6-coord,0.63389
6-coord,0.64884
6-coord,0.557172
6-coord,0.52449
6-coord,0.689176
6-coord,0.434431
6-coord,0.640972
6-coord,0.483054
6-coord,0.122441
6-coord,0.446422
6-coord,0.374631
6-coord,0.524535
6-coord,0.303095
6-coord,0.637731
6-coord,0.655097
6-coord,0.680068
6-coord,0.71804
6-coord,0.73928
6-coord,0.554293
6-coord,0.593342
6-coord,0.705219
6-coord,0.709978
6-coord,0.549411
6-coord,0.501994
6-coord,0.724059
6-coord,0.683544
6-coord,0.594692
6-coord,0.474755
6-coord,0.631371
6-coord,0.754493
6-coord,0.532332
6-coord,0.720533
6-coord,0.579177
6-coord,0.469669
6-coord,0.553337
6-coord,0.662004
6-coord,0.431871
6-coord,0.453028
6-coord,0.691652
6-coord,0.349441
6-coord,0.507612
6-coord,0.724503
6-coord,0.443745
6-coord,0.420563
6-coord,0.493278
6-coord,0.515646
6-coord,0.300482
6-coord,0.484486
6-coord,0.501759
6-coord,0.592471
6-coord,0.544276
6-coord,0.582013
6-coord,0.681739
6-coord,0.477093
6-coord,0.535462
6-coord,0.730678
6-coord,0.567845
6-coord,0.429854
6-coord,0.510179
6-coord,0.535164
6-coord,0.323342
6-coord,0.388319
6-coord,0.315628
6-coord,0.566832
6-coord,0.535573
6-coord,0.681762
6-coord,0.364577
6-coord,0.4106
6-coord,0.604212
6-coord,0.552601
6-coord,0.41355
6-coord,0.464046
6-coord,0.649562
6-coord,0.280727
6-coord,0.506455
6-coord,0.620833
6-coord,0.722401
6-coord,0.52199
6-coord,0.563441
6-coord,0.569022
6-coord,0.709088
6-coord,0.565352
6-coord,0.491042
6-coord,0.698942
6-coord,0.630374
6-coord,0.57979
6-coord,0.45107
6-coord,0.502129
6-coord,0.504383
6-coord,0.522227
6-coord,0.650492
6-coord,0.361728
6-coord,0.510205
6-coord,0.623808
6-coord,0.660078
6-coord,0.552926
6-coord,0.705323
6-coord,0.630393
6-coord,0.538267
6-coord,0.74333
6-coord,0.66357
6-coord,0.618831
6-coord,0.481405
6-coord,0.640457
6-coord,0.608843
6-coord,0.678908
6-coord,0.44427
6-coord,0.687884
6-coord,0.596568
6-coord,0.361803
6-coord,0.333722
6-coord,0.418831
6-coord,0.440564
6-coord,0.629927
6-coord,0.417857
6-coord,0.556045
6-coord,0.685884
6-coord,0.39926
6-coord,0.35459
6-coord,0.506018
6-coord,0.400667
6-coord,0.744368
6-coord,0.498701
6-coord,0.202282
6-coord,0.714421
6-coord,0.697395
6-coord,0.476186
6-coord,0.338827
6-coord,0.598272
6-coord,0.334733
6-coord,0.499404
6-coord,0.572081
6-coord,0.666589
6-coord,0.222665
6-coord,0.486063
6-coord,0.239541
6-coord,0.256027
6-coord,0.378281
6-coord,0.255589
6-coord,0.256677
6-coord,0.519014
6-coord,0.550166
6-coord,0.534241
6-coord,0.488406
6-coord,0.534922
6-coord,0.358419
6-coord,0.233944
6-coord,0.405858
6-coord,0.557522
6-coord,0.51798
6-coord,0.723869
6-coord,0.554874
6-coord,0.598462
6-coord,0.578519
6-coord,0.339547
6-coord,0.51757
6-coord,0.670291
6-coord,0.542554
6-coord,0.539209
6-coord,0.564143
6-coord,0.53037
6-coord,0.654355
6-coord,0.641504
6-coord,0.606002
6-coord,0.734968
6-coord,0.594775
6-coord,0.692127
6-coord,0.623393
6-coord,0.66771
6-coord,0.385429
6-coord,0.721666
6-coord,0.277361
6-coord,0.665719
6-coord,0.530668
6-coord,0.242405
6-coord,0.35859
6-coord,0.361125
6-coord,0.620568
6-coord,0.268928
6-coord,0.403832
6-coord,0.42174
6-coord,0.428115
6-coord,0.663855
6-coord,0.491821
6-coord,0.293809
6-coord,0.663409
6-coord,0.362793
6-coord,0.534673
6-coord,0.371808
6-coord,0.614571
6-coord,0.410459
6-coord,0.467416
6-coord,0.392186
6-coord,0.440388
6-coord,0.325679
6-coord,0.579713
6-coord,0.682199
6-coord,0.311513
6-coord,0.358528
6-coord,0.432923
6-coord,0.510825
6-coord,0.639103
6-coord,0.528255
6-coord,0.448181
6-coord,0.377296
6-coord,0.371867
6-coord,0.378396
6-coord,0.140143
6-coord,0.602031
6-coord,0.551799
6-coord,0.754537
6-coord,0.684661
6-coord,0.448598
6-coord,0.689727
6-coord,0.636167
6-coord,0.70182
6-coord,0.613567
6-coord,0.620811
6-coord,0.479006
6-coord,0.646614
6-coord,0.724743
6-coord,0.567329
6-coord,0.733482
6-coord,0.68023
6-coord,0.731098
6-coord,0.532204
6-coord,0.645925
6-coord,0.456809
6-coord,0.485277
6-coord,0.419708
6-coord,0.364417
6-coord,0.415143
6-coord,0.339136
6-coord,0.627261
6-coord,0.181147
6-coord,0.464906
6-coord,0.748688
6-coord,0.390357
6-coord,0.620489
6-coord,0.209098
6-coord,0.452625
6-coord,0.509003
6-coord,0.612057
6-coord,0.656114
6-coord,0.570294
6-coord,0.223873
6-coord,0.7326
6-coord,0.51864
6-coord,0.409013
6-coord,0.693999
6-coord,0.410023
6-coord,0.735887
6-coord,0.097572
6-coord,0.421351
6-coord,0.540247
6-coord,0.459124
6-coord,0.353013
6-coord,0.265405
6-coord,0.452412
6-coord,0.635453
6-coord,0.539663
6-coord,0.332679
6-coord,0.657373
6-coord,0.561386
6-coord,0.58797
6-coord,0.434456
6-coord,0.247351
6-coord,0.597861
6-coord,0.359994
6-coord,0.521808
6-coord,0.677495
6-coord,0.525961
6-coord,0.662715
6-coord,0.746146
6-coord,0.338924
6-coord,0.744742
6-coord,0.605195
6-coord,0.683601
6-coord,0.721166
6-coord,0.682065
6-coord,0.565652
6-coord,0.53106
6-coord,0.497571
6-coord,0.590483
6-coord,0.596927
6-coord,0.740172
6-coord,0.646731
6-coord,0.58213
6-coord,0.68017
6-coord,0.71587
6-coord,0.717249
6-coord,0.57651
6-coord,0.449833
6-coord,0.41601
6-coord,0.292903
6-coord,0.640962
6-coord,0.511331
6-coord,0.613145
6-coord,0.545492
6-coord,0.648974
6-coord,0.372271
6-coord,0.497293
6-coord,0.577042
6-coord,0.579277
6-coord,0.707549
6-coord,0.479599
6-coord,0.674365
6-coord,0.51462
6-coord,0.463653
6-coord,0.735658
6-coord,0.496787
6-coord,0.407142
6-coord,0.436328
6-coord,0.387355
6-coord,0.592931
6-coord,0.396043
6-coord,0.482683
6-coord,0.301326
6-coord,0.550737
6-coord,0.512621
6-coord,0.404348
6-coord,0.544585
6-coord,0.523716
6-coord,0.512978
6-coord,0.344298
6-coord,0.260778
6-coord,0.544909
6-coord,0.650916
6-coord,0.631544
6-coord,0.468747
6-coord,0.625759
6-coord,0.738221
6-coord,0.58432
6-coord,0.606632
6-coord,0.354484
6-coord,0.533802
6-coord,0.617017
6-coord,0.553524
6-coord,0.685106
6-coord,0.643556
6-coord,0.747414
6-coord,0.45752
6-coord,0.672762
6-coord,0.610305
6-coord,0.741822
6-coord,0.719918
6-coord,0.437886
6-coord,0.676463
6-coord,0.154324
6-coord,0.753936
6-coord,0.640087
6-coord,0.612411
6-coord,0.182745
6-coord,0.607793
6-coord,0.416751
6-coord,0.454326
6-coord,0.562796
6-coord,0.534011
6-coord,0.461759
6-coord,0.328914
6-coord,0.493192
6-coord,0.699338
6-coord,0.513894
6-coord,0.52324
6-coord,0.616292
6-coord,0.650302
6-coord,0.584557
6-coord,0.737832
6-coord,0.530007
6-coord,0.415172
6-coord,0.712629
6-coord,0.450543
6-coord,0.528086
6-coord,0.627964
6-coord,0.648573
6-coord,0.451305
6-coord,0.347323
6-coord,0.337063
6-coord,0.076888
6-coord,0.497535
6-coord,0.662543
6-coord,0.645158
6-coord,0.584063
6-coord,0.690955
6-coord,0.491219
6-coord,0.34766
6-coord,0.510636
6-coord,0.617375
6-coord,0.636435
6-coord,0.396547
6-coord,0.651621
6-coord,0.691601
6-coord,0.72205
6-coord,0.693874
6-coord,0.366453
6-coord,0.620967
6-coord,0.573872
6-coord,0.519841
6-coord,0.712037
6-coord,0.569989
6-coord,0.672675
6-coord,0.668377
6-coord,0.745457
6-coord,0.503296
6-coord,0.694298
6-coord,0.641677
6-coord,0.615619
6-coord,0.730347
6-coord,0.638934
6-coord,0.669551
6-coord,0.698329
6-coord,0.678313
6-coord,0.398049
6-coord,0.641191
6-coord,0.497181
6-coord,0.283577
6-coord,0.424059
6-coord,0.428659
6-coord,0.68351
6-coord,0.742524
6-coord,0.726458
6-coord,0.685837
6-coord,0.386345
6-coord,0.742705
6-coord,0.645089
6-coord,0.638135
6-coord,0.279944
6-coord,0.554092
6-coord,0.456053
6-coord,0.445353
6-coord,0.739726
6-coord,0.722715
6-coord,0.271161
6-coord,0.703823
6-coord,0.296924
6-coord,0.528695
6-coord,0.677409
6-coord,0.424897
6-coord,0.34774
6-coord,0.605819
6-coord,0.729803
6-coord,0.531802
6-coord,0.72299
6-coord,0.391327
6-coord,0.645044
6-coord,0.504721
6-coord,0.411474
6-coord,0.720983
6-coord,0.570511
6-coord,0.661933
6-coord,0.561093
6-coord,0.696854
6-coord,0.744434
6-coord,0.580541
6-coord,0.247026
6-coord,0.732
6-coord,0.592773
6-coord,0.735433
6-coord,0.740684
6-coord,0.539972
6-coord,0.654643
6-coord,0.737482
6-coord,0.695759
6-coord,0.4885
6-coord,0.596165
6-coord,0.665697
6-coord,0.680805
6-coord,0.657057
6-coord,0.597969
6-coord,0.632064
6-coord,0.683353
6-coord,0.448275
6-coord,0.367988
6-coord,0.718296
6-coord,0.521224
6-coord,0.581524
6-coord,0.508976
6-coord,0.453092
6-coord,0.434425
6-coord,0.663529
6-coord,0.752027
6-coord,0.489738
6-coord,0.412463
6-coord,0.570413
6-coord,0.712543
6-coord,0.24192
6-coord,0.658709
6-coord,0.329257
6-coord,0.31822
6-coord,0.392828
6-coord,0.536961
6-coord,0.311812
6-coord,0.627312
6-coord,0.618662
6-coord,0.62065
6-coord,0.627925
6-coord,0.604291
6-coord,0.541445
6-coord,0.473547
6-coord,0.689921
6-coord,0.611099
6-coord,0.58418
6-coord,0.699362
6-coord,0.738526
6-coord,0.752194
6-coord,0.68172
6-coord,0.648171
6-coord,0.589316
6-coord,0.702086
6-coord,0.639883
6-coord,0.289092
6-coord,0.472104
6-coord,0.497286
6-coord,0.723219
6-coord,0.666511
6-coord,0.677281
6-coord,0.740106
6-coord,0.534249
6-coord,0.331283
6-coord,0.475419
6-coord,0.373161
6-coord,0.395675
6-coord,0.473318
6-coord,0.503608
6-coord,0.652703
6-coord,0.453169
6-coord,0.489553
6-coord,0.342902
6-coord,0.75112
6-coord,0.537356
6-coord,0.704401
6-coord,0.354739
6-coord,0.51421
6-coord,0.644688
6-coord,0.600995
6-coord,0.568117
6-coord,0.218106
6-coord,0.396115
6-coord,0.394279
6-coord,0.466261
6-coord,0.468428
6-coord,0.394053
6-coord,0.553524
6-coord,0.255602
6-coord,0.676743
6-coord,0.147606
6-coord,0.563286
6-coord,0.499873
6-coord,0.390579
6-coord,0.555739
6-coord,0.657964
6-coord,0.690799
6-coord,0.653725
6-coord,0.536508
6-coord,0.489188
6-coord,0.639211
6-coord,0.579887
6-coord,0.638688
6-coord,0.689667
6-coord,0.422763
6-coord,0.252478
6-coord,0.176249
6-coord,0.638661
6-coord,0.57632
6-coord,0.703045
6-coord,0.630395
6-coord,0.704283
6-coord,0.580453
6-coord,0.729522
6-coord,0.745205
6-coord,0.563391
6-coord,0.748147
6-coord,0.566667
6-coord,0.652506
6-coord,0.594254
6-coord,0.664547
6-coord,0.425756
6-coord,0.572527
6-coord,0.729628
6-coord,0.519784
6-coord,0.739451
6-coord,0.579995
6-coord,0.358961
6-coord,0.581096
6-coord,0.489671
6-coord,0.541124
6-coord,0.522412
6-coord,0.566984
6-coord,0.495757
6-coord,0.271265
6-coord,0.4367
6-coord,0.247636
6-coord,0.444871
6-coord,0.645686
6-coord,0.320639
6-coord,0.317045
6-coord,0.466199
6-coord,0.638488
6-coord,0.594124
6-coord,0.334018
6-coord,0.347041
6-coord,0.465892
6-coord,0.507342
6-coord,0.680492
6-coord,0.349191
6-coord,0.639998
6-coord,0.577681
6-coord,0.585946
6-coord,0.39325
6-coord,0.373159
6-coord,0.626346
6-coord,0.156495
6-coord,0.281712
6-coord,0.421499
6-coord,0.553694
6-coord,0.452597
6-coord,0.325438
6-coord,0.639773
6-coord,0.748978
6-coord,0.568839
6-coord,0.541668
6-coord,0.695415
6-coord,0.616197
6-coord,0.716839
6-coord,0.470051
6-coord,0.424235
6-coord,0.625729
6-coord,0.619736
6-coord,0.613068
6-coord,0.539864
6-coord,0.365084
6-coord,0.522057
6-coord,0.659201
6-coord,0.645022
6-coord,0.518945
6-coord,0.330263
6-coord,0.472141
6-coord,0.565317
6-coord,0.331303
6-coord,0.445975
6-coord,0.242687
6-coord,0.698406
6-coord,0.441397
6-coord,0.416111
6-coord,0.58341
6-coord,0.398679
6-coord,0.329034
6-coord,0.499942
6-coord,0.418617
6-coord,0.375034
6-coord,0.657933
6-coord,0.399793
6-coord,0.486421
6-coord,0.459043
6-coord,0.485749
6-coord,0.531848
6-coord,0.32578
6-coord,0.704672
6-coord,0.676703
6-coord,0.484134
6-coord,0.717665
6-coord,0.435009
6-coord,0.428312
6-coord,0.433865
6-coord,0.418814
6-coord,0.599842
6-coord,0.686957
6-coord,0.396821
6-coord,0.699145
6-coord,0.31857
6-coord,0.453809
6-coord,0.612053
6-coord,0.627861
6-coord,0.528772
6-coord,0.630108
6-coord,0.745269
6-coord,0.596893
6-coord,0.482065
6-coord,0.424643
6-coord,0.690968
6-coord,0.713183
6-coord,0.555032
6-coord,0.638895
6-coord,0.606898
6-coord,0.568217
6-coord,0.506147
6-coord,0.431522
6-coord,0.439102
6-coord,0.351452
6-coord,0.744997
6-coord,0.680883
6-coord,0.729758
6-coord,0.72258
6-coord,0.732691
6-coord,0.752015
6-coord,0.671805
6-coord,0.63875
6-coord,0.708797
6-coord,0.557499
6-coord,0.733775
6-coord,0.727512
6-coord,0.532635
6-coord,0.487957
6-coord,0.58132
6-coord,0.741848
6-coord,0.75112
6-coord,0.45084
6-coord,0.636122
6-coord,0.727478
6-coord,0.527591
6-coord,0.549065
6-coord,0.6006
6-coord,0.37698
6-coord,0.464978
6-coord,0.315121
6-coord,0.282184
6-coord,0.528083
6-coord,0.687248
6-coord,0.613203
6-coord,0.553348
6-coord,0.46917
6-coord,0.529038
6-coord,0.484814
6-coord,0.639697
6-coord,0.52766
6-coord,0.577083
6-coord,0.332053
6-coord,0.66196
6-coord,0.328066
6-coord,0.505481
6-coord,0.742366
6-coord,0.334612
6-coord,0.342995
6-coord,0.213186
6-coord,0.560236
6-coord,0.534898
6-coord,0.385539
6-coord,0.437005
6-coord,0.418756
6-coord,0.283231
6-coord,0.412162
6-coord,0.241352
6-coord,0.701394
6-coord,0.515552
6-coord,0.605624
6-coord,0.376588
6-coord,0.687355
6-coord,0.701362
6-coord,0.644281
6-coord,0.594787
6-coord,0.407748
6-coord,0.628741
6-coord,0.598823
6-coord,0.460059
6-coord,0.700204
6-coord,0.394016
6-coord,0.632545
6-coord,0.74659
6-coord,0.678106
6-coord,0.592311
6-coord,0.593862
6-coord,0.719141
6-coord,0.535382
6-coord,0.634727
6-coord,0.741279
6-coord,0.493766
6-coord,0.377112
6-coord,0.464512
6-coord,0.444448
6-coord,0.576565
6-coord,0.437312
6-coord,0.675821
6-coord,0.661934
6-coord,0.656879
6-coord,0.305679
6-coord,0.73792
6-coord,0.443886
6-coord,0.412545
6-coord,0.352178
6-coord,0.655158
6-coord,0.443872
6-coord,0.458882
6-coord,0.141634
6-coord,0.474577
6-coord,0.453709
6-coord,0.325789
6-coord,0.382916
6-coord,0.371584
6-coord,0.703141
6-coord,0.268153
6-coord,0.517025
6-coord,0.579476
6-coord,0.239143
6-coord,0.477939
6-coord,0.605298
6-coord,0.287595
6-coord,0.46585
6-coord,0.569601
6-coord,0.27529
6-coord,0.387443
6-coord,0.555458
6-coord,0.635278
6-coord,0.362627
6-coord,0.464312
6-coord,0.734722
6-coord,0.687715
6-coord,0.589806
6-coord,0.452267
6-coord,0.616385
6-coord,0.663849
6-coord,0.643225
6-coord,0.618216
6-coord,0.696232
6-coord,0.60926
6-coord,0.734853
6-coord,0.691179
6-coord,0.631173
6-coord,0.55224
6-coord,0.691487
6-coord,0.410875
6-coord,0.661075
6-coord,0.412776
6-coord,0.535432
6-coord,0.578396
6-coord,0.590474
6-coord,0.621408
6-coord,0.413696
6-coord,0.710222
6-coord,0.673997
6-coord,0.683157
6-coord,0.646374
6-coord,0.557785
6-coord,0.539297
6-coord,0.449082
6-coord,0.471052
6-coord,0.710792
6-coord,0.511834
6-coord,0.616411
6-coord,0.743701
6-coord,0.481881
6-coord,0.634433
6-coord,0.705389
6-coord,0.584391
6-coord,0.551163
6-coord,0.65735
6-coord,0.69281
6-coord,0.69903
6-coord,0.61029
6-coord,0.668178
6-coord,0.721405
6-coord,0.642575
6-coord,0.634399
6-coord,0.475599
6-coord,0.66039
6-coord,0.507862
6-coord,0.618371
6-coord,0.554554
6-coord,0.587653
6-coord,0.491944
6-coord,0.511413
6-coord,0.634742
6-coord,0.625667
6-coord,0.354863
6-coord,0.371754
6-coord,0.392705
6-coord,0.598387
6-coord,0.639661
6-coord,0.716018
6-coord,0.741712
6-coord,0.681826
6-coord,0.375211
6-coord,0.472281
6-coord,0.652039
6-coord,0.733034
6-coord,0.542392
6-coord,0.442146
6-coord,0.575552
6-coord,0.381019
6-coord,0.699195
6-coord,0.5836
6-coord,0.685585
6-coord,0.471748
6-coord,0.57234
6-coord,0.56384
6-coord,0.655855
6-coord,0.518672
6-coord,0.676525
6-coord,0.741106
6-coord,0.634959
6-coord,0.473794
6-coord,0.357488
6-coord,0.754426
6-coord,0.675298
6-coord,0.507976
6-coord,0.674016
6-coord,0.435012
6-coord,0.656094
6-coord,0.707975
6-coord,0.510222
6-coord,0.729044
6-coord,0.745772
6-coord,0.742229
6-coord,0.620072
6-coord,0.729789
6-coord,0.664806
6-coord,0.662573
6-coord,0.687686
6-coord,0.747937
6-coord,0.5375
6-coord,0.752516
6-coord,0.630344
6-coord,0.724098
6-coord,0.586382
6-coord,0.646509
6-coord,0.605629
6-coord,0.750174
6-coord,0.52947
6-coord,0.639337
6-coord,0.548061
6-coord,0.619155
6-coord,0.373416
6-coord,0.741117
6-coord,0.508172
6-coord,0.348691
6-coord,0.673429
6-coord,0.507394
6-coord,0.436923
6-coord,0.458152
6-coord,0.575131
6-coord,0.596483
6-coord,0.70527
6-coord,0.555938
6-coord,0.717593
6-coord,0.639434
6-coord,0.617055
6-coord,0.739515
6-coord,0.700925
6-coord,0.669121
6-coord,0.7262
6-coord,0.658116
6-coord,0.71934
6-coord,0.616897
6-coord,0.637704
6-coord,0.390138
6-coord,0.617076
6-coord,0.458817
6-coord,0.718369
6-coord,0.550217
6-coord,0.621129
6-coord,0.461362
6-coord,0.457642
6-coord,0.60849
6-coord,0.742986
6-coord,0.637801
6-coord,0.754913
6-coord,0.492627
6-coord,0.706303
6-coord,0.746785
6-coord,0.65018
6-coord,0.744231
6-coord,0.658897
6-coord,0.712376
6-coord,0.520939
6-coord,0.59735
6-coord,0.715397
6-coord,0.610178
6-coord,0.641269
6-coord,0.565253
6-coord,0.665868
6-coord,0.644099
6-coord,0.617814
6-coord,0.681306
6-coord,0.523821
6-coord,0.383165
6-coord,0.483661
6-coord,0.577426
6-coord,0.684426
6-coord,0.586199
6-coord,0.753879
6-coord,0.359399
6-coord,0.540811
6-coord,0.47966
6-coord,0.445469
6-coord,0.394211
6-coord,0.731346
6-coord,0.633543
6-coord,0.576968
6-coord,0.627443
6-coord,0.746063
6-coord,0.65596
6-coord,0.654142
6-coord,0.695464
6-coord,0.405415
6-coord,0.666333
6-coord,0.419103
6-coord,0.353321
6-coord,0.648589
6-coord,0.414193
6-coord,0.677499
6-coord,0.402492
6-coord,0.635394
6-coord,0.331445
6-coord,0.58459
6-coord,0.448731
6-coord,0.651719
6-coord,0.531501
6-coord,0.600909
6-coord,0.592216
6-coord,0.488488
6-coord,0.491804
6-coord,0.601863
6-coord,0.382754
6-coord,0.411304
6-coord,0.275716
6-coord,0.448083
6-coord,0.330318
6-coord,0.296737
6-coord,0.705432
6-coord,0.567725
6-coord,0.561565
6-coord,0.516983
6-coord,0.754721
6-coord,0.510163
6-coord,0.609399
6-coord,0.683267
6-coord,0.695326
6-coord,0.630983
6-coord,0.566447
6-coord,0.725275
6-coord,0.44064
6-coord,0.446138
6-coord,0.703167
6-coord,0.48698
6-coord,0.475806
6-coord,0.483989
6-coord,0.41929
6-coord,0.258453
6-coord,0.56322
6-coord,0.732153
6-coord,0.619589
6-coord,0.517774
6-coord,0.374854
6-coord,0.557909
6-coord,0.561714
6-coord,0.432636
6-coord,0.617141
6-coord,0.544646
6-coord,0.63357
6-coord,0.461418
6-coord,0.571302
6-coord,0.494037
6-coord,0.410152
6-coord,0.689745
6-coord,0.584881
6-coord,0.595965
6-coord,0.479439
6-coord,0.367508
6-coord,0.300932
6-coord,0.665471
6-coord,0.570632
6-coord,0.469507
6-coord,0.638434
6-coord,0.595545
6-coord,0.650157
6-coord,0.595476
6-coord,0.618396
6-coord,0.555188
6-coord,0.567641
6-coord,0.170913
6-coord,0.558158
6-coord,0.534378
6-coord,0.559484
6-coord,0.672365
6-coord,0.609519
6-coord,0.576367
6-coord,0.339695
6-coord,0.551738
6-coord,0.447986
6-coord,0.682726
6-coord,0.409289
6-coord,0.476354
6-coord,0.724144
6-coord,0.472245
6-coord,0.469648
6-coord,0.516439
6-coord,0.600741
6-coord,0.566161
6-coord,0.224345
6-coord,0.445371
6-coord,0.664538
6-coord,0.348563
6-coord,0.441831
6-coord,0.634153
6-coord,0.307395
6-coord,0.397033
6-coord,0.655446
6-coord,0.706445
6-coord,0.497788
6-coord,0.669307
6-coord,0.66299
6-coord,0.700682
6-coord,0.439391
6-coord,0.682155
6-coord,0.469297
6-coord,0.614029
6-coord,0.745997
6-coord,0.621273
6-coord,0.698337
6-coord,0.73896
6-coord,0.677645
6-coord,0.71438
6-coord,0.287434
6-coord,0.607068
6-coord,0.297019
6-coord,0.453859
6-coord,0.48216
6-coord,0.750388
6-coord,0.487786
6-coord,0.45988
6-coord,0.501496
6-coord,0.627995
6-coord,0.573291
6-coord,0.488774
6-coord,0.644905
6-coord,0.414466
6-coord,0.56348
6-coord,0.753116
6-coord,0.689718
6-coord,0.630724
6-coord,0.664285
6-coord,0.543679
6-coord,0.458749
6-coord,0.480824
6-coord,0.449678
6-coord,0.510109
6-coord,0.624925
6-coord,0.684459
6-coord,0.720727
6-coord,0.647011
6-coord,0.606312
6-coord,0.554893
6-coord,0.700041
6-coord,0.67637
6-coord,0.571946
6-coord,0.457193
6-coord,0.611676
6-coord,0.660328
6-coord,0.568369
6-coord,0.483084
6-coord,0.717198
6-coord,0.427497
6-coord,0.696895
6-coord,0.690665
6-coord,0.609365
6-coord,0.529029
6-coord,0.745863
6-coord,0.738033
6-coord,0.513729
6-coord,0.588022
6-coord,0.484298
6-coord,0.662488
6-coord,0.741368
6-coord,0.645593
6-coord,0.635386
6-coord,0.573268
6-coord,0.511977
6-coord,0.588104
6-coord,0.471095
6-coord,0.605247
6-coord,0.587484
6-coord,0.524847
6-coord,0.493455
6-coord,0.672598
6-coord,0.344716
6-coord,0.70791
6-coord,0.608674
6-coord,0.435722
6-coord,0.473357
6-coord,0.375887
6-coord,0.625746
6-coord,0.701593
6-coord,0.717954
6-coord,0.714979
6-coord,0.63794
6-coord,0.506319
6-coord,0.704574
6-coord,0.752963
6-coord,0.705365
6-coord,0.610917
6-coord,0.487596
6-coord,0.579787
6-coord,0.55918
6-coord,0.392369
6-coord,0.600458
6-coord,0.647667
6-coord,0.614509
6-coord,0.584922
6-coord,0.510153
6-coord,0.513961
6-coord,0.593131
6-coord,0.413918
6-coord,0.320784
6-coord,0.669661
6-coord,0.635563
6-coord,0.751993
6-coord,0.646197
6-coord,0.740307
6-coord,0.513767
6-coord,0.62563
6-coord,0.710082
6-coord,0.434954
6-coord,0.697889
6-coord,0.621918
6-coord,0.578062
6-coord,0.752653
6-coord,0.640752
6-coord,0.51212
6-coord,0.663625
6-coord,0.622693
6-coord,0.414239
6-coord,0.612517
6-coord,0.691598
6-coord,0.574466
6-coord,0.358352
6-coord,0.679385
6-coord,0.557754
6-coord,0.40664
6-coord,0.614224
6-coord,0.441725
6-coord,0.440224
6-coord,0.659394
6-coord,0.629362
6-coord,0.607902
6-coord,0.747684
6-coord,0.566387
6-coord,0.634578
6-coord,0.627564
6-coord,0.694428
6-coord,0.653544
6-coord,0.677477
6-coord,0.638915
6-coord,0.721119
6-coord,0.732816
6-coord,0.590991
6-coord,0.387709
6-coord,0.564381
6-coord,0.632072
6-coord,0.357499
6-coord,0.347319
6-coord,0.503625
6-coord,0.597034
6-coord,0.541046
6-coord,0.380562
6-coord,0.479732
6-coord,0.535888
6-coord,0.563879
6-coord,0.645192
6-coord,0.742915
6-coord,0.625124
6-coord,0.546986
6-coord,0.488379
6-coord,0.752847
6-coord,0.58292
6-coord,0.566935
6-coord,0.458859
6-coord,0.5171
6-coord,0.676049
6-coord,0.43544
6-coord,0.662196
6-coord,0.566191
6-coord,0.387744
6-coord,0.311171
6-coord,0.632846
6-coord,0.622331
6-coord,0.495759
6-coord,0.657041
6-coord,0.63663
6-coord,0.568473
6-coord,0.541802
6-coord,0.546765
6-coord,0.428694
6-coord,0.664186
6-coord,0.739238
6-coord,0.65386
6-coord,0.424956
6-coord,0.583506
6-coord,0.510737
6-coord,0.564908
6-coord,0.365672
6-coord,0.592312
6-coord,0.429776
6-coord,0.70659
6-coord,0.583103
6-coord,0.607296
6-coord,0.742075
6-coord,0.628402
6-coord,0.525891
6-coord,0.550432
6-coord,0.721281
6-coord,0.554307
6-coord,0.73824
6-coord,0.578678
6-coord,0.328252
6-coord,0.69055
6-coord,0.466348
6-coord,0.504357
6-coord,0.742433
6-coord,0.594413
6-coord,0.630082
6-coord,0.721309
6-coord,0.648843
6-coord,0.556146
6-coord,0.526221
6-coord,0.383081
6-coord,0.708212
6-coord,0.636352
6-coord,0.555694
6-coord,0.562806
6-coord,0.413297
6-coord,0.292783
6-coord,0.696218
6-coord,0.641565
6-coord,0.61044
6-coord,0.461102
6-coord,0.404163
6-coord,0.657557
6-coord,0.669623
6-coord,0.376525
6-coord,0.594727
6-coord,0.619911
6-coord,0.663435
6-coord,0.692799
6-coord,0.478079
6-coord,0.547422
6-coord,0.601719
6-coord,0.530136
6-coord,0.545943
6-coord,0.702806
6-coord,0.680074
6-coord,0.627196
6-coord,0.339631
6-coord,0.589632
6-coord,0.497655
6-coord,0.382904
6-coord,0.708445
6-coord,0.497512
6-coord,0.451155
6-coord,0.453912
6-coord,0.571092
6-coord,0.336502
