site_type,distance_angstrom
FCC,0.442534
FCC,0.20334
FCC,0.389623
FCC,0.320137
FCC,0.375357
FCC,0.413498
FCC,0.29445
FCC,0.368679
FCC,0.432163
FCC,0.505008
FCC,0.359437
FCC,0.287276
FCC,0.454145
FCC,0.469918
FCC,0.48836
FCC,0.371045
FCC,0.54126
FCC,0.472194
FCC,0.375326
FCC,0.546376
FCC,0.488193
FCC,0.555988
FCC,0.395982
FCC,0.50775
FCC,0.343757
FCC,0.43951
FCC,0.325796
FCC,0.436634
FCC,0.462525
FCC,0.515515
FCC,0.635623
FCC,0.547834
FCC,0.471532
FCC,0.400137
FCC,0.345061
FCC,0.461371
FCC,0.315165
FCC,0.572404
FCC,0.505793
FCC,0.33931
FCC,0.501894
FCC,0.492554
FCC,0.544855
FCC,0.291545
FCC,0.304872
FCC,0.549222
FCC,0.384852
FCC,0.376142
FCC,0.526716
FCC,0.589704
FCC,0.384373
FCC,0.490634
FCC,0.503969
FCC,0.316085
FCC,0.342841
FCC,0.431044
FCC,0.509004
FCC,0.456419
FCC,0.379519
FCC,0.534574
FCC,0.424434
FCC,0.541416
FCC,0.517994
FCC,0.385712
FCC,0.399545
FCC,0.332282
FCC,0.550344
FCC,0.388928
FCC,0.478413
FCC,0.339006
FCC,0.288836
FCC,0.436853
FCC,0.332886
FCC,0.417671
FCC,0.445052
FCC,0.343871
FCC,0.355604
FCC,0.504289
FCC,0.373206
FCC,0.464518
FCC,0.511725
FCC,0.538078
FCC,0.623468
FCC,0.432473
FCC,0.560726
FCC,0.494438
FCC,0.382414
FCC,0.412924
FCC,0.527884
FCC,0.504014
FCC,0.472691
FCC,0.441351
FCC,0.347805
FCC,0.541259
FCC,0.40382
FCC,0.686062
FCC,0.516426
FCC,0.489807
FCC,0.239314
FCC,0.47904
FCC,0.399104
FCC,0.400927
FCC,0.611744
FCC,0.377143
FCC,0.543457
FCC,0.461698
FCC,0.47054
FCC,0.627611
FCC,0.529383
FCC,0.374441
FCC,0.543636
FCC,0.33764
FCC,0.735969
FCC,0.590589
FCC,0.421298
FCC,0.530097
FCC,0.46152
FCC,0.557459
FCC,0.59027
FCC,0.591636
FCC,0.436594
FCC,0.66263
FCC,0.430267
FCC,0.610032
FCC,0.349456
FCC,0.489626
FCC,0.526425
FCC,0.556291
FCC,0.420441
FCC,0.333155
FCC,0.567894
FCC,0.406117
FCC,0.390804
FCC,0.38507
FCC,0.53732
FCC,0.515935
FCC,0.532337
FCC,0.327686
FCC,0.38975
FCC,0.454704
FCC,0.446422
FCC,0.423794
FCC,0.576137
FCC,0.337957
FCC,0.659353
FCC,0.341923
FCC,0.367245
FCC,0.4919
FCC,0.151408
FCC,0.486501
FCC,0.546971
FCC,0.351348
FCC,0.564493
FCC,0.480307
FCC,0.384919
FCC,0.598679
FCC,0.414378
FCC,0.807259
FCC,0.491178
FCC,0.456901
FCC,0.372167
FCC,0.478544
FCC,0.289366
FCC,0.4617
FCC,0.445733
FCC,0.322708
FCC,0.420043
FCC,0.473214
FCC,0.394763
FCC,0.727253
FCC,0.534635
FCC,0.593698
FCC,0.587831
FCC,0.626332
FCC,0.604615
FCC,0.531426
FCC,0.564811
FCC,0.391698
FCC,0.506836
FCC,0.44897
FCC,0.380214
FCC,0.340881
FCC,0.616586
FCC,0.371491
FCC,0.396704
FCC,0.471237
FCC,0.446752
FCC,0.548446
FCC,0.548844
FCC,0.560827
FCC,0.490849
FCC,0.577314
FCC,0.376753
FCC,0.468761
FCC,0.49765
FCC,0.422478
FCC,0.864255
FCC,0.39942
FCC,0.516267
FCC,0.536523
FCC,0.300408
FCC,0.495635
FCC,0.528765
FCC,0.464265
FCC,0.602407
FCC,0.540845
FCC,0.473047
FCC,0.408481
FCC,0.434945
FCC,0.339885
FCC,0.45933
FCC,0.451913
FCC,0.48337
FCC,0.48653
FCC,0.32166
FCC,0.472817
FCC,0.423954
FCC,0.543785
FCC,0.396224
FCC,0.36515
FCC,0.648667
FCC,0.246218
FCC,0.58816
FCC,0.451152
FCC,0.444201
FCC,0.428961
FCC,0.430423
FCC,0.469811
FCC,0.233201
FCC,0.334826
FCC,0.399197
FCC,0.399463
FCC,0.640926
FCC,0.42337
FCC,0.291662
FCC,0.430057
FCC,0.18707
FCC,0.356938
FCC,0.435834
FCC,0.346607
FCC,0.377533
FCC,0.434735
FCC,0.271768
FCC,0.456113
FCC,0.349574
FCC,0.378806
FCC,0.417893
FCC,0.212973
FCC,0.335154
FCC,0.459188
FCC,0.311072
FCC,0.247387
FCC,0.451025
FCC,0.356874
FCC,0.432409
FCC,0.503603
FCC,0.515203
FCC,0.675132
FCC,0.291767
FCC,0.74815
FCC,0.392805
FCC,0.504286
FCC,0.373849
FCC,0.42583
FCC,0.382471
FCC,0.505504
FCC,0.46941
FCC,0.296419
FCC,0.602053
FCC,0.344888
FCC,0.508138
FCC,0.529888
FCC,0.396667
FCC,0.454621
FCC,0.583124
FCC,0.426198
FCC,0.414863
FCC,0.434072
FCC,0.429976
FCC,0.629933
FCC,0.210806
FCC,0.640847
FCC,0.604148
FCC,0.385193
FCC,0.398599
FCC,0.588566
FCC,0.408533
FCC,0.504134
FCC,0.59283
FCC,0.365451
FCC,0.554788
FCC,0.33154
FCC,0.480608
FCC,0.652261
FCC,0.50459
FCC,0.391746
FCC,0.724668
FCC,0.430955
FCC,0.258421
FCC,0.449441
FCC,0.611639
FCC,0.408782
FCC,0.531977
FCC,0.363952
FCC,0.342855
FCC,0.466668
FCC,0.452731
FCC,0.408539
FCC,0.481
FCC,0.58655
FCC,0.35195
FCC,0.650719
FCC,0.342564
FCC,0.59362
FCC,0.677556
FCC,0.384912
FCC,0.604226
FCC,0.786672
FCC,0.342385
FCC,0.453908
FCC,0.495136
FCC,0.396436
FCC,0.580492
FCC,0.245942
FCC,0.638243
FCC,0.428206
FCC,0.368362
FCC,0.419066
FCC,0.469442
FCC,0.288489
FCC,0.478009
FCC,0.119211
FCC,0.5262
FCC,0.455701
FCC,0.442572
FCC,0.312359
FCC,0.638834
FCC,0.23916
FCC,0.707264
FCC,0.472881
FCC,0.347235
FCC,0.471028
FCC,0.341742
FCC,0.42723
FCC,0.553779
FCC,0.642988
FCC,0.595221
FCC,0.603433
FCC,0.502403
FCC,0.585373
FCC,0.394341
FCC,0.430088
FCC,0.513913
FCC,0.427016
FCC,0.398651
FCC,0.372319
FCC,0.423129
FCC,0.554965
FCC,0.610407
FCC,0.43415
FCC,0.377866
FCC,0.300729
FCC,0.512372
FCC,0.623513
FCC,0.49611
FCC,0.421327
FCC,0.698909
FCC,0.296061
FCC,0.565728
FCC,0.530518
FCC,0.504333
FCC,0.392667
FCC,0.457317
FCC,0.324125
FCC,0.599406
FCC,0.370075
FCC,0.270273
FCC,0.540267
FCC,0.390021
FCC,0.402455
FCC,0.404739
FCC,0.389461
FCC,0.553625
FCC,0.277779
FCC,0.258856
FCC,0.440521
FCC,0.363834
FCC,0.506424
FCC,0.450575
FCC,0.399374
FCC,0.531757
FCC,0.433274
FCC,0.50499
FCC,0.232367
FCC,0.362941
FCC,0.556213
FCC,0.419451
FCC,0.316359
FCC,0.47698
FCC,0.382907
FCC,0.555559
FCC,0.33362
FCC,0.501296
FCC,0.41676
FCC,0.310474
FCC,0.531691
FCC,0.382294
FCC,0.40775
FCC,0.399574
FCC,0.287331
FCC,0.440016
FCC,0.353528
FCC,0.337762
FCC,0.563224
FCC,0.366745
FCC,0.418734
FCC,0.467956
FCC,0.447634
FCC,0.508247
FCC,0.475857
FCC,0.426053
FCC,0.497514
FCC,0.398975
FCC,0.374837
FCC,0.598755
FCC,0.436001
FCC,0.27185
FCC,0.576013
FCC,0.360476
FCC,0.417825
FCC,0.510183
FCC,0.374169
FCC,0.499358
FCC,0.411144
FCC,0.393279
FCC,0.518618
FCC,0.418879
FCC,0.378985
FCC,0.579333
FCC,0.384012
FCC,0.564571
FCC,0.502924
FCC,0.452395
FCC,0.416032
FCC,0.468088
FCC,0.482466
FCC,0.556777
FCC,0.305839
FCC,0.41968
FCC,0.53918
FCC,0.409249
FCC,0.642256
FCC,0.484009
FCC,0.308523
FCC,0.47913
FCC,0.360021
FCC,0.680301
FCC,0.646636
FCC,0.374518
FCC,0.42658
FCC,0.619697
FCC,0.503988
FCC,0.464132
FCC,0.453262
FCC,0.624274
FCC,0.492297
FCC,0.508226
FCC,0.53155
FCC,0.601223
FCC,0.427527
FCC,0.412733
FCC,0.558083
FCC,0.3911
FCC,0.476618
FCC,0.562952
FCC,0.529377
FCC,0.241082
FCC,0.628121
FCC,0.437701
FCC,0.44579
FCC,0.620839
FCC,0.484658
FCC,0.450477
FCC,0.587863
FCC,0.54666
FCC,0.591887
FCC,0.51599
FCC,0.293495
FCC,0.420177
FCC,0.613945
FCC,0.500555
FCC,0.595102
FCC,0.499612
FCC,0.410995
FCC,0.659221
FCC,0.337523
FCC,0.336233
FCC,0.586942
FCC,0.190591
FCC,0.369966
FCC,0.517188
FCC,0.43253
FCC,0.490345
FCC,0.490872
FCC,0.421981
FCC,0.421579
FCC,0.400473
FCC,0.337641
FCC,0.505268
FCC,0.512096
FCC,0.217803
FCC,0.509896
FCC,0.371915
FCC,0.597892
FCC,0.534844
FCC,0.341362
FCC,0.589734
FCC,0.408118
FCC,0.639408
FCC,0.55775
FCC,0.653201
FCC,0.54208
FCC,0.511332
FCC,0.443174
FCC,0.605634
FCC,0.44751
FCC,0.336194
FCC,0.425548
FCC,0.500971
FCC,0.426234
FCC,0.523813
FCC,0.40227
FCC,0.464555
FCC,0.458867
FCC,0.502248
FCC,0.357968
FCC,0.518709
FCC,0.57546
FCC,0.511515
FCC,0.29571
FCC,0.411975
FCC,0.511878
FCC,0.386768
FCC,0.378885
FCC,0.672358
FCC,0.573709
FCC,0.45964
FCC,0.539355
FCC,0.595566
FCC,0.315606
FCC,0.38941
FCC,0.39545
FCC,0.379001
FCC,0.37842
FCC,0.444812
FCC,0.46598
FCC,0.679149
FCC,0.216677
FCC,0.327309
FCC,0.605485
FCC,0.465825
FCC,0.453944
FCC,0.404334
FCC,0.524757
FCC,0.522441
FCC,0.275965
FCC,0.580796
FCC,0.318996
FCC,0.431324
FCC,0.511286
FCC,0.484653
FCC,0.551503
FCC,0.409874
FCC,0.338605
FCC,0.535399
FCC,0.285462
FCC,0.519055
FCC,0.498695
FCC,0.453058
FCC,0.459111
FCC,0.421283
FCC,0.42736
FCC,0.463864
FCC,0.558416
FCC,0.523139
FCC,0.59026
FCC,0.636495
FCC,0.587461
FCC,0.482395
FCC,0.474617
FCC,0.53103
FCC,0.293129
FCC,0.481309
FCC,0.508416
FCC,0.396719
FCC,0.313207
FCC,0.592633
FCC,0.48541
FCC,0.609343
FCC,0.496618
FCC,0.505789
FCC,0.576729
FCC,0.391253
FCC,0.515172
FCC,0.538051
FCC,0.547598
FCC,0.594942
FCC,0.431972
FCC,0.577871
FCC,0.40128
FCC,0.516888
FCC,0.479398
FCC,0.560143
FCC,0.476589
FCC,0.578607
FCC,0.51267
FCC,0.402284
FCC,0.611126
FCC,0.512792
FCC,0.591158
FCC,0.444765
FCC,0.481838
FCC,0.326007
FCC,0.448978
FCC,0.330269
FCC,0.517296
FCC,0.412569
FCC,0.385087
FCC,0.65954
FCC,0.382974
FCC,0.521204
FCC,0.59939
FCC,0.48072
FCC,0.293872
FCC,0.52056
FCC,0.421915
FCC,0.316208
FCC,0.551457
FCC,0.380234
FCC,0.440604
FCC,0.520333
FCC,0.594709
FCC,0.450148
FCC,0.470835
FCC,0.442409
FCC,0.612474
FCC,0.337849
FCC,0.756803
FCC,0.627546
FCC,0.718438
FCC,0.397489
FCC,0.501442
FCC,0.48529
FCC,0.423651
FCC,0.454292
FCC,0.264767
FCC,0.755628
FCC,0.401119
FCC,0.508031
FCC,0.286543
FCC,0.445767
FCC,0.557874
FCC,0.536975
FCC,0.519199
FCC,0.583361
FCC,0.685465
FCC,0.425739
FCC,0.399283
FCC,0.49647
FCC,0.393737
FCC,0.42336
FCC,0.549772
FCC,0.305215
FCC,0.535758
FCC,0.46448
FCC,0.507639
FCC,0.600978
FCC,0.403531
FCC,0.449615
FCC,0.573164
FCC,0.418138
FCC,0.484847
FCC,0.44521
FCC,0.551464
FCC,0.341996
FCC,0.435702
FCC,0.159525
FCC,0.579929
FCC,0.521056
FCC,0.598128
FCC,0.370228
FCC,0.658969
FCC,0.381161
FCC,0.530705
FCC,0.521626
FCC,0.476782
FCC,0.458708
FCC,0.485768
FCC,0.543837
FCC,0.637341
FCC,0.341383
FCC,0.409612
FCC,0.569896
FCC,0.408494
FCC,0.39268
FCC,0.470947
FCC,0.430628
FCC,0.447238
FCC,0.479027
FCC,0.429512
FCC,0.379428
FCC,0.38174
FCC,0.480332
FCC,0.361346
FCC,0.410491
FCC,0.430175
FCC,0.127755
FCC,0.331793
FCC,0.460754
FCC,0.388224
FCC,0.469949
FCC,0.485206
FCC,0.30976
FCC,0.554693
FCC,0.45297
FCC,0.58783
FCC,0.551321
FCC,0.468228
FCC,0.539849
FCC,0.339011
FCC,0.382422
FCC,0.345697
FCC,0.581176
FCC,0.383162
FCC,0.416775
FCC,0.486939
FCC,0.467984
FCC,0.401786
FCC,0.611558
FCC,0.373434
FCC,0.498934
FCC,0.473724
FCC,0.494275
FCC,0.360557
FCC,0.443714
FCC,0.506709
FCC,0.286343
FCC,0.522588
FCC,0.460516
FCC,0.413893
FCC,0.50837
FCC,0.36097
FCC,0.505183
FCC,0.227858
FCC,0.516217
FCC,0.551668
FCC,0.513329
FCC,0.865906
FCC,0.578345
FCC,0.349243
FCC,0.433145
FCC,0.306055
FCC,0.512346
FCC,0.510853
FCC,0.390296
FCC,0.474492
FCC,0.588497
FCC,0.418845
FCC,0.63302
FCC,0.502173
FCC,0.258406
FCC,0.334095
FCC,0.259183
FCC,0.208966
FCC,0.560084
FCC,0.391736
FCC,0.486713
FCC,0.474243
FCC,0.363093
FCC,0.452447
FCC,0.475853
FCC,0.332593
FCC,0.537284
FCC,0.362942
FCC,0.571258
FCC,0.49146
FCC,0.411675
FCC,0.375434
FCC,0.447148
FCC,0.109378
FCC,0.499673
FCC,0.438445
FCC,0.395529
FCC,0.624431
FCC,0.342395
FCC,0.632371
FCC,0.559003
FCC,0.378756
FCC,0.413876
FCC,0.453492
FCC,0.601779
FCC,0.312655
FCC,0.653534
FCC,0.361367
FCC,0.485069
FCC,0.392772
FCC,0.633674
FCC,0.437161
FCC,0.332882
FCC,0.501448
FCC,0.612945
FCC,0.458533
FCC,0.605733
FCC,0.547017
FCC,0.398044
FCC,0.557535
FCC,0.567381
FCC,0.543572
FCC,0.440422
FCC,0.442248
FCC,0.516924
FCC,0.648179
FCC,0.574688
FCC,0.60165
FCC,0.665864
FCC,0.721205
FCC,0.322986
FCC,0.663503
FCC,0.472409
FCC,0.295199
FCC,0.534322
FCC,0.424609
FCC,0.58841
FCC,0.559956
FCC,0.667154
FCC,0.548855
FCC,0.600096
FCC,0.401178
FCC,0.496945
FCC,0.562022
FCC,0.611841
FCC,0.48347
FCC,0.480717
FCC,0.537811
FCC,0.585264
FCC,0.375706
FCC,0.650769
FCC,0.604097
FCC,0.525396
FCC,0.519236
FCC,0.638636
FCC,0.609586
FCC,0.658701
FCC,0.471503
FCC,0.420582
FCC,0.601152
FCC,0.551032
FCC,0.623226
FCC,0.664368
FCC,0.306213
FCC,0.610638
FCC,0.39107
FCC,0.696062
FCC,0.582969
FCC,0.366155
FCC,0.666593
FCC,0.397514
FCC,0.464107
FCC,0.532835
FCC,0.574259
FCC,0.643818
FCC,0.573549
FCC,0.455659
FCC,0.508151
FCC,0.658647
FCC,0.434889
FCC,0.316348
FCC,0.410175
FCC,0.355823
FCC,0.408856
FCC,0.382775
FCC,0.325398
FCC,0.438234
FCC,0.454822
FCC,0.465567
FCC,0.402979
FCC,0.430183
FCC,0.466983
FCC,0.455305
FCC,0.341343
FCC,0.43153
FCC,0.505473
FCC,0.482586
FCC,0.4394
FCC,0.416662
FCC,0.370236
FCC,0.395288
FCC,0.401969
FCC,0.335446
FCC,0.490197
FCC,0.418648
FCC,0.46342
FCC,0.481779
FCC,0.314457
FCC,0.665093
FCC,0.419664
FCC,0.344381
FCC,0.327125
FCC,0.191815
FCC,0.342738
FCC,0.347118
FCC,0.473262
FCC,0.395224
FCC,0.44655
FCC,0.574318
FCC,0.251408
FCC,0.473604
FCC,0.489682
FCC,0.527209
FCC,0.309229
FCC,0.536214
FCC,0.616491
FCC,0.55496
FCC,0.546211
FCC,0.603267
FCC,0.376999
FCC,0.472675
FCC,0.446533
FCC,0.456227
FCC,0.251413
FCC,0.435904
FCC,0.448146
FCC,0.381233
FCC,0.604693
FCC,0.412098
FCC,0.261595
FCC,0.499364
FCC,0.24421
FCC,0.375299
FCC,0.539926
FCC,0.378876
FCC,0.429647
FCC,0.628034
FCC,0.530758
FCC,0.432046
FCC,0.485848
FCC,0.354751
FCC,0.457977
FCC,0.308342
FCC,0.500015
FCC,0.395639
FCC,0.322318
FCC,0.567886
FCC,0.523521
FCC,0.404079
FCC,0.487672
FCC,0.411392
FCC,0.423048
FCC,0.404209
FCC,0.319444
FCC,0.652948
FCC,0.701752
FCC,0.290641
FCC,0.342381
FCC,0.306855
FCC,0.447691
FCC,0.354698
FCC,0.424377
FCC,0.339038
FCC,0.31286
FCC,0.348107
FCC,0.468287
FCC,0.4369
FCC,0.28181
FCC,0.382548
FCC,0.613543
FCC,0.392275
FCC,0.488793
FCC,0.618027
FCC,0.571888
FCC,0.590422
FCC,0.365971
FCC,0.584671
FCC,0.404184
FCC,0.417802
FCC,0.373937
FCC,0.392523
FCC,0.49511
FCC,0.443463
FCC,0.358075
FCC,0.406921
FCC,0.318973
FCC,0.228547
FCC,0.402204
FCC,0.519887
FCC,0.280845
FCC,0.420494
FCC,0.598322
FCC,0.38536
FCC,0.621502
FCC,0.588009
FCC,0.444324
FCC,0.4183
FCC,0.526185
FCC,0.374497
FCC,0.43367
FCC,0.645477
FCC,0.614369
FCC,0.674723
FCC,0.495523
FCC,0.662918
FCC,0.33934
FCC,0.480912
FCC,0.421671
FCC,0.403271
FCC,0.490551
FCC,0.485875
FCC,0.608617
FCC,0.546486
FCC,0.388205
FCC,0.751498
FCC,0.456886
FCC,0.535375
FCC,0.739215
FCC,0.351267
FCC,0.706229
FCC,0.64365
FCC,0.489519
FCC,0.675076
FCC,0.49618
FCC,0.403808
FCC,0.625701
FCC,0.542684
FCC,0.383762
FCC,0.581688
FCC,0.353645
FCC,0.552325
FCC,0.414423
FCC,0.57328
FCC,0.46852
FCC,0.286742
FCC,0.546496
FCC,0.371476
FCC,0.599947
FCC,0.748315
FCC,0.56039
FCC,0.636053
FCC,0.653966
FCC,0.490545
FCC,0.448497
FCC,0.497809
FCC,0.414694
FCC,0.245413
FCC,0.396499
FCC,0.374545
FCC,0.423678
FCC,0.500292
FCC,0.473159
FCC,0.485105
FCC,0.366279
FCC,0.281079
FCC,0.346013
FCC,0.415743
FCC,0.352666
FCC,0.299384
FCC,0.401171
FCC,0.543985
FCC,0.241605
FCC,0.383341
FCC,0.270681
FCC,0.347171
FCC,0.584964
FCC,0.300292
FCC,0.403598
FCC,0.432104
FCC,0.440285
FCC,0.544385
FCC,0.386005
FCC,0.447198
FCC,0.207803
FCC,0.420168
FCC,0.468179
FCC,0.429238
FCC,0.409015
FCC,0.407457
FCC,0.450839
FCC,0.427883
FCC,0.201999
FCC,0.47425
FCC,0.527073
FCC,0.455348
FCC,0.518267
FCC,0.505085
FCC,0.400113
FCC,0.311978
FCC,0.407041
FCC,0.365265
FCC,0.43869
FCC,0.432125
FCC,0.33504
FCC,0.280152
FCC,0.269543
FCC,0.52768
FCC,0.239728
FCC,0.406472
FCC,0.533753
FCC,0.270585
FCC,0.529797
FCC,0.467559
FCC,0.39528
FCC,0.361264
FCC,0.532426
FCC,0.342305
FCC,0.491004
FCC,0.40673
FCC,0.420244
FCC,0.520818
FCC,0.406752
FCC,0.33961
FCC,0.444086
FCC,0.345869
FCC,0.457321
FCC,0.32071
FCC,0.420181
FCC,0.507894
FCC,0.326345
FCC,0.307484
FCC,0.463728
FCC,0.225715
FCC,0.560058
FCC,0.404398
FCC,0.264681
FCC,0.489786
FCC,0.243549
FCC,0.506825
FCC,0.473344
FCC,0.339858
FCC,0.450362
FCC,0.532311
FCC,0.406371
FCC,0.424087
FCC,0.386265
FCC,0.396263
FCC,0.542981
FCC,0.342758
FCC,0.595683
FCC,0.519669
FCC,0.401762
FCC,0.371728
FCC,0.52203
FCC,0.521567
FCC,0.536268
FCC,0.493982
FCC,0.411748
FCC,0.54863
FCC,0.484468
FCC,0.59835
FCC,0.447047
FCC,0.425003
FCC,0.468706
FCC,0.596708
FCC,0.643486
FCC,0.629829
FCC,0.55426
FCC,0.506893
FCC,0.514563
FCC,0.320773
FCC,0.769438
FCC,0.403416
FCC,0.48132
FCC,0.447758
FCC,0.530753
FCC,0.55597
FCC,0.545941
FCC,0.659067
FCC,0.531861
FCC,0.59863
FCC,0.612381
FCC,0.38335
FCC,0.618239
FCC,0.670107
FCC,0.573389
FCC,0.604439
FCC,0.60798
FCC,0.6177
FCC,0.501981
FCC,0.55243
FCC,0.462285
FCC,0.400844
FCC,0.601799
FCC,0.530859
FCC,0.608874
FCC,0.555106
FCC,0.338128
FCC,0.620807
FCC,0.236749
FCC,0.235255
FCC,0.642053
FCC,0.549897
FCC,0.501368
FCC,0.653608
FCC,0.399449
FCC,0.62646
FCC,0.312072
FCC,0.452474
FCC,0.678027
FCC,0.318611
FCC,0.917988
FCC,0.413581
FCC,0.358806
FCC,0.372367
FCC,0.715279
FCC,0.447651
FCC,0.748369
FCC,0.421841
FCC,0.569629
FCC,0.351282
FCC,0.445251
FCC,0.328728
FCC,0.424159
FCC,0.673559
FCC,0.661169
FCC,0.642226
FCC,0.571209
FCC,0.441133
FCC,0.424811
FCC,0.505451
FCC,0.390052
FCC,0.324931
FCC,0.339012
FCC,0.517461
FCC,0.416324
FCC,0.331396
FCC,0.246239
FCC,0.361009
FCC,0.436038
FCC,0.444538
FCC,0.392027
FCC,0.401188
FCC,0.493084
FCC,0.460626
FCC,0.213156
FCC,0.355176
FCC,0.363045
FCC,0.457974
FCC,0.516201
FCC,0.269719
FCC,0.507467
FCC,0.379911
FCC,0.351455
FCC,0.507373
FCC,0.420714
FCC,0.475605
FCC,0.508869
FCC,0.333648
FCC,0.523374
FCC,0.659858
FCC,0.628517
FCC,0.328139
FCC,0.554743
FCC,0.46178
FCC,0.348179
FCC,0.37136
FCC,0.447674
FCC,0.420067
FCC,0.468681
FCC,0.287391
FCC,0.349475
FCC,0.391192
FCC,0.365446
FCC,0.507633
FCC,0.339488
FCC,0.292731
FCC,0.498396
FCC,0.259968
FCC,0.575598
FCC,0.363005
FCC,0.318167
FCC,0.447523
FCC,0.3465
FCC,0.430642
FCC,0.231419
FCC,0.238051
FCC,0.294705
FCC,0.299175
FCC,0.334844
FCC,0.435907
FCC,0.446526
FCC,0.503145
FCC,0.427442
FCC,0.528136
FCC,0.476249
FCC,0.324065
FCC,0.287404
FCC,0.431361
FCC,0.341079
FCC,0.301136
FCC,0.389919
FCC,0.487501
FCC,0.50162
FCC,0.303578
FCC,0.58818
FCC,0.340706
FCC,0.38553
FCC,0.239907
FCC,0.50665
FCC,0.282902
FCC,0.480886
FCC,0.448848
FCC,0.35865
FCC,0.48815
FCC,0.463847
FCC,0.511034
FCC,0.501842
FCC,0.305229
FCC,0.445916
FCC,0.468419
FCC,0.683573
FCC,0.501457
FCC,0.555665
FCC,0.394838
FCC,0.404317
FCC,0.418392
FCC,0.317245
FCC,0.438066
FCC,0.430793
FCC,0.242491
FCC,0.486878
FCC,0.430542
FCC,0.681968
FCC,0.601402
FCC,0.48781
FCC,0.566964
FCC,0.365544
FCC,0.468044
FCC,0.504796
FCC,0.404915
FCC,0.326007
FCC,0.561769
FCC,0.455292
FCC,0.524093
FCC,0.50188
FCC,0.37615
FCC,0.560643
FCC,0.395976
FCC,0.446733
FCC,0.47655
FCC,0.445763
FCC,0.345112
FCC,0.550477
FCC,0.226066
FCC,0.624673
FCC,0.721123
FCC,0.499182
FCC,0.58161
FCC,0.735307
FCC,0.405463
FCC,0.561819
FCC,0.609193
FCC,0.530536
FCC,0.554025
FCC,0.378272
FCC,0.474206
FCC,0.476745
FCC,0.459801
FCC,0.424058
FCC,0.30133
FCC,0.569966
FCC,0.412221
FCC,0.61211
FCC,0.56939
FCC,0.478737
FCC,0.707041
FCC,0.22497
FCC,0.372787
FCC,0.723093
FCC,0.358624
FCC,0.423304
FCC,0.394821
FCC,0.306027
FCC,0.590747
FCC,0.436833
FCC,0.312516
FCC,0.549054
FCC,0.322922
FCC,0.544887
FCC,0.457729
FCC,0.486436
FCC,0.370119
FCC,0.521953
FCC,0.37603
FCC,0.582621
FCC,0.492015
FCC,0.455862
FCC,0.504952
FCC,0.469422
FCC,0.638214
FCC,0.611105
FCC,0.574486
FCC,0.561888
FCC,0.475622
FCC,0.48432
FCC,0.459687
FCC,0.481535
FCC,0.399604
FCC,0.347772
FCC,0.380102
FCC,0.436771
FCC,0.432358
FCC,0.475176
FCC,0.460155
FCC,0.296761
FCC,0.542222
FCC,0.280922
FCC,0.397098
FCC,0.407737
FCC,0.372454
FCC,0.388794
FCC,0.456951
FCC,0.317236
FCC,0.320736
FCC,0.371432
FCC,0.36068
FCC,0.390793
FCC,0.496237
FCC,0.406984
FCC,0.419969
FCC,0.464619
FCC,0.381086
FCC,0.262444
FCC,0.322948
FCC,0.366539
FCC,0.341014
FCC,0.366488
FCC,0.352829
FCC,0.477592
FCC,0.174581
FCC,0.417505
FCC,0.381907
FCC,0.395107
FCC,0.516017
FCC,0.302203
FCC,0.402519
FCC,0.320588
FCC,0.32844
FCC,0.396829
FCC,0.383842
FCC,0.308903
FCC,0.357038
FCC,0.348487
FCC,0.391892
FCC,0.422919
FCC,0.361775
FCC,0.550874
FCC,0.405529
FCC,0.32256
FCC,0.393964
FCC,0.317865
FCC,0.416158
FCC,0.429241
FCC,0.423671
FCC,0.338447
FCC,0.216638
FCC,0.445898
FCC,0.436282
FCC,0.447486
FCC,0.504923
FCC,0.432826
FCC,0.201487
FCC,0.24808
FCC,0.263102
FCC,0.451014
FCC,0.302714
FCC,0.359502
FCC,0.384896
FCC,0.356636
FCC,0.478452
FCC,0.566161
FCC,0.231445
FCC,0.357078
FCC,0.396702
FCC,0.392652
FCC,0.487261
FCC,0.556441
FCC,0.452571
FCC,0.417646
FCC,0.316276
FCC,0.34961
FCC,0.462948
FCC,0.260964
FCC,0.471753
FCC,0.562811
FCC,0.511706
FCC,0.496167
FCC,0.484782
FCC,0.437636
FCC,0.509163
FCC,0.451889
FCC,0.442822
FCC,0.546545
FCC,0.425048
FCC,0.406877
FCC,0.603781
FCC,0.291917
FCC,0.304979
FCC,0.402199
FCC,0.377196
FCC,0.527262
FCC,0.302158
FCC,0.487341
FCC,0.641758
FCC,0.46964
FCC,0.485293
FCC,0.527942
FCC,0.323011
FCC,0.67169
FCC,0.48762
FCC,0.317907
FCC,0.544184
FCC,0.390889
FCC,0.555533
FCC,0.473755
FCC,0.297413
FCC,0.500931
FCC,0.503383
FCC,0.456227
FCC,0.635467
FCC,0.44233
FCC,0.579287
FCC,0.272341
FCC,0.500572
FCC,0.360177
FCC,0.388882
FCC,0.544383
FCC,0.226225
FCC,0.778033
FCC,0.588417
FCC,0.486107
FCC,0.439363
FCC,0.587213
FCC,0.397153
FCC,0.340218
FCC,0.673496
FCC,0.557988
FCC,0.682109
FCC,0.454078
FCC,0.193934
FCC,0.479362
FCC,0.47514
FCC,0.327648
FCC,0.534757
FCC,0.34466
FCC,0.331471
FCC,0.505135
FCC,0.353097
FCC,0.581957
FCC,0.361878
FCC,0.230619
FCC,0.552478
FCC,0.29481
FCC,0.43508
FCC,0.537329
FCC,0.373164
FCC,0.422645
FCC,0.503042
FCC,0.374592
FCC,0.569997
FCC,0.528076
FCC,0.550161
FCC,0.400754
FCC,0.593344
FCC,0.328236
FCC,0.496437
FCC,0.717772
FCC,0.585725
FCC,0.493156
FCC,0.526516
FCC,0.567343
FCC,0.461265
FCC,0.502082
FCC,0.182449
FCC,0.375525
FCC,0.384851
FCC,0.327343
FCC,0.286562
FCC,0.292653
FCC,0.47013
FCC,0.368634
FCC,0.272341
FCC,0.257507
FCC,0.348822
FCC,0.313712
FCC,0.468524
FCC,0.415439
FCC,0.31729
FCC,0.3853
FCC,0.285642
FCC,0.218927
FCC,0.420726
FCC,0.306034
FCC,0.462245
FCC,0.443648
FCC,0.470705
FCC,0.50066
FCC,0.473159
FCC,0.457789
FCC,0.428212
FCC,0.340232
FCC,0.362918
FCC,0.515239
FCC,0.514948
FCC,0.417193
FCC,0.322839
FCC,0.349104
FCC,0.367519
FCC,0.375004
FCC,0.474856
FCC,0.453899
FCC,0.34437
FCC,0.582247
FCC,0.359355
FCC,0.431686
FCC,0.342301
FCC,0.425039
FCC,0.555197
FCC,0.384515
FCC,0.451296
FCC,0.460161
FCC,0.552004
FCC,0.519428
FCC,0.375822
FCC,0.509052
FCC,0.462797
FCC,0.516946
FCC,0.485476
FCC,0.418065
FCC,0.440426
FCC,0.43733
FCC,0.33222
FCC,0.544604
FCC,0.344664
FCC,0.473716
FCC,0.435979
FCC,0.359791
FCC,0.386895
FCC,0.557277
FCC,0.245734
FCC,0.309886
FCC,0.423497
FCC,0.311507
FCC,0.262764
FCC,0.269463
FCC,0.174035
FCC,0.465287
FCC,0.250808
FCC,0.335871
FCC,0.502599
FCC,0.466104
FCC,0.613614
FCC,0.546202
FCC,0.453972
FCC,0.491894
FCC,0.38215
FCC,0.333347
FCC,0.615601
FCC,0.281661
FCC,0.391023
FCC,0.470628
FCC,0.516055
FCC,0.650714
FCC,0.571899
FCC,0.379888
FCC,0.427033
FCC,0.371115
FCC,0.335891
FCC,0.495266
FCC,0.35316
FCC,0.353346
FCC,0.424002
FCC,0.46745
FCC,0.385326
FCC,0.529911
FCC,0.298797
FCC,0.488627
FCC,0.491954
FCC,0.458266
FCC,0.522198
FCC,0.378718
FCC,0.432825
FCC,0.495949
FCC,0.329801
FCC,0.603944
FCC,0.409772
FCC,0.327283
FCC,0.606568
FCC,0.202595
FCC,0.441427
FCC,0.51515
FCC,0.296047
FCC,0.315711
FCC,0.535396
FCC,0.679989
FCC,0.411584
FCC,0.774968
FCC,0.604627
FCC,0.593913
FCC,0.585279
FCC,0.253147
FCC,0.29286
FCC,0.355613
FCC,0.488315
FCC,0.576401
FCC,0.484672
FCC,0.622062
FCC,0.308287
FCC,0.615277
FCC,0.296347
FCC,0.349574
FCC,0.56427
FCC,0.44605
FCC,0.321279
FCC,0.305495
FCC,0.357483
FCC,0.557488
FCC,0.397647
FCC,0.454482
FCC,0.537802
FCC,0.631867
FCC,0.514019
FCC,0.559011
FCC,0.359319
FCC,0.556113
FCC,0.388454
FCC,0.571221
FCC,0.655236
FCC,0.508878
FCC,0.469422
FCC,0.475089
FCC,0.632002
FCC,0.375471
FCC,0.424693
FCC,0.463772
FCC,0.5214
FCC,0.715878
FCC,0.53393
FCC,0.597403
FCC,0.379273
FCC,0.646603
FCC,0.598788
FCC,0.351641
FCC,0.431699
FCC,0.56362
FCC,0.470199
FCC,0.560957
FCC,0.46252
FCC,0.520348
FCC,0.429371
FCC,0.41993
FCC,0.410974
FCC,0.328259
FCC,0.473736
FCC,0.412419
FCC,0.429455
FCC,0.306655
FCC,0.395798
FCC,0.145534
FCC,0.283402
FCC,0.417143
FCC,0.286105
FCC,0.573382
FCC,0.27558
FCC,0.406981
FCC,0.346556
FCC,0.351303
FCC,0.375916
FCC,0.425118
FCC,0.473135
FCC,0.442218
FCC,0.501871
FCC,0.445395
FCC,0.378401
FCC,0.308851
FCC,0.484349
FCC,0.509586
FCC,0.494413
FCC,0.608594
FCC,0.52038
FCC,0.447232
FCC,0.24728
FCC,0.313056
FCC,0.527968
FCC,0.344608
FCC,0.474812
FCC,0.469365
FCC,0.362577
FCC,0.457775
FCC,0.39704
FCC,0.4636
FCC,0.462661
FCC,0.386999
FCC,0.530642
FCC,0.373765
FCC,0.514144
FCC,0.366092
FCC,0.222646
FCC,0.389947
FCC,0.328927
FCC,0.598226
FCC,0.254405
FCC,0.342642
FCC,0.528748
FCC,0.245968
FCC,0.228926
FCC,0.406775
FCC,0.286888
FCC,0.36063
FCC,0.221124
FCC,0.535072
FCC,0.421529
FCC,0.297366
FCC,0.221079
FCC,0.437531
FCC,0.414686
FCC,0.41697
FCC,0.47183
FCC,0.223347
FCC,0.567483
FCC,0.201679
FCC,0.371096
FCC,0.39774
FCC,0.260501
FCC,0.214982
FCC,0.330259
FCC,0.293472
FCC,0.495654
FCC,0.351075
FCC,0.357548
FCC,0.363129
FCC,0.382374
FCC,0.663544
FCC,0.34386
FCC,0.267403
FCC,0.39175
FCC,0.399517
FCC,0.394609
FCC,0.295891
FCC,0.395298
FCC,0.325419
FCC,0.491211
FCC,0.320303
FCC,0.562971
FCC,0.254592
FCC,0.328032
FCC,0.325083
FCC,0.41505
FCC,0.241015
FCC,0.446842
FCC,0.390141
FCC,0.360972
FCC,0.487567
FCC,0.186814
FCC,0.5428
FCC,0.464732
FCC,0.424076
FCC,0.316087
FCC,0.46834
FCC,0.31603
FCC,0.48973
FCC,0.471649
FCC,0.395344
FCC,0.566985
FCC,0.33943
FCC,0.539467
FCC,0.467579
FCC,0.392228
FCC,0.342676
FCC,0.567253
FCC,0.405474
FCC,0.537291
FCC,0.594038
FCC,0.514149
FCC,0.262615
FCC,0.601198
FCC,0.545299
FCC,0.535105
FCC,0.574765
FCC,0.295736
FCC,0.809583
FCC,0.628312
FCC,0.639303
FCC,0.385935
FCC,0.553567
FCC,0.35415
FCC,0.497186
FCC,0.651021
FCC,0.318992
FCC,0.562208
FCC,0.57129
FCC,0.325716
FCC,0.5868
FCC,0.357353
FCC,0.50652
FCC,0.589732
FCC,0.438758
FCC,0.497347
FCC,0.429646
FCC,0.463882
FCC,0.465441
FCC,0.49143
FCC,0.440411
FCC,0.475739
FCC,0.487068
FCC,0.714243
FCC,0.608342
FCC,0.361878
FCC,0.59414
FCC,0.562996
FCC,0.484254
FCC,0.465641
FCC,0.52795
FCC,0.433
FCC,0.613851
FCC,0.358684
FCC,0.678579
FCC,0.604682
FCC,0.547665
FCC,0.654627
FCC,0.567073
FCC,0.566203
FCC,0.623415
FCC,0.35693
FCC,0.392136
FCC,0.429581
FCC,0.310236
FCC,0.338222
FCC,0.441457
FCC,0.332171
FCC,0.530888
FCC,0.526803
FCC,0.414746
FCC,0.455887
FCC,0.384797
FCC,0.4261
FCC,0.296629
FCC,0.487474
FCC,0.418684
FCC,0.492999
FCC,0.362052
FCC,0.426828
FCC,0.404782
FCC,0.423092
FCC,0.316991
FCC,0.59148
FCC,0.433344
FCC,0.441741
FCC,0.256858
FCC,0.445486
FCC,0.381044
FCC,0.300502
FCC,0.342135
FCC,0.449933
FCC,0.484285
FCC,0.502115
FCC,0.252157
FCC,0.342459
FCC,0.390691
FCC,0.465755
FCC,0.395662
FCC,0.373604
FCC,0.273504
FCC,0.456334
FCC,0.397604
FCC,0.201304
FCC,0.456978
FCC,0.255392
FCC,0.313208
FCC,0.398593
FCC,0.295637
FCC,0.417609
FCC,0.49609
FCC,0.127542
FCC,0.315192
FCC,0.23805
FCC,0.412127
FCC,0.202387
FCC,0.388322
FCC,0.338814
FCC,0.429315
FCC,0.540696
FCC,0.263603
FCC,0.256879
FCC,0.440654
FCC,0.257646
FCC,0.524859
FCC,0.429234
FCC,0.334769
FCC,0.384959
FCC,0.528561
FCC,0.229083
FCC,0.247491
FCC,0.367731
FCC,0.244208
FCC,0.406171
FCC,0.19799
FCC,0.381189
FCC,0.546621
FCC,0.257411
FCC,0.31995
FCC,0.566517
FCC,0.238113
FCC,0.416476
FCC,0.527946
FCC,0.261545
FCC,0.527153
FCC,0.335558
FCC,0.438556
FCC,0.375065
FCC,0.272668
FCC,0.244101
FCC,0.378543
FCC,0.340676
FCC,0.400331
FCC,0.343585
FCC,0.258135
FCC,0.43643
FCC,0.338155
FCC,0.310987
FCC,0.49338
FCC,0.180359
FCC,0.281868
FCC,0.528925
FCC,0.436353
FCC,0.533046
FCC,0.658315
FCC,0.388454
FCC,0.498064
FCC,0.283144
FCC,0.497786
FCC,0.587583
FCC,0.418697
FCC,0.373666
FCC,0.559473
FCC,0.492912
FCC,0.577077
FCC,0.465555
FCC,0.484717
FCC,0.40701
FCC,0.16206
FCC,0.608352
FCC,0.441353
FCC,0.300089
FCC,0.405866
FCC,0.5466
FCC,0.382732
FCC,0.558434
FCC,0.490981
FCC,0.380907
FCC,0.24857
FCC,0.559903
FCC,0.407333
FCC,0.424736
FCC,0.652379
FCC,0.37027
FCC,0.454589
FCC,0.476997
FCC,0.61757
FCC,0.451362
FCC,0.468033
FCC,0.39693
FCC,0.325939
FCC,0.604466
FCC,0.314629
FCC,0.567975
FCC,0.666083
FCC,0.641782
FCC,0.568941
FCC,0.382608
FCC,0.36075
FCC,0.504436
FCC,0.468338
FCC,0.63894
FCC,0.55342
FCC,0.352597
FCC,0.438799
FCC,0.421824
FCC,0.434073
FCC,0.479417
FCC,0.409867
FCC,0.346142
FCC,0.588191
FCC,0.47566
FCC,0.591004
FCC,0.337147
FCC,0.567183
FCC,0.658132
FCC,0.511738
FCC,0.72743
FCC,0.382555
FCC,0.65039
FCC,0.47692
FCC,0.553846
FCC,0.541029
FCC,0.514102
FCC,0.487742
FCC,0.609726
FCC,0.397816
FCC,0.390726
FCC,0.445756
FCC,0.508536
FCC,0.375615
FCC,0.453318
FCC,0.420703
FCC,0.413881
FCC,0.35824
FCC,0.595296
FCC,0.267981
FCC,0.479271
FCC,0.444418
FCC,0.445404
FCC,0.467867
FCC,0.418317
FCC,0.482607
FCC,0.302011
FCC,0.391165
FCC,0.422674
FCC,0.419304
FCC,0.301598
FCC,0.275473
FCC,0.583829
FCC,0.448092
FCC,0.408112
FCC,0.32028
FCC,0.445201
FCC,0.278376
FCC,0.377239
FCC,0.397546
FCC,0.423516
FCC,0.461729
FCC,0.423064
FCC,0.461675
FCC,0.251882
FCC,0.439276
FCC,0.320115
FCC,0.443319
FCC,0.290635
FCC,0.431647
FCC,0.498842
FCC,0.458795
FCC,0.113993
FCC,0.41678
FCC,0.421539
FCC,0.302182
FCC,0.50494
FCC,0.403807
FCC,0.205016
FCC,0.42947
FCC,0.376068
FCC,0.207516
FCC,0.488265
FCC,0.274669
FCC,0.260712
FCC,0.45515
FCC,0.456368
FCC,0.269333
FCC,0.329044
FCC,0.229307
FCC,0.324985
FCC,0.317844
FCC,0.299204
FCC,0.467915
FCC,0.246303
FCC,0.386354
FCC,0.453287
FCC,0.390896
FCC,0.397872
FCC,0.530133
FCC,0.325824
FCC,0.389019
FCC,0.288957
FCC,0.353571
FCC,0.69554
FCC,0.26658
FCC,0.278834
FCC,0.578898
FCC,0.459268
FCC,0.566815
FCC,0.559529
FCC,0.389003
FCC,0.506581
FCC,0.314528
FCC,0.459004
FCC,0.426092
FCC,0.200257
FCC,0.297275
FCC,0.331492
FCC,0.276535
FCC,0.310362
FCC,0.416572
FCC,0.313953
FCC,0.485406
FCC,0.353473
FCC,0.350157
FCC,0.462548
FCC,0.515633
FCC,0.366009
FCC,0.416944
FCC,0.419581
FCC,0.541637
FCC,0.426716
FCC,0.38855
FCC,0.497275
FCC,0.552034
FCC,0.321728
FCC,0.409233
FCC,0.357828
FCC,0.343949
FCC,0.607445
FCC,0.306014
FCC,0.650987
FCC,0.67081
FCC,0.250643
FCC,0.550153
FCC,0.231262
FCC,0.277346
FCC,0.419564
FCC,0.35518
FCC,0.462302
FCC,0.550205
FCC,0.342041
FCC,0.637642
FCC,0.451519
FCC,0.489185
FCC,0.475462
FCC,0.42762
FCC,0.455957
FCC,0.377603
FCC,0.406322
FCC,0.303319
FCC,0.516879
FCC,0.36595
FCC,0.481212
FCC,0.318799
FCC,0.536711
FCC,0.366258
FCC,0.365053
FCC,0.56174
FCC,0.482917
FCC,0.457987
FCC,0.349414
FCC,0.300893
FCC,0.517417
FCC,0.443494
FCC,0.334209
FCC,0.513605
FCC,0.347937
FCC,0.555921
FCC,0.566581
FCC,0.458769
FCC,0.414462
FCC,0.38335
FCC,0.313845
FCC,0.543045
FCC,0.483498
FCC,0.613881
FCC,0.565683
FCC,0.399958
FCC,0.648088
FCC,0.554114
FCC,0.780655
FCC,0.400758
FCC,0.333902
FCC,0.544353
FCC,0.288525
FCC,0.636309
FCC,0.580698
FCC,0.546486
FCC,0.417379
FCC,0.444205
FCC,0.498719
FCC,0.559474
FCC,0.400147
FCC,0.470177
FCC,0.298
FCC,0.34048
FCC,0.496553
FCC,0.438926
FCC,0.519255
FCC,0.473635
FCC,0.422017
FCC,0.553282
FCC,0.378369
FCC,0.290061
FCC,0.38929
FCC,0.417159
FCC,0.484441
FCC,0.354321
FCC,0.431233
FCC,0.377086
FCC,0.356827
FCC,0.402924
FCC,0.417868
FCC,0.449161
FCC,0.506896
FCC,0.297432
FCC,0.6208
FCC,0.237161
FCC,0.433127
FCC,0.384399
FCC,0.402892
FCC,0.469326
FCC,0.388062
FCC,0.361176
FCC,0.662681
FCC,0.240593
FCC,0.506405
FCC,0.540266
FCC,0.389944
FCC,0.337188
FCC,0.3235
FCC,0.334941
FCC,0.478274
FCC,0.309065
FCC,0.509203
FCC,0.360134
FCC,0.372009
FCC,0.388108
FCC,0.442636
FCC,0.625673
FCC,0.347169
FCC,0.452149
FCC,0.40578
FCC,0.394062
FCC,0.442804
FCC,0.359488
FCC,0.248265
FCC,0.378741
FCC,0.483617
FCC,0.274458
FCC,0.418719
FCC,0.300681
FCC,0.324453
FCC,0.413051
FCC,0.386758
FCC,0.626945
FCC,0.259543
FCC,0.345066
FCC,0.604101
FCC,0.437475
FCC,0.27627
FCC,0.437309
FCC,0.278219
FCC,0.393747
FCC,0.379567
FCC,0.36176
FCC,0.605682
FCC,0.262211
FCC,0.411111
FCC,0.514311
FCC,0.474308
FCC,0.420115
FCC,0.474141
FCC,0.321256
FCC,0.452083
FCC,0.392204
FCC,0.481094
FCC,0.639287
FCC,0.435821
FCC,0.344535
FCC,0.434169
FCC,0.30784
FCC,0.455824
FCC,0.510073
FCC,0.3563
FCC,0.409376
FCC,0.497184
FCC,0.497961
FCC,0.612295
FCC,0.290593
FCC,0.280786
FCC,0.475193
FCC,0.330806
FCC,0.476408
FCC,0.492625
FCC,0.35506
FCC,0.466239
FCC,0.249351
FCC,0.360705
FCC,0.534061
FCC,0.304596
FCC,0.373853
FCC,0.495445
FCC,0.518836
FCC,0.72136
FCC,0.531054
FCC,0.22086
FCC,0.408709
FCC,0.247581
FCC,0.482653
FCC,0.53457
FCC,0.188266
FCC,0.509243
FCC,0.403179
FCC,0.545083
FCC,0.556729
FCC,0.430703
FCC,0.633205
FCC,0.309389
FCC,0.573334
FCC,0.352049
FCC,0.392001
FCC,0.422358
FCC,0.198932
FCC,0.647362
FCC,0.53555
FCC,0.500541
FCC,0.111546
FCC,0.574772
FCC,0.318013
FCC,0.31079
FCC,0.543008
FCC,0.196627
FCC,0.447347
FCC,0.57728
FCC,0.316193
FCC,0.349633
FCC,0.40886
FCC,0.314665
FCC,0.512854
FCC,0.437518
FCC,0.750283
FCC,0.689394
FCC,0.387769
FCC,0.634987
FCC,0.310446
FCC,0.222492
FCC,0.625439
FCC,0.399989
FCC,0.518455
FCC,0.478283
FCC,0.408398
FCC,0.271901
FCC,0.570108
FCC,0.372031
FCC,0.637038
FCC,0.49878
FCC,0.540315
FCC,0.394223
FCC,0.54658
FCC,0.261213
FCC,0.620842
FCC,0.459936
FCC,0.471775
FCC,0.407441
FCC,0.630033
FCC,0.631917
FCC,0.563861
FCC,0.45923
FCC,0.460642
FCC,0.342457
FCC,0.356971
FCC,0.410867
FCC,0.384864
FCC,0.284391
FCC,0.325541
FCC,0.374808
FCC,0.37432
FCC,0.586657
FCC,0.356514
FCC,0.537803
FCC,0.370068
FCC,0.481326
FCC,0.423747
FCC,0.494409
FCC,0.441947
FCC,0.421629
FCC,0.576061
FCC,0.445617
FCC,0.497744
FCC,0.304414
FCC,0.409714
FCC,0.597103
FCC,0.588226
FCC,0.343948
FCC,0.40805
FCC,0.535257
FCC,0.58806
FCC,0.363261
FCC,0.618011
FCC,0.443681
FCC,0.412043
FCC,0.406431
FCC,0.513196
FCC,0.628885
FCC,0.484087
FCC,0.601092
FCC,0.576778
FCC,0.252932
FCC,0.39053
FCC,0.397044
FCC,0.567301
FCC,0.41
FCC,0.287138
FCC,0.469049
FCC,0.398957
FCC,0.390314
FCC,0.399245
FCC,0.366702
FCC,0.438667
FCC,0.182679
FCC,0.564504
FCC,0.36614
FCC,0.285362
FCC,0.454844
FCC,0.333802
FCC,0.550132
FCC,0.447536
FCC,0.413967
FCC,0.496388
FCC,0.437307
FCC,0.539189
FCC,0.517013
FCC,0.3909
FCC,0.29396
FCC,0.636577
FCC,0.360836
FCC,0.505131
FCC,0.611951
FCC,0.493726
FCC,0.599339
FCC,0.499322
FCC,0.482116
FCC,0.530043
FCC,0.333953
FCC,0.304253
FCC,0.576975
FCC,0.278464
FCC,0.524556
FCC,0.4564
FCC,0.29453
FCC,0.519778
FCC,0.285769
FCC,0.63165
FCC,0.606967
FCC,0.258946
FCC,0.271181
FCC,0.53995
FCC,0.343228
FCC,0.592087
FCC,0.551878
FCC,0.418959
FCC,0.562249
FCC,0.354569
FCC,0.51867
FCC,0.466669
FCC,0.365704
FCC,0.453932
FCC,0.520607
FCC,0.382801
FCC,0.465382
FCC,0.364132
FCC,0.206196
FCC,0.372502
FCC,0.287633
FCC,0.585295
FCC,0.535192
FCC,0.272236
FCC,0.337034
FCC,0.528299
FCC,0.479289
FCC,0.576027
FCC,0.367569
FCC,0.222954
FCC,0.328046
FCC,0.334593
FCC,0.494983
FCC,0.534431
FCC,0.206465
FCC,0.352052
FCC,0.432558
FCC,0.369299
FCC,0.317894
FCC,0.412029
FCC,0.440026
FCC,0.259272
FCC,0.571091
FCC,0.396865
FCC,0.36362
FCC,0.5138
FCC,0.411981
FCC,0.461376
FCC,0.577155
FCC,0.481348
FCC,0.419645
FCC,0.748908
FCC,0.4106
FCC,0.243238
FCC,0.438594
FCC,0.333486
FCC,0.5457
FCC,0.486603
FCC,0.337802
FCC,0.472783
FCC,0.25641
FCC,0.347525
FCC,0.542547
FCC,0.295934
FCC,0.391593
FCC,0.491363
FCC,0.515696
FCC,0.644199
FCC,0.471909
FCC,0.2856
FCC,0.490423
FCC,0.278004
FCC,0.509334
FCC,0.531807
FCC,0.545848
FCC,0.300683
FCC,0.628272
FCC,0.373165
FCC,0.676746
FCC,0.577362
FCC,0.352175
FCC,0.665094
FCC,0.305865
FCC,0.709373
FCC,0.582506
FCC,0.557547
FCC,0.612093
FCC,0.51088
FCC,0.614377
FCC,0.53814
FCC,0.547615
FCC,0.418825
FCC,0.467167
FCC,0.57608
FCC,0.599644
FCC,0.376707
FCC,0.393079
FCC,0.362805
FCC,0.440485
FCC,0.45908
FCC,0.384137
FCC,0.430838
FCC,0.381526
FCC,0.376687
FCC,0.418338
FCC,0.467734
FCC,0.391785
FCC,0.589638
FCC,0.538409
FCC,0.462876
FCC,0.474552
FCC,0.595306
FCC,0.501169
FCC,0.41229
FCC,0.353212
FCC,0.441095
FCC,0.454708
FCC,0.523352
FCC,0.599577
FCC,0.432157
FCC,0.531237
FCC,0.381915
FCC,0.350648
FCC,0.473598
FCC,0.53033
FCC,0.402332
FCC,0.498367
FCC,0.489968
FCC,0.346328
FCC,0.505945
FCC,0.382787
FCC,0.683955
FCC,0.313091
FCC,0.384501
FCC,0.561739
FCC,0.341373
FCC,0.515411
FCC,0.472741
FCC,0.374907
FCC,0.467074
FCC,0.306589
FCC,0.605164
FCC,0.427538
FCC,0.416091
FCC,0.667848
FCC,0.486601
FCC,0.491697
FCC,0.417363
FCC,0.355416
FCC,0.48991
FCC,0.446387
FCC,0.639353
FCC,0.559201
FCC,0.327546
FCC,0.309433
FCC,0.509917
FCC,0.449962
FCC,0.453056
FCC,0.472217
FCC,0.284289
FCC,0.531873
FCC,0.555612
FCC,0.592147
FCC,0.543232
FCC,0.346999
FCC,0.282063
FCC,0.568137
FCC,0.479543
FCC,0.467115
FCC,0.423004
FCC,0.399737
FCC,0.504081
FCC,0.269743
FCC,0.598461
FCC,0.545557
FCC,0.462797
FCC,0.347156
FCC,0.502555
FCC,0.365147
FCC,0.500379
FCC,0.574099
FCC,0.411652
FCC,0.564934
FCC,0.338402
FCC,0.615595
FCC,0.561195
FCC,0.449479
FCC,0.435857
FCC,0.485537
FCC,0.318066
FCC,0.670152
FCC,0.461008
FCC,0.343824
FCC,0.488999
FCC,0.560418
FCC,0.469327
FCC,0.456311
FCC,0.22075
FCC,0.473478
FCC,0.476081
FCC,0.477781
FCC,0.373192
FCC,0.492363
FCC,0.377906
FCC,0.557356
FCC,0.339046
FCC,0.540439
FCC,0.548307
FCC,0.266812
FCC,0.398095
FCC,0.447362
FCC,0.50036
FCC,0.38953
FCC,0.397983
FCC,0.402669
FCC,0.345052
FCC,0.579949
FCC,0.314544
FCC,0.361979
FCC,0.590431
FCC,0.338289
FCC,0.424045
FCC,0.450583
FCC,0.491711
FCC,0.363444
FCC,0.558948
FCC,0.483588
FCC,0.434051
FCC,0.465432
FCC,0.42141
FCC,0.606817
FCC,0.587319
FCC,0.439598
FCC,0.461796
FCC,0.305241
FCC,0.345353
FCC,0.677729
FCC,0.262616
FCC,0.579178
FCC,0.429707
FCC,0.4626
FCC,0.673437
FCC,0.330572
FCC,0.236835
FCC,0.529995
FCC,0.366578
FCC,0.439784
FCC,0.438904
FCC,0.4075
FCC,0.507516
FCC,0.326582
FCC,0.708454
FCC,0.434611
FCC,0.456793
FCC,0.377412
FCC,0.63529
FCC,0.235853
FCC,0.430513
FCC,0.624945
FCC,0.573128
FCC,0.590998
FCC,0.58486
FCC,0.531254
FCC,0.637701
FCC,0.341647
FCC,0.310236
FCC,0.416458
FCC,0.490917
FCC,0.338244
FCC,0.43433
FCC,0.375584
FCC,0.420953
FCC,0.356257
FCC,0.573325
FCC,0.319542
FCC,0.528338
FCC,0.525637
FCC,0.462345
FCC,0.339585
FCC,0.428398
FCC,0.509672
FCC,0.344738
FCC,0.435749
FCC,0.626737
FCC,0.330703
FCC,0.465638
FCC,0.518436
FCC,0.476521
FCC,0.478481
FCC,0.409826
FCC,0.429063
FCC,0.504263
FCC,0.41529
FCC,0.550599
FCC,0.432729
FCC,0.444607
FCC,0.552074
FCC,0.486796
FCC,0.336058
FCC,0.496233
FCC,0.479925
FCC,0.346441
FCC,0.446016
FCC,0.470629
FCC,0.380625
FCC,0.512803
FCC,0.664466
FCC,0.346091
FCC,0.438109
FCC,0.573635
FCC,0.26235
FCC,0.460276
FCC,0.590085
FCC,0.483702
FCC,0.524714
FCC,0.474906
FCC,0.496379
FCC,0.434432
FCC,0.432692
FCC,0.576248
FCC,0.286897
FCC,0.512647
FCC,0.523594
FCC,0.241023
FCC,0.383902
FCC,0.413912
FCC,0.567407
FCC,0.579658
FCC,0.365455
FCC,0.362092
FCC,0.530257
FCC,0.454079
FCC,0.714542
FCC,0.441344
FCC,0.385964
FCC,0.579218
FCC,0.414289
FCC,0.566117
FCC,0.485175
FCC,0.405235
FCC,0.321241
FCC,0.494021
FCC,0.485933
FCC,0.490373
FCC,0.541141
FCC,0.385113
FCC,0.527536
FCC,0.402961
FCC,0.615452
FCC,0.638346
FCC,0.372749
FCC,0.50134
FCC,0.576842
FCC,0.496199
FCC,0.567301
FCC,0.507244
FCC,0.36784
FCC,0.546166
FCC,0.505036
FCC,0.530745
FCC,0.436046
FCC,0.416748
FCC,0.402793
FCC,0.567352
FCC,0.274016
FCC,0.559949
FCC,0.442903
FCC,0.327723
FCC,0.377701
FCC,0.426769
FCC,0.533958
FCC,0.486991
FCC,0.422972
FCC,0.434156
FCC,0.540875
FCC,0.273695
FCC,0.564736
FCC,0.470143
FCC,0.432151
FCC,0.537324
FCC,0.490521
FCC,0.690864
FCC,0.473797
FCC,0.335466
FCC,0.412696
FCC,0.581122
FCC,0.470956
FCC,0.57454
FCC,0.423259
FCC,0.51541
FCC,0.340253
FCC,0.487212
FCC,0.441198
FCC,0.541344
FCC,0.566739
FCC,0.397812
FCC,0.555509
FCC,0.393091
FCC,0.354204
FCC,0.330978
FCC,0.606806
FCC,0.452844
FCC,0.344285
FCC,0.549606
FCC,0.413064
FCC,0.550782
FCC,0.586749
FCC,0.403513
FCC,0.527235
FCC,0.386056
FCC,0.432118
FCC,0.644151
FCC,0.242118
FCC,0.496144
FCC,0.491619
FCC,0.468218
FCC,0.525217
FCC,0.411648
FCC,0.258856
FCC,0.488145
FCC,0.262462
FCC,0.585092
FCC,0.585337
FCC,0.357416
FCC,0.486558
FCC,0.311701
FCC,0.616234
FCC,0.455836
FCC,0.517886
FCC,0.373996
FCC,0.537635
FCC,0.416417
FCC,0.480918
FCC,0.463352
FCC,0.643656
FCC,0.443628
FCC,0.569488
FCC,0.509121
FCC,0.593318
FCC,0.410106
FCC,0.343086
FCC,0.462091
FCC,0.54547
FCC,0.260812
FCC,0.526909
FCC,0.202715
FCC,0.455691
FCC,0.6333
FCC,0.349112
FCC,0.46751
FCC,0.614793
FCC,0.400269
FCC,0.360241
FCC,0.546321
FCC,0.471809
FCC,0.418178
FCC,0.44698
FCC,0.43139
FCC,0.424173
FCC,0.39415
FCC,0.390253
FCC,0.520162
FCC,0.469203
FCC,0.595285
FCC,0.516184
FCC,0.384331
FCC,0.607485
FCC,0.217179
FCC,0.451382
FCC,0.364477
FCC,0.60257
FCC,0.417688
FCC,0.594345
FCC,0.387323
FCC,0.439413
FCC,0.555724
FCC,0.45027
FCC,0.500679
FCC,0.446007
FCC,0.482392
FCC,0.505037
FCC,0.49958
FCC,0.379169
FCC,0.350184
FCC,0.477423
FCC,0.333109
FCC,0.520718
FCC,0.41572
FCC,0.478452
FCC,0.456927
FCC,0.57084
FCC,0.450477
FCC,0.369559
FCC,0.51423
FCC,0.576132
FCC,0.312683
FCC,0.516225
FCC,0.478978
FCC,0.49797
FCC,0.249554
FCC,0.603934
FCC,0.445101
FCC,0.451242
FCC,0.480585
FCC,0.458055
FCC,0.394312
FCC,0.361027
FCC,0.350172
FCC,0.49983
FCC,0.22434
FCC,0.281915
FCC,0.512135
FCC,0.480329
FCC,0.478625
FCC,0.623309
FCC,0.407873
FCC,0.653915
FCC,0.499603
FCC,0.312662
FCC,0.423966
FCC,0.467421
FCC,0.548223
FCC,0.250338
FCC,0.6002
FCC,0.516457
FCC,0.58296
FCC,0.463304
FCC,0.589656
FCC,0.524079
FCC,0.325035
FCC,0.447392
FCC,0.46459
FCC,0.59038
FCC,0.433255
FCC,0.450233
FCC,0.389374
FCC,0.595981
FCC,0.450534
FCC,0.547112
FCC,0.537392
FCC,0.448644
FCC,0.53668
FCC,0.415734
FCC,0.48858
FCC,0.4799
FCC,0.522884
FCC,0.534548
FCC,0.372733
FCC,0.487938
FCC,0.505078
FCC,0.610028
FCC,0.322832
FCC,0.743125
FCC,0.428785
FCC,0.567809
FCC,0.370924
FCC,0.610541
FCC,0.55922
FCC,0.501106
FCC,0.487559
FCC,0.458658
FCC,0.363858
FCC,0.621649
FCC,0.298325
FCC,0.753771
FCC,0.583835
FCC,0.543998
FCC,0.410268
FCC,0.640554
FCC,0.684132
FCC,0.440104
FCC,0.561662
FCC,0.743947
FCC,0.480433
FCC,0.633769
FCC,0.524356
FCC,0.568861
FCC,0.403562
FCC,0.636951
FCC,0.506671
FCC,0.631355
FCC,0.618851
FCC,0.540756
FCC,0.623234
FCC,0.455008
FCC,0.448794
FCC,0.581482
FCC,0.663097
FCC,0.413234
FCC,0.484551
FCC,0.385338
FCC,0.484031
FCC,0.558
FCC,0.578283
FCC,0.660271
FCC,0.503042
FCC,0.7426
FCC,0.591112
FCC,0.570354
FCC,0.513655
FCC,0.549151
FCC,0.494007
FCC,0.514002
FCC,0.440659
FCC,0.467659
FCC,0.599524
FCC,0.645439
FCC,0.403843
FCC,0.456994
FCC,0.654651
FCC,0.572844
FCC,0.39501
FCC,0.460447
FCC,0.684117
FCC,0.654755
FCC,0.371874
FCC,0.412197
FCC,0.472068
FCC,0.622217
FCC,0.451723
FCC,0.571416
FCC,0.329541
FCC,0.459609
FCC,0.742409
FCC,0.534384
FCC,0.721303
FCC,0.365421
FCC,0.462196
FCC,0.49443
FCC,0.382104
FCC,0.593274
FCC,0.303963
FCC,0.470037
FCC,0.548497
FCC,0.408548
FCC,0.427653
FCC,0.311807
FCC,0.454256
FCC,0.492701
FCC,0.244586
FCC,0.418545
FCC,0.633829
FCC,0.520751
FCC,0.389374
FCC,0.454295
FCC,0.506523
FCC,0.364267
FCC,0.586003
FCC,0.53676
FCC,0.454022
FCC,0.675412
FCC,0.343238
FCC,0.530625
FCC,0.32717
FCC,0.397026
FCC,0.723267
FCC,0.389829
FCC,0.643179
FCC,0.492671
FCC,0.439998
FCC,0.630686
FCC,0.34548
FCC,0.516824
FCC,0.599363
FCC,0.457985
FCC,0.374758
FCC,0.627315
FCC,0.189023
FCC,0.716312
FCC,0.302677
FCC,0.599028
FCC,0.656756
FCC,0.336975
FCC,0.424239
FCC,0.550027
FCC,0.355065
FCC,0.546637
FCC,0.383142
FCC,0.710588
FCC,0.511005
FCC,0.439248
FCC,0.444652
FCC,0.667268
FCC,0.243043
FCC,0.78633
FCC,0.537048
FCC,0.456215
FCC,0.344211
FCC,0.748457
FCC,0.520606
FCC,0.40341
FCC,0.266171
FCC,0.6653
FCC,0.565151
FCC,0.630744
FCC,0.445025
FCC,0.568219
FCC,0.49101
FCC,0.680571
FCC,0.687892
FCC,0.330176
FCC,0.314895
FCC,0.705537
FCC,0.429097
FCC,0.678227
FCC,0.433935
FCC,0.330701
FCC,0.444437
FCC,0.568956
FCC,0.275776
FCC,0.61235
FCC,0.656025
FCC,0.309652
FCC,0.279169
FCC,0.692148
FCC,0.276482
FCC,0.650672
FCC,0.500313
FCC,0.48696
FCC,0.317582
FCC,0.503989
FCC,0.208231
FCC,0.561443
FCC,0.256665
FCC,0.335987
FCC,0.549995
FCC,0.484141
FCC,0.38676
FCC,0.431147
FCC,0.533563
FCC,0.705367
FCC,0.320039
FCC,0.362989
FCC,0.508792
FCC,0.389928
FCC,0.578577
FCC,0.61455
FCC,0.394394
FCC,0.303554
FCC,0.45919
FCC,0.373035
FCC,0.518753
FCC,0.580812
FCC,0.36205
FCC,0.606741
FCC,0.300278
FCC,0.769293
FCC,0.377936
FCC,0.338201
FCC,0.186225
FCC,0.459599
FCC,0.421033
FCC,0.356492
FCC,0.627164
FCC,0.204867
FCC,0.169534
FCC,0.513217
FCC,0.406139
FCC,0.668912
FCC,0.476099
FCC,0.303831
FCC,0.350696
FCC,0.395507
FCC,0.268703
FCC,0.26991
FCC,0.494903
FCC,0.350554
FCC,0.529345
FCC,0.33924
FCC,0.310838
FCC,0.208778
FCC,0.480593
FCC,0.646159
FCC,0.347538
FCC,0.219317
FCC,0.500753
FCC,0.168788
FCC,0.232709
FCC,0.562575
FCC,0.377344
FCC,0.358063
FCC,0.320775
FCC,0.544681
FCC,0.269465
FCC,0.584946
FCC,0.438315
FCC,0.299296
FCC,0.288671
FCC,0.529649
FCC,0.378965
FCC,0.485193
FCC,0.580175
FCC,0.40153
FCC,0.329894
FCC,0.507492
FCC,0.217715
FCC,0.56677
FCC,0.343161
FCC,0.261652
FCC,0.249759
FCC,0.4029
FCC,0.263677
FCC,0.473653
FCC,0.42055
FCC,0.320148
FCC,0.242883
FCC,0.557435
FCC,0.279541
FCC,0.547328
FCC,0.572459
FCC,0.494267
FCC,0.511094
FCC,0.422354
FCC,0.521496
FCC,0.278028
FCC,0.454382
FCC,0.480588
FCC,0.209363
FCC,0.190953
FCC,0.519999
FCC,0.310906
FCC,0.494846
FCC,0.23807
FCC,0.250634
FCC,0.423704
FCC,0.233966
FCC,0.457033
FCC,0.382259
FCC,0.214583
FCC,0.167978
FCC,0.412062
FCC,0.242601
FCC,0.453937
FCC,0.331658
FCC,0.48608
FCC,0.53052
FCC,0.292159
FCC,0.442206
FCC,0.544842
FCC,0.259002
FCC,0.397008
FCC,0.528769
FCC,0.40309
FCC,0.40306
FCC,0.174271
FCC,0.50085
FCC,0.534797
FCC,0.208218
FCC,0.550565
FCC,0.401485
FCC,0.337125
FCC,0.551223
FCC,0.250296
FCC,0.294158
FCC,0.491496
FCC,0.341337
FCC,0.491375
FCC,0.406541
FCC,0.619365
FCC,0.445489
FCC,0.445981
FCC,0.404505
FCC,0.435554
FCC,0.519292
FCC,0.409992
FCC,0.545855
FCC,0.328548
FCC,0.2402
FCC,0.532615
FCC,0.527015
FCC,0.500275
FCC,0.514094
FCC,0.290765
FCC,0.322956
FCC,0.549064
FCC,0.563287
FCC,0.580211
FCC,0.584499
FCC,0.518725
FCC,0.432146
FCC,0.445732
FCC,0.559087
FCC,0.497664
FCC,0.530325
FCC,0.501717
FCC,0.475176
FCC,0.294284
FCC,0.525829
FCC,0.551453
FCC,0.40006
FCC,0.385805
FCC,0.272956
FCC,0.492678
FCC,0.458357
FCC,0.528849
FCC,0.344746
FCC,0.48286
FCC,0.402035
FCC,0.408494
FCC,0.497207
FCC,0.517426
FCC,0.53501
FCC,0.577883
FCC,0.325513
FCC,0.412283
FCC,0.348141
FCC,0.643614
FCC,0.499022
FCC,0.495486
FCC,0.443574
FCC,0.61333
FCC,0.325915
FCC,0.640849
FCC,0.494284
FCC,0.385213
FCC,0.605138
FCC,0.596724
FCC,0.69416
FCC,0.475563
FCC,0.542847
FCC,0.598159
FCC,0.358861
FCC,0.509794
FCC,0.370806
FCC,0.380338
FCC,0.400417
FCC,0.484915
FCC,0.527793
FCC,0.502258
FCC,0.517737
FCC,0.726962
FCC,0.642485
FCC,0.644242
FCC,0.631748
FCC,0.54845
FCC,0.586468
FCC,0.551071
FCC,0.673053
FCC,0.470676
FCC,0.531842
FCC,0.467548
FCC,0.516753
FCC,0.599896
FCC,0.717568
FCC,0.585585
FCC,0.604157
FCC,0.410264
FCC,0.493568
FCC,0.356699
FCC,0.400423
FCC,0.405554
FCC,0.487623
FCC,0.387537
FCC,0.604519
FCC,0.385306
FCC,0.473674
FCC,0.549862
FCC,0.623099
FCC,0.620005
FCC,0.489112
FCC,0.379967
FCC,0.493574
FCC,0.337485
FCC,0.46307
FCC,0.452677
FCC,0.571874
FCC,0.500327
FCC,0.531138
FCC,0.509658
FCC,0.651977
FCC,0.561696
FCC,0.591932
FCC,0.583333
FCC,0.691186
FCC,0.564959
FCC,0.58136
FCC,0.702894
FCC,0.685341
FCC,0.61077
FCC,0.513847
FCC,0.518505
FCC,0.612753
FCC,0.49615
FCC,0.523231
FCC,0.725189
FCC,0.771308
FCC,0.641549
FCC,0.691486
FCC,0.550964
FCC,0.545323
FCC,0.6334
FCC,0.546187
FCC,0.516821
FCC,0.506122
FCC,0.50623
FCC,0.709639
FCC,0.536508
FCC,0.593779
FCC,0.722432
FCC,0.680946
FCC,0.537311
FCC,0.576204
FCC,0.672088
FCC,0.437934
FCC,0.505729
FCC,0.484246
FCC,0.607667
FCC,0.573265
FCC,0.42214
FCC,0.547974
FCC,0.475914
FCC,0.718518
FCC,0.601283
FCC,0.716764
FCC,0.521617
FCC,0.56294
FCC,0.294748
FCC,0.456617
FCC,0.404219
FCC,0.484812
FCC,0.536725
FCC,0.623211
FCC,0.43282
FCC,0.40432
FCC,0.520168
FCC,0.385385
FCC,0.478075
FCC,0.387752
FCC,0.477629
FCC,0.492889
FCC,0.412035
FCC,0.525024
FCC,0.330942
FCC,0.420398
FCC,0.592325
FCC,0.57286
FCC,0.383961
FCC,0.464997
FCC,0.570126
FCC,0.569051
FCC,0.736458
FCC,0.354589
FCC,0.411463
FCC,0.580005
FCC,0.37131
FCC,0.593956
FCC,0.576367
FCC,0.690454
FCC,0.523406
FCC,0.4531
FCC,0.42161
FCC,0.473897
FCC,0.686943
FCC,0.395558
FCC,0.647486
FCC,0.392764
FCC,0.420558
FCC,0.616236
FCC,0.243861
FCC,0.728256
FCC,0.406344
FCC,0.448879
FCC,0.722786
FCC,0.327379
FCC,0.662064
FCC,0.657111
FCC,0.366288
FCC,0.42075
FCC,0.657779
FCC,0.285409
FCC,0.614206
FCC,0.465613
FCC,0.760735
FCC,0.634163
FCC,0.346572
FCC,0.447847
FCC,0.502789
FCC,0.322144
FCC,0.712028
FCC,0.451276
FCC,0.663601
FCC,0.543082
FCC,0.382814
FCC,0.472019
FCC,0.637272
FCC,0.504887
FCC,0.538147
FCC,0.579486
FCC,0.508373
FCC,0.468915
FCC,0.554078
FCC,0.610675
FCC,0.380764
FCC,0.324809
FCC,0.54002
FCC,0.303581
FCC,0.423118
FCC,0.457
FCC,0.514888
FCC,0.585293
FCC,0.68942
FCC,0.580619
FCC,0.378652
FCC,0.534059
FCC,0.619435
FCC,0.35094
FCC,0.606039
FCC,0.645618
FCC,0.348313
FCC,0.25682
FCC,0.616103
FCC,0.398711
FCC,0.254942
FCC,0.375339
FCC,0.500281
FCC,0.355106
FCC,0.528525
FCC,0.420529
FCC,0.53024
FCC,0.54815
FCC,0.38664
FCC,0.318126
FCC,0.523807
FCC,0.392648
FCC,0.705247
FCC,0.419644
FCC,0.242955
FCC,0.545044
FCC,0.677598
FCC,0.256989
FCC,0.257219
FCC,0.732184
FCC,0.442306
FCC,0.481429
FCC,0.239761
FCC,0.604676
FCC,0.241591
FCC,0.491524
FCC,0.416081
FCC,0.327417
FCC,0.271026
FCC,0.505946
FCC,0.291005
FCC,0.533395
FCC,0.628236
FCC,0.262387
FCC,0.496851
FCC,0.298647
FCC,0.8239
FCC,0.556485
FCC,0.35169
FCC,0.355246
FCC,0.70443
FCC,0.431279
FCC,0.621149
FCC,0.391913
FCC,0.397299
FCC,0.24567
FCC,0.544847
FCC,0.249909
FCC,0.494858
FCC,0.464792
FCC,0.404426
FCC,0.237657
FCC,0.347798
FCC,0.414748
FCC,0.317129
FCC,0.501373
FCC,0.413754
FCC,0.654139
FCC,0.243023
FCC,0.287674
FCC,0.270374
FCC,0.589228
FCC,0.544243
FCC,0.400191
FCC,0.295701
FCC,0.459186
FCC,0.270224
FCC,0.659549
FCC,0.377842
FCC,0.610298
FCC,0.316791
FCC,0.258957
FCC,0.434491
FCC,0.297657
FCC,0.610661
FCC,0.470474
FCC,0.218274
FCC,0.298836
FCC,0.545465
FCC,0.34743
FCC,0.632468
FCC,0.517374
FCC,0.336849
FCC,0.322922
FCC,0.543111
FCC,0.247089
FCC,0.632264
FCC,0.621172
FCC,0.338754
FCC,0.183277
FCC,0.477478
FCC,0.299954
FCC,0.486444
FCC,0.509284
FCC,0.226146
FCC,0.310089
FCC,0.593232
FCC,0.307777
FCC,0.724506
FCC,0.539793
FCC,0.583726
FCC,0.340077
FCC,0.436747
FCC,0.490759
FCC,0.246076
FCC,0.56489
FCC,0.497865
FCC,0.17095
FCC,0.258863
FCC,0.468748
FCC,0.110742
FCC,0.651555
FCC,0.522266
FCC,0.328553
FCC,0.586235
FCC,0.257163
FCC,0.574059
FCC,0.442003
FCC,0.501325
FCC,0.233716
FCC,0.57555
FCC,0.358414
FCC,0.498467
FCC,0.410284
FCC,0.452384
FCC,0.653869
FCC,0.533856
FCC,0.550799
FCC,0.480938
FCC,0.309435
FCC,0.310183
FCC,0.232064
FCC,0.349216
FCC,0.371158
FCC,0.415103
FCC,0.435555
FCC,0.491949
FCC,0.531935
FCC,0.465462
FCC,0.244606
FCC,0.435073
FCC,0.472202
FCC,0.316093
FCC,0.426312
FCC,0.274381
FCC,0.459664
FCC,0.425192
FCC,0.50341
FCC,0.269062
FCC,0.413671
FCC,0.397758
FCC,0.35343
FCC,0.503456
FCC,0.298434
FCC,0.481854
FCC,0.388952
FCC,0.474227
FCC,0.458861
FCC,0.459726
FCC,0.334956
FCC,0.501293
FCC,0.480065
FCC,0.534205
FCC,0.360929
FCC,0.491628
FCC,0.356293
FCC,0.531726
FCC,0.515716
FCC,0.54613
FCC,0.613347
FCC,0.516666
FCC,0.28464
FCC,0.635486
FCC,0.395591
FCC,0.395052
FCC,0.388663
FCC,0.558594
FCC,0.347516
FCC,0.473116
FCC,0.39569
FCC,0.301929
FCC,0.276472
FCC,0.508331
FCC,0.442424
FCC,0.503406
FCC,0.525911
FCC,0.498611
FCC,0.302643
FCC,0.442867
FCC,0.278252
FCC,0.370006
FCC,0.424802
FCC,0.441104
FCC,0.40271
FCC,0.604007
FCC,0.440981
FCC,0.493817
FCC,0.48588
FCC,0.371228
FCC,0.482379
FCC,0.468064
FCC,0.431189
FCC,0.542275
FCC,0.456732
FCC,0.425062
FCC,0.47819
FCC,0.452401
FCC,0.432708
FCC,0.55035
FCC,0.644871
FCC,0.430786
FCC,0.418249
FCC,0.446297
FCC,0.484467
FCC,0.606829
FCC,0.549183
FCC,0.597456
FCC,0.443771
FCC,0.572767
FCC,0.504587
FCC,0.531844
FCC,0.465097
FCC,0.476537
FCC,0.528717
FCC,0.58191
FCC,0.578524
FCC,0.680453
FCC,0.515242
FCC,0.47936
FCC,0.434831
FCC,0.564799
FCC,0.444987
FCC,0.583674
FCC,0.342192
FCC,0.423364
FCC,0.397676
FCC,0.452686
FCC,0.321987
FCC,0.492973
FCC,0.372155
FCC,0.357537
FCC,0.597164
FCC,0.290874
FCC,0.585945
FCC,0.422919
FCC,0.664956
FCC,0.364743
FCC,0.457851
FCC,0.404799
FCC,0.596073
FCC,0.430336
FCC,0.547883
FCC,0.518336
FCC,0.619206
FCC,0.384975
FCC,0.416236
FCC,0.622535
FCC,0.631035
FCC,0.374316
FCC,0.52798
FCC,0.57921
FCC,0.400233
FCC,0.391236
FCC,0.533424
FCC,0.566725
FCC,0.397198
FCC,0.437862
FCC,0.531404
FCC,0.604438
FCC,0.771685
FCC,0.529658
FCC,0.535422
FCC,0.428953
FCC,0.606892
FCC,0.556876
FCC,0.426805
FCC,0.451127
FCC,0.43975
FCC,0.644219
FCC,0.638451
FCC,0.540887
FCC,0.660893
FCC,0.637681
FCC,0.498368
FCC,0.476606
FCC,0.579543
FCC,0.591515
FCC,0.615301
FCC,0.503397
FCC,0.50292
FCC,0.456495
FCC,0.51331
FCC,0.606359
FCC,0.35148
FCC,0.531873
FCC,0.417226
FCC,0.48653
FCC,0.486243
FCC,0.660684
FCC,0.423731
FCC,0.537459
FCC,0.442683
FCC,0.653047
FCC,0.609828
FCC,0.446494
FCC,0.615077
FCC,0.512922
FCC,0.571192
FCC,0.621715
FCC,0.553821
FCC,0.37649
FCC,0.458092
FCC,0.610762
FCC,0.377878
FCC,0.784384
FCC,0.485175
FCC,0.385466
FCC,0.72574
FCC,0.564245
FCC,0.390477
FCC,0.442143
FCC,0.526412
FCC,0.541987
FCC,0.640411
FCC,0.482082
FCC,0.443
FCC,0.467338
FCC,0.594155
FCC,0.51061
FCC,0.886365
FCC,0.418118
FCC,0.379548
FCC,0.631198
FCC,0.764335
FCC,0.411968
FCC,0.498584
FCC,0.533516
FCC,0.576225
FCC,0.883912
FCC,0.442407
FCC,0.298505
FCC,0.540518
FCC,0.224619
FCC,0.597122
FCC,0.519128
FCC,0.457322
FCC,0.508601
FCC,0.59164
FCC,0.623308
FCC,0.304442
FCC,0.519406
FCC,0.583443
FCC,0.445839
FCC,0.667867
FCC,0.581616
FCC,0.377991
FCC,0.397837
FCC,0.62637
FCC,0.500764
FCC,0.690131
FCC,0.474493
FCC,0.580529
FCC,0.625625
FCC,0.55845
FCC,0.47107
FCC,0.505029
FCC,0.452475
FCC,0.63476
FCC,0.437183
FCC,0.601808
FCC,0.565723
FCC,0.448103
FCC,0.428038
FCC,0.574333
FCC,0.483794
FCC,0.424251
FCC,0.447989
FCC,0.543309
FCC,0.504723
FCC,0.628618
FCC,0.582132
FCC,0.434526
FCC,0.299253
FCC,0.745
FCC,0.240299
FCC,0.583371
FCC,0.209316
FCC,0.461539
FCC,0.672592
FCC,0.724695
FCC,0.711085
FCC,0.264291
FCC,0.255907
FCC,0.591103
FCC,0.398439
FCC,0.520711
FCC,0.567148
FCC,0.379317
FCC,0.408828
FCC,0.621339
FCC,0.456686
FCC,0.729984
FCC,0.530377
FCC,0.347873
FCC,0.310508
FCC,0.703862
FCC,0.491475
FCC,0.621439
FCC,0.401731
FCC,0.454645
FCC,0.473216
FCC,0.611831
FCC,0.529828
FCC,0.532853
FCC,0.520866
FCC,0.362499
FCC,0.684045
FCC,0.561687
FCC,0.507902
FCC,0.331127
FCC,0.632177
FCC,0.486917
FCC,0.635339
FCC,0.325992
FCC,0.64407
FCC,0.280158
FCC,0.596767
FCC,0.617898
FCC,0.511718
FCC,0.438103
FCC,0.567387
FCC,0.168934
FCC,0.464513
FCC,0.462452
FCC,0.401782
FCC,0.629526
FCC,0.578015
FCC,0.762339
FCC,0.560303
FCC,0.478704
FCC,0.263375
FCC,0.534121
FCC,0.46919
FCC,0.599497
FCC,0.671202
FCC,0.294982
FCC,0.23048
FCC,0.59593
FCC,0.423991
FCC,0.679611
FCC,0.276601
FCC,0.256775
FCC,0.452186
FCC,0.877417
FCC,0.640885
FCC,0.412518
FCC,0.540302
FCC,0.608353
FCC,0.343485
FCC,0.599677
FCC,0.529792
FCC,0.372085
FCC,0.347386
FCC,0.537568
FCC,0.520118
FCC,0.406929
FCC,0.273705
FCC,0.602793
FCC,0.05984
FCC,0.510538
FCC,0.387532
FCC,0.386667
FCC,0.320887
FCC,0.383136
FCC,0.580998
FCC,0.323568
FCC,0.606578
FCC,0.419248
FCC,0.353759
FCC,0.269257
FCC,0.615141
FCC,0.40998
FCC,0.66415
FCC,0.300436
FCC,0.25733
FCC,0.325743
FCC,0.471122
FCC,0.248911
FCC,0.64546
FCC,0.56865
FCC,0.402712
FCC,0.468705
FCC,0.640902
FCC,0.394516
FCC,0.678897
FCC,0.614921
FCC,0.331919
FCC,0.334765
FCC,0.547175
FCC,0.292436
FCC,0.65624
FCC,0.627527
FCC,0.591399
FCC,0.396041
FCC,0.19577
FCC,0.535479
FCC,0.243112
FCC,0.572724
FCC,0.381457
FCC,0.356801
FCC,0.32435
FCC,0.458753
FCC,0.348332
FCC,0.5905
FCC,0.411283
FCC,0.34583
FCC,0.50119
FCC,0.33213
FCC,0.670583
FCC,0.55566
FCC,0.331252
FCC,0.261317
FCC,0.683788
FCC,0.399562
FCC,0.547041
FCC,0.457329
FCC,0.583492
FCC,0.746943
FCC,0.581442
FCC,0.654716
FCC,0.51896
FCC,0.389657
FCC,0.62236
FCC,0.386328
FCC,0.476766
FCC,0.214065
FCC,0.475345
FCC,0.419669
FCC,0.515438
FCC,0.283041
FCC,0.567493
FCC,0.242761
FCC,0.363663
FCC,0.298086
FCC,0.363204
FCC,0.266642
FCC,0.388771
FCC,0.477842
FCC,0.40735
FCC,0.354258
FCC,0.477844
FCC,0.394356
FCC,0.243393
FCC,0.449394
FCC,0.318715
FCC,0.525987
FCC,0.138466
FCC,0.390173
FCC,0.487841
FCC,0.575644
FCC,0.419763
FCC,0.602672
FCC,0.354498
FCC,0.547013
FCC,0.205756
FCC,0.595531
FCC,0.405884
FCC,0.575832
FCC,0.602244
FCC,0.488528
FCC,0.512792
FCC,0.460859
FCC,0.33715
FCC,0.557761
FCC,0.395579
FCC,0.397254
FCC,0.325185
FCC,0.52452
FCC,0.353929
FCC,0.458948
FCC,0.376592
FCC,0.500864
FCC,0.436449
FCC,0.496165
FCC,0.317501
FCC,0.683961
FCC,0.430271
FCC,0.364778
FCC,0.343417
FCC,0.462037
FCC,0.410455
FCC,0.347748
FCC,0.51629
FCC,0.312819
FCC,0.518688
FCC,0.675596
FCC,0.310446
FCC,0.424167
FCC,0.348693
FCC,0.515992
FCC,0.289296
FCC,0.486175
FCC,0.458298
FCC,0.581797
FCC,0.492245
FCC,0.49015
FCC,0.428885
FCC,0.250736
FCC,0.574608
FCC,0.521084
FCC,0.447351
FCC,0.376829
FCC,0.565852
FCC,0.536833
FCC,0.574334
FCC,0.466959
FCC,0.6459
FCC,0.559417
FCC,0.576545
FCC,0.46389
FCC,0.314084
FCC,0.408719
FCC,0.459967
FCC,0.473954
FCC,0.427714
FCC,0.491331
FCC,0.356568
FCC,0.379044
FCC,0.380348
FCC,0.460252
FCC,0.55202
FCC,0.509509
FCC,0.488859
FCC,0.475949
FCC,0.475432
FCC,0.374129
FCC,0.588231
FCC,0.403543
FCC,0.438639
FCC,0.538883
FCC,0.549051
FCC,0.582068
FCC,0.47063
FCC,0.469141
FCC,0.286875
FCC,0.546295
FCC,0.256947
FCC,0.562477
FCC,0.437189
FCC,0.402768
FCC,0.383761
FCC,0.548954
FCC,0.405044
FCC,0.547436
FCC,0.463703
FCC,0.559444
FCC,0.492303
FCC,0.627012
FCC,0.558232
FCC,0.463586
FCC,0.550279
FCC,0.395488
FCC,0.399482
FCC,0.405151
FCC,0.329042
FCC,0.514251
FCC,0.528345
FCC,0.571651
FCC,0.470339
FCC,0.591901
FCC,0.469202
FCC,0.659315
FCC,0.550198
FCC,0.536293
FCC,0.58875
FCC,0.7401
FCC,0.431341
FCC,0.31943
FCC,0.636961
FCC,0.564657
FCC,0.547521
FCC,0.588641
FCC,0.615093
FCC,0.447745
FCC,0.622562
FCC,0.653526
FCC,0.321968
FCC,0.63734
FCC,0.313857
FCC,0.608173
FCC,0.586539
FCC,0.679335
FCC,0.478392
FCC,0.539232
FCC,0.624319
FCC,0.693066
FCC,0.388967
FCC,0.405162
FCC,0.629866
FCC,0.313749
FCC,0.567119
FCC,0.49996
FCC,0.652479
FCC,0.530546
FCC,0.378466
FCC,0.380922
FCC,0.504263
FCC,0.383692
FCC,0.545057
FCC,0.541739
FCC,0.506836
FCC,0.476355
FCC,0.648285
FCC,0.67347
FCC,0.461778
FCC,0.503514
FCC,0.515995
FCC,0.532947
FCC,0.488505
FCC,0.588884
FCC,0.301558
FCC,0.497988
FCC,0.55317
FCC,0.605084
FCC,0.420316
FCC,0.516162
FCC,0.617372
FCC,0.514571
FCC,0.554235
FCC,0.308963
FCC,0.516957
FCC,0.500035
FCC,0.344111
FCC,0.347434
FCC,0.449304
FCC,0.55864
FCC,0.393622
FCC,0.698443
FCC,0.367967
FCC,0.392103
FCC,0.483509
FCC,0.263975
FCC,0.461872
FCC,0.370857
FCC,0.377099
FCC,0.612769
FCC,0.458337
FCC,0.730552
FCC,0.421679
FCC,0.407633
FCC,0.602778
FCC,0.563143
FCC,0.40143
FCC,0.577066
FCC,0.376334
FCC,0.441302
FCC,0.636839
FCC,0.554095
FCC,0.56349
FCC,0.533044
FCC,0.502776
FCC,0.693585
FCC,0.411918
FCC,0.392036
FCC,0.567312
FCC,0.524058
FCC,0.797025
FCC,0.609803
FCC,0.870594
FCC,0.541483
FCC,0.325917
FCC,0.412357
FCC,0.726166
FCC,0.483569
FCC,0.560665
FCC,0.521333
FCC,0.354067
FCC,0.402257
FCC,0.709602
FCC,0.511056
FCC,0.419502
FCC,0.5369
FCC,0.628311
FCC,0.529048
FCC,0.654957
FCC,0.526507
FCC,0.37519
FCC,0.439877
FCC,0.641127
FCC,0.628589
FCC,0.454094
FCC,0.457814
FCC,0.653579
FCC,0.454706
FCC,0.518935
FCC,0.57788
FCC,0.554143
FCC,0.538945
FCC,0.673262
FCC,0.421417
FCC,0.863801
FCC,0.517342
FCC,0.414542
FCC,0.369968
FCC,0.607624
FCC,0.565233
FCC,0.623597
FCC,0.511493
FCC,0.360654
FCC,0.515378
FCC,0.736213
FCC,0.394018
FCC,0.757513
FCC,0.58598
FCC,0.35062
FCC,0.652334
FCC,0.67622
FCC,0.567362
FCC,0.393069
FCC,0.627837
FCC,0.628436
FCC,0.61238
FCC,0.436002
FCC,0.608204
FCC,0.166156
FCC,0.518854
FCC,0.55045
FCC,0.412188
FCC,0.449684
FCC,0.576536
FCC,0.272714
FCC,0.690614
FCC,0.633832
FCC,0.344633
FCC,0.610432
FCC,0.221503
FCC,0.667032
FCC,0.72399
FCC,0.251806
FCC,0.404186
FCC,0.753276
FCC,0.348113
FCC,0.563758
FCC,0.608257
FCC,0.363074
FCC,0.35818
FCC,0.603937
FCC,0.336863
FCC,0.561947
FCC,0.468671
FCC,0.386215
FCC,0.247051
FCC,0.44307
FCC,0.475689
FCC,0.435678
FCC,0.554443
FCC,0.577134
FCC,0.416968
FCC,0.511709
FCC,0.340689
FCC,0.46094
FCC,0.539835
FCC,0.603502
FCC,0.409732
FCC,0.428187
FCC,0.705206
FCC,0.396655
FCC,0.552138
FCC,0.706406
FCC,0.428071
FCC,0.455473
FCC,0.341632
FCC,0.608981
FCC,0.323282
FCC,0.769064
FCC,0.587094
FCC,0.550235
FCC,0.297112
FCC,0.610176
FCC,0.228593
FCC,0.682206
FCC,0.57472
FCC,0.499019
FCC,0.324146
FCC,0.51695
FCC,0.213414
FCC,0.601692
FCC,0.5736
FCC,0.335897
FCC,0.308883
FCC,0.59647
FCC,0.612109
FCC,0.522031
FCC,0.46421
FCC,0.247159
FCC,0.182266
FCC,0.573171
FCC,0.21331
FCC,0.565514
FCC,0.675451
FCC,0.513112
FCC,0.407936
FCC,0.459751
FCC,0.445014
FCC,0.282053
FCC,0.328594
FCC,0.490403
FCC,0.240655
FCC,0.205484
FCC,0.479083
FCC,0.253007
FCC,0.461854
FCC,0.432707
FCC,0.367795
FCC,0.582921
FCC,0.352509
FCC,0.727207
FCC,0.503219
FCC,0.225701
FCC,0.222414
FCC,0.466613
FCC,0.189815
FCC,0.268206
FCC,0.467464
FCC,0.555515
FCC,0.46272
FCC,0.452981
FCC,0.462452
FCC,0.539003
FCC,0.428426
FCC,0.55663
FCC,0.458206
FCC,0.513907
FCC,0.382128
FCC,0.307255
FCC,0.312476
FCC,0.35426
FCC,0.50258
FCC,0.42465
FCC,0.455789
FCC,0.31355
FCC,0.288841
FCC,0.537259
FCC,0.337518
FCC,0.424542
FCC,0.478642
FCC,0.434116
FCC,0.358156
FCC,0.501914
FCC,0.407853
FCC,0.408535
FCC,0.526467
FCC,0.330934
FCC,0.512799
FCC,0.415711
FCC,0.424237
FCC,0.354166
FCC,0.5413
FCC,0.318336
FCC,0.498393
FCC,0.265127
FCC,0.513667
FCC,0.513494
FCC,0.399071
FCC,0.370333
FCC,0.487574
FCC,0.38108
FCC,0.391447
FCC,0.352812
FCC,0.356925
FCC,0.400521
FCC,0.41858
FCC,0.516318
FCC,0.436588
FCC,0.443586
FCC,0.535943
FCC,0.395902
FCC,0.43691
FCC,0.571518
FCC,0.423683
FCC,0.397416
FCC,0.50137
FCC,0.290108
FCC,0.443766
FCC,0.4146
FCC,0.155983
FCC,0.379321
FCC,0.460525
FCC,0.304534
FCC,0.478275
FCC,0.382564
FCC,0.332172
FCC,0.534476
FCC,0.484309
FCC,0.417944
FCC,0.662631
FCC,0.401432
FCC,0.538424
FCC,0.431033
FCC,0.524688
FCC,0.435018
FCC,0.416121
FCC,0.361269
FCC,0.405153
FCC,0.392216
FCC,0.45584
FCC,0.555214
FCC,0.351606
FCC,0.55825
FCC,0.337025
FCC,0.459136
FCC,0.403988
FCC,0.458204
FCC,0.411069
FCC,0.301069
FCC,0.478558
FCC,0.325102
FCC,0.447559
FCC,0.38007
FCC,0.472246
FCC,0.393443
FCC,0.522605
FCC,0.368395
FCC,0.600109
FCC,0.359622
FCC,0.425817
FCC,0.37211
FCC,0.285812
FCC,0.363225
FCC,0.396248
FCC,0.476225
FCC,0.457624
FCC,0.421534
FCC,0.406926
FCC,0.42481
FCC,0.609476
FCC,0.227869
FCC,0.517504
FCC,0.303037
FCC,0.442289
FCC,0.512452
FCC,0.446114
FCC,0.296908
FCC,0.469827
FCC,0.532431
FCC,0.408185
FCC,0.419424
FCC,0.392899
FCC,0.515215
FCC,0.330226
FCC,0.368688
FCC,0.387969
FCC,0.274812
FCC,0.449456
FCC,0.419373
FCC,0.446701
FCC,0.393298
FCC,0.455692
FCC,0.493288
FCC,0.3304
FCC,0.247485
FCC,0.539967
FCC,0.358209
FCC,0.469857
FCC,0.367443
FCC,0.522212
FCC,0.444666
FCC,0.533721
FCC,0.551303
FCC,0.484994
FCC,0.511175
FCC,0.59542
FCC,0.535524
FCC,0.230697
FCC,0.344925
FCC,0.34065
FCC,0.559138
FCC,0.291814
FCC,0.489118
FCC,0.486273
FCC,0.33084
FCC,0.3799
FCC,0.45835
FCC,0.49212
FCC,0.406479
FCC,0.546544
FCC,0.403539
FCC,0.418139
FCC,0.632644
FCC,0.428484
FCC,0.584246
FCC,0.433295
FCC,0.473965
FCC,0.357899
FCC,0.435832
FCC,0.50105
FCC,0.497313
FCC,0.363677
FCC,0.607542
FCC,0.296358
FCC,0.498016
FCC,0.534262
FCC,0.420794
FCC,0.513566
FCC,0.491412
FCC,0.389577
FCC,0.442821
FCC,0.459773
FCC,0.362697
FCC,0.489159
FCC,0.583853
FCC,0.327555
FCC,0.49588
FCC,0.40728
FCC,0.318522
FCC,0.55527
FCC,0.54087
FCC,0.715115
FCC,0.492087
FCC,0.635164
FCC,0.582256
FCC,0.545533
FCC,0.521396
FCC,0.470264
FCC,0.6511
FCC,0.542922
FCC,0.552964
FCC,0.306484
FCC,0.350447
FCC,0.520619
FCC,0.546619
FCC,0.500602
FCC,0.522154
FCC,0.436387
FCC,0.533231
FCC,0.562899
FCC,0.543578
FCC,0.654717
FCC,0.477063
FCC,0.65866
FCC,0.468024
FCC,0.355773
FCC,0.540664
FCC,0.481148
FCC,0.68198
FCC,0.499576
FCC,0.808932
FCC,0.430999
FCC,0.40789
FCC,0.605303
FCC,0.484
FCC,0.74741
FCC,0.625659
FCC,0.545409
FCC,0.544357
FCC,0.691891
FCC,0.520547
FCC,0.807036
FCC,0.395401
FCC,0.369812
FCC,0.598888
FCC,0.481109
FCC,0.620685
FCC,0.65288
FCC,0.440485
FCC,0.695883
FCC,0.605412
FCC,0.777956
FCC,0.712047
FCC,0.460168
FCC,0.450307
FCC,0.559457
FCC,0.264452
FCC,0.835266
FCC,0.407243
FCC,0.447575
FCC,0.272358
FCC,0.529243
FCC,0.612133
FCC,0.336272
FCC,0.37844
FCC,0.681302
FCC,0.325749
FCC,0.940157
FCC,0.52244
FCC,0.43834
FCC,0.355303
FCC,0.881184
FCC,0.569194
FCC,0.325216
FCC,0.443233
FCC,0.581439
FCC,0.460674
FCC,0.487376
FCC,0.620138
FCC,0.510109
FCC,0.28346
FCC,0.6023
FCC,0.53082
FCC,0.675571
FCC,0.483663
FCC,0.384484
FCC,0.338069
FCC,0.607226
FCC,0.312186
FCC,0.76054
FCC,0.517001
FCC,0.497398
FCC,0.369901
FCC,0.480445
FCC,0.325449
FCC,0.376959
FCC,0.346816
FCC,0.457303
FCC,0.615302
FCC,0.651681
FCC,0.500734
FCC,0.419611
FCC,0.507659
FCC,0.633983
FCC,0.518035
FCC,0.38744
FCC,0.629867
FCC,0.37845
FCC,0.469446
FCC,0.563478
FCC,0.377872
FCC,0.274306
FCC,0.632093
FCC,0.427326
FCC,0.646788
FCC,0.560063
FCC,0.370301
FCC,0.538518
FCC,0.309548
FCC,0.559045
FCC,0.514825
FCC,0.451992
FCC,0.411488
FCC,0.519375
FCC,0.172248
FCC,0.558478
FCC,0.509545
FCC,0.472219
FCC,0.231196
FCC,0.549032
FCC,0.120933
FCC,0.732875
FCC,0.55553
FCC,0.322021
FCC,0.273137
FCC,0.562465
FCC,0.3824
FCC,0.334665
FCC,0.587213
FCC,0.498744
FCC,0.547994
FCC,0.368652
FCC,0.286968
FCC,0.379509
FCC,0.495172
FCC,0.479252
FCC,0.401944
FCC,0.489057
FCC,0.628384
FCC,0.217616
FCC,0.419156
FCC,0.667594
FCC,0.3505
FCC,0.290859
FCC,0.37859
FCC,0.655294
FCC,0.406569
FCC,0.636142
FCC,0.510379
FCC,0.374555
FCC,0.309381
FCC,0.495139
FCC,0.19511
FCC,0.604467
FCC,0.696453
FCC,0.296479
FCC,0.334938
FCC,0.53536
FCC,0.395302
FCC,0.549386
FCC,0.678491
FCC,0.430603
FCC,0.141903
FCC,0.595078
FCC,0.574334
FCC,0.454729
FCC,0.518334
FCC,0.296942
FCC,0.248265
FCC,0.601405
FCC,0.238373
FCC,0.451202
FCC,0.486601
FCC,0.483927
FCC,0.325842
FCC,0.34761
FCC,0.519214
FCC,0.16132
FCC,0.431167
FCC,0.381747
FCC,0.318973
FCC,0.272813
FCC,0.442428
FCC,0.195678
FCC,0.468176
FCC,0.481328
FCC,0.331029
FCC,0.473363
FCC,0.221672
FCC,0.522088
FCC,0.430623
FCC,0.143308
FCC,0.23667
FCC,0.445467
FCC,0.15579
FCC,0.464062
FCC,0.348544
FCC,0.455417
FCC,0.465335
FCC,0.399192
FCC,0.499624
FCC,0.438602
FCC,0.415021
FCC,0.494131
FCC,0.278713
FCC,0.570705
FCC,0.301683
FCC,0.449362
FCC,0.483238
FCC,0.431947
FCC,0.506062
FCC,0.345125
FCC,0.319996
FCC,0.26485
FCC,0.397109
FCC,0.464548
FCC,0.446051
FCC,0.289686
FCC,0.415864
FCC,0.380886
FCC,0.657858
FCC,0.397454
FCC,0.54516
FCC,0.22274
FCC,0.4135
FCC,0.465486
FCC,0.44736
FCC,0.572121
FCC,0.264181
FCC,0.345907
FCC,0.512199
FCC,0.619024
FCC,0.213627
FCC,0.616306
FCC,0.277153
FCC,0.376188
FCC,0.226335
FCC,0.417756
FCC,0.310207
FCC,0.364622
FCC,0.306149
FCC,0.350034
FCC,0.306572
FCC,0.493302
FCC,0.266378
FCC,0.410996
FCC,0.224752
FCC,0.487516
FCC,0.335494
FCC,0.468295
FCC,0.390332
FCC,0.468021
FCC,0.324197
FCC,0.467211
FCC,0.521013
FCC,0.585444
FCC,0.331881
FCC,0.498004
FCC,0.374913
FCC,0.406439
FCC,0.143462
FCC,0.367151
FCC,0.304865
FCC,0.516528
FCC,0.426914
FCC,0.41906
FCC,0.522644
FCC,0.636123
FCC,0.286391
FCC,0.522529
FCC,0.392949
FCC,0.376502
FCC,0.52666
FCC,0.464964
FCC,0.347073
FCC,0.510615
FCC,0.416142
FCC,0.353603
FCC,0.545303
FCC,0.319807
FCC,0.322795
FCC,0.448233
FCC,0.377508
FCC,0.431042
FCC,0.403125
FCC,0.390797
FCC,0.329561
FCC,0.312224
FCC,0.302137
FCC,0.375956
FCC,0.32382
FCC,0.391513
FCC,0.41046
FCC,0.506038
FCC,0.250838
FCC,0.439553
FCC,0.283444
FCC,0.51153
FCC,0.226524
FCC,0.267127
FCC,0.533849
FCC,0.296283
FCC,0.455658
FCC,0.439508
FCC,0.462067
FCC,0.248771
FCC,0.437271
FCC,0.46519
FCC,0.661763
FCC,0.483943
FCC,0.368237
FCC,0.409369
FCC,0.545749
FCC,0.490924
FCC,0.406874
FCC,0.404631
FCC,0.323743
FCC,0.630506
FCC,0.530224
FCC,0.403705
FCC,0.447694
FCC,0.454743
FCC,0.42296
FCC,0.432355
FCC,0.434555
FCC,0.608218
FCC,0.285578
FCC,0.590689
FCC,0.241444
FCC,0.447369
FCC,0.342009
FCC,0.289782
FCC,0.454576
FCC,0.376878
FCC,0.435027
FCC,0.573718
FCC,0.636725
FCC,0.361936
FCC,0.369575
FCC,0.364077
FCC,0.428623
FCC,0.410638
FCC,0.389771
FCC,0.280715
FCC,0.416682
FCC,0.312016
FCC,0.526728
FCC,0.363881
FCC,0.535885
FCC,0.313202
FCC,0.433285
FCC,0.354726
FCC,0.431592
FCC,0.504835
FCC,0.422084
FCC,0.340633
FCC,0.457726
FCC,0.405132
FCC,0.351779
FCC,0.452812
FCC,0.365503
FCC,0.268074
FCC,0.408151
FCC,0.427112
FCC,0.424957
FCC,0.451368
FCC,0.373714
FCC,0.368002
FCC,0.304077
FCC,0.298845
FCC,0.536843
FCC,0.362955
FCC,0.394505
FCC,0.461643
FCC,0.397092
FCC,0.489076
FCC,0.323873
FCC,0.351517
FCC,0.359646
FCC,0.47653
FCC,0.555445
FCC,0.486238
FCC,0.429644
FCC,0.281564
FCC,0.462152
FCC,0.646289
FCC,0.461957
FCC,0.410308
FCC,0.352578
FCC,0.509056
FCC,0.613144
FCC,0.540635
FCC,0.522083
FCC,0.367785
FCC,0.353886
FCC,0.463764
FCC,0.488442
FCC,0.380847
FCC,0.380308
FCC,0.639483
FCC,0.336939
FCC,0.553463
FCC,0.511318
FCC,0.552292
FCC,0.361588
FCC,0.51369
FCC,0.561237
FCC,0.389814
FCC,0.527447
FCC,0.448503
FCC,0.342276
FCC,0.645865
FCC,0.565342
FCC,0.522748
FCC,0.396382
FCC,0.495967
FCC,0.619791
FCC,0.718181
FCC,0.615887
FCC,0.522332
FCC,0.443907
FCC,0.637437
FCC,0.387949
FCC,0.553877
FCC,0.56455
FCC,0.391831
FCC,0.435926
FCC,0.660486
FCC,0.30368
FCC,0.671575
FCC,0.546541
FCC,0.519119
FCC,0.675466
FCC,0.422762
FCC,0.389717
FCC,0.50696
FCC,0.304907
FCC,0.714887
FCC,0.490019
FCC,0.591708
FCC,0.57638
FCC,0.541854
FCC,0.415559
FCC,0.569019
FCC,0.256821
FCC,0.519114
FCC,0.541661
FCC,0.413028
FCC,0.240314
FCC,0.55044
FCC,0.645375
FCC,0.425776
FCC,0.426868
FCC,0.597375
FCC,0.361545
FCC,0.399128
FCC,0.324742
FCC,0.43348
FCC,0.385297
FCC,0.631832
FCC,0.609144
FCC,0.390347
FCC,0.35221
FCC,0.588924
FCC,0.38198
FCC,0.742142
FCC,0.68271
FCC,0.318767
FCC,0.338959
FCC,0.573508
FCC,0.150895
FCC,0.444217
FCC,0.663404
FCC,0.392555
FCC,0.308227
FCC,0.658903
FCC,0.336019
FCC,0.624102
FCC,0.437669
FCC,0.443199
FCC,0.298887
FCC,0.601597
FCC,0.338294
FCC,0.652349
FCC,0.403082
FCC,0.291853
FCC,0.580754
FCC,0.480532
FCC,0.418246
FCC,0.351644
FCC,0.554492
FCC,0.469089
FCC,0.465855
FCC,0.315272
FCC,0.569074
FCC,0.258423
FCC,0.661564
FCC,0.465582
FCC,0.363116
FCC,0.292176
FCC,0.702964
FCC,0.339289
FCC,0.401831
FCC,0.539919
FCC,0.195395
FCC,0.539936
FCC,0.34913
FCC,0.510673
FCC,0.597095
FCC,0.367894
FCC,0.467123
FCC,0.664076
FCC,0.521976
FCC,0.5651
FCC,0.52387
FCC,0.448587
FCC,0.437629
FCC,0.527072
FCC,0.297034
FCC,0.500545
FCC,0.295692
FCC,0.181704
FCC,0.392317
FCC,0.375854
FCC,0.449253
FCC,0.314497
FCC,0.561632
FCC,0.398858
FCC,0.759852
FCC,0.273225
FCC,0.318183
FCC,0.272966
FCC,0.412108
FCC,0.473662
FCC,0.554993
FCC,0.34313
FCC,0.594581
FCC,0.324836
FCC,0.622152
FCC,0.511461
FCC,0.464432
FCC,0.502537
FCC,0.386316
FCC,0.631913
FCC,0.38257
FCC,0.454957
FCC,0.365023
FCC,0.404516
FCC,0.234388
FCC,0.40712
FCC,0.118633
FCC,0.4539
FCC,0.425979
FCC,0.218502
FCC,0.22996
FCC,0.568281
FCC,0.201608
FCC,0.499859
FCC,0.419729
FCC,0.307259
FCC,0.228641
FCC,0.507332
FCC,0.253043
FCC,0.368487
FCC,0.25781
FCC,0.17867
FCC,0.385507
FCC,0.517715
FCC,0.154209
FCC,0.611615
FCC,0.410948
FCC,0.488934
FCC,0.229562
FCC,0.221817
FCC,0.339213
FCC,0.149681
FCC,0.684794
FCC,0.326299
FCC,0.285699
FCC,0.137151
FCC,0.512015
FCC,0.071645
FCC,0.491935
FCC,0.333601
FCC,0.287956
FCC,0.504048
FCC,0.259299
FCC,0.406642
FCC,0.478201
FCC,0.250742
FCC,0.069131
FCC,0.394306
FCC,0.135988
FCC,0.372526
FCC,0.315799
FCC,0.469946
FCC,0.410188
FCC,0.439946
FCC,0.412484
FCC,0.426598
FCC,0.425748
FCC,0.537606
FCC,0.328843
FCC,0.567991
FCC,0.351654
FCC,0.325499
FCC,0.546323
FCC,0.328911
FCC,0.512529
FCC,0.312709
FCC,0.363732
FCC,0.24741
FCC,0.406308
FCC,0.277087
FCC,0.287014
FCC,0.305109
FCC,0.318701
FCC,0.492116
FCC,0.3977
FCC,0.243559
FCC,0.500018
FCC,0.183761
FCC,0.451641
FCC,0.365476
FCC,0.310019
FCC,0.444982
FCC,0.407605
FCC,0.377507
FCC,0.302255
FCC,0.433652
FCC,0.355539
FCC,0.35836
FCC,0.399514
FCC,0.510687
FCC,0.544705
FCC,0.36606
FCC,0.255029
FCC,0.45468
FCC,0.496572
FCC,0.371072
FCC,0.271482
FCC,0.375517
FCC,0.312948
FCC,0.286021
FCC,0.240589
FCC,0.368125
FCC,0.453419
FCC,0.492033
FCC,0.413464
FCC,0.346711
FCC,0.365231
FCC,0.356489
FCC,0.615293
FCC,0.422557
FCC,0.377192
FCC,0.528747
FCC,0.43751
FCC,0.184654
FCC,0.245241
FCC,0.407986
FCC,0.395409
FCC,0.44551
FCC,0.355751
FCC,0.474485
FCC,0.475496
FCC,0.557565
FCC,0.428171
FCC,0.591915
FCC,0.294328
FCC,0.365535
FCC,0.281079
FCC,0.252778
FCC,0.248557
FCC,0.474603
FCC,0.406328
FCC,0.401209
FCC,0.409574
FCC,0.355782
FCC,0.430351
FCC,0.268264
FCC,0.39535
FCC,0.127134
FCC,0.417225
FCC,0.446684
FCC,0.342701
FCC,0.248871
FCC,0.307438
FCC,0.505666
FCC,0.444881
FCC,0.470496
FCC,0.326326
FCC,0.422838
FCC,0.573927
FCC,0.355938
FCC,0.448019
FCC,0.511616
FCC,0.388888
FCC,0.36533
FCC,0.457388
FCC,0.558175
FCC,0.383445
FCC,0.346283
FCC,0.486582
FCC,0.31912
FCC,0.611255
FCC,0.507938
FCC,0.464554
FCC,0.36668
FCC,0.535596
FCC,0.397025
FCC,0.539482
FCC,0.420948
FCC,0.478768
FCC,0.371261
FCC,0.420313
FCC,0.462324
FCC,0.505306
FCC,0.383311
FCC,0.413753
FCC,0.296203
FCC,0.501591
FCC,0.374564
FCC,0.513588
FCC,0.362806
FCC,0.489086
FCC,0.24707
FCC,0.49048
FCC,0.366812
FCC,0.453532
FCC,0.388492
FCC,0.378693
FCC,0.463066
FCC,0.546114
FCC,0.409682
FCC,0.517716
FCC,0.307038
FCC,0.354516
FCC,0.324981
FCC,0.558372
FCC,0.600315
FCC,0.502132
FCC,0.518447
FCC,0.557939
FCC,0.294906
FCC,0.289639
FCC,0.424348
FCC,0.658019
FCC,0.571443
FCC,0.202303
FCC,0.441265
FCC,0.596658
FCC,0.517825
FCC,0.479919
FCC,0.397385
FCC,0.460538
FCC,0.435704
FCC,0.525807
FCC,0.491056
FCC,0.411909
FCC,0.405611
FCC,0.406553
FCC,0.530111
FCC,0.358706
FCC,0.430527
FCC,0.391643
FCC,0.402954
FCC,0.630671
FCC,0.47322
FCC,0.376681
FCC,0.562352
FCC,0.474582
FCC,0.242338
FCC,0.553731
FCC,0.419949
FCC,0.344651
FCC,0.503293
FCC,0.326645
FCC,0.653394
FCC,0.325578
FCC,0.645173
FCC,0.491553
FCC,0.503019
FCC,0.566236
FCC,0.604396
FCC,0.571365
FCC,0.559207
FCC,0.475355
FCC,0.35121
FCC,0.409999
FCC,0.381266
FCC,0.435445
FCC,0.359461
FCC,0.423472
FCC,0.551279
FCC,0.585427
FCC,0.680579
FCC,0.355941
FCC,0.361404
FCC,0.569373
FCC,0.497739
FCC,0.379771
FCC,0.507902
FCC,0.479446
FCC,0.451284
FCC,0.410436
FCC,0.409567
FCC,0.36911
FCC,0.599195
FCC,0.44946
FCC,0.431415
FCC,0.530328
FCC,0.510452
FCC,0.46576
FCC,0.551665
FCC,0.510714
FCC,0.46845
FCC,0.396723
FCC,0.409506
FCC,0.493339
FCC,0.460442
FCC,0.63799
FCC,0.573744
FCC,0.7136
FCC,0.615763
FCC,0.434214
FCC,0.459791
FCC,0.647262
FCC,0.544695
FCC,0.738741
FCC,0.47725
FCC,0.560222
FCC,0.645592
FCC,0.543059
FCC,0.497374
FCC,0.672763
FCC,0.61034
FCC,0.453545
FCC,0.499143
FCC,0.499557
FCC,0.489531
FCC,0.303345
FCC,0.3515
FCC,0.524639
FCC,0.260605
FCC,0.499536
FCC,0.447323
FCC,0.598
FCC,0.62128
FCC,0.521347
FCC,0.536631
FCC,0.357777
FCC,0.50319
FCC,0.676497
FCC,0.24453
FCC,0.635635
FCC,0.444547
FCC,0.339562
FCC,0.323851
FCC,0.693827
FCC,0.594992
FCC,0.386361
FCC,0.193941
FCC,0.594807
FCC,0.346211
FCC,0.410811
FCC,0.628452
FCC,0.286176
FCC,0.369462
FCC,0.55792
FCC,0.319507
FCC,0.741911
FCC,0.506975
FCC,0.414345
FCC,0.383293
FCC,0.630497
FCC,0.635323
FCC,0.727228
FCC,0.522801
FCC,0.32521
FCC,0.318242
FCC,0.483598
FCC,0.317974
FCC,0.539485
FCC,0.448685
FCC,0.415625
FCC,0.608908
FCC,0.521156
FCC,0.454531
FCC,0.247507
FCC,0.499572
FCC,0.920502
FCC,0.513625
FCC,0.197517
FCC,0.470303
FCC,0.476951
FCC,0.474731
FCC,0.459566
FCC,0.363617
FCC,0.315265
FCC,0.665385
FCC,0.325326
FCC,0.665733
FCC,0.447715
FCC,0.473951
FCC,0.658592
FCC,0.341944
FCC,0.442011
FCC,0.518539
FCC,0.292115
FCC,0.290439
FCC,0.609169
FCC,0.150047
FCC,0.650421
FCC,0.391286
FCC,0.284235
FCC,0.260673
FCC,0.548795
FCC,0.342625
FCC,0.556418
FCC,0.425817
FCC,0.28239
FCC,0.341557
FCC,0.599063
FCC,0.182199
FCC,0.321636
FCC,0.494158
FCC,0.226295
FCC,0.546265
FCC,0.357305
FCC,0.320597
FCC,0.124915
FCC,0.44909
FCC,0.618706
FCC,0.366192
FCC,0.386233
FCC,0.576195
FCC,0.265315
FCC,0.614471
FCC,0.445095
FCC,0.382996
FCC,0.448561
FCC,0.245852
FCC,0.518499
FCC,0.294179
FCC,0.721722
FCC,0.531567
FCC,0.523187
FCC,0.327442
FCC,0.585169
FCC,0.37383
FCC,0.502464
FCC,0.463838
FCC,0.38841
FCC,0.189271
FCC,0.445498
FCC,0.186662
FCC,0.759832
FCC,0.549732
FCC,0.23509
FCC,0.257914
FCC,0.505948
FCC,0.212148
FCC,0.68671
FCC,0.255645
FCC,0.345708
FCC,0.114162
FCC,0.388975
FCC,0.27598
FCC,0.44622
FCC,0.613892
FCC,0.528814
FCC,0.404303
FCC,0.332635
FCC,0.48551
FCC,0.35328
FCC,0.501092
FCC,0.418735
FCC,0.210625
FCC,0.210797
FCC,0.567033
FCC,0.224115
FCC,0.412675
FCC,0.34933
FCC,0.536072
FCC,0.66724
FCC,0.282621
FCC,0.607134
FCC,0.477502
FCC,0.159764
FCC,0.121344
FCC,0.543076
FCC,0.146805
FCC,0.490692
FCC,0.399635
FCC,0.39127
FCC,0.454825
FCC,0.343645
FCC,0.246292
FCC,0.518874
FCC,0.205363
FCC,0.45754
FCC,0.420406
FCC,0.359704
FCC,0.5038
FCC,0.537904
FCC,0.364713
FCC,0.386872
FCC,0.468425
FCC,0.427549
FCC,0.425844
FCC,0.400376
FCC,0.478088
FCC,0.442968
FCC,0.422599
FCC,0.374226
FCC,0.446168
FCC,0.571548
FCC,0.621163
FCC,0.353866
FCC,0.540615
FCC,0.421359
FCC,0.441695
FCC,0.575511
FCC,0.499562
FCC,0.571613
FCC,0.474945
FCC,0.429078
FCC,0.407453
FCC,0.446346
FCC,0.398331
FCC,0.586104
FCC,0.440874
FCC,0.3674
FCC,0.313625
FCC,0.424358
FCC,0.378615
FCC,0.433187
FCC,0.616366
FCC,0.501885
FCC,0.297309
FCC,0.568723
FCC,0.409077
FCC,0.365857
FCC,0.440575
FCC,0.476177
FCC,0.306188
FCC,0.514561
FCC,0.483541
FCC,0.666798
FCC,0.357429
FCC,0.511719
FCC,0.642346
FCC,0.527912
FCC,0.290282
FCC,0.548349
FCC,0.38991
FCC,0.566787
FCC,0.394314
FCC,0.618439
FCC,0.432383
FCC,0.455202
FCC,0.501129
FCC,0.253698
FCC,0.348856
FCC,0.491819
FCC,0.356795
FCC,0.609258
FCC,0.373254
FCC,0.474081
FCC,0.479416
FCC,0.366919
FCC,0.360297
FCC,0.478859
FCC,0.394167
FCC,0.449442
FCC,0.455947
FCC,0.420497
FCC,0.487108
FCC,0.36836
FCC,0.49719
FCC,0.289972
FCC,0.396272
FCC,0.452976
FCC,0.428617
FCC,0.334772
FCC,0.38799
FCC,0.503241
FCC,0.310503
FCC,0.400869
FCC,0.465465
FCC,0.599458
FCC,0.386814
FCC,0.357106
FCC,0.36061
FCC,0.585381
FCC,0.360924
FCC,0.330862
FCC,0.452088
FCC,0.488817
FCC,0.471367
FCC,0.452295
FCC,0.602329
FCC,0.412712
FCC,0.331383
FCC,0.604465
FCC,0.47075
FCC,0.391623
FCC,0.479582
FCC,0.459158
FCC,0.240712
FCC,0.549817
FCC,0.495363
FCC,0.389024
FCC,0.530667
FCC,0.487101
FCC,0.563842
FCC,0.294006
FCC,0.192187
FCC,0.439535
FCC,0.379967
FCC,0.520509
FCC,0.333824
FCC,0.363845
FCC,0.419673
FCC,0.501909
FCC,0.417713
FCC,0.475485
FCC,0.643814
FCC,0.466424
FCC,0.531242
FCC,0.423385
FCC,0.512379
FCC,0.506082
FCC,0.484155
FCC,0.492294
FCC,0.222356
FCC,0.454138
FCC,0.43171
FCC,0.427103
FCC,0.43648
FCC,0.386958
FCC,0.665268
FCC,0.405801
FCC,0.54364
FCC,0.431291
FCC,0.541196
FCC,0.310461
FCC,0.439558
FCC,0.440697
FCC,0.538089
FCC,0.38993
FCC,0.29662
FCC,0.29335
FCC,0.372756
FCC,0.610346
FCC,0.423447
FCC,0.574621
FCC,0.420794
FCC,0.509344
FCC,0.429927
FCC,0.403396
FCC,0.493737
FCC,0.504096
FCC,0.579749
FCC,0.505188
FCC,0.433016
FCC,0.426137
FCC,0.496965
FCC,0.496428
FCC,0.408711
FCC,0.452809
FCC,0.37698
FCC,0.58446
FCC,0.389807
FCC,0.565091
FCC,0.660206
FCC,0.438876
FCC,0.471047
FCC,0.597283
FCC,0.40647
FCC,0.336451
FCC,0.402049
FCC,0.53138
FCC,0.448763
FCC,0.320734
FCC,0.472197
FCC,0.558855
FCC,0.332103
FCC,0.567623
FCC,0.282887
FCC,0.327298
FCC,0.448397
FCC,0.516155
FCC,0.363482
FCC,0.478763
FCC,0.408379
FCC,0.565856
FCC,0.361429
FCC,0.385817
FCC,0.530106
FCC,0.488744
FCC,0.482673
FCC,0.331326
FCC,0.440098
FCC,0.40396
FCC,0.533292
FCC,0.346504
FCC,0.353948
FCC,0.47999
FCC,0.371703
FCC,0.585012
FCC,0.458454
FCC,0.497958
FCC,0.534539
FCC,0.557562
FCC,0.652248
FCC,0.466389
FCC,0.41187
FCC,0.686551
FCC,0.421649
FCC,0.591446
FCC,0.731071
FCC,0.412301
FCC,0.44752
FCC,0.599059
FCC,0.411573
FCC,0.578731
FCC,0.485607
FCC,0.747205
FCC,0.632344
FCC,0.398246
FCC,0.415474
FCC,0.629916
FCC,0.609405
FCC,0.642255
FCC,0.571191
FCC,0.471338
FCC,0.531196
FCC,0.507789
FCC,0.392559
FCC,0.40973
FCC,0.383065
FCC,0.492056
FCC,0.507759
FCC,0.512998
FCC,0.308165
FCC,0.766562
FCC,0.651251
FCC,0.459972
FCC,0.35454
FCC,0.653363
FCC,0.427152
FCC,0.458151
FCC,0.536121
FCC,0.437852
FCC,0.437829
FCC,0.794026
FCC,0.530324
FCC,0.46445
FCC,0.55959
FCC,0.568879
FCC,0.470979
FCC,0.673145
FCC,0.508894
FCC,0.464886
FCC,0.430998
FCC,0.558249
FCC,0.553077
FCC,0.618133
FCC,0.609668
FCC,0.265788
FCC,0.359817
FCC,0.582521
FCC,0.266434
FCC,0.633375
FCC,0.498883
FCC,0.448081
FCC,0.271044
FCC,0.590496
FCC,0.326375
FCC,0.686006
FCC,0.34644
FCC,0.446995
FCC,0.449889
FCC,0.523178
FCC,0.313365
FCC,0.366597
FCC,0.61275
FCC,0.638742
FCC,0.585377
FCC,0.349861
FCC,0.591579
FCC,0.257629
FCC,0.689636
FCC,0.531044
FCC,0.446855
FCC,0.326479
FCC,0.53199
FCC,0.433483
FCC,0.600147
FCC,0.680259
FCC,0.277788
FCC,0.660233
FCC,0.226009
FCC,0.585407
FCC,0.520462
FCC,0.322658
FCC,0.340658
FCC,0.619311
FCC,0.396974
FCC,0.532778
FCC,0.45871
FCC,0.446162
FCC,0.269271
FCC,0.476739
FCC,0.305271
FCC,0.533493
FCC,0.312262
FCC,0.225975
FCC,0.447207
FCC,0.494495
FCC,0.447038
FCC,0.308464
FCC,0.554234
FCC,0.467277
FCC,0.771275
FCC,0.362532
FCC,0.312135
FCC,0.353169
FCC,0.49211
FCC,0.382512
FCC,0.26781
FCC,0.313219
FCC,0.597954
FCC,0.329617
FCC,0.455487
FCC,0.655549
FCC,0.325026
FCC,0.184613
FCC,0.175341
FCC,0.493174
FCC,0.353483
FCC,0.577381
FCC,0.498771
FCC,0.267999
FCC,0.27255
FCC,0.4976
FCC,0.193227
FCC,0.579825
FCC,0.419802
FCC,0.319514
FCC,0.134315
FCC,0.389637
FCC,0.167087
FCC,0.509197
FCC,0.638754
FCC,0.374647
FCC,0.220929
FCC,0.552542
FCC,0.285653
FCC,0.515004
FCC,0.506606
FCC,0.27885
FCC,0.322297
FCC,0.412943
FCC,0.060789
FCC,0.529616
FCC,0.482123
FCC,0.454424
FCC,0.484654
FCC,0.230252
FCC,0.472038
FCC,0.243451
FCC,0.726415
FCC,0.290068
FCC,0.309808
FCC,0.278827
FCC,0.457465
FCC,0.225015
FCC,0.462967
FCC,0.471986
FCC,0.129731
FCC,0.477361
FCC,0.234353
FCC,0.42672
FCC,0.497142
FCC,0.288585
FCC,0.277796
FCC,0.460151
FCC,0.318141
FCC,0.461131
FCC,0.351562
FCC,0.354652
FCC,0.38941
FCC,0.398818
FCC,0.502963
FCC,0.452021
FCC,0.208763
FCC,0.445821
FCC,0.454309
FCC,0.293813
FCC,0.486647
FCC,0.357174
FCC,0.457519
FCC,0.380752
FCC,0.357096
FCC,0.410462
FCC,0.380591
FCC,0.371462
FCC,0.462316
FCC,0.522645
FCC,0.377422
FCC,0.615158
FCC,0.238785
FCC,0.363673
FCC,0.460685
FCC,0.381178
FCC,0.371874
FCC,0.397022
FCC,0.497118
FCC,0.329072
FCC,0.303127
FCC,0.451942
FCC,0.599514
FCC,0.281595
FCC,0.458877
FCC,0.40805
FCC,0.469467
FCC,0.535957
FCC,0.539545
FCC,0.278832
FCC,0.5646
FCC,0.294027
FCC,0.346793
FCC,0.469979
FCC,0.521522
FCC,0.206529
FCC,0.398387
FCC,0.347544
FCC,0.53359
FCC,0.286021
FCC,0.523853
FCC,0.446239
FCC,0.343333
FCC,0.322434
FCC,0.460268
FCC,0.221583
FCC,0.406722
FCC,0.29032
FCC,0.212256
FCC,0.34475
FCC,0.626585
FCC,0.402756
FCC,0.555046
FCC,0.394681
FCC,0.488355
FCC,0.360102
FCC,0.419895
FCC,0.424897
FCC,0.606741
FCC,0.314768
FCC,0.41714
FCC,0.47164
FCC,0.669154
FCC,0.396454
FCC,0.631944
FCC,0.570983
FCC,0.463307
FCC,0.35229
FCC,0.382335
FCC,0.361875
FCC,0.351184
FCC,0.41646
FCC,0.148405
FCC,0.403097
FCC,0.327956
FCC,0.407163
FCC,0.357043
FCC,0.494494
FCC,0.331599
FCC,0.470013
FCC,0.507821
FCC,0.433496
FCC,0.491456
FCC,0.36945
FCC,0.453924
FCC,0.287355
FCC,0.439288
FCC,0.36403
FCC,0.410435
FCC,0.385025
FCC,0.390766
FCC,0.422274
FCC,0.494271
FCC,0.389844
FCC,0.335783
FCC,0.384526
FCC,0.338336
FCC,0.391053
FCC,0.429102
FCC,0.436279
FCC,0.648672
FCC,0.246156
FCC,0.392955
FCC,0.326868
FCC,0.429268
FCC,0.433455
FCC,0.483856
FCC,0.408716
FCC,0.455891
FCC,0.392301
FCC,0.526785
FCC,0.408632
FCC,0.524964
FCC,0.392654
FCC,0.47525
FCC,0.29129
FCC,0.470338
FCC,0.396773
FCC,0.477944
FCC,0.388672
FCC,0.578705
FCC,0.416304
FCC,0.387192
FCC,0.418766
FCC,0.57836
FCC,0.497638
FCC,0.440934
FCC,0.347182
FCC,0.265789
FCC,0.471199
FCC,0.481442
FCC,0.422196
FCC,0.46884
FCC,0.278302
FCC,0.503533
FCC,0.365834
FCC,0.366807
FCC,0.278678
FCC,0.227522
FCC,0.565808
FCC,0.362773
FCC,0.504142
FCC,0.486801
FCC,0.459661
FCC,0.266046
FCC,0.408499
FCC,0.362274
FCC,0.432005
FCC,0.324144
FCC,0.407483
FCC,0.418733
FCC,0.344215
FCC,0.452125
FCC,0.60152
FCC,0.504631
FCC,0.188709
FCC,0.368086
FCC,0.349043
FCC,0.441992
FCC,0.453936
FCC,0.253575
FCC,0.51108
FCC,0.518434
FCC,0.184155
FCC,0.426422
FCC,0.292418
FCC,0.50117
FCC,0.446958
FCC,0.31981
FCC,0.679196
FCC,0.515573
FCC,0.480012
FCC,0.388652
FCC,0.499537
FCC,0.28739
FCC,0.446428
FCC,0.401479
FCC,0.29581
FCC,0.332659
FCC,0.479766
FCC,0.45541
FCC,0.338042
FCC,0.30367
FCC,0.399418
FCC,0.476548
FCC,0.482674
FCC,0.362905
FCC,0.35426
FCC,0.420497
FCC,0.393546
FCC,0.415051
FCC,0.313509
FCC,0.366402
FCC,0.21377
FCC,0.580992
FCC,0.436356
FCC,0.483568
FCC,0.361275
FCC,0.602273
FCC,0.59363
FCC,0.386691
FCC,0.438112
FCC,0.689825
FCC,0.633264
FCC,0.630458
FCC,0.3526
FCC,0.36708
FCC,0.591665
FCC,0.258458
FCC,0.560194
FCC,0.433262
FCC,0.415918
FCC,0.679623
FCC,0.392937
FCC,0.548626
FCC,0.37395
FCC,0.401744
FCC,0.650788
FCC,0.318959
FCC,0.440025
FCC,0.726316
FCC,0.457992
FCC,0.363831
FCC,0.517157
FCC,0.316553
FCC,0.748365
FCC,0.430216
FCC,0.463672
FCC,0.49978
FCC,0.517666
FCC,0.307694
FCC,0.6301
FCC,0.169895
FCC,0.435561
FCC,0.406813
FCC,0.684084
FCC,0.500179
FCC,0.376378
FCC,0.451769
FCC,0.666052
FCC,0.385225
FCC,0.575567
FCC,0.562975
FCC,0.43242
FCC,0.275576
FCC,0.68128
FCC,0.691829
FCC,0.296292
FCC,0.313874
FCC,0.642112
FCC,0.445581
FCC,0.609956
FCC,0.571162
FCC,0.390485
FCC,0.266156
FCC,0.725573
FCC,0.637849
FCC,0.461863
FCC,0.334982
FCC,0.494896
FCC,0.211757
FCC,0.731223
FCC,0.555586
FCC,0.31975
FCC,0.461211
FCC,0.687686
FCC,0.329415
FCC,0.691175
FCC,0.575425
FCC,0.308918
FCC,0.42802
FCC,0.499799
FCC,0.410957
FCC,0.506746
FCC,0.526099
FCC,0.411749
FCC,0.318912
FCC,0.57981
FCC,0.538615
FCC,0.391929
FCC,0.482317
FCC,0.487553
FCC,0.596739
FCC,0.423697
FCC,0.391327
FCC,0.279273
FCC,0.621725
FCC,0.430438
FCC,0.504782
FCC,0.374951
FCC,0.531048
FCC,0.258328
FCC,0.747684
FCC,0.571846
FCC,0.346671
FCC,0.317877
FCC,0.609142
FCC,0.226011
FCC,0.461769
FCC,0.499492
FCC,0.26805
FCC,0.471375
FCC,0.182898
FCC,0.387486
FCC,0.507991
FCC,0.403377
FCC,0.180471
FCC,0.593141
FCC,0.435631
FCC,0.468279
FCC,0.536794
FCC,0.398535
FCC,0.334194
FCC,0.647235
FCC,0.607716
FCC,0.626385
FCC,0.4571
FCC,0.404774
FCC,0.219268
FCC,0.51164
FCC,0.335431
FCC,0.333302
FCC,0.607765
FCC,0.387528
FCC,0.706445
FCC,0.258883
FCC,0.230584
FCC,0.37847
FCC,0.359078
FCC,0.464783
FCC,0.264439
FCC,0.337757
FCC,0.38449
FCC,0.347962
FCC,0.478574
FCC,0.538854
FCC,0.539056
FCC,0.299446
FCC,0.313433
FCC,0.43625
FCC,0.340519
FCC,0.436373
FCC,0.372678
FCC,0.273172
FCC,0.254885
FCC,0.599842
FCC,0.43458
FCC,0.559938
FCC,0.354721
FCC,0.356501
FCC,0.335392
FCC,0.499461
FCC,0.236134
FCC,0.469613
FCC,0.4709
FCC,0.308941
FCC,0.364828
FCC,0.501101
FCC,0.29423
FCC,0.477933
FCC,0.490885
FCC,0.282568
FCC,0.182981
FCC,0.471582
FCC,0.224368
FCC,0.424078
FCC,0.407553
FCC,0.512817
FCC,0.521229
FCC,0.203675
FCC,0.524428
FCC,0.374655
FCC,0.386149
FCC,0.289203
FCC,0.335342
FCC,0.2397
FCC,0.407947
FCC,0.11846
FCC,0.6428
FCC,0.493036
FCC,0.240102
FCC,0.605311
FCC,0.374808
FCC,0.293628
FCC,0.383915
FCC,0.319219
FCC,0.199664
FCC,0.481727
FCC,0.060734
FCC,0.447806
FCC,0.328894
FCC,0.37249
FCC,0.61139
FCC,0.384757
FCC,0.451777
FCC,0.398488
FCC,0.396541
FCC,0.532132
FCC,0.35315
FCC,0.326655
FCC,0.39825
FCC,0.198707
FCC,0.511315
FCC,0.373355
FCC,0.420355
FCC,0.419712
FCC,0.275378
FCC,0.468502
FCC,0.386389
FCC,0.456657
FCC,0.426511
FCC,0.468556
FCC,0.357903
FCC,0.311084
FCC,0.463786
FCC,0.379227
FCC,0.306741
FCC,0.440216
FCC,0.580845
FCC,0.513832
FCC,0.335194
FCC,0.481821
FCC,0.420206
FCC,0.450088
FCC,0.196118
FCC,0.447593
FCC,0.492269
FCC,0.49646
FCC,0.594987
FCC,0.510361
FCC,0.484728
FCC,0.391097
FCC,0.498091
FCC,0.333196
FCC,0.530702
FCC,0.287778
FCC,0.4624
FCC,0.413336
FCC,0.538315
FCC,0.253789
FCC,0.568709
FCC,0.355898
FCC,0.451702
FCC,0.220218
FCC,0.350951
FCC,0.297829
FCC,0.457304
FCC,0.289671
FCC,0.509705
FCC,0.32964
FCC,0.411694
FCC,0.378615
FCC,0.593692
FCC,0.468665
FCC,0.393501
FCC,0.418729
FCC,0.478354
FCC,0.464968
FCC,0.421114
FCC,0.328544
FCC,0.498889
FCC,0.338281
FCC,0.595769
FCC,0.508777
FCC,0.45651
FCC,0.446269
FCC,0.480879
FCC,0.33741
FCC,0.491805
FCC,0.398774
FCC,0.393642
FCC,0.421873
FCC,0.414507
FCC,0.310881
FCC,0.460736
FCC,0.458038
FCC,0.326353
FCC,0.36331
FCC,0.441968
FCC,0.270712
FCC,0.358044
FCC,0.277691
FCC,0.44257
FCC,0.26128
FCC,0.499109
FCC,0.459649
FCC,0.406113
FCC,0.301536
FCC,0.391897
FCC,0.386561
FCC,0.448876
FCC,0.400416
FCC,0.436842
FCC,0.342647
FCC,0.543553
FCC,0.391566
FCC,0.304975
FCC,0.473663
FCC,0.401039
FCC,0.512318
FCC,0.347369
FCC,0.395208
FCC,0.457394
FCC,0.333986
FCC,0.438087
FCC,0.388945
FCC,0.376047
FCC,0.419632
FCC,0.398489
FCC,0.360105
FCC,0.526227
FCC,0.46339
FCC,0.374371
FCC,0.312721
FCC,0.49109
FCC,0.351992
FCC,0.297068
FCC,0.327585
FCC,0.469697
FCC,0.233086
FCC,0.494832
FCC,0.363925
FCC,0.39
FCC,0.556174
FCC,0.511189
FCC,0.540687
FCC,0.559078
FCC,0.50682
FCC,0.423677
FCC,0.480481
FCC,0.536729
FCC,0.591788
FCC,0.344688
FCC,0.262848
FCC,0.155927
FCC,0.248249
FCC,0.571816
FCC,0.294757
FCC,0.447251
FCC,0.433146
FCC,0.372034
FCC,0.496737
FCC,0.628152
FCC,0.510212
FCC,0.449921
FCC,0.481123
FCC,0.454368
FCC,0.478549
FCC,0.36792
FCC,0.382683
FCC,0.363797
FCC,0.394894
FCC,0.317008
FCC,0.425706
FCC,0.530238
FCC,0.253526
FCC,0.394056
FCC,0.496431
FCC,0.39625
FCC,0.297425
FCC,0.496252
FCC,0.466667
FCC,0.611345
FCC,0.202466
FCC,0.443915
FCC,0.409135
FCC,0.41429
FCC,0.594702
FCC,0.309938
FCC,0.530184
FCC,0.504717
FCC,0.345972
FCC,0.392518
FCC,0.286413
FCC,0.434312
FCC,0.479228
FCC,0.559233
FCC,0.532777
FCC,0.352627
FCC,0.392653
FCC,0.480298
FCC,0.142038
FCC,0.381137
FCC,0.33458
FCC,0.475936
FCC,0.458193
FCC,0.421489
FCC,0.428837
FCC,0.457103
FCC,0.338025
FCC,0.494199
FCC,0.359832
FCC,0.642456
FCC,0.490101
FCC,0.536761
FCC,0.577617
FCC,0.409843
FCC,0.488072
FCC,0.526732
FCC,0.656385
FCC,0.545171
FCC,0.294459
FCC,0.321419
FCC,0.518658
FCC,0.355768
FCC,0.501849
FCC,0.38865
FCC,0.390805
FCC,0.548322
FCC,0.513084
FCC,0.651036
FCC,0.298016
FCC,0.33584
FCC,0.465427
FCC,0.226822
FCC,0.427211
FCC,0.460876
FCC,0.323652
FCC,0.556954
FCC,0.334817
FCC,0.369584
FCC,0.498183
FCC,0.382046
FCC,0.316105
FCC,0.576689
FCC,0.402054
FCC,0.557032
FCC,0.346248
FCC,0.607227
FCC,0.443306
FCC,0.483586
FCC,0.510209
FCC,0.567699
FCC,0.501508
FCC,0.561533
FCC,0.398928
FCC,0.625589
FCC,0.515318
FCC,0.309497
FCC,0.407753
FCC,0.554042
FCC,0.397661
FCC,0.551134
FCC,0.41783
FCC,0.485503
FCC,0.597829
FCC,0.670408
FCC,0.573233
FCC,0.503316
FCC,0.453858
FCC,0.64626
FCC,0.414797
FCC,0.535084
FCC,0.551225
FCC,0.528214
FCC,0.376928
FCC,0.583824
FCC,0.563413
FCC,0.320756
FCC,0.352632
FCC,0.510143
FCC,0.33725
FCC,0.538219
FCC,0.703089
FCC,0.301601
FCC,0.414014
FCC,0.459132
FCC,0.287244
FCC,0.542736
FCC,0.523166
FCC,0.320308
FCC,0.276036
FCC,0.673015
FCC,0.433619
FCC,0.543626
FCC,0.666481
FCC,0.29309
FCC,0.424767
FCC,0.582671
FCC,0.414907
FCC,0.649741
FCC,0.388764
FCC,0.402912
FCC,0.626273
FCC,0.669106
FCC,0.533911
FCC,0.360038
FCC,0.798504
FCC,0.555903
FCC,0.465942
FCC,0.308403
FCC,0.56047
FCC,0.27909
FCC,0.583929
FCC,0.511446
FCC,0.423152
FCC,0.523066
FCC,0.574066
FCC,0.335915
FCC,0.537244
FCC,0.534038
FCC,0.310673
FCC,0.600541
FCC,0.41111
FCC,0.593231
FCC,0.435649
FCC,0.440723
FCC,0.439251
FCC,0.694048
FCC,0.397289
FCC,0.6836
FCC,0.539283
FCC,0.454827
FCC,0.301659
FCC,0.534645
FCC,0.342735
FCC,0.605624
FCC,0.359484
FCC,0.362532
FCC,0.189519
FCC,0.614474
FCC,0.422002
FCC,0.281694
FCC,0.538944
FCC,0.249829
FCC,0.484173
FCC,0.351569
FCC,0.297941
FCC,0.299485
FCC,0.429821
FCC,0.463501
FCC,0.53227
FCC,0.314651
FCC,0.369145
FCC,0.28329
FCC,0.488861
FCC,0.374031
FCC,0.302707
FCC,0.358342
FCC,0.30438
FCC,0.551953
FCC,0.224858
FCC,0.519641
FCC,0.421718
FCC,0.287434
FCC,0.104056
FCC,0.518295
FCC,0.238726
FCC,0.524898
FCC,0.428891
FCC,0.292829
FCC,0.208304
FCC,0.34541
FCC,0.228197
FCC,0.526271
FCC,0.456795
FCC,0.375245
FCC,0.337248
FCC,0.374388
FCC,0.106145
FCC,0.351907
FCC,0.406195
FCC,0.200349
FCC,0.28386
FCC,0.414561
FCC,0.210156
FCC,0.664036
FCC,0.434455
FCC,0.511884
FCC,0.423079
FCC,0.200083
FCC,0.343303
FCC,0.193947
FCC,0.609782
FCC,0.685587
FCC,0.249328
FCC,0.194076
FCC,0.384612
FCC,0.120821
FCC,0.346949
FCC,0.286397
FCC,0.300069
FCC,0.323328
FCC,0.110824
FCC,0.292505
FCC,0.432903
FCC,0.274616
FCC,0.230052
FCC,0.515511
FCC,0.553495
FCC,0.410363
FCC,0.391048
FCC,0.429336
FCC,0.531646
FCC,0.464523
FCC,0.433955
FCC,0.539136
FCC,0.215502
FCC,0.430775
FCC,0.512989
FCC,0.225844
FCC,0.424922
FCC,0.253794
FCC,0.505023
FCC,0.280799
FCC,0.401575
FCC,0.391177
FCC,0.364858
FCC,0.268791
FCC,0.356366
FCC,0.32291
FCC,0.405142
FCC,0.398482
FCC,0.150922
FCC,0.465407
FCC,0.318548
FCC,0.496523
FCC,0.308772
FCC,0.623605
FCC,0.450516
FCC,0.384895
FCC,0.447702
FCC,0.353138
FCC,0.379462
FCC,0.300769
FCC,0.357138
FCC,0.44015
FCC,0.591141
FCC,0.4467
FCC,0.600102
FCC,0.477853
FCC,0.507625
FCC,0.482298
FCC,0.527586
FCC,0.394653
FCC,0.443335
FCC,0.317249
FCC,0.406904
FCC,0.498425
FCC,0.26954
FCC,0.50497
FCC,0.49755
FCC,0.521401
FCC,0.412402
FCC,0.445825
FCC,0.433883
FCC,0.284715
FCC,0.41892
FCC,0.452141
FCC,0.476311
FCC,0.34113
FCC,0.479834
FCC,0.461159
FCC,0.454215
FCC,0.343892
FCC,0.409816
FCC,0.355652
FCC,0.509901
FCC,0.30792
FCC,0.477346
FCC,0.508555
FCC,0.567139
FCC,0.336069
FCC,0.289044
FCC,0.389
FCC,0.459889
FCC,0.549414
FCC,0.396928
FCC,0.298416
FCC,0.230005
FCC,0.361973
FCC,0.342258
FCC,0.373949
FCC,0.389774
FCC,0.579668
FCC,0.363917
FCC,0.469428
FCC,0.317149
FCC,0.308968
FCC,0.466143
FCC,0.363547
FCC,0.296414
FCC,0.481305
FCC,0.334675
FCC,0.368329
FCC,0.384495
FCC,0.474407
FCC,0.462006
FCC,0.332183
FCC,0.438715
FCC,0.395564
FCC,0.524263
FCC,0.384044
FCC,0.616796
FCC,0.337133
FCC,0.37092
FCC,0.489649
FCC,0.636377
FCC,0.484587
FCC,0.42313
FCC,0.514353
FCC,0.365588
FCC,0.457354
FCC,0.1722
FCC,0.216474
FCC,0.225862
FCC,0.389913
FCC,0.296454
FCC,0.330795
FCC,0.588577
FCC,0.405422
FCC,0.396109
FCC,0.407289
FCC,0.441599
FCC,0.428709
FCC,0.297811
FCC,0.328402
FCC,0.470242
FCC,0.349537
FCC,0.522072
FCC,0.378933
FCC,0.565402
FCC,0.309469
FCC,0.502713
FCC,0.347632
FCC,0.454558
FCC,0.440701
FCC,0.462576
FCC,0.440798
FCC,0.593381
FCC,0.35715
FCC,0.441801
FCC,0.374714
FCC,0.375779
FCC,0.24737
FCC,0.402537
FCC,0.431705
FCC,0.414693
FCC,0.486182
FCC,0.399393
FCC,0.530154
FCC,0.505883
FCC,0.507754
FCC,0.458273
FCC,0.376689
FCC,0.377033
FCC,0.375198
FCC,0.459371
FCC,0.419922
FCC,0.399431
FCC,0.365033
FCC,0.377733
FCC,0.44545
FCC,0.5038
FCC,0.435354
FCC,0.421728
FCC,0.354832
FCC,0.510188
FCC,0.44932
FCC,0.483577
FCC,0.488399
FCC,0.38615
FCC,0.583001
FCC,0.507996
FCC,0.420638
FCC,0.431525
FCC,0.410935
FCC,0.369853
FCC,0.340542
FCC,0.334251
FCC,0.434597
FCC,0.483682
FCC,0.478691
FCC,0.378762
FCC,0.564678
FCC,0.410505
FCC,0.265033
FCC,0.457394
FCC,0.300505
FCC,0.290079
FCC,0.404583
FCC,0.591119
FCC,0.305398
FCC,0.211024
FCC,0.37979
FCC,0.441158
FCC,0.427269
FCC,0.432803
FCC,0.295872
FCC,0.425677
FCC,0.358614
FCC,0.44747
FCC,0.693386
FCC,0.380583
FCC,0.35574
FCC,0.51795
FCC,0.50866
FCC,0.310151
FCC,0.379648
FCC,0.44065
FCC,0.334778
FCC,0.481321
FCC,0.438668
FCC,0.518167
FCC,0.415482
FCC,0.45845
FCC,0.465891
FCC,0.55575
FCC,0.608693
FCC,0.349256
FCC,0.370396
FCC,0.515803
FCC,0.50175
FCC,0.40589
FCC,0.528071
FCC,0.415285
FCC,0.334934
FCC,0.584321
FCC,0.387977
FCC,0.482087
FCC,0.599464
FCC,0.448135
FCC,0.366918
FCC,0.715859
FCC,0.435591
FCC,0.790005
FCC,0.565543
FCC,0.560597
FCC,0.58883
FCC,0.347916
FCC,0.342954
FCC,0.612375
FCC,0.392848
FCC,0.68419
FCC,0.48232
FCC,0.756582
FCC,0.685662
FCC,0.346461
FCC,0.442728
FCC,0.753515
FCC,0.249488
FCC,0.616958
FCC,0.446484
FCC,0.476371
FCC,0.539014
FCC,0.598499
FCC,0.7234
FCC,0.432581
FCC,0.237971
FCC,0.740992
FCC,0.364421
FCC,0.54733
FCC,0.413231
FCC,0.485891
FCC,0.147797
FCC,0.666118
FCC,0.572073
FCC,0.432572
FCC,0.449112
FCC,0.493094
FCC,0.177096
FCC,0.500483
FCC,0.613991
FCC,0.549824
FCC,0.445805
FCC,0.666999
FCC,0.450704
FCC,0.52645
FCC,0.594206
FCC,0.299738
FCC,0.239486
FCC,0.621109
FCC,0.380313
FCC,0.521193
FCC,0.725247
FCC,0.393436
FCC,0.328095
FCC,0.611976
FCC,0.607086
FCC,0.50399
FCC,0.607057
FCC,0.390517
FCC,0.514989
FCC,0.661701
FCC,0.625492
FCC,0.343459
FCC,0.770679
FCC,0.55331
FCC,0.567729
FCC,0.297479
FCC,0.50629
FCC,0.218271
FCC,0.56759
FCC,0.311432
FCC,0.427602
FCC,0.366974
FCC,0.547305
FCC,0.208274
FCC,0.573983
FCC,0.593958
FCC,0.366311
FCC,0.599332
FCC,0.30242
FCC,0.538575
FCC,0.359175
FCC,0.361695
FCC,0.381651
FCC,0.785899
FCC,0.311339
FCC,0.511916
FCC,0.536739
FCC,0.36113
FCC,0.222306
FCC,0.5499
FCC,0.176747
FCC,0.553818
FCC,0.250909
FCC,0.251265
FCC,0.149583
FCC,0.397403
FCC,0.382945
FCC,0.229707
FCC,0.446612
FCC,0.461067
FCC,0.439893
FCC,0.339687
FCC,0.262625
FCC,0.152744
FCC,0.349136
FCC,0.481996
FCC,0.30577
FCC,0.190461
FCC,0.354241
FCC,0.131558
FCC,0.409214
FCC,0.506458
FCC,0.362915
FCC,0.406181
FCC,0.325951
FCC,0.557199
FCC,0.299848
FCC,0.561691
FCC,0.371714
FCC,0.211639
FCC,0.243919
FCC,0.469131
FCC,0.400432
FCC,0.495106
FCC,0.621418
FCC,0.224715
FCC,0.169049
FCC,0.513239
FCC,0.046839
FCC,0.529512
FCC,0.337895
FCC,0.260202
FCC,0.166218
FCC,0.383678
FCC,0.076382
FCC,0.626969
FCC,0.48787
FCC,0.246457
FCC,0.357592
FCC,0.512934
FCC,0.051465
FCC,0.559107
FCC,0.353182
FCC,0.617024
FCC,0.303129
FCC,0.289463
FCC,0.394642
FCC,0.26816
FCC,0.331805
FCC,0.494993
FCC,0.120848
FCC,0.176812
FCC,0.491005
FCC,0.127378
FCC,0.305727
FCC,0.424242
FCC,0.297089
FCC,0.569415
FCC,0.127483
FCC,0.44802
FCC,0.380516
FCC,0.34832
FCC,0.354077
FCC,0.481153
FCC,0.218129
FCC,0.521292
FCC,0.412776
FCC,0.558431
FCC,0.578758
FCC,0.471462
FCC,0.504209
FCC,0.663283
FCC,0.391026
FCC,0.415426
FCC,0.303461
FCC,0.385871
FCC,0.250689
FCC,0.530905
FCC,0.428351
FCC,0.252019
FCC,0.362679
FCC,0.535316
FCC,0.490493
FCC,0.31314
FCC,0.461731
FCC,0.505552
FCC,0.438619
FCC,0.540989
FCC,0.522576
FCC,0.195345
FCC,0.414541
FCC,0.481841
FCC,0.398975
FCC,0.540021
FCC,0.391754
FCC,0.335401
FCC,0.462391
FCC,0.428522
FCC,0.454865
FCC,0.260107
FCC,0.426947
FCC,0.469899
FCC,0.369852
FCC,0.367977
FCC,0.304883
FCC,0.380007
FCC,0.305715
FCC,0.437111
FCC,0.399853
FCC,0.402923
FCC,0.41334
FCC,0.308917
FCC,0.407646
FCC,0.318643
FCC,0.360151
FCC,0.314233
FCC,0.461549
FCC,0.25675
FCC,0.321483
FCC,0.244103
FCC,0.402967
FCC,0.385894
FCC,0.539042
FCC,0.3183
FCC,0.363332
FCC,0.25491
FCC,0.232164
FCC,0.488232
FCC,0.603472
FCC,0.223629
FCC,0.313754
FCC,0.527244
FCC,0.418519
FCC,0.306449
FCC,0.355749
FCC,0.337448
FCC,0.295787
FCC,0.307451
FCC,0.438262
FCC,0.508856
FCC,0.444669
FCC,0.335162
FCC,0.333992
FCC,0.403311
FCC,0.410293
FCC,0.350744
FCC,0.575095
FCC,0.480869
FCC,0.466606
FCC,0.352105
FCC,0.350539
FCC,0.433197
FCC,0.309284
FCC,0.221553
FCC,0.290329
FCC,0.431245
FCC,0.211093
FCC,0.3815
FCC,0.458724
FCC,0.319172
FCC,0.458597
FCC,0.50346
FCC,0.42321
FCC,0.391277
FCC,0.456589
FCC,0.24602
FCC,0.338744
FCC,0.531692
FCC,0.559217
FCC,0.415438
FCC,0.283481
FCC,0.422667
FCC,0.501389
FCC,0.465971
FCC,0.492057
FCC,0.457798
FCC,0.336536
FCC,0.647329
FCC,0.283361
FCC,0.411067
FCC,0.227414
FCC,0.456083
FCC,0.441977
FCC,0.386317
FCC,0.365079
FCC,0.187228
FCC,0.624738
FCC,0.333022
FCC,0.682951
FCC,0.373304
FCC,0.511299
FCC,0.462159
FCC,0.504392
FCC,0.367244
FCC,0.379162
FCC,0.281208
FCC,0.443026
FCC,0.444102
FCC,0.473432
FCC,0.313866
FCC,0.3678
FCC,0.461862
FCC,0.269772
FCC,0.541148
FCC,0.261745
FCC,0.498663
FCC,0.656275
FCC,0.336035
FCC,0.474831
FCC,0.144188
FCC,0.322497
FCC,0.37053
FCC,0.327294
FCC,0.43839
FCC,0.309923
FCC,0.470699
FCC,0.487306
FCC,0.591413
FCC,0.387699
FCC,0.45671
FCC,0.429183
FCC,0.476306
FCC,0.365227
FCC,0.520471
FCC,0.448074
FCC,0.469786
FCC,0.566297
FCC,0.398695
FCC,0.41452
FCC,0.5364
FCC,0.457852
FCC,0.363787
FCC,0.226411
FCC,0.395071
FCC,0.501654
FCC,0.618483
FCC,0.318585
FCC,0.624432
FCC,0.530422
FCC,0.356078
FCC,0.372487
FCC,0.317723
FCC,0.51861
FCC,0.274199
FCC,0.334644
FCC,0.482959
FCC,0.481545
FCC,0.379836
FCC,0.352326
FCC,0.545811
FCC,0.44603
FCC,0.45421
FCC,0.479012
FCC,0.26163
FCC,0.25884
FCC,0.404499
FCC,0.505444
FCC,0.477782
FCC,0.383803
FCC,0.348651
FCC,0.624939
FCC,0.378288
FCC,0.458704
FCC,0.405175
FCC,0.554656
FCC,0.28676
FCC,0.569187
FCC,0.301357
FCC,0.226504
FCC,0.542198
FCC,0.541556
FCC,0.279933
FCC,0.355196
FCC,0.582329
FCC,0.623021
FCC,0.489076
FCC,0.461797
FCC,0.592471
FCC,0.515795
FCC,0.339414
FCC,0.426404
FCC,0.335398
FCC,0.721067
FCC,0.444083
FCC,0.549365
FCC,0.390638
FCC,0.469584
FCC,0.650079
FCC,0.311927
FCC,0.618089
FCC,0.296625
FCC,0.384551
FCC,0.466252
FCC,0.533965
FCC,0.659686
FCC,0.708057
FCC,0.449455
FCC,0.435449
FCC,0.700767
FCC,0.600315
FCC,0.680484
FCC,0.47013
FCC,0.691621
FCC,0.799736
FCC,0.371116
FCC,0.527215
FCC,0.580925
FCC,0.515556
FCC,0.710035
FCC,0.493372
FCC,0.648492
FCC,0.690639
FCC,0.505714
FCC,0.355248
FCC,0.659734
FCC,0.530471
FCC,0.650561
FCC,0.433482
FCC,0.284583
FCC,0.493334
FCC,0.476265
FCC,0.828652
FCC,0.415843
FCC,0.615134
FCC,0.70972
FCC,0.495943
FCC,0.667771
FCC,0.332814
FCC,0.382887
FCC,0.352344
FCC,0.698676
FCC,0.468917
FCC,0.439181
FCC,0.41856
FCC,0.507857
FCC,0.332646
FCC,0.690165
FCC,0.742727
FCC,0.375269
FCC,0.333024
FCC,0.616616
FCC,0.437011
FCC,0.53921
FCC,0.533241
FCC,0.198546
FCC,0.360343
FCC,0.527312
FCC,0.261928
FCC,0.533277
FCC,0.593264
FCC,0.256329
FCC,0.34397
FCC,0.465462
FCC,0.425188
FCC,0.442169
FCC,0.479021
FCC,0.585943
FCC,0.662608
FCC,0.659719
FCC,0.306033
FCC,0.421556
FCC,0.631071
FCC,0.854794
FCC,0.415744
FCC,0.293643
FCC,0.493579
FCC,0.185844
FCC,0.68573
FCC,0.421303
FCC,0.265937
FCC,0.288057
FCC,0.604242
FCC,0.172002
FCC,0.46534
FCC,0.410542
FCC,0.352427
FCC,0.441582
FCC,0.286459
FCC,0.383282
FCC,0.463307
FCC,0.347572
FCC,0.319146
FCC,0.550511
FCC,0.216876
FCC,0.669841
FCC,0.378633
FCC,0.439924
FCC,0.191237
FCC,0.438604
FCC,0.398268
FCC,0.4587
FCC,0.325628
FCC,0.399131
FCC,0.204621
FCC,0.469204
FCC,0.34451
FCC,0.327619
FCC,0.405937
FCC,0.532917
FCC,0.594387
FCC,0.328165
FCC,0.279572
FCC,0.221835
FCC,0.464199
FCC,0.349971
FCC,0.358456
FCC,0.278846
FCC,0.474648
FCC,0.29573
FCC,0.63267
FCC,0.327332
FCC,0.328149
FCC,0.26824
FCC,0.280487
FCC,0.481875
FCC,0.463458
FCC,0.511093
FCC,0.374149
FCC,0.415734
FCC,0.174639
FCC,0.442655
FCC,0.256576
FCC,0.515031
FCC,0.430584
FCC,0.233219
FCC,0.312083
FCC,0.610915
FCC,0.178205
FCC,0.643353
FCC,0.613048
FCC,0.294049
FCC,0.218457
FCC,0.527248
FCC,0.168381
FCC,0.457069
FCC,0.403073
FCC,0.37903
FCC,0.288912
FCC,0.497823
FCC,0.398241
FCC,0.628391
FCC,0.507329
FCC,0.484827
FCC,0.505336
FCC,0.255882
FCC,0.625527
FCC,0.188049
FCC,0.521609
FCC,0.252655
FCC,0.362422
FCC,0.290001
FCC,0.482732
FCC,0.305236
FCC,0.674411
FCC,0.558253
FCC,0.300991
FCC,0.531072
FCC,0.29237
FCC,0.427133
FCC,0.557595
FCC,0.340156
FCC,0.414551
FCC,0.550999
FCC,0.341033
FCC,0.59049
FCC,0.496831
FCC,0.624793
FCC,0.49583
FCC,0.558048
FCC,0.617374
FCC,0.61818
FCC,0.591631
FCC,0.537871
FCC,0.396391
FCC,0.455845
FCC,0.533891
FCC,0.523389
FCC,0.189512
FCC,0.399052
FCC,0.391255
FCC,0.290601
FCC,0.462047
FCC,0.444971
FCC,0.304248
FCC,0.516432
FCC,0.335029
FCC,0.276481
FCC,0.436739
FCC,0.413993
FCC,0.469377
FCC,0.390252
FCC,0.402646
FCC,0.319959
FCC,0.548516
FCC,0.447508
FCC,0.491143
FCC,0.367499
FCC,0.220803
FCC,0.414679
FCC,0.483995
FCC,0.311612
FCC,0.396862
FCC,0.511104
FCC,0.524343
FCC,0.227465
FCC,0.390685
FCC,0.302223
FCC,0.503146
FCC,0.202343
FCC,0.523689
FCC,0.417988
FCC,0.520254
FCC,0.416708
FCC,0.602201
FCC,0.350637
FCC,0.406711
FCC,0.537258
FCC,0.534747
FCC,0.419565
FCC,0.457036
FCC,0.512243
FCC,0.279692
FCC,0.503272
FCC,0.612209
FCC,0.447537
FCC,0.634923
FCC,0.462103
FCC,0.373255
FCC,0.525127
FCC,0.60583
FCC,0.581571
FCC,0.599991
FCC,0.457776
FCC,0.377378
FCC,0.563946
FCC,0.484751
FCC,0.263888
FCC,0.429433
FCC,0.311488
FCC,0.351119
FCC,0.29061
FCC,0.373204
FCC,0.373193
FCC,0.491621
FCC,0.320634
FCC,0.486867
FCC,0.404561
FCC,0.304114
FCC,0.413533
FCC,0.284046
FCC,0.359852
FCC,0.304233
FCC,0.40624
FCC,0.542496
FCC,0.579981
FCC,0.433466
FCC,0.54018
FCC,0.540859
FCC,0.420131
FCC,0.414644
FCC,0.588921
FCC,0.463208
FCC,0.41217
FCC,0.569731
FCC,0.554642
FCC,0.639009
FCC,0.492693
FCC,0.543454
FCC,0.575889
FCC,0.604761
FCC,0.530264
FCC,0.587299
FCC,0.484873
FCC,0.388911
FCC,0.51284
FCC,0.612265
FCC,0.434947
FCC,0.517221
FCC,0.366839
FCC,0.428905
FCC,0.411457
FCC,0.415394
FCC,0.411047
FCC,0.517559
FCC,0.435788
FCC,0.54979
FCC,0.329781
FCC,0.596214
FCC,0.359541
FCC,0.331299
FCC,0.535933
FCC,0.291958
FCC,0.518007
FCC,0.705485
FCC,0.343187
FCC,0.404266
FCC,0.434291
FCC,0.45638
FCC,0.388995
FCC,0.552182
FCC,0.644826
FCC,0.391837
FCC,0.508547
FCC,0.484708
FCC,0.449564
FCC,0.431064
FCC,0.43778
FCC,0.456839
FCC,0.426897
FCC,0.431703
FCC,0.406199
FCC,0.343162
FCC,0.364737
FCC,0.417819
FCC,0.462268
FCC,0.633359
FCC,0.413892
FCC,0.295309
FCC,0.451992
FCC,0.559361
FCC,0.430006
FCC,0.59923
FCC,0.529586
FCC,0.398305
FCC,0.346865
FCC,0.474993
FCC,0.623774
FCC,0.53797
FCC,0.406173
FCC,0.586072
FCC,0.474921
FCC,0.532588
FCC,0.522077
FCC,0.371201
FCC,0.388763
FCC,0.552741
FCC,0.321732
FCC,0.45892
FCC,0.534517
FCC,0.500298
FCC,0.280155
FCC,0.434388
FCC,0.448227
FCC,0.603757
FCC,0.340937
FCC,0.350345
FCC,0.485627
FCC,0.532755
FCC,0.556285
FCC,0.513582
FCC,0.406661
FCC,0.480527
FCC,0.475659
FCC,0.35242
FCC,0.449547
FCC,0.351309
FCC,0.392821
FCC,0.48046
FCC,0.468247
FCC,0.624731
FCC,0.465474
FCC,0.364284
FCC,0.531485
FCC,0.549527
FCC,0.507262
FCC,0.401666
FCC,0.595591
FCC,0.366145
FCC,0.162918
FCC,0.345914
FCC,0.599809
FCC,0.477223
FCC,0.390847
FCC,0.525534
FCC,0.526048
FCC,0.639454
FCC,0.692614
FCC,0.58053
FCC,0.254379
FCC,0.661236
FCC,0.491345
FCC,0.592197
FCC,0.355671
FCC,0.453604
FCC,0.660915
FCC,0.405777
FCC,0.477945
FCC,0.32966
FCC,0.408252
FCC,0.54801
FCC,0.374605
FCC,0.517536
FCC,0.685536
FCC,0.387706
FCC,0.292313
FCC,0.605153
FCC,0.655016
FCC,0.484754
FCC,0.573788
FCC,0.534945
FCC,0.507825
FCC,0.305295
FCC,0.433072
FCC,0.554663
FCC,0.395083
FCC,0.439033
FCC,0.437398
FCC,0.688576
FCC,0.589409
FCC,0.42606
FCC,0.504922
FCC,0.628241
FCC,0.364198
FCC,0.662713
FCC,0.552634
FCC,0.493845
FCC,0.268992
FCC,0.584339
FCC,0.518301
FCC,0.393792
FCC,0.432066
FCC,0.637015
FCC,0.63655
FCC,0.554019
FCC,0.423514
FCC,0.389034
FCC,0.54
FCC,0.517464
FCC,0.546143
FCC,0.286604
FCC,0.230906
FCC,0.481129
FCC,0.370354
FCC,0.443115
FCC,0.612162
FCC,0.295822
FCC,0.360359
FCC,0.479079
FCC,0.339023
FCC,0.572553
FCC,0.484631
FCC,0.245703
FCC,0.286203
FCC,0.421154
FCC,0.231836
FCC,0.481881
FCC,0.505604
FCC,0.274071
FCC,0.286861
FCC,0.627732
FCC,0.601404
FCC,0.516757
FCC,0.497189
FCC,0.390195
FCC,0.696397
FCC,0.600214
FCC,0.386325
FCC,0.303386
FCC,0.534738
FCC,0.790386
FCC,0.532166
FCC,0.274002
FCC,0.574348
FCC,0.224975
FCC,0.596673
FCC,0.494953
FCC,0.356311
FCC,0.277729
FCC,0.548189
FCC,0.305991
FCC,0.503329
FCC,0.459509
FCC,0.390618
FCC,0.48341
FCC,0.187816
FCC,0.526124
FCC,0.378215
FCC,0.384153
FCC,0.366923
FCC,0.688529
FCC,0.333296
FCC,0.629407
FCC,0.542639
FCC,0.326294
FCC,0.237679
FCC,0.504588
FCC,0.240358
FCC,0.556886
FCC,0.399603
FCC,0.277224
FCC,0.447318
FCC,0.605911
FCC,0.334263
FCC,0.223897
FCC,0.549991
FCC,0.220067
FCC,0.671465
FCC,0.399699
FCC,0.309425
FCC,0.497023
FCC,0.617695
FCC,0.403136
FCC,0.404196
FCC,0.259867
FCC,0.44516
FCC,0.337727
FCC,0.547788
FCC,0.330697
FCC,0.380177
FCC,0.559359
FCC,0.363268
FCC,0.486953
FCC,0.181828
FCC,0.453224
FCC,0.634251
FCC,0.325502
FCC,0.4456
FCC,0.709298
FCC,0.339347
FCC,0.636003
FCC,0.713868
FCC,0.247589
FCC,0.074949
FCC,0.475452
FCC,0.364876
FCC,0.681614
FCC,0.575751
FCC,0.264752
FCC,0.309821
FCC,0.581012
FCC,0.162103
FCC,0.805058
FCC,0.652221
FCC,0.542603
FCC,0.334129
FCC,0.744759
FCC,0.403125
FCC,0.708543
FCC,0.511066
FCC,0.443264
FCC,0.450435
FCC,0.285783
FCC,0.613759
FCC,0.413836
FCC,0.520716
FCC,0.330891
FCC,0.408046
FCC,0.330093
FCC,0.498524
FCC,0.141404
FCC,0.53235
FCC,0.681234
FCC,0.376277
FCC,0.572426
FCC,0.219135
FCC,0.689292
FCC,0.626371
FCC,0.523131
FCC,0.296314
FCC,0.526158
FCC,0.318065
FCC,0.642475
FCC,0.294601
FCC,0.54804
FCC,0.781461
FCC,0.455017
FCC,0.477587
FCC,0.624174
FCC,0.244078
FCC,0.31685
FCC,0.466092
FCC,0.369105
FCC,0.398058
FCC,0.407537
FCC,0.554868
FCC,0.34794
FCC,0.483727
FCC,0.465079
FCC,0.397222
FCC,0.488727
FCC,0.522728
FCC,0.399821
FCC,0.4314
FCC,0.46192
FCC,0.330096
FCC,0.393433
FCC,0.417358
FCC,0.238538
FCC,0.470171
FCC,0.274108
FCC,0.286013
FCC,0.408211
FCC,0.349053
FCC,0.430406
FCC,0.414162
FCC,0.359632
FCC,0.394896
FCC,0.300455
FCC,0.334159
FCC,0.436085
FCC,0.285411
FCC,0.300445
FCC,0.565371
FCC,0.630279
FCC,0.4489
FCC,0.497044
FCC,0.429414
FCC,0.465962
FCC,0.356384
FCC,0.455561
FCC,0.472024
FCC,0.674918
FCC,0.379894
FCC,0.270295
FCC,0.531044
FCC,0.406526
FCC,0.297235
FCC,0.511225
FCC,0.483757
FCC,0.360902
FCC,0.334769
FCC,0.377229
FCC,0.387375
FCC,0.448083
FCC,0.311603
FCC,0.354734
FCC,0.431892
FCC,0.445019
FCC,0.423391
FCC,0.324286
FCC,0.349764
FCC,0.208546
FCC,0.481908
FCC,0.595961
FCC,0.249705
FCC,0.470308
FCC,0.218736
FCC,0.405743
FCC,0.418953
FCC,0.521719
FCC,0.575122
FCC,0.38127
FCC,0.389488
FCC,0.524267
FCC,0.528292
FCC,0.39451
FCC,0.451131
FCC,0.553704
FCC,0.390254
FCC,0.410704
FCC,0.464754
FCC,0.457219
FCC,0.414947
FCC,0.664822
FCC,0.308888
FCC,0.471584
FCC,0.362213
FCC,0.485861
FCC,0.402065
FCC,0.407268
FCC,0.511691
FCC,0.482552
FCC,0.432664
FCC,0.487061
FCC,0.49514
FCC,0.383695
FCC,0.488581
FCC,0.481025
FCC,0.68349
FCC,0.540917
FCC,0.462391
FCC,0.396678
FCC,0.60218
FCC,0.494497
FCC,0.384158
FCC,0.442914
FCC,0.517397
FCC,0.314183
FCC,0.419437
FCC,0.475692
FCC,0.42964
FCC,0.432281
FCC,0.599769
FCC,0.402153
FCC,0.551142
FCC,0.612801
FCC,0.471114
FCC,0.380262
FCC,0.324332
FCC,0.310477
FCC,0.359737
FCC,0.459767
FCC,0.504894
FCC,0.528184
FCC,0.463596
FCC,0.506694
FCC,0.623567
FCC,0.427108
FCC,0.486706
FCC,0.615115
FCC,0.636765
FCC,0.464827
FCC,0.653537
FCC,0.68305
FCC,0.438142
FCC,0.372638
FCC,0.511125
FCC,0.330766
FCC,0.475227
FCC,0.437473
FCC,0.495823
FCC,0.428766
FCC,0.442706
FCC,0.574147
FCC,0.583961
FCC,0.443406
FCC,0.330606
FCC,0.387609
FCC,0.395163
FCC,0.590011
FCC,0.447743
FCC,0.459751
FCC,0.637294
FCC,0.413309
FCC,0.689717
FCC,0.310422
FCC,0.622589
FCC,0.461105
FCC,0.449365
FCC,0.657903
FCC,0.542692
FCC,0.62151
FCC,0.469035
FCC,0.552059
FCC,0.393077
FCC,0.335179
FCC,0.603145
FCC,0.530204
FCC,0.447133
FCC,0.370845
FCC,0.48988
FCC,0.508054
FCC,0.448515
FCC,0.460985
FCC,0.589251
FCC,0.52676
FCC,0.495402
FCC,0.300202
FCC,0.505676
FCC,0.362788
FCC,0.598758
FCC,0.519567
FCC,0.387214
FCC,0.633825
FCC,0.533208
FCC,0.454884
FCC,0.724256
FCC,0.647262
FCC,0.77021
FCC,0.406184
FCC,0.62481
FCC,0.545192
FCC,0.621683
FCC,0.521085
FCC,0.34998
FCC,0.477787
FCC,0.502708
FCC,0.655495
FCC,0.517715
FCC,0.516239
FCC,0.482076
FCC,0.401213
FCC,0.432621
FCC,0.674978
FCC,0.317261
FCC,0.524043
FCC,0.287368
FCC,0.399556
FCC,0.449181
FCC,0.524919
FCC,0.65703
FCC,0.380055
FCC,0.368543
FCC,0.643906
FCC,0.393352
FCC,0.628659
FCC,0.513046
FCC,0.41933
FCC,0.680573
FCC,0.425291
FCC,0.536555
FCC,0.573102
FCC,0.354547
FCC,0.374189
FCC,0.618286
FCC,0.366084
FCC,0.528308
FCC,0.386335
FCC,0.639365
FCC,0.530505
FCC,0.465509
FCC,0.272862
FCC,0.474875
FCC,0.429031
FCC,0.549973
FCC,0.348539
FCC,0.635786
FCC,0.481775
FCC,0.362829
FCC,0.447546
FCC,0.602654
FCC,0.093507
FCC,0.419634
FCC,0.360073
FCC,0.47694
FCC,0.577754
FCC,0.510848
FCC,0.585467
FCC,0.30985
FCC,0.392189
FCC,0.679186
FCC,0.278416
FCC,0.496666
FCC,0.339459
FCC,0.22658
FCC,0.484553
FCC,0.573248
FCC,0.544249
FCC,0.334291
FCC,0.300138
FCC,0.523713
FCC,0.498122
FCC,0.461893
FCC,0.474657
FCC,0.465018
FCC,0.324423
FCC,0.551071
FCC,0.118793
FCC,0.636943
FCC,0.503963
FCC,0.359316
FCC,0.455742
FCC,0.375202
FCC,0.4055
FCC,0.431811
FCC,0.730197
FCC,0.293776
FCC,0.334367
FCC,0.608666
FCC,0.331226
FCC,0.582458
FCC,0.411069
FCC,0.328491
FCC,0.556651
FCC,0.616545
FCC,0.400488
FCC,0.435051
FCC,0.64415
FCC,0.642861
FCC,0.615667
FCC,0.293189
FCC,0.597908
FCC,0.201308
FCC,0.65993
FCC,0.641067
FCC,0.370639
FCC,0.502719
FCC,0.509022
FCC,0.286288
FCC,0.5818
FCC,0.459003
FCC,0.33189
FCC,0.576914
FCC,0.463341
FCC,0.543109
FCC,0.56889
FCC,0.464197
FCC,0.476594
FCC,0.655064
FCC,0.389275
FCC,0.476804
FCC,0.380076
FCC,0.301202
FCC,0.315164
FCC,0.521667
FCC,0.380524
FCC,0.714094
FCC,0.516277
FCC,0.361184
FCC,0.305787
FCC,0.402278
FCC,0.494689
FCC,0.284051
FCC,0.476044
FCC,0.266362
FCC,0.697597
FCC,0.316361
FCC,0.353839
FCC,0.260202
FCC,0.505159
FCC,0.316152
FCC,0.224438
FCC,0.286318
FCC,0.521741
FCC,0.319532
FCC,0.508448
FCC,0.526957
FCC,0.548174
FCC,0.319893
FCC,0.321613
FCC,0.521844
FCC,0.376519
FCC,0.555062
FCC,0.306908
FCC,0.354513
FCC,0.354445
FCC,0.505723
FCC,0.207497
FCC,0.500515
FCC,0.438921
FCC,0.447392
FCC,0.295321
FCC,0.52387
FCC,0.196148
FCC,0.600984
FCC,0.367557
FCC,0.310577
FCC,0.159549
FCC,0.479714
FCC,0.240424
FCC,0.607039
FCC,0.469794
FCC,0.185932
FCC,0.205414
FCC,0.440567
FCC,0.115922
FCC,0.567538
FCC,0.457216
FCC,0.499463
FCC,0.533517
FCC,0.354859
FCC,0.451931
FCC,0.119834
FCC,0.515298
FCC,0.405363
FCC,0.403196
FCC,0.211789
FCC,0.639251
FCC,0.38383
FCC,0.545269
FCC,0.45282
FCC,0.499539
FCC,0.455246
FCC,0.341704
FCC,0.362108
FCC,0.479861
FCC,0.326537
FCC,0.195293
FCC,0.416624
FCC,0.345567
FCC,0.585654
FCC,0.395155
FCC,0.551128
FCC,0.584373
FCC,0.295055
FCC,0.46501
FCC,0.58394
FCC,0.289954
FCC,0.354921
FCC,0.386171
FCC,0.463199
FCC,0.464072
FCC,0.414392
FCC,0.270319
FCC,0.514804
FCC,0.552993
FCC,0.342384
FCC,0.185071
FCC,0.580236
FCC,0.315886
FCC,0.540323
FCC,0.392238
FCC,0.418323
FCC,0.23233
FCC,0.447527
FCC,0.333183
FCC,0.433064
FCC,0.326804
FCC,0.439781
FCC,0.438899
FCC,0.218531
FCC,0.495637
FCC,0.253662
FCC,0.271466
FCC,0.407793
FCC,0.520093
FCC,0.436354
FCC,0.462966
FCC,0.396839
FCC,0.485123
FCC,0.269502
FCC,0.669293
FCC,0.311811
FCC,0.582076
FCC,0.398215
FCC,0.556215
FCC,0.468469
FCC,0.435511
FCC,0.469973
FCC,0.575274
FCC,0.349636
FCC,0.417744
FCC,0.455338
FCC,0.431904
FCC,0.348095
FCC,0.375551
FCC,0.281415
FCC,0.269246
FCC,0.510726
FCC,0.352375
FCC,0.373544
FCC,0.528063
FCC,0.335721
FCC,0.382598
FCC,0.278454
FCC,0.537124
FCC,0.377975
FCC,0.503149
FCC,0.424468
FCC,0.493169
FCC,0.440604
FCC,0.508941
FCC,0.297825
FCC,0.539268
FCC,0.397709
FCC,0.428814
FCC,0.241618
FCC,0.421804
FCC,0.481391
FCC,0.545334
FCC,0.406851
FCC,0.560862
FCC,0.451388
FCC,0.527431
FCC,0.556481
FCC,0.543385
FCC,0.365197
FCC,0.432083
FCC,0.683707
FCC,0.425433
FCC,0.63838
FCC,0.540806
FCC,0.508125
FCC,0.47689
FCC,0.462585
FCC,0.522474
FCC,0.41168
FCC,0.302923
FCC,0.6517
FCC,0.605601
FCC,0.472802
FCC,0.572849
FCC,0.553147
FCC,0.349069
FCC,0.358741
FCC,0.694443
FCC,0.527808
FCC,0.513358
FCC,0.463761
FCC,0.628701
FCC,0.589428
FCC,0.402444
FCC,0.277249
FCC,0.342542
FCC,0.470172
FCC,0.472598
FCC,0.286863
FCC,0.55563
FCC,0.458557
FCC,0.555365
FCC,0.553925
FCC,0.567583
FCC,0.516828
FCC,0.478562
FCC,0.313321
FCC,0.434299
FCC,0.496385
FCC,0.483959
FCC,0.489937
FCC,0.583605
FCC,0.398911
FCC,0.5466
FCC,0.459538
FCC,0.652606
FCC,0.464172
FCC,0.403074
FCC,0.678179
FCC,0.573336
FCC,0.451488
FCC,0.436816
FCC,0.538189
FCC,0.393037
FCC,0.359819
FCC,0.402953
FCC,0.310892
FCC,0.476325
FCC,0.501785
FCC,0.403259
FCC,0.562734
FCC,0.607633
FCC,0.580065
FCC,0.374878
FCC,0.39885
FCC,0.380041
FCC,0.38103
FCC,0.494076
FCC,0.465783
FCC,0.475318
FCC,0.355974
FCC,0.558708
FCC,0.46003
FCC,0.645756
FCC,0.409094
FCC,0.50644
FCC,0.466295
FCC,0.375095
FCC,0.386736
FCC,0.422259
FCC,0.464521
FCC,0.470202
FCC,0.503691
FCC,0.391605
FCC,0.293374
FCC,0.405755
FCC,0.466623
FCC,0.518344
FCC,0.660497
FCC,0.501673
FCC,0.68882
FCC,0.510819
FCC,0.418262
FCC,0.366491
FCC,0.397672
FCC,0.464827
FCC,0.50242
FCC,0.653173
FCC,0.331725
FCC,0.617395
FCC,0.492892
FCC,0.582596
FCC,0.551119
FCC,0.358769
FCC,0.354773
FCC,0.503952
FCC,0.38056
FCC,0.521701
FCC,0.341496
FCC,0.501133
FCC,0.580255
FCC,0.512822
FCC,0.482118
FCC,0.346188
FCC,0.372303
FCC,0.542931
FCC,0.371553
FCC,0.397477
FCC,0.516934
FCC,0.509474
FCC,0.315834
FCC,0.404202
FCC,0.479651
FCC,0.475004
FCC,0.577889
FCC,0.377614
FCC,0.467065
FCC,0.649021
FCC,0.430776
FCC,0.511544
FCC,0.338031
FCC,0.531737
FCC,0.648392
FCC,0.313403
FCC,0.661567
FCC,0.455237
FCC,0.319105
FCC,0.613447
FCC,0.355173
FCC,0.629604
FCC,0.522718
FCC,0.419066
FCC,0.484142
FCC,0.605729
FCC,0.30733
FCC,0.401894
FCC,0.507263
FCC,0.595253
FCC,0.601705
FCC,0.397665
FCC,0.438327
FCC,0.650726
FCC,0.606899
FCC,0.585008
FCC,0.388396
FCC,0.659045
FCC,0.672102
FCC,0.380029
FCC,0.312542
FCC,0.638663
FCC,0.311366
FCC,0.642928
FCC,0.416435
FCC,0.467973
FCC,0.490638
FCC,0.469223
FCC,0.541777
FCC,0.345908
FCC,0.39126
FCC,0.652833
FCC,0.284196
FCC,0.45908
FCC,0.55407
FCC,0.457209
FCC,0.321737
FCC,0.685326
FCC,0.674033
FCC,0.437717
FCC,0.335251
FCC,0.590618
FCC,0.180049
FCC,0.470437
FCC,0.61818
FCC,0.326844
FCC,0.237015
FCC,0.515095
FCC,0.278048
FCC,0.539657
FCC,0.608243
FCC,0.322986
FCC,0.38909
FCC,0.530402
FCC,0.517824
FCC,0.758114
FCC,0.581931
FCC,0.418864
FCC,0.369631
FCC,0.702459
FCC,0.529615
FCC,0.403348
FCC,0.429589
FCC,0.356654
FCC,0.702938
FCC,0.959645
FCC,0.536806
FCC,0.289319
FCC,0.646614
FCC,0.431581
FCC,0.640804
FCC,0.313195
FCC,0.484621
FCC,0.340669
FCC,0.419547
FCC,0.536152
FCC,0.482246
FCC,0.369621
FCC,0.708368
FCC,0.33802
FCC,0.750602
FCC,0.521528
FCC,0.293231
FCC,0.681795
FCC,0.185788
FCC,0.595603
FCC,0.514677
FCC,0.451055
FCC,0.357862
FCC,0.715567
FCC,0.254337
FCC,0.575054
FCC,0.376219
FCC,0.213062
FCC,0.200503
FCC,0.434511
FCC,0.502243
FCC,0.60884
FCC,0.248681
FCC,0.458242
FCC,0.318106
FCC,0.571955
FCC,0.378482
FCC,0.164602
FCC,0.575993
FCC,0.420353
FCC,0.419576
FCC,0.442954
FCC,0.30375
FCC,0.331702
FCC,0.572712
FCC,0.525856
FCC,0.410675
FCC,0.248816
FCC,0.47244
FCC,0.453151
FCC,0.466098
FCC,0.651295
FCC,0.447742
FCC,0.367313
FCC,0.337666
FCC,0.599525
FCC,0.205717
FCC,0.589121
FCC,0.509529
FCC,0.368703
FCC,0.333125
FCC,0.529044
FCC,0.306623
FCC,0.60595
FCC,0.590695
FCC,0.272668
FCC,0.262356
FCC,0.557477
FCC,0.359735
FCC,0.617105
FCC,0.415574
FCC,0.272867
FCC,0.290427
FCC,0.489512
FCC,0.302214
FCC,0.655709
FCC,0.600855
FCC,0.261882
FCC,0.376135
FCC,0.648261
FCC,0.454515
FCC,0.725203
FCC,0.50233
FCC,0.511875
FCC,0.44601
FCC,0.220402
FCC,0.531099
FCC,0.137338
FCC,0.488243
FCC,0.423018
FCC,0.27911
FCC,0.293244
FCC,0.406631
FCC,0.262747
FCC,0.471981
FCC,0.465569
FCC,0.322788
FCC,0.736241
FCC,0.27395
FCC,0.326607
FCC,0.394014
FCC,0.280694
FCC,0.18691
FCC,0.398766
FCC,0.191202
FCC,0.464179
FCC,0.379638
FCC,0.533898
FCC,0.393292
FCC,0.412169
FCC,0.371397
FCC,0.436047
FCC,0.392126
FCC,0.306351
FCC,0.242181
FCC,0.415418
FCC,0.292691
FCC,0.344674
FCC,0.597462
FCC,0.215034
FCC,0.547556
FCC,0.421673
FCC,0.363628
FCC,0.221034
FCC,0.56627
FCC,0.350167
FCC,0.603044
FCC,0.320459
FCC,0.337252
FCC,0.381623
FCC,0.342695
FCC,0.379136
FCC,0.622191
FCC,0.451883
FCC,0.380529
FCC,0.453408
FCC,0.358269
FCC,0.550044
FCC,0.299829
FCC,0.465463
FCC,0.460439
FCC,0.477349
FCC,0.401303
FCC,0.516426
FCC,0.399136
FCC,0.372115
FCC,0.443899
FCC,0.469224
FCC,0.279752
FCC,0.362083
FCC,0.413301
FCC,0.399019
FCC,0.535968
FCC,0.406625
FCC,0.322705
FCC,0.378813
FCC,0.485737
FCC,0.526632
FCC,0.49627
FCC,0.512616
FCC,0.421293
FCC,0.586712
FCC,0.363134
FCC,0.425923
FCC,0.528177
FCC,0.565339
FCC,0.428111
FCC,0.540895
FCC,0.32589
FCC,0.519532
FCC,0.465487
FCC,0.663479
FCC,0.404803
FCC,0.560325
FCC,0.576626
FCC,0.51007
FCC,0.498745
FCC,0.519729
FCC,0.414179
FCC,0.590585
FCC,0.271419
FCC,0.441482
FCC,0.314848
FCC,0.567197
FCC,0.550029
FCC,0.483447
FCC,0.583521
FCC,0.489993
FCC,0.394067
FCC,0.503532
FCC,0.522338
FCC,0.612952
FCC,0.475599
FCC,0.449136
FCC,0.557642
FCC,0.420885
FCC,0.519581
FCC,0.505157
FCC,0.503415
FCC,0.450786
FCC,0.541488
FCC,0.488076
FCC,0.623328
FCC,0.549332
FCC,0.60511
FCC,0.61501
FCC,0.584152
FCC,0.808034
FCC,0.482999
FCC,0.427967
FCC,0.534441
FCC,0.448376
FCC,0.516594
FCC,0.496131
FCC,0.585186
FCC,0.451118
FCC,0.37666
FCC,0.585138
FCC,0.350343
FCC,0.487126
FCC,0.284864
FCC,0.546715
FCC,0.403392
FCC,0.580977
FCC,0.727972
FCC,0.68955
FCC,0.538087
FCC,0.635907
FCC,0.549565
FCC,0.714349
FCC,0.357257
FCC,0.506834
FCC,0.589008
FCC,0.532852
FCC,0.350338
FCC,0.580926
FCC,0.401736
FCC,0.478454
FCC,0.506161
FCC,0.741285
FCC,0.465972
FCC,0.633774
FCC,0.686823
FCC,0.415517
FCC,0.535072
FCC,0.5403
FCC,0.568592
FCC,0.481439
FCC,0.456254
FCC,0.513531
FCC,0.47198
FCC,0.509303
FCC,0.371076
FCC,0.345282
FCC,0.562984
FCC,0.556693
FCC,0.738421
FCC,0.403095
FCC,0.494221
FCC,0.486584
FCC,0.506994
FCC,0.397307
FCC,0.470013
FCC,0.446194
FCC,0.458413
FCC,0.597499
FCC,0.474618
FCC,0.551224
FCC,0.478907
FCC,0.621377
FCC,0.516194
FCC,0.567579
FCC,0.562418
FCC,0.420123
FCC,0.404552
FCC,0.369027
FCC,0.689898
FCC,0.576094
FCC,0.601295
FCC,0.469441
FCC,0.590198
FCC,0.613968
FCC,0.536189
FCC,0.605132
FCC,0.628467
FCC,0.580651
FCC,0.44817
FCC,0.535039
FCC,0.644301
FCC,0.742032
FCC,0.573116
FCC,0.568333
FCC,0.518413
FCC,0.525859
FCC,0.729965
FCC,0.572079
FCC,0.587989
FCC,0.330478
FCC,0.364294
FCC,0.600986
FCC,0.445406
FCC,0.663032
FCC,0.439899
FCC,0.431975
FCC,0.674174
FCC,0.46721
FCC,0.580407
FCC,0.335478
FCC,0.375237
FCC,0.62849
FCC,0.531106
FCC,0.523804
FCC,0.428721
FCC,0.436964
FCC,0.561978
FCC,0.489906
FCC,0.407263
FCC,0.37282
FCC,0.584215
FCC,0.356048
FCC,0.603529
FCC,0.404701
FCC,0.225763
FCC,0.54625
FCC,0.416315
FCC,0.645226
FCC,0.33722
FCC,0.27807
FCC,0.670574
FCC,0.432365
FCC,0.42968
FCC,0.432307
FCC,0.25812
FCC,0.507865
FCC,0.406023
FCC,0.832611
FCC,0.475196
FCC,0.468392
FCC,0.470296
FCC,0.680508
FCC,0.437677
FCC,0.576676
FCC,0.551811
FCC,0.538243
FCC,0.712271
FCC,0.419849
FCC,0.373321
FCC,0.70179
FCC,0.466923
FCC,0.640667
FCC,0.405821
FCC,0.685109
FCC,0.718513
FCC,0.415811
FCC,0.314306
FCC,0.652866
FCC,0.361332
FCC,0.747526
FCC,0.400557
FCC,0.518302
FCC,0.529056
FCC,0.745487
FCC,0.492976
FCC,0.428651
FCC,0.460315
FCC,0.709437
FCC,0.354377
FCC,0.598582
FCC,0.511759
FCC,0.579782
FCC,0.687216
FCC,0.683278
FCC,0.554651
FCC,0.393273
FCC,0.250679
FCC,0.657842
FCC,0.26499
FCC,0.698535
FCC,0.875373
FCC,0.382832
FCC,0.396918
FCC,0.665301
FCC,0.486234
FCC,0.593899
FCC,0.698701
FCC,0.393879
FCC,0.383918
FCC,0.68653
FCC,0.2993
FCC,0.966073
FCC,0.571665
FCC,0.524114
FCC,0.38419
FCC,0.550879
FCC,0.406616
FCC,0.365692
FCC,0.509335
FCC,0.47137
FCC,0.644221
FCC,0.584284
FCC,0.34744
FCC,0.418909
FCC,0.56094
FCC,0.720183
FCC,0.493709
FCC,0.43617
FCC,0.644173
FCC,0.489457
FCC,0.456938
FCC,0.536537
FCC,0.415213
FCC,0.395896
FCC,0.694399
FCC,0.37961
FCC,0.632977
FCC,0.55734
FCC,0.460718
FCC,0.547456
FCC,0.41748
FCC,0.610718
FCC,0.575058
FCC,0.45155
FCC,0.391961
FCC,0.733631
FCC,0.495815
FCC,0.705273
FCC,0.582052
FCC,0.618556
FCC,0.332176
FCC,0.60525
FCC,0.544293
FCC,0.582214
FCC,0.396598
FCC,0.341817
FCC,0.323513
FCC,0.587005
FCC,0.436409
FCC,0.300843
FCC,0.574871
FCC,0.459378
FCC,0.596838
FCC,0.42376
FCC,0.283444
FCC,0.309411
FCC,0.323949
FCC,0.479155
FCC,0.502961
FCC,0.323181
FCC,0.55828
FCC,0.362759
FCC,0.56521
FCC,0.589013
FCC,0.434707
FCC,0.26443
FCC,0.360978
FCC,0.609434
FCC,0.274113
FCC,0.569025
FCC,0.315176
FCC,0.370603
FCC,0.383831
FCC,0.46513
FCC,0.31318
FCC,0.481699
FCC,0.526311
FCC,0.320596
FCC,0.21328
FCC,0.598354
FCC,0.379694
FCC,0.448213
FCC,0.365147
FCC,0.259573
FCC,0.291504
FCC,0.421527
FCC,0.401452
FCC,0.441353
FCC,0.425999
FCC,0.296846
FCC,0.26562
FCC,0.586673
FCC,0.249369
FCC,0.534936
FCC,0.509257
FCC,0.510211
FCC,0.511959
FCC,0.289184
FCC,0.491361
FCC,0.292486
FCC,0.405309
FCC,0.440074
FCC,0.321083
FCC,0.292886
FCC,0.430678
FCC,0.342187
FCC,0.664904
FCC,0.396449
FCC,0.233825
FCC,0.467761
FCC,0.309222
FCC,0.266226
FCC,0.701331
FCC,0.271682
FCC,0.218671
FCC,0.571901
FCC,0.205992
FCC,0.35701
FCC,0.486842
FCC,0.416029
FCC,0.480708
FCC,0.402707
FCC,0.401114
FCC,0.612511
FCC,0.189144
FCC,0.484794
FCC,0.552996
FCC,0.341194
FCC,0.50291
FCC,0.29707
FCC,0.483477
FCC,0.411547
FCC,0.29215
FCC,0.483274
FCC,0.536853
FCC,0.578794
FCC,0.495186
FCC,0.62159
FCC,0.55736
FCC,0.493276
FCC,0.467953
FCC,0.392727
FCC,0.375014
FCC,0.624668
FCC,0.353471
FCC,0.513438
FCC,0.492044
FCC,0.33334
FCC,0.487772
FCC,0.399799
FCC,0.309675
FCC,0.585221
FCC,0.371262
FCC,0.512078
FCC,0.411853
FCC,0.47201
FCC,0.657249
FCC,0.31839
FCC,0.462491
FCC,0.543969
FCC,0.51081
FCC,0.515697
FCC,0.550089
FCC,0.611101
FCC,0.330068
FCC,0.591985
FCC,0.467874
FCC,0.506037
FCC,0.532442
FCC,0.302594
FCC,0.645568
FCC,0.561485
FCC,0.608434
FCC,0.372081
FCC,0.466395
FCC,0.454706
FCC,0.387408
FCC,0.438738
FCC,0.5329
FCC,0.484515
FCC,0.498872
FCC,0.54558
FCC,0.501696
FCC,0.638964
FCC,0.623286
FCC,0.515002
FCC,0.507626
FCC,0.729769
FCC,0.421808
FCC,0.64249
FCC,0.606476
FCC,0.413172
FCC,0.646985
FCC,0.437904
FCC,0.357998
FCC,0.434462
FCC,0.340826
FCC,0.462236
FCC,0.386916
FCC,0.34074
FCC,0.432774
FCC,0.470505
FCC,0.521568
FCC,0.515755
FCC,0.466763
FCC,0.392776
FCC,0.499284
FCC,0.416503
FCC,0.262583
FCC,0.389312
FCC,0.534123
FCC,0.407775
FCC,0.524906
FCC,0.186898
FCC,0.511471
FCC,0.573293
FCC,0.530168
FCC,0.391353
FCC,0.516608
FCC,0.527695
FCC,0.515156
FCC,0.389349
FCC,0.402672
FCC,0.511923
FCC,0.44466
FCC,0.565463
FCC,0.466421
FCC,0.626019
FCC,0.445198
FCC,0.6602
FCC,0.525826
FCC,0.468916
FCC,0.415923
FCC,0.426433
FCC,0.581656
FCC,0.514292
FCC,0.446962
FCC,0.654276
FCC,0.486474
FCC,0.533367
FCC,0.559046
FCC,0.620742
FCC,0.445436
FCC,0.484908
FCC,0.398241
FCC,0.526898
FCC,0.516598
FCC,0.543238
FCC,0.432668
FCC,0.586189
FCC,0.518105
FCC,0.529729
FCC,0.470248
FCC,0.67631
FCC,0.441605
FCC,0.554778
FCC,0.655082
FCC,0.599869
FCC,0.729326
FCC,0.624847
FCC,0.48857
FCC,0.578949
FCC,0.383699
FCC,0.391667
FCC,0.522223
FCC,0.398525
FCC,0.736711
FCC,0.4894
FCC,0.52687
FCC,0.546091
FCC,0.684423
FCC,0.57417
FCC,0.478136
FCC,0.392344
FCC,0.436569
FCC,0.491847
FCC,0.551538
FCC,0.620447
FCC,0.393469
FCC,0.426135
FCC,0.544856
FCC,0.820134
FCC,0.370999
FCC,0.61826
FCC,0.483076
FCC,0.571937
FCC,0.639934
FCC,0.527699
FCC,0.594396
FCC,0.616194
FCC,0.620157
FCC,0.572726
FCC,0.546695
FCC,0.597234
FCC,0.46845
FCC,0.636866
FCC,0.560983
FCC,0.526239
FCC,0.447428
FCC,0.456643
FCC,0.458038
FCC,0.623972
FCC,0.708716
FCC,0.445114
FCC,0.664181
FCC,0.610039
FCC,0.493924
FCC,0.545582
FCC,0.653406
FCC,0.479603
FCC,0.649155
FCC,0.392882
FCC,0.495119
FCC,0.484009
FCC,0.625795
FCC,0.960093
FCC,0.359248
FCC,0.455606
FCC,0.639118
FCC,0.41616
FCC,0.569058
FCC,0.470445
FCC,0.604525
FCC,0.35853
FCC,0.382479
FCC,0.448171
FCC,0.570964
FCC,0.302714
FCC,0.393972
FCC,0.385694
FCC,0.485956
FCC,0.291369
FCC,0.539576
FCC,0.391985
FCC,0.341282
FCC,0.493329
FCC,0.361336
FCC,0.689347
FCC,0.267073
FCC,0.379963
FCC,0.527956
FCC,0.361759
FCC,0.723728
FCC,0.378346
FCC,0.472835
FCC,0.525676
FCC,0.477402
FCC,0.596282
FCC,0.6548
FCC,0.328414
FCC,0.337062
FCC,0.53817
FCC,0.518974
FCC,0.370416
FCC,0.531285
FCC,0.763843
FCC,0.499476
FCC,0.317789
FCC,0.335585
FCC,0.567256
FCC,0.433612
FCC,0.694361
FCC,0.425337
FCC,0.536093
FCC,0.626065
FCC,0.590603
FCC,0.440333
FCC,0.581003
FCC,0.43787
FCC,0.426349
FCC,0.524494
FCC,0.380248
FCC,0.265719
FCC,0.423055
FCC,0.51037
FCC,0.581804
FCC,0.351837
FCC,0.527368
FCC,0.260227
FCC,0.588695
FCC,0.390523
FCC,0.484005
FCC,0.315916
FCC,0.659462
FCC,0.666314
FCC,0.233427
FCC,0.359265
FCC,0.515784
FCC,0.179508
FCC,0.627163
FCC,0.573512
FCC,0.514463
FCC,0.368539
FCC,0.636181
FCC,0.344324
FCC,0.528369
FCC,0.548389
FCC,0.35273
FCC,0.350028
FCC,0.588538
FCC,0.240301
FCC,0.50541
FCC,0.510588
FCC,0.4365
FCC,0.30481
FCC,0.503456
FCC,0.400594
FCC,0.662279
FCC,0.519234
FCC,0.257808
FCC,0.658536
FCC,0.735487
FCC,0.412158
FCC,0.380899
FCC,0.588433
FCC,0.7018
FCC,0.449409
FCC,0.336529
FCC,0.54774
FCC,0.407362
FCC,0.768214
FCC,0.460111
FCC,0.419912
FCC,0.328424
FCC,0.631698
FCC,0.524403
FCC,0.643624
FCC,0.454306
FCC,0.358788
FCC,0.650371
FCC,0.456432
FCC,0.327836
FCC,0.482663
FCC,0.497072
FCC,0.364808
FCC,0.666823
FCC,0.267981
FCC,0.586903
FCC,0.560402
FCC,0.47247
FCC,0.37306
FCC,0.506766
FCC,0.187924
FCC,0.607185
FCC,0.465843
FCC,0.306355
FCC,0.371205
FCC,0.339366
FCC,0.319572
FCC,0.220229
FCC,0.547484
FCC,0.103297
FCC,0.41259
FCC,0.323898
FCC,0.189311
FCC,0.408414
FCC,0.526872
FCC,0.548481
FCC,0.259874
FCC,0.378987
FCC,0.591831
FCC,0.291747
FCC,0.581822
FCC,0.563501
FCC,0.427277
FCC,0.491967
FCC,0.366522
FCC,0.54857
FCC,0.290358
FCC,0.660261
FCC,0.499555
FCC,0.444075
FCC,0.254883
FCC,0.565654
FCC,0.391045
FCC,0.568028
FCC,0.572612
FCC,0.296195
FCC,0.27001
FCC,0.637073
FCC,0.249451
FCC,0.77221
FCC,0.612445
FCC,0.292247
FCC,0.321686
FCC,0.662657
FCC,0.245237
FCC,0.58959
FCC,0.502909
FCC,0.228375
FCC,0.301657
FCC,0.654138
FCC,0.355179
FCC,0.58084
FCC,0.570112
FCC,0.415591
FCC,0.510985
FCC,0.522661
FCC,0.476569
FCC,0.194139
FCC,0.432136
FCC,0.405918
FCC,0.363983
FCC,0.239071
FCC,0.536897
FCC,0.200167
FCC,0.624599
FCC,0.500963
FCC,0.288697
FCC,0.403961
FCC,0.141328
FCC,0.641631
FCC,0.378198
FCC,0.199648
FCC,0.269782
FCC,0.54772
FCC,0.144581
FCC,0.647579
FCC,0.269592
FCC,0.395295
FCC,0.671993
FCC,0.366229
FCC,0.396355
FCC,0.43983
FCC,0.357819
FCC,0.400973
FCC,0.44164
FCC,0.225207
FCC,0.417725
FCC,0.241521
FCC,0.190331
FCC,0.562172
FCC,0.589652
FCC,0.20119
FCC,0.591297
FCC,0.299779
FCC,0.425003
FCC,0.232382
FCC,0.531108
FCC,0.62459
FCC,0.272692
FCC,0.716869
FCC,0.296916
FCC,0.310296
FCC,0.445479
FCC,0.321711
FCC,0.423035
FCC,0.246632
FCC,0.192571
FCC,0.449477
FCC,0.227682
FCC,0.537219
FCC,0.241095
FCC,0.407228
FCC,0.39018
FCC,0.507695
FCC,0.359898
FCC,0.417856
FCC,0.3744
FCC,0.402421
FCC,0.514653
FCC,0.169615
FCC,0.510936
FCC,0.315897
FCC,0.273318
FCC,0.32775
FCC,0.499659
FCC,0.245183
FCC,0.594623
FCC,0.186797
FCC,0.334312
FCC,0.412505
FCC,0.448273
FCC,0.139454
FCC,0.355724
FCC,0.289843
FCC,0.432506
FCC,0.568452
FCC,0.516361
FCC,0.302308
FCC,0.658777
FCC,0.2462
FCC,0.375679
FCC,0.617463
FCC,0.59295
FCC,0.289353
FCC,0.488463
FCC,0.278763
FCC,0.45914
FCC,0.424238
FCC,0.572715
FCC,0.306173
FCC,0.534792
FCC,0.475827
FCC,0.25108
FCC,0.420668
FCC,0.451175
FCC,0.265769
FCC,0.380623
FCC,0.385427
FCC,0.324496
FCC,0.483937
FCC,0.538784
FCC,0.365199
FCC,0.627955
FCC,0.298706
FCC,0.208015
FCC,0.469373
FCC,0.448964
FCC,0.316597
FCC,0.501475
FCC,0.372215
FCC,0.363762
FCC,0.268582
FCC,0.386671
FCC,0.330341
FCC,0.454301
FCC,0.343021
FCC,0.35233
FCC,0.368655
FCC,0.462276
FCC,0.231449
FCC,0.321293
FCC,0.321612
FCC,0.518906
FCC,0.510064
FCC,0.211387
FCC,0.461221
FCC,0.292748
FCC,0.244382
FCC,0.398718
FCC,0.53544
FCC,0.320874
FCC,0.51554
FCC,0.630809
FCC,0.530841
FCC,0.587767
FCC,0.507878
FCC,0.511338
FCC,0.503842
FCC,0.704069
FCC,0.406081
FCC,0.230276
FCC,0.577653
FCC,0.621196
FCC,0.495073
FCC,0.362591
FCC,0.509292
FCC,0.568201
FCC,0.504769
FCC,0.355675
FCC,0.365999
FCC,0.279902
FCC,0.274999
FCC,0.469786
FCC,0.387411
FCC,0.365142
FCC,0.541582
FCC,0.289814
FCC,0.33605
FCC,0.635906
FCC,0.147646
FCC,0.582361
FCC,0.404039
FCC,0.73362
FCC,0.264582
FCC,0.222133
FCC,0.577107
FCC,0.452665
FCC,0.237214
FCC,0.499635
FCC,0.214515
FCC,0.388157
FCC,0.343725
FCC,0.138933
FCC,0.129447
FCC,0.576361
FCC,0.286594
FCC,0.480968
FCC,0.500668
FCC,0.214568
FCC,0.136126
FCC,0.513031
FCC,0.081968
FCC,0.603993
FCC,0.460347
FCC,0.23393
FCC,0.407301
FCC,0.508803
FCC,0.268457
FCC,0.534187
FCC,0.34915
FCC,0.298718
FCC,0.211193
FCC,0.475518
FCC,0.231439
FCC,0.547751
FCC,0.32429
FCC,0.167899
FCC,0.212578
FCC,0.524549
FCC,0.174921
FCC,0.528225
FCC,0.391671
FCC,0.368946
FCC,0.215389
FCC,0.534046
FCC,0.299838
FCC,0.575555
FCC,0.529386
FCC,0.349274
FCC,0.288124
FCC,0.620167
FCC,0.299295
FCC,0.628263
FCC,0.382126
FCC,0.314871
FCC,0.472982
FCC,0.161409
FCC,0.579879
FCC,0.283422
FCC,0.241921
FCC,0.123722
FCC,0.422905
FCC,0.153714
FCC,0.49988
FCC,0.44091
FCC,0.289295
FCC,0.190829
FCC,0.466696
FCC,0.15191
FCC,0.456421
FCC,0.287275
FCC,0.31188
FCC,0.184693
FCC,0.523205
FCC,0.254765
FCC,0.762515
FCC,0.256014
FCC,0.305237
FCC,0.225608
FCC,0.427229
FCC,0.280123
FCC,0.47668
FCC,0.5683
FCC,0.218679
FCC,0.149219
FCC,0.477651
FCC,0.155146
FCC,0.459506
FCC,0.393397
FCC,0.275315
FCC,0.121582
FCC,0.62647
FCC,0.290084
FCC,0.404894
FCC,0.434287
FCC,0.276345
FCC,0.248484
FCC,0.568853
FCC,0.256906
FCC,0.529599
FCC,0.403585
FCC,0.256626
FCC,0.471137
FCC,0.310066
FCC,0.257479
FCC,0.468717
FCC,0.439324
FCC,0.198241
FCC,0.097556
FCC,0.189605
FCC,0.451075
FCC,0.351749
FCC,0.436182
FCC,0.296359
FCC,0.159462
FCC,0.383603
FCC,0.36073
FCC,0.551731
FCC,0.400533
FCC,0.052754
FCC,0.386001
FCC,0.324002
FCC,0.484496
FCC,0.15848
FCC,0.331864
FCC,0.516611
FCC,0.209723
FCC,0.506743
FCC,0.240848
FCC,0.414433
FCC,0.199962
FCC,0.446755
FCC,0.262645
FCC,0.226386
FCC,0.357352
FCC,0.458137
FCC,0.362623
FCC,0.386482
FCC,0.316496
FCC,0.413291
FCC,0.299245
FCC,0.302006
FCC,0.395328
FCC,0.535438
FCC,0.607152
FCC,0.332656
FCC,0.427449
FCC,0.40929
FCC,0.318414
FCC,0.327467
FCC,0.402196
FCC,0.474622
FCC,0.396502
FCC,0.58769
FCC,0.331564
FCC,0.534223
FCC,0.464508
FCC,0.31289
FCC,0.390872
FCC,0.461159
FCC,0.253313
FCC,0.422478
FCC,0.236279
FCC,0.232482
FCC,0.389577
FCC,0.486774
FCC,0.154312
FCC,0.511537
FCC,0.262784
FCC,0.355018
FCC,0.417305
FCC,0.507633
FCC,0.226107
FCC,0.365512
FCC,0.147386
FCC,0.300177
FCC,0.478476
FCC,0.497991
FCC,0.199164
FCC,0.357231
FCC,0.28077
FCC,0.426402
FCC,0.410642
FCC,0.569446
FCC,0.348731
FCC,0.39508
FCC,0.251938
FCC,0.389606
FCC,0.465727
FCC,0.598089
FCC,0.352333
FCC,0.540311
FCC,0.408253
FCC,0.424683
FCC,0.392695
FCC,0.550573
FCC,0.294142
FCC,0.515891
FCC,0.332824
FCC,0.400116
FCC,0.322793
FCC,0.545549
FCC,0.390442
FCC,0.626559
FCC,0.306685
FCC,0.480758
FCC,0.399454
FCC,0.52893
FCC,0.354322
FCC,0.570224
FCC,0.387541
FCC,0.447199
FCC,0.544191
FCC,0.608511
FCC,0.280863
FCC,0.33986
FCC,0.234913
FCC,0.365102
FCC,0.562144
FCC,0.277739
FCC,0.49006
FCC,0.400782
FCC,0.372604
FCC,0.422941
FCC,0.59934
FCC,0.144764
FCC,0.315443
FCC,0.397588
FCC,0.587661
FCC,0.424352
FCC,0.496076
FCC,0.45337
FCC,0.334537
FCC,0.568682
FCC,0.587637
FCC,0.42764
FCC,0.393497
FCC,0.342899
FCC,0.496992
FCC,0.355937
FCC,0.505155
FCC,0.346259
FCC,0.521991
FCC,0.3811
FCC,0.523539
FCC,0.41411
FCC,0.288579
FCC,0.561562
FCC,0.389607
FCC,0.431672
FCC,0.540722
FCC,0.450861
FCC,0.324439
FCC,0.639581
FCC,0.276071
FCC,0.405773
FCC,0.567543
FCC,0.246866
FCC,0.501572
FCC,0.307049
FCC,0.459604
FCC,0.279191
FCC,0.173874
FCC,0.391367
FCC,0.272291
FCC,0.393654
FCC,0.501497
FCC,0.487939
FCC,0.353276
FCC,0.637568
FCC,0.132186
FCC,0.523253
FCC,0.488196
FCC,0.410502
FCC,0.282698
FCC,0.630992
FCC,0.303814
FCC,0.622997
FCC,0.364132
FCC,0.406994
FCC,0.299963
FCC,0.622269
FCC,0.405698
FCC,0.522642
FCC,0.53716
FCC,0.483166
FCC,0.279762
FCC,0.478301
FCC,0.270286
FCC,0.334845
FCC,0.353325
FCC,0.289068
FCC,0.299898
FCC,0.442545
FCC,0.274631
FCC,0.454539
FCC,0.569143
FCC,0.378452
FCC,0.214748
FCC,0.587961
FCC,0.379311
FCC,0.500802
FCC,0.474402
FCC,0.472608
FCC,0.203343
FCC,0.377431
FCC,0.154615
FCC,0.598495
FCC,0.586947
FCC,0.239628
FCC,0.341597
FCC,0.5073
FCC,0.1381
FCC,0.378504
FCC,0.313244
FCC,0.295971
FCC,0.232455
FCC,0.542721
FCC,0.224439
FCC,0.533037
FCC,0.36068
FCC,0.329756
FCC,0.204082
FCC,0.696642
FCC,0.216901
FCC,0.549614
FCC,0.25209
FCC,0.349516
FCC,0.17752
FCC,0.475053
FCC,0.235325
FCC,0.499487
FCC,0.591725
FCC,0.411775
FCC,0.201695
FCC,0.450858
FCC,0.107077
FCC,0.683582
FCC,0.340242
FCC,0.236993
FCC,0.184305
FCC,0.50774
FCC,0.123866
FCC,0.435078
FCC,0.342804
FCC,0.162841
FCC,0.279811
FCC,0.52428
FCC,0.244117
FCC,0.513549
FCC,0.408109
FCC,0.433828
FCC,0.224819
FCC,0.481552
FCC,0.160232
FCC,0.374779
FCC,0.39619
FCC,0.182352
FCC,0.398233
FCC,0.346778
FCC,0.203323
FCC,0.512185
FCC,0.390597
FCC,0.227115
FCC,0.112614
FCC,0.396952
FCC,0.4233
FCC,0.533919
FCC,0.52485
FCC,0.333783
FCC,0.287043
FCC,0.46323
FCC,0.441521
FCC,0.556438
FCC,0.193355
FCC,0.508536
FCC,0.169649
FCC,0.128406
FCC,0.184661
FCC,0.416287
FCC,0.101685
FCC,0.177796
FCC,0.366394
FCC,0.47139
FCC,0.192078
FCC,0.352216
FCC,0.121208
FCC,0.505756
FCC,0.099111
FCC,0.389543
FCC,0.357575
FCC,0.283665
FCC,0.48617
FCC,0.380919
FCC,0.475284
FCC,0.426908
FCC,0.242719
FCC,0.470015
FCC,0.491104
FCC,0.492656
FCC,0.366473
FCC,0.296582
FCC,0.605626
FCC,0.536531
FCC,0.276524
FCC,0.403556
FCC,0.610509
FCC,0.524302
FCC,0.519769
FCC,0.425465
FCC,0.397482
FCC,0.411449
FCC,0.298682
FCC,0.514116
FCC,0.361875
FCC,0.352486
FCC,0.408218
FCC,0.548373
FCC,0.287771
FCC,0.322961
FCC,0.357266
FCC,0.133385
FCC,0.298346
FCC,0.278828
FCC,0.194418
FCC,0.402752
FCC,0.215427
FCC,0.213685
FCC,0.175329
FCC,0.366341
FCC,0.321788
FCC,0.361188
FCC,0.265762
FCC,0.289751
FCC,0.549324
FCC,0.543614
FCC,0.119826
FCC,0.358924
FCC,0.237024
FCC,0.354179
FCC,0.597271
FCC,0.451553
FCC,0.366899
FCC,0.574297
FCC,0.377639
FCC,0.407617
FCC,0.368867
FCC,0.529466
FCC,0.446361
FCC,0.587586
FCC,0.386979
FCC,0.241443
FCC,0.523601
FCC,0.437202
FCC,0.399675
FCC,0.425153
FCC,0.501169
FCC,0.375689
FCC,0.303273
FCC,0.361832
FCC,0.219414
FCC,0.462699
FCC,0.413835
FCC,0.506246
FCC,0.382865
FCC,0.459143
FCC,0.341545
FCC,0.538665
FCC,0.340418
FCC,0.388703
FCC,0.462947
FCC,0.4546
FCC,0.204417
FCC,0.274463
FCC,0.246665
FCC,0.44838
FCC,0.514656
FCC,0.403283
FCC,0.440908
FCC,0.235252
FCC,0.310717
FCC,0.416093
FCC,0.469613
FCC,0.252864
FCC,0.290034
FCC,0.319542
FCC,0.410254
FCC,0.505186
FCC,0.501645
FCC,0.612261
FCC,0.298539
FCC,0.226696
FCC,0.52185
FCC,0.26101
FCC,0.492889
FCC,0.652198
FCC,0.462358
FCC,0.350332
FCC,0.59695
FCC,0.471723
FCC,0.584572
FCC,0.456926
FCC,0.083177
FCC,0.187799
FCC,0.337647
FCC,0.552801
FCC,0.255984
FCC,0.301457
FCC,0.404
FCC,0.290423
FCC,0.271006
FCC,0.607355
FCC,0.2672
FCC,0.256478
FCC,0.502442
FCC,0.346489
FCC,0.389332
FCC,0.310618
FCC,0.337493
FCC,0.272038
FCC,0.253321
FCC,0.466763
FCC,0.174881
FCC,0.491951
FCC,0.265452
FCC,0.220949
FCC,0.181687
FCC,0.544331
FCC,0.248289
FCC,0.612598
FCC,0.460655
FCC,0.516404
FCC,0.20382
FCC,0.459218
FCC,0.101573
FCC,0.481703
FCC,0.375512
FCC,0.130532
FCC,0.258887
FCC,0.515387
FCC,0.300303
FCC,0.452815
FCC,0.527052
FCC,0.328758
FCC,0.209622
FCC,0.591745
FCC,0.195407
FCC,0.393628
FCC,0.47514
FCC,0.164428
FCC,0.167246
FCC,0.465836
FCC,0.201258
FCC,0.50766
FCC,0.379641
FCC,0.18945
FCC,0.305913
FCC,0.479459
FCC,0.162458
FCC,0.50576
FCC,0.209141
FCC,0.444767
FCC,0.294301
FCC,0.472278
FCC,0.152384
FCC,0.577782
FCC,0.502444
FCC,0.287926
FCC,0.225601
FCC,0.465286
FCC,0.359793
FCC,0.618803
FCC,0.444368
FCC,0.263452
FCC,0.187034
FCC,0.367041
FCC,0.139348
FCC,0.522677
FCC,0.562553
FCC,0.240816
FCC,0.320533
FCC,0.526737
FCC,0.163747
FCC,0.556564
FCC,0.605989
FCC,0.193809
FCC,0.24511
FCC,0.541581
FCC,0.254901
FCC,0.457957
FCC,0.388138
FCC,0.111011
FCC,0.113444
FCC,0.490061
FCC,0.280845
FCC,0.395903
FCC,0.394188
FCC,0.20479
FCC,0.244155
FCC,0.394068
FCC,0.056723
FCC,0.523014
FCC,0.357341
FCC,0.25058
FCC,0.144327
FCC,0.525416
FCC,0.218849
FCC,0.511606
FCC,0.336673
FCC,0.225398
FCC,0.199032
FCC,0.335395
FCC,0.15434
FCC,0.364249
FCC,0.399312
FCC,0.136011
FCC,0.429931
FCC,0.331396
FCC,0.260624
FCC,0.609892
FCC,0.353922
FCC,0.222183
FCC,0.269321
FCC,0.466247
FCC,0.501607
FCC,0.368877
FCC,0.116533
FCC,0.401484
FCC,0.204902
FCC,0.303308
FCC,0.466987
FCC,0.253428
FCC,0.392457
FCC,0.321128
FCC,0.29035
FCC,0.339666
FCC,0.47849
FCC,0.330241
FCC,0.124074
FCC,0.356384
FCC,0.56331
FCC,0.26432
FCC,0.457549
FCC,0.485682
FCC,0.422331
FCC,0.371635
FCC,0.43897
FCC,0.616321
FCC,0.255003
FCC,0.483413
FCC,0.535814
FCC,0.389286
FCC,0.515161
FCC,0.407248
FCC,0.395631
FCC,0.19299
FCC,0.395192
FCC,0.44221
FCC,0.353519
FCC,0.507654
FCC,0.313842
FCC,0.232885
FCC,0.477857
FCC,0.543311
FCC,0.328801
FCC,0.415505
FCC,0.538328
FCC,0.400106
FCC,0.463187
FCC,0.328593
FCC,0.507891
FCC,0.432567
FCC,0.266236
FCC,0.451933
FCC,0.455381
FCC,0.135
FCC,0.517634
FCC,0.307383
FCC,0.315939
FCC,0.380892
FCC,0.503259
FCC,0.07402
FCC,0.418729
FCC,0.201093
FCC,0.428666
FCC,0.351593
FCC,0.526148
FCC,0.392869
FCC,0.555195
FCC,0.194848
FCC,0.270228
FCC,0.377749
FCC,0.467684
FCC,0.116475
FCC,0.64314
FCC,0.400434
FCC,0.361762
FCC,0.4687
FCC,0.471472
FCC,0.432332
FCC,0.361418
FCC,0.497153
FCC,0.703226
FCC,0.410441
FCC,0.598085
FCC,0.424978
FCC,0.468378
FCC,0.301042
FCC,0.37472
FCC,0.532348
FCC,0.523922
FCC,0.378186
FCC,0.414519
FCC,0.323586
FCC,0.459758
FCC,0.436098
FCC,0.495377
FCC,0.439775
FCC,0.626164
FCC,0.341137
FCC,0.400956
FCC,0.558354
FCC,0.631579
FCC,0.247637
FCC,0.548327
FCC,0.391786
FCC,0.133812
FCC,0.48684
FCC,0.460253
FCC,0.283728
FCC,0.219622
FCC,0.337424
FCC,0.536439
FCC,0.677364
FCC,0.299453
FCC,0.486325
FCC,0.365526
FCC,0.27802
FCC,0.515974
FCC,0.199338
FCC,0.296278
FCC,0.399051
FCC,0.614189
FCC,0.49718
FCC,0.399913
FCC,0.529885
FCC,0.311449
FCC,0.626625
FCC,0.595932
FCC,0.210102
FCC,0.357156
FCC,0.518603
FCC,0.509119
FCC,0.295274
FCC,0.647046
FCC,0.326724
FCC,0.523685
FCC,0.575902
FCC,0.230524
FCC,0.507153
FCC,0.365229
FCC,0.573976
FCC,0.265028
FCC,0.501104
FCC,0.416562
FCC,0.464222
FCC,0.361527
FCC,0.520116
FCC,0.213387
FCC,0.308435
FCC,0.500961
FCC,0.222313
FCC,0.210542
FCC,0.433533
FCC,0.242242
FCC,0.431462
FCC,0.438904
FCC,0.172877
FCC,0.663622
FCC,0.437782
FCC,0.202645
FCC,0.253729
FCC,0.550717
FCC,0.271575
FCC,0.56417
FCC,0.351999
FCC,0.172209
FCC,0.187931
FCC,0.458618
FCC,0.186156
FCC,0.710275
FCC,0.28147
FCC,0.107789
FCC,0.155812
FCC,0.62316
FCC,0.34491
FCC,0.329751
FCC,0.693656
FCC,0.208197
FCC,0.293834
FCC,0.649956
FCC,0.292617
FCC,0.565326
FCC,0.445696
FCC,0.315849
FCC,0.212583
FCC,0.571675
FCC,0.3426
FCC,0.422494
FCC,0.559393
FCC,0.330345
FCC,0.349566
FCC,0.585331
FCC,0.364641
FCC,0.527149
FCC,0.366765
FCC,0.421786
FCC,0.224315
FCC,0.572307
FCC,0.211209
FCC,0.535664
FCC,0.443654
FCC,0.136804
FCC,0.112625
FCC,0.436596
FCC,0.033365
FCC,0.4276
FCC,0.562204
FCC,0.193347
FCC,0.197478
FCC,0.514631
FCC,0.164244
FCC,0.470433
FCC,0.576197
FCC,0.344557
FCC,0.281782
FCC,0.466331
FCC,0.163638
FCC,0.502235
FCC,0.46524
FCC,0.279843
FCC,0.186522
FCC,0.579477
FCC,0.246107
FCC,0.440788
FCC,0.379083
FCC,0.265982
FCC,0.379522
FCC,0.550602
FCC,0.349684
FCC,0.648384
FCC,0.392559
FCC,0.222574
FCC,0.170979
FCC,0.524185
FCC,0.142924
FCC,0.440037
FCC,0.57147
FCC,0.307161
FCC,0.274597
FCC,0.529488
FCC,0.233654
FCC,0.615656
FCC,0.207421
FCC,0.173396
FCC,0.327414
FCC,0.404771
FCC,0.114421
FCC,0.604618
FCC,0.356672
FCC,0.155081
FCC,0.466906
FCC,0.390127
FCC,0.480107
FCC,0.450058
FCC,0.39525
FCC,0.158414
FCC,0.19979
FCC,0.375349
FCC,0.417891
FCC,0.407209
FCC,0.303162
FCC,0.246877
FCC,0.358381
FCC,0.331642
FCC,0.49057
FCC,0.330788
FCC,0.292116
FCC,0.293489
FCC,0.237559
FCC,0.343954
FCC,0.472048
FCC,0.306034
FCC,0.493247
FCC,0.573182
FCC,0.37428
FCC,0.579784
FCC,0.383038
FCC,0.591583
FCC,0.248393
FCC,0.56286
FCC,0.527609
FCC,0.252798
FCC,0.52171
FCC,0.442073
FCC,0.519684
FCC,0.419405
FCC,0.405362
FCC,0.462586
FCC,0.336892
FCC,0.606046
FCC,0.643184
FCC,0.272628
FCC,0.534161
FCC,0.330989
FCC,0.261463
FCC,0.369176
FCC,0.462682
FCC,0.295122
FCC,0.533082
FCC,0.439547
FCC,0.45583
FCC,0.464738
FCC,0.13293
FCC,0.424577
FCC,0.329085
FCC,0.391341
FCC,0.440022
FCC,0.483059
FCC,0.232738
FCC,0.620331
FCC,0.278195
FCC,0.321345
FCC,0.588137
FCC,0.551101
FCC,0.371622
FCC,0.577985
FCC,0.329709
FCC,0.289469
FCC,0.305116
FCC,0.489266
FCC,0.270072
FCC,0.636648
FCC,0.283733
FCC,0.519999
FCC,0.405078
FCC,0.500826
FCC,0.335004
FCC,0.616845
FCC,0.259101
FCC,0.308516
FCC,0.410632
FCC,0.615856
FCC,0.260027
FCC,0.563906
FCC,0.320654
FCC,0.432304
FCC,0.403846
FCC,0.483943
FCC,0.462361
FCC,0.52886
FCC,0.36379
FCC,0.295371
FCC,0.432461
FCC,0.582533
FCC,0.359488
FCC,0.559151
FCC,0.343589
FCC,0.430263
FCC,0.381507
FCC,0.617665
FCC,0.245003
FCC,0.566803
FCC,0.292022
FCC,0.157204
FCC,0.560555
FCC,0.508874
FCC,0.357897
FCC,0.633161
FCC,0.239752
FCC,0.232023
FCC,0.515116
FCC,0.634458
FCC,0.239326
FCC,0.337101
FCC,0.46015
FCC,0.671202
FCC,0.532453
FCC,0.389418
FCC,0.528778
FCC,0.444916
FCC,0.385067
FCC,0.618041
FCC,0.548577
FCC,0.35442
FCC,0.278225
FCC,0.414207
FCC,0.462357
FCC,0.622457
FCC,0.330053
FCC,0.51516
FCC,0.307102
FCC,0.492332
FCC,0.593185
FCC,0.384692
FCC,0.299347
FCC,0.498705
FCC,0.596463
FCC,0.514376
FCC,0.593791
FCC,0.265071
FCC,0.449892
FCC,0.405221
FCC,0.355104
FCC,0.320188
FCC,0.081283
FCC,0.473762
FCC,0.112257
FCC,0.369839
FCC,0.417917
FCC,0.377431
FCC,0.321859
FCC,0.51971
FCC,0.276951
FCC,0.272496
FCC,0.49147
FCC,0.203866
FCC,0.23867
FCC,0.491821
FCC,0.324404
FCC,0.129903
FCC,0.502358
FCC,0.205387
FCC,0.489088
FCC,0.344394
FCC,0.238889
FCC,0.339336
FCC,0.598287
FCC,0.170329
FCC,0.492469
FCC,0.247605
FCC,0.192339
FCC,0.167434
FCC,0.364369
FCC,0.161922
FCC,0.525703
FCC,0.501967
FCC,0.350629
FCC,0.34343
FCC,0.493837
FCC,0.277926
FCC,0.566175
FCC,0.413527
FCC,0.211589
FCC,0.197232
FCC,0.483253
FCC,0.278031
FCC,0.619369
FCC,0.277137
FCC,0.24686
FCC,0.174887
FCC,0.567497
FCC,0.257283
FCC,0.316839
FCC,0.381452
FCC,0.183903
FCC,0.177557
FCC,0.431952
FCC,0.273393
FCC,0.391233
FCC,0.418655
FCC,0.173193
FCC,0.120564
FCC,0.450802
FCC,0.197218
FCC,0.373754
FCC,0.398608
FCC,0.184576
FCC,0.260316
FCC,0.458162
FCC,0.052362
FCC,0.441295
FCC,0.175529
FCC,0.181861
FCC,0.211374
FCC,0.30981
FCC,0.106986
FCC,0.314856
FCC,0.540819
FCC,0.202853
FCC,0.500455
FCC,0.162141
FCC,0.487089
FCC,0.377303
FCC,0.37234
FCC,0.213547
FCC,0.443074
FCC,0.239436
FCC,0.402499
FCC,0.254283
FCC,0.293668
FCC,0.15253
FCC,0.522623
FCC,0.149058
FCC,0.470157
FCC,0.187229
FCC,0.213846
FCC,0.169041
FCC,0.482856
FCC,0.012466
FCC,0.444572
FCC,0.493992
FCC,0.437503
FCC,0.135268
FCC,0.388004
FCC,0.071952
FCC,0.309578
FCC,0.283867
FCC,0.210087
FCC,0.119094
FCC,0.358314
FCC,0.106492
FCC,0.588895
FCC,0.341604
FCC,0.188206
FCC,0.457367
FCC,0.477561
FCC,0.261263
FCC,0.515988
FCC,0.304982
FCC,0.157738
FCC,0.065255
FCC,0.332851
FCC,0.314731
FCC,0.479034
FCC,0.317595
FCC,0.097055
FCC,0.246635
FCC,0.173469
FCC,0.469607
FCC,0.41336
FCC,0.428016
FCC,0.246444
FCC,0.28798
FCC,0.099293
FCC,0.294384
FCC,0.656799
FCC,0.338907
FCC,0.460278
FCC,0.447743
FCC,0.153168
FCC,0.361793
FCC,0.152398
FCC,0.536138
FCC,0.068932
FCC,0.258335
FCC,0.393024
FCC,0.093881
FCC,0.451962
FCC,0.351278
FCC,0.224573
FCC,0.404356
FCC,0.293206
FCC,0.47024
FCC,0.263044
FCC,0.464761
FCC,0.538847
FCC,0.229999
FCC,0.484072
FCC,0.433932
FCC,0.495125
FCC,0.348013
FCC,0.451923
FCC,0.401534
FCC,0.530771
FCC,0.217827
FCC,0.447896
FCC,0.288991
FCC,0.298601
FCC,0.407913
FCC,0.192075
FCC,0.305927
FCC,0.511464
FCC,0.632692
FCC,0.270054
FCC,0.566095
FCC,0.294648
FCC,0.159656
FCC,0.350319
FCC,0.492591
FCC,0.351697
FCC,0.568731
FCC,0.231461
FCC,0.506596
FCC,0.357707
FCC,0.637415
FCC,0.373922
FCC,0.57731
FCC,0.44687
FCC,0.191222
FCC,0.522405
FCC,0.432983
FCC,0.382888
FCC,0.530147
FCC,0.286632
FCC,0.386914
FCC,0.308017
FCC,0.523971
FCC,0.365173
FCC,0.448719
FCC,0.375475
FCC,0.431967
FCC,0.442975
FCC,0.517447
FCC,0.346702
FCC,0.559937
FCC,0.281021
FCC,0.463031
FCC,0.416454
FCC,0.425236
FCC,0.397434
FCC,0.545877
FCC,0.37228
FCC,0.348276
FCC,0.589829
FCC,0.319832
FCC,0.382228
FCC,0.551868
FCC,0.319808
FCC,0.30809
FCC,0.625408
FCC,0.675251
FCC,0.307217
FCC,0.548458
FCC,0.438368
FCC,0.283353
FCC,0.571165
FCC,0.42332
FCC,0.258309
FCC,0.405144
FCC,0.487396
FCC,0.406986
FCC,0.170247
FCC,0.567025
FCC,0.379475
FCC,0.214557
FCC,0.47239
FCC,0.473279
FCC,0.278977
FCC,0.281736
FCC,0.430444
FCC,0.40738
FCC,0.684174
FCC,0.462694
FCC,0.664728
FCC,0.281275
FCC,0.392015
FCC,0.529581
FCC,0.204607
FCC,0.187255
FCC,0.324798
FCC,0.507572
FCC,0.219248
FCC,0.527298
FCC,0.267305
FCC,0.403155
FCC,0.47724
FCC,0.228519
FCC,0.583459
FCC,0.210517
FCC,0.20011
FCC,0.573184
FCC,0.171763
FCC,0.36314
FCC,0.59754
FCC,0.258366
FCC,0.166149
FCC,0.58703
FCC,0.289687
FCC,0.651466
FCC,0.302058
FCC,0.4988
FCC,0.262463
FCC,0.426555
FCC,0.194485
FCC,0.401355
FCC,0.466386
FCC,0.096376
FCC,0.20522
FCC,0.565894
FCC,0.076032
FCC,0.453115
FCC,0.243925
FCC,0.340811
FCC,0.258914
FCC,0.348769
FCC,0.241491
FCC,0.522796
FCC,0.413863
FCC,0.328624
FCC,0.140775
FCC,0.402606
FCC,0.137248
FCC,0.370513
FCC,0.382705
FCC,0.223439
FCC,0.13264
FCC,0.494597
FCC,0.230753
FCC,0.470247
FCC,0.532376
FCC,0.233644
FCC,0.161713
FCC,0.44043
FCC,0.321959
FCC,0.363631
FCC,0.250544
FCC,0.292184
FCC,0.289455
FCC,0.487079
FCC,0.155628
FCC,0.451622
FCC,0.578483
FCC,0.218957
FCC,0.204567
FCC,0.488666
FCC,0.178834
FCC,0.292733
FCC,0.524052
FCC,0.416611
FCC,0.270224
FCC,0.466759
FCC,0.19699
FCC,0.531791
FCC,0.542308
FCC,0.272309
FCC,0.503406
FCC,0.250901
FCC,0.560575
FCC,0.30853
FCC,0.237601
FCC,0.160205
FCC,0.518683
FCC,0.252998
FCC,0.460274
FCC,0.373209
FCC,0.291132
FCC,0.250413
FCC,0.407828
FCC,0.075848
FCC,0.605031
FCC,0.289741
FCC,0.298593
FCC,0.115621
FCC,0.340075
FCC,0.302524
FCC,0.418637
FCC,0.458667
FCC,0.104088
FCC,0.159997
FCC,0.472621
FCC,0.234662
FCC,0.36168
FCC,0.37271
FCC,0.161612
FCC,0.225564
FCC,0.395157
FCC,0.112016
FCC,0.447793
FCC,0.339773
FCC,0.200808
FCC,0.11999
FCC,0.408269
FCC,0.158489
FCC,0.39884
FCC,0.496513
FCC,0.232884
FCC,0.168679
FCC,0.341349
FCC,0.258963
FCC,0.383282
FCC,0.365867
FCC,0.169412
FCC,0.416278
FCC,0.345898
FCC,0.073331
FCC,0.298551
FCC,0.296916
FCC,0.151685
FCC,0.228874
FCC,0.228254
FCC,0.414943
FCC,0.453756
FCC,0.341638
FCC,0.073139
FCC,0.111982
FCC,0.474346
FCC,0.325129
FCC,0.391755
FCC,0.19885
FCC,0.136977
FCC,0.101697
FCC,0.307352
FCC,0.282177
FCC,0.438878
FCC,0.311339
FCC,0.421136
FCC,0.453658
FCC,0.088151
FCC,0.471571
FCC,0.244221
FCC,0.51422
FCC,0.254785
FCC,0.290714
FCC,0.38581
FCC,0.326367
FCC,0.403608
FCC,0.30009
FCC,0.406391
FCC,0.394679
FCC,0.416973
FCC,0.540991
FCC,0.249141
FCC,0.475309
FCC,0.412
FCC,0.154881
FCC,0.560096
FCC,0.24943
FCC,0.257615
FCC,0.400536
FCC,0.450044
FCC,0.292673
FCC,0.418601
FCC,0.223294
FCC,0.359122
FCC,0.41936
FCC,0.275361
FCC,0.36596
FCC,0.182975
FCC,0.414887
FCC,0.279248
FCC,0.474719
FCC,0.281481
FCC,0.520402
FCC,0.332125
FCC,0.313457
FCC,0.624704
FCC,0.378258
FCC,0.066332
FCC,0.371229
FCC,0.161558
FCC,0.485145
FCC,0.440177
FCC,0.507029
FCC,0.141264
FCC,0.468863
FCC,0.258321
FCC,0.235627
FCC,0.359132
FCC,0.488088
FCC,0.351312
FCC,0.584216
FCC,0.159516
FCC,0.357624
FCC,0.405209
FCC,0.518946
FCC,0.370878
FCC,0.548785
FCC,0.266248
FCC,0.125779
FCC,0.519744
FCC,0.461595
FCC,0.193818
FCC,0.441745
FCC,0.426007
FCC,0.317804
FCC,0.339131
FCC,0.49294
FCC,0.378366
FCC,0.518413
FCC,0.441088
FCC,0.385527
FCC,0.684631
FCC,0.396627
FCC,0.323326
FCC,0.399031
FCC,0.198165
FCC,0.343474
FCC,0.44196
FCC,0.392489
FCC,0.186569
FCC,0.453473
FCC,0.27527
FCC,0.213392
FCC,0.522494
FCC,0.220795
FCC,0.229548
FCC,0.407809
FCC,0.28601
FCC,0.52591
FCC,0.247891
FCC,0.370562
FCC,0.256218
FCC,0.360159
FCC,0.479507
FCC,0.508768
FCC,0.285972
FCC,0.307599
FCC,0.323992
FCC,0.201445
FCC,0.457097
FCC,0.381616
FCC,0.628838
FCC,0.270768
FCC,0.4379
FCC,0.511375
FCC,0.282472
FCC,0.320605
FCC,0.482021
FCC,0.532746
FCC,0.323454
FCC,0.566768
FCC,0.259586
FCC,0.607002
FCC,0.495695
FCC,0.168661
FCC,0.247819
FCC,0.439404
FCC,0.445744
FCC,0.273934
FCC,0.289457
FCC,0.387257
FCC,0.179968
FCC,0.167914
FCC,0.481586
FCC,0.134027
FCC,0.193542
FCC,0.545631
FCC,0.15766
FCC,0.316285
FCC,0.329249
FCC,0.280865
FCC,0.212975
FCC,0.494972
FCC,0.258187
FCC,0.483862
FCC,0.296328
FCC,0.173448
FCC,0.21833
FCC,0.385509
FCC,0.158723
FCC,0.43897
FCC,0.3262
FCC,0.316516
FCC,0.186489
FCC,0.418701
FCC,0.283266
FCC,0.448911
FCC,0.177146
FCC,0.180595
FCC,0.340157
FCC,0.465985
FCC,0.206993
FCC,0.427696
FCC,0.429416
FCC,0.286338
FCC,0.17775
FCC,0.502896
FCC,0.097488
FCC,0.507401
FCC,0.271604
FCC,0.371933
FCC,0.193397
FCC,0.507744
FCC,0.207183
FCC,0.454319
FCC,0.308052
FCC,0.314172
FCC,0.217235
FCC,0.406024
FCC,0.089108
FCC,0.340122
FCC,0.357396
FCC,0.249759
FCC,0.210075
FCC,0.336684
FCC,0.140747
FCC,0.481196
FCC,0.543961
FCC,0.261794
FCC,0.159748
FCC,0.423721
FCC,0.106662
FCC,0.391215
FCC,0.356366
FCC,0.270056
FCC,0.169504
FCC,0.320805
FCC,0.209349
FCC,0.453534
FCC,0.255676
FCC,0.196433
FCC,0.422924
FCC,0.178433
FCC,0.373122
FCC,0.264117
FCC,0.198653
FCC,0.088844
FCC,0.459363
FCC,0.161489
FCC,0.497446
FCC,0.47119
FCC,0.251608
FCC,0.066853
FCC,0.573124
FCC,0.164915
FCC,0.355697
FCC,0.237047
FCC,0.317662
FCC,0.192833
FCC,0.457644
FCC,0.320171
FCC,0.554394
FCC,0.474094
FCC,0.162956
FCC,0.288412
FCC,0.306953
FCC,0.291843
FCC,0.494104
FCC,0.454424
FCC,0.505827
FCC,0.223571
FCC,0.308582
FCC,0.205324
FCC,0.441615
FCC,0.298382
FCC,0.190822
FCC,0.340948
FCC,0.306877
FCC,0.150155
FCC,0.480295
FCC,0.366555
FCC,0.094245
FCC,0.209795
FCC,0.48073
FCC,0.414559
FCC,0.582325
FCC,0.432772
FCC,0.240845
FCC,0.220657
FCC,0.208006
FCC,0.488981
FCC,0.30461
FCC,0.052407
FCC,0.294811
FCC,0.164019
FCC,0.266473
FCC,0.244134
FCC,0.394384
FCC,0.208959
FCC,0.308825
FCC,0.528231
FCC,0.184724
FCC,0.386145
FCC,0.208595
FCC,0.167764
FCC,0.135291
FCC,0.190613
FCC,0.254372
FCC,0.491724
FCC,0.228775
FCC,0.461324
FCC,0.165601
FCC,0.382915
FCC,0.417789
FCC,0.142533
FCC,0.441941
FCC,0.21181
FCC,0.406194
FCC,0.363982
FCC,0.147539
FCC,0.35552
FCC,0.103689
FCC,0.187597
FCC,0.397055
FCC,0.520786
FCC,0.138344
FCC,0.377031
FCC,0.167441
FCC,0.395417
FCC,0.397023
FCC,0.285641
FCC,0.397999
FCC,0.171562
FCC,0.384352
FCC,0.418824
FCC,0.407181
FCC,0.21931
FCC,0.234083
FCC,0.163723
FCC,0.216627
FCC,0.416651
FCC,0.432402
FCC,0.119692
FCC,0.428305
FCC,0.233701
FCC,0.214039
FCC,0.314362
FCC,0.276467
FCC,0.249098
FCC,0.334884
FCC,0.195805
FCC,0.156097
FCC,0.406425
FCC,0.355988
FCC,0.201712
FCC,0.434112
FCC,0.354775
FCC,0.36149
FCC,0.438444
FCC,0.456492
FCC,0.313702
FCC,0.497827
FCC,0.327205
FCC,0.243594
FCC,0.386409
FCC,0.36305
FCC,0.13196
FCC,0.302647
FCC,0.406335
FCC,0.248564
FCC,0.357058
FCC,0.452966
FCC,0.320197
FCC,0.536236
FCC,0.265634
FCC,0.372196
FCC,0.257371
FCC,0.386783
FCC,0.1845
FCC,0.301219
FCC,0.586834
FCC,0.265674
FCC,0.227874
FCC,0.38924
FCC,0.186916
FCC,0.46895
FCC,0.162893
FCC,0.247627
FCC,0.449677
FCC,0.337313
FCC,0.15315
FCC,0.272883
FCC,0.284035
FCC,0.340995
FCC,0.283681
FCC,0.121651
FCC,0.541715
FCC,0.128366
FCC,0.09998
FCC,0.402628
FCC,0.383092
FCC,0.128084
FCC,0.271152
FCC,0.472062
FCC,0.404085
FCC,0.466266
FCC,0.265732
FCC,0.492046
FCC,0.421868
FCC,0.343686
FCC,0.437585
FCC,0.397021
FCC,0.363982
FCC,0.379997
FCC,0.43274
FCC,0.386107
FCC,0.591456
FCC,0.335488
FCC,0.438971
FCC,0.184202
FCC,0.339122
FCC,0.315248
FCC,0.261104
FCC,0.531335
FCC,0.1695
FCC,0.238719
FCC,0.494172
FCC,0.337679
FCC,0.204288
FCC,0.522607
FCC,0.224627
FCC,0.084461
FCC,0.552073
FCC,0.183443
FCC,0.220092
FCC,0.282165
FCC,0.339047
FCC,0.221954
FCC,0.457583
FCC,0.061673
FCC,0.409297
FCC,0.551017
FCC,0.123082
FCC,0.131474
FCC,0.639494
FCC,0.203634
FCC,0.555458
FCC,0.40385
FCC,0.322958
FCC,0.216628
FCC,0.440251
FCC,0.137142
FCC,0.638815
FCC,0.224143
FCC,0.251951
FCC,0.252312
FCC,0.452039
FCC,0.337393
FCC,0.381509
FCC,0.216476
FCC,0.309441
FCC,0.186417
FCC,0.419842
FCC,0.06488
FCC,0.444139
FCC,0.302596
FCC,0.108494
FCC,0.180488
FCC,0.479967
FCC,0.115671
FCC,0.53654
FCC,0.352809
FCC,0.432985
FCC,0.201279
FCC,0.438101
FCC,0.07631
FCC,0.572901
FCC,0.59415
FCC,0.135652
FCC,0.285793
FCC,0.513769
FCC,0.344872
FCC,0.634683
FCC,0.44941
FCC,0.22413
FCC,0.220592
FCC,0.461173
FCC,0.084428
FCC,0.382842
FCC,0.410976
FCC,0.041613
FCC,0.214076
FCC,0.519352
FCC,0.149004
FCC,0.300256
FCC,0.27251
FCC,0.215591
FCC,0.15254
FCC,0.384373
FCC,0.101538
FCC,0.44157
FCC,0.372315
FCC,0.14323
FCC,0.151575
FCC,0.39113
FCC,0.101679
FCC,0.307323
FCC,0.175384
FCC,0.352605
FCC,0.18783
FCC,0.415964
FCC,0.119944
FCC,0.458315
FCC,0.33568
FCC,0.162278
FCC,0.207335
FCC,0.330452
FCC,0.21897
FCC,0.328094
FCC,0.281884
FCC,0.257012
FCC,0.2252
FCC,0.464501
FCC,0.113689
FCC,0.52958
FCC,0.497372
FCC,0.113383
FCC,0.183183
FCC,0.494409
FCC,0.243862
FCC,0.494831
FCC,0.288278
FCC,0.156304
FCC,0.431884
FCC,0.301899
FCC,0.131964
FCC,0.423688
FCC,0.302171
FCC,0.255306
FCC,0.173064
FCC,0.333774
FCC,0.486947
FCC,0.521247
FCC,0.117689
FCC,0.378528
FCC,0.203753
FCC,0.22938
FCC,0.452449
FCC,0.357117
FCC,0.212596
FCC,0.19869
FCC,0.318203
FCC,0.294643
FCC,0.279624
FCC,0.38783
FCC,0.203651
FCC,0.133934
FCC,0.514952
FCC,0.454324
FCC,0.178968
FCC,0.582884
FCC,0.05907
FCC,0.451374
FCC,0.410537
FCC,0.330191
FCC,0.258632
FCC,0.480672
FCC,0.026655
FCC,0.406473
FCC,0.191733
FCC,0.311019
FCC,0.295208
FCC,0.190772
FCC,0.409384
FCC,0.293502
FCC,0.231815
FCC,0.331018
FCC,0.092615
FCC,0.438989
FCC,0.163521
FCC,0.177936
FCC,0.517133
FCC,0.297399
FCC,0.282801
FCC,0.540407
FCC,0.374962
FCC,0.218002
FCC,0.475715
FCC,0.234852
FCC,0.387037
FCC,0.105602
FCC,0.139476
FCC,0.334214
FCC,0.394873
FCC,0.137645
FCC,0.485023
FCC,0.239578
FCC,0.156387
FCC,0.386125
FCC,0.494547
FCC,0.135522
FCC,0.434983
FCC,0.268881
FCC,0.467983
FCC,0.312876
FCC,0.472564
FCC,0.208197
FCC,0.484958
FCC,0.130707
FCC,0.431777
FCC,0.17268
FCC,0.412214
FCC,0.162124
FCC,0.488846
FCC,0.211369
FCC,0.1638
FCC,0.541052
FCC,0.437749
FCC,0.355295
FCC,0.477658
FCC,0.24793
FCC,0.294664
FCC,0.432407
FCC,0.246575
FCC,0.303068
FCC,0.455187
FCC,0.171503
FCC,0.270733
FCC,0.687697
FCC,0.515178
FCC,0.180652
FCC,0.562097
FCC,0.231294
FCC,0.197806
FCC,0.432648
FCC,0.4126
FCC,0.078559
FCC,0.368184
FCC,0.212157
FCC,0.161129
FCC,0.434453
FCC,0.420113
FCC,0.175342
FCC,0.405017
FCC,0.174422
FCC,0.326817
FCC,0.218415
FCC,0.092709
FCC,0.160776
FCC,0.267966
FCC,0.28924
FCC,0.487476
FCC,0.202789
FCC,0.482688
FCC,0.218537
FCC,0.139067
FCC,0.403296
FCC,0.25987
FCC,0.152751
FCC,0.301966
FCC,0.451457
FCC,0.474737
FCC,0.30401
FCC,0.523719
FCC,0.229815
FCC,0.493219
FCC,0.38632
FCC,0.117651
FCC,0.262198
FCC,0.577912
FCC,0.57497
FCC,0.30397
FCC,0.581783
FCC,0.444371
FCC,0.349186
FCC,0.325339
FCC,0.154808
FCC,0.304178
FCC,0.274333
FCC,0.578093
FCC,0.327867
FCC,0.400521
FCC,0.495878
FCC,0.387348
FCC,0.264905
FCC,0.590602
FCC,0.356472
FCC,0.386151
FCC,0.483795
FCC,0.229832
FCC,0.441789
FCC,0.27433
FCC,0.404764
FCC,0.47497
FCC,0.148342
FCC,0.160843
FCC,0.68707
FCC,0.190058
FCC,0.544509
FCC,0.407968
FCC,0.374545
FCC,0.224114
FCC,0.556098
FCC,0.220008
FCC,0.385616
FCC,0.488988
FCC,0.365835
FCC,0.258583
FCC,0.510697
FCC,0.135202
FCC,0.502578
FCC,0.417269
FCC,0.395779
FCC,0.150237
FCC,0.506089
FCC,0.253428
FCC,0.518004
FCC,0.463697
FCC,0.206799
FCC,0.217109
FCC,0.482684
FCC,0.215563
FCC,0.474293
FCC,0.487661
FCC,0.164865
FCC,0.310328
FCC,0.363788
FCC,0.173167
FCC,0.594997
FCC,0.489978
FCC,0.29632
FCC,0.161379
FCC,0.415801
FCC,0.180021
FCC,0.465658
FCC,0.366018
FCC,0.137609
FCC,0.422018
FCC,0.502311
FCC,0.232235
FCC,0.540814
FCC,0.479437
FCC,0.073279
FCC,0.401692
FCC,0.06719
FCC,0.519516
FCC,0.377053
FCC,0.457738
FCC,0.190646
FCC,0.382233
FCC,0.171992
FCC,0.477793
FCC,0.535001
FCC,0.098873
FCC,0.148468
FCC,0.462873
FCC,0.212343
FCC,0.438122
FCC,0.484731
FCC,0.362109
FCC,0.204734
FCC,0.640745
FCC,0.289453
FCC,0.505289
FCC,0.262522
FCC,0.370408
FCC,0.112301
FCC,0.403735
FCC,0.230653
FCC,0.488869
FCC,0.307515
FCC,0.040972
FCC,0.25464
FCC,0.433999
FCC,0.183752
FCC,0.651677
FCC,0.305916
FCC,0.362288
FCC,0.15069
FCC,0.448818
FCC,0.031519
FCC,0.38527
FCC,0.374297
FCC,0.122084
FCC,0.191505
FCC,0.54163
FCC,0.200575
FCC,0.432052
FCC,0.45178
FCC,0.263928
FCC,0.36301
FCC,0.320678
FCC,0.087168
FCC,0.611505
FCC,0.256475
FCC,0.321036
FCC,0.168617
FCC,0.399443
FCC,0.365188
FCC,0.418972
FCC,0.414508
FCC,0.30589
FCC,0.107696
FCC,0.451598
FCC,0.411944
FCC,0.458852
FCC,0.24146
FCC,0.156091
FCC,0.284697
FCC,0.18381
FCC,0.235375
FCC,0.416838
FCC,0.124861
FCC,0.136908
FCC,0.527995
FCC,0.480838
FCC,0.204124
FCC,0.46247
FCC,0.338406
FCC,0.503753
FCC,0.13915
FCC,0.078203
FCC,0.23003
FCC,0.486533
FCC,0.171811
FCC,0.392794
FCC,0.23944
FCC,0.328946
FCC,0.349206
FCC,0.357696
FCC,0.344247
FCC,0.281922
FCC,0.285479
FCC,0.36698
FCC,0.205998
FCC,0.415484
FCC,0.389364
FCC,0.311867
FCC,0.135639
FCC,0.291232
FCC,0.244251
FCC,0.338275
FCC,0.135301
FCC,0.265346
FCC,0.296164
FCC,0.30245
FCC,0.413949
FCC,0.205357
FCC,0.379763
FCC,0.432584
FCC,0.491048
FCC,0.419166
FCC,0.556821
FCC,0.373638
FCC,0.214028
FCC,0.394946
FCC,0.365204
FCC,0.188757
FCC,0.569029
FCC,0.118539
FCC,0.238971
FCC,0.302167
FCC,0.456138
FCC,0.171286
FCC,0.377478
FCC,0.318015
FCC,0.184125
FCC,0.346989
FCC,0.456703
FCC,0.196401
FCC,0.54319
FCC,0.330565
FCC,0.240057
FCC,0.423872
FCC,0.334988
FCC,0.353721
FCC,0.355461
FCC,0.221325
FCC,0.275493
FCC,0.292838
FCC,0.556905
FCC,0.138013
FCC,0.357828
FCC,0.110998
FCC,0.34339
FCC,0.307883
FCC,0.416816
FCC,0.25069
FCC,0.33325
FCC,0.08771
FCC,0.48864
FCC,0.557527
FCC,0.527774
FCC,0.195925
FCC,0.410247
FCC,0.332311
FCC,0.125944
FCC,0.248447
FCC,0.546934
FCC,0.25364
FCC,0.628217
FCC,0.264981
FCC,0.360361
FCC,0.40601
FCC,0.425194
FCC,0.320762
FCC,0.288229
FCC,0.057336
FCC,0.291652
FCC,0.434315
FCC,0.193488
FCC,0.305302
FCC,0.298163
FCC,0.155471
FCC,0.486388
FCC,0.284306
FCC,0.281541
FCC,0.129559
FCC,0.396316
FCC,0.552206
FCC,0.30126
FCC,0.513486
FCC,0.387799
FCC,0.277284
FCC,0.321933
FCC,0.169938
FCC,0.306406
FCC,0.54286
FCC,0.52419
FCC,0.270592
FCC,0.440083
FCC,0.138841
FCC,0.334112
FCC,0.379116
FCC,0.316114
FCC,0.245209
FCC,0.274081
FCC,0.542955
FCC,0.279325
FCC,0.292462
FCC,0.696248
FCC,0.107495
FCC,0.216262
FCC,0.558695
FCC,0.192414
FCC,0.410158
FCC,0.446598
FCC,0.306002
FCC,0.529565
FCC,0.298468
FCC,0.453353
FCC,0.177102
FCC,0.19933
FCC,0.609342
FCC,0.306616
FCC,0.457875
FCC,0.359855
FCC,0.393194
FCC,0.284009
FCC,0.527148
FCC,0.272349
FCC,0.61088
FCC,0.429934
FCC,0.29924
FCC,0.392835
FCC,0.511351
FCC,0.251522
FCC,0.4955
FCC,0.438276
FCC,0.358534
FCC,0.275541
FCC,0.502563
FCC,0.139301
FCC,0.445727
FCC,0.561793
FCC,0.244244
FCC,0.296302
FCC,0.406909
FCC,0.35045
FCC,0.58894
FCC,0.398047
FCC,0.337192
FCC,0.318625
FCC,0.51753
FCC,0.262937
FCC,0.537444
FCC,0.533832
FCC,0.295493
FCC,0.215027
FCC,0.484417
FCC,0.141224
FCC,0.546431
FCC,0.309377
FCC,0.175514
FCC,0.256868
FCC,0.516901
FCC,0.425718
FCC,0.606069
FCC,0.464957
FCC,0.230085
FCC,0.175949
FCC,0.53435
FCC,0.271355
FCC,0.407668
FCC,0.408037
FCC,0.301446
FCC,0.288302
FCC,0.513779
FCC,0.227796
FCC,0.432472
FCC,0.562521
FCC,0.248935
FCC,0.134762
FCC,0.594124
FCC,0.129468
FCC,0.501376
FCC,0.368905
FCC,0.261384
FCC,0.150827
FCC,0.550449
FCC,0.174908
FCC,0.517825
FCC,0.351736
FCC,0.258087
FCC,0.206924
FCC,0.476517
FCC,0.02972
FCC,0.611661
FCC,0.336639
FCC,0.238744
FCC,0.13919
FCC,0.488879
FCC,0.242327
FCC,0.447511
FCC,0.465199
FCC,0.220678
FCC,0.153813
FCC,0.461139
FCC,0.278183
FCC,0.435055
FCC,0.350316
FCC,0.280986
FCC,0.143388
FCC,0.48952
FCC,0.099525
FCC,0.448453
FCC,0.335209
FCC,0.191709
FCC,0.401925
FCC,0.368232
FCC,0.191458
FCC,0.394016
FCC,0.197974
FCC,0.262687
FCC,0.105787
FCC,0.356284
FCC,0.430256
FCC,0.463664
FCC,0.166105
FCC,0.155008
FCC,0.204635
FCC,0.333034
FCC,0.386941
FCC,0.33039
FCC,0.061259
FCC,0.202879
FCC,0.150127
FCC,0.276322
FCC,0.340993
FCC,0.344214
FCC,0.176667
FCC,0.274578
FCC,0.186985
FCC,0.293925
FCC,0.033232
FCC,0.47448
FCC,0.224133
FCC,0.29546
FCC,0.239706
FCC,0.090566
FCC,0.186184
FCC,0.54159
FCC,0.254169
FCC,0.479531
FCC,0.298909
FCC,0.384989
FCC,0.448445
FCC,0.154314
FCC,0.299168
FCC,0.097887
FCC,0.384873
FCC,0.373124
FCC,0.092177
FCC,0.280445
FCC,0.329612
FCC,0.318635
FCC,0.463247
FCC,0.521045
FCC,0.401573
FCC,0.496754
FCC,0.348983
FCC,0.38445
FCC,0.380214
FCC,0.25454
FCC,0.339594
FCC,0.169145
FCC,0.337734
FCC,0.206653
FCC,0.432111
FCC,0.126685
FCC,0.336799
FCC,0.307672
FCC,0.16627
FCC,0.263888
FCC,0.370533
FCC,0.174495
FCC,0.500063
FCC,0.165137
FCC,0.116813
FCC,0.309951
FCC,0.366279
FCC,0.2166
FCC,0.511834
FCC,0.17536
FCC,0.300259
FCC,0.356637
FCC,0.382744
FCC,0.217502
FCC,0.331566
FCC,0.076824
FCC,0.210909
FCC,0.436355
FCC,0.417965
FCC,0.330097
FCC,0.4549
FCC,0.164277
FCC,0.347065
FCC,0.302967
FCC,0.513115
FCC,0.21692
FCC,0.454002
FCC,0.329704
FCC,0.282677
FCC,0.421676
FCC,0.478802
FCC,0.266729
FCC,0.471483
FCC,0.338369
FCC,0.340922
FCC,0.55911
FCC,0.460786
FCC,0.302265
FCC,0.548311
FCC,0.408217
FCC,0.087607
FCC,0.253195
FCC,0.652454
FCC,0.255086
FCC,0.468195
FCC,0.159444
FCC,0.174326
FCC,0.398571
FCC,0.287174
FCC,0.309458
FCC,0.152504
FCC,0.375715
FCC,0.437432
FCC,0.198869
FCC,0.335796
FCC,0.222025
FCC,0.199874
FCC,0.477236
FCC,0.209468
FCC,0.191611
FCC,0.263889
FCC,0.570086
FCC,0.438153
FCC,0.266871
FCC,0.52591
FCC,0.241998
FCC,0.304462
FCC,0.44279
FCC,0.320365
FCC,0.380294
FCC,0.585619
FCC,0.373731
FCC,0.320226
FCC,0.494593
FCC,0.287923
FCC,0.367662
FCC,0.48001
FCC,0.358786
FCC,0.201838
FCC,0.217742
FCC,0.58589
FCC,0.284356
FCC,0.373861
FCC,0.579449
FCC,0.214285
FCC,0.261153
FCC,0.534497
FCC,0.186185
FCC,0.763107
FCC,0.583861
FCC,0.403473
FCC,0.682025
FCC,0.239714
FCC,0.510174
FCC,0.211087
FCC,0.3955
FCC,0.339856
FCC,0.382598
FCC,0.237111
FCC,0.566564
FCC,0.187746
FCC,0.510188
FCC,0.581596
FCC,0.296705
FCC,0.318927
FCC,0.500582
FCC,0.268835
FCC,0.604699
FCC,0.586877
FCC,0.372261
FCC,0.325934
FCC,0.616599
FCC,0.281082
FCC,0.468028
FCC,0.552689
FCC,0.19795
FCC,0.278253
FCC,0.581295
FCC,0.410754
FCC,0.551548
FCC,0.551599
FCC,0.346518
FCC,0.327608
FCC,0.54971
FCC,0.354416
FCC,0.672807
FCC,0.565864
FCC,0.241059
FCC,0.2592
FCC,0.511986
FCC,0.281835
FCC,0.61893
FCC,0.302008
FCC,0.536752
FCC,0.131052
FCC,0.390177
FCC,0.204965
FCC,0.41427
FCC,0.356013
FCC,0.24621
FCC,0.306936
FCC,0.502002
FCC,0.252081
FCC,0.560224
FCC,0.582509
FCC,0.18534
FCC,0.260187
FCC,0.416961
FCC,0.130884
FCC,0.59725
FCC,0.411188
FCC,0.342163
FCC,0.356032
FCC,0.460362
FCC,0.211536
FCC,0.613758
FCC,0.352905
FCC,0.24008
FCC,0.15868
FCC,0.493137
FCC,0.312472
FCC,0.473145
FCC,0.405863
FCC,0.332235
FCC,0.337638
FCC,0.579545
FCC,0.272048
FCC,0.416623
FCC,0.090093
FCC,0.368704
FCC,0.195018
FCC,0.375841
FCC,0.399414
FCC,0.466553
FCC,0.327909
FCC,0.198351
FCC,0.096563
FCC,0.427658
FCC,0.408919
FCC,0.458496
FCC,0.255223
FCC,0.372381
FCC,0.133128
FCC,0.4281
FCC,0.230342
FCC,0.387466
FCC,0.393666
FCC,0.167116
FCC,0.07926
FCC,0.393085
FCC,0.277514
FCC,0.465258
FCC,0.425174
FCC,0.259146
FCC,0.362977
FCC,0.444697
FCC,0.065145
FCC,0.443637
FCC,0.219032
FCC,0.220251
FCC,0.229254
FCC,0.177827
FCC,0.413283
FCC,0.310418
FCC,0.2842
FCC,0.228532
FCC,0.161108
FCC,0.36879
FCC,0.344427
FCC,0.312096
FCC,0.226303
FCC,0.219496
FCC,0.284399
FCC,0.24931
FCC,0.16233
FCC,0.276095
FCC,0.12182
FCC,0.16248
FCC,0.322269
FCC,0.498524
FCC,0.146449
FCC,0.349262
FCC,0.283546
FCC,0.374872
FCC,0.299452
FCC,0.156493
FCC,0.45416
FCC,0.511491
FCC,0.196668
FCC,0.416935
FCC,0.303945
FCC,0.493337
FCC,0.372087
FCC,0.263857
FCC,0.400951
FCC,0.207603
FCC,0.387449
FCC,0.46088
FCC,0.196672
FCC,0.429068
FCC,0.327511
FCC,0.379447
FCC,0.304107
FCC,0.362067
FCC,0.247923
FCC,0.39199
FCC,0.360717
FCC,0.485262
FCC,0.324294
FCC,0.107862
FCC,0.341086
FCC,0.110167
FCC,0.170243
FCC,0.292605
FCC,0.318918
FCC,0.168427
FCC,0.519874
FCC,0.310905
FCC,0.226693
FCC,0.280037
FCC,0.506851
FCC,0.219225
FCC,0.492108
FCC,0.185418
FCC,0.211227
FCC,0.197809
FCC,0.398193
FCC,0.23215
FCC,0.410637
FCC,0.196303
FCC,0.34348
FCC,0.422383
FCC,0.371482
FCC,0.151362
FCC,0.430062
FCC,0.148362
FCC,0.351882
FCC,0.526201
FCC,0.502981
FCC,0.422079
FCC,0.600861
FCC,0.465027
FCC,0.263059
FCC,0.456422
FCC,0.431116
FCC,0.385139
FCC,0.483483
FCC,0.24963
FCC,0.38004
FCC,0.389388
FCC,0.426951
FCC,0.189664
FCC,0.483269
FCC,0.32982
FCC,0.213649
FCC,0.398468
FCC,0.392654
FCC,0.129019
FCC,0.365395
FCC,0.442382
FCC,0.232845
FCC,0.289374
FCC,0.418046
FCC,0.095394
FCC,0.419807
FCC,0.146159
FCC,0.435717
FCC,0.526356
FCC,0.183812
FCC,0.25294
FCC,0.300542
FCC,0.23551
FCC,0.319793
FCC,0.193965
FCC,0.2915
FCC,0.093461
FCC,0.197737
FCC,0.515083
FCC,0.190508
FCC,0.263159
FCC,0.493303
FCC,0.637334
FCC,0.487546
FCC,0.453229
FCC,0.553861
FCC,0.390095
FCC,0.499088
FCC,0.51828
FCC,0.250801
FCC,0.492372
FCC,0.497106
FCC,0.552491
FCC,0.240022
FCC,0.517552
FCC,0.384062
FCC,0.39951
FCC,0.466928
FCC,0.346766
FCC,0.373245
FCC,0.246369
FCC,0.641541
FCC,0.166918
FCC,0.37191
FCC,0.554172
FCC,0.355732
FCC,0.261109
FCC,0.4376
FCC,0.238628
FCC,0.576096
FCC,0.360159
FCC,0.551748
FCC,0.285938
FCC,0.375292
FCC,0.219619
FCC,0.541896
FCC,0.247188
FCC,0.240936
FCC,0.514217
FCC,0.093691
FCC,0.607054
FCC,0.378949
FCC,0.30912
FCC,0.222368
FCC,0.509456
FCC,0.33622
FCC,0.449833
FCC,0.484883
FCC,0.424037
FCC,0.160204
FCC,0.49187
FCC,0.165766
FCC,0.506475
FCC,0.21253
FCC,0.169756
FCC,0.279223
FCC,0.3695
FCC,0.081085
FCC,0.558265
FCC,0.350361
FCC,0.389816
FCC,0.152641
FCC,0.433443
FCC,0.158584
FCC,0.426155
FCC,0.360045
FCC,0.324303
FCC,0.335941
FCC,0.409348
FCC,0.216622
FCC,0.447253
FCC,0.567122
FCC,0.411365
FCC,0.239964
FCC,0.47357
FCC,0.212935
FCC,0.447037
FCC,0.443732
FCC,0.488701
FCC,0.143058
FCC,0.424553
FCC,0.187968
FCC,0.506106
FCC,0.342776
FCC,0.315875
FCC,0.126499
FCC,0.518351
FCC,0.188919
FCC,0.670462
FCC,0.328753
FCC,0.355104
FCC,0.230396
FCC,0.525597
FCC,0.300836
FCC,0.439008
FCC,0.508641
FCC,0.306987
FCC,0.089662
FCC,0.506504
FCC,0.14883
FCC,0.708058
FCC,0.585006
FCC,0.209652
FCC,0.062213
FCC,0.304883
FCC,0.133104
FCC,0.392511
FCC,0.304615
FCC,0.193134
FCC,0.161287
FCC,0.266268
FCC,0.280681
FCC,0.480467
FCC,0.352438
FCC,0.210759
FCC,0.162622
FCC,0.325294
FCC,0.205511
FCC,0.582813
FCC,0.222378
FCC,0.17421
FCC,0.163418
FCC,0.310386
FCC,0.179527
FCC,0.560643
FCC,0.340318
FCC,0.209798
FCC,0.436761
FCC,0.447878
FCC,0.292174
FCC,0.689152
FCC,0.309439
FCC,0.24053
FCC,0.459735
FCC,0.327616
FCC,0.158058
FCC,0.531787
FCC,0.159624
FCC,0.115207
FCC,0.147182
FCC,0.407585
FCC,0.358748
FCC,0.403223
FCC,0.312001
FCC,0.278886
FCC,0.244793
FCC,0.432543
FCC,0.426084
FCC,0.40224
FCC,0.188152
FCC,0.311013
FCC,0.205706
FCC,0.107632
FCC,0.318625
FCC,0.37283
FCC,0.127389
FCC,0.199434
FCC,0.348836
FCC,0.534401
FCC,0.133104
FCC,0.400763
FCC,0.132639
FCC,0.326342
FCC,0.159342
FCC,0.1048
FCC,0.32561
FCC,0.360754
FCC,0.171504
FCC,0.374518
FCC,0.263188
FCC,0.237237
FCC,0.327497
FCC,0.234769
FCC,0.466536
FCC,0.247191
FCC,0.172027
FCC,0.286181
FCC,0.093311
FCC,0.357732
FCC,0.296134
FCC,0.157228
FCC,0.495598
FCC,0.403117
FCC,0.379582
FCC,0.5133
FCC,0.36607
FCC,0.294922
FCC,0.431098
FCC,0.159004
FCC,0.488995
FCC,0.313063
FCC,0.212091
FCC,0.162381
FCC,0.37544
FCC,0.133832
FCC,0.590211
FCC,0.123765
FCC,0.307209
FCC,0.424958
FCC,0.352701
FCC,0.158602
FCC,0.462236
FCC,0.205247
FCC,0.189241
FCC,0.318271
FCC,0.394327
FCC,0.166242
FCC,0.504041
FCC,0.081113
FCC,0.149476
FCC,0.107747
FCC,0.449977
FCC,0.123439
FCC,0.419141
FCC,0.128742
FCC,0.349576
FCC,0.402601
FCC,0.406585
FCC,0.382733
FCC,0.402365
FCC,0.309643
FCC,0.150924
FCC,0.536273
FCC,0.432291
FCC,0.277542
FCC,0.344561
FCC,0.371414
FCC,0.2806
FCC,0.28383
FCC,0.444956
FCC,0.311896
FCC,0.461758
FCC,0.307707
FCC,0.271855
FCC,0.305726
FCC,0.573141
FCC,0.098905
FCC,0.401074
FCC,0.286324
FCC,0.093783
FCC,0.411826
FCC,0.537322
FCC,0.122155
FCC,0.384081
FCC,0.325588
FCC,0.257985
FCC,0.479115
FCC,0.237869
FCC,0.268929
FCC,0.23918
FCC,0.415049
FCC,0.346558
FCC,0.137573
FCC,0.42431
FCC,0.122725
FCC,0.247007
FCC,0.458105
FCC,0.208329
FCC,0.220302
FCC,0.427611
FCC,0.310328
FCC,0.500231
FCC,0.351904
FCC,0.357047
FCC,0.354393
FCC,0.390899
FCC,0.413013
FCC,0.277819
FCC,0.541984
FCC,0.242977
FCC,0.460655
FCC,0.524781
FCC,0.089228
FCC,0.378212
FCC,0.419573
FCC,0.400474
FCC,0.308533
FCC,0.33423
FCC,0.499626
FCC,0.133652
FCC,0.288887
FCC,0.476092
FCC,0.311997
FCC,0.265826
FCC,0.496892
FCC,0.351798
FCC,0.446983
FCC,0.531117
FCC,0.161837
FCC,0.263997
FCC,0.516055
FCC,0.144707
FCC,0.316824
FCC,0.60339
FCC,0.294819
FCC,0.462407
FCC,0.291746
FCC,0.353471
FCC,0.237675
FCC,0.409825
FCC,0.150396
FCC,0.416954
FCC,0.641438
FCC,0.334902
FCC,0.335308
FCC,0.557672
FCC,0.338189
FCC,0.539747
FCC,0.34621
FCC,0.431383
FCC,0.490032
FCC,0.453829
FCC,0.20487
FCC,0.552698
FCC,0.30746
FCC,0.404044
FCC,0.19825
FCC,0.454793
FCC,0.201903
FCC,0.31695
FCC,0.497802
FCC,0.408088
FCC,0.353419
FCC,0.485672
FCC,0.339637
FCC,0.444391
FCC,0.432141
FCC,0.209162
FCC,0.185321
FCC,0.412123
FCC,0.181961
FCC,0.454034
FCC,0.341119
FCC,0.197766
FCC,0.33697
FCC,0.60438
FCC,0.366231
FCC,0.610975
FCC,0.259588
FCC,0.177197
FCC,0.211781
FCC,0.355101
FCC,0.198813
FCC,0.35737
FCC,0.29955
FCC,0.109567
FCC,0.193073
FCC,0.378049
FCC,0.15384
FCC,0.470139
FCC,0.323626
FCC,0.196714
FCC,0.166398
FCC,0.456246
FCC,0.123704
FCC,0.479719
FCC,0.452407
FCC,0.285312
FCC,0.232367
FCC,0.481886
FCC,0.139262
FCC,0.608964
FCC,0.536498
FCC,0.115421
FCC,0.182186
FCC,0.349679
FCC,0.225354
FCC,0.459806
FCC,0.273496
FCC,0.365051
FCC,0.394427
FCC,0.483911
FCC,0.433106
FCC,0.556582
FCC,0.493632
FCC,0.170061
FCC,0.173518
FCC,0.427295
FCC,0.240787
FCC,0.352532
FCC,0.395639
FCC,0.216838
FCC,0.304618
FCC,0.46928
FCC,0.229746
FCC,0.355531
FCC,0.311691
FCC,0.197682
FCC,0.450087
FCC,0.324618
FCC,0.23272
FCC,0.474414
FCC,0.344571
FCC,0.12522
FCC,0.135563
FCC,0.347692
FCC,0.390044
FCC,0.458452
FCC,0.391499
FCC,0.311098
FCC,0.144443
FCC,0.389836
FCC,0.498345
FCC,0.281824
FCC,0.175895
FCC,0.232661
FCC,0.373434
FCC,0.213043
FCC,0.188385
FCC,0.329671
FCC,0.267256
FCC,0.304232
FCC,0.268564
FCC,0.395517
FCC,0.117658
FCC,0.35203
FCC,0.101545
FCC,0.394221
FCC,0.255879
FCC,0.095995
FCC,0.356035
FCC,0.465911
FCC,0.175226
FCC,0.38079
FCC,0.177814
FCC,0.349487
FCC,0.540242
FCC,0.257926
FCC,0.288446
FCC,0.186134
FCC,0.399939
FCC,0.482706
FCC,0.27496
FCC,0.357684
FCC,0.31205
FCC,0.294837
FCC,0.337678
FCC,0.28033
FCC,0.237817
FCC,0.423801
FCC,0.468023
FCC,0.406115
FCC,0.382095
FCC,0.220807
FCC,0.39184
FCC,0.153071
FCC,0.142812
FCC,0.100096
FCC,0.450584
FCC,0.109559
FCC,0.380263
FCC,0.263557
FCC,0.177833
FCC,0.246441
FCC,0.435953
FCC,0.107424
FCC,0.366664
FCC,0.171721
FCC,0.431161
FCC,0.133835
FCC,0.466066
FCC,0.17788
FCC,0.368248
FCC,0.200194
FCC,0.299691
FCC,0.403281
FCC,0.536223
FCC,0.169186
FCC,0.567596
FCC,0.248844
FCC,0.151566
FCC,0.60656
FCC,0.457887
FCC,0.268539
FCC,0.403844
FCC,0.450814
FCC,0.409363
FCC,0.343903
FCC,0.458655
FCC,0.353216
FCC,0.576946
FCC,0.249909
FCC,0.207816
FCC,0.203035
FCC,0.331683
FCC,0.155238
FCC,0.527179
FCC,0.289178
FCC,0.473351
FCC,0.350171
FCC,0.526462
FCC,0.230394
FCC,0.459738
FCC,0.251645
FCC,0.213544
FCC,0.305877
FCC,0.505028
FCC,0.147234
FCC,0.437032
FCC,0.22146
FCC,0.179126
FCC,0.387025
FCC,0.247258
FCC,0.096865
FCC,0.146278
FCC,0.510671
FCC,0.375823
FCC,0.388823
FCC,0.479841
FCC,0.287398
FCC,0.312692
FCC,0.533718
FCC,0.456768
FCC,0.088826
FCC,0.268996
FCC,0.214418
FCC,0.501659
FCC,0.505301
FCC,0.337968
FCC,0.617825
FCC,0.269545
FCC,0.655336
FCC,0.509433
FCC,0.32153
FCC,0.510543
FCC,0.40497
FCC,0.5347
FCC,0.362833
FCC,0.544324
FCC,0.306737
FCC,0.530453
FCC,0.551077
FCC,0.2507
FCC,0.199553
FCC,0.353407
FCC,0.612332
FCC,0.33106
FCC,0.292508
FCC,0.512214
FCC,0.302879
FCC,0.265124
FCC,0.629552
FCC,0.340016
FCC,0.266056
FCC,0.563735
FCC,0.122101
FCC,0.288318
FCC,0.425038
FCC,0.3454
FCC,0.221114
FCC,0.316967
FCC,0.647534
FCC,0.352533
FCC,0.674498
FCC,0.306908
FCC,0.425872
FCC,0.334559
FCC,0.507264
FCC,0.353601
FCC,0.614002
FCC,0.487453
FCC,0.361265
FCC,0.329074
FCC,0.646991
FCC,0.176591
FCC,0.578596
FCC,0.408894
FCC,0.307438
FCC,0.245145
FCC,0.554324
FCC,0.284798
FCC,0.537941
FCC,0.337221
FCC,0.12633
FCC,0.13219
FCC,0.383459
FCC,0.093958
FCC,0.425798
FCC,0.304967
FCC,0.309204
FCC,0.099932
FCC,0.50102
FCC,0.347723
FCC,0.514744
FCC,0.252602
FCC,0.23963
FCC,0.217289
FCC,0.332309
FCC,0.144239
FCC,0.357071
FCC,0.385564
FCC,0.164655
FCC,0.318325
FCC,0.501137
FCC,0.25027
FCC,0.419959
FCC,0.561331
FCC,0.270159
FCC,0.210019
FCC,0.486139
FCC,0.301254
FCC,0.657243
FCC,0.394325
FCC,0.268563
FCC,0.204394
FCC,0.428357
FCC,0.170731
FCC,0.285749
FCC,0.370499
FCC,0.209316
FCC,0.193914
FCC,0.46181
FCC,0.252256
FCC,0.581345
FCC,0.399927
FCC,0.35323
FCC,0.226009
FCC,0.464192
FCC,0.208116
FCC,0.386851
FCC,0.277
FCC,0.224307
FCC,0.145113
FCC,0.415049
FCC,0.22508
FCC,0.537405
FCC,0.357082
FCC,0.181567
FCC,0.180264
FCC,0.543496
FCC,0.330812
FCC,0.493516
FCC,0.286099
FCC,0.329305
FCC,0.225196
FCC,0.430991
FCC,0.093883
FCC,0.572522
FCC,0.600504
FCC,0.268074
FCC,0.173829
FCC,0.486145
FCC,0.071939
FCC,0.312661
FCC,0.319087
FCC,0.226027
FCC,0.493126
FCC,0.375442
FCC,0.11384
FCC,0.52991
FCC,0.39571
FCC,0.103422
FCC,0.14523
FCC,0.315363
FCC,0.440221
FCC,0.29531
FCC,0.312128
FCC,0.248766
FCC,0.231034
FCC,0.174808
FCC,0.412548
FCC,0.35928
FCC,0.328774
FCC,0.241487
FCC,0.231858
FCC,0.412969
FCC,0.133301
FCC,0.391363
FCC,0.179314
FCC,0.318724
FCC,0.382635
FCC,0.109287
FCC,0.395008
FCC,0.263821
FCC,0.400424
FCC,0.23289
FCC,0.465526
FCC,0.495451
FCC,0.227677
FCC,0.44424
FCC,0.3973
FCC,0.367994
FCC,0.46108
FCC,0.337885
FCC,0.425127
FCC,0.382802
FCC,0.515423
FCC,0.391843
FCC,0.329097
FCC,0.497011
FCC,0.502762
FCC,0.311087
FCC,0.53196
FCC,0.27566
FCC,0.240069
FCC,0.443794
FCC,0.516789
FCC,0.504367
FCC,0.40861
FCC,0.399483
FCC,0.459489
FCC,0.496206
FCC,0.379972
FCC,0.392237
FCC,0.389211
FCC,0.265479
FCC,0.44313
FCC,0.245161
FCC,0.208884
FCC,0.456611
FCC,0.447794
FCC,0.168476
FCC,0.375638
FCC,0.242874
FCC,0.319451
FCC,0.40109
FCC,0.440331
FCC,0.218986
FCC,0.347729
FCC,0.286565
FCC,0.23235
FCC,0.534946
FCC,0.490802
FCC,0.227948
FCC,0.425909
FCC,0.187364
FCC,0.437768
FCC,0.478764
FCC,0.423195
FCC,0.237338
FCC,0.566584
FCC,0.379986
FCC,0.404074
FCC,0.294615
FCC,0.631274
FCC,0.259074
FCC,0.497178
FCC,0.263858
FCC,0.37927
FCC,0.263481
FCC,0.476675
FCC,0.286931
FCC,0.567544
FCC,0.507798
FCC,0.353002
FCC,0.403146
FCC,0.349086
FCC,0.415767
FCC,0.53008
FCC,0.218269
FCC,0.384639
FCC,0.294135
FCC,0.423775
FCC,0.241331
FCC,0.447431
FCC,0.336924
FCC,0.162481
FCC,0.504939
FCC,0.474482
FCC,0.136327
FCC,0.289688
FCC,0.507844
FCC,0.558314
FCC,0.60679
FCC,0.258565
FCC,0.430113
FCC,0.299288
FCC,0.246268
FCC,0.55457
FCC,0.301174
FCC,0.386067
FCC,0.351433
FCC,0.310418
FCC,0.46253
FCC,0.402339
FCC,0.555882
FCC,0.440199
FCC,0.656105
FCC,0.57924
FCC,0.373055
FCC,0.268016
FCC,0.419989
FCC,0.389903
FCC,0.448256
FCC,0.27971
FCC,0.393544
FCC,0.500338
FCC,0.228767
FCC,0.340816
FCC,0.238704
FCC,0.64049
FCC,0.259856
FCC,0.523207
FCC,0.622699
FCC,0.607471
FCC,0.320955
FCC,0.463461
FCC,0.217635
FCC,0.179401
FCC,0.534035
FCC,0.251428
FCC,0.426775
FCC,0.180488
FCC,0.518436
FCC,0.288207
FCC,0.246111
FCC,0.564646
FCC,0.193216
FCC,0.496011
FCC,0.380335
FCC,0.331472
FCC,0.287183
FCC,0.530117
FCC,0.167118
FCC,0.49698
FCC,0.469859
FCC,0.250529
FCC,0.156752
FCC,0.436286
FCC,0.13698
FCC,0.664001
FCC,0.374211
FCC,0.405002
FCC,0.208633
FCC,0.445856
FCC,0.260889
FCC,0.478266
FCC,0.506668
FCC,0.267138
FCC,0.328569
FCC,0.542331
FCC,0.27063
FCC,0.489829
FCC,0.280181
FCC,0.309276
FCC,0.107029
FCC,0.472922
FCC,0.350034
FCC,0.438475
FCC,0.359611
FCC,0.400046
FCC,0.222101
FCC,0.455799
FCC,0.234281
FCC,0.459744
FCC,0.524106
FCC,0.114018
FCC,0.219822
FCC,0.392566
FCC,0.217557
FCC,0.425364
FCC,0.350634
FCC,0.219998
FCC,0.010797
FCC,0.538614
FCC,0.341985
FCC,0.351746
FCC,0.261504
FCC,0.303978
FCC,0.168343
FCC,0.563284
FCC,0.345781
FCC,0.492129
FCC,0.347771
FCC,0.172154
FCC,0.462787
FCC,0.091012
FCC,0.279611
FCC,0.260821
FCC,0.15358
FCC,0.116161
FCC,0.366276
FCC,0.266984
FCC,0.483568
FCC,0.303353
FCC,0.365603
FCC,0.181004
FCC,0.463254
FCC,0.124702
FCC,0.415473
FCC,0.375673
FCC,0.177399
FCC,0.091731
FCC,0.399233
FCC,0.164102
FCC,0.311466
FCC,0.314323
FCC,0.191455
FCC,0.074547
FCC,0.268325
FCC,0.099577
FCC,0.529955
FCC,0.348693
FCC,0.17592
FCC,0.159384
FCC,0.393613
FCC,0.100793
FCC,0.495052
FCC,0.501217
FCC,0.261842
FCC,0.506444
FCC,0.51034
FCC,0.132815
FCC,0.4787
FCC,0.339881
FCC,0.171061
FCC,0.111586
FCC,0.34338
FCC,0.281732
FCC,0.423951
FCC,0.234325
FCC,0.127097
FCC,0.157693
FCC,0.364183
FCC,0.305426
FCC,0.496529
FCC,0.277974
FCC,0.301968
FCC,0.416269
FCC,0.193065
FCC,0.326676
FCC,0.319539
FCC,0.313929
FCC,0.190143
FCC,0.358778
FCC,0.337135
FCC,0.080212
FCC,0.25906
FCC,0.223582
FCC,0.396386
FCC,0.393337
FCC,0.250969
FCC,0.469386
FCC,0.107766
FCC,0.338401
FCC,0.429502
FCC,0.320306
FCC,0.494183
FCC,0.499807
FCC,0.507282
FCC,0.386584
FCC,0.320321
FCC,0.353158
FCC,0.457342
FCC,0.514674
FCC,0.42977
FCC,0.417591
FCC,0.300485
FCC,0.486515
FCC,0.350464
FCC,0.572285
FCC,0.357381
FCC,0.346664
FCC,0.544489
FCC,0.199211
FCC,0.398919
FCC,0.353875
FCC,0.360677
FCC,0.374974
FCC,0.536567
FCC,0.309872
FCC,0.432197
FCC,0.217872
FCC,0.124017
FCC,0.41189
FCC,0.401801
FCC,0.155627
FCC,0.421292
FCC,0.157847
FCC,0.277269
FCC,0.422543
FCC,0.47049
FCC,0.34932
FCC,0.345555
FCC,0.288768
FCC,0.356933
FCC,0.372131
FCC,0.330016
FCC,0.119801
FCC,0.326372
FCC,0.290205
FCC,0.446692
FCC,0.493113
FCC,0.400885
FCC,0.332578
FCC,0.547884
FCC,0.180726
FCC,0.50983
FCC,0.303585
FCC,0.555351
FCC,0.463301
FCC,0.55646
FCC,0.187184
FCC,0.436642
FCC,0.515574
FCC,0.604647
FCC,0.382297
FCC,0.475824
FCC,0.262321
FCC,0.571148
FCC,0.465048
FCC,0.467907
FCC,0.412425
FCC,0.498627
FCC,0.266314
FCC,0.278345
FCC,0.560429
FCC,0.419693
FCC,0.397359
FCC,0.385592
FCC,0.33195
FCC,0.196602
FCC,0.46143
FCC,0.493534
FCC,0.303306
FCC,0.20467
FCC,0.342629
FCC,0.56424
FCC,0.516416
FCC,0.380309
FCC,0.402492
FCC,0.40652
FCC,0.096263
FCC,0.504813
FCC,0.540585
FCC,0.147188
FCC,0.279734
FCC,0.509548
FCC,0.492958
FCC,0.186092
FCC,0.36019
FCC,0.562253
FCC,0.254523
FCC,0.337832
FCC,0.404275
FCC,0.277095
FCC,0.413315
FCC,0.528676
FCC,0.671942
FCC,0.26107
FCC,0.444454
FCC,0.452014
FCC,0.495105
FCC,0.39702
FCC,0.19801
FCC,0.569592
FCC,0.351673
FCC,0.264059
FCC,0.514391
FCC,0.180561
FCC,0.191553
FCC,0.451782
FCC,0.542631
FCC,0.316978
FCC,0.519254
FCC,0.294399
FCC,0.235528
FCC,0.612069
FCC,0.232443
FCC,0.393895
FCC,0.310495
FCC,0.285185
FCC,0.227562
FCC,0.197259
FCC,0.598383
FCC,0.241697
FCC,0.551251
FCC,0.387926
FCC,0.228587
FCC,0.339635
FCC,0.472894
FCC,0.191086
FCC,0.677756
FCC,0.500673
FCC,0.465567
FCC,0.190411
FCC,0.645012
FCC,0.191876
FCC,0.619178
FCC,0.267411
FCC,0.363152
FCC,0.280659
FCC,0.498955
FCC,0.243596
FCC,0.628669
FCC,0.431151
FCC,0.260261
FCC,0.256476
FCC,0.380446
FCC,0.131929
FCC,0.468916
FCC,0.299455
FCC,0.250111
FCC,0.215358
FCC,0.363265
FCC,0.244495
FCC,0.414553
FCC,0.401709
FCC,0.320763
FCC,0.264921
FCC,0.53327
FCC,0.310572
FCC,0.459063
FCC,0.305815
FCC,0.16313
FCC,0.19124
FCC,0.582042
FCC,0.209046
FCC,0.570334
FCC,0.601979
FCC,0.293425
FCC,0.223957
FCC,0.538736
FCC,0.093278
FCC,0.529558
FCC,0.382195
FCC,0.384351
FCC,0.270209
FCC,0.464256
FCC,0.226808
FCC,0.426807
FCC,0.512371
FCC,0.14501
FCC,0.184177
FCC,0.446172
FCC,0.057365
FCC,0.573616
FCC,0.34421
FCC,0.172308
FCC,0.212805
FCC,0.536464
FCC,0.246608
FCC,0.712902
FCC,0.233957
FCC,0.419239
FCC,0.116716
FCC,0.56556
FCC,0.213569
FCC,0.42649
FCC,0.3563
FCC,0.248495
FCC,0.147906
FCC,0.407724
FCC,0.154559
FCC,0.455845
FCC,0.409532
FCC,0.289348
FCC,0.247001
FCC,0.377435
FCC,0.204827
FCC,0.495166
FCC,0.213489
FCC,0.437197
FCC,0.064101
FCC,0.474827
FCC,0.193047
FCC,0.427123
FCC,0.302205
FCC,0.081089
FCC,0.49542
FCC,0.371456
FCC,0.149619
FCC,0.554611
FCC,0.33516
FCC,0.057617
FCC,0.264159
FCC,0.364597
FCC,0.424537
FCC,0.441818
FCC,0.472228
FCC,0.1949
FCC,0.173059
FCC,0.215519
FCC,0.347056
FCC,0.347248
FCC,0.21248
FCC,0.216905
FCC,0.388635
FCC,0.227972
FCC,0.194779
FCC,0.456754
FCC,0.219143
FCC,0.229564
FCC,0.41982
FCC,0.294417
FCC,0.530882
FCC,0.201738
FCC,0.383021
FCC,0.287561
FCC,0.079253
FCC,0.330785
FCC,0.426529
FCC,0.252788
FCC,0.455872
FCC,0.42287
FCC,0.388034
FCC,0.356597
FCC,0.198258
FCC,0.299656
FCC,0.463271
FCC,0.487272
FCC,0.450692
FCC,0.194078
FCC,0.528091
FCC,0.40744
FCC,0.285868
FCC,0.489825
FCC,0.344154
FCC,0.406652
FCC,0.524748
FCC,0.324513
FCC,0.438943
FCC,0.412961
FCC,0.116046
FCC,0.443643
FCC,0.164789
FCC,0.224047
FCC,0.14682
FCC,0.433573
FCC,0.441552
FCC,0.505915
FCC,0.164221
FCC,0.191395
FCC,0.357016
FCC,0.438419
FCC,0.269942
FCC,0.486344
FCC,0.297904
FCC,0.364716
FCC,0.417673
FCC,0.512958
FCC,0.238675
FCC,0.468721
FCC,0.19878
FCC,0.320193
FCC,0.402181
FCC,0.552595
FCC,0.202166
FCC,0.429376
FCC,0.2491
FCC,0.408514
FCC,0.515604
FCC,0.4079
FCC,0.343894
FCC,0.375875
FCC,0.294208
FCC,0.39774
FCC,0.731238
FCC,0.521944
FCC,0.482779
FCC,0.549588
FCC,0.547878
FCC,0.322513
FCC,0.342811
FCC,0.543618
FCC,0.284682
FCC,0.516792
FCC,0.310682
FCC,0.275995
FCC,0.485512
FCC,0.405738
FCC,0.131632
FCC,0.453649
FCC,0.365752
FCC,0.161992
FCC,0.284327
FCC,0.390338
FCC,0.36681
FCC,0.4676
FCC,0.442948
FCC,0.25535
FCC,0.453271
FCC,0.413592
FCC,0.315524
FCC,0.338506
FCC,0.373101
FCC,0.379873
FCC,0.406863
FCC,0.21612
FCC,0.575996
FCC,0.166901
FCC,0.190821
FCC,0.420098
FCC,0.500074
FCC,0.257061
FCC,0.197348
FCC,0.474273
FCC,0.301834
FCC,0.355587
FCC,0.42051
FCC,0.566065
FCC,0.429902
FCC,0.663589
FCC,0.438813
FCC,0.398158
FCC,0.388033
FCC,0.584409
FCC,0.587214
FCC,0.498058
FCC,0.63779
FCC,0.379992
FCC,0.50164
FCC,0.504823
FCC,0.486014
FCC,0.432931
FCC,0.274348
FCC,0.601539
FCC,0.256924
FCC,0.092234
FCC,0.50213
FCC,0.304471
FCC,0.35942
FCC,0.61129
FCC,0.194834
FCC,0.369704
FCC,0.590493
FCC,0.417326
FCC,0.428391
FCC,0.27631
FCC,0.484852
FCC,0.384631
FCC,0.265539
FCC,0.501432
FCC,0.154048
FCC,0.652816
FCC,0.473471
FCC,0.199262
FCC,0.174839
FCC,0.390591
FCC,0.104994
FCC,0.616642
FCC,0.533165
FCC,0.207542
FCC,0.228093
FCC,0.510787
FCC,0.276721
FCC,0.578436
FCC,0.493345
FCC,0.300012
FCC,0.316057
FCC,0.422429
FCC,0.303551
FCC,0.539533
FCC,0.593478
FCC,0.131261
FCC,0.266772
FCC,0.555343
FCC,0.254909
FCC,0.598441
FCC,0.350629
FCC,0.3532
FCC,0.319493
FCC,0.438923
FCC,0.236046
FCC,0.571642
FCC,0.31563
FCC,0.256658
FCC,0.284701
FCC,0.4828
FCC,0.128404
FCC,0.538488
FCC,0.563001
FCC,0.21104
FCC,0.204087
FCC,0.478252
FCC,0.209255
FCC,0.51457
FCC,0.541939
FCC,0.178221
FCC,0.185766
FCC,0.601938
FCC,0.238577
FCC,0.44249
FCC,0.267094
FCC,0.241653
FCC,0.26201
FCC,0.560029
FCC,0.236808
FCC,0.519045
FCC,0.314946
FCC,0.188306
FCC,0.427134
FCC,0.21941
FCC,0.562459
FCC,0.364543
FCC,0.24983
FCC,0.25497
FCC,0.474749
FCC,0.110858
FCC,0.715121
FCC,0.504489
FCC,0.323855
FCC,0.181531
FCC,0.535344
FCC,0.222678
FCC,0.461855
FCC,0.376887
FCC,0.491882
FCC,0.228986
FCC,0.370799
FCC,0.245935
FCC,0.530782
FCC,0.532585
FCC,0.291855
FCC,0.258966
FCC,0.518022
FCC,0.101015
FCC,0.266626
FCC,0.335187
FCC,0.358175
FCC,0.146501
FCC,0.402073
FCC,0.143395
FCC,0.425669
FCC,0.505135
FCC,0.292323
FCC,0.353494
FCC,0.661748
FCC,0.183376
FCC,0.392355
FCC,0.208005
FCC,0.164836
FCC,0.19115
FCC,0.352128
FCC,0.385274
FCC,0.376793
FCC,0.347821
FCC,0.250316
FCC,0.220296
FCC,0.278254
FCC,0.421899
FCC,0.437033
FCC,0.540328
FCC,0.489641
FCC,0.365296
FCC,0.382809
FCC,0.14865
FCC,0.2542
FCC,0.611422
FCC,0.276476
FCC,0.352161
FCC,0.145178
FCC,0.242113
FCC,0.336288
FCC,0.30712
FCC,0.087485
FCC,0.292112
FCC,0.321591
FCC,0.186964
FCC,0.256187
FCC,0.208915
FCC,0.407109
FCC,0.398722
FCC,0.181777
FCC,0.371676
FCC,0.209309
FCC,0.09819
FCC,0.375582
FCC,0.357312
FCC,0.160778
FCC,0.399253
FCC,0.154672
FCC,0.111756
FCC,0.454847
FCC,0.392841
FCC,0.248732
FCC,0.31865
FCC,0.225103
FCC,0.350058
FCC,0.132085
FCC,0.495871
FCC,0.133673
FCC,0.506106
FCC,0.38927
FCC,0.048009
FCC,0.43151
FCC,0.425198
FCC,0.075405
FCC,0.396591
FCC,0.188794
FCC,0.271059
FCC,0.522109
FCC,0.12332
FCC,0.576015
FCC,0.182179
FCC,0.272679
FCC,0.144052
FCC,0.388591
FCC,0.10931
FCC,0.33984
FCC,0.080819
FCC,0.149313
FCC,0.327098
FCC,0.354659
FCC,0.089506
FCC,0.408438
FCC,0.271015
FCC,0.353425
FCC,0.458825
FCC,0.39454
FCC,0.27127
FCC,0.573623
FCC,0.30366
FCC,0.231043
FCC,0.498101
FCC,0.381404
FCC,0.070406
FCC,0.445807
FCC,0.212165
FCC,0.083711
FCC,0.291362
FCC,0.507077
FCC,0.175419
FCC,0.485025
FCC,0.263137
FCC,0.345363
FCC,0.358721
FCC,0.490522
FCC,0.153619
FCC,0.487976
FCC,0.130107
FCC,0.315092
FCC,0.354736
FCC,0.540457
FCC,0.253243
FCC,0.51789
FCC,0.199377
FCC,0.260946
FCC,0.64376
FCC,0.498629
FCC,0.229567
FCC,0.610575
FCC,0.236602
FCC,0.348803
FCC,0.401078
FCC,0.495175
FCC,0.2895
FCC,0.408672
FCC,0.19478
FCC,0.283954
FCC,0.601396
FCC,0.59185
FCC,0.226831
FCC,0.443207
FCC,0.310724
FCC,0.319
FCC,0.236112
FCC,0.434941
FCC,0.614705
FCC,0.38819
FCC,0.505767
FCC,0.246805
FCC,0.353704
FCC,0.356413
FCC,0.582352
FCC,0.366343
FCC,0.619472
FCC,0.329975
FCC,0.336676
FCC,0.228912
FCC,0.227782
FCC,0.289502
FCC,0.51468
FCC,0.266213
FCC,0.316181
FCC,0.422862
FCC,0.516996
FCC,0.481764
FCC,0.290783
FCC,0.176075
FCC,0.593391
FCC,0.375773
FCC,0.332153
FCC,0.392865
FCC,0.328147
FCC,0.41493
FCC,0.544775
FCC,0.411228
FCC,0.455711
FCC,0.344454
FCC,0.467616
FCC,0.361824
FCC,0.26142
FCC,0.271776
FCC,0.407695
FCC,0.397619
FCC,0.27973
FCC,0.624554
FCC,0.384478
FCC,0.421539
FCC,0.409541
FCC,0.531893
FCC,0.205014
FCC,0.303425
FCC,0.306152
FCC,0.270268
FCC,0.420204
FCC,0.365785
FCC,0.425557
FCC,0.328154
FCC,0.364189
FCC,0.335094
FCC,0.456157
FCC,0.246599
FCC,0.537828
FCC,0.575807
FCC,0.351819
FCC,0.355775
FCC,0.54727
FCC,0.225411
FCC,0.40769
FCC,0.307197
FCC,0.424817
FCC,0.283046
FCC,0.333815
FCC,0.210261
FCC,0.510328
FCC,0.33176
FCC,0.185273
FCC,0.264143
FCC,0.478245
FCC,0.212498
FCC,0.388171
FCC,0.550059
FCC,0.386615
FCC,0.165979
FCC,0.437971
FCC,0.205617
FCC,0.412329
FCC,0.267812
FCC,0.199992
FCC,0.339938
FCC,0.509314
FCC,0.17013
FCC,0.403485
FCC,0.275625
FCC,0.307513
FCC,0.30861
FCC,0.548418
FCC,0.243834
FCC,0.548122
FCC,0.292453
FCC,0.234085
FCC,0.186573
FCC,0.435633
FCC,0.348083
FCC,0.406733
FCC,0.441143
FCC,0.270293
FCC,0.256107
FCC,0.420892
FCC,0.216516
FCC,0.517033
FCC,0.36915
FCC,0.388783
FCC,0.16551
FCC,0.514046
FCC,0.390808
FCC,0.13274
FCC,0.211771
FCC,0.210136
FCC,0.34626
FCC,0.135001
FCC,0.445567
FCC,0.294013
FCC,0.146458
FCC,0.212755
FCC,0.470378
FCC,0.409737
FCC,0.409654
FCC,0.332969
FCC,0.374806
FCC,0.446061
FCC,0.354455
FCC,0.121955
FCC,0.359776
FCC,0.325666
FCC,0.094135
FCC,0.324361
FCC,0.412686
FCC,0.246994
FCC,0.259295
FCC,0.543037
FCC,0.36882
FCC,0.260388
FCC,0.356274
FCC,0.073242
FCC,0.523825
FCC,0.553056
FCC,0.498312
FCC,0.123483
FCC,0.409907
FCC,0.208516
FCC,0.268652
FCC,0.457902
FCC,0.431411
FCC,0.20746
FCC,0.485935
FCC,0.122858
FCC,0.36014
FCC,0.170395
FCC,0.279944
FCC,0.493322
FCC,0.246888
FCC,0.40309
FCC,0.306586
FCC,0.389953
FCC,0.531883
FCC,0.395791
FCC,0.44717
FCC,0.275828
FCC,0.407145
FCC,0.434819
FCC,0.462861
FCC,0.12233
FCC,0.496434
FCC,0.137644
FCC,0.161634
FCC,0.426925
FCC,0.378772
FCC,0.131788
FCC,0.458076
FCC,0.121061
FCC,0.336172
FCC,0.372753
FCC,0.450506
FCC,0.154426
FCC,0.461067
FCC,0.218931
FCC,0.044352
FCC,0.289075
FCC,0.460777
FCC,0.209682
FCC,0.361852
FCC,0.149205
FCC,0.114424
FCC,0.228862
FCC,0.358346
FCC,0.212873
FCC,0.336696
FCC,0.131348
FCC,0.230087
FCC,0.391562
FCC,0.568002
FCC,0.154438
FCC,0.557534
FCC,0.247492
FCC,0.222894
FCC,0.233011
FCC,0.452025
FCC,0.204454
FCC,0.399988
FCC,0.230213
FCC,0.2713
FCC,0.51232
FCC,0.559239
FCC,0.172741
FCC,0.578816
FCC,0.225036
FCC,0.33104
FCC,0.33763
FCC,0.553562
FCC,0.318575
FCC,0.404388
FCC,0.184515
FCC,0.3214
FCC,0.20322
FCC,0.33458
FCC,0.182313
FCC,0.526663
FCC,0.086499
FCC,0.285329
FCC,0.320916
FCC,0.45634
FCC,0.265326
FCC,0.541793
FCC,0.074935
FCC,0.320471
FCC,0.388657
FCC,0.386281
FCC,0.238666
FCC,0.38815
FCC,0.183096
FCC,0.199876
FCC,0.38091
FCC,0.423438
FCC,0.339749
FCC,0.548518
FCC,0.160483
FCC,0.234402
FCC,0.407734
FCC,0.603362
FCC,0.158875
FCC,0.389437
FCC,0.244791
FCC,0.17547
FCC,0.495447
FCC,0.492417
FCC,0.177053
FCC,0.406233
FCC,0.318598
FCC,0.2201
FCC,0.297276
FCC,0.321333
FCC,0.598838
FCC,0.275149
FCC,0.475281
FCC,0.284057
FCC,0.233219
FCC,0.175983
FCC,0.448126
FCC,0.335427
FCC,0.522911
FCC,0.305368
FCC,0.26159
FCC,0.415996
FCC,0.329058
FCC,0.368032
FCC,0.461031
FCC,0.247106
FCC,0.521777
FCC,0.486633
FCC,0.442045
FCC,0.566329
FCC,0.467812
FCC,0.197921
FCC,0.459567
FCC,0.601809
FCC,0.326398
FCC,0.182628
FCC,0.574529
FCC,0.299065
FCC,0.53555
FCC,0.394703
FCC,0.252637
FCC,0.534846
FCC,0.255043
FCC,0.264849
FCC,0.261468
FCC,0.247355
FCC,0.243803
FCC,0.148771
FCC,0.529217
FCC,0.472608
FCC,0.409382
FCC,0.175143
FCC,0.554814
FCC,0.330133
FCC,0.121699
FCC,0.324631
FCC,0.266315
FCC,0.573053
FCC,0.158234
FCC,0.481128
FCC,0.265453
FCC,0.279368
FCC,0.262238
FCC,0.429194
FCC,0.287533
FCC,0.365075
FCC,0.448399
FCC,0.270764
FCC,0.430449
FCC,0.42227
FCC,0.292078
FCC,0.483976
FCC,0.367282
FCC,0.444253
FCC,0.273061
FCC,0.461123
FCC,0.18888
FCC,0.445765
FCC,0.336157
FCC,0.425769
FCC,0.260013
FCC,0.528946
FCC,0.186413
FCC,0.458954
FCC,0.386246
FCC,0.332848
FCC,0.204475
FCC,0.394842
FCC,0.123181
FCC,0.588379
FCC,0.330362
FCC,0.528177
FCC,0.282423
FCC,0.402348
FCC,0.184748
FCC,0.550006
FCC,0.481398
FCC,0.35806
FCC,0.275947
FCC,0.453052
FCC,0.174409
FCC,0.36721
FCC,0.144873
FCC,0.438692
FCC,0.13882
FCC,0.365267
FCC,0.226652
FCC,0.526761
FCC,0.297426
FCC,0.230228
FCC,0.175041
FCC,0.467726
FCC,0.25336
FCC,0.474577
FCC,0.30846
FCC,0.109435
FCC,0.248146
FCC,0.449128
FCC,0.55802
FCC,0.333209
FCC,0.107834
FCC,0.24939
FCC,0.370864
FCC,0.398945
FCC,0.363495
FCC,0.202805
FCC,0.304433
FCC,0.268829
FCC,0.345098
FCC,0.346569
FCC,0.405048
FCC,0.162798
FCC,0.420619
FCC,0.511597
FCC,0.347376
FCC,0.359296
FCC,0.460951
FCC,0.183033
FCC,0.528295
FCC,0.175646
FCC,0.296104
FCC,0.367819
FCC,0.433838
FCC,0.217999
FCC,0.359398
FCC,0.142952
FCC,0.273997
FCC,0.165938
FCC,0.133947
FCC,0.15004
FCC,0.414904
FCC,0.416971
FCC,0.504236
FCC,0.216586
FCC,0.366985
FCC,0.299186
FCC,0.413319
FCC,0.382474
FCC,0.539083
FCC,0.302624
FCC,0.375879
FCC,0.157591
FCC,0.47816
FCC,0.211083
FCC,0.481207
FCC,0.462606
FCC,0.116323
FCC,0.467377
FCC,0.191767
FCC,0.352333
FCC,0.369354
FCC,0.05246
FCC,0.432774
FCC,0.147229
FCC,0.272222
FCC,0.344917
FCC,0.523456
FCC,0.181365
FCC,0.480837
FCC,0.200347
FCC,0.37491
FCC,0.438859
FCC,0.507107
FCC,0.247845
FCC,0.543379
FCC,0.173348
FCC,0.317358
FCC,0.421711
FCC,0.489877
FCC,0.287988
FCC,0.523995
FCC,0.217512
FCC,0.277859
FCC,0.362789
FCC,0.500173
FCC,0.280809
FCC,0.470549
FCC,0.334607
FCC,0.32701
FCC,0.287965
FCC,0.476238
FCC,0.320039
FCC,0.623015
FCC,0.269241
FCC,0.194358
FCC,0.384038
FCC,0.542213
FCC,0.199645
FCC,0.684438
FCC,0.252751
FCC,0.233069
FCC,0.506755
FCC,0.553768
FCC,0.174433
FCC,0.645595
FCC,0.279397
FCC,0.166625
FCC,0.400276
FCC,0.444599
FCC,0.320182
FCC,0.485582
FCC,0.144076
FCC,0.198903
FCC,0.434808
FCC,0.500722
FCC,0.32967
FCC,0.474447
FCC,0.197795
FCC,0.359675
FCC,0.383717
FCC,0.406768
FCC,0.234336
FCC,0.67906
FCC,0.198018
FCC,0.307385
FCC,0.380814
FCC,0.565246
FCC,0.270501
FCC,0.503273
FCC,0.24279
FCC,0.231783
FCC,0.440099
FCC,0.371653
FCC,0.208711
FCC,0.514973
FCC,0.242165
FCC,0.336398
FCC,0.421744
FCC,0.477205
FCC,0.294156
FCC,0.450984
FCC,0.20239
FCC,0.322362
FCC,0.378802
FCC,0.503643
FCC,0.294399
FCC,0.58092
FCC,0.202893
FCC,0.433807
FCC,0.408006
FCC,0.529667
FCC,0.227545
FCC,0.514786
FCC,0.437541
FCC,0.183582
FCC,0.392448
FCC,0.154433
FCC,0.228297
FCC,0.614104
FCC,0.319257
FCC,0.48361
FCC,0.356449
FCC,0.332795
FCC,0.34578
FCC,0.471373
FCC,0.391486
FCC,0.580509
FCC,0.37513
FCC,0.47887
FCC,0.559021
FCC,0.212434
FCC,0.443394
FCC,0.490273
FCC,0.298839
FCC,0.427398
FCC,0.473776
FCC,0.319918
FCC,0.711543
FCC,0.374643
FCC,0.311673
FCC,0.446052
FCC,0.334539
FCC,0.187982
FCC,0.186782
FCC,0.578108
FCC,0.253028
FCC,0.460955
FCC,0.542044
FCC,0.219774
FCC,0.336332
FCC,0.43277
FCC,0.24459
FCC,0.249186
FCC,0.303616
FCC,0.183264
FCC,0.474681
FCC,0.065461
FCC,0.561145
FCC,0.419137
FCC,0.256465
FCC,0.316227
FCC,0.478184
FCC,0.229767
FCC,0.265414
FCC,0.3807
FCC,0.339671
FCC,0.46129
FCC,0.239341
FCC,0.477475
FCC,0.25986
FCC,0.267985
FCC,0.278723
FCC,0.519093
FCC,0.241963
FCC,0.543216
FCC,0.445098
FCC,0.236218
FCC,0.277386
FCC,0.403554
FCC,0.243331
FCC,0.387923
FCC,0.319844
FCC,0.225447
FCC,0.113989
FCC,0.264717
FCC,0.191702
FCC,0.372379
FCC,0.195422
FCC,0.338427
FCC,0.251254
FCC,0.344332
FCC,0.199602
FCC,0.303797
FCC,0.356956
FCC,0.371728
FCC,0.264119
FCC,0.377404
FCC,0.234277
FCC,0.493252
FCC,0.289259
FCC,0.240856
FCC,0.177151
FCC,0.34697
FCC,0.147505
FCC,0.571382
FCC,0.443081
FCC,0.12697
FCC,0.09999
FCC,0.483813
FCC,0.162259
FCC,0.560272
FCC,0.370913
FCC,0.208965
FCC,0.253014
FCC,0.486933
FCC,0.239976
FCC,0.480021
FCC,0.276746
FCC,0.118314
FCC,0.224721
FCC,0.345002
FCC,0.399127
FCC,0.339854
FCC,0.308146
FCC,0.280161
FCC,0.241566
FCC,0.283506
FCC,0.478527
FCC,0.471512
FCC,0.468046
FCC,0.239
FCC,0.328045
FCC,0.21245
FCC,0.365042
FCC,0.130111
FCC,0.365009
FCC,0.148118
FCC,0.405389
FCC,0.44708
FCC,0.248899
FCC,0.370825
FCC,0.43587
FCC,0.406274
FCC,0.073082
FCC,0.250097
FCC,0.525593
FCC,0.238103
FCC,0.441322
FCC,0.191083
FCC,0.324549
FCC,0.569626
FCC,0.288768
FCC,0.210044
FCC,0.376617
FCC,0.169882
FCC,0.16988
FCC,0.248466
FCC,0.280865
FCC,0.213933
FCC,0.572113
FCC,0.404999
FCC,0.304741
FCC,0.323711
FCC,0.128378
FCC,0.319775
FCC,0.552432
FCC,0.516473
FCC,0.301068
FCC,0.296787
FCC,0.092121
FCC,0.463736
FCC,0.216162
FCC,0.520303
FCC,0.365698
FCC,0.204033
FCC,0.491132
FCC,0.184295
FCC,0.389741
FCC,0.571239
FCC,0.156907
FCC,0.506238
FCC,0.243542
FCC,0.250168
FCC,0.517971
FCC,0.479396
FCC,0.221348
FCC,0.549536
FCC,0.232385
FCC,0.217342
FCC,0.451418
FCC,0.563448
FCC,0.245783
FCC,0.502915
FCC,0.084181
FCC,0.187219
FCC,0.443998
FCC,0.505352
FCC,0.283912
FCC,0.523434
FCC,0.224964
FCC,0.337928
FCC,0.311733
FCC,0.490106
FCC,0.304443
FCC,0.516121
FCC,0.146583
FCC,0.3943
FCC,0.495591
FCC,0.21167
FCC,0.595414
FCC,0.283485
FCC,0.345379
FCC,0.260337
FCC,0.600306
FCC,0.29887
FCC,0.546355
FCC,0.256217
FCC,0.318266
FCC,0.419885
FCC,0.422391
FCC,0.197394
FCC,0.61276
FCC,0.161049
FCC,0.308222
FCC,0.525145
FCC,0.606068
FCC,0.182829
FCC,0.516216
FCC,0.331127
FCC,0.561272
FCC,0.487998
FCC,0.569118
FCC,0.193412
FCC,0.675749
FCC,0.274343
FCC,0.371175
FCC,0.277031
FCC,0.461295
FCC,0.310737
FCC,0.480577
FCC,0.237394
FCC,0.471444
FCC,0.563632
FCC,0.548379
FCC,0.22291
FCC,0.489715
FCC,0.289828
FCC,0.256323
FCC,0.461277
FCC,0.615439
FCC,0.286906
FCC,0.526153
FCC,0.332717
FCC,0.328562
FCC,0.527803
FCC,0.601684
FCC,0.361101
FCC,0.860108
FCC,0.217421
FCC,0.368953
FCC,0.444813
FCC,0.518392
FCC,0.474018
FCC,0.644724
FCC,0.29074
FCC,0.376179
FCC,0.501547
FCC,0.618925
FCC,0.30762
FCC,0.601282
FCC,0.182225
FCC,0.477728
FCC,0.335054
FCC,0.388162
FCC,0.372055
FCC,0.663385
FCC,0.606894
FCC,0.468871
FCC,0.774367
FCC,0.374741
FCC,0.441178
FCC,0.557374
FCC,0.719789
FCC,0.691519
FCC,0.516558
FCC,0.658997
FCC,0.413348
FCC,0.806044
FCC,0.304192
FCC,0.432784
FCC,0.293332
FCC,0.471429
FCC,0.390654
FCC,0.159262
FCC,0.27835
FCC,0.422206
FCC,0.213899
FCC,0.543851
FCC,0.422195
FCC,0.460278
FCC,0.336213
FCC,0.434632
FCC,0.305399
FCC,0.337809
FCC,0.187405
FCC,0.529335
FCC,0.430522
FCC,0.520598
FCC,0.384258
FCC,0.575485
FCC,0.299695
FCC,0.474138
FCC,0.299621
FCC,0.339012
FCC,0.481674
FCC,0.403746
FCC,0.48003
FCC,0.392103
FCC,0.326643
FCC,0.269281
FCC,0.396983
FCC,0.245384
FCC,0.347746
FCC,0.394886
FCC,0.274727
FCC,0.425199
FCC,0.200081
FCC,0.450428
FCC,0.220994
FCC,0.093521
FCC,0.153884
FCC,0.335952
FCC,0.129482
FCC,0.362583
FCC,0.270182
FCC,0.285138
FCC,0.280686
FCC,0.387965
FCC,0.200716
FCC,0.388033
FCC,0.5826
FCC,0.272941
FCC,0.31946
FCC,0.322141
FCC,0.258531
FCC,0.39362
FCC,0.29495
FCC,0.242196
FCC,0.345496
FCC,0.495542
FCC,0.374978
FCC,0.51146
FCC,0.353552
FCC,0.303886
FCC,0.212765
FCC,0.470515
FCC,0.373445
FCC,0.558266
FCC,0.186635
FCC,0.372965
FCC,0.20883
FCC,0.436453
FCC,0.16944
FCC,0.471171
FCC,0.371523
FCC,0.142872
FCC,0.199272
FCC,0.541469
FCC,0.141666
FCC,0.430485
FCC,0.130318
FCC,0.204705
FCC,0.173183
FCC,0.473962
FCC,0.188804
FCC,0.500589
FCC,0.259652
FCC,0.231482
FCC,0.250547
FCC,0.387931
FCC,0.058707
FCC,0.405869
FCC,0.42665
FCC,0.333741
FCC,0.240316
FCC,0.390658
FCC,0.283202
FCC,0.213928
FCC,0.285292
FCC,0.302442
FCC,0.539229
FCC,0.330987
FCC,0.549311
FCC,0.473878
FCC,0.236633
FCC,0.23069
FCC,0.402151
FCC,0.489941
FCC,0.464957
FCC,0.196054
FCC,0.49327
FCC,0.451924
FCC,0.277925
FCC,0.125688
FCC,0.444067
FCC,0.225487
FCC,0.369046
FCC,0.073103
FCC,0.48899
FCC,0.352859
FCC,0.239554
FCC,0.213014
FCC,0.491491
FCC,0.337787
FCC,0.312512
FCC,0.244387
FCC,0.428054
FCC,0.283925
FCC,0.616741
FCC,0.650695
FCC,0.400238
FCC,0.55554
FCC,0.206706
FCC,0.484806
FCC,0.495301
FCC,0.748926
FCC,0.280217
FCC,0.372614
FCC,0.293458
FCC,0.453088
FCC,0.252952
FCC,0.398069
FCC,0.499917
FCC,0.409804
FCC,0.405231
FCC,0.470751
FCC,0.392426
FCC,0.375311
FCC,0.28971
FCC,0.551353
FCC,0.305088
FCC,0.41805
FCC,0.451376
FCC,0.502328
FCC,0.18771
FCC,0.408377
FCC,0.246669
FCC,0.331016
FCC,0.4236
FCC,0.458344
FCC,0.364502
FCC,0.612007
FCC,0.210458
FCC,0.249878
FCC,0.366115
FCC,0.568571
FCC,0.151977
FCC,0.56896
FCC,0.328642
FCC,0.467184
FCC,0.322861
FCC,0.574006
FCC,0.333539
FCC,0.58759
FCC,0.191468
FCC,0.256538
FCC,0.449719
FCC,0.575939
FCC,0.261354
FCC,0.560156
FCC,0.248488
FCC,0.281875
FCC,0.39169
FCC,0.538698
FCC,0.107514
FCC,0.47567
FCC,0.333566
FCC,0.288485
FCC,0.432621
FCC,0.451153
FCC,0.263111
FCC,0.656739
FCC,0.199522
FCC,0.290479
FCC,0.363179
FCC,0.417787
FCC,0.184777
FCC,0.548664
FCC,0.183489
FCC,0.471811
FCC,0.428701
FCC,0.519109
FCC,0.165605
FCC,0.412938
FCC,0.205336
FCC,0.286656
FCC,0.593945
FCC,0.531119
FCC,0.344356
FCC,0.717685
FCC,0.278357
FCC,0.244397
FCC,0.4774
FCC,0.537214
FCC,0.248133
FCC,0.508446
FCC,0.238363
FCC,0.361413
FCC,0.593274
FCC,0.670644
FCC,0.278955
FCC,0.476926
FCC,0.392897
FCC,0.300826
FCC,0.57263
FCC,0.628669
FCC,0.407566
FCC,0.684601
FCC,0.391785
FCC,0.334937
FCC,0.318358
FCC,0.671086
FCC,0.314513
FCC,0.536177
FCC,0.394443
FCC,0.400074
FCC,0.439994
FCC,0.555999
FCC,0.316736
FCC,0.795957
FCC,0.207326
FCC,0.199941
FCC,0.210714
FCC,0.444724
FCC,0.687391
FCC,0.552516
FCC,0.477474
FCC,0.616259
FCC,0.330687
FCC,0.365844
FCC,0.520636
FCC,0.655103
FCC,0.680211
FCC,0.325542
FCC,0.552805
FCC,0.301675
FCC,0.362438
FCC,0.309908
FCC,0.20942
FCC,0.355245
FCC,0.374937
FCC,0.409329
FCC,0.223162
FCC,0.545092
FCC,0.487225
FCC,0.548342
FCC,0.347077
FCC,0.275268
FCC,0.420137
FCC,0.378628
FCC,0.383129
FCC,0.155213
FCC,0.433384
FCC,0.263558
FCC,0.56873
FCC,0.363359
FCC,0.104543
FCC,0.500578
FCC,0.200876
FCC,0.364363
FCC,0.138887
FCC,0.051256
FCC,0.500707
FCC,0.171641
FCC,0.406122
FCC,0.543328
FCC,0.257977
FCC,0.322596
FCC,0.572033
FCC,0.373322
FCC,0.330312
FCC,0.403827
FCC,0.346535
FCC,0.437342
FCC,0.289451
FCC,0.558797
FCC,0.473041
FCC,0.034664
FCC,0.182718
FCC,0.286762
FCC,0.362556
FCC,0.46515
FCC,0.463428
FCC,0.391372
FCC,0.450758
FCC,0.501847
FCC,0.200815
FCC,0.462828
FCC,0.449469
FCC,0.282748
FCC,0.252841
FCC,0.466594
FCC,0.310483
FCC,0.536891
FCC,0.277637
FCC,0.516011
FCC,0.259431
FCC,0.444799
FCC,0.211935
FCC,0.510404
FCC,0.187011
FCC,0.156178
FCC,0.295779
FCC,0.438887
FCC,0.365134
FCC,0.39137
FCC,0.307415
FCC,0.248285
FCC,0.129878
FCC,0.476004
FCC,0.1956
FCC,0.443019
FCC,0.288398
FCC,0.151853
FCC,0.09558
FCC,0.421658
FCC,0.122296
FCC,0.473324
FCC,0.328572
FCC,0.227996
FCC,0.247609
FCC,0.443521
FCC,0.117717
FCC,0.408423
FCC,0.403713
FCC,0.116138
FCC,0.174514
FCC,0.404295
FCC,0.370486
FCC,0.331163
FCC,0.399901
FCC,0.470104
FCC,0.213052
FCC,0.415618
FCC,0.490718
FCC,0.159969
FCC,0.347738
FCC,0.166528
FCC,0.380906
FCC,0.397603
FCC,0.441873
FCC,0.51965
FCC,0.21995
FCC,0.352861
FCC,0.428128
FCC,0.500895
FCC,0.252031
FCC,0.160459
FCC,0.422694
FCC,0.346488
FCC,0.160908
FCC,0.221764
FCC,0.451895
FCC,0.220271
FCC,0.187704
FCC,0.058187
FCC,0.377563
FCC,0.36541
FCC,0.0831
FCC,0.344678
FCC,0.191458
FCC,0.185158
FCC,0.343147
FCC,0.473797
FCC,0.341387
FCC,0.171864
FCC,0.498282
FCC,0.470449
FCC,0.455578
FCC,0.438821
FCC,0.475717
FCC,0.21466
FCC,0.380081
FCC,0.390911
FCC,0.478515
FCC,0.174725
FCC,0.288331
FCC,0.100822
FCC,0.534996
FCC,0.270818
FCC,0.544536
FCC,0.393601
FCC,0.154735
FCC,0.415544
FCC,0.412624
FCC,0.303996
FCC,0.578591
FCC,0.322636
FCC,0.654992
FCC,0.213816
FCC,0.458747
FCC,0.617306
FCC,0.620075
FCC,0.297062
FCC,0.396698
FCC,0.245671
FCC,0.263622
FCC,0.436512
FCC,0.461162
FCC,0.336156
FCC,0.492394
FCC,0.088295
FCC,0.299053
FCC,0.388983
FCC,0.45165
FCC,0.230743
FCC,0.52249
FCC,0.15745
FCC,0.46556
FCC,0.577143
FCC,0.454917
FCC,0.300214
FCC,0.457263
FCC,0.212907
FCC,0.171407
FCC,0.457307
FCC,0.547617
FCC,0.24767
FCC,0.432407
FCC,0.261207
FCC,0.354815
FCC,0.334143
FCC,0.506006
FCC,0.320118
FCC,0.517947
FCC,0.125007
FCC,0.275509
FCC,0.593912
FCC,0.482168
FCC,0.111887
FCC,0.436791
FCC,0.181488
FCC,0.353849
FCC,0.205125
FCC,0.488285
FCC,0.357201
FCC,0.766954
FCC,0.185744
FCC,0.303119
FCC,0.642318
FCC,0.566159
FCC,0.232705
FCC,0.528008
FCC,0.143286
FCC,0.305688
FCC,0.446134
FCC,0.472429
FCC,0.200487
FCC,0.576596
FCC,0.220401
FCC,0.407561
FCC,0.486932
FCC,0.511345
FCC,0.222928
FCC,0.470675
FCC,0.181098
FCC,0.36784
FCC,0.461863
FCC,0.711528
FCC,0.310901
FCC,0.614751
FCC,0.329379
FCC,0.302693
FCC,0.479799
FCC,0.47089
FCC,0.210931
FCC,0.527568
FCC,0.242812
FCC,0.284701
FCC,0.43052
FCC,0.547378
FCC,0.159974
FCC,0.433149
FCC,0.284091
FCC,0.271382
FCC,0.432888
FCC,0.61609
FCC,0.221816
FCC,0.628193
FCC,0.326848
FCC,0.335639
FCC,0.325938
FCC,0.469272
FCC,0.530142
FCC,0.38578
FCC,0.719729
FCC,0.346172
FCC,0.127559
FCC,0.38246
FCC,0.570126
FCC,0.514284
FCC,0.4831
FCC,0.623077
FCC,0.223676
FCC,0.309059
FCC,0.350642
FCC,0.279063
FCC,0.559816
FCC,0.258119
FCC,0.382912
FCC,0.341767
FCC,0.500381
FCC,0.307303
FCC,0.439332
FCC,0.231836
FCC,0.379654
FCC,0.42011
FCC,0.532905
FCC,0.214595
FCC,0.332174
FCC,0.453015
FCC,0.301043
FCC,0.670101
FCC,0.051877
FCC,0.296285
FCC,0.52532
FCC,0.264149
FCC,0.708529
FCC,0.455194
FCC,0.419672
FCC,0.536827
FCC,0.212195
FCC,0.550271
FCC,0.625423
FCC,0.130947
FCC,0.211826
FCC,0.345404
FCC,0.141929
FCC,0.393092
FCC,0.454478
FCC,0.300734
FCC,0.47874
FCC,0.333285
FCC,0.492562
FCC,0.608912
FCC,0.329016
FCC,0.285028
FCC,0.491812
FCC,0.55642
FCC,0.525282
FCC,0.273854
FCC,0.375018
FCC,0.348123
FCC,0.456209
FCC,0.321392
FCC,0.466187
FCC,0.465266
FCC,0.272803
FCC,0.156756
FCC,0.364698
FCC,0.156248
FCC,0.471817
FCC,0.266246
FCC,0.337494
FCC,0.275296
FCC,0.476973
FCC,0.304376
FCC,0.481581
FCC,0.339132
FCC,0.335992
FCC,0.080743
FCC,0.318109
FCC,0.041079
FCC,0.296971
FCC,0.327231
FCC,0.21174
FCC,0.265329
FCC,0.429948
FCC,0.136974
FCC,0.40688
FCC,0.326841
FCC,0.258964
FCC,0.157053
FCC,0.432831
FCC,0.321752
FCC,0.582879
FCC,0.615222
FCC,0.224339
FCC,0.152691
FCC,0.618221
FCC,0.47162
FCC,0.263635
FCC,0.487046
FCC,0.410493
FCC,0.5119
FCC,0.51307
FCC,0.317974
FCC,0.612263
FCC,0.173572
FCC,0.178746
FCC,0.316867
FCC,0.45057
FCC,0.378433
FCC,0.465406
FCC,0.344365
FCC,0.346731
FCC,0.363533
FCC,0.218733
FCC,0.494634
FCC,0.401136
FCC,0.469111
FCC,0.235144
FCC,0.30709
FCC,0.408034
FCC,0.361527
FCC,0.268341
FCC,0.329398
FCC,0.367713
FCC,0.180241
FCC,0.231931
FCC,0.32868
FCC,0.231191
FCC,0.382917
FCC,0.323886
FCC,0.488109
FCC,0.567857
FCC,0.196613
FCC,0.08591
FCC,0.557959
FCC,0.226927
FCC,0.313486
FCC,0.492181
FCC,0.292241
FCC,0.387461
FCC,0.460018
FCC,0.54896
FCC,0.121915
FCC,0.439002
FCC,0.166304
FCC,0.167762
FCC,0.412825
FCC,0.507094
FCC,0.2786
FCC,0.52361
FCC,0.256619
FCC,0.468668
FCC,0.201753
FCC,0.475514
FCC,0.514089
FCC,0.099642
FCC,0.418302
FCC,0.312881
FCC,0.374603
FCC,0.389998
FCC,0.294068
FCC,0.435803
FCC,0.224414
FCC,0.196931
FCC,0.452064
FCC,0.441418
FCC,0.120519
FCC,0.380951
FCC,0.308583
FCC,0.101555
FCC,0.340425
FCC,0.413847
FCC,0.221587
FCC,0.55582
FCC,0.080588
FCC,0.322166
FCC,0.315419
FCC,0.488564
FCC,0.172416
FCC,0.434112
FCC,0.30532
FCC,0.392482
FCC,0.260332
FCC,0.505764
FCC,0.243858
FCC,0.448291
FCC,0.046468
FCC,0.210951
FCC,0.5161
FCC,0.577777
FCC,0.230181
FCC,0.709321
FCC,0.140052
FCC,0.177208
FCC,0.375481
FCC,0.570496
FCC,0.276634
FCC,0.489181
FCC,0.353247
FCC,0.258489
FCC,0.348856
FCC,0.570616
FCC,0.246021
FCC,0.416995
FCC,0.082297
FCC,0.396385
FCC,0.273923
FCC,0.491172
FCC,0.303597
FCC,0.435888
FCC,0.119832
FCC,0.230556
FCC,0.536255
FCC,0.68895
FCC,0.170461
FCC,0.534758
FCC,0.339244
FCC,0.297407
FCC,0.448023
FCC,0.481022
FCC,0.286652
FCC,0.517709
FCC,0.154525
FCC,0.290579
FCC,0.605251
FCC,0.490347
FCC,0.190246
FCC,0.68194
FCC,0.361818
FCC,0.337863
FCC,0.4526
FCC,0.593316
FCC,0.107145
FCC,0.341669
FCC,0.188996
FCC,0.198459
FCC,0.476162
FCC,0.606922
FCC,0.404844
FCC,0.769051
FCC,0.270869
FCC,0.235784
FCC,0.436274
FCC,0.437778
FCC,0.303891
FCC,0.57877
FCC,0.174888
FCC,0.345353
FCC,0.469578
FCC,0.554226
FCC,0.275833
FCC,0.424354
FCC,0.253652
FCC,0.491525
FCC,0.406243
FCC,0.341794
FCC,0.33129
FCC,0.531971
FCC,0.394028
FCC,0.75815
FCC,0.360442
FCC,0.166351
FCC,0.381313
FCC,0.737205
FCC,0.587462
FCC,0.357149
FCC,0.655598
FCC,0.395205
FCC,0.30409
FCC,0.673992
FCC,0.404847
FCC,0.260997
FCC,0.5652
FCC,0.426109
FCC,0.370157
FCC,0.409709
FCC,0.487009
FCC,0.355861
FCC,0.480264
FCC,0.474773
FCC,0.367781
FCC,0.49907
FCC,0.455983
FCC,0.329214
FCC,0.333042
FCC,0.467571
FCC,0.370606
FCC,0.593681
FCC,0.292777
FCC,0.174951
FCC,0.407318
FCC,0.328427
FCC,0.288823
FCC,0.299728
FCC,0.180695
FCC,0.388683
FCC,0.3539
FCC,0.485031
FCC,0.523734
FCC,0.277426
FCC,0.481551
FCC,0.183276
FCC,0.490965
FCC,0.193751
FCC,0.251948
FCC,0.514916
FCC,0.253433
FCC,0.40186
FCC,0.468209
FCC,0.270088
FCC,0.352742
FCC,0.573265
FCC,0.431244
FCC,0.534115
FCC,0.415361
FCC,0.280974
FCC,0.332704
FCC,0.57851
FCC,0.20306
FCC,0.573606
FCC,0.279686
FCC,0.612292
FCC,0.252525
FCC,0.43892
FCC,0.384154
FCC,0.414901
FCC,0.298185
FCC,0.351763
FCC,0.347335
FCC,0.599234
FCC,0.318679
FCC,0.526992
FCC,0.530201
FCC,0.452196
FCC,0.166272
FCC,0.377952
FCC,0.155423
FCC,0.40938
FCC,0.433749
FCC,0.239295
FCC,0.266053
FCC,0.395331
FCC,0.280629
FCC,0.461817
FCC,0.354551
FCC,0.174872
FCC,0.093874
FCC,0.414284
FCC,0.20086
FCC,0.411664
FCC,0.49659
FCC,0.309847
FCC,0.302911
FCC,0.47783
FCC,0.310361
FCC,0.468944
FCC,0.356566
FCC,0.307901
FCC,0.21499
FCC,0.476448
FCC,0.363139
FCC,0.444229
FCC,0.179781
FCC,0.252272
FCC,0.334997
FCC,0.493443
FCC,0.463525
FCC,0.516318
FCC,0.473209
FCC,0.296197
FCC,0.565208
FCC,0.258973
FCC,0.306753
FCC,0.547398
FCC,0.283311
FCC,0.323462
FCC,0.456957
FCC,0.485642
FCC,0.515725
FCC,0.197971
FCC,0.343467
FCC,0.479091
FCC,0.319464
FCC,0.207806
FCC,0.397214
FCC,0.409978
FCC,0.137231
FCC,0.415037
FCC,0.351951
FCC,0.343149
FCC,0.182747
FCC,0.385387
FCC,0.321779
FCC,0.238358
FCC,0.20678
FCC,0.259531
FCC,0.304734
FCC,0.495512
FCC,0.416195
FCC,0.55816
FCC,0.133604
FCC,0.443879
FCC,0.174916
FCC,0.449398
FCC,0.350649
FCC,0.395821
FCC,0.230897
FCC,0.410565
FCC,0.19289
FCC,0.44618
FCC,0.139753
FCC,0.349256
FCC,0.516403
FCC,0.218187
FCC,0.305343
FCC,0.242826
FCC,0.427424
FCC,0.463618
FCC,0.1678
FCC,0.410536
FCC,0.167239
FCC,0.412751
FCC,0.371659
FCC,0.396663
FCC,0.205965
FCC,0.430906
FCC,0.202368
FCC,0.314759
FCC,0.210606
FCC,0.403005
FCC,0.297761
FCC,0.401003
FCC,0.106052
FCC,0.227773
FCC,0.27382
FCC,0.444981
FCC,0.165238
FCC,0.691887
FCC,0.218815
FCC,0.282298
FCC,0.373978
FCC,0.578964
FCC,0.278053
FCC,0.396495
FCC,0.290348
FCC,0.419963
FCC,0.684349
FCC,0.339175
FCC,0.523064
FCC,0.318179
FCC,0.420622
FCC,0.340633
FCC,0.668956
FCC,0.292625
FCC,0.423224
FCC,0.261057
FCC,0.578498
FCC,0.546879
FCC,0.284584
FCC,0.558795
FCC,0.235303
FCC,0.392055
FCC,0.493332
FCC,0.472659
FCC,0.138166
FCC,0.433872
FCC,0.123197
FCC,0.467584
FCC,0.338378
FCC,0.566181
FCC,0.301437
FCC,0.642168
FCC,0.406033
FCC,0.31646
FCC,0.413974
FCC,0.489922
FCC,0.203642
FCC,0.541139
FCC,0.178179
FCC,0.401564
FCC,0.454079
FCC,0.629915
FCC,0.247453
FCC,0.760223
FCC,0.352903
FCC,0.220565
FCC,0.574506
FCC,0.706673
FCC,0.31041
FCC,0.749696
FCC,0.251799
FCC,0.384022
FCC,0.56453
FCC,0.671794
FCC,0.364162
FCC,0.783944
FCC,0.213907
FCC,0.431934
FCC,0.672808
FCC,0.643603
FCC,0.341017
FCC,0.79841
FCC,0.423177
FCC,0.32067
FCC,0.581022
FCC,0.606863
FCC,0.505809
FCC,0.754261
FCC,0.304764
FCC,0.563657
FCC,0.386535
FCC,0.493642
FCC,0.369013
FCC,0.400115
FCC,0.392596
FCC,0.470523
FCC,0.675382
FCC,0.307809
FCC,0.396816
FCC,0.33074
FCC,0.670005
FCC,0.349657
FCC,0.715811
FCC,0.376315
FCC,0.297932
FCC,0.474825
FCC,0.388925
FCC,0.515414
FCC,0.526766
FCC,0.325678
FCC,0.479256
FCC,0.493808
FCC,0.322292
FCC,0.530577
FCC,0.454554
FCC,0.419436
FCC,0.511378
FCC,0.5135
FCC,0.497806
FCC,0.401169
FCC,0.542851
FCC,0.42963
FCC,0.510389
FCC,0.409648
FCC,0.244012
FCC,0.273861
FCC,0.584359
FCC,0.203295
FCC,0.705257
FCC,0.360485
FCC,0.424359
FCC,0.607781
FCC,0.419049
FCC,0.454519
FCC,0.594726
FCC,0.327997
FCC,0.28983
FCC,0.391063
FCC,0.470263
FCC,0.429698
FCC,0.211311
FCC,0.448619
FCC,0.521347
FCC,0.354454
FCC,0.40602
FCC,0.391265
FCC,0.324962
FCC,0.366288
FCC,0.592701
FCC,0.353529
FCC,0.638134
FCC,0.30676
FCC,0.306136
FCC,0.34539
FCC,0.533465
FCC,0.391904
FCC,0.637658
FCC,0.413632
FCC,0.313248
FCC,0.288124
FCC,0.486228
FCC,0.435518
FCC,0.679219
FCC,0.581596
FCC,0.443298
FCC,0.448647
FCC,0.499853
FCC,0.415574
FCC,0.546202
FCC,0.423797
FCC,0.332869
FCC,0.180014
FCC,0.464124
FCC,0.284307
FCC,0.439809
FCC,0.458279
FCC,0.356797
FCC,0.270976
FCC,0.536969
FCC,0.312758
FCC,0.38503
FCC,0.550352
FCC,0.315647
FCC,0.209524
FCC,0.405069
FCC,0.143533
FCC,0.528761
FCC,0.239022
FCC,0.259992
FCC,0.15251
FCC,0.368428
FCC,0.272042
FCC,0.420522
FCC,0.372352
FCC,0.578256
FCC,0.298246
FCC,0.370427
FCC,0.199106
FCC,0.61872
FCC,0.527059
FCC,0.282113
FCC,0.210035
FCC,0.522078
FCC,0.510912
FCC,0.467248
FCC,0.296078
FCC,0.286567
FCC,0.402259
FCC,0.423117
FCC,0.524407
FCC,0.280078
FCC,0.23355
FCC,0.427488
FCC,0.421037
FCC,0.53748
FCC,0.390798
FCC,0.088
FCC,0.489614
FCC,0.435646
FCC,0.393482
FCC,0.290216
FCC,0.452646
FCC,0.180948
FCC,0.120681
FCC,0.279842
FCC,0.254956
FCC,0.507724
FCC,0.185064
FCC,0.162193
FCC,0.305184
FCC,0.126972
FCC,0.343091
FCC,0.30038
FCC,0.297923
FCC,0.219917
FCC,0.174224
FCC,0.370672
FCC,0.586852
FCC,0.467314
FCC,0.284527
FCC,0.128847
FCC,0.486823
FCC,0.49503
FCC,0.430468
FCC,0.148933
FCC,0.295344
FCC,0.070226
FCC,0.470987
FCC,0.220917
FCC,0.351369
FCC,0.48907
FCC,0.181338
FCC,0.463784
FCC,0.226382
FCC,0.285114
FCC,0.381829
FCC,0.256517
FCC,0.6097
FCC,0.150607
FCC,0.443311
FCC,0.366405
FCC,0.490044
FCC,0.12047
FCC,0.44291
FCC,0.266478
FCC,0.263749
FCC,0.357629
FCC,0.448057
FCC,0.145683
FCC,0.49506
FCC,0.269018
FCC,0.23138
FCC,0.410173
FCC,0.480773
FCC,0.209893
FCC,0.492541
FCC,0.187317
FCC,0.372296
FCC,0.543012
FCC,0.51532
FCC,0.252913
FCC,0.466052
FCC,0.248232
FCC,0.310316
FCC,0.602546
FCC,0.627959
FCC,0.312714
FCC,0.547327
FCC,0.180211
FCC,0.287779
FCC,0.275676
FCC,0.518082
FCC,0.17457
FCC,0.453004
FCC,0.304336
FCC,0.420027
FCC,0.551431
FCC,0.274433
FCC,0.498643
FCC,0.17477
FCC,0.310532
FCC,0.351149
FCC,0.464102
FCC,0.23812
FCC,0.710886
FCC,0.175538
FCC,0.386986
FCC,0.578662
FCC,0.443345
FCC,0.198419
FCC,0.799297
FCC,0.240139
FCC,0.196589
FCC,0.198518
FCC,0.423
FCC,0.264824
FCC,0.452206
FCC,0.17721
FCC,0.182379
FCC,0.397606
FCC,0.45429
FCC,0.272256
FCC,0.55335
FCC,0.078016
FCC,0.39495
FCC,0.541502
FCC,0.60654
FCC,0.342679
FCC,0.657523
FCC,0.226347
FCC,0.200504
FCC,0.563602
FCC,0.665394
FCC,0.311307
FCC,0.645981
FCC,0.274442
FCC,0.271973
FCC,0.540084
FCC,0.508809
FCC,0.145319
FCC,0.564402
FCC,0.222626
FCC,0.212567
FCC,0.487818
FCC,0.573127
FCC,0.308814
FCC,0.833769
FCC,0.280055
FCC,0.421453
FCC,0.355219
FCC,0.383038
FCC,0.617348
FCC,0.752574
FCC,0.25161
FCC,0.526482
FCC,0.26758
FCC,0.345101
FCC,0.439254
FCC,0.612273
FCC,0.369236
FCC,0.403277
FCC,0.630925
FCC,0.311259
FCC,0.37367
FCC,0.337134
FCC,0.452291
FCC,0.508716
FCC,0.51794
FCC,0.396308
FCC,0.386849
FCC,0.412341
FCC,0.333891
FCC,0.4319
FCC,0.609231
FCC,0.399543
FCC,0.535505
FCC,0.584493
FCC,0.443523
FCC,0.406364
FCC,0.490305
FCC,0.485413
FCC,0.533968
FCC,0.375629
FCC,0.400198
FCC,0.293488
FCC,0.628256
FCC,0.20583
FCC,0.45465
FCC,0.268329
FCC,0.293593
FCC,0.48135
FCC,0.396926
FCC,0.388868
FCC,0.287185
FCC,0.37077
FCC,0.445448
FCC,0.235903
FCC,0.500016
FCC,0.107714
FCC,0.281453
FCC,0.369672
FCC,0.240675
FCC,0.444946
FCC,0.317938
FCC,0.477287
FCC,0.291046
FCC,0.347841
FCC,0.464181
FCC,0.459184
FCC,0.415244
FCC,0.319219
FCC,0.287062
FCC,0.389339
FCC,0.383982
FCC,0.411698
FCC,0.350951
FCC,0.303365
FCC,0.326201
FCC,0.515159
FCC,0.338409
FCC,0.465845
FCC,0.383964
FCC,0.323263
FCC,0.337498
FCC,0.441468
FCC,0.295893
FCC,0.516146
FCC,0.490551
FCC,0.24392
FCC,0.1042
FCC,0.47751
FCC,0.218358
FCC,0.526523
FCC,0.441761
FCC,0.300741
FCC,0.426372
FCC,0.313533
FCC,0.305255
FCC,0.497427
FCC,0.270456
FCC,0.340553
FCC,0.243844
FCC,0.296813
FCC,0.364866
FCC,0.543829
FCC,0.604524
FCC,0.213022
FCC,0.220459
FCC,0.484167
FCC,0.381329
FCC,0.466048
FCC,0.352399
FCC,0.285141
FCC,0.350513
FCC,0.395372
FCC,0.433039
FCC,0.322704
FCC,0.36929
FCC,0.208626
FCC,0.093113
FCC,0.458771
FCC,0.386816
FCC,0.447968
FCC,0.398631
FCC,0.282591
FCC,0.471046
FCC,0.265956
FCC,0.555391
FCC,0.586724
FCC,0.267279
FCC,0.253073
FCC,0.446083
FCC,0.50846
FCC,0.296763
FCC,0.244926
FCC,0.392094
FCC,0.476
FCC,0.316004
FCC,0.344122
FCC,0.408981
FCC,0.224038
FCC,0.211411
FCC,0.155436
FCC,0.274266
FCC,0.35296
FCC,0.305233
FCC,0.233664
FCC,0.464903
FCC,0.117331
FCC,0.312378
FCC,0.195296
FCC,0.493778
FCC,0.363891
FCC,0.222558
FCC,0.46835
FCC,0.426298
FCC,0.349985
FCC,0.155588
FCC,0.138485
FCC,0.46856
FCC,0.390926
FCC,0.439645
FCC,0.188788
FCC,0.426575
FCC,0.193315
FCC,0.494238
FCC,0.133842
FCC,0.523359
FCC,0.488795
FCC,0.271733
FCC,0.267788
FCC,0.259316
FCC,0.408672
FCC,0.415404
FCC,0.218738
FCC,0.550127
FCC,0.256711
FCC,0.214568
FCC,0.324159
FCC,0.381557
FCC,0.199739
FCC,0.408003
FCC,0.296052
FCC,0.229069
FCC,0.197981
FCC,0.48083
FCC,0.206839
FCC,0.364343
FCC,0.127358
FCC,0.213075
FCC,0.338318
FCC,0.567657
FCC,0.205065
FCC,0.57591
FCC,0.227966
FCC,0.2278
FCC,0.439702
FCC,0.532812
FCC,0.336145
FCC,0.634237
FCC,0.169301
FCC,0.452586
FCC,0.560273
FCC,0.376849
FCC,0.499639
FCC,0.299551
FCC,0.137262
FCC,0.301812
FCC,0.464086
FCC,0.233727
FCC,0.462207
FCC,0.146869
FCC,0.464678
FCC,0.458863
FCC,0.205694
FCC,0.282947
FCC,0.106077
FCC,0.195675
FCC,0.537957
FCC,0.551743
FCC,0.147795
FCC,0.563138
FCC,0.107353
FCC,0.332714
FCC,0.251383
FCC,0.457934
FCC,0.138276
FCC,0.466541
FCC,0.163385
FCC,0.203384
FCC,0.229272
FCC,0.435216
FCC,0.168791
FCC,0.526104
FCC,0.129707
FCC,0.38286
FCC,0.506896
FCC,0.475284
FCC,0.229052
FCC,0.761429
FCC,0.394216
FCC,0.164393
FCC,0.393512
FCC,0.469383
FCC,0.276777
FCC,0.525328
FCC,0.157308
FCC,0.39453
FCC,0.425977
FCC,0.521738
FCC,0.350085
FCC,0.71721
FCC,0.151874
FCC,0.340197
FCC,0.415476
FCC,0.505013
FCC,0.421605
FCC,0.451601
FCC,0.249363
FCC,0.325254
FCC,0.4456
FCC,0.645686
FCC,0.226899
FCC,0.669291
FCC,0.195327
FCC,0.264928
FCC,0.1879
FCC,0.412669
FCC,0.408599
FCC,0.541958
FCC,0.634962
FCC,0.291047
FCC,0.30607
FCC,0.356269
FCC,0.466764
FCC,0.468964
FCC,0.671164
FCC,0.287589
FCC,0.427554
FCC,0.580007
FCC,0.574532
FCC,0.25278
FCC,0.570232
FCC,0.399054
FCC,0.300766
FCC,0.235528
FCC,0.406998
FCC,0.322938
FCC,0.501349
FCC,0.425824
FCC,0.239428
FCC,0.432744
FCC,0.418592
FCC,0.198259
FCC,0.4354
FCC,0.471038
FCC,0.325047
FCC,0.527568
FCC,0.234722
FCC,0.336706
FCC,0.452531
FCC,0.383823
FCC,0.338717
FCC,0.267966
FCC,0.210184
FCC,0.538147
FCC,0.220689
FCC,0.400888
FCC,0.663906
FCC,0.354449
FCC,0.286999
FCC,0.393667
FCC,0.098228
FCC,0.489911
FCC,0.333888
FCC,0.275289
FCC,0.403096
FCC,0.227864
FCC,0.417007
FCC,0.356094
FCC,0.305132
FCC,0.308546
FCC,0.454128
FCC,0.227759
FCC,0.472245
FCC,0.430772
FCC,0.260735
FCC,0.249623
FCC,0.372899
FCC,0.161538
FCC,0.420529
FCC,0.277223
FCC,0.335924
FCC,0.348656
FCC,0.543209
FCC,0.397851
FCC,0.458925
FCC,0.421121
FCC,0.307873
FCC,0.161315
FCC,0.585801
FCC,0.38443
FCC,0.308762
FCC,0.307498
FCC,0.216812
FCC,0.295106
FCC,0.31987
FCC,0.328248
FCC,0.528379
FCC,0.155307
FCC,0.252165
FCC,0.324358
FCC,0.430544
FCC,0.223041
FCC,0.452849
FCC,0.312142
FCC,0.231053
FCC,0.386304
FCC,0.454419
FCC,0.241573
FCC,0.447402
FCC,0.330591
FCC,0.332245
FCC,0.217392
FCC,0.443181
FCC,0.16469
FCC,0.428404
FCC,0.492612
FCC,0.192441
FCC,0.122731
FCC,0.373638
FCC,0.334818
FCC,0.551704
FCC,0.423076
FCC,0.207051
FCC,0.246498
FCC,0.657847
FCC,0.471777
FCC,0.164155
FCC,0.312703
FCC,0.255785
FCC,0.444284
FCC,0.273935
FCC,0.388999
FCC,0.393052
FCC,0.260894
FCC,0.198607
FCC,0.444383
FCC,0.391334
FCC,0.205959
FCC,0.151521
FCC,0.410231
FCC,0.488271
FCC,0.285433
FCC,0.215455
FCC,0.491458
FCC,0.34296
FCC,0.211475
FCC,0.389809
FCC,0.431404
FCC,0.102041
FCC,0.23412
FCC,0.39585
FCC,0.244194
FCC,0.258237
FCC,0.317754
FCC,0.20121
FCC,0.2815
FCC,0.381727
FCC,0.559213
FCC,0.35002
FCC,0.350841
FCC,0.249156
FCC,0.192314
FCC,0.298948
FCC,0.577776
FCC,0.515193
FCC,0.328433
FCC,0.365728
FCC,0.104249
FCC,0.626545
FCC,0.129872
FCC,0.25036
FCC,0.501433
FCC,0.155837
FCC,0.311793
FCC,0.099961
FCC,0.353204
FCC,0.399566
FCC,0.05358
FCC,0.490389
FCC,0.15715
FCC,0.32256
FCC,0.374645
FCC,0.482096
FCC,0.085245
FCC,0.521142
FCC,0.304213
FCC,0.17896
FCC,0.513114
FCC,0.460356
FCC,0.175093
FCC,0.306597
FCC,0.23029
FCC,0.252507
FCC,0.369428
FCC,0.360345
FCC,0.304242
FCC,0.547483
FCC,0.15392
FCC,0.311374
FCC,0.327429
FCC,0.566201
FCC,0.30588
FCC,0.572741
FCC,0.174426
FCC,0.367846
FCC,0.481371
FCC,0.626705
FCC,0.279134
FCC,0.55578
FCC,0.155831
FCC,0.450625
FCC,0.470014
FCC,0.595006
FCC,0.310826
FCC,0.575628
FCC,0.214723
FCC,0.182625
FCC,0.564287
FCC,0.59007
FCC,0.293266
FCC,0.664429
FCC,0.215477
FCC,0.373025
FCC,0.263888
FCC,0.511245
FCC,0.386554
FCC,0.364534
FCC,0.160772
FCC,0.375886
FCC,0.388432
FCC,0.544471
FCC,0.135948
FCC,0.415652
FCC,0.257989
FCC,0.262471
FCC,0.368636
FCC,0.512918
FCC,0.171172
FCC,0.269124
FCC,0.241026
FCC,0.43262
FCC,0.349155
FCC,0.465093
FCC,0.246025
FCC,0.589011
FCC,0.216712
FCC,0.163164
FCC,0.387724
FCC,0.527704
FCC,0.248332
FCC,0.48847
FCC,0.273696
FCC,0.681369
FCC,0.408827
FCC,0.763361
FCC,0.34336
FCC,0.575959
FCC,0.412064
FCC,0.243366
FCC,0.520425
FCC,0.512384
FCC,0.237374
FCC,0.683112
FCC,0.409252
FCC,0.549732
FCC,0.548296
FCC,0.586947
FCC,0.384618
FCC,0.707232
FCC,0.563678
FCC,0.426284
FCC,0.223433
FCC,0.328593
FCC,0.590253
FCC,0.559764
FCC,0.395967
FCC,0.835213
FCC,0.458219
FCC,0.4301
FCC,0.467875
FCC,0.653248
FCC,0.655456
FCC,0.498629
FCC,0.77118
FCC,0.551193
FCC,0.58822
FCC,0.451665
FCC,0.374733
FCC,0.465992
FCC,0.594718
FCC,0.241592
FCC,0.276158
FCC,0.430122
FCC,0.182901
FCC,0.415076
FCC,0.525593
FCC,0.26752
FCC,0.557625
FCC,0.282365
FCC,0.472733
FCC,0.237087
FCC,0.514221
FCC,0.246774
FCC,0.493003
FCC,0.521997
FCC,0.283499
FCC,0.290803
FCC,0.469102
FCC,0.295266
FCC,0.557802
FCC,0.37776
FCC,0.302962
FCC,0.474827
FCC,0.388868
FCC,0.520032
FCC,0.324809
FCC,0.191245
FCC,0.426293
FCC,0.342858
FCC,0.515873
FCC,0.252891
FCC,0.16202
FCC,0.483139
FCC,0.273805
FCC,0.422315
FCC,0.364305
FCC,0.438305
FCC,0.239466
FCC,0.471587
FCC,0.317317
FCC,0.530153
FCC,0.346358
FCC,0.240853
FCC,0.297219
FCC,0.499128
FCC,0.154942
FCC,0.411337
FCC,0.450834
FCC,0.161474
FCC,0.298186
FCC,0.517139
FCC,0.39959
FCC,0.502218
FCC,0.175758
FCC,0.485931
FCC,0.417889
FCC,0.278331
FCC,0.348179
FCC,0.383417
FCC,0.483865
FCC,0.225614
FCC,0.280546
FCC,0.618774
FCC,0.215527
FCC,0.511592
FCC,0.534906
FCC,0.266207
FCC,0.198304
FCC,0.551366
FCC,0.347841
FCC,0.413432
FCC,0.264787
FCC,0.253166
FCC,0.267995
FCC,0.392659
FCC,0.182485
FCC,0.372477
FCC,0.399858
FCC,0.426806
FCC,0.366654
FCC,0.629754
FCC,0.3448
FCC,0.491867
FCC,0.361201
FCC,0.431234
FCC,0.231284
FCC,0.437665
FCC,0.210403
FCC,0.446436
FCC,0.50037
FCC,0.303328
FCC,0.270452
FCC,0.473074
FCC,0.486661
FCC,0.415664
FCC,0.487108
FCC,0.387607
FCC,0.503892
FCC,0.432793
FCC,0.569134
FCC,0.322668
FCC,0.450503
FCC,0.263863
FCC,0.51503
FCC,0.42506
FCC,0.212535
FCC,0.124474
FCC,0.513309
FCC,0.407265
FCC,0.393293
FCC,0.143731
FCC,0.413578
FCC,0.087322
FCC,0.367869
FCC,0.235221
FCC,0.422197
FCC,0.401431
FCC,0.267142
FCC,0.264823
FCC,0.525494
FCC,0.200608
FCC,0.2614
FCC,0.324799
FCC,0.535047
FCC,0.210376
FCC,0.558925
FCC,0.395598
FCC,0.374201
FCC,0.044877
FCC,0.404513
FCC,0.12842
FCC,0.26125
FCC,0.482901
FCC,0.513929
FCC,0.343977
FCC,0.449033
FCC,0.203187
FCC,0.42179
FCC,0.251709
FCC,0.530174
FCC,0.469077
FCC,0.161637
FCC,0.398919
FCC,0.153705
FCC,0.414101
FCC,0.488191
FCC,0.103433
FCC,0.367779
FCC,0.208883
FCC,0.255222
FCC,0.356927
FCC,0.375458
FCC,0.110565
FCC,0.42429
FCC,0.186995
FCC,0.401272
FCC,0.422613
FCC,0.439578
FCC,0.252983
FCC,0.493661
FCC,0.371983
FCC,0.250683
FCC,0.19274
FCC,0.386543
FCC,0.148814
FCC,0.563512
FCC,0.16004
FCC,0.342268
FCC,0.468151
FCC,0.681312
FCC,0.275926
FCC,0.466558
FCC,0.257741
FCC,0.667422
FCC,0.610165
FCC,0.216031
FCC,0.735852
FCC,0.230119
FCC,0.403178
FCC,0.580494
FCC,0.485644
FCC,0.349294
FCC,0.493662
FCC,0.228572
FCC,0.442417
FCC,0.482532
FCC,0.247861
FCC,0.569506
FCC,0.313162
FCC,0.262921
FCC,0.43349
FCC,0.400639
FCC,0.2551
FCC,0.379714
FCC,0.155669
FCC,0.282077
FCC,0.488761
FCC,0.506155
FCC,0.256155
FCC,0.34421
FCC,0.358604
FCC,0.259806
FCC,0.455827
FCC,0.489799
FCC,0.173299
FCC,0.553216
FCC,0.147357
FCC,0.346315
FCC,0.299093
FCC,0.441241
FCC,0.174081
FCC,0.53872
FCC,0.297081
FCC,0.368607
FCC,0.357933
FCC,0.524811
FCC,0.287689
FCC,0.502379
FCC,0.305487
FCC,0.413577
FCC,0.67275
FCC,0.627759
FCC,0.398362
FCC,0.738331
FCC,0.275537
FCC,0.365155
FCC,0.332529
FCC,0.689459
FCC,0.371622
FCC,0.569517
FCC,0.170518
FCC,0.511264
FCC,0.58656
FCC,0.591476
FCC,0.346451
FCC,0.737839
FCC,0.3575
FCC,0.336195
FCC,0.467332
FCC,0.269846
FCC,0.542589
FCC,0.620684
FCC,0.517692
FCC,0.744611
FCC,0.560153
FCC,0.787077
FCC,0.451385
FCC,0.495692
FCC,0.697726
FCC,0.412913
FCC,0.62346
FCC,0.4882
FCC,0.728658
FCC,0.283323
FCC,0.560511
FCC,0.278358
FCC,0.419178
FCC,0.376189
FCC,0.322162
FCC,0.416554
FCC,0.439337
FCC,0.357903
FCC,0.364578
FCC,0.345035
FCC,0.423903
FCC,0.256886
FCC,0.41059
FCC,0.469067
FCC,0.55615
FCC,0.683075
FCC,0.553882
FCC,0.36841
FCC,0.403105
FCC,0.456309
FCC,0.261585
FCC,0.317952
FCC,0.407979
FCC,0.345074
FCC,0.369474
FCC,0.196807
FCC,0.488051
FCC,0.259285
FCC,0.327411
FCC,0.424211
FCC,0.092907
FCC,0.389524
FCC,0.150148
FCC,0.215964
FCC,0.471445
FCC,0.338665
FCC,0.408228
FCC,0.358749
FCC,0.432161
FCC,0.279372
FCC,0.341868
FCC,0.248443
FCC,0.511364
FCC,0.363107
FCC,0.328151
FCC,0.367629
FCC,0.639663
FCC,0.520417
FCC,0.451121
FCC,0.2982
FCC,0.21448
FCC,0.254718
FCC,0.5515
FCC,0.243723
FCC,0.398826
FCC,0.588636
FCC,0.28804
FCC,0.287651
FCC,0.477052
FCC,0.29483
FCC,0.492536
FCC,0.43716
FCC,0.370367
FCC,0.279853
FCC,0.481583
FCC,0.271313
FCC,0.513664
FCC,0.39504
FCC,0.412721
FCC,0.334882
FCC,0.471278
FCC,0.369535
FCC,0.509064
FCC,0.343648
FCC,0.252423
FCC,0.224151
FCC,0.340077
FCC,0.147123
FCC,0.362266
FCC,0.273423
FCC,0.375529
FCC,0.25093
FCC,0.457247
FCC,0.271893
FCC,0.461203
FCC,0.347174
FCC,0.253188
FCC,0.317266
FCC,0.30842
FCC,0.373774
FCC,0.380778
FCC,0.476016
FCC,0.36871
FCC,0.330288
FCC,0.441839
FCC,0.485127
FCC,0.477514
FCC,0.159478
FCC,0.315254
FCC,0.472054
FCC,0.265683
FCC,0.422865
FCC,0.490483
FCC,0.423261
FCC,0.348223
FCC,0.344199
FCC,0.447578
FCC,0.361075
FCC,0.193809
FCC,0.368896
FCC,0.429438
FCC,0.332333
FCC,0.413366
FCC,0.451179
FCC,0.540266
FCC,0.228833
FCC,0.378296
FCC,0.464097
FCC,0.154158
FCC,0.309966
FCC,0.439282
FCC,0.262304
FCC,0.468711
FCC,0.245048
FCC,0.467567
FCC,0.501367
FCC,0.194447
FCC,0.471597
FCC,0.584633
FCC,0.093774
FCC,0.505121
FCC,0.216629
FCC,0.173397
FCC,0.316076
FCC,0.390885
FCC,0.202783
FCC,0.506654
FCC,0.139982
FCC,0.547789
FCC,0.296003
FCC,0.424759
FCC,0.418887
FCC,0.108454
FCC,0.153152
FCC,0.351598
FCC,0.300127
FCC,0.480165
FCC,0.183224
FCC,0.406301
FCC,0.200046
FCC,0.317211
FCC,0.340188
FCC,0.41657
FCC,0.08149
FCC,0.383718
FCC,0.20654
FCC,0.45901
FCC,0.340653
FCC,0.352397
FCC,0.335459
FCC,0.313579
FCC,0.112375
FCC,0.499148
FCC,0.432751
FCC,0.527338
FCC,0.119672
FCC,0.524565
FCC,0.169009
FCC,0.341303
FCC,0.423682
FCC,0.528182
FCC,0.269382
FCC,0.502398
FCC,0.199763
FCC,0.256438
FCC,0.511448
FCC,0.471345
FCC,0.326451
FCC,0.570241
FCC,0.061497
FCC,0.274973
FCC,0.488393
FCC,0.542685
FCC,0.119848
FCC,0.355626
FCC,0.284111
FCC,0.25794
FCC,0.43732
FCC,0.540835
FCC,0.266731
FCC,0.576157
FCC,0.294183
FCC,0.283929
FCC,0.373914
FCC,0.574677
FCC,0.320908
FCC,0.514328
FCC,0.149336
FCC,0.411632
FCC,0.443401
FCC,0.564016
FCC,0.170942
FCC,0.325994
FCC,0.280327
FCC,0.320485
FCC,0.450756
FCC,0.50582
FCC,0.133684
FCC,0.538651
FCC,0.129068
FCC,0.324032
FCC,0.435457
FCC,0.495172
FCC,0.277856
FCC,0.462458
FCC,0.271263
FCC,0.347506
FCC,0.553767
FCC,0.65138
FCC,0.192294
FCC,0.435848
FCC,0.229158
FCC,0.369293
FCC,0.503987
FCC,0.519297
FCC,0.304814
FCC,0.665151
FCC,0.365286
FCC,0.420809
FCC,0.5621
FCC,0.476453
FCC,0.238809
FCC,0.6507
FCC,0.256742
FCC,0.500835
FCC,0.374578
FCC,0.501265
FCC,0.338554
FCC,0.543202
FCC,0.360192
FCC,0.379824
FCC,0.35883
FCC,0.478526
FCC,0.244448
FCC,0.325623
FCC,0.572513
FCC,0.322904
FCC,0.689022
FCC,0.349281
FCC,0.851364
FCC,0.151138
FCC,0.376604
FCC,0.644732
FCC,0.456877
FCC,0.516938
FCC,0.34436
FCC,0.771173
FCC,0.197004
FCC,0.615902
FCC,0.238357
FCC,0.16054
FCC,0.481978
FCC,0.511091
FCC,0.34674
FCC,0.328857
FCC,0.502998
FCC,0.4974
FCC,0.497753
FCC,0.447978
FCC,0.449925
FCC,0.524311
FCC,0.336325
FCC,0.382123
FCC,0.336326
FCC,0.554997
FCC,0.219525
FCC,0.52024
FCC,0.32949
FCC,0.298062
FCC,0.487813
FCC,0.350025
FCC,0.388757
FCC,0.378565
FCC,0.187882
FCC,0.510815
FCC,0.285255
FCC,0.409997
FCC,0.445579
FCC,0.266692
FCC,0.263235
FCC,0.420281
FCC,0.283478
FCC,0.366533
FCC,0.372521
FCC,0.328523
FCC,0.398524
FCC,0.341598
FCC,0.407998
FCC,0.2548
FCC,0.487295
FCC,0.183664
FCC,0.452276
FCC,0.363291
FCC,0.389155
FCC,0.435015
FCC,0.285931
FCC,0.247907
FCC,0.454659
FCC,0.219535
FCC,0.462798
FCC,0.460266
FCC,0.398319
FCC,0.377609
FCC,0.56811
FCC,0.410969
FCC,0.436563
FCC,0.414674
FCC,0.361944
FCC,0.414558
FCC,0.558121
FCC,0.499452
FCC,0.480169
FCC,0.44473
FCC,0.360214
FCC,0.230231
FCC,0.436799
FCC,0.203804
FCC,0.395347
FCC,0.459439
FCC,0.281346
FCC,0.342095
FCC,0.490435
FCC,0.186169
FCC,0.455314
FCC,0.322221
FCC,0.271226
FCC,0.40696
FCC,0.447005
FCC,0.335466
FCC,0.481766
FCC,0.38102
FCC,0.305963
FCC,0.331094
FCC,0.294264
FCC,0.305673
FCC,0.32193
FCC,0.31637
FCC,0.283819
FCC,0.309977
FCC,0.354254
FCC,0.222548
FCC,0.382722
FCC,0.310036
FCC,0.401642
FCC,0.281838
FCC,0.382452
FCC,0.474698
FCC,0.376861
FCC,0.185903
FCC,0.294694
FCC,0.504588
FCC,0.442247
FCC,0.348062
FCC,0.474928
FCC,0.384803
FCC,0.327898
FCC,0.426875
FCC,0.551111
FCC,0.491662
FCC,0.238978
FCC,0.40715
FCC,0.400678
FCC,0.277583
FCC,0.18287
FCC,0.402922
FCC,0.166268
FCC,0.225717
FCC,0.410872
FCC,0.426559
FCC,0.487199
FCC,0.141519
FCC,0.141165
FCC,0.427676
FCC,0.203448
FCC,0.399997
FCC,0.360823
FCC,0.396774
FCC,0.246092
FCC,0.280712
FCC,0.332103
FCC,0.439454
FCC,0.157358
FCC,0.499574
FCC,0.299191
FCC,0.23378
FCC,0.406323
FCC,0.51066
FCC,0.300847
FCC,0.33467
FCC,0.209579
FCC,0.472716
FCC,0.255959
FCC,0.407396
FCC,0.479385
FCC,0.222463
FCC,0.166303
FCC,0.306946
FCC,0.191492
FCC,0.497981
FCC,0.277703
FCC,0.333679
FCC,0.215136
FCC,0.208077
FCC,0.309423
FCC,0.421512
FCC,0.24235
FCC,0.55171
FCC,0.206433
FCC,0.179503
FCC,0.362222
FCC,0.454286
FCC,0.114472
FCC,0.489885
FCC,0.202068
FCC,0.201473
FCC,0.237081
FCC,0.366264
FCC,0.196332
FCC,0.448038
FCC,0.164427
FCC,0.352
FCC,0.349254
FCC,0.50013
FCC,0.220466
FCC,0.463004
FCC,0.122255
FCC,0.141922
FCC,0.521302
FCC,0.423605
FCC,0.118846
FCC,0.515169
FCC,0.194669
FCC,0.285153
FCC,0.374327
FCC,0.468329
FCC,0.15474
FCC,0.437487
FCC,0.271663
FCC,0.220201
FCC,0.388052
FCC,0.513211
FCC,0.306399
FCC,0.610234
FCC,0.255452
FCC,0.114084
FCC,0.374701
FCC,0.323421
FCC,0.227458
FCC,0.482208
FCC,0.078096
FCC,0.307289
FCC,0.315323
FCC,0.59821
FCC,0.132299
FCC,0.579498
FCC,0.232469
FCC,0.179712
FCC,0.429612
FCC,0.518024
FCC,0.161137
FCC,0.453756
FCC,0.08559
FCC,0.252425
FCC,0.211252
FCC,0.476829
FCC,0.203922
FCC,0.404258
FCC,0.305699
FCC,0.37263
FCC,0.571604
FCC,0.638063
FCC,0.336073
FCC,0.640307
FCC,0.208674
FCC,0.410048
FCC,0.48871
FCC,0.674706
FCC,0.311011
FCC,0.496644
FCC,0.262853
FCC,0.503037
FCC,0.330702
FCC,0.654833
FCC,0.381672
FCC,0.531307
FCC,0.264075
FCC,0.415433
FCC,0.546129
FCC,0.537297
FCC,0.496069
FCC,0.49211
FCC,0.395487
FCC,0.321075
FCC,0.22824
FCC,0.420117
FCC,0.512013
FCC,0.224195
FCC,0.635627
FCC,0.376917
FCC,0.38565
FCC,0.400924
FCC,0.603676
FCC,0.744324
FCC,0.386771
FCC,0.556651
FCC,0.381813
FCC,0.494147
FCC,0.473996
FCC,0.41563
FCC,0.632695
FCC,0.56538
FCC,0.386269
FCC,0.345363
FCC,0.428902
FCC,0.193362
FCC,0.462166
FCC,0.297159
FCC,0.474675
FCC,0.424882
FCC,0.341238
FCC,0.316554
FCC,0.183023
FCC,0.374407
FCC,0.237084
FCC,0.460306
FCC,0.438614
FCC,0.294402
FCC,0.462462
FCC,0.421851
FCC,0.286031
FCC,0.367552
FCC,0.305494
FCC,0.315058
FCC,0.411212
FCC,0.169314
FCC,0.357851
FCC,0.393363
FCC,0.403154
FCC,0.269941
FCC,0.517491
FCC,0.292279
FCC,0.441134
FCC,0.495001
FCC,0.29461
FCC,0.522758
FCC,0.434046
FCC,0.430789
FCC,0.269994
FCC,0.311376
FCC,0.312428
FCC,0.490844
FCC,0.351564
FCC,0.364001
FCC,0.263311
FCC,0.458074
FCC,0.184601
FCC,0.352292
FCC,0.126329
FCC,0.49841
FCC,0.376873
FCC,0.283568
FCC,0.211582
FCC,0.545703
FCC,0.248477
FCC,0.465403
FCC,0.453808
FCC,0.418687
FCC,0.226079
FCC,0.487588
FCC,0.212548
FCC,0.550803
FCC,0.402065
FCC,0.278984
FCC,0.17929
FCC,0.331021
FCC,0.315874
FCC,0.533886
FCC,0.379164
FCC,0.144738
FCC,0.33362
FCC,0.342676
FCC,0.220053
FCC,0.372434
FCC,0.47219
FCC,0.206073
FCC,0.250913
FCC,0.257367
FCC,0.387187
FCC,0.372578
FCC,0.449985
FCC,0.215171
FCC,0.253242
FCC,0.394829
FCC,0.302324
FCC,0.332998
FCC,0.444455
FCC,0.179022
FCC,0.153292
FCC,0.231608
FCC,0.302104
FCC,0.35482
FCC,0.340854
FCC,0.17609
FCC,0.340017
FCC,0.392221
FCC,0.516313
FCC,0.322932
FCC,0.198152
FCC,0.21542
FCC,0.430105
FCC,0.262993
FCC,0.36913
FCC,0.282048
FCC,0.331482
FCC,0.291294
FCC,0.59372
FCC,0.359376
FCC,0.239448
FCC,0.195725
FCC,0.388882
FCC,0.441938
FCC,0.31996
FCC,0.224899
FCC,0.407318
FCC,0.195663
FCC,0.358714
FCC,0.31792
FCC,0.312954
FCC,0.373016
FCC,0.215136
FCC,0.434563
FCC,0.332246
FCC,0.23966
FCC,0.161135
FCC,0.26225
FCC,0.153741
FCC,0.342774
FCC,0.479468
FCC,0.30812
FCC,0.15074
FCC,0.259151
FCC,0.21928
FCC,0.394889
FCC,0.445816
FCC,0.450949
FCC,0.055229
FCC,0.227763
FCC,0.170585
FCC,0.419198
FCC,0.173432
FCC,0.41984
FCC,0.333359
FCC,0.132008
FCC,0.553313
FCC,0.29805
FCC,0.422955
FCC,0.411143
FCC,0.142962
FCC,0.36658
FCC,0.259736
FCC,0.10812
FCC,0.448487
FCC,0.51443
FCC,0.2295
FCC,0.421893
FCC,0.122724
FCC,0.159024
FCC,0.33157
FCC,0.492751
FCC,0.196961
FCC,0.265463
FCC,0.295061
FCC,0.215699
FCC,0.292891
FCC,0.442792
FCC,0.063472
FCC,0.387005
FCC,0.166253
FCC,0.182386
FCC,0.254874
FCC,0.479962
FCC,0.119653
FCC,0.579023
FCC,0.102612
FCC,0.476001
FCC,0.442814
FCC,0.21553
FCC,0.641517
FCC,0.11948
FCC,0.164249
FCC,0.386477
FCC,0.330114
FCC,0.250238
FCC,0.473617
FCC,0.219929
FCC,0.238845
FCC,0.369656
FCC,0.45705
FCC,0.247967
FCC,0.53225
FCC,0.064309
FCC,0.225957
FCC,0.362172
FCC,0.468012
FCC,0.138024
FCC,0.541095
FCC,0.134944
FCC,0.303249
FCC,0.308344
FCC,0.434512
FCC,0.086336
FCC,0.397525
FCC,0.2365
FCC,0.211608
FCC,0.473418
FCC,0.483097
FCC,0.183432
FCC,0.594053
FCC,0.131874
FCC,0.39117
FCC,0.421172
FCC,0.431314
FCC,0.110334
FCC,0.432207
FCC,0.0789
FCC,0.494065
FCC,0.217819
FCC,0.657541
FCC,0.411405
FCC,0.583271
FCC,0.291168
FCC,0.314786
FCC,0.652475
FCC,0.573796
FCC,0.330514
FCC,0.577956
FCC,0.266061
FCC,0.356405
FCC,0.484372
FCC,0.535055
FCC,0.141227
FCC,0.530645
FCC,0.350864
FCC,0.409375
FCC,0.587759
FCC,0.550647
FCC,0.332891
FCC,0.654817
FCC,0.282433
FCC,0.502538
FCC,0.148894
FCC,0.230273
FCC,0.38199
FCC,0.564792
FCC,0.61512
FCC,0.37576
FCC,0.602997
FCC,0.440783
FCC,0.274481
FCC,0.326437
FCC,0.599201
FCC,0.379254
FCC,0.608141
FCC,0.347913
FCC,0.089665
FCC,0.281205
FCC,0.281881
FCC,0.510346
FCC,0.657523
FCC,0.400966
FCC,0.398145
FCC,0.529602
FCC,0.22679
FCC,0.593082
FCC,0.455451
FCC,0.268808
FCC,0.460752
FCC,0.442715
FCC,0.437972
FCC,0.277068
FCC,0.490732
FCC,0.280806
FCC,0.397553
FCC,0.262006
FCC,0.300189
FCC,0.51993
FCC,0.275176
FCC,0.36141
FCC,0.19102
FCC,0.228523
FCC,0.315747
FCC,0.285491
FCC,0.44051
FCC,0.384538
FCC,0.312186
FCC,0.404035
FCC,0.130921
FCC,0.334139
FCC,0.122603
FCC,0.257264
FCC,0.292937
FCC,0.059942
FCC,0.512693
FCC,0.501409
FCC,0.27876
FCC,0.308146
FCC,0.418678
FCC,0.427895
FCC,0.381742
FCC,0.493338
FCC,0.231216
FCC,0.29758
FCC,0.467108
FCC,0.215683
FCC,0.555869
FCC,0.29051
FCC,0.109318
FCC,0.357592
FCC,0.318474
FCC,0.549261
FCC,0.416752
FCC,0.4734
FCC,0.134461
FCC,0.39779
FCC,0.33701
FCC,0.365527
FCC,0.391443
FCC,0.409885
FCC,0.205748
FCC,0.241904
FCC,0.370713
FCC,0.341455
FCC,0.445256
FCC,0.140177
FCC,0.513419
FCC,0.202653
FCC,0.440621
FCC,0.222666
FCC,0.354284
FCC,0.341652
FCC,0.139169
FCC,0.307311
FCC,0.357489
FCC,0.242992
FCC,0.572546
FCC,0.396958
FCC,0.368211
FCC,0.118102
FCC,0.413351
FCC,0.159285
FCC,0.397574
FCC,0.445639
FCC,0.33565
FCC,0.269992
FCC,0.565282
FCC,0.419436
FCC,0.440766
FCC,0.311501
FCC,0.471556
FCC,0.150953
FCC,0.314139
FCC,0.65629
FCC,0.300111
FCC,0.167727
FCC,0.256899
FCC,0.408804
FCC,0.192943
FCC,0.443866
FCC,0.528313
FCC,0.305969
FCC,0.253728
FCC,0.381689
FCC,0.306566
FCC,0.399215
FCC,0.200203
FCC,0.406747
FCC,0.367124
FCC,0.194474
FCC,0.10118
FCC,0.461996
FCC,0.325238
FCC,0.242932
FCC,0.278219
FCC,0.424182
FCC,0.577958
FCC,0.225158
FCC,0.090242
FCC,0.295486
FCC,0.220396
FCC,0.286136
FCC,0.276672
FCC,0.344018
FCC,0.306272
FCC,0.358039
FCC,0.406656
FCC,0.469323
FCC,0.348105
FCC,0.334889
FCC,0.192139
FCC,0.272906
FCC,0.377528
FCC,0.434469
FCC,0.198771
FCC,0.215138
FCC,0.19608
FCC,0.420174
FCC,0.106324
FCC,0.306429
FCC,0.485648
FCC,0.255575
FCC,0.507411
FCC,0.338586
FCC,0.216964
FCC,0.47045
FCC,0.22774
FCC,0.378098
FCC,0.133748
FCC,0.259612
FCC,0.191415
FCC,0.347649
FCC,0.163741
FCC,0.402931
FCC,0.059674
FCC,0.160981
FCC,0.344791
FCC,0.412498
FCC,0.140378
FCC,0.454185
FCC,0.18493
FCC,0.336726
FCC,0.163344
FCC,0.465577
FCC,0.126858
FCC,0.416405
FCC,0.182201
FCC,0.173374
FCC,0.444826
FCC,0.473904
FCC,0.338855
FCC,0.393636
FCC,0.202152
FCC,0.109279
FCC,0.458231
FCC,0.464965
FCC,0.075991
FCC,0.415287
FCC,0.248747
FCC,0.333467
FCC,0.511108
FCC,0.513733
FCC,0.178337
FCC,0.623939
FCC,0.096998
FCC,0.244957
FCC,0.481367
FCC,0.533956
FCC,0.179832
FCC,0.44293
FCC,0.373962
FCC,0.403699
FCC,0.388565
FCC,0.376365
FCC,0.283148
FCC,0.47497
FCC,0.144154
FCC,0.271518
FCC,0.405564
FCC,0.3747
FCC,0.089237
FCC,0.579176
FCC,0.18008
FCC,0.351615
FCC,0.098861
FCC,0.330126
FCC,0.260976
FCC,0.612213
FCC,0.189309
FCC,0.304055
FCC,0.313319
FCC,0.285735
FCC,0.106598
FCC,0.394056
FCC,0.119565
FCC,0.234826
FCC,0.414019
FCC,0.434827
FCC,0.401537
FCC,0.628877
FCC,0.19675
FCC,0.312862
FCC,0.497495
FCC,0.479316
FCC,0.284475
FCC,0.577123
FCC,0.203754
FCC,0.318244
FCC,0.501424
FCC,0.347128
FCC,0.149802
FCC,0.370527
FCC,0.44812
FCC,0.55412
FCC,0.408659
FCC,0.523719
FCC,0.247812
FCC,0.685065
FCC,0.139158
FCC,0.419442
FCC,0.294609
FCC,0.41241
FCC,0.648499
FCC,0.322695
FCC,0.654526
FCC,0.331964
FCC,0.172307
FCC,0.261054
FCC,0.624447
FCC,0.328195
FCC,0.529751
FCC,0.384385
FCC,0.106468
FCC,0.269252
FCC,0.456341
FCC,0.528057
FCC,0.389302
FCC,0.338981
FCC,0.363884
FCC,0.380977
FCC,0.296335
FCC,0.617615
FCC,0.503538
FCC,0.258927
FCC,0.6389
FCC,0.539903
FCC,0.482414
FCC,0.359754
FCC,0.501744
FCC,0.370899
FCC,0.570467
FCC,0.115046
FCC,0.182444
FCC,0.446835
FCC,0.205311
FCC,0.23171
FCC,0.134446
FCC,0.171118
FCC,0.361156
FCC,0.299904
FCC,0.293717
FCC,0.402885
FCC,0.232407
FCC,0.213546
FCC,0.351843
FCC,0.18577
FCC,0.322264
FCC,0.253179
FCC,0.252657
FCC,0.269639
FCC,0.097136
FCC,0.397325
FCC,0.288737
FCC,0.165675
FCC,0.132597
FCC,0.326493
FCC,0.33606
FCC,0.315193
FCC,0.461087
FCC,0.312456
FCC,0.3798
FCC,0.48817
FCC,0.487454
FCC,0.516001
FCC,0.410177
FCC,0.24339
FCC,0.201099
FCC,0.339273
FCC,0.240576
FCC,0.335986
FCC,0.474372
FCC,0.342527
FCC,0.329686
FCC,0.486486
FCC,0.426146
FCC,0.497824
FCC,0.338209
FCC,0.216021
FCC,0.348803
FCC,0.404013
FCC,0.160537
FCC,0.483638
FCC,0.408531
FCC,0.154409
FCC,0.147948
FCC,0.387377
FCC,0.188984
FCC,0.361509
FCC,0.460911
FCC,0.135798
FCC,0.246547
FCC,0.348452
FCC,0.298533
FCC,0.558438
FCC,0.196329
FCC,0.078022
FCC,0.157476
FCC,0.386321
FCC,0.218392
FCC,0.469696
FCC,0.305265
FCC,0.133979
FCC,0.235051
FCC,0.295496
FCC,0.332162
FCC,0.412593
FCC,0.469377
FCC,0.266978
FCC,0.311189
FCC,0.478688
FCC,0.522643
FCC,0.302808
FCC,0.295013
FCC,0.343976
FCC,0.423041
FCC,0.28336
FCC,0.312629
FCC,0.332649
FCC,0.139551
FCC,0.098718
FCC,0.477672
FCC,0.327856
FCC,0.267912
FCC,0.108582
FCC,0.339365
FCC,0.360437
FCC,0.201987
FCC,0.149097
FCC,0.353354
FCC,0.215295
FCC,0.496427
FCC,0.271571
FCC,0.416361
FCC,0.318969
FCC,0.190249
FCC,0.259691
FCC,0.385384
FCC,0.127161
FCC,0.320393
FCC,0.257981
FCC,0.189037
FCC,0.218433
FCC,0.287703
FCC,0.466183
FCC,0.358723
FCC,0.23912
FCC,0.300018
FCC,0.105601
FCC,0.412986
FCC,0.361773
FCC,0.302641
FCC,0.044608
FCC,0.369058
FCC,0.094893
FCC,0.508432
FCC,0.196413
FCC,0.402329
FCC,0.429353
FCC,0.133643
FCC,0.361183
FCC,0.239065
FCC,0.18057
FCC,0.370907
FCC,0.040363
FCC,0.337334
FCC,0.104686
FCC,0.141197
FCC,0.151436
FCC,0.402079
FCC,0.154911
FCC,0.525711
FCC,0.222225
FCC,0.054093
FCC,0.423571
FCC,0.432491
FCC,0.175572
FCC,0.3176
FCC,0.093761
FCC,0.159584
FCC,0.219163
FCC,0.320799
FCC,0.182309
FCC,0.540809
FCC,0.200955
FCC,0.221315
FCC,0.347654
FCC,0.48248
FCC,0.267366
FCC,0.3491
FCC,0.323653
FCC,0.404363
FCC,0.550338
FCC,0.300512
FCC,0.592269
FCC,0.259668
FCC,0.347927
FCC,0.237627
FCC,0.520242
FCC,0.188487
FCC,0.351893
FCC,0.159001
FCC,0.180897
FCC,0.468059
FCC,0.478854
FCC,0.121874
FCC,0.665695
FCC,0.184235
FCC,0.112997
FCC,0.299303
FCC,0.360161
FCC,0.046834
FCC,0.492974
FCC,0.148812
FCC,0.180402
FCC,0.315058
FCC,0.420438
FCC,0.185315
FCC,0.470316
FCC,0.229583
FCC,0.095147
FCC,0.265181
FCC,0.244217
FCC,0.200883
FCC,0.438036
FCC,0.305283
FCC,0.205898
FCC,0.383505
FCC,0.364785
FCC,0.162837
FCC,0.408045
FCC,0.220447
FCC,0.147024
FCC,0.221577
FCC,0.423266
FCC,0.236285
FCC,0.460654
FCC,0.157561
FCC,0.123681
FCC,0.300017
FCC,0.389075
FCC,0.17219
FCC,0.49934
FCC,0.238456
FCC,0.2626
FCC,0.296561
FCC,0.553135
FCC,0.247515
FCC,0.484366
FCC,0.152319
FCC,0.307836
FCC,0.30307
FCC,0.419362
FCC,0.243382
FCC,0.755266
FCC,0.357455
FCC,0.192983
FCC,0.23552
FCC,0.252467
FCC,0.543622
FCC,0.401087
FCC,0.545629
FCC,0.292563
FCC,0.207155
FCC,0.255627
FCC,0.598113
FCC,0.523619
FCC,0.605342
FCC,0.366047
FCC,0.277883
FCC,0.480297
FCC,0.337753
FCC,0.436345
FCC,0.526745
FCC,0.319493
FCC,0.343906
FCC,0.560986
FCC,0.489465
FCC,0.46499
FCC,0.471978
FCC,0.258638
FCC,0.452817
FCC,0.488367
FCC,0.356882
FCC,0.262928
FCC,0.548873
FCC,0.193422
FCC,0.402848
FCC,0.273929
FCC,0.104701
FCC,0.495533
FCC,0.278419
FCC,0.266341
FCC,0.225326
FCC,0.278624
FCC,0.365112
FCC,0.35291
FCC,0.520785
FCC,0.255718
FCC,0.359196
FCC,0.451226
FCC,0.194764
FCC,0.510718
FCC,0.245566
FCC,0.334493
FCC,0.491329
FCC,0.250708
FCC,0.464314
FCC,0.224305
FCC,0.232481
FCC,0.198923
FCC,0.445557
FCC,0.423179
FCC,0.337221
FCC,0.393869
FCC,0.20263
FCC,0.356109
FCC,0.385927
FCC,0.343214
FCC,0.552114
FCC,0.355469
FCC,0.284732
FCC,0.266881
FCC,0.410767
FCC,0.143093
FCC,0.32107
FCC,0.378299
FCC,0.271623
FCC,0.255589
FCC,0.4447
FCC,0.233804
FCC,0.389151
FCC,0.195975
FCC,0.263486
FCC,0.175141
FCC,0.337218
FCC,0.231771
FCC,0.409466
FCC,0.496705
FCC,0.199726
FCC,0.189216
FCC,0.478877
FCC,0.203097
FCC,0.482855
FCC,0.282416
FCC,0.225668
FCC,0.100402
FCC,0.397959
FCC,0.084273
FCC,0.429059
FCC,0.480684
FCC,0.254926
FCC,0.139736
FCC,0.460742
FCC,0.166763
FCC,0.438427
FCC,0.0913
FCC,0.170302
FCC,0.182749
FCC,0.30096
FCC,0.098524
FCC,0.369533
FCC,0.310621
FCC,0.321924
FCC,0.25407
FCC,0.361982
FCC,0.449108
FCC,0.474478
FCC,0.454182
FCC,0.118084
FCC,0.367387
FCC,0.192209
FCC,0.433147
FCC,0.429384
FCC,0.335207
FCC,0.24779
FCC,0.394184
FCC,0.564963
FCC,0.424168
FCC,0.177858
FCC,0.496262
FCC,0.560624
FCC,0.061016
FCC,0.162407
FCC,0.398112
FCC,0.059833
FCC,0.453731
FCC,0.124307
FCC,0.427672
FCC,0.411445
FCC,0.257955
FCC,0.274577
FCC,0.482351
FCC,0.076996
FCC,0.211389
FCC,0.107505
FCC,0.27253
FCC,0.111535
FCC,0.398415
FCC,0.446448
FCC,0.528723
FCC,0.309622
FCC,0.394582
FCC,0.445748
FCC,0.396008
FCC,0.4321
FCC,0.513612
FCC,0.238662
FCC,0.546113
FCC,0.236588
FCC,0.319245
FCC,0.429688
FCC,0.573809
FCC,0.715784
FCC,0.415505
FCC,0.266988
FCC,0.48903
FCC,0.610147
FCC,0.286016
FCC,0.609587
FCC,0.127174
FCC,0.43223
FCC,0.586911
FCC,0.492591
FCC,0.667147
FCC,0.305745
FCC,0.577843
FCC,0.545094
FCC,0.29173
FCC,0.673562
FCC,0.624826
FCC,0.458995
FCC,0.573184
FCC,0.334326
FCC,0.56382
FCC,0.559592
FCC,0.616279
FCC,0.40063
FCC,0.667242
FCC,0.247121
FCC,0.479063
FCC,0.600062
FCC,0.576027
FCC,0.307496
FCC,0.582241
FCC,0.294341
FCC,0.427793
FCC,0.501622
FCC,0.58139
FCC,0.324785
FCC,0.677568
FCC,0.357293
FCC,0.349386
FCC,0.429746
FCC,0.475247
FCC,0.376041
FCC,0.495271
FCC,0.300574
FCC,0.338389
FCC,0.40417
FCC,0.424096
FCC,0.65609
FCC,0.364163
FCC,0.484174
FCC,0.321668
FCC,0.475159
FCC,0.434496
FCC,0.561901
FCC,0.516733
FCC,0.449929
FCC,0.771752
FCC,0.704615
FCC,0.512001
FCC,0.610572
FCC,0.472278
FCC,0.453067
FCC,0.291348
FCC,0.480826
FCC,0.310646
FCC,0.538939
FCC,0.538418
FCC,0.436898
FCC,0.542553
FCC,0.315654
FCC,0.468756
FCC,0.473018
FCC,0.775541
FCC,0.497692
FCC,0.461363
FCC,0.216297
FCC,0.564526
FCC,0.547167
FCC,0.480305
FCC,0.627468
FCC,0.31083
FCC,0.423084
FCC,0.566947
FCC,0.643015
FCC,0.539454
FCC,0.729275
FCC,0.455187
FCC,0.518116
FCC,0.491919
FCC,0.27986
FCC,0.67122
FCC,0.346661
FCC,0.492449
FCC,0.702738
FCC,0.511632
FCC,0.871215
FCC,0.466706
FCC,0.588051
FCC,0.391683
FCC,0.66276
FCC,0.426631
FCC,0.656987
FCC,0.453882
FCC,0.505821
FCC,0.714776
FCC,0.624659
FCC,0.357209
FCC,0.602126
FCC,0.610533
FCC,0.446417
FCC,0.571606
FCC,0.455775
FCC,0.441855
FCC,0.575043
FCC,0.648262
FCC,0.39309
FCC,0.51714
FCC,0.549153
FCC,0.409948
FCC,0.600681
FCC,0.700981
FCC,0.335507
FCC,0.788065
FCC,0.445121
FCC,0.453126
FCC,0.511457
FCC,0.360769
FCC,0.328137
FCC,0.371487
FCC,0.801834
FCC,0.567272
FCC,0.497765
FCC,0.512102
FCC,0.514494
FCC,0.559257
FCC,0.427158
FCC,0.497368
FCC,0.623452
FCC,0.423091
FCC,0.56084
FCC,0.649884
FCC,0.435517
FCC,0.444495
FCC,0.531451
FCC,0.376473
FCC,0.693399
FCC,0.420888
FCC,0.585422
FCC,0.566319
FCC,0.460569
FCC,0.447723
FCC,0.427001
FCC,0.448274
FCC,0.689537
FCC,0.382767
FCC,0.626432
FCC,0.569087
FCC,0.310403
FCC,0.73193
FCC,0.278555
FCC,0.520396
FCC,0.752014
FCC,0.643649
FCC,0.658827
FCC,0.438182
FCC,0.395483
FCC,0.528707
FCC,0.544583
FCC,0.524617
FCC,0.581539
FCC,0.399616
FCC,0.499425
FCC,0.453272
FCC,0.54198
FCC,0.404728
FCC,0.340701
FCC,0.565811
FCC,0.437161
FCC,0.686866
FCC,0.594871
FCC,0.396642
FCC,0.662434
FCC,0.413087
FCC,0.608409
FCC,0.38992
FCC,0.493979
FCC,0.403999
FCC,0.489048
FCC,0.324883
FCC,0.556193
FCC,0.45105
FCC,0.569351
FCC,0.626568
FCC,0.342361
FCC,0.572854
FCC,0.446262
FCC,0.588517
FCC,0.389671
FCC,0.348493
FCC,0.526079
FCC,0.40543
FCC,0.342917
FCC,0.478481
FCC,0.206458
FCC,0.390233
FCC,0.506412
FCC,0.480615
FCC,0.351515
FCC,0.541045
FCC,0.263893
FCC,0.458702
FCC,0.689197
FCC,0.340042
FCC,0.528798
FCC,0.433634
FCC,0.519991
FCC,0.34657
FCC,0.55545
FCC,0.532491
FCC,0.413387
FCC,0.398124
FCC,0.555095
FCC,0.420354
FCC,0.608736
FCC,0.335592
FCC,0.451432
FCC,0.409066
FCC,0.526721
FCC,0.497368
FCC,0.629116
FCC,0.45344
FCC,0.430281
FCC,0.402736
FCC,0.561951
FCC,0.418584
FCC,0.418086
FCC,0.4546
FCC,0.542806
FCC,0.419245
FCC,0.458747
FCC,0.501955
FCC,0.503549
FCC,0.282995
FCC,0.484525
FCC,0.385565
FCC,0.39595
FCC,0.43486
FCC,0.575798
FCC,0.468795
FCC,0.464367
FCC,0.460021
FCC,0.386497
FCC,0.55868
FCC,0.469116
FCC,0.321883
FCC,0.540563
FCC,0.452343
FCC,0.436922
FCC,0.358544
FCC,0.399768
FCC,0.328703
FCC,0.623575
FCC,0.554617
FCC,0.485335
FCC,0.611421
FCC,0.291662
FCC,0.43326
FCC,0.415473
FCC,0.290911
FCC,0.458306
FCC,0.371196
FCC,0.520712
FCC,0.339539
FCC,0.607685
FCC,0.570254
FCC,0.426927
FCC,0.601099
FCC,0.561263
FCC,0.373454
FCC,0.540875
FCC,0.459518
FCC,0.417365
FCC,0.666717
FCC,0.348723
FCC,0.659835
FCC,0.324875
FCC,0.414569
FCC,0.518269
FCC,0.219423
FCC,0.432602
FCC,0.469028
FCC,0.476404
FCC,0.338704
FCC,0.49269
FCC,0.420839
FCC,0.463878
FCC,0.498152
FCC,0.496855
FCC,0.411628
FCC,0.413892
FCC,0.305015
FCC,0.276566
FCC,0.505816
FCC,0.412261
FCC,0.388474
FCC,0.365818
FCC,0.503363
FCC,0.474366
FCC,0.395979
FCC,0.329288
FCC,0.402276
FCC,0.246493
FCC,0.514783
FCC,0.619525
FCC,0.49274
FCC,0.350914
FCC,0.403781
FCC,0.576501
FCC,0.408806
FCC,0.523079
FCC,0.368015
FCC,0.570265
FCC,0.488388
FCC,0.451589
FCC,0.469904
FCC,0.60293
FCC,0.403356
FCC,0.436562
FCC,0.332304
FCC,0.354078
FCC,0.532768
FCC,0.514395
FCC,0.3593
FCC,0.525064
FCC,0.441509
FCC,0.454467
FCC,0.415936
FCC,0.487444
FCC,0.522344
FCC,0.432124
FCC,0.25044
FCC,0.496484
FCC,0.255264
FCC,0.380552
FCC,0.286483
FCC,0.514286
FCC,0.288895
FCC,0.391713
FCC,0.301873
FCC,0.460281
FCC,0.331516
FCC,0.336738
FCC,0.333362
FCC,0.51955
FCC,0.232914
FCC,0.537332
FCC,0.425924
FCC,0.428939
FCC,0.496401
FCC,0.554648
FCC,0.416889
FCC,0.454386
FCC,0.33613
FCC,0.37083
FCC,0.472032
FCC,0.324713
FCC,0.401775
FCC,0.276491
FCC,0.400326
FCC,0.468044
FCC,0.448093
FCC,0.371691
FCC,0.511162
FCC,0.362998
FCC,0.326548
FCC,0.391728
FCC,0.423278
FCC,0.444308
FCC,0.438081
FCC,0.289384
FCC,0.235046
FCC,0.506483
FCC,0.50482
FCC,0.225763
FCC,0.461339
FCC,0.332366
FCC,0.427956
FCC,0.489421
FCC,0.464741
FCC,0.539975
FCC,0.328659
FCC,0.542364
FCC,0.213868
FCC,0.403446
FCC,0.139462
FCC,0.331646
FCC,0.461744
FCC,0.562449
FCC,0.59193
FCC,0.310367
FCC,0.408848
FCC,0.285753
FCC,0.389783
FCC,0.233444
FCC,0.566765
FCC,0.366018
FCC,0.373891
FCC,0.416254
FCC,0.496229
FCC,0.561247
FCC,0.398744
FCC,0.654924
FCC,0.549926
FCC,0.302708
FCC,0.497603
FCC,0.686061
FCC,0.322155
FCC,0.630425
FCC,0.335602
FCC,0.57533
FCC,0.545117
FCC,0.582963
FCC,0.323574
FCC,0.524335
FCC,0.32786
FCC,0.389102
FCC,0.549764
FCC,0.538266
FCC,0.253241
FCC,0.621358
FCC,0.332269
FCC,0.432084
FCC,0.566963
FCC,0.606705
FCC,0.291839
FCC,0.652368
FCC,0.363325
FCC,0.404168
FCC,0.692068
FCC,0.616019
FCC,0.368973
FCC,0.52002
FCC,0.402347
FCC,0.475637
FCC,0.380804
FCC,0.564455
FCC,0.674529
FCC,0.540934
FCC,0.524422
FCC,0.378148
FCC,0.613364
FCC,0.448893
FCC,0.284769
FCC,0.325488
FCC,0.350717
FCC,0.603254
FCC,0.66297
FCC,0.404304
FCC,0.575135
FCC,0.395248
FCC,0.47494
FCC,0.535474
FCC,0.435478
FCC,0.478297
FCC,0.41965
FCC,0.724544
FCC,0.420958
FCC,0.685222
FCC,0.290046
FCC,0.508295
FCC,0.6409
FCC,0.580683
FCC,0.415181
FCC,0.698576
FCC,0.326817
FCC,0.468258
FCC,0.676232
FCC,0.412179
FCC,0.415599
FCC,0.328262
FCC,0.373931
FCC,0.562612
FCC,0.653726
FCC,0.293966
FCC,0.739765
FCC,0.311399
FCC,0.537236
FCC,0.618737
FCC,0.295042
FCC,0.606359
FCC,0.559678
FCC,0.492808
FCC,0.60104
FCC,0.3867
FCC,0.874935
FCC,0.535288
FCC,0.707184
FCC,0.40484
FCC,0.495473
FCC,0.504549
FCC,0.550569
FCC,0.650759
FCC,0.441496
FCC,0.64848
FCC,0.360495
FCC,0.415977
FCC,0.533709
FCC,0.653824
FCC,0.380545
FCC,0.692098
FCC,0.390695
FCC,0.391797
FCC,0.491801
FCC,0.600586
FCC,0.356948
FCC,0.541112
FCC,0.303243
FCC,0.497492
FCC,0.712673
FCC,0.676073
FCC,0.399417
FCC,0.804738
FCC,0.628818
FCC,0.476204
FCC,0.591166
FCC,0.707362
FCC,0.661871
FCC,0.569581
FCC,0.740959
FCC,0.592629
FCC,0.555699
FCC,0.611905
FCC,0.542087
FCC,0.495005
FCC,0.440584
FCC,0.744995
FCC,0.398327
FCC,0.494479
FCC,0.591118
FCC,0.67303
FCC,0.495415
FCC,0.816917
FCC,0.35612
FCC,0.424492
FCC,0.71901
FCC,0.476217
FCC,0.653363
FCC,0.662884
FCC,0.383332
FCC,0.579244
FCC,0.551896
FCC,0.414523
FCC,0.621379
FCC,0.403078
FCC,0.576764
FCC,0.631513
FCC,0.435474
FCC,0.678328
FCC,0.567843
FCC,0.283716
FCC,0.711647
FCC,0.52894
FCC,0.6416
FCC,0.549694
FCC,0.401461
FCC,0.649688
FCC,0.537552
FCC,0.642032
FCC,0.566846
FCC,0.547396
FCC,0.672978
FCC,0.585164
FCC,0.49048
FCC,0.496863
FCC,0.592672
FCC,0.783755
FCC,0.58949
FCC,0.700629
FCC,0.297936
FCC,0.509012
FCC,0.438047
FCC,0.57589
FCC,0.508201
FCC,0.383155
FCC,0.621631
FCC,0.481759
FCC,0.456503
FCC,0.554194
FCC,0.53753
FCC,0.594989
FCC,0.423168
FCC,0.404762
FCC,0.373789
FCC,0.440537
FCC,0.553959
FCC,0.422643
FCC,0.683951
FCC,0.451758
FCC,0.405809
FCC,0.555462
FCC,0.605242
FCC,0.540772
FCC,0.481891
FCC,0.500177
FCC,0.502301
FCC,0.574785
FCC,0.584268
FCC,0.386541
FCC,0.589602
FCC,0.488792
FCC,0.496072
FCC,0.593367
FCC,0.35977
FCC,0.585482
FCC,0.465939
FCC,0.42826
FCC,0.401434
FCC,0.523971
FCC,0.358383
FCC,0.608604
FCC,0.500867
FCC,0.674255
FCC,0.565511
FCC,0.524963
FCC,0.40931
FCC,0.612214
FCC,0.476114
FCC,0.392246
FCC,0.572875
FCC,0.530876
FCC,0.459542
FCC,0.30489
FCC,0.52444
FCC,0.425011
FCC,0.500088
FCC,0.625916
FCC,0.612399
FCC,0.50314
FCC,0.347305
FCC,0.473495
FCC,0.515572
FCC,0.674928
FCC,0.261793
FCC,0.439803
FCC,0.380667
FCC,0.370276
FCC,0.420464
FCC,0.606824
FCC,0.435292
FCC,0.348988
FCC,0.682096
FCC,0.440075
FCC,0.433248
FCC,0.561178
FCC,0.411346
FCC,0.50086
FCC,0.474662
FCC,0.527627
FCC,0.62133
FCC,0.471905
FCC,0.458604
FCC,0.458382
FCC,0.383947
FCC,0.472846
FCC,0.537329
FCC,0.589621
FCC,0.506995
FCC,0.587532
FCC,0.372438
FCC,0.463357
FCC,0.404149
FCC,0.520024
FCC,0.364494
FCC,0.323644
FCC,0.401692
FCC,0.376831
FCC,0.147787
FCC,0.498426
FCC,0.32234
FCC,0.391682
FCC,0.404191
FCC,0.578095
FCC,0.428185
FCC,0.599216
FCC,0.531275
FCC,0.34107
FCC,0.556008
FCC,0.457052
FCC,0.329291
FCC,0.485474
FCC,0.580119
FCC,0.46793
FCC,0.280941
FCC,0.425617
FCC,0.455372
FCC,0.385027
FCC,0.241148
FCC,0.537388
FCC,0.293671
FCC,0.400086
FCC,0.352077
FCC,0.470194
FCC,0.339158
FCC,0.458285
FCC,0.353945
FCC,0.365215
FCC,0.662918
FCC,0.373283
FCC,0.536384
FCC,0.289707
FCC,0.28476
FCC,0.301535
FCC,0.289115
FCC,0.382404
FCC,0.55068
FCC,0.40495
FCC,0.246727
FCC,0.523574
FCC,0.414394
FCC,0.415472
FCC,0.303308
FCC,0.430067
FCC,0.475186
FCC,0.52814
FCC,0.526769
FCC,0.433357
FCC,0.321413
FCC,0.374577
FCC,0.425625
FCC,0.744416
FCC,0.461815
FCC,0.667035
FCC,0.365026
FCC,0.412611
FCC,0.349817
FCC,0.382366
FCC,0.368441
FCC,0.485738
FCC,0.547459
FCC,0.355036
FCC,0.340115
FCC,0.495588
FCC,0.369061
FCC,0.41085
FCC,0.392086
FCC,0.373159
FCC,0.38003
FCC,0.492602
FCC,0.438722
FCC,0.365581
FCC,0.381831
FCC,0.323941
FCC,0.305191
FCC,0.374011
FCC,0.498674
FCC,0.328967
FCC,0.4699
FCC,0.342747
FCC,0.313172
FCC,0.441175
FCC,0.49568
FCC,0.424239
FCC,0.398718
FCC,0.274665
FCC,0.262062
FCC,0.372799
FCC,0.384813
FCC,0.396744
FCC,0.279679
FCC,0.383081
FCC,0.498007
FCC,0.245629
FCC,0.324183
FCC,0.401873
FCC,0.303152
FCC,0.350763
FCC,0.166449
FCC,0.289928
FCC,0.288763
FCC,0.455259
FCC,0.468444
FCC,0.347977
FCC,0.183461
FCC,0.443255
FCC,0.167596
FCC,0.442104
FCC,0.435047
FCC,0.459701
FCC,0.43518
FCC,0.56192
FCC,0.758181
FCC,0.251139
FCC,0.442798
FCC,0.511785
FCC,0.480325
FCC,0.822209
FCC,0.260464
FCC,0.453101
FCC,0.532021
FCC,0.5368
FCC,0.614457
FCC,0.296203
FCC,0.400991
FCC,0.454144
FCC,0.740661
FCC,0.191196
FCC,0.57388
FCC,0.433284
FCC,0.278809
FCC,0.451108
FCC,0.607305
FCC,0.524062
FCC,0.363954
FCC,0.675551
FCC,0.49634
FCC,0.545506
FCC,0.594965
FCC,0.543462
FCC,0.357909
FCC,0.713686
FCC,0.260825
FCC,0.476036
FCC,0.548177
FCC,0.650197
FCC,0.269162
FCC,0.560315
FCC,0.507232
FCC,0.395487
FCC,0.76474
FCC,0.669913
FCC,0.324691
FCC,0.666744
FCC,0.238117
FCC,0.526207
FCC,0.444581
FCC,0.57689
FCC,0.469411
FCC,0.733312
FCC,0.422133
FCC,0.482323
FCC,0.595836
FCC,0.632224
FCC,0.556352
FCC,0.682374
FCC,0.525172
FCC,0.686771
FCC,0.440681
FCC,0.502538
FCC,0.566428
FCC,0.382533
FCC,0.63125
FCC,0.38871
FCC,0.573436
FCC,0.602299
FCC,0.431911
FCC,0.311897
FCC,0.418713
FCC,0.679474
FCC,0.677026
FCC,0.413397
FCC,0.462665
FCC,0.35338
FCC,0.492689
FCC,0.365344
FCC,0.306237
FCC,0.263798
FCC,0.519216
FCC,0.768479
FCC,0.430173
FCC,0.803963
FCC,0.374078
FCC,0.381789
FCC,0.667063
FCC,0.59438
FCC,0.367148
FCC,0.76062
FCC,0.323921
FCC,0.554749
FCC,0.638168
FCC,0.432065
FCC,0.735235
FCC,0.346531
FCC,0.516341
FCC,0.666159
FCC,0.576184
FCC,0.451332
FCC,0.47749
FCC,0.222984
FCC,0.504706
FCC,0.696739
FCC,0.303816
FCC,0.542151
FCC,0.247207
FCC,0.53484
FCC,0.639169
FCC,0.433322
FCC,0.77108
FCC,0.518815
FCC,0.724507
FCC,0.305725
FCC,0.716961
FCC,0.374713
FCC,0.613693
FCC,0.70384
FCC,0.44368
FCC,0.678527
FCC,0.500384
FCC,0.606205
FCC,0.55781
FCC,0.584046
FCC,0.469544
FCC,0.617036
FCC,0.388833
FCC,0.529403
FCC,0.487003
FCC,0.769623
FCC,0.485111
FCC,0.720815
FCC,0.668643
FCC,0.461204
FCC,0.582728
FCC,0.577919
FCC,0.47024
FCC,0.529058
FCC,0.570966
FCC,0.366554
FCC,0.542853
FCC,0.594084
FCC,0.464331
FCC,0.449642
FCC,0.543783
FCC,0.562994
FCC,0.409288
FCC,0.830691
FCC,0.394444
FCC,0.507662
FCC,0.382812
FCC,0.751808
FCC,0.448903
FCC,0.510919
FCC,0.659053
FCC,0.645803
FCC,0.300262
FCC,0.637626
FCC,0.264305
FCC,0.537936
FCC,0.63023
FCC,0.532949
FCC,0.666377
FCC,0.806422
FCC,0.488132
FCC,0.587248
FCC,0.494987
FCC,0.547123
FCC,0.497305
FCC,0.434919
FCC,0.577491
FCC,0.577311
FCC,0.465103
FCC,0.744259
FCC,0.547643
FCC,0.546395
FCC,0.823298
FCC,0.462749
FCC,0.570582
FCC,0.419633
FCC,0.294263
FCC,0.548348
FCC,0.45958
FCC,0.756922
FCC,0.305417
FCC,0.397023
FCC,0.56734
FCC,0.542902
FCC,0.611662
FCC,0.720291
FCC,0.387642
FCC,0.674194
FCC,0.499203
FCC,0.576395
FCC,0.585682
FCC,0.475684
FCC,0.639496
FCC,0.378753
FCC,0.553233
FCC,0.595657
FCC,0.409755
FCC,0.664601
FCC,0.463184
FCC,0.560032
FCC,0.354737
FCC,0.533712
FCC,0.61278
FCC,0.543374
FCC,0.497528
FCC,0.463922
FCC,0.429243
FCC,0.433245
FCC,0.527536
FCC,0.452015
FCC,0.435396
FCC,0.38311
FCC,0.418741
FCC,0.415822
FCC,0.394277
FCC,0.470322
FCC,0.535489
FCC,0.518445
FCC,0.391572
FCC,0.337675
FCC,0.302551
FCC,0.327351
FCC,0.613553
FCC,0.342329
FCC,0.597518
FCC,0.446036
FCC,0.519022
FCC,0.429613
FCC,0.379349
FCC,0.617479
FCC,0.702555
FCC,0.383244
FCC,0.469872
FCC,0.602968
FCC,0.449923
FCC,0.529904
FCC,0.395011
FCC,0.494529
FCC,0.412863
FCC,0.478451
FCC,0.494923
FCC,0.494589
FCC,0.353683
FCC,0.302543
FCC,0.482802
FCC,0.391888
FCC,0.512605
FCC,0.518295
FCC,0.505651
FCC,0.404102
FCC,0.485146
FCC,0.534119
FCC,0.525205
FCC,0.496365
FCC,0.448428
FCC,0.406201
FCC,0.45775
FCC,0.426845
FCC,0.518884
FCC,0.610512
FCC,0.449181
FCC,0.612022
FCC,0.282508
FCC,0.433862
FCC,0.637624
FCC,0.337312
FCC,0.53226
FCC,0.437856
FCC,0.455581
FCC,0.436791
FCC,0.533517
FCC,0.272844
FCC,0.394
FCC,0.412868
FCC,0.543039
FCC,0.355542
FCC,0.379161
FCC,0.471901
FCC,0.370139
FCC,0.434114
FCC,0.508474
FCC,0.439995
FCC,0.500065
FCC,0.262237
FCC,0.620739
FCC,0.421698
FCC,0.350757
FCC,0.486368
FCC,0.546325
FCC,0.361452
FCC,0.327411
FCC,0.492517
FCC,0.271468
FCC,0.520083
FCC,0.370426
FCC,0.424956
FCC,0.304579
FCC,0.435694
FCC,0.419002
FCC,0.303341
FCC,0.483378
FCC,0.333029
FCC,0.345207
FCC,0.206429
FCC,0.508072
FCC,0.405492
FCC,0.45682
FCC,0.400453
FCC,0.450283
FCC,0.441277
FCC,0.554789
FCC,0.320506
FCC,0.506979
FCC,0.380731
FCC,0.429729
FCC,0.433823
FCC,0.351378
FCC,0.512603
FCC,0.50436
FCC,0.482789
FCC,0.341718
FCC,0.457453
FCC,0.374543
FCC,0.34964
FCC,0.530503
FCC,0.431625
FCC,0.341654
FCC,0.440347
FCC,0.440142
FCC,0.435548
FCC,0.437466
FCC,0.479507
FCC,0.322677
FCC,0.256969
FCC,0.39509
FCC,0.329825
FCC,0.401665
FCC,0.343778
FCC,0.375361
FCC,0.302469
FCC,0.376781
FCC,0.270948
FCC,0.566741
FCC,0.410944
FCC,0.276276
FCC,0.44167
FCC,0.322516
FCC,0.320273
FCC,0.3382
FCC,0.485581
FCC,0.480722
FCC,0.437895
FCC,0.491638
FCC,0.216415
FCC,0.555535
FCC,0.406266
FCC,0.40108
FCC,0.473859
FCC,0.51338
FCC,0.345668
FCC,0.509933
FCC,0.517056
FCC,0.279128
FCC,0.344234
FCC,0.339802
FCC,0.226719
FCC,0.411995
FCC,0.335218
FCC,0.313358
FCC,0.521435
FCC,0.419481
FCC,0.44422
FCC,0.411738
FCC,0.157793
FCC,0.267805
FCC,0.354195
FCC,0.291964
FCC,0.383689
FCC,0.510949
FCC,0.325133
FCC,0.427801
FCC,0.371176
FCC,0.413572
FCC,0.355734
FCC,0.352196
FCC,0.373592
FCC,0.164801
FCC,0.304737
FCC,0.336654
FCC,0.351432
FCC,0.300982
FCC,0.216239
FCC,0.214144
FCC,0.386823
FCC,0.279626
FCC,0.466538
FCC,0.460791
FCC,0.530594
FCC,0.589703
FCC,0.583269
FCC,0.556864
FCC,0.198302
FCC,0.517689
FCC,0.474064
FCC,0.251862
FCC,0.456217
FCC,0.407545
FCC,0.288139
FCC,0.451637
FCC,0.501107
FCC,0.548179
FCC,0.311166
FCC,0.269487
FCC,0.557902
FCC,0.628114
FCC,0.404292
FCC,0.586786
FCC,0.246065
FCC,0.41494
FCC,0.502757
FCC,0.523873
FCC,0.617575
FCC,0.29028
FCC,0.621416
FCC,0.649325
FCC,0.252827
FCC,0.545045
FCC,0.70922
FCC,0.393249
FCC,0.634487
FCC,0.295829
FCC,0.352517
FCC,0.623762
FCC,0.663056
FCC,0.267718
FCC,0.533974
FCC,0.37339
FCC,0.392789
FCC,0.733555
FCC,0.708596
FCC,0.389467
FCC,0.686703
FCC,0.474583
FCC,0.493901
FCC,0.639861
FCC,0.641619
FCC,0.281304
FCC,0.487296
FCC,0.300475
FCC,0.59978
FCC,0.413542
FCC,0.631185
FCC,0.484476
FCC,0.755492
FCC,0.378422
FCC,0.530203
FCC,0.464956
FCC,0.585498
FCC,0.54974
FCC,0.470351
FCC,0.725457
FCC,0.381322
FCC,0.73893
FCC,0.519333
FCC,0.61773
FCC,0.409535
FCC,0.333988
FCC,0.627418
FCC,0.689767
FCC,0.456084
FCC,0.704207
FCC,0.482194
FCC,0.479549
FCC,0.333194
FCC,0.288603
FCC,0.5412
FCC,0.585182
FCC,0.682047
FCC,0.406413
FCC,0.67724
FCC,0.519402
FCC,0.410047
FCC,0.618758
FCC,0.668092
FCC,0.49558
FCC,0.604483
FCC,0.370108
FCC,0.544144
FCC,0.631737
FCC,0.386537
FCC,0.627919
FCC,0.292076
FCC,0.490665
FCC,0.669907
FCC,0.6077
FCC,0.430401
FCC,0.671353
FCC,0.419613
FCC,0.687654
FCC,0.696841
FCC,0.360241
FCC,0.59563
FCC,0.620776
FCC,0.664123
FCC,0.431837
FCC,0.650531
FCC,0.265383
FCC,0.563948
FCC,0.45418
FCC,0.739533
FCC,0.435545
FCC,0.638427
FCC,0.429352
FCC,0.738447
FCC,0.575431
FCC,0.406975
FCC,0.443096
FCC,0.153068
FCC,0.404531
FCC,0.576033
FCC,0.509946
FCC,0.377767
FCC,0.609198
FCC,0.381361
FCC,0.552113
FCC,0.814788
FCC,0.736016
FCC,0.331564
FCC,0.761337
FCC,0.287149
FCC,0.348554
FCC,0.779409
FCC,0.661413
FCC,0.341446
FCC,0.596067
FCC,0.526184
FCC,0.392929
FCC,0.460599
FCC,0.662459
FCC,0.442652
FCC,0.333053
FCC,0.562685
FCC,0.609404
FCC,0.416238
FCC,0.613421
FCC,0.475602
FCC,0.422566
FCC,0.526774
FCC,0.855381
FCC,0.554529
FCC,0.407401
FCC,0.547728
FCC,0.578719
FCC,0.398466
FCC,0.67675
FCC,0.348226
FCC,0.518844
FCC,0.487657
FCC,0.37428
FCC,0.53297
FCC,0.733442
FCC,0.525804
FCC,0.65026
FCC,0.606544
FCC,0.455757
FCC,0.703393
FCC,0.477951
FCC,0.636149
FCC,0.62346
FCC,0.368072
FCC,0.905994
FCC,0.429656
FCC,0.380482
FCC,0.687499
FCC,0.415157
FCC,0.493087
FCC,0.544274
FCC,0.449106
FCC,0.670568
FCC,0.382785
FCC,0.571192
FCC,0.48258
FCC,0.286576
FCC,0.631038
FCC,0.422114
FCC,0.584615
FCC,0.495705
FCC,0.537433
FCC,0.609497
FCC,0.512112
FCC,0.741761
FCC,0.51209
FCC,0.473836
FCC,0.712595
FCC,0.485195
FCC,0.553966
FCC,0.53993
FCC,0.408549
FCC,0.487164
FCC,0.410089
FCC,0.589334
FCC,0.33824
FCC,0.62692
FCC,0.508354
FCC,0.714189
FCC,0.413688
FCC,0.606606
FCC,0.367188
FCC,0.451871
FCC,0.534921
FCC,0.345906
FCC,0.410303
FCC,0.365259
FCC,0.351509
FCC,0.363924
FCC,0.589297
FCC,0.420485
FCC,0.40487
FCC,0.531001
FCC,0.421463
FCC,0.577505
FCC,0.494569
FCC,0.377887
FCC,0.520253
FCC,0.494002
FCC,0.299889
FCC,0.30239
FCC,0.540174
FCC,0.485365
FCC,0.388383
FCC,0.527009
FCC,0.532202
FCC,0.455322
FCC,0.498421
FCC,0.406799
FCC,0.546553
FCC,0.435013
FCC,0.432412
FCC,0.517573
FCC,0.546556
FCC,0.463876
FCC,0.326532
FCC,0.450091
FCC,0.358016
FCC,0.461898
FCC,0.413011
FCC,0.490372
FCC,0.382707
FCC,0.520763
FCC,0.480306
FCC,0.363658
FCC,0.601017
FCC,0.414651
FCC,0.452583
FCC,0.484311
FCC,0.313127
FCC,0.303171
FCC,0.455975
FCC,0.418664
FCC,0.303139
FCC,0.521225
FCC,0.26724
FCC,0.539347
FCC,0.479655
FCC,0.396486
FCC,0.497848
FCC,0.674973
FCC,0.570822
FCC,0.337804
FCC,0.578046
FCC,0.376755
FCC,0.531903
FCC,0.366979
FCC,0.424044
FCC,0.311139
FCC,0.576702
FCC,0.240437
FCC,0.457544
FCC,0.476592
FCC,0.413893
FCC,0.498264
FCC,0.504524
FCC,0.362697
FCC,0.377803
FCC,0.481942
FCC,0.426232
FCC,0.518046
FCC,0.460813
FCC,0.246409
FCC,0.42488
FCC,0.309501
FCC,0.301742
FCC,0.519357
FCC,0.492292
FCC,0.472468
FCC,0.289134
FCC,0.505213
FCC,0.40438
FCC,0.368619
FCC,0.396022
FCC,0.415024
FCC,0.625913
FCC,0.307599
FCC,0.424291
FCC,0.519188
FCC,0.502115
FCC,0.470121
FCC,0.539013
FCC,0.343205
FCC,0.46452
FCC,0.452044
FCC,0.488975
FCC,0.361679
FCC,0.349154
FCC,0.372902
FCC,0.337016
FCC,0.493205
FCC,0.677209
FCC,0.358232
FCC,0.384276
FCC,0.496845
FCC,0.376784
FCC,0.485921
FCC,0.416011
FCC,0.342425
FCC,0.258597
FCC,0.314062
FCC,0.463708
FCC,0.290579
FCC,0.529654
FCC,0.322617
FCC,0.217303
FCC,0.278868
FCC,0.358332
FCC,0.158237
FCC,0.425839
FCC,0.292722
FCC,0.366936
FCC,0.222004
FCC,0.367378
FCC,0.240466
FCC,0.426525
FCC,0.252483
FCC,0.269322
FCC,0.306991
FCC,0.455748
FCC,0.297226
FCC,0.541782
FCC,0.326068
FCC,0.306395
FCC,0.318576
FCC,0.480338
FCC,0.312299
FCC,0.512278
FCC,0.524895
FCC,0.51575
FCC,0.313847
FCC,0.410114
FCC,0.301848
FCC,0.358832
FCC,0.177874
FCC,0.283409
FCC,0.240795
FCC,0.338796
FCC,0.263969
FCC,0.434624
FCC,0.23613
FCC,0.165286
FCC,0.375748
FCC,0.423834
FCC,0.311118
FCC,0.519289
FCC,0.279647
FCC,0.310545
FCC,0.395612
FCC,0.189499
FCC,0.54251
FCC,0.50566
FCC,0.296618
FCC,0.443549
FCC,0.297434
FCC,0.476626
FCC,0.27785
FCC,0.298442
FCC,0.22193
FCC,0.297779
FCC,0.207288
FCC,0.410139
FCC,0.405592
FCC,0.441161
FCC,0.278962
FCC,0.319123
FCC,0.504993
FCC,0.441779
FCC,0.556046
FCC,0.422406
FCC,0.582993
FCC,0.48272
FCC,0.444404
FCC,0.566875
FCC,0.357972
FCC,0.572778
FCC,0.562929
FCC,0.242266
FCC,0.4106
FCC,0.273259
FCC,0.405043
FCC,0.430503
FCC,0.439393
FCC,0.572626
FCC,0.295032
FCC,0.149405
FCC,0.445755
FCC,0.451093
FCC,0.269817
FCC,0.611535
FCC,0.237927
FCC,0.483178
FCC,0.287401
FCC,0.383019
FCC,0.610599
FCC,0.243031
FCC,0.650796
FCC,0.583797
FCC,0.522747
FCC,0.65137
FCC,0.699502
FCC,0.262471
FCC,0.660512
FCC,0.293042
FCC,0.3702
FCC,0.64222
FCC,0.53838
FCC,0.313466
FCC,0.603918
FCC,0.324165
FCC,0.368377
FCC,0.578303
FCC,0.553689
FCC,0.457213
FCC,0.507878
FCC,0.239509
FCC,0.335916
FCC,0.478061
FCC,0.588659
FCC,0.377079
FCC,0.638445
FCC,0.336376
FCC,0.367647
FCC,0.475762
FCC,0.631254
FCC,0.408006
FCC,0.605645
FCC,0.392576
FCC,0.482484
FCC,0.509915
FCC,0.576495
FCC,0.644331
FCC,0.337158
FCC,0.558302
FCC,0.330724
FCC,0.597984
FCC,0.423721
FCC,0.443221
FCC,0.15081
FCC,0.371498
FCC,0.635285
FCC,0.636676
FCC,0.352388
FCC,0.70898
FCC,0.267114
FCC,0.407055
FCC,0.393182
FCC,0.278465
FCC,0.31747
FCC,0.617281
FCC,0.756425
FCC,0.44012
FCC,0.549613
FCC,0.4747
FCC,0.469771
FCC,0.714125
FCC,0.630627
FCC,0.369565
FCC,0.55533
FCC,0.302947
FCC,0.589311
FCC,0.554213
FCC,0.477214
FCC,0.933148
FCC,0.422662
FCC,0.456951
FCC,0.540495
FCC,0.63421
FCC,0.247091
FCC,0.505922
FCC,0.306952
FCC,0.595208
FCC,0.660345
FCC,0.561536
FCC,0.514625
FCC,0.503848
FCC,0.476606
FCC,0.784678
FCC,0.4424
FCC,0.848552
FCC,0.473448
FCC,0.674311
FCC,0.384465
FCC,0.633411
FCC,0.420171
FCC,0.508007
FCC,0.72033
FCC,0.431447
FCC,0.796599
FCC,0.371921
FCC,0.437646
FCC,0.642122
FCC,0.758509
FCC,0.47734
FCC,0.832551
FCC,0.435291
FCC,0.372942
FCC,0.585088
FCC,0.729765
FCC,0.370898
FCC,0.471583
FCC,0.288848
FCC,0.299002
FCC,0.537563
FCC,0.597128
FCC,0.477277
FCC,0.832456
FCC,0.360924
FCC,0.389562
FCC,0.385103
FCC,0.635958
FCC,0.649384
FCC,0.346074
FCC,0.700235
FCC,0.664403
FCC,0.297819
FCC,0.577536
FCC,0.368252
FCC,0.340379
FCC,0.443508
FCC,0.735691
FCC,0.499705
FCC,0.46637
FCC,0.548308
FCC,0.696813
FCC,0.466433
FCC,0.679051
FCC,0.587954
FCC,0.614173
FCC,0.757768
FCC,0.576973
FCC,0.528981
FCC,0.696483
FCC,0.468494
FCC,0.760431
FCC,0.56156
FCC,0.441585
FCC,0.460548
FCC,0.428084
FCC,0.636194
FCC,0.657832
FCC,0.524634
FCC,0.775916
FCC,0.486661
FCC,0.41792
FCC,0.607916
FCC,0.40841
FCC,0.727252
FCC,0.462315
FCC,0.434752
FCC,0.575443
FCC,0.342476
FCC,0.544512
FCC,0.35643
FCC,0.359094
FCC,0.592671
FCC,0.64601
FCC,0.56563
FCC,0.35041
FCC,0.417628
FCC,0.457012
FCC,0.307677
FCC,0.733719
FCC,0.314545
FCC,0.460232
FCC,0.552754
FCC,0.406012
FCC,0.667737
FCC,0.42406
FCC,0.543465
FCC,0.545578
FCC,0.454016
FCC,0.652631
FCC,0.493044
FCC,0.47602
FCC,0.400505
FCC,0.671663
FCC,0.489803
FCC,0.372034
FCC,0.55693
FCC,0.39144
FCC,0.468682
FCC,0.346939
FCC,0.507008
FCC,0.558287
FCC,0.410352
FCC,0.28828
FCC,0.337711
FCC,0.368448
FCC,0.362998
FCC,0.470505
FCC,0.428178
FCC,0.452929
FCC,0.550713
FCC,0.399418
FCC,0.377205
FCC,0.433024
FCC,0.515289
FCC,0.473795
FCC,0.545047
FCC,0.457562
FCC,0.499351
FCC,0.456204
FCC,0.618772
FCC,0.400642
FCC,0.394497
FCC,0.526167
FCC,0.388512
FCC,0.374231
FCC,0.596104
FCC,0.397149
FCC,0.350875
FCC,0.433712
FCC,0.421653
FCC,0.373556
FCC,0.423956
FCC,0.358411
FCC,0.404821
FCC,0.484774
FCC,0.266432
FCC,0.367276
FCC,0.302667
FCC,0.275868
FCC,0.405622
FCC,0.499107
FCC,0.534988
FCC,0.637859
FCC,0.572513
FCC,0.424627
FCC,0.299785
FCC,0.499342
FCC,0.43802
FCC,0.439057
FCC,0.423253
FCC,0.422789
FCC,0.416826
FCC,0.32353
FCC,0.139839
FCC,0.418107
FCC,0.451684
FCC,0.476798
FCC,0.343711
FCC,0.297561
FCC,0.359802
FCC,0.405275
FCC,0.266401
FCC,0.46919
FCC,0.233225
FCC,0.359436
FCC,0.499064
FCC,0.464009
FCC,0.347605
FCC,0.364279
FCC,0.291413
FCC,0.314311
FCC,0.426803
FCC,0.353117
FCC,0.358373
FCC,0.424779
FCC,0.457923
FCC,0.3786
FCC,0.568571
FCC,0.468541
FCC,0.231247
FCC,0.53961
FCC,0.50471
FCC,0.375685
FCC,0.605538
FCC,0.46044
FCC,0.622204
FCC,0.365529
FCC,0.296748
FCC,0.401917
FCC,0.460869
FCC,0.444542
FCC,0.387294
FCC,0.377172
FCC,0.32961
FCC,0.442955
FCC,0.340355
FCC,0.360396
FCC,0.386138
FCC,0.240776
FCC,0.332838
FCC,0.33911
FCC,0.501118
FCC,0.647182
FCC,0.468698
FCC,0.343704
FCC,0.302445
FCC,0.309396
FCC,0.184521
FCC,0.470333
FCC,0.435452
FCC,0.396839
FCC,0.363766
FCC,0.495854
FCC,0.568241
FCC,0.508317
FCC,0.516942
FCC,0.332081
FCC,0.440935
FCC,0.377437
FCC,0.235695
FCC,0.530353
FCC,0.506269
FCC,0.382374
FCC,0.324304
FCC,0.562498
FCC,0.428903
FCC,0.514164
FCC,0.241659
FCC,0.312402
FCC,0.303285
FCC,0.460693
FCC,0.264824
FCC,0.47681
FCC,0.4135
FCC,0.29701
FCC,0.46013
FCC,0.451617
FCC,0.478497
FCC,0.360363
FCC,0.239448
FCC,0.468057
FCC,0.368103
FCC,0.434182
FCC,0.323431
FCC,0.448032
FCC,0.413403
FCC,0.237175
FCC,0.383151
FCC,0.352809
FCC,0.333542
FCC,0.243994
FCC,0.385628
FCC,0.36291
FCC,0.274287
FCC,0.276834
FCC,0.512542
FCC,0.461557
FCC,0.405672
FCC,0.625986
FCC,0.192889
FCC,0.281296
FCC,0.505199
FCC,0.226419
FCC,0.332709
FCC,0.302904
FCC,0.500978
FCC,0.441075
FCC,0.346668
FCC,0.201719
FCC,0.432098
FCC,0.466189
FCC,0.301888
FCC,0.452624
FCC,0.273698
FCC,0.390703
FCC,0.45697
FCC,0.451395
FCC,0.23291
FCC,0.468074
FCC,0.382724
FCC,0.501474
FCC,0.397701
FCC,0.309943
FCC,0.337135
FCC,0.394593
FCC,0.35937
FCC,0.476038
FCC,0.402467
FCC,0.420023
FCC,0.513698
FCC,0.611785
FCC,0.300188
FCC,0.465059
FCC,0.516491
FCC,0.152926
FCC,0.53127
FCC,0.151641
FCC,0.404264
FCC,0.240391
FCC,0.503913
FCC,0.62523
FCC,0.301821
FCC,0.440935
FCC,0.436127
FCC,0.504617
FCC,0.28338
FCC,0.523014
FCC,0.142876
FCC,0.486451
FCC,0.305003
FCC,0.518
FCC,0.683961
FCC,0.135549
FCC,0.58522
FCC,0.551671
FCC,0.421626
FCC,0.530559
FCC,0.568611
FCC,0.40198
FCC,0.6966
FCC,0.361499
FCC,0.364444
FCC,0.606148
FCC,0.709484
FCC,0.401162
FCC,0.447502
FCC,0.51252
FCC,0.263351
FCC,0.637252
FCC,0.636673
FCC,0.32665
FCC,0.75329
FCC,0.478176
FCC,0.625982
FCC,0.641207
FCC,0.533428
FCC,0.378404
FCC,0.616712
FCC,0.516699
FCC,0.476806
FCC,0.479517
FCC,0.548542
FCC,0.269422
FCC,0.618747
FCC,0.323308
FCC,0.509548
FCC,0.372887
FCC,0.487323
FCC,0.64028
FCC,0.328529
FCC,0.675508
FCC,0.328042
FCC,0.468195
FCC,0.493475
FCC,0.45857
FCC,0.384639
FCC,0.45061
FCC,0.589328
FCC,0.664978
FCC,0.43771
FCC,0.71795
FCC,0.34795
FCC,0.487496
FCC,0.441873
FCC,0.342589
FCC,0.369457
FCC,0.632163
FCC,0.59733
FCC,0.382312
FCC,0.494618
FCC,0.450408
FCC,0.48409
FCC,0.606512
FCC,0.543643
FCC,0.302657
FCC,0.615386
FCC,0.380946
FCC,0.573441
FCC,0.431506
FCC,0.433254
FCC,0.67051
FCC,0.173212
FCC,0.434015
FCC,0.619972
FCC,0.525427
FCC,0.432595
FCC,0.536711
FCC,0.331718
FCC,0.568139
FCC,0.531043
FCC,0.410885
FCC,0.543719
FCC,0.499387
FCC,0.478214
FCC,0.589429
FCC,0.438159
FCC,0.525966
FCC,0.604208
FCC,0.63917
FCC,0.316409
FCC,0.739395
FCC,0.338829
FCC,0.460482
FCC,0.638518
FCC,0.328798
FCC,0.784939
FCC,0.434882
FCC,0.448708
FCC,0.672794
FCC,0.620192
FCC,0.406102
FCC,0.516592
FCC,0.211114
FCC,0.467496
FCC,0.667099
FCC,0.570627
FCC,0.416802
FCC,0.54722
FCC,0.375493
FCC,0.458342
FCC,0.702155
FCC,0.533946
FCC,0.35918
FCC,0.725348
FCC,0.43614
FCC,0.613093
FCC,0.479322
FCC,0.794464
FCC,0.460628
FCC,0.564669
FCC,0.544791
FCC,0.682249
FCC,0.470275
FCC,0.543477
FCC,0.512855
FCC,0.66302
FCC,0.511208
FCC,0.818097
FCC,0.517254
FCC,0.374631
FCC,0.579564
FCC,0.729493
FCC,0.640137
FCC,0.746073
FCC,0.569547
FCC,0.366094
FCC,0.700595
FCC,0.45273
FCC,0.67548
FCC,0.690732
FCC,0.417707
FCC,0.557563
FCC,0.537458
FCC,0.321518
FCC,0.486094
FCC,0.44161
FCC,0.645302
FCC,0.59683
FCC,0.483128
FCC,0.537927
FCC,0.381174
FCC,0.444744
FCC,0.618327
FCC,0.442401
FCC,0.601843
FCC,0.559027
FCC,0.321322
FCC,0.538711
FCC,0.35414
FCC,0.630009
FCC,0.366193
FCC,0.484021
FCC,0.421468
FCC,0.364097
FCC,0.539664
FCC,0.455732
FCC,0.397338
FCC,0.487181
FCC,0.384207
FCC,0.514142
FCC,0.354603
FCC,0.607086
FCC,0.404615
FCC,0.449264
FCC,0.347099
FCC,0.412475
FCC,0.446533
FCC,0.410067
FCC,0.394999
FCC,0.324221
FCC,0.574947
FCC,0.58294
FCC,0.329389
FCC,0.441031
FCC,0.370209
FCC,0.616597
FCC,0.521702
FCC,0.323494
FCC,0.373458
FCC,0.478743
FCC,0.239787
FCC,0.437947
FCC,0.340391
FCC,0.215819
FCC,0.650923
FCC,0.443904
FCC,0.258759
FCC,0.47644
FCC,0.497404
FCC,0.460338
FCC,0.49883
FCC,0.406593
FCC,0.312742
FCC,0.508008
FCC,0.552521
FCC,0.397811
FCC,0.493187
FCC,0.274911
FCC,0.522073
FCC,0.255197
FCC,0.565234
FCC,0.464587
FCC,0.353727
FCC,0.63835
FCC,0.465038
FCC,0.404147
FCC,0.490637
FCC,0.469563
FCC,0.243504
FCC,0.44151
FCC,0.386712
FCC,0.439126
FCC,0.352551
FCC,0.494659
FCC,0.314752
FCC,0.476817
FCC,0.376485
FCC,0.380616
FCC,0.602055
FCC,0.406228
FCC,0.518243
FCC,0.325802
FCC,0.56308
FCC,0.36364
FCC,0.473392
FCC,0.41785
FCC,0.323749
FCC,0.332212
FCC,0.29119
FCC,0.555061
FCC,0.49385
FCC,0.488878
FCC,0.385131
FCC,0.418372
FCC,0.39915
FCC,0.414683
FCC,0.426162
FCC,0.538805
FCC,0.361751
FCC,0.314133
FCC,0.522196
FCC,0.505106
FCC,0.408007
FCC,0.594568
FCC,0.47683
FCC,0.46457
FCC,0.402512
FCC,0.545928
FCC,0.299643
FCC,0.384526
FCC,0.409148
FCC,0.527381
FCC,0.37511
FCC,0.471664
FCC,0.295514
FCC,0.453939
FCC,0.561156
FCC,0.53796
FCC,0.312692
FCC,0.237954
FCC,0.437784
FCC,0.503941
FCC,0.313393
FCC,0.446616
FCC,0.247317
FCC,0.539793
FCC,0.32551
FCC,0.369049
FCC,0.543573
FCC,0.385483
FCC,0.481824
FCC,0.289778
FCC,0.40012
FCC,0.362656
FCC,0.407687
FCC,0.351448
FCC,0.330888
FCC,0.498191
FCC,0.292649
FCC,0.222919
FCC,0.471753
FCC,0.427934
FCC,0.389047
FCC,0.340458
FCC,0.400788
FCC,0.38894
FCC,0.239569
FCC,0.449168
FCC,0.275482
FCC,0.353538
FCC,0.315281
FCC,0.479947
FCC,0.424297
FCC,0.490935
FCC,0.370597
FCC,0.36848
FCC,0.591365
FCC,0.462439
FCC,0.451361
FCC,0.338425
FCC,0.334472
FCC,0.345186
FCC,0.393412
FCC,0.325791
FCC,0.518142
FCC,0.390062
FCC,0.414282
FCC,0.350237
FCC,0.471873
FCC,0.346054
FCC,0.678506
FCC,0.504699
FCC,0.302294
FCC,0.33562
FCC,0.621416
FCC,0.406
FCC,0.379857
FCC,0.292176
FCC,0.362081
FCC,0.403122
FCC,0.338691
FCC,0.535165
FCC,0.344151
FCC,0.277718
FCC,0.480786
FCC,0.447752
FCC,0.512631
FCC,0.526099
FCC,0.12728
FCC,0.460247
FCC,0.448294
FCC,0.373939
FCC,0.258862
FCC,0.408082
FCC,0.279116
FCC,0.532008
FCC,0.485041
FCC,0.425086
FCC,0.447242
FCC,0.402778
FCC,0.555094
FCC,0.375223
FCC,0.349816
FCC,0.385718
FCC,0.371842
FCC,0.28986
FCC,0.521292
FCC,0.458958
FCC,0.414269
FCC,0.443776
FCC,0.560174
FCC,0.522603
FCC,0.377018
FCC,0.363462
FCC,0.20251
FCC,0.188983
FCC,0.32647
FCC,0.539566
FCC,0.507596
FCC,0.261727
FCC,0.421633
FCC,0.441418
FCC,0.473137
FCC,0.426226
FCC,0.46862
FCC,0.395021
FCC,0.63461
FCC,0.59083
FCC,0.17373
FCC,0.476377
FCC,0.500298
FCC,0.199581
FCC,0.578051
FCC,0.30791
FCC,0.525299
FCC,0.336188
FCC,0.490214
FCC,0.700183
FCC,0.524047
FCC,0.318298
FCC,0.380644
FCC,0.526219
FCC,0.390929
FCC,0.750736
FCC,0.282894
FCC,0.394122
FCC,0.505881
FCC,0.479019
FCC,0.455966
FCC,0.198392
FCC,0.619867
FCC,0.473959
FCC,0.280284
FCC,0.536014
FCC,0.598168
FCC,0.34831
FCC,0.627923
FCC,0.291698
FCC,0.461762
FCC,0.573101
FCC,0.626441
FCC,0.367094
FCC,0.605522
FCC,0.381993
FCC,0.480561
FCC,0.390409
FCC,0.524845
FCC,0.344595
FCC,0.513666
FCC,0.30581
FCC,0.434921
FCC,0.555933
FCC,0.537172
FCC,0.312791
FCC,0.555194
FCC,0.503108
FCC,0.431654
FCC,0.448076
FCC,0.627064
FCC,0.37291
FCC,0.709313
FCC,0.432381
FCC,0.629963
FCC,0.442684
FCC,0.568199
FCC,0.69374
FCC,0.448935
FCC,0.606329
FCC,0.427377
FCC,0.695495
FCC,0.467766
FCC,0.504393
FCC,0.240323
FCC,0.390716
FCC,0.556273
FCC,0.7103
FCC,0.523482
FCC,0.598207
FCC,0.439096
FCC,0.595807
FCC,0.395166
FCC,0.298596
FCC,0.289505
FCC,0.63107
FCC,0.677259
FCC,0.502345
FCC,0.710565
FCC,0.399587
FCC,0.539113
FCC,0.580119
FCC,0.574387
FCC,0.437017
FCC,0.619342
FCC,0.291049
FCC,0.540801
FCC,0.701708
FCC,0.350849
FCC,0.643067
FCC,0.348213
FCC,0.366253
FCC,0.60825
FCC,0.582186
FCC,0.437057
FCC,0.628084
FCC,0.4283
FCC,0.686162
FCC,0.668513
FCC,0.426889
FCC,0.688111
FCC,0.33362
FCC,0.533999
FCC,0.650923
FCC,0.368331
FCC,0.636542
FCC,0.443742
FCC,0.513332
FCC,0.316027
FCC,0.60843
FCC,0.489402
FCC,0.573698
FCC,0.692077
FCC,0.536929
FCC,0.479808
FCC,0.445817
FCC,0.488363
FCC,0.615949
FCC,0.473666
FCC,0.379906
FCC,0.782256
FCC,0.395206
FCC,0.42937
FCC,0.412855
FCC,0.595346
FCC,0.376483
FCC,0.703502
FCC,0.389362
FCC,0.399139
FCC,0.628274
FCC,0.678781
FCC,0.359739
FCC,0.510653
FCC,0.321853
FCC,0.562507
FCC,0.491937
FCC,0.66426
FCC,0.308314
FCC,0.501007
FCC,0.65898
FCC,0.627813
FCC,0.36969
FCC,0.64633
FCC,0.456309
FCC,0.475669
FCC,0.459953
FCC,0.585664
FCC,0.345376
FCC,0.492835
FCC,0.677065
FCC,0.560555
FCC,0.301066
FCC,0.672584
FCC,0.365973
FCC,0.429388
FCC,0.594258
FCC,0.575596
FCC,0.632894
FCC,0.649016
FCC,0.395078
FCC,0.620307
FCC,0.253658
FCC,0.497555
FCC,0.576995
FCC,0.60539
FCC,0.545779
FCC,0.622431
FCC,0.485337
FCC,0.639667
FCC,0.417346
FCC,0.403406
FCC,0.632502
FCC,0.328137
FCC,0.472756
FCC,0.301826
FCC,0.298664
FCC,0.591015
FCC,0.35552
FCC,0.604398
FCC,0.525771
FCC,0.430301
FCC,0.564533
FCC,0.374753
FCC,0.315099
FCC,0.492246
FCC,0.232306
FCC,0.530534
FCC,0.426409
FCC,0.572359
FCC,0.271893
FCC,0.264433
FCC,0.53784
FCC,0.378229
FCC,0.586814
FCC,0.356737
FCC,0.540099
FCC,0.429226
FCC,0.291888
FCC,0.237754
FCC,0.432151
FCC,0.47241
FCC,0.434812
FCC,0.453999
FCC,0.399773
FCC,0.382909
FCC,0.577659
FCC,0.397827
FCC,0.536082
FCC,0.328328
FCC,0.392503
FCC,0.249523
FCC,0.5104
FCC,0.517923
FCC,0.556402
FCC,0.293883
FCC,0.496812
FCC,0.395496
FCC,0.41114
FCC,0.465104
FCC,0.477274
FCC,0.408467
FCC,0.445013
FCC,0.346387
FCC,0.450251
FCC,0.306267
FCC,0.381789
FCC,0.348803
FCC,0.487318
FCC,0.421533
FCC,0.501189
FCC,0.405289
FCC,0.581027
FCC,0.482125
FCC,0.484027
FCC,0.535105
FCC,0.348515
FCC,0.548839
FCC,0.466632
FCC,0.506417
FCC,0.332693
FCC,0.586277
FCC,0.310391
FCC,0.377417
FCC,0.389942
FCC,0.349157
FCC,0.399311
FCC,0.412284
FCC,0.460197
FCC,0.4653
FCC,0.562078
FCC,0.339275
FCC,0.415364
FCC,0.158409
FCC,0.455087
FCC,0.431927
FCC,0.364961
FCC,0.34841
FCC,0.446508
FCC,0.174205
FCC,0.45965
FCC,0.435559
FCC,0.400689
FCC,0.525921
FCC,0.555747
FCC,0.331403
FCC,0.34921
FCC,0.411167
FCC,0.340707
FCC,0.393932
FCC,0.435377
FCC,0.496675
FCC,0.363775
FCC,0.406911
FCC,0.524714
FCC,0.282599
FCC,0.389716
FCC,0.471832
FCC,0.44377
FCC,0.339959
FCC,0.4321
FCC,0.403745
FCC,0.390661
FCC,0.163098
FCC,0.420442
FCC,0.40693
FCC,0.410996
FCC,0.35402
FCC,0.461307
FCC,0.294984
FCC,0.533227
FCC,0.433316
FCC,0.043917
FCC,0.448387
FCC,0.236659
FCC,0.286281
FCC,0.419036
FCC,0.369852
FCC,0.246853
FCC,0.504243
FCC,0.260463
FCC,0.45056
FCC,0.392949
FCC,0.39818
FCC,0.24788
FCC,0.374623
FCC,0.433623
FCC,0.327664
FCC,0.393449
FCC,0.258951
FCC,0.400161
FCC,0.398636
FCC,0.442374
FCC,0.497361
FCC,0.343273
FCC,0.3153
FCC,0.363492
FCC,0.348565
FCC,0.364777
FCC,0.344474
FCC,0.258353
FCC,0.293034
FCC,0.284006
FCC,0.423823
FCC,0.320754
FCC,0.361691
FCC,0.321354
FCC,0.35152
FCC,0.559001
FCC,0.355692
FCC,0.436486
FCC,0.350152
FCC,0.610027
FCC,0.240002
FCC,0.306255
FCC,0.355718
FCC,0.614452
FCC,0.369919
FCC,0.387684
FCC,0.339703
FCC,0.52707
FCC,0.262305
FCC,0.500853
FCC,0.309423
FCC,0.434482
FCC,0.318507
FCC,0.430514
FCC,0.475374
FCC,0.518505
FCC,0.114668
FCC,0.401855
FCC,0.368814
FCC,0.50266
FCC,0.213618
FCC,0.463154
FCC,0.323475
FCC,0.386326
FCC,0.340328
FCC,0.480487
FCC,0.249304
FCC,0.526342
FCC,0.433877
FCC,0.271725
FCC,0.460941
FCC,0.430467
FCC,0.412944
FCC,0.600156
FCC,0.57148
FCC,0.40728
FCC,0.399713
FCC,0.418404
FCC,0.518723
FCC,0.234087
FCC,0.560082
FCC,0.396331
FCC,0.462717
FCC,0.355443
FCC,0.511262
FCC,0.292932
FCC,0.224036
FCC,0.407456
FCC,0.254916
FCC,0.529503
FCC,0.374782
FCC,0.377002
FCC,0.289487
FCC,0.305522
FCC,0.38954
FCC,0.480982
FCC,0.538152
FCC,0.354186
FCC,0.341906
FCC,0.410214
FCC,0.49235
FCC,0.432294
FCC,0.46666
FCC,0.582017
FCC,0.369241
FCC,0.493032
FCC,0.55288
FCC,0.299519
FCC,0.576545
FCC,0.645786
FCC,0.264896
FCC,0.541159
FCC,0.395518
FCC,0.361054
FCC,0.578403
FCC,0.528851
FCC,0.633269
FCC,0.404932
FCC,0.325839
FCC,0.496625
FCC,0.546312
FCC,0.234127
FCC,0.702497
FCC,0.250215
FCC,0.22684
FCC,0.465609
FCC,0.458434
FCC,0.562816
FCC,0.208193
FCC,0.571783
FCC,0.620735
FCC,0.394769
FCC,0.467634
FCC,0.581394
FCC,0.286792
FCC,0.434138
FCC,0.502049
FCC,0.412826
FCC,0.334872
FCC,0.534937
FCC,0.337225
FCC,0.658524
FCC,0.221022
FCC,0.399491
FCC,0.525861
FCC,0.573701
FCC,0.209193
FCC,0.508046
FCC,0.494147
FCC,0.382304
FCC,0.455722
FCC,0.635199
FCC,0.326258
FCC,0.5705
FCC,0.196315
FCC,0.468479
FCC,0.623051
FCC,0.687587
FCC,0.193718
FCC,0.587495
FCC,0.280825
FCC,0.525176
FCC,0.256687
FCC,0.352455
FCC,0.736257
FCC,0.368882
FCC,0.617532
FCC,0.428218
FCC,0.557796
FCC,0.314938
FCC,0.324715
FCC,0.330377
FCC,0.391685
FCC,0.46223
FCC,0.655138
FCC,0.478216
FCC,0.607408
FCC,0.394451
FCC,0.416655
FCC,0.411945
FCC,0.378452
FCC,0.376086
FCC,0.462589
FCC,0.549852
FCC,0.30168
FCC,0.731594
FCC,0.263275
FCC,0.399054
FCC,0.639327
FCC,0.546887
FCC,0.312597
FCC,0.603636
FCC,0.366888
FCC,0.716611
FCC,0.61086
FCC,0.300397
FCC,0.582111
FCC,0.352123
FCC,0.478479
FCC,0.483978
FCC,0.652224
FCC,0.321899
FCC,0.614554
FCC,0.30908
FCC,0.577277
FCC,0.58177
FCC,0.375526
FCC,0.576553
FCC,0.474411
FCC,0.361431
FCC,0.5911
FCC,0.400521
FCC,0.556904
FCC,0.55577
FCC,0.60782
FCC,0.28656
FCC,0.552516
FCC,0.427529
FCC,0.407555
FCC,0.687347
FCC,0.420969
FCC,0.688251
FCC,0.424177
FCC,0.464306
FCC,0.464814
FCC,0.549845
FCC,0.493788
FCC,0.539616
FCC,0.275725
FCC,0.558335
FCC,0.619786
FCC,0.655591
FCC,0.422259
FCC,0.714035
FCC,0.541985
FCC,0.339696
FCC,0.570965
FCC,0.767303
FCC,0.419507
FCC,0.904466
FCC,0.336802
FCC,0.471283
FCC,0.315785
FCC,0.304786
FCC,0.567922
FCC,0.481848
FCC,0.51979
FCC,0.559423
FCC,0.590122
FCC,0.615535
FCC,0.42513
FCC,0.434129
FCC,0.328474
FCC,0.683198
FCC,0.144323
FCC,0.354915
FCC,0.65151
FCC,0.597884
FCC,0.353639
FCC,0.590411
FCC,0.371426
FCC,0.435497
FCC,0.56845
FCC,0.510718
FCC,0.580396
FCC,0.59419
FCC,0.409585
FCC,0.753476
FCC,0.500098
FCC,0.419048
FCC,0.765857
FCC,0.493464
FCC,0.711734
FCC,0.742665
FCC,0.486354
FCC,0.840494
FCC,0.534138
FCC,0.426249
FCC,0.669073
FCC,0.329558
FCC,0.387692
FCC,0.47405
FCC,0.276265
FCC,0.616001
FCC,0.332321
FCC,0.440934
FCC,0.413067
FCC,0.451674
FCC,0.657488
FCC,0.347459
FCC,0.43491
FCC,0.317177
FCC,0.488229
FCC,0.483024
FCC,0.476449
FCC,0.571256
FCC,0.44964
FCC,0.305797
FCC,0.303649
FCC,0.469953
FCC,0.325937
FCC,0.563958
FCC,0.46463
FCC,0.577243
FCC,0.453819
FCC,0.518794
FCC,0.466473
FCC,0.299652
FCC,0.504145
FCC,0.53376
FCC,0.317511
FCC,0.599685
FCC,0.423825
FCC,0.318531
FCC,0.429004
FCC,0.535495
FCC,0.574773
FCC,0.577404
FCC,0.413124
FCC,0.44586
FCC,0.604968
FCC,0.438981
FCC,0.328549
FCC,0.556145
FCC,0.256134
FCC,0.375613
FCC,0.532148
FCC,0.410366
FCC,0.331918
FCC,0.399145
FCC,0.398277
FCC,0.32442
FCC,0.402074
FCC,0.243336
FCC,0.499459
FCC,0.25292
FCC,0.542688
FCC,0.526622
FCC,0.378001
FCC,0.394903
FCC,0.350015
FCC,0.288482
FCC,0.444721
FCC,0.43714
FCC,0.583313
FCC,0.522358
FCC,0.429406
FCC,0.514843
FCC,0.407025
FCC,0.36446
FCC,0.285223
FCC,0.44033
FCC,0.500601
FCC,0.411124
FCC,0.39912
FCC,0.617522
FCC,0.502166
FCC,0.357025
FCC,0.530752
FCC,0.51759
FCC,0.340244
FCC,0.488035
FCC,0.44837
FCC,0.4097
FCC,0.4606
FCC,0.520349
FCC,0.566592
FCC,0.50776
FCC,0.583603
FCC,0.535051
FCC,0.449333
FCC,0.521804
FCC,0.38214
FCC,0.371045
FCC,0.512794
FCC,0.311593
FCC,0.349158
FCC,0.349489
FCC,0.438628
FCC,0.253983
FCC,0.512779
FCC,0.412189
FCC,0.52591
FCC,0.392155
FCC,0.406599
FCC,0.329956
FCC,0.523242
FCC,0.441376
FCC,0.354454
FCC,0.431333
FCC,0.467518
FCC,0.430714
FCC,0.475728
FCC,0.636781
FCC,0.454235
FCC,0.457345
FCC,0.307208
FCC,0.495991
FCC,0.408526
FCC,0.409357
FCC,0.435456
FCC,0.461058
FCC,0.436529
FCC,0.383572
FCC,0.650501
FCC,0.288547
FCC,0.514771
FCC,0.433691
FCC,0.435638
FCC,0.279155
FCC,0.3345
FCC,0.440001
FCC,0.361025
FCC,0.343516
FCC,0.314597
FCC,0.452062
FCC,0.405122
FCC,0.502799
FCC,0.375589
FCC,0.327492
FCC,0.312879
FCC,0.424167
FCC,0.393975
FCC,0.35143
FCC,0.323202
FCC,0.370685
FCC,0.388368
FCC,0.440087
FCC,0.447884
FCC,0.676502
FCC,0.392046
FCC,0.302934
FCC,0.545082
FCC,0.211346
FCC,0.591673
FCC,0.554924
FCC,0.466321
FCC,0.367477
FCC,0.492216
FCC,0.270737
FCC,0.522934
FCC,0.536383
FCC,0.319334
FCC,0.346346
FCC,0.657083
FCC,0.422874
FCC,0.560324
FCC,0.533863
FCC,0.467935
FCC,0.507861
FCC,0.43926
FCC,0.534014
FCC,0.57744
FCC,0.27912
FCC,0.346871
FCC,0.306349
FCC,0.462886
FCC,0.308201
FCC,0.626986
FCC,0.457601
FCC,0.492038
FCC,0.47584
FCC,0.432339
FCC,0.477174
FCC,0.444327
FCC,0.326229
FCC,0.437208
FCC,0.322102
FCC,0.523787
FCC,0.291399
FCC,0.417714
FCC,0.304552
FCC,0.410025
FCC,0.443156
FCC,0.304874
FCC,0.439469
FCC,0.377656
FCC,0.43957
FCC,0.277093
FCC,0.620936
FCC,0.479443
FCC,0.459956
FCC,0.499548
FCC,0.39119
FCC,0.502128
FCC,0.373919
FCC,0.489757
FCC,0.483006
FCC,0.394847
FCC,0.455302
FCC,0.366193
FCC,0.613363
FCC,0.466229
FCC,0.368375
FCC,0.39363
FCC,0.476386
FCC,0.598349
FCC,0.445362
FCC,0.486134
FCC,0.512227
FCC,0.354075
FCC,0.575329
FCC,0.561104
FCC,0.358262
FCC,0.437181
FCC,0.563099
FCC,0.211284
FCC,0.592688
FCC,0.203638
FCC,0.429102
FCC,0.491352
FCC,0.600936
FCC,0.567186
FCC,0.262661
FCC,0.360209
FCC,0.451821
FCC,0.479142
FCC,0.344264
FCC,0.435067
FCC,0.11318
FCC,0.343929
FCC,0.454138
FCC,0.562163
FCC,0.318179
FCC,0.409567
FCC,0.501447
FCC,0.547512
FCC,0.358791
FCC,0.385471
FCC,0.581422
FCC,0.394116
FCC,0.708401
FCC,0.408002
FCC,0.326156
FCC,0.50411
FCC,0.42121
FCC,0.314227
FCC,0.574272
FCC,0.258329
FCC,0.339628
FCC,0.682038
FCC,0.487979
FCC,0.3502
FCC,0.535412
FCC,0.267693
FCC,0.51994
FCC,0.435144
FCC,0.62466
FCC,0.296654
FCC,0.497721
FCC,0.549683
FCC,0.417419
FCC,0.515183
FCC,0.62213
FCC,0.391402
FCC,0.570182
FCC,0.241033
FCC,0.542316
FCC,0.362834
FCC,0.6264
FCC,0.717146
FCC,0.483254
FCC,0.616459
FCC,0.479688
FCC,0.627269
FCC,0.365483
FCC,0.4548
FCC,0.398299
FCC,0.529489
FCC,0.572277
FCC,0.542696
FCC,0.328983
FCC,0.549881
FCC,0.485257
FCC,0.364583
FCC,0.523634
FCC,0.278202
FCC,0.48621
FCC,0.517939
FCC,0.466383
FCC,0.399184
FCC,0.707837
FCC,0.233008
FCC,0.487142
FCC,0.565038
FCC,0.796721
FCC,0.501744
FCC,0.680345
FCC,0.482944
FCC,0.709887
FCC,0.562122
FCC,0.30752
FCC,0.504818
FCC,0.473334
FCC,0.636504
FCC,0.749465
FCC,0.828611
FCC,0.435006
FCC,0.711558
FCC,0.386779
FCC,0.540186
FCC,0.632433
FCC,0.452494
FCC,0.647049
FCC,0.410451
FCC,0.5317
FCC,0.624534
FCC,0.329396
FCC,0.578521
FCC,0.612758
FCC,0.686945
FCC,0.424127
FCC,0.583651
FCC,0.421366
FCC,0.726883
FCC,0.64414
FCC,0.355509
FCC,0.691782
FCC,0.547895
FCC,0.462481
FCC,0.668249
FCC,0.649507
FCC,0.41777
FCC,0.456851
FCC,0.447575
FCC,0.454961
FCC,0.66964
FCC,0.793005
FCC,0.419993
FCC,0.56679
FCC,0.497504
FCC,0.402374
FCC,0.545297
FCC,0.5804
FCC,0.462895
FCC,0.582072
FCC,0.594847
FCC,0.358768
FCC,0.478503
FCC,0.710309
FCC,0.450901
FCC,0.349908
FCC,0.711326
FCC,0.700642
FCC,0.375297
FCC,0.578185
FCC,0.326917
FCC,0.509198
FCC,0.59708
FCC,0.596921
FCC,0.391418
FCC,0.389617
FCC,0.634841
FCC,0.663581
FCC,0.398396
FCC,0.455893
FCC,0.434784
FCC,0.577637
FCC,0.704606
FCC,0.521021
FCC,0.686665
FCC,0.712393
FCC,0.380475
FCC,0.492271
FCC,0.487873
FCC,0.609148
FCC,0.554697
FCC,0.455739
FCC,0.628915
FCC,0.560808
FCC,0.590395
FCC,0.638632
FCC,0.525618
FCC,0.442382
FCC,0.530409
FCC,0.451295
FCC,0.500804
FCC,0.631181
FCC,0.403503
FCC,0.684338
FCC,0.355977
FCC,0.679041
FCC,0.467494
FCC,0.385544
FCC,0.542107
FCC,0.469658
FCC,0.548446
FCC,0.353913
FCC,0.506922
FCC,0.493351
FCC,0.304701
FCC,0.533064
FCC,0.27495
FCC,0.378727
FCC,0.405087
FCC,0.628135
FCC,0.390268
FCC,0.373523
FCC,0.532499
FCC,0.518453
FCC,0.359159
FCC,0.447942
FCC,0.288871
FCC,0.383578
FCC,0.394651
FCC,0.348375
FCC,0.52787
FCC,0.243154
FCC,0.276859
FCC,0.362338
FCC,0.359602
FCC,0.49626
FCC,0.484337
FCC,0.405443
FCC,0.325117
FCC,0.443467
FCC,0.255905
FCC,0.526092
FCC,0.379216
FCC,0.512024
FCC,0.315704
FCC,0.447652
FCC,0.448408
FCC,0.45965
FCC,0.32025
FCC,0.499693
FCC,0.514965
FCC,0.356294
FCC,0.425668
FCC,0.346431
FCC,0.425203
FCC,0.482356
FCC,0.330496
FCC,0.403534
FCC,0.367358
FCC,0.411315
FCC,0.341552
FCC,0.476587
FCC,0.50028
FCC,0.365126
FCC,0.492075
FCC,0.399054
FCC,0.380324
FCC,0.227932
FCC,0.44796
FCC,0.425935
FCC,0.45609
FCC,0.603266
FCC,0.427706
FCC,0.416856
FCC,0.467817
FCC,0.563803
FCC,0.448708
FCC,0.611851
FCC,0.457316
FCC,0.354986
FCC,0.413086
FCC,0.404305
FCC,0.356963
FCC,0.427114
FCC,0.277015
FCC,0.365283
FCC,0.542576
FCC,0.349861
FCC,0.360661
FCC,0.45066
FCC,0.275372
FCC,0.382093
FCC,0.316681
FCC,0.32659
FCC,0.363428
FCC,0.350423
FCC,0.408272
FCC,0.283529
FCC,0.29002
FCC,0.358438
FCC,0.400615
FCC,0.500013
FCC,0.348923
FCC,0.429056
FCC,0.323879
FCC,0.432766
FCC,0.301894
FCC,0.564074
FCC,0.411712
FCC,0.475873
FCC,0.412696
FCC,0.60471
FCC,0.241623
FCC,0.438501
FCC,0.448753
FCC,0.621711
FCC,0.583519
FCC,0.376211
FCC,0.537031
FCC,0.396263
FCC,0.600753
FCC,0.42212
FCC,0.403005
FCC,0.617892
FCC,0.357771
FCC,0.454031
FCC,0.323907
FCC,0.589836
FCC,0.281985
FCC,0.274202
FCC,0.348315
FCC,0.407849
FCC,0.192794
FCC,0.405646
FCC,0.360829
FCC,0.388515
FCC,0.297054
FCC,0.438758
FCC,0.503621
FCC,0.373988
FCC,0.392034
FCC,0.379631
FCC,0.520577
FCC,0.369386
FCC,0.362325
FCC,0.271607
FCC,0.373618
FCC,0.341572
FCC,0.337438
FCC,0.522645
FCC,0.544406
FCC,0.450534
FCC,0.454122
FCC,0.47177
FCC,0.441146
FCC,0.634469
FCC,0.35932
FCC,0.377346
FCC,0.416199
FCC,0.476045
FCC,0.254343
FCC,0.647955
FCC,0.737212
FCC,0.382244
FCC,0.443458
FCC,0.588244
FCC,0.456843
FCC,0.624593
FCC,0.59047
FCC,0.54882
FCC,0.435023
FCC,0.563123
FCC,0.417999
FCC,0.557524
FCC,0.434658
FCC,0.436738
FCC,0.384437
FCC,0.517537
FCC,0.326627
FCC,0.410944
FCC,0.346073
FCC,0.399825
FCC,0.2433
FCC,0.513438
FCC,0.400173
FCC,0.473904
FCC,0.632766
FCC,0.289116
FCC,0.540907
FCC,0.456278
FCC,0.408163
FCC,0.585515
FCC,0.41161
FCC,0.35458
FCC,0.413634
FCC,0.29245
FCC,0.582632
FCC,0.523251
FCC,0.47247
FCC,0.317203
FCC,0.594607
FCC,0.388379
FCC,0.537669
FCC,0.309414
FCC,0.208762
FCC,0.551075
FCC,0.344392
FCC,0.510548
FCC,0.2637
FCC,0.495515
FCC,0.460609
FCC,0.28739
FCC,0.319179
FCC,0.460815
FCC,0.527872
FCC,0.34012
FCC,0.217748
FCC,0.537936
FCC,0.511974
FCC,0.463566
FCC,0.434827
FCC,0.529458
FCC,0.416643
FCC,0.492515
FCC,0.467365
FCC,0.320634
FCC,0.553385
FCC,0.475533
FCC,0.316656
FCC,0.637898
FCC,0.20946
FCC,0.196589
FCC,0.397796
FCC,0.400634
FCC,0.521566
FCC,0.351564
FCC,0.260936
FCC,0.553038
FCC,0.574162
FCC,0.422022
FCC,0.622753
FCC,0.354999
FCC,0.307924
FCC,0.309609
FCC,0.653179
FCC,0.467423
FCC,0.368932
FCC,0.549852
FCC,0.492616
FCC,0.41783
FCC,0.496858
FCC,0.722439
FCC,0.502645
FCC,0.609639
FCC,0.372183
FCC,0.369302
FCC,0.690695
FCC,0.648345
FCC,0.312529
FCC,0.695622
FCC,0.413787
FCC,0.542101
FCC,0.464811
FCC,0.620014
FCC,0.554149
FCC,0.590046
FCC,0.313407
FCC,0.520782
FCC,0.575258
FCC,0.678574
FCC,0.40773
FCC,0.497485
FCC,0.438661
FCC,0.437519
FCC,0.604503
FCC,0.747961
FCC,0.301112
FCC,0.37089
FCC,0.420327
FCC,0.59977
FCC,0.528311
FCC,0.520033
FCC,0.587043
FCC,0.426559
FCC,0.531073
FCC,0.411746
FCC,0.608402
FCC,0.518069
FCC,0.465828
FCC,0.43058
FCC,0.453955
FCC,0.624406
FCC,0.729927
FCC,0.356378
FCC,0.574371
FCC,0.203865
FCC,0.560806
FCC,0.333134
FCC,0.143286
FCC,0.587583
FCC,0.621125
FCC,0.594239
FCC,0.461337
FCC,0.578282
FCC,0.529132
FCC,0.506695
FCC,0.465179
FCC,0.544076
FCC,0.430827
FCC,0.480239
FCC,0.438568
FCC,0.498737
FCC,0.576736
FCC,0.403622
FCC,0.811061
FCC,0.365006
FCC,0.384118
FCC,0.628486
FCC,0.701228
FCC,0.447054
FCC,0.635265
FCC,0.314039
FCC,0.566021
FCC,0.598589
FCC,0.397807
FCC,0.671788
FCC,0.283148
FCC,0.51854
FCC,0.733172
FCC,0.513862
FCC,0.837013
FCC,0.33267
FCC,0.722944
FCC,0.403344
FCC,0.670805
FCC,0.518268
FCC,0.739042
FCC,0.805561
FCC,0.583372
FCC,0.637908
FCC,0.304765
FCC,0.504844
FCC,0.655312
FCC,0.769095
FCC,0.390764
FCC,0.666017
FCC,0.50633
FCC,0.636626
FCC,0.526883
FCC,0.790469
FCC,0.418414
FCC,0.705462
FCC,0.410543
FCC,0.445561
FCC,0.71404
FCC,0.656803
FCC,0.557
FCC,0.614252
FCC,0.527935
FCC,0.530629
FCC,0.528714
FCC,0.728114
FCC,0.4449
FCC,0.432196
FCC,0.629677
FCC,0.556033
FCC,0.450279
FCC,0.526709
FCC,0.366602
FCC,0.45643
FCC,0.490062
FCC,0.769012
FCC,0.619911
FCC,0.341993
FCC,0.756851
FCC,0.489996
FCC,0.357454
FCC,0.59634
FCC,0.389259
FCC,0.415582
FCC,0.796827
FCC,0.400908
FCC,0.707194
FCC,0.683499
FCC,0.434675
FCC,0.552303
FCC,0.375796
FCC,0.45599
FCC,0.959085
FCC,0.515358
FCC,0.717171
FCC,0.68307
FCC,0.505783
FCC,0.724781
FCC,0.52335
FCC,0.389255
FCC,0.723376
FCC,0.526014
FCC,0.585529
FCC,0.504581
FCC,0.446301
FCC,0.713357
FCC,0.418969
FCC,0.832975
FCC,0.296792
FCC,0.274914
FCC,0.663934
FCC,0.351198
FCC,0.57542
FCC,0.437189
FCC,0.555822
FCC,0.533049
FCC,0.48114
FCC,0.72466
FCC,0.497811
FCC,0.321288
FCC,0.568671
FCC,0.28146
FCC,0.639327
FCC,0.390512
FCC,0.498226
FCC,0.37951
FCC,0.322776
FCC,0.550523
FCC,0.398528
FCC,0.494254
FCC,0.51116
FCC,0.316685
FCC,0.4874
FCC,0.318284
FCC,0.765995
FCC,0.432778
FCC,0.482777
FCC,0.490534
FCC,0.372895
FCC,0.405506
FCC,0.377692
FCC,0.476107
FCC,0.412342
FCC,0.463677
FCC,0.580244
FCC,0.447981
FCC,0.245126
FCC,0.488188
FCC,0.459108
FCC,0.53148
FCC,0.478791
FCC,0.479731
FCC,0.551002
FCC,0.518724
FCC,0.413151
FCC,0.460952
FCC,0.437666
FCC,0.491549
FCC,0.231501
FCC,0.552995
FCC,0.556833
FCC,0.441395
FCC,0.566521
FCC,0.337156
FCC,0.547419
FCC,0.406314
FCC,0.507974
FCC,0.551639
FCC,0.555972
FCC,0.43217
FCC,0.408386
FCC,0.443508
FCC,0.53402
FCC,0.607742
FCC,0.616626
FCC,0.439161
FCC,0.489712
FCC,0.461811
FCC,0.540008
FCC,0.574746
FCC,0.347574
FCC,0.496902
FCC,0.416042
FCC,0.392325
FCC,0.566779
FCC,0.599849
FCC,0.248022
FCC,0.420019
FCC,0.45713
FCC,0.539445
FCC,0.546316
FCC,0.648619
FCC,0.415489
FCC,0.526397
FCC,0.372853
FCC,0.531369
FCC,0.478809
FCC,0.419535
FCC,0.51957
FCC,0.493012
FCC,0.356606
FCC,0.405348
FCC,0.362712
FCC,0.519129
FCC,0.462832
FCC,0.624021
FCC,0.41277
FCC,0.501336
FCC,0.414515
FCC,0.565556
FCC,0.514102
FCC,0.445393
FCC,0.52152
FCC,0.476611
FCC,0.477422
FCC,0.514864
FCC,0.479512
FCC,0.446579
FCC,0.264746
FCC,0.316851
FCC,0.442403
FCC,0.340281
FCC,0.410808
FCC,0.240811
FCC,0.393371
FCC,0.41908
FCC,0.412915
FCC,0.440512
FCC,0.449054
FCC,0.575557
FCC,0.511689
FCC,0.360993
FCC,0.310962
FCC,0.531527
FCC,0.398471
FCC,0.492056
FCC,0.447891
FCC,0.402538
FCC,0.487917
FCC,0.361812
FCC,0.416382
FCC,0.251614
FCC,0.50507
FCC,0.406688
FCC,0.419642
FCC,0.264719
FCC,0.571055
FCC,0.424088
FCC,0.333646
FCC,0.352784
FCC,0.237576
FCC,0.406929
FCC,0.499338
FCC,0.37874
FCC,0.300584
FCC,0.435056
FCC,0.264458
FCC,0.561044
FCC,0.368271
FCC,0.541085
FCC,0.312014
FCC,0.573632
FCC,0.354082
FCC,0.372439
FCC,0.403813
FCC,0.531117
FCC,0.311732
FCC,0.443631
FCC,0.462848
FCC,0.389354
FCC,0.447771
FCC,0.472719
FCC,0.387116
FCC,0.526834
FCC,0.279096
FCC,0.537944
FCC,0.349169
FCC,0.533553
FCC,0.287752
FCC,0.621367
FCC,0.310538
FCC,0.456753
FCC,0.426574
FCC,0.483904
FCC,0.295481
FCC,0.434241
FCC,0.30513
FCC,0.487122
FCC,0.389213
FCC,0.374162
FCC,0.346778
FCC,0.350188
FCC,0.241808
FCC,0.505467
FCC,0.479547
FCC,0.279515
FCC,0.544395
FCC,0.309413
FCC,0.532172
FCC,0.315947
FCC,0.361417
FCC,0.261503
FCC,0.455948
FCC,0.40039
FCC,0.40576
FCC,0.472468
FCC,0.287803
FCC,0.525708
FCC,0.25116
FCC,0.442987
FCC,0.298515
FCC,0.409083
FCC,0.403445
FCC,0.319108
FCC,0.502366
FCC,0.541352
FCC,0.265407
FCC,0.18328
FCC,0.490395
FCC,0.44428
FCC,0.507171
FCC,0.467633
FCC,0.475416
FCC,0.363742
FCC,0.612898
FCC,0.583125
FCC,0.405717
FCC,0.92614
FCC,0.601156
FCC,0.417812
FCC,0.79167
FCC,0.301658
FCC,0.411635
FCC,0.624277
FCC,0.558714
FCC,0.728051
FCC,0.200094
FCC,0.263171
FCC,0.708527
FCC,0.700102
FCC,0.398885
FCC,0.622114
FCC,0.314574
FCC,0.463182
FCC,0.576728
FCC,0.566046
FCC,0.635989
FCC,0.550249
FCC,0.565097
FCC,0.669521
FCC,0.452778
FCC,0.582161
FCC,0.70961
FCC,0.393389
FCC,0.663688
FCC,0.224546
FCC,0.45507
FCC,0.523676
FCC,0.60726
FCC,0.402203
FCC,0.51339
FCC,0.204828
FCC,0.413304
FCC,0.577753
FCC,0.659598
FCC,0.392968
FCC,0.615937
FCC,0.449023
FCC,0.494326
FCC,0.502364
FCC,0.531781
FCC,0.487695
FCC,0.709962
FCC,0.496469
FCC,0.362263
FCC,0.57898
FCC,0.764718
FCC,0.318544
FCC,0.47405
FCC,0.396905
FCC,0.615231
FCC,0.474287
FCC,0.558016
FCC,0.639204
FCC,0.322041
FCC,0.654267
FCC,0.411143
FCC,0.442724
FCC,0.383114
FCC,0.489882
FCC,0.413641
FCC,0.433689
FCC,0.582843
FCC,0.662721
FCC,0.214813
FCC,0.466499
FCC,0.288567
FCC,0.449547
FCC,0.333335
FCC,0.408338
FCC,0.547088
FCC,0.68193
FCC,0.776139
FCC,0.472429
FCC,0.786531
FCC,0.407624
FCC,0.397982
FCC,0.728712
FCC,0.723519
FCC,0.457447
FCC,0.706226
FCC,0.541046
FCC,0.611273
FCC,0.647262
FCC,0.391045
FCC,0.695376
FCC,0.384214
FCC,0.394569
FCC,0.698435
FCC,0.713216
FCC,0.314213
FCC,0.539898
FCC,0.454458
FCC,0.673711
FCC,0.597402
FCC,0.384154
FCC,0.60093
FCC,0.304929
FCC,0.611906
FCC,0.718207
FCC,0.49705
FCC,0.666847
FCC,0.611978
FCC,0.541783
FCC,0.688375
FCC,0.353772
FCC,0.667035
FCC,0.479614
FCC,0.695042
FCC,0.766391
FCC,0.535591
FCC,0.803557
FCC,0.462984
FCC,0.439055
FCC,0.678531
FCC,0.575085
FCC,0.331414
FCC,0.58184
FCC,0.449281
FCC,0.612784
FCC,0.593563
FCC,0.667252
FCC,0.495849
FCC,0.624838
FCC,0.498917
FCC,0.443852
FCC,0.617764
FCC,0.460647
FCC,0.455088
FCC,0.642975
FCC,0.56746
FCC,0.326331
FCC,0.443435
FCC,0.664282
FCC,0.420813
FCC,0.350334
FCC,0.708547
FCC,0.53029
FCC,0.176718
FCC,0.713691
FCC,0.351168
FCC,0.395254
FCC,0.387904
FCC,0.716895
FCC,0.388603
FCC,0.393631
FCC,0.598483
FCC,0.627197
FCC,0.235203
FCC,0.555661
FCC,0.186164
FCC,0.55821
FCC,0.627829
FCC,0.487088
FCC,0.713972
FCC,0.729207
FCC,0.505002
FCC,0.736924
FCC,0.232445
FCC,0.496431
FCC,0.726912
FCC,0.457748
FCC,0.612836
FCC,0.610683
FCC,0.495642
FCC,0.786549
FCC,0.424107
FCC,0.473218
FCC,0.670439
FCC,0.454628
FCC,0.463804
FCC,0.461156
FCC,0.532375
FCC,0.62564
FCC,0.507456
FCC,0.493885
FCC,0.500788
FCC,0.491105
FCC,0.577659
FCC,0.406198
FCC,0.462786
FCC,0.572068
FCC,0.35905
FCC,0.576036
FCC,0.431773
FCC,0.368764
FCC,0.446178
FCC,0.413567
FCC,0.64895
FCC,0.468057
FCC,0.549355
FCC,0.348911
FCC,0.606656
FCC,0.502062
FCC,0.626719
FCC,0.597557
FCC,0.358202
FCC,0.501518
FCC,0.346027
FCC,0.763934
FCC,0.388479
FCC,0.316981
FCC,0.526736
FCC,0.376496
FCC,0.485789
FCC,0.402585
FCC,0.444313
FCC,0.435659
FCC,0.49407
FCC,0.564058
FCC,0.511411
FCC,0.56582
FCC,0.264342
FCC,0.457634
FCC,0.508658
FCC,0.500012
FCC,0.524376
FCC,0.363348
FCC,0.373287
FCC,0.541858
FCC,0.398696
FCC,0.622108
FCC,0.553281
FCC,0.427862
FCC,0.418625
FCC,0.467084
FCC,0.484852
FCC,0.631277
FCC,0.404368
FCC,0.613671
FCC,0.507559
FCC,0.428851
FCC,0.462028
FCC,0.43977
FCC,0.535593
FCC,0.496631
FCC,0.471982
FCC,0.475109
FCC,0.463803
FCC,0.35321
FCC,0.496436
FCC,0.49188
FCC,0.389311
FCC,0.427324
FCC,0.462314
FCC,0.354088
FCC,0.492586
FCC,0.560052
FCC,0.511166
FCC,0.534549
FCC,0.32768
FCC,0.434355
FCC,0.373702
FCC,0.325351
FCC,0.384783
FCC,0.537124
FCC,0.387012
FCC,0.453331
FCC,0.54938
FCC,0.362265
FCC,0.390182
FCC,0.62636
FCC,0.560356
FCC,0.503632
FCC,0.361672
FCC,0.375985
FCC,0.422171
FCC,0.54578
FCC,0.447713
FCC,0.368433
FCC,0.447424
FCC,0.436956
FCC,0.425396
FCC,0.560364
FCC,0.414333
FCC,0.49245
FCC,0.355217
FCC,0.557963
FCC,0.38422
FCC,0.356486
FCC,0.215916
FCC,0.465872
FCC,0.392321
FCC,0.515849
FCC,0.292091
FCC,0.633989
FCC,0.701646
FCC,0.277609
FCC,0.611291
FCC,0.404947
FCC,0.467491
FCC,0.556255
FCC,0.49739
FCC,0.653259
FCC,0.637313
FCC,0.598991
FCC,0.525314
FCC,0.513324
FCC,0.46167
FCC,0.589717
FCC,0.63813
FCC,0.570906
FCC,0.276771
FCC,0.530933
FCC,0.416348
FCC,0.373408
FCC,0.143187
FCC,0.531884
FCC,0.460891
FCC,0.396526
FCC,0.314635
FCC,0.380264
FCC,0.455584
FCC,0.201762
FCC,0.383032
FCC,0.382936
FCC,0.430369
FCC,0.433267
FCC,0.489604
FCC,0.413465
FCC,0.343004
FCC,0.436677
FCC,0.541068
FCC,0.509628
FCC,0.465525
FCC,0.346374
FCC,0.417477
FCC,0.423436
FCC,0.282192
FCC,0.622767
FCC,0.420974
FCC,0.478485
FCC,0.356152
FCC,0.568908
FCC,0.355172
FCC,0.420792
FCC,0.393526
FCC,0.374924
FCC,0.17124
FCC,0.547011
FCC,0.17154
FCC,0.563489
FCC,0.364966
FCC,0.275881
FCC,0.318309
FCC,0.505616
FCC,0.275191
FCC,0.404754
FCC,0.425509
FCC,0.537807
FCC,0.380677
FCC,0.535469
FCC,0.287175
FCC,0.620972
FCC,0.380846
FCC,0.353498
FCC,0.403702
FCC,0.4467
FCC,0.244207
FCC,0.536271
FCC,0.385709
FCC,0.352859
FCC,0.448997
FCC,0.326678
FCC,0.512167
FCC,0.33398
FCC,0.442552
FCC,0.484728
FCC,0.466179
FCC,0.527129
FCC,0.473997
FCC,0.49043
FCC,0.401887
FCC,0.394273
FCC,0.383776
FCC,0.396971
FCC,0.201042
FCC,0.369658
FCC,0.504628
FCC,0.357142
FCC,0.478682
FCC,0.475484
FCC,0.382338
FCC,0.542031
FCC,0.299708
FCC,0.388062
FCC,0.373785
FCC,0.495938
FCC,0.38984
FCC,0.403158
FCC,0.27906
FCC,0.33207
FCC,0.342689
FCC,0.38575
FCC,0.633403
FCC,0.573238
FCC,0.642587
FCC,0.69074
FCC,0.475475
FCC,0.423053
FCC,0.306476
FCC,0.430781
FCC,0.496553
FCC,0.197273
FCC,0.582995
FCC,0.287792
FCC,0.351164
FCC,0.485103
FCC,0.593589
FCC,0.714257
FCC,0.409015
FCC,0.236286
FCC,0.552293
FCC,0.546444
FCC,0.236962
FCC,0.334912
FCC,0.258604
FCC,0.368577
FCC,0.516462
FCC,0.61732
FCC,0.526625
FCC,0.368454
FCC,0.536311
FCC,0.527026
FCC,0.366878
FCC,0.67301
FCC,0.672667
FCC,0.201059
FCC,0.59707
FCC,0.387247
FCC,0.543162
FCC,0.573176
FCC,0.655135
FCC,0.313871
FCC,0.665363
FCC,0.476896
FCC,0.442703
FCC,0.645855
FCC,0.650687
FCC,0.352089
FCC,0.674339
FCC,0.317856
FCC,0.384593
FCC,0.513784
FCC,0.661652
FCC,0.381884
FCC,0.573767
FCC,0.534334
FCC,0.289571
FCC,0.528004
FCC,0.659833
FCC,0.308313
FCC,0.648048
FCC,0.388487
FCC,0.703988
FCC,0.42358
FCC,0.625105
FCC,0.654606
FCC,0.277372
FCC,0.694017
FCC,0.515118
FCC,0.481798
FCC,0.385514
FCC,0.419331
FCC,0.413824
FCC,0.587607
FCC,0.734998
FCC,0.722385
FCC,0.436473
FCC,0.610375
FCC,0.403993
FCC,0.588623
FCC,0.535679
FCC,0.561936
FCC,0.54266
FCC,0.661153
FCC,0.680683
FCC,0.377341
FCC,0.790604
FCC,0.452194
FCC,0.527542
FCC,0.567385
FCC,0.597711
FCC,0.381952
FCC,0.830673
FCC,0.675896
FCC,0.833394
FCC,0.544541
FCC,0.496265
FCC,0.447544
FCC,0.372997
FCC,0.283618
FCC,0.564395
FCC,0.61552
FCC,0.3214
FCC,0.668432
FCC,0.53698
FCC,0.665754
FCC,0.681652
FCC,0.363883
FCC,0.670536
FCC,0.239096
FCC,0.546267
FCC,0.814471
FCC,0.563167
FCC,0.7126
FCC,0.673663
FCC,0.46623
FCC,0.86858
FCC,0.5415
FCC,0.835174
FCC,0.533977
FCC,0.576774
FCC,0.748091
FCC,0.558363
FCC,0.674396
FCC,0.295512
FCC,0.522809
FCC,0.555894
FCC,0.71858
FCC,0.460514
FCC,0.705083
FCC,0.469678
FCC,0.546137
FCC,0.688861
FCC,0.734517
FCC,0.456671
FCC,0.89745
FCC,0.680737
FCC,0.42658
FCC,0.670084
FCC,0.654286
FCC,0.426879
FCC,0.5895
FCC,0.404351
FCC,0.439667
FCC,0.368603
FCC,0.750604
FCC,0.661268
FCC,0.443486
FCC,0.702467
FCC,0.674907
FCC,0.542966
FCC,0.689676
FCC,0.421387
FCC,0.515649
FCC,0.379678
FCC,0.600407
FCC,0.412983
FCC,0.381535
FCC,0.742803
FCC,0.74141
FCC,0.466973
FCC,0.611111
FCC,0.498539
FCC,0.473672
FCC,0.922107
FCC,0.352477
FCC,0.720491
FCC,0.609499
FCC,0.333548
FCC,0.561777
FCC,0.422621
FCC,0.409611
FCC,0.84787
FCC,0.487171
FCC,0.655808
FCC,0.673737
FCC,0.362303
FCC,0.427598
FCC,0.258962
FCC,0.492171
FCC,0.700664
FCC,0.368271
FCC,0.594774
FCC,0.423294
FCC,0.388562
FCC,0.606395
FCC,0.384958
FCC,0.645986
FCC,0.272132
FCC,0.337147
FCC,0.627898
FCC,0.265004
FCC,0.520072
FCC,0.448423
FCC,0.426411
FCC,0.730948
FCC,0.518913
FCC,0.670453
FCC,0.459361
FCC,0.449124
FCC,0.65917
FCC,0.500763
FCC,0.441649
FCC,0.582547
FCC,0.326313
FCC,0.341597
FCC,0.316983
FCC,0.291568
FCC,0.566864
FCC,0.443528
FCC,0.42902
FCC,0.466508
FCC,0.353019
FCC,0.45198
FCC,0.400496
FCC,0.535317
FCC,0.356909
FCC,0.300638
FCC,0.532552
FCC,0.518796
FCC,0.514346
FCC,0.558237
FCC,0.380483
FCC,0.459591
FCC,0.488301
FCC,0.375836
FCC,0.488904
FCC,0.45427
FCC,0.442509
FCC,0.469807
FCC,0.508477
FCC,0.344542
FCC,0.610076
FCC,0.401629
FCC,0.466142
FCC,0.310075
FCC,0.424066
FCC,0.47809
FCC,0.42439
FCC,0.311034
FCC,0.452182
FCC,0.35607
FCC,0.48276
FCC,0.334995
FCC,0.319756
FCC,0.49557
FCC,0.511483
FCC,0.430098
FCC,0.645993
FCC,0.511306
FCC,0.299891
FCC,0.446986
FCC,0.453766
FCC,0.492666
FCC,0.292768
FCC,0.56914
FCC,0.506453
FCC,0.482048
FCC,0.317927
FCC,0.3803
FCC,0.479144
FCC,0.435213
FCC,0.757882
FCC,0.489426
FCC,0.516742
FCC,0.576575
FCC,0.521118
FCC,0.372318
FCC,0.402198
FCC,0.565067
FCC,0.439362
FCC,0.268098
FCC,0.577862
FCC,0.43557
FCC,0.452119
FCC,0.446548
FCC,0.437329
FCC,0.268715
FCC,0.62748
FCC,0.466436
FCC,0.483627
FCC,0.413338
FCC,0.363641
FCC,0.561974
FCC,0.523083
FCC,0.428629
FCC,0.296829
FCC,0.462137
FCC,0.45521
FCC,0.7541
FCC,0.484861
FCC,0.609163
FCC,0.471078
FCC,0.44045
FCC,0.582624
FCC,0.401983
FCC,0.724832
FCC,0.327633
FCC,0.399491
FCC,0.54283
FCC,0.415124
FCC,0.477066
FCC,0.479692
FCC,0.413894
FCC,0.258119
FCC,0.513476
FCC,0.517471
FCC,0.304629
FCC,0.344854
FCC,0.345034
FCC,0.553171
FCC,0.288711
FCC,0.526546
FCC,0.234506
FCC,0.40173
FCC,0.462882
FCC,0.549328
FCC,0.392018
FCC,0.257131
FCC,0.360519
FCC,0.458638
FCC,0.424851
FCC,0.458689
FCC,0.380549
FCC,0.480244
FCC,0.476396
FCC,0.505648
FCC,0.311074
FCC,0.415924
FCC,0.398718
FCC,0.330237
FCC,0.337152
FCC,0.411802
FCC,0.326594
FCC,0.384962
FCC,0.356211
FCC,0.533601
FCC,0.187355
FCC,0.48174
FCC,0.270643
FCC,0.317655
FCC,0.350004
FCC,0.343205
FCC,0.389017
FCC,0.436578
FCC,0.409432
FCC,0.308546
FCC,0.365631
FCC,0.333549
FCC,0.39722
FCC,0.512073
FCC,0.34335
FCC,0.488361
FCC,0.264315
FCC,0.542523
FCC,0.252024
FCC,0.612776
FCC,0.474438
FCC,0.369369
FCC,0.340035
FCC,0.344878
FCC,0.341614
FCC,0.25827
FCC,0.405711
FCC,0.455776
FCC,0.195466
FCC,0.351479
FCC,0.483727
FCC,0.341974
FCC,0.282572
FCC,0.314515
FCC,0.317049
FCC,0.309251
FCC,0.451691
FCC,0.446914
FCC,0.274619
FCC,0.44373
FCC,0.277558
FCC,0.293573
FCC,0.444091
FCC,0.613239
FCC,0.420655
FCC,0.432085
FCC,0.533538
FCC,0.609618
FCC,0.536996
FCC,0.504658
FCC,0.316762
FCC,0.39586
FCC,0.329004
FCC,0.446565
FCC,0.310074
FCC,0.305029
FCC,0.493329
FCC,0.262334
FCC,0.205012
FCC,0.376806
FCC,0.349941
FCC,0.568202
FCC,0.325764
FCC,0.246491
FCC,0.35115
FCC,0.425064
FCC,0.507342
FCC,0.644754
FCC,0.514759
FCC,0.3714
FCC,0.497645
FCC,0.500426
FCC,0.374453
FCC,0.551342
FCC,0.605637
FCC,0.353338
FCC,0.571411
FCC,0.237747
FCC,0.487521
FCC,0.482196
FCC,0.654139
FCC,0.613661
FCC,0.368712
FCC,0.362117
FCC,0.574354
FCC,0.697325
FCC,0.283227
FCC,0.592801
FCC,0.261099
FCC,0.378505
FCC,0.516173
FCC,0.575774
FCC,0.604147
FCC,0.21681
FCC,0.610098
FCC,0.672196
FCC,0.418472
FCC,0.713755
FCC,0.645818
FCC,0.365937
FCC,0.706177
FCC,0.343456
FCC,0.399749
FCC,0.454662
FCC,0.629633
FCC,0.44776
FCC,0.752941
FCC,0.493666
FCC,0.433978
FCC,0.558877
FCC,0.678986
FCC,0.249576
FCC,0.571782
FCC,0.280294
FCC,0.291584
FCC,0.536526
FCC,0.63384
FCC,0.310526
FCC,0.65694
FCC,0.43868
FCC,0.392383
FCC,0.671728
FCC,0.665374
FCC,0.430157
FCC,0.518277
FCC,0.374103
FCC,0.431892
FCC,0.366881
FCC,0.518211
FCC,0.674358
FCC,0.428026
FCC,0.692086
FCC,0.366249
FCC,0.544175
FCC,0.550958
FCC,0.391369
FCC,0.250121
FCC,0.615227
FCC,0.445544
FCC,0.614393
FCC,0.441297
FCC,0.622945
FCC,0.470125
FCC,0.396582
FCC,0.475124
FCC,0.435125
FCC,0.574572
FCC,0.676092
FCC,0.759656
FCC,0.417026
FCC,0.626696
FCC,0.467286
FCC,0.485713
FCC,0.454958
FCC,0.765752
FCC,0.357606
FCC,0.646812
FCC,0.669062
FCC,0.625405
FCC,0.75276
FCC,0.467876
FCC,0.850005
FCC,0.212065
FCC,0.412783
FCC,0.67738
FCC,0.65445
FCC,0.468214
FCC,0.641274
FCC,0.451257
FCC,0.700033
FCC,0.535651
FCC,0.357785
FCC,0.522255
FCC,0.15291
FCC,0.610425
FCC,0.810877
FCC,0.522489
FCC,0.744066
FCC,0.634841
FCC,0.758393
FCC,0.532817
FCC,0.908659
FCC,0.447336
FCC,0.655081
FCC,0.733908
FCC,0.520636
FCC,0.875795
FCC,0.478276
FCC,0.383842
FCC,0.570564
FCC,0.657767
FCC,0.552512
FCC,0.818111
FCC,0.582221
FCC,0.515179
FCC,0.710626
FCC,0.580101
FCC,0.423542
FCC,0.567717
FCC,0.543956
FCC,0.247826
FCC,0.61668
FCC,0.631271
FCC,0.176304
FCC,0.557435
FCC,0.410079
FCC,0.445164
FCC,0.49588
FCC,0.733844
FCC,0.527393
FCC,0.436264
FCC,0.595654
FCC,0.68299
FCC,0.375075
FCC,0.487891
FCC,0.433059
FCC,0.497498
FCC,0.304132
FCC,0.755252
FCC,0.34591
FCC,0.356016
FCC,0.615124
FCC,0.752232
FCC,0.482006
FCC,0.586918
FCC,0.585506
FCC,0.392433
FCC,0.612138
FCC,0.344555
FCC,0.705541
FCC,0.620076
FCC,0.470396
FCC,0.645948
FCC,0.549528
FCC,0.36757
FCC,0.598463
FCC,0.413393
FCC,0.655837
FCC,0.636818
FCC,0.240161
FCC,0.620337
FCC,0.403966
FCC,0.478958
FCC,0.692683
FCC,0.42849
FCC,0.621942
FCC,0.476801
FCC,0.468325
FCC,0.707783
FCC,0.368573
FCC,0.560038
FCC,0.422056
FCC,0.493684
FCC,0.512749
FCC,0.390215
FCC,0.490042
FCC,0.333155
FCC,0.398508
FCC,0.516409
FCC,0.39326
FCC,0.513804
FCC,0.49754
FCC,0.334452
FCC,0.200412
FCC,0.710672
FCC,0.362722
FCC,0.342016
FCC,0.335459
FCC,0.397486
FCC,0.587115
FCC,0.403272
FCC,0.410657
FCC,0.392879
FCC,0.307102
FCC,0.520576
FCC,0.320189
FCC,0.318709
FCC,0.617531
FCC,0.305889
FCC,0.46137
FCC,0.505111
FCC,0.351252
FCC,0.262953
FCC,0.338764
FCC,0.291638
FCC,0.516106
FCC,0.501269
FCC,0.461538
FCC,0.307721
FCC,0.276539
FCC,0.433543
FCC,0.399627
FCC,0.328126
FCC,0.464567
FCC,0.377903
FCC,0.470558
FCC,0.422537
FCC,0.267699
FCC,0.485005
FCC,0.357197
FCC,0.50778
FCC,0.537831
FCC,0.41593
FCC,0.29804
FCC,0.370543
FCC,0.496165
FCC,0.346079
FCC,0.50217
FCC,0.478823
FCC,0.328079
FCC,0.43745
FCC,0.285734
FCC,0.546634
FCC,0.626224
FCC,0.38067
FCC,0.629795
FCC,0.410399
FCC,0.313563
FCC,0.437171
FCC,0.369287
FCC,0.287029
FCC,0.400135
FCC,0.409912
FCC,0.296141
FCC,0.323293
FCC,0.370228
FCC,0.261851
FCC,0.405515
FCC,0.429289
FCC,0.315579
FCC,0.54652
FCC,0.343987
FCC,0.39777
FCC,0.457538
FCC,0.442769
FCC,0.470958
FCC,0.440985
FCC,0.4837
FCC,0.311037
FCC,0.502051
FCC,0.357292
FCC,0.387043
FCC,0.377033
FCC,0.534252
FCC,0.351292
FCC,0.555498
FCC,0.341573
FCC,0.334815
FCC,0.386998
FCC,0.503404
FCC,0.344657
FCC,0.403733
FCC,0.3264
FCC,0.441446
FCC,0.356897
FCC,0.344906
FCC,0.374703
FCC,0.210432
FCC,0.20415
FCC,0.422554
FCC,0.405943
FCC,0.3433
FCC,0.417314
FCC,0.317699
FCC,0.457291
FCC,0.363954
FCC,0.265458
FCC,0.282866
FCC,0.257144
FCC,0.442522
FCC,0.321392
FCC,0.429178
FCC,0.531627
FCC,0.341464
FCC,0.390369
FCC,0.3167
FCC,0.448877
FCC,0.440055
FCC,0.372231
FCC,0.701216
FCC,0.479669
FCC,0.427593
FCC,0.460759
FCC,0.519487
FCC,0.291549
FCC,0.447333
FCC,0.391957
FCC,0.484001
FCC,0.416357
FCC,0.262815
FCC,0.392486
FCC,0.408752
FCC,0.410242
FCC,0.449201
FCC,0.491076
FCC,0.296888
FCC,0.465138
FCC,0.487574
FCC,0.384567
FCC,0.5314
FCC,0.433023
FCC,0.549697
FCC,0.2357
FCC,0.437502
FCC,0.373368
FCC,0.415694
FCC,0.375406
FCC,0.161122
FCC,0.329272
FCC,0.463904
FCC,0.442294
FCC,0.608423
FCC,0.264621
FCC,0.313917
FCC,0.347624
FCC,0.388885
FCC,0.472225
FCC,0.465775
FCC,0.467164
FCC,0.550791
FCC,0.448576
FCC,0.338423
FCC,0.487046
FCC,0.43994
FCC,0.492499
FCC,0.43392
FCC,0.371617
FCC,0.440629
FCC,0.408424
FCC,0.527487
FCC,0.525517
FCC,0.355092
FCC,0.399655
FCC,0.559599
FCC,0.292717
FCC,0.5506
FCC,0.432344
FCC,0.394068
FCC,0.484158
FCC,0.245578
FCC,0.455244
FCC,0.49871
FCC,0.335876
FCC,0.241157
FCC,0.441628
FCC,0.412988
FCC,0.400165
FCC,0.434627
FCC,0.316298
FCC,0.298524
FCC,0.260136
FCC,0.52264
FCC,0.279575
FCC,0.257915
FCC,0.196693
FCC,0.294909
FCC,0.339014
FCC,0.507242
FCC,0.565859
FCC,0.445616
FCC,0.230513
FCC,0.396889
FCC,0.502203
FCC,0.479537
FCC,0.566851
FCC,0.608053
FCC,0.487667
FCC,0.4132
FCC,0.562688
FCC,0.223713
FCC,0.452303
FCC,0.707092
FCC,0.295753
FCC,0.499358
FCC,0.230628
FCC,0.481777
FCC,0.259943
FCC,0.487182
FCC,0.885425
FCC,0.369029
FCC,0.404587
FCC,0.521438
FCC,0.602151
FCC,0.450429
FCC,0.691911
FCC,0.324494
FCC,0.32275
FCC,0.484018
FCC,0.565347
FCC,0.774762
FCC,0.39187
FCC,0.585794
FCC,0.497041
FCC,0.481195
FCC,0.489699
FCC,0.527979
FCC,0.30647
FCC,0.558066
FCC,0.298244
FCC,0.407047
FCC,0.591783
FCC,0.524279
FCC,0.440866
FCC,0.657784
FCC,0.245638
FCC,0.383024
FCC,0.598078
FCC,0.603908
FCC,0.273649
FCC,0.616909
FCC,0.240665
FCC,0.483841
FCC,0.511736
FCC,0.508592
FCC,0.349175
FCC,0.573986
FCC,0.295894
FCC,0.577875
FCC,0.544423
FCC,0.614752
FCC,0.499985
FCC,0.722438
FCC,0.40531
FCC,0.501369
FCC,0.467877
FCC,0.546356
FCC,0.635473
FCC,0.359572
FCC,0.598169
FCC,0.351387
FCC,0.536168
FCC,0.450086
FCC,0.526746
FCC,0.434066
FCC,0.406023
FCC,0.685266
FCC,0.635852
FCC,0.400922
FCC,0.714051
FCC,0.466859
FCC,0.456786
FCC,0.43315
FCC,0.431218
FCC,0.50287
FCC,0.561935
FCC,0.694815
FCC,0.405153
FCC,0.642045
FCC,0.640895
FCC,0.482875
FCC,0.491387
FCC,0.613372
FCC,0.452503
FCC,0.651497
FCC,0.35933
FCC,0.447647
FCC,0.81917
FCC,0.351594
FCC,0.629929
FCC,0.527671
FCC,0.501887
FCC,0.609701
FCC,0.637154
FCC,0.395318
FCC,0.705636
FCC,0.368925
FCC,0.596653
FCC,0.656366
FCC,0.318186
FCC,0.604048
FCC,0.393287
FCC,0.616002
FCC,0.783506
FCC,0.569041
FCC,0.585027
FCC,0.549121
FCC,0.785549
FCC,0.498757
FCC,0.626858
FCC,0.471896
FCC,0.447479
FCC,0.630745
FCC,0.538482
FCC,0.673162
FCC,0.315937
FCC,0.382559
FCC,0.626918
FCC,0.541304
FCC,0.303144
FCC,0.738868
FCC,0.486159
FCC,0.397372
FCC,0.615593
FCC,0.733423
FCC,0.533836
FCC,0.758636
FCC,0.517708
FCC,0.525142
FCC,0.611156
FCC,0.62879
FCC,0.390299
FCC,0.5072
FCC,0.369979
FCC,0.384437
FCC,0.477602
FCC,0.834739
FCC,0.556069
FCC,0.294705
FCC,0.641087
FCC,0.674247
FCC,0.600533
FCC,0.697609
FCC,0.34205
FCC,0.497142
FCC,0.575658
FCC,0.56653
FCC,0.570148
FCC,0.424312
FCC,0.695289
FCC,0.675252
FCC,0.382652
FCC,0.519738
FCC,0.445447
FCC,0.482948
FCC,0.657797
FCC,0.39075
FCC,0.736703
FCC,0.620715
FCC,0.334019
FCC,0.563515
FCC,0.555202
FCC,0.651429
FCC,0.62254
FCC,0.518618
FCC,0.618249
FCC,0.711946
FCC,0.384784
FCC,0.539477
FCC,0.566305
FCC,0.440635
FCC,0.64098
FCC,0.539539
FCC,0.478734
FCC,0.33941
FCC,0.38268
FCC,0.486376
FCC,0.460938
FCC,0.762831
FCC,0.440812
FCC,0.515741
FCC,0.602074
FCC,0.498436
FCC,0.588323
FCC,0.403528
FCC,0.441571
FCC,0.545832
FCC,0.38547
FCC,0.679473
FCC,0.463808
FCC,0.450791
FCC,0.456839
FCC,0.583256
FCC,0.390155
FCC,0.671445
FCC,0.42861
FCC,0.28491
FCC,0.224573
FCC,0.555961
FCC,0.500637
FCC,0.374143
FCC,0.480265
FCC,0.409215
FCC,0.596183
FCC,0.364148
FCC,0.44407
FCC,0.411012
FCC,0.357432
FCC,0.561452
FCC,0.527028
FCC,0.226512
FCC,0.534299
FCC,0.205199
FCC,0.375312
FCC,0.634009
FCC,0.487336
FCC,0.432505
FCC,0.573312
FCC,0.326747
FCC,0.399683
FCC,0.503778
FCC,0.460888
FCC,0.4342
FCC,0.531548
FCC,0.537538
FCC,0.400234
FCC,0.580131
FCC,0.462894
FCC,0.511767
FCC,0.446449
FCC,0.545325
FCC,0.608392
FCC,0.396044
FCC,0.552299
FCC,0.513814
FCC,0.336781
FCC,0.443056
FCC,0.322746
FCC,0.450726
FCC,0.437583
FCC,0.275315
FCC,0.348297
FCC,0.507215
FCC,0.310788
FCC,0.490498
FCC,0.443638
FCC,0.54456
FCC,0.529841
FCC,0.400088
FCC,0.499487
FCC,0.358918
FCC,0.442397
FCC,0.481888
FCC,0.550029
FCC,0.333084
FCC,0.410131
FCC,0.572097
FCC,0.445864
FCC,0.322576
FCC,0.519122
FCC,0.497275
FCC,0.420786
FCC,0.539258
FCC,0.390044
FCC,0.445968
FCC,0.422832
FCC,0.400906
FCC,0.514421
FCC,0.475612
FCC,0.299146
FCC,0.489214
FCC,0.412161
FCC,0.284824
FCC,0.270302
FCC,0.42351
FCC,0.35298
FCC,0.601685
FCC,0.522913
FCC,0.473839
FCC,0.230659
FCC,0.492485
FCC,0.413231
FCC,0.339431
FCC,0.407088
FCC,0.467311
FCC,0.188419
FCC,0.382194
FCC,0.445313
FCC,0.370515
FCC,0.399849
FCC,0.395159
FCC,0.310942
FCC,0.326447
FCC,0.458459
FCC,0.331779
FCC,0.466313
FCC,0.463028
FCC,0.361013
FCC,0.388864
FCC,0.410441
FCC,0.532033
FCC,0.415965
FCC,0.330739
FCC,0.377158
FCC,0.397875
FCC,0.393256
FCC,0.370614
FCC,0.379551
FCC,0.396316
FCC,0.37533
FCC,0.396948
FCC,0.460941
FCC,0.414907
FCC,0.510327
FCC,0.392052
FCC,0.429032
FCC,0.395178
FCC,0.50495
FCC,0.257991
FCC,0.461179
FCC,0.370234
FCC,0.362555
FCC,0.389229
FCC,0.361011
FCC,0.356541
FCC,0.334849
FCC,0.46755
FCC,0.344644
FCC,0.464373
FCC,0.226973
FCC,0.393363
FCC,0.408494
FCC,0.433069
FCC,0.343431
FCC,0.504959
FCC,0.335107
FCC,0.494939
FCC,0.417869
FCC,0.355953
FCC,0.44169
FCC,0.439328
FCC,0.508747
FCC,0.510232
FCC,0.333465
FCC,0.48311
FCC,0.255584
FCC,0.375657
FCC,0.586872
FCC,0.249433
FCC,0.433214
FCC,0.436447
FCC,0.502516
FCC,0.53631
FCC,0.34417
FCC,0.464432
FCC,0.315541
FCC,0.363201
FCC,0.309255
FCC,0.31808
FCC,0.317739
FCC,0.271956
FCC,0.369505
FCC,0.438845
FCC,0.299716
FCC,0.289573
FCC,0.372607
FCC,0.390324
FCC,0.474497
FCC,0.551848
FCC,0.440253
FCC,0.408651
FCC,0.276919
FCC,0.306662
FCC,0.531707
FCC,0.311287
FCC,0.481532
FCC,0.419095
FCC,0.362296
FCC,0.435974
FCC,0.209354
FCC,0.555609
FCC,0.378324
FCC,0.454574
FCC,0.395636
FCC,0.257178
FCC,0.198227
FCC,0.425719
FCC,0.388262
FCC,0.424823
FCC,0.314271
FCC,0.519816
FCC,0.294858
FCC,0.341025
FCC,0.394639
FCC,0.50866
FCC,0.370509
FCC,0.351589
FCC,0.483195
FCC,0.485587
FCC,0.271194
FCC,0.605381
FCC,0.699078
FCC,0.291721
FCC,0.487833
FCC,0.459499
FCC,0.421994
FCC,0.470835
FCC,0.44976
FCC,0.610867
FCC,0.39144
FCC,0.281232
FCC,0.536524
FCC,0.497339
FCC,0.198426
FCC,0.686201
FCC,0.099872
FCC,0.43143
FCC,0.481814
FCC,0.577907
FCC,0.520597
FCC,0.323049
FCC,0.586758
FCC,0.619045
FCC,0.429768
FCC,0.580631
FCC,0.527682
FCC,0.414832
FCC,0.666643
FCC,0.266396
FCC,0.456499
FCC,0.565774
FCC,0.571202
FCC,0.426985
FCC,0.828373
FCC,0.326866
FCC,0.41109
FCC,0.637355
FCC,0.698431
FCC,0.435094
FCC,0.644606
FCC,0.279134
FCC,0.306946
FCC,0.601033
FCC,0.856537
FCC,0.264125
FCC,0.621284
FCC,0.220662
FCC,0.544167
FCC,0.528847
FCC,0.603292
FCC,0.341682
FCC,0.620183
FCC,0.303979
FCC,0.605341
FCC,0.421768
FCC,0.688819
FCC,0.650795
FCC,0.43112
FCC,0.769081
FCC,0.432401
FCC,0.602198
FCC,0.507385
FCC,0.372831
FCC,0.333722
FCC,0.468581
FCC,0.756107
FCC,0.501411
FCC,0.415765
FCC,0.700387
FCC,0.428073
FCC,0.521304
FCC,0.506524
FCC,0.350061
FCC,0.565372
FCC,0.56532
FCC,0.421889
FCC,0.380738
FCC,0.527869
FCC,0.391584
FCC,0.444671
FCC,0.622261
FCC,0.635082
FCC,0.458552
FCC,0.628339
FCC,0.35139
FCC,0.546097
FCC,0.559644
FCC,0.402122
FCC,0.77562
FCC,0.308852
FCC,0.408357
FCC,0.608345
FCC,0.704146
FCC,0.369282
FCC,0.624872
FCC,0.597572
FCC,0.529384
FCC,0.533394
FCC,0.336405
FCC,0.74587
FCC,0.529293
FCC,0.460491
FCC,0.706298
FCC,0.520984
FCC,0.793327
FCC,0.313571
FCC,0.694011
FCC,0.52278
FCC,0.519202
FCC,0.38042
FCC,0.751676
FCC,0.568576
FCC,0.329238
FCC,0.680089
FCC,0.482906
FCC,0.329095
FCC,0.621944
FCC,0.583098
FCC,0.465565
FCC,0.650472
FCC,0.474988
FCC,0.490825
FCC,0.595174
FCC,0.682015
FCC,0.413252
FCC,0.612551
FCC,0.384553
FCC,0.471853
FCC,0.494954
FCC,0.639122
FCC,0.444823
FCC,0.58111
FCC,0.540917
FCC,0.330171
FCC,0.486535
FCC,0.669659
FCC,0.612672
FCC,0.424607
FCC,0.776879
FCC,0.596934
FCC,0.375561
FCC,0.708751
FCC,0.381257
FCC,0.364181
FCC,0.563408
FCC,0.798315
FCC,0.456136
FCC,0.45614
FCC,0.584975
FCC,0.772643
FCC,0.308799
FCC,0.696238
FCC,0.358233
FCC,0.644402
FCC,0.711223
FCC,0.53989
FCC,0.632899
FCC,0.738539
FCC,0.311112
FCC,0.633894
FCC,0.367403
FCC,0.597752
FCC,0.809057
FCC,0.443421
FCC,0.570708
FCC,0.55256
FCC,0.467691
FCC,0.658054
FCC,0.642558
FCC,0.404798
FCC,0.609824
FCC,0.378787
FCC,0.557278
FCC,0.397682
FCC,0.408784
FCC,0.678525
FCC,0.602626
FCC,0.581336
FCC,0.398287
FCC,0.454945
FCC,0.610104
FCC,0.52341
FCC,0.500395
FCC,0.402553
FCC,0.555986
FCC,0.47983
FCC,0.417303
FCC,0.644104
FCC,0.273867
FCC,0.342028
FCC,0.460162
FCC,0.602653
FCC,0.354097
FCC,0.322657
FCC,0.361547
FCC,0.492057
FCC,0.325367
FCC,0.55307
FCC,0.274531
FCC,0.543281
FCC,0.398033
FCC,0.552848
FCC,0.477247
FCC,0.417584
FCC,0.17544
FCC,0.054874
FCC,0.581077
FCC,0.508928
FCC,0.340597
FCC,0.478039
FCC,0.390746
FCC,0.291629
FCC,0.467805
FCC,0.546749
FCC,0.384728
FCC,0.499601
FCC,0.297112
FCC,0.425819
FCC,0.654695
FCC,0.5097
FCC,0.573425
FCC,0.587017
FCC,0.463138
FCC,0.561253
FCC,0.436781
FCC,0.392838
FCC,0.642004
FCC,0.283818
FCC,0.570017
FCC,0.461588
FCC,0.541735
FCC,0.285817
FCC,0.320938
FCC,0.506281
FCC,0.445064
FCC,0.39001
FCC,0.608104
FCC,0.594133
FCC,0.318147
FCC,0.490592
FCC,0.433705
FCC,0.383624
FCC,0.399857
FCC,0.366939
FCC,0.327639
FCC,0.453211
FCC,0.435876
FCC,0.59344
FCC,0.438149
FCC,0.397108
FCC,0.345813
FCC,0.347831
FCC,0.175121
FCC,0.493063
FCC,0.335097
FCC,0.417313
FCC,0.375125
FCC,0.530481
FCC,0.578237
FCC,0.416584
FCC,0.566899
FCC,0.495872
FCC,0.457035
FCC,0.435699
FCC,0.473889
FCC,0.403633
FCC,0.666434
FCC,0.533823
FCC,0.523442
FCC,0.362571
FCC,0.357272
FCC,0.273721
FCC,0.315226
FCC,0.113357
FCC,0.612571
FCC,0.537052
FCC,0.48623
FCC,0.428518
FCC,0.569298
FCC,0.364166
FCC,0.492671
FCC,0.488988
FCC,0.319375
FCC,0.170472
FCC,0.408664
FCC,0.478944
FCC,0.390351
FCC,0.4535
FCC,0.355602
FCC,0.390886
FCC,0.390722
FCC,0.632773
FCC,0.265503
FCC,0.416008
FCC,0.51627
FCC,0.448326
FCC,0.459953
FCC,0.290625
FCC,0.577343
FCC,0.424199
FCC,0.413487
FCC,0.480527
FCC,0.253961
FCC,0.625593
FCC,0.522378
FCC,0.185007
FCC,0.440324
FCC,0.35275
FCC,0.348148
FCC,0.453718
FCC,0.501129
FCC,0.53354
FCC,0.206832
FCC,0.318675
FCC,0.664266
FCC,0.273187
FCC,0.275053
FCC,0.546394
FCC,0.337257
FCC,0.416958
FCC,0.422749
FCC,0.466288
FCC,0.661858
FCC,0.449276
FCC,0.394032
FCC,0.412321
FCC,0.486502
FCC,0.337727
FCC,0.450891
FCC,0.309522
FCC,0.36998
FCC,0.305055
FCC,0.438549
FCC,0.29349
FCC,0.364769
FCC,0.430432
FCC,0.433114
FCC,0.394898
FCC,0.569885
FCC,0.470054
FCC,0.433274
FCC,0.30224
FCC,0.499564
FCC,0.149895
FCC,0.496612
FCC,0.190267
FCC,0.253668
FCC,0.19543
FCC,0.339077
FCC,0.430552
FCC,0.390697
FCC,0.371002
FCC,0.491416
FCC,0.342543
FCC,0.292744
FCC,0.192785
FCC,0.294589
FCC,0.411849
FCC,0.383718
FCC,0.301305
FCC,0.483563
FCC,0.443417
FCC,0.646164
FCC,0.231185
FCC,0.371828
FCC,0.402561
FCC,0.430074
FCC,0.236162
FCC,0.54737
FCC,0.218749
FCC,0.312576
FCC,0.621939
FCC,0.340542
FCC,0.441664
FCC,0.381315
FCC,0.317885
FCC,0.353714
FCC,0.428527
FCC,0.537853
FCC,0.353221
FCC,0.435598
FCC,0.396512
FCC,0.26653
FCC,0.149033
FCC,0.376596
FCC,0.421751
FCC,0.477963
FCC,0.320064
FCC,0.242373
FCC,0.399948
FCC,0.43018
FCC,0.331944
FCC,0.468856
FCC,0.357127
FCC,0.426803
FCC,0.498395
FCC,0.514795
FCC,0.468363
FCC,0.580666
FCC,0.409857
FCC,0.415278
FCC,0.555216
FCC,0.030741
FCC,0.563311
FCC,0.523495
FCC,0.621879
FCC,0.620242
FCC,0.467448
FCC,0.531078
FCC,0.669301
FCC,0.664754
FCC,0.331145
FCC,0.745339
FCC,0.127357
FCC,0.309779
FCC,0.754429
FCC,0.674584
FCC,0.643662
FCC,0.277319
FCC,0.748457
FCC,0.636924
FCC,0.604708
FCC,0.606814
FCC,0.635396
FCC,0.387492
FCC,0.834661
FCC,0.263306
FCC,0.311625
FCC,0.623986
FCC,0.638024
FCC,0.4832
FCC,0.535914
FCC,0.251228
FCC,0.441346
FCC,0.498781
FCC,0.514057
FCC,0.319056
FCC,0.621713
FCC,0.353812
FCC,0.405663
FCC,0.610227
FCC,0.685504
FCC,0.358293
FCC,0.782365
FCC,0.421668
FCC,0.513028
FCC,0.722565
FCC,0.672862
FCC,0.411971
FCC,0.510239
FCC,0.549868
FCC,0.481035
FCC,0.276679
FCC,0.69398
FCC,0.609029
FCC,0.297961
FCC,0.710747
FCC,0.463301
FCC,0.533696
FCC,0.426008
FCC,0.30677
FCC,0.444034
FCC,0.551479
FCC,0.558238
FCC,0.762166
FCC,0.372423
FCC,0.636044
FCC,0.403255
FCC,0.516798
FCC,0.420959
FCC,0.410649
FCC,0.557404
FCC,0.585072
FCC,0.573936
FCC,0.432707
FCC,0.690612
FCC,0.201767
FCC,0.478296
FCC,0.577288
FCC,0.669763
FCC,0.415646
FCC,0.629389
FCC,0.510763
FCC,0.597342
FCC,0.577121
FCC,0.284385
FCC,0.501022
FCC,0.350878
FCC,0.391524
FCC,0.679742
FCC,0.629675
FCC,0.471739
FCC,0.52624
FCC,0.433681
FCC,0.543352
FCC,0.726183
FCC,0.402377
FCC,0.548011
FCC,0.498532
FCC,0.628245
FCC,0.399547
FCC,0.739999
FCC,0.478613
FCC,0.619682
FCC,0.554508
FCC,0.560955
FCC,0.36672
FCC,0.648439
FCC,0.46611
FCC,0.700697
FCC,0.59026
FCC,0.49924
FCC,0.797812
FCC,0.246556
FCC,0.48185
FCC,0.475814
FCC,0.514294
FCC,0.362061
FCC,0.802431
FCC,0.442935
FCC,0.557556
FCC,0.616148
FCC,0.586642
FCC,0.474851
FCC,0.524408
FCC,0.496432
FCC,0.324478
FCC,0.514682
FCC,0.650984
FCC,0.390866
FCC,0.608436
FCC,0.307161
FCC,0.453079
FCC,0.413943
FCC,0.646825
FCC,0.333774
FCC,0.468154
FCC,0.705591
FCC,0.686022
FCC,0.281741
FCC,0.681561
FCC,0.534277
FCC,0.383148
FCC,0.463459
FCC,0.590433
FCC,0.443958
FCC,0.382448
FCC,0.700061
FCC,0.582716
FCC,0.405129
FCC,0.658447
FCC,0.434256
FCC,0.417964
FCC,0.718548
FCC,0.49539
FCC,0.660995
FCC,0.639902
FCC,0.355888
FCC,0.695688
FCC,0.549608
FCC,0.414051
FCC,0.64316
FCC,0.517734
FCC,0.583672
FCC,0.584933
FCC,0.518138
FCC,0.660893
FCC,0.448259
FCC,0.482836
FCC,0.62053
FCC,0.368667
FCC,0.496836
FCC,0.206924
FCC,0.391352
FCC,0.554923
FCC,0.480423
FCC,0.692639
FCC,0.470395
FCC,0.387615
FCC,0.56638
FCC,0.37973
FCC,0.664044
FCC,0.564933
FCC,0.547749
FCC,0.650674
FCC,0.482164
FCC,0.611339
FCC,0.430241
FCC,0.49723
FCC,0.41106
FCC,0.51417
FCC,0.513544
FCC,0.386888
FCC,0.334656
FCC,0.406781
FCC,0.508997
FCC,0.459286
FCC,0.529473
FCC,0.458075
FCC,0.352237
FCC,0.464723
FCC,0.33608
FCC,0.37133
FCC,0.454809
FCC,0.307683
FCC,0.500582
FCC,0.432613
FCC,0.430184
FCC,0.265463
FCC,0.543639
FCC,0.38149
FCC,0.459094
FCC,0.524272
FCC,0.358606
FCC,0.377147
FCC,0.498754
FCC,0.216111
FCC,0.453781
FCC,0.34315
FCC,0.481199
FCC,0.433772
FCC,0.433682
FCC,0.544314
FCC,0.476386
FCC,0.42891
FCC,0.525373
FCC,0.307168
FCC,0.385576
FCC,0.52034
FCC,0.351292
FCC,0.501493
FCC,0.415699
FCC,0.466698
FCC,0.416744
FCC,0.348589
FCC,0.431398
FCC,0.476028
FCC,0.438944
FCC,0.370327
FCC,0.53755
FCC,0.431407
FCC,0.488249
FCC,0.493272
FCC,0.47048
FCC,0.45355
FCC,0.472916
FCC,0.592168
FCC,0.573981
FCC,0.488721
FCC,0.489091
FCC,0.49111
FCC,0.536987
FCC,0.507583
FCC,0.564804
FCC,0.345797
FCC,0.595928
FCC,0.518507
FCC,0.306694
FCC,0.345199
FCC,0.421315
FCC,0.349409
FCC,0.607573
FCC,0.36158
FCC,0.563195
FCC,0.359967
FCC,0.529056
FCC,0.347395
FCC,0.506112
FCC,0.404313
FCC,0.31108
FCC,0.482628
FCC,0.53189
FCC,0.299075
FCC,0.492833
FCC,0.31508
FCC,0.511914
FCC,0.409632
FCC,0.485371
FCC,0.328038
FCC,0.477711
FCC,0.471146
FCC,0.380897
FCC,0.493069
FCC,0.511388
FCC,0.338236
FCC,0.316382
FCC,0.445136
FCC,0.312473
FCC,0.519418
FCC,0.417114
FCC,0.426369
FCC,0.420763
FCC,0.480943
FCC,0.373105
FCC,0.46216
FCC,0.428532
FCC,0.406084
FCC,0.515065
FCC,0.409087
FCC,0.429691
FCC,0.347443
FCC,0.451296
FCC,0.372294
FCC,0.655356
FCC,0.23949
FCC,0.398556
FCC,0.264487
FCC,0.326327
FCC,0.464042
FCC,0.347873
FCC,0.257633
FCC,0.402721
FCC,0.344869
FCC,0.409006
FCC,0.464983
FCC,0.193135
FCC,0.338479
FCC,0.242188
FCC,0.293131
FCC,0.425797
FCC,0.390607
FCC,0.374594
FCC,0.355335
FCC,0.520506
FCC,0.369878
FCC,0.579142
FCC,0.278591
FCC,0.402147
FCC,0.397939
FCC,0.276728
FCC,0.317744
FCC,0.392462
FCC,0.374296
FCC,0.382105
FCC,0.355101
FCC,0.629597
FCC,0.242649
FCC,0.677008
FCC,0.470034
FCC,0.292603
FCC,0.489532
FCC,0.497216
FCC,0.322567
FCC,0.480452
FCC,0.367149
FCC,0.399885
FCC,0.287669
FCC,0.486641
FCC,0.360087
FCC,0.405407
FCC,0.437053
FCC,0.438639
FCC,0.332193
FCC,0.418714
FCC,0.405463
FCC,0.447899
FCC,0.298287
FCC,0.409972
FCC,0.330292
FCC,0.319908
FCC,0.535918
FCC,0.214228
FCC,0.578623
FCC,0.472368
FCC,0.420078
FCC,0.48049
FCC,0.48344
FCC,0.559635
FCC,0.217295
FCC,0.437876
FCC,0.284553
FCC,0.276512
FCC,0.245367
FCC,0.398981
FCC,0.180912
FCC,0.342748
FCC,0.448819
FCC,0.428149
FCC,0.517104
FCC,0.472824
FCC,0.399882
FCC,0.303519
FCC,0.187835
FCC,0.373601
FCC,0.396256
FCC,0.450081
FCC,0.293779
FCC,0.29402
FCC,0.236707
FCC,0.266794
FCC,0.404026
FCC,0.509743
FCC,0.42554
FCC,0.526252
FCC,0.487807
FCC,0.404462
FCC,0.553572
FCC,0.532681
FCC,0.466196
FCC,0.527202
FCC,0.216491
FCC,0.504331
FCC,0.121335
FCC,0.414284
FCC,0.514978
FCC,0.76095
FCC,0.742108
FCC,0.364032
FCC,0.382476
FCC,0.5907
FCC,0.537325
FCC,0.279041
FCC,0.639243
FCC,0.093594
FCC,0.353555
FCC,0.517361
FCC,0.452043
FCC,0.541113
FCC,0.245779
FCC,0.514042
FCC,0.563955
FCC,0.39704
FCC,0.723223
FCC,0.625795
FCC,0.328978
FCC,0.706132
FCC,0.442332
FCC,0.436174
FCC,0.550562
FCC,0.585538
FCC,0.39426
FCC,0.587193
FCC,0.197797
FCC,0.308998
FCC,0.641177
FCC,0.635424
FCC,0.300363
FCC,0.863089
FCC,0.372732
FCC,0.296339
FCC,0.639285
FCC,0.534172
FCC,0.22326
FCC,0.695578
FCC,0.199219
FCC,0.375075
FCC,0.53536
FCC,0.542288
FCC,0.340319
FCC,0.517931
FCC,0.200755
FCC,0.485007
FCC,0.348242
FCC,0.573536
FCC,0.583353
FCC,0.303031
FCC,0.553603
FCC,0.382822
FCC,0.528266
FCC,0.356057
FCC,0.281805
FCC,0.446253
FCC,0.312816
FCC,0.370946
FCC,0.60188
FCC,0.295859
FCC,0.792023
FCC,0.140906
FCC,0.376502
FCC,0.400221
FCC,0.264201
FCC,0.270267
FCC,0.527689
FCC,0.638777
FCC,0.367358
FCC,0.546897
FCC,0.454197
FCC,0.533509
FCC,0.548529
FCC,0.729044
FCC,0.374947
FCC,0.63755
FCC,0.363463
FCC,0.638068
FCC,0.64883
FCC,0.599869
FCC,0.688083
FCC,0.398806
FCC,0.492465
FCC,0.48262
FCC,0.750001
FCC,0.357628
FCC,0.552101
FCC,0.194184
FCC,0.506955
FCC,0.624487
FCC,0.444948
FCC,0.640037
FCC,0.444125
FCC,0.523846
FCC,0.723389
FCC,0.38042
FCC,0.743894
FCC,0.467763
FCC,0.704693
FCC,0.412664
FCC,0.822813
FCC,0.470913
FCC,0.68382
FCC,0.668639
FCC,0.377126
FCC,0.595386
FCC,0.491299
FCC,0.310812
FCC,0.615164
FCC,0.624571
FCC,0.375303
FCC,0.540551
FCC,0.438204
FCC,0.336735
FCC,0.66062
FCC,0.720263
FCC,0.437679
FCC,0.583265
FCC,0.418885
FCC,0.312282
FCC,0.689511
FCC,0.612562
FCC,0.374006
FCC,0.47356
FCC,0.483047
FCC,0.542852
FCC,0.306823
FCC,0.662757
FCC,0.423918
FCC,0.333037
FCC,0.555229
FCC,0.692902
FCC,0.481367
FCC,0.605761
FCC,0.37155
FCC,0.4425
FCC,0.547513
FCC,0.530644
FCC,0.45636
FCC,0.462993
FCC,0.724633
FCC,0.599524
FCC,0.395677
FCC,0.716106
FCC,0.513406
FCC,0.601759
FCC,0.718863
FCC,0.3076
FCC,0.668878
FCC,0.527167
FCC,0.496058
FCC,0.641821
FCC,0.684718
FCC,0.553298
FCC,0.829644
FCC,0.412581
FCC,0.618002
FCC,0.6296
FCC,0.548427
FCC,0.50614
FCC,0.514278
FCC,0.543436
FCC,0.749632
FCC,0.508857
FCC,0.627748
FCC,0.497874
FCC,0.451031
FCC,0.619933
FCC,0.474512
FCC,0.714878
FCC,0.403481
FCC,0.401582
FCC,0.536781
FCC,0.374012
FCC,0.685409
FCC,0.445831
FCC,0.48471
FCC,0.658448
FCC,0.274656
FCC,0.646285
FCC,0.363402
FCC,0.542776
FCC,0.672506
FCC,0.575418
FCC,0.56452
FCC,0.686783
FCC,0.650733
FCC,0.498669
FCC,0.712931
FCC,0.552928
FCC,0.368145
FCC,0.628987
FCC,0.560014
FCC,0.462285
FCC,0.413683
FCC,0.429073
FCC,0.435147
FCC,0.347011
FCC,0.527047
FCC,0.463701
FCC,0.37361
FCC,0.588072
FCC,0.622868
FCC,0.433528
FCC,0.378278
FCC,0.493024
FCC,0.417993
FCC,0.571054
FCC,0.405655
FCC,0.378715
FCC,0.567942
FCC,0.237801
FCC,0.507265
FCC,0.551937
FCC,0.253951
FCC,0.564965
FCC,0.457068
FCC,0.413946
FCC,0.383823
FCC,0.478903
FCC,0.495217
FCC,0.586559
FCC,0.356709
FCC,0.522148
FCC,0.401519
FCC,0.361518
FCC,0.362722
FCC,0.554814
FCC,0.394102
FCC,0.508908
FCC,0.456066
FCC,0.418236
FCC,0.581868
FCC,0.253727
FCC,0.529195
FCC,0.536179
FCC,0.589659
FCC,0.407143
FCC,0.463625
FCC,0.411828
FCC,0.475142
FCC,0.426235
FCC,0.591716
FCC,0.639765
FCC,0.294697
FCC,0.387343
FCC,0.382432
FCC,0.500706
FCC,0.576353
FCC,0.484772
FCC,0.401902
FCC,0.281024
FCC,0.454053
FCC,0.443035
FCC,0.720431
FCC,0.491461
FCC,0.41502
FCC,0.553915
FCC,0.500687
FCC,0.521427
FCC,0.413695
FCC,0.521855
FCC,0.460927
FCC,0.550559
FCC,0.348976
FCC,0.524685
FCC,0.3616
FCC,0.464137
FCC,0.526704
FCC,0.463615
FCC,0.47926
FCC,0.487813
FCC,0.27819
FCC,0.518165
FCC,0.421489
FCC,0.51628
FCC,0.637777
FCC,0.448937
FCC,0.519346
FCC,0.395606
FCC,0.207266
FCC,0.385831
FCC,0.462968
FCC,0.369854
FCC,0.420826
FCC,0.544861
FCC,0.584696
FCC,0.317843
FCC,0.428578
FCC,0.300763
FCC,0.490458
FCC,0.412515
FCC,0.29452
FCC,0.426835
FCC,0.560962
FCC,0.504971
FCC,0.355042
FCC,0.505893
FCC,0.60121
FCC,0.418001
FCC,0.36824
FCC,0.414177
FCC,0.394021
FCC,0.366097
FCC,0.589675
FCC,0.466982
FCC,0.520879
FCC,0.344878
FCC,0.558122
FCC,0.410793
FCC,0.44678
FCC,0.392517
FCC,0.519394
FCC,0.395966
FCC,0.497317
FCC,0.42519
FCC,0.396883
FCC,0.558926
FCC,0.477299
FCC,0.454209
FCC,0.409036
FCC,0.40795
FCC,0.393832
FCC,0.520495
FCC,0.437354
FCC,0.619415
FCC,0.489953
FCC,0.536062
FCC,0.142404
FCC,0.490456
FCC,0.410288
FCC,0.434489
FCC,0.276566
FCC,0.411075
FCC,0.529319
FCC,0.448706
FCC,0.440173
FCC,0.353548
FCC,0.517202
FCC,0.567928
FCC,0.39206
FCC,0.456776
FCC,0.256651
FCC,0.506099
FCC,0.347768
FCC,0.549339
FCC,0.281538
FCC,0.453478
FCC,0.491278
FCC,0.499517
FCC,0.345843
FCC,0.505817
FCC,0.36348
FCC,0.44101
FCC,0.25063
FCC,0.376751
FCC,0.395351
FCC,0.361526
FCC,0.530993
FCC,0.347322
FCC,0.537796
FCC,0.308699
FCC,0.49892
FCC,0.443401
FCC,0.322011
FCC,0.386699
FCC,0.466102
FCC,0.35129
FCC,0.504958
FCC,0.429887
FCC,0.50183
FCC,0.484423
FCC,0.508837
FCC,0.642684
FCC,0.468059
FCC,0.510803
FCC,0.436601
FCC,0.344255
FCC,0.440257
FCC,0.57073
FCC,0.219166
FCC,0.297168
FCC,0.317631
FCC,0.494519
FCC,0.477147
FCC,0.598333
FCC,0.434485
FCC,0.528135
FCC,0.44455
FCC,0.620836
FCC,0.613985
FCC,0.50849
FCC,0.617389
FCC,0.383368
FCC,0.630376
FCC,0.372438
FCC,0.459229
FCC,0.601493
FCC,0.462821
FCC,0.556812
FCC,0.430825
FCC,0.507661
FCC,0.399075
FCC,0.416183
FCC,0.494823
FCC,0.399435
FCC,0.657277
FCC,0.424808
FCC,0.447903
FCC,0.311345
FCC,0.454796
FCC,0.447839
FCC,0.481496
FCC,0.424583
FCC,0.580415
FCC,0.434463
FCC,0.511097
FCC,0.235705
FCC,0.376109
FCC,0.620582
FCC,0.57618
FCC,0.426091
FCC,0.664557
FCC,0.334488
FCC,0.539744
FCC,0.515649
FCC,0.509891
FCC,0.301625
FCC,0.565992
FCC,0.72482
FCC,0.379472
FCC,0.68049
FCC,0.394747
FCC,0.490037
FCC,0.562695
FCC,0.31036
FCC,0.471925
FCC,0.536916
FCC,0.587137
FCC,0.469603
FCC,0.554108
FCC,0.561489
FCC,0.568198
FCC,0.542135
FCC,0.465847
FCC,0.635597
FCC,0.45681
FCC,0.343564
FCC,0.530669
FCC,0.407946
FCC,0.411108
FCC,0.516855
FCC,0.533807
FCC,0.506372
FCC,0.510512
FCC,0.501359
FCC,0.563
FCC,0.218276
FCC,0.400163
FCC,0.612327
FCC,0.553193
FCC,0.373593
FCC,0.362331
FCC,0.411338
FCC,0.406294
FCC,0.495474
FCC,0.18392
FCC,0.738015
FCC,0.452458
FCC,0.336784
FCC,0.582766
FCC,0.642566
FCC,0.494899
FCC,0.576072
FCC,0.463642
FCC,0.505331
FCC,0.449072
FCC,0.323219
FCC,0.460522
FCC,0.242333
FCC,0.464892
FCC,0.472808
FCC,0.50945
FCC,0.450561
FCC,0.401792
FCC,0.293172
FCC,0.536343
FCC,0.614486
FCC,0.287031
FCC,0.753633
FCC,0.496547
FCC,0.487655
FCC,0.532703
FCC,0.442391
FCC,0.330812
FCC,0.625713
FCC,0.404713
FCC,0.407748
FCC,0.43139
FCC,0.307564
FCC,0.442101
FCC,0.435573
FCC,0.287767
FCC,0.308945
FCC,0.452994
FCC,0.39043
FCC,0.42165
FCC,0.219212
FCC,0.491553
FCC,0.528088
FCC,0.328862
FCC,0.493821
FCC,0.334723
FCC,0.395264
FCC,0.409016
FCC,0.365738
FCC,0.390218
FCC,0.485717
FCC,0.498739
FCC,0.416096
FCC,0.322418
FCC,0.370579
FCC,0.28874
FCC,0.395502
FCC,0.489288
FCC,0.413673
FCC,0.207213
FCC,0.440672
FCC,0.40705
FCC,0.307345
FCC,0.279574
FCC,0.330173
FCC,0.27164
FCC,0.272081
FCC,0.308417
FCC,0.296609
FCC,0.266956
FCC,0.37143
FCC,0.298894
FCC,0.551419
FCC,0.409769
FCC,0.429503
FCC,0.459945
FCC,0.473814
FCC,0.494087
FCC,0.229538
FCC,0.426058
FCC,0.425999
FCC,0.402649
FCC,0.298719
FCC,0.42187
FCC,0.277408
FCC,0.554569
FCC,0.372616
FCC,0.454629
FCC,0.572296
FCC,0.356381
FCC,0.457723
FCC,0.477477
FCC,0.634221
FCC,0.409478
FCC,0.511609
FCC,0.779642
FCC,0.655533
FCC,0.59468
FCC,0.583238
FCC,0.741453
FCC,0.571566
FCC,0.512928
FCC,0.546889
FCC,0.312712
FCC,0.713493
FCC,0.679904
FCC,0.52735
FCC,0.497235
FCC,0.368369
FCC,0.340624
FCC,0.541124
FCC,0.550568
FCC,0.343942
FCC,0.466598
FCC,0.513171
FCC,0.336759
FCC,0.364356
FCC,0.31731
FCC,0.570156
FCC,0.578161
FCC,0.431907
FCC,0.536295
FCC,0.532826
FCC,0.612383
FCC,0.537624
FCC,0.339193
FCC,0.578567
FCC,0.514477
FCC,0.445663
FCC,0.616638
FCC,0.444537
FCC,0.525034
FCC,0.586821
FCC,0.34973
FCC,0.582463
FCC,0.643074
FCC,0.467574
FCC,0.409799
FCC,0.562082
FCC,0.592113
FCC,0.45344
FCC,0.518039
FCC,0.336442
FCC,0.378397
FCC,0.623387
FCC,0.69208
FCC,0.457494
FCC,0.309706
FCC,0.541093
FCC,0.581163
FCC,0.55061
FCC,0.349729
FCC,0.428603
FCC,0.618466
FCC,0.29162
FCC,0.531444
FCC,0.546915
FCC,0.408074
FCC,0.518714
FCC,0.699229
FCC,0.381842
FCC,0.553276
FCC,0.298443
FCC,0.447456
FCC,0.292733
FCC,0.360086
FCC,0.529689
FCC,0.59051
FCC,0.399855
FCC,0.483972
FCC,0.429793
FCC,0.523113
FCC,0.56852
FCC,0.393928
FCC,0.546594
FCC,0.273208
FCC,0.43198
FCC,0.424589
FCC,0.446025
FCC,0.35107
FCC,0.508139
FCC,0.187755
FCC,0.412899
FCC,0.533473
FCC,0.386212
FCC,0.423286
FCC,0.440829
FCC,0.288529
FCC,0.696764
FCC,0.58372
FCC,0.363722
FCC,0.582972
FCC,0.39505
FCC,0.59849
FCC,0.47693
FCC,0.171304
FCC,0.655434
FCC,0.246653
FCC,0.287094
FCC,0.525177
FCC,0.516016
FCC,0.431393
FCC,0.606145
FCC,0.370664
FCC,0.431311
FCC,0.453327
FCC,0.350633
FCC,0.579339
FCC,0.445051
FCC,0.263862
FCC,0.692551
FCC,0.511063
FCC,0.424724
FCC,0.356951
FCC,0.328878
FCC,0.469424
FCC,0.53856
FCC,0.185085
FCC,0.315143
FCC,0.335108
FCC,0.561489
FCC,0.492931
FCC,0.367078
FCC,0.551426
FCC,0.467352
FCC,0.46897
FCC,0.561963
FCC,0.363024
FCC,0.356774
FCC,0.269571
FCC,0.527002
FCC,0.414104
FCC,0.36309
FCC,0.43799
FCC,0.457782
FCC,0.549811
FCC,0.292887
FCC,0.422854
FCC,0.574459
FCC,0.555774
FCC,0.373369
FCC,0.635339
FCC,0.598122
FCC,0.387061
FCC,0.338541
FCC,0.267767
FCC,0.658586
FCC,0.391685
FCC,0.357646
FCC,0.391126
FCC,0.297504
FCC,0.240159
FCC,0.400202
FCC,0.380701
FCC,0.396082
FCC,0.343633
FCC,0.306492
FCC,0.47925
FCC,0.363933
FCC,0.354576
FCC,0.443395
FCC,0.322476
FCC,0.496035
FCC,0.382348
FCC,0.472871
FCC,0.409031
FCC,0.466613
FCC,0.591363
FCC,0.625325
FCC,0.49984
FCC,0.716224
FCC,0.50819
FCC,0.564811
FCC,0.655031
FCC,0.564962
FCC,0.484284
FCC,0.44142
FCC,0.460032
FCC,0.489836
FCC,0.748069
FCC,0.265542
FCC,0.705674
FCC,0.367579
FCC,0.4643
FCC,0.715584
FCC,0.618305
FCC,0.486459
FCC,0.649317
FCC,0.277896
FCC,0.654685
FCC,0.223909
FCC,0.606067
FCC,0.603378
FCC,0.756708
FCC,0.418211
FCC,0.781766
FCC,0.435697
FCC,0.579367
FCC,0.401474
FCC,0.357797
FCC,0.564958
FCC,0.531855
FCC,0.320713
FCC,0.298777
FCC,0.346149
FCC,0.439959
FCC,0.579704
FCC,0.337068
FCC,0.378138
FCC,0.595458
FCC,0.495655
FCC,0.378392
FCC,0.652791
FCC,0.384101
FCC,0.371521
FCC,0.391537
FCC,0.429148
FCC,0.453317
FCC,0.565229
FCC,0.532661
FCC,0.233966
FCC,0.492887
FCC,0.3211
FCC,0.429177
FCC,0.452938
FCC,0.394569
FCC,0.385618
FCC,0.191443
FCC,0.286668
FCC,0.407616
FCC,0.392336
FCC,0.318488
FCC,0.522937
FCC,0.243137
FCC,0.439165
FCC,0.425896
FCC,0.348734
FCC,0.444654
FCC,0.318543
FCC,0.36609
FCC,0.531555
FCC,0.434856
FCC,0.427534
FCC,0.55646
FCC,0.449666
FCC,0.520784
FCC,0.573806
FCC,0.316331
FCC,0.474382
FCC,0.369574
FCC,0.340821
FCC,0.628124
FCC,0.663955
FCC,0.499799
FCC,0.600032
FCC,0.644765
FCC,0.686186
FCC,0.543641
FCC,0.338872
FCC,0.353461
FCC,0.35436
FCC,0.436598
FCC,0.588988
FCC,0.592602
FCC,0.451698
FCC,0.63421
FCC,0.444364
FCC,0.425639
FCC,0.53821
FCC,0.329095
FCC,0.48769
FCC,0.486068
FCC,0.507546
FCC,0.533705
FCC,0.627248
FCC,0.55165
FCC,0.515883
FCC,0.41433
FCC,0.507286
FCC,0.480254
FCC,0.390082
FCC,0.398853
FCC,0.401091
FCC,0.516248
FCC,0.416369
FCC,0.402747
FCC,0.262414
FCC,0.358001
FCC,0.569228
FCC,0.490935
FCC,0.458761
FCC,0.422717
FCC,0.648193
FCC,0.316599
FCC,0.406549
FCC,0.543713
FCC,0.513979
FCC,0.384256
FCC,0.32604
FCC,0.516257
FCC,0.475183
FCC,0.319516
FCC,0.528954
FCC,0.424241
FCC,0.549715
FCC,0.57567
FCC,0.341854
FCC,0.526461
FCC,0.358515
FCC,0.518819
FCC,0.428647
FCC,0.347885
FCC,0.474437
FCC,0.405243
FCC,0.247012
FCC,0.409203
FCC,0.374562
FCC,0.312585
FCC,0.321056
FCC,0.358663
FCC,0.489626
FCC,0.413593
FCC,0.492748
FCC,0.184683
FCC,0.453614
FCC,0.40599
FCC,0.341243
FCC,0.559322
FCC,0.400161
FCC,0.297162
FCC,0.316158
FCC,0.386537
FCC,0.272869
FCC,0.500567
FCC,0.459858
FCC,0.362514
FCC,0.27215
FCC,0.433107
FCC,0.387064
FCC,0.522897
FCC,0.386151
FCC,0.562654
FCC,0.522521
FCC,0.644486
FCC,0.669033
FCC,0.641668
FCC,0.562701
FCC,0.528082
FCC,0.248843
FCC,0.646706
FCC,0.249222
FCC,0.600777
FCC,0.603024
FCC,0.395228
FCC,0.673145
FCC,0.409339
FCC,0.42607
FCC,0.635358
FCC,0.632124
FCC,0.38056
FCC,0.560328
FCC,0.343234
FCC,0.556453
FCC,0.364252
FCC,0.349416
FCC,0.661591
FCC,0.637109
FCC,0.443056
FCC,0.627614
FCC,0.338095
FCC,0.408507
FCC,0.263858
FCC,0.330154
FCC,0.574101
FCC,0.528277
FCC,0.339192
FCC,0.455589
FCC,0.341883
FCC,0.619391
FCC,0.559435
FCC,0.390221
FCC,0.422411
FCC,0.532728
FCC,0.570218
FCC,0.2872
FCC,0.443746
FCC,0.455932
FCC,0.619126
FCC,0.562481
FCC,0.401645
FCC,0.404906
FCC,0.683797
FCC,0.576488
FCC,0.300852
FCC,0.424506
FCC,0.401595
FCC,0.399942
FCC,0.510007
FCC,0.281881
FCC,0.43968
FCC,0.217173
FCC,0.304392
FCC,0.649202
FCC,0.606759
FCC,0.384576
FCC,0.614718
FCC,0.39692
FCC,0.414107
FCC,0.484553
FCC,0.35067
FCC,0.462955
FCC,0.232596
FCC,0.313826
FCC,0.512062
FCC,0.651809
FCC,0.469036
FCC,0.364492
FCC,0.354747
FCC,0.559043
FCC,0.585449
FCC,0.30423
FCC,0.530417
FCC,0.438595
FCC,0.398444
FCC,0.492276
FCC,0.674526
FCC,0.427035
FCC,0.656917
FCC,0.538421
FCC,0.498746
FCC,0.468363
FCC,0.430828
FCC,0.409447
FCC,0.319823
FCC,0.412053
FCC,0.589585
FCC,0.495367
FCC,0.432854
FCC,0.571786
FCC,0.42319
FCC,0.432821
FCC,0.399527
FCC,0.405686
FCC,0.459435
FCC,0.393089
FCC,0.270641
FCC,0.602894
FCC,0.497026
FCC,0.333159
FCC,0.540841
FCC,0.528802
FCC,0.356221
FCC,0.399927
FCC,0.406284
FCC,0.500811
FCC,0.394757
FCC,0.443901
FCC,0.421725
FCC,0.530776
FCC,0.279982
FCC,0.545515
FCC,0.403739
FCC,0.477839
FCC,0.573727
FCC,0.482663
FCC,0.319699
FCC,0.449958
FCC,0.441957
FCC,0.388452
FCC,0.511863
FCC,0.550473
FCC,0.424668
FCC,0.442688
FCC,0.486296
FCC,0.234214
FCC,0.457357
FCC,0.36969
FCC,0.479797
FCC,0.449018
FCC,0.398092
FCC,0.514107
FCC,0.265131
FCC,0.396154
FCC,0.362505
FCC,0.476968
FCC,0.509472
FCC,0.512161
FCC,0.357551
FCC,0.679318
FCC,0.381365
FCC,0.433464
FCC,0.510819
FCC,0.395113
FCC,0.486883
FCC,0.491559
FCC,0.435537
FCC,0.482456
FCC,0.403873
FCC,0.396251
FCC,0.527108
FCC,0.386385
FCC,0.372178
FCC,0.338627
FCC,0.351419
FCC,0.37111
FCC,0.376228
FCC,0.341309
FCC,0.365258
FCC,0.360338
FCC,0.575648
FCC,0.436162
FCC,0.425425
FCC,0.474148
FCC,0.385636
FCC,0.621271
FCC,0.614466
FCC,0.690515
FCC,0.624838
FCC,0.64766
FCC,0.62516
FCC,0.567338
FCC,0.538223
FCC,0.526816
FCC,0.633666
FCC,0.373564
FCC,0.514148
FCC,0.556165
FCC,0.536665
FCC,0.414095
FCC,0.591614
FCC,0.343892
FCC,0.302075
FCC,0.546385
FCC,0.608568
FCC,0.550195
FCC,0.672061
FCC,0.557304
FCC,0.565471
FCC,0.645997
FCC,0.403607
FCC,0.58207
FCC,0.707857
FCC,0.365432
FCC,0.714722
FCC,0.389777
FCC,0.571061
FCC,0.342844
FCC,0.433439
FCC,0.445462
FCC,0.454362
FCC,0.43368
FCC,0.471165
FCC,0.204446
FCC,0.535951
FCC,0.55616
FCC,0.546013
FCC,0.544385
FCC,0.532118
FCC,0.519751
FCC,0.459289
FCC,0.578274
FCC,0.359754
FCC,0.577979
FCC,0.438346
FCC,0.41196
FCC,0.400603
FCC,0.545179
FCC,0.556353
FCC,0.247035
FCC,0.423748
FCC,0.432935
FCC,0.560014
FCC,0.494468
FCC,0.36269
FCC,0.465492
FCC,0.563973
FCC,0.42888
FCC,0.447344
FCC,0.363952
FCC,0.457269
FCC,0.542248
FCC,0.379385
FCC,0.56261
FCC,0.610475
FCC,0.325062
FCC,0.376539
FCC,0.352783
FCC,0.358031
FCC,0.538836
FCC,0.526788
FCC,0.417233
FCC,0.470232
FCC,0.492994
FCC,0.390979
FCC,0.4358
FCC,0.340458
FCC,0.420986
FCC,0.26075
FCC,0.385031
FCC,0.495785
FCC,0.520279
FCC,0.337813
FCC,0.373736
FCC,0.330399
FCC,0.520708
FCC,0.469551
FCC,0.362219
FCC,0.458948
FCC,0.422214
FCC,0.442331
FCC,0.447656
FCC,0.616123
FCC,0.433987
FCC,0.356305
FCC,0.513756
FCC,0.43611
FCC,0.547981
FCC,0.277539
FCC,0.302051
FCC,0.431626
FCC,0.469678
FCC,0.456053
FCC,0.597569
FCC,0.40262
FCC,0.474355
FCC,0.431289
FCC,0.358776
FCC,0.532483
FCC,0.272422
FCC,0.34628
FCC,0.429143
FCC,0.390809
FCC,0.348471
FCC,0.614862
FCC,0.481895
FCC,0.616119
FCC,0.379229
FCC,0.471882
FCC,0.402287
FCC,0.399011
FCC,0.390111
FCC,0.444867
FCC,0.445582
FCC,0.515474
FCC,0.381079
FCC,0.536571
FCC,0.430832
FCC,0.486729
FCC,0.461436
FCC,0.402672
FCC,0.483129
FCC,0.415929
FCC,0.397649
FCC,0.539197
FCC,0.60281
FCC,0.610827
FCC,0.51179
FCC,0.54057
FCC,0.456609
FCC,0.367962
FCC,0.382922
FCC,0.550375
FCC,0.391992
FCC,0.358984
FCC,0.440047
FCC,0.463748
FCC,0.52399
FCC,0.467667
FCC,0.463004
FCC,0.474798
FCC,0.389105
FCC,0.364751
FCC,0.506811
FCC,0.409948
FCC,0.233723
FCC,0.573893
FCC,0.462611
FCC,0.549362
FCC,0.456466
FCC,0.52243
FCC,0.259132
FCC,0.48522
FCC,0.470518
FCC,0.449415
FCC,0.363302
FCC,0.168884
FCC,0.356865
FCC,0.420941
FCC,0.543788
FCC,0.474162
FCC,0.547815
FCC,0.652673
FCC,0.627516
FCC,0.649922
FCC,0.774199
FCC,0.635593
FCC,0.500819
FCC,0.649293
FCC,0.376771
FCC,0.831529
FCC,0.784625
FCC,0.57905
FCC,0.905545
FCC,0.467647
FCC,0.341567
FCC,0.570786
FCC,0.604272
FCC,0.310971
FCC,0.427994
FCC,0.420216
FCC,0.56572
FCC,0.415623
FCC,0.258164
FCC,0.696391
FCC,0.577904
FCC,0.380787
FCC,0.626636
FCC,0.352468
FCC,0.525558
FCC,0.367969
FCC,0.461234
FCC,0.532781
FCC,0.474131
FCC,0.443557
FCC,0.241525
FCC,0.434849
FCC,0.407115
FCC,0.540118
FCC,0.265646
FCC,0.325009
FCC,0.319497
FCC,0.525033
FCC,0.318221
FCC,0.674862
FCC,0.454074
FCC,0.502929
FCC,0.492204
FCC,0.341211
FCC,0.330178
FCC,0.440294
FCC,0.465394
FCC,0.426545
FCC,0.375965
FCC,0.519864
FCC,0.480984
FCC,0.428864
FCC,0.39047
FCC,0.372464
FCC,0.417944
FCC,0.38336
FCC,0.363052
FCC,0.49475
FCC,0.396027
FCC,0.387603
FCC,0.51732
FCC,0.430313
FCC,0.384421
FCC,0.251801
FCC,0.338422
FCC,0.236679
FCC,0.457887
FCC,0.357472
FCC,0.552521
FCC,0.402014
FCC,0.650882
FCC,0.345025
FCC,0.415947
FCC,0.368776
FCC,0.271672
FCC,0.542466
FCC,0.300379
FCC,0.140391
FCC,0.517755
FCC,0.385648
FCC,0.265281
FCC,0.499051
FCC,0.290255
FCC,0.35149
FCC,0.345612
FCC,0.212753
FCC,0.356725
FCC,0.22147
FCC,0.444061
FCC,0.482219
FCC,0.58164
FCC,0.417651
FCC,0.60329
FCC,0.345807
FCC,0.664679
FCC,0.537898
FCC,0.390555
FCC,0.321782
FCC,0.585454
FCC,0.35501
FCC,0.372115
FCC,0.404426
FCC,0.426712
FCC,0.392435
FCC,0.36697
FCC,0.57614
FCC,0.410085
FCC,0.273153
FCC,0.351993
FCC,0.416984
FCC,0.460633
FCC,0.4376
FCC,0.506072
FCC,0.437083
FCC,0.595305
FCC,0.400824
FCC,0.507669
FCC,0.481967
FCC,0.3603
FCC,0.389394
FCC,0.358322
FCC,0.498594
FCC,0.573034
FCC,0.380732
FCC,0.537799
FCC,0.484061
FCC,0.494962
FCC,0.503212
FCC,0.467832
FCC,0.603902
FCC,0.359829
FCC,0.578951
FCC,0.514597
FCC,0.374112
FCC,0.300663
FCC,0.489668
FCC,0.556731
FCC,0.489948
FCC,0.402022
FCC,0.493168
FCC,0.32068
FCC,0.322418
FCC,0.443877
FCC,0.405652
FCC,0.401706
FCC,0.401442
FCC,0.376696
FCC,0.602506
FCC,0.427304
FCC,0.371435
FCC,0.296925
FCC,0.39356
FCC,0.527727
FCC,0.211148
FCC,0.437559
FCC,0.425587
FCC,0.317405
FCC,0.57242
FCC,0.419839
FCC,0.319663
FCC,0.357245
FCC,0.406903
FCC,0.314055
FCC,0.4175
FCC,0.537171
FCC,0.375562
FCC,0.483114
FCC,0.442192
FCC,0.6036
FCC,0.596475
FCC,0.461877
FCC,0.577092
FCC,0.650351
FCC,0.737004
FCC,0.724867
FCC,0.331339
FCC,0.545672
FCC,0.256902
FCC,0.753766
FCC,0.676131
FCC,0.402026
FCC,0.529535
FCC,0.470358
FCC,0.356756
FCC,0.628982
FCC,0.651737
FCC,0.342032
FCC,0.46973
FCC,0.53223
FCC,0.504488
FCC,0.489465
FCC,0.299424
FCC,0.581705
FCC,0.641752
FCC,0.44464
FCC,0.465988
FCC,0.701232
FCC,0.528983
FCC,0.548932
FCC,0.375878
FCC,0.414639
FCC,0.508958
FCC,0.3861
FCC,0.515905
FCC,0.232151
FCC,0.564611
FCC,0.456389
FCC,0.206861
FCC,0.385806
FCC,0.485965
FCC,0.536353
FCC,0.504986
FCC,0.500609
FCC,0.495301
FCC,0.363594
FCC,0.443941
FCC,0.267618
FCC,0.340413
FCC,0.396447
FCC,0.458828
FCC,0.213242
FCC,0.438942
FCC,0.416849
FCC,0.264056
FCC,0.445736
FCC,0.309135
FCC,0.56287
FCC,0.294554
FCC,0.348204
FCC,0.516119
FCC,0.44925
FCC,0.323449
FCC,0.530549
FCC,0.281054
FCC,0.430785
FCC,0.548294
FCC,0.344581
FCC,0.514113
FCC,0.211711
FCC,0.253126
FCC,0.37193
FCC,0.413284
FCC,0.261536
FCC,0.545013
FCC,0.341773
FCC,0.378517
FCC,0.527129
FCC,0.36471
FCC,0.554553
FCC,0.163755
FCC,0.287141
FCC,0.409362
FCC,0.443945
FCC,0.307415
FCC,0.460425
FCC,0.362451
FCC,0.405729
FCC,0.502299
FCC,0.296126
FCC,0.600459
FCC,0.506949
FCC,0.383713
FCC,0.452316
FCC,0.529361
FCC,0.347426
FCC,0.660827
FCC,0.428363
FCC,0.511789
FCC,0.503661
FCC,0.153353
FCC,0.500475
FCC,0.190566
FCC,0.39708
FCC,0.481659
FCC,0.449465
FCC,0.40158
FCC,0.288218
FCC,0.324261
FCC,0.499039
FCC,0.366915
FCC,0.325278
FCC,0.456356
FCC,0.438718
FCC,0.416142
FCC,0.516642
FCC,0.50467
FCC,0.364527
FCC,0.255633
FCC,0.587036
FCC,0.48509
FCC,0.378928
FCC,0.455765
FCC,0.487357
FCC,0.268028
FCC,0.33881
FCC,0.33812
FCC,0.415319
FCC,0.407086
FCC,0.352624
FCC,0.450056
FCC,0.24307
FCC,0.469777
FCC,0.313529
FCC,0.393032
FCC,0.370206
FCC,0.480654
FCC,0.372602
FCC,0.445
FCC,0.365793
FCC,0.409665
FCC,0.428722
FCC,0.297325
FCC,0.37935
FCC,0.42747
FCC,0.314033
FCC,0.378168
FCC,0.436124
FCC,0.499082
FCC,0.391776
FCC,0.405276
FCC,0.426383
FCC,0.524652
FCC,0.239101
FCC,0.502582
FCC,0.419839
FCC,0.391209
FCC,0.25552
FCC,0.237718
FCC,0.372571
FCC,0.264416
FCC,0.340339
FCC,0.317092
FCC,0.333054
FCC,0.409697
FCC,0.420311
FCC,0.341767
FCC,0.452201
FCC,0.439544
FCC,0.333963
FCC,0.327405
FCC,0.378784
FCC,0.461289
FCC,0.459113
FCC,0.685821
FCC,0.529144
FCC,0.713675
FCC,0.6372
FCC,0.446245
FCC,0.592752
FCC,0.553097
FCC,0.32763
FCC,0.737491
FCC,0.410564
FCC,0.48494
FCC,0.518739
FCC,0.598665
FCC,0.329632
FCC,0.590136
FCC,0.352826
FCC,0.4774
FCC,0.54655
FCC,0.616956
FCC,0.638388
FCC,0.507132
FCC,0.568389
FCC,0.566775
FCC,0.458068
FCC,0.347182
FCC,0.461461
FCC,0.6287
FCC,0.622986
FCC,0.464088
FCC,0.560433
FCC,0.309359
FCC,0.4391
FCC,0.328007
FCC,0.373657
FCC,0.505349
FCC,0.644998
FCC,0.334234
FCC,0.475971
FCC,0.326537
FCC,0.576008
FCC,0.587892
FCC,0.264597
FCC,0.320351
FCC,0.509354
FCC,0.580927
FCC,0.25952
FCC,0.744476
FCC,0.522609
FCC,0.567646
FCC,0.478198
FCC,0.512686
FCC,0.330765
FCC,0.554974
FCC,0.510314
FCC,0.362391
FCC,0.635048
FCC,0.218487
FCC,0.483974
FCC,0.522915
FCC,0.326741
FCC,0.679525
FCC,0.409269
FCC,0.311987
FCC,0.526102
FCC,0.517461
FCC,0.305454
FCC,0.539737
FCC,0.422079
FCC,0.571957
FCC,0.553326
FCC,0.364211
FCC,0.445234
FCC,0.360093
FCC,0.349043
FCC,0.481326
FCC,0.484667
FCC,0.458021
FCC,0.270032
FCC,0.579194
FCC,0.54626
FCC,0.389978
FCC,0.397412
FCC,0.515215
FCC,0.454865
FCC,0.417901
FCC,0.600761
FCC,0.538198
FCC,0.297495
FCC,0.317562
FCC,0.390505
FCC,0.371097
FCC,0.483808
FCC,0.331156
FCC,0.351183
FCC,0.236124
FCC,0.378556
FCC,0.513391
FCC,0.575663
FCC,0.404965
FCC,0.329864
FCC,0.195838
FCC,0.378386
FCC,0.465534
FCC,0.427822
FCC,0.483012
FCC,0.275967
FCC,0.308039
FCC,0.510337
FCC,0.483686
FCC,0.367913
FCC,0.377914
FCC,0.385411
FCC,0.427304
FCC,0.379783
FCC,0.511722
FCC,0.431311
FCC,0.329011
FCC,0.415946
FCC,0.43381
FCC,0.351297
FCC,0.345007
FCC,0.160763
FCC,0.202976
FCC,0.270536
FCC,0.453551
FCC,0.370973
FCC,0.282868
FCC,0.312443
FCC,0.336182
FCC,0.509832
FCC,0.318511
FCC,0.717827
FCC,0.40019
FCC,0.353203
FCC,0.489598
FCC,0.42169
FCC,0.273889
FCC,0.319848
FCC,0.455184
FCC,0.485181
FCC,0.373056
FCC,0.389123
FCC,0.378884
FCC,0.427955
FCC,0.428915
FCC,0.312592
FCC,0.414913
FCC,0.413506
FCC,0.355684
FCC,0.610091
FCC,0.310442
FCC,0.471641
FCC,0.468207
FCC,0.251332
FCC,0.147367
FCC,0.466116
FCC,0.402866
FCC,0.373066
FCC,0.591354
FCC,0.362391
FCC,0.426416
FCC,0.445482
FCC,0.559238
FCC,0.369686
FCC,0.334754
FCC,0.462698
FCC,0.448154
FCC,0.398982
FCC,0.48059
FCC,0.521407
FCC,0.36602
FCC,0.299823
FCC,0.503021
FCC,0.451731
FCC,0.29405
FCC,0.534397
FCC,0.506427
FCC,0.411675
FCC,0.694067
FCC,0.623649
FCC,0.417375
FCC,0.646486
FCC,0.48669
FCC,0.529152
FCC,0.369984
FCC,0.803099
FCC,0.203191
FCC,0.503425
FCC,0.489128
FCC,0.509322
FCC,0.326272
FCC,0.664537
FCC,0.361417
FCC,0.529942
FCC,0.61117
FCC,0.633665
FCC,0.454111
FCC,0.555532
FCC,0.466385
FCC,0.590058
FCC,0.298593
FCC,0.298407
FCC,0.616611
FCC,0.556766
FCC,0.409443
FCC,0.490024
FCC,0.331073
FCC,0.42065
FCC,0.467027
FCC,0.382133
FCC,0.519361
FCC,0.501945
FCC,0.369065
FCC,0.448832
FCC,0.338072
FCC,0.523725
FCC,0.544351
FCC,0.574774
FCC,0.370223
FCC,0.529509
FCC,0.69291
FCC,0.366179
FCC,0.54705
FCC,0.313619
FCC,0.451456
FCC,0.627673
FCC,0.476379
FCC,0.389444
FCC,0.508763
FCC,0.498418
FCC,0.308515
FCC,0.529764
FCC,0.370564
FCC,0.522051
FCC,0.601649
FCC,0.367451
FCC,0.665243
FCC,0.450643
FCC,0.398021
FCC,0.400465
FCC,0.452283
FCC,0.311558
FCC,0.532829
FCC,0.328693
FCC,0.424396
FCC,0.5288
FCC,0.282191
FCC,0.366466
FCC,0.321486
FCC,0.303465
FCC,0.481379
FCC,0.5037
FCC,0.354434
FCC,0.271864
FCC,0.366775
FCC,0.367266
FCC,0.41169
FCC,0.270956
FCC,0.475707
FCC,0.232056
FCC,0.3801
FCC,0.514212
FCC,0.470182
FCC,0.394015
FCC,0.389863
FCC,0.36077
FCC,0.210332
FCC,0.42295
FCC,0.306061
FCC,0.314949
FCC,0.231725
FCC,0.240708
FCC,0.338389
FCC,0.459187
FCC,0.518835
FCC,0.473838
FCC,0.374767
FCC,0.476115
FCC,0.607421
FCC,0.266345
FCC,0.375226
FCC,0.224515
FCC,0.186655
FCC,0.493918
FCC,0.526028
FCC,0.241221
FCC,0.308044
FCC,0.21802
FCC,0.568981
FCC,0.490447
FCC,0.476748
FCC,0.477128
FCC,0.29077
FCC,0.27323
FCC,0.433134
FCC,0.384168
FCC,0.324958
FCC,0.416454
FCC,0.245346
FCC,0.444517
FCC,0.641862
FCC,0.300157
FCC,0.343134
FCC,0.293014
FCC,0.332363
FCC,0.440268
FCC,0.416501
FCC,0.571538
FCC,0.262485
FCC,0.372623
FCC,0.402192
FCC,0.298141
FCC,0.317185
FCC,0.280074
FCC,0.459848
FCC,0.419933
FCC,0.281542
FCC,0.3267
FCC,0.339136
FCC,0.372605
FCC,0.37937
FCC,0.285966
FCC,0.389616
FCC,0.408361
FCC,0.386422
FCC,0.445725
FCC,0.339064
FCC,0.462236
FCC,0.226213
FCC,0.290657
FCC,0.431612
FCC,0.39516
FCC,0.346227
FCC,0.245505
FCC,0.215697
FCC,0.363122
FCC,0.339669
FCC,0.432376
FCC,0.320041
FCC,0.306983
FCC,0.44654
FCC,0.372913
FCC,0.349882
FCC,0.456437
FCC,0.34959
FCC,0.363002
FCC,0.467673
FCC,0.357025
FCC,0.414276
FCC,0.281639
FCC,0.336235
FCC,0.632838
FCC,0.569677
FCC,0.578017
FCC,0.696455
FCC,0.55576
FCC,0.591199
FCC,0.541776
FCC,0.577636
FCC,0.307692
FCC,0.658844
FCC,0.277673
FCC,0.532704
FCC,0.486524
FCC,0.588357
FCC,0.316557
FCC,0.420074
FCC,0.111872
FCC,0.514672
FCC,0.429255
FCC,0.613898
FCC,0.637333
FCC,0.419761
FCC,0.550618
FCC,0.435266
FCC,0.527805
FCC,0.365681
FCC,0.405007
FCC,0.669952
FCC,0.56613
FCC,0.382294
FCC,0.463822
FCC,0.367415
FCC,0.445046
FCC,0.542855
FCC,0.440493
FCC,0.608003
FCC,0.582311
FCC,0.435383
FCC,0.522852
FCC,0.436467
FCC,0.572318
FCC,0.546822
FCC,0.410756
FCC,0.464884
FCC,0.619782
FCC,0.624856
FCC,0.412545
FCC,0.613678
FCC,0.435335
FCC,0.588888
FCC,0.618422
FCC,0.658451
FCC,0.390857
FCC,0.441225
FCC,0.636044
FCC,0.357863
FCC,0.58528
FCC,0.384114
FCC,0.460225
FCC,0.60634
FCC,0.360956
FCC,0.707169
FCC,0.33067
FCC,0.31648
FCC,0.521118
FCC,0.549279
FCC,0.371161
FCC,0.517189
FCC,0.400316
FCC,0.563991
FCC,0.49225
FCC,0.376321
FCC,0.454447
FCC,0.399877
FCC,0.280584
FCC,0.423277
FCC,0.422444
FCC,0.271644
FCC,0.610186
FCC,0.33637
FCC,0.517573
FCC,0.545693
FCC,0.228346
FCC,0.253297
FCC,0.396631
FCC,0.325199
FCC,0.378284
FCC,0.469182
FCC,0.334127
FCC,0.621708
FCC,0.357384
FCC,0.405271
FCC,0.424634
FCC,0.395934
FCC,0.361118
FCC,0.279106
FCC,0.260307
FCC,0.5329
FCC,0.620028
FCC,0.296213
FCC,0.593206
FCC,0.42418
FCC,0.47783
FCC,0.361959
FCC,0.301406
FCC,0.288378
FCC,0.191061
FCC,0.343203
FCC,0.600157
FCC,0.504871
FCC,0.377749
FCC,0.615018
FCC,0.356221
FCC,0.500641
FCC,0.45981
FCC,0.213617
FCC,0.350362
FCC,0.347141
FCC,0.294948
FCC,0.423811
FCC,0.502733
FCC,0.29303
FCC,0.576336
FCC,0.397135
FCC,0.437979
FCC,0.491596
FCC,0.169278
FCC,0.235449
FCC,0.240571
FCC,0.458778
FCC,0.530263
FCC,0.440644
FCC,0.341009
FCC,0.423045
FCC,0.492696
FCC,0.477054
FCC,0.245721
FCC,0.334523
FCC,0.340587
FCC,0.609033
FCC,0.453039
FCC,0.265891
FCC,0.255026
FCC,0.267305
FCC,0.445152
FCC,0.41842
FCC,0.310698
FCC,0.474095
FCC,0.285472
FCC,0.302961
FCC,0.327752
FCC,0.326681
FCC,0.466041
FCC,0.377222
FCC,0.393261
FCC,0.485128
FCC,0.453501
FCC,0.26903
FCC,0.417973
FCC,0.418961
FCC,0.354973
FCC,0.318252
FCC,0.45465
FCC,0.409198
FCC,0.455001
FCC,0.415396
FCC,0.432823
FCC,0.333804
FCC,0.369532
FCC,0.313051
FCC,0.398895
FCC,0.366745
FCC,0.345517
FCC,0.571288
FCC,0.28458
FCC,0.436416
FCC,0.523636
FCC,0.52132
FCC,0.581193
FCC,0.583193
FCC,0.463419
FCC,0.612722
FCC,0.407716
FCC,0.42431
FCC,0.567028
FCC,0.503073
FCC,0.274474
FCC,0.543222
FCC,0.348308
FCC,0.481731
FCC,0.47712
FCC,0.457867
FCC,0.415822
FCC,0.632026
FCC,0.409498
FCC,0.367795
FCC,0.4161
FCC,0.770039
FCC,0.543846
FCC,0.472072
FCC,0.545062
FCC,0.314094
FCC,0.397055
FCC,0.253675
FCC,0.358354
FCC,0.592511
FCC,0.498356
FCC,0.386938
FCC,0.370682
FCC,0.312627
FCC,0.627005
FCC,0.336786
FCC,0.390449
FCC,0.575275
FCC,0.624557
FCC,0.41415
FCC,0.690225
FCC,0.56803
FCC,0.628158
FCC,0.445101
FCC,0.488591
FCC,0.389305
FCC,0.701252
FCC,0.630244
FCC,0.458758
FCC,0.65902
FCC,0.371475
FCC,0.498471
FCC,0.456615
FCC,0.374272
FCC,0.572335
FCC,0.414073
FCC,0.568429
FCC,0.500741
FCC,0.513475
FCC,0.458581
FCC,0.576189
FCC,0.451103
FCC,0.477249
FCC,0.538479
FCC,0.447051
FCC,0.375966
FCC,0.401513
FCC,0.427076
FCC,0.396579
FCC,0.436491
FCC,0.27889
FCC,0.446154
FCC,0.55985
FCC,0.273765
FCC,0.358871
FCC,0.436681
FCC,0.312594
FCC,0.542667
FCC,0.445967
FCC,0.401718
FCC,0.448697
FCC,0.662654
FCC,0.511313
FCC,0.559077
FCC,0.397447
FCC,0.436656
FCC,0.395335
FCC,0.350727
FCC,0.461248
FCC,0.441649
FCC,0.447955
FCC,0.576751
FCC,0.271979
FCC,0.487479
FCC,0.527076
FCC,0.442679
FCC,0.457953
FCC,0.547091
FCC,0.262462
FCC,0.469552
FCC,0.565932
FCC,0.410521
FCC,0.468982
FCC,0.435123
FCC,0.493312
FCC,0.489531
FCC,0.282967
FCC,0.338182
FCC,0.252141
FCC,0.378415
FCC,0.496465
FCC,0.495322
FCC,0.378872
FCC,0.491424
FCC,0.352518
FCC,0.469781
FCC,0.38017
FCC,0.433615
FCC,0.490233
FCC,0.477652
FCC,0.395666
FCC,0.575537
FCC,0.379646
FCC,0.390093
FCC,0.363325
FCC,0.567704
FCC,0.374044
FCC,0.370826
FCC,0.292572
FCC,0.409272
FCC,0.236599
FCC,0.504901
FCC,0.521319
FCC,0.342966
FCC,0.653536
FCC,0.517354
FCC,0.450915
FCC,0.545029
FCC,0.40135
FCC,0.506859
FCC,0.371046
FCC,0.499542
FCC,0.387518
FCC,0.350189
FCC,0.47932
FCC,0.447513
FCC,0.460689
FCC,0.505694
FCC,0.37677
FCC,0.512946
FCC,0.413427
FCC,0.362193
FCC,0.399002
FCC,0.540119
FCC,0.534728
FCC,0.301563
FCC,0.377633
FCC,0.343126
FCC,0.357572
FCC,0.332869
FCC,0.36022
FCC,0.418264
FCC,0.311474
FCC,0.393291
FCC,0.326301
FCC,0.348653
FCC,0.36673
FCC,0.282355
FCC,0.389618
FCC,0.389856
FCC,0.364503
FCC,0.448199
FCC,0.388209
FCC,0.423703
FCC,0.367155
FCC,0.41829
FCC,0.395963
FCC,0.444556
FCC,0.461717
FCC,0.602408
FCC,0.661029
FCC,0.616368
FCC,0.580015
FCC,0.618063
FCC,0.487838
FCC,0.472688
FCC,0.452921
FCC,0.549538
FCC,0.360108
FCC,0.456916
FCC,0.56829
FCC,0.498395
FCC,0.326829
FCC,0.430404
FCC,0.363053
FCC,0.404371
FCC,0.533473
FCC,0.651938
FCC,0.372994
FCC,0.487388
FCC,0.335425
FCC,0.428173
FCC,0.280228
FCC,0.37891
FCC,0.570161
FCC,0.489524
FCC,0.340492
FCC,0.361421
FCC,0.264727
FCC,0.392896
FCC,0.439021
FCC,0.286097
FCC,0.460419
FCC,0.617877
FCC,0.414874
FCC,0.558263
FCC,0.552794
FCC,0.461341
FCC,0.469756
FCC,0.408501
FCC,0.381677
FCC,0.562062
FCC,0.635012
FCC,0.338966
FCC,0.54126
FCC,0.353819
FCC,0.582478
FCC,0.344422
FCC,0.303647
FCC,0.373077
FCC,0.530008
FCC,0.55496
FCC,0.475066
FCC,0.370862
FCC,0.33039
FCC,0.418834
FCC,0.422822
FCC,0.526896
FCC,0.581883
FCC,0.344504
FCC,0.399529
FCC,0.603622
FCC,0.378806
FCC,0.266377
FCC,0.536496
FCC,0.484577
FCC,0.461302
FCC,0.468806
FCC,0.401927
FCC,0.408497
FCC,0.405787
FCC,0.39339
FCC,0.339366
FCC,0.417054
FCC,0.275506
FCC,0.478948
FCC,0.40436
FCC,0.59272
FCC,0.561543
FCC,0.471843
FCC,0.49212
FCC,0.315836
FCC,0.313377
FCC,0.488659
FCC,0.549243
FCC,0.231632
FCC,0.567756
FCC,0.337025
FCC,0.510899
FCC,0.523922
FCC,0.3792
FCC,0.463898
FCC,0.468063
FCC,0.400514
FCC,0.455232
FCC,0.445848
FCC,0.38789
FCC,0.488085
FCC,0.354875
FCC,0.498848
FCC,0.452699
FCC,0.393747
FCC,0.5612
FCC,0.428866
FCC,0.321008
FCC,0.492003
FCC,0.454222
FCC,0.3901
FCC,0.521605
FCC,0.413524
FCC,0.307953
FCC,0.342703
FCC,0.286628
FCC,0.550071
FCC,0.345614
FCC,0.419958
FCC,0.43551
FCC,0.428694
FCC,0.395406
FCC,0.472719
FCC,0.359148
FCC,0.498766
FCC,0.332878
FCC,0.534365
FCC,0.396291
FCC,0.27713
FCC,0.493861
FCC,0.414949
FCC,0.333034
FCC,0.326
FCC,0.420355
FCC,0.223723
FCC,0.39052
FCC,0.292508
FCC,0.3093
FCC,0.392789
FCC,0.484269
FCC,0.385271
FCC,0.332526
FCC,0.390902
FCC,0.493268
FCC,0.319402
FCC,0.375379
FCC,0.435616
FCC,0.392017
FCC,0.334121
FCC,0.377669
FCC,0.411335
FCC,0.298195
FCC,0.442734
FCC,0.391713
FCC,0.336214
FCC,0.527554
FCC,0.341373
FCC,0.44187
FCC,0.426705
FCC,0.336462
FCC,0.355404
FCC,0.320196
FCC,0.411512
FCC,0.494651
FCC,0.425343
FCC,0.335504
FCC,0.459687
FCC,0.400121
FCC,0.441283
FCC,0.411133
FCC,0.354046
FCC,0.406315
FCC,0.630421
FCC,0.397887
FCC,0.366932
FCC,0.343184
FCC,0.62485
FCC,0.493195
FCC,0.567384
FCC,0.55381
FCC,0.502069
FCC,0.572249
FCC,0.549259
FCC,0.600083
FCC,0.390188
FCC,0.646615
FCC,0.255208
FCC,0.503554
FCC,0.584524
FCC,0.396047
FCC,0.51041
FCC,0.203224
FCC,0.37939
FCC,0.655371
FCC,0.58296
FCC,0.45844
FCC,0.640972
FCC,0.522047
FCC,0.550034
FCC,0.402807
FCC,0.436151
FCC,0.565592
FCC,0.781207
FCC,0.476693
FCC,0.610506
FCC,0.311185
FCC,0.604781
FCC,0.36902
FCC,0.418237
FCC,0.59077
FCC,0.629398
FCC,0.419322
FCC,0.509166
FCC,0.356857
FCC,0.472148
FCC,0.449163
FCC,0.394691
FCC,0.372619
FCC,0.552465
FCC,0.667774
FCC,0.409988
FCC,0.542177
FCC,0.571629
FCC,0.496999
FCC,0.548693
FCC,0.357106
FCC,0.301507
FCC,0.390633
FCC,0.50116
FCC,0.464647
FCC,0.51652
FCC,0.395381
FCC,0.402474
FCC,0.407236
FCC,0.428441
FCC,0.341324
FCC,0.308726
FCC,0.27953
FCC,0.412473
FCC,0.442397
FCC,0.355602
FCC,0.549186
FCC,0.62974
FCC,0.373402
FCC,0.470932
FCC,0.431539
FCC,0.521434
FCC,0.208942
FCC,0.298448
FCC,0.417785
FCC,0.606623
FCC,0.434405
FCC,0.499132
FCC,0.440195
FCC,0.425424
FCC,0.399717
FCC,0.108908
FCC,0.476554
FCC,0.440521
FCC,0.298618
FCC,0.39451
FCC,0.519465
FCC,0.263466
FCC,0.443892
FCC,0.442023
FCC,0.504485
FCC,0.454894
FCC,0.361277
FCC,0.55326
FCC,0.401767
FCC,0.417405
FCC,0.441135
FCC,0.524175
FCC,0.381316
FCC,0.243451
FCC,0.286174
FCC,0.428211
FCC,0.57019
FCC,0.382034
FCC,0.538606
FCC,0.571461
FCC,0.371125
FCC,0.416872
FCC,0.455137
FCC,0.347842
FCC,0.366446
FCC,0.315043
FCC,0.393818
FCC,0.496298
FCC,0.372698
FCC,0.417027
FCC,0.284332
FCC,0.314006
FCC,0.413984
FCC,0.504187
FCC,0.309454
FCC,0.439736
FCC,0.344689
FCC,0.296729
FCC,0.411869
FCC,0.325152
FCC,0.232958
FCC,0.290643
FCC,0.515202
FCC,0.431813
FCC,0.296654
FCC,0.36034
FCC,0.405616
FCC,0.247927
FCC,0.351914
FCC,0.348299
FCC,0.383906
FCC,0.251998
FCC,0.635407
FCC,0.320592
FCC,0.389329
FCC,0.42102
FCC,0.506563
FCC,0.405371
FCC,0.33736
FCC,0.423565
FCC,0.48518
FCC,0.541303
FCC,0.360355
FCC,0.323722
FCC,0.568382
FCC,0.357994
FCC,0.461859
FCC,0.316544
FCC,0.531352
FCC,0.577451
FCC,0.475738
FCC,0.620846
FCC,0.390119
FCC,0.451173
FCC,0.36726
FCC,0.522588
FCC,0.419148
FCC,0.529083
FCC,0.459664
FCC,0.604337
FCC,0.410203
FCC,0.472039
FCC,0.401214
FCC,0.332394
FCC,0.279379
FCC,0.514597
FCC,0.408494
FCC,0.274564
FCC,0.298452
FCC,0.731715
FCC,0.635102
FCC,0.497305
FCC,0.62281
FCC,0.518495
FCC,0.718236
FCC,0.5373
FCC,0.594415
FCC,0.426327
FCC,0.458455
FCC,0.22569
FCC,0.534689
FCC,0.600639
FCC,0.451958
FCC,0.645895
FCC,0.588003
FCC,0.436665
FCC,0.671436
FCC,0.627269
FCC,0.280392
FCC,0.641975
FCC,0.350727
FCC,0.595871
FCC,0.389977
FCC,0.356869
FCC,0.678345
FCC,0.721512
FCC,0.412038
FCC,0.72852
FCC,0.376226
FCC,0.648883
FCC,0.376545
FCC,0.570787
FCC,0.53453
FCC,0.574487
FCC,0.270408
FCC,0.43534
FCC,0.369059
FCC,0.531955
FCC,0.381804
FCC,0.306881
FCC,0.379915
FCC,0.659255
FCC,0.52483
FCC,0.372758
FCC,0.570795
FCC,0.221563
FCC,0.431267
FCC,0.480685
FCC,0.37048
FCC,0.439023
FCC,0.539166
FCC,0.640864
FCC,0.449043
FCC,0.433911
FCC,0.256569
FCC,0.523777
FCC,0.580839
FCC,0.412531
FCC,0.645799
FCC,0.297558
FCC,0.54736
FCC,0.445599
FCC,0.598789
FCC,0.464239
FCC,0.444353
FCC,0.441939
FCC,0.609369
FCC,0.459775
FCC,0.418546
FCC,0.474774
FCC,0.423031
FCC,0.266751
FCC,0.49608
FCC,0.502425
FCC,0.44239
FCC,0.499606
FCC,0.372747
FCC,0.347648
FCC,0.383018
FCC,0.208214
FCC,0.478128
FCC,0.335855
FCC,0.395451
FCC,0.508524
FCC,0.544992
FCC,0.435159
FCC,0.447822
FCC,0.254951
FCC,0.527768
FCC,0.489385
FCC,0.295622
FCC,0.463614
FCC,0.243825
FCC,0.275702
FCC,0.542083
FCC,0.510985
FCC,0.30446
FCC,0.419683
FCC,0.270607
FCC,0.386451
FCC,0.374467
FCC,0.359501
FCC,0.257803
FCC,0.252875
FCC,0.289866
FCC,0.376038
FCC,0.442367
FCC,0.307411
FCC,0.351189
FCC,0.427569
FCC,0.410154
FCC,0.454195
FCC,0.330926
FCC,0.48546
FCC,0.348511
FCC,0.389879
FCC,0.54198
FCC,0.446395
FCC,0.15561
FCC,0.628533
FCC,0.287711
FCC,0.442157
FCC,0.497648
FCC,0.275067
FCC,0.39387
FCC,0.226455
FCC,0.297012
FCC,0.435266
FCC,0.319276
FCC,0.443949
FCC,0.488994
FCC,0.386325
FCC,0.437285
FCC,0.291005
FCC,0.308293
FCC,0.359858
FCC,0.407814
FCC,0.644608
FCC,0.476079
FCC,0.349852
FCC,0.470287
FCC,0.459536
FCC,0.441233
FCC,0.427491
FCC,0.501403
FCC,0.38082
FCC,0.288935
FCC,0.331895
FCC,0.48697
FCC,0.389052
FCC,0.427623
FCC,0.202909
FCC,0.388071
FCC,0.421578
FCC,0.335678
FCC,0.308449
FCC,0.328864
FCC,0.402475
FCC,0.253596
FCC,0.563093
FCC,0.337119
FCC,0.368879
FCC,0.454539
FCC,0.283406
FCC,0.342806
FCC,0.471318
FCC,0.343376
FCC,0.389856
FCC,0.346436
FCC,0.381194
FCC,0.399036
FCC,0.31531
FCC,0.511989
FCC,0.530014
FCC,0.609741
FCC,0.593745
FCC,0.679753
FCC,0.574953
FCC,0.648018
FCC,0.689666
FCC,0.661936
FCC,0.472571
FCC,0.765669
FCC,0.600253
FCC,0.514313
FCC,0.694259
FCC,0.699813
FCC,0.391771
FCC,0.563645
FCC,0.470969
FCC,0.483064
FCC,0.36012
FCC,0.677861
FCC,0.746592
FCC,0.398666
FCC,0.743933
FCC,0.411809
FCC,0.478723
FCC,0.463072
FCC,0.367079
FCC,0.527628
FCC,0.700406
FCC,0.465135
FCC,0.702015
FCC,0.307356
FCC,0.449398
FCC,0.36523
FCC,0.542967
FCC,0.485243
FCC,0.599
FCC,0.437088
FCC,0.571584
FCC,0.281986
FCC,0.567084
FCC,0.527147
FCC,0.498781
FCC,0.435579
FCC,0.515277
FCC,0.559648
FCC,0.38949
FCC,0.56101
FCC,0.397027
FCC,0.56607
FCC,0.481776
FCC,0.315084
FCC,0.323124
FCC,0.519994
FCC,0.578179
FCC,0.333481
FCC,0.645986
FCC,0.450924
FCC,0.566342
FCC,0.42837
FCC,0.235916
FCC,0.464867
FCC,0.100152
FCC,0.417668
FCC,0.536737
FCC,0.666856
FCC,0.505056
FCC,0.609522
FCC,0.542661
FCC,0.568533
FCC,0.490655
FCC,0.329478
FCC,0.373984
FCC,0.296745
FCC,0.455929
FCC,0.517804
FCC,0.48812
FCC,0.391109
FCC,0.454901
FCC,0.243224
FCC,0.438106
FCC,0.490717
FCC,0.404425
FCC,0.460641
FCC,0.295741
FCC,0.326488
FCC,0.581928
FCC,0.54475
FCC,0.321769
FCC,0.59169
FCC,0.427171
FCC,0.487801
FCC,0.616943
FCC,0.360007
FCC,0.562353
FCC,0.448412
FCC,0.334127
FCC,0.298345
FCC,0.425347
FCC,0.352334
FCC,0.457327
FCC,0.342746
FCC,0.485915
FCC,0.399157
FCC,0.258237
FCC,0.456491
FCC,0.36959
FCC,0.271216
FCC,0.464758
FCC,0.383865
FCC,0.45717
FCC,0.318411
FCC,0.651185
FCC,0.402422
FCC,0.371791
FCC,0.35714
FCC,0.398442
FCC,0.367273
FCC,0.199056
FCC,0.400963
FCC,0.308591
FCC,0.323154
FCC,0.43733
FCC,0.346104
FCC,0.352495
FCC,0.428461
FCC,0.350848
FCC,0.459408
FCC,0.301129
FCC,0.514867
FCC,0.418275
FCC,0.441715
FCC,0.372405
FCC,0.402961
FCC,0.457856
FCC,0.407163
FCC,0.426019
FCC,0.511978
FCC,0.368471
FCC,0.552875
FCC,0.472293
FCC,0.432625
FCC,0.587573
FCC,0.456944
FCC,0.549381
FCC,0.359151
FCC,0.20571
FCC,0.465333
FCC,0.524551
FCC,0.407558
FCC,0.386041
FCC,0.42754
FCC,0.490356
FCC,0.397831
FCC,0.558284
FCC,0.463123
FCC,0.419311
FCC,0.41826
FCC,0.522116
FCC,0.459853
FCC,0.547171
FCC,0.412018
FCC,0.388968
FCC,0.478236
FCC,0.443843
FCC,0.475546
FCC,0.368347
FCC,0.3293
FCC,0.374687
FCC,0.307207
FCC,0.552424
FCC,0.414991
FCC,0.312614
FCC,0.378463
FCC,0.435206
FCC,0.441346
FCC,0.430565
FCC,0.633878
FCC,0.574514
FCC,0.643342
FCC,0.547474
FCC,0.578782
FCC,0.596958
FCC,0.403538
FCC,0.784293
FCC,0.435271
FCC,0.583209
FCC,0.533452
FCC,0.211659
FCC,0.513847
FCC,0.292929
FCC,0.459053
FCC,0.444464
FCC,0.471484
FCC,0.512869
FCC,0.431996
FCC,0.520197
FCC,0.628824
FCC,0.62774
FCC,0.579602
FCC,0.435557
FCC,0.624611
FCC,0.562405
FCC,0.457155
FCC,0.64886
FCC,0.529043
FCC,0.634077
FCC,0.496864
FCC,0.364804
FCC,0.517543
FCC,0.74978
FCC,0.404603
FCC,0.638019
FCC,0.387939
FCC,0.51579
FCC,0.511701
FCC,0.404212
FCC,0.47265
FCC,0.637184
FCC,0.554226
FCC,0.354837
FCC,0.54956
FCC,0.295021
FCC,0.502993
FCC,0.535286
FCC,0.288603
FCC,0.427123
FCC,0.557669
FCC,0.606412
FCC,0.32996
FCC,0.469475
FCC,0.354574
FCC,0.490965
FCC,0.494477
FCC,0.419926
FCC,0.188207
FCC,0.465011
FCC,0.435601
FCC,0.548182
FCC,0.500453
FCC,0.52016
FCC,0.517089
FCC,0.430246
FCC,0.371879
FCC,0.519004
FCC,0.355331
FCC,0.295461
FCC,0.533944
FCC,0.286972
FCC,0.376911
FCC,0.271322
FCC,0.422098
FCC,0.461003
FCC,0.470606
FCC,0.535651
FCC,0.262692
FCC,0.32994
FCC,0.478046
FCC,0.431225
FCC,0.366654
FCC,0.458823
FCC,0.454364
FCC,0.374086
FCC,0.394743
FCC,0.429129
FCC,0.496248
FCC,0.611394
FCC,0.442243
FCC,0.43028
FCC,0.519953
FCC,0.349368
FCC,0.318851
FCC,0.392871
FCC,0.31976
FCC,0.485471
FCC,0.430698
FCC,0.572979
FCC,0.658444
FCC,0.567544
FCC,0.428565
FCC,0.473399
FCC,0.360538
FCC,0.449022
FCC,0.504518
FCC,0.499001
FCC,0.762194
FCC,0.445642
FCC,0.482043
FCC,0.477005
FCC,0.404915
FCC,0.609748
FCC,0.521227
FCC,0.310929
FCC,0.323629
FCC,0.547271
FCC,0.226499
FCC,0.388785
FCC,0.274542
FCC,0.351446
FCC,0.503529
FCC,0.399404
FCC,0.231423
FCC,0.341311
FCC,0.397566
FCC,0.334499
FCC,0.325968
FCC,0.283964
FCC,0.525193
FCC,0.281249
FCC,0.499198
FCC,0.497307
FCC,0.473072
FCC,0.428082
FCC,0.335802
FCC,0.390154
FCC,0.382827
FCC,0.346905
FCC,0.564724
FCC,0.319374
FCC,0.475013
FCC,0.41333
FCC,0.496936
FCC,0.397738
FCC,0.471667
FCC,0.387889
FCC,0.457837
FCC,0.283229
FCC,0.492751
FCC,0.44866
FCC,0.52882
FCC,0.445149
FCC,0.54003
FCC,0.500802
FCC,0.371354
FCC,0.459685
FCC,0.469935
FCC,0.324619
FCC,0.460639
FCC,0.578543
FCC,0.454251
FCC,0.426973
FCC,0.366998
FCC,0.499209
FCC,0.402631
FCC,0.394792
FCC,0.360152
FCC,0.437028
FCC,0.355141
FCC,0.389201
FCC,0.428103
FCC,0.551049
FCC,0.523799
FCC,0.399239
FCC,0.501042
FCC,0.380505
FCC,0.575723
FCC,0.5101
FCC,0.415831
FCC,0.302576
FCC,0.671936
FCC,0.353352
FCC,0.480288
FCC,0.608441
FCC,0.589367
FCC,0.367908
FCC,0.66369
FCC,0.282248
FCC,0.52934
FCC,0.451538
FCC,0.455592
FCC,0.580341
FCC,0.387163
FCC,0.489021
FCC,0.386143
FCC,0.617207
FCC,0.463634
FCC,0.411329
FCC,0.582385
FCC,0.575781
FCC,0.396171
FCC,0.547613
FCC,0.330609
FCC,0.534452
FCC,0.333371
FCC,0.431602
FCC,0.689004
FCC,0.552104
FCC,0.405884
FCC,0.726499
FCC,0.469014
FCC,0.44312
FCC,0.536603
FCC,0.361364
FCC,0.32669
FCC,0.63161
FCC,0.501274
FCC,0.487687
FCC,0.614934
FCC,0.534124
FCC,0.582314
FCC,0.573193
FCC,0.504287
FCC,0.397925
FCC,0.51847
FCC,0.554864
FCC,0.420477
FCC,0.613856
FCC,0.51475
FCC,0.68676
FCC,0.576901
FCC,0.542552
FCC,0.568821
FCC,0.331148
FCC,0.267729
FCC,0.571389
FCC,0.408804
FCC,0.39003
FCC,0.54039
FCC,0.35169
FCC,0.493951
FCC,0.560853
FCC,0.41735
FCC,0.606907
FCC,0.248585
FCC,0.416913
FCC,0.508383
FCC,0.616486
FCC,0.603045
FCC,0.589144
FCC,0.409341
FCC,0.653602
FCC,0.568893
FCC,0.414634
FCC,0.715338
FCC,0.440085
FCC,0.397468
FCC,0.474526
FCC,0.574878
FCC,0.53023
FCC,0.442312
FCC,0.52517
FCC,0.548438
FCC,0.477567
FCC,0.409775
FCC,0.556159
FCC,0.268812
FCC,0.370403
FCC,0.58648
FCC,0.486142
FCC,0.434735
FCC,0.565455
FCC,0.491739
FCC,0.581917
FCC,0.506484
FCC,0.367049
FCC,0.382824
FCC,0.34246
FCC,0.408448
FCC,0.43697
FCC,0.47237
FCC,0.49137
FCC,0.443078
FCC,0.580616
FCC,0.385318
FCC,0.549488
FCC,0.41686
FCC,0.394836
FCC,0.447949
FCC,0.37623
FCC,0.423998
FCC,0.496576
FCC,0.33072
FCC,0.351402
FCC,0.490903
FCC,0.329623
FCC,0.474831
FCC,0.451942
FCC,0.4242
FCC,0.278216
FCC,0.507783
FCC,0.434298
FCC,0.442657
FCC,0.349344
FCC,0.374412
FCC,0.46878
FCC,0.585784
FCC,0.32905
FCC,0.318256
FCC,0.350015
FCC,0.304267
FCC,0.494331
FCC,0.323507
FCC,0.291745
FCC,0.429936
FCC,0.356282
FCC,0.401413
FCC,0.203308
FCC,0.265173
FCC,0.369947
FCC,0.428695
FCC,0.321841
FCC,0.318061
FCC,0.370091
FCC,0.256626
FCC,0.46578
FCC,0.331133
FCC,0.575179
FCC,0.368339
FCC,0.456139
FCC,0.457606
FCC,0.456535
FCC,0.308095
FCC,0.368237
FCC,0.40925
FCC,0.264192
FCC,0.530192
FCC,0.774651
FCC,0.370442
FCC,0.520432
FCC,0.567334
FCC,0.515891
FCC,0.345762
FCC,0.651393
FCC,0.445623
FCC,0.427228
FCC,0.424588
FCC,0.582525
4-coord,0.461318
4-coord,0.393957
4-coord,0.296383
4-coord,0.500834
4-coord,0.180811
4-coord,0.550221
4-coord,0.513248
4-coord,0.356943
4-coord,0.455344
4-coord,0.468171
4-coord,0.17033
4-coord,0.484479
4-coord,0.617805
4-coord,0.246446
4-coord,0.580408
4-coord,0.504772
4-coord,0.358368
4-coord,0.513639
4-coord,0.396778
4-coord,0.233854
4-coord,0.552595
4-coord,0.45287
4-coord,0.228551
4-coord,0.508617
4-coord,0.655803
4-coord,0.424231
4-coord,0.423222
4-coord,0.370955
4-coord,0.274081
4-coord,0.553857
4-coord,0.567427
4-coord,0.424821
4-coord,0.522968
4-coord,0.446456
4-coord,0.423118
4-coord,0.669382
4-coord,0.420233
4-coord,0.403934
4-coord,0.61939
4-coord,0.506675
4-coord,0.367921
4-coord,0.523125
4-coord,0.526105
4-coord,0.320427
4-coord,0.538884
4-coord,0.494853
4-coord,0.497771
4-coord,0.537623
4-coord,0.39805
4-coord,0.306177
4-coord,0.443523
4-coord,0.527822
4-coord,0.553072
4-coord,0.405754
4-coord,0.473116
4-coord,0.554401
4-coord,0.332002
4-coord,0.437747
4-coord,0.363372
4-coord,0.272109
4-coord,0.522671
4-coord,0.487221
4-coord,0.425821
4-coord,0.489862
4-coord,0.361412
4-coord,0.228882
4-coord,0.586363
4-coord,0.47518
4-coord,0.146645
4-coord,0.503728
4-coord,0.306811
4-coord,0.260873
4-coord,0.35534
4-coord,0.361938
4-coord,0.223588
4-coord,0.375332
4-coord,0.183244
4-coord,0.532277
4-coord,0.417733
4-coord,0.427999
4-coord,0.320667
4-coord,0.628237
4-coord,0.309598
4-coord,0.508731
4-coord,0.484091
4-coord,0.364051
4-coord,0.650197
4-coord,0.442875
4-coord,0.42611
4-coord,0.614912
4-coord,0.552544
4-coord,0.313502
4-coord,0.501199
4-coord,0.523091
4-coord,0.474741
4-coord,0.556385
4-coord,0.439884
4-coord,0.356881
4-coord,0.606291
4-coord,0.455769
4-coord,0.361795
4-coord,0.423101
4-coord,0.412034
4-coord,0.427085
4-coord,0.506215
4-coord,0.592994
4-coord,0.474657
4-coord,0.40868
4-coord,0.222346
4-coord,0.504855
4-coord,0.340645
4-coord,0.621879
4-coord,0.355221
4-coord,0.151301
4-coord,0.572712
4-coord,0.444418
4-coord,0.325074
4-coord,0.559109
4-coord,0.385291
4-coord,0.214091
4-coord,0.418106
4-coord,0.50528
4-coord,0.288348
4-coord,0.588263
4-coord,0.502989
4-coord,0.348821
4-coord,0.537822
4-coord,0.526338
4-coord,0.302779
4-coord,0.607575
4-coord,0.224643
4-coord,0.440326
4-coord,0.296855
4-coord,0.450288
4-coord,0.30952
4-coord,0.380985
4-coord,0.451702
4-coord,0.536112
4-coord,0.481103
4-coord,0.527239
4-coord,0.5604
4-coord,0.473887
4-coord,0.440653
4-coord,0.46553
4-coord,0.479996
4-coord,0.399757
4-coord,0.585702
4-coord,0.678506
4-coord,0.332747
4-coord,0.466423
4-coord,0.57831
4-coord,0.432254
4-coord,0.548893
4-coord,0.533649
4-coord,0.379608
4-coord,0.409497
4-coord,0.457175
4-coord,0.5303
4-coord,0.589333
4-coord,0.408144
4-coord,0.305641
4-coord,0.53012
4-coord,0.405938
4-coord,0.554665
4-coord,0.382053
4-coord,0.31296
4-coord,0.433263
4-coord,0.245695
4-coord,0.541463
4-coord,0.439452
4-coord,0.305817
4-coord,0.706426
4-coord,0.355832
4-coord,0.347745
4-coord,0.443795
4-coord,0.62797
4-coord,0.454683
4-coord,0.508009
4-coord,0.529113
4-coord,0.522892
4-coord,0.670112
4-coord,0.512443
4-coord,0.428697
4-coord,0.53126
4-coord,0.608314
4-coord,0.399355
4-coord,0.454812
4-coord,0.479998
4-coord,0.341708
4-coord,0.489949
4-coord,0.589986
4-coord,0.439508
4-coord,0.532136
4-coord,0.453259
4-coord,0.490416
4-coord,0.519339
4-coord,0.551442
4-coord,0.358525
4-coord,0.390208
4-coord,0.508177
4-coord,0.532902
4-coord,0.612762
4-coord,0.323045
4-coord,0.45262
4-coord,0.515724
4-coord,0.533443
4-coord,0.326031
4-coord,0.411485
4-coord,0.328246
4-coord,0.617109
4-coord,0.415272
4-coord,0.504738
4-coord,0.262155
4-coord,0.323285
4-coord,0.400452
4-coord,0.445824
4-coord,0.236294
4-coord,0.426008
4-coord,0.387248
4-coord,0.349293
4-coord,0.536539
4-coord,0.311989
4-coord,0.317242
4-coord,0.528735
4-coord,0.539937
4-coord,0.231378
4-coord,0.54197
4-coord,0.47786
4-coord,0.253969
4-coord,0.485221
4-coord,0.590855
4-coord,0.318448
4-coord,0.431479
4-coord,0.436377
4-coord,0.376231
4-coord,0.512926
4-coord,0.294199
4-coord,0.497321
4-coord,0.382541
4-coord,0.456729
4-coord,0.496897
4-coord,0.228587
4-coord,0.534329
4-coord,0.5012
4-coord,0.368887
4-coord,0.31896
4-coord,0.578563
4-coord,0.419878
4-coord,0.553297
4-coord,0.669077
4-coord,0.434724
4-coord,0.584587
4-coord,0.64555
4-coord,0.458434
4-coord,0.591547
4-coord,0.570327
4-coord,0.422504
4-coord,0.704323
4-coord,0.50061
4-coord,0.454812
4-coord,0.581534
4-coord,0.485766
4-coord,0.624865
4-coord,0.518724
4-coord,0.412782
4-coord,0.499175
4-coord,0.420806
4-coord,0.332996
4-coord,0.441991
4-coord,0.390641
4-coord,0.564509
4-coord,0.331202
4-coord,0.447429
4-coord,0.53023
4-coord,0.416133
4-coord,0.414366
4-coord,0.418197
4-coord,0.458335
4-coord,0.283984
4-coord,0.627872
4-coord,0.433319
4-coord,0.333815
4-coord,0.35149
4-coord,0.422423
4-coord,0.29867
4-coord,0.620718
4-coord,0.489226
4-coord,0.313112
4-coord,0.515832
4-coord,0.347925
4-coord,0.415178
4-coord,0.212436
4-coord,0.493397
4-coord,0.141056
4-coord,0.422712
4-coord,0.377578
4-coord,0.606096
4-coord,0.490362
4-coord,0.324018
4-coord,0.540829
4-coord,0.352825
4-coord,0.419413
4-coord,0.438906
4-coord,0.547983
4-coord,0.378868
4-coord,0.479738
4-coord,0.629792
4-coord,0.298928
4-coord,0.473652
4-coord,0.653106
4-coord,0.310795
4-coord,0.650021
4-coord,0.450386
4-coord,0.715675
4-coord,0.419895
4-coord,0.409339
4-coord,0.620315
4-coord,0.526686
4-coord,0.388377
4-coord,0.383474
4-coord,0.185963
4-coord,0.404373
4-coord,0.30774
4-coord,0.524386
4-coord,0.419028
4-coord,0.314689
4-coord,0.283996
4-coord,0.387682
4-coord,0.388888
4-coord,0.438163
4-coord,0.62558
4-coord,0.381699
4-coord,0.481071
4-coord,0.228605
4-coord,0.286032
4-coord,0.412282
4-coord,0.502979
4-coord,0.402025
4-coord,0.428066
4-coord,0.418407
4-coord,0.316223
4-coord,0.429921
4-coord,0.218264
4-coord,0.376028
4-coord,0.323201
4-coord,0.421852
4-coord,0.380743
4-coord,0.411254
4-coord,0.424369
4-coord,0.538483
4-coord,0.187821
4-coord,0.525739
4-coord,0.338453
4-coord,0.499726
4-coord,0.540194
4-coord,0.432047
4-coord,0.311801
4-coord,0.565377
4-coord,0.370196
4-coord,0.662872
4-coord,0.677195
4-coord,0.416709
4-coord,0.622272
4-coord,0.582002
4-coord,0.374004
4-coord,0.614026
4-coord,0.484991
4-coord,0.351774
4-coord,0.635471
4-coord,0.540423
4-coord,0.395125
4-coord,0.568147
4-coord,0.445038
4-coord,0.182589
4-coord,0.394161
4-coord,0.320048
4-coord,0.433269
4-coord,0.605039
4-coord,0.137032
4-coord,0.365545
4-coord,0.487524
4-coord,0.246178
4-coord,0.467097
4-coord,0.519224
4-coord,0.324717
4-coord,0.501946
4-coord,0.310771
4-coord,0.164083
4-coord,0.439342
4-coord,0.35475
4-coord,0.166048
4-coord,0.504435
4-coord,0.480065
4-coord,0.330373
4-coord,0.401475
4-coord,0.421099
4-coord,0.300842
4-coord,0.543299
4-coord,0.605953
4-coord,0.494737
4-coord,0.497324
4-coord,0.277908
4-coord,0.456134
4-coord,0.275316
4-coord,0.514135
4-coord,0.579917
4-coord,0.400666
4-coord,0.4645
4-coord,0.436918
4-coord,0.468774
4-coord,0.492614
4-coord,0.572554
4-coord,0.292936
4-coord,0.61794
4-coord,0.417938
4-coord,0.237932
4-coord,0.484353
4-coord,0.55039
4-coord,0.453948
4-coord,0.67705
4-coord,0.420042
4-coord,0.445086
4-coord,0.566361
4-coord,0.515311
4-coord,0.432597
4-coord,0.556295
4-coord,0.535302
4-coord,0.530723
4-coord,0.166099
4-coord,0.415828
4-coord,0.326746
4-coord,0.298261
4-coord,0.23239
4-coord,0.482023
4-coord,0.514416
4-coord,0.242036
4-coord,0.383098
4-coord,0.496957
4-coord,0.260222
4-coord,0.456642
4-coord,0.453069
4-coord,0.370719
4-coord,0.437318
4-coord,0.3625
4-coord,0.350971
4-coord,0.344175
4-coord,0.453556
4-coord,0.214383
4-coord,0.328315
4-coord,0.376522
4-coord,0.220297
4-coord,0.443306
4-coord,0.299119
4-coord,0.519422
4-coord,0.359621
4-coord,0.402331
4-coord,0.213211
4-coord,0.597051
4-coord,0.395598
4-coord,0.530291
4-coord,0.493997
4-coord,0.390865
4-coord,0.566942
4-coord,0.453207
4-coord,0.234715
4-coord,0.416805
4-coord,0.429391
4-coord,0.397788
4-coord,0.383523
4-coord,0.559156
4-coord,0.335904
4-coord,0.527803
4-coord,0.498037
4-coord,0.307024
4-coord,0.437727
4-coord,0.267692
4-coord,0.401967
4-coord,0.620962
4-coord,0.490825
4-coord,0.45959
4-coord,0.593056
4-coord,0.553668
4-coord,0.236459
4-coord,0.519871
4-coord,0.176662
4-coord,0.427272
4-coord,0.22585
4-coord,0.327023
4-coord,0.206337
4-coord,0.404764
4-coord,0.405985
4-coord,0.397898
4-coord,0.438207
4-coord,0.574854
4-coord,0.356449
4-coord,0.437698
4-coord,0.487517
4-coord,0.231856
4-coord,0.539691
4-coord,0.563035
4-coord,0.43963
4-coord,0.529982
4-coord,0.436376
4-coord,0.317149
4-coord,0.485239
4-coord,0.284512
4-coord,0.284924
4-coord,0.356701
4-coord,0.191295
4-coord,0.476523
4-coord,0.285698
4-coord,0.497657
4-coord,0.320302
4-coord,0.426838
4-coord,0.227466
4-coord,0.524593
4-coord,0.385568
4-coord,0.420708
4-coord,0.489889
4-coord,0.208054
4-coord,0.517241
4-coord,0.192418
4-coord,0.483022
4-coord,0.699036
4-coord,0.323783
4-coord,0.466329
4-coord,0.461832
4-coord,0.424586
4-coord,0.601751
4-coord,0.521855
4-coord,0.219248
4-coord,0.479169
4-coord,0.520193
4-coord,0.517064
4-coord,0.593794
4-coord,0.467617
4-coord,0.582305
4-coord,0.460231
4-coord,0.55106
4-coord,0.447419
4-coord,0.445963
4-coord,0.269984
4-coord,0.519635
4-coord,0.163501
4-coord,0.399837
4-coord,0.54009
4-coord,0.239141
4-coord,0.421331
4-coord,0.454852
4-coord,0.166532
4-coord,0.473434
4-coord,0.390136
4-coord,0.267642
4-coord,0.574236
4-coord,0.374681
4-coord,0.298859
4-coord,0.592536
4-coord,0.430288
4-coord,0.199689
4-coord,0.418036
4-coord,0.36392
4-coord,0.278771
4-coord,0.276462
4-coord,0.229774
4-coord,0.341852
4-coord,0.322303
4-coord,0.475455
4-coord,0.242286
4-coord,0.515137
4-coord,0.292775
4-coord,0.336531
4-coord,0.295525
4-coord,0.460434
4-coord,0.539765
4-coord,0.594964
4-coord,0.360906
4-coord,0.54555
4-coord,0.504245
4-coord,0.322603
4-coord,0.433587
4-coord,0.575577
4-coord,0.371563
4-coord,0.655269
4-coord,0.62108
4-coord,0.407638
4-coord,0.601452
4-coord,0.518615
4-coord,0.402837
4-coord,0.389235
4-coord,0.638477
4-coord,0.567371
4-coord,0.603131
4-coord,0.523156
4-coord,0.249539
4-coord,0.347468
4-coord,0.219179
4-coord,0.297792
4-coord,0.313831
4-coord,0.471755
4-coord,0.183694
4-coord,0.522632
4-coord,0.641247
4-coord,0.118149
4-coord,0.286125
4-coord,0.438601
4-coord,0.379234
4-coord,0.504052
4-coord,0.530251
4-coord,0.211443
4-coord,0.449285
4-coord,0.368914
4-coord,0.161094
4-coord,0.542906
4-coord,0.373973
4-coord,0.234701
4-coord,0.440088
4-coord,0.320048
4-coord,0.262016
4-coord,0.557942
4-coord,0.20114
4-coord,0.40681
4-coord,0.249695
4-coord,0.439308
4-coord,0.192352
4-coord,0.416841
4-coord,0.104924
4-coord,0.499141
4-coord,0.165393
4-coord,0.613329
4-coord,0.41339
4-coord,0.53213
4-coord,0.375965
4-coord,0.415386
4-coord,0.455678
4-coord,0.414441
4-coord,0.361755
4-coord,0.53566
4-coord,0.499871
4-coord,0.3229
4-coord,0.500094
4-coord,0.585218
4-coord,0.442049
4-coord,0.461414
4-coord,0.581219
4-coord,0.404885
4-coord,0.310029
4-coord,0.652897
4-coord,0.672738
4-coord,0.518257
4-coord,0.54929
4-coord,0.382142
4-coord,0.219653
4-coord,0.464766
4-coord,0.272221
4-coord,0.712358
4-coord,0.298873
4-coord,0.587696
4-coord,0.381192
4-coord,0.177459
4-coord,0.390308
4-coord,0.496356
4-coord,0.300153
4-coord,0.348453
4-coord,0.353702
4-coord,0.120234
4-coord,0.320712
4-coord,0.39261
4-coord,0.334668
4-coord,0.556251
4-coord,0.42172
4-coord,0.211676
4-coord,0.536168
4-coord,0.262807
4-coord,0.277213
4-coord,0.615301
4-coord,0.218304
4-coord,0.5269
4-coord,0.349556
4-coord,0.398343
4-coord,0.138549
4-coord,0.438471
4-coord,0.545063
4-coord,0.373792
4-coord,0.552282
4-coord,0.240904
4-coord,0.475444
4-coord,0.144097
4-coord,0.539658
4-coord,0.27786
4-coord,0.44935
4-coord,0.429124
4-coord,0.387744
4-coord,0.396446
4-coord,0.460828
4-coord,0.376468
4-coord,0.535318
4-coord,0.382751
4-coord,0.321896
4-coord,0.509576
4-coord,0.558345
4-coord,0.452522
4-coord,0.453265
4-coord,0.564271
4-coord,0.538719
4-coord,0.530884
4-coord,0.32146
4-coord,0.432998
4-coord,0.487424
4-coord,0.35523
4-coord,0.522896
4-coord,0.267197
4-coord,0.41094
4-coord,0.554615
4-coord,0.342402
4-coord,0.496494
4-coord,0.325571
4-coord,0.229942
4-coord,0.634234
4-coord,0.383804
4-coord,0.331842
4-coord,0.484729
4-coord,0.497225
4-coord,0.317516
4-coord,0.506293
4-coord,0.508358
4-coord,0.252448
4-coord,0.683061
4-coord,0.335698
4-coord,0.3928
4-coord,0.522567
4-coord,0.133435
4-coord,0.476229
4-coord,0.373792
4-coord,0.525282
4-coord,0.201194
4-coord,0.51174
4-coord,0.311478
4-coord,0.515566
4-coord,0.448911
4-coord,0.330642
4-coord,0.461116
4-coord,0.299634
4-coord,0.260607
4-coord,0.457044
4-coord,0.446636
4-coord,0.305134
4-coord,0.550348
4-coord,0.447942
4-coord,0.341901
4-coord,0.627695
4-coord,0.455103
4-coord,0.217029
4-coord,0.453506
4-coord,0.618859
4-coord,0.336253
4-coord,0.506431
4-coord,0.427404
4-coord,0.475249
4-coord,0.466968
4-coord,0.511353
4-coord,0.449594
4-coord,0.21764
4-coord,0.433136
4-coord,0.27134
4-coord,0.460826
4-coord,0.395339
4-coord,0.334024
4-coord,0.563517
4-coord,0.294194
4-coord,0.566952
4-coord,0.723761
4-coord,0.435256
4-coord,0.521692
4-coord,0.38571
4-coord,0.427072
4-coord,0.492081
4-coord,0.257138
4-coord,0.275113
4-coord,0.512852
4-coord,0.593732
4-coord,0.40585
4-coord,0.588829
4-coord,0.477452
4-coord,0.275332
4-coord,0.522251
4-coord,0.340101
4-coord,0.393794
4-coord,0.187715
4-coord,0.531892
4-coord,0.458593
4-coord,0.314147
4-coord,0.445748
4-coord,0.227141
4-coord,0.300136
4-coord,0.390372
4-coord,0.538395
4-coord,0.364561
4-coord,0.469902
4-coord,0.398228
4-coord,0.270855
4-coord,0.360595
4-coord,0.552094
4-coord,0.285179
4-coord,0.499251
4-coord,0.518682
4-coord,0.303082
4-coord,0.571909
4-coord,0.572692
4-coord,0.484586
4-coord,0.377199
4-coord,0.494572
4-coord,0.610452
4-coord,0.442651
4-coord,0.566865
4-coord,0.597783
4-coord,0.520165
4-coord,0.35219
4-coord,0.531424
4-coord,0.317007
4-coord,0.352527
4-coord,0.456295
4-coord,0.323239
4-coord,0.451925
4-coord,0.585499
4-coord,0.40036
4-coord,0.482691
4-coord,0.519546
4-coord,0.271559
4-coord,0.625207
4-coord,0.352617
4-coord,0.346531
4-coord,0.626384
4-coord,0.487593
4-coord,0.276238
4-coord,0.420619
4-coord,0.645528
4-coord,0.421834
4-coord,0.62683
4-coord,0.334769
4-coord,0.555675
4-coord,0.242137
4-coord,0.43173
4-coord,0.2851
4-coord,0.538549
4-coord,0.161125
4-coord,0.436554
4-coord,0.245579
4-coord,0.456361
4-coord,0.450651
4-coord,0.362453
4-coord,0.51889
4-coord,0.325368
4-coord,0.318811
4-coord,0.614106
4-coord,0.506193
4-coord,0.266109
4-coord,0.50715
4-coord,0.494088
4-coord,0.398669
4-coord,0.600464
4-coord,0.526031
4-coord,0.390663
4-coord,0.460618
4-coord,0.396835
4-coord,0.593169
4-coord,0.533888
4-coord,0.528758
4-coord,0.513374
4-coord,0.382924
4-coord,0.431254
4-coord,0.616443
4-coord,0.233019
4-coord,0.465856
4-coord,0.398429
4-coord,0.396398
4-coord,0.487551
4-coord,0.409803
4-coord,0.442779
4-coord,0.587346
4-coord,0.56754
4-coord,0.496138
4-coord,0.647578
4-coord,0.577964
4-coord,0.402346
4-coord,0.583423
4-coord,0.427431
4-coord,0.309164
4-coord,0.330335
4-coord,0.47812
4-coord,0.339792
4-coord,0.431931
4-coord,0.192989
4-coord,0.419645
4-coord,0.328981
4-coord,0.481247
4-coord,0.216763
4-coord,0.523066
4-coord,0.398082
4-coord,0.537128
4-coord,0.493317
4-coord,0.384459
4-coord,0.500665
4-coord,0.583447
4-coord,0.401992
4-coord,0.525488
4-coord,0.463106
4-coord,0.289026
4-coord,0.439773
4-coord,0.342023
4-coord,0.317714
4-coord,0.43795
4-coord,0.516894
4-coord,0.390124
4-coord,0.700382
4-coord,0.507861
4-coord,0.253089
4-coord,0.357836
4-coord,0.409396
4-coord,0.528424
4-coord,0.537444
4-coord,0.454305
4-coord,0.403755
4-coord,0.462839
4-coord,0.562961
4-coord,0.484445
4-coord,0.468425
4-coord,0.404159
4-coord,0.362555
4-coord,0.574636
4-coord,0.2519
4-coord,0.432644
4-coord,0.403089
4-coord,0.382393
4-coord,0.440586
4-coord,0.640833
4-coord,0.304865
4-coord,0.565113
4-coord,0.542273
4-coord,0.509132
4-coord,0.41489
4-coord,0.428844
4-coord,0.250392
4-coord,0.414152
4-coord,0.437595
4-coord,0.515091
4-coord,0.361258
4-coord,0.728446
4-coord,0.469783
4-coord,0.439464
4-coord,0.4241
4-coord,0.667269
4-coord,0.5055
4-coord,0.592858
4-coord,0.492228
4-coord,0.507929
4-coord,0.521478
4-coord,0.434678
4-coord,0.445148
4-coord,0.453136
4-coord,0.36571
4-coord,0.67361
4-coord,0.44291
4-coord,0.692148
4-coord,0.434846
4-coord,0.717388
4-coord,0.528397
4-coord,0.616215
4-coord,0.531966
4-coord,0.345195
4-coord,0.420413
4-coord,0.590461
4-coord,0.513694
4-coord,0.493845
4-coord,0.584866
4-coord,0.516679
4-coord,0.554753
4-coord,0.503861
4-coord,0.459522
4-coord,0.467223
4-coord,0.658441
4-coord,0.548965
4-coord,0.415449
4-coord,0.617962
4-coord,0.378354
4-coord,0.636064
4-coord,0.32451
4-coord,0.277897
4-coord,0.332914
4-coord,0.209814
4-coord,0.322051
4-coord,0.629604
4-coord,0.479515
4-coord,0.438937
4-coord,0.523018
4-coord,0.322752
4-coord,0.537175
4-coord,0.477108
4-coord,0.612037
4-coord,0.401598
4-coord,0.362848
4-coord,0.53085
4-coord,0.47952
4-coord,0.456918
4-coord,0.679917
4-coord,0.506568
4-coord,0.535365
4-coord,0.327471
4-coord,0.563466
4-coord,0.527486
4-coord,0.449313
4-coord,0.303004
4-coord,0.425665
4-coord,0.418168
4-coord,0.48435
4-coord,0.34544
4-coord,0.52758
4-coord,0.45357
4-coord,0.285889
4-coord,0.356764
4-coord,0.297672
4-coord,0.537474
4-coord,0.23029
4-coord,0.448069
4-coord,0.51723
4-coord,0.234993
4-coord,0.554542
4-coord,0.221927
4-coord,0.493754
4-coord,0.468641
4-coord,0.331062
4-coord,0.304086
4-coord,0.352542
4-coord,0.330057
4-coord,0.395313
4-coord,0.379634
4-coord,0.361216
4-coord,0.227786
4-coord,0.303033
4-coord,0.39877
4-coord,0.459925
4-coord,0.284667
4-coord,0.403326
4-coord,0.261231
4-coord,0.495766
4-coord,0.282263
4-coord,0.318707
4-coord,0.232513
4-coord,0.453477
4-coord,0.283943
4-coord,0.274836
4-coord,0.230565
4-coord,0.461677
4-coord,0.313853
4-coord,0.32019
4-coord,0.390339
4-coord,0.28559
4-coord,0.301926
4-coord,0.431388
4-coord,0.373145
4-coord,0.382077
4-coord,0.401347
4-coord,0.559952
4-coord,0.48956
4-coord,0.539293
4-coord,0.35568
4-coord,0.447863
4-coord,0.472246
4-coord,0.425286
4-coord,0.44538
4-coord,0.451696
4-coord,0.330174
4-coord,0.336333
4-coord,0.377512
4-coord,0.509506
4-coord,0.433279
4-coord,0.458026
4-coord,0.374171
4-coord,0.560634
4-coord,0.376542
4-coord,0.386485
4-coord,0.454466
4-coord,0.49326
4-coord,0.426662
4-coord,0.517544
4-coord,0.572912
4-coord,0.621209
4-coord,0.443489
4-coord,0.576939
4-coord,0.476752
4-coord,0.524506
4-coord,0.530042
4-coord,0.429472
4-coord,0.291027
4-coord,0.547519
4-coord,0.472184
4-coord,0.6711
4-coord,0.230886
4-coord,0.475301
4-coord,0.448105
4-coord,0.607277
4-coord,0.439239
4-coord,0.458102
4-coord,0.384958
4-coord,0.671717
4-coord,0.476023
4-coord,0.485502
4-coord,0.587475
4-coord,0.4481
4-coord,0.524307
4-coord,0.505866
4-coord,0.569405
4-coord,0.365606
4-coord,0.730713
4-coord,0.477806
4-coord,0.353838
4-coord,0.680099
4-coord,0.293025
4-coord,0.29068
4-coord,0.111413
4-coord,0.391074
4-coord,0.471932
4-coord,0.435783
4-coord,0.624591
4-coord,0.487489
4-coord,0.375814
4-coord,0.559803
4-coord,0.357958
4-coord,0.455629
4-coord,0.475028
4-coord,0.556293
4-coord,0.356983
4-coord,0.34207
4-coord,0.481669
4-coord,0.415116
4-coord,0.447428
4-coord,0.639388
4-coord,0.498033
4-coord,0.581142
4-coord,0.312461
4-coord,0.445698
4-coord,0.471632
4-coord,0.453684
4-coord,0.445355
4-coord,0.414262
4-coord,0.342266
4-coord,0.387781
4-coord,0.34673
4-coord,0.535469
4-coord,0.381762
4-coord,0.654061
4-coord,0.446987
4-coord,0.344465
4-coord,0.36463
4-coord,0.218606
4-coord,0.410212
4-coord,0.535385
4-coord,0.357167
4-coord,0.440988
4-coord,0.382816
4-coord,0.376338
4-coord,0.344103
4-coord,0.338751
4-coord,0.318451
4-coord,0.317421
4-coord,0.291689
4-coord,0.435119
4-coord,0.347399
4-coord,0.553014
4-coord,0.237862
4-coord,0.415715
4-coord,0.410841
4-coord,0.330157
4-coord,0.248344
4-coord,0.510835
4-coord,0.265912
4-coord,0.519331
4-coord,0.287804
4-coord,0.385205
4-coord,0.334294
4-coord,0.349813
4-coord,0.337237
4-coord,0.481923
4-coord,0.30039
4-coord,0.439197
4-coord,0.367089
4-coord,0.487846
4-coord,0.324715
4-coord,0.334128
4-coord,0.460031
4-coord,0.463366
4-coord,0.395988
4-coord,0.450623
4-coord,0.30814
4-coord,0.425192
4-coord,0.594989
4-coord,0.472249
4-coord,0.564624
4-coord,0.459534
4-coord,0.46471
4-coord,0.40543
4-coord,0.327593
4-coord,0.571788
4-coord,0.439494
4-coord,0.468904
4-coord,0.47347
4-coord,0.322425
4-coord,0.40604
4-coord,0.269092
4-coord,0.378474
4-coord,0.308793
4-coord,0.397982
4-coord,0.466443
4-coord,0.422865
4-coord,0.410237
4-coord,0.460563
4-coord,0.445808
4-coord,0.461376
4-coord,0.557769
4-coord,0.47817
4-coord,0.552074
4-coord,0.409429
4-coord,0.339218
4-coord,0.555987
4-coord,0.410627
4-coord,0.46468
4-coord,0.395082
4-coord,0.333049
4-coord,0.596902
4-coord,0.557566
4-coord,0.563467
4-coord,0.291094
4-coord,0.702884
4-coord,0.46042
4-coord,0.363484
4-coord,0.524868
4-coord,0.464653
4-coord,0.473901
4-coord,0.523468
4-coord,0.402177
4-coord,0.305183
4-coord,0.568758
4-coord,0.306303
4-coord,0.450637
4-coord,0.497023
4-coord,0.456667
4-coord,0.520161
4-coord,0.696244
4-coord,0.381856
4-coord,0.440007
4-coord,0.406056
4-coord,0.507715
4-coord,0.401222
4-coord,0.365077
4-coord,0.502211
4-coord,0.517529
4-coord,0.713796
4-coord,0.357621
4-coord,0.431431
4-coord,0.340386
4-coord,0.60672
4-coord,0.348708
4-coord,0.502492
4-coord,0.613839
4-coord,0.581895
4-coord,0.444988
4-coord,0.631567
4-coord,0.280997
4-coord,0.517435
4-coord,0.396059
4-coord,0.541525
4-coord,0.513572
4-coord,0.588977
4-coord,0.361874
4-coord,0.543351
4-coord,0.498225
4-coord,0.582126
4-coord,0.319565
4-coord,0.565681
4-coord,0.425998
4-coord,0.533499
4-coord,0.406057
4-coord,0.491118
4-coord,0.512547
4-coord,0.515499
4-coord,0.451754
4-coord,0.401715
4-coord,0.382589
4-coord,0.445395
4-coord,0.472455
4-coord,0.470382
4-coord,0.294631
4-coord,0.374051
4-coord,0.636721
4-coord,0.494447
4-coord,0.369291
4-coord,0.574741
4-coord,0.438464
4-coord,0.494847
4-coord,0.262915
4-coord,0.443239
4-coord,0.395211
4-coord,0.363777
4-coord,0.618417
4-coord,0.509982
4-coord,0.416317
4-coord,0.509369
4-coord,0.298969
4-coord,0.449722
4-coord,0.454122
4-coord,0.418704
4-coord,0.335669
4-coord,0.379287
4-coord,0.273152
4-coord,0.475355
4-coord,0.443374
4-coord,0.514761
4-coord,0.490875
4-coord,0.432672
4-coord,0.458827
4-coord,0.35616
4-coord,0.260764
4-coord,0.383233
4-coord,0.435169
4-coord,0.300517
4-coord,0.426695
4-coord,0.492836
4-coord,0.499574
4-coord,0.361987
4-coord,0.605615
4-coord,0.555823
4-coord,0.391148
4-coord,0.549153
4-coord,0.375589
4-coord,0.353774
4-coord,0.341921
4-coord,0.427189
4-coord,0.448264
4-coord,0.329176
4-coord,0.486752
4-coord,0.559904
4-coord,0.207215
4-coord,0.608758
4-coord,0.380866
4-coord,0.463449
4-coord,0.382951
4-coord,0.418392
4-coord,0.308055
4-coord,0.443302
4-coord,0.38432
4-coord,0.335712
4-coord,0.643862
4-coord,0.47899
4-coord,0.538094
4-coord,0.492862
4-coord,0.410426
4-coord,0.526372
4-coord,0.269668
4-coord,0.522252
4-coord,0.395175
4-coord,0.479755
4-coord,0.357207
4-coord,0.736868
4-coord,0.466803
4-coord,0.38486
4-coord,0.406713
4-coord,0.684374
4-coord,0.566452
4-coord,0.431996
4-coord,0.665035
4-coord,0.299153
4-coord,0.407208
4-coord,0.609302
4-coord,0.482988
4-coord,0.411054
4-coord,0.565393
4-coord,0.40218
4-coord,0.357127
4-coord,0.410158
4-coord,0.623266
4-coord,0.399344
4-coord,0.320781
4-coord,0.537462
4-coord,0.447552
4-coord,0.419495
4-coord,0.262533
4-coord,0.352307
4-coord,0.685556
4-coord,0.361788
4-coord,0.614605
4-coord,0.355938
4-coord,0.687763
4-coord,0.449728
4-coord,0.523193
4-coord,0.609601
4-coord,0.477246
4-coord,0.469447
4-coord,0.554663
4-coord,0.420255
4-coord,0.636385
4-coord,0.409139
4-coord,0.514763
4-coord,0.43255
4-coord,0.682252
4-coord,0.409647
4-coord,0.543538
4-coord,0.560718
4-coord,0.541527
4-coord,0.424039
4-coord,0.595944
4-coord,0.510945
4-coord,0.624374
4-coord,0.580526
4-coord,0.57604
4-coord,0.547235
4-coord,0.420227
4-coord,0.645498
4-coord,0.69078
4-coord,0.382493
4-coord,0.538474
4-coord,0.308538
4-coord,0.414491
4-coord,0.481479
4-coord,0.337007
4-coord,0.62106
4-coord,0.434279
4-coord,0.43024
4-coord,0.561695
4-coord,0.481319
4-coord,0.464375
4-coord,0.42174
4-coord,0.462026
4-coord,0.333979
4-coord,0.429561
4-coord,0.44477
4-coord,0.573261
4-coord,0.253476
4-coord,0.513847
4-coord,0.329527
4-coord,0.320011
4-coord,0.309319
4-coord,0.365888
4-coord,0.352945
4-coord,0.398314
4-coord,0.289161
4-coord,0.324989
4-coord,0.467488
4-coord,0.356073
4-coord,0.386314
4-coord,0.302376
4-coord,0.486384
4-coord,0.322394
4-coord,0.457015
4-coord,0.440818
4-coord,0.396993
4-coord,0.331184
4-coord,0.441491
4-coord,0.304732
4-coord,0.641796
4-coord,0.204371
4-coord,0.498679
4-coord,0.364501
4-coord,0.303378
4-coord,0.414766
4-coord,0.332141
4-coord,0.378252
4-coord,0.370391
4-coord,0.289207
4-coord,0.420724
4-coord,0.367171
4-coord,0.424418
4-coord,0.510698
4-coord,0.419138
4-coord,0.36516
4-coord,0.333184
4-coord,0.484179
4-coord,0.370425
4-coord,0.428099
4-coord,0.393017
4-coord,0.479597
4-coord,0.37574
4-coord,0.575555
4-coord,0.43922
4-coord,0.257381
4-coord,0.444939
4-coord,0.563926
4-coord,0.359953
4-coord,0.614945
4-coord,0.289194
4-coord,0.508661
4-coord,0.399009
4-coord,0.271121
4-coord,0.292004
4-coord,0.40482
4-coord,0.28387
4-coord,0.343444
4-coord,0.14808
4-coord,0.497264
4-coord,0.396543
4-coord,0.34356
4-coord,0.37744
4-coord,0.236975
4-coord,0.219168
4-coord,0.625336
4-coord,0.286368
4-coord,0.534775
4-coord,0.405309
4-coord,0.291411
4-coord,0.373492
4-coord,0.319806
4-coord,0.30553
4-coord,0.520609
4-coord,0.444421
4-coord,0.41324
4-coord,0.431751
4-coord,0.514039
4-coord,0.447825
4-coord,0.631683
4-coord,0.445845
4-coord,0.735779
4-coord,0.610241
4-coord,0.599959
4-coord,0.621223
4-coord,0.492149
4-coord,0.512866
4-coord,0.654978
4-coord,0.422973
4-coord,0.439209
4-coord,0.392628
4-coord,0.605537
4-coord,0.432955
4-coord,0.465452
4-coord,0.512332
4-coord,0.446179
4-coord,0.320209
4-coord,0.682035
4-coord,0.442658
4-coord,0.54423
4-coord,0.322336
4-coord,0.540819
4-coord,0.395474
4-coord,0.479951
4-coord,0.293462
4-coord,0.478113
4-coord,0.474671
4-coord,0.46126
4-coord,0.564473
4-coord,0.465385
4-coord,0.461849
4-coord,0.515825
4-coord,0.437754
4-coord,0.39059
4-coord,0.333362
4-coord,0.384679
4-coord,0.553741
4-coord,0.395772
4-coord,0.408571
4-coord,0.336895
4-coord,0.50031
4-coord,0.425785
4-coord,0.270103
4-coord,0.387791
4-coord,0.340669
4-coord,0.534197
4-coord,0.470746
4-coord,0.498498
4-coord,0.235225
4-coord,0.515688
4-coord,0.387821
4-coord,0.364064
4-coord,0.36103
4-coord,0.432888
4-coord,0.245027
4-coord,0.339608
4-coord,0.309154
4-coord,0.330193
4-coord,0.431442
4-coord,0.436645
4-coord,0.378563
4-coord,0.268268
4-coord,0.484237
4-coord,0.255611
4-coord,0.327979
4-coord,0.362803
4-coord,0.507212
4-coord,0.389007
4-coord,0.539273
4-coord,0.472721
4-coord,0.481433
4-coord,0.164933
4-coord,0.190538
4-coord,0.473502
4-coord,0.208857
4-coord,0.248585
4-coord,0.322445
4-coord,0.391136
4-coord,0.431551
4-coord,0.436707
4-coord,0.397867
4-coord,0.414759
4-coord,0.519369
4-coord,0.646935
4-coord,0.329529
4-coord,0.421633
4-coord,0.372272
4-coord,0.419093
4-coord,0.312185
4-coord,0.402674
4-coord,0.426278
4-coord,0.288004
4-coord,0.234357
4-coord,0.546413
4-coord,0.440131
4-coord,0.324757
4-coord,0.413387
4-coord,0.517306
4-coord,0.301526
4-coord,0.352265
4-coord,0.304808
4-coord,0.612804
4-coord,0.545142
4-coord,0.448227
4-coord,0.319206
4-coord,0.477806
4-coord,0.171295
4-coord,0.305216
4-coord,0.307326
4-coord,0.409477
4-coord,0.168836
4-coord,0.331881
4-coord,0.385263
4-coord,0.445145
4-coord,0.43614
4-coord,0.457043
4-coord,0.451534
4-coord,0.230652
4-coord,0.283843
4-coord,0.36848
4-coord,0.315096
4-coord,0.318246
4-coord,0.405204
4-coord,0.407908
4-coord,0.220792
4-coord,0.392528
4-coord,0.447497
4-coord,0.333941
4-coord,0.370094
4-coord,0.67592
4-coord,0.368439
4-coord,0.512156
4-coord,0.425643
4-coord,0.532662
4-coord,0.379948
4-coord,0.232842
4-coord,0.566847
4-coord,0.550995
4-coord,0.479737
4-coord,0.528171
4-coord,0.344891
4-coord,0.432106
4-coord,0.475054
4-coord,0.65034
4-coord,0.293968
4-coord,0.501572
4-coord,0.362881
4-coord,0.509575
4-coord,0.296086
4-coord,0.584518
4-coord,0.370656
4-coord,0.463908
4-coord,0.310941
4-coord,0.439118
4-coord,0.337299
4-coord,0.556072
4-coord,0.462288
4-coord,0.328089
4-coord,0.398453
4-coord,0.406898
4-coord,0.434971
4-coord,0.564444
4-coord,0.33847
4-coord,0.467336
4-coord,0.291604
4-coord,0.44494
4-coord,0.49307
4-coord,0.351093
4-coord,0.444793
4-coord,0.318592
4-coord,0.426786
4-coord,0.362042
4-coord,0.447204
4-coord,0.341182
4-coord,0.434663
4-coord,0.461054
4-coord,0.258309
4-coord,0.50383
4-coord,0.396056
4-coord,0.358415
4-coord,0.347662
4-coord,0.304062
4-coord,0.34076
4-coord,0.360821
4-coord,0.24771
4-coord,0.459288
4-coord,0.265821
4-coord,0.281681
4-coord,0.324234
4-coord,0.333464
4-coord,0.315271
4-coord,0.488093
4-coord,0.318174
4-coord,0.293357
4-coord,0.311633
4-coord,0.337968
4-coord,0.452243
4-coord,0.358192
4-coord,0.311221
4-coord,0.296358
4-coord,0.228612
4-coord,0.262466
4-coord,0.356146
4-coord,0.344489
4-coord,0.189671
4-coord,0.338322
4-coord,0.216376
4-coord,0.30475
4-coord,0.287846
4-coord,0.52494
4-coord,0.374901
4-coord,0.374985
4-coord,0.566422
4-coord,0.295305
4-coord,0.237024
4-coord,0.498574
4-coord,0.158244
4-coord,0.406521
4-coord,0.260639
4-coord,0.353792
4-coord,0.272171
4-coord,0.442348
4-coord,0.28179
4-coord,0.361236
4-coord,0.342746
4-coord,0.286469
4-coord,0.340885
4-coord,0.566647
4-coord,0.458876
4-coord,0.474244
4-coord,0.266762
4-coord,0.504339
4-coord,0.365005
4-coord,0.606087
4-coord,0.335627
4-coord,0.480034
4-coord,0.3393
4-coord,0.283265
4-coord,0.217629
4-coord,0.5634
4-coord,0.389508
4-coord,0.283055
4-coord,0.645483
4-coord,0.441464
4-coord,0.470486
4-coord,0.505045
4-coord,0.332149
4-coord,0.251885
4-coord,0.559884
4-coord,0.415336
4-coord,0.305243
4-coord,0.468116
4-coord,0.648605
4-coord,0.408104
4-coord,0.346366
4-coord,0.262556
4-coord,0.323113
4-coord,0.404523
4-coord,0.432398
4-coord,0.613764
4-coord,0.683348
4-coord,0.442564
4-coord,0.658139
4-coord,0.311583
4-coord,0.521116
4-coord,0.423004
4-coord,0.434043
4-coord,0.614584
4-coord,0.377646
4-coord,0.28441
4-coord,0.601632
4-coord,0.495645
4-coord,0.72873
4-coord,0.50654
4-coord,0.361484
4-coord,0.476649
4-coord,0.455253
4-coord,0.225024
4-coord,0.460149
4-coord,0.372137
4-coord,0.608185
4-coord,0.383573
4-coord,0.489733
4-coord,0.303354
4-coord,0.545385
4-coord,0.39487
4-coord,0.438309
4-coord,0.474694
4-coord,0.342995
4-coord,0.489604
4-coord,0.492906
4-coord,0.404362
4-coord,0.387114
4-coord,0.427857
4-coord,0.355661
4-coord,0.294345
4-coord,0.269242
4-coord,0.389178
4-coord,0.368864
4-coord,0.495508
4-coord,0.584133
4-coord,0.328318
4-coord,0.393124
4-coord,0.405828
4-coord,0.457048
4-coord,0.232658
4-coord,0.389997
4-coord,0.421276
4-coord,0.459314
4-coord,0.371242
4-coord,0.300242
4-coord,0.414329
4-coord,0.40609
4-coord,0.213121
4-coord,0.567384
4-coord,0.400324
4-coord,0.505628
4-coord,0.199167
4-coord,0.366203
4-coord,0.358881
4-coord,0.226114
4-coord,0.400384
4-coord,0.304652
4-coord,0.45793
4-coord,0.394528
4-coord,0.416157
4-coord,0.458847
4-coord,0.495313
4-coord,0.388592
4-coord,0.340048
4-coord,0.426629
4-coord,0.364833
4-coord,0.270847
4-coord,0.497608
4-coord,0.568942
4-coord,0.481791
4-coord,0.502868
4-coord,0.286225
4-coord,0.602255
4-coord,0.392335
4-coord,0.350109
4-coord,0.478379
4-coord,0.440605
4-coord,0.323104
4-coord,0.475489
4-coord,0.228298
4-coord,0.462301
4-coord,0.371594
4-coord,0.494147
4-coord,0.341499
4-coord,0.350738
4-coord,0.455971
4-coord,0.400475
4-coord,0.348883
4-coord,0.583077
4-coord,0.439745
4-coord,0.513878
4-coord,0.560959
4-coord,0.591423
4-coord,0.289045
4-coord,0.525491
4-coord,0.456492
4-coord,0.441557
4-coord,0.386177
4-coord,0.610261
4-coord,0.29981
4-coord,0.429161
4-coord,0.359107
4-coord,0.49411
4-coord,0.25726
4-coord,0.551353
4-coord,0.237623
4-coord,0.33161
4-coord,0.519437
4-coord,0.310621
4-coord,0.317838
4-coord,0.495298
4-coord,0.507411
4-coord,0.375467
4-coord,0.630319
4-coord,0.368488
4-coord,0.404776
4-coord,0.29284
4-coord,0.335053
4-coord,0.207844
4-coord,0.390317
4-coord,0.534539
4-coord,0.358462
4-coord,0.43041
4-coord,0.33527
4-coord,0.71884
4-coord,0.50884
4-coord,0.563295
4-coord,0.389403
4-coord,0.408398
4-coord,0.555806
4-coord,0.48216
4-coord,0.644535
4-coord,0.477541
4-coord,0.277089
4-coord,0.552035
4-coord,0.499256
4-coord,0.366039
4-coord,0.348731
4-coord,0.492749
4-coord,0.586687
4-coord,0.462338
4-coord,0.476849
4-coord,0.561224
4-coord,0.47779
4-coord,0.561334
4-coord,0.305362
4-coord,0.479984
4-coord,0.29895
4-coord,0.449434
4-coord,0.346246
4-coord,0.340498
4-coord,0.458603
4-coord,0.435215
4-coord,0.663631
4-coord,0.523363
4-coord,0.327824
4-coord,0.339353
4-coord,0.506731
4-coord,0.469842
4-coord,0.290292
4-coord,0.386765
4-coord,0.464708
4-coord,0.35916
4-coord,0.309667
4-coord,0.382837
4-coord,0.172922
4-coord,0.34164
4-coord,0.319228
4-coord,0.461914
4-coord,0.342659
4-coord,0.348209
4-coord,0.246598
4-coord,0.392935
4-coord,0.296689
4-coord,0.264153
4-coord,0.42385
4-coord,0.283559
4-coord,0.340232
4-coord,0.389494
4-coord,0.240056
4-coord,0.337847
4-coord,0.303255
4-coord,0.302415
4-coord,0.29945
4-coord,0.381184
4-coord,0.321834
4-coord,0.408666
4-coord,0.392787
4-coord,0.360521
4-coord,0.49125
4-coord,0.436054
4-coord,0.311252
4-coord,0.455442
4-coord,0.478888
4-coord,0.328568
4-coord,0.502291
4-coord,0.24084
4-coord,0.502661
4-coord,0.485614
4-coord,0.331724
4-coord,0.445232
4-coord,0.211935
4-coord,0.358324
4-coord,0.379502
4-coord,0.323841
4-coord,0.354539
4-coord,0.397756
4-coord,0.288228
4-coord,0.392886
4-coord,0.10055
4-coord,0.367785
4-coord,0.278289
4-coord,0.346445
4-coord,0.300222
4-coord,0.427807
4-coord,0.326667
4-coord,0.425792
4-coord,0.387124
4-coord,0.355056
4-coord,0.506334
4-coord,0.345853
4-coord,0.430162
4-coord,0.593213
4-coord,0.303233
4-coord,0.379352
4-coord,0.427887
4-coord,0.52101
4-coord,0.204
4-coord,0.526623
4-coord,0.379408
4-coord,0.604148
4-coord,0.326798
4-coord,0.305062
4-coord,0.185405
4-coord,0.403338
4-coord,0.22486
4-coord,0.238813
4-coord,0.538157
4-coord,0.356347
4-coord,0.36677
4-coord,0.609707
4-coord,0.297295
4-coord,0.091821
4-coord,0.613318
4-coord,0.405764
4-coord,0.287849
4-coord,0.304259
4-coord,0.399992
4-coord,0.248291
4-coord,0.22758
4-coord,0.441796
4-coord,0.314477
4-coord,0.328597
4-coord,0.455623
4-coord,0.494933
4-coord,0.329774
4-coord,0.532837
4-coord,0.315573
4-coord,0.571643
4-coord,0.307542
4-coord,0.563944
4-coord,0.481259
4-coord,0.458113
4-coord,0.522738
4-coord,0.490149
4-coord,0.52949
4-coord,0.582961
4-coord,0.359333
4-coord,0.434115
4-coord,0.44482
4-coord,0.588657
4-coord,0.398535
4-coord,0.402777
4-coord,0.347064
4-coord,0.506542
4-coord,0.424609
4-coord,0.457791
4-coord,0.229855
4-coord,0.60358
4-coord,0.297681
4-coord,0.36018
4-coord,0.396055
4-coord,0.361938
4-coord,0.404086
4-coord,0.417932
4-coord,0.29697
4-coord,0.388078
4-coord,0.515845
4-coord,0.535156
4-coord,0.444932
4-coord,0.410324
4-coord,0.509543
4-coord,0.209819
4-coord,0.256019
4-coord,0.437614
4-coord,0.164687
4-coord,0.375746
4-coord,0.373717
4-coord,0.490603
4-coord,0.292959
4-coord,0.432933
4-coord,0.379345
4-coord,0.408631
4-coord,0.364965
4-coord,0.424724
4-coord,0.26192
4-coord,0.378071
4-coord,0.307722
4-coord,0.353486
4-coord,0.265209
4-coord,0.479296
4-coord,0.317012
4-coord,0.461995
4-coord,0.243193
4-coord,0.179865
4-coord,0.326507
4-coord,0.373708
4-coord,0.274393
4-coord,0.40291
4-coord,0.551095
4-coord,0.498964
4-coord,0.342553
4-coord,0.445166
4-coord,0.409883
4-coord,0.391503
4-coord,0.360826
4-coord,0.319788
4-coord,0.470511
4-coord,0.299806
4-coord,0.333215
4-coord,0.53815
4-coord,0.136296
4-coord,0.500749
4-coord,0.349382
4-coord,0.365068
4-coord,0.232259
4-coord,0.447684
4-coord,0.428673
4-coord,0.483474
4-coord,0.282872
4-coord,0.464701
4-coord,0.208448
4-coord,0.466096
4-coord,0.214215
4-coord,0.366467
4-coord,0.189099
4-coord,0.550181
4-coord,0.28872
4-coord,0.395132
4-coord,0.500827
4-coord,0.490424
4-coord,0.491428
4-coord,0.532258
4-coord,0.194305
4-coord,0.450581
4-coord,0.27897
4-coord,0.434631
4-coord,0.127453
4-coord,0.470879
4-coord,0.346917
4-coord,0.507225
4-coord,0.245265
4-coord,0.514305
4-coord,0.231271
4-coord,0.634432
4-coord,0.321514
4-coord,0.33787
4-coord,0.567295
4-coord,0.421789
4-coord,0.349313
4-coord,0.558691
4-coord,0.323121
4-coord,0.270098
4-coord,0.467497
4-coord,0.288505
4-coord,0.230573
4-coord,0.4062
4-coord,0.372413
4-coord,0.444464
4-coord,0.374072
4-coord,0.392384
4-coord,0.238547
4-coord,0.320192
4-coord,0.482801
4-coord,0.489041
4-coord,0.32743
4-coord,0.376808
4-coord,0.483273
4-coord,0.57039
4-coord,0.266086
4-coord,0.412479
4-coord,0.643518
4-coord,0.525194
4-coord,0.374701
4-coord,0.477486
4-coord,0.553021
4-coord,0.576567
4-coord,0.426678
4-coord,0.63413
4-coord,0.534572
4-coord,0.523646
4-coord,0.254918
4-coord,0.472258
4-coord,0.431339
4-coord,0.449392
4-coord,0.390453
4-coord,0.475597
4-coord,0.323713
4-coord,0.619471
4-coord,0.336421
4-coord,0.391366
4-coord,0.477363
4-coord,0.47158
4-coord,0.355426
4-coord,0.423895
4-coord,0.409707
4-coord,0.51524
4-coord,0.393902
4-coord,0.371962
4-coord,0.389913
4-coord,0.350841
4-coord,0.456184
4-coord,0.301973
4-coord,0.301103
4-coord,0.413812
4-coord,0.249588
4-coord,0.437076
4-coord,0.318722
4-coord,0.424845
4-coord,0.271778
4-coord,0.311923
4-coord,0.296692
4-coord,0.27812
4-coord,0.301419
4-coord,0.305105
4-coord,0.36069
4-coord,0.308283
4-coord,0.200741
4-coord,0.278709
4-coord,0.296206
4-coord,0.312086
4-coord,0.341324
4-coord,0.534328
4-coord,0.435767
4-coord,0.418826
4-coord,0.370904
4-coord,0.418266
4-coord,0.420654
4-coord,0.383946
4-coord,0.472149
4-coord,0.337952
4-coord,0.311156
4-coord,0.354279
4-coord,0.452
4-coord,0.419355
4-coord,0.415281
4-coord,0.322304
4-coord,0.482848
4-coord,0.273135
4-coord,0.276891
4-coord,0.512903
4-coord,0.275923
4-coord,0.483738
4-coord,0.427369
4-coord,0.544387
4-coord,0.381
4-coord,0.424923
4-coord,0.276232
4-coord,0.494732
4-coord,0.157686
4-coord,0.270107
4-coord,0.254944
4-coord,0.415327
4-coord,0.394217
4-coord,0.314851
4-coord,0.319793
4-coord,0.436912
4-coord,0.313828
4-coord,0.536512
4-coord,0.498312
4-coord,0.309198
4-coord,0.53789
4-coord,0.545291
4-coord,0.29669
4-coord,0.39004
4-coord,0.345792
4-coord,0.495571
4-coord,0.310746
4-coord,0.555311
4-coord,0.263212
4-coord,0.443452
4-coord,0.553779
4-coord,0.407878
4-coord,0.253466
4-coord,0.365324
4-coord,0.341439
4-coord,0.276955
4-coord,0.525209
4-coord,0.283958
4-coord,0.385855
4-coord,0.50338
4-coord,0.350023
4-coord,0.26518
4-coord,0.495579
4-coord,0.243923
4-coord,0.324175
4-coord,0.340395
4-coord,0.237715
4-coord,0.187481
4-coord,0.246467
4-coord,0.343518
4-coord,0.32065
4-coord,0.323192
4-coord,0.404552
4-coord,0.641924
4-coord,0.33936
4-coord,0.520971
4-coord,0.53091
4-coord,0.674407
4-coord,0.482863
4-coord,0.312238
4-coord,0.699557
4-coord,0.412067
4-coord,0.315955
4-coord,0.560239
4-coord,0.435606
4-coord,0.316336
4-coord,0.521702
4-coord,0.496696
4-coord,0.544876
4-coord,0.38002
4-coord,0.46266
4-coord,0.398624
4-coord,0.41468
4-coord,0.314031
4-coord,0.6127
4-coord,0.319686
4-coord,0.659488
4-coord,0.603879
4-coord,0.514063
4-coord,0.454494
4-coord,0.429306
4-coord,0.353262
4-coord,0.527189
4-coord,0.357949
4-coord,0.542132
4-coord,0.39454
4-coord,0.476169
4-coord,0.350445
4-coord,0.415533
4-coord,0.39946
4-coord,0.347287
4-coord,0.131245
4-coord,0.358454
4-coord,0.363298
4-coord,0.428634
4-coord,0.422405
4-coord,0.397656
4-coord,0.216037
4-coord,0.404932
4-coord,0.284654
4-coord,0.35881
4-coord,0.247715
4-coord,0.428427
4-coord,0.252738
4-coord,0.465106
4-coord,0.168063
4-coord,0.429253
4-coord,0.253689
4-coord,0.442227
4-coord,0.368159
4-coord,0.372939
4-coord,0.506722
4-coord,0.418597
4-coord,0.459512
4-coord,0.334105
4-coord,0.32299
4-coord,0.532978
4-coord,0.400493
4-coord,0.228697
4-coord,0.468826
4-coord,0.464225
4-coord,0.366298
4-coord,0.464024
4-coord,0.28053
4-coord,0.2786
4-coord,0.393778
4-coord,0.322107
4-coord,0.199574
4-coord,0.405506
4-coord,0.119784
4-coord,0.466306
4-coord,0.256909
4-coord,0.379967
4-coord,0.32691
4-coord,0.352914
4-coord,0.453333
4-coord,0.430403
4-coord,0.346512
4-coord,0.457523
4-coord,0.409408
4-coord,0.408918
4-coord,0.283591
4-coord,0.429484
4-coord,0.274936
4-coord,0.441726
4-coord,0.352543
4-coord,0.553228
4-coord,0.449178
4-coord,0.303534
4-coord,0.41284
4-coord,0.308339
4-coord,0.220344
4-coord,0.406048
4-coord,0.333075
4-coord,0.66564
4-coord,0.280855
4-coord,0.365036
4-coord,0.346899
4-coord,0.377201
4-coord,0.219581
4-coord,0.2224
4-coord,0.286153
4-coord,0.396828
4-coord,0.353069
4-coord,0.284264
4-coord,0.580788
4-coord,0.434952
4-coord,0.286293
4-coord,0.410733
4-coord,0.307326
4-coord,0.296463
4-coord,0.541781
4-coord,0.413418
4-coord,0.264019
4-coord,0.391141
4-coord,0.351942
4-coord,0.405755
4-coord,0.197474
4-coord,0.246874
4-coord,0.539455
4-coord,0.667969
4-coord,0.369367
4-coord,0.304792
4-coord,0.729226
4-coord,0.432873
4-coord,0.749978
4-coord,0.307347
4-coord,0.666755
4-coord,0.504245
4-coord,0.404226
4-coord,0.595126
4-coord,0.577802
4-coord,0.408106
4-coord,0.48255
4-coord,0.253309
4-coord,0.505349
4-coord,0.465652
4-coord,0.516952
4-coord,0.511283
4-coord,0.464656
4-coord,0.484073
4-coord,0.467216
4-coord,0.328067
4-coord,0.645016
4-coord,0.250625
4-coord,0.410476
4-coord,0.363363
4-coord,0.659605
4-coord,0.412485
4-coord,0.412193
4-coord,0.446844
4-coord,0.394151
4-coord,0.428482
4-coord,0.449274
4-coord,0.448561
4-coord,0.334225
4-coord,0.43277
4-coord,0.446727
4-coord,0.361862
4-coord,0.397998
4-coord,0.516148
4-coord,0.335665
4-coord,0.330248
4-coord,0.420902
4-coord,0.232782
4-coord,0.397263
4-coord,0.380684
4-coord,0.462173
4-coord,0.507926
4-coord,0.573527
4-coord,0.340859
4-coord,0.419189
4-coord,0.431667
4-coord,0.337585
4-coord,0.204094
4-coord,0.474573
4-coord,0.37183
4-coord,0.301908
4-coord,0.283488
4-coord,0.417156
4-coord,0.411911
4-coord,0.422252
4-coord,0.478628
4-coord,0.538662
4-coord,0.371887
4-coord,0.51839
4-coord,0.369201
4-coord,0.371412
4-coord,0.373313
4-coord,0.306985
4-coord,0.326673
4-coord,0.475658
4-coord,0.411321
4-coord,0.234319
4-coord,0.227719
4-coord,0.215969
4-coord,0.490729
4-coord,0.558373
4-coord,0.495225
4-coord,0.656014
4-coord,0.505209
4-coord,0.436631
4-coord,0.504489
4-coord,0.316381
4-coord,0.394478
4-coord,0.496792
4-coord,0.569457
4-coord,0.264178
4-coord,0.256437
4-coord,0.498327
4-coord,0.220326
4-coord,0.333457
4-coord,0.259237
4-coord,0.529716
4-coord,0.434592
4-coord,0.490144
4-coord,0.438587
4-coord,0.621043
4-coord,0.538911
4-coord,0.529186
4-coord,0.523548
4-coord,0.325284
4-coord,0.349522
4-coord,0.443243
4-coord,0.263274
4-coord,0.622971
4-coord,0.314415
4-coord,0.296275
4-coord,0.197752
4-coord,0.472715
4-coord,0.414822
4-coord,0.470843
4-coord,0.469128
4-coord,0.515803
4-coord,0.350841
4-coord,0.257092
4-coord,0.522905
4-coord,0.513185
4-coord,0.398452
4-coord,0.58562
4-coord,0.439335
4-coord,0.35622
4-coord,0.559321
4-coord,0.374497
4-coord,0.218266
4-coord,0.256568
4-coord,0.366179
4-coord,0.293045
4-coord,0.453876
4-coord,0.106634
4-coord,0.43366
4-coord,0.658458
4-coord,0.381856
4-coord,0.368175
4-coord,0.561972
4-coord,0.250217
4-coord,0.45201
4-coord,0.409103
4-coord,0.691868
4-coord,0.412643
4-coord,0.423301
4-coord,0.435408
4-coord,0.414077
4-coord,0.432247
4-coord,0.514624
4-coord,0.441663
4-coord,0.571367
4-coord,0.383868
4-coord,0.5962
4-coord,0.513399
4-coord,0.575289
4-coord,0.186984
4-coord,0.513505
4-coord,0.268888
4-coord,0.612593
4-coord,0.294313
4-coord,0.459474
4-coord,0.420802
4-coord,0.614022
4-coord,0.503986
4-coord,0.497621
4-coord,0.514617
4-coord,0.249088
4-coord,0.437389
4-coord,0.402426
4-coord,0.324448
4-coord,0.388622
4-coord,0.48908
4-coord,0.469425
4-coord,0.234095
4-coord,0.420798
4-coord,0.52375
4-coord,0.384978
4-coord,0.340857
4-coord,0.410216
4-coord,0.436177
4-coord,0.293928
4-coord,0.354538
4-coord,0.584412
4-coord,0.387118
4-coord,0.476378
4-coord,0.280361
4-coord,0.48531
4-coord,0.37395
4-coord,0.626897
4-coord,0.323134
4-coord,0.587603
4-coord,0.365375
4-coord,0.509261
4-coord,0.377482
4-coord,0.408685
4-coord,0.380047
4-coord,0.379647
4-coord,0.403884
4-coord,0.405694
4-coord,0.341491
4-coord,0.245883
4-coord,0.527036
4-coord,0.510619
4-coord,0.384087
4-coord,0.398029
4-coord,0.329138
4-coord,0.27402
4-coord,0.219155
4-coord,0.331567
4-coord,0.548879
4-coord,0.473731
4-coord,0.416748
4-coord,0.342709
4-coord,0.352026
4-coord,0.535081
4-coord,0.376639
4-coord,0.396005
4-coord,0.281024
4-coord,0.395621
4-coord,0.321177
4-coord,0.204503
4-coord,0.450024
4-coord,0.299104
4-coord,0.420241
4-coord,0.381698
4-coord,0.475168
4-coord,0.465101
4-coord,0.364772
4-coord,0.416471
4-coord,0.346677
4-coord,0.540125
4-coord,0.410421
4-coord,0.38797
4-coord,0.364115
4-coord,0.403996
4-coord,0.377351
4-coord,0.497865
4-coord,0.368861
4-coord,0.45451
4-coord,0.459833
4-coord,0.573237
4-coord,0.321366
4-coord,0.431463
4-coord,0.382144
4-coord,0.486439
4-coord,0.435881
4-coord,0.513947
4-coord,0.399853
4-coord,0.532949
4-coord,0.483402
4-coord,0.341419
4-coord,0.695691
4-coord,0.348548
4-coord,0.296178
4-coord,0.536071
4-coord,0.302584
4-coord,0.419465
4-coord,0.475406
4-coord,0.494166
4-coord,0.434835
4-coord,0.359681
4-coord,0.541242
4-coord,0.521247
4-coord,0.238446
4-coord,0.357731
4-coord,0.480796
4-coord,0.408956
4-coord,0.338452
4-coord,0.576879
4-coord,0.387485
4-coord,0.452559
4-coord,0.320117
4-coord,0.539986
4-coord,0.397941
4-coord,0.278855
4-coord,0.709363
4-coord,0.481857
4-coord,0.342267
4-coord,0.408368
4-coord,0.293182
4-coord,0.548408
4-coord,0.308584
4-coord,0.430983
4-coord,0.310896
4-coord,0.542599
4-coord,0.365401
4-coord,0.545153
4-coord,0.277663
4-coord,0.333576
4-coord,0.315465
4-coord,0.579368
4-coord,0.374089
4-coord,0.45987
4-coord,0.502629
4-coord,0.311391
4-coord,0.480929
4-coord,0.475897
4-coord,0.485353
4-coord,0.581259
4-coord,0.517683
4-coord,0.517908
4-coord,0.366844
4-coord,0.534774
4-coord,0.515549
4-coord,0.416829
4-coord,0.352193
4-coord,0.393828
4-coord,0.30271
4-coord,0.376546
4-coord,0.417259
4-coord,0.359197
4-coord,0.421869
4-coord,0.411514
4-coord,0.337401
4-coord,0.481066
4-coord,0.288265
4-coord,0.355089
4-coord,0.264461
4-coord,0.263693
4-coord,0.402766
4-coord,0.392445
4-coord,0.340539
4-coord,0.533648
4-coord,0.176501
4-coord,0.39399
4-coord,0.357387
4-coord,0.329444
4-coord,0.44413
4-coord,0.370724
4-coord,0.29623
4-coord,0.364081
4-coord,0.353272
4-coord,0.421867
4-coord,0.45438
4-coord,0.441084
4-coord,0.378661
4-coord,0.394269
4-coord,0.380455
4-coord,0.440623
4-coord,0.483098
4-coord,0.50119
4-coord,0.519017
4-coord,0.463238
4-coord,0.294472
4-coord,0.429665
4-coord,0.389752
4-coord,0.388303
4-coord,0.29355
4-coord,0.322168
4-coord,0.391205
4-coord,0.430438
4-coord,0.481988
4-coord,0.345171
4-coord,0.246835
4-coord,0.507568
4-coord,0.378815
4-coord,0.569418
4-coord,0.411738
4-coord,0.574175
4-coord,0.405042
4-coord,0.55105
4-coord,0.501114
4-coord,0.398729
4-coord,0.536725
4-coord,0.485481
4-coord,0.449894
4-coord,0.477842
4-coord,0.313384
4-coord,0.49453
4-coord,0.438786
4-coord,0.510786
4-coord,0.186968
4-coord,0.43282
4-coord,0.391161
4-coord,0.609946
4-coord,0.409811
4-coord,0.414026
4-coord,0.25128
4-coord,0.392306
4-coord,0.375046
4-coord,0.194545
4-coord,0.475063
4-coord,0.441587
4-coord,0.21064
4-coord,0.550817
4-coord,0.520282
4-coord,0.312867
4-coord,0.60572
4-coord,0.450439
4-coord,0.361219
4-coord,0.28756
4-coord,0.631165
4-coord,0.315696
4-coord,0.363706
4-coord,0.273317
4-coord,0.347812
4-coord,0.190529
4-coord,0.334751
4-coord,0.317275
4-coord,0.555171
4-coord,0.345855
4-coord,0.546303
4-coord,0.321671
4-coord,0.467334
4-coord,0.472183
4-coord,0.407503
4-coord,0.604578
4-coord,0.440837
4-coord,0.28819
4-coord,0.54737
4-coord,0.481627
4-coord,0.408146
4-coord,0.362624
4-coord,0.436624
4-coord,0.418326
4-coord,0.504183
4-coord,0.416426
4-coord,0.463137
4-coord,0.394355
4-coord,0.500238
4-coord,0.407747
4-coord,0.520988
4-coord,0.324501
4-coord,0.668855
4-coord,0.492675
4-coord,0.507387
4-coord,0.440175
4-coord,0.465564
4-coord,0.466392
4-coord,0.439145
4-coord,0.42004
4-coord,0.543386
4-coord,0.397551
4-coord,0.430127
4-coord,0.464503
4-coord,0.366901
4-coord,0.618767
4-coord,0.407651
4-coord,0.289036
4-coord,0.443902
4-coord,0.473729
4-coord,0.456195
4-coord,0.428088
4-coord,0.576305
4-coord,0.259851
4-coord,0.621718
4-coord,0.229935
4-coord,0.290899
4-coord,0.442779
4-coord,0.554945
4-coord,0.313568
4-coord,0.459823
4-coord,0.242838
4-coord,0.337427
4-coord,0.277424
4-coord,0.596489
4-coord,0.264858
4-coord,0.28037
4-coord,0.40707
4-coord,0.293484
4-coord,0.268262
4-coord,0.489014
4-coord,0.279491
4-coord,0.385494
4-coord,0.480756
4-coord,0.237234
4-coord,0.302254
4-coord,0.441989
4-coord,0.41924
4-coord,0.46889
4-coord,0.584744
4-coord,0.390084
4-coord,0.451855
4-coord,0.475049
4-coord,0.492721
4-coord,0.402923
4-coord,0.261067
4-coord,0.585925
4-coord,0.484285
4-coord,0.560397
4-coord,0.549405
4-coord,0.566987
4-coord,0.30358
4-coord,0.366319
4-coord,0.326041
4-coord,0.541855
4-coord,0.389288
4-coord,0.553148
4-coord,0.36524
4-coord,0.566005
4-coord,0.481965
4-coord,0.473566
4-coord,0.389239
4-coord,0.6669
4-coord,0.47385
4-coord,0.444513
4-coord,0.620143
4-coord,0.571628
4-coord,0.390425
4-coord,0.521145
4-coord,0.48291
4-coord,0.59016
4-coord,0.314979
4-coord,0.5047
4-coord,0.365949
4-coord,0.563775
4-coord,0.482571
4-coord,0.586472
4-coord,0.386706
4-coord,0.535988
4-coord,0.428951
4-coord,0.389033
4-coord,0.593876
4-coord,0.41248
4-coord,0.447468
4-coord,0.496792
4-coord,0.474821
4-coord,0.448076
4-coord,0.631842
4-coord,0.611005
4-coord,0.292563
4-coord,0.619631
4-coord,0.444543
4-coord,0.645253
4-coord,0.285528
4-coord,0.42498
4-coord,0.362888
4-coord,0.388283
4-coord,0.228932
4-coord,0.337514
4-coord,0.422886
4-coord,0.663369
4-coord,0.363386
4-coord,0.718236
4-coord,0.539451
4-coord,0.51154
4-coord,0.479729
4-coord,0.391349
4-coord,0.499442
4-coord,0.381445
4-coord,0.455246
4-coord,0.522636
4-coord,0.398841
4-coord,0.526246
4-coord,0.552825
4-coord,0.681943
4-coord,0.511608
4-coord,0.554934
4-coord,0.381808
4-coord,0.506668
4-coord,0.382041
4-coord,0.573872
4-coord,0.490182
4-coord,0.562621
4-coord,0.389802
4-coord,0.659804
4-coord,0.339654
4-coord,0.335334
4-coord,0.465386
4-coord,0.393334
4-coord,0.426802
4-coord,0.360652
4-coord,0.458655
4-coord,0.616374
4-coord,0.465468
4-coord,0.420517
4-coord,0.335119
4-coord,0.414954
4-coord,0.49112
4-coord,0.456628
4-coord,0.312563
4-coord,0.413305
4-coord,0.345623
4-coord,0.455334
4-coord,0.307068
4-coord,0.488679
4-coord,0.345233
4-coord,0.467439
4-coord,0.333799
4-coord,0.33042
4-coord,0.291208
4-coord,0.508108
4-coord,0.220747
4-coord,0.352082
4-coord,0.387162
4-coord,0.436668
4-coord,0.262824
4-coord,0.40898
4-coord,0.329256
4-coord,0.481799
4-coord,0.269578
4-coord,0.320442
4-coord,0.468303
4-coord,0.48302
4-coord,0.508356
4-coord,0.615343
4-coord,0.316094
4-coord,0.416838
4-coord,0.448215
4-coord,0.355682
4-coord,0.398254
4-coord,0.437304
4-coord,0.468587
4-coord,0.518037
4-coord,0.442955
4-coord,0.327809
4-coord,0.343715
4-coord,0.356883
4-coord,0.433111
4-coord,0.433969
4-coord,0.456796
4-coord,0.535581
4-coord,0.507928
4-coord,0.577779
4-coord,0.648919
4-coord,0.531239
4-coord,0.37199
4-coord,0.538288
4-coord,0.315124
4-coord,0.581803
4-coord,0.370991
4-coord,0.491311
4-coord,0.445518
4-coord,0.409458
4-coord,0.448561
4-coord,0.436783
4-coord,0.488513
4-coord,0.37862
4-coord,0.602346
4-coord,0.522244
4-coord,0.413414
4-coord,0.561877
4-coord,0.342871
4-coord,0.627699
4-coord,0.346624
4-coord,0.579967
4-coord,0.363681
4-coord,0.668909
4-coord,0.508424
4-coord,0.431098
4-coord,0.493678
4-coord,0.505619
4-coord,0.562702
4-coord,0.387087
4-coord,0.583357
4-coord,0.255624
4-coord,0.583369
4-coord,0.601638
4-coord,0.507308
4-coord,0.600912
4-coord,0.749211
4-coord,0.572602
4-coord,0.514462
4-coord,0.540315
4-coord,0.35869
4-coord,0.487706
4-coord,0.396638
4-coord,0.452534
4-coord,0.466269
4-coord,0.395839
4-coord,0.418023
4-coord,0.297451
4-coord,0.44517
4-coord,0.274333
4-coord,0.562768
4-coord,0.414227
4-coord,0.55895
4-coord,0.426814
4-coord,0.307302
4-coord,0.434363
4-coord,0.333085
4-coord,0.472976
4-coord,0.564935
4-coord,0.450159
4-coord,0.564703
4-coord,0.463605
4-coord,0.547246
4-coord,0.567768
4-coord,0.430714
4-coord,0.379402
4-coord,0.524921
4-coord,0.468541
4-coord,0.594056
4-coord,0.187972
4-coord,0.399703
4-coord,0.373271
4-coord,0.619439
4-coord,0.480783
4-coord,0.491627
4-coord,0.514435
4-coord,0.370965
4-coord,0.486505
4-coord,0.561964
4-coord,0.432169
4-coord,0.483841
4-coord,0.359347
4-coord,0.417478
4-coord,0.452676
4-coord,0.447267
4-coord,0.43554
4-coord,0.306402
4-coord,0.410075
4-coord,0.484444
4-coord,0.384363
4-coord,0.342582
4-coord,0.313814
4-coord,0.455513
4-coord,0.286533
4-coord,0.536506
4-coord,0.337953
4-coord,0.540088
4-coord,0.429503
4-coord,0.533354
4-coord,0.264756
4-coord,0.419701
4-coord,0.318096
4-coord,0.417534
4-coord,0.409473
4-coord,0.454462
4-coord,0.310694
4-coord,0.501655
4-coord,0.331169
4-coord,0.334895
4-coord,0.348458
4-coord,0.418925
4-coord,0.441485
4-coord,0.527911
4-coord,0.244707
4-coord,0.445214
4-coord,0.351261
4-coord,0.510475
4-coord,0.492183
4-coord,0.399222
4-coord,0.386165
4-coord,0.377963
4-coord,0.379318
4-coord,0.298826
4-coord,0.25995
4-coord,0.396519
4-coord,0.240231
4-coord,0.466612
4-coord,0.319119
4-coord,0.382983
4-coord,0.292294
4-coord,0.444183
4-coord,0.492774
4-coord,0.438177
4-coord,0.367452
4-coord,0.53569
4-coord,0.414501
4-coord,0.30312
4-coord,0.468519
4-coord,0.537673
4-coord,0.433161
4-coord,0.420874
4-coord,0.289372
4-coord,0.391298
4-coord,0.221175
4-coord,0.406342
4-coord,0.266728
4-coord,0.540577
4-coord,0.419787
4-coord,0.472779
4-coord,0.471642
4-coord,0.545714
4-coord,0.39126
4-coord,0.342755
4-coord,0.483524
4-coord,0.384919
4-coord,0.389943
4-coord,0.313466
4-coord,0.403894
4-coord,0.464669
4-coord,0.530011
4-coord,0.63081
4-coord,0.314276
4-coord,0.422998
4-coord,0.270587
4-coord,0.388864
4-coord,0.289281
4-coord,0.344711
4-coord,0.443983
4-coord,0.338221
4-coord,0.311722
4-coord,0.370774
4-coord,0.330217
4-coord,0.408182
4-coord,0.373454
4-coord,0.465026
4-coord,0.296713
4-coord,0.470289
4-coord,0.288963
4-coord,0.389578
4-coord,0.341162
4-coord,0.277863
4-coord,0.394145
4-coord,0.319235
4-coord,0.418953
4-coord,0.253097
4-coord,0.368657
4-coord,0.300301
4-coord,0.195627
4-coord,0.366553
4-coord,0.365586
4-coord,0.559251
4-coord,0.376878
4-coord,0.439213
4-coord,0.243747
4-coord,0.334928
4-coord,0.347673
4-coord,0.278575
4-coord,0.411052
4-coord,0.284153
4-coord,0.543142
4-coord,0.519088
4-coord,0.420249
4-coord,0.416204
4-coord,0.291751
4-coord,0.402717
4-coord,0.190629
4-coord,0.204256
4-coord,0.21302
4-coord,0.389142
4-coord,0.396941
4-coord,0.394717
4-coord,0.440686
4-coord,0.35253
4-coord,0.539717
4-coord,0.381764
4-coord,0.436902
4-coord,0.32051
4-coord,0.370748
4-coord,0.330295
4-coord,0.28766
4-coord,0.332647
4-coord,0.477376
4-coord,0.212615
4-coord,0.480816
4-coord,0.392071
4-coord,0.362945
4-coord,0.442963
4-coord,0.403392
4-coord,0.317505
4-coord,0.41665
4-coord,0.464703
4-coord,0.517123
4-coord,0.423498
4-coord,0.396955
4-coord,0.343022
4-coord,0.334862
4-coord,0.244652
4-coord,0.426296
4-coord,0.449974
4-coord,0.454473
4-coord,0.398106
4-coord,0.276138
4-coord,0.271635
4-coord,0.346443
4-coord,0.501926
4-coord,0.535805
4-coord,0.490652
4-coord,0.424717
4-coord,0.463616
4-coord,0.267763
4-coord,0.257556
4-coord,0.451318
4-coord,0.48759
4-coord,0.367693
4-coord,0.552823
4-coord,0.333918
4-coord,0.450821
4-coord,0.323448
4-coord,0.352733
4-coord,0.449392
4-coord,0.399571
4-coord,0.295353
4-coord,0.54389
4-coord,0.29149
4-coord,0.305661
4-coord,0.338098
4-coord,0.453985
4-coord,0.420753
4-coord,0.375983
4-coord,0.284695
4-coord,0.337848
4-coord,0.304832
4-coord,0.3895
4-coord,0.46571
4-coord,0.313348
4-coord,0.340902
4-coord,0.354516
4-coord,0.296951
4-coord,0.382466
4-coord,0.473118
4-coord,0.296329
4-coord,0.260858
4-coord,0.399013
4-coord,0.340764
4-coord,0.355958
4-coord,0.456743
4-coord,0.384148
4-coord,0.340737
4-coord,0.299664
4-coord,0.429447
4-coord,0.268089
4-coord,0.076254
4-coord,0.310182
4-coord,0.267732
4-coord,0.349944
4-coord,0.351111
4-coord,0.445887
4-coord,0.442098
4-coord,0.432073
4-coord,0.386287
4-coord,0.460528
4-coord,0.344181
4-coord,0.351615
4-coord,0.407062
4-coord,0.210862
4-coord,0.240869
4-coord,0.288227
4-coord,0.373718
4-coord,0.246095
4-coord,0.430719
4-coord,0.289952
4-coord,0.372133
4-coord,0.445738
4-coord,0.482529
4-coord,0.438144
4-coord,0.436095
4-coord,0.426024
4-coord,0.383996
4-coord,0.384922
4-coord,0.354727
4-coord,0.434338
4-coord,0.384053
4-coord,0.346299
4-coord,0.382101
4-coord,0.33146
4-coord,0.377418
4-coord,0.463331
4-coord,0.422628
4-coord,0.456792
4-coord,0.385912
4-coord,0.43934
4-coord,0.352941
4-coord,0.464953
4-coord,0.332234
4-coord,0.343921
4-coord,0.438378
4-coord,0.411452
4-coord,0.300892
4-coord,0.393015
4-coord,0.264135
4-coord,0.341427
4-coord,0.325067
4-coord,0.481833
4-coord,0.245689
4-coord,0.382347
4-coord,0.426296
4-coord,0.373226
4-coord,0.3221
4-coord,0.224336
4-coord,0.408914
4-coord,0.369882
4-coord,0.367211
4-coord,0.285169
4-coord,0.308162
4-coord,0.425249
4-coord,0.300585
4-coord,0.273723
4-coord,0.305093
4-coord,0.420485
4-coord,0.373885
4-coord,0.392337
4-coord,0.194199
4-coord,0.407361
4-coord,0.332655
4-coord,0.268779
4-coord,0.314706
4-coord,0.450269
4-coord,0.199326
4-coord,0.238854
4-coord,0.248846
4-coord,0.314935
4-coord,0.344384
4-coord,0.255912
4-coord,0.36955
4-coord,0.257796
4-coord,0.407043
4-coord,0.346645
4-coord,0.393231
4-coord,0.295629
4-coord,0.447255
4-coord,0.373863
4-coord,0.375301
4-coord,0.515411
4-coord,0.379061
4-coord,0.296887
4-coord,0.357862
4-coord,0.274689
4-coord,0.380757
4-coord,0.23404
4-coord,0.427557
4-coord,0.417235
4-coord,0.405417
4-coord,0.392737
4-coord,0.368551
4-coord,0.189213
4-coord,0.260582
4-coord,0.392387
4-coord,0.359815
4-coord,0.435132
4-coord,0.372974
4-coord,0.344418
4-coord,0.459991
4-coord,0.446807
4-coord,0.407666
4-coord,0.322814
4-coord,0.387909
4-coord,0.494378
4-coord,0.424757
4-coord,0.362493
4-coord,0.274897
4-coord,0.47189
4-coord,0.400756
4-coord,0.317864
4-coord,0.50959
4-coord,0.519171
4-coord,0.530511
4-coord,0.512666
4-coord,0.450744
4-coord,0.390727
4-coord,0.358127
4-coord,0.456877
4-coord,0.515636
4-coord,0.412621
4-coord,0.432578
4-coord,0.499022
4-coord,0.474977
4-coord,0.359947
4-coord,0.205571
4-coord,0.365778
4-coord,0.310216
4-coord,0.352528
4-coord,0.124582
4-coord,0.505082
4-coord,0.313812
4-coord,0.51398
4-coord,0.216969
4-coord,0.456335
4-coord,0.366426
4-coord,0.561635
4-coord,0.349649
4-coord,0.501945
4-coord,0.147305
4-coord,0.326392
4-coord,0.360853
4-coord,0.445097
4-coord,0.389498
4-coord,0.297845
4-coord,0.289373
4-coord,0.341901
4-coord,0.309653
4-coord,0.395526
4-coord,0.371138
4-coord,0.464403
4-coord,0.459857
4-coord,0.430795
4-coord,0.296051
4-coord,0.334303
4-coord,0.427465
4-coord,0.41331
4-coord,0.17894
4-coord,0.347579
4-coord,0.385892
4-coord,0.246583
4-coord,0.378979
4-coord,0.309033
4-coord,0.420792
4-coord,0.328867
4-coord,0.392385
4-coord,0.396122
4-coord,0.268038
4-coord,0.442697
4-coord,0.417643
4-coord,0.335432
4-coord,0.492527
4-coord,0.439707
4-coord,0.369398
4-coord,0.47105
4-coord,0.336144
4-coord,0.340206
4-coord,0.429679
4-coord,0.442439
4-coord,0.457672
4-coord,0.427166
4-coord,0.393264
4-coord,0.373124
4-coord,0.418394
4-coord,0.454763
4-coord,0.380802
4-coord,0.433834
4-coord,0.448961
4-coord,0.393055
4-coord,0.413187
4-coord,0.464762
4-coord,0.44618
4-coord,0.324891
4-coord,0.352497
4-coord,0.448101
4-coord,0.599783
4-coord,0.347504
4-coord,0.416332
4-coord,0.481787
4-coord,0.503062
4-coord,0.422188
4-coord,0.59875
4-coord,0.462876
4-coord,0.456708
4-coord,0.464338
4-coord,0.294744
4-coord,0.398101
4-coord,0.438285
4-coord,0.386938
4-coord,0.295305
4-coord,0.345988
4-coord,0.414299
4-coord,0.273017
4-coord,0.230648
4-coord,0.314831
4-coord,0.279839
4-coord,0.335296
4-coord,0.441557
4-coord,0.408432
4-coord,0.410621
4-coord,0.18469
4-coord,0.430418
4-coord,0.245839
4-coord,0.336597
4-coord,0.269356
4-coord,0.366156
4-coord,0.221782
4-coord,0.347183
4-coord,0.329652
4-coord,0.289622
4-coord,0.172013
4-coord,0.280736
4-coord,0.178354
4-coord,0.40343
4-coord,0.17903
4-coord,0.390189
4-coord,0.31898
4-coord,0.43739
4-coord,0.329024
4-coord,0.363172
4-coord,0.193999
4-coord,0.225178
4-coord,0.351314
4-coord,0.20375
4-coord,0.249954
4-coord,0.282219
4-coord,0.245353
4-coord,0.249605
4-coord,0.510491
4-coord,0.257404
4-coord,0.418312
4-coord,0.348334
4-coord,0.358804
4-coord,0.36655
4-coord,0.402845
4-coord,0.325325
4-coord,0.38377
4-coord,0.367317
4-coord,0.461442
4-coord,0.494966
4-coord,0.400734
4-coord,0.380634
4-coord,0.339727
4-coord,0.5231
4-coord,0.162287
4-coord,0.294681
4-coord,0.498917
4-coord,0.579942
4-coord,0.302676
4-coord,0.223355
4-coord,0.440707
4-coord,0.365692
4-coord,0.304765
4-coord,0.20744
4-coord,0.300676
4-coord,0.312447
4-coord,0.362172
4-coord,0.378582
4-coord,0.336921
4-coord,0.350162
4-coord,0.264579
4-coord,0.440714
4-coord,0.641736
4-coord,0.402743
4-coord,0.392922
4-coord,0.543307
4-coord,0.396286
4-coord,0.362021
4-coord,0.568028
4-coord,0.439048
4-coord,0.401597
4-coord,0.268425
4-coord,0.393183
4-coord,0.196656
4-coord,0.378895
4-coord,0.438787
4-coord,0.292449
4-coord,0.454887
4-coord,0.407731
4-coord,0.406713
4-coord,0.303588
4-coord,0.352675
4-coord,0.197327
4-coord,0.310191
4-coord,0.30565
4-coord,0.336421
4-coord,0.400643
4-coord,0.401218
4-coord,0.21983
4-coord,0.454037
4-coord,0.290731
4-coord,0.293198
4-coord,0.387132
4-coord,0.306499
4-coord,0.249899
4-coord,0.354108
4-coord,0.257371
4-coord,0.363484
4-coord,0.259112
4-coord,0.236579
4-coord,0.310599
4-coord,0.400109
4-coord,0.254
4-coord,0.314429
4-coord,0.248402
4-coord,0.261621
4-coord,0.366502
4-coord,0.298112
4-coord,0.290461
4-coord,0.25336
4-coord,0.308865
4-coord,0.146604
4-coord,0.260467
4-coord,0.353092
4-coord,0.378293
4-coord,0.427161
4-coord,0.280764
4-coord,0.188725
4-coord,0.329455
4-coord,0.261612
4-coord,0.347179
4-coord,0.227996
4-coord,0.273324
4-coord,0.473319
4-coord,0.264596
4-coord,0.41177
4-coord,0.280714
4-coord,0.30804
4-coord,0.211779
4-coord,0.348883
4-coord,0.462891
4-coord,0.358006
4-coord,0.393832
4-coord,0.248949
4-coord,0.375137
4-coord,0.420898
4-coord,0.367572
4-coord,0.326394
4-coord,0.355502
4-coord,0.415484
4-coord,0.46613
4-coord,0.404647
4-coord,0.28162
4-coord,0.469894
4-coord,0.320556
4-coord,0.259385
4-coord,0.394671
4-coord,0.322206
4-coord,0.311032
4-coord,0.317997
4-coord,0.311819
4-coord,0.35103
4-coord,0.298463
4-coord,0.548095
4-coord,0.384499
4-coord,0.433152
4-coord,0.402707
4-coord,0.326896
4-coord,0.446461
4-coord,0.225179
4-coord,0.286916
4-coord,0.469286
4-coord,0.239988
4-coord,0.231806
4-coord,0.330255
4-coord,0.197402
4-coord,0.157178
4-coord,0.322639
4-coord,0.308425
4-coord,0.374805
4-coord,0.269887
4-coord,0.280829
4-coord,0.42732
4-coord,0.462456
4-coord,0.317499
4-coord,0.17522
4-coord,0.203486
4-coord,0.395037
4-coord,0.132676
4-coord,0.196223
4-coord,0.283451
4-coord,0.212509
4-coord,0.231559
4-coord,0.24676
4-coord,0.189962
4-coord,0.396959
4-coord,0.305724
4-coord,0.367212
4-coord,0.429065
4-coord,0.357775
4-coord,0.220817
4-coord,0.240413
4-coord,0.275558
4-coord,0.328342
4-coord,0.209145
4-coord,0.272383
4-coord,0.357187
4-coord,0.297909
4-coord,0.258723
4-coord,0.316171
4-coord,0.178322
4-coord,0.196515
4-coord,0.220624
4-coord,0.140984
4-coord,0.323073
4-coord,0.384665
4-coord,0.258075
4-coord,0.337916
4-coord,0.400716
4-coord,0.354487
4-coord,0.310157
4-coord,0.133096
4-coord,0.266112
4-coord,0.175572
4-coord,0.257347
4-coord,0.170779
4-coord,0.346687
4-coord,0.246018
4-coord,0.2901
4-coord,0.215658
4-coord,0.134409
4-coord,0.242795
4-coord,0.291061
4-coord,0.179275
4-coord,0.510613
4-coord,0.349752
4-coord,0.25869
4-coord,0.272059
4-coord,0.348545
4-coord,0.396424
4-coord,0.35653
4-coord,0.209837
4-coord,0.255317
4-coord,0.210637
4-coord,0.430288
4-coord,0.267779
4-coord,0.249585
4-coord,0.257402
4-coord,0.552115
4-coord,0.317501
4-coord,0.371494
4-coord,0.381445
4-coord,0.419181
4-coord,0.300551
4-coord,0.342674
4-coord,0.385691
4-coord,0.273963
4-coord,0.370624
4-coord,0.303279
4-coord,0.243529
4-coord,0.393733
4-coord,0.26945
4-coord,0.288947
4-coord,0.309807
4-coord,0.345055
4-coord,0.369024
4-coord,0.280858
4-coord,0.342184
4-coord,0.290561
4-coord,0.285171
4-coord,0.443433
4-coord,0.378867
4-coord,0.291143
4-coord,0.455109
4-coord,0.348199
4-coord,0.286438
4-coord,0.296733
4-coord,0.108056
4-coord,0.342573
4-coord,0.193711
4-coord,0.188558
4-coord,0.170546
4-coord,0.188704
4-coord,0.348626
4-coord,0.261958
4-coord,0.295973
4-coord,0.158507
4-coord,0.264191
4-coord,0.289478
4-coord,0.215719
4-coord,0.446021
4-coord,0.323632
4-coord,0.297851
4-coord,0.423203
4-coord,0.290402
4-coord,0.228248
4-coord,0.387228
4-coord,0.351406
4-coord,0.223548
4-coord,0.21768
4-coord,0.251258
4-coord,0.318659
4-coord,0.383061
4-coord,0.360237
4-coord,0.472988
4-coord,0.355873
4-coord,0.300443
4-coord,0.207444
4-coord,0.311041
4-coord,0.285092
4-coord,0.358387
4-coord,0.347479
4-coord,0.253877
4-coord,0.376916
4-coord,0.360757
4-coord,0.25999
4-coord,0.37967
4-coord,0.242314
4-coord,0.399562
4-coord,0.259675
4-coord,0.352989
4-coord,0.335938
4-coord,0.266304
4-coord,0.120874
4-coord,0.285463
4-coord,0.439757
4-coord,0.440806
4-coord,0.277173
4-coord,0.215882
4-coord,0.239803
4-coord,0.234989
4-coord,0.327345
4-coord,0.366891
4-coord,0.18697
4-coord,0.245524
4-coord,0.458169
4-coord,0.461376
4-coord,0.350628
4-coord,0.439886
4-coord,0.500986
4-coord,0.407081
4-coord,0.332129
4-coord,0.529007
4-coord,0.370338
4-coord,0.347715
4-coord,0.359442
4-coord,0.317725
4-coord,0.28399
4-coord,0.386982
4-coord,0.353248
4-coord,0.25056
4-coord,0.305153
4-coord,0.352064
4-coord,0.330406
4-coord,0.389744
4-coord,0.317734
4-coord,0.450547
4-coord,0.352972
4-coord,0.332127
4-coord,0.410093
4-coord,0.48137
4-coord,0.103762
4-coord,0.289712
4-coord,0.387666
4-coord,0.288187
4-coord,0.312052
4-coord,0.339129
4-coord,0.258256
4-coord,0.43518
4-coord,0.277871
4-coord,0.367712
4-coord,0.351931
4-coord,0.310512
4-coord,0.337366
4-coord,0.2103
4-coord,0.331636
4-coord,0.388564
4-coord,0.357424
4-coord,0.346749
4-coord,0.28551
4-coord,0.238841
4-coord,0.200294
4-coord,0.261041
4-coord,0.348893
4-coord,0.250364
4-coord,0.298711
4-coord,0.264623
4-coord,0.379122
4-coord,0.278272
4-coord,0.325764
4-coord,0.335568
4-coord,0.249725
4-coord,0.242667
4-coord,0.198902
4-coord,0.272809
4-coord,0.182647
4-coord,0.28388
4-coord,0.240431
4-coord,0.279668
4-coord,0.4109
4-coord,0.461743
4-coord,0.333973
4-coord,0.285579
4-coord,0.354266
4-coord,0.212547
4-coord,0.392372
4-coord,0.266695
4-coord,0.376445
4-coord,0.276736
4-coord,0.267809
4-coord,0.273544
4-coord,0.274638
4-coord,0.243952
4-coord,0.388003
4-coord,0.288373
4-coord,0.238536
4-coord,0.350013
4-coord,0.292937
4-coord,0.386139
4-coord,0.240752
4-coord,0.445592
4-coord,0.432229
4-coord,0.397845
4-coord,0.46322
4-coord,0.279416
4-coord,0.439318
4-coord,0.41349
4-coord,0.438044
4-coord,0.315924
4-coord,0.379124
4-coord,0.38186
4-coord,0.453554
4-coord,0.216367
4-coord,0.427153
4-coord,0.337132
4-coord,0.336308
4-coord,0.359806
4-coord,0.460437
4-coord,0.301185
4-coord,0.451105
4-coord,0.370331
4-coord,0.357999
4-coord,0.256816
4-coord,0.282722
4-coord,0.338599
4-coord,0.392725
4-coord,0.341956
4-coord,0.365723
4-coord,0.252959
4-coord,0.390468
4-coord,0.243254
4-coord,0.354939
4-coord,0.306345
4-coord,0.443804
4-coord,0.281809
4-coord,0.317307
4-coord,0.313977
4-coord,0.379875
4-coord,0.231929
4-coord,0.323452
4-coord,0.271651
4-coord,0.255698
4-coord,0.339802
4-coord,0.488813
4-coord,0.320778
4-coord,0.214961
4-coord,0.378656
4-coord,0.326889
4-coord,0.32625
4-coord,0.317401
4-coord,0.222199
4-coord,0.170677
4-coord,0.272045
4-coord,0.358732
4-coord,0.345122
4-coord,0.145599
4-coord,0.317643
4-coord,0.251681
4-coord,0.236665
4-coord,0.200494
4-coord,0.30988
4-coord,0.160269
4-coord,0.374712
4-coord,0.405784
4-coord,0.205979
4-coord,0.234656
4-coord,0.311677
4-coord,0.275837
4-coord,0.334967
4-coord,0.299748
4-coord,0.330822
4-coord,0.320904
4-coord,0.399584
4-coord,0.209269
4-coord,0.37846
4-coord,0.435645
4-coord,0.308297
4-coord,0.431264
4-coord,0.393801
4-coord,0.409652
4-coord,0.427067
4-coord,0.390154
4-coord,0.213982
4-coord,0.282428
4-coord,0.249282
4-coord,0.31267
4-coord,0.27201
4-coord,0.268494
4-coord,0.462836
4-coord,0.395311
4-coord,0.557127
4-coord,0.364434
4-coord,0.289066
4-coord,0.523997
4-coord,0.444547
4-coord,0.410387
4-coord,0.43888
4-coord,0.503157
4-coord,0.406855
4-coord,0.337002
4-coord,0.290123
4-coord,0.349772
4-coord,0.323959
4-coord,0.40767
4-coord,0.394572
4-coord,0.406338
4-coord,0.332212
4-coord,0.444852
4-coord,0.323564
4-coord,0.379913
4-coord,0.306535
4-coord,0.405714
4-coord,0.336306
4-coord,0.274844
4-coord,0.374244
4-coord,0.41715
4-coord,0.29608
4-coord,0.245988
4-coord,0.414424
4-coord,0.285079
4-coord,0.350851
4-coord,0.376123
4-coord,0.363284
4-coord,0.34596
4-coord,0.383775
4-coord,0.353602
4-coord,0.181629
4-coord,0.383261
4-coord,0.323439
4-coord,0.34942
4-coord,0.175699
4-coord,0.402627
4-coord,0.321924
4-coord,0.252875
4-coord,0.198889
4-coord,0.223616
4-coord,0.228223
4-coord,0.328244
4-coord,0.320435
4-coord,0.289654
4-coord,0.185071
4-coord,0.379518
4-coord,0.26841
4-coord,0.359403
4-coord,0.373173
4-coord,0.378442
4-coord,0.368837
4-coord,0.37968
4-coord,0.326673
4-coord,0.361202
4-coord,0.219413
4-coord,0.366754
4-coord,0.266515
4-coord,0.231256
4-coord,0.314853
4-coord,0.299526
4-coord,0.343193
4-coord,0.281734
4-coord,0.267746
4-coord,0.234636
4-coord,0.342905
4-coord,0.275225
4-coord,0.428789
4-coord,0.510293
4-coord,0.37613
4-coord,0.355613
4-coord,0.354469
4-coord,0.407125
4-coord,0.435148
4-coord,0.269318
4-coord,0.281945
4-coord,0.289534
4-coord,0.207013
4-coord,0.125048
4-coord,0.120742
4-coord,0.360127
4-coord,0.467478
4-coord,0.422762
4-coord,0.456496
4-coord,0.37973
4-coord,0.427571
4-coord,0.437636
4-coord,0.421235
4-coord,0.475911
4-coord,0.347525
4-coord,0.452299
4-coord,0.346208
4-coord,0.290994
4-coord,0.384747
4-coord,0.413276
4-coord,0.425186
4-coord,0.35299
4-coord,0.400895
4-coord,0.335509
4-coord,0.218009
4-coord,0.232165
4-coord,0.382722
4-coord,0.370212
4-coord,0.484235
4-coord,0.399595
4-coord,0.310833
4-coord,0.331103
4-coord,0.55232
4-coord,0.261417
4-coord,0.219305
4-coord,0.342656
4-coord,0.278522
4-coord,0.299059
4-coord,0.217382
4-coord,0.318627
4-coord,0.303943
4-coord,0.42666
4-coord,0.490807
4-coord,0.127975
4-coord,0.340278
4-coord,0.268051
4-coord,0.276922
4-coord,0.295897
4-coord,0.337581
4-coord,0.439299
4-coord,0.186037
4-coord,0.278286
4-coord,0.257185
4-coord,0.312396
4-coord,0.21978
4-coord,0.229983
4-coord,0.178005
4-coord,0.281931
4-coord,0.378843
4-coord,0.259993
4-coord,0.157605
4-coord,0.41418
4-coord,0.16181
4-coord,0.321237
4-coord,0.309747
4-coord,0.467505
4-coord,0.304179
4-coord,0.306618
4-coord,0.380727
4-coord,0.371006
4-coord,0.332631
4-coord,0.301338
4-coord,0.319356
4-coord,0.128904
4-coord,0.290749
4-coord,0.3263
4-coord,0.173337
4-coord,0.270624
4-coord,0.267639
4-coord,0.283705
4-coord,0.352141
4-coord,0.336664
4-coord,0.280156
4-coord,0.271355
4-coord,0.266751
4-coord,0.306476
4-coord,0.403913
4-coord,0.29487
4-coord,0.32169
4-coord,0.29008
4-coord,0.316098
4-coord,0.278298
4-coord,0.272508
4-coord,0.298795
4-coord,0.426189
4-coord,0.32333
4-coord,0.341964
4-coord,0.390948
4-coord,0.460976
4-coord,0.549914
4-coord,0.346534
4-coord,0.426846
4-coord,0.460413
4-coord,0.38573
4-coord,0.402208
4-coord,0.298618
4-coord,0.160599
4-coord,0.148295
4-coord,0.215152
4-coord,0.378883
4-coord,0.369529
4-coord,0.480583
4-coord,0.303421
4-coord,0.335477
4-coord,0.330821
4-coord,0.352548
4-coord,0.314392
4-coord,0.394054
4-coord,0.330509
4-coord,0.284205
4-coord,0.424511
4-coord,0.294607
4-coord,0.393643
4-coord,0.315932
4-coord,0.403618
4-coord,0.297203
4-coord,0.343589
4-coord,0.308657
4-coord,0.39306
4-coord,0.214145
4-coord,0.357811
4-coord,0.330689
4-coord,0.432391
4-coord,0.319191
4-coord,0.344328
4-coord,0.231942
4-coord,0.441685
4-coord,0.174432
4-coord,0.336402
4-coord,0.422976
4-coord,0.322516
4-coord,0.281881
4-coord,0.299342
4-coord,0.29366
4-coord,0.240143
4-coord,0.362652
4-coord,0.246862
4-coord,0.378444
4-coord,0.150912
4-coord,0.275638
4-coord,0.286204
4-coord,0.483371
4-coord,0.118157
4-coord,0.347573
4-coord,0.219348
4-coord,0.165347
4-coord,0.363493
4-coord,0.25734
4-coord,0.277281
4-coord,0.255435
4-coord,0.132914
4-coord,0.276601
4-coord,0.242985
4-coord,0.223519
4-coord,0.218268
4-coord,0.34238
4-coord,0.263413
4-coord,0.362548
4-coord,0.306987
4-coord,0.368583
4-coord,0.393443
4-coord,0.331291
4-coord,0.42301
4-coord,0.394277
4-coord,0.442591
4-coord,0.296579
4-coord,0.286532
4-coord,0.371722
4-coord,0.310906
4-coord,0.3205
4-coord,0.348058
4-coord,0.349496
4-coord,0.317554
4-coord,0.308897
4-coord,0.434034
4-coord,0.411962
4-coord,0.555263
4-coord,0.368028
4-coord,0.378861
4-coord,0.394582
4-coord,0.516536
4-coord,0.362184
4-coord,0.432812
4-coord,0.445395
4-coord,0.342685
4-coord,0.199902
4-coord,0.396383
4-coord,0.448474
4-coord,0.344724
4-coord,0.322273
4-coord,0.307599
4-coord,0.263864
4-coord,0.272628
4-coord,0.361909
4-coord,0.500601
4-coord,0.293942
4-coord,0.274468
4-coord,0.231426
4-coord,0.394819
4-coord,0.293996
4-coord,0.350323
4-coord,0.306984
4-coord,0.320612
4-coord,0.311888
4-coord,0.369765
4-coord,0.319242
4-coord,0.257242
4-coord,0.318976
4-coord,0.21797
4-coord,0.219821
4-coord,0.45028
4-coord,0.320471
4-coord,0.228459
4-coord,0.131346
4-coord,0.363591
4-coord,0.336792
4-coord,0.235339
4-coord,0.293461
4-coord,0.162439
4-coord,0.371031
4-coord,0.237174
4-coord,0.337734
4-coord,0.220578
4-coord,0.311416
4-coord,0.417297
4-coord,0.140975
4-coord,0.287916
4-coord,0.416082
4-coord,0.208804
4-coord,0.27084
4-coord,0.347089
4-coord,0.521071
4-coord,0.340497
4-coord,0.264735
4-coord,0.32217
4-coord,0.396309
4-coord,0.442316
4-coord,0.241535
4-coord,0.202063
4-coord,0.365564
4-coord,0.20142
4-coord,0.372916
4-coord,0.295186
4-coord,0.414874
4-coord,0.322705
4-coord,0.451805
4-coord,0.427006
4-coord,0.430224
4-coord,0.459546
4-coord,0.285804
4-coord,0.537747
4-coord,0.361392
4-coord,0.400975
4-coord,0.3359
4-coord,0.397678
4-coord,0.342051
4-coord,0.337475
4-coord,0.317846
4-coord,0.32873
4-coord,0.432051
4-coord,0.462158
4-coord,0.309865
4-coord,0.318755
4-coord,0.346798
4-coord,0.444059
4-coord,0.411656
4-coord,0.422709
4-coord,0.39884
4-coord,0.312992
4-coord,0.400458
4-coord,0.283758
4-coord,0.458296
4-coord,0.391807
4-coord,0.384672
4-coord,0.15374
4-coord,0.413045
4-coord,0.353554
4-coord,0.309384
4-coord,0.36401
4-coord,0.414603
4-coord,0.168265
4-coord,0.421024
4-coord,0.28433
4-coord,0.440779
4-coord,0.318804
4-coord,0.26537
4-coord,0.199094
4-coord,0.397834
4-coord,0.28714
4-coord,0.389015
4-coord,0.264107
4-coord,0.38547
4-coord,0.211733
4-coord,0.399597
4-coord,0.284838
4-coord,0.343915
4-coord,0.105539
4-coord,0.400101
4-coord,0.266644
4-coord,0.156499
4-coord,0.369406
4-coord,0.263609
4-coord,0.19954
4-coord,0.24169
4-coord,0.350964
4-coord,0.209208
4-coord,0.316858
4-coord,0.219604
4-coord,0.324921
4-coord,0.19698
4-coord,0.397273
4-coord,0.385885
4-coord,0.323373
4-coord,0.229379
4-coord,0.41669
4-coord,0.332989
4-coord,0.256707
4-coord,0.366454
4-coord,0.396912
4-coord,0.426508
4-coord,0.294095
4-coord,0.503424
4-coord,0.425836
4-coord,0.343432
4-coord,0.320173
4-coord,0.277017
4-coord,0.282692
4-coord,0.19212
4-coord,0.289604
4-coord,0.283374
4-coord,0.366085
4-coord,0.163026
4-coord,0.19957
4-coord,0.508693
4-coord,0.368352
4-coord,0.501454
4-coord,0.395306
4-coord,0.427713
4-coord,0.453563
4-coord,0.393823
4-coord,0.394108
4-coord,0.222346
4-coord,0.224355
4-coord,0.445985
4-coord,0.252883
4-coord,0.284316
4-coord,0.284089
4-coord,0.434454
4-coord,0.302318
4-coord,0.471493
4-coord,0.364691
4-coord,0.313638
4-coord,0.375649
4-coord,0.380905
4-coord,0.538195
4-coord,0.475485
4-coord,0.241929
4-coord,0.486355
4-coord,0.356257
4-coord,0.37712
4-coord,0.373506
4-coord,0.390377
4-coord,0.226887
4-coord,0.466786
4-coord,0.27576
4-coord,0.301893
4-coord,0.230455
4-coord,0.417047
4-coord,0.410449
4-coord,0.500766
4-coord,0.230029
4-coord,0.391899
4-coord,0.282002
4-coord,0.335123
4-coord,0.404542
4-coord,0.400547
4-coord,0.272285
4-coord,0.25582
4-coord,0.250381
4-coord,0.378031
4-coord,0.383873
4-coord,0.438548
4-coord,0.300779
4-coord,0.333937
4-coord,0.341026
4-coord,0.334241
4-coord,0.154296
4-coord,0.325035
4-coord,0.106961
4-coord,0.371035
4-coord,0.325719
4-coord,0.287648
4-coord,0.23292
4-coord,0.296628
4-coord,0.360793
4-coord,0.205171
4-coord,0.455132
4-coord,0.155531
4-coord,0.325563
4-coord,0.449831
4-coord,0.235622
4-coord,0.314873
4-coord,0.221354
4-coord,0.228463
4-coord,0.279171
4-coord,0.540232
4-coord,0.242116
4-coord,0.32311
4-coord,0.309531
4-coord,0.396211
4-coord,0.253541
4-coord,0.344736
4-coord,0.340371
4-coord,0.345754
4-coord,0.260596
4-coord,0.379059
4-coord,0.413838
4-coord,0.370566
4-coord,0.381118
4-coord,0.230992
4-coord,0.407369
4-coord,0.376979
4-coord,0.374494
4-coord,0.464487
4-coord,0.366286
4-coord,0.443108
4-coord,0.275591
4-coord,0.29962
4-coord,0.362569
4-coord,0.189737
4-coord,0.423476
4-coord,0.332341
4-coord,0.283348
4-coord,0.363542
4-coord,0.414881
4-coord,0.551398
4-coord,0.478961
4-coord,0.291569
4-coord,0.34714
4-coord,0.403567
4-coord,0.478977
4-coord,0.343426
4-coord,0.402095
4-coord,0.29713
4-coord,0.512157
4-coord,0.310746
4-coord,0.469799
4-coord,0.315606
4-coord,0.287302
4-coord,0.342353
4-coord,0.476776
4-coord,0.449101
4-coord,0.41796
4-coord,0.460821
4-coord,0.378655
4-coord,0.402206
4-coord,0.422171
4-coord,0.287356
4-coord,0.28165
4-coord,0.198292
4-coord,0.458194
4-coord,0.276563
4-coord,0.238057
4-coord,0.267823
4-coord,0.284564
4-coord,0.328753
4-coord,0.28776
4-coord,0.294786
4-coord,0.335264
4-coord,0.256693
4-coord,0.233207
4-coord,0.382797
4-coord,0.388406
4-coord,0.268512
4-coord,0.351526
4-coord,0.347455
4-coord,0.3562
4-coord,0.327976
4-coord,0.391558
4-coord,0.348489
4-coord,0.276881
4-coord,0.30827
4-coord,0.276666
4-coord,0.383114
4-coord,0.229269
4-coord,0.324847
4-coord,0.222279
4-coord,0.37843
4-coord,0.24574
4-coord,0.273512
4-coord,0.300962
4-coord,0.36726
4-coord,0.354102
4-coord,0.288842
4-coord,0.207557
4-coord,0.363907
4-coord,0.253458
4-coord,0.341665
4-coord,0.330135
4-coord,0.290595
4-coord,0.172226
4-coord,0.402991
4-coord,0.340112
4-coord,0.247392
4-coord,0.23695
4-coord,0.279859
4-coord,0.184296
4-coord,0.353871
4-coord,0.281124
4-coord,0.289186
4-coord,0.518704
4-coord,0.354214
4-coord,0.348866
4-coord,0.352084
4-coord,0.332207
4-coord,0.428774
4-coord,0.391381
4-coord,0.287261
4-coord,0.361513
4-coord,0.502389
4-coord,0.367527
4-coord,0.366207
4-coord,0.421748
4-coord,0.397456
4-coord,0.453261
4-coord,0.386331
4-coord,0.429371
4-coord,0.407432
4-coord,0.52335
4-coord,0.487844
4-coord,0.374563
4-coord,0.260263
4-coord,0.381723
4-coord,0.306965
4-coord,0.355095
4-coord,0.408701
4-coord,0.532825
4-coord,0.409505
4-coord,0.466974
4-coord,0.37932
4-coord,0.436403
4-coord,0.280092
4-coord,0.375979
4-coord,0.35821
4-coord,0.328476
4-coord,0.251837
4-coord,0.383721
4-coord,0.324083
4-coord,0.403059
4-coord,0.312679
4-coord,0.305327
4-coord,0.30853
4-coord,0.391628
4-coord,0.462517
4-coord,0.314185
4-coord,0.318718
4-coord,0.278573
4-coord,0.355755
4-coord,0.294025
4-coord,0.352037
4-coord,0.417782
4-coord,0.30552
4-coord,0.410635
4-coord,0.284719
4-coord,0.240956
4-coord,0.444715
4-coord,0.41488
4-coord,0.312313
4-coord,0.541619
4-coord,0.238668
4-coord,0.265552
4-coord,0.277492
4-coord,0.317766
4-coord,0.245676
4-coord,0.291868
4-coord,0.26548
4-coord,0.390548
4-coord,0.538222
4-coord,0.404496
4-coord,0.382996
4-coord,0.375677
4-coord,0.353836
4-coord,0.183865
4-coord,0.349844
4-coord,0.340038
4-coord,0.266565
4-coord,0.264837
4-coord,0.160672
4-coord,0.263558
4-coord,0.084708
4-coord,0.419146
4-coord,0.218886
4-coord,0.290102
4-coord,0.226524
4-coord,0.425297
4-coord,0.396863
4-coord,0.329089
4-coord,0.434099
4-coord,0.296242
4-coord,0.352784
4-coord,0.318114
4-coord,0.245183
4-coord,0.520715
4-coord,0.337741
4-coord,0.502396
4-coord,0.271096
4-coord,0.48832
4-coord,0.213031
4-coord,0.375285
4-coord,0.360023
4-coord,0.226084
4-coord,0.441805
4-coord,0.352115
4-coord,0.319837
4-coord,0.365916
4-coord,0.467248
4-coord,0.434709
4-coord,0.34826
4-coord,0.59969
4-coord,0.453904
4-coord,0.387682
4-coord,0.290429
4-coord,0.282367
4-coord,0.329054
4-coord,0.341413
4-coord,0.37922
4-coord,0.288356
4-coord,0.304938
4-coord,0.317514
4-coord,0.378742
4-coord,0.364748
4-coord,0.331275
4-coord,0.399858
4-coord,0.294137
4-coord,0.283735
4-coord,0.312505
4-coord,0.328334
4-coord,0.395437
4-coord,0.348036
4-coord,0.16573
4-coord,0.254833
4-coord,0.2765
4-coord,0.328385
4-coord,0.30279
4-coord,0.24512
4-coord,0.268678
4-coord,0.381041
4-coord,0.304627
4-coord,0.423641
4-coord,0.350953
4-coord,0.270187
4-coord,0.356167
4-coord,0.3392
4-coord,0.28256
4-coord,0.295097
4-coord,0.420212
4-coord,0.23125
4-coord,0.36146
4-coord,0.264111
4-coord,0.378802
4-coord,0.348662
4-coord,0.411911
4-coord,0.329738
4-coord,0.422751
4-coord,0.328438
4-coord,0.226718
4-coord,0.300491
4-coord,0.370454
4-coord,0.396656
4-coord,0.43031
4-coord,0.28244
4-coord,0.453291
4-coord,0.385229
4-coord,0.407145
4-coord,0.418292
4-coord,0.495159
4-coord,0.374193
4-coord,0.43277
4-coord,0.251111
4-coord,0.503862
4-coord,0.251998
4-coord,0.250591
4-coord,0.39217
4-coord,0.223288
4-coord,0.313637
4-coord,0.635892
4-coord,0.378688
4-coord,0.344835
4-coord,0.436001
4-coord,0.262878
4-coord,0.402935
4-coord,0.389247
4-coord,0.368474
4-coord,0.32747
4-coord,0.453493
4-coord,0.341018
4-coord,0.345517
4-coord,0.423291
4-coord,0.473674
4-coord,0.404643
4-coord,0.438752
4-coord,0.531768
4-coord,0.450681
4-coord,0.283077
4-coord,0.374432
4-coord,0.206556
4-coord,0.416954
4-coord,0.331809
4-coord,0.275339
4-coord,0.219691
4-coord,0.201966
4-coord,0.333649
4-coord,0.489738
4-coord,0.440074
4-coord,0.398472
4-coord,0.541979
4-coord,0.373263
4-coord,0.397001
4-coord,0.406361
4-coord,0.306533
4-coord,0.204189
4-coord,0.414157
4-coord,0.322138
4-coord,0.245528
4-coord,0.43719
4-coord,0.401612
4-coord,0.368458
4-coord,0.286158
4-coord,0.203474
4-coord,0.348102
4-coord,0.334896
4-coord,0.246706
4-coord,0.268214
4-coord,0.35848
4-coord,0.201871
4-coord,0.249005
4-coord,0.152984
4-coord,0.365222
4-coord,0.179951
4-coord,0.320816
4-coord,0.292239
4-coord,0.269404
4-coord,0.308907
4-coord,0.347857
4-coord,0.413348
4-coord,0.35276
4-coord,0.422455
4-coord,0.413592
4-coord,0.28837
4-coord,0.367937
4-coord,0.274001
4-coord,0.331636
4-coord,0.336416
4-coord,0.483728
4-coord,0.346596
4-coord,0.365949
4-coord,0.438383
4-coord,0.40203
4-coord,0.403147
4-coord,0.415188
4-coord,0.280492
4-coord,0.348285
4-coord,0.337957
4-coord,0.313185
4-coord,0.340604
4-coord,0.338882
4-coord,0.420444
4-coord,0.410364
4-coord,0.24279
4-coord,0.535258
4-coord,0.486029
4-coord,0.468541
4-coord,0.317948
4-coord,0.482801
4-coord,0.466104
4-coord,0.461154
4-coord,0.414909
4-coord,0.497574
4-coord,0.419841
4-coord,0.457145
4-coord,0.595133
4-coord,0.479629
4-coord,0.385045
4-coord,0.518946
4-coord,0.521644
4-coord,0.553924
4-coord,0.368557
4-coord,0.671444
4-coord,0.438255
4-coord,0.337641
4-coord,0.361913
4-coord,0.350417
4-coord,0.433398
4-coord,0.379442
4-coord,0.38903
4-coord,0.463632
4-coord,0.3813
4-coord,0.354868
4-coord,0.404482
4-coord,0.31132
4-coord,0.368712
4-coord,0.44041
4-coord,0.330002
4-coord,0.324506
4-coord,0.261582
4-coord,0.125523
4-coord,0.319495
4-coord,0.291184
4-coord,0.359467
4-coord,0.519512
4-coord,0.26152
4-coord,0.312376
4-coord,0.383402
4-coord,0.329246
4-coord,0.30405
4-coord,0.212907
4-coord,0.328103
4-coord,0.375121
4-coord,0.249699
4-coord,0.339357
4-coord,0.167853
4-coord,0.20777
4-coord,0.208477
4-coord,0.438653
4-coord,0.367431
4-coord,0.377922
4-coord,0.407397
4-coord,0.200012
4-coord,0.321582
4-coord,0.337778
4-coord,0.268829
4-coord,0.42711
4-coord,0.436209
4-coord,0.350869
4-coord,0.269785
4-coord,0.396278
4-coord,0.544538
4-coord,0.349633
4-coord,0.215699
4-coord,0.48549
4-coord,0.367547
4-coord,0.311445
4-coord,0.251672
4-coord,0.382637
4-coord,0.256756
4-coord,0.454067
4-coord,0.350271
4-coord,0.469246
4-coord,0.369703
4-coord,0.401272
4-coord,0.375101
4-coord,0.494595
4-coord,0.351663
4-coord,0.380411
4-coord,0.247265
4-coord,0.358997
4-coord,0.438773
4-coord,0.390917
4-coord,0.498531
4-coord,0.420859
4-coord,0.421998
4-coord,0.407249
4-coord,0.380892
4-coord,0.549534
4-coord,0.385512
4-coord,0.529895
4-coord,0.429615
4-coord,0.552993
4-coord,0.322784
4-coord,0.420551
4-coord,0.440779
4-coord,0.569368
4-coord,0.453395
4-coord,0.368325
4-coord,0.537865
4-coord,0.423755
4-coord,0.345997
4-coord,0.357198
4-coord,0.381817
4-coord,0.415094
4-coord,0.36468
4-coord,0.333482
4-coord,0.318648
4-coord,0.339477
4-coord,0.276596
4-coord,0.358568
4-coord,0.474877
4-coord,0.309195
4-coord,0.31369
4-coord,0.121085
4-coord,0.300209
4-coord,0.474679
4-coord,0.599959
4-coord,0.395722
4-coord,0.246385
4-coord,0.448654
4-coord,0.330861
4-coord,0.279655
4-coord,0.359615
4-coord,0.368803
4-coord,0.224969
4-coord,0.210419
4-coord,0.290668
4-coord,0.250148
4-coord,0.224272
4-coord,0.178017
4-coord,0.172466
4-coord,0.386468
4-coord,0.351938
4-coord,0.260384
4-coord,0.340728
4-coord,0.332714
4-coord,0.281828
4-coord,0.219994
4-coord,0.311275
4-coord,0.312854
4-coord,0.290622
4-coord,0.43398
4-coord,0.382403
4-coord,0.426198
4-coord,0.346734
4-coord,0.361239
4-coord,0.249449
4-coord,0.264268
4-coord,0.353278
4-coord,0.455958
4-coord,0.278502
4-coord,0.373555
4-coord,0.382094
4-coord,0.513303
4-coord,0.337445
4-coord,0.364347
4-coord,0.171219
4-coord,0.364424
4-coord,0.357976
4-coord,0.445073
4-coord,0.317283
4-coord,0.459011
4-coord,0.238719
4-coord,0.312407
4-coord,0.304086
4-coord,0.413939
4-coord,0.18909
4-coord,0.239066
4-coord,0.605776
4-coord,0.444515
4-coord,0.32438
4-coord,0.334353
4-coord,0.409916
4-coord,0.404578
4-coord,0.344944
4-coord,0.374056
4-coord,0.431654
4-coord,0.350063
4-coord,0.45885
4-coord,0.151398
4-coord,0.51788
4-coord,0.371229
4-coord,0.653841
4-coord,0.467178
4-coord,0.3982
4-coord,0.444497
4-coord,0.348499
4-coord,0.374452
4-coord,0.415218
4-coord,0.298655
4-coord,0.347199
4-coord,0.416923
4-coord,0.263627
4-coord,0.20944
4-coord,0.284713
4-coord,0.464725
4-coord,0.287849
4-coord,0.267081
4-coord,0.283558
4-coord,0.479076
4-coord,0.51945
4-coord,0.298402
4-coord,0.322068
4-coord,0.397841
4-coord,0.351465
4-coord,0.299373
4-coord,0.207696
4-coord,0.341226
4-coord,0.329202
4-coord,0.251468
4-coord,0.260697
4-coord,0.358923
4-coord,0.216339
4-coord,0.430443
4-coord,0.441241
4-coord,0.173857
4-coord,0.455866
4-coord,0.412381
4-coord,0.324381
4-coord,0.255228
4-coord,0.286157
4-coord,0.549158
4-coord,0.394865
4-coord,0.399596
4-coord,0.307864
4-coord,0.187971
4-coord,0.323026
4-coord,0.364397
4-coord,0.404867
4-coord,0.324912
4-coord,0.349093
4-coord,0.26155
4-coord,0.170581
4-coord,0.185834
4-coord,0.404488
4-coord,0.497726
4-coord,0.182362
4-coord,0.336562
4-coord,0.342641
4-coord,0.270063
4-coord,0.407229
4-coord,0.393131
4-coord,0.235051
4-coord,0.362028
4-coord,0.349973
4-coord,0.518482
4-coord,0.368768
4-coord,0.310214
4-coord,0.294273
4-coord,0.504682
4-coord,0.255192
4-coord,0.498375
4-coord,0.307462
4-coord,0.464381
4-coord,0.403108
4-coord,0.459
4-coord,0.522516
4-coord,0.437198
4-coord,0.333524
4-coord,0.445665
4-coord,0.30933
4-coord,0.402778
4-coord,0.197391
4-coord,0.45648
4-coord,0.336941
4-coord,0.406097
4-coord,0.289973
4-coord,0.479796
4-coord,0.253111
4-coord,0.357474
4-coord,0.403635
4-coord,0.354282
4-coord,0.462076
4-coord,0.453074
4-coord,0.388616
4-coord,0.410063
4-coord,0.428183
4-coord,0.393407
4-coord,0.475496
4-coord,0.33742
4-coord,0.244149
4-coord,0.413817
4-coord,0.253768
4-coord,0.320322
4-coord,0.326788
4-coord,0.269311
4-coord,0.256172
4-coord,0.443748
4-coord,0.464875
4-coord,0.503336
4-coord,0.379323
4-coord,0.361073
4-coord,0.35988
4-coord,0.433705
4-coord,0.238681
4-coord,0.346098
4-coord,0.319826
4-coord,0.321908
4-coord,0.348934
4-coord,0.336227
4-coord,0.250362
4-coord,0.293754
4-coord,0.427705
4-coord,0.38036
4-coord,0.444522
4-coord,0.40732
4-coord,0.335579
4-coord,0.29278
4-coord,0.300028
4-coord,0.426003
4-coord,0.317523
4-coord,0.457789
4-coord,0.433203
4-coord,0.212797
4-coord,0.370398
4-coord,0.248165
4-coord,0.363145
4-coord,0.21137
4-coord,0.241259
4-coord,0.263661
4-coord,0.362398
4-coord,0.19763
4-coord,0.326615
4-coord,0.259053
4-coord,0.285816
4-coord,0.422483
4-coord,0.410106
4-coord,0.327459
4-coord,0.25146
4-coord,0.425444
4-coord,0.306171
4-coord,0.230098
4-coord,0.315834
4-coord,0.344077
4-coord,0.335314
4-coord,0.474233
4-coord,0.463181
4-coord,0.379803
4-coord,0.412271
4-coord,0.331988
4-coord,0.499527
4-coord,0.381272
4-coord,0.294215
4-coord,0.473586
4-coord,0.514498
4-coord,0.391856
4-coord,0.515263
4-coord,0.564712
4-coord,0.433874
4-coord,0.471421
4-coord,0.687124
4-coord,0.351584
4-coord,0.538044
4-coord,0.42714
4-coord,0.507966
4-coord,0.477408
4-coord,0.614241
4-coord,0.416337
4-coord,0.274235
4-coord,0.47747
4-coord,0.378591
4-coord,0.467088
4-coord,0.442615
4-coord,0.632112
4-coord,0.369034
4-coord,0.489024
4-coord,0.453176
4-coord,0.381025
4-coord,0.355657
4-coord,0.307091
4-coord,0.366827
4-coord,0.472372
4-coord,0.371192
4-coord,0.48519
4-coord,0.470235
4-coord,0.341769
4-coord,0.427564
4-coord,0.446876
4-coord,0.505873
4-coord,0.45454
4-coord,0.564273
4-coord,0.409959
4-coord,0.466092
4-coord,0.310927
4-coord,0.331073
4-coord,0.140551
4-coord,0.324959
4-coord,0.333515
4-coord,0.366397
4-coord,0.197814
4-coord,0.271478
4-coord,0.289428
4-coord,0.437532
4-coord,0.299116
4-coord,0.269479
4-coord,0.411199
4-coord,0.473753
4-coord,0.440678
4-coord,0.326089
4-coord,0.376403
4-coord,0.323335
4-coord,0.293066
4-coord,0.393621
4-coord,0.346055
4-coord,0.240334
4-coord,0.268103
4-coord,0.274826
4-coord,0.328514
4-coord,0.364566
4-coord,0.309484
4-coord,0.232909
4-coord,0.219073
4-coord,0.451982
4-coord,0.502642
4-coord,0.227405
4-coord,0.33376
4-coord,0.370732
4-coord,0.329929
4-coord,0.366846
4-coord,0.327533
4-coord,0.297129
4-coord,0.366116
4-coord,0.458687
4-coord,0.419633
4-coord,0.490932
4-coord,0.332426
4-coord,0.441589
4-coord,0.265953
4-coord,0.409103
4-coord,0.404007
4-coord,0.382255
4-coord,0.353714
4-coord,0.463713
4-coord,0.356545
4-coord,0.369315
4-coord,0.317775
4-coord,0.459443
4-coord,0.462635
4-coord,0.598333
4-coord,0.495909
4-coord,0.48769
4-coord,0.23332
4-coord,0.460051
4-coord,0.428463
4-coord,0.587878
4-coord,0.32751
4-coord,0.457582
4-coord,0.51264
4-coord,0.385746
4-coord,0.522352
4-coord,0.511891
4-coord,0.457843
4-coord,0.515102
4-coord,0.552415
4-coord,0.393734
4-coord,0.568745
4-coord,0.325069
4-coord,0.423461
4-coord,0.298254
4-coord,0.414709
4-coord,0.405887
4-coord,0.289541
4-coord,0.315443
4-coord,0.431984
4-coord,0.45942
4-coord,0.438963
4-coord,0.397749
4-coord,0.377556
4-coord,0.478461
4-coord,0.328099
4-coord,0.406719
4-coord,0.366114
4-coord,0.314992
4-coord,0.319559
4-coord,0.425265
4-coord,0.309166
4-coord,0.302082
4-coord,0.279938
4-coord,0.335823
4-coord,0.483039
4-coord,0.24805
4-coord,0.300025
4-coord,0.296948
4-coord,0.319139
4-coord,0.37494
4-coord,0.34293
4-coord,0.260761
4-coord,0.303103
4-coord,0.352071
4-coord,0.354067
4-coord,0.466609
4-coord,0.420951
4-coord,0.392421
4-coord,0.218306
4-coord,0.362168
4-coord,0.283143
4-coord,0.375467
4-coord,0.402186
4-coord,0.385523
4-coord,0.426814
4-coord,0.406561
4-coord,0.295834
4-coord,0.318706
4-coord,0.194331
4-coord,0.362027
4-coord,0.268111
4-coord,0.310793
4-coord,0.319552
4-coord,0.425585
4-coord,0.326426
4-coord,0.40897
4-coord,0.376414
4-coord,0.391213
4-coord,0.52018
4-coord,0.437508
4-coord,0.430779
4-coord,0.457805
4-coord,0.358752
4-coord,0.348494
4-coord,0.362828
4-coord,0.282515
4-coord,0.450092
4-coord,0.410859
4-coord,0.300824
4-coord,0.387694
4-coord,0.341403
4-coord,0.280452
4-coord,0.304335
4-coord,0.408051
4-coord,0.445849
4-coord,0.544842
4-coord,0.439213
4-coord,0.494303
4-coord,0.347874
4-coord,0.372534
4-coord,0.412065
4-coord,0.561668
4-coord,0.504081
4-coord,0.455108
4-coord,0.239187
4-coord,0.370363
4-coord,0.402845
4-coord,0.276968
4-coord,0.276638
4-coord,0.274241
4-coord,0.263739
4-coord,0.291933
4-coord,0.373235
4-coord,0.38862
4-coord,0.288933
4-coord,0.33787
4-coord,0.325995
4-coord,0.412306
4-coord,0.260508
4-coord,0.402948
4-coord,0.442425
4-coord,0.234184
4-coord,0.390776
4-coord,0.246485
4-coord,0.317239
4-coord,0.336349
4-coord,0.234041
4-coord,0.264584
4-coord,0.350426
4-coord,0.364419
4-coord,0.291684
4-coord,0.288364
4-coord,0.237377
4-coord,0.376517
4-coord,0.367358
4-coord,0.351378
4-coord,0.378315
4-coord,0.300028
4-coord,0.374693
4-coord,0.353598
4-coord,0.438621
4-coord,0.245944
4-coord,0.445797
4-coord,0.452255
4-coord,0.178922
4-coord,0.424253
4-coord,0.162681
4-coord,0.284457
4-coord,0.214148
4-coord,0.336267
4-coord,0.392696
4-coord,0.262574
4-coord,0.319042
4-coord,0.403914
4-coord,0.444229
4-coord,0.29406
4-coord,0.405428
4-coord,0.344386
4-coord,0.228941
4-coord,0.329081
4-coord,0.301745
4-coord,0.344149
4-coord,0.390266
4-coord,0.490459
4-coord,0.412303
4-coord,0.560679
4-coord,0.348398
4-coord,0.391707
4-coord,0.39482
4-coord,0.546258
4-coord,0.454305
4-coord,0.426582
4-coord,0.377543
4-coord,0.403635
4-coord,0.229707
4-coord,0.441998
4-coord,0.374958
4-coord,0.571759
4-coord,0.345841
4-coord,0.689088
4-coord,0.398557
4-coord,0.476328
4-coord,0.367748
4-coord,0.484308
4-coord,0.50053
4-coord,0.472471
4-coord,0.461128
4-coord,0.518412
4-coord,0.482289
4-coord,0.507758
4-coord,0.592026
4-coord,0.511537
4-coord,0.384583
4-coord,0.330055
4-coord,0.47709
4-coord,0.335821
4-coord,0.47166
4-coord,0.456992
4-coord,0.372199
4-coord,0.419977
4-coord,0.3784
4-coord,0.321486
4-coord,0.296746
4-coord,0.272658
4-coord,0.44343
4-coord,0.527076
4-coord,0.337902
4-coord,0.43098
4-coord,0.297191
4-coord,0.41558
4-coord,0.360179
4-coord,0.320313
4-coord,0.254712
4-coord,0.308579
4-coord,0.300758
4-coord,0.421912
4-coord,0.379187
4-coord,0.333681
4-coord,0.372022
4-coord,0.501443
4-coord,0.46785
4-coord,0.335747
4-coord,0.270052
4-coord,0.305149
4-coord,0.256083
4-coord,0.457816
4-coord,0.430002
4-coord,0.355525
4-coord,0.370997
4-coord,0.43755
4-coord,0.293173
4-coord,0.316574
4-coord,0.396445
4-coord,0.313595
4-coord,0.290804
4-coord,0.381746
4-coord,0.234931
4-coord,0.328935
4-coord,0.380681
4-coord,0.342354
4-coord,0.28514
4-coord,0.407152
4-coord,0.300251
4-coord,0.355559
4-coord,0.280876
4-coord,0.309025
4-coord,0.261644
4-coord,0.393232
4-coord,0.27011
4-coord,0.310187
4-coord,0.26119
4-coord,0.406355
4-coord,0.345335
4-coord,0.530774
4-coord,0.293756
4-coord,0.395056
4-coord,0.362711
4-coord,0.595719
4-coord,0.377163
4-coord,0.299579
4-coord,0.460772
4-coord,0.308558
4-coord,0.442688
4-coord,0.442357
4-coord,0.390747
4-coord,0.555641
4-coord,0.453146
4-coord,0.57083
4-coord,0.455442
4-coord,0.343331
4-coord,0.456656
4-coord,0.509266
4-coord,0.403373
4-coord,0.422004
4-coord,0.482103
4-coord,0.591713
4-coord,0.5876
4-coord,0.402678
4-coord,0.484488
4-coord,0.396583
4-coord,0.437567
4-coord,0.442277
4-coord,0.455238
4-coord,0.528457
4-coord,0.380228
4-coord,0.351416
4-coord,0.356425
4-coord,0.278955
4-coord,0.320525
4-coord,0.263944
4-coord,0.45736
4-coord,0.41616
4-coord,0.33037
4-coord,0.298038
4-coord,0.473687
4-coord,0.44721
4-coord,0.353076
4-coord,0.404937
4-coord,0.354451
4-coord,0.476213
4-coord,0.359629
4-coord,0.234688
4-coord,0.381925
4-coord,0.422201
4-coord,0.377989
4-coord,0.283857
4-coord,0.411823
4-coord,0.411885
4-coord,0.260808
4-coord,0.336498
4-coord,0.368061
4-coord,0.536622
4-coord,0.348752
4-coord,0.344538
4-coord,0.414993
4-coord,0.293282
4-coord,0.311287
4-coord,0.31245
4-coord,0.471329
4-coord,0.520797
4-coord,0.34559
4-coord,0.289382
4-coord,0.452063
4-coord,0.289685
4-coord,0.079192
4-coord,0.332111
4-coord,0.371125
4-coord,0.266395
4-coord,0.198248
4-coord,0.302297
4-coord,0.311525
4-coord,0.484296
4-coord,0.372042
4-coord,0.237017
4-coord,0.197138
4-coord,0.196188
4-coord,0.375787
4-coord,0.33655
4-coord,0.440987
4-coord,0.338641
4-coord,0.360963
4-coord,0.319766
4-coord,0.427131
4-coord,0.23937
4-coord,0.468638
4-coord,0.391708
4-coord,0.442084
4-coord,0.444146
4-coord,0.34198
4-coord,0.335025
4-coord,0.344352
4-coord,0.273743
4-coord,0.416971
4-coord,0.296682
4-coord,0.51309
4-coord,0.393274
4-coord,0.506415
4-coord,0.347607
4-coord,0.457841
4-coord,0.463526
4-coord,0.589337
4-coord,0.542305
4-coord,0.397724
4-coord,0.39047
4-coord,0.410668
4-coord,0.488096
4-coord,0.425278
4-coord,0.381062
4-coord,0.466083
4-coord,0.488727
4-coord,0.365453
4-coord,0.277374
4-coord,0.418068
4-coord,0.396384
4-coord,0.393535
4-coord,0.31171
4-coord,0.30527
4-coord,0.330097
4-coord,0.355679
4-coord,0.383384
4-coord,0.428089
4-coord,0.213249
4-coord,0.412303
4-coord,0.360563
4-coord,0.507232
4-coord,0.466262
4-coord,0.284039
4-coord,0.228732
4-coord,0.408302
4-coord,0.261008
4-coord,0.246784
4-coord,0.431535
4-coord,0.366047
4-coord,0.285591
4-coord,0.351207
4-coord,0.246354
4-coord,0.32217
4-coord,0.422121
4-coord,0.21099
4-coord,0.156988
4-coord,0.390108
4-coord,0.44819
4-coord,0.423546
4-coord,0.248429
4-coord,0.289706
4-coord,0.548676
4-coord,0.435563
4-coord,0.297201
4-coord,0.367811
4-coord,0.371399
4-coord,0.374463
4-coord,0.28482
4-coord,0.242736
4-coord,0.222516
4-coord,0.348383
4-coord,0.364234
4-coord,0.362494
4-coord,0.347264
4-coord,0.264017
4-coord,0.372379
4-coord,0.304316
4-coord,0.291522
4-coord,0.270762
4-coord,0.309663
4-coord,0.291707
4-coord,0.322612
4-coord,0.34455
4-coord,0.361059
4-coord,0.29408
4-coord,0.384258
4-coord,0.31704
4-coord,0.372642
4-coord,0.351198
4-coord,0.333881
4-coord,0.445125
4-coord,0.291416
4-coord,0.360669
4-coord,0.311569
4-coord,0.340686
4-coord,0.486574
4-coord,0.441058
4-coord,0.576814
4-coord,0.3682
4-coord,0.394821
4-coord,0.498358
4-coord,0.496544
4-coord,0.422391
4-coord,0.551775
4-coord,0.520313
4-coord,0.395828
4-coord,0.550531
4-coord,0.489304
4-coord,0.531688
4-coord,0.381174
4-coord,0.4168
4-coord,0.360187
4-coord,0.47056
4-coord,0.377008
4-coord,0.42741
4-coord,0.2718
4-coord,0.340992
4-coord,0.280401
4-coord,0.257351
4-coord,0.289867
4-coord,0.339048
4-coord,0.422531
4-coord,0.38403
4-coord,0.318504
4-coord,0.489985
4-coord,0.247378
4-coord,0.478745
4-coord,0.41655
4-coord,0.372564
4-coord,0.351611
4-coord,0.334078
4-coord,0.247428
4-coord,0.324538
4-coord,0.338359
4-coord,0.369405
4-coord,0.209639
4-coord,0.227085
4-coord,0.314862
4-coord,0.284228
4-coord,0.26215
4-coord,0.387183
4-coord,0.333765
4-coord,0.161576
4-coord,0.385752
4-coord,0.390767
4-coord,0.362892
4-coord,0.252074
4-coord,0.182907
4-coord,0.295247
4-coord,0.38503
4-coord,0.206999
4-coord,0.295547
4-coord,0.220152
4-coord,0.254374
4-coord,0.283855
4-coord,0.344201
4-coord,0.233672
4-coord,0.178997
4-coord,0.37778
4-coord,0.317292
4-coord,0.377224
4-coord,0.320725
4-coord,0.371313
4-coord,0.066602
4-coord,0.3634
4-coord,0.263853
4-coord,0.215631
4-coord,0.154157
4-coord,0.455642
4-coord,0.27253
4-coord,0.404457
4-coord,0.333406
4-coord,0.209528
4-coord,0.289917
4-coord,0.431488
4-coord,0.383046
4-coord,0.4374
4-coord,0.375863
4-coord,0.266318
4-coord,0.41736
4-coord,0.320586
4-coord,0.285193
4-coord,0.34066
4-coord,0.382621
4-coord,0.429245
4-coord,0.375751
4-coord,0.191323
4-coord,0.222907
4-coord,0.425885
4-coord,0.432077
4-coord,0.598519
4-coord,0.580357
4-coord,0.345597
4-coord,0.33211
4-coord,0.437102
4-coord,0.478056
4-coord,0.501634
4-coord,0.49132
4-coord,0.382426
4-coord,0.458047
4-coord,0.388476
4-coord,0.336265
4-coord,0.355099
4-coord,0.320766
4-coord,0.410603
4-coord,0.355131
4-coord,0.246362
4-coord,0.244104
4-coord,0.296021
4-coord,0.428768
4-coord,0.228821
4-coord,0.270271
4-coord,0.302036
4-coord,0.255543
4-coord,0.279167
4-coord,0.434599
4-coord,0.153716
4-coord,0.365201
4-coord,0.393787
4-coord,0.287265
4-coord,0.326138
4-coord,0.288769
4-coord,0.321453
4-coord,0.17983
4-coord,0.480398
4-coord,0.311485
4-coord,0.334725
4-coord,0.259871
4-coord,0.310206
4-coord,0.225809
4-coord,0.332481
4-coord,0.418454
4-coord,0.22082
4-coord,0.120644
4-coord,0.246128
4-coord,0.295825
4-coord,0.447248
4-coord,0.324184
4-coord,0.26597
4-coord,0.240388
4-coord,0.116025
4-coord,0.304508
4-coord,0.280379
4-coord,0.322303
4-coord,0.404771
4-coord,0.483741
4-coord,0.352044
4-coord,0.250374
4-coord,0.138732
4-coord,0.302387
4-coord,0.248096
4-coord,0.335843
4-coord,0.119818
4-coord,0.170734
4-coord,0.352583
4-coord,0.388272
4-coord,0.395878
4-coord,0.270659
4-coord,0.360089
4-coord,0.256434
4-coord,0.517669
4-coord,0.311435
4-coord,0.30102
4-coord,0.329085
4-coord,0.438357
4-coord,0.252226
4-coord,0.202673
4-coord,0.295887
4-coord,0.478642
4-coord,0.309381
4-coord,0.442176
4-coord,0.374321
4-coord,0.523672
4-coord,0.185458
4-coord,0.338975
4-coord,0.305629
4-coord,0.363387
4-coord,0.374356
4-coord,0.439391
4-coord,0.387968
4-coord,0.477467
4-coord,0.366266
4-coord,0.527158
4-coord,0.285473
4-coord,0.438285
4-coord,0.406331
4-coord,0.458253
4-coord,0.383493
4-coord,0.278875
4-coord,0.234958
4-coord,0.279562
4-coord,0.367111
4-coord,0.283053
4-coord,0.359548
4-coord,0.147397
4-coord,0.274334
4-coord,0.381687
4-coord,0.449507
4-coord,0.263875
4-coord,0.131239
4-coord,0.44232
4-coord,0.344959
4-coord,0.386338
4-coord,0.204482
4-coord,0.34134
4-coord,0.072749
4-coord,0.356209
4-coord,0.226121
4-coord,0.293726
4-coord,0.254966
4-coord,0.139519
4-coord,0.278749
4-coord,0.087617
4-coord,0.397846
4-coord,0.313
4-coord,0.237753
4-coord,0.269305
4-coord,0.220635
4-coord,0.294618
4-coord,0.284847
4-coord,0.252496
4-coord,0.315063
4-coord,0.247665
4-coord,0.270647
4-coord,0.230356
4-coord,0.268113
4-coord,0.105043
4-coord,0.241907
4-coord,0.256062
4-coord,0.208274
4-coord,0.269556
4-coord,0.497509
4-coord,0.351815
4-coord,0.280025
4-coord,0.182757
4-coord,0.271788
4-coord,0.354449
4-coord,0.298707
4-coord,0.172639
4-coord,0.321058
4-coord,0.290368
4-coord,0.359904
4-coord,0.320799
4-coord,0.47793
4-coord,0.317758
4-coord,0.341049
4-coord,0.338769
4-coord,0.337348
4-coord,0.323351
4-coord,0.167722
4-coord,0.281226
4-coord,0.298999
4-coord,0.323347
4-coord,0.233656
4-coord,0.305788
4-coord,0.296632
4-coord,0.303189
4-coord,0.321202
4-coord,0.311741
4-coord,0.367848
4-coord,0.382145
4-coord,0.331804
4-coord,0.375644
4-coord,0.42587
4-coord,0.359451
4-coord,0.364065
4-coord,0.409607
4-coord,0.438384
4-coord,0.444719
4-coord,0.375014
4-coord,0.415344
4-coord,0.430182
4-coord,0.427763
4-coord,0.402491
4-coord,0.470885
4-coord,0.310748
4-coord,0.334604
4-coord,0.451995
4-coord,0.331341
4-coord,0.300262
4-coord,0.314336
4-coord,0.243032
4-coord,0.314334
4-coord,0.243269
4-coord,0.30937
4-coord,0.322191
4-coord,0.416564
4-coord,0.190994
4-coord,0.24707
4-coord,0.352643
4-coord,0.350093
4-coord,0.31297
4-coord,0.326682
4-coord,0.414427
4-coord,0.300524
4-coord,0.307497
4-coord,0.316265
4-coord,0.249016
4-coord,0.356693
4-coord,0.2771
4-coord,0.131929
4-coord,0.470293
4-coord,0.392724
4-coord,0.346576
4-coord,0.2773
4-coord,0.370469
4-coord,0.19852
4-coord,0.258159
4-coord,0.339665
4-coord,0.216008
4-coord,0.347113
4-coord,0.416006
4-coord,0.460046
4-coord,0.272867
4-coord,0.296151
4-coord,0.444469
4-coord,0.405493
4-coord,0.537683
4-coord,0.47411
4-coord,0.598892
4-coord,0.331317
4-coord,0.325491
4-coord,0.369153
4-coord,0.550663
4-coord,0.380433
4-coord,0.554878
4-coord,0.504837
4-coord,0.428882
4-coord,0.408123
4-coord,0.512879
4-coord,0.594127
4-coord,0.479981
4-coord,0.377948
4-coord,0.47352
4-coord,0.526013
4-coord,0.426548
4-coord,0.511631
4-coord,0.640825
4-coord,0.510828
4-coord,0.491607
4-coord,0.480058
4-coord,0.393268
4-coord,0.593739
4-coord,0.544467
4-coord,0.56131
4-coord,0.482808
4-coord,0.574481
4-coord,0.530416
4-coord,0.447393
4-coord,0.387967
4-coord,0.628402
4-coord,0.462459
4-coord,0.692957
4-coord,0.595948
4-coord,0.653053
4-coord,0.311378
4-coord,0.493534
4-coord,0.645279
4-coord,0.546515
4-coord,0.486074
4-coord,0.605015
4-coord,0.528868
4-coord,0.572152
4-coord,0.414276
4-coord,0.527233
4-coord,0.552892
4-coord,0.26052
4-coord,0.458536
4-coord,0.548001
4-coord,0.449566
4-coord,0.444032
4-coord,0.509683
4-coord,0.386533
4-coord,0.498755
4-coord,0.568796
4-coord,0.353755
4-coord,0.391085
4-coord,0.348766
4-coord,0.582223
4-coord,0.343899
4-coord,0.562406
4-coord,0.418297
4-coord,0.427315
4-coord,0.554063
4-coord,0.334939
4-coord,0.50938
4-coord,0.59489
4-coord,0.420738
4-coord,0.654327
4-coord,0.513499
4-coord,0.300457
4-coord,0.444446
4-coord,0.524109
4-coord,0.335927
4-coord,0.477737
4-coord,0.462086
4-coord,0.465709
4-coord,0.382028
4-coord,0.657254
4-coord,0.417397
4-coord,0.425417
4-coord,0.357118
4-coord,0.497436
4-coord,0.391942
4-coord,0.394084
4-coord,0.407037
4-coord,0.687081
4-coord,0.382856
4-coord,0.519364
4-coord,0.325668
4-coord,0.422723
4-coord,0.521176
4-coord,0.584499
4-coord,0.323057
4-coord,0.465272
4-coord,0.358665
4-coord,0.352892
4-coord,0.397824
4-coord,0.442841
4-coord,0.496747
4-coord,0.521192
4-coord,0.311237
4-coord,0.603609
4-coord,0.421135
4-coord,0.348461
4-coord,0.348034
4-coord,0.479826
4-coord,0.33913
4-coord,0.456749
4-coord,0.174055
4-coord,0.470471
4-coord,0.268549
4-coord,0.376021
4-coord,0.365851
4-coord,0.39095
4-coord,0.542812
4-coord,0.472163
4-coord,0.401355
4-coord,0.429853
4-coord,0.424818
4-coord,0.34721
4-coord,0.336168
4-coord,0.355319
4-coord,0.312926
4-coord,0.413415
4-coord,0.39773
4-coord,0.408692
4-coord,0.339228
4-coord,0.377595
4-coord,0.431582
4-coord,0.475553
4-coord,0.333423
4-coord,0.636336
4-coord,0.511603
4-coord,0.637365
4-coord,0.362509
4-coord,0.642424
4-coord,0.489055
4-coord,0.486338
4-coord,0.449439
4-coord,0.51591
4-coord,0.356736
4-coord,0.427946
4-coord,0.545734
4-coord,0.569974
4-coord,0.641311
4-coord,0.538183
4-coord,0.366872
4-coord,0.480019
4-coord,0.402522
4-coord,0.592309
4-coord,0.446242
4-coord,0.544483
4-coord,0.591547
4-coord,0.431907
4-coord,0.535213
4-coord,0.465928
4-coord,0.4372
4-coord,0.510877
4-coord,0.5289
4-coord,0.672783
4-coord,0.34704
4-coord,0.628267
4-coord,0.368318
4-coord,0.609005
4-coord,0.412497
4-coord,0.531755
4-coord,0.573917
4-coord,0.657156
4-coord,0.552098
4-coord,0.58252
4-coord,0.423753
4-coord,0.564094
4-coord,0.576328
4-coord,0.493933
4-coord,0.581187
4-coord,0.48674
4-coord,0.580341
4-coord,0.680629
4-coord,0.427988
4-coord,0.704726
4-coord,0.29564
4-coord,0.257934
4-coord,0.512987
4-coord,0.624274
4-coord,0.466713
4-coord,0.409034
4-coord,0.398977
4-coord,0.513337
4-coord,0.617477
4-coord,0.316907
4-coord,0.635085
4-coord,0.480628
4-coord,0.515369
4-coord,0.720543
4-coord,0.337492
4-coord,0.274609
4-coord,0.651322
4-coord,0.421205
4-coord,0.429696
4-coord,0.544126
4-coord,0.384404
4-coord,0.395041
4-coord,0.467254
4-coord,0.198938
4-coord,0.233575
4-coord,0.599774
4-coord,0.489838
4-coord,0.487775
4-coord,0.447373
4-coord,0.437804
4-coord,0.557593
4-coord,0.399238
4-coord,0.443106
4-coord,0.291369
4-coord,0.457478
4-coord,0.332984
4-coord,0.616779
4-coord,0.310498
4-coord,0.521715
4-coord,0.518032
4-coord,0.406404
4-coord,0.473373
4-coord,0.464345
4-coord,0.39182
4-coord,0.278492
4-coord,0.434305
4-coord,0.574016
4-coord,0.400557
4-coord,0.316685
4-coord,0.079045
4-coord,0.533483
4-coord,0.366086
4-coord,0.389259
4-coord,0.412167
4-coord,0.461494
4-coord,0.387254
4-coord,0.403656
4-coord,0.340343
4-coord,0.522598
4-coord,0.307745
4-coord,0.381706
4-coord,0.204875
4-coord,0.400332
4-coord,0.367532
4-coord,0.359886
4-coord,0.358725
4-coord,0.296148
4-coord,0.381556
4-coord,0.479721
4-coord,0.456394
4-coord,0.473675
4-coord,0.437879
4-coord,0.440744
4-coord,0.300795
4-coord,0.498171
4-coord,0.471819
4-coord,0.397122
4-coord,0.347254
4-coord,0.536883
4-coord,0.485114
4-coord,0.484396
4-coord,0.444191
4-coord,0.588703
4-coord,0.53077
4-coord,0.577388
4-coord,0.357996
4-coord,0.647307
4-coord,0.507584
4-coord,0.581567
4-coord,0.498277
4-coord,0.667384
4-coord,0.588774
4-coord,0.557238
4-coord,0.4052
4-coord,0.525018
4-coord,0.541581
4-coord,0.678205
4-coord,0.34943
4-coord,0.679785
4-coord,0.35701
4-coord,0.603453
4-coord,0.404867
4-coord,0.570543
4-coord,0.405613
4-coord,0.504708
4-coord,0.713448
4-coord,0.626676
4-coord,0.524274
4-coord,0.53194
4-coord,0.477957
4-coord,0.505095
4-coord,0.628085
4-coord,0.605615
4-coord,0.476663
4-coord,0.568784
4-coord,0.483386
4-coord,0.614419
4-coord,0.449004
4-coord,0.519565
4-coord,0.346687
4-coord,0.720863
4-coord,0.333348
4-coord,0.586694
4-coord,0.442107
4-coord,0.474516
4-coord,0.660431
4-coord,0.703511
4-coord,0.579539
4-coord,0.544218
4-coord,0.500083
4-coord,0.437465
4-coord,0.560457
4-coord,0.477995
4-coord,0.456284
4-coord,0.401747
4-coord,0.524268
4-coord,0.367249
4-coord,0.347436
4-coord,0.37411
4-coord,0.530415
4-coord,0.526997
4-coord,0.426924
4-coord,0.410685
4-coord,0.531612
4-coord,0.406016
4-coord,0.619816
4-coord,0.634684
4-coord,0.284386
4-coord,0.306647
4-coord,0.476905
4-coord,0.367672
4-coord,0.460216
4-coord,0.532484
4-coord,0.493052
4-coord,0.450596
4-coord,0.342926
4-coord,0.543636
4-coord,0.340986
4-coord,0.431792
4-coord,0.240571
4-coord,0.458403
4-coord,0.392046
4-coord,0.585291
4-coord,0.342679
4-coord,0.420744
4-coord,0.497049
4-coord,0.395631
4-coord,0.427952
4-coord,0.451234
4-coord,0.321848
4-coord,0.269574
4-coord,0.311979
4-coord,0.44548
4-coord,0.355919
4-coord,0.487011
4-coord,0.260175
4-coord,0.513879
4-coord,0.353956
4-coord,0.598997
4-coord,0.337035
4-coord,0.296921
4-coord,0.553641
4-coord,0.36462
4-coord,0.378631
4-coord,0.375642
4-coord,0.327551
4-coord,0.34713
4-coord,0.219938
4-coord,0.578519
4-coord,0.29418
4-coord,0.487158
4-coord,0.356736
4-coord,0.219773
4-coord,0.238405
4-coord,0.396841
4-coord,0.248517
4-coord,0.335176
4-coord,0.418724
4-coord,0.420762
4-coord,0.362645
4-coord,0.447445
4-coord,0.425336
4-coord,0.439744
4-coord,0.454163
4-coord,0.39791
4-coord,0.364564
4-coord,0.582318
4-coord,0.39631
4-coord,0.673032
4-coord,0.451195
4-coord,0.383572
4-coord,0.240191
4-coord,0.613474
4-coord,0.450264
4-coord,0.454151
4-coord,0.507784
4-coord,0.690121
4-coord,0.451903
4-coord,0.485877
4-coord,0.497452
4-coord,0.502757
4-coord,0.442552
4-coord,0.542327
4-coord,0.569034
4-coord,0.528008
4-coord,0.717611
4-coord,0.523362
4-coord,0.29597
4-coord,0.692741
4-coord,0.438651
4-coord,0.622874
4-coord,0.529905
4-coord,0.601931
4-coord,0.625155
4-coord,0.486564
4-coord,0.547889
4-coord,0.616519
4-coord,0.501987
4-coord,0.55286
4-coord,0.3852
4-coord,0.54598
4-coord,0.307968
4-coord,0.560952
4-coord,0.362434
4-coord,0.45523
4-coord,0.399595
4-coord,0.546665
4-coord,0.368902
4-coord,0.562753
4-coord,0.626577
4-coord,0.412529
4-coord,0.647604
4-coord,0.469573
4-coord,0.487139
4-coord,0.740746
4-coord,0.479311
4-coord,0.487537
4-coord,0.51885
4-coord,0.359956
4-coord,0.372884
4-coord,0.371719
4-coord,0.306023
4-coord,0.358944
4-coord,0.536649
4-coord,0.514518
4-coord,0.422466
4-coord,0.700635
4-coord,0.461021
4-coord,0.522059
4-coord,0.414691
4-coord,0.570208
4-coord,0.289629
4-coord,0.50227
4-coord,0.574135
4-coord,0.371889
4-coord,0.300415
4-coord,0.547708
4-coord,0.425751
4-coord,0.3138
4-coord,0.598803
4-coord,0.377178
4-coord,0.346148
4-coord,0.37178
4-coord,0.398291
4-coord,0.343986
4-coord,0.481139
4-coord,0.554946
4-coord,0.28289
4-coord,0.433878
4-coord,0.297426
4-coord,0.562561
4-coord,0.226817
4-coord,0.468729
4-coord,0.247939
4-coord,0.36804
4-coord,0.375337
4-coord,0.341774
4-coord,0.469748
4-coord,0.494944
4-coord,0.239593
4-coord,0.595482
4-coord,0.348556
4-coord,0.476445
4-coord,0.4023
4-coord,0.424057
4-coord,0.252858
4-coord,0.387298
4-coord,0.487462
4-coord,0.386343
4-coord,0.307985
4-coord,0.376936
4-coord,0.374685
4-coord,0.343408
4-coord,0.1323
4-coord,0.351261
4-coord,0.280802
4-coord,0.390896
4-coord,0.299551
4-coord,0.448418
4-coord,0.411839
4-coord,0.443274
4-coord,0.337937
4-coord,0.377052
4-coord,0.369291
4-coord,0.280787
4-coord,0.284156
4-coord,0.359292
4-coord,0.401778
4-coord,0.318561
4-coord,0.297755
4-coord,0.431578
4-coord,0.429985
4-coord,0.426245
4-coord,0.268494
4-coord,0.585215
4-coord,0.356513
4-coord,0.311822
4-coord,0.371238
4-coord,0.481207
4-coord,0.508701
4-coord,0.332061
4-coord,0.34524
4-coord,0.569225
4-coord,0.630985
4-coord,0.510247
4-coord,0.373495
4-coord,0.48282
4-coord,0.497191
4-coord,0.484518
4-coord,0.551695
4-coord,0.615105
4-coord,0.46809
4-coord,0.454838
4-coord,0.498789
4-coord,0.282901
4-coord,0.628709
4-coord,0.61344
4-coord,0.406162
4-coord,0.754058
4-coord,0.509407
4-coord,0.63399
4-coord,0.512618
4-coord,0.531495
4-coord,0.662511
4-coord,0.337937
4-coord,0.626372
4-coord,0.568031
4-coord,0.529745
4-coord,0.583287
4-coord,0.337396
4-coord,0.742966
4-coord,0.492867
4-coord,0.646811
4-coord,0.404377
4-coord,0.638937
4-coord,0.385875
4-coord,0.38908
4-coord,0.431552
4-coord,0.678665
4-coord,0.597335
4-coord,0.644365
4-coord,0.587184
4-coord,0.571973
4-coord,0.698304
4-coord,0.490803
4-coord,0.518195
4-coord,0.633197
4-coord,0.583985
4-coord,0.578952
4-coord,0.348179
4-coord,0.420483
4-coord,0.297188
4-coord,0.529595
4-coord,0.439824
4-coord,0.493579
4-coord,0.282837
4-coord,0.568878
4-coord,0.341705
4-coord,0.377585
4-coord,0.36383
4-coord,0.430959
4-coord,0.466733
4-coord,0.511651
4-coord,0.499753
4-coord,0.419796
4-coord,0.435929
4-coord,0.300812
4-coord,0.535752
4-coord,0.340372
4-coord,0.409203
4-coord,0.519261
4-coord,0.454802
4-coord,0.295788
4-coord,0.247842
4-coord,0.353153
4-coord,0.283704
4-coord,0.546871
4-coord,0.302669
4-coord,0.34303
4-coord,0.232157
4-coord,0.480819
4-coord,0.39261
4-coord,0.405749
4-coord,0.23841
4-coord,0.480855
4-coord,0.415346
4-coord,0.388607
4-coord,0.462039
4-coord,0.324309
4-coord,0.33447
4-coord,0.312955
4-coord,0.223792
4-coord,0.394659
4-coord,0.437184
4-coord,0.473696
4-coord,0.190931
4-coord,0.420983
4-coord,0.519664
4-coord,0.476989
4-coord,0.321667
4-coord,0.43049
4-coord,0.432742
4-coord,0.344386
4-coord,0.309329
4-coord,0.469297
4-coord,0.451108
4-coord,0.418059
4-coord,0.166737
4-coord,0.396658
4-coord,0.304256
4-coord,0.4655
4-coord,0.376057
4-coord,0.352678
4-coord,0.427146
4-coord,0.246653
4-coord,0.405994
4-coord,0.400034
4-coord,0.477959
4-coord,0.372002
4-coord,0.268072
4-coord,0.476108
4-coord,0.374418
4-coord,0.408263
4-coord,0.491635
4-coord,0.42758
4-coord,0.473973
4-coord,0.430637
4-coord,0.513511
4-coord,0.426006
4-coord,0.434407
4-coord,0.58929
4-coord,0.557133
4-coord,0.644636
4-coord,0.400491
4-coord,0.568585
4-coord,0.60329
4-coord,0.554337
4-coord,0.544596
4-coord,0.53712
4-coord,0.320884
4-coord,0.467283
4-coord,0.532373
4-coord,0.486652
4-coord,0.624687
4-coord,0.559354
4-coord,0.439574
4-coord,0.571618
4-coord,0.35041
4-coord,0.539757
4-coord,0.326811
4-coord,0.43722
4-coord,0.49781
4-coord,0.436576
4-coord,0.525106
4-coord,0.496384
4-coord,0.483961
4-coord,0.473036
4-coord,0.376214
4-coord,0.567441
4-coord,0.30397
4-coord,0.611302
4-coord,0.340852
4-coord,0.537319
4-coord,0.375605
4-coord,0.473929
4-coord,0.545034
4-coord,0.552158
4-coord,0.415139
4-coord,0.538975
4-coord,0.538438
4-coord,0.655471
4-coord,0.573434
4-coord,0.410829
4-coord,0.661345
4-coord,0.48564
4-coord,0.325715
4-coord,0.63236
4-coord,0.525267
4-coord,0.714604
4-coord,0.420094
4-coord,0.334948
4-coord,0.497066
4-coord,0.410132
4-coord,0.513223
4-coord,0.374711
4-coord,0.370424
4-coord,0.174489
4-coord,0.630335
4-coord,0.334579
4-coord,0.593756
4-coord,0.207526
4-coord,0.399826
4-coord,0.624406
4-coord,0.354121
4-coord,0.212982
4-coord,0.416159
4-coord,0.223769
4-coord,0.343591
4-coord,0.425817
4-coord,0.443049
4-coord,0.363685
4-coord,0.494533
4-coord,0.441803
4-coord,0.233215
4-coord,0.369492
4-coord,0.41941
4-coord,0.452244
4-coord,0.511452
4-coord,0.338129
4-coord,0.402183
4-coord,0.415856
4-coord,0.444609
4-coord,0.24499
4-coord,0.428629
4-coord,0.326809
4-coord,0.358557
4-coord,0.63921
4-coord,0.292108
4-coord,0.455873
4-coord,0.399878
4-coord,0.300852
4-coord,0.220195
4-coord,0.261974
4-coord,0.353468
4-coord,0.54932
4-coord,0.223204
4-coord,0.461488
4-coord,0.516039
4-coord,0.511798
4-coord,0.445271
4-coord,0.362924
4-coord,0.369152
4-coord,0.486831
4-coord,0.34657
4-coord,0.330731
4-coord,0.39853
4-coord,0.386827
4-coord,0.317889
4-coord,0.378056
4-coord,0.275142
4-coord,0.486923
4-coord,0.244725
4-coord,0.475155
4-coord,0.436067
4-coord,0.256132
4-coord,0.493297
4-coord,0.523927
4-coord,0.423936
4-coord,0.38386
4-coord,0.277017
4-coord,0.502939
4-coord,0.477242
4-coord,0.455008
4-coord,0.372394
4-coord,0.516302
4-coord,0.510028
4-coord,0.563069
4-coord,0.383696
4-coord,0.40004
4-coord,0.391695
4-coord,0.483881
4-coord,0.591099
4-coord,0.565162
4-coord,0.359118
4-coord,0.390968
4-coord,0.454354
4-coord,0.43869
4-coord,0.601074
4-coord,0.411744
4-coord,0.389282
4-coord,0.572663
4-coord,0.374479
4-coord,0.472482
4-coord,0.693913
4-coord,0.531545
4-coord,0.421036
4-coord,0.715354
4-coord,0.303345
4-coord,0.368314
4-coord,0.463565
4-coord,0.665705
4-coord,0.5696
4-coord,0.436332
4-coord,0.617573
4-coord,0.488221
4-coord,0.513939
4-coord,0.462925
4-coord,0.44737
4-coord,0.545795
4-coord,0.483417
4-coord,0.45812
4-coord,0.451701
4-coord,0.552978
4-coord,0.413913
4-coord,0.495785
4-coord,0.521929
4-coord,0.58223
4-coord,0.479221
4-coord,0.641632
4-coord,0.407626
4-coord,0.530212
4-coord,0.41408
4-coord,0.509878
4-coord,0.594652
4-coord,0.66162
4-coord,0.485238
4-coord,0.637081
4-coord,0.569948
4-coord,0.421885
4-coord,0.316807
4-coord,0.258191
4-coord,0.344244
4-coord,0.348022
4-coord,0.365341
4-coord,0.362039
4-coord,0.29015
4-coord,0.529651
4-coord,0.280988
4-coord,0.446564
4-coord,0.319295
4-coord,0.306654
4-coord,0.604756
4-coord,0.231337
4-coord,0.239007
4-coord,0.373226
4-coord,0.30063
4-coord,0.372737
4-coord,0.443826
4-coord,0.226324
4-coord,0.284259
4-coord,0.627379
4-coord,0.220098
4-coord,0.387254
4-coord,0.280802
4-coord,0.413121
4-coord,0.353521
4-coord,0.407313
4-coord,0.329116
4-coord,0.426255
4-coord,0.450205
4-coord,0.337225
4-coord,0.354218
4-coord,0.408681
4-coord,0.346534
4-coord,0.241046
4-coord,0.333336
4-coord,0.537591
4-coord,0.432787
4-coord,0.448535
4-coord,0.329486
4-coord,0.312688
4-coord,0.431463
4-coord,0.495747
4-coord,0.220233
4-coord,0.336296
4-coord,0.315383
4-coord,0.321242
4-coord,0.29665
4-coord,0.598617
4-coord,0.347534
4-coord,0.595124
4-coord,0.337713
4-coord,0.416345
4-coord,0.408997
4-coord,0.210429
4-coord,0.158425
4-coord,0.436039
4-coord,0.212548
4-coord,0.338135
4-coord,0.153444
4-coord,0.407497
4-coord,0.387226
4-coord,0.519159
4-coord,0.403301
4-coord,0.393347
4-coord,0.438284
4-coord,0.344385
4-coord,0.467782
4-coord,0.49196
4-coord,0.349991
4-coord,0.434783
4-coord,0.364703
4-coord,0.47642
4-coord,0.357756
4-coord,0.544175
4-coord,0.382293
4-coord,0.605974
4-coord,0.305779
4-coord,0.426739
4-coord,0.390272
4-coord,0.363274
4-coord,0.430159
4-coord,0.506109
4-coord,0.472136
4-coord,0.413776
4-coord,0.48106
4-coord,0.557252
4-coord,0.35635
4-coord,0.506564
4-coord,0.334827
4-coord,0.521858
4-coord,0.480178
4-coord,0.380176
4-coord,0.574164
4-coord,0.616329
4-coord,0.40211
4-coord,0.397634
4-coord,0.365306
4-coord,0.573118
4-coord,0.456315
4-coord,0.57966
4-coord,0.666317
4-coord,0.418475
4-coord,0.607943
4-coord,0.603929
4-coord,0.381884
4-coord,0.535187
4-coord,0.568021
4-coord,0.520801
4-coord,0.420949
4-coord,0.619345
4-coord,0.489743
4-coord,0.685594
4-coord,0.468971
4-coord,0.661314
4-coord,0.400648
4-coord,0.585584
4-coord,0.468414
4-coord,0.650405
4-coord,0.414903
4-coord,0.554043
4-coord,0.330201
4-coord,0.50113
4-coord,0.609378
4-coord,0.528376
4-coord,0.554091
4-coord,0.731979
4-coord,0.590741
4-coord,0.393225
4-coord,0.326809
4-coord,0.352804
4-coord,0.462608
4-coord,0.198643
4-coord,0.487633
4-coord,0.362177
4-coord,0.413118
4-coord,0.550831
4-coord,0.350376
4-coord,0.526734
4-coord,0.381465
4-coord,0.466328
4-coord,0.487013
4-coord,0.454013
4-coord,0.266568
4-coord,0.548415
4-coord,0.407279
4-coord,0.418573
4-coord,0.627289
4-coord,0.249484
4-coord,0.616012
4-coord,0.537258
4-coord,0.287255
4-coord,0.345196
4-coord,0.503654
4-coord,0.579317
4-coord,0.44893
4-coord,0.483983
4-coord,0.271947
4-coord,0.666176
4-coord,0.231885
4-coord,0.388005
4-coord,0.330153
4-coord,0.549676
4-coord,0.524454
4-coord,0.371026
4-coord,0.543841
4-coord,0.544786
4-coord,0.481032
4-coord,0.422191
4-coord,0.302668
4-coord,0.420025
4-coord,0.389706
4-coord,0.332536
4-coord,0.226301
4-coord,0.329259
4-coord,0.250865
4-coord,0.41888
4-coord,0.212107
4-coord,0.391564
4-coord,0.378963
4-coord,0.472576
4-coord,0.30848
4-coord,0.469455
4-coord,0.428481
4-coord,0.478959
4-coord,0.583178
4-coord,0.537448
4-coord,0.301199
4-coord,0.317022
4-coord,0.308789
4-coord,0.377098
4-coord,0.452353
4-coord,0.48952
4-coord,0.393129
4-coord,0.349148
4-coord,0.470911
4-coord,0.486007
4-coord,0.639347
4-coord,0.471272
4-coord,0.377874
4-coord,0.439217
4-coord,0.321961
4-coord,0.469775
4-coord,0.440206
4-coord,0.529716
4-coord,0.336342
4-coord,0.42826
4-coord,0.307017
4-coord,0.518958
4-coord,0.451801
4-coord,0.478299
4-coord,0.594399
4-coord,0.521949
4-coord,0.393959
4-coord,0.371286
4-coord,0.536473
4-coord,0.658355
4-coord,0.410534
4-coord,0.448497
4-coord,0.347551
4-coord,0.569843
4-coord,0.569191
4-coord,0.521122
4-coord,0.573668
4-coord,0.57416
4-coord,0.407065
4-coord,0.421006
4-coord,0.469869
4-coord,0.53249
4-coord,0.542256
4-coord,0.516337
4-coord,0.570038
4-coord,0.629408
4-coord,0.575212
4-coord,0.509076
4-coord,0.522675
4-coord,0.723101
4-coord,0.403731
4-coord,0.599811
4-coord,0.385041
4-coord,0.730261
4-coord,0.406544
4-coord,0.606017
4-coord,0.428491
4-coord,0.591405
4-coord,0.490048
4-coord,0.607503
4-coord,0.480155
4-coord,0.630575
4-coord,0.646788
4-coord,0.672456
4-coord,0.41581
4-coord,0.528454
4-coord,0.721707
4-coord,0.380686
4-coord,0.487782
4-coord,0.529993
4-coord,0.379436
4-coord,0.399312
4-coord,0.553714
4-coord,0.316956
4-coord,0.493117
4-coord,0.344301
4-coord,0.34457
4-coord,0.427886
4-coord,0.289144
4-coord,0.535543
4-coord,0.447129
4-coord,0.461399
4-coord,0.199793
4-coord,0.365751
4-coord,0.501501
4-coord,0.268059
4-coord,0.316086
4-coord,0.426329
4-coord,0.314409
4-coord,0.321544
4-coord,0.528594
4-coord,0.370843
4-coord,0.429853
4-coord,0.412978
4-coord,0.302277
4-coord,0.454148
4-coord,0.419336
4-coord,0.431909
4-coord,0.355378
4-coord,0.435985
4-coord,0.342081
4-coord,0.632572
4-coord,0.248535
4-coord,0.528074
4-coord,0.305276
4-coord,0.58992
4-coord,0.488078
4-coord,0.587005
4-coord,0.392846
4-coord,0.467895
4-coord,0.446443
4-coord,0.530278
4-coord,0.310188
4-coord,0.464376
4-coord,0.321957
4-coord,0.397492
4-coord,0.280125
4-coord,0.327489
4-coord,0.385891
4-coord,0.440632
4-coord,0.241955
4-coord,0.564093
4-coord,0.44442
4-coord,0.480763
4-coord,0.280412
4-coord,0.437749
4-coord,0.423555
4-coord,0.449451
4-coord,0.426736
4-coord,0.579202
4-coord,0.290654
4-coord,0.49834
4-coord,0.458362
4-coord,0.493632
4-coord,0.357693
4-coord,0.464692
4-coord,0.411965
4-coord,0.444573
4-coord,0.421705
4-coord,0.337814
4-coord,0.26318
4-coord,0.248279
4-coord,0.2827
4-coord,0.301575
4-coord,0.475025
4-coord,0.440663
4-coord,0.538933
4-coord,0.308378
4-coord,0.225753
4-coord,0.542912
4-coord,0.67963
4-coord,0.496745
4-coord,0.298455
4-coord,0.524742
4-coord,0.531072
4-coord,0.501745
4-coord,0.440912
4-coord,0.42868
4-coord,0.50447
4-coord,0.669293
4-coord,0.516511
4-coord,0.471405
4-coord,0.496098
4-coord,0.621123
4-coord,0.610274
4-coord,0.443478
4-coord,0.528185
4-coord,0.617592
4-coord,0.447742
4-coord,0.398797
4-coord,0.533617
4-coord,0.536517
4-coord,0.535963
4-coord,0.497888
4-coord,0.461244
4-coord,0.626884
4-coord,0.612309
4-coord,0.623278
4-coord,0.69231
4-coord,0.502268
4-coord,0.729926
4-coord,0.439664
4-coord,0.644823
4-coord,0.536339
4-coord,0.629317
4-coord,0.63952
4-coord,0.732428
4-coord,0.524275
4-coord,0.490766
4-coord,0.503526
4-coord,0.327913
4-coord,0.618773
4-coord,0.369604
4-coord,0.332006
4-coord,0.593209
4-coord,0.459148
4-coord,0.614533
4-coord,0.680261
4-coord,0.529462
4-coord,0.717644
4-coord,0.512388
4-coord,0.691607
4-coord,0.351186
4-coord,0.414764
4-coord,0.490235
4-coord,0.319917
4-coord,0.389843
4-coord,0.356851
4-coord,0.256562
4-coord,0.511498
4-coord,0.346098
4-coord,0.491054
4-coord,0.437969
4-coord,0.431176
4-coord,0.447727
4-coord,0.417949
4-coord,0.336545
4-coord,0.614866
4-coord,0.34492
4-coord,0.581954
4-coord,0.510302
4-coord,0.370572
4-coord,0.454124
4-coord,0.608636
4-coord,0.431394
4-coord,0.419576
4-coord,0.470468
4-coord,0.495066
4-coord,0.490369
4-coord,0.448285
4-coord,0.54207
4-coord,0.551308
4-coord,0.377647
4-coord,0.52653
4-coord,0.510885
4-coord,0.446105
4-coord,0.40248
4-coord,0.419092
4-coord,0.32647
4-coord,0.415505
4-coord,0.281265
4-coord,0.479658
4-coord,0.424944
4-coord,0.508832
4-coord,0.430986
4-coord,0.433728
4-coord,0.245586
4-coord,0.473788
4-coord,0.333748
4-coord,0.454669
4-coord,0.298672
4-coord,0.387516
4-coord,0.247279
4-coord,0.414944
4-coord,0.341595
4-coord,0.353149
4-coord,0.387459
4-coord,0.467555
4-coord,0.284115
4-coord,0.492205
4-coord,0.409924
4-coord,0.473708
4-coord,0.243002
4-coord,0.439519
4-coord,0.401488
4-coord,0.410282
4-coord,0.35577
4-coord,0.368158
4-coord,0.37423
4-coord,0.474981
4-coord,0.357466
4-coord,0.507085
4-coord,0.450976
4-coord,0.386911
4-coord,0.43286
4-coord,0.551838
4-coord,0.498031
4-coord,0.728356
4-coord,0.504533
4-coord,0.553125
4-coord,0.550672
4-coord,0.480502
4-coord,0.465195
4-coord,0.465979
4-coord,0.60863
4-coord,0.520874
4-coord,0.334241
4-coord,0.6171
4-coord,0.503805
4-coord,0.561727
4-coord,0.525414
4-coord,0.452681
4-coord,0.38429
4-coord,0.478276
4-coord,0.591118
4-coord,0.427788
4-coord,0.571771
4-coord,0.529902
4-coord,0.446513
4-coord,0.667127
4-coord,0.514089
4-coord,0.727226
4-coord,0.520234
4-coord,0.50614
4-coord,0.513173
4-coord,0.354114
4-coord,0.688264
4-coord,0.452423
4-coord,0.654153
4-coord,0.597825
4-coord,0.65124
4-coord,0.357204
4-coord,0.614541
4-coord,0.490006
4-coord,0.487306
4-coord,0.526147
4-coord,0.699692
4-coord,0.576806
4-coord,0.565582
4-coord,0.2453
4-coord,0.677626
4-coord,0.324386
4-coord,0.63142
4-coord,0.359013
4-coord,0.504534
4-coord,0.565022
4-coord,0.602109
4-coord,0.588071
4-coord,0.566854
4-coord,0.492707
4-coord,0.55446
4-coord,0.524127
4-coord,0.465435
4-coord,0.449757
4-coord,0.405908
4-coord,0.352446
4-coord,0.354595
4-coord,0.462054
4-coord,0.542545
4-coord,0.316523
4-coord,0.441786
4-coord,0.216794
4-coord,0.51219
4-coord,0.531545
4-coord,0.33733
4-coord,0.421092
4-coord,0.671828
4-coord,0.402024
4-coord,0.431515
4-coord,0.537559
4-coord,0.372067
4-coord,0.514687
4-coord,0.544427
4-coord,0.478489
4-coord,0.298289
4-coord,0.352987
4-coord,0.627744
4-coord,0.418226
4-coord,0.559638
4-coord,0.336445
4-coord,0.508227
4-coord,0.355137
4-coord,0.371473
4-coord,0.310978
4-coord,0.438121
4-coord,0.460119
4-coord,0.586134
4-coord,0.431945
4-coord,0.663229
4-coord,0.519044
4-coord,0.637833
4-coord,0.542614
4-coord,0.518412
4-coord,0.171077
4-coord,0.429563
4-coord,0.392578
4-coord,0.402287
4-coord,0.207584
4-coord,0.416739
4-coord,0.439758
4-coord,0.392919
4-coord,0.325717
4-coord,0.385974
4-coord,0.314054
4-coord,0.340607
4-coord,0.39574
4-coord,0.413456
4-coord,0.315038
4-coord,0.607765
4-coord,0.369317
4-coord,0.477025
4-coord,0.30151
4-coord,0.323339
4-coord,0.372943
4-coord,0.494513
4-coord,0.218239
4-coord,0.346903
4-coord,0.425406
4-coord,0.314988
4-coord,0.495
4-coord,0.49315
4-coord,0.231629
4-coord,0.407326
4-coord,0.319163
4-coord,0.328217
4-coord,0.364871
4-coord,0.550124
4-coord,0.38701
4-coord,0.430373
4-coord,0.447686
4-coord,0.531069
4-coord,0.481274
4-coord,0.736435
4-coord,0.372812
4-coord,0.555289
4-coord,0.423841
4-coord,0.535428
4-coord,0.609642
4-coord,0.545891
4-coord,0.384843
4-coord,0.477921
4-coord,0.554147
4-coord,0.442699
4-coord,0.472555
4-coord,0.302843
4-coord,0.379181
4-coord,0.637558
4-coord,0.617801
4-coord,0.400025
4-coord,0.656478
4-coord,0.667847
4-coord,0.349441
4-coord,0.5476
4-coord,0.59583
4-coord,0.417266
4-coord,0.537222
4-coord,0.538444
4-coord,0.634131
4-coord,0.579585
4-coord,0.621902
4-coord,0.654947
4-coord,0.419433
4-coord,0.572651
4-coord,0.601913
4-coord,0.61628
4-coord,0.476664
4-coord,0.72701
4-coord,0.47023
4-coord,0.551449
4-coord,0.573504
4-coord,0.647958
4-coord,0.398143
4-coord,0.540563
4-coord,0.533863
4-coord,0.640364
4-coord,0.662895
4-coord,0.391725
4-coord,0.457446
4-coord,0.560887
4-coord,0.385927
4-coord,0.415778
4-coord,0.385243
4-coord,0.313808
4-coord,0.493039
4-coord,0.467285
4-coord,0.392287
4-coord,0.362225
4-coord,0.185735
4-coord,0.567368
4-coord,0.412905
4-coord,0.52217
4-coord,0.323626
4-coord,0.623455
4-coord,0.579152
4-coord,0.452648
4-coord,0.357129
4-coord,0.534847
4-coord,0.428491
4-coord,0.561654
4-coord,0.539801
4-coord,0.315903
4-coord,0.448063
4-coord,0.658567
4-coord,0.362921
4-coord,0.375769
4-coord,0.342307
4-coord,0.662101
4-coord,0.285188
4-coord,0.466832
4-coord,0.338025
4-coord,0.479858
4-coord,0.33367
4-coord,0.47998
4-coord,0.51452
4-coord,0.346507
4-coord,0.42507
4-coord,0.490671
4-coord,0.239224
4-coord,0.423095
4-coord,0.294336
4-coord,0.546735
4-coord,0.300539
4-coord,0.61668
4-coord,0.308242
4-coord,0.509455
4-coord,0.505055
4-coord,0.493856
4-coord,0.429886
4-coord,0.546768
4-coord,0.357369
4-coord,0.546849
4-coord,0.270695
4-coord,0.454704
4-coord,0.277299
4-coord,0.338882
4-coord,0.488851
4-coord,0.479247
4-coord,0.286544
4-coord,0.322353
4-coord,0.378545
4-coord,0.423607
4-coord,0.505836
4-coord,0.362314
4-coord,0.30505
4-coord,0.399563
4-coord,0.491892
4-coord,0.43528
4-coord,0.436203
4-coord,0.279638
4-coord,0.292704
4-coord,0.48848
4-coord,0.364344
4-coord,0.295373
4-coord,0.421072
4-coord,0.473658
4-coord,0.460746
4-coord,0.559715
4-coord,0.539732
4-coord,0.630202
4-coord,0.33996
4-coord,0.49623
4-coord,0.40844
4-coord,0.623366
4-coord,0.514163
4-coord,0.588176
4-coord,0.373394
4-coord,0.584581
4-coord,0.490076
4-coord,0.620084
4-coord,0.474547
4-coord,0.593798
4-coord,0.428548
4-coord,0.51872
4-coord,0.642633
4-coord,0.42214
4-coord,0.494316
4-coord,0.596764
4-coord,0.621086
4-coord,0.670882
4-coord,0.59896
4-coord,0.598903
4-coord,0.603205
4-coord,0.743983
4-coord,0.502058
4-coord,0.467693
4-coord,0.50729
4-coord,0.636309
4-coord,0.64229
4-coord,0.582185
4-coord,0.57373
4-coord,0.512181
4-coord,0.626934
4-coord,0.510111
4-coord,0.596766
4-coord,0.376632
4-coord,0.71244
4-coord,0.526401
4-coord,0.502985
4-coord,0.523807
4-coord,0.475585
4-coord,0.363984
4-coord,0.694158
4-coord,0.447879
4-coord,0.425672
4-coord,0.64111
4-coord,0.385157
4-coord,0.443759
4-coord,0.596575
4-coord,0.424576
4-coord,0.357194
4-coord,0.450946
4-coord,0.41961
4-coord,0.443974
4-coord,0.152617
4-coord,0.283612
4-coord,0.460044
4-coord,0.163459
4-coord,0.52829
4-coord,0.269553
4-coord,0.521192
4-coord,0.372412
4-coord,0.36701
4-coord,0.528229
4-coord,0.258403
4-coord,0.28356
4-coord,0.537565
4-coord,0.423872
4-coord,0.335176
4-coord,0.545835
4-coord,0.344904
4-coord,0.369823
4-coord,0.33388
4-coord,0.372726
4-coord,0.395829
4-coord,0.396866
4-coord,0.585045
4-coord,0.348562
4-coord,0.482657
4-coord,0.37841
4-coord,0.466278
4-coord,0.382245
4-coord,0.400319
4-coord,0.183465
4-coord,0.569163
4-coord,0.331531
4-coord,0.399588
4-coord,0.36427
4-coord,0.497437
4-coord,0.299794
4-coord,0.391164
4-coord,0.326158
4-coord,0.408242
4-coord,0.419372
4-coord,0.571561
4-coord,0.2574
4-coord,0.465222
4-coord,0.379492
4-coord,0.483313
4-coord,0.287499
4-coord,0.36299
4-coord,0.41526
4-coord,0.355001
4-coord,0.37823
4-coord,0.350444
4-coord,0.424573
4-coord,0.415338
4-coord,0.318149
4-coord,0.441284
4-coord,0.282822
4-coord,0.6205
4-coord,0.422446
4-coord,0.541395
4-coord,0.503601
4-coord,0.454907
4-coord,0.452624
4-coord,0.493152
4-coord,0.502108
4-coord,0.428134
4-coord,0.371269
4-coord,0.436565
4-coord,0.391643
4-coord,0.287359
4-coord,0.434992
4-coord,0.658077
4-coord,0.366352
4-coord,0.472689
4-coord,0.459762
4-coord,0.450381
4-coord,0.335984
4-coord,0.451213
4-coord,0.568631
4-coord,0.565585
4-coord,0.610316
4-coord,0.444166
4-coord,0.425897
4-coord,0.417936
4-coord,0.554965
4-coord,0.448012
4-coord,0.421014
4-coord,0.51421
4-coord,0.557872
4-coord,0.602096
4-coord,0.501559
4-coord,0.496891
4-coord,0.509069
4-coord,0.548119
4-coord,0.684773
4-coord,0.634128
4-coord,0.429927
4-coord,0.588687
4-coord,0.538477
4-coord,0.746628
4-coord,0.601698
4-coord,0.393946
4-coord,0.63966
4-coord,0.608671
4-coord,0.5151
4-coord,0.560482
4-coord,0.476287
4-coord,0.52551
4-coord,0.365996
4-coord,0.693839
4-coord,0.432822
4-coord,0.667368
4-coord,0.392559
4-coord,0.559025
4-coord,0.468097
4-coord,0.627275
4-coord,0.505807
4-coord,0.572894
4-coord,0.657678
4-coord,0.418049
4-coord,0.45653
4-coord,0.589931
4-coord,0.333409
4-coord,0.595622
4-coord,0.655365
4-coord,0.360617
4-coord,0.52022
4-coord,0.413619
4-coord,0.570944
4-coord,0.434188
4-coord,0.319281
4-coord,0.516722
4-coord,0.377484
4-coord,0.723568
4-coord,0.385229
4-coord,0.569583
4-coord,0.278949
4-coord,0.558155
4-coord,0.337238
4-coord,0.507583
4-coord,0.553153
4-coord,0.422055
4-coord,0.365037
4-coord,0.593274
4-coord,0.467006
4-coord,0.301366
4-coord,0.38978
4-coord,0.318657
4-coord,0.288694
4-coord,0.554435
4-coord,0.28631
4-coord,0.3251
4-coord,0.388297
4-coord,0.641751
4-coord,0.382363
4-coord,0.52592
4-coord,0.242617
4-coord,0.544972
4-coord,0.344144
4-coord,0.46674
4-coord,0.33374
4-coord,0.463283
4-coord,0.453639
4-coord,0.463541
4-coord,0.28667
4-coord,0.392283
4-coord,0.543859
4-coord,0.377455
4-coord,0.322134
4-coord,0.255848
4-coord,0.440337
4-coord,0.345307
4-coord,0.48926
4-coord,0.303895
4-coord,0.46375
4-coord,0.262372
4-coord,0.272446
4-coord,0.285604
4-coord,0.442298
4-coord,0.338137
4-coord,0.431774
4-coord,0.307278
4-coord,0.414975
4-coord,0.236245
4-coord,0.5036
4-coord,0.391929
4-coord,0.324682
4-coord,0.335745
4-coord,0.451613
4-coord,0.356595
4-coord,0.516834
4-coord,0.338794
4-coord,0.336013
4-coord,0.428436
4-coord,0.258127
4-coord,0.268689
4-coord,0.467021
4-coord,0.309611
4-coord,0.422698
4-coord,0.341241
4-coord,0.629102
4-coord,0.534418
4-coord,0.422572
4-coord,0.485806
4-coord,0.45659
4-coord,0.436586
4-coord,0.527372
4-coord,0.370896
4-coord,0.514642
4-coord,0.494921
4-coord,0.581387
4-coord,0.487343
4-coord,0.653318
4-coord,0.525419
4-coord,0.657194
4-coord,0.552975
4-coord,0.589263
4-coord,0.364542
4-coord,0.577376
4-coord,0.601118
4-coord,0.676878
4-coord,0.570998
4-coord,0.483396
4-coord,0.615443
4-coord,0.532046
4-coord,0.451897
4-coord,0.515285
4-coord,0.39139
4-coord,0.44901
4-coord,0.635999
4-coord,0.497578
4-coord,0.545975
4-coord,0.448527
4-coord,0.464821
4-coord,0.625015
4-coord,0.444289
4-coord,0.510647
4-coord,0.507141
4-coord,0.726943
4-coord,0.434976
4-coord,0.528899
4-coord,0.526639
4-coord,0.590471
4-coord,0.250945
4-coord,0.731696
4-coord,0.420205
4-coord,0.609366
4-coord,0.543392
4-coord,0.734409
4-coord,0.421395
4-coord,0.626196
4-coord,0.692238
4-coord,0.547618
4-coord,0.502813
4-coord,0.498309
4-coord,0.488427
4-coord,0.654126
4-coord,0.52477
4-coord,0.716836
4-coord,0.392872
4-coord,0.439528
4-coord,0.407275
4-coord,0.427642
4-coord,0.239934
4-coord,0.28005
4-coord,0.269281
4-coord,0.500805
4-coord,0.208257
4-coord,0.426679
4-coord,0.200156
4-coord,0.315465
4-coord,0.514936
4-coord,0.292636
4-coord,0.175273
4-coord,0.452303
4-coord,0.473387
4-coord,0.499011
4-coord,0.372712
4-coord,0.256213
4-coord,0.340276
4-coord,0.398135
4-coord,0.330636
4-coord,0.367948
4-coord,0.29134
4-coord,0.642982
4-coord,0.336254
4-coord,0.407294
4-coord,0.466333
4-coord,0.618572
4-coord,0.399506
4-coord,0.476632
4-coord,0.359955
4-coord,0.444063
4-coord,0.376597
4-coord,0.570256
4-coord,0.340926
4-coord,0.552353
4-coord,0.261675
4-coord,0.636865
4-coord,0.361453
4-coord,0.561327
4-coord,0.392348
4-coord,0.269585
4-coord,0.261239
4-coord,0.282156
4-coord,0.306375
4-coord,0.560878
4-coord,0.275124
4-coord,0.64358
4-coord,0.407559
4-coord,0.491831
4-coord,0.247259
4-coord,0.398164
4-coord,0.472096
4-coord,0.547303
4-coord,0.185352
4-coord,0.441891
4-coord,0.31861
4-coord,0.319125
4-coord,0.23032
4-coord,0.408606
4-coord,0.475439
4-coord,0.221181
4-coord,0.360523
4-coord,0.214344
4-coord,0.456576
4-coord,0.338478
4-coord,0.451701
4-coord,0.374083
4-coord,0.531453
4-coord,0.39073
4-coord,0.405774
4-coord,0.454541
4-coord,0.436262
4-coord,0.520556
4-coord,0.457689
4-coord,0.621499
4-coord,0.480897
4-coord,0.545067
4-coord,0.438957
4-coord,0.61625
4-coord,0.519762
4-coord,0.650091
4-coord,0.369018
4-coord,0.385624
4-coord,0.502457
4-coord,0.598513
4-coord,0.541781
4-coord,0.753076
4-coord,0.502839
4-coord,0.464555
4-coord,0.549608
4-coord,0.312891
4-coord,0.654519
4-coord,0.668822
4-coord,0.50481
4-coord,0.49018
4-coord,0.520747
4-coord,0.642063
4-coord,0.459301
4-coord,0.467533
4-coord,0.548778
4-coord,0.547037
4-coord,0.606489
4-coord,0.446383
4-coord,0.483378
4-coord,0.576785
4-coord,0.545345
4-coord,0.567394
4-coord,0.441972
4-coord,0.697271
4-coord,0.50312
4-coord,0.620491
4-coord,0.531585
4-coord,0.717304
4-coord,0.37018
4-coord,0.707607
4-coord,0.531096
4-coord,0.58571
4-coord,0.49819
4-coord,0.616154
4-coord,0.38134
4-coord,0.545636
4-coord,0.57163
4-coord,0.458462
4-coord,0.406171
4-coord,0.749508
4-coord,0.483727
4-coord,0.745857
4-coord,0.422199
4-coord,0.478777
4-coord,0.376162
4-coord,0.525003
4-coord,0.521018
4-coord,0.638797
4-coord,0.55062
4-coord,0.172607
4-coord,0.517469
4-coord,0.179535
4-coord,0.435611
4-coord,0.152405
4-coord,0.331432
4-coord,0.549231
4-coord,0.214473
4-coord,0.597898
4-coord,0.482905
4-coord,0.368473
4-coord,0.27992
4-coord,0.560846
4-coord,0.371587
4-coord,0.370742
4-coord,0.507265
4-coord,0.443272
4-coord,0.52265
4-coord,0.403148
4-coord,0.697781
4-coord,0.406542
4-coord,0.501439
4-coord,0.352052
4-coord,0.515947
4-coord,0.298065
4-coord,0.370902
4-coord,0.393696
4-coord,0.453986
4-coord,0.386131
4-coord,0.451492
4-coord,0.329092
4-coord,0.520861
4-coord,0.451147
4-coord,0.433371
4-coord,0.4312
4-coord,0.639812
4-coord,0.291907
4-coord,0.324048
4-coord,0.241739
4-coord,0.390941
4-coord,0.305167
4-coord,0.373526
4-coord,0.298829
4-coord,0.484793
4-coord,0.306565
4-coord,0.454377
4-coord,0.397554
4-coord,0.421946
4-coord,0.310046
4-coord,0.487125
4-coord,0.311223
4-coord,0.332445
4-coord,0.375848
4-coord,0.54325
4-coord,0.362746
4-coord,0.241762
4-coord,0.327532
4-coord,0.23516
4-coord,0.263888
4-coord,0.235931
4-coord,0.468392
4-coord,0.386357
4-coord,0.444242
4-coord,0.401283
4-coord,0.367586
4-coord,0.395068
4-coord,0.239629
4-coord,0.470353
4-coord,0.414063
4-coord,0.587014
4-coord,0.430535
4-coord,0.404328
4-coord,0.315214
4-coord,0.441892
4-coord,0.278876
4-coord,0.660439
4-coord,0.416323
4-coord,0.530684
4-coord,0.401069
4-coord,0.562057
4-coord,0.420483
4-coord,0.407818
4-coord,0.523322
4-coord,0.518503
4-coord,0.371091
4-coord,0.491311
4-coord,0.534934
4-coord,0.314705
4-coord,0.325678
4-coord,0.621531
4-coord,0.438793
4-coord,0.661933
4-coord,0.578567
4-coord,0.554473
4-coord,0.462561
4-coord,0.5826
4-coord,0.560624
4-coord,0.336983
4-coord,0.545757
4-coord,0.636645
4-coord,0.554602
4-coord,0.660277
4-coord,0.444338
4-coord,0.620142
4-coord,0.413529
4-coord,0.640551
4-coord,0.49112
4-coord,0.686394
4-coord,0.301811
4-coord,0.62792
4-coord,0.551595
4-coord,0.418251
4-coord,0.672232
4-coord,0.492784
4-coord,0.681169
4-coord,0.397589
4-coord,0.67886
4-coord,0.530755
4-coord,0.473157
4-coord,0.470142
4-coord,0.548345
4-coord,0.441014
4-coord,0.424967
4-coord,0.496832
4-coord,0.226633
4-coord,0.403597
4-coord,0.465486
4-coord,0.608869
4-coord,0.309515
4-coord,0.427167
4-coord,0.519458
4-coord,0.41941
4-coord,0.521977
4-coord,0.35764
4-coord,0.480154
4-coord,0.651864
4-coord,0.372962
4-coord,0.448225
4-coord,0.534831
4-coord,0.211503
4-coord,0.344471
4-coord,0.51467
4-coord,0.388562
4-coord,0.430417
4-coord,0.435618
4-coord,0.328399
4-coord,0.347032
4-coord,0.490866
4-coord,0.413426
4-coord,0.319008
4-coord,0.701557
4-coord,0.43261
4-coord,0.624131
4-coord,0.310927
4-coord,0.611376
4-coord,0.504855
4-coord,0.182123
4-coord,0.421211
4-coord,0.437797
4-coord,0.383744
4-coord,0.421096
4-coord,0.335927
4-coord,0.196766
4-coord,0.506034
4-coord,0.504218
4-coord,0.466125
4-coord,0.220184
4-coord,0.455136
4-coord,0.356068
4-coord,0.484746
4-coord,0.404776
4-coord,0.394527
4-coord,0.512461
4-coord,0.505174
4-coord,0.480144
4-coord,0.571252
4-coord,0.24338
4-coord,0.700977
4-coord,0.428521
4-coord,0.462236
4-coord,0.170069
4-coord,0.436593
4-coord,0.261323
4-coord,0.428359
4-coord,0.402035
4-coord,0.369143
4-coord,0.433353
4-coord,0.2772
4-coord,0.508817
4-coord,0.514626
4-coord,0.498824
4-coord,0.494852
4-coord,0.587676
4-coord,0.727756
4-coord,0.342648
4-coord,0.467443
4-coord,0.504771
4-coord,0.500051
4-coord,0.394334
4-coord,0.524703
4-coord,0.499878
4-coord,0.338981
4-coord,0.459931
4-coord,0.640305
4-coord,0.267526
4-coord,0.600535
4-coord,0.703588
4-coord,0.36518
4-coord,0.509158
4-coord,0.529928
4-coord,0.337873
4-coord,0.420811
4-coord,0.518308
4-coord,0.504914
4-coord,0.525356
4-coord,0.512371
4-coord,0.284439
4-coord,0.520718
4-coord,0.299233
4-coord,0.620472
4-coord,0.445767
4-coord,0.45105
4-coord,0.35295
4-coord,0.405804
4-coord,0.271988
4-coord,0.467019
4-coord,0.471663
4-coord,0.266038
4-coord,0.632476
4-coord,0.500036
4-coord,0.22842
4-coord,0.546853
4-coord,0.388065
4-coord,0.216056
4-coord,0.492701
4-coord,0.53371
4-coord,0.251312
4-coord,0.352447
4-coord,0.476722
4-coord,0.154311
4-coord,0.516875
4-coord,0.498414
4-coord,0.456638
4-coord,0.209284
4-coord,0.56381
4-coord,0.489472
4-coord,0.68062
4-coord,0.639647
4-coord,0.497096
4-coord,0.282244
4-coord,0.352032
4-coord,0.454833
4-coord,0.385052
4-coord,0.458008
4-coord,0.540375
4-coord,0.400634
4-coord,0.608029
4-coord,0.51141
4-coord,0.399777
4-coord,0.590848
4-coord,0.618528
4-coord,0.354012
4-coord,0.465245
4-coord,0.642734
4-coord,0.311201
4-coord,0.609796
4-coord,0.462221
4-coord,0.400784
4-coord,0.437701
4-coord,0.5494
4-coord,0.336878
4-coord,0.512533
4-coord,0.281726
4-coord,0.544718
4-coord,0.39002
4-coord,0.567625
4-coord,0.284779
4-coord,0.628696
4-coord,0.285214
4-coord,0.365472
4-coord,0.601906
4-coord,0.407833
4-coord,0.455055
4-coord,0.500502
4-coord,0.240036
4-coord,0.496853
4-coord,0.738429
4-coord,0.397776
4-coord,0.442804
4-coord,0.460678
4-coord,0.349689
4-coord,0.341573
4-coord,0.615096
4-coord,0.402682
4-coord,0.355883
4-coord,0.446855
4-coord,0.243293
4-coord,0.543758
4-coord,0.213103
4-coord,0.354677
4-coord,0.493314
4-coord,0.652196
4-coord,0.487749
4-coord,0.494541
4-coord,0.503976
4-coord,0.572982
4-coord,0.448327
4-coord,0.645746
4-coord,0.382425
4-coord,0.500776
4-coord,0.457897
4-coord,0.381301
4-coord,0.67867
4-coord,0.553184
4-coord,0.237757
4-coord,0.381605
4-coord,0.430126
4-coord,0.358925
4-coord,0.530058
4-coord,0.53321
4-coord,0.470158
4-coord,0.399731
4-coord,0.624268
4-coord,0.265824
4-coord,0.415371
4-coord,0.513216
4-coord,0.530761
4-coord,0.644983
4-coord,0.600571
4-coord,0.331334
4-coord,0.482363
4-coord,0.1933
4-coord,0.516768
4-coord,0.287682
4-coord,0.510587
4-coord,0.617396
4-coord,0.419222
4-coord,0.522215
4-coord,0.494866
4-coord,0.319097
4-coord,0.578632
4-coord,0.369683
4-coord,0.238855
4-coord,0.540482
4-coord,0.519795
4-coord,0.386184
4-coord,0.39238
4-coord,0.458097
4-coord,0.364811
4-coord,0.44842
4-coord,0.433929
4-coord,0.251547
4-coord,0.640246
4-coord,0.233864
4-coord,0.537556
4-coord,0.39737
4-coord,0.628903
4-coord,0.591758
4-coord,0.520501
4-coord,0.44954
4-coord,0.514266
4-coord,0.316991
4-coord,0.581886
4-coord,0.279657
4-coord,0.480425
4-coord,0.470269
4-coord,0.356098
4-coord,0.411525
4-coord,0.545622
4-coord,0.380783
4-coord,0.487842
4-coord,0.590695
4-coord,0.330665
4-coord,0.579521
4-coord,0.562568
4-coord,0.425131
4-coord,0.351078
4-coord,0.20661
4-coord,0.627297
4-coord,0.451295
4-coord,0.512156
4-coord,0.632167
4-coord,0.279407
4-coord,0.617265
4-coord,0.547467
4-coord,0.35236
4-coord,0.470101
4-coord,0.53133
4-coord,0.328199
4-coord,0.409043
4-coord,0.543748
4-coord,0.347855
4-coord,0.403737
4-coord,0.49417
4-coord,0.400228
4-coord,0.507072
4-coord,0.444881
4-coord,0.457923
4-coord,0.505411
4-coord,0.468305
4-coord,0.280493
4-coord,0.436587
4-coord,0.588196
4-coord,0.326574
4-coord,0.529066
4-coord,0.543749
4-coord,0.50461
4-coord,0.206897
4-coord,0.300057
4-coord,0.406117
4-coord,0.646399
4-coord,0.523037
4-coord,0.605535
4-coord,0.331795
4-coord,0.477647
4-coord,0.485333
4-coord,0.586966
4-coord,0.529708
4-coord,0.642888
4-coord,0.622423
4-coord,0.484769
4-coord,0.567575
4-coord,0.557281
4-coord,0.28666
4-coord,0.595275
4-coord,0.484091
4-coord,0.288523
4-coord,0.447239
4-coord,0.551348
4-coord,0.41039
4-coord,0.503478
4-coord,0.44228
4-coord,0.430493
4-coord,0.582876
4-coord,0.604811
4-coord,0.362114
4-coord,0.506096
4-coord,0.268555
4-coord,0.549725
4-coord,0.414474
4-coord,0.534787
4-coord,0.347437
4-coord,0.604819
4-coord,0.392956
4-coord,0.47635
4-coord,0.504726
4-coord,0.460001
4-coord,0.571799
4-coord,0.536138
4-coord,0.285938
4-coord,0.368408
4-coord,0.474716
4-coord,0.300566
4-coord,0.603056
4-coord,0.603259
4-coord,0.275926
4-coord,0.56364
4-coord,0.498583
4-coord,0.203078
4-coord,0.52738
4-coord,0.502679
4-coord,0.483724
4-coord,0.434076
4-coord,0.389906
4-coord,0.709305
4-coord,0.630006
4-coord,0.668845
4-coord,0.298088
4-coord,0.277118
4-coord,0.581108
4-coord,0.448866
4-coord,0.664825
4-coord,0.588047
4-coord,0.370747
4-coord,0.611691
4-coord,0.520829
4-coord,0.268017
4-coord,0.582443
4-coord,0.501618
4-coord,0.214654
4-coord,0.508737
4-coord,0.437699
4-coord,0.235651
4-coord,0.479767
4-coord,0.354122
4-coord,0.274777
4-coord,0.344159
4-coord,0.170017
4-coord,0.366316
4-coord,0.400503
4-coord,0.205601
4-coord,0.288395
4-coord,0.482857
4-coord,0.353815
4-coord,0.282364
4-coord,0.536482
4-coord,0.507541
4-coord,0.59115
4-coord,0.393459
4-coord,0.209461
4-coord,0.451503
4-coord,0.53293
4-coord,0.251478
4-coord,0.44579
4-coord,0.515571
4-coord,0.339756
4-coord,0.697711
4-coord,0.357908
4-coord,0.242589
4-coord,0.572865
4-coord,0.553435
4-coord,0.208934
4-coord,0.503117
4-coord,0.526734
4-coord,0.655324
4-coord,0.306602
4-coord,0.548921
4-coord,0.496912
4-coord,0.606609
4-coord,0.688764
4-coord,0.340123
4-coord,0.320033
4-coord,0.529809
4-coord,0.453553
4-coord,0.5424
4-coord,0.630904
4-coord,0.367732
4-coord,0.54882
4-coord,0.513982
4-coord,0.297984
4-coord,0.48836
4-coord,0.465489
4-coord,0.359683
4-coord,0.50682
4-coord,0.410067
4-coord,0.075729
4-coord,0.43856
4-coord,0.396578
4-coord,0.24625
4-coord,0.361198
4-coord,0.50131
4-coord,0.480911
4-coord,0.35264
4-coord,0.272915
4-coord,0.377971
4-coord,0.265841
4-coord,0.519217
4-coord,0.366928
4-coord,0.531491
4-coord,0.505687
4-coord,0.423893
4-coord,0.397631
4-coord,0.277917
4-coord,0.50246
4-coord,0.440292
4-coord,0.279513
4-coord,0.551874
4-coord,0.481983
4-coord,0.172139
4-coord,0.345783
4-coord,0.488265
4-coord,0.359768
4-coord,0.424723
4-coord,0.36162
4-coord,0.229862
4-coord,0.408218
4-coord,0.428131
4-coord,0.351533
4-coord,0.500323
4-coord,0.268586
4-coord,0.532325
4-coord,0.562535
4-coord,0.54702
4-coord,0.577243
4-coord,0.364092
4-coord,0.537496
4-coord,0.248523
4-coord,0.514516
4-coord,0.561895
4-coord,0.376922
4-coord,0.518162
4-coord,0.496717
4-coord,0.383569
4-coord,0.51546
4-coord,0.421699
4-coord,0.376227
4-coord,0.51534
4-coord,0.511118
4-coord,0.459772
4-coord,0.632945
4-coord,0.56525
4-coord,0.401961
4-coord,0.476781
4-coord,0.56636
4-coord,0.252581
4-coord,0.480195
4-coord,0.337855
4-coord,0.442322
4-coord,0.38601
4-coord,0.387845
4-coord,0.502402
4-coord,0.232743
4-coord,0.42095
4-coord,0.583131
4-coord,0.392396
4-coord,0.385994
4-coord,0.395313
4-coord,0.232345
4-coord,0.354126
4-coord,0.408135
4-coord,0.37175
4-coord,0.386249
4-coord,0.527232
4-coord,0.164594
4-coord,0.381528
4-coord,0.474812
4-coord,0.371253
4-coord,0.408748
4-coord,0.417112
4-coord,0.476839
4-coord,0.455911
4-coord,0.527137
4-coord,0.625458
4-coord,0.631904
4-coord,0.495859
4-coord,0.360263
4-coord,0.485008
4-coord,0.481574
4-coord,0.572145
4-coord,0.357914
4-coord,0.500021
4-coord,0.605852
4-coord,0.420308
4-coord,0.49272
4-coord,0.555373
4-coord,0.334854
4-coord,0.497366
4-coord,0.547691
4-coord,0.304401
4-coord,0.589866
4-coord,0.609864
4-coord,0.236603
4-coord,0.459586
4-coord,0.473851
4-coord,0.282676
4-coord,0.471989
4-coord,0.561827
4-coord,0.194903
4-coord,0.359842
4-coord,0.297674
4-coord,0.404042
4-coord,0.287772
4-coord,0.333025
4-coord,0.267854
4-coord,0.302164
4-coord,0.298492
4-coord,0.538563
4-coord,0.388859
4-coord,0.194066
4-coord,0.604575
4-coord,0.407182
4-coord,0.23459
4-coord,0.497683
4-coord,0.406619
4-coord,0.249661
4-coord,0.313321
4-coord,0.510478
4-coord,0.35478
4-coord,0.39328
4-coord,0.346002
4-coord,0.331142
4-coord,0.335232
4-coord,0.516799
4-coord,0.442993
4-coord,0.568785
4-coord,0.554856
4-coord,0.492213
4-coord,0.469729
4-coord,0.583905
4-coord,0.34938
4-coord,0.467311
4-coord,0.409271
4-coord,0.591709
4-coord,0.528176
4-coord,0.546886
4-coord,0.531005
4-coord,0.357475
4-coord,0.522887
4-coord,0.448005
4-coord,0.308152
4-coord,0.663795
4-coord,0.522984
4-coord,0.454205
4-coord,0.661655
4-coord,0.549045
4-coord,0.350699
4-coord,0.620391
4-coord,0.45841
4-coord,0.314974
4-coord,0.50707
4-coord,0.470517
4-coord,0.193561
4-coord,0.48887
4-coord,0.162341
4-coord,0.423584
4-coord,0.468002
4-coord,0.425985
4-coord,0.191281
4-coord,0.587042
4-coord,0.304262
4-coord,0.416831
4-coord,0.429536
4-coord,0.255745
4-coord,0.409938
4-coord,0.422878
4-coord,0.235388
4-coord,0.382207
4-coord,0.418252
4-coord,0.345239
4-coord,0.49815
4-coord,0.613252
4-coord,0.26298
4-coord,0.432469
4-coord,0.535413
4-coord,0.30341
4-coord,0.425218
4-coord,0.474081
4-coord,0.451375
4-coord,0.3444
4-coord,0.338041
4-coord,0.601197
4-coord,0.486808
4-coord,0.41265
4-coord,0.502877
4-coord,0.41925
4-coord,0.297515
4-coord,0.730745
4-coord,0.451846
4-coord,0.302839
4-coord,0.532047
4-coord,0.360528
4-coord,0.535151
4-coord,0.597742
4-coord,0.463914
4-coord,0.506682
4-coord,0.583859
4-coord,0.37534
4-coord,0.366236
4-coord,0.506093
4-coord,0.293168
4-coord,0.512753
4-coord,0.460759
4-coord,0.369443
4-coord,0.539988
4-coord,0.420201
4-coord,0.210402
4-coord,0.572395
4-coord,0.272338
4-coord,0.491545
4-coord,0.381302
4-coord,0.530574
4-coord,0.293763
4-coord,0.639733
4-coord,0.367471
4-coord,0.46986
4-coord,0.542391
4-coord,0.302659
4-coord,0.562852
4-coord,0.381136
4-coord,0.309931
4-coord,0.471085
4-coord,0.508641
4-coord,0.354304
4-coord,0.464982
4-coord,0.398433
4-coord,0.292194
4-coord,0.503078
4-coord,0.358794
4-coord,0.258446
4-coord,0.411781
4-coord,0.432064
4-coord,0.255004
4-coord,0.441556
4-coord,0.434382
4-coord,0.317831
4-coord,0.566125
4-coord,0.474945
4-coord,0.428039
4-coord,0.37164
4-coord,0.417666
4-coord,0.387303
4-coord,0.740384
4-coord,0.417167
4-coord,0.476513
4-coord,0.545135
4-coord,0.346366
4-coord,0.55392
4-coord,0.635624
4-coord,0.373083
4-coord,0.564442
4-coord,0.590062
4-coord,0.379414
4-coord,0.464557
4-coord,0.56014
4-coord,0.325433
4-coord,0.478039
4-coord,0.429422
4-coord,0.281512
4-coord,0.477022
4-coord,0.382863
4-coord,0.264236
4-coord,0.489249
4-coord,0.439136
4-coord,0.487155
4-coord,0.434503
4-coord,0.143823
4-coord,0.486289
4-coord,0.419788
4-coord,0.429376
4-coord,0.565774
4-coord,0.358227
4-coord,0.37631
4-coord,0.585308
4-coord,0.356997
4-coord,0.425578
4-coord,0.431556
4-coord,0.287605
4-coord,0.390269
4-coord,0.543198
4-coord,0.352927
4-coord,0.421056
4-coord,0.45546
4-coord,0.27048
4-coord,0.392817
4-coord,0.508464
4-coord,0.387588
4-coord,0.458359
4-coord,0.666369
4-coord,0.500698
4-coord,0.536782
4-coord,0.614844
4-coord,0.51469
4-coord,0.51418
4-coord,0.39875
4-coord,0.554425
4-coord,0.456875
4-coord,0.648595
4-coord,0.683828
4-coord,0.413077
4-coord,0.613979
4-coord,0.639822
4-coord,0.255057
4-coord,0.484389
4-coord,0.496132
4-coord,0.488254
4-coord,0.488973
4-coord,0.546084
4-coord,0.271291
4-coord,0.416565
4-coord,0.094236
4-coord,0.439814
4-coord,0.260679
4-coord,0.439342
4-coord,0.518322
4-coord,0.26771
4-coord,0.500616
4-coord,0.257379
4-coord,0.476495
4-coord,0.259036
4-coord,0.467948
4-coord,0.277695
4-coord,0.519403
4-coord,0.228881
4-coord,0.643966
4-coord,0.445859
4-coord,0.316031
4-coord,0.355549
4-coord,0.514294
4-coord,0.380526
4-coord,0.372644
4-coord,0.545552
4-coord,0.321056
4-coord,0.462528
4-coord,0.412374
4-coord,0.325405
4-coord,0.392525
4-coord,0.735704
4-coord,0.324234
4-coord,0.50349
4-coord,0.513208
4-coord,0.491864
4-coord,0.714737
4-coord,0.343791
4-coord,0.57493
4-coord,0.586948
4-coord,0.515302
4-coord,0.225811
4-coord,0.473953
4-coord,0.361411
4-coord,0.582722
4-coord,0.430209
4-coord,0.638151
4-coord,0.67277
4-coord,0.331704
4-coord,0.471847
4-coord,0.548733
4-coord,0.33653
4-coord,0.359076
4-coord,0.599841
4-coord,0.285796
4-coord,0.592889
4-coord,0.646103
4-coord,0.377204
4-coord,0.470732
4-coord,0.460614
4-coord,0.573207
4-coord,0.686392
4-coord,0.441087
4-coord,0.257043
4-coord,0.332439
4-coord,0.203298
4-coord,0.538257
4-coord,0.482477
4-coord,0.434699
4-coord,0.218511
4-coord,0.607341
4-coord,0.32907
4-coord,0.377019
4-coord,0.495908
4-coord,0.112627
4-coord,0.425861
4-coord,0.549071
4-coord,0.402739
4-coord,0.503994
4-coord,0.427729
4-coord,0.282397
4-coord,0.327261
4-coord,0.516259
4-coord,0.232242
4-coord,0.297164
4-coord,0.386367
4-coord,0.275859
4-coord,0.56394
4-coord,0.356092
4-coord,0.294321
4-coord,0.523457
4-coord,0.550815
4-coord,0.41204
4-coord,0.640167
4-coord,0.552914
4-coord,0.620003
4-coord,0.462801
4-coord,0.753649
4-coord,0.368171
4-coord,0.699359
4-coord,0.434917
4-coord,0.502396
4-coord,0.386576
4-coord,0.505595
4-coord,0.550617
4-coord,0.373803
4-coord,0.557392
4-coord,0.481723
4-coord,0.520791
4-coord,0.45895
4-coord,0.583793
4-coord,0.418717
4-coord,0.335022
4-coord,0.543305
4-coord,0.227141
4-coord,0.55952
4-coord,0.357767
4-coord,0.369485
4-coord,0.457852
4-coord,0.232211
4-coord,0.638309
4-coord,0.350246
4-coord,0.569878
4-coord,0.274102
4-coord,0.371404
4-coord,0.260155
4-coord,0.523463
4-coord,0.400849
4-coord,0.37768
4-coord,0.504549
4-coord,0.370484
4-coord,0.204109
4-coord,0.471706
4-coord,0.448482
4-coord,0.290151
4-coord,0.432642
4-coord,0.601738
4-coord,0.390601
4-coord,0.409313
4-coord,0.443083
4-coord,0.402425
4-coord,0.470329
4-coord,0.673994
4-coord,0.43069
4-coord,0.285202
4-coord,0.549958
4-coord,0.391427
4-coord,0.581653
4-coord,0.568666
4-coord,0.460825
4-coord,0.547744
4-coord,0.461649
4-coord,0.576613
4-coord,0.462893
4-coord,0.660029
4-coord,0.532467
4-coord,0.447091
4-coord,0.61595
4-coord,0.602909
4-coord,0.409549
4-coord,0.584885
4-coord,0.672017
4-coord,0.420175
4-coord,0.528632
4-coord,0.677971
4-coord,0.256616
4-coord,0.540008
4-coord,0.268351
4-coord,0.554495
4-coord,0.36549
4-coord,0.498769
4-coord,0.381527
4-coord,0.290412
4-coord,0.404346
4-coord,0.350577
4-coord,0.521385
4-coord,0.358457
4-coord,0.651284
4-coord,0.257194
4-coord,0.404194
4-coord,0.457103
4-coord,0.569399
4-coord,0.339235
4-coord,0.252985
4-coord,0.490814
4-coord,0.325043
4-coord,0.292932
4-coord,0.48806
4-coord,0.373568
4-coord,0.399594
4-coord,0.443242
4-coord,0.519453
4-coord,0.371168
4-coord,0.530853
4-coord,0.501297
4-coord,0.437771
4-coord,0.446845
4-coord,0.437128
4-coord,0.233525
4-coord,0.662758
4-coord,0.47568
4-coord,0.430338
4-coord,0.537998
4-coord,0.474779
4-coord,0.517548
4-coord,0.435359
4-coord,0.607832
4-coord,0.285188
4-coord,0.477146
4-coord,0.353269
4-coord,0.575909
4-coord,0.557155
4-coord,0.431059
4-coord,0.491922
4-coord,0.594483
4-coord,0.330405
4-coord,0.534101
4-coord,0.507811
4-coord,0.280863
4-coord,0.517444
4-coord,0.491216
4-coord,0.591605
4-coord,0.543833
4-coord,0.644255
4-coord,0.442184
4-coord,0.544478
4-coord,0.535277
4-coord,0.336032
4-coord,0.613276
4-coord,0.600043
4-coord,0.45987
4-coord,0.276406
4-coord,0.290473
4-coord,0.715651
4-coord,0.263497
4-coord,0.566385
4-coord,0.493302
4-coord,0.258812
4-coord,0.609434
4-coord,0.472492
4-coord,0.209369
4-coord,0.604764
4-coord,0.472867
4-coord,0.300797
4-coord,0.590506
4-coord,0.437659
4-coord,0.308176
4-coord,0.299495
4-coord,0.368766
4-coord,0.357103
4-coord,0.424867
4-coord,0.567802
4-coord,0.360529
4-coord,0.505917
4-coord,0.441584
6-coord,0.185203
6-coord,0.300927
6-coord,0.612551
6-coord,0.280166
6-coord,0.574792
6-coord,0.359519
6-coord,0.377671
6-coord,0.301186
6-coord,0.660956
6-coord,0.351735
6-coord,0.345324
6-coord,0.570053
6-coord,0.225161
6-coord,0.422698
6-coord,0.345055
6-coord,0.553457
6-coord,0.368672
6-coord,0.53751
6-coord,0.250391
6-coord,0.534657
6-coord,0.262274
6-coord,0.464417
6-coord,0.296765
6-coord,0.517887
6-coord,0.23257
6-coord,0.676966
6-coord,0.312593
6-coord,0.562217
6-coord,0.179406
6-coord,0.597366
6-coord,0.195967
6-coord,0.539876
6-coord,0.26519
6-coord,0.638302
6-coord,0.291926
6-coord,0.701924
6-coord,0.344655
6-coord,0.662441
6-coord,0.431847
6-coord,0.617622
6-coord,0.456883
6-coord,0.350331
6-coord,0.378505
6-coord,0.305265
6-coord,0.423915
6-coord,0.513786
6-coord,0.390081
6-coord,0.291706
6-coord,0.612211
6-coord,0.608214
6-coord,0.349621
6-coord,0.473173
6-coord,0.430445
6-coord,0.599121
6-coord,0.394497
6-coord,0.468054
6-coord,0.481855
6-coord,0.340622
6-coord,0.475403
6-coord,0.202576
6-coord,0.229575
6-coord,0.514451
6-coord,0.331759
6-coord,0.602726
6-coord,0.311623
6-coord,0.486865
6-coord,0.284404
6-coord,0.733666
6-coord,0.395234
6-coord,0.139809
6-coord,0.567549
6-coord,0.22304
6-coord,0.25073
6-coord,0.461923
6-coord,0.309224
6-coord,0.306813
6-coord,0.214382
6-coord,0.504645
6-coord,0.223737
6-coord,0.482164
6-coord,0.24201
6-coord,0.410896
6-coord,0.349044
6-coord,0.578851
6-coord,0.208008
6-coord,0.429838
6-coord,0.381043
6-coord,0.479357
6-coord,0.381454
6-coord,0.533656
6-coord,0.466216
6-coord,0.566985
6-coord,0.298067
6-coord,0.531658
6-coord,0.473134
6-coord,0.482214
6-coord,0.42138
6-coord,0.619639
6-coord,0.535404
6-coord,0.378424
6-coord,0.476083
6-coord,0.240359
6-coord,0.482635
6-coord,0.655897
6-coord,0.590982
6-coord,0.372926
6-coord,0.557173
6-coord,0.497896
6-coord,0.374973
6-coord,0.530344
6-coord,0.408674
6-coord,0.530051
6-coord,0.530591
6-coord,0.468609
6-coord,0.333698
6-coord,0.46738
6-coord,0.541655
6-coord,0.459454
6-coord,0.349681
6-coord,0.626096
6-coord,0.235075
6-coord,0.53735
6-coord,0.360434
6-coord,0.585814
6-coord,0.223018
6-coord,0.499187
6-coord,0.222995
6-coord,0.243727
6-coord,0.497495
6-coord,0.342737
6-coord,0.325597
6-coord,0.476972
6-coord,0.324804
6-coord,0.592802
6-coord,0.094752
6-coord,0.50436
6-coord,0.396276
6-coord,0.536386
6-coord,0.282021
6-coord,0.591475
6-coord,0.291511
6-coord,0.613915
6-coord,0.224016
6-coord,0.513621
6-coord,0.323484
6-coord,0.569614
6-coord,0.233739
6-coord,0.611478
6-coord,0.351103
6-coord,0.607705
6-coord,0.307047
6-coord,0.546099
6-coord,0.445915
6-coord,0.565473
6-coord,0.35577
6-coord,0.503066
6-coord,0.346692
6-coord,0.229836
6-coord,0.628088
6-coord,0.441956
6-coord,0.31451
6-coord,0.693743
6-coord,0.19885
6-coord,0.426096
6-coord,0.518546
6-coord,0.239322
6-coord,0.332896
6-coord,0.626618
6-coord,0.465216
6-coord,0.407228
6-coord,0.4155
6-coord,0.603738
6-coord,0.398447
6-coord,0.502536
6-coord,0.368652
6-coord,0.358313
6-coord,0.338522
6-coord,0.571713
6-coord,0.393816
6-coord,0.528993
6-coord,0.415648
6-coord,0.600769
6-coord,0.237116
6-coord,0.548312
6-coord,0.369768
6-coord,0.150362
6-coord,0.490409
6-coord,0.339957
6-coord,0.255503
6-coord,0.529848
6-coord,0.452747
6-coord,0.476192
6-coord,0.32435
6-coord,0.60931
6-coord,0.364731
6-coord,0.53126
6-coord,0.420401
6-coord,0.62889
6-coord,0.288575
6-coord,0.505254
6-coord,0.385613
6-coord,0.613303
6-coord,0.377931
6-coord,0.60241
6-coord,0.391307
6-coord,0.596076
6-coord,0.385217
6-coord,0.60263
6-coord,0.422969
6-coord,0.494601
6-coord,0.339718
6-coord,0.445595
6-coord,0.290473
6-coord,0.541285
6-coord,0.267136
6-coord,0.381459
6-coord,0.583352
6-coord,0.358517
6-coord,0.439758
6-coord,0.54141
6-coord,0.518407
6-coord,0.377778
6-coord,0.473729
6-coord,0.502759
6-coord,0.469065
6-coord,0.524232
6-coord,0.432034
6-coord,0.435194
6-coord,0.275697
6-coord,0.545279
6-coord,0.387262
6-coord,0.38937
6-coord,0.343557
6-coord,0.257508
6-coord,0.303366
6-coord,0.544888
6-coord,0.35565
6-coord,0.470906
6-coord,0.336901
6-coord,0.574687
6-coord,0.341881
6-coord,0.60584
6-coord,0.366106
6-coord,0.481605
6-coord,0.255012
6-coord,0.650807
6-coord,0.326299
6-coord,0.197191
6-coord,0.715693
6-coord,0.353922
6-coord,0.570377
6-coord,0.313922
6-coord,0.659705
6-coord,0.31171
6-coord,0.471453
6-coord,0.220714
6-coord,0.626994
6-coord,0.378617
6-coord,0.602692
6-coord,0.328223
6-coord,0.520598
6-coord,0.54466
6-coord,0.612017
6-coord,0.358371
6-coord,0.483626
6-coord,0.233844
6-coord,0.456136
6-coord,0.639462
6-coord,0.545388
6-coord,0.644406
6-coord,0.325101
6-coord,0.630961
6-coord,0.512982
6-coord,0.414046
6-coord,0.554043
6-coord,0.386958
6-coord,0.463625
6-coord,0.677169
6-coord,0.459036
6-coord,0.406037
6-coord,0.585683
6-coord,0.463101
6-coord,0.50737
6-coord,0.49001
6-coord,0.539109
6-coord,0.332801
6-coord,0.659626
6-coord,0.389476
6-coord,0.396672
6-coord,0.300319
6-coord,0.2287
6-coord,0.361358
6-coord,0.489771
6-coord,0.308671
6-coord,0.489908
6-coord,0.282822
6-coord,0.435667
6-coord,0.281456
6-coord,0.5786
6-coord,0.402317
6-coord,0.483538
6-coord,0.212214
6-coord,0.695856
6-coord,0.39597
6-coord,0.416686
6-coord,0.729711
6-coord,0.161149
6-coord,0.517749
6-coord,0.261499
6-coord,0.63073
6-coord,0.26694
6-coord,0.628413
6-coord,0.321593
6-coord,0.614477
6-coord,0.360691
6-coord,0.601016
6-coord,0.271411
6-coord,0.486999
6-coord,0.306929
6-coord,0.445809
6-coord,0.285576
6-coord,0.552785
6-coord,0.308419
6-coord,0.603878
6-coord,0.335488
6-coord,0.642028
6-coord,0.363203
6-coord,0.532278
6-coord,0.269808
6-coord,0.568422
6-coord,0.355703
6-coord,0.340116
6-coord,0.70252
6-coord,0.303882
6-coord,0.273696
6-coord,0.671427
6-coord,0.347039
6-coord,0.242798
6-coord,0.612616
6-coord,0.454205
6-coord,0.380492
6-coord,0.724797
6-coord,0.409491
6-coord,0.590642
6-coord,0.402837
6-coord,0.650752
6-coord,0.445991
6-coord,0.315617
6-coord,0.414175
6-coord,0.27565
6-coord,0.20315
6-coord,0.508551
6-coord,0.241332
6-coord,0.540462
6-coord,0.213307
6-coord,0.577347
6-coord,0.264389
6-coord,0.469428
6-coord,0.330015
6-coord,0.48735
6-coord,0.2852
6-coord,0.456737
6-coord,0.394352
6-coord,0.350992
6-coord,0.615386
6-coord,0.386
6-coord,0.297632
6-coord,0.29498
6-coord,0.651035
6-coord,0.289327
6-coord,0.582032
6-coord,0.257405
6-coord,0.652246
6-coord,0.267795
6-coord,0.532525
6-coord,0.279284
6-coord,0.626485
6-coord,0.387244
6-coord,0.59591
6-coord,0.326627
6-coord,0.475607
6-coord,0.460849
6-coord,0.636174
6-coord,0.269053
6-coord,0.582331
6-coord,0.357204
6-coord,0.631132
6-coord,0.360225
6-coord,0.618264
6-coord,0.352904
6-coord,0.405834
6-coord,0.447914
6-coord,0.481952
6-coord,0.695342
6-coord,0.304108
6-coord,0.329353
6-coord,0.612521
6-coord,0.383396
6-coord,0.464514
6-coord,0.635626
6-coord,0.429063
6-coord,0.570543
6-coord,0.467809
6-coord,0.468946
6-coord,0.276332
6-coord,0.413983
6-coord,0.403023
6-coord,0.182015
6-coord,0.288523
6-coord,0.583161
6-coord,0.128957
6-coord,0.454529
6-coord,0.228684
6-coord,0.685904
6-coord,0.298391
6-coord,0.430213
6-coord,0.357013
6-coord,0.197993
6-coord,0.573004
6-coord,0.10637
6-coord,0.498888
6-coord,0.178763
6-coord,0.436449
6-coord,0.114599
6-coord,0.483523
6-coord,0.219979
6-coord,0.37708
6-coord,0.454572
6-coord,0.657158
6-coord,0.115093
6-coord,0.506344
6-coord,0.278138
6-coord,0.385994
6-coord,0.26526
6-coord,0.483374
6-coord,0.474552
6-coord,0.477964
6-coord,0.373971
6-coord,0.594913
6-coord,0.446335
6-coord,0.621163
6-coord,0.241612
6-coord,0.607359
6-coord,0.395616
6-coord,0.661021
6-coord,0.342972
6-coord,0.535115
6-coord,0.43862
6-coord,0.414933
6-coord,0.442746
6-coord,0.360844
6-coord,0.456058
6-coord,0.417578
6-coord,0.396403
6-coord,0.747868
6-coord,0.390629
6-coord,0.206788
6-coord,0.485887
6-coord,0.406916
6-coord,0.481429
6-coord,0.347516
6-coord,0.526457
6-coord,0.360444
6-coord,0.403856
6-coord,0.305355
6-coord,0.174774
6-coord,0.230942
6-coord,0.582992
6-coord,0.320087
6-coord,0.533423
6-coord,0.169635
6-coord,0.478133
6-coord,0.212906
6-coord,0.397432
6-coord,0.2049
6-coord,0.490638
6-coord,0.267512
6-coord,0.377539
6-coord,0.32086
6-coord,0.125614
6-coord,0.413312
6-coord,0.33637
6-coord,0.504787
6-coord,0.257832
6-coord,0.482888
6-coord,0.179426
6-coord,0.63129
6-coord,0.313342
6-coord,0.380275
6-coord,0.204179
6-coord,0.513266
6-coord,0.257726
6-coord,0.513397
6-coord,0.232381
6-coord,0.573709
6-coord,0.201776
6-coord,0.592599
6-coord,0.356954
6-coord,0.498994
6-coord,0.326803
6-coord,0.547459
6-coord,0.480543
6-coord,0.56364
6-coord,0.335878
6-coord,0.572793
6-coord,0.223646
6-coord,0.395789
6-coord,0.60977
6-coord,0.447087
6-coord,0.330042
6-coord,0.661123
6-coord,0.260007
6-coord,0.273969
6-coord,0.598722
6-coord,0.375556
6-coord,0.481635
6-coord,0.493439
6-coord,0.505681
6-coord,0.570978
6-coord,0.286576
6-coord,0.589861
6-coord,0.348516
6-coord,0.509713
6-coord,0.208972
6-coord,0.123314
6-coord,0.143774
6-coord,0.387653
6-coord,0.120565
6-coord,0.433657
6-coord,0.146307
6-coord,0.501036
6-coord,0.107319
6-coord,0.522972
6-coord,0.187663
6-coord,0.353393
6-coord,0.528966
6-coord,0.2237
6-coord,0.502774
6-coord,0.307687
6-coord,0.693133
6-coord,0.394009
6-coord,0.590382
6-coord,0.343979
6-coord,0.544133
6-coord,0.297081
6-coord,0.372637
6-coord,0.379446
6-coord,0.478882
6-coord,0.332325
6-coord,0.509103
6-coord,0.305446
6-coord,0.593346
6-coord,0.271134
6-coord,0.450106
6-coord,0.214453
6-coord,0.634561
6-coord,0.279073
6-coord,0.399426
6-coord,0.307568
6-coord,0.629257
6-coord,0.482913
6-coord,0.476156
6-coord,0.270951
6-coord,0.467632
6-coord,0.192428
6-coord,0.335182
6-coord,0.69156
6-coord,0.246109
6-coord,0.318559
6-coord,0.683328
6-coord,0.285295
6-coord,0.2199
6-coord,0.437991
6-coord,0.380373
6-coord,0.329896
6-coord,0.642882
6-coord,0.526581
6-coord,0.510712
6-coord,0.349136
6-coord,0.608258
6-coord,0.423397
6-coord,0.220817
6-coord,0.421773
6-coord,0.278504
6-coord,0.205876
6-coord,0.417124
6-coord,0.266402
6-coord,0.539007
6-coord,0.200785
6-coord,0.665339
6-coord,0.344296
6-coord,0.502899
6-coord,0.197836
6-coord,0.402891
6-coord,0.319626
6-coord,0.547449
6-coord,0.383405
6-coord,0.327583
6-coord,0.556595
6-coord,0.244777
6-coord,0.511232
6-coord,0.366628
6-coord,0.499957
6-coord,0.159767
6-coord,0.395435
6-coord,0.25633
6-coord,0.498125
6-coord,0.217071
6-coord,0.511624
6-coord,0.331121
6-coord,0.52628
6-coord,0.357756
6-coord,0.537668
6-coord,0.307664
6-coord,0.548236
6-coord,0.314378
6-coord,0.511862
6-coord,0.28465
6-coord,0.52978
6-coord,0.486324
6-coord,0.53594
6-coord,0.107561
6-coord,0.528664
6-coord,0.352237
6-coord,0.42159
6-coord,0.602697
6-coord,0.440481
6-coord,0.318706
6-coord,0.61434
6-coord,0.343109
6-coord,0.520033
6-coord,0.559907
6-coord,0.357259
6-coord,0.431805
6-coord,0.448072
6-coord,0.320635
6-coord,0.63257
6-coord,0.451608
6-coord,0.546777
6-coord,0.501429
6-coord,0.507261
6-coord,0.302979
6-coord,0.229781
6-coord,0.327632
6-coord,0.612689
6-coord,0.20091
6-coord,0.573148
6-coord,0.346742
6-coord,0.559556
6-coord,0.234932
6-coord,0.605781
6-coord,0.339678
6-coord,0.392345
6-coord,0.193834
6-coord,0.420864
6-coord,0.218637
6-coord,0.455431
6-coord,0.140119
6-coord,0.491621
6-coord,0.173364
6-coord,0.383963
6-coord,0.244919
6-coord,0.386647
6-coord,0.343278
6-coord,0.428825
6-coord,0.175793
6-coord,0.418287
6-coord,0.356868
6-coord,0.444639
6-coord,0.39531
6-coord,0.455283
6-coord,0.30198
6-coord,0.52348
6-coord,0.127062
6-coord,0.472094
6-coord,0.213542
6-coord,0.689058
6-coord,0.367666
6-coord,0.562974
6-coord,0.499865
6-coord,0.499926
6-coord,0.183099
6-coord,0.522255
6-coord,0.328362
6-coord,0.44782
6-coord,0.540083
6-coord,0.470016
6-coord,0.331958
6-coord,0.655779
6-coord,0.310857
6-coord,0.449885
6-coord,0.708066
6-coord,0.49292
6-coord,0.373478
6-coord,0.449221
6-coord,0.304633
6-coord,0.625126
6-coord,0.441428
6-coord,0.675048
6-coord,0.51776
6-coord,0.313351
6-coord,0.361461
6-coord,0.191394
6-coord,0.306931
6-coord,0.503546
6-coord,0.280252
6-coord,0.573505
6-coord,0.234641
6-coord,0.448258
6-coord,0.219877
6-coord,0.327212
6-coord,0.120217
6-coord,0.383738
6-coord,0.406442
6-coord,0.738407
6-coord,0.331196
6-coord,0.434504
6-coord,0.246743
6-coord,0.513576
6-coord,0.301682
6-coord,0.476761
6-coord,0.138867
6-coord,0.463444
6-coord,0.178467
6-coord,0.443617
6-coord,0.139068
6-coord,0.653964
6-coord,0.342479
6-coord,0.629117
6-coord,0.161281
6-coord,0.506867
6-coord,0.292116
6-coord,0.417514
6-coord,0.084678
6-coord,0.485332
6-coord,0.314242
6-coord,0.450138
6-coord,0.362012
6-coord,0.57038
6-coord,0.296454
6-coord,0.505081
6-coord,0.452676
6-coord,0.681538
6-coord,0.493425
6-coord,0.299972
6-coord,0.335943
6-coord,0.270555
6-coord,0.270306
6-coord,0.601299
6-coord,0.414215
6-coord,0.472591
6-coord,0.422183
6-coord,0.345053
6-coord,0.335617
6-coord,0.572948
6-coord,0.434228
6-coord,0.603592
6-coord,0.473764
6-coord,0.50057
6-coord,0.332212
6-coord,0.227881
6-coord,0.210107
6-coord,0.481338
6-coord,0.247988
6-coord,0.488995
6-coord,0.336178
6-coord,0.44474
6-coord,0.195088
6-coord,0.550371
6-coord,0.287168
6-coord,0.455047
6-coord,0.256708
6-coord,0.506332
6-coord,0.249353
6-coord,0.391899
6-coord,0.343013
6-coord,0.470397
6-coord,0.129863
6-coord,0.522015
6-coord,0.280395
6-coord,0.357634
6-coord,0.322852
6-coord,0.538921
6-coord,0.365459
6-coord,0.573344
6-coord,0.370102
6-coord,0.502526
6-coord,0.396344
6-coord,0.471538
6-coord,0.216009
6-coord,0.558719
6-coord,0.235024
6-coord,0.592469
6-coord,0.200692
6-coord,0.486863
6-coord,0.43732
6-coord,0.525398
6-coord,0.292008
6-coord,0.616817
6-coord,0.398959
6-coord,0.495767
6-coord,0.353999
6-coord,0.637451
6-coord,0.487064
6-coord,0.268035
6-coord,0.363977
6-coord,0.283089
6-coord,0.265645
6-coord,0.519377
6-coord,0.474401
6-coord,0.395453
6-coord,0.590947
6-coord,0.375861
6-coord,0.391475
6-coord,0.642098
6-coord,0.546551
6-coord,0.488717
6-coord,0.421051
6-coord,0.716998
6-coord,0.322496
6-coord,0.316891
6-coord,0.405722
6-coord,0.285356
6-coord,0.19905
6-coord,0.536963
6-coord,0.156758
6-coord,0.615199
6-coord,0.319621
6-coord,0.516198
6-coord,0.310903
6-coord,0.609922
6-coord,0.33987
6-coord,0.4672
6-coord,0.338648
6-coord,0.52949
6-coord,0.288848
6-coord,0.299354
6-coord,0.481484
6-coord,0.306863
6-coord,0.577655
6-coord,0.248448
6-coord,0.613413
6-coord,0.25457
6-coord,0.658407
6-coord,0.314231
6-coord,0.647424
6-coord,0.357469
6-coord,0.553992
6-coord,0.460642
6-coord,0.550124
6-coord,0.257244
6-coord,0.540573
6-coord,0.338938
6-coord,0.530319
6-coord,0.296059
6-coord,0.511441
6-coord,0.210265
6-coord,0.4674
6-coord,0.276024
6-coord,0.407786
6-coord,0.2791
6-coord,0.502765
6-coord,0.387294
6-coord,0.26521
6-coord,0.428595
6-coord,0.265025
6-coord,0.352959
6-coord,0.670085
6-coord,0.383326
6-coord,0.248113
6-coord,0.488339
6-coord,0.470894
6-coord,0.319475
6-coord,0.487546
6-coord,0.420811
6-coord,0.493306
6-coord,0.463683
6-coord,0.708682
6-coord,0.430573
6-coord,0.385023
6-coord,0.395762
6-coord,0.371137
6-coord,0.283544
6-coord,0.49394
6-coord,0.303611
6-coord,0.57481
6-coord,0.52643
6-coord,0.590878
6-coord,0.264092
6-coord,0.570964
6-coord,0.423093
6-coord,0.242385
6-coord,0.60316
6-coord,0.345162
6-coord,0.28313
6-coord,0.584232
6-coord,0.378981
6-coord,0.615098
6-coord,0.214181
6-coord,0.525671
6-coord,0.349102
6-coord,0.490853
6-coord,0.278644
6-coord,0.56653
6-coord,0.271402
6-coord,0.640876
6-coord,0.247002
6-coord,0.542123
6-coord,0.361982
6-coord,0.530926
6-coord,0.295097
6-coord,0.628753
6-coord,0.38083
6-coord,0.603642
6-coord,0.414008
6-coord,0.506359
6-coord,0.355528
6-coord,0.576346
6-coord,0.247698
6-coord,0.556902
6-coord,0.409297
6-coord,0.130014
6-coord,0.527154
6-coord,0.352198
6-coord,0.265673
6-coord,0.46715
6-coord,0.334643
6-coord,0.288194
6-coord,0.610704
6-coord,0.400738
6-coord,0.374862
6-coord,0.478221
6-coord,0.239961
6-coord,0.575722
6-coord,0.422223
6-coord,0.620968
6-coord,0.359794
6-coord,0.303317
6-coord,0.573864
6-coord,0.326946
6-coord,0.207877
6-coord,0.624894
6-coord,0.214851
6-coord,0.694597
6-coord,0.345366
6-coord,0.627614
6-coord,0.340764
6-coord,0.581215
6-coord,0.406499
6-coord,0.214306
6-coord,0.518253
6-coord,0.325793
6-coord,0.35453
6-coord,0.55716
6-coord,0.380766
6-coord,0.480081
6-coord,0.257455
6-coord,0.542822
6-coord,0.248012
6-coord,0.640885
6-coord,0.333384
6-coord,0.499084
6-coord,0.337651
6-coord,0.451972
6-coord,0.401595
6-coord,0.605547
6-coord,0.265651
6-coord,0.668624
6-coord,0.27059
6-coord,0.518062
6-coord,0.405013
6-coord,0.551061
6-coord,0.265418
6-coord,0.433354
6-coord,0.418375
6-coord,0.57367
6-coord,0.41759
6-coord,0.62509
6-coord,0.540965
6-coord,0.311995
6-coord,0.561581
6-coord,0.320577
6-coord,0.194228
6-coord,0.534673
6-coord,0.604551
6-coord,0.494749
6-coord,0.742057
6-coord,0.375806
6-coord,0.341016
6-coord,0.474803
6-coord,0.34575
6-coord,0.509786
6-coord,0.589982
6-coord,0.641467
6-coord,0.584558
6-coord,0.302048
6-coord,0.275751
6-coord,0.334764
6-coord,0.168332
6-coord,0.641544
6-coord,0.209854
6-coord,0.557213
6-coord,0.302601
6-coord,0.480843
6-coord,0.1095
6-coord,0.641707
6-coord,0.233893
6-coord,0.44514
6-coord,0.334385
6-coord,0.590964
6-coord,0.223199
6-coord,0.664744
6-coord,0.268241
6-coord,0.658335
6-coord,0.309422
6-coord,0.695851
6-coord,0.217064
6-coord,0.571246
6-coord,0.353156
6-coord,0.407419
6-coord,0.637967
6-coord,0.172267
6-coord,0.6658
6-coord,0.403363
6-coord,0.653459
6-coord,0.22418
6-coord,0.573682
6-coord,0.263847
6-coord,0.558414
6-coord,0.387742
6-coord,0.695949
6-coord,0.576413
6-coord,0.398173
6-coord,0.730396
6-coord,0.258729
6-coord,0.521415
6-coord,0.34217
6-coord,0.389502
6-coord,0.30033
6-coord,0.712046
6-coord,0.382656
6-coord,0.620995
6-coord,0.294148
6-coord,0.661525
6-coord,0.401774
6-coord,0.686377
6-coord,0.318375
6-coord,0.486869
6-coord,0.557733
6-coord,0.354683
6-coord,0.606424
6-coord,0.319467
6-coord,0.738563
6-coord,0.441042
6-coord,0.717242
6-coord,0.410442
6-coord,0.601598
6-coord,0.417949
6-coord,0.695191
6-coord,0.347013
6-coord,0.581235
6-coord,0.554327
6-coord,0.658752
6-coord,0.267128
6-coord,0.724747
6-coord,0.540858
6-coord,0.652089
6-coord,0.456085
6-coord,0.605259
6-coord,0.35393
6-coord,0.55885
6-coord,0.392136
6-coord,0.490943
6-coord,0.642611
6-coord,0.436668
6-coord,0.663174
6-coord,0.548939
6-coord,0.336544
6-coord,0.692436
6-coord,0.440107
6-coord,0.559276
6-coord,0.681141
6-coord,0.558189
6-coord,0.423693
6-coord,0.500787
6-coord,0.294064
6-coord,0.68114
6-coord,0.44364
6-coord,0.50533
6-coord,0.383353
6-coord,0.353514
6-coord,0.570982
6-coord,0.602152
6-coord,0.401009
6-coord,0.322297
6-coord,0.374267
6-coord,0.573239
6-coord,0.539302
6-coord,0.498609
6-coord,0.235022
6-coord,0.49844
6-coord,0.373027
6-coord,0.614994
6-coord,0.494988
6-coord,0.414508
6-coord,0.43471
6-coord,0.557416
6-coord,0.404347
6-coord,0.27304
6-coord,0.443695
6-coord,0.451123
6-coord,0.332667
6-coord,0.376978
6-coord,0.402353
6-coord,0.385303
6-coord,0.421291
6-coord,0.344423
6-coord,0.440327
6-coord,0.329454
6-coord,0.348757
6-coord,0.498653
6-coord,0.440669
6-coord,0.347853
6-coord,0.30732
6-coord,0.334779
6-coord,0.183555
6-coord,0.404991
6-coord,0.225295
6-coord,0.145384
6-coord,0.460395
6-coord,0.212043
6-coord,0.693298
6-coord,0.355726
6-coord,0.55202
6-coord,0.308704
6-coord,0.649296
6-coord,0.2801
6-coord,0.524562
6-coord,0.44078
6-coord,0.55019
6-coord,0.274676
6-coord,0.617605
6-coord,0.305119
6-coord,0.483432
6-coord,0.25005
6-coord,0.593084
6-coord,0.202042
6-coord,0.586644
6-coord,0.319767
6-coord,0.620517
6-coord,0.318804
6-coord,0.69494
6-coord,0.395406
6-coord,0.609307
6-coord,0.339489
6-coord,0.618642
6-coord,0.293201
6-coord,0.623267
6-coord,0.264638
6-coord,0.582958
6-coord,0.69274
6-coord,0.262338
6-coord,0.714934
6-coord,0.667267
6-coord,0.332369
6-coord,0.430044
6-coord,0.445012
6-coord,0.298987
6-coord,0.602854
6-coord,0.361297
6-coord,0.721041
6-coord,0.455433
6-coord,0.754299
6-coord,0.352797
6-coord,0.650452
6-coord,0.23778
6-coord,0.373683
6-coord,0.717772
6-coord,0.52532
6-coord,0.729377
6-coord,0.433075
6-coord,0.709676
6-coord,0.354645
6-coord,0.56225
6-coord,0.442384
6-coord,0.714909
6-coord,0.346522
6-coord,0.59898
6-coord,0.299552
6-coord,0.516182
6-coord,0.37353
6-coord,0.556772
6-coord,0.368319
6-coord,0.574423
6-coord,0.530429
6-coord,0.702613
6-coord,0.444596
6-coord,0.65976
6-coord,0.526734
6-coord,0.472415
6-coord,0.449117
6-coord,0.638642
6-coord,0.339314
6-coord,0.512851
6-coord,0.542242
6-coord,0.57343
6-coord,0.544933
6-coord,0.370783
6-coord,0.604006
6-coord,0.490793
6-coord,0.57826
6-coord,0.578293
6-coord,0.579223
6-coord,0.291372
6-coord,0.458806
6-coord,0.590701
6-coord,0.439156
6-coord,0.406815
6-coord,0.451799
6-coord,0.476441
6-coord,0.432431
6-coord,0.515331
6-coord,0.478047
6-coord,0.305721
6-coord,0.611126
6-coord,0.411124
6-coord,0.463212
6-coord,0.258006
6-coord,0.514705
6-coord,0.471145
6-coord,0.506899
6-coord,0.44834
6-coord,0.453938
6-coord,0.46831
6-coord,0.355191
6-coord,0.490512
6-coord,0.176827
6-coord,0.393945
6-coord,0.622418
6-coord,0.364889
6-coord,0.540288
6-coord,0.506373
6-coord,0.297167
6-coord,0.457754
6-coord,0.378249
6-coord,0.472179
6-coord,0.544935
6-coord,0.572511
6-coord,0.379628
6-coord,0.678832
6-coord,0.384693
6-coord,0.394103
6-coord,0.419709
6-coord,0.448627
6-coord,0.259415
6-coord,0.458853
6-coord,0.064126
6-coord,0.508478
6-coord,0.548536
6-coord,0.324475
6-coord,0.320989
6-coord,0.2685
6-coord,0.239322
6-coord,0.419778
6-coord,0.194655
6-coord,0.431702
6-coord,0.350018
6-coord,0.443447
6-coord,0.191362
6-coord,0.44488
6-coord,0.255854
6-coord,0.634488
6-coord,0.3316
6-coord,0.581935
6-coord,0.33638
6-coord,0.572737
6-coord,0.129255
6-coord,0.58138
6-coord,0.190279
6-coord,0.573563
6-coord,0.166024
6-coord,0.717285
6-coord,0.45479
6-coord,0.570432
6-coord,0.376007
6-coord,0.624714
6-coord,0.219718
6-coord,0.683438
6-coord,0.358986
6-coord,0.676565
6-coord,0.297849
6-coord,0.352231
6-coord,0.643543
6-coord,0.570323
6-coord,0.215627
6-coord,0.671952
6-coord,0.59663
6-coord,0.184199
6-coord,0.652252
6-coord,0.461289
6-coord,0.448736
6-coord,0.355971
6-coord,0.500002
6-coord,0.329114
6-coord,0.396215
6-coord,0.708717
6-coord,0.345429
6-coord,0.686513
6-coord,0.41354
6-coord,0.697679
6-coord,0.382112
6-coord,0.649189
6-coord,0.457233
6-coord,0.457936
6-coord,0.648218
6-coord,0.331861
6-coord,0.747674
6-coord,0.326481
6-coord,0.669736
6-coord,0.39084
6-coord,0.606807
6-coord,0.435515
6-coord,0.640442
6-coord,0.524043
6-coord,0.492544
6-coord,0.66962
6-coord,0.588934
6-coord,0.530565
6-coord,0.577802
6-coord,0.402538
6-coord,0.446988
6-coord,0.369703
6-coord,0.620396
6-coord,0.354086
6-coord,0.574666
6-coord,0.576759
6-coord,0.639898
6-coord,0.383942
6-coord,0.640866
6-coord,0.534359
6-coord,0.423723
6-coord,0.552981
6-coord,0.564006
6-coord,0.395441
6-coord,0.645098
6-coord,0.695262
6-coord,0.453033
6-coord,0.433609
6-coord,0.586163
6-coord,0.403907
6-coord,0.570878
6-coord,0.566093
6-coord,0.499295
6-coord,0.420665
6-coord,0.417436
6-coord,0.587588
6-coord,0.444288
6-coord,0.415749
6-coord,0.590246
6-coord,0.451163
6-coord,0.631237
6-coord,0.529585
6-coord,0.53081
6-coord,0.60518
6-coord,0.337672
6-coord,0.512303
6-coord,0.713358
6-coord,0.519892
6-coord,0.472168
6-coord,0.52719
6-coord,0.570476
6-coord,0.591404
6-coord,0.657422
6-coord,0.493518
6-coord,0.386638
6-coord,0.563477
6-coord,0.399471
6-coord,0.38111
6-coord,0.404691
6-coord,0.333077
6-coord,0.48116
6-coord,0.510549
6-coord,0.42976
6-coord,0.521137
6-coord,0.533657
6-coord,0.409413
6-coord,0.396105
6-coord,0.478522
6-coord,0.547983
6-coord,0.407303
6-coord,0.431388
6-coord,0.561759
6-coord,0.34386
6-coord,0.179946
6-coord,0.384854
6-coord,0.233523
6-coord,0.636296
6-coord,0.280988
6-coord,0.465761
6-coord,0.172734
6-coord,0.730622
6-coord,0.392912
6-coord,0.594198
6-coord,0.254703
6-coord,0.577452
6-coord,0.150235
6-coord,0.715309
6-coord,0.163508
6-coord,0.628352
6-coord,0.268806
6-coord,0.506895
6-coord,0.312843
6-coord,0.546868
6-coord,0.158535
6-coord,0.639071
6-coord,0.411774
6-coord,0.525568
6-coord,0.248596
6-coord,0.563403
6-coord,0.302039
6-coord,0.608113
6-coord,0.361566
6-coord,0.541149
6-coord,0.302379
6-coord,0.506199
6-coord,0.726107
6-coord,0.240609
6-coord,0.546297
6-coord,0.590699
6-coord,0.385153
6-coord,0.543452
6-coord,0.282578
6-coord,0.634935
6-coord,0.351368
6-coord,0.626113
6-coord,0.225076
6-coord,0.708808
6-coord,0.186591
6-coord,0.287245
6-coord,0.657284
6-coord,0.36474
6-coord,0.734068
6-coord,0.350278
6-coord,0.609944
6-coord,0.36679
6-coord,0.722269
6-coord,0.279005
6-coord,0.651204
6-coord,0.594509
6-coord,0.692324
6-coord,0.433872
6-coord,0.650028
6-coord,0.247952
6-coord,0.691912
6-coord,0.406421
6-coord,0.717144
6-coord,0.423386
6-coord,0.657929
6-coord,0.432689
6-coord,0.508453
6-coord,0.528897
6-coord,0.548997
6-coord,0.408953
6-coord,0.592975
6-coord,0.379266
6-coord,0.579556
6-coord,0.52769
6-coord,0.612455
6-coord,0.434032
6-coord,0.625476
6-coord,0.525126
6-coord,0.597293
6-coord,0.674956
6-coord,0.504887
6-coord,0.443755
6-coord,0.640441
6-coord,0.45215
6-coord,0.683213
6-coord,0.693179
6-coord,0.450117
6-coord,0.541071
6-coord,0.595404
6-coord,0.615062
6-coord,0.593914
6-coord,0.673041
6-coord,0.624175
6-coord,0.365303
6-coord,0.73126
6-coord,0.589255
6-coord,0.596037
6-coord,0.625881
6-coord,0.678734
6-coord,0.298376
6-coord,0.566468
6-coord,0.511908
6-coord,0.610186
6-coord,0.37957
6-coord,0.609367
6-coord,0.578183
6-coord,0.528733
6-coord,0.456042
6-coord,0.550082
6-coord,0.544147
6-coord,0.621026
6-coord,0.450084
6-coord,0.502934
6-coord,0.4804
6-coord,0.567315
6-coord,0.478728
6-coord,0.52985
6-coord,0.523411
6-coord,0.428078
6-coord,0.535293
6-coord,0.350845
6-coord,0.463115
6-coord,0.474864
6-coord,0.41007
6-coord,0.340484
6-coord,0.71173
6-coord,0.317012
6-coord,0.435515
6-coord,0.519281
6-coord,0.348213
6-coord,0.396631
6-coord,0.285325
6-coord,0.271884
6-coord,0.186589
6-coord,0.485024
6-coord,0.40261
6-coord,0.627634
6-coord,0.232404
6-coord,0.661858
6-coord,0.272172
6-coord,0.605677
6-coord,0.181375
6-coord,0.615881
6-coord,0.307335
6-coord,0.595091
6-coord,0.202039
6-coord,0.5747
6-coord,0.187837
6-coord,0.585223
6-coord,0.281846
6-coord,0.550419
6-coord,0.342157
6-coord,0.555969
6-coord,0.39867
6-coord,0.558997
6-coord,0.214798
6-coord,0.572432
6-coord,0.239437
6-coord,0.611092
6-coord,0.299329
6-coord,0.494114
6-coord,0.07723
6-coord,0.586872
6-coord,0.351125
6-coord,0.560739
6-coord,0.604202
6-coord,0.17221
6-coord,0.723798
6-coord,0.430407
6-coord,0.170479
6-coord,0.737321
6-coord,0.373614
6-coord,0.467245
6-coord,0.184901
6-coord,0.604379
6-coord,0.343871
6-coord,0.162199
6-coord,0.209147
6-coord,0.543224
6-coord,0.269823
6-coord,0.628524
6-coord,0.364819
6-coord,0.524355
6-coord,0.278169
6-coord,0.550128
6-coord,0.276203
6-coord,0.317644
6-coord,0.49368
6-coord,0.19505
6-coord,0.674325
6-coord,0.490988
6-coord,0.545955
6-coord,0.278256
6-coord,0.628614
6-coord,0.276617
6-coord,0.673904
6-coord,0.309485
6-coord,0.645183
6-coord,0.611947
6-coord,0.559127
6-coord,0.433305
6-coord,0.548196
6-coord,0.49377
6-coord,0.715349
6-coord,0.392041
6-coord,0.631156
6-coord,0.459992
6-coord,0.623185
6-coord,0.462507
6-coord,0.68733
6-coord,0.52176
6-coord,0.642368
6-coord,0.660146
6-coord,0.37479
6-coord,0.620364
6-coord,0.58608
6-coord,0.578271
6-coord,0.446339
6-coord,0.586377
6-coord,0.505123
6-coord,0.497601
6-coord,0.595541
6-coord,0.564342
6-coord,0.348087
6-coord,0.485726
6-coord,0.470382
6-coord,0.7025
6-coord,0.526943
6-coord,0.560357
6-coord,0.46203
6-coord,0.513016
6-coord,0.657944
6-coord,0.639798
6-coord,0.385162
6-coord,0.621497
6-coord,0.503246
6-coord,0.375897
6-coord,0.561898
6-coord,0.521731
6-coord,0.52289
6-coord,0.527929
6-coord,0.222311
6-coord,0.419184
6-coord,0.501436
6-coord,0.459516
6-coord,0.319636
6-coord,0.379078
6-coord,0.428698
6-coord,0.319737
6-coord,0.391064
6-coord,0.389299
6-coord,0.438374
6-coord,0.495257
6-coord,0.377884
6-coord,0.435039
6-coord,0.410495
6-coord,0.24123
6-coord,0.404642
6-coord,0.393792
6-coord,0.478651
6-coord,0.302334
6-coord,0.277277
6-coord,0.322976
6-coord,0.216085
6-coord,0.356401
6-coord,0.484879
6-coord,0.262146
6-coord,0.573192
6-coord,0.285514
6-coord,0.604642
6-coord,0.17605
6-coord,0.561344
6-coord,0.34099
6-coord,0.55972
6-coord,0.246453
6-coord,0.475011
6-coord,0.170842
6-coord,0.427361
6-coord,0.227876
6-coord,0.569013
6-coord,0.268053
6-coord,0.553773
6-coord,0.150455
6-coord,0.630777
6-coord,0.257364
6-coord,0.521185
6-coord,0.270484
6-coord,0.615625
6-coord,0.149962
6-coord,0.490744
6-coord,0.166739
6-coord,0.469021
6-coord,0.255412
6-coord,0.52588
6-coord,0.276042
6-coord,0.605531
6-coord,0.45284
6-coord,0.335054
6-coord,0.588512
6-coord,0.535024
6-coord,0.404127
6-coord,0.560339
6-coord,0.246344
6-coord,0.546251
6-coord,0.261793
6-coord,0.548608
6-coord,0.242528
6-coord,0.159405
6-coord,0.261577
6-coord,0.526372
6-coord,0.229648
6-coord,0.498356
6-coord,0.199143
6-coord,0.529396
6-coord,0.249591
6-coord,0.508783
6-coord,0.287469
6-coord,0.446392
6-coord,0.436367
6-coord,0.425315
6-coord,0.233282
6-coord,0.564877
6-coord,0.169372
6-coord,0.515586
6-coord,0.178919
6-coord,0.637537
6-coord,0.430697
6-coord,0.484592
6-coord,0.327516
6-coord,0.606876
6-coord,0.542225
6-coord,0.557793
6-coord,0.544722
6-coord,0.522585
6-coord,0.388428
6-coord,0.607014
6-coord,0.406681
6-coord,0.617849
6-coord,0.692442
6-coord,0.742268
6-coord,0.451277
6-coord,0.585537
6-coord,0.501646
6-coord,0.491947
6-coord,0.6151
6-coord,0.634922
6-coord,0.482604
6-coord,0.54413
6-coord,0.570492
6-coord,0.35785
6-coord,0.710811
6-coord,0.622675
6-coord,0.428088
6-coord,0.52728
6-coord,0.429567
6-coord,0.557219
6-coord,0.353115
6-coord,0.544452
6-coord,0.404559
6-coord,0.460531
6-coord,0.449155
6-coord,0.502748
6-coord,0.419656
6-coord,0.494221
6-coord,0.423385
6-coord,0.577017
6-coord,0.309582
6-coord,0.47655
6-coord,0.456543
6-coord,0.579833
6-coord,0.501452
6-coord,0.440638
6-coord,0.54492
6-coord,0.649235
6-coord,0.482824
6-coord,0.390597
6-coord,0.431102
6-coord,0.543336
6-coord,0.377253
6-coord,0.451235
6-coord,0.340091
6-coord,0.366795
6-coord,0.311281
6-coord,0.469139
6-coord,0.352503
6-coord,0.453016
6-coord,0.236764
6-coord,0.272013
6-coord,0.369836
6-coord,0.365405
6-coord,0.300942
6-coord,0.381748
6-coord,0.317377
6-coord,0.418753
6-coord,0.252425
6-coord,0.400529
6-coord,0.330724
6-coord,0.352123
6-coord,0.300434
6-coord,0.525225
6-coord,0.187658
6-coord,0.39056
6-coord,0.10498
6-coord,0.463841
6-coord,0.058594
6-coord,0.662438
6-coord,0.23901
6-coord,0.554866
6-coord,0.26676
6-coord,0.485486
6-coord,0.082327
6-coord,0.481953
6-coord,0.406415
6-coord,0.585173
6-coord,0.243847
6-coord,0.57739
6-coord,0.055476
6-coord,0.674681
6-coord,0.358878
6-coord,0.653723
6-coord,0.177647
6-coord,0.5792
6-coord,0.276335
6-coord,0.551208
6-coord,0.202223
6-coord,0.414229
6-coord,0.227672
6-coord,0.52683
6-coord,0.240903
6-coord,0.720127
6-coord,0.398273
6-coord,0.28612
6-coord,0.564042
6-coord,0.534935
6-coord,0.260729
6-coord,0.432409
6-coord,0.210491
6-coord,0.626069
6-coord,0.216838
6-coord,0.49109
6-coord,0.191649
6-coord,0.315128
6-coord,0.264755
6-coord,0.745665
6-coord,0.238505
6-coord,0.64472
6-coord,0.284211
6-coord,0.599705
6-coord,0.314996
6-coord,0.690633
6-coord,0.20068
6-coord,0.486815
6-coord,0.414245
6-coord,0.306235
6-coord,0.584744
6-coord,0.408487
6-coord,0.700021
6-coord,0.427225
6-coord,0.646267
6-coord,0.255553
6-coord,0.620608
6-coord,0.466954
6-coord,0.472745
6-coord,0.620415
6-coord,0.381561
6-coord,0.458077
6-coord,0.51203
6-coord,0.409811
6-coord,0.563834
6-coord,0.401785
6-coord,0.663183
6-coord,0.389531
6-coord,0.721338
6-coord,0.344771
6-coord,0.639874
6-coord,0.709014
6-coord,0.371783
6-coord,0.597543
6-coord,0.495288
6-coord,0.414988
6-coord,0.640047
6-coord,0.582974
6-coord,0.4652
6-coord,0.44783
6-coord,0.605885
6-coord,0.294601
6-coord,0.622716
6-coord,0.330741
6-coord,0.559655
6-coord,0.421485
6-coord,0.50925
6-coord,0.411951
6-coord,0.667687
6-coord,0.586455
6-coord,0.409173
6-coord,0.303411
6-coord,0.602806
6-coord,0.361973
6-coord,0.679953
6-coord,0.396911
6-coord,0.52091
6-coord,0.442477
6-coord,0.369535
6-coord,0.479063
6-coord,0.41182
6-coord,0.302017
6-coord,0.425948
6-coord,0.297348
6-coord,0.544069
6-coord,0.299012
6-coord,0.37616
6-coord,0.466902
6-coord,0.461873
6-coord,0.5058
6-coord,0.437442
6-coord,0.404905
6-coord,0.459965
6-coord,0.654601
6-coord,0.399844
6-coord,0.129881
6-coord,0.490875
6-coord,0.387557
6-coord,0.32039
6-coord,0.380917
6-coord,0.541608
6-coord,0.445516
6-coord,0.452918
6-coord,0.370991
6-coord,0.333923
6-coord,0.173658
6-coord,0.220941
6-coord,0.685353
6-coord,0.607283
6-coord,0.185343
6-coord,0.653235
6-coord,0.18538
6-coord,0.579966
6-coord,0.268084
6-coord,0.561959
6-coord,0.096993
6-coord,0.551679
6-coord,0.202639
6-coord,0.698904
6-coord,0.310296
6-coord,0.516706
6-coord,0.253583
6-coord,0.502059
6-coord,0.378764
6-coord,0.700753
6-coord,0.377432
6-coord,0.492301
6-coord,0.241296
6-coord,0.682738
6-coord,0.304797
6-coord,0.455844
6-coord,0.229757
6-coord,0.641099
6-coord,0.10356
6-coord,0.567497
6-coord,0.384419
6-coord,0.566293
6-coord,0.6988
6-coord,0.441889
6-coord,0.598626
6-coord,0.470584
6-coord,0.259641
6-coord,0.618254
6-coord,0.446827
6-coord,0.624093
6-coord,0.334704
6-coord,0.661762
6-coord,0.295541
6-coord,0.31041
6-coord,0.249499
6-coord,0.551515
6-coord,0.362818
6-coord,0.503789
6-coord,0.405447
6-coord,0.449794
6-coord,0.335266
6-coord,0.59147
6-coord,0.276433
6-coord,0.64936
6-coord,0.456957
6-coord,0.658258
6-coord,0.316486
6-coord,0.537977
6-coord,0.578501
6-coord,0.278721
6-coord,0.512269
6-coord,0.379484
6-coord,0.480375
6-coord,0.264745
6-coord,0.603641
6-coord,0.535773
6-coord,0.548575
6-coord,0.252896
6-coord,0.531494
6-coord,0.35509
6-coord,0.65611
6-coord,0.266799
6-coord,0.528377
6-coord,0.548379
6-coord,0.631501
6-coord,0.446313
6-coord,0.629632
6-coord,0.551116
6-coord,0.493141
6-coord,0.594813
6-coord,0.49709
6-coord,0.453162
6-coord,0.573298
6-coord,0.554682
6-coord,0.507849
6-coord,0.652583
6-coord,0.655438
6-coord,0.537155
6-coord,0.531183
6-coord,0.347525
6-coord,0.71381
6-coord,0.352434
6-coord,0.549578
6-coord,0.381585
6-coord,0.442728
6-coord,0.539699
6-coord,0.546447
6-coord,0.403376
6-coord,0.484093
6-coord,0.422034
6-coord,0.479109
6-coord,0.455509
6-coord,0.522486
6-coord,0.404728
6-coord,0.573012
6-coord,0.502258
6-coord,0.525596
6-coord,0.532356
6-coord,0.570354
6-coord,0.464924
6-coord,0.392201
6-coord,0.360957
6-coord,0.372842
6-coord,0.183351
6-coord,0.379876
6-coord,0.357101
6-coord,0.419214
6-coord,0.3564
6-coord,0.477609
6-coord,0.301459
6-coord,0.364047
6-coord,0.393153
6-coord,0.233808
6-coord,0.35394
6-coord,0.387409
6-coord,0.437939
6-coord,0.498994
6-coord,0.382909
6-coord,0.226152
6-coord,0.358832
6-coord,0.514109
6-coord,0.291402
6-coord,0.27675
6-coord,0.169378
6-coord,0.598907
6-coord,0.285718
6-coord,0.59106
6-coord,0.39832
6-coord,0.619422
6-coord,0.245246
6-coord,0.47314
6-coord,0.126863
6-coord,0.590257
6-coord,0.272482
6-coord,0.601374
6-coord,0.240475
6-coord,0.476777
6-coord,0.397849
6-coord,0.556353
6-coord,0.312296
6-coord,0.506315
6-coord,0.216543
6-coord,0.710504
6-coord,0.382464
6-coord,0.67469
6-coord,0.178902
6-coord,0.622481
6-coord,0.190336
6-coord,0.666298
6-coord,0.258655
6-coord,0.561557
6-coord,0.228398
6-coord,0.489699
6-coord,0.207951
6-coord,0.55851
6-coord,0.617273
6-coord,0.219395
6-coord,0.484686
6-coord,0.48252
6-coord,0.216105
6-coord,0.634289
6-coord,0.373982
6-coord,0.642033
6-coord,0.313259
6-coord,0.538524
6-coord,0.298299
6-coord,0.332298
6-coord,0.363763
6-coord,0.498351
6-coord,0.247431
6-coord,0.589284
6-coord,0.334277
6-coord,0.4186
6-coord,0.200289
6-coord,0.604245
6-coord,0.236321
6-coord,0.603781
6-coord,0.277081
6-coord,0.492321
6-coord,0.126161
6-coord,0.500512
6-coord,0.207348
6-coord,0.397318
6-coord,0.177434
6-coord,0.494055
6-coord,0.261329
6-coord,0.545714
6-coord,0.301021
6-coord,0.463988
6-coord,0.542015
6-coord,0.716316
6-coord,0.382198
6-coord,0.568521
6-coord,0.432476
6-coord,0.600244
6-coord,0.54768
6-coord,0.483635
6-coord,0.420119
6-coord,0.579761
6-coord,0.388287
6-coord,0.567163
6-coord,0.412635
6-coord,0.322776
6-coord,0.55236
6-coord,0.532925
6-coord,0.52022
6-coord,0.577209
6-coord,0.586759
6-coord,0.574381
6-coord,0.50255
6-coord,0.654237
6-coord,0.420112
6-coord,0.559593
6-coord,0.320131
6-coord,0.538241
6-coord,0.314718
6-coord,0.583987
6-coord,0.382391
6-coord,0.538483
6-coord,0.558895
6-coord,0.480785
6-coord,0.36786
6-coord,0.328236
6-coord,0.344495
6-coord,0.5006
6-coord,0.246292
6-coord,0.456796
6-coord,0.441219
6-coord,0.536212
6-coord,0.583469
6-coord,0.547939
6-coord,0.34861
6-coord,0.748259
6-coord,0.542592
6-coord,0.623674
6-coord,0.423236
6-coord,0.317675
6-coord,0.274276
6-coord,0.355389
6-coord,0.573371
6-coord,0.443594
6-coord,0.370236
6-coord,0.48078
6-coord,0.380754
6-coord,0.353053
6-coord,0.326297
6-coord,0.245273
6-coord,0.308909
6-coord,0.521448
6-coord,0.410355
6-coord,0.295538
6-coord,0.468438
6-coord,0.227167
6-coord,0.479939
6-coord,0.272878
6-coord,0.329304
6-coord,0.195716
6-coord,0.248158
6-coord,0.447219
6-coord,0.176048
6-coord,0.624683
6-coord,0.250185
6-coord,0.602756
6-coord,0.176438
6-coord,0.606169
6-coord,0.339208
6-coord,0.507377
6-coord,0.15939
6-coord,0.569406
6-coord,0.278842
6-coord,0.552454
6-coord,0.454734
6-coord,0.672692
6-coord,0.396596
6-coord,0.522676
6-coord,0.273477
6-coord,0.690216
6-coord,0.422051
6-coord,0.655691
6-coord,0.239083
6-coord,0.663735
6-coord,0.224324
6-coord,0.545289
6-coord,0.193971
6-coord,0.566399
6-coord,0.265647
6-coord,0.747354
6-coord,0.155349
6-coord,0.687175
6-coord,0.654625
6-coord,0.263505
6-coord,0.579951
6-coord,0.627598
6-coord,0.309454
6-coord,0.513789
6-coord,0.336969
6-coord,0.321681
6-coord,0.176471
6-coord,0.55266
6-coord,0.190335
6-coord,0.409718
6-coord,0.710848
6-coord,0.375947
6-coord,0.319704
6-coord,0.100719
6-coord,0.722456
6-coord,0.337461
6-coord,0.55746
6-coord,0.254109
6-coord,0.56963
6-coord,0.215213
6-coord,0.576256
6-coord,0.194653
6-coord,0.54605
6-coord,0.304051
6-coord,0.641796
6-coord,0.183756
6-coord,0.542624
6-coord,0.286074
6-coord,0.541091
6-coord,0.373101
6-coord,0.580399
6-coord,0.259399
6-coord,0.706697
6-coord,0.633963
6-coord,0.51177
6-coord,0.365672
6-coord,0.632493
6-coord,0.343888
6-coord,0.621118
6-coord,0.399639
6-coord,0.545728
6-coord,0.313572
6-coord,0.659749
6-coord,0.292218
6-coord,0.571679
6-coord,0.523003
6-coord,0.325758
6-coord,0.693098
6-coord,0.566657
6-coord,0.428416
6-coord,0.612964
6-coord,0.625129
6-coord,0.609676
6-coord,0.499079
6-coord,0.534916
6-coord,0.213671
6-coord,0.463947
6-coord,0.256107
6-coord,0.497747
6-coord,0.480899
6-coord,0.565329
6-coord,0.716531
6-coord,0.621624
6-coord,0.624291
6-coord,0.553484
6-coord,0.39799
6-coord,0.368738
6-coord,0.419344
6-coord,0.448186
6-coord,0.392382
6-coord,0.432533
6-coord,0.530403
6-coord,0.557528
6-coord,0.445038
6-coord,0.493423
6-coord,0.315606
6-coord,0.489342
6-coord,0.398887
6-coord,0.506052
6-coord,0.333622
6-coord,0.327042
6-coord,0.527482
6-coord,0.511732
6-coord,0.32709
6-coord,0.425443
6-coord,0.308669
6-coord,0.380834
6-coord,0.235811
6-coord,0.365136
6-coord,0.311354
6-coord,0.286671
6-coord,0.182456
6-coord,0.348718
6-coord,0.297452
6-coord,0.395031
6-coord,0.317413
6-coord,0.42946
6-coord,0.286441
6-coord,0.434653
6-coord,0.458669
6-coord,0.188842
6-coord,0.146645
6-coord,0.415888
6-coord,0.149128
6-coord,0.482789
6-coord,0.259546
6-coord,0.570711
6-coord,0.212771
6-coord,0.567294
6-coord,0.332557
6-coord,0.410655
6-coord,0.435783
6-coord,0.553561
6-coord,0.292014
6-coord,0.553345
6-coord,0.113334
6-coord,0.693165
6-coord,0.248144
6-coord,0.507604
6-coord,0.317855
6-coord,0.594425
6-coord,0.234037
6-coord,0.486572
6-coord,0.215195
6-coord,0.446211
6-coord,0.283709
6-coord,0.438857
6-coord,0.141886
6-coord,0.451341
6-coord,0.298805
6-coord,0.576876
6-coord,0.183519
6-coord,0.655746
6-coord,0.442234
6-coord,0.439781
6-coord,0.492051
6-coord,0.492523
6-coord,0.135215
6-coord,0.520158
6-coord,0.254409
6-coord,0.439295
6-coord,0.17417
6-coord,0.545533
6-coord,0.27423
6-coord,0.705802
6-coord,0.166495
6-coord,0.319845
6-coord,0.673596
6-coord,0.298191
6-coord,0.679793
6-coord,0.197004
6-coord,0.458222
6-coord,0.206733
6-coord,0.664706
6-coord,0.298309
6-coord,0.578554
6-coord,0.18957
6-coord,0.528052
6-coord,0.241177
6-coord,0.532371
6-coord,0.204606
6-coord,0.658002
6-coord,0.249728
6-coord,0.59456
6-coord,0.228991
6-coord,0.447861
6-coord,0.263462
6-coord,0.532056
6-coord,0.363122
6-coord,0.578176
6-coord,0.465005
6-coord,0.561051
6-coord,0.482961
6-coord,0.516331
6-coord,0.456979
6-coord,0.605028
6-coord,0.331788
6-coord,0.663154
6-coord,0.429669
6-coord,0.610832
6-coord,0.46981
6-coord,0.705757
6-coord,0.61183
6-coord,0.395526
6-coord,0.605609
6-coord,0.613393
6-coord,0.410964
6-coord,0.566487
6-coord,0.561998
6-coord,0.294051
6-coord,0.440464
6-coord,0.439633
6-coord,0.596217
6-coord,0.407829
6-coord,0.627368
6-coord,0.450931
6-coord,0.478301
6-coord,0.72192
6-coord,0.50126
6-coord,0.432951
6-coord,0.457042
6-coord,0.358322
6-coord,0.611319
6-coord,0.348875
6-coord,0.384478
6-coord,0.468131
6-coord,0.389195
6-coord,0.407494
6-coord,0.519441
6-coord,0.33342
6-coord,0.332673
6-coord,0.406364
6-coord,0.521694
6-coord,0.306083
6-coord,0.228989
6-coord,0.436048
6-coord,0.43412
6-coord,0.507019
6-coord,0.543382
6-coord,0.24285
6-coord,0.396535
6-coord,0.400658
6-coord,0.43835
6-coord,0.351256
6-coord,0.269631
6-coord,0.416462
6-coord,0.32277
6-coord,0.347351
6-coord,0.490559
6-coord,0.49668
6-coord,0.255318
6-coord,0.430043
6-coord,0.513445
6-coord,0.298559
6-coord,0.305654
6-coord,0.186486
6-coord,0.219621
6-coord,0.705424
6-coord,0.145698
6-coord,0.68687
6-coord,0.133109
6-coord,0.510291
6-coord,0.16264
6-coord,0.562082
6-coord,0.28341
6-coord,0.492764
6-coord,0.240408
6-coord,0.483317
6-coord,0.239187
6-coord,0.437659
6-coord,0.296076
6-coord,0.498109
6-coord,0.238621
6-coord,0.452085
6-coord,0.244736
6-coord,0.52396
6-coord,0.276588
6-coord,0.480204
6-coord,0.167886
6-coord,0.558258
6-coord,0.232364
6-coord,0.489092
6-coord,0.164021
6-coord,0.695551
6-coord,0.163116
6-coord,0.56489
6-coord,0.263604
6-coord,0.424864
6-coord,0.614169
6-coord,0.176264
6-coord,0.695203
6-coord,0.44313
6-coord,0.165847
6-coord,0.614211
6-coord,0.30674
6-coord,0.594133
6-coord,0.258457
6-coord,0.488561
6-coord,0.279708
6-coord,0.282412
6-coord,0.2295
6-coord,0.581273
6-coord,0.239727
6-coord,0.709144
6-coord,0.383205
6-coord,0.558124
6-coord,0.290155
6-coord,0.556476
6-coord,0.18239
6-coord,0.429826
6-coord,0.21541
6-coord,0.630986
6-coord,0.226337
6-coord,0.553213
6-coord,0.313035
6-coord,0.5061
6-coord,0.320647
6-coord,0.535535
6-coord,0.397111
6-coord,0.601976
6-coord,0.231641
6-coord,0.513936
6-coord,0.578609
6-coord,0.550342
6-coord,0.487814
6-coord,0.599821
6-coord,0.475112
6-coord,0.679469
6-coord,0.420691
6-coord,0.384456
6-coord,0.401746
6-coord,0.675391
6-coord,0.536466
6-coord,0.52176
6-coord,0.571913
6-coord,0.439345
6-coord,0.639039
6-coord,0.68175
6-coord,0.483358
6-coord,0.52996
6-coord,0.460468
6-coord,0.527025
6-coord,0.47091
6-coord,0.347602
6-coord,0.599797
6-coord,0.479539
6-coord,0.547473
6-coord,0.210791
6-coord,0.478075
6-coord,0.288062
6-coord,0.734243
6-coord,0.608589
6-coord,0.349486
6-coord,0.54465
6-coord,0.451526
6-coord,0.477281
6-coord,0.571088
6-coord,0.341495
6-coord,0.338043
6-coord,0.295106
6-coord,0.449606
6-coord,0.399132
6-coord,0.477444
6-coord,0.398489
6-coord,0.362945
6-coord,0.396315
6-coord,0.584409
6-coord,0.436194
6-coord,0.40959
6-coord,0.19967
6-coord,0.379884
6-coord,0.369992
6-coord,0.653083
6-coord,0.428817
6-coord,0.500202
6-coord,0.428216
6-coord,0.481687
6-coord,0.507383
6-coord,0.233643
6-coord,0.353412
6-coord,0.276238
6-coord,0.393885
6-coord,0.38458
6-coord,0.456715
6-coord,0.37083
6-coord,0.476875
6-coord,0.480485
6-coord,0.315543
6-coord,0.304456
6-coord,0.214612
6-coord,0.109059
6-coord,0.528589
6-coord,0.168871
6-coord,0.634725
6-coord,0.236722
6-coord,0.258551
6-coord,0.493992
6-coord,0.142382
6-coord,0.409107
6-coord,0.378666
6-coord,0.551256
6-coord,0.318081
6-coord,0.580291
6-coord,0.243086
6-coord,0.47681
6-coord,0.3385
6-coord,0.706231
6-coord,0.313618
6-coord,0.679083
6-coord,0.213025
6-coord,0.45226
6-coord,0.091986
6-coord,0.477028
6-coord,0.141854
6-coord,0.595325
6-coord,0.167253
6-coord,0.555815
6-coord,0.365372
6-coord,0.645185
6-coord,0.351736
6-coord,0.712897
6-coord,0.645182
6-coord,0.46238
6-coord,0.550382
6-coord,0.488033
6-coord,0.239374
6-coord,0.533623
6-coord,0.195727
6-coord,0.630614
6-coord,0.216638
6-coord,0.569438
6-coord,0.283263
6-coord,0.692449
6-coord,0.310422
6-coord,0.695304
6-coord,0.324653
6-coord,0.660149
6-coord,0.290324
6-coord,0.731465
6-coord,0.173992
6-coord,0.678789
6-coord,0.359767
6-coord,0.642561
6-coord,0.309245
6-coord,0.546771
6-coord,0.336924
6-coord,0.589291
6-coord,0.362795
6-coord,0.534728
6-coord,0.226827
6-coord,0.615363
6-coord,0.284796
6-coord,0.530845
6-coord,0.417589
6-coord,0.272047
6-coord,0.556731
6-coord,0.420223
6-coord,0.580264
6-coord,0.52615
6-coord,0.643908
6-coord,0.448728
6-coord,0.579173
6-coord,0.521493
6-coord,0.714998
6-coord,0.503608
6-coord,0.547338
6-coord,0.482143
6-coord,0.676557
6-coord,0.5338
6-coord,0.425546
6-coord,0.662205
6-coord,0.604026
6-coord,0.423452
6-coord,0.592169
6-coord,0.504889
6-coord,0.511586
6-coord,0.481337
6-coord,0.590246
6-coord,0.3306
6-coord,0.507366
6-coord,0.444476
6-coord,0.4673
6-coord,0.260906
6-coord,0.476669
6-coord,0.486875
6-coord,0.723789
6-coord,0.438111
6-coord,0.431729
6-coord,0.377104
6-coord,0.516594
6-coord,0.290185
6-coord,0.62501
6-coord,0.402061
6-coord,0.36901
6-coord,0.315663
6-coord,0.459224
6-coord,0.502778
6-coord,0.423638
6-coord,0.467593
6-coord,0.521373
6-coord,0.454234
6-coord,0.426966
6-coord,0.686816
6-coord,0.275447
6-coord,0.537584
6-coord,0.487186
6-coord,0.38585
6-coord,0.562367
6-coord,0.519484
6-coord,0.47475
6-coord,0.510236
6-coord,0.442943
6-coord,0.443292
6-coord,0.433661
6-coord,0.349041
6-coord,0.473718
6-coord,0.36625
6-coord,0.44628
6-coord,0.493049
6-coord,0.446154
6-coord,0.528214
6-coord,0.446593
6-coord,0.334026
6-coord,0.511017
6-coord,0.251579
6-coord,0.465062
6-coord,0.325936
6-coord,0.482667
6-coord,0.185926
6-coord,0.488368
6-coord,0.129116
6-coord,0.546321
6-coord,0.428139
6-coord,0.597005
6-coord,0.285875
6-coord,0.448899
6-coord,0.441467
6-coord,0.542299
6-coord,0.105606
6-coord,0.551873
6-coord,0.087975
6-coord,0.461085
6-coord,0.296677
6-coord,0.613261
6-coord,0.329818
6-coord,0.552902
6-coord,0.351479
6-coord,0.534164
6-coord,0.268249
6-coord,0.732138
6-coord,0.304601
6-coord,0.552499
6-coord,0.142954
6-coord,0.729659
6-coord,0.202652
6-coord,0.616444
6-coord,0.553011
6-coord,0.225995
6-coord,0.557129
6-coord,0.363996
6-coord,0.572455
6-coord,0.272968
6-coord,0.657771
6-coord,0.37961
6-coord,0.429939
6-coord,0.72758
6-coord,0.387487
6-coord,0.518627
6-coord,0.331252
6-coord,0.592409
6-coord,0.380454
6-coord,0.54177
6-coord,0.248977
6-coord,0.557288
6-coord,0.346634
6-coord,0.7119
6-coord,0.340752
6-coord,0.369331
6-coord,0.598938
6-coord,0.304014
6-coord,0.705448
6-coord,0.2672
6-coord,0.752251
6-coord,0.443347
6-coord,0.576877
6-coord,0.412831
6-coord,0.621079
6-coord,0.589032
6-coord,0.622634
6-coord,0.347858
6-coord,0.447099
6-coord,0.479532
6-coord,0.616673
6-coord,0.264092
6-coord,0.714142
6-coord,0.415318
6-coord,0.458769
6-coord,0.500242
6-coord,0.538044
6-coord,0.424591
6-coord,0.360188
6-coord,0.666214
6-coord,0.507155
6-coord,0.497465
6-coord,0.537245
6-coord,0.558356
6-coord,0.356912
6-coord,0.552418
6-coord,0.537549
6-coord,0.388837
6-coord,0.688482
6-coord,0.278881
6-coord,0.528726
6-coord,0.460453
6-coord,0.591199
6-coord,0.457178
6-coord,0.504673
6-coord,0.577463
6-coord,0.543529
6-coord,0.444954
6-coord,0.416637
6-coord,0.458878
6-coord,0.483489
6-coord,0.507794
6-coord,0.56942
6-coord,0.458627
6-coord,0.680924
6-coord,0.452032
6-coord,0.600222
6-coord,0.523865
6-coord,0.467519
6-coord,0.449722
6-coord,0.617654
6-coord,0.449333
6-coord,0.56933
6-coord,0.502321
6-coord,0.346655
6-coord,0.461999
6-coord,0.377777
6-coord,0.479379
6-coord,0.427546
6-coord,0.337763
6-coord,0.248453
6-coord,0.468897
6-coord,0.449252
6-coord,0.423924
6-coord,0.461062
6-coord,0.287414
6-coord,0.367295
6-coord,0.389083
6-coord,0.511884
6-coord,0.445775
6-coord,0.138074
6-coord,0.149699
6-coord,0.617344
6-coord,0.418533
6-coord,0.159443
6-coord,0.428482
6-coord,0.316473
6-coord,0.541627
6-coord,0.28573
6-coord,0.719924
6-coord,0.275572
6-coord,0.591392
6-coord,0.205214
6-coord,0.643919
6-coord,0.165252
6-coord,0.528807
6-coord,0.266773
6-coord,0.543847
6-coord,0.240719
6-coord,0.615059
6-coord,0.227225
6-coord,0.229511
6-coord,0.556394
6-coord,0.340212
6-coord,0.691645
6-coord,0.324443
6-coord,0.504855
6-coord,0.279635
6-coord,0.620592
6-coord,0.290283
6-coord,0.550904
6-coord,0.693057
6-coord,0.3579
6-coord,0.551202
6-coord,0.625175
6-coord,0.270127
6-coord,0.686546
6-coord,0.28069
6-coord,0.651028
6-coord,0.268808
6-coord,0.587139
6-coord,0.327296
6-coord,0.338826
6-coord,0.738352
6-coord,0.293618
6-coord,0.603108
6-coord,0.220949
6-coord,0.710647
6-coord,0.308716
6-coord,0.508943
6-coord,0.228932
6-coord,0.620071
6-coord,0.354163
6-coord,0.558069
6-coord,0.377234
6-coord,0.615481
6-coord,0.366325
6-coord,0.603422
6-coord,0.313213
6-coord,0.606756
6-coord,0.476681
6-coord,0.603743
6-coord,0.430564
6-coord,0.597122
6-coord,0.430916
6-coord,0.519665
6-coord,0.541746
6-coord,0.65606
6-coord,0.345537
6-coord,0.748829
6-coord,0.278214
6-coord,0.716598
6-coord,0.42177
6-coord,0.730555
6-coord,0.446778
6-coord,0.638236
6-coord,0.442296
6-coord,0.499684
6-coord,0.720203
6-coord,0.406346
6-coord,0.672033
6-coord,0.546981
6-coord,0.305396
6-coord,0.528613
6-coord,0.598615
6-coord,0.533298
6-coord,0.500279
6-coord,0.576758
6-coord,0.225685
6-coord,0.614375
6-coord,0.428737
6-coord,0.744459
6-coord,0.37683
6-coord,0.582656
6-coord,0.520979
6-coord,0.629401
6-coord,0.489213
6-coord,0.560305
6-coord,0.575858
6-coord,0.583822
6-coord,0.398167
6-coord,0.540101
6-coord,0.364458
6-coord,0.521745
6-coord,0.404387
6-coord,0.500754
6-coord,0.524682
6-coord,0.584332
6-coord,0.526744
6-coord,0.504954
6-coord,0.408202
6-coord,0.531991
6-coord,0.45241
6-coord,0.306428
6-coord,0.422668
6-coord,0.494379
6-coord,0.262648
6-coord,0.482545
6-coord,0.41024
6-coord,0.419039
6-coord,0.465884
6-coord,0.466201
6-coord,0.511455
6-coord,0.353867
6-coord,0.305327
6-coord,0.490254
6-coord,0.176541
6-coord,0.502628
6-coord,0.268492
6-coord,0.47251
6-coord,0.338761
6-coord,0.236161
6-coord,0.225317
6-coord,0.176969
6-coord,0.530932
6-coord,0.334424
6-coord,0.579012
6-coord,0.216813
6-coord,0.5568
6-coord,0.258201
6-coord,0.559794
6-coord,0.253697
6-coord,0.63657
6-coord,0.213677
6-coord,0.545295
6-coord,0.319211
6-coord,0.619239
6-coord,0.18463
6-coord,0.682488
6-coord,0.363965
6-coord,0.624711
6-coord,0.348067
6-coord,0.521285
6-coord,0.248592
6-coord,0.671451
6-coord,0.274992
6-coord,0.660334
6-coord,0.345235
6-coord,0.566545
6-coord,0.208106
6-coord,0.669956
6-coord,0.239755
6-coord,0.716175
6-coord,0.249258
6-coord,0.752126
6-coord,0.646943
6-coord,0.330665
6-coord,0.628543
6-coord,0.539922
6-coord,0.440765
6-coord,0.591404
6-coord,0.466174
6-coord,0.714604
6-coord,0.292994
6-coord,0.376361
6-coord,0.455385
6-coord,0.311293
6-coord,0.617571
6-coord,0.292204
6-coord,0.418622
6-coord,0.573496
6-coord,0.339171
6-coord,0.715438
6-coord,0.357676
6-coord,0.581502
6-coord,0.33755
6-coord,0.646487
6-coord,0.406504
6-coord,0.365111
6-coord,0.732445
6-coord,0.457271
6-coord,0.578283
6-coord,0.394902
6-coord,0.634557
6-coord,0.432672
6-coord,0.585057
6-coord,0.627014
6-coord,0.697787
6-coord,0.512263
6-coord,0.352968
6-coord,0.585899
6-coord,0.358529
6-coord,0.583463
6-coord,0.523826
6-coord,0.476607
6-coord,0.508713
6-coord,0.579968
6-coord,0.578756
6-coord,0.683482
6-coord,0.592325
6-coord,0.476766
6-coord,0.572565
6-coord,0.576053
6-coord,0.383083
6-coord,0.522299
6-coord,0.489323
6-coord,0.567947
6-coord,0.65712
6-coord,0.618547
6-coord,0.467591
6-coord,0.638717
6-coord,0.461133
6-coord,0.569865
6-coord,0.454096
6-coord,0.544562
6-coord,0.365136
6-coord,0.689519
6-coord,0.496364
6-coord,0.564473
6-coord,0.382688
6-coord,0.463944
6-coord,0.485407
6-coord,0.664802
6-coord,0.352093
6-coord,0.753056
6-coord,0.456654
6-coord,0.429479
6-coord,0.463921
6-coord,0.572516
6-coord,0.519961
6-coord,0.547549
6-coord,0.432898
6-coord,0.395741
6-coord,0.519348
6-coord,0.33219
6-coord,0.43495
6-coord,0.432893
6-coord,0.509639
6-coord,0.42535
6-coord,0.394382
6-coord,0.522754
6-coord,0.357972
6-coord,0.371307
6-coord,0.505717
6-coord,0.254237
6-coord,0.337013
6-coord,0.264562
6-coord,0.303119
6-coord,0.397974
6-coord,0.513009
6-coord,0.164675
6-coord,0.450076
6-coord,0.44868
6-coord,0.260187
6-coord,0.156509
6-coord,0.21687
6-coord,0.62745
6-coord,0.170045
6-coord,0.608864
6-coord,0.395584
6-coord,0.658504
6-coord,0.183553
6-coord,0.630852
6-coord,0.286828
6-coord,0.618633
6-coord,0.314502
6-coord,0.52566
6-coord,0.307066
6-coord,0.63026
6-coord,0.312112
6-coord,0.667388
6-coord,0.349345
6-coord,0.646645
6-coord,0.246808
6-coord,0.559267
6-coord,0.266678
6-coord,0.58442
6-coord,0.200431
6-coord,0.654897
6-coord,0.302049
6-coord,0.614336
6-coord,0.209091
6-coord,0.665591
6-coord,0.20065
6-coord,0.707945
6-coord,0.226865
6-coord,0.519864
6-coord,0.649346
6-coord,0.501015
6-coord,0.647927
6-coord,0.552622
6-coord,0.400737
6-coord,0.530283
6-coord,0.325491
6-coord,0.614713
6-coord,0.29647
6-coord,0.567265
6-coord,0.342672
6-coord,0.74601
6-coord,0.419535
6-coord,0.712443
6-coord,0.405899
6-coord,0.582641
6-coord,0.267785
6-coord,0.726912
6-coord,0.355187
6-coord,0.586023
6-coord,0.3121
6-coord,0.610186
6-coord,0.344244
6-coord,0.640212
6-coord,0.524109
6-coord,0.716253
6-coord,0.415187
6-coord,0.420819
6-coord,0.384096
6-coord,0.689762
6-coord,0.414531
6-coord,0.576081
6-coord,0.332136
6-coord,0.602844
6-coord,0.524027
6-coord,0.547957
6-coord,0.504926
6-coord,0.608576
6-coord,0.469317
6-coord,0.605263
6-coord,0.404982
6-coord,0.629333
6-coord,0.338693
6-coord,0.580737
6-coord,0.519268
6-coord,0.61963
6-coord,0.572369
6-coord,0.362378
6-coord,0.600892
6-coord,0.566331
6-coord,0.440533
6-coord,0.570941
6-coord,0.535916
6-coord,0.551952
6-coord,0.569367
6-coord,0.393928
6-coord,0.428291
6-coord,0.407942
6-coord,0.544825
6-coord,0.39836
6-coord,0.457504
6-coord,0.380787
6-coord,0.577155
6-coord,0.676442
6-coord,0.478771
6-coord,0.481379
6-coord,0.537479
6-coord,0.450218
6-coord,0.41285
6-coord,0.512782
6-coord,0.558263
6-coord,0.371548
6-coord,0.47754
6-coord,0.494684
6-coord,0.471972
6-coord,0.525862
6-coord,0.387287
6-coord,0.445761
6-coord,0.305913
6-coord,0.41482
6-coord,0.358732
6-coord,0.364896
6-coord,0.536131
6-coord,0.57516
6-coord,0.535814
6-coord,0.485505
6-coord,0.476241
6-coord,0.449458
6-coord,0.610806
6-coord,0.424523
6-coord,0.322634
6-coord,0.288275
6-coord,0.382247
6-coord,0.448881
6-coord,0.509538
6-coord,0.388657
6-coord,0.350583
6-coord,0.200724
6-coord,0.375725
6-coord,0.606661
6-coord,0.388705
6-coord,0.515909
6-coord,0.369538
6-coord,0.475135
6-coord,0.529687
6-coord,0.369697
6-coord,0.481687
6-coord,0.184383
6-coord,0.649599
6-coord,0.32875
6-coord,0.549856
6-coord,0.206556
6-coord,0.430999
6-coord,0.270612
6-coord,0.416485
6-coord,0.165181
6-coord,0.439101
6-coord,0.144541
6-coord,0.58907
6-coord,0.240268
6-coord,0.470199
6-coord,0.214882
6-coord,0.678045
6-coord,0.23416
6-coord,0.729751
6-coord,0.141446
6-coord,0.622686
6-coord,0.288798
6-coord,0.62451
6-coord,0.328739
6-coord,0.648093
6-coord,0.301382
6-coord,0.492628
6-coord,0.33205
6-coord,0.630738
6-coord,0.32533
6-coord,0.51772
6-coord,0.330279
6-coord,0.596432
6-coord,0.214142
6-coord,0.277204
6-coord,0.620967
6-coord,0.454465
6-coord,0.253696
6-coord,0.265849
6-coord,0.363585
6-coord,0.485572
6-coord,0.50694
6-coord,0.397872
6-coord,0.504296
6-coord,0.386237
6-coord,0.480541
6-coord,0.328468
6-coord,0.363105
6-coord,0.217622
6-coord,0.448588
6-coord,0.398482
6-coord,0.382279
6-coord,0.313045
6-coord,0.482618
6-coord,0.285242
6-coord,0.389447
6-coord,0.401593
6-coord,0.482681
6-coord,0.313412
6-coord,0.471257
6-coord,0.368899
6-coord,0.488766
6-coord,0.321493
6-coord,0.438247
6-coord,0.307458
6-coord,0.447544
6-coord,0.304115
6-coord,0.363028
6-coord,0.543368
6-coord,0.545115
6-coord,0.207111
6-coord,0.438024
6-coord,0.207865
6-coord,0.489809
6-coord,0.425357
6-coord,0.37307
6-coord,0.313671
6-coord,0.364051
6-coord,0.368725
6-coord,0.372608
6-coord,0.471839
6-coord,0.244304
6-coord,0.377416
6-coord,0.235517
6-coord,0.459445
6-coord,0.589506
6-coord,0.584378
6-coord,0.435903
6-coord,0.260952
6-coord,0.476816
6-coord,0.572275
6-coord,0.163817
6-coord,0.408452
6-coord,0.13387
6-coord,0.636759
6-coord,0.353368
6-coord,0.440083
6-coord,0.09052
6-coord,0.582706
6-coord,0.466263
6-coord,0.481314
6-coord,0.338981
6-coord,0.627299
6-coord,0.240942
6-coord,0.655215
6-coord,0.115129
6-coord,0.446283
6-coord,0.250622
6-coord,0.585969
6-coord,0.361363
6-coord,0.551397
6-coord,0.42524
6-coord,0.474818
6-coord,0.139472
6-coord,0.621024
6-coord,0.13909
6-coord,0.63624
6-coord,0.315228
6-coord,0.631244
6-coord,0.15158
6-coord,0.464841
6-coord,0.237295
6-coord,0.632721
6-coord,0.145899
6-coord,0.427784
6-coord,0.258582
6-coord,0.505438
6-coord,0.279247
6-coord,0.248976
6-coord,0.291295
6-coord,0.312836
6-coord,0.451897
6-coord,0.504268
6-coord,0.421357
6-coord,0.670913
6-coord,0.500722
6-coord,0.542239
6-coord,0.39377
6-coord,0.34478
6-coord,0.42667
6-coord,0.498539
6-coord,0.545862
6-coord,0.387029
6-coord,0.353629
6-coord,0.519172
6-coord,0.298277
6-coord,0.564933
6-coord,0.400936
6-coord,0.388516
6-coord,0.32147
6-coord,0.573676
6-coord,0.455979
6-coord,0.365092
6-coord,0.453481
6-coord,0.381248
6-coord,0.49826
6-coord,0.510841
6-coord,0.545559
6-coord,0.339632
6-coord,0.298967
6-coord,0.267014
6-coord,0.450379
6-coord,0.58245
6-coord,0.48379
6-coord,0.311856
6-coord,0.327925
6-coord,0.433141
6-coord,0.308727
6-coord,0.409683
6-coord,0.312395
6-coord,0.480778
6-coord,0.352224
6-coord,0.396029
6-coord,0.453915
6-coord,0.369428
6-coord,0.527951
6-coord,0.575128
6-coord,0.362342
6-coord,0.375434
6-coord,0.197272
6-coord,0.435616
6-coord,0.351126
6-coord,0.391126
6-coord,0.563345
6-coord,0.151256
6-coord,0.627343
6-coord,0.289472
6-coord,0.598322
6-coord,0.333827
6-coord,0.504905
6-coord,0.173281
6-coord,0.572187
6-coord,0.086645
6-coord,0.276839
6-coord,0.099463
6-coord,0.495468
6-coord,0.163863
6-coord,0.298439
6-coord,0.304295
6-coord,0.493035
6-coord,0.317957
6-coord,0.481035
6-coord,0.233154
6-coord,0.706365
6-coord,0.217687
6-coord,0.467196
6-coord,0.222317
6-coord,0.563052
6-coord,0.276254
6-coord,0.51379
6-coord,0.345198
6-coord,0.512092
6-coord,0.242533
6-coord,0.466038
6-coord,0.298288
6-coord,0.456118
6-coord,0.124996
6-coord,0.232513
6-coord,0.590634
6-coord,0.298865
6-coord,0.138433
6-coord,0.261449
6-coord,0.376361
6-coord,0.315477
6-coord,0.527171
6-coord,0.288502
6-coord,0.475512
6-coord,0.513318
6-coord,0.3127
6-coord,0.383471
6-coord,0.388373
6-coord,0.437827
6-coord,0.484634
6-coord,0.381564
6-coord,0.486017
6-coord,0.427907
6-coord,0.505391
6-coord,0.306076
6-coord,0.501058
6-coord,0.322725
6-coord,0.448493
6-coord,0.29375
6-coord,0.399744
6-coord,0.358434
6-coord,0.440752
6-coord,0.318572
6-coord,0.439377
6-coord,0.213553
6-coord,0.569471
6-coord,0.33253
6-coord,0.410736
6-coord,0.402985
6-coord,0.392854
6-coord,0.219625
6-coord,0.531843
6-coord,0.328899
6-coord,0.263957
6-coord,0.329412
6-coord,0.545105
6-coord,0.192771
6-coord,0.421395
6-coord,0.377787
6-coord,0.536752
6-coord,0.443447
6-coord,0.311654
6-coord,0.53873
6-coord,0.151927
6-coord,0.480621
6-coord,0.548334
6-coord,0.50578
6-coord,0.446283
6-coord,0.357184
6-coord,0.452606
6-coord,0.536495
6-coord,0.364904
6-coord,0.54043
6-coord,0.155174
6-coord,0.477403
6-coord,0.371973
6-coord,0.456024
6-coord,0.309671
6-coord,0.610705
6-coord,0.156721
6-coord,0.465606
6-coord,0.294365
6-coord,0.480132
6-coord,0.417749
6-coord,0.507053
6-coord,0.217123
6-coord,0.625696
6-coord,0.3711
6-coord,0.530686
6-coord,0.185444
6-coord,0.565903
6-coord,0.333616
6-coord,0.638704
6-coord,0.312632
6-coord,0.527114
6-coord,0.353859
6-coord,0.725599
6-coord,0.229352
6-coord,0.397433
6-coord,0.259754
6-coord,0.619382
6-coord,0.315954
6-coord,0.480249
6-coord,0.379529
6-coord,0.573849
6-coord,0.287158
6-coord,0.319049
6-coord,0.540888
6-coord,0.291346
6-coord,0.315272
6-coord,0.581008
6-coord,0.240312
6-coord,0.454559
6-coord,0.530154
6-coord,0.3371
6-coord,0.525235
6-coord,0.528529
6-coord,0.206261
6-coord,0.401334
6-coord,0.422587
6-coord,0.302098
6-coord,0.452616
6-coord,0.418706
6-coord,0.353296
6-coord,0.390589
6-coord,0.486417
6-coord,0.539603
6-coord,0.470785
6-coord,0.428303
6-coord,0.529491
6-coord,0.285351
6-coord,0.501711
6-coord,0.343009
6-coord,0.416672
6-coord,0.37441
6-coord,0.325952
6-coord,0.339615
6-coord,0.367082
6-coord,0.290158
6-coord,0.319201
6-coord,0.339411
6-coord,0.285649
6-coord,0.443163
6-coord,0.393782
6-coord,0.285474
6-coord,0.400828
6-coord,0.480272
6-coord,0.602933
6-coord,0.295077
6-coord,0.333122
6-coord,0.349267
6-coord,0.432608
6-coord,0.456864
6-coord,0.242519
6-coord,0.486427
6-coord,0.293156
6-coord,0.591295
6-coord,0.518526
6-coord,0.467987
6-coord,0.524489
6-coord,0.41475
6-coord,0.52615
6-coord,0.444787
6-coord,0.121223
6-coord,0.615007
6-coord,0.136641
6-coord,0.601721
6-coord,0.242018
6-coord,0.413717
6-coord,0.127976
6-coord,0.546448
6-coord,0.164976
6-coord,0.478281
6-coord,0.373475
6-coord,0.542223
6-coord,0.312454
6-coord,0.662832
6-coord,0.281818
6-coord,0.431259
6-coord,0.34276
6-coord,0.45949
6-coord,0.236523
6-coord,0.598074
6-coord,0.177953
6-coord,0.457423
6-coord,0.252038
6-coord,0.557332
6-coord,0.28363
6-coord,0.518514
6-coord,0.39945
6-coord,0.419451
6-coord,0.316616
6-coord,0.593144
6-coord,0.368888
6-coord,0.616423
6-coord,0.36818
6-coord,0.51494
6-coord,0.187661
6-coord,0.453041
6-coord,0.660778
6-coord,0.23511
6-coord,0.334697
6-coord,0.334876
6-coord,0.299578
6-coord,0.428626
6-coord,0.17462
6-coord,0.39616
6-coord,0.412296
6-coord,0.448308
6-coord,0.371793
6-coord,0.358966
6-coord,0.346296
6-coord,0.362363
6-coord,0.496982
6-coord,0.267684
6-coord,0.292294
6-coord,0.404327
6-coord,0.365557
6-coord,0.269224
6-coord,0.53114
6-coord,0.328407
6-coord,0.401749
6-coord,0.331029
6-coord,0.268762
6-coord,0.286179
6-coord,0.427429
6-coord,0.361352
6-coord,0.410309
6-coord,0.140664
6-coord,0.197651
6-coord,0.494747
6-coord,0.263652
6-coord,0.316648
6-coord,0.415848
6-coord,0.28423
6-coord,0.382569
6-coord,0.42367
6-coord,0.252949
6-coord,0.201886
6-coord,0.407648
6-coord,0.406517
6-coord,0.32938
6-coord,0.368393
6-coord,0.482572
6-coord,0.448016
6-coord,0.295069
6-coord,0.420688
6-coord,0.35346
6-coord,0.463866
6-coord,0.403519
6-coord,0.635985
6-coord,0.465639
6-coord,0.255364
6-coord,0.43621
6-coord,0.363422
6-coord,0.249186
6-coord,0.674064
6-coord,0.335995
6-coord,0.589671
6-coord,0.186376
6-coord,0.550969
6-coord,0.29867
6-coord,0.456302
6-coord,0.248771
6-coord,0.502652
6-coord,0.385971
6-coord,0.537408
6-coord,0.330585
6-coord,0.5717
6-coord,0.352612
6-coord,0.476783
6-coord,0.251501
6-coord,0.665515
6-coord,0.394242
6-coord,0.666594
6-coord,0.349606
6-coord,0.477054
6-coord,0.244025
6-coord,0.346242
6-coord,0.239696
6-coord,0.701847
6-coord,0.248297
6-coord,0.483484
6-coord,0.345234
6-coord,0.435987
6-coord,0.319633
6-coord,0.559524
6-coord,0.164366
6-coord,0.636081
6-coord,0.592585
6-coord,0.34613
6-coord,0.550654
6-coord,0.320833
6-coord,0.238992
6-coord,0.256755
6-coord,0.112222
6-coord,0.252402
6-coord,0.496571
6-coord,0.496703
6-coord,0.403851
6-coord,0.355527
6-coord,0.392876
6-coord,0.332794
6-coord,0.349824
6-coord,0.571959
6-coord,0.418654
6-coord,0.384662
6-coord,0.435269
6-coord,0.339776
6-coord,0.32274
6-coord,0.110094
6-coord,0.262613
6-coord,0.151217
6-coord,0.450528
6-coord,0.302246
6-coord,0.440491
6-coord,0.387925
6-coord,0.502411
6-coord,0.402274
6-coord,0.474465
6-coord,0.223339
6-coord,0.342325
6-coord,0.420056
6-coord,0.400943
6-coord,0.290848
6-coord,0.291662
6-coord,0.390811
6-coord,0.434125
6-coord,0.353827
6-coord,0.436232
6-coord,0.13618
6-coord,0.51439
6-coord,0.203781
6-coord,0.311647
6-coord,0.451323
6-coord,0.318409
6-coord,0.347078
6-coord,0.378614
6-coord,0.490646
6-coord,0.149909
6-coord,0.342122
6-coord,0.518322
6-coord,0.542248
6-coord,0.233648
6-coord,0.239046
6-coord,0.3979
6-coord,0.511872
6-coord,0.25402
6-coord,0.52729
6-coord,0.43327
6-coord,0.45067
6-coord,0.285598
6-coord,0.438864
6-coord,0.33718
6-coord,0.429539
6-coord,0.109838
6-coord,0.609397
6-coord,0.227706
6-coord,0.334269
6-coord,0.292397
6-coord,0.355862
6-coord,0.31006
6-coord,0.43073
6-coord,0.291342
6-coord,0.459105
6-coord,0.326907
6-coord,0.560261
6-coord,0.263345
6-coord,0.658293
6-coord,0.333795
6-coord,0.539578
6-coord,0.263666
6-coord,0.39436
6-coord,0.162416
6-coord,0.449423
6-coord,0.272817
6-coord,0.562756
6-coord,0.248078
6-coord,0.39266
6-coord,0.288142
6-coord,0.561753
6-coord,0.276641
6-coord,0.320446
6-coord,0.67476
6-coord,0.328889
6-coord,0.140269
6-coord,0.272674
6-coord,0.301577
6-coord,0.315689
6-coord,0.397659
6-coord,0.301209
6-coord,0.331286
6-coord,0.387718
6-coord,0.283911
6-coord,0.336919
6-coord,0.253255
6-coord,0.299055
6-coord,0.396192
6-coord,0.454962
6-coord,0.289092
6-coord,0.297097
6-coord,0.430843
6-coord,0.341965
6-coord,0.326076
6-coord,0.410006
6-coord,0.467113
6-coord,0.201978
6-coord,0.300765
6-coord,0.143
6-coord,0.287283
6-coord,0.241515
6-coord,0.311525
6-coord,0.208514
6-coord,0.305013
6-coord,0.241884
6-coord,0.331843
6-coord,0.383659
6-coord,0.39626
6-coord,0.291191
6-coord,0.276847
6-coord,0.279049
6-coord,0.386064
6-coord,0.249836
6-coord,0.519431
6-coord,0.242551
6-coord,0.498348
6-coord,0.387199
6-coord,0.305869
6-coord,0.357946
6-coord,0.336887
6-coord,0.470705
6-coord,0.297765
6-coord,0.334326
6-coord,0.338182
6-coord,0.440004
6-coord,0.438723
6-coord,0.339586
6-coord,0.51445
6-coord,0.437808
6-coord,0.338535
6-coord,0.515502
6-coord,0.210829
6-coord,0.403431
6-coord,0.196319
6-coord,0.48949
6-coord,0.251247
6-coord,0.310015
6-coord,0.071098
6-coord,0.199812
6-coord,0.162039
6-coord,0.501711
6-coord,0.276679
6-coord,0.295233
6-coord,0.095299
6-coord,0.398296
6-coord,0.242601
6-coord,0.531623
6-coord,0.172758
6-coord,0.519481
6-coord,0.15218
6-coord,0.543561
6-coord,0.261536
6-coord,0.501849
6-coord,0.066081
6-coord,0.502375
6-coord,0.267083
6-coord,0.318755
6-coord,0.452745
6-coord,0.406015
6-coord,0.136932
6-coord,0.506171
6-coord,0.27701
6-coord,0.501531
6-coord,0.28437
6-coord,0.220972
6-coord,0.497624
6-coord,0.162637
6-coord,0.074345
6-coord,0.319703
6-coord,0.213842
6-coord,0.377732
6-coord,0.288901
6-coord,0.440796
6-coord,0.38945
6-coord,0.485512
6-coord,0.162802
6-coord,0.384064
6-coord,0.347803
6-coord,0.311157
6-coord,0.400766
6-coord,0.300044
6-coord,0.473166
6-coord,0.273107
6-coord,0.53217
6-coord,0.367505
6-coord,0.226927
6-coord,0.397963
6-coord,0.499919
6-coord,0.3152
6-coord,0.404401
6-coord,0.270916
6-coord,0.549523
6-coord,0.407288
6-coord,0.370918
6-coord,0.255466
6-coord,0.280209
6-coord,0.295931
6-coord,0.311591
6-coord,0.241103
6-coord,0.391978
6-coord,0.343751
6-coord,0.167645
6-coord,0.068707
6-coord,0.402141
6-coord,0.300279
6-coord,0.321872
6-coord,0.257781
6-coord,0.487667
6-coord,0.473318
6-coord,0.383953
6-coord,0.305937
6-coord,0.264405
6-coord,0.400849
6-coord,0.209022
6-coord,0.497484
6-coord,0.347577
6-coord,0.477061
6-coord,0.469451
6-coord,0.294521
6-coord,0.481788
6-coord,0.241737
6-coord,0.199423
6-coord,0.449193
6-coord,0.202755
6-coord,0.385925
6-coord,0.278425
6-coord,0.42704
6-coord,0.219628
6-coord,0.38611
6-coord,0.150639
6-coord,0.321246
6-coord,0.201924
6-coord,0.41144
6-coord,0.175348
6-coord,0.453494
6-coord,0.178992
6-coord,0.44638
6-coord,0.319061
6-coord,0.450934
6-coord,0.283022
6-coord,0.324569
6-coord,0.198511
6-coord,0.458777
6-coord,0.408128
6-coord,0.284435
6-coord,0.207791
6-coord,0.41022
6-coord,0.291289
6-coord,0.398051
6-coord,0.118083
6-coord,0.480437
6-coord,0.273601
6-coord,0.411803
6-coord,0.40465
6-coord,0.5559
6-coord,0.285692
6-coord,0.247342
6-coord,0.542562
6-coord,0.241481
6-coord,0.300141
6-coord,0.21182
6-coord,0.508408
6-coord,0.472051
6-coord,0.366087
6-coord,0.369857
6-coord,0.4466
6-coord,0.394498
6-coord,0.55472
6-coord,0.411002
6-coord,0.388938
6-coord,0.260662
6-coord,0.409955
6-coord,0.423501
6-coord,0.3683
6-coord,0.538347
6-coord,0.285648
6-coord,0.473978
6-coord,0.438208
6-coord,0.44277
6-coord,0.325645
6-coord,0.343623
6-coord,0.406459
6-coord,0.595454
6-coord,0.266503
6-coord,0.267022
6-coord,0.234963
6-coord,0.513521
6-coord,0.333858
6-coord,0.383277
6-coord,0.410413
6-coord,0.435583
6-coord,0.350636
6-coord,0.320377
6-coord,0.318869
6-coord,0.285695
6-coord,0.305924
6-coord,0.404031
6-coord,0.407168
6-coord,0.45608
6-coord,0.354444
6-coord,0.414681
6-coord,0.393605
6-coord,0.128178
6-coord,0.37821
6-coord,0.332135
6-coord,0.388187
6-coord,0.390051
6-coord,0.313886
6-coord,0.480028
6-coord,0.159857
6-coord,0.437229
6-coord,0.377997
6-coord,0.250076
6-coord,0.490315
6-coord,0.184078
6-coord,0.463693
6-coord,0.149738
6-coord,0.476764
6-coord,0.155747
6-coord,0.329416
6-coord,0.18491
6-coord,0.566138
6-coord,0.372273
6-coord,0.190478
6-coord,0.379627
6-coord,0.389732
6-coord,0.29689
6-coord,0.507258
6-coord,0.29277
6-coord,0.446668
6-coord,0.240065
6-coord,0.331526
6-coord,0.312182
6-coord,0.374253
6-coord,0.090847
6-coord,0.480622
6-coord,0.230504
6-coord,0.615702
6-coord,0.316508
6-coord,0.448328
6-coord,0.295383
6-coord,0.348354
6-coord,0.205727
6-coord,0.49908
6-coord,0.248182
6-coord,0.6242
6-coord,0.138354
6-coord,0.247446
6-coord,0.709821
6-coord,0.443642
6-coord,0.109959
6-coord,0.152316
6-coord,0.227028
6-coord,0.405321
6-coord,0.386066
6-coord,0.444583
6-coord,0.488163
6-coord,0.4982
6-coord,0.410707
6-coord,0.33673
6-coord,0.330485
6-coord,0.40101
6-coord,0.386746
6-coord,0.447496
6-coord,0.503508
6-coord,0.47622
6-coord,0.527934
6-coord,0.502852
6-coord,0.705626
6-coord,0.322892
6-coord,0.467692
6-coord,0.530354
6-coord,0.378632
6-coord,0.269372
6-coord,0.501941
6-coord,0.407558
6-coord,0.465495
6-coord,0.28239
6-coord,0.459619
6-coord,0.42588
6-coord,0.496145
6-coord,0.349398
6-coord,0.352595
6-coord,0.487329
6-coord,0.282127
6-coord,0.246427
6-coord,0.297343
6-coord,0.21121
6-coord,0.329036
6-coord,0.488697
6-coord,0.197486
6-coord,0.284609
6-coord,0.327152
6-coord,0.251904
6-coord,0.252921
6-coord,0.382264
6-coord,0.274058
6-coord,0.277451
6-coord,0.408833
6-coord,0.303768
6-coord,0.393996
6-coord,0.171122
6-coord,0.36375
6-coord,0.512825
6-coord,0.335043
6-coord,0.369595
6-coord,0.107209
6-coord,0.575099
6-coord,0.172382
6-coord,0.616354
6-coord,0.229263
6-coord,0.4148
6-coord,0.214374
6-coord,0.418657
6-coord,0.268052
6-coord,0.395819
6-coord,0.151097
6-coord,0.499178
6-coord,0.140326
6-coord,0.339168
6-coord,0.285109
6-coord,0.505084
6-coord,0.197113
6-coord,0.382608
6-coord,0.263476
6-coord,0.448138
6-coord,0.332502
6-coord,0.544681
6-coord,0.325505
6-coord,0.506996
6-coord,0.220015
6-coord,0.437954
6-coord,0.265293
6-coord,0.42013
6-coord,0.255896
6-coord,0.256186
6-coord,0.340661
6-coord,0.400783
6-coord,0.239882
6-coord,0.421184
6-coord,0.511302
6-coord,0.275738
6-coord,0.27025
6-coord,0.374403
6-coord,0.222712
6-coord,0.555831
6-coord,0.414499
6-coord,0.371437
6-coord,0.623765
6-coord,0.495389
6-coord,0.530456
6-coord,0.433466
6-coord,0.466115
6-coord,0.476952
6-coord,0.47026
6-coord,0.339563
6-coord,0.563962
6-coord,0.36449
6-coord,0.548282
6-coord,0.316981
6-coord,0.463626
6-coord,0.347567
6-coord,0.472369
6-coord,0.257458
6-coord,0.580234
6-coord,0.381194
6-coord,0.44174
6-coord,0.428331
6-coord,0.353489
6-coord,0.279506
6-coord,0.420851
6-coord,0.469842
6-coord,0.409372
6-coord,0.369229
6-coord,0.358344
6-coord,0.371312
6-coord,0.397412
6-coord,0.137995
6-coord,0.368377
6-coord,0.202186
6-coord,0.453068
6-coord,0.230508
6-coord,0.352118
6-coord,0.324571
6-coord,0.324694
6-coord,0.374559
6-coord,0.232434
6-coord,0.314047
6-coord,0.153372
6-coord,0.425526
6-coord,0.392873
6-coord,0.282862
6-coord,0.359342
6-coord,0.299825
6-coord,0.473308
6-coord,0.412916
6-coord,0.198191
6-coord,0.396243
6-coord,0.215878
6-coord,0.621957
6-coord,0.110711
6-coord,0.360013
6-coord,0.144545
6-coord,0.381333
6-coord,0.123618
6-coord,0.369761
6-coord,0.402987
6-coord,0.248809
6-coord,0.23175
6-coord,0.363602
6-coord,0.303601
6-coord,0.430652
6-coord,0.281168
6-coord,0.555754
6-coord,0.314129
6-coord,0.659964
6-coord,0.216158
6-coord,0.469697
6-coord,0.320165
6-coord,0.637063
6-coord,0.228891
6-coord,0.398732
6-coord,0.207076
6-coord,0.475182
6-coord,0.302781
6-coord,0.324557
6-coord,0.213132
6-coord,0.388524
6-coord,0.222149
6-coord,0.583794
6-coord,0.360423
6-coord,0.328118
6-coord,0.496801
6-coord,0.258185
6-coord,0.117683
6-coord,0.203191
6-coord,0.346375
6-coord,0.511762
6-coord,0.398692
6-coord,0.555213
6-coord,0.412532
6-coord,0.414154
6-coord,0.370269
6-coord,0.434401
6-coord,0.343334
6-coord,0.339667
6-coord,0.461308
6-coord,0.411898
6-coord,0.304942
6-coord,0.39983
6-coord,0.370642
6-coord,0.421133
6-coord,0.32068
6-coord,0.407517
6-coord,0.172498
6-coord,0.358918
6-coord,0.364203
6-coord,0.369968
6-coord,0.498487
6-coord,0.320069
6-coord,0.310335
6-coord,0.385224
6-coord,0.483406
6-coord,0.412011
6-coord,0.446438
6-coord,0.340628
6-coord,0.216909
6-coord,0.225221
6-coord,0.289267
6-coord,0.411423
6-coord,0.421588
6-coord,0.370669
6-coord,0.28831
6-coord,0.641923
6-coord,0.293126
6-coord,0.453057
6-coord,0.328407
6-coord,0.207355
6-coord,0.286619
6-coord,0.161663
6-coord,0.297645
6-coord,0.438303
6-coord,0.295409
6-coord,0.417848
6-coord,0.21083
6-coord,0.274811
6-coord,0.360018
6-coord,0.229301
6-coord,0.542647
6-coord,0.172741
6-coord,0.412722
6-coord,0.251887
6-coord,0.549473
6-coord,0.33982
6-coord,0.561342
6-coord,0.086906
6-coord,0.388582
6-coord,0.257313
6-coord,0.393044
6-coord,0.177102
6-coord,0.335114
6-coord,0.283532
6-coord,0.276059
6-coord,0.16205
6-coord,0.43752
6-coord,0.23738
6-coord,0.604598
6-coord,0.139061
6-coord,0.465398
6-coord,0.193859
6-coord,0.476357
6-coord,0.238754
6-coord,0.501174
6-coord,0.285009
6-coord,0.442625
6-coord,0.307301
6-coord,0.387794
6-coord,0.121999
6-coord,0.399742
6-coord,0.444632
6-coord,0.501977
6-coord,0.296955
6-coord,0.261118
6-coord,0.501984
6-coord,0.19508
6-coord,0.16924
6-coord,0.37059
6-coord,0.18356
6-coord,0.587511
6-coord,0.342795
6-coord,0.253402
6-coord,0.506381
6-coord,0.315601
6-coord,0.374012
6-coord,0.278972
6-coord,0.435405
6-coord,0.35722
6-coord,0.249927
6-coord,0.481522
6-coord,0.386555
6-coord,0.278218
6-coord,0.452273
6-coord,0.392429
6-coord,0.516587
6-coord,0.190847
6-coord,0.645041
6-coord,0.387888
6-coord,0.43936
6-coord,0.373355
6-coord,0.680332
6-coord,0.302896
6-coord,0.430008
6-coord,0.276383
6-coord,0.344442
6-coord,0.369515
6-coord,0.270604
6-coord,0.494021
6-coord,0.448223
6-coord,0.208854
6-coord,0.591847
6-coord,0.41204
6-coord,0.52109
6-coord,0.235584
6-coord,0.552536
6-coord,0.15277
6-coord,0.468048
6-coord,0.195425
6-coord,0.508343
6-coord,0.363817
6-coord,0.105671
6-coord,0.305226
6-coord,0.214967
6-coord,0.487554
6-coord,0.36953
6-coord,0.43642
6-coord,0.316335
6-coord,0.173124
6-coord,0.426948
6-coord,0.465714
6-coord,0.214346
6-coord,0.49266
6-coord,0.045235
6-coord,0.491718
6-coord,0.213458
6-coord,0.4471
6-coord,0.139351
6-coord,0.387139
6-coord,0.144047
6-coord,0.436202
6-coord,0.268946
6-coord,0.393344
6-coord,0.260108
6-coord,0.591516
6-coord,0.146144
6-coord,0.329528
6-coord,0.182105
6-coord,0.363719
6-coord,0.166607
6-coord,0.543461
6-coord,0.125927
6-coord,0.443949
6-coord,0.260405
6-coord,0.575078
6-coord,0.17407
6-coord,0.439809
6-coord,0.259873
6-coord,0.326309
6-coord,0.137187
6-coord,0.414163
6-coord,0.201455
6-coord,0.333479
6-coord,0.374505
6-coord,0.586877
6-coord,0.416281
6-coord,0.203763
6-coord,0.600362
6-coord,0.331239
6-coord,0.320543
6-coord,0.258397
6-coord,0.487722
6-coord,0.41767
6-coord,0.298201
6-coord,0.395293
6-coord,0.5849
6-coord,0.31408
6-coord,0.509909
6-coord,0.483805
6-coord,0.336546
6-coord,0.486623
6-coord,0.518814
6-coord,0.519345
6-coord,0.293025
6-coord,0.241384
6-coord,0.351407
6-coord,0.350266
6-coord,0.252708
6-coord,0.397772
6-coord,0.183075
6-coord,0.537005
6-coord,0.326323
6-coord,0.54856
6-coord,0.305211
6-coord,0.544341
6-coord,0.366124
6-coord,0.398629
6-coord,0.481023
6-coord,0.313913
6-coord,0.147821
6-coord,0.38156
6-coord,0.249513
6-coord,0.312425
6-coord,0.305299
6-coord,0.458539
6-coord,0.37705
6-coord,0.392797
6-coord,0.106778
6-coord,0.366117
6-coord,0.438386
6-coord,0.336431
6-coord,0.443847
6-coord,0.105288
6-coord,0.581177
6-coord,0.064214
6-coord,0.530089
6-coord,0.507671
6-coord,0.499185
6-coord,0.388916
6-coord,0.175232
6-coord,0.4266
6-coord,0.397517
6-coord,0.142269
6-coord,0.470711
6-coord,0.226583
6-coord,0.562566
6-coord,0.320721
6-coord,0.575315
6-coord,0.28168
6-coord,0.527318
6-coord,0.309547
6-coord,0.492333
6-coord,0.167135
6-coord,0.431105
6-coord,0.184244
6-coord,0.581543
6-coord,0.265201
6-coord,0.403657
6-coord,0.237293
6-coord,0.501059
6-coord,0.167642
6-coord,0.612786
6-coord,0.18398
6-coord,0.466317
6-coord,0.433492
6-coord,0.504239
6-coord,0.264767
6-coord,0.491341
6-coord,0.229397
6-coord,0.535509
6-coord,0.209902
6-coord,0.50415
6-coord,0.266819
6-coord,0.50672
6-coord,0.169133
6-coord,0.558614
6-coord,0.328593
6-coord,0.108294
6-coord,0.385011
6-coord,0.251862
6-coord,0.28491
6-coord,0.432211
6-coord,0.218495
6-coord,0.5321
6-coord,0.432283
6-coord,0.531907
6-coord,0.447591
6-coord,0.403277
6-coord,0.246414
6-coord,0.42499
6-coord,0.494959
6-coord,0.324901
6-coord,0.518784
6-coord,0.291249
6-coord,0.400085
6-coord,0.298295
6-coord,0.353933
6-coord,0.471847
6-coord,0.352717
6-coord,0.189054
6-coord,0.468671
6-coord,0.314109
6-coord,0.504545
6-coord,0.183046
6-coord,0.405202
6-coord,0.259448
6-coord,0.389566
6-coord,0.375567
6-coord,0.473677
6-coord,0.381525
6-coord,0.446148
6-coord,0.396686
6-coord,0.229584
6-coord,0.239811
6-coord,0.350222
6-coord,0.221259
6-coord,0.359888
6-coord,0.228687
6-coord,0.277906
6-coord,0.253015
6-coord,0.403847
6-coord,0.352535
6-coord,0.396734
6-coord,0.360962
6-coord,0.206144
6-coord,0.308116
6-coord,0.249586
6-coord,0.51397
6-coord,0.367626
6-coord,0.467211
6-coord,0.363374
6-coord,0.102588
6-coord,0.497083
6-coord,0.415218
6-coord,0.188024
6-coord,0.515936
6-coord,0.190661
6-coord,0.728709
6-coord,0.183864
6-coord,0.405176
6-coord,0.146258
6-coord,0.604344
6-coord,0.123703
6-coord,0.620406
6-coord,0.167724
6-coord,0.405264
6-coord,0.102492
6-coord,0.449673
6-coord,0.299996
6-coord,0.409192
6-coord,0.255
6-coord,0.420949
6-coord,0.201979
6-coord,0.513497
6-coord,0.471537
6-coord,0.622165
6-coord,0.314321
6-coord,0.491828
6-coord,0.174163
6-coord,0.522412
6-coord,0.236459
6-coord,0.469532
6-coord,0.281008
6-coord,0.585518
6-coord,0.159302
6-coord,0.562533
6-coord,0.305241
6-coord,0.548994
6-coord,0.206289
6-coord,0.062686
6-coord,0.661215
6-coord,0.186241
6-coord,0.297895
6-coord,0.203399
6-coord,0.3639
6-coord,0.42499
6-coord,0.415434
6-coord,0.317871
6-coord,0.501888
6-coord,0.453367
6-coord,0.376167
6-coord,0.370245
6-coord,0.432685
6-coord,0.396959
6-coord,0.634107
6-coord,0.400992
6-coord,0.534432
6-coord,0.478507
6-coord,0.225658
6-coord,0.46724
6-coord,0.279769
6-coord,0.486996
6-coord,0.287479
6-coord,0.44931
6-coord,0.239942
6-coord,0.587396
6-coord,0.435676
6-coord,0.376362
6-coord,0.302722
6-coord,0.481645
6-coord,0.406436
6-coord,0.351735
6-coord,0.208719
6-coord,0.469104
6-coord,0.351766
6-coord,0.380812
6-coord,0.126017
6-coord,0.492184
6-coord,0.309208
6-coord,0.420347
6-coord,0.26797
6-coord,0.43164
6-coord,0.361152
6-coord,0.303241
6-coord,0.493404
6-coord,0.325244
6-coord,0.557697
6-coord,0.166092
6-coord,0.508677
6-coord,0.456466
6-coord,0.452141
6-coord,0.591528
6-coord,0.193375
6-coord,0.414265
6-coord,0.489977
6-coord,0.381006
6-coord,0.268317
6-coord,0.075326
6-coord,0.4322
6-coord,0.328299
6-coord,0.482094
6-coord,0.317506
6-coord,0.392767
6-coord,0.193895
6-coord,0.453838
6-coord,0.129755
6-coord,0.366057
6-coord,0.207689
6-coord,0.446964
6-coord,0.353127
6-coord,0.54632
6-coord,0.325568
6-coord,0.628016
6-coord,0.126854
6-coord,0.481235
6-coord,0.378901
6-coord,0.493306
6-coord,0.186129
6-coord,0.605874
6-coord,0.312836
6-coord,0.549534
6-coord,0.282936
6-coord,0.369463
6-coord,0.29796
6-coord,0.408893
6-coord,0.388109
6-coord,0.530672
6-coord,0.317111
6-coord,0.549772
6-coord,0.307127
6-coord,0.309177
6-coord,0.548479
6-coord,0.352954
6-coord,0.164558
6-coord,0.349786
6-coord,0.066025
6-coord,0.523261
6-coord,0.465886
6-coord,0.248363
6-coord,0.591843
6-coord,0.382441
6-coord,0.35599
6-coord,0.450156
6-coord,0.316014
6-coord,0.436751
6-coord,0.3102
6-coord,0.407659
6-coord,0.354153
6-coord,0.484053
6-coord,0.576441
6-coord,0.305877
6-coord,0.698523
6-coord,0.410046
6-coord,0.378451
6-coord,0.231008
6-coord,0.486747
6-coord,0.321314
6-coord,0.389435
6-coord,0.404015
6-coord,0.379933
6-coord,0.281402
6-coord,0.358175
6-coord,0.29214
6-coord,0.511556
6-coord,0.272456
6-coord,0.373686
6-coord,0.300965
6-coord,0.555866
6-coord,0.159419
6-coord,0.434236
6-coord,0.477119
6-coord,0.428086
6-coord,0.47235
6-coord,0.491821
6-coord,0.326691
6-coord,0.417038
6-coord,0.404917
6-coord,0.206801
6-coord,0.384249
6-coord,0.150229
6-coord,0.225424
6-coord,0.259525
6-coord,0.132869
6-coord,0.530191
6-coord,0.347445
6-coord,0.390678
6-coord,0.406124
6-coord,0.289462
6-coord,0.261551
6-coord,0.172484
6-coord,0.458038
6-coord,0.349473
6-coord,0.382829
6-coord,0.361541
6-coord,0.254668
6-coord,0.210407
6-coord,0.308175
6-coord,0.305785
6-coord,0.338875
6-coord,0.220771
6-coord,0.429031
6-coord,0.187336
6-coord,0.542996
6-coord,0.166443
6-coord,0.365232
6-coord,0.315973
6-coord,0.341339
6-coord,0.322228
6-coord,0.442919
6-coord,0.308562
6-coord,0.253682
6-coord,0.239866
6-coord,0.371596
6-coord,0.394197
6-coord,0.274316
6-coord,0.275704
6-coord,0.468933
6-coord,0.466675
6-coord,0.53133
6-coord,0.359797
6-coord,0.455582
6-coord,0.464431
6-coord,0.419432
6-coord,0.534323
6-coord,0.336847
6-coord,0.17391
6-coord,0.163789
6-coord,0.104449
6-coord,0.395327
6-coord,0.087693
6-coord,0.325192
6-coord,0.663793
6-coord,0.384383
6-coord,0.392016
6-coord,0.19284
6-coord,0.548586
6-coord,0.450323
6-coord,0.461709
6-coord,0.19114
6-coord,0.406348
6-coord,0.270951
6-coord,0.546593
6-coord,0.223721
6-coord,0.578344
6-coord,0.086648
6-coord,0.430265
6-coord,0.176905
6-coord,0.502387
6-coord,0.307437
6-coord,0.532851
6-coord,0.136276
6-coord,0.470643
6-coord,0.3234
6-coord,0.406395
6-coord,0.277808
6-coord,0.321285
6-coord,0.173705
6-coord,0.496522
6-coord,0.455415
6-coord,0.475893
6-coord,0.27107
6-coord,0.566073
6-coord,0.149363
6-coord,0.37678
6-coord,0.113661
6-coord,0.410667
6-coord,0.348745
6-coord,0.234758
6-coord,0.316117
6-coord,0.444764
6-coord,0.367766
6-coord,0.547591
6-coord,0.23863
6-coord,0.420494
6-coord,0.315414
6-coord,0.463595
6-coord,0.512458
6-coord,0.316536
6-coord,0.50546
6-coord,0.26719
6-coord,0.363084
6-coord,0.312017
6-coord,0.287113
6-coord,0.159417
6-coord,0.529523
6-coord,0.362494
6-coord,0.388452
6-coord,0.341689
6-coord,0.195605
6-coord,0.298005
6-coord,0.341483
6-coord,0.440158
6-coord,0.484948
6-coord,0.358888
6-coord,0.561998
6-coord,0.46708
6-coord,0.436087
6-coord,0.271677
6-coord,0.227456
6-coord,0.211755
6-coord,0.347842
6-coord,0.377487
6-coord,0.394817
6-coord,0.291309
6-coord,0.319121
6-coord,0.391089
6-coord,0.494912
6-coord,0.32358
6-coord,0.197028
6-coord,0.310019
6-coord,0.401789
6-coord,0.367045
6-coord,0.477152
6-coord,0.502932
6-coord,0.307575
6-coord,0.717319
6-coord,0.168983
6-coord,0.270561
6-coord,0.125928
6-coord,0.379172
6-coord,0.643858
6-coord,0.220185
6-coord,0.338428
6-coord,0.569171
6-coord,0.25391
6-coord,0.477957
6-coord,0.335005
6-coord,0.522925
6-coord,0.296098
6-coord,0.522744
6-coord,0.088344
6-coord,0.411616
6-coord,0.089462
6-coord,0.566454
6-coord,0.323138
6-coord,0.676095
6-coord,0.360734
6-coord,0.426866
6-coord,0.260301
6-coord,0.449156
6-coord,0.250789
6-coord,0.520017
6-coord,0.227062
6-coord,0.511533
6-coord,0.17026
6-coord,0.368528
6-coord,0.383671
6-coord,0.428931
6-coord,0.227333
6-coord,0.423429
6-coord,0.386067
6-coord,0.412876
6-coord,0.235573
6-coord,0.508654
6-coord,0.243177
6-coord,0.370686
6-coord,0.130514
6-coord,0.501677
6-coord,0.502297
6-coord,0.236165
6-coord,0.25759
6-coord,0.360156
6-coord,0.348513
6-coord,0.497204
6-coord,0.210302
6-coord,0.367565
6-coord,0.22047
6-coord,0.488395
6-coord,0.227345
6-coord,0.427166
6-coord,0.349786
6-coord,0.159473
6-coord,0.28605
6-coord,0.266674
6-coord,0.520101
6-coord,0.252414
6-coord,0.39679
6-coord,0.34786
6-coord,0.530388
6-coord,0.408046
6-coord,0.305164
6-coord,0.471004
6-coord,0.398509
6-coord,0.359612
6-coord,0.431366
6-coord,0.298772
6-coord,0.360065
6-coord,0.402857
6-coord,0.332277
6-coord,0.388805
6-coord,0.559602
6-coord,0.387359
6-coord,0.27787
6-coord,0.529228
6-coord,0.394126
6-coord,0.304173
6-coord,0.436157
6-coord,0.502718
6-coord,0.434456
6-coord,0.368375
6-coord,0.461917
6-coord,0.527043
6-coord,0.326855
6-coord,0.311895
6-coord,0.506415
6-coord,0.333699
6-coord,0.401852
6-coord,0.542015
6-coord,0.324548
6-coord,0.361695
6-coord,0.317326
6-coord,0.263966
6-coord,0.496904
6-coord,0.270101
6-coord,0.267905
6-coord,0.541529
6-coord,0.229596
6-coord,0.395014
6-coord,0.31651
6-coord,0.563392
6-coord,0.29257
6-coord,0.324706
6-coord,0.290308
6-coord,0.504375
6-coord,0.219441
6-coord,0.511223
6-coord,0.097809
6-coord,0.447225
6-coord,0.10485
6-coord,0.472633
6-coord,0.172252
6-coord,0.335297
6-coord,0.287284
6-coord,0.416255
6-coord,0.356161
6-coord,0.47757
6-coord,0.302134
6-coord,0.458092
6-coord,0.288457
6-coord,0.534154
6-coord,0.064299
6-coord,0.40038
6-coord,0.138732
6-coord,0.389352
6-coord,0.26595
6-coord,0.470366
6-coord,0.236591
6-coord,0.408404
6-coord,0.269548
6-coord,0.396792
6-coord,0.4061
6-coord,0.280309
6-coord,0.455386
6-coord,0.470194
6-coord,0.393874
6-coord,0.371704
6-coord,0.305317
6-coord,0.303676
6-coord,0.207829
6-coord,0.375084
6-coord,0.310997
6-coord,0.300466
6-coord,0.481609
6-coord,0.426664
6-coord,0.432131
6-coord,0.389272
6-coord,0.532102
6-coord,0.336648
6-coord,0.431903
6-coord,0.328929
6-coord,0.390653
6-coord,0.483728
6-coord,0.441138
6-coord,0.380399
6-coord,0.438103
6-coord,0.202527
6-coord,0.389928
6-coord,0.413701
6-coord,0.477313
6-coord,0.272874
6-coord,0.492395
6-coord,0.305005
6-coord,0.409825
6-coord,0.234134
6-coord,0.636516
6-coord,0.364477
6-coord,0.499047
6-coord,0.360599
6-coord,0.30643
6-coord,0.52105
6-coord,0.651819
6-coord,0.389711
6-coord,0.349226
6-coord,0.424064
6-coord,0.386867
6-coord,0.661735
6-coord,0.632266
6-coord,0.469161
6-coord,0.560562
6-coord,0.38678
6-coord,0.246591
6-coord,0.398391
6-coord,0.29208
6-coord,0.221454
6-coord,0.30503
6-coord,0.275651
6-coord,0.136262
6-coord,0.538745
6-coord,0.278151
6-coord,0.567809
6-coord,0.225958
6-coord,0.51846
6-coord,0.267826
6-coord,0.526634
6-coord,0.286914
6-coord,0.392295
6-coord,0.183194
6-coord,0.480881
6-coord,0.114535
6-coord,0.527236
6-coord,0.129551
6-coord,0.402452
6-coord,0.142931
6-coord,0.450034
6-coord,0.314212
6-coord,0.450603
6-coord,0.238829
6-coord,0.343201
6-coord,0.329069
6-coord,0.554377
6-coord,0.303364
6-coord,0.469184
6-coord,0.173395
6-coord,0.385711
6-coord,0.122306
6-coord,0.388318
6-coord,0.386269
6-coord,0.458506
6-coord,0.113113
6-coord,0.278596
6-coord,0.182645
6-coord,0.400555
6-coord,0.577833
6-coord,0.277416
6-coord,0.282285
6-coord,0.431414
6-coord,0.336788
6-coord,0.49292
6-coord,0.382069
6-coord,0.393147
6-coord,0.441495
6-coord,0.456479
6-coord,0.465508
6-coord,0.384402
6-coord,0.502317
6-coord,0.189287
6-coord,0.501047
6-coord,0.24481
6-coord,0.58856
6-coord,0.311087
6-coord,0.556864
6-coord,0.470534
6-coord,0.594515
6-coord,0.416233
6-coord,0.363031
6-coord,0.487769
6-coord,0.475014
6-coord,0.461101
6-coord,0.582615
6-coord,0.346065
6-coord,0.502783
6-coord,0.23182
6-coord,0.528556
6-coord,0.497337
6-coord,0.571251
6-coord,0.343493
6-coord,0.573274
6-coord,0.319058
6-coord,0.705724
6-coord,0.458869
6-coord,0.562676
6-coord,0.514493
6-coord,0.456786
6-coord,0.332902
6-coord,0.384623
6-coord,0.557541
6-coord,0.522687
6-coord,0.576081
6-coord,0.574952
6-coord,0.325779
6-coord,0.337398
6-coord,0.442437
6-coord,0.207402
6-coord,0.332736
6-coord,0.099527
6-coord,0.156037
6-coord,0.603435
6-coord,0.232222
6-coord,0.357936
6-coord,0.430758
6-coord,0.366223
6-coord,0.433904
6-coord,0.266007
6-coord,0.51079
6-coord,0.347639
6-coord,0.730085
6-coord,0.231368
6-coord,0.48315
6-coord,0.226475
6-coord,0.501351
6-coord,0.236591
6-coord,0.475944
6-coord,0.40832
6-coord,0.410143
6-coord,0.295145
6-coord,0.575808
6-coord,0.087571
6-coord,0.640571
6-coord,0.223107
6-coord,0.500643
6-coord,0.22144
6-coord,0.314798
6-coord,0.126321
6-coord,0.437964
6-coord,0.10757
6-coord,0.328849
6-coord,0.264613
6-coord,0.463379
6-coord,0.305637
6-coord,0.487028
6-coord,0.198676
6-coord,0.390071
6-coord,0.144509
6-coord,0.430009
6-coord,0.346197
6-coord,0.298476
6-coord,0.371245
6-coord,0.408357
6-coord,0.461995
6-coord,0.39664
6-coord,0.488625
6-coord,0.471119
6-coord,0.196361
6-coord,0.429181
6-coord,0.52748
6-coord,0.315884
6-coord,0.389816
6-coord,0.508246
6-coord,0.330439
6-coord,0.238681
6-coord,0.384627
6-coord,0.265637
6-coord,0.399871
6-coord,0.367365
6-coord,0.359238
6-coord,0.373585
6-coord,0.444839
6-coord,0.381185
6-coord,0.319823
6-coord,0.1602
6-coord,0.482038
6-coord,0.37559
6-coord,0.457401
6-coord,0.578287
6-coord,0.471708
6-coord,0.408461
6-coord,0.383501
6-coord,0.463148
6-coord,0.434179
6-coord,0.29889
6-coord,0.548572
6-coord,0.443892
6-coord,0.365251
6-coord,0.305081
6-coord,0.440175
6-coord,0.40127
6-coord,0.529484
6-coord,0.51383
6-coord,0.524539
6-coord,0.454297
6-coord,0.589691
6-coord,0.325193
6-coord,0.497838
6-coord,0.525478
6-coord,0.376872
6-coord,0.339027
6-coord,0.256783
6-coord,0.192059
6-coord,0.533686
6-coord,0.301669
6-coord,0.129503
6-coord,0.497016
6-coord,0.260262
6-coord,0.582419
6-coord,0.339006
6-coord,0.526681
6-coord,0.255278
6-coord,0.362873
6-coord,0.29192
6-coord,0.5178
6-coord,0.284626
6-coord,0.566677
6-coord,0.173226
6-coord,0.590565
6-coord,0.295491
6-coord,0.614225
6-coord,0.260949
6-coord,0.470926
6-coord,0.23528
6-coord,0.305694
6-coord,0.206569
6-coord,0.6578
6-coord,0.149585
6-coord,0.456133
6-coord,0.137832
6-coord,0.437128
6-coord,0.282844
6-coord,0.502466
6-coord,0.151571
6-coord,0.58662
6-coord,0.288387
6-coord,0.469185
6-coord,0.069616
6-coord,0.426637
6-coord,0.27823
6-coord,0.395873
6-coord,0.444514
6-coord,0.219015
6-coord,0.440662
6-coord,0.491893
6-coord,0.55954
6-coord,0.481703
6-coord,0.305798
6-coord,0.294747
6-coord,0.409708
6-coord,0.431574
6-coord,0.293573
6-coord,0.289653
6-coord,0.456104
6-coord,0.296934
6-coord,0.391348
6-coord,0.310537
6-coord,0.264391
6-coord,0.348622
6-coord,0.611723
6-coord,0.433858
6-coord,0.350757
6-coord,0.355801
6-coord,0.371666
6-coord,0.503274
6-coord,0.449282
6-coord,0.416288
6-coord,0.393339
6-coord,0.481729
6-coord,0.439468
6-coord,0.373914
6-coord,0.551404
6-coord,0.487148
6-coord,0.430081
6-coord,0.162818
6-coord,0.673256
6-coord,0.414767
6-coord,0.275708
6-coord,0.557544
6-coord,0.408176
6-coord,0.487729
6-coord,0.448786
6-coord,0.33099
6-coord,0.408056
6-coord,0.414723
6-coord,0.372384
6-coord,0.449174
6-coord,0.437482
6-coord,0.319398
6-coord,0.650769
6-coord,0.468057
6-coord,0.298504
6-coord,0.158245
6-coord,0.284534
6-coord,0.246013
6-coord,0.528644
6-coord,0.29869
6-coord,0.209727
6-coord,0.559803
6-coord,0.368806
6-coord,0.356288
6-coord,0.202237
6-coord,0.340386
6-coord,0.372867
6-coord,0.330041
6-coord,0.23479
6-coord,0.644049
6-coord,0.282092
6-coord,0.463226
6-coord,0.250425
6-coord,0.558338
6-coord,0.245165
6-coord,0.571128
6-coord,0.371211
6-coord,0.684107
6-coord,0.153907
6-coord,0.47661
6-coord,0.148693
6-coord,0.478468
6-coord,0.223273
6-coord,0.306309
6-coord,0.282536
6-coord,0.50425
6-coord,0.048358
6-coord,0.491498
6-coord,0.202577
6-coord,0.459475
6-coord,0.373136
6-coord,0.471232
6-coord,0.427648
6-coord,0.504526
6-coord,0.195742
6-coord,0.624868
6-coord,0.478012
6-coord,0.283504
6-coord,0.303999
6-coord,0.317446
6-coord,0.322696
6-coord,0.581483
6-coord,0.219291
6-coord,0.415897
6-coord,0.286946
6-coord,0.266862
6-coord,0.403228
6-coord,0.409111
6-coord,0.424265
6-coord,0.230364
6-coord,0.507016
6-coord,0.274982
6-coord,0.30686
6-coord,0.246273
6-coord,0.476248
6-coord,0.303205
6-coord,0.634526
6-coord,0.386731
6-coord,0.466488
6-coord,0.485996
6-coord,0.46327
6-coord,0.278347
6-coord,0.515732
6-coord,0.369103
6-coord,0.315702
6-coord,0.349882
6-coord,0.499628
6-coord,0.426531
6-coord,0.361815
6-coord,0.444084
6-coord,0.590485
6-coord,0.517316
6-coord,0.350896
6-coord,0.440101
6-coord,0.439498
6-coord,0.600196
6-coord,0.604003
6-coord,0.427966
6-coord,0.527075
6-coord,0.374105
6-coord,0.699689
6-coord,0.578265
6-coord,0.335387
6-coord,0.472196
6-coord,0.58751
6-coord,0.446777
6-coord,0.315656
6-coord,0.325953
6-coord,0.238623
6-coord,0.323087
6-coord,0.595067
6-coord,0.392797
6-coord,0.381819
6-coord,0.570658
6-coord,0.185344
6-coord,0.444575
6-coord,0.154867
6-coord,0.47985
6-coord,0.143135
6-coord,0.5166
6-coord,0.110052
6-coord,0.607762
6-coord,0.368466
6-coord,0.610495
6-coord,0.25638
6-coord,0.556263
6-coord,0.170328
6-coord,0.603217
6-coord,0.295488
6-coord,0.573919
6-coord,0.295126
6-coord,0.396453
6-coord,0.178979
6-coord,0.53653
6-coord,0.317344
6-coord,0.492413
6-coord,0.119488
6-coord,0.319109
6-coord,0.119396
6-coord,0.524318
6-coord,0.198306
6-coord,0.509861
6-coord,0.259076
6-coord,0.567004
6-coord,0.253328
6-coord,0.479086
6-coord,0.24073
6-coord,0.376753
6-coord,0.472077
6-coord,0.107572
6-coord,0.334342
6-coord,0.357238
6-coord,0.548414
6-coord,0.420237
6-coord,0.181552
6-coord,0.334311
6-coord,0.365377
6-coord,0.38462
6-coord,0.451038
6-coord,0.413768
6-coord,0.325617
6-coord,0.196321
6-coord,0.549382
6-coord,0.306581
6-coord,0.504767
6-coord,0.362076
6-coord,0.530108
6-coord,0.419911
6-coord,0.628655
6-coord,0.314701
6-coord,0.442608
6-coord,0.512502
6-coord,0.326139
6-coord,0.211258
6-coord,0.456985
6-coord,0.345306
6-coord,0.356881
6-coord,0.376252
6-coord,0.392927
6-coord,0.362307
6-coord,0.376097
6-coord,0.334357
6-coord,0.360126
6-coord,0.315871
6-coord,0.484409
6-coord,0.48985
6-coord,0.557315
6-coord,0.697176
6-coord,0.321957
6-coord,0.323299
6-coord,0.426715
6-coord,0.578929
6-coord,0.582912
6-coord,0.460927
6-coord,0.494827
6-coord,0.370026
6-coord,0.425217
6-coord,0.537588
6-coord,0.283536
6-coord,0.2485
6-coord,0.326093
6-coord,0.163538
6-coord,0.543883
6-coord,0.164792
6-coord,0.218772
6-coord,0.642845
6-coord,0.409745
6-coord,0.482974
6-coord,0.22396
6-coord,0.592917
6-coord,0.302249
6-coord,0.558136
6-coord,0.217748
6-coord,0.443988
6-coord,0.057922
6-coord,0.623275
6-coord,0.218109
6-coord,0.496458
6-coord,0.374019
6-coord,0.593816
6-coord,0.239842
6-coord,0.56766
6-coord,0.252874
6-coord,0.419817
6-coord,0.244109
6-coord,0.652747
6-coord,0.295161
6-coord,0.455258
6-coord,0.162709
6-coord,0.600205
6-coord,0.196475
6-coord,0.615449
6-coord,0.224691
6-coord,0.455505
6-coord,0.240603
6-coord,0.471947
6-coord,0.097776
6-coord,0.538638
6-coord,0.108137
6-coord,0.452009
6-coord,0.484555
6-coord,0.152601
6-coord,0.423516
6-coord,0.502642
6-coord,0.528042
6-coord,0.470513
6-coord,0.231395
6-coord,0.291305
6-coord,0.327946
6-coord,0.507414
6-coord,0.482988
6-coord,0.515082
6-coord,0.484126
6-coord,0.415538
6-coord,0.400805
6-coord,0.415809
6-coord,0.336481
6-coord,0.314227
6-coord,0.480222
6-coord,0.298911
6-coord,0.390152
6-coord,0.471246
6-coord,0.459085
6-coord,0.38867
6-coord,0.328295
6-coord,0.282311
6-coord,0.412577
6-coord,0.308077
6-coord,0.543672
6-coord,0.23562
6-coord,0.53916
6-coord,0.433265
6-coord,0.404459
6-coord,0.366429
6-coord,0.399044
6-coord,0.392193
6-coord,0.477393
6-coord,0.456466
6-coord,0.318902
6-coord,0.475171
6-coord,0.469584
6-coord,0.542424
6-coord,0.389451
6-coord,0.468699
6-coord,0.421817
6-coord,0.38129
6-coord,0.558785
6-coord,0.43225
6-coord,0.623138
6-coord,0.439512
6-coord,0.302183
6-coord,0.258948
6-coord,0.276602
6-coord,0.26849
6-coord,0.449315
6-coord,0.17604
6-coord,0.259681
6-coord,0.46095
6-coord,0.302977
6-coord,0.552933
6-coord,0.179006
6-coord,0.469795
6-coord,0.306599
6-coord,0.469387
6-coord,0.113243
6-coord,0.434507
6-coord,0.218575
6-coord,0.415064
6-coord,0.301534
6-coord,0.562458
6-coord,0.298327
6-coord,0.507505
6-coord,0.155056
6-coord,0.484
6-coord,0.270355
6-coord,0.431613
6-coord,0.254577
6-coord,0.415231
6-coord,0.266143
6-coord,0.387024
6-coord,0.206145
6-coord,0.47202
6-coord,0.247833
6-coord,0.488628
6-coord,0.387387
6-coord,0.602783
6-coord,0.138093
6-coord,0.571637
6-coord,0.079493
6-coord,0.532585
6-coord,0.185213
6-coord,0.375561
6-coord,0.391722
6-coord,0.205715
6-coord,0.407523
6-coord,0.337138
6-coord,0.454401
6-coord,0.412686
6-coord,0.261705
6-coord,0.358571
6-coord,0.310195
6-coord,0.285283
6-coord,0.684699
6-coord,0.460273
6-coord,0.408
6-coord,0.223371
6-coord,0.315639
6-coord,0.321898
6-coord,0.399094
6-coord,0.222621
6-coord,0.358043
6-coord,0.276869
6-coord,0.701544
6-coord,0.326577
6-coord,0.538973
6-coord,0.512851
6-coord,0.399642
6-coord,0.291546
6-coord,0.433617
6-coord,0.412811
6-coord,0.391379
6-coord,0.299954
6-coord,0.476377
6-coord,0.474207
6-coord,0.413295
6-coord,0.230639
6-coord,0.404488
6-coord,0.390675
6-coord,0.45514
6-coord,0.29291
6-coord,0.426971
6-coord,0.645062
6-coord,0.530905
6-coord,0.427857
6-coord,0.582401
6-coord,0.611786
6-coord,0.497842
6-coord,0.561837
6-coord,0.602743
6-coord,0.399162
6-coord,0.687264
6-coord,0.590496
6-coord,0.366097
6-coord,0.293918
6-coord,0.268157
6-coord,0.156049
6-coord,0.564937
6-coord,0.3045
6-coord,0.255139
6-coord,0.538067
6-coord,0.152282
6-coord,0.350326
6-coord,0.221508
6-coord,0.374549
6-coord,0.288933
6-coord,0.467169
6-coord,0.174342
6-coord,0.519191
6-coord,0.285961
6-coord,0.449398
6-coord,0.094055
6-coord,0.428669
6-coord,0.242403
6-coord,0.557832
6-coord,0.186841
6-coord,0.56535
6-coord,0.172367
6-coord,0.616564
6-coord,0.148441
6-coord,0.571393
6-coord,0.139709
6-coord,0.682996
6-coord,0.31774
6-coord,0.501557
6-coord,0.154516
6-coord,0.491951
6-coord,0.257132
6-coord,0.523309
6-coord,0.326991
6-coord,0.539666
6-coord,0.205183
6-coord,0.482161
6-coord,0.149712
6-coord,0.518742
6-coord,0.376747
6-coord,0.245157
6-coord,0.484458
6-coord,0.407525
6-coord,0.382298
6-coord,0.45217
6-coord,0.293769
6-coord,0.358957
6-coord,0.234313
6-coord,0.474487
6-coord,0.367942
6-coord,0.467338
6-coord,0.483211
6-coord,0.336143
6-coord,0.542538
6-coord,0.190788
6-coord,0.409614
6-coord,0.31559
6-coord,0.480059
6-coord,0.193609
6-coord,0.336031
6-coord,0.404409
6-coord,0.612062
6-coord,0.442168
6-coord,0.404039
6-coord,0.223493
6-coord,0.487619
6-coord,0.551893
6-coord,0.434055
6-coord,0.258354
6-coord,0.608355
6-coord,0.378573
6-coord,0.470659
6-coord,0.237993
6-coord,0.582118
6-coord,0.220797
6-coord,0.516837
6-coord,0.534733
6-coord,0.468696
6-coord,0.544664
6-coord,0.378767
6-coord,0.39844
6-coord,0.460028
6-coord,0.473979
6-coord,0.482985
6-coord,0.678471
6-coord,0.671568
6-coord,0.603199
6-coord,0.5468
6-coord,0.611017
6-coord,0.244225
6-coord,0.094966
6-coord,0.300778
6-coord,0.171686
6-coord,0.62491
6-coord,0.139942
6-coord,0.220646
6-coord,0.561486
6-coord,0.265861
6-coord,0.441936
6-coord,0.371821
6-coord,0.432413
6-coord,0.30908
6-coord,0.467367
6-coord,0.183002
6-coord,0.596224
6-coord,0.21164
6-coord,0.463768
6-coord,0.244369
6-coord,0.678843
6-coord,0.172067
6-coord,0.60671
6-coord,0.219417
6-coord,0.349947
6-coord,0.221174
6-coord,0.352431
6-coord,0.157815
6-coord,0.531335
6-coord,0.080852
6-coord,0.502444
6-coord,0.288828
6-coord,0.457578
6-coord,0.200584
6-coord,0.571881
6-coord,0.101856
6-coord,0.535463
6-coord,0.299401
6-coord,0.461913
6-coord,0.211448
6-coord,0.510578
6-coord,0.195466
6-coord,0.433442
6-coord,0.567936
6-coord,0.155634
6-coord,0.344522
6-coord,0.533889
6-coord,0.587083
6-coord,0.520768
6-coord,0.349982
6-coord,0.414538
6-coord,0.26149
6-coord,0.510026
6-coord,0.389473
6-coord,0.393367
6-coord,0.352104
6-coord,0.29831
6-coord,0.44751
6-coord,0.201659
6-coord,0.250667
6-coord,0.206603
6-coord,0.401361
6-coord,0.334444
6-coord,0.487099
6-coord,0.272509
6-coord,0.255552
6-coord,0.399984
6-coord,0.525559
6-coord,0.312516
6-coord,0.440587
6-coord,0.29427
6-coord,0.341108
6-coord,0.439304
6-coord,0.42189
6-coord,0.372299
6-coord,0.153767
6-coord,0.371823
6-coord,0.472715
6-coord,0.386539
6-coord,0.52827
6-coord,0.449005
6-coord,0.45659
6-coord,0.586744
6-coord,0.494783
6-coord,0.214808
6-coord,0.624019
6-coord,0.289827
6-coord,0.421939
6-coord,0.429701
6-coord,0.586718
6-coord,0.24247
6-coord,0.387604
6-coord,0.398967
6-coord,0.388957
6-coord,0.291918
6-coord,0.172606
6-coord,0.24733
6-coord,0.515907
6-coord,0.288652
6-coord,0.384296
6-coord,0.440549
6-coord,0.214789
6-coord,0.526178
6-coord,0.113112
6-coord,0.496931
6-coord,0.529311
6-coord,0.460154
6-coord,0.334895
6-coord,0.484572
6-coord,0.280338
6-coord,0.613204
6-coord,0.17362
6-coord,0.629042
6-coord,0.143433
6-coord,0.531225
6-coord,0.384573
6-coord,0.578226
6-coord,0.114205
6-coord,0.540238
6-coord,0.296109
6-coord,0.483414
6-coord,0.213277
6-coord,0.444445
6-coord,0.139068
6-coord,0.474936
6-coord,0.110779
6-coord,0.544672
6-coord,0.28191
6-coord,0.60965
6-coord,0.10952
6-coord,0.500668
6-coord,0.231386
6-coord,0.451792
6-coord,0.148953
6-coord,0.409015
6-coord,0.422238
6-coord,0.122103
6-coord,0.570642
6-coord,0.356975
6-coord,0.394757
6-coord,0.472476
6-coord,0.239862
6-coord,0.363651
6-coord,0.291115
6-coord,0.376117
6-coord,0.365183
6-coord,0.458161
6-coord,0.497546
6-coord,0.343167
6-coord,0.345541
6-coord,0.457792
6-coord,0.254599
6-coord,0.344808
6-coord,0.493315
6-coord,0.228494
6-coord,0.369381
6-coord,0.229896
6-coord,0.436001
6-coord,0.364671
6-coord,0.374736
6-coord,0.160769
6-coord,0.454361
6-coord,0.404541
6-coord,0.414851
6-coord,0.285598
6-coord,0.383434
6-coord,0.399716
6-coord,0.493516
6-coord,0.352519
6-coord,0.485927
6-coord,0.187772
6-coord,0.45992
6-coord,0.53662
6-coord,0.489348
6-coord,0.487324
6-coord,0.504822
6-coord,0.375399
6-coord,0.591799
6-coord,0.43071
6-coord,0.451952
6-coord,0.549726
6-coord,0.58926
6-coord,0.568929
6-coord,0.554551
6-coord,0.496092
6-coord,0.250982
6-coord,0.176479
6-coord,0.224984
6-coord,0.188611
6-coord,0.516533
6-coord,0.130627
6-coord,0.252909
6-coord,0.499047
6-coord,0.254448
6-coord,0.463275
6-coord,0.055582
6-coord,0.607943
6-coord,0.177366
6-coord,0.540307
6-coord,0.172748
6-coord,0.519488
6-coord,0.265544
6-coord,0.574276
6-coord,0.20632
6-coord,0.536053
6-coord,0.230814
6-coord,0.522194
6-coord,0.194503
6-coord,0.38091
6-coord,0.11997
6-coord,0.363229
6-coord,0.243451
6-coord,0.427846
6-coord,0.148724
6-coord,0.445527
6-coord,0.142026
6-coord,0.4491
6-coord,0.068989
6-coord,0.47248
6-coord,0.346861
6-coord,0.476091
6-coord,0.164103
6-coord,0.466383
6-coord,0.189788
6-coord,0.585257
6-coord,0.315389
6-coord,0.591996
6-coord,0.364562
6-coord,0.134116
6-coord,0.302939
6-coord,0.592535
6-coord,0.366172
6-coord,0.42371
6-coord,0.248933
6-coord,0.34396
6-coord,0.253125
6-coord,0.482859
6-coord,0.25864
6-coord,0.22426
6-coord,0.371814
6-coord,0.29314
6-coord,0.336885
6-coord,0.343349
6-coord,0.513825
6-coord,0.113591
6-coord,0.403619
6-coord,0.169081
6-coord,0.272593
6-coord,0.206228
6-coord,0.426525
6-coord,0.387132
6-coord,0.422641
6-coord,0.344414
6-coord,0.30533
6-coord,0.381827
6-coord,0.352506
6-coord,0.19216
6-coord,0.305302
6-coord,0.308885
6-coord,0.469638
6-coord,0.363215
6-coord,0.342431
6-coord,0.308994
6-coord,0.540614
6-coord,0.293151
6-coord,0.362049
6-coord,0.601403
6-coord,0.334264
6-coord,0.525844
6-coord,0.456175
6-coord,0.509322
6-coord,0.606349
6-coord,0.480737
6-coord,0.566094
6-coord,0.505082
6-coord,0.485863
6-coord,0.63259
6-coord,0.154329
6-coord,0.200659
6-coord,0.206997
6-coord,0.232761
6-coord,0.645058
6-coord,0.275891
6-coord,0.395723
6-coord,0.575438
6-coord,0.406434
6-coord,0.451387
6-coord,0.161728
6-coord,0.342065
6-coord,0.346482
6-coord,0.473363
6-coord,0.290469
6-coord,0.346174
6-coord,0.237082
6-coord,0.646949
6-coord,0.341017
6-coord,0.582559
6-coord,0.218951
6-coord,0.505657
6-coord,0.130282
6-coord,0.405792
6-coord,0.282887
6-coord,0.457332
6-coord,0.209163
6-coord,0.497511
6-coord,0.177094
6-coord,0.522553
6-coord,0.09549
6-coord,0.241186
6-coord,0.07157
6-coord,0.604773
6-coord,0.140752
6-coord,0.279671
6-coord,0.213947
6-coord,0.415953
6-coord,0.285831
6-coord,0.511024
6-coord,0.164508
6-coord,0.479277
6-coord,0.46662
6-coord,0.317555
6-coord,0.285653
6-coord,0.430833
6-coord,0.437255
6-coord,0.371445
6-coord,0.306089
6-coord,0.357866
6-coord,0.345358
6-coord,0.424406
6-coord,0.436609
6-coord,0.473779
6-coord,0.433172
6-coord,0.291845
6-coord,0.100876
6-coord,0.255431
6-coord,0.313144
6-coord,0.230287
6-coord,0.294038
6-coord,0.235487
6-coord,0.360408
6-coord,0.249046
6-coord,0.352443
6-coord,0.227113
6-coord,0.341422
6-coord,0.326224
6-coord,0.439662
6-coord,0.426448
6-coord,0.353544
6-coord,0.33588
6-coord,0.354395
6-coord,0.527127
6-coord,0.371195
6-coord,0.276378
6-coord,0.384274
6-coord,0.347794
6-coord,0.263645
6-coord,0.488358
6-coord,0.398454
6-coord,0.334413
6-coord,0.352722
6-coord,0.428788
6-coord,0.471386
6-coord,0.345479
6-coord,0.390045
6-coord,0.426723
6-coord,0.566608
6-coord,0.318968
6-coord,0.306575
6-coord,0.46297
6-coord,0.056685
6-coord,0.284665
6-coord,0.531413
6-coord,0.329571
6-coord,0.234864
6-coord,0.582708
6-coord,0.315769
6-coord,0.405313
6-coord,0.196789
6-coord,0.284479
6-coord,0.380896
6-coord,0.429548
6-coord,0.219103
6-coord,0.383514
6-coord,0.126392
6-coord,0.734783
6-coord,0.306884
6-coord,0.44369
6-coord,0.115184
6-coord,0.572052
6-coord,0.266108
6-coord,0.471372
6-coord,0.132038
6-coord,0.514464
6-coord,0.233592
6-coord,0.453896
6-coord,0.181118
6-coord,0.46556
6-coord,0.09764
6-coord,0.443959
6-coord,0.277397
6-coord,0.342302
6-coord,0.257698
6-coord,0.337199
6-coord,0.11874
6-coord,0.462603
6-coord,0.171406
6-coord,0.422483
6-coord,0.131664
6-coord,0.370924
6-coord,0.450558
6-coord,0.264357
6-coord,0.289514
6-coord,0.28884
6-coord,0.633419
6-coord,0.428763
6-coord,0.20854
6-coord,0.385379
6-coord,0.254869
6-coord,0.372686
6-coord,0.407311
6-coord,0.39742
6-coord,0.362065
6-coord,0.275588
6-coord,0.453867
6-coord,0.170577
6-coord,0.368777
6-coord,0.236566
6-coord,0.328161
6-coord,0.190821
6-coord,0.371131
6-coord,0.300006
6-coord,0.46551
6-coord,0.371438
6-coord,0.461024
6-coord,0.264258
6-coord,0.442583
6-coord,0.401991
6-coord,0.274554
6-coord,0.239199
6-coord,0.292444
6-coord,0.330456
6-coord,0.252413
6-coord,0.263943
6-coord,0.587791
6-coord,0.164005
6-coord,0.264553
6-coord,0.340842
6-coord,0.466525
6-coord,0.328418
6-coord,0.313969
6-coord,0.494731
6-coord,0.269954
6-coord,0.475783
6-coord,0.432506
6-coord,0.460347
6-coord,0.539221
6-coord,0.386159
6-coord,0.43509
6-coord,0.473482
6-coord,0.307245
6-coord,0.322807
6-coord,0.200494
6-coord,0.403637
6-coord,0.596153
6-coord,0.20171
6-coord,0.160948
6-coord,0.609408
6-coord,0.222217
6-coord,0.352669
6-coord,0.328659
6-coord,0.447347
6-coord,0.291321
6-coord,0.504259
6-coord,0.304002
6-coord,0.458644
6-coord,0.066561
6-coord,0.542807
6-coord,0.193424
6-coord,0.468911
6-coord,0.145426
6-coord,0.460177
6-coord,0.198951
6-coord,0.392073
6-coord,0.265505
6-coord,0.380397
6-coord,0.337026
6-coord,0.418848
6-coord,0.162786
6-coord,0.303814
6-coord,0.373729
6-coord,0.46916
6-coord,0.195714
6-coord,0.372736
6-coord,0.18502
6-coord,0.47456
6-coord,0.187886
6-coord,0.42643
6-coord,0.221017
6-coord,0.354926
6-coord,0.255027
6-coord,0.462991
6-coord,0.47609
6-coord,0.253441
6-coord,0.332656
6-coord,0.353615
6-coord,0.507593
6-coord,0.383928
6-coord,0.365208
6-coord,0.505485
6-coord,0.489271
6-coord,0.566153
6-coord,0.331061
6-coord,0.519882
6-coord,0.426108
6-coord,0.468687
6-coord,0.574914
6-coord,0.435135
6-coord,0.468948
6-coord,0.521104
6-coord,0.540019
6-coord,0.573495
6-coord,0.598074
6-coord,0.404671
6-coord,0.604449
6-coord,0.532212
6-coord,0.754286
6-coord,0.520376
6-coord,0.449738
6-coord,0.383091
6-coord,0.425355
6-coord,0.627317
6-coord,0.484862
6-coord,0.673347
6-coord,0.349893
6-coord,0.640753
6-coord,0.511167
6-coord,0.527309
6-coord,0.523994
6-coord,0.477985
6-coord,0.444814
6-coord,0.719583
6-coord,0.662227
6-coord,0.397111
6-coord,0.612099
6-coord,0.556354
6-coord,0.513151
6-coord,0.458306
6-coord,0.416101
6-coord,0.655417
6-coord,0.715663
6-coord,0.51193
6-coord,0.509387
6-coord,0.576642
6-coord,0.608138
6-coord,0.469935
6-coord,0.531699
6-coord,0.657531
6-coord,0.367795
6-coord,0.566683
6-coord,0.615488
6-coord,0.606559
6-coord,0.571917
6-coord,0.444466
6-coord,0.623613
6-coord,0.382086
6-coord,0.663349
6-coord,0.247134
6-coord,0.541138
6-coord,0.472749
6-coord,0.680643
6-coord,0.649872
6-coord,0.511343
6-coord,0.368783
6-coord,0.524336
6-coord,0.428897
6-coord,0.751342
6-coord,0.242697
6-coord,0.553386
6-coord,0.288403
6-coord,0.613283
6-coord,0.268045
6-coord,0.49028
6-coord,0.518646
6-coord,0.532186
6-coord,0.265292
6-coord,0.689775
6-coord,0.377924
6-coord,0.75367
6-coord,0.231498
6-coord,0.661213
6-coord,0.379614
6-coord,0.556108
6-coord,0.196922
6-coord,0.230037
6-coord,0.24074
6-coord,0.619263
6-coord,0.177192
6-coord,0.747992
6-coord,0.219776
6-coord,0.486085
6-coord,0.245122
6-coord,0.54591
6-coord,0.537797
6-coord,0.313842
6-coord,0.493763
6-coord,0.559445
6-coord,0.326374
6-coord,0.528524
6-coord,0.224494
6-coord,0.657074
6-coord,0.172568
6-coord,0.479288
6-coord,0.240089
6-coord,0.607494
6-coord,0.237641
6-coord,0.420744
6-coord,0.305027
6-coord,0.652375
6-coord,0.318519
6-coord,0.626298
6-coord,0.162005
6-coord,0.409303
6-coord,0.227228
6-coord,0.575846
6-coord,0.235662
6-coord,0.312252
6-coord,0.16312
6-coord,0.56658
6-coord,0.155679
6-coord,0.481402
6-coord,0.281033
6-coord,0.542248
6-coord,0.227888
6-coord,0.630421
6-coord,0.238224
6-coord,0.55974
6-coord,0.047108
6-coord,0.265666
6-coord,0.30663
6-coord,0.173415
6-coord,0.405821
6-coord,0.291573
6-coord,0.472034
6-coord,0.493104
6-coord,0.417061
6-coord,0.420765
6-coord,0.256778
6-coord,0.532011
6-coord,0.512421
6-coord,0.581547
6-coord,0.511244
6-coord,0.639734
6-coord,0.496833
6-coord,0.492313
6-coord,0.478313
6-coord,0.65163
6-coord,0.461189
6-coord,0.46457
6-coord,0.4987
6-coord,0.575658
6-coord,0.350425
6-coord,0.526821
6-coord,0.539752
6-coord,0.541999
6-coord,0.399361
6-coord,0.508524
6-coord,0.353227
6-coord,0.446859
6-coord,0.474185
6-coord,0.482008
6-coord,0.436534
6-coord,0.722944
6-coord,0.415432
6-coord,0.554657
6-coord,0.648199
6-coord,0.64631
6-coord,0.493651
6-coord,0.438747
6-coord,0.500585
6-coord,0.598211
6-coord,0.612513
6-coord,0.42956
6-coord,0.72113
6-coord,0.606693
6-coord,0.503024
6-coord,0.688954
6-coord,0.698071
6-coord,0.483684
6-coord,0.724223
6-coord,0.422021
6-coord,0.538334
6-coord,0.597201
6-coord,0.391838
6-coord,0.67209
6-coord,0.5117
6-coord,0.736967
6-coord,0.360367
6-coord,0.666989
6-coord,0.372944
6-coord,0.726256
6-coord,0.437852
6-coord,0.650787
6-coord,0.568652
6-coord,0.611595
6-coord,0.346818
6-coord,0.697874
6-coord,0.333397
6-coord,0.719745
6-coord,0.36948
6-coord,0.706131
6-coord,0.385679
6-coord,0.68866
6-coord,0.341918
6-coord,0.483383
6-coord,0.227745
6-coord,0.734906
6-coord,0.195164
6-coord,0.630363
6-coord,0.469567
6-coord,0.604907
6-coord,0.354801
6-coord,0.679559
6-coord,0.288872
6-coord,0.535128
6-coord,0.317105
6-coord,0.407226
6-coord,0.716059
6-coord,0.433209
6-coord,0.613913
6-coord,0.184594
6-coord,0.491027
6-coord,0.3459
6-coord,0.664075
6-coord,0.316549
6-coord,0.586334
6-coord,0.468526
6-coord,0.441059
6-coord,0.569076
6-coord,0.639206
6-coord,0.123635
6-coord,0.623414
6-coord,0.266437
6-coord,0.624079
6-coord,0.308643
6-coord,0.610397
6-coord,0.303371
6-coord,0.577241
6-coord,0.202844
6-coord,0.516811
6-coord,0.312777
6-coord,0.465862
6-coord,0.312733
6-coord,0.614249
6-coord,0.326117
6-coord,0.718404
6-coord,0.152139
6-coord,0.588562
6-coord,0.194514
6-coord,0.595813
6-coord,0.228764
6-coord,0.529176
6-coord,0.301278
6-coord,0.57527
6-coord,0.192776
6-coord,0.520053
6-coord,0.108298
6-coord,0.505759
6-coord,0.078371
6-coord,0.607526
6-coord,0.118524
6-coord,0.156323
6-coord,0.145395
6-coord,0.407564
6-coord,0.638338
6-coord,0.382721
6-coord,0.492465
6-coord,0.564927
6-coord,0.517683
6-coord,0.631279
6-coord,0.491625
6-coord,0.52391
6-coord,0.678534
6-coord,0.592333
6-coord,0.612979
6-coord,0.624853
6-coord,0.473734
6-coord,0.546569
6-coord,0.509938
6-coord,0.712007
6-coord,0.440786
6-coord,0.534411
6-coord,0.614583
6-coord,0.598382
6-coord,0.64387
6-coord,0.495841
6-coord,0.673886
6-coord,0.490057
6-coord,0.618704
6-coord,0.363523
6-coord,0.565557
6-coord,0.634748
6-coord,0.558639
6-coord,0.517383
6-coord,0.542202
6-coord,0.51975
6-coord,0.617007
6-coord,0.484523
6-coord,0.650032
6-coord,0.614328
6-coord,0.642918
6-coord,0.543551
6-coord,0.521339
6-coord,0.565013
6-coord,0.609921
6-coord,0.462046
6-coord,0.649712
6-coord,0.592419
6-coord,0.486629
6-coord,0.620995
6-coord,0.647213
6-coord,0.444135
6-coord,0.450831
6-coord,0.545796
6-coord,0.571981
6-coord,0.638599
6-coord,0.57228
6-coord,0.496184
6-coord,0.545309
6-coord,0.554711
6-coord,0.728734
6-coord,0.593532
6-coord,0.544389
6-coord,0.436231
6-coord,0.695035
6-coord,0.555602
6-coord,0.594966
6-coord,0.641427
6-coord,0.636652
6-coord,0.404541
6-coord,0.62095
6-coord,0.350543
6-coord,0.553866
6-coord,0.381495
6-coord,0.512845
6-coord,0.206087
6-coord,0.472136
6-coord,0.334219
6-coord,0.603859
6-coord,0.347045
6-coord,0.668978
6-coord,0.246207
6-coord,0.740119
6-coord,0.289667
6-coord,0.631972
6-coord,0.191359
6-coord,0.57768
6-coord,0.195145
6-coord,0.552999
6-coord,0.21539
6-coord,0.245421
6-coord,0.319538
6-coord,0.486851
6-coord,0.330626
6-coord,0.613969
6-coord,0.319186
6-coord,0.525457
6-coord,0.311847
6-coord,0.542076
6-coord,0.639464
6-coord,0.346484
6-coord,0.582205
6-coord,0.530587
6-coord,0.223034
6-coord,0.621456
6-coord,0.197734
6-coord,0.570111
6-coord,0.150451
6-coord,0.378068
6-coord,0.27653
6-coord,0.646056
6-coord,0.206839
6-coord,0.646243
6-coord,0.261593
6-coord,0.607943
6-coord,0.223932
6-coord,0.533216
6-coord,0.326593
6-coord,0.539217
6-coord,0.103208
6-coord,0.502014
6-coord,0.209584
6-coord,0.488749
6-coord,0.385313
6-coord,0.653376
6-coord,0.09849
6-coord,0.384654
6-coord,0.301999
6-coord,0.511972
6-coord,0.266967
6-coord,0.565787
6-coord,0.168036
6-coord,0.404174
6-coord,0.115296
6-coord,0.144213
6-coord,0.311693
6-coord,0.430297
6-coord,0.35825
6-coord,0.443215
6-coord,0.471143
6-coord,0.578471
6-coord,0.437548
6-coord,0.564696
6-coord,0.653438
6-coord,0.489946
6-coord,0.698188
6-coord,0.392547
6-coord,0.491526
6-coord,0.541602
6-coord,0.498124
6-coord,0.436894
6-coord,0.544401
6-coord,0.344445
6-coord,0.651096
6-coord,0.744005
6-coord,0.511762
6-coord,0.545115
6-coord,0.565687
6-coord,0.582902
6-coord,0.580797
6-coord,0.732595
6-coord,0.423622
6-coord,0.574665
6-coord,0.503598
6-coord,0.530008
6-coord,0.401442
6-coord,0.645827
6-coord,0.54507
6-coord,0.612924
6-coord,0.586355
6-coord,0.669714
6-coord,0.503805
6-coord,0.678133
6-coord,0.555648
6-coord,0.535045
6-coord,0.535539
6-coord,0.487614
6-coord,0.223142
6-coord,0.655357
6-coord,0.613099
6-coord,0.518408
6-coord,0.535439
6-coord,0.592805
6-coord,0.431894
6-coord,0.63585
6-coord,0.55487
6-coord,0.628513
6-coord,0.669263
6-coord,0.68124
6-coord,0.362204
6-coord,0.565912
6-coord,0.424035
6-coord,0.615683
6-coord,0.493939
6-coord,0.706947
6-coord,0.478189
6-coord,0.387488
6-coord,0.634551
6-coord,0.559385
6-coord,0.557881
6-coord,0.55698
6-coord,0.277371
6-coord,0.557898
6-coord,0.377826
6-coord,0.251964
6-coord,0.52553
6-coord,0.293539
6-coord,0.487192
6-coord,0.367871
6-coord,0.500413
6-coord,0.282962
6-coord,0.548803
6-coord,0.261255
6-coord,0.177078
6-coord,0.581401
6-coord,0.351933
6-coord,0.542679
6-coord,0.324158
6-coord,0.588132
6-coord,0.297939
6-coord,0.199686
6-coord,0.312282
6-coord,0.608783
6-coord,0.23637
6-coord,0.530883
6-coord,0.220607
6-coord,0.543218
6-coord,0.199634
6-coord,0.609814
6-coord,0.548415
6-coord,0.159282
6-coord,0.43472
6-coord,0.523957
6-coord,0.223544
6-coord,0.532065
6-coord,0.252213
6-coord,0.639856
6-coord,0.310523
6-coord,0.560354
6-coord,0.106488
6-coord,0.594211
6-coord,0.236984
6-coord,0.500521
6-coord,0.206748
6-coord,0.543018
6-coord,0.228481
6-coord,0.514642
6-coord,0.300699
6-coord,0.350706
6-coord,0.20657
6-coord,0.67869
6-coord,0.158193
6-coord,0.534773
6-coord,0.182481
6-coord,0.629798
6-coord,0.265944
6-coord,0.476888
6-coord,0.271153
6-coord,0.36435
6-coord,0.215569
6-coord,0.396029
6-coord,0.158015
6-coord,0.572526
6-coord,0.156544
6-coord,0.233088
6-coord,0.205599
6-coord,0.354648
6-coord,0.489384
6-coord,0.436564
6-coord,0.44655
6-coord,0.277997
6-coord,0.446059
6-coord,0.423048
6-coord,0.346508
6-coord,0.486114
6-coord,0.502097
6-coord,0.48288
6-coord,0.515711
6-coord,0.421371
6-coord,0.517592
6-coord,0.535348
6-coord,0.476686
6-coord,0.505789
6-coord,0.456802
6-coord,0.586065
6-coord,0.553452
6-coord,0.572169
6-coord,0.593564
6-coord,0.471944
6-coord,0.674081
6-coord,0.640676
6-coord,0.725056
6-coord,0.433137
6-coord,0.675432
6-coord,0.583446
6-coord,0.66875
6-coord,0.35416
6-coord,0.513817
6-coord,0.470386
6-coord,0.713628
6-coord,0.672235
6-coord,0.552637
6-coord,0.6307
6-coord,0.621895
6-coord,0.582945
6-coord,0.728522
6-coord,0.541072
6-coord,0.689942
6-coord,0.547874
6-coord,0.634793
6-coord,0.555425
6-coord,0.434281
6-coord,0.638354
6-coord,0.723547
6-coord,0.443847
6-coord,0.625481
6-coord,0.672638
6-coord,0.581974
6-coord,0.72798
6-coord,0.558891
6-coord,0.545185
6-coord,0.583953
6-coord,0.556474
6-coord,0.535902
6-coord,0.42498
6-coord,0.52246
6-coord,0.449121
6-coord,0.568468
6-coord,0.560499
6-coord,0.554628
6-coord,0.55665
6-coord,0.74088
6-coord,0.344696
6-coord,0.489504
6-coord,0.332332
6-coord,0.677491
6-coord,0.221717
6-coord,0.593936
6-coord,0.336606
6-coord,0.552502
6-coord,0.394796
6-coord,0.56201
6-coord,0.285703
6-coord,0.547996
6-coord,0.359727
6-coord,0.528021
6-coord,0.262639
6-coord,0.497843
6-coord,0.255536
6-coord,0.627039
6-coord,0.164918
6-coord,0.212279
6-coord,0.230845
6-coord,0.16984
6-coord,0.508663
6-coord,0.296613
6-coord,0.536836
6-coord,0.157417
6-coord,0.528325
6-coord,0.248779
6-coord,0.497636
6-coord,0.452781
6-coord,0.33092
6-coord,0.529983
6-coord,0.555948
6-coord,0.317332
6-coord,0.636931
6-coord,0.201557
6-coord,0.54628
6-coord,0.301367
6-coord,0.032983
6-coord,0.436721
6-coord,0.296342
6-coord,0.622322
6-coord,0.128919
6-coord,0.488067
6-coord,0.156028
6-coord,0.488617
6-coord,0.213614
6-coord,0.470992
6-coord,0.231858
6-coord,0.586055
6-coord,0.222537
6-coord,0.574716
6-coord,0.182237
6-coord,0.48427
6-coord,0.161684
6-coord,0.453628
6-coord,0.16843
6-coord,0.511879
6-coord,0.223421
6-coord,0.484273
6-coord,0.150409
6-coord,0.582786
6-coord,0.171119
6-coord,0.328831
6-coord,0.367628
6-coord,0.383873
6-coord,0.54815
6-coord,0.467867
6-coord,0.343151
6-coord,0.32652
6-coord,0.490249
6-coord,0.477344
6-coord,0.580596
6-coord,0.529966
6-coord,0.457622
6-coord,0.395355
6-coord,0.488667
6-coord,0.557421
6-coord,0.596507
6-coord,0.468827
6-coord,0.52491
6-coord,0.507413
6-coord,0.65753
6-coord,0.489789
6-coord,0.544556
6-coord,0.505785
6-coord,0.657933
6-coord,0.513627
6-coord,0.55926
6-coord,0.357828
6-coord,0.645614
6-coord,0.41743
6-coord,0.598722
6-coord,0.440424
6-coord,0.524212
6-coord,0.365906
6-coord,0.563074
6-coord,0.456912
6-coord,0.569637
6-coord,0.449401
6-coord,0.575998
6-coord,0.197034
6-coord,0.700454
6-coord,0.400541
6-coord,0.550064
6-coord,0.469478
6-coord,0.572597
6-coord,0.590502
6-coord,0.552856
6-coord,0.660435
6-coord,0.614881
6-coord,0.608657
6-coord,0.719087
6-coord,0.438256
6-coord,0.61088
6-coord,0.618818
6-coord,0.331728
6-coord,0.609041
6-coord,0.565668
6-coord,0.550408
6-coord,0.346952
6-coord,0.546523
6-coord,0.380073
6-coord,0.449158
6-coord,0.302639
6-coord,0.467927
6-coord,0.511088
6-coord,0.550624
6-coord,0.413242
6-coord,0.674719
6-coord,0.307959
6-coord,0.431005
6-coord,0.349391
6-coord,0.487461
6-coord,0.275334
6-coord,0.486425
6-coord,0.330428
6-coord,0.598752
6-coord,0.253715
6-coord,0.695722
6-coord,0.190278
6-coord,0.568383
6-coord,0.332308
6-coord,0.495496
6-coord,0.299339
6-coord,0.569418
6-coord,0.299885
6-coord,0.549144
6-coord,0.241823
6-coord,0.284401
6-coord,0.295553
6-coord,0.538211
6-coord,0.278875
6-coord,0.527485
6-coord,0.171866
6-coord,0.584446
6-coord,0.325328
6-coord,0.533239
6-coord,0.642563
6-coord,0.149884
6-coord,0.583224
6-coord,0.458106
6-coord,0.260095
6-coord,0.615666
6-coord,0.262017
6-coord,0.50181
6-coord,0.217716
6-coord,0.492121
6-coord,0.131831
6-coord,0.570003
6-coord,0.273685
6-coord,0.605127
6-coord,0.366162
6-coord,0.452483
6-coord,0.217342
6-coord,0.68349
6-coord,0.342887
6-coord,0.53592
6-coord,0.060994
6-coord,0.582111
6-coord,0.1779
6-coord,0.432722
6-coord,0.17788
6-coord,0.48472
6-coord,0.231775
6-coord,0.454592
6-coord,0.180527
6-coord,0.507948
6-coord,0.162139
6-coord,0.376737
6-coord,0.222291
6-coord,0.617454
6-coord,0.159513
6-coord,0.30827
6-coord,0.307921
6-coord,0.247407
6-coord,0.399242
6-coord,0.426693
6-coord,0.351733
6-coord,0.461864
6-coord,0.262031
6-coord,0.561333
6-coord,0.540422
6-coord,0.492864
6-coord,0.266095
6-coord,0.339036
6-coord,0.583635
6-coord,0.413633
6-coord,0.59876
6-coord,0.415174
6-coord,0.53388
6-coord,0.662113
6-coord,0.503876
6-coord,0.374492
6-coord,0.387766
6-coord,0.568837
6-coord,0.60756
6-coord,0.393938
6-coord,0.598263
6-coord,0.44579
6-coord,0.602671
6-coord,0.256684
6-coord,0.482075
6-coord,0.501995
6-coord,0.632769
6-coord,0.449494
6-coord,0.665241
6-coord,0.415147
6-coord,0.653451
6-coord,0.382816
6-coord,0.605893
6-coord,0.469185
6-coord,0.569475
6-coord,0.494217
6-coord,0.512983
6-coord,0.33
6-coord,0.599097
6-coord,0.506039
6-coord,0.605054
6-coord,0.556796
6-coord,0.729127
6-coord,0.617505
6-coord,0.430366
6-coord,0.488853
6-coord,0.636213
6-coord,0.366507
6-coord,0.675088
6-coord,0.513223
6-coord,0.636765
6-coord,0.582018
6-coord,0.488921
6-coord,0.609268
6-coord,0.374711
6-coord,0.55488
6-coord,0.420817
6-coord,0.555075
6-coord,0.309858
6-coord,0.404897
6-coord,0.367949
6-coord,0.625627
6-coord,0.469762
6-coord,0.482153
6-coord,0.286867
6-coord,0.400457
6-coord,0.406868
6-coord,0.511639
6-coord,0.330453
6-coord,0.476871
6-coord,0.382586
6-coord,0.664435
6-coord,0.286196
6-coord,0.47815
6-coord,0.129185
6-coord,0.447392
6-coord,0.318449
6-coord,0.629954
6-coord,0.102259
6-coord,0.450088
6-coord,0.092867
6-coord,0.583154
6-coord,0.234986
6-coord,0.479538
6-coord,0.141611
6-coord,0.096205
6-coord,0.125054
6-coord,0.659357
6-coord,0.303249
6-coord,0.594556
6-coord,0.295324
6-coord,0.554556
6-coord,0.27488
6-coord,0.516981
6-coord,0.5941
6-coord,0.112085
6-coord,0.429356
6-coord,0.609751
6-coord,0.14122
6-coord,0.701803
6-coord,0.168562
6-coord,0.424703
6-coord,0.246819
6-coord,0.495437
6-coord,0.165758
6-coord,0.502309
6-coord,0.259554
6-coord,0.381681
6-coord,0.263135
6-coord,0.609965
6-coord,0.279647
6-coord,0.43372
6-coord,0.414506
6-coord,0.646575
6-coord,0.299684
6-coord,0.591078
6-coord,0.320291
6-coord,0.513225
6-coord,0.212469
6-coord,0.520346
6-coord,0.312652
6-coord,0.544925
6-coord,0.15686
6-coord,0.368427
6-coord,0.254667
6-coord,0.536797
6-coord,0.244425
6-coord,0.421935
6-coord,0.192068
6-coord,0.24148
6-coord,0.541533
6-coord,0.637863
6-coord,0.374712
6-coord,0.538733
6-coord,0.413822
6-coord,0.442952
6-coord,0.467852
6-coord,0.517452
6-coord,0.439856
6-coord,0.402189
6-coord,0.570102
6-coord,0.528801
6-coord,0.544776
6-coord,0.409259
6-coord,0.485431
6-coord,0.38247
6-coord,0.371047
6-coord,0.482824
6-coord,0.46637
6-coord,0.582422
6-coord,0.250441
6-coord,0.588795
6-coord,0.603037
6-coord,0.608261
6-coord,0.433571
6-coord,0.556973
6-coord,0.382595
6-coord,0.578359
6-coord,0.38206
6-coord,0.379398
6-coord,0.551029
6-coord,0.646918
6-coord,0.509076
6-coord,0.556035
6-coord,0.454519
6-coord,0.456139
6-coord,0.467232
6-coord,0.585127
6-coord,0.453819
6-coord,0.596689
6-coord,0.47684
6-coord,0.487559
6-coord,0.37355
6-coord,0.673237
6-coord,0.549532
6-coord,0.408572
6-coord,0.579765
6-coord,0.572834
6-coord,0.499997
6-coord,0.580103
6-coord,0.578995
6-coord,0.611332
6-coord,0.577417
6-coord,0.530086
6-coord,0.497003
6-coord,0.667994
6-coord,0.537897
6-coord,0.518387
6-coord,0.366327
6-coord,0.541787
6-coord,0.437068
6-coord,0.544451
6-coord,0.402323
6-coord,0.54239
6-coord,0.465509
6-coord,0.542414
6-coord,0.414527
6-coord,0.600418
6-coord,0.2786
6-coord,0.681057
6-coord,0.295471
6-coord,0.634761
6-coord,0.243966
6-coord,0.462722
6-coord,0.290148
6-coord,0.51838
6-coord,0.172341
6-coord,0.50543
6-coord,0.227626
6-coord,0.541867
6-coord,0.249581
6-coord,0.491636
6-coord,0.266661
6-coord,0.750045
6-coord,0.343125
6-coord,0.710943
6-coord,0.242436
6-coord,0.258849
6-coord,0.702854
6-coord,0.381961
6-coord,0.635329
6-coord,0.403636
6-coord,0.618443
6-coord,0.242324
6-coord,0.583034
6-coord,0.209334
6-coord,0.528817
6-coord,0.592999
6-coord,0.153454
6-coord,0.593541
6-coord,0.666049
6-coord,0.147911
6-coord,0.705663
6-coord,0.125726
6-coord,0.61187
6-coord,0.183787
6-coord,0.101205
6-coord,0.523483
6-coord,0.301171
6-coord,0.592374
6-coord,0.308815
6-coord,0.619769
6-coord,0.270699
6-coord,0.534239
6-coord,0.430485
6-coord,0.683138
6-coord,0.304347
6-coord,0.59111
6-coord,0.336284
6-coord,0.369819
6-coord,0.216905
6-coord,0.338743
6-coord,0.158587
6-coord,0.603275
6-coord,0.2576
6-coord,0.548464
6-coord,0.340862
6-coord,0.619872
6-coord,0.26209
6-coord,0.523922
6-coord,0.301342
6-coord,0.337606
6-coord,0.379742
6-coord,0.475999
6-coord,0.456327
6-coord,0.489927
6-coord,0.252936
6-coord,0.59638
6-coord,0.538268
6-coord,0.328598
6-coord,0.419269
6-coord,0.506879
6-coord,0.293052
6-coord,0.409106
6-coord,0.359517
6-coord,0.558033
6-coord,0.528868
6-coord,0.463467
6-coord,0.447097
6-coord,0.517521
6-coord,0.482948
6-coord,0.684813
6-coord,0.720159
6-coord,0.545196
6-coord,0.608475
6-coord,0.559032
6-coord,0.430491
6-coord,0.724555
6-coord,0.576289
6-coord,0.460463
6-coord,0.54729
6-coord,0.517281
6-coord,0.543186
6-coord,0.71569
6-coord,0.596873
6-coord,0.486656
6-coord,0.534085
6-coord,0.70659
6-coord,0.5942
6-coord,0.616207
6-coord,0.471652
6-coord,0.600722
6-coord,0.52967
6-coord,0.600671
6-coord,0.360629
6-coord,0.61722
6-coord,0.639935
6-coord,0.48945
6-coord,0.484832
6-coord,0.66571
6-coord,0.530266
6-coord,0.608776
6-coord,0.541874
6-coord,0.637123
6-coord,0.655935
6-coord,0.457836
6-coord,0.552157
6-coord,0.622547
6-coord,0.647351
6-coord,0.48343
6-coord,0.613113
6-coord,0.24527
6-coord,0.593007
6-coord,0.385264
6-coord,0.497371
6-coord,0.558047
6-coord,0.480362
6-coord,0.298226
6-coord,0.513432
6-coord,0.262931
6-coord,0.539152
6-coord,0.228947
6-coord,0.624586
6-coord,0.273215
6-coord,0.456545
6-coord,0.289751
6-coord,0.547224
6-coord,0.175223
6-coord,0.518841
6-coord,0.295668
6-coord,0.547497
6-coord,0.324281
6-coord,0.573535
6-coord,0.457696
6-coord,0.590134
6-coord,0.362117
6-coord,0.63237
6-coord,0.326103
6-coord,0.357049
6-coord,0.292736
6-coord,0.552428
6-coord,0.154535
6-coord,0.508589
6-coord,0.287171
6-coord,0.593364
6-coord,0.152603
6-coord,0.506164
6-coord,0.638729
6-coord,0.248879
6-coord,0.373905
6-coord,0.650093
6-coord,0.366382
6-coord,0.624574
6-coord,0.305978
6-coord,0.451366
6-coord,0.168301
6-coord,0.526684
6-coord,0.193229
6-coord,0.692528
6-coord,0.204995
6-coord,0.43073
6-coord,0.386767
6-coord,0.498854
6-coord,0.316035
6-coord,0.683946
6-coord,0.27444
6-coord,0.649901
6-coord,0.242478
6-coord,0.525371
6-coord,0.265411
6-coord,0.44018
6-coord,0.219967
6-coord,0.53612
6-coord,0.200786
6-coord,0.618548
6-coord,0.255753
6-coord,0.451418
6-coord,0.231537
6-coord,0.610808
6-coord,0.257571
6-coord,0.525738
6-coord,0.128994
6-coord,0.222547
6-coord,0.311679
6-coord,0.241665
6-coord,0.26348
6-coord,0.465412
6-coord,0.347179
6-coord,0.454891
6-coord,0.609481
6-coord,0.414793
6-coord,0.465066
6-coord,0.486118
6-coord,0.263402
6-coord,0.46907
6-coord,0.562265
6-coord,0.384785
6-coord,0.681262
6-coord,0.48038
6-coord,0.559339
6-coord,0.522297
6-coord,0.541081
6-coord,0.579599
6-coord,0.446292
6-coord,0.42924
6-coord,0.546059
6-coord,0.606004
6-coord,0.592329
6-coord,0.457645
6-coord,0.482915
6-coord,0.508359
6-coord,0.559822
6-coord,0.515527
6-coord,0.523825
6-coord,0.435889
6-coord,0.699211
6-coord,0.611521
6-coord,0.560576
6-coord,0.415539
6-coord,0.515888
6-coord,0.721208
6-coord,0.608281
6-coord,0.478863
6-coord,0.436385
6-coord,0.518572
6-coord,0.61932
6-coord,0.428172
6-coord,0.558109
6-coord,0.628142
6-coord,0.55027
6-coord,0.662606
6-coord,0.407227
6-coord,0.522643
6-coord,0.481047
6-coord,0.540767
6-coord,0.592306
6-coord,0.483124
6-coord,0.617011
6-coord,0.643827
6-coord,0.418681
6-coord,0.678945
6-coord,0.541491
6-coord,0.667511
6-coord,0.303752
6-coord,0.55958
6-coord,0.412274
6-coord,0.55586
6-coord,0.466864
6-coord,0.662342
6-coord,0.539
6-coord,0.488896
6-coord,0.343752
6-coord,0.525319
6-coord,0.403259
6-coord,0.675386
6-coord,0.444184
6-coord,0.410047
6-coord,0.38486
6-coord,0.573672
6-coord,0.382375
6-coord,0.585424
6-coord,0.227022
6-coord,0.426342
6-coord,0.661165
6-coord,0.395432
6-coord,0.681112
6-coord,0.402785
6-coord,0.534094
6-coord,0.351003
6-coord,0.56609
6-coord,0.253412
6-coord,0.230124
6-coord,0.699388
6-coord,0.410944
6-coord,0.598991
6-coord,0.221907
6-coord,0.514278
6-coord,0.392858
6-coord,0.638419
6-coord,0.413177
6-coord,0.469996
6-coord,0.59067
6-coord,0.275235
6-coord,0.698276
6-coord,0.455141
6-coord,0.188737
6-coord,0.560755
6-coord,0.267416
6-coord,0.481141
6-coord,0.183055
6-coord,0.517566
6-coord,0.409641
6-coord,0.624951
6-coord,0.183573
6-coord,0.29864
6-coord,0.194021
6-coord,0.551709
6-coord,0.214387
6-coord,0.655938
6-coord,0.287671
6-coord,0.471013
6-coord,0.167114
6-coord,0.579699
6-coord,0.31417
6-coord,0.652123
6-coord,0.325985
6-coord,0.691953
6-coord,0.256183
6-coord,0.477128
6-coord,0.214982
6-coord,0.48507
6-coord,0.245833
6-coord,0.508902
6-coord,0.18052
6-coord,0.529671
6-coord,0.298265
6-coord,0.261255
6-coord,0.338978
6-coord,0.520873
6-coord,0.610609
6-coord,0.634434
6-coord,0.386505
6-coord,0.470878
6-coord,0.48919
6-coord,0.521658
6-coord,0.621214
6-coord,0.262818
6-coord,0.447587
6-coord,0.391884
6-coord,0.638219
6-coord,0.515661
6-coord,0.649399
6-coord,0.630242
6-coord,0.373695
6-coord,0.591196
6-coord,0.449812
6-coord,0.632528
6-coord,0.400751
6-coord,0.661104
6-coord,0.476552
6-coord,0.561577
6-coord,0.476042
6-coord,0.539562
6-coord,0.445131
6-coord,0.496619
6-coord,0.527271
6-coord,0.522531
6-coord,0.561147
6-coord,0.589621
6-coord,0.69297
6-coord,0.54729
6-coord,0.594524
6-coord,0.614119
6-coord,0.562346
6-coord,0.598609
6-coord,0.593558
6-coord,0.685451
6-coord,0.315606
6-coord,0.537675
6-coord,0.652875
6-coord,0.367949
6-coord,0.57219
6-coord,0.594382
6-coord,0.315079
6-coord,0.620652
6-coord,0.729335
6-coord,0.622117
6-coord,0.728132
6-coord,0.555985
6-coord,0.580169
6-coord,0.617904
6-coord,0.560481
6-coord,0.674651
6-coord,0.363005
6-coord,0.66425
6-coord,0.354335
6-coord,0.58554
6-coord,0.397692
6-coord,0.558473
6-coord,0.699637
6-coord,0.558144
6-coord,0.562187
6-coord,0.192016
6-coord,0.597878
6-coord,0.30136
6-coord,0.610777
6-coord,0.458537
6-coord,0.623934
6-coord,0.34612
6-coord,0.610846
6-coord,0.407923
6-coord,0.609185
6-coord,0.398879
6-coord,0.562648
6-coord,0.433359
6-coord,0.554102
6-coord,0.317653
6-coord,0.410476
6-coord,0.183315
6-coord,0.308162
6-coord,0.376871
6-coord,0.422106
6-coord,0.174
6-coord,0.234311
6-coord,0.616484
6-coord,0.196509
6-coord,0.570604
6-coord,0.243894
6-coord,0.625734
6-coord,0.250935
6-coord,0.506808
6-coord,0.458371
6-coord,0.363534
6-coord,0.684001
6-coord,0.630708
6-coord,0.356819
6-coord,0.606714
6-coord,0.228613
6-coord,0.584533
6-coord,0.157189
6-coord,0.580979
6-coord,0.334163
6-coord,0.510452
6-coord,0.25089
6-coord,0.460937
6-coord,0.342397
6-coord,0.449536
6-coord,0.151801
6-coord,0.532833
6-coord,0.208987
6-coord,0.496897
6-coord,0.200522
6-coord,0.536202
6-coord,0.297467
6-coord,0.476951
6-coord,0.187881
6-coord,0.630267
6-coord,0.284487
6-coord,0.530155
6-coord,0.204002
6-coord,0.585923
6-coord,0.178655
6-coord,0.421956
6-coord,0.23646
6-coord,0.42123
6-coord,0.122901
6-coord,0.183457
6-coord,0.304471
6-coord,0.382016
6-coord,0.609762
6-coord,0.396034
6-coord,0.43094
6-coord,0.410151
6-coord,0.371542
6-coord,0.40965
6-coord,0.425029
6-coord,0.414366
6-coord,0.589703
6-coord,0.598973
6-coord,0.541847
6-coord,0.566096
6-coord,0.5334
6-coord,0.626
6-coord,0.639498
6-coord,0.418338
6-coord,0.443251
6-coord,0.564638
6-coord,0.641288
6-coord,0.516388
6-coord,0.620433
6-coord,0.567755
6-coord,0.653791
6-coord,0.616796
6-coord,0.448643
6-coord,0.411166
6-coord,0.563275
6-coord,0.239389
6-coord,0.54749
6-coord,0.662774
6-coord,0.636499
6-coord,0.354427
6-coord,0.520537
6-coord,0.489855
6-coord,0.650318
6-coord,0.557977
6-coord,0.549861
6-coord,0.571945
6-coord,0.482586
6-coord,0.55122
6-coord,0.533384
6-coord,0.652301
6-coord,0.475217
6-coord,0.626263
6-coord,0.718523
6-coord,0.516581
6-coord,0.493661
6-coord,0.499273
6-coord,0.570507
6-coord,0.578421
6-coord,0.411594
6-coord,0.428582
6-coord,0.550131
6-coord,0.647359
6-coord,0.536099
6-coord,0.653541
6-coord,0.447008
6-coord,0.632033
6-coord,0.38001
6-coord,0.601525
6-coord,0.531514
6-coord,0.530805
6-coord,0.556922
6-coord,0.573967
6-coord,0.601085
6-coord,0.227453
6-coord,0.604371
6-coord,0.236583
6-coord,0.525362
6-coord,0.362599
6-coord,0.475694
6-coord,0.247967
6-coord,0.585347
6-coord,0.318747
6-coord,0.490592
6-coord,0.220059
6-coord,0.704743
6-coord,0.22855
6-coord,0.613117
6-coord,0.338757
6-coord,0.476114
6-coord,0.394556
6-coord,0.602349
6-coord,0.382673
6-coord,0.165356
6-coord,0.317527
6-coord,0.491762
6-coord,0.290552
6-coord,0.564039
6-coord,0.277625
6-coord,0.551196
6-coord,0.302148
6-coord,0.631029
6-coord,0.67683
6-coord,0.17606
6-coord,0.591794
6-coord,0.631962
6-coord,0.196916
6-coord,0.479255
6-coord,0.168646
6-coord,0.645435
6-coord,0.154466
6-coord,0.444014
6-coord,0.258203
6-coord,0.521151
6-coord,0.16927
6-coord,0.515645
6-coord,0.374133
6-coord,0.589716
6-coord,0.1395
6-coord,0.49042
6-coord,0.181596
6-coord,0.581053
6-coord,0.295119
6-coord,0.701866
6-coord,0.137022
6-coord,0.419693
6-coord,0.113741
6-coord,0.663809
6-coord,0.167916
6-coord,0.510706
6-coord,0.23416
6-coord,0.46859
6-coord,0.258348
6-coord,0.508822
6-coord,0.131719
6-coord,0.546995
6-coord,0.12168
6-coord,0.212397
6-coord,0.484169
6-coord,0.457786
6-coord,0.630511
6-coord,0.45828
6-coord,0.477656
6-coord,0.490141
6-coord,0.516563
6-coord,0.460356
6-coord,0.555335
6-coord,0.541421
6-coord,0.485923
6-coord,0.590505
6-coord,0.617239
6-coord,0.473856
6-coord,0.510666
6-coord,0.58897
6-coord,0.536354
6-coord,0.44033
6-coord,0.485515
6-coord,0.568343
6-coord,0.684321
6-coord,0.580165
6-coord,0.614914
6-coord,0.679801
6-coord,0.683806
6-coord,0.724206
6-coord,0.386504
6-coord,0.596314
6-coord,0.600281
6-coord,0.581715
6-coord,0.59357
6-coord,0.57197
6-coord,0.466301
6-coord,0.705851
6-coord,0.693227
6-coord,0.584036
6-coord,0.669046
6-coord,0.59227
6-coord,0.651891
6-coord,0.618106
6-coord,0.686627
6-coord,0.414642
6-coord,0.453527
6-coord,0.661815
6-coord,0.503872
6-coord,0.623334
6-coord,0.530351
6-coord,0.513097
6-coord,0.634888
6-coord,0.492941
6-coord,0.68243
6-coord,0.538076
6-coord,0.327232
6-coord,0.528942
6-coord,0.420902
6-coord,0.658947
6-coord,0.565142
6-coord,0.66455
6-coord,0.611315
6-coord,0.453899
6-coord,0.309601
6-coord,0.531427
6-coord,0.351577
6-coord,0.499735
6-coord,0.38822
6-coord,0.523796
6-coord,0.262266
6-coord,0.523208
6-coord,0.212044
6-coord,0.465957
6-coord,0.264868
6-coord,0.705278
6-coord,0.292963
6-coord,0.700576
6-coord,0.195748
6-coord,0.568366
6-coord,0.170245
6-coord,0.578337
6-coord,0.306252
6-coord,0.670684
6-coord,0.414948
6-coord,0.635648
6-coord,0.333038
6-coord,0.517113
6-coord,0.257875
6-coord,0.308286
6-coord,0.243426
6-coord,0.611033
6-coord,0.34549
6-coord,0.543588
6-coord,0.474329
6-coord,0.408321
6-coord,0.281835
6-coord,0.517325
6-coord,0.583417
6-coord,0.216665
6-coord,0.58099
6-coord,0.324798
6-coord,0.293804
6-coord,0.467354
6-coord,0.246411
6-coord,0.584005
6-coord,0.2558
6-coord,0.517512
6-coord,0.153441
6-coord,0.625961
6-coord,0.356555
6-coord,0.516577
6-coord,0.288888
6-coord,0.538112
6-coord,0.309769
6-coord,0.49292
6-coord,0.243062
6-coord,0.570054
6-coord,0.187975
6-coord,0.547805
6-coord,0.269474
6-coord,0.484346
6-coord,0.327955
6-coord,0.44268
6-coord,0.257203
6-coord,0.555853
6-coord,0.171285
6-coord,0.494576
6-coord,0.213253
6-coord,0.538765
6-coord,0.195066
6-coord,0.514618
6-coord,0.19355
6-coord,0.22476
6-coord,0.536957
6-coord,0.466718
6-coord,0.559593
6-coord,0.547808
6-coord,0.476009
6-coord,0.377314
6-coord,0.497065
6-coord,0.429611
6-coord,0.549711
6-coord,0.460135
6-coord,0.45005
6-coord,0.425102
6-coord,0.540617
6-coord,0.531379
6-coord,0.542892
6-coord,0.516071
6-coord,0.656977
6-coord,0.566524
6-coord,0.643892
6-coord,0.583838
6-coord,0.435647
6-coord,0.63691
6-coord,0.445428
6-coord,0.580102
6-coord,0.473134
6-coord,0.558908
6-coord,0.488367
6-coord,0.648993
6-coord,0.545676
6-coord,0.542731
6-coord,0.547267
6-coord,0.543238
6-coord,0.674719
6-coord,0.748497
6-coord,0.598443
6-coord,0.497425
6-coord,0.364459
6-coord,0.467219
6-coord,0.572942
6-coord,0.650158
6-coord,0.415151
6-coord,0.58742
6-coord,0.656819
6-coord,0.372642
6-coord,0.63197
6-coord,0.662102
6-coord,0.462928
6-coord,0.557391
6-coord,0.60792
6-coord,0.389987
6-coord,0.573487
6-coord,0.613391
6-coord,0.580355
6-coord,0.678908
6-coord,0.433644
6-coord,0.640997
6-coord,0.437974
6-coord,0.681731
6-coord,0.519745
6-coord,0.481733
6-coord,0.36814
6-coord,0.525231
6-coord,0.620595
6-coord,0.614809
6-coord,0.262514
6-coord,0.57464
6-coord,0.341885
6-coord,0.55262
6-coord,0.210888
6-coord,0.570043
6-coord,0.244262
6-coord,0.52051
6-coord,0.404672
6-coord,0.652434
6-coord,0.290557
6-coord,0.621746
6-coord,0.198721
6-coord,0.640909
6-coord,0.269796
6-coord,0.502492
6-coord,0.340612
6-coord,0.6028
6-coord,0.31945
6-coord,0.634598
6-coord,0.205476
6-coord,0.283723
6-coord,0.2655
6-coord,0.427622
6-coord,0.250917
6-coord,0.683447
6-coord,0.357591
6-coord,0.59997
6-coord,0.28369
6-coord,0.426249
6-coord,0.535649
6-coord,0.218912
6-coord,0.520596
6-coord,0.63012
6-coord,0.222277
6-coord,0.621651
6-coord,0.197712
6-coord,0.570492
6-coord,0.252142
6-coord,0.329629
6-coord,0.321421
6-coord,0.66679
6-coord,0.283584
6-coord,0.470672
6-coord,0.200473
6-coord,0.527422
6-coord,0.300845
6-coord,0.41889
6-coord,0.277633
6-coord,0.522335
6-coord,0.254536
6-coord,0.522926
6-coord,0.255696
6-coord,0.616268
6-coord,0.180768
6-coord,0.497239
6-coord,0.139871
6-coord,0.487036
6-coord,0.422028
6-coord,0.563388
6-coord,0.305012
6-coord,0.499959
6-coord,0.295071
6-coord,0.424131
6-coord,0.228392
6-coord,0.241812
6-coord,0.414412
6-coord,0.520318
6-coord,0.621708
6-coord,0.388084
6-coord,0.36091
6-coord,0.370832
6-coord,0.425083
6-coord,0.447231
6-coord,0.479606
6-coord,0.458866
6-coord,0.433926
6-coord,0.517962
6-coord,0.566959
6-coord,0.65333
6-coord,0.440117
6-coord,0.558847
6-coord,0.448428
6-coord,0.5194
6-coord,0.509248
6-coord,0.584113
6-coord,0.475273
6-coord,0.466171
6-coord,0.555661
6-coord,0.422742
6-coord,0.654674
6-coord,0.404676
6-coord,0.527756
6-coord,0.400845
6-coord,0.560534
6-coord,0.573718
6-coord,0.71257
6-coord,0.395229
6-coord,0.547268
6-coord,0.467929
6-coord,0.398819
6-coord,0.469689
6-coord,0.4905
6-coord,0.47147
6-coord,0.463554
6-coord,0.659369
6-coord,0.504182
6-coord,0.579821
6-coord,0.531724
6-coord,0.478254
6-coord,0.618063
6-coord,0.626634
6-coord,0.379472
6-coord,0.678542
6-coord,0.708751
6-coord,0.511766
6-coord,0.548489
6-coord,0.693426
6-coord,0.463806
6-coord,0.537431
6-coord,0.51188
6-coord,0.589331
6-coord,0.409789
6-coord,0.512851
6-coord,0.414097
6-coord,0.666985
6-coord,0.395235
6-coord,0.683391
6-coord,0.328499
6-coord,0.52088
6-coord,0.569227
6-coord,0.244067
6-coord,0.494647
6-coord,0.246518
6-coord,0.622842
6-coord,0.469898
6-coord,0.717091
6-coord,0.278014
6-coord,0.563369
6-coord,0.295793
6-coord,0.679779
6-coord,0.194663
6-coord,0.589719
6-coord,0.331277
6-coord,0.204566
6-coord,0.448254
6-coord,0.308364
6-coord,0.253531
6-coord,0.319238
6-coord,0.676852
6-coord,0.226053
6-coord,0.448322
6-coord,0.2678
6-coord,0.628985
6-coord,0.086694
6-coord,0.498421
6-coord,0.566423
6-coord,0.328644
6-coord,0.508015
6-coord,0.684205
6-coord,0.410143
6-coord,0.626453
6-coord,0.122456
6-coord,0.518307
6-coord,0.214706
6-coord,0.540358
6-coord,0.116059
6-coord,0.628689
6-coord,0.056837
6-coord,0.603124
6-coord,0.250097
6-coord,0.608118
6-coord,0.242378
6-coord,0.52969
6-coord,0.299678
6-coord,0.626895
6-coord,0.130904
6-coord,0.57463
6-coord,0.127488
6-coord,0.742705
6-coord,0.215609
6-coord,0.40959
6-coord,0.251583
6-coord,0.615765
6-coord,0.236903
6-coord,0.69482
6-coord,0.244438
6-coord,0.440187
6-coord,0.154666
6-coord,0.692157
6-coord,0.173702
6-coord,0.163664
6-coord,0.264477
6-coord,0.537199
6-coord,0.451135
6-coord,0.454467
6-coord,0.569775
6-coord,0.518449
6-coord,0.326679
6-coord,0.691492
6-coord,0.433498
6-coord,0.706024
6-coord,0.609906
6-coord,0.668511
6-coord,0.568531
6-coord,0.607853
6-coord,0.599754
6-coord,0.470811
6-coord,0.459637
6-coord,0.625022
6-coord,0.60592
6-coord,0.608173
6-coord,0.483746
6-coord,0.641649
6-coord,0.370743
6-coord,0.6174
6-coord,0.535833
6-coord,0.588439
6-coord,0.428309
6-coord,0.556704
6-coord,0.425633
6-coord,0.612374
6-coord,0.341603
6-coord,0.469053
6-coord,0.698424
6-coord,0.393342
6-coord,0.421084
6-coord,0.419888
6-coord,0.608589
6-coord,0.225831
6-coord,0.549496
6-coord,0.45666
6-coord,0.514779
6-coord,0.534189
6-coord,0.490848
6-coord,0.538517
6-coord,0.635771
6-coord,0.469512
6-coord,0.615681
6-coord,0.531559
6-coord,0.637094
6-coord,0.705692
6-coord,0.58839
6-coord,0.565968
6-coord,0.596027
6-coord,0.639687
6-coord,0.417046
6-coord,0.698349
6-coord,0.44463
6-coord,0.63908
6-coord,0.3846
6-coord,0.619115
6-coord,0.405901
6-coord,0.570143
6-coord,0.367806
6-coord,0.425933
6-coord,0.223602
6-coord,0.578391
6-coord,0.392694
6-coord,0.56242
6-coord,0.213868
6-coord,0.479077
6-coord,0.242342
6-coord,0.556057
6-coord,0.247637
6-coord,0.644926
6-coord,0.193139
6-coord,0.568089
6-coord,0.313851
6-coord,0.607568
6-coord,0.315609
6-coord,0.620742
6-coord,0.311868
6-coord,0.725862
6-coord,0.205362
6-coord,0.710064
6-coord,0.222672
6-coord,0.183698
6-coord,0.709071
6-coord,0.225646
6-coord,0.637857
6-coord,0.256694
6-coord,0.56053
6-coord,0.31808
6-coord,0.597131
6-coord,0.533602
6-coord,0.140931
6-coord,0.53534
6-coord,0.645553
6-coord,0.181503
6-coord,0.510733
6-coord,0.233659
6-coord,0.577138
6-coord,0.155499
6-coord,0.385581
6-coord,0.250614
6-coord,0.594299
6-coord,0.17061
6-coord,0.557945
6-coord,0.310334
6-coord,0.694499
6-coord,0.387757
6-coord,0.571034
6-coord,0.24099
6-coord,0.429128
6-coord,0.177793
6-coord,0.605523
6-coord,0.188665
6-coord,0.470407
6-coord,0.275188
6-coord,0.633761
6-coord,0.378333
6-coord,0.575066
6-coord,0.091896
6-coord,0.632982
6-coord,0.098007
6-coord,0.45159
6-coord,0.262988
6-coord,0.598717
6-coord,0.237568
6-coord,0.289475
6-coord,0.20298
6-coord,0.439894
6-coord,0.497487
6-coord,0.545166
6-coord,0.436099
6-coord,0.318221
6-coord,0.464019
6-coord,0.379333
6-coord,0.54487
6-coord,0.533127
6-coord,0.456948
6-coord,0.375787
6-coord,0.678597
6-coord,0.380677
6-coord,0.485811
6-coord,0.362334
6-coord,0.406971
6-coord,0.47535
6-coord,0.65365
6-coord,0.435064
6-coord,0.588387
6-coord,0.511937
6-coord,0.540902
6-coord,0.454297
6-coord,0.620727
6-coord,0.405331
6-coord,0.652631
6-coord,0.626159
6-coord,0.679065
6-coord,0.372382
6-coord,0.634952
6-coord,0.366199
6-coord,0.537098
6-coord,0.724623
6-coord,0.706349
6-coord,0.597298
6-coord,0.668182
6-coord,0.425376
6-coord,0.548463
6-coord,0.399149
6-coord,0.543858
6-coord,0.328614
6-coord,0.613606
6-coord,0.56887
6-coord,0.472893
6-coord,0.61342
6-coord,0.65303
6-coord,0.48125
6-coord,0.689566
6-coord,0.68253
6-coord,0.446959
6-coord,0.60717
6-coord,0.712302
6-coord,0.565826
6-coord,0.561633
6-coord,0.480826
6-coord,0.670274
6-coord,0.362154
6-coord,0.704517
6-coord,0.376058
6-coord,0.603651
6-coord,0.393987
6-coord,0.630939
6-coord,0.608396
6-coord,0.603956
6-coord,0.263442
6-coord,0.633018
6-coord,0.392826
6-coord,0.5514
6-coord,0.361465
6-coord,0.634927
6-coord,0.394708
6-coord,0.462627
6-coord,0.373579
6-coord,0.535627
6-coord,0.335087
6-coord,0.426156
6-coord,0.216197
6-coord,0.589097
6-coord,0.301239
6-coord,0.669895
6-coord,0.409014
6-coord,0.703458
6-coord,0.232138
6-coord,0.637585
6-coord,0.266671
6-coord,0.220391
6-coord,0.258902
6-coord,0.697664
6-coord,0.219189
6-coord,0.193119
6-coord,0.599684
6-coord,0.208728
6-coord,0.674525
6-coord,0.580802
6-coord,0.321188
6-coord,0.514446
6-coord,0.570765
6-coord,0.19497
6-coord,0.553033
6-coord,0.27798
6-coord,0.6039
6-coord,0.26168
6-coord,0.599493
6-coord,0.326501
6-coord,0.747257
6-coord,0.357383
6-coord,0.548316
6-coord,0.34553
6-coord,0.580218
6-coord,0.241459
6-coord,0.488274
6-coord,0.234596
6-coord,0.64064
6-coord,0.282175
6-coord,0.545425
6-coord,0.26512
6-coord,0.556419
6-coord,0.223652
6-coord,0.589019
6-coord,0.228744
6-coord,0.393511
6-coord,0.26227
6-coord,0.538052
6-coord,0.200883
6-coord,0.452476
6-coord,0.320944
6-coord,0.683042
6-coord,0.254017
6-coord,0.404669
6-coord,0.295346
6-coord,0.345942
6-coord,0.481462
6-coord,0.573025
6-coord,0.420667
6-coord,0.558933
6-coord,0.413245
6-coord,0.586412
6-coord,0.350554
6-coord,0.43362
6-coord,0.571284
6-coord,0.342396
6-coord,0.44036
6-coord,0.500972
6-coord,0.420143
6-coord,0.334258
6-coord,0.681904
6-coord,0.426247
6-coord,0.382695
6-coord,0.568132
6-coord,0.398745
6-coord,0.527189
6-coord,0.555492
6-coord,0.592464
6-coord,0.435709
6-coord,0.715738
6-coord,0.295206
6-coord,0.509384
6-coord,0.19088
6-coord,0.476998
6-coord,0.456001
6-coord,0.565179
6-coord,0.400525
6-coord,0.411421
6-coord,0.268403
6-coord,0.586243
6-coord,0.380639
6-coord,0.59329
6-coord,0.373678
6-coord,0.448369
6-coord,0.226372
6-coord,0.599099
6-coord,0.270712
6-coord,0.595843
6-coord,0.152529
6-coord,0.44538
6-coord,0.295723
6-coord,0.401694
6-coord,0.206251
6-coord,0.480402
6-coord,0.250621
6-coord,0.48127
6-coord,0.316867
6-coord,0.394663
6-coord,0.364051
6-coord,0.580647
6-coord,0.260571
6-coord,0.582643
6-coord,0.179988
6-coord,0.375623
6-coord,0.397031
6-coord,0.417775
6-coord,0.454094
6-coord,0.529947
6-coord,0.476464
6-coord,0.601419
6-coord,0.36747
6-coord,0.418913
6-coord,0.253031
6-coord,0.330233
6-coord,0.678065
6-coord,0.409578
6-coord,0.291773
6-coord,0.554308
6-coord,0.249875
6-coord,0.400515
6-coord,0.573161
6-coord,0.261835
6-coord,0.525074
6-coord,0.678607
6-coord,0.395663
6-coord,0.53088
6-coord,0.540249
6-coord,0.545932
6-coord,0.358474
6-coord,0.5411
6-coord,0.399552
6-coord,0.578551
6-coord,0.18271
6-coord,0.64006
6-coord,0.340572
6-coord,0.444201
6-coord,0.277327
6-coord,0.548914
6-coord,0.445693
6-coord,0.548246
6-coord,0.436932
6-coord,0.5287
6-coord,0.387946
6-coord,0.387392
6-coord,0.166572
6-coord,0.497417
6-coord,0.322616
6-coord,0.568587
6-coord,0.148688
6-coord,0.47294
6-coord,0.385394
6-coord,0.626567
6-coord,0.23119
6-coord,0.367054
6-coord,0.632944
6-coord,0.187754
6-coord,0.534764
6-coord,0.288556
6-coord,0.550989
6-coord,0.112603
6-coord,0.476818
6-coord,0.217846
6-coord,0.320387
6-coord,0.614964
6-coord,0.534665
6-coord,0.449162
6-coord,0.582761
6-coord,0.58394
6-coord,0.560856
6-coord,0.621424
6-coord,0.688371
6-coord,0.329712
6-coord,0.452717
6-coord,0.603043
6-coord,0.331392
6-coord,0.385905
6-coord,0.479531
6-coord,0.44417
6-coord,0.389542
6-coord,0.469011
6-coord,0.255375
6-coord,0.312598
6-coord,0.53059
6-coord,0.440893
6-coord,0.549227
6-coord,0.363713
6-coord,0.491006
6-coord,0.403139
6-coord,0.538711
6-coord,0.518051
6-coord,0.655772
6-coord,0.400252
6-coord,0.575138
6-coord,0.402018
6-coord,0.714226
6-coord,0.469208
6-coord,0.433127
6-coord,0.308587
6-coord,0.583091
6-coord,0.358509
6-coord,0.472443
6-coord,0.527699
6-coord,0.619125
6-coord,0.174534
6-coord,0.521301
6-coord,0.358106
6-coord,0.567724
6-coord,0.28746
6-coord,0.491051
6-coord,0.475536
6-coord,0.350674
6-coord,0.174723
6-coord,0.54339
6-coord,0.373746
6-coord,0.483503
6-coord,0.257257
6-coord,0.555932
6-coord,0.31315
6-coord,0.423563
6-coord,0.120648
6-coord,0.14546
6-coord,0.365548
6-coord,0.261436
6-coord,0.311122
6-coord,0.575203
6-coord,0.260256
6-coord,0.557359
6-coord,0.435658
6-coord,0.655315
6-coord,0.15958
6-coord,0.440383
6-coord,0.449069
6-coord,0.331559
6-coord,0.382442
6-coord,0.594593
6-coord,0.263228
6-coord,0.397812
6-coord,0.541478
6-coord,0.342422
6-coord,0.476555
6-coord,0.416748
6-coord,0.222519
6-coord,0.421873
6-coord,0.368242
6-coord,0.416694
6-coord,0.21006
6-coord,0.351153
6-coord,0.405219
6-coord,0.607596
6-coord,0.290813
6-coord,0.640902
6-coord,0.493508
6-coord,0.582083
6-coord,0.391549
6-coord,0.538378
6-coord,0.32786
6-coord,0.480688
6-coord,0.311782
6-coord,0.464198
6-coord,0.419046
6-coord,0.483323
6-coord,0.294952
6-coord,0.454217
6-coord,0.282531
6-coord,0.60128
6-coord,0.149068
6-coord,0.231897
6-coord,0.563021
6-coord,0.330389
6-coord,0.193755
6-coord,0.503916
6-coord,0.464412
6-coord,0.570242
6-coord,0.260987
6-coord,0.551928
6-coord,0.335713
6-coord,0.588432
6-coord,0.362193
6-coord,0.174859
6-coord,0.56129
6-coord,0.337854
6-coord,0.491475
6-coord,0.642118
6-coord,0.314156
6-coord,0.520869
6-coord,0.491188
6-coord,0.602481
6-coord,0.404864
6-coord,0.391019
6-coord,0.706071
6-coord,0.265138
6-coord,0.349538
6-coord,0.620636
6-coord,0.379618
6-coord,0.348651
6-coord,0.629304
6-coord,0.33511
6-coord,0.220544
6-coord,0.546316
6-coord,0.314971
6-coord,0.381028
6-coord,0.285024
6-coord,0.472956
6-coord,0.35056
6-coord,0.517134
6-coord,0.358435
6-coord,0.543964
6-coord,0.310862
6-coord,0.465354
6-coord,0.412417
6-coord,0.589048
6-coord,0.351802
6-coord,0.488592
6-coord,0.444043
6-coord,0.595544
6-coord,0.243654
6-coord,0.445515
6-coord,0.362171
6-coord,0.550863
6-coord,0.347565
6-coord,0.51798
6-coord,0.438717
6-coord,0.660007
6-coord,0.296636
6-coord,0.372197
6-coord,0.291557
6-coord,0.525751
6-coord,0.280688
6-coord,0.390837
6-coord,0.36898
6-coord,0.59228
6-coord,0.300423
6-coord,0.663696
6-coord,0.185939
6-coord,0.676052
6-coord,0.407309
6-coord,0.521521
6-coord,0.230533
6-coord,0.217017
6-coord,0.407777
6-coord,0.398347
6-coord,0.5618
6-coord,0.652614
6-coord,0.565831
6-coord,0.373438
6-coord,0.572271
6-coord,0.388297
6-coord,0.333509
6-coord,0.528192
6-coord,0.424428
6-coord,0.344924
6-coord,0.369505
6-coord,0.40886
6-coord,0.405712
6-coord,0.501299
6-coord,0.180409
6-coord,0.304579
6-coord,0.484579
6-coord,0.302998
6-coord,0.447059
6-coord,0.289623
6-coord,0.510371
6-coord,0.092091
6-coord,0.475011
6-coord,0.422603
6-coord,0.586143
6-coord,0.355861
6-coord,0.442897
6-coord,0.226247
6-coord,0.423419
6-coord,0.29741
6-coord,0.501142
6-coord,0.330393
6-coord,0.421074
6-coord,0.580801
6-coord,0.25577
6-coord,0.528657
6-coord,0.385679
6-coord,0.47131
6-coord,0.265321
6-coord,0.647051
6-coord,0.355343
6-coord,0.513859
6-coord,0.318951
6-coord,0.557824
6-coord,0.252877
6-coord,0.295277
6-coord,0.71767
6-coord,0.167082
6-coord,0.473526
6-coord,0.357006
6-coord,0.605995
6-coord,0.173481
6-coord,0.498289
6-coord,0.206014
6-coord,0.24682
6-coord,0.473447
6-coord,0.475097
6-coord,0.368476
6-coord,0.564899
6-coord,0.48694
6-coord,0.631515
6-coord,0.404032
6-coord,0.596218
6-coord,0.270263
6-coord,0.533933
6-coord,0.727528
6-coord,0.531763
6-coord,0.371003
6-coord,0.584057
6-coord,0.216926
6-coord,0.316112
6-coord,0.633981
6-coord,0.413592
6-coord,0.287819
6-coord,0.493849
6-coord,0.17474
6-coord,0.58132
6-coord,0.219939
6-coord,0.479628
6-coord,0.346808
6-coord,0.466707
6-coord,0.209053
6-coord,0.59394
6-coord,0.218928
6-coord,0.539698
6-coord,0.418116
6-coord,0.402539
6-coord,0.364051
6-coord,0.425188
6-coord,0.290058
6-coord,0.645064
6-coord,0.234094
6-coord,0.590573
6-coord,0.308861
6-coord,0.543641
6-coord,0.291546
6-coord,0.456418
6-coord,0.379131
6-coord,0.328548
6-coord,0.06919
6-coord,0.473695
6-coord,0.263458
6-coord,0.456366
6-coord,0.276257
6-coord,0.483348
6-coord,0.318086
6-coord,0.478789
6-coord,0.143733
6-coord,0.520505
6-coord,0.083866
6-coord,0.479504
6-coord,0.30967
6-coord,0.24635
6-coord,0.431094
6-coord,0.413515
6-coord,0.403048
6-coord,0.519184
6-coord,0.423563
6-coord,0.510438
6-coord,0.529609
6-coord,0.533049
6-coord,0.376335
6-coord,0.341274
6-coord,0.652468
6-coord,0.293213
6-coord,0.387849
6-coord,0.536399
6-coord,0.428506
6-coord,0.3258
6-coord,0.615063
6-coord,0.209282
6-coord,0.297079
6-coord,0.457353
6-coord,0.277303
6-coord,0.538574
6-coord,0.402854
6-coord,0.566804
6-coord,0.312356
6-coord,0.536474
6-coord,0.269758
6-coord,0.689641
6-coord,0.383718
6-coord,0.439543
6-coord,0.263681
6-coord,0.435452
6-coord,0.307928
6-coord,0.433909
6-coord,0.4186
6-coord,0.548804
6-coord,0.141366
6-coord,0.557982
6-coord,0.27583
6-coord,0.494284
6-coord,0.396576
6-coord,0.463546
6-coord,0.220174
6-coord,0.467198
6-coord,0.363572
6-coord,0.399522
6-coord,0.407498
6-coord,0.262392
6-coord,0.258925
6-coord,0.52479
6-coord,0.139654
6-coord,0.441506
6-coord,0.231632
6-coord,0.437784
6-coord,0.246851
6-coord,0.494292
6-coord,0.285736
6-coord,0.280366
6-coord,0.459323
6-coord,0.445649
6-coord,0.427941
6-coord,0.547957
6-coord,0.395013
6-coord,0.672337
6-coord,0.532281
6-coord,0.66132
6-coord,0.362071
6-coord,0.474185
6-coord,0.541623
6-coord,0.361206
6-coord,0.391792
6-coord,0.470813
6-coord,0.370625
6-coord,0.525664
6-coord,0.524279
6-coord,0.50213
6-coord,0.382759
6-coord,0.519212
6-coord,0.322898
6-coord,0.436343
6-coord,0.453704
6-coord,0.43072
6-coord,0.392294
6-coord,0.511169
6-coord,0.15244
6-coord,0.40409
6-coord,0.27336
6-coord,0.488623
6-coord,0.387658
6-coord,0.370625
6-coord,0.23941
6-coord,0.307605
6-coord,0.29759
6-coord,0.462335
6-coord,0.466087
6-coord,0.577189
6-coord,0.301407
6-coord,0.687143
6-coord,0.29407
6-coord,0.402589
6-coord,0.155757
6-coord,0.5764
6-coord,0.2667
6-coord,0.482948
6-coord,0.165002
6-coord,0.514743
6-coord,0.26852
6-coord,0.491172
6-coord,0.255866
6-coord,0.533585
6-coord,0.319622
6-coord,0.451792
6-coord,0.233335
6-coord,0.55479
6-coord,0.277935
6-coord,0.42408
6-coord,0.287029
6-coord,0.305549
6-coord,0.442125
6-coord,0.634533
6-coord,0.361012
6-coord,0.570896
6-coord,0.247153
6-coord,0.518824
6-coord,0.493909
6-coord,0.520607
6-coord,0.5234
6-coord,0.353895
6-coord,0.565424
6-coord,0.58417
6-coord,0.495579
6-coord,0.486939
6-coord,0.41102
6-coord,0.428268
6-coord,0.684102
6-coord,0.350814
6-coord,0.351333
6-coord,0.507661
6-coord,0.376943
6-coord,0.510558
6-coord,0.517721
6-coord,0.52448
6-coord,0.315628
6-coord,0.576409
6-coord,0.31301
6-coord,0.553854
6-coord,0.151178
6-coord,0.530268
6-coord,0.391134
6-coord,0.503343
6-coord,0.294206
6-coord,0.543506
6-coord,0.294669
6-coord,0.473316
6-coord,0.211516
6-coord,0.459896
6-coord,0.407351
6-coord,0.578067
6-coord,0.176737
6-coord,0.571527
6-coord,0.33957
6-coord,0.495487
6-coord,0.309827
6-coord,0.399992
6-coord,0.606328
6-coord,0.292167
6-coord,0.455278
6-coord,0.225036
6-coord,0.448046
6-coord,0.11775
6-coord,0.438601
6-coord,0.32168
6-coord,0.536927
6-coord,0.25191
6-coord,0.449969
6-coord,0.278501
6-coord,0.308097
6-coord,0.422413
6-coord,0.305348
6-coord,0.316336
6-coord,0.421852
6-coord,0.434762
6-coord,0.369665
6-coord,0.493304
6-coord,0.466505
6-coord,0.399022
6-coord,0.347982
6-coord,0.511712
6-coord,0.31393
6-coord,0.511079
6-coord,0.639573
6-coord,0.432204
6-coord,0.497717
6-coord,0.608893
6-coord,0.370212
6-coord,0.45061
6-coord,0.558907
6-coord,0.395557
6-coord,0.527903
6-coord,0.341831
6-coord,0.534477
6-coord,0.229073
6-coord,0.673114
6-coord,0.228667
6-coord,0.651237
6-coord,0.213223
6-coord,0.571425
6-coord,0.238259
6-coord,0.427333
6-coord,0.28478
6-coord,0.673838
6-coord,0.281911
6-coord,0.624449
6-coord,0.325306
6-coord,0.466928
6-coord,0.222233
6-coord,0.689615
6-coord,0.287964
6-coord,0.546798
6-coord,0.385273
6-coord,0.453087
6-coord,0.241191
6-coord,0.32153
6-coord,0.563507
6-coord,0.261926
6-coord,0.338699
6-coord,0.463511
6-coord,0.345371
6-coord,0.568989
6-coord,0.20345
6-coord,0.496495
6-coord,0.186255
6-coord,0.544418
6-coord,0.185532
6-coord,0.175542
6-coord,0.430743
6-coord,0.498805
6-coord,0.371535
6-coord,0.417643
6-coord,0.305646
6-coord,0.674159
6-coord,0.342319
6-coord,0.567745
6-coord,0.313069
6-coord,0.476528
6-coord,0.503211
6-coord,0.219235
6-coord,0.482041
6-coord,0.612301
6-coord,0.300789
6-coord,0.358626
6-coord,0.644042
6-coord,0.314149
6-coord,0.275145
6-coord,0.587555
6-coord,0.297341
6-coord,0.573934
6-coord,0.427902
6-coord,0.449505
6-coord,0.363068
6-coord,0.543912
6-coord,0.393776
6-coord,0.560286
6-coord,0.246265
6-coord,0.521412
6-coord,0.221488
6-coord,0.451877
6-coord,0.218707
6-coord,0.613426
6-coord,0.186889
6-coord,0.514502
6-coord,0.265456
6-coord,0.608493
6-coord,0.306613
6-coord,0.513584
6-coord,0.138572
6-coord,0.615529
6-coord,0.333541
6-coord,0.61432
6-coord,0.163627
6-coord,0.264387
6-coord,0.361871
6-coord,0.390252
6-coord,0.420887
6-coord,0.166393
6-coord,0.431314
6-coord,0.241949
6-coord,0.496408
6-coord,0.231313
6-coord,0.607246
6-coord,0.403753
6-coord,0.618676
6-coord,0.202265
6-coord,0.268861
6-coord,0.528492
6-coord,0.456423
6-coord,0.42863
6-coord,0.541755
6-coord,0.295625
6-coord,0.541571
6-coord,0.383535
6-coord,0.565519
6-coord,0.352337
6-coord,0.491991
6-coord,0.647291
6-coord,0.382601
6-coord,0.441086
6-coord,0.64979
6-coord,0.216631
6-coord,0.387733
6-coord,0.580957
6-coord,0.395646
6-coord,0.381007
6-coord,0.512371
6-coord,0.093708
6-coord,0.501283
6-coord,0.343771
6-coord,0.605504
6-coord,0.138405
6-coord,0.627633
6-coord,0.296726
6-coord,0.658271
6-coord,0.392594
6-coord,0.474589
6-coord,0.335449
6-coord,0.467548
6-coord,0.249395
6-coord,0.463475
6-coord,0.330929
6-coord,0.55651
6-coord,0.302303
6-coord,0.479783
6-coord,0.202204
6-coord,0.418823
6-coord,0.209934
6-coord,0.433671
6-coord,0.361004
6-coord,0.498906
6-coord,0.19911
6-coord,0.510988
6-coord,0.212063
6-coord,0.450168
6-coord,0.183006
6-coord,0.436987
6-coord,0.277259
6-coord,0.468867
6-coord,0.405988
6-coord,0.512116
6-coord,0.312713
6-coord,0.509355
6-coord,0.410413
6-coord,0.561064
6-coord,0.143015
6-coord,0.174451
6-coord,0.37751
6-coord,0.563759
6-coord,0.517497
6-coord,0.623999
6-coord,0.472226
6-coord,0.578038
6-coord,0.226378
6-coord,0.609264
6-coord,0.454236
6-coord,0.527174
6-coord,0.681656
6-coord,0.224763
6-coord,0.49774
6-coord,0.379543
6-coord,0.486852
6-coord,0.348316
6-coord,0.484458
6-coord,0.329425
6-coord,0.439168
6-coord,0.61117
6-coord,0.269619
6-coord,0.54475
6-coord,0.282697
6-coord,0.648719
6-coord,0.374991
6-coord,0.543927
6-coord,0.281089
6-coord,0.464073
6-coord,0.271127
6-coord,0.442306
6-coord,0.375826
6-coord,0.597646
6-coord,0.190336
6-coord,0.402586
6-coord,0.345591
6-coord,0.415058
6-coord,0.395034
6-coord,0.404654
6-coord,0.372972
6-coord,0.454524
6-coord,0.334428
6-coord,0.384695
6-coord,0.256534
6-coord,0.46402
6-coord,0.255599
6-coord,0.503776
6-coord,0.217963
6-coord,0.461534
6-coord,0.31712
6-coord,0.468495
6-coord,0.385279
6-coord,0.482439
6-coord,0.36219
6-coord,0.461381
6-coord,0.09914
6-coord,0.545795
6-coord,0.343858
6-coord,0.544138
6-coord,0.138194
6-coord,0.255633
6-coord,0.273011
6-coord,0.503233
6-coord,0.420154
6-coord,0.655316
6-coord,0.380026
6-coord,0.566388
6-coord,0.479669
6-coord,0.662682
6-coord,0.443352
6-coord,0.476382
6-coord,0.558946
6-coord,0.441622
6-coord,0.515882
6-coord,0.638829
6-coord,0.185743
6-coord,0.481614
6-coord,0.586058
6-coord,0.305945
6-coord,0.481427
6-coord,0.465357
6-coord,0.433932
6-coord,0.538476
6-coord,0.526584
6-coord,0.561647
6-coord,0.268108
6-coord,0.634148
6-coord,0.292456
6-coord,0.539974
6-coord,0.244456
6-coord,0.626168
6-coord,0.163823
6-coord,0.597498
6-coord,0.114061
6-coord,0.564958
6-coord,0.361362
6-coord,0.48742
6-coord,0.107034
6-coord,0.440123
6-coord,0.426545
6-coord,0.519617
6-coord,0.110189
6-coord,0.555792
6-coord,0.178701
6-coord,0.394767
6-coord,0.310817
6-coord,0.295113
6-coord,0.534278
6-coord,0.271625
6-coord,0.384177
6-coord,0.438707
6-coord,0.334225
6-coord,0.63571
6-coord,0.356309
6-coord,0.609557
6-coord,0.300386
6-coord,0.661268
6-coord,0.248132
6-coord,0.281023
6-coord,0.356644
6-coord,0.29643
6-coord,0.429686
6-coord,0.700784
6-coord,0.314355
6-coord,0.597641
6-coord,0.370062
6-coord,0.586667
6-coord,0.300178
6-coord,0.517498
6-coord,0.651871
6-coord,0.33136
6-coord,0.472355
6-coord,0.603153
6-coord,0.365644
6-coord,0.331152
6-coord,0.527006
6-coord,0.311757
6-coord,0.341833
6-coord,0.590826
6-coord,0.149508
6-coord,0.451215
6-coord,0.379604
6-coord,0.583792
6-coord,0.310978
6-coord,0.524511
6-coord,0.446305
6-coord,0.469827
6-coord,0.457982
6-coord,0.497288
6-coord,0.370834
6-coord,0.416133
6-coord,0.278828
6-coord,0.696237
6-coord,0.325366
6-coord,0.615498
6-coord,0.211392
6-coord,0.279981
6-coord,0.668337
6-coord,0.373555
6-coord,0.596429
6-coord,0.175221
6-coord,0.514104
6-coord,0.297334
6-coord,0.227418
6-coord,0.386719
6-coord,0.273109
6-coord,0.430456
6-coord,0.28665
6-coord,0.573838
6-coord,0.228549
6-coord,0.567672
6-coord,0.270309
6-coord,0.472012
6-coord,0.260851
6-coord,0.584237
6-coord,0.278035
6-coord,0.35964
6-coord,0.367657
6-coord,0.420498
6-coord,0.26053
6-coord,0.496394
6-coord,0.463398
6-coord,0.589223
6-coord,0.378469
6-coord,0.653049
6-coord,0.46099
6-coord,0.346692
6-coord,0.63118
6-coord,0.399945
6-coord,0.498054
6-coord,0.547171
6-coord,0.216357
6-coord,0.382835
6-coord,0.675845
6-coord,0.231701
6-coord,0.333711
6-coord,0.506906
6-coord,0.318935
6-coord,0.723443
6-coord,0.402815
6-coord,0.540479
6-coord,0.338088
6-coord,0.528116
6-coord,0.485874
6-coord,0.645312
6-coord,0.273897
6-coord,0.502781
6-coord,0.388129
6-coord,0.55057
6-coord,0.265783
6-coord,0.450693
6-coord,0.287272
6-coord,0.73738
6-coord,0.125447
6-coord,0.508074
6-coord,0.306311
6-coord,0.588596
6-coord,0.145066
6-coord,0.573015
6-coord,0.228994
6-coord,0.499279
6-coord,0.256294
6-coord,0.482892
6-coord,0.231706
6-coord,0.593755
6-coord,0.174623
6-coord,0.463762
6-coord,0.255266
6-coord,0.590214
6-coord,0.097761
6-coord,0.388749
6-coord,0.208857
6-coord,0.592338
6-coord,0.285871
6-coord,0.60354
6-coord,0.343951
6-coord,0.325704
